human_team,human_off,human_def,bot_team,bot_off,bot_def,games,bot_decisive_wins,bot_timeout_wins,draws,bot_timeout_losses,bot_decisive_losses,avg_ticks
White,snipe,speed,Red,firebomb,wall,16,16,0,0,0,0,7984
White,snipe,speed,Red,snipe,heal,16,0,0,0,0,16,9680
White,snipe,speed,Red,snipe,reinforcements,16,0,0,0,0,16,4723
White,snipe,speed,Red,snipe,speed,16,0,0,0,0,16,7013
White,snipe,speed,Red,snipe,wall,16,0,0,0,0,16,5093
White,snipe,speed,Red,freeze,heal,16,16,0,0,0,0,8394
White,snipe,speed,Red,freeze,reinforcements,16,0,0,0,0,16,7605
White,snipe,speed,Red,freeze,speed,16,0,0,0,0,16,7903
White,snipe,speed,Red,freeze,wall,16,16,0,0,0,0,7894
White,snipe,speed,White,nuke,heal,16,16,0,0,0,0,9762
White,snipe,speed,White,nuke,reinforcements,16,16,0,0,0,0,5897
White,snipe,speed,White,nuke,speed,16,16,0,0,0,0,7129
White,snipe,speed,White,nuke,wall,16,16,0,0,0,0,7783
White,snipe,speed,White,firebomb,heal,16,16,0,0,0,0,8166
White,snipe,speed,White,firebomb,reinforcements,16,16,0,0,0,0,5397
White,snipe,speed,White,firebomb,speed,16,16,0,0,0,0,8585
White,snipe,speed,White,firebomb,wall,16,16,0,0,0,0,7852
White,snipe,speed,White,snipe,heal,16,16,0,0,0,0,11491
White,snipe,speed,White,snipe,reinforcements,16,16,0,0,0,0,5379
White,snipe,speed,White,snipe,speed,16,0,0,16,0,0,9319
White,snipe,speed,White,snipe,wall,16,16,0,0,0,0,8361
White,snipe,speed,White,freeze,heal,16,16,0,0,0,0,7642
White,snipe,speed,White,freeze,reinforcements,16,16,0,0,0,0,5889
White,snipe,speed,White,freeze,speed,16,16,0,0,0,0,8868
White,snipe,speed,White,freeze,wall,16,16,0,0,0,0,7838
White,snipe,speed,Yellow,nuke,heal,16,16,0,0,0,0,8369
White,snipe,speed,Yellow,nuke,reinforcements,16,16,0,0,0,0,7634
White,snipe,speed,Yellow,nuke,speed,16,0,0,0,0,16,5005
White,snipe,speed,Yellow,nuke,wall,16,16,0,0,0,0,8186
White,snipe,speed,Yellow,firebomb,heal,16,16,0,0,0,0,9386
White,snipe,speed,Yellow,firebomb,reinforcements,16,16,0,0,0,0,6902
White,snipe,speed,Yellow,firebomb,speed,16,0,0,0,0,16,6057
White,snipe,speed,Yellow,firebomb,wall,16,16,0,0,0,0,8205
White,snipe,speed,Yellow,snipe,heal,16,0,0,0,0,16,5482
White,snipe,speed,Yellow,snipe,reinforcements,16,16,0,0,0,0,7324
White,snipe,speed,Yellow,snipe,speed,16,0,0,0,0,16,7629
White,snipe,speed,Yellow,snipe,wall,16,0,0,0,0,16,5046
White,snipe,speed,Yellow,freeze,heal,16,16,0,0,0,0,9592
White,snipe,speed,Yellow,freeze,reinforcements,16,16,0,0,0,0,7459
White,snipe,speed,Yellow,freeze,speed,16,0,0,0,0,16,5115
White,snipe,speed,Yellow,freeze,wall,16,16,0,0,0,0,8084
White,snipe,wall,Black,nuke,heal,16,0,0,0,0,16,8959
White,snipe,wall,Black,nuke,reinforcements,16,16,0,0,0,0,6751
White,snipe,wall,Black,nuke,speed,16,16,0,0,0,0,5829
White,snipe,wall,Black,nuke,wall,16,16,0,0,0,0,6684
White,snipe,wall,Black,firebomb,heal,16,0,0,0,0,16,7886
White,snipe,wall,Black,firebomb,reinforcements,16,16,0,0,0,0,7411
White,snipe,wall,Black,firebomb,speed,16,0,0,0,0,16,8819
White,snipe,wall,Black,firebomb,wall,16,0,0,0,0,16,8274
White,snipe,wall,Black,snipe,heal,16,0,0,0,0,16,9122
White,snipe,wall,Black,snipe,reinforcements,16,16,0,0,0,0,7793
White,snipe,wall,Black,snipe,speed,16,0,0,0,0,16,9380
White,snipe,wall,Black,snipe,wall,16,0,0,0,0,16,8624
White,snipe,wall,Black,freeze,heal,16,0,0,0,0,16,8149
White,snipe,wall,Black,freeze,reinforcements,16,16,0,0,0,0,7041
White,snipe,wall,Black,freeze,speed,16,0,0,0,0,16,9089
White,snipe,wall,Black,freeze,wall,16,0,0,0,0,16,7938
White,snipe,wall,Blue,nuke,heal,16,16,0,0,0,0,5889
White,snipe,wall,Blue,nuke,reinforcements,16,0,0,0,0,16,6718
White,snipe,wall,Blue,nuke,speed,16,16,0,0,0,0,6234
White,snipe,wall,Blue,nuke,wall,16,0,0,0,0,16,8254
White,snipe,wall,Blue,firebomb,heal,16,0,0,0,0,16,8239
White,snipe,wall,Blue,firebomb,reinforcements,16,16,0,0,0,0,7887
White,snipe,wall,Blue,firebomb,speed,16,0,0,0,0,16,8094
White,snipe,wall,Blue,firebomb,wall,16,0,0,0,0,16,8272
White,snipe,wall,Blue,snipe,heal,16,0,0,0,0,16,8748
White,snipe,wall,Blue,snipe,reinforcements,16,0,0,0,0,16,5597
White,snipe,wall,Blue,snipe,speed,16,0,0,0,0,16,9587
White,snipe,wall,Blue,snipe,wall,16,0,0,0,0,16,7974
White,snipe,wall,Blue,freeze,heal,16,0,0,0,0,16,8357
White,snipe,wall,Blue,freeze,reinforcements,16,0,0,0,0,16,7405
White,snipe,wall,Blue,freeze,speed,16,0,0,0,0,16,8283
White,snipe,wall,Blue,freeze,wall,16,0,0,0,0,16,8268
White,snipe,wall,Green,nuke,heal,16,0,0,0,0,16,9964
White,snipe,wall,Green,nuke,reinforcements,16,16,0,0,0,0,6019
White,snipe,wall,Green,nuke,speed,16,0,0,0,0,16,6758
White,snipe,wall,Green,nuke,wall,16,0,0,0,0,16,7039
White,snipe,wall,Green,firebomb,heal,16,0,0,0,0,16,8622
White,snipe,wall,Green,firebomb,reinforcements,16,0,0,0,0,16,6589
White,snipe,wall,Green,firebomb,speed,16,0,0,0,0,16,7393
White,snipe,wall,Green,firebomb,wall,16,0,0,0,0,16,8658
White,snipe,wall,Green,snipe,heal,16,0,0,0,0,16,6835
White,snipe,wall,Green,snipe,reinforcements,16,0,0,0,0,16,7023
White,snipe,wall,Green,snipe,speed,16,0,0,0,0,16,6733
White,snipe,wall,Green,snipe,wall,16,0,0,0,0,16,7760
White,snipe,wall,Green,freeze,heal,16,0,0,0,0,16,8234
White,snipe,wall,Green,freeze,reinforcements,16,0,0,0,0,16,4990
White,snipe,wall,Green,freeze,speed,16,0,0,0,0,16,8213
White,snipe,wall,Green,freeze,wall,16,0,0,0,0,16,8191
White,snipe,wall,Orange,nuke,heal,16,12,0,0,0,4,7350
White,snipe,wall,Orange,nuke,reinforcements,16,7,0,0,0,9,8652
White,snipe,wall,Orange,nuke,speed,16,13,0,0,0,3,6535
White,snipe,wall,Orange,nuke,wall,16,2,0,0,0,14,8152
White,snipe,wall,Orange,firebomb,heal,16,7,0,0,0,9,9059
White,snipe,wall,Orange,firebomb,reinforcements,16,0,0,0,0,16,7061
White,snipe,wall,Orange,firebomb,speed,16,0,0,0,0,16,8817
White,snipe,wall,Orange,firebomb,wall,16,0,0,0,0,16,8453
White,snipe,wall,Orange,snipe,heal,16,0,0,0,0,16,9378
White,snipe,wall,Orange,snipe,reinforcements,16,0,0,0,0,16,5374
White,snipe,wall,Orange,snipe,speed,16,0,0,0,0,16,8063
White,snipe,wall,Orange,snipe,wall,16,0,0,0,0,16,8748
White,snipe,wall,Orange,freeze,heal,16,9,0,0,0,7,9052
White,snipe,wall,Orange,freeze,reinforcements,16,15,0,0,0,1,7675
White,snipe,wall,Orange,freeze,speed,16,1,0,0,0,15,10086
White,snipe,wall,Orange,freeze,wall,16,0,0,0,0,16,8243
White,snipe,wall,Purple,nuke,heal,16,0,0,0,0,16,8288
White,snipe,wall,Purple,nuke,reinforcements,16,0,0,0,0,16,8985
White,snipe,wall,Purple,nuke,speed,16,16,0,0,0,0,6404
White,snipe,wall,Purple,nuke,wall,16,0,0,0,0,16,8243
White,snipe,wall,Purple,firebomb,heal,16,0,0,0,0,16,6392
White,snipe,wall,Purple,firebomb,reinforcements,16,16,0,0,0,0,8471
White,snipe,wall,Purple,firebomb,speed,16,0,0,0,0,16,8081
White,snipe,wall,Purple,firebomb,wall,16,0,0,0,0,16,8206
White,snipe,wall,Purple,snipe,heal,16,0,0,0,0,16,8554
White,snipe,wall,Purple,snipe,reinforcements,16,0,0,0,0,16,9738
White,snipe,wall,Purple,snipe,speed,16,0,0,0,0,16,9047
White,snipe,wall,Purple,snipe,wall,16,0,0,0,0,16,8577
White,snipe,wall,Purple,freeze,heal,16,0,0,0,0,16,8408
White,snipe,wall,Purple,freeze,reinforcements,16,16,0,0,0,0,8596
White,snipe,wall,Purple,freeze,speed,16,0,0,0,0,16,8327
White,snipe,wall,Purple,freeze,wall,16,0,0,0,0,16,8174
White,snipe,wall,Red,nuke,heal,16,16,0,0,0,0,5838
White,snipe,wall,Red,nuke,reinforcements,16,16,0,0,0,0,5214
White,snipe,wall,Red,nuke,speed,16,0,0,0,0,16,8154
White,snipe,wall,Red,nuke,wall,16,0,0,0,0,16,5149
White,snipe,wall,Red,firebomb,heal,16,0,0,0,0,16,8085
White,snipe,wall,Red,firebomb,reinforcements,16,0,0,0,0,16,7273
White,snipe,wall,Red,firebomb,speed,16,0,0,0,0,16,6929
White,snipe,wall,Red,firebomb,wall,16,1,0,0,0,15,9039
White,snipe,wall,Red,snipe,heal,16,0,0,0,0,16,6388
White,snipe,wall,Red,snipe,reinforcements,16,0,0,0,0,16,7063
White,snipe,wall,Red,snipe,speed,16,0,0,0,0,16,6869
White,snipe,wall,Red,snipe,wall,16,0,0,0,0,16,5128
White,snipe,wall,Red,freeze,heal,16,16,0,0,0,0,7267
White,snipe,wall,Red,freeze,reinforcements,16,0,0,0,0,16,6953
White,snipe,wall,Red,freeze,speed,16,0,0,0,0,16,7239
White,snipe,wall,Red,freeze,wall,16,16,0,0,0,0,9048
White,snipe,wall,White,nuke,heal,16,16,0,0,0,0,8702
White,snipe,wall,White,nuke,reinforcements,16,16,0,0,0,0,8194
White,snipe,wall,White,nuke,speed,16,16,0,0,0,0,5834
White,snipe,wall,White,nuke,wall,16,16,0,0,0,0,8131
White,snipe,wall,White,firebomb,heal,16,16,0,0,0,0,7548
White,snipe,wall,White,firebomb,reinforcements,16,16,0,0,0,0,7504
White,snipe,wall,White,firebomb,speed,16,0,0,0,0,16,9830
White,snipe,wall,White,firebomb,wall,16,16,0,0,0,0,7653
White,snipe,wall,White,snipe,heal,16,16,0,0,0,0,14502
White,snipe,wall,White,snipe,reinforcements,16,16,0,0,0,0,9719
White,snipe,wall,White,snipe,speed,16,0,0,0,0,16,10446
White,snipe,wall,White,snipe,wall,16,0,0,0,0,16,9253
White,snipe,wall,White,freeze,heal,16,0,0,0,0,16,8293
White,snipe,wall,White,freeze,reinforcements,16,16,0,0,0,0,9298
White,snipe,wall,White,freeze,speed,16,16,0,0,0,0,9250
White,snipe,wall,White,freeze,wall,16,16,0,0,0,0,7529
White,snipe,wall,Yellow,nuke,heal,16,16,0,0,0,0,6787
White,snipe,wall,Yellow,nuke,reinforcements,16,0,0,0,0,16,4564
White,snipe,wall,Yellow,nuke,speed,16,0,0,0,0,16,4959
White,snipe,wall,Yellow,nuke,wall,16,16,0,0,0,0,8421
White,snipe,wall,Yellow,firebomb,heal,16,13,0,0,0,3,10382
White,snipe,wall,Yellow,firebomb,reinforcements,16,16,0,0,0,0,6804
White,snipe,wall,Yellow,firebomb,speed,16,0,0,0,0,16,6772
White,snipe,wall,Yellow,firebomb,wall,16,0,0,0,0,16,8066
White,snipe,wall,Yellow,snipe,heal,16,0,0,0,0,16,4960
White,snipe,wall,Yellow,snipe,reinforcements,16,16,0,0,0,0,7308
White,snipe,wall,Yellow,snipe,speed,16,0,0,0,0,16,7689
White,snipe,wall,Yellow,snipe,wall,16,0,0,0,0,16,5025
White,snipe,wall,Yellow,freeze,heal,16,16,0,0,0,0,8952
White,snipe,wall,Yellow,freeze,reinforcements,16,16,0,0,0,0,6731
White,snipe,wall,Yellow,freeze,speed,16,0,0,0,0,16,5170
White,snipe,wall,Yellow,freeze,wall,16,16,0,0,0,0,8986
White,freeze,heal,Black,nuke,heal,16,16,0,0,0,0,6219
White,freeze,heal,Black,nuke,reinforcements,16,0,0,0,0,16,4498
White,freeze,heal,Black,nuke,speed,16,0,0,0,0,16,9419
White,freeze,heal,Black,nuke,wall,16,0,0,0,0,16,8579
White,freeze,heal,Black,firebomb,heal,16,0,0,0,0,16,8667
White,freeze,heal,Black,firebomb,reinforcements,16,0,0,0,0,16,7873
White,freeze,heal,Black,firebomb,speed,16,0,0,0,0,16,8972
White,freeze,heal,Black,firebomb,wall,16,0,0,0,0,16,6918
White,freeze,heal,Black,snipe,heal,16,0,0,0,0,16,5667
White,freeze,heal,Black,snipe,reinforcements,16,0,0,0,0,16,4452
White,freeze,heal,Black,snipe,speed,16,0,0,0,0,16,6109
White,freeze,heal,Black,snipe,wall,16,0,0,0,0,16,7594
White,freeze,heal,Black,freeze,heal,16,0,0,0,0,16,8338
White,freeze,heal,Black,freeze,reinforcements,16,0,0,0,0,16,9129
White,freeze,heal,Black,freeze,speed,16,0,0,0,0,16,8504
White,freeze,heal,Black,freeze,wall,16,0,0,0,0,16,7681
White,freeze,heal,Blue,nuke,heal,16,0,0,0,0,16,8298
White,freeze,heal,Blue,nuke,reinforcements,16,0,0,0,0,16,7940
White,freeze,heal,Blue,nuke,speed,16,0,0,0,0,16,7990
White,freeze,heal,Blue,nuke,wall,16,0,0,0,0,16,7789
White,freeze,heal,Blue,firebomb,heal,16,0,0,0,0,16,8119
White,freeze,heal,Blue,firebomb,reinforcements,16,0,0,0,0,16,8031
White,freeze,heal,Blue,firebomb,speed,16,0,0,0,0,16,8447
White,freeze,heal,Blue,firebomb,wall,16,0,0,0,0,16,7802
White,freeze,heal,Blue,snipe,heal,16,0,0,0,0,16,8700
White,freeze,heal,Blue,snipe,reinforcements,16,0,0,0,0,16,8154
White,freeze,heal,Blue,snipe,speed,16,0,0,0,0,16,5742
White,freeze,heal,Blue,snipe,wall,16,0,0,0,0,16,7809
White,freeze,heal,Blue,freeze,heal,16,16,0,0,0,0,8899
White,freeze,heal,Blue,freeze,reinforcements,16,0,0,0,0,16,8064
White,freeze,heal,Blue,freeze,speed,16,0,0,0,0,16,8447
White,freeze,heal,Blue,freeze,wall,16,0,0,0,0,16,7788
White,freeze,heal,Green,nuke,heal,16,0,0,0,0,16,7632
White,freeze,heal,Green,nuke,reinforcements,16,0,0,0,0,16,5158
White,freeze,heal,Green,nuke,speed,16,0,0,0,0,16,5109
White,freeze,heal,Green,nuke,wall,16,0,0,0,0,16,7534
White,freeze,heal,Green,firebomb,heal,16,0,0,0,0,16,7025
White,freeze,heal,Green,firebomb,reinforcements,16,0,0,0,0,16,6638
White,freeze,heal,Green,firebomb,speed,16,0,0,0,0,16,7711
White,freeze,heal,Green,firebomb,wall,16,0,0,0,0,16,7666
White,freeze,heal,Green,snipe,heal,16,0,0,0,0,16,6616
White,freeze,heal,Green,snipe,reinforcements,16,0,0,0,0,16,5314
White,freeze,heal,Green,snipe,speed,16,0,0,0,0,16,5064
White,freeze,heal,Green,snipe,wall,16,0,0,0,0,16,8434
White,freeze,heal,Green,freeze,heal,16,0,0,0,0,16,9444
White,freeze,heal,Green,freeze,reinforcements,16,0,0,0,0,16,7765
White,freeze,heal,Green,freeze,speed,16,0,0,0,0,16,7397
White,freeze,heal,Green,freeze,wall,16,0,0,0,0,16,7674
White,freeze,heal,Orange,nuke,heal,16,3,0,0,0,13,8160
White,freeze,heal,Orange,nuke,reinforcements,16,0,0,0,0,16,7435
White,freeze,heal,Orange,nuke,speed,16,0,0,0,0,16,8111
White,freeze,heal,Orange,nuke,wall,16,0,0,0,0,16,7888
White,freeze,heal,Orange,firebomb,heal,16,1,0,0,0,15,8119
White,freeze,heal,Orange,firebomb,reinforcements,16,0,0,0,0,16,8027
White,freeze,heal,Orange,firebomb,speed,16,0,0,0,0,16,7709
White,freeze,heal,Orange,firebomb,wall,16,0,0,0,0,16,7857
White,freeze,heal,Orange,snipe,heal,16,0,0,0,0,16,8185
White,freeze,heal,Orange,snipe,reinforcements,16,0,0,0,0,16,6917
White,freeze,heal,Orange,snipe,speed,16,0,0,0,0,16,7511
White,freeze,heal,Orange,snipe,wall,16,0,0,0,0,16,8077
White,freeze,heal,Orange,freeze,heal,16,9,0,0,0,7,8591
White,freeze,heal,Orange,freeze,reinforcements,16,0,0,0,0,16,8266
White,freeze,heal,Orange,freeze,speed,16,0,0,0,0,16,9129
White,freeze,heal,Orange,freeze,wall,16,4,0,1,0,11,8940
White,freeze,heal,Purple,nuke,heal,16,0,0,0,0,16,8746
White,freeze,heal,Purple,nuke,reinforcements,16,0,0,0,0,16,8087
White,freeze,heal,Purple,nuke,speed,16,0,0,0,0,16,7106
White,freeze,heal,Purple,nuke,wall,16,0,0,0,0,16,7675
White,freeze,heal,Purple,firebomb,heal,16,0,0,0,0,16,7728
White,freeze,heal,Purple,firebomb,reinforcements,16,0,0,0,0,16,8226
White,freeze,heal,Purple,firebomb,speed,16,0,0,0,0,16,7708
White,freeze,heal,Purple,firebomb,wall,16,0,0,0,0,16,8274
White,freeze,heal,Purple,snipe,heal,16,0,0,0,0,16,8043
White,freeze,heal,Purple,snipe,reinforcements,16,0,0,0,0,16,8285
White,freeze,heal,Purple,snipe,speed,16,0,0,0,0,16,8666
White,freeze,heal,Purple,snipe,wall,16,0,0,0,0,16,7634
White,freeze,heal,Purple,freeze,heal,16,0,0,0,0,16,7974
White,freeze,heal,Purple,freeze,reinforcements,16,0,0,0,0,16,9226
White,freeze,heal,Purple,freeze,speed,16,0,0,0,0,16,6908
White,freeze,heal,Purple,freeze,wall,16,0,0,0,0,16,7750
White,freeze,heal,Red,nuke,heal,16,0,0,0,0,16,4870
White,freeze,heal,Red,nuke,reinforcements,16,0,0,0,0,16,4204
White,freeze,heal,Red,nuke,speed,16,0,0,0,0,16,7551
White,freeze,heal,Red,nuke,wall,16,0,0,0,0,16,5399
White,freeze,heal,Red,firebomb,heal,16,16,0,0,0,0,9185
White,freeze,heal,Red,firebomb,reinforcements,16,0,0,0,0,16,6752
White,freeze,heal,Red,firebomb,speed,16,0,0,0,0,16,5108
White,freeze,heal,Red,firebomb,wall,16,0,0,0,0,16,7864
White,freeze,heal,Red,snipe,heal,16,0,0,0,0,16,4415
White,freeze,heal,Red,snipe,reinforcements,16,0,0,0,0,16,4109
White,freeze,heal,Red,snipe,speed,16,0,0,0,0,16,7113
White,freeze,heal,Red,snipe,wall,16,0,0,0,0,16,4999
White,freeze,heal,Red,freeze,heal,16,0,0,0,0,16,8438
White,freeze,heal,Red,freeze,reinforcements,16,16,0,0,0,0,6479
White,freeze,heal,Red,freeze,speed,16,0,0,0,0,16,8559
White,freeze,heal,Red,freeze,wall,16,0,0,0,0,16,7690
White,freeze,heal,White,nuke,heal,16,0,0,0,0,16,9189
White,freeze,heal,White,nuke,reinforcements,16,16,0,0,0,0,8596
White,freeze,heal,White,nuke,speed,16,0,0,0,0,16,8070
White,freeze,heal,White,nuke,wall,16,16,0,0,0,0,8232
White,freeze,heal,White,firebomb,heal,16,0,0,0,0,16,8806
White,freeze,heal,White,firebomb,reinforcements,16,16,0,0,0,0,9055
White,freeze,heal,White,firebomb,speed,16,0,0,0,0,16,8899
White,freeze,heal,White,firebomb,wall,16,0,0,0,0,16,7805
White,freeze,heal,White,snipe,heal,16,0,0,0,0,16,5273
White,freeze,heal,White,snipe,reinforcements,16,0,0,0,0,16,8675
White,freeze,heal,White,snipe,speed,16,16,0,0,0,0,4476
White,freeze,heal,White,snipe,wall,16,0,0,0,0,16,9966
White,freeze,heal,White,freeze,heal,16,0,0,16,0,0,7999
White,freeze,heal,White,freeze,reinforcements,16,16,0,0,0,0,8392
White,freeze,heal,White,freeze,speed,16,0,0,0,0,16,8454
White,freeze,heal,White,freeze,wall,16,0,0,0,0,16,8869
White,freeze,heal,Yellow,nuke,heal,16,0,0,0,0,16,7676
White,freeze,heal,Yellow,nuke,reinforcements,16,0,0,0,0,16,5054
White,freeze,heal,Yellow,nuke,speed,16,0,0,0,0,16,4890
White,freeze,heal,Yellow,nuke,wall,16,0,0,0,0,16,6504
White,freeze,heal,Yellow,firebomb,heal,16,1,0,0,0,15,8439
White,freeze,heal,Yellow,firebomb,reinforcements,16,0,0,0,0,16,7748
White,freeze,heal,Yellow,firebomb,speed,16,0,0,0,0,16,8190
White,freeze,heal,Yellow,firebomb,wall,16,0,0,0,0,16,8741
White,freeze,heal,Yellow,snipe,heal,16,0,0,0,0,16,4804
White,freeze,heal,Yellow,snipe,reinforcements,16,0,0,0,0,16,7859
White,freeze,heal,Yellow,snipe,speed,16,0,0,0,0,16,6977
White,freeze,heal,Yellow,snipe,wall,16,0,0,0,0,16,4756
White,freeze,heal,Yellow,freeze,heal,16,0,0,0,0,16,8807
White,freeze,heal,Yellow,freeze,reinforcements,16,0,0,0,0,16,10289
White,freeze,heal,Yellow,freeze,speed,16,0,0,0,0,16,4810
White,freeze,heal,Yellow,freeze,wall,16,0,0,0,0,16,7719
White,freeze,reinforcements,Black,nuke,heal,16,16,0,0,0,0,3354
White,freeze,reinforcements,Black,nuke,reinforcements,16,0,0,0,0,16,5213
White,freeze,reinforcements,Black,nuke,speed,16,16,0,0,0,0,3259
White,freeze,reinforcements,Black,nuke,wall,16,16,0,0,0,0,4294
White,freeze,reinforcements,Black,firebomb,heal,16,0,0,0,0,16,5233
White,freeze,reinforcements,Black,firebomb,reinforcements,16,0,0,0,0,16,5208
White,freeze,reinforcements,Black,firebomb,speed,16,0,0,0,0,16,5113
White,freeze,reinforcements,Black,firebomb,wall,16,0,0,0,0,16,8607
White,freeze,reinforcements,Black,snipe,heal,16,0,0,0,0,16,5166
White,freeze,reinforcements,Black,snipe,reinforcements,16,0,0,0,0,16,5300
White,freeze,reinforcements,Black,snipe,speed,16,0,0,0,0,16,5058
White,freeze,reinforcements,Black,snipe,wall,16,0,0,0,0,16,5298
White,freeze,reinforcements,Black,freeze,heal,16,0,0,0,0,16,5344
White,freeze,reinforcements,Black,freeze,reinforcements,16,0,0,0,0,16,5353
White,freeze,reinforcements,Black,freeze,speed,16,0,0,0,0,16,5084
White,freeze,reinforcements,Black,freeze,wall,16,0,0,0,0,16,6874
White,freeze,reinforcements,Blue,nuke,heal,16,16,0,0,0,0,3499
White,freeze,reinforcements,Blue,nuke,reinforcements,16,0,0,0,0,16,5137
White,freeze,reinforcements,Blue,nuke,speed,16,16,0,0,0,0,3499
White,freeze,reinforcements,Blue,nuke,wall,16,0,0,0,0,16,4202
White,freeze,reinforcements,Blue,firebomb,heal,16,0,0,0,0,16,5217
White,freeze,reinforcements,Blue,firebomb,reinforcements,16,0,0,0,0,16,4942
White,freeze,reinforcements,Blue,firebomb,speed,16,0,0,0,0,16,5217
White,freeze,reinforcements,Blue,firebomb,wall,16,0,0,0,0,16,5620
White,freeze,reinforcements,Blue,snipe,heal,16,0,0,0,0,16,5077
White,freeze,reinforcements,Blue,snipe,reinforcements,16,0,0,0,0,16,4517
White,freeze,reinforcements,Blue,snipe,speed,16,0,0,0,0,16,5047
White,freeze,reinforcements,Blue,snipe,wall,16,0,0,0,0,16,4158
White,freeze,reinforcements,Blue,freeze,heal,16,0,0,0,0,16,4762
White,freeze,reinforcements,Blue,freeze,reinforcements,16,0,0,0,0,16,4553
White,freeze,reinforcements,Blue,freeze,speed,16,0,0,0,0,16,4967
White,freeze,reinforcements,Blue,freeze,wall,16,0,0,0,0,16,6081
White,freeze,reinforcements,Green,nuke,heal,16,16,0,0,0,0,3264
White,freeze,reinforcements,Green,nuke,reinforcements,16,0,0,0,0,16,4538
White,freeze,reinforcements,Green,nuke,speed,16,16,0,0,0,0,3749
White,freeze,reinforcements,Green,nuke,wall,16,0,0,0,0,16,3958
White,freeze,reinforcements,Green,firebomb,heal,16,0,0,0,0,16,5232
White,freeze,reinforcements,Green,firebomb,reinforcements,16,0,0,0,0,16,4143
White,freeze,reinforcements,Green,firebomb,speed,16,0,0,0,0,16,5133
White,freeze,reinforcements,Green,firebomb,wall,16,0,0,0,0,16,4212
White,freeze,reinforcements,Green,snipe,heal,16,0,0,0,0,16,5013
White,freeze,reinforcements,Green,snipe,reinforcements,16,0,0,0,0,16,4108
White,freeze,reinforcements,Green,snipe,speed,16,0,0,0,0,16,5013
White,freeze,reinforcements,Green,snipe,wall,16,0,0,0,0,16,5165
White,freeze,reinforcements,Green,freeze,heal,16,0,0,0,0,16,5254
White,freeze,reinforcements,Green,freeze,reinforcements,16,0,0,0,0,16,3903
White,freeze,reinforcements,Green,freeze,speed,16,0,0,0,0,16,5003
White,freeze,reinforcements,Green,freeze,wall,16,0,0,0,0,16,4069
White,freeze,reinforcements,Orange,nuke,heal,16,16,0,0,0,0,3714
White,freeze,reinforcements,Orange,nuke,reinforcements,16,0,0,0,0,16,5225
White,freeze,reinforcements,Orange,nuke,speed,16,16,0,0,0,0,3714
White,freeze,reinforcements,Orange,nuke,wall,16,16,0,0,0,0,4231
White,freeze,reinforcements,Orange,firebomb,heal,16,0,0,0,0,16,6299
White,freeze,reinforcements,Orange,firebomb,reinforcements,16,0,0,0,0,16,5257
White,freeze,reinforcements,Orange,firebomb,speed,16,0,0,0,0,16,6267
White,freeze,reinforcements,Orange,firebomb,wall,16,0,0,0,0,16,5209
White,freeze,reinforcements,Orange,snipe,heal,16,0,0,0,0,16,5131
White,freeze,reinforcements,Orange,snipe,reinforcements,16,0,0,0,0,16,4383
White,freeze,reinforcements,Orange,snipe,speed,16,0,0,0,0,16,5068
White,freeze,reinforcements,Orange,snipe,wall,16,0,0,0,0,16,5020
White,freeze,reinforcements,Orange,freeze,heal,16,0,0,0,0,16,5101
White,freeze,reinforcements,Orange,freeze,reinforcements,16,0,0,0,0,16,5660
White,freeze,reinforcements,Orange,freeze,speed,16,0,0,0,0,16,5222
White,freeze,reinforcements,Orange,freeze,wall,16,0,0,0,0,16,5841
White,freeze,reinforcements,Purple,nuke,heal,16,0,0,0,0,16,4493
White,freeze,reinforcements,Purple,nuke,reinforcements,16,0,0,0,0,16,5252
White,freeze,reinforcements,Purple,nuke,speed,16,16,0,0,0,0,4284
White,freeze,reinforcements,Purple,nuke,wall,16,0,0,0,0,16,5411
White,freeze,reinforcements,Purple,firebomb,heal,16,0,0,0,0,16,5285
White,freeze,reinforcements,Purple,firebomb,reinforcements,16,0,0,0,0,16,5265
White,freeze,reinforcements,Purple,firebomb,speed,16,0,0,0,0,16,5214
White,freeze,reinforcements,Purple,firebomb,wall,16,0,0,0,0,16,5306
White,freeze,reinforcements,Purple,snipe,heal,16,0,0,0,0,16,5229
White,freeze,reinforcements,Purple,snipe,reinforcements,16,0,0,0,0,16,4641
White,freeze,reinforcements,Purple,snipe,speed,16,0,0,0,0,16,4374
White,freeze,reinforcements,Purple,snipe,wall,16,0,0,0,0,16,5311
White,freeze,reinforcements,Purple,freeze,heal,16,0,0,0,0,16,5305
White,freeze,reinforcements,Purple,freeze,reinforcements,16,0,0,0,0,16,5388
White,freeze,reinforcements,Purple,freeze,speed,16,0,0,0,0,16,5173
White,freeze,reinforcements,Purple,freeze,wall,16,0,0,0,0,16,4773
White,freeze,reinforcements,Red,nuke,heal,16,16,0,0,0,0,3154
White,freeze,reinforcements,Red,nuke,reinforcements,16,0,0,0,0,16,4923
White,freeze,reinforcements,Red,nuke,speed,16,16,0,0,0,0,3154
White,freeze,reinforcements,Red,nuke,wall,16,0,0,0,0,16,4619
White,freeze,reinforcements,Red,firebomb,heal,16,0,0,0,0,16,5139
White,freeze,reinforcements,Red,firebomb,reinforcements,16,0,0,0,0,16,4615
White,freeze,reinforcements,Red,firebomb,speed,16,0,0,0,0,16,5222
White,freeze,reinforcements,Red,firebomb,wall,16,0,0,0,0,16,5135
White,freeze,reinforcements,Red,snipe,heal,16,0,0,0,0,16,5129
White,freeze,reinforcements,Red,snipe,reinforcements,16,0,0,0,0,16,4855
White,freeze,reinforcements,Red,snipe,speed,16,0,0,0,0,16,5159
White,freeze,reinforcements,Red,snipe,wall,16,0,0,0,0,16,4343
White,freeze,reinforcements,Red,freeze,heal,16,0,0,0,0,16,4662
White,freeze,reinforcements,Red,freeze,reinforcements,16,0,0,0,0,16,4679
White,freeze,reinforcements,Red,freeze,speed,16,0,0,0,0,16,4474
White,freeze,reinforcements,Red,freeze,wall,16,0,0,0,0,16,4873
White,freeze,reinforcements,White,nuke,heal,16,16,0,0,0,0,3084
White,freeze,reinforcements,White,nuke,reinforcements,16,16,0,0,0,0,9797
White,freeze,reinforcements,White,nuke,speed,16,16,0,0,0,0,3084
White,freeze,reinforcements,White,nuke,wall,16,16,0,0,0,0,10351
White,freeze,reinforcements,White,firebomb,heal,16,0,0,0,0,16,8573
White,freeze,reinforcements,White,firebomb,reinforcements,16,0,0,0,0,16,9273
White,freeze,reinforcements,White,firebomb,speed,16,0,0,0,0,16,5704
White,freeze,reinforcements,White,firebomb,wall,16,0,0,0,0,16,8402
White,freeze,reinforcements,White,snipe,heal,16,0,0,0,0,16,7293
White,freeze,reinforcements,White,snipe,reinforcements,16,0,0,0,0,16,10228
White,freeze,reinforcements,White,snipe,speed,16,0,0,0,0,16,5453
White,freeze,reinforcements,White,snipe,wall,16,0,0,0,0,16,7957
White,freeze,reinforcements,White,freeze,heal,16,0,0,0,0,16,8514
White,freeze,reinforcements,White,freeze,reinforcements,16,0,0,16,0,0,8929
White,freeze,reinforcements,White,freeze,speed,16,0,0,0,0,16,8003
White,freeze,reinforcements,White,freeze,wall,16,16,0,0,0,0,8839
White,freeze,reinforcements,Yellow,nuke,heal,16,16,0,0,0,0,3314
White,freeze,reinforcements,Yellow,nuke,reinforcements,16,0,0,0,0,16,4285
White,freeze,reinforcements,Yellow,nuke,speed,16,16,0,0,0,0,3349
White,freeze,reinforcements,Yellow,nuke,wall,16,16,0,0,0,0,3824
White,freeze,reinforcements,Yellow,firebomb,heal,16,0,0,0,0,16,5554
White,freeze,reinforcements,Yellow,firebomb,reinforcements,16,0,0,0,0,16,4894
White,freeze,reinforcements,Yellow,firebomb,speed,16,0,0,0,0,16,5185
White,freeze,reinforcements,Yellow,firebomb,wall,16,0,0,0,0,16,5609
White,freeze,reinforcements,Yellow,snipe,heal,16,0,0,0,0,16,5053
White,freeze,reinforcements,Yellow,snipe,reinforcements,16,0,0,0,0,16,4363
White,freeze,reinforcements,Yellow,snipe,speed,16,0,0,0,0,16,5093
White,freeze,reinforcements,Yellow,snipe,wall,16,0,0,0,0,16,5130
White,freeze,reinforcements,Yellow,freeze,heal,16,0,0,0,0,16,5270
White,freeze,reinforcements,Yellow,freeze,reinforcements,16,0,0,0,0,16,5193
White,freeze,reinforcements,Yellow,freeze,speed,16,0,0,0,0,16,4520
White,freeze,reinforcements,Yellow,freeze,wall,16,0,0,0,0,16,5622
White,freeze,speed,Black,nuke,heal,16,0,0,6,0,10,8895
White,freeze,speed,Black,nuke,reinforcements,16,0,0,0,0,16,4509
White,freeze,speed,Black,nuke,speed,16,0,0,0,0,16,7746
White,freeze,speed,Black,nuke,wall,16,0,0,0,0,16,7969
White,freeze,speed,Black,firebomb,heal,16,0,0,0,0,16,6798
White,freeze,speed,Black,firebomb,reinforcements,16,0,0,0,0,16,10538
White,freeze,speed,Black,firebomb,speed,16,0,0,0,0,16,6913
White,freeze,speed,Black,firebomb,wall,16,0,0,0,0,16,8154
White,freeze,speed,Black,snipe,heal,16,0,0,0,0,16,4373
White,freeze,speed,Black,snipe,reinforcements,16,0,0,0,0,16,4524
White,freeze,speed,Black,snipe,speed,16,0,0,0,0,16,4332
White,freeze,speed,Black,snipe,wall,16,0,0,0,0,16,8207
White,freeze,speed,Black,freeze,heal,16,2,0,0,0,14,8883
White,freeze,speed,Black,freeze,reinforcements,16,0,0,0,0,16,4127
White,freeze,speed,Black,freeze,speed,16,0,0,0,0,16,8822
White,freeze,speed,Black,freeze,wall,16,0,0,0,0,16,9259
White,freeze,speed,Blue,nuke,heal,16,0,0,0,0,16,8754
White,freeze,speed,Blue,nuke,reinforcements,16,16,0,0,0,0,9475
White,freeze,speed,Blue,nuke,speed,16,0,0,0,0,16,7854
White,freeze,speed,Blue,nuke,wall,16,16,0,0,0,0,8555
White,freeze,speed,Blue,firebomb,heal,16,0,0,0,0,16,8702
White,freeze,speed,Blue,firebomb,reinforcements,16,0,0,0,0,16,9563
White,freeze,speed,Blue,firebomb,speed,16,0,0,0,0,16,8295
White,freeze,speed,Blue,firebomb,wall,16,0,0,0,0,16,8230
White,freeze,speed,Blue,snipe,heal,16,0,0,0,0,16,7879
White,freeze,speed,Blue,snipe,reinforcements,16,0,0,0,0,16,9734
White,freeze,speed,Blue,snipe,speed,16,0,0,0,0,16,6671
White,freeze,speed,Blue,snipe,wall,16,16,0,0,0,0,10519
White,freeze,speed,Blue,freeze,heal,16,16,0,0,0,0,8625
White,freeze,speed,Blue,freeze,reinforcements,16,16,0,0,0,0,7426
White,freeze,speed,Blue,freeze,speed,16,0,0,0,0,16,11003
White,freeze,speed,Blue,freeze,wall,16,0,0,0,0,16,8340
White,freeze,speed,Green,nuke,heal,16,0,0,0,0,16,8577
White,freeze,speed,Green,nuke,reinforcements,16,0,0,0,0,16,7282
White,freeze,speed,Green,nuke,speed,16,0,0,0,0,16,4811
White,freeze,speed,Green,nuke,wall,16,0,0,0,0,16,7678
White,freeze,speed,Green,firebomb,heal,16,0,0,0,0,16,8197
White,freeze,speed,Green,firebomb,reinforcements,16,0,0,0,0,16,5244
White,freeze,speed,Green,firebomb,speed,16,16,0,0,0,0,5982
White,freeze,speed,Green,firebomb,wall,16,0,0,0,0,16,8097
White,freeze,speed,Green,snipe,heal,16,0,0,0,0,16,7005
White,freeze,speed,Green,snipe,reinforcements,16,0,0,0,0,16,5144
White,freeze,speed,Green,snipe,speed,16,0,0,0,0,16,5155
White,freeze,speed,Green,snipe,wall,16,0,0,0,0,16,7439
White,freeze,speed,Green,freeze,heal,16,0,0,0,0,16,8203
White,freeze,speed,Green,freeze,reinforcements,16,0,0,0,0,16,7282
White,freeze,speed,Green,freeze,speed,16,0,0,0,0,16,6801
White,freeze,speed,Green,freeze,wall,16,0,0,0,0,16,7311
White,freeze,speed,Orange,nuke,heal,16,5,0,1,0,10,9225
White,freeze,speed,Orange,nuke,reinforcements,16,9,0,0,0,7,8388
White,freeze,speed,Orange,nuke,speed,16,0,0,0,0,16,8018
White,freeze,speed,Orange,nuke,wall,16,5,0,0,0,11,8644
White,freeze,speed,Orange,firebomb,heal,16,8,0,0,0,8,10036
White,freeze,speed,Orange,firebomb,reinforcements,16,2,0,0,0,14,9270
White,freeze,speed,Orange,firebomb,speed,16,0,0,0,0,16,8578
White,freeze,speed,Orange,firebomb,wall,16,5,0,0,0,11,8751
White,freeze,speed,Orange,snipe,heal,16,0,0,0,0,16,8220
White,freeze,speed,Orange,snipe,reinforcements,16,4,0,0,0,12,9260
White,freeze,speed,Orange,snipe,speed,16,0,0,0,0,16,7791
White,freeze,speed,Orange,snipe,wall,16,0,0,0,0,16,9083
White,freeze,speed,Orange,freeze,heal,16,8,0,0,0,8,9145
White,freeze,speed,Orange,freeze,reinforcements,16,10,0,0,0,6,7966
White,freeze,speed,Orange,freeze,speed,16,0,0,0,0,16,9039
White,freeze,speed,Orange,freeze,wall,16,7,0,2,0,7,8854
White,freeze,speed,Purple,nuke,heal,16,0,0,0,0,16,8160
White,freeze,speed,Purple,nuke,reinforcements,16,0,0,0,0,16,7407
White,freeze,speed,Purple,nuke,speed,16,0,0,0,0,16,8159
White,freeze,speed,Purple,nuke,wall,16,0,0,0,0,16,8622
White,freeze,speed,Purple,firebomb,heal,16,0,0,0,0,16,8354
White,freeze,speed,Purple,firebomb,reinforcements,16,0,0,0,0,16,9751
White,freeze,speed,Purple,firebomb,speed,16,0,0,0,0,16,7958
White,freeze,speed,Purple,firebomb,wall,16,0,0,0,0,16,8187
White,freeze,speed,Purple,snipe,heal,16,0,0,0,0,16,8143
White,freeze,speed,Purple,snipe,reinforcements,16,0,0,0,0,16,7258
White,freeze,speed,Purple,snipe,speed,16,0,0,0,0,16,7823
White,freeze,speed,Purple,snipe,wall,16,0,0,0,0,16,8624
White,freeze,speed,Purple,freeze,heal,16,0,0,0,0,16,8382
White,freeze,speed,Purple,freeze,reinforcements,16,16,0,0,0,0,7914
White,freeze,speed,Purple,freeze,speed,16,0,0,0,0,16,9327
White,freeze,speed,Purple,freeze,wall,16,0,0,0,0,16,8187
White,freeze,speed,Red,nuke,heal,16,0,0,0,0,16,8632
White,freeze,speed,Red,nuke,reinforcements,16,0,0,0,0,16,4598
White,freeze,speed,Red,nuke,speed,16,0,0,0,0,16,4948
White,freeze,speed,Red,nuke,wall,16,0,0,0,0,16,5370
White,freeze,speed,Red,firebomb,heal,16,0,0,0,0,16,5378
White,freeze,speed,Red,firebomb,reinforcements,16,0,0,0,0,16,7467
White,freeze,speed,Red,firebomb,speed,16,0,0,0,0,16,5005
White,freeze,speed,Red,firebomb,wall,16,0,0,0,0,16,8198
White,freeze,speed,Red,snipe,heal,16,0,0,0,0,16,8128
White,freeze,speed,Red,snipe,reinforcements,16,0,0,0,0,16,4574
White,freeze,speed,Red,snipe,speed,16,0,0,0,0,16,6725
White,freeze,speed,Red,snipe,wall,16,0,0,0,0,16,4839
White,freeze,speed,Red,freeze,heal,16,0,0,0,0,16,8638
White,freeze,speed,Red,freeze,reinforcements,16,0,0,0,0,16,5037
White,freeze,speed,Red,freeze,speed,16,0,0,0,0,16,7122
White,freeze,speed,Red,freeze,wall,16,0,0,0,0,16,10039
White,freeze,speed,White,nuke,heal,16,16,0,0,0,0,7677
White,freeze,speed,White,nuke,reinforcements,16,16,0,0,0,0,8691
White,freeze,speed,White,nuke,speed,16,0,0,0,0,16,9856
White,freeze,speed,White,nuke,wall,16,16,0,0,0,0,9521
White,freeze,speed,White,firebomb,heal,16,16,0,0,0,0,7702
White,freeze,speed,White,firebomb,reinforcements,16,16,0,0,0,0,6933
White,freeze,speed,White,firebomb,speed,16,0,0,0,0,16,7219
White,freeze,speed,White,firebomb,wall,16,0,0,0,0,16,7524
White,freeze,speed,White,snipe,heal,16,0,0,0,0,16,8508
White,freeze,speed,White,snipe,reinforcements,16,16,0,0,0,0,8599
White,freeze,speed,White,snipe,speed,16,0,0,0,0,16,10005
White,freeze,speed,White,snipe,wall,16,16,0,0,0,0,10729
White,freeze,speed,White,freeze,heal,16,16,0,0,0,0,9448
White,freeze,speed,White,freeze,reinforcements,16,16,0,0,0,0,8437
White,freeze,speed,White,freeze,speed,16,0,0,16,0,0,8419
White,freeze,speed,White,freeze,wall,16,16,0,0,0,0,7799
White,freeze,speed,Yellow,nuke,heal,16,0,0,0,0,16,6813
White,freeze,speed,Yellow,nuke,reinforcements,16,0,0,0,0,16,5086
White,freeze,speed,Yellow,nuke,speed,16,0,0,0,0,16,4780
White,freeze,speed,Yellow,nuke,wall,16,16,0,0,0,0,8870
White,freeze,speed,Yellow,firebomb,heal,16,16,0,0,0,0,6387
White,freeze,speed,Yellow,firebomb,reinforcements,16,0,0,0,0,16,10034
White,freeze,speed,Yellow,firebomb,speed,16,0,0,0,0,16,4825
White,freeze,speed,Yellow,firebomb,wall,16,0,0,0,0,16,8106
White,freeze,speed,Yellow,snipe,heal,16,0,0,0,0,16,5103
White,freeze,speed,Yellow,snipe,reinforcements,16,0,0,0,0,16,8438
White,freeze,speed,Yellow,snipe,speed,16,0,0,0,0,16,8169
White,freeze,speed,Yellow,snipe,wall,16,0,0,0,0,16,6891
White,freeze,speed,Yellow,freeze,heal,16,0,0,0,0,16,8763
White,freeze,speed,Yellow,freeze,reinforcements,16,16,0,0,0,0,10054
White,freeze,speed,Yellow,freeze,speed,16,0,0,0,0,16,5127
White,freeze,speed,Yellow,freeze,wall,16,0,0,0,0,16,8356
White,freeze,wall,Black,nuke,heal,16,0,0,0,0,16,7551
White,freeze,wall,Black,nuke,reinforcements,16,16,0,0,0,0,6964
White,freeze,wall,Black,nuke,speed,16,0,0,0,0,16,6933
White,freeze,wall,Black,nuke,wall,16,0,0,0,0,16,6387
White,freeze,wall,Black,firebomb,heal,16,0,0,0,0,16,7753
White,freeze,wall,Black,firebomb,reinforcements,16,0,0,0,0,16,8479
White,freeze,wall,Black,firebomb,speed,16,0,0,0,0,16,8210
White,freeze,wall,Black,firebomb,wall,16,0,0,0,0,16,7703
White,freeze,wall,Black,snipe,heal,16,0,0,0,0,16,8537
White,freeze,wall,Black,snipe,reinforcements,16,0,0,0,0,16,4918
White,freeze,wall,Black,snipe,speed,16,0,0,0,0,16,7928
White,freeze,wall,Black,snipe,wall,16,0,0,0,0,16,7533
White,freeze,wall,Black,freeze,heal,16,0,0,0,0,16,8371
White,freeze,wall,Black,freeze,reinforcements,16,0,0,0,0,16,8281
White,freeze,wall,Black,freeze,speed,16,0,0,0,0,16,8283
White,freeze,wall,Black,freeze,wall,16,0,0,0,0,16,8327
White,freeze,wall,Blue,nuke,heal,16,16,0,0,0,0,5944
White,freeze,wall,Blue,nuke,reinforcements,16,0,0,0,0,16,8166
White,freeze,wall,Blue,nuke,speed,16,16,0,0,0,0,6024
White,freeze,wall,Blue,nuke,wall,16,0,0,0,0,16,7779
White,freeze,wall,Blue,firebomb,heal,16,0,0,0,0,16,7844
White,freeze,wall,Blue,firebomb,reinforcements,16,0,0,0,0,16,8369
White,freeze,wall,Blue,firebomb,speed,16,0,0,0,0,16,7820
White,freeze,wall,Blue,firebomb,wall,16,0,0,0,0,16,7810
White,freeze,wall,Blue,snipe,heal,16,0,0,0,0,16,7826
White,freeze,wall,Blue,snipe,reinforcements,16,0,0,0,0,16,8179
White,freeze,wall,Blue,snipe,speed,16,0,0,0,0,16,6145
White,freeze,wall,Blue,snipe,wall,16,0,0,0,0,16,7548
White,freeze,wall,Blue,freeze,heal,16,0,0,0,0,16,8279
White,freeze,wall,Blue,freeze,reinforcements,16,0,0,0,0,16,8145
White,freeze,wall,Blue,freeze,speed,16,0,0,0,0,16,7801
White,freeze,wall,Blue,freeze,wall,16,0,0,0,0,16,7802
White,freeze,wall,Green,nuke,heal,16,0,0,0,0,16,7294
White,freeze,wall,Green,nuke,reinforcements,16,0,0,0,0,16,7195
White,freeze,wall,Green,nuke,speed,16,0,0,0,0,16,5058
White,freeze,wall,Green,nuke,wall,16,0,0,0,0,16,7533
White,freeze,wall,Green,firebomb,heal,16,0,0,0,0,16,7708
White,freeze,wall,Green,firebomb,reinforcements,16,0,0,0,0,16,5007
White,freeze,wall,Green,firebomb,speed,16,0,0,0,0,16,8382
White,freeze,wall,Green,firebomb,wall,16,0,0,0,0,16,8159
White,freeze,wall,Green,snipe,heal,16,0,0,0,0,16,6576
White,freeze,wall,Green,snipe,reinforcements,16,0,0,0,0,16,5740
White,freeze,wall,Green,snipe,speed,16,0,0,0,0,16,6490
White,freeze,wall,Green,snipe,wall,16,0,0,0,0,16,6306
White,freeze,wall,Green,freeze,heal,16,0,0,0,0,16,7946
White,freeze,wall,Green,freeze,reinforcements,16,0,0,0,0,16,5048
White,freeze,wall,Green,freeze,speed,16,0,0,0,0,16,7640
White,freeze,wall,Green,freeze,wall,16,0,0,0,0,16,7639
White,freeze,wall,Orange,nuke,heal,16,9,0,0,0,7,6979
White,freeze,wall,Orange,nuke,reinforcements,16,2,0,0,0,14,5948
White,freeze,wall,Orange,nuke,speed,16,3,0,0,0,13,7415
White,freeze,wall,Orange,nuke,wall,16,1,0,0,0,15,7588
White,freeze,wall,Orange,firebomb,heal,16,1,0,0,0,15,8780
White,freeze,wall,Orange,firebomb,reinforcements,16,0,0,0,0,16,8382
White,freeze,wall,Orange,firebomb,speed,16,0,0,0,0,16,8381
White,freeze,wall,Orange,firebomb,wall,16,0,0,0,0,16,7694
White,freeze,wall,Orange,snipe,heal,16,0,0,0,0,16,7912
White,freeze,wall,Orange,snipe,reinforcements,16,0,0,0,0,16,5231
White,freeze,wall,Orange,snipe,speed,16,0,0,0,0,16,7530
White,freeze,wall,Orange,snipe,wall,16,0,0,0,0,16,7696
White,freeze,wall,Orange,freeze,heal,16,1,0,0,0,15,8523
White,freeze,wall,Orange,freeze,reinforcements,16,0,0,0,0,16,6051
White,freeze,wall,Orange,freeze,speed,16,0,0,0,0,16,8594
White,freeze,wall,Orange,freeze,wall,16,0,0,0,0,16,7919
White,freeze,wall,Purple,nuke,heal,16,0,0,0,0,16,7877
White,freeze,wall,Purple,nuke,reinforcements,16,0,0,0,0,16,7053
White,freeze,wall,Purple,nuke,speed,16,16,0,0,0,0,6344
White,freeze,wall,Purple,nuke,wall,16,0,0,0,0,16,7714
White,freeze,wall,Purple,firebomb,heal,16,0,0,0,0,16,7670
White,freeze,wall,Purple,firebomb,reinforcements,16,0,0,0,0,16,8157
White,freeze,wall,Purple,firebomb,speed,16,0,0,0,0,16,7688
White,freeze,wall,Purple,firebomb,wall,16,0,0,0,0,16,7697
White,freeze,wall,Purple,snipe,heal,16,0,0,0,0,16,7717
White,freeze,wall,Purple,snipe,reinforcements,16,0,0,0,0,16,4888
White,freeze,wall,Purple,snipe,speed,16,0,0,0,0,16,8054
White,freeze,wall,Purple,snipe,wall,16,0,0,0,0,16,7663
White,freeze,wall,Purple,freeze,heal,16,0,0,0,0,16,7901
White,freeze,wall,Purple,freeze,reinforcements,16,0,0,0,0,16,7192
White,freeze,wall,Purple,freeze,speed,16,0,0,0,0,16,7844
White,freeze,wall,Purple,freeze,wall,16,0,0,0,0,16,7706
White,freeze,wall,Red,nuke,heal,16,0,0,0,0,16,7582
White,freeze,wall,Red,nuke,reinforcements,16,16,0,0,0,0,4734
White,freeze,wall,Red,nuke,speed,16,0,0,0,0,16,7790
White,freeze,wall,Red,nuke,wall,16,0,0,0,0,16,8661
White,freeze,wall,Red,firebomb,heal,16,0,0,0,0,16,5454
White,freeze,wall,Red,firebomb,reinforcements,16,0,0,0,0,16,6729
White,freeze,wall,Red,firebomb,speed,16,0,0,0,0,16,6623
White,freeze,wall,Red,firebomb,wall,16,0,0,0,0,16,8153
White,freeze,wall,Red,snipe,heal,16,0,0,0,0,16,7112
White,freeze,wall,Red,snipe,reinforcements,16,0,0,0,0,16,4345
White,freeze,wall,Red,snipe,speed,16,0,0,0,0,16,6629
White,freeze,wall,Red,snipe,wall,16,0,0,0,0,16,5030
White,freeze,wall,Red,freeze,heal,16,0,0,0,0,16,8332
White,freeze,wall,Red,freeze,reinforcements,16,0,0,0,0,16,6721
White,freeze,wall,Red,freeze,speed,16,0,0,0,0,16,7194
White,freeze,wall,Red,freeze,wall,16,0,0,0,0,16,8997
White,freeze,wall,White,nuke,heal,16,0,0,0,0,16,8330
White,freeze,wall,White,nuke,reinforcements,16,16,0,0,0,0,8265
White,freeze,wall,White,nuke,speed,16,0,0,0,0,16,6424
White,freeze,wall,White,nuke,wall,16,0,0,0,0,16,7598
White,freeze,wall,White,firebomb,heal,16,16,0,0,0,0,7950
White,freeze,wall,White,firebomb,reinforcements,16,16,0,0,0,0,7749
White,freeze,wall,White,firebomb,speed,16,16,0,0,0,0,8364
White,freeze,wall,White,firebomb,wall,16,0,0,0,0,16,7939
White,freeze,wall,White,snipe,heal,16,0,0,0,0,16,8223
White,freeze,wall,White,snipe,reinforcements,16,16,0,0,0,0,10036
White,freeze,wall,White,snipe,speed,16,0,0,0,0,16,7537
White,freeze,wall,White,snipe,wall,16,0,0,0,0,16,7559
White,freeze,wall,White,freeze,heal,16,0,0,0,0,16,8445
White,freeze,wall,White,freeze,reinforcements,16,16,0,0,0,0,8233
White,freeze,wall,White,freeze,speed,16,0,0,0,0,16,9081
White,freeze,wall,White,freeze,wall,16,0,0,16,0,0,7939
White,freeze,wall,Yellow,nuke,heal,16,0,0,0,0,16,4760
White,freeze,wall,Yellow,nuke,reinforcements,16,0,0,0,0,16,5159
White,freeze,wall,Yellow,nuke,speed,16,0,0,0,0,16,6634
White,freeze,wall,Yellow,nuke,wall,16,0,0,0,0,16,6128
White,freeze,wall,Yellow,firebomb,heal,16,0,0,0,0,16,8195
White,freeze,wall,Yellow,firebomb,reinforcements,16,0,0,0,0,16,8333
White,freeze,wall,Yellow,firebomb,speed,16,0,0,0,0,16,5048
White,freeze,wall,Yellow,firebomb,wall,16,16,0,0,0,0,8839
White,freeze,wall,Yellow,snipe,heal,16,0,0,0,0,16,7630
White,freeze,wall,Yellow,snipe,reinforcements,16,0,0,0,0,16,8239
White,freeze,wall,Yellow,snipe,speed,16,0,0,0,0,16,5015
White,freeze,wall,Yellow,snipe,wall,16,0,0,0,0,16,4956
White,freeze,wall,Yellow,freeze,heal,16,0,0,0,0,16,8465
White,freeze,wall,Yellow,freeze,reinforcements,16,16,0,0,0,0,6940
White,freeze,wall,Yellow,freeze,speed,16,0,0,0,0,16,5100
White,freeze,wall,Yellow,freeze,wall,16,0,0,0,0,16,7558
Yellow,nuke,heal,Black,nuke,heal,16,0,0,0,0,16,8316
Yellow,nuke,heal,Black,nuke,reinforcements,16,16,0,0,0,0,6431
Yellow,nuke,heal,Black,nuke,speed,16,0,0,0,0,16,11347
Yellow,nuke,heal,Black,nuke,wall,16,15,0,0,0,1,8625
Yellow,nuke,heal,Black,firebomb,heal,16,9,0,0,0,7,8502
Yellow,nuke,heal,Black,firebomb,reinforcements,16,0,0,0,0,16,6229
Yellow,nuke,heal,Black,firebomb,speed,16,0,0,0,0,16,8621
Yellow,nuke,heal,Black,firebomb,wall,16,14,0,0,0,2,8391
Yellow,nuke,heal,Black,snipe,heal,16,16,0,0,0,0,9646
Yellow,nuke,heal,Black,snipe,reinforcements,16,0,0,0,0,16,3359
Yellow,nuke,heal,Black,snipe,speed,16,0,0,0,0,16,6926
Yellow,nuke,heal,Black,snipe,wall,16,16,0,0,0,0,9101
Yellow,nuke,heal,Black,freeze,heal,16,16,0,0,0,0,8295
Yellow,nuke,heal,Black,freeze,reinforcements,16,0,0,0,0,16,5559
Yellow,nuke,heal,Black,freeze,speed,16,0,0,0,0,16,8652
Yellow,nuke,heal,Black,freeze,wall,16,0,0,0,0,16,8578
Yellow,nuke,heal,Blue,nuke,heal,16,16,0,0,0,0,8490
Yellow,nuke,heal,Blue,nuke,reinforcements,16,16,0,0,0,0,7261
Yellow,nuke,heal,Blue,nuke,speed,16,0,0,0,0,16,8600
Yellow,nuke,heal,Blue,nuke,wall,16,16,0,0,0,0,8287
Yellow,nuke,heal,Blue,firebomb,heal,16,16,0,0,0,0,8449
Yellow,nuke,heal,Blue,firebomb,reinforcements,16,0,0,0,0,16,3359
Yellow,nuke,heal,Blue,firebomb,speed,16,0,0,0,0,16,6469
Yellow,nuke,heal,Blue,firebomb,wall,16,0,0,0,0,16,6774
Yellow,nuke,heal,Blue,snipe,heal,16,16,0,0,0,0,9829
Yellow,nuke,heal,Blue,snipe,reinforcements,16,0,0,0,0,16,3519
Yellow,nuke,heal,Blue,snipe,speed,16,0,0,0,0,16,8812
Yellow,nuke,heal,Blue,snipe,wall,16,0,0,0,0,16,8568
Yellow,nuke,heal,Blue,freeze,heal,16,0,0,0,0,16,8749
Yellow,nuke,heal,Blue,freeze,reinforcements,16,0,0,0,0,16,4024
Yellow,nuke,heal,Blue,freeze,speed,16,0,0,0,0,16,8608
Yellow,nuke,heal,Blue,freeze,wall,16,0,0,0,0,16,8509
Yellow,nuke,heal,Green,nuke,heal,16,0,0,0,0,16,8262
Yellow,nuke,heal,Green,nuke,reinforcements,16,0,0,0,0,16,8535
Yellow,nuke,heal,Green,nuke,speed,16,0,0,0,0,16,7395
Yellow,nuke,heal,Green,nuke,wall,16,16,0,0,0,0,5641
Yellow,nuke,heal,Green,firebomb,heal,16,0,0,0,0,16,8214
Yellow,nuke,heal,Green,firebomb,reinforcements,16,0,0,0,0,16,8365
Yellow,nuke,heal,Green,firebomb,speed,16,0,0,0,0,16,5214
Yellow,nuke,heal,Green,firebomb,wall,16,0,0,0,0,16,5539
Yellow,nuke,heal,Green,snipe,heal,16,0,0,0,0,16,8199
Yellow,nuke,heal,Green,snipe,reinforcements,16,0,0,0,0,16,5989
Yellow,nuke,heal,Green,snipe,speed,16,16,0,0,0,0,6123
Yellow,nuke,heal,Green,snipe,wall,16,0,0,0,0,16,9150
Yellow,nuke,heal,Green,freeze,heal,16,0,0,0,0,16,6069
Yellow,nuke,heal,Green,freeze,reinforcements,16,0,0,0,0,16,7744
Yellow,nuke,heal,Green,freeze,speed,16,0,0,0,0,16,9141
Yellow,nuke,heal,Green,freeze,wall,16,0,0,0,0,16,8546
Yellow,nuke,heal,Orange,nuke,heal,16,2,0,0,0,14,8629
Yellow,nuke,heal,Orange,nuke,reinforcements,16,0,0,0,0,16,3079
Yellow,nuke,heal,Orange,nuke,speed,16,1,0,0,0,15,8446
Yellow,nuke,heal,Orange,nuke,wall,16,7,0,0,0,9,8440
Yellow,nuke,heal,Orange,firebomb,heal,16,0,0,0,0,16,8586
Yellow,nuke,heal,Orange,firebomb,reinforcements,16,0,0,0,0,16,3154
Yellow,nuke,heal,Orange,firebomb,speed,16,0,0,0,0,16,6221
Yellow,nuke,heal,Orange,firebomb,wall,16,2,0,0,0,14,8113
Yellow,nuke,heal,Orange,snipe,heal,16,3,0,0,0,13,8796
Yellow,nuke,heal,Orange,snipe,reinforcements,16,0,0,0,0,16,3079
Yellow,nuke,heal,Orange,snipe,speed,16,3,0,0,0,13,8437
Yellow,nuke,heal,Orange,snipe,wall,16,1,0,0,0,15,8622
Yellow,nuke,heal,Orange,freeze,heal,16,9,0,0,0,7,8665
Yellow,nuke,heal,Orange,freeze,reinforcements,16,0,0,0,0,16,3079
Yellow,nuke,heal,Orange,freeze,speed,16,0,0,0,0,16,8755
Yellow,nuke,heal,Orange,freeze,wall,16,10,0,1,0,5,8640
Yellow,nuke,heal,Purple,nuke,heal,16,16,0,0,0,0,8751
Yellow,nuke,heal,Purple,nuke,reinforcements,16,16,0,0,0,0,7407
Yellow,nuke,heal,Purple,nuke,speed,16,0,0,0,0,16,9008
Yellow,nuke,heal,Purple,nuke,wall,16,16,0,0,0,0,9073
Yellow,nuke,heal,Purple,firebomb,heal,16,16,0,0,0,0,8147
Yellow,nuke,heal,Purple,firebomb,reinforcements,16,0,0,0,0,16,4864
Yellow,nuke,heal,Purple,firebomb,speed,16,0,0,0,0,16,8445
Yellow,nuke,heal,Purple,firebomb,wall,16,0,0,0,0,16,6514
Yellow,nuke,heal,Purple,snipe,heal,16,0,0,0,0,16,8416
Yellow,nuke,heal,Purple,snipe,reinforcements,16,0,0,0,0,16,4059
Yellow,nuke,heal,Purple,snipe,speed,16,0,0,0,0,16,8455
Yellow,nuke,heal,Purple,snipe,wall,16,0,0,0,0,16,6459
Yellow,nuke,heal,Purple,freeze,heal,16,0,0,0,0,16,8658
Yellow,nuke,heal,Purple,freeze,reinforcements,16,0,0,0,0,16,4149
Yellow,nuke,heal,Purple,freeze,speed,16,0,0,0,0,16,8541
Yellow,nuke,heal,Purple,freeze,wall,16,0,0,0,0,16,7904
Yellow,nuke,heal,Red,nuke,heal,16,0,0,0,0,16,8437
Yellow,nuke,heal,Red,nuke,reinforcements,16,0,0,0,0,16,8688
Yellow,nuke,heal,Red,nuke,speed,16,0,0,0,0,16,8321
Yellow,nuke,heal,Red,nuke,wall,16,0,0,0,0,16,8404
Yellow,nuke,heal,Red,firebomb,heal,16,0,0,0,0,16,8424
Yellow,nuke,heal,Red,firebomb,reinforcements,16,0,0,0,0,16,8518
Yellow,nuke,heal,Red,firebomb,speed,16,0,0,0,0,16,8364
Yellow,nuke,heal,Red,firebomb,wall,16,0,0,0,0,16,8528
Yellow,nuke,heal,Red,snipe,heal,16,0,0,0,0,16,8299
Yellow,nuke,heal,Red,snipe,reinforcements,16,0,0,0,0,16,5989
Yellow,nuke,heal,Red,snipe,speed,16,0,0,0,0,16,6447
Yellow,nuke,heal,Red,snipe,wall,16,0,0,0,0,16,8430
Yellow,nuke,heal,Red,freeze,heal,16,16,0,0,0,0,8861
Yellow,nuke,heal,Red,freeze,reinforcements,16,0,0,0,0,16,5976
Yellow,nuke,heal,Red,freeze,speed,16,0,0,0,0,16,8757
Yellow,nuke,heal,Red,freeze,wall,16,16,0,0,0,0,8912
Yellow,nuke,heal,White,nuke,heal,16,16,0,0,0,0,8142
Yellow,nuke,heal,White,nuke,reinforcements,16,0,0,0,0,16,3319
Yellow,nuke,heal,White,nuke,speed,16,16,0,0,0,0,8049
Yellow,nuke,heal,White,nuke,wall,16,16,0,0,0,0,8219
Yellow,nuke,heal,White,firebomb,heal,16,16,0,0,0,0,7631
Yellow,nuke,heal,White,firebomb,reinforcements,16,0,0,0,0,16,3554
Yellow,nuke,heal,White,firebomb,speed,16,16,0,0,0,0,8030
Yellow,nuke,heal,White,firebomb,wall,16,16,0,0,0,0,7568
Yellow,nuke,heal,White,snipe,heal,16,16,0,0,0,0,6715
Yellow,nuke,heal,White,snipe,reinforcements,16,0,0,0,0,16,3379
Yellow,nuke,heal,White,snipe,speed,16,0,0,0,0,16,8367
Yellow,nuke,heal,White,snipe,wall,16,0,0,0,0,16,7222
Yellow,nuke,heal,White,freeze,heal,16,16,0,0,0,0,7534
Yellow,nuke,heal,White,freeze,reinforcements,16,0,0,0,0,16,3314
Yellow,nuke,heal,White,freeze,speed,16,16,0,0,0,0,8022
Yellow,nuke,heal,White,freeze,wall,16,0,0,0,0,16,6264
Yellow,nuke,heal,Yellow,nuke,heal,16,0,0,0,0,16,8599
Yellow,nuke,heal,Yellow,nuke,reinforcements,16,0,0,0,0,16,3439
Yellow,nuke,heal,Yellow,nuke,speed,16,16,0,0,0,0,9229
Yellow,nuke,heal,Yellow,nuke,wall,16,16,0,0,0,0,8265
Yellow,nuke,heal,Yellow,firebomb,heal,16,16,0,0,0,0,7072
Yellow,nuke,heal,Yellow,firebomb,reinforcements,16,0,0,0,0,16,3439
Yellow,nuke,heal,Yellow,firebomb,speed,16,0,0,0,0,16,8237
Yellow,nuke,heal,Yellow,firebomb,wall,16,0,0,0,0,16,8539
Yellow,nuke,heal,Yellow,snipe,heal,16,0,0,0,0,16,7817
Yellow,nuke,heal,Yellow,snipe,reinforcements,16,0,0,0,0,16,3439
Yellow,nuke,heal,Yellow,snipe,speed,16,0,0,0,0,16,7801
Yellow,nuke,heal,Yellow,snipe,wall,16,0,0,0,0,16,8232
Yellow,nuke,heal,Yellow,freeze,heal,16,16,0,0,0,0,8351
Yellow,nuke,heal,Yellow,freeze,reinforcements,16,0,0,0,0,16,3439
Yellow,nuke,heal,Yellow,freeze,speed,16,0,0,0,0,16,8900
Yellow,nuke,heal,Yellow,freeze,wall,16,16,0,0,0,0,8216
Yellow,nuke,reinforcements,Black,nuke,heal,16,16,0,0,0,0,3519
Yellow,nuke,reinforcements,Black,nuke,reinforcements,16,16,0,0,0,0,9580
Yellow,nuke,reinforcements,Black,nuke,speed,16,16,0,0,0,0,3504
Yellow,nuke,reinforcements,Black,nuke,wall,16,16,0,0,0,0,11082
Yellow,nuke,reinforcements,Black,firebomb,heal,16,0,0,0,0,16,7674
Yellow,nuke,reinforcements,Black,firebomb,reinforcements,16,0,0,0,0,16,5019
Yellow,nuke,reinforcements,Black,firebomb,speed,16,0,0,0,0,16,8143
Yellow,nuke,reinforcements,Black,firebomb,wall,16,16,0,0,0,0,8552
Yellow,nuke,reinforcements,Black,snipe,heal,16,0,0,0,0,16,6842
Yellow,nuke,reinforcements,Black,snipe,reinforcements,16,0,0,0,0,16,13506
Yellow,nuke,reinforcements,Black,snipe,speed,16,0,0,0,0,16,6597
Yellow,nuke,reinforcements,Black,snipe,wall,16,0,0,0,0,16,6700
Yellow,nuke,reinforcements,Black,freeze,heal,16,16,0,0,0,0,10649
Yellow,nuke,reinforcements,Black,freeze,reinforcements,16,0,0,0,0,16,6329
Yellow,nuke,reinforcements,Black,freeze,speed,16,16,0,0,0,0,10146
Yellow,nuke,reinforcements,Black,freeze,wall,16,16,0,0,0,0,10680
Yellow,nuke,reinforcements,Blue,nuke,heal,16,0,0,0,0,16,6135
Yellow,nuke,reinforcements,Blue,nuke,reinforcements,16,0,0,0,0,16,8032
Yellow,nuke,reinforcements,Blue,nuke,speed,16,0,0,0,0,16,5532
Yellow,nuke,reinforcements,Blue,nuke,wall,16,16,0,0,0,0,4579
Yellow,nuke,reinforcements,Blue,firebomb,heal,16,0,0,0,0,16,6337
Yellow,nuke,reinforcements,Blue,firebomb,reinforcements,16,0,0,0,0,16,6712
Yellow,nuke,reinforcements,Blue,firebomb,speed,16,0,0,0,0,16,6132
Yellow,nuke,reinforcements,Blue,firebomb,wall,16,0,0,0,0,16,7495
Yellow,nuke,reinforcements,Blue,snipe,heal,16,0,0,0,0,16,5237
Yellow,nuke,reinforcements,Blue,snipe,reinforcements,16,0,0,0,0,16,6417
Yellow,nuke,reinforcements,Blue,snipe,speed,16,0,0,0,0,16,5248
Yellow,nuke,reinforcements,Blue,snipe,wall,16,0,0,0,0,16,6206
Yellow,nuke,reinforcements,Blue,freeze,heal,16,0,0,0,0,16,7958
Yellow,nuke,reinforcements,Blue,freeze,reinforcements,16,0,0,0,0,16,5318
Yellow,nuke,reinforcements,Blue,freeze,speed,16,0,0,0,0,16,6107
Yellow,nuke,reinforcements,Blue,freeze,wall,16,0,0,0,0,16,8894
Yellow,nuke,reinforcements,Green,nuke,heal,16,16,0,0,0,0,3369
Yellow,nuke,reinforcements,Green,nuke,reinforcements,16,0,0,0,0,16,5326
Yellow,nuke,reinforcements,Green,nuke,speed,16,16,0,0,0,0,3369
Yellow,nuke,reinforcements,Green,nuke,wall,16,0,0,0,0,16,4974
Yellow,nuke,reinforcements,Green,firebomb,heal,16,0,0,0,0,16,7449
Yellow,nuke,reinforcements,Green,firebomb,reinforcements,16,0,0,0,0,16,5549
Yellow,nuke,reinforcements,Green,firebomb,speed,16,0,0,0,0,16,7114
Yellow,nuke,reinforcements,Green,firebomb,wall,16,0,0,0,0,16,5165
Yellow,nuke,reinforcements,Green,snipe,heal,16,0,0,0,0,16,5991
Yellow,nuke,reinforcements,Green,snipe,reinforcements,16,0,0,0,0,16,4550
Yellow,nuke,reinforcements,Green,snipe,speed,16,0,0,0,0,16,6021
Yellow,nuke,reinforcements,Green,snipe,wall,16,0,0,0,0,16,4339
Yellow,nuke,reinforcements,Green,freeze,heal,16,0,0,0,0,16,8090
Yellow,nuke,reinforcements,Green,freeze,reinforcements,16,0,0,0,0,16,5600
Yellow,nuke,reinforcements,Green,freeze,speed,16,0,0,0,0,16,7025
Yellow,nuke,reinforcements,Green,freeze,wall,16,0,0,0,0,16,4154
Yellow,nuke,reinforcements,Orange,nuke,heal,16,0,0,0,0,16,12028
Yellow,nuke,reinforcements,Orange,nuke,reinforcements,16,16,0,0,0,0,6172
Yellow,nuke,reinforcements,Orange,nuke,speed,16,0,0,0,0,16,10006
Yellow,nuke,reinforcements,Orange,nuke,wall,16,1,0,0,0,15,9668
Yellow,nuke,reinforcements,Orange,firebomb,heal,16,0,0,0,0,16,10154
Yellow,nuke,reinforcements,Orange,firebomb,reinforcements,16,7,0,0,0,9,5228
Yellow,nuke,reinforcements,Orange,firebomb,speed,16,0,0,0,0,16,7593
Yellow,nuke,reinforcements,Orange,firebomb,wall,16,0,0,0,0,16,9772
Yellow,nuke,reinforcements,Orange,snipe,heal,16,0,0,0,0,16,9369
Yellow,nuke,reinforcements,Orange,snipe,reinforcements,16,0,0,0,0,16,7143
Yellow,nuke,reinforcements,Orange,snipe,speed,16,0,0,0,0,16,7181
Yellow,nuke,reinforcements,Orange,snipe,wall,16,0,0,0,0,16,9410
Yellow,nuke,reinforcements,Orange,freeze,heal,16,0,0,0,0,16,10704
Yellow,nuke,reinforcements,Orange,freeze,reinforcements,16,0,0,0,0,16,8394
Yellow,nuke,reinforcements,Orange,freeze,speed,16,0,0,0,0,16,10736
Yellow,nuke,reinforcements,Orange,freeze,wall,16,0,0,0,0,16,9879
Yellow,nuke,reinforcements,Purple,nuke,heal,16,16,0,0,0,0,6027
Yellow,nuke,reinforcements,Purple,nuke,reinforcements,16,16,0,0,0,0,9107
Yellow,nuke,reinforcements,Purple,nuke,speed,16,0,0,0,0,16,6002
Yellow,nuke,reinforcements,Purple,nuke,wall,16,0,0,0,0,16,10218
Yellow,nuke,reinforcements,Purple,firebomb,heal,16,16,0,0,0,0,11146
Yellow,nuke,reinforcements,Purple,firebomb,reinforcements,16,0,0,0,0,16,4309
Yellow,nuke,reinforcements,Purple,firebomb,speed,16,0,0,0,0,16,5856
Yellow,nuke,reinforcements,Purple,firebomb,wall,16,16,0,0,0,0,6810
Yellow,nuke,reinforcements,Purple,snipe,heal,16,16,0,0,0,0,6537
Yellow,nuke,reinforcements,Purple,snipe,reinforcements,16,0,0,0,0,16,5609
Yellow,nuke,reinforcements,Purple,snipe,speed,16,0,0,0,0,16,5882
Yellow,nuke,reinforcements,Purple,snipe,wall,16,0,0,0,0,16,8160
Yellow,nuke,reinforcements,Purple,freeze,heal,16,0,0,0,0,16,7250
Yellow,nuke,reinforcements,Purple,freeze,reinforcements,16,0,0,0,0,16,8327
Yellow,nuke,reinforcements,Purple,freeze,speed,16,0,0,0,0,16,6262
Yellow,nuke,reinforcements,Purple,freeze,wall,16,0,0,0,0,16,9789
Yellow,nuke,reinforcements,Red,nuke,heal,16,16,0,0,0,0,3359
Yellow,nuke,reinforcements,Red,nuke,reinforcements,16,0,0,0,0,16,5838
Yellow,nuke,reinforcements,Red,nuke,speed,16,16,0,0,0,0,3359
Yellow,nuke,reinforcements,Red,nuke,wall,16,0,0,0,0,16,6345
Yellow,nuke,reinforcements,Red,firebomb,heal,16,0,0,0,0,16,7399
Yellow,nuke,reinforcements,Red,firebomb,reinforcements,16,0,0,0,0,16,5840
Yellow,nuke,reinforcements,Red,firebomb,speed,16,0,0,0,0,16,6727
Yellow,nuke,reinforcements,Red,firebomb,wall,16,0,0,0,0,16,7285
Yellow,nuke,reinforcements,Red,snipe,heal,16,0,0,0,0,16,5119
Yellow,nuke,reinforcements,Red,snipe,reinforcements,16,0,0,0,0,16,5065
Yellow,nuke,reinforcements,Red,snipe,speed,16,0,0,0,0,16,5374
Yellow,nuke,reinforcements,Red,snipe,wall,16,0,0,0,0,16,5968
Yellow,nuke,reinforcements,Red,freeze,heal,16,0,0,0,0,16,6613
Yellow,nuke,reinforcements,Red,freeze,reinforcements,16,0,0,0,0,16,5628
Yellow,nuke,reinforcements,Red,freeze,speed,16,0,0,0,0,16,7194
Yellow,nuke,reinforcements,Red,freeze,wall,16,0,0,0,0,16,11459
Yellow,nuke,reinforcements,White,nuke,heal,16,0,0,0,0,16,6399
Yellow,nuke,reinforcements,White,nuke,reinforcements,16,16,0,0,0,0,4678
Yellow,nuke,reinforcements,White,nuke,speed,16,0,0,0,0,16,6813
Yellow,nuke,reinforcements,White,nuke,wall,16,16,0,0,0,0,8185
Yellow,nuke,reinforcements,White,firebomb,heal,16,0,0,0,0,16,7239
Yellow,nuke,reinforcements,White,firebomb,reinforcements,16,16,0,0,0,0,4462
Yellow,nuke,reinforcements,White,firebomb,speed,16,16,0,0,0,0,9753
Yellow,nuke,reinforcements,White,firebomb,wall,16,0,0,0,0,16,5905
Yellow,nuke,reinforcements,White,snipe,heal,16,0,0,0,0,16,7083
Yellow,nuke,reinforcements,White,snipe,reinforcements,16,16,0,0,0,0,4815
Yellow,nuke,reinforcements,White,snipe,speed,16,0,0,0,0,16,7098
Yellow,nuke,reinforcements,White,snipe,wall,16,0,0,0,0,16,6866
Yellow,nuke,reinforcements,White,freeze,heal,16,16,0,0,0,0,4364
Yellow,nuke,reinforcements,White,freeze,reinforcements,16,16,0,0,0,0,4167
Yellow,nuke,reinforcements,White,freeze,speed,16,0,0,0,0,16,6954
Yellow,nuke,reinforcements,White,freeze,wall,16,16,0,0,0,0,8089
Yellow,nuke,reinforcements,Yellow,nuke,heal,16,16,0,0,0,0,3439
Yellow,nuke,reinforcements,Yellow,nuke,reinforcements,16,0,0,0,0,16,9536
Yellow,nuke,reinforcements,Yellow,nuke,speed,16,16,0,0,0,0,3449
Yellow,nuke,reinforcements,Yellow,nuke,wall,16,0,0,0,0,16,7401
Yellow,nuke,reinforcements,Yellow,firebomb,heal,16,0,0,0,0,16,7812
Yellow,nuke,reinforcements,Yellow,firebomb,reinforcements,16,0,0,0,0,16,10819
Yellow,nuke,reinforcements,Yellow,firebomb,speed,16,0,0,0,0,16,6566
Yellow,nuke,reinforcements,Yellow,firebomb,wall,16,16,0,0,0,0,9191
Yellow,nuke,reinforcements,Yellow,snipe,heal,16,0,0,0,0,16,6127
Yellow,nuke,reinforcements,Yellow,snipe,reinforcements,16,0,0,0,0,16,11849
Yellow,nuke,reinforcements,Yellow,snipe,speed,16,0,0,0,0,16,6173
Yellow,nuke,reinforcements,Yellow,snipe,wall,16,0,0,0,0,16,6416
Yellow,nuke,reinforcements,Yellow,freeze,heal,16,0,0,0,0,16,7069
Yellow,nuke,reinforcements,Yellow,freeze,reinforcements,16,0,0,0,0,16,6530
Yellow,nuke,reinforcements,Yellow,freeze,speed,16,0,0,0,0,16,8116
Yellow,nuke,reinforcements,Yellow,freeze,wall,16,0,0,0,0,16,7489
Yellow,nuke,speed,Black,nuke,heal,16,16,0,0,0,0,8238
Yellow,nuke,speed,Black,nuke,reinforcements,16,16,0,0,0,0,6441
Yellow,nuke,speed,Black,nuke,speed,16,16,0,0,0,0,7954
Yellow,nuke,speed,Black,nuke,wall,16,16,0,0,0,0,8751
Yellow,nuke,speed,Black,firebomb,heal,16,16,0,0,0,0,8287
Yellow,nuke,speed,Black,firebomb,reinforcements,16,0,0,0,0,16,3614
Yellow,nuke,speed,Black,firebomb,speed,16,0,0,0,0,16,9186
Yellow,nuke,speed,Black,firebomb,wall,16,16,0,0,0,0,8228
Yellow,nuke,speed,Black,snipe,heal,16,0,0,0,0,16,9141
Yellow,nuke,speed,Black,snipe,reinforcements,16,0,0,0,0,16,3359
Yellow,nuke,speed,Black,snipe,speed,16,0,0,0,0,16,10999
Yellow,nuke,speed,Black,snipe,wall,16,16,0,0,0,0,9074
Yellow,nuke,speed,Black,freeze,heal,16,16,0,0,0,0,8269
Yellow,nuke,speed,Black,freeze,reinforcements,16,0,0,0,0,16,3569
Yellow,nuke,speed,Black,freeze,speed,16,16,0,0,0,0,8101
Yellow,nuke,speed,Black,freeze,wall,16,16,0,0,0,0,8230
Yellow,nuke,speed,Blue,nuke,heal,16,16,0,0,0,0,8414
Yellow,nuke,speed,Blue,nuke,reinforcements,16,0,0,0,0,16,3739
Yellow,nuke,speed,Blue,nuke,speed,16,0,0,0,0,16,9619
Yellow,nuke,speed,Blue,nuke,wall,16,16,0,0,0,0,8272
Yellow,nuke,speed,Blue,firebomb,heal,16,0,0,0,0,16,6774
Yellow,nuke,speed,Blue,firebomb,reinforcements,16,0,0,0,0,16,3599
Yellow,nuke,speed,Blue,firebomb,speed,16,0,0,0,0,16,5864
Yellow,nuke,speed,Blue,firebomb,wall,16,16,0,0,0,0,8417
Yellow,nuke,speed,Blue,snipe,heal,16,0,0,0,0,16,9604
Yellow,nuke,speed,Blue,snipe,reinforcements,16,0,0,0,0,16,3374
Yellow,nuke,speed,Blue,snipe,speed,16,0,0,0,0,16,9767
Yellow,nuke,speed,Blue,snipe,wall,16,16,0,0,0,0,9263
Yellow,nuke,speed,Blue,freeze,heal,16,16,0,0,0,0,8342
Yellow,nuke,speed,Blue,freeze,reinforcements,16,0,0,0,0,16,4024
Yellow,nuke,speed,Blue,freeze,speed,16,0,0,0,0,16,9405
Yellow,nuke,speed,Blue,freeze,wall,16,16,0,0,0,0,8298
Yellow,nuke,speed,Green,nuke,heal,16,0,0,0,0,16,9358
Yellow,nuke,speed,Green,nuke,reinforcements,16,16,0,0,0,0,12177
Yellow,nuke,speed,Green,nuke,speed,16,0,0,0,0,16,9080
Yellow,nuke,speed,Green,nuke,wall,16,16,0,0,0,0,4823
Yellow,nuke,speed,Green,firebomb,heal,16,0,0,0,0,16,5234
Yellow,nuke,speed,Green,firebomb,reinforcements,16,0,0,0,0,16,5004
Yellow,nuke,speed,Green,firebomb,speed,16,0,0,0,0,16,6289
Yellow,nuke,speed,Green,firebomb,wall,16,0,0,0,0,16,5474
Yellow,nuke,speed,Green,snipe,heal,16,0,0,0,0,16,9292
Yellow,nuke,speed,Green,snipe,reinforcements,16,0,0,0,0,16,4559
Yellow,nuke,speed,Green,snipe,speed,16,0,0,0,0,16,6684
Yellow,nuke,speed,Green,snipe,wall,16,0,0,0,0,16,9284
Yellow,nuke,speed,Green,freeze,heal,16,0,0,0,0,16,8779
Yellow,nuke,speed,Green,freeze,reinforcements,16,0,0,0,0,16,4894
Yellow,nuke,speed,Green,freeze,speed,16,0,0,0,0,16,8120
Yellow,nuke,speed,Green,freeze,wall,16,0,0,0,0,16,9144
Yellow,nuke,speed,Orange,nuke,heal,16,14,0,0,0,2,8690
Yellow,nuke,speed,Orange,nuke,reinforcements,16,0,0,0,0,16,3079
Yellow,nuke,speed,Orange,nuke,speed,16,3,0,0,0,13,8831
Yellow,nuke,speed,Orange,nuke,wall,16,16,0,0,0,0,8340
Yellow,nuke,speed,Orange,firebomb,heal,16,13,0,0,0,3,8402
Yellow,nuke,speed,Orange,firebomb,reinforcements,16,0,0,0,0,16,3079
Yellow,nuke,speed,Orange,firebomb,speed,16,2,0,0,0,14,9288
Yellow,nuke,speed,Orange,firebomb,wall,16,7,0,0,0,9,7969
Yellow,nuke,speed,Orange,snipe,heal,16,13,0,0,0,3,8879
Yellow,nuke,speed,Orange,snipe,reinforcements,16,0,0,0,0,16,3079
Yellow,nuke,speed,Orange,snipe,speed,16,6,0,0,0,10,9158
Yellow,nuke,speed,Orange,snipe,wall,16,11,0,0,0,5,9139
Yellow,nuke,speed,Orange,freeze,heal,16,16,0,0,0,0,8057
Yellow,nuke,speed,Orange,freeze,reinforcements,16,0,0,0,0,16,3079
Yellow,nuke,speed,Orange,freeze,speed,16,0,0,0,0,16,9160
Yellow,nuke,speed,Orange,freeze,wall,16,14,0,0,0,2,8276
Yellow,nuke,speed,Purple,nuke,heal,16,16,0,0,0,0,9772
Yellow,nuke,speed,Purple,nuke,reinforcements,16,0,0,0,0,16,4279
Yellow,nuke,speed,Purple,nuke,speed,16,16,0,0,0,0,9402
Yellow,nuke,speed,Purple,nuke,wall,16,16,0,0,0,0,9086
Yellow,nuke,speed,Purple,firebomb,heal,16,16,0,0,0,0,10257
Yellow,nuke,speed,Purple,firebomb,reinforcements,16,0,0,0,0,16,4379
Yellow,nuke,speed,Purple,firebomb,speed,16,0,0,0,0,16,9116
Yellow,nuke,speed,Purple,firebomb,wall,16,0,0,0,0,16,5449
Yellow,nuke,speed,Purple,snipe,heal,16,0,0,0,0,16,9313
Yellow,nuke,speed,Purple,snipe,reinforcements,16,0,0,0,0,16,4219
Yellow,nuke,speed,Purple,snipe,speed,16,0,0,0,0,16,9047
Yellow,nuke,speed,Purple,snipe,wall,16,0,0,0,0,16,7064
Yellow,nuke,speed,Purple,freeze,heal,16,16,0,0,0,0,8115
Yellow,nuke,speed,Purple,freeze,reinforcements,16,0,0,0,0,16,4484
Yellow,nuke,speed,Purple,freeze,speed,16,0,0,0,0,16,9193
Yellow,nuke,speed,Purple,freeze,wall,16,16,0,0,0,0,9102
Yellow,nuke,speed,Red,nuke,heal,16,0,0,0,0,16,8885
Yellow,nuke,speed,Red,nuke,reinforcements,16,0,0,0,0,16,4334
Yellow,nuke,speed,Red,nuke,speed,16,0,0,0,0,16,7850
Yellow,nuke,speed,Red,nuke,wall,16,16,0,0,0,0,8364
Yellow,nuke,speed,Red,firebomb,heal,16,16,0,0,0,0,9066
Yellow,nuke,speed,Red,firebomb,reinforcements,16,0,0,0,0,16,4459
Yellow,nuke,speed,Red,firebomb,speed,16,0,0,0,0,16,8339
Yellow,nuke,speed,Red,firebomb,wall,16,16,0,0,0,0,9088
Yellow,nuke,speed,Red,snipe,heal,16,0,0,0,0,16,9279
Yellow,nuke,speed,Red,snipe,reinforcements,16,0,0,0,0,16,4334
Yellow,nuke,speed,Red,snipe,speed,16,0,0,0,0,16,5710
Yellow,nuke,speed,Red,snipe,wall,16,0,0,0,0,16,7755
Yellow,nuke,speed,Red,freeze,heal,16,16,0,0,0,0,7595
Yellow,nuke,speed,Red,freeze,reinforcements,16,0,0,0,0,16,7614
Yellow,nuke,speed,Red,freeze,speed,16,16,0,0,0,0,8791
Yellow,nuke,speed,Red,freeze,wall,16,0,0,0,0,16,7973
Yellow,nuke,speed,White,nuke,heal,16,16,0,0,0,0,7560
Yellow,nuke,speed,White,nuke,reinforcements,16,0,0,0,0,16,3349
Yellow,nuke,speed,White,nuke,speed,16,16,0,0,0,0,5478
Yellow,nuke,speed,White,nuke,wall,16,16,0,0,0,0,8704
Yellow,nuke,speed,White,firebomb,heal,16,0,0,0,0,16,6884
Yellow,nuke,speed,White,firebomb,reinforcements,16,0,0,0,0,16,3499
Yellow,nuke,speed,White,firebomb,speed,16,16,0,0,0,0,8207
Yellow,nuke,speed,White,firebomb,wall,16,0,0,0,0,16,6934
Yellow,nuke,speed,White,snipe,heal,16,16,0,0,0,0,8134
Yellow,nuke,speed,White,snipe,reinforcements,16,0,0,0,0,16,3499
Yellow,nuke,speed,White,snipe,speed,16,16,0,0,0,0,5000
Yellow,nuke,speed,White,snipe,wall,16,16,0,0,0,0,5038
Yellow,nuke,speed,White,freeze,heal,16,16,0,0,0,0,7724
Yellow,nuke,speed,White,freeze,reinforcements,16,0,0,0,0,16,3714
Yellow,nuke,speed,White,freeze,speed,16,16,0,0,0,0,5154
Yellow,nuke,speed,White,freeze,wall,16,16,0,0,0,0,7254
Yellow,nuke,speed,Yellow,nuke,heal,16,16,0,0,0,0,8272
Yellow,nuke,speed,Yellow,nuke,reinforcements,16,0,0,0,0,16,3439
Yellow,nuke,speed,Yellow,nuke,speed,16,16,0,0,0,0,6914
Yellow,nuke,speed,Yellow,nuke,wall,16,16,0,0,0,0,9361
Yellow,nuke,speed,Yellow,firebomb,heal,16,16,0,0,0,0,8256
Yellow,nuke,speed,Yellow,firebomb,reinforcements,16,0,0,0,0,16,3439
Yellow,nuke,speed,Yellow,firebomb,speed,16,0,0,14,0,2,9319
Yellow,nuke,speed,Yellow,firebomb,wall,16,16,0,0,0,0,8180
Yellow,nuke,speed,Yellow,snipe,heal,16,0,0,0,0,16,9566
Yellow,nuke,speed,Yellow,snipe,reinforcements,16,0,0,0,0,16,3439
Yellow,nuke,speed,Yellow,snipe,speed,16,0,0,0,0,16,9193
Yellow,nuke,speed,Yellow,snipe,wall,16,0,0,0,0,16,8526
Yellow,nuke,speed,Yellow,freeze,heal,16,16,0,0,0,0,8192
Yellow,nuke,speed,Yellow,freeze,reinforcements,16,0,0,0,0,16,3439
Yellow,nuke,speed,Yellow,freeze,speed,16,16,0,0,0,0,8776
Yellow,nuke,speed,Yellow,freeze,wall,16,16,0,0,0,0,8294
Yellow,nuke,wall,Black,nuke,heal,16,14,0,0,0,2,8362
Yellow,nuke,wall,Black,nuke,reinforcements,16,16,0,0,0,0,7774
Yellow,nuke,wall,Black,nuke,speed,16,0,0,0,0,16,8198
Yellow,nuke,wall,Black,nuke,wall,16,0,0,0,0,16,8359
Yellow,nuke,wall,Black,firebomb,heal,16,16,0,0,0,0,8629
Yellow,nuke,wall,Black,firebomb,reinforcements,16,0,0,0,0,16,6014
Yellow,nuke,wall,Black,firebomb,speed,16,0,0,0,0,16,8407
Yellow,nuke,wall,Black,firebomb,wall,16,0,0,16,0,0,8629
Yellow,nuke,wall,Black,snipe,heal,16,3,0,0,0,13,8407
Yellow,nuke,wall,Black,snipe,reinforcements,16,0,0,0,0,16,6514
Yellow,nuke,wall,Black,snipe,speed,16,0,0,0,0,16,8274
Yellow,nuke,wall,Black,snipe,wall,16,0,0,0,0,16,8116
Yellow,nuke,wall,Black,freeze,heal,16,0,0,16,0,0,8539
Yellow,nuke,wall,Black,freeze,reinforcements,16,0,0,0,0,16,5399
Yellow,nuke,wall,Black,freeze,speed,16,0,0,0,0,16,9069
Yellow,nuke,wall,Black,freeze,wall,16,16,0,0,0,0,8160
Yellow,nuke,wall,Blue,nuke,heal,16,0,0,0,0,16,8719
Yellow,nuke,wall,Blue,nuke,reinforcements,16,0,0,0,0,16,10489
Yellow,nuke,wall,Blue,nuke,speed,16,0,0,0,0,16,8375
Yellow,nuke,wall,Blue,nuke,wall,16,0,0,0,0,16,8479
Yellow,nuke,wall,Blue,firebomb,heal,16,16,0,0,0,0,8389
Yellow,nuke,wall,Blue,firebomb,reinforcements,16,0,0,0,0,16,8885
Yellow,nuke,wall,Blue,firebomb,speed,16,0,0,0,0,16,8628
Yellow,nuke,wall,Blue,firebomb,wall,16,14,0,0,0,2,8311
Yellow,nuke,wall,Blue,snipe,heal,16,0,0,0,0,16,8591
Yellow,nuke,wall,Blue,snipe,reinforcements,16,0,0,0,0,16,6492
Yellow,nuke,wall,Blue,snipe,speed,16,0,0,0,0,16,8753
Yellow,nuke,wall,Blue,snipe,wall,16,0,0,0,0,16,8326
Yellow,nuke,wall,Blue,freeze,heal,16,0,0,0,0,16,8599
Yellow,nuke,wall,Blue,freeze,reinforcements,16,16,0,0,0,0,9967
Yellow,nuke,wall,Blue,freeze,speed,16,0,0,0,0,16,8613
Yellow,nuke,wall,Blue,freeze,wall,16,11,0,0,0,5,8324
Yellow,nuke,wall,Green,nuke,heal,16,0,0,0,0,16,8172
Yellow,nuke,wall,Green,nuke,reinforcements,16,0,0,0,0,16,6464
Yellow,nuke,wall,Green,nuke,speed,16,0,0,0,0,16,8202
Yellow,nuke,wall,Green,nuke,wall,16,0,0,0,0,16,9127
Yellow,nuke,wall,Green,firebomb,heal,16,0,0,0,0,16,8437
Yellow,nuke,wall,Green,firebomb,reinforcements,16,0,0,0,0,16,6101
Yellow,nuke,wall,Green,firebomb,speed,16,0,0,0,0,16,8907
Yellow,nuke,wall,Green,firebomb,wall,16,0,0,0,0,16,8402
Yellow,nuke,wall,Green,snipe,heal,16,0,0,0,0,16,8169
Yellow,nuke,wall,Green,snipe,reinforcements,16,0,0,0,0,16,6080
Yellow,nuke,wall,Green,snipe,speed,16,0,0,0,0,16,8244
Yellow,nuke,wall,Green,snipe,wall,16,0,0,0,0,16,8968
Yellow,nuke,wall,Green,freeze,heal,16,0,0,0,0,16,6099
Yellow,nuke,wall,Green,freeze,reinforcements,16,0,0,0,0,16,6025
Yellow,nuke,wall,Green,freeze,speed,16,0,0,0,0,16,8499
Yellow,nuke,wall,Green,freeze,wall,16,0,0,0,0,16,8174
Yellow,nuke,wall,Orange,nuke,heal,16,2,0,0,0,14,8459
Yellow,nuke,wall,Orange,nuke,reinforcements,16,2,0,0,0,14,8193
Yellow,nuke,wall,Orange,nuke,speed,16,0,0,0,0,16,8533
Yellow,nuke,wall,Orange,nuke,wall,16,0,0,0,0,16,8300
Yellow,nuke,wall,Orange,firebomb,heal,16,6,0,0,0,10,8750
Yellow,nuke,wall,Orange,firebomb,reinforcements,16,10,0,0,0,6,9125
Yellow,nuke,wall,Orange,firebomb,speed,16,0,0,0,0,16,8484
Yellow,nuke,wall,Orange,firebomb,wall,16,0,0,0,0,16,8388
Yellow,nuke,wall,Orange,snipe,heal,16,0,0,0,0,16,8916
Yellow,nuke,wall,Orange,snipe,reinforcements,16,0,0,0,0,16,6303
Yellow,nuke,wall,Orange,snipe,speed,16,3,0,0,0,13,8385
Yellow,nuke,wall,Orange,snipe,wall,16,0,0,0,0,16,8256
Yellow,nuke,wall,Orange,freeze,heal,16,6,0,0,0,10,8689
Yellow,nuke,wall,Orange,freeze,reinforcements,16,16,0,0,0,0,7174
Yellow,nuke,wall,Orange,freeze,speed,16,1,0,0,0,15,8574
Yellow,nuke,wall,Orange,freeze,wall,16,6,0,0,0,10,7926
Yellow,nuke,wall,Purple,nuke,heal,16,0,0,0,0,16,8627
Yellow,nuke,wall,Purple,nuke,reinforcements,16,16,0,0,0,0,7524
Yellow,nuke,wall,Purple,nuke,speed,16,0,0,0,0,16,8365
Yellow,nuke,wall,Purple,nuke,wall,16,0,0,0,0,16,8446
Yellow,nuke,wall,Purple,firebomb,heal,16,0,0,0,0,16,8564
Yellow,nuke,wall,Purple,firebomb,reinforcements,16,0,0,0,0,16,5259
Yellow,nuke,wall,Purple,firebomb,speed,16,0,0,0,0,16,8387
Yellow,nuke,wall,Purple,firebomb,wall,16,0,0,0,0,16,7019
Yellow,nuke,wall,Purple,snipe,heal,16,0,0,0,0,16,8413
Yellow,nuke,wall,Purple,snipe,reinforcements,16,0,0,0,0,16,6498
Yellow,nuke,wall,Purple,snipe,speed,16,0,0,0,0,16,8490
Yellow,nuke,wall,Purple,snipe,wall,16,0,0,0,0,16,8436
Yellow,nuke,wall,Purple,freeze,heal,16,0,0,0,0,16,8713
Yellow,nuke,wall,Purple,freeze,reinforcements,16,16,0,0,0,0,7510
Yellow,nuke,wall,Purple,freeze,speed,16,0,0,0,0,16,8324
Yellow,nuke,wall,Purple,freeze,wall,16,0,0,0,0,16,7584
Yellow,nuke,wall,Red,nuke,heal,16,0,0,0,0,16,8585
Yellow,nuke,wall,Red,nuke,reinforcements,16,0,0,0,0,16,6977
Yellow,nuke,wall,Red,nuke,speed,16,0,0,0,0,16,8322
Yellow,nuke,wall,Red,nuke,wall,16,16,0,0,0,0,5760
Yellow,nuke,wall,Red,firebomb,heal,16,16,0,0,0,0,9254
Yellow,nuke,wall,Red,firebomb,reinforcements,16,0,0,0,0,16,8444
Yellow,nuke,wall,Red,firebomb,speed,16,0,0,0,0,16,8374
Yellow,nuke,wall,Red,firebomb,wall,16,0,0,0,0,16,8392
Yellow,nuke,wall,Red,snipe,heal,16,0,0,0,0,16,8248
Yellow,nuke,wall,Red,snipe,reinforcements,16,0,0,0,0,16,6555
Yellow,nuke,wall,Red,snipe,speed,16,0,0,0,0,16,10781
Yellow,nuke,wall,Red,snipe,wall,16,0,0,0,0,16,8175
Yellow,nuke,wall,Red,freeze,heal,16,0,0,0,0,16,8508
Yellow,nuke,wall,Red,freeze,reinforcements,16,0,0,0,0,16,6104
Yellow,nuke,wall,Red,freeze,speed,16,0,0,0,0,16,8449
Yellow,nuke,wall,Red,freeze,wall,16,16,0,0,0,0,8011
Yellow,nuke,wall,White,nuke,heal,16,16,0,0,0,0,7675
Yellow,nuke,wall,White,nuke,reinforcements,16,16,0,0,0,0,4608
Yellow,nuke,wall,White,nuke,speed,16,0,0,0,0,16,8476
Yellow,nuke,wall,White,nuke,wall,16,16,0,0,0,0,7504
Yellow,nuke,wall,White,firebomb,heal,16,16,0,0,0,0,7689
Yellow,nuke,wall,White,firebomb,reinforcements,16,16,0,0,0,0,5052
Yellow,nuke,wall,White,firebomb,speed,16,16,0,0,0,0,8139
Yellow,nuke,wall,White,firebomb,wall,16,16,0,0,0,0,7532
Yellow,nuke,wall,White,snipe,heal,16,0,0,0,0,16,8676
Yellow,nuke,wall,White,snipe,reinforcements,16,16,0,0,0,0,5161
Yellow,nuke,wall,White,snipe,speed,16,0,0,0,0,16,8343
Yellow,nuke,wall,White,snipe,wall,16,16,0,0,0,0,8068
Yellow,nuke,wall,White,freeze,heal,16,16,0,0,0,0,7541
Yellow,nuke,wall,White,freeze,reinforcements,16,16,0,0,0,0,4493
Yellow,nuke,wall,White,freeze,speed,16,16,0,0,0,0,7983
Yellow,nuke,wall,White,freeze,wall,16,16,0,0,0,0,7908
Yellow,nuke,wall,Yellow,nuke,heal,16,0,0,0,0,16,7105
Yellow,nuke,wall,Yellow,nuke,reinforcements,16,0,0,0,0,16,11256
Yellow,nuke,wall,Yellow,nuke,speed,16,0,0,0,0,16,8138
Yellow,nuke,wall,Yellow,nuke,wall,16,0,0,0,0,16,8220
Yellow,nuke,wall,Yellow,firebomb,heal,16,0,0,16,0,0,8509
Yellow,nuke,wall,Yellow,firebomb,reinforcements,16,16,0,0,0,0,7477
Yellow,nuke,wall,Yellow,firebomb,speed,16,0,0,0,0,16,8443
Yellow,nuke,wall,Yellow,firebomb,wall,16,16,0,0,0,0,8192
Yellow,nuke,wall,Yellow,snipe,heal,16,0,0,0,0,16,7236
Yellow,nuke,wall,Yellow,snipe,reinforcements,16,0,0,0,0,16,10782
Yellow,nuke,wall,Yellow,snipe,speed,16,0,0,0,0,16,8272
Yellow,nuke,wall,Yellow,snipe,wall,16,0,0,0,0,16,8156
Yellow,nuke,wall,Yellow,freeze,heal,16,0,0,0,0,16,8302
Yellow,nuke,wall,Yellow,freeze,reinforcements,16,16,0,0,0,0,7705
Yellow,nuke,wall,Yellow,freeze,speed,16,0,0,0,0,16,9704
Yellow,nuke,wall,Yellow,freeze,wall,16,16,0,0,0,0,8142
Yellow,firebomb,heal,Black,nuke,heal,16,0,0,0,0,16,8492
Yellow,firebomb,heal,Black,nuke,reinforcements,16,16,0,0,0,0,7045
Yellow,firebomb,heal,Black,nuke,speed,16,0,0,0,0,16,8506
Yellow,firebomb,heal,Black,nuke,wall,16,0,0,0,0,16,8629
Yellow,firebomb,heal,Black,firebomb,heal,16,0,0,0,0,16,8592
Yellow,firebomb,heal,Black,firebomb,reinforcements,16,0,0,0,0,16,9455
Yellow,firebomb,heal,Black,firebomb,speed,16,0,0,0,0,16,8726
Yellow,firebomb,heal,Black,firebomb,wall,16,16,0,0,0,0,8348
Yellow,firebomb,heal,Black,snipe,heal,16,0,0,0,0,16,8469
Yellow,firebomb,heal,Black,snipe,reinforcements,16,0,0,0,0,16,9443
Yellow,firebomb,heal,Black,snipe,speed,16,0,0,0,0,16,8681
Yellow,firebomb,heal,Black,snipe,wall,16,0,0,0,0,16,8518
Yellow,firebomb,heal,Black,freeze,heal,16,11,0,0,0,5,8617
Yellow,firebomb,heal,Black,freeze,reinforcements,16,16,0,0,0,0,7332
Yellow,firebomb,heal,Black,freeze,speed,16,0,0,0,0,16,8620
Yellow,firebomb,heal,Black,freeze,wall,16,12,0,0,0,4,8423
Yellow,firebomb,heal,Blue,nuke,heal,16,16,0,0,0,0,8349
Yellow,firebomb,heal,Blue,nuke,reinforcements,16,16,0,0,0,0,8204
Yellow,firebomb,heal,Blue,nuke,speed,16,16,0,0,0,0,5104
Yellow,firebomb,heal,Blue,nuke,wall,16,16,0,0,0,0,8342
Yellow,firebomb,heal,Blue,firebomb,heal,16,0,0,0,0,16,8869
Yellow,firebomb,heal,Blue,firebomb,reinforcements,16,0,0,0,0,16,11099
Yellow,firebomb,heal,Blue,firebomb,speed,16,0,0,0,0,16,8611
Yellow,firebomb,heal,Blue,firebomb,wall,16,16,0,0,0,0,8373
Yellow,firebomb,heal,Blue,snipe,heal,16,0,0,0,0,16,9012
Yellow,firebomb,heal,Blue,snipe,reinforcements,16,0,0,0,0,16,9436
Yellow,firebomb,heal,Blue,snipe,speed,16,0,0,0,0,16,8703
Yellow,firebomb,heal,Blue,snipe,wall,16,0,0,0,0,16,8586
Yellow,firebomb,heal,Blue,freeze,heal,16,16,0,0,0,0,8578
Yellow,firebomb,heal,Blue,freeze,reinforcements,16,16,0,0,0,0,7564
Yellow,firebomb,heal,Blue,freeze,speed,16,0,0,0,0,16,8574
Yellow,firebomb,heal,Blue,freeze,wall,16,12,0,0,0,4,8522
Yellow,firebomb,heal,Green,nuke,heal,16,0,0,0,0,16,8438
Yellow,firebomb,heal,Green,nuke,reinforcements,16,0,0,0,0,16,6400
Yellow,firebomb,heal,Green,nuke,speed,16,0,0,0,0,16,8334
Yellow,firebomb,heal,Green,nuke,wall,16,16,0,0,0,0,4733
Yellow,firebomb,heal,Green,firebomb,heal,16,0,0,0,0,16,8468
Yellow,firebomb,heal,Green,firebomb,reinforcements,16,0,0,0,0,16,5354
Yellow,firebomb,heal,Green,firebomb,speed,16,0,0,0,0,16,8446
Yellow,firebomb,heal,Green,firebomb,wall,16,0,0,0,0,16,8595
Yellow,firebomb,heal,Green,snipe,heal,16,0,0,0,0,16,8457
Yellow,firebomb,heal,Green,snipe,reinforcements,16,0,0,0,0,16,6557
Yellow,firebomb,heal,Green,snipe,speed,16,0,0,0,0,16,8252
Yellow,firebomb,heal,Green,snipe,wall,16,0,0,0,0,16,8347
Yellow,firebomb,heal,Green,freeze,heal,16,0,0,0,0,16,8598
Yellow,firebomb,heal,Green,freeze,reinforcements,16,0,0,0,0,16,6292
Yellow,firebomb,heal,Green,freeze,speed,16,0,0,0,0,16,8362
Yellow,firebomb,heal,Green,freeze,wall,16,0,0,0,0,16,8566
Yellow,firebomb,heal,Orange,nuke,heal,16,3,0,0,0,13,8490
Yellow,firebomb,heal,Orange,nuke,reinforcements,16,7,0,0,0,9,8652
Yellow,firebomb,heal,Orange,nuke,speed,16,1,0,0,0,15,8178
Yellow,firebomb,heal,Orange,nuke,wall,16,0,0,0,0,16,8407
Yellow,firebomb,heal,Orange,firebomb,heal,16,5,0,0,0,11,9003
Yellow,firebomb,heal,Orange,firebomb,reinforcements,16,3,0,0,0,13,9194
Yellow,firebomb,heal,Orange,firebomb,speed,16,0,0,0,0,16,9018
Yellow,firebomb,heal,Orange,firebomb,wall,16,0,0,0,0,16,8594
Yellow,firebomb,heal,Orange,snipe,heal,16,0,0,0,0,16,8609
Yellow,firebomb,heal,Orange,snipe,reinforcements,16,0,0,0,0,16,6603
Yellow,firebomb,heal,Orange,snipe,speed,16,0,0,0,0,16,8978
Yellow,firebomb,heal,Orange,snipe,wall,16,0,0,0,0,16,9206
Yellow,firebomb,heal,Orange,freeze,heal,16,3,0,0,0,13,8804
Yellow,firebomb,heal,Orange,freeze,reinforcements,16,16,0,0,0,0,7377
Yellow,firebomb,heal,Orange,freeze,speed,16,3,0,0,0,13,9248
Yellow,firebomb,heal,Orange,freeze,wall,16,0,0,0,0,16,8508
Yellow,firebomb,heal,Purple,nuke,heal,16,0,0,0,0,16,8710
Yellow,firebomb,heal,Purple,nuke,reinforcements,16,16,0,0,0,0,8152
Yellow,firebomb,heal,Purple,nuke,speed,16,0,0,0,0,16,8654
Yellow,firebomb,heal,Purple,nuke,wall,16,0,0,0,0,16,8539
Yellow,firebomb,heal,Purple,firebomb,heal,16,0,0,0,0,16,8656
Yellow,firebomb,heal,Purple,firebomb,reinforcements,16,0,0,0,0,16,11629
Yellow,firebomb,heal,Purple,firebomb,speed,16,0,0,0,0,16,8791
Yellow,firebomb,heal,Purple,firebomb,wall,16,16,0,0,0,0,8402
Yellow,firebomb,heal,Purple,snipe,heal,16,0,0,0,0,16,8436
Yellow,firebomb,heal,Purple,snipe,reinforcements,16,0,0,0,0,16,9524
Yellow,firebomb,heal,Purple,snipe,speed,16,0,0,0,0,16,8741
Yellow,firebomb,heal,Purple,snipe,wall,16,0,0,0,0,16,8595
Yellow,firebomb,heal,Purple,freeze,heal,16,16,0,0,0,0,8726
Yellow,firebomb,heal,Purple,freeze,reinforcements,16,0,0,0,0,16,5863
Yellow,firebomb,heal,Purple,freeze,speed,16,0,0,0,0,16,11563
Yellow,firebomb,heal,Purple,freeze,wall,16,0,0,0,0,16,8712
Yellow,firebomb,heal,Red,nuke,heal,16,16,0,0,0,0,5784
Yellow,firebomb,heal,Red,nuke,reinforcements,16,0,0,0,0,16,6554
Yellow,firebomb,heal,Red,nuke,speed,16,16,0,0,0,0,6604
Yellow,firebomb,heal,Red,nuke,wall,16,0,0,0,0,16,8321
Yellow,firebomb,heal,Red,firebomb,heal,16,0,0,0,0,16,7748
Yellow,firebomb,heal,Red,firebomb,reinforcements,16,0,0,0,0,16,8247
Yellow,firebomb,heal,Red,firebomb,speed,16,0,0,0,0,16,8326
Yellow,firebomb,heal,Red,firebomb,wall,16,0,0,0,0,16,8329
Yellow,firebomb,heal,Red,snipe,heal,16,0,0,0,0,16,7007
Yellow,firebomb,heal,Red,snipe,reinforcements,16,0,0,0,0,16,5756
Yellow,firebomb,heal,Red,snipe,speed,16,0,0,0,0,16,6637
Yellow,firebomb,heal,Red,snipe,wall,16,0,0,0,0,16,8272
Yellow,firebomb,heal,Red,freeze,heal,16,6,0,0,0,10,9788
Yellow,firebomb,heal,Red,freeze,reinforcements,16,0,0,0,0,16,5939
Yellow,firebomb,heal,Red,freeze,speed,16,0,0,0,0,16,8159
Yellow,firebomb,heal,Red,freeze,wall,16,0,0,0,0,16,8509
Yellow,firebomb,heal,White,nuke,heal,16,16,0,0,0,0,7606
Yellow,firebomb,heal,White,nuke,reinforcements,16,16,0,0,0,0,5484
Yellow,firebomb,heal,White,nuke,speed,16,16,0,0,0,0,8434
Yellow,firebomb,heal,White,nuke,wall,16,16,0,0,0,0,7622
Yellow,firebomb,heal,White,firebomb,heal,16,16,0,0,0,0,7781
Yellow,firebomb,heal,White,firebomb,reinforcements,16,16,0,0,0,0,6319
Yellow,firebomb,heal,White,firebomb,speed,16,16,0,0,0,0,7990
Yellow,firebomb,heal,White,firebomb,wall,16,16,0,0,0,0,7662
Yellow,firebomb,heal,White,snipe,heal,16,16,0,0,0,0,8032
Yellow,firebomb,heal,White,snipe,reinforcements,16,16,0,0,0,0,5225
Yellow,firebomb,heal,White,snipe,speed,16,0,0,0,0,16,8658
Yellow,firebomb,heal,White,snipe,wall,16,0,0,0,0,16,8390
Yellow,firebomb,heal,White,freeze,heal,16,0,0,0,0,16,6812
Yellow,firebomb,heal,White,freeze,reinforcements,16,16,0,0,0,0,5448
Yellow,firebomb,heal,White,freeze,speed,16,16,0,0,0,0,8989
Yellow,firebomb,heal,White,freeze,wall,16,16,0,0,0,0,4799
Yellow,firebomb,heal,Yellow,nuke,heal,16,16,0,0,0,0,5779
Yellow,firebomb,heal,Yellow,nuke,reinforcements,16,16,0,0,0,0,7599
Yellow,firebomb,heal,Yellow,nuke,speed,16,0,0,0,0,16,8297
Yellow,firebomb,heal,Yellow,nuke,wall,16,0,0,0,0,16,8569
Yellow,firebomb,heal,Yellow,firebomb,heal,16,0,0,16,0,0,8599
Yellow,firebomb,heal,Yellow,firebomb,reinforcements,16,16,0,0,0,0,7377
Yellow,firebomb,heal,Yellow,firebomb,speed,16,16,0,0,0,0,7944
Yellow,firebomb,heal,Yellow,firebomb,wall,16,0,0,0,0,16,8599
Yellow,firebomb,heal,Yellow,snipe,heal,16,0,0,0,0,16,8007
Yellow,firebomb,heal,Yellow,snipe,reinforcements,16,16,0,0,0,0,7292
Yellow,firebomb,heal,Yellow,snipe,speed,16,0,0,0,0,16,7987
Yellow,firebomb,heal,Yellow,snipe,wall,16,0,0,0,0,16,8301
Yellow,firebomb,heal,Yellow,freeze,heal,16,16,0,0,0,0,8599
Yellow,firebomb,heal,Yellow,freeze,reinforcements,16,16,0,0,0,0,7768
Yellow,firebomb,heal,Yellow,freeze,speed,16,0,0,0,0,16,8455
Yellow,firebomb,heal,Yellow,freeze,wall,16,0,0,16,0,0,8599
Yellow,firebomb,reinforcements,Black,nuke,heal,16,16,0,0,0,0,3519
Yellow,firebomb,reinforcements,Black,nuke,reinforcements,16,16,0,0,0,0,4694
Yellow,firebomb,reinforcements,Black,nuke,speed,16,16,0,0,0,0,3504
Yellow,firebomb,reinforcements,Black,nuke,wall,16,16,0,0,0,0,5434
Yellow,firebomb,reinforcements,Black,firebomb,heal,16,16,0,0,0,0,9638
Yellow,firebomb,reinforcements,Black,firebomb,reinforcements,16,16,0,0,0,0,8710
Yellow,firebomb,reinforcements,Black,firebomb,speed,16,0,0,0,0,16,8340
Yellow,firebomb,reinforcements,Black,firebomb,wall,16,12,0,0,0,4,10240
Yellow,firebomb,reinforcements,Black,snipe,heal,16,0,0,0,0,16,15939
Yellow,firebomb,reinforcements,Black,snipe,reinforcements,16,0,0,0,0,16,13095
Yellow,firebomb,reinforcements,Black,snipe,speed,16,0,0,0,0,16,6538
Yellow,firebomb,reinforcements,Black,snipe,wall,16,0,0,0,0,16,7827
Yellow,firebomb,reinforcements,Black,freeze,heal,16,16,0,0,0,0,8970
Yellow,firebomb,reinforcements,Black,freeze,reinforcements,16,0,0,0,0,16,6520
Yellow,firebomb,reinforcements,Black,freeze,speed,16,16,0,0,0,0,9553
Yellow,firebomb,reinforcements,Black,freeze,wall,16,16,0,0,0,0,9152
Yellow,firebomb,reinforcements,Blue,nuke,heal,16,16,0,0,0,0,3854
Yellow,firebomb,reinforcements,Blue,nuke,reinforcements,16,0,0,0,0,16,8049
Yellow,firebomb,reinforcements,Blue,nuke,speed,16,16,0,0,0,0,4104
Yellow,firebomb,reinforcements,Blue,nuke,wall,16,16,0,0,0,0,4599
Yellow,firebomb,reinforcements,Blue,firebomb,heal,16,0,0,0,0,16,6248
Yellow,firebomb,reinforcements,Blue,firebomb,reinforcements,16,0,0,0,0,16,7902
Yellow,firebomb,reinforcements,Blue,firebomb,speed,16,0,0,0,0,16,6118
Yellow,firebomb,reinforcements,Blue,firebomb,wall,16,0,0,0,0,16,11151
Yellow,firebomb,reinforcements,Blue,snipe,heal,16,0,0,0,0,16,6049
Yellow,firebomb,reinforcements,Blue,snipe,reinforcements,16,0,0,0,0,16,6542
Yellow,firebomb,reinforcements,Blue,snipe,speed,16,0,0,0,0,16,5793
Yellow,firebomb,reinforcements,Blue,snipe,wall,16,0,0,0,0,16,6222
Yellow,firebomb,reinforcements,Blue,freeze,heal,16,0,0,0,0,16,8306
Yellow,firebomb,reinforcements,Blue,freeze,reinforcements,16,0,0,0,0,16,11748
Yellow,firebomb,reinforcements,Blue,freeze,speed,16,0,0,0,0,16,6748
Yellow,firebomb,reinforcements,Blue,freeze,wall,16,0,0,0,0,16,8866
Yellow,firebomb,reinforcements,Green,nuke,heal,16,16,0,0,0,0,3524
Yellow,firebomb,reinforcements,Green,nuke,reinforcements,16,0,0,0,0,16,5205
Yellow,firebomb,reinforcements,Green,nuke,speed,16,16,0,0,0,0,3489
Yellow,firebomb,reinforcements,Green,nuke,wall,16,16,0,0,0,0,5969
Yellow,firebomb,reinforcements,Green,firebomb,heal,16,0,0,0,0,16,6791
Yellow,firebomb,reinforcements,Green,firebomb,reinforcements,16,0,0,0,0,16,5804
Yellow,firebomb,reinforcements,Green,firebomb,speed,16,0,0,0,0,16,6769
Yellow,firebomb,reinforcements,Green,firebomb,wall,16,0,0,0,0,16,5472
Yellow,firebomb,reinforcements,Green,snipe,heal,16,0,0,0,0,16,6023
Yellow,firebomb,reinforcements,Green,snipe,reinforcements,16,0,0,0,0,16,5839
Yellow,firebomb,reinforcements,Green,snipe,speed,16,0,0,0,0,16,6039
Yellow,firebomb,reinforcements,Green,snipe,wall,16,0,0,0,0,16,4914
Yellow,firebomb,reinforcements,Green,freeze,heal,16,0,0,0,0,16,8442
Yellow,firebomb,reinforcements,Green,freeze,reinforcements,16,0,0,0,0,16,6169
Yellow,firebomb,reinforcements,Green,freeze,speed,16,0,0,0,0,16,6093
Yellow,firebomb,reinforcements,Green,freeze,wall,16,0,0,0,0,16,5879
Yellow,firebomb,reinforcements,Orange,nuke,heal,16,16,0,0,0,0,4108
Yellow,firebomb,reinforcements,Orange,nuke,reinforcements,16,16,0,0,0,0,6332
Yellow,firebomb,reinforcements,Orange,nuke,speed,16,16,0,0,0,0,3959
Yellow,firebomb,reinforcements,Orange,nuke,wall,16,15,0,0,0,1,6700
Yellow,firebomb,reinforcements,Orange,firebomb,heal,16,0,0,0,0,16,10323
Yellow,firebomb,reinforcements,Orange,firebomb,reinforcements,16,16,0,0,0,0,6285
Yellow,firebomb,reinforcements,Orange,firebomb,speed,16,0,0,0,0,16,7714
Yellow,firebomb,reinforcements,Orange,firebomb,wall,16,0,0,0,0,16,10769
Yellow,firebomb,reinforcements,Orange,snipe,heal,16,0,0,0,0,16,8440
Yellow,firebomb,reinforcements,Orange,snipe,reinforcements,16,16,0,0,0,0,6317
Yellow,firebomb,reinforcements,Orange,snipe,speed,16,0,0,0,0,16,7145
Yellow,firebomb,reinforcements,Orange,snipe,wall,16,0,0,0,0,16,9248
Yellow,firebomb,reinforcements,Orange,freeze,heal,16,0,0,0,0,16,11052
Yellow,firebomb,reinforcements,Orange,freeze,reinforcements,16,12,0,1,0,3,11418
Yellow,firebomb,reinforcements,Orange,freeze,speed,16,0,0,0,0,16,10648
Yellow,firebomb,reinforcements,Orange,freeze,wall,16,15,0,0,0,1,10876
Yellow,firebomb,reinforcements,Purple,nuke,heal,16,16,0,0,0,0,6033
Yellow,firebomb,reinforcements,Purple,nuke,reinforcements,16,16,0,0,0,0,8362
Yellow,firebomb,reinforcements,Purple,nuke,speed,16,0,0,0,0,16,6117
Yellow,firebomb,reinforcements,Purple,nuke,wall,16,16,0,0,0,0,9184
Yellow,firebomb,reinforcements,Purple,firebomb,heal,16,16,0,0,0,0,12640
Yellow,firebomb,reinforcements,Purple,firebomb,reinforcements,16,0,0,0,0,16,6592
Yellow,firebomb,reinforcements,Purple,firebomb,speed,16,0,0,0,0,16,6147
Yellow,firebomb,reinforcements,Purple,firebomb,wall,16,0,0,0,0,16,11092
Yellow,firebomb,reinforcements,Purple,snipe,heal,16,0,0,0,0,16,8633
Yellow,firebomb,reinforcements,Purple,snipe,reinforcements,16,0,0,0,0,16,6182
Yellow,firebomb,reinforcements,Purple,snipe,speed,16,0,0,0,0,16,5977
Yellow,firebomb,reinforcements,Purple,snipe,wall,16,0,0,0,0,16,8988
Yellow,firebomb,reinforcements,Purple,freeze,heal,16,0,0,0,0,16,7003
Yellow,firebomb,reinforcements,Purple,freeze,reinforcements,16,16,0,0,0,0,6917
Yellow,firebomb,reinforcements,Purple,freeze,speed,16,0,0,0,0,16,6428
Yellow,firebomb,reinforcements,Purple,freeze,wall,16,16,0,0,0,0,11809
Yellow,firebomb,reinforcements,Red,nuke,heal,16,16,0,0,0,0,3359
Yellow,firebomb,reinforcements,Red,nuke,reinforcements,16,0,0,0,0,16,5300
Yellow,firebomb,reinforcements,Red,nuke,speed,16,16,0,0,0,0,3359
Yellow,firebomb,reinforcements,Red,nuke,wall,16,16,0,0,0,0,4544
Yellow,firebomb,reinforcements,Red,firebomb,heal,16,0,0,0,0,16,7451
Yellow,firebomb,reinforcements,Red,firebomb,reinforcements,16,0,0,0,0,16,6202
Yellow,firebomb,reinforcements,Red,firebomb,speed,16,0,0,0,0,16,7047
Yellow,firebomb,reinforcements,Red,firebomb,wall,16,0,0,0,0,16,10802
Yellow,firebomb,reinforcements,Red,snipe,heal,16,0,0,0,0,16,5085
Yellow,firebomb,reinforcements,Red,snipe,reinforcements,16,0,0,0,0,16,5408
Yellow,firebomb,reinforcements,Red,snipe,speed,16,0,0,0,0,16,5691
Yellow,firebomb,reinforcements,Red,snipe,wall,16,0,0,0,0,16,6120
Yellow,firebomb,reinforcements,Red,freeze,heal,16,0,0,0,0,16,6205
Yellow,firebomb,reinforcements,Red,freeze,reinforcements,16,0,0,0,0,16,5900
Yellow,firebomb,reinforcements,Red,freeze,speed,16,0,0,0,0,16,6164
Yellow,firebomb,reinforcements,Red,freeze,wall,16,0,0,0,0,16,7492
Yellow,firebomb,reinforcements,White,nuke,heal,16,16,0,0,0,0,4309
Yellow,firebomb,reinforcements,White,nuke,reinforcements,16,16,0,0,0,0,5124
Yellow,firebomb,reinforcements,White,nuke,speed,16,16,0,0,0,0,5944
Yellow,firebomb,reinforcements,White,nuke,wall,16,16,0,0,0,0,7912
Yellow,firebomb,reinforcements,White,firebomb,heal,16,16,0,0,0,0,8133
Yellow,firebomb,reinforcements,White,firebomb,reinforcements,16,16,0,0,0,0,4957
Yellow,firebomb,reinforcements,White,firebomb,speed,16,16,0,0,0,0,14802
Yellow,firebomb,reinforcements,White,firebomb,wall,16,16,0,0,0,0,8436
Yellow,firebomb,reinforcements,White,snipe,heal,16,0,0,0,0,16,8064
Yellow,firebomb,reinforcements,White,snipe,reinforcements,16,16,0,0,0,0,4815
Yellow,firebomb,reinforcements,White,snipe,speed,16,0,0,0,0,16,7584
Yellow,firebomb,reinforcements,White,snipe,wall,16,0,0,0,0,16,6889
Yellow,firebomb,reinforcements,White,freeze,heal,16,16,0,0,0,0,7847
Yellow,firebomb,reinforcements,White,freeze,reinforcements,16,16,0,0,0,0,4573
Yellow,firebomb,reinforcements,White,freeze,speed,16,16,0,0,0,0,8457
Yellow,firebomb,reinforcements,White,freeze,wall,16,16,0,0,0,0,8039
Yellow,firebomb,reinforcements,Yellow,nuke,heal,16,16,0,0,0,0,3439
Yellow,firebomb,reinforcements,Yellow,nuke,reinforcements,16,16,0,0,0,0,9758
Yellow,firebomb,reinforcements,Yellow,nuke,speed,16,16,0,0,0,0,3439
Yellow,firebomb,reinforcements,Yellow,nuke,wall,16,16,0,0,0,0,4559
Yellow,firebomb,reinforcements,Yellow,firebomb,heal,16,0,0,0,0,16,7533
Yellow,firebomb,reinforcements,Yellow,firebomb,reinforcements,16,0,0,16,0,0,10669
Yellow,firebomb,reinforcements,Yellow,firebomb,speed,16,0,0,0,0,16,6495
Yellow,firebomb,reinforcements,Yellow,firebomb,wall,16,16,0,0,0,0,9354
Yellow,firebomb,reinforcements,Yellow,snipe,heal,16,0,0,0,0,16,6143
Yellow,firebomb,reinforcements,Yellow,snipe,reinforcements,16,0,0,0,0,16,6969
Yellow,firebomb,reinforcements,Yellow,snipe,speed,16,0,0,0,0,16,6093
Yellow,firebomb,reinforcements,Yellow,snipe,wall,16,0,0,0,0,16,6334
Yellow,firebomb,reinforcements,Yellow,freeze,heal,16,0,0,0,0,16,7522
Yellow,firebomb,reinforcements,Yellow,freeze,reinforcements,16,0,0,0,0,16,6034
Yellow,firebomb,reinforcements,Yellow,freeze,speed,16,0,0,0,0,16,7261
Yellow,firebomb,reinforcements,Yellow,freeze,wall,16,16,0,0,0,0,8996
Yellow,firebomb,speed,Black,nuke,heal,16,0,0,0,0,16,7759
Yellow,firebomb,speed,Black,nuke,reinforcements,16,16,0,0,0,0,7361
Yellow,firebomb,speed,Black,nuke,speed,16,16,0,0,0,0,6179
Yellow,firebomb,speed,Black,nuke,wall,16,16,0,0,0,0,8348
Yellow,firebomb,speed,Black,firebomb,heal,16,16,0,0,0,0,8744
Yellow,firebomb,speed,Black,firebomb,reinforcements,16,16,0,0,0,0,7606
Yellow,firebomb,speed,Black,firebomb,speed,16,0,0,0,0,16,9321
Yellow,firebomb,speed,Black,firebomb,wall,16,16,0,0,0,0,8376
Yellow,firebomb,speed,Black,snipe,heal,16,0,0,0,0,16,8655
Yellow,firebomb,speed,Black,snipe,reinforcements,16,16,0,0,0,0,14592
Yellow,firebomb,speed,Black,snipe,speed,16,0,0,0,0,16,9094
Yellow,firebomb,speed,Black,snipe,wall,16,16,0,0,0,0,9679
Yellow,firebomb,speed,Black,freeze,heal,16,16,0,0,0,0,8600
Yellow,firebomb,speed,Black,freeze,reinforcements,16,16,0,0,0,0,7383
Yellow,firebomb,speed,Black,freeze,speed,16,16,0,0,0,0,9326
Yellow,firebomb,speed,Black,freeze,wall,16,16,0,0,0,0,8496
Yellow,firebomb,speed,Blue,nuke,heal,16,16,0,0,0,0,8524
Yellow,firebomb,speed,Blue,nuke,reinforcements,16,16,0,0,0,0,7484
Yellow,firebomb,speed,Blue,nuke,speed,16,16,0,0,0,0,5024
Yellow,firebomb,speed,Blue,nuke,wall,16,16,0,0,0,0,8382
Yellow,firebomb,speed,Blue,firebomb,heal,16,16,0,0,0,0,8470
Yellow,firebomb,speed,Blue,firebomb,reinforcements,16,16,0,0,0,0,7295
Yellow,firebomb,speed,Blue,firebomb,speed,16,8,0,0,0,8,9617
Yellow,firebomb,speed,Blue,firebomb,wall,16,16,0,0,0,0,8431
Yellow,firebomb,speed,Blue,snipe,heal,16,16,0,0,0,0,9315
Yellow,firebomb,speed,Blue,snipe,reinforcements,16,0,0,0,16,0,18000
Yellow,firebomb,speed,Blue,snipe,speed,16,0,0,0,0,16,9764
Yellow,firebomb,speed,Blue,snipe,wall,16,16,0,0,0,0,9100
Yellow,firebomb,speed,Blue,freeze,heal,16,16,0,0,0,0,8466
Yellow,firebomb,speed,Blue,freeze,reinforcements,16,16,0,0,0,0,6853
Yellow,firebomb,speed,Blue,freeze,speed,16,16,0,0,0,0,9070
Yellow,firebomb,speed,Blue,freeze,wall,16,16,0,0,0,0,8346
Yellow,firebomb,speed,Green,nuke,heal,16,0,0,0,0,16,9433
Yellow,firebomb,speed,Green,nuke,reinforcements,16,16,0,0,0,0,13504
Yellow,firebomb,speed,Green,nuke,speed,16,16,0,0,0,0,7334
Yellow,firebomb,speed,Green,nuke,wall,16,16,0,0,0,0,4687
Yellow,firebomb,speed,Green,firebomb,heal,16,16,0,0,0,0,4871
Yellow,firebomb,speed,Green,firebomb,reinforcements,16,16,0,0,0,0,9240
Yellow,firebomb,speed,Green,firebomb,speed,16,0,0,0,0,16,10781
Yellow,firebomb,speed,Green,firebomb,wall,16,16,0,0,0,0,10132
Yellow,firebomb,speed,Green,snipe,heal,16,16,0,0,0,0,9277
Yellow,firebomb,speed,Green,snipe,reinforcements,16,0,0,0,16,0,18000
Yellow,firebomb,speed,Green,snipe,speed,16,0,0,0,0,16,9230
Yellow,firebomb,speed,Green,snipe,wall,16,16,0,0,0,0,10001
Yellow,firebomb,speed,Green,freeze,heal,16,16,0,0,0,0,4889
Yellow,firebomb,speed,Green,freeze,reinforcements,16,0,0,0,0,16,6234
Yellow,firebomb,speed,Green,freeze,speed,16,0,0,0,0,16,9150
Yellow,firebomb,speed,Green,freeze,wall,16,16,0,0,0,0,10709
Yellow,firebomb,speed,Orange,nuke,heal,16,14,0,0,0,2,7038
Yellow,firebomb,speed,Orange,nuke,reinforcements,16,16,0,0,0,0,7585
Yellow,firebomb,speed,Orange,nuke,speed,16,16,0,0,0,0,8003
Yellow,firebomb,speed,Orange,nuke,wall,16,15,0,0,0,1,8763
Yellow,firebomb,speed,Orange,firebomb,heal,16,15,0,0,0,1,9030
Yellow,firebomb,speed,Orange,firebomb,reinforcements,16,16,0,0,0,0,7670
Yellow,firebomb,speed,Orange,firebomb,speed,16,0,0,0,0,16,9307
Yellow,firebomb,speed,Orange,firebomb,wall,16,14,0,0,0,2,9255
Yellow,firebomb,speed,Orange,snipe,heal,16,0,0,0,0,16,9381
Yellow,firebomb,speed,Orange,snipe,reinforcements,16,0,0,0,0,16,7003
Yellow,firebomb,speed,Orange,snipe,speed,16,1,0,0,0,15,9784
Yellow,firebomb,speed,Orange,snipe,wall,16,12,0,0,0,4,10064
Yellow,firebomb,speed,Orange,freeze,heal,16,11,0,0,0,5,9039
Yellow,firebomb,speed,Orange,freeze,reinforcements,16,16,0,0,0,0,7062
Yellow,firebomb,speed,Orange,freeze,speed,16,8,0,0,0,8,8846
Yellow,firebomb,speed,Orange,freeze,wall,16,16,0,0,0,0,8808
Yellow,firebomb,speed,Purple,nuke,heal,16,16,0,0,0,0,9231
Yellow,firebomb,speed,Purple,nuke,reinforcements,16,16,0,0,0,0,5822
Yellow,firebomb,speed,Purple,nuke,speed,16,16,0,0,0,0,7389
Yellow,firebomb,speed,Purple,nuke,wall,16,16,0,0,0,0,9175
Yellow,firebomb,speed,Purple,firebomb,heal,16,16,0,0,0,0,9578
Yellow,firebomb,speed,Purple,firebomb,reinforcements,16,16,0,0,0,0,6102
Yellow,firebomb,speed,Purple,firebomb,speed,16,0,0,0,0,16,9416
Yellow,firebomb,speed,Purple,firebomb,wall,16,12,0,0,0,4,9399
Yellow,firebomb,speed,Purple,snipe,heal,16,0,0,0,0,16,9241
Yellow,firebomb,speed,Purple,snipe,reinforcements,16,16,0,0,0,0,6027
Yellow,firebomb,speed,Purple,snipe,speed,16,0,0,0,0,16,7052
Yellow,firebomb,speed,Purple,snipe,wall,16,0,0,0,0,16,9426
Yellow,firebomb,speed,Purple,freeze,heal,16,0,0,0,0,16,9428
Yellow,firebomb,speed,Purple,freeze,reinforcements,16,16,0,0,0,0,6637
Yellow,firebomb,speed,Purple,freeze,speed,16,0,0,0,0,16,8660
Yellow,firebomb,speed,Purple,freeze,wall,16,16,0,0,0,0,9276
Yellow,firebomb,speed,Red,nuke,heal,16,0,0,0,0,16,9401
Yellow,firebomb,speed,Red,nuke,reinforcements,16,0,0,0,0,16,6158
Yellow,firebomb,speed,Red,nuke,speed,16,0,0,0,0,16,8677
Yellow,firebomb,speed,Red,nuke,wall,16,0,0,0,0,16,7021
Yellow,firebomb,speed,Red,firebomb,heal,16,0,0,0,0,16,9514
Yellow,firebomb,speed,Red,firebomb,reinforcements,16,16,0,0,0,0,7387
Yellow,firebomb,speed,Red,firebomb,speed,16,0,0,0,0,16,9984
Yellow,firebomb,speed,Red,firebomb,wall,16,0,0,0,0,16,9417
Yellow,firebomb,speed,Red,snipe,heal,16,0,0,0,0,16,8181
Yellow,firebomb,speed,Red,snipe,reinforcements,16,0,0,0,0,16,8719
Yellow,firebomb,speed,Red,snipe,speed,16,0,0,0,0,16,6498
Yellow,firebomb,speed,Red,snipe,wall,16,0,0,0,0,16,7828
Yellow,firebomb,speed,Red,freeze,heal,16,0,0,0,0,16,9514
Yellow,firebomb,speed,Red,freeze,reinforcements,16,0,0,0,0,16,5997
Yellow,firebomb,speed,Red,freeze,speed,16,0,0,0,0,16,5819
Yellow,firebomb,speed,Red,freeze,wall,16,0,0,0,0,16,9399
Yellow,firebomb,speed,White,nuke,heal,16,16,0,0,0,0,7741
Yellow,firebomb,speed,White,nuke,reinforcements,16,16,0,0,0,0,5364
Yellow,firebomb,speed,White,nuke,speed,16,16,0,0,0,0,8084
Yellow,firebomb,speed,White,nuke,wall,16,16,0,0,0,0,7578
Yellow,firebomb,speed,White,firebomb,heal,16,16,0,0,0,0,8213
Yellow,firebomb,speed,White,firebomb,reinforcements,16,16,0,0,0,0,5139
Yellow,firebomb,speed,White,firebomb,speed,16,16,0,0,0,0,5288
Yellow,firebomb,speed,White,firebomb,wall,16,16,0,0,0,0,4889
Yellow,firebomb,speed,White,snipe,heal,16,16,0,0,0,0,8242
Yellow,firebomb,speed,White,snipe,reinforcements,16,16,0,0,0,0,5103
Yellow,firebomb,speed,White,snipe,speed,16,16,0,0,0,0,7288
Yellow,firebomb,speed,White,snipe,wall,16,16,0,0,0,0,8222
Yellow,firebomb,speed,White,freeze,heal,16,16,0,0,0,0,7639
Yellow,firebomb,speed,White,freeze,reinforcements,16,16,0,0,0,0,5519
Yellow,firebomb,speed,White,freeze,speed,16,16,0,0,0,0,8210
Yellow,firebomb,speed,White,freeze,wall,16,16,0,0,0,0,7662
Yellow,firebomb,speed,Yellow,nuke,heal,16,16,0,0,0,0,5804
Yellow,firebomb,speed,Yellow,nuke,reinforcements,16,16,0,0,0,0,6969
Yellow,firebomb,speed,Yellow,nuke,speed,16,16,0,0,0,0,6961
Yellow,firebomb,speed,Yellow,nuke,wall,16,16,0,0,0,0,8241
Yellow,firebomb,speed,Yellow,firebomb,heal,16,16,0,0,0,0,8411
Yellow,firebomb,speed,Yellow,firebomb,reinforcements,16,16,0,0,0,0,6770
Yellow,firebomb,speed,Yellow,firebomb,speed,16,16,0,0,0,0,9296
Yellow,firebomb,speed,Yellow,firebomb,wall,16,16,0,0,0,0,8639
Yellow,firebomb,speed,Yellow,snipe,heal,16,16,0,0,0,0,10731
Yellow,firebomb,speed,Yellow,snipe,reinforcements,16,16,0,0,0,0,8518
Yellow,firebomb,speed,Yellow,snipe,speed,16,16,0,0,0,0,7139
Yellow,firebomb,speed,Yellow,snipe,wall,16,16,0,0,0,0,8709
Yellow,firebomb,speed,Yellow,freeze,heal,16,16,0,0,0,0,8497
Yellow,firebomb,speed,Yellow,freeze,reinforcements,16,16,0,0,0,0,6581
Yellow,firebomb,speed,Yellow,freeze,speed,16,16,0,0,0,0,9130
Yellow,firebomb,speed,Yellow,freeze,wall,16,16,0,0,0,0,8275
Yellow,firebomb,wall,Black,nuke,heal,16,16,0,0,0,0,5624
Yellow,firebomb,wall,Black,nuke,reinforcements,16,0,0,0,0,16,8979
Yellow,firebomb,wall,Black,nuke,speed,16,16,0,0,0,0,5179
Yellow,firebomb,wall,Black,nuke,wall,16,16,0,0,0,0,8629
Yellow,firebomb,wall,Black,firebomb,heal,16,0,0,16,0,0,8719
Yellow,firebomb,wall,Black,firebomb,reinforcements,16,0,0,0,0,16,9468
Yellow,firebomb,wall,Black,firebomb,speed,16,0,0,0,0,16,8444
Yellow,firebomb,wall,Black,firebomb,wall,16,0,0,16,0,0,8719
Yellow,firebomb,wall,Black,snipe,heal,16,0,0,0,0,16,8428
Yellow,firebomb,wall,Black,snipe,reinforcements,16,0,0,0,0,16,6319
Yellow,firebomb,wall,Black,snipe,speed,16,0,0,0,0,16,8242
Yellow,firebomb,wall,Black,snipe,wall,16,0,0,0,0,16,8575
Yellow,firebomb,wall,Black,freeze,heal,16,16,0,0,0,0,8599
Yellow,firebomb,wall,Black,freeze,reinforcements,16,0,0,0,0,16,9597
Yellow,firebomb,wall,Black,freeze,speed,16,0,0,0,0,16,8485
Yellow,firebomb,wall,Black,freeze,wall,16,16,0,0,0,0,8599
Yellow,firebomb,wall,Blue,nuke,heal,16,16,0,0,0,0,7229
Yellow,firebomb,wall,Blue,nuke,reinforcements,16,0,0,0,0,16,9542
Yellow,firebomb,wall,Blue,nuke,speed,16,16,0,0,0,0,6984
Yellow,firebomb,wall,Blue,nuke,wall,16,16,0,0,0,0,8322
Yellow,firebomb,wall,Blue,firebomb,heal,16,16,0,0,0,0,8719
Yellow,firebomb,wall,Blue,firebomb,reinforcements,16,0,0,0,0,16,9330
Yellow,firebomb,wall,Blue,firebomb,speed,16,0,0,0,0,16,8808
Yellow,firebomb,wall,Blue,firebomb,wall,16,0,0,0,0,16,8629
Yellow,firebomb,wall,Blue,snipe,heal,16,0,0,0,0,16,8599
Yellow,firebomb,wall,Blue,snipe,reinforcements,16,0,0,0,0,16,6247
Yellow,firebomb,wall,Blue,snipe,speed,16,0,0,0,0,16,8728
Yellow,firebomb,wall,Blue,snipe,wall,16,0,0,0,0,16,8358
Yellow,firebomb,wall,Blue,freeze,heal,16,15,0,0,0,1,8372
Yellow,firebomb,wall,Blue,freeze,reinforcements,16,0,0,0,0,16,10014
Yellow,firebomb,wall,Blue,freeze,speed,16,0,0,0,0,16,8572
Yellow,firebomb,wall,Blue,freeze,wall,16,15,0,0,0,1,8370
Yellow,firebomb,wall,Green,nuke,heal,16,0,0,0,0,16,8450
Yellow,firebomb,wall,Green,nuke,reinforcements,16,0,0,0,0,16,7561
Yellow,firebomb,wall,Green,nuke,speed,16,0,0,0,0,16,8353
Yellow,firebomb,wall,Green,nuke,wall,16,16,0,0,0,0,4751
Yellow,firebomb,wall,Green,firebomb,heal,16,0,0,0,0,16,8595
Yellow,firebomb,wall,Green,firebomb,reinforcements,16,0,0,0,0,16,8251
Yellow,firebomb,wall,Green,firebomb,speed,16,0,0,0,0,16,8557
Yellow,firebomb,wall,Green,firebomb,wall,16,0,0,0,0,16,8680
Yellow,firebomb,wall,Green,snipe,heal,16,0,0,0,0,16,8563
Yellow,firebomb,wall,Green,snipe,reinforcements,16,0,0,0,0,16,6725
Yellow,firebomb,wall,Green,snipe,speed,16,0,0,0,0,16,7637
Yellow,firebomb,wall,Green,snipe,wall,16,16,0,0,0,0,4751
Yellow,firebomb,wall,Green,freeze,heal,16,0,0,0,0,16,8483
Yellow,firebomb,wall,Green,freeze,reinforcements,16,0,0,0,0,16,7862
Yellow,firebomb,wall,Green,freeze,speed,16,0,0,0,0,16,10312
Yellow,firebomb,wall,Green,freeze,wall,16,0,0,0,0,16,8622
Yellow,firebomb,wall,Orange,nuke,heal,16,3,0,0,0,13,8201
Yellow,firebomb,wall,Orange,nuke,reinforcements,16,0,0,0,0,16,7006
Yellow,firebomb,wall,Orange,nuke,speed,16,2,0,0,0,14,8444
Yellow,firebomb,wall,Orange,nuke,wall,16,0,0,0,0,16,8344
Yellow,firebomb,wall,Orange,firebomb,heal,16,0,0,0,0,16,8467
Yellow,firebomb,wall,Orange,firebomb,reinforcements,16,4,0,0,0,12,8708
Yellow,firebomb,wall,Orange,firebomb,speed,16,0,0,0,0,16,8429
Yellow,firebomb,wall,Orange,firebomb,wall,16,1,0,0,0,15,8479
Yellow,firebomb,wall,Orange,snipe,heal,16,0,0,0,0,16,8416
Yellow,firebomb,wall,Orange,snipe,reinforcements,16,0,0,0,0,16,6022
Yellow,firebomb,wall,Orange,snipe,speed,16,0,0,0,0,16,8455
Yellow,firebomb,wall,Orange,snipe,wall,16,0,0,0,0,16,8544
Yellow,firebomb,wall,Orange,freeze,heal,16,0,0,0,0,16,8512
Yellow,firebomb,wall,Orange,freeze,reinforcements,16,0,0,0,0,16,8156
Yellow,firebomb,wall,Orange,freeze,speed,16,2,0,0,0,14,8763
Yellow,firebomb,wall,Orange,freeze,wall,16,2,0,0,0,14,8868
Yellow,firebomb,wall,Purple,nuke,heal,16,16,0,0,0,0,8642
Yellow,firebomb,wall,Purple,nuke,reinforcements,16,16,0,0,0,0,8701
Yellow,firebomb,wall,Purple,nuke,speed,16,0,0,0,0,16,8374
Yellow,firebomb,wall,Purple,nuke,wall,16,0,0,0,0,16,8429
Yellow,firebomb,wall,Purple,firebomb,heal,16,0,0,0,0,16,8802
Yellow,firebomb,wall,Purple,firebomb,reinforcements,16,0,0,0,0,16,9846
Yellow,firebomb,wall,Purple,firebomb,speed,16,0,0,0,0,16,8466
Yellow,firebomb,wall,Purple,firebomb,wall,16,0,0,0,0,16,8843
Yellow,firebomb,wall,Purple,snipe,heal,16,0,0,0,0,16,8802
Yellow,firebomb,wall,Purple,snipe,reinforcements,16,0,0,0,0,16,10483
Yellow,firebomb,wall,Purple,snipe,speed,16,0,0,0,0,16,8604
Yellow,firebomb,wall,Purple,snipe,wall,16,0,0,0,0,16,8466
Yellow,firebomb,wall,Purple,freeze,heal,16,0,0,0,0,16,8685
Yellow,firebomb,wall,Purple,freeze,reinforcements,16,16,0,0,0,0,7016
Yellow,firebomb,wall,Purple,freeze,speed,16,0,0,0,0,16,8367
Yellow,firebomb,wall,Purple,freeze,wall,16,0,0,0,0,16,8511
Yellow,firebomb,wall,Red,nuke,heal,16,16,0,0,0,0,5829
Yellow,firebomb,wall,Red,nuke,reinforcements,16,0,0,0,0,16,5920
Yellow,firebomb,wall,Red,nuke,speed,16,0,0,0,0,16,7513
Yellow,firebomb,wall,Red,nuke,wall,16,0,0,0,0,16,8266
Yellow,firebomb,wall,Red,firebomb,heal,16,0,0,0,0,16,8443
Yellow,firebomb,wall,Red,firebomb,reinforcements,16,0,0,0,0,16,6949
Yellow,firebomb,wall,Red,firebomb,speed,16,0,0,0,0,16,8354
Yellow,firebomb,wall,Red,firebomb,wall,16,0,0,0,0,16,8412
Yellow,firebomb,wall,Red,snipe,heal,16,0,0,0,0,16,8483
Yellow,firebomb,wall,Red,snipe,reinforcements,16,0,0,0,0,16,6470
Yellow,firebomb,wall,Red,snipe,speed,16,0,0,0,0,16,6757
Yellow,firebomb,wall,Red,snipe,wall,16,0,0,0,0,16,8205
Yellow,firebomb,wall,Red,freeze,heal,16,0,0,0,0,16,8546
Yellow,firebomb,wall,Red,freeze,reinforcements,16,0,0,0,0,16,5527
Yellow,firebomb,wall,Red,freeze,speed,16,0,0,0,0,16,8552
Yellow,firebomb,wall,Red,freeze,wall,16,0,0,0,0,16,8456
Yellow,firebomb,wall,White,nuke,heal,16,16,0,0,0,0,7364
Yellow,firebomb,wall,White,nuke,reinforcements,16,16,0,0,0,0,5379
Yellow,firebomb,wall,White,nuke,speed,16,16,0,0,0,0,8562
Yellow,firebomb,wall,White,nuke,wall,16,16,0,0,0,0,6744
Yellow,firebomb,wall,White,firebomb,heal,16,16,0,0,0,0,7738
Yellow,firebomb,wall,White,firebomb,reinforcements,16,16,0,0,0,0,5108
Yellow,firebomb,wall,White,firebomb,speed,16,16,0,0,0,0,8289
Yellow,firebomb,wall,White,firebomb,wall,16,16,0,0,0,0,7740
Yellow,firebomb,wall,White,snipe,heal,16,16,0,0,0,0,7999
Yellow,firebomb,wall,White,snipe,reinforcements,16,16,0,0,0,0,4871
Yellow,firebomb,wall,White,snipe,speed,16,0,0,0,0,16,8188
Yellow,firebomb,wall,White,snipe,wall,16,16,0,0,0,0,8157
Yellow,firebomb,wall,White,freeze,heal,16,16,0,0,0,0,7688
Yellow,firebomb,wall,White,freeze,reinforcements,16,16,0,0,0,0,5078
Yellow,firebomb,wall,White,freeze,speed,16,16,0,0,0,0,7974
Yellow,firebomb,wall,White,freeze,wall,16,16,0,0,0,0,7879
Yellow,firebomb,wall,Yellow,nuke,heal,16,16,0,0,0,0,8426
Yellow,firebomb,wall,Yellow,nuke,reinforcements,16,16,0,0,0,0,9115
Yellow,firebomb,wall,Yellow,nuke,speed,16,0,0,0,0,16,8231
Yellow,firebomb,wall,Yellow,nuke,wall,16,15,0,0,0,1,8461
Yellow,firebomb,wall,Yellow,firebomb,heal,16,0,0,0,0,16,8539
Yellow,firebomb,wall,Yellow,firebomb,reinforcements,16,16,0,0,0,0,9763
Yellow,firebomb,wall,Yellow,firebomb,speed,16,0,0,0,0,16,8424
Yellow,firebomb,wall,Yellow,firebomb,wall,16,0,0,0,0,16,8659
Yellow,firebomb,wall,Yellow,snipe,heal,16,0,0,0,0,16,8240
Yellow,firebomb,wall,Yellow,snipe,reinforcements,16,0,0,0,0,16,9897
Yellow,firebomb,wall,Yellow,snipe,speed,16,0,0,0,0,16,8138
Yellow,firebomb,wall,Yellow,snipe,wall,16,0,0,0,0,16,8206
Yellow,firebomb,wall,Yellow,freeze,heal,16,0,0,0,0,16,8393
Yellow,firebomb,wall,Yellow,freeze,reinforcements,16,16,0,0,0,0,7139
Yellow,firebomb,wall,Yellow,freeze,speed,16,0,0,0,0,16,8265
Yellow,firebomb,wall,Yellow,freeze,wall,16,0,0,16,0,0,8569
Yellow,snipe,heal,Black,nuke,heal,16,16,0,0,0,0,8353
Yellow,snipe,heal,Black,nuke,reinforcements,16,16,0,0,0,0,7366
Yellow,snipe,heal,Black,nuke,speed,16,16,0,0,0,0,13051
Yellow,snipe,heal,Black,nuke,wall,16,16,0,0,0,0,7103
Yellow,snipe,heal,Black,firebomb,heal,16,16,0,0,0,0,8565
Yellow,snipe,heal,Black,firebomb,reinforcements,16,16,0,0,0,0,7394
Yellow,snipe,heal,Black,firebomb,speed,16,0,0,0,0,16,9292
Yellow,snipe,heal,Black,firebomb,wall,16,16,0,0,0,0,6334
Yellow,snipe,heal,Black,snipe,heal,16,16,0,0,0,0,9485
Yellow,snipe,heal,Black,snipe,reinforcements,16,16,0,0,0,0,7291
Yellow,snipe,heal,Black,snipe,speed,16,0,0,0,0,16,6827
Yellow,snipe,heal,Black,snipe,wall,16,16,0,0,0,0,9217
Yellow,snipe,heal,Black,freeze,heal,16,16,0,0,0,0,8301
Yellow,snipe,heal,Black,freeze,reinforcements,16,16,0,0,0,0,7074
Yellow,snipe,heal,Black,freeze,speed,16,16,0,0,0,0,9507
Yellow,snipe,heal,Black,freeze,wall,16,16,0,0,0,0,8262
Yellow,snipe,heal,Blue,nuke,heal,16,16,0,0,0,0,8678
Yellow,snipe,heal,Blue,nuke,reinforcements,16,16,0,0,0,0,8074
Yellow,snipe,heal,Blue,nuke,speed,16,16,0,0,0,0,8553
Yellow,snipe,heal,Blue,nuke,wall,16,16,0,0,0,0,8311
Yellow,snipe,heal,Blue,firebomb,heal,16,16,0,0,0,0,8302
Yellow,snipe,heal,Blue,firebomb,reinforcements,16,16,0,0,0,0,16330
Yellow,snipe,heal,Blue,firebomb,speed,16,16,0,0,0,0,9334
Yellow,snipe,heal,Blue,firebomb,wall,16,16,0,0,0,0,9460
Yellow,snipe,heal,Blue,snipe,heal,16,16,0,0,0,0,9509
Yellow,snipe,heal,Blue,snipe,reinforcements,16,16,0,0,0,0,10224
Yellow,snipe,heal,Blue,snipe,speed,16,0,0,0,0,16,9499
Yellow,snipe,heal,Blue,snipe,wall,16,16,0,0,0,0,9177
Yellow,snipe,heal,Blue,freeze,heal,16,16,0,0,0,0,8749
Yellow,snipe,heal,Blue,freeze,reinforcements,16,16,0,0,0,0,8014
Yellow,snipe,heal,Blue,freeze,speed,16,16,0,0,0,0,9180
Yellow,snipe,heal,Blue,freeze,wall,16,16,0,0,0,0,8376
Yellow,snipe,heal,Green,nuke,heal,16,0,0,0,0,16,10654
Yellow,snipe,heal,Green,nuke,reinforcements,16,0,0,0,0,16,8296
Yellow,snipe,heal,Green,nuke,speed,16,0,0,0,0,16,7791
Yellow,snipe,heal,Green,nuke,wall,16,16,0,0,0,0,8052
Yellow,snipe,heal,Green,firebomb,heal,16,16,0,0,0,0,8972
Yellow,snipe,heal,Green,firebomb,reinforcements,16,0,0,0,0,16,8515
Yellow,snipe,heal,Green,firebomb,speed,16,0,0,0,0,16,9231
Yellow,snipe,heal,Green,firebomb,wall,16,16,0,0,0,0,9327
Yellow,snipe,heal,Green,snipe,heal,16,0,0,0,0,16,10318
Yellow,snipe,heal,Green,snipe,reinforcements,16,0,0,0,0,16,6715
Yellow,snipe,heal,Green,snipe,speed,16,0,0,0,0,16,9593
Yellow,snipe,heal,Green,snipe,wall,16,0,0,0,0,16,9882
Yellow,snipe,heal,Green,freeze,heal,16,16,0,0,0,0,9192
Yellow,snipe,heal,Green,freeze,reinforcements,16,0,0,0,0,16,8086
Yellow,snipe,heal,Green,freeze,speed,16,0,0,0,0,16,9194
Yellow,snipe,heal,Green,freeze,wall,16,5,0,0,0,11,9460
Yellow,snipe,heal,Orange,nuke,heal,16,16,0,0,0,0,9014
Yellow,snipe,heal,Orange,nuke,reinforcements,16,16,0,0,0,0,6380
Yellow,snipe,heal,Orange,nuke,speed,16,8,0,0,0,8,8738
Yellow,snipe,heal,Orange,nuke,wall,16,16,0,0,0,0,8714
Yellow,snipe,heal,Orange,firebomb,heal,16,14,0,0,0,2,9401
Yellow,snipe,heal,Orange,firebomb,reinforcements,16,16,0,0,0,0,6462
Yellow,snipe,heal,Orange,firebomb,speed,16,0,0,0,0,16,9514
Yellow,snipe,heal,Orange,firebomb,wall,16,15,0,0,0,1,8925
Yellow,snipe,heal,Orange,snipe,heal,16,5,0,0,0,11,9692
Yellow,snipe,heal,Orange,snipe,reinforcements,16,16,0,0,0,0,5506
Yellow,snipe,heal,Orange,snipe,speed,16,3,0,0,0,13,9900
Yellow,snipe,heal,Orange,snipe,wall,16,3,0,0,0,13,10133
Yellow,snipe,heal,Orange,freeze,heal,16,16,0,0,0,0,8753
Yellow,snipe,heal,Orange,freeze,reinforcements,16,16,0,0,0,0,5638
Yellow,snipe,heal,Orange,freeze,speed,16,5,1,0,0,10,10285
Yellow,snipe,heal,Orange,freeze,wall,16,16,0,0,0,0,8450
Yellow,snipe,heal,Purple,nuke,heal,16,16,0,0,0,0,9262
Yellow,snipe,heal,Purple,nuke,reinforcements,16,16,0,0,0,0,5232
Yellow,snipe,heal,Purple,nuke,speed,16,0,0,0,0,16,10035
Yellow,snipe,heal,Purple,nuke,wall,16,16,0,0,0,0,9038
Yellow,snipe,heal,Purple,firebomb,heal,16,0,0,0,0,16,9313
Yellow,snipe,heal,Purple,firebomb,reinforcements,16,16,0,0,0,0,8152
Yellow,snipe,heal,Purple,firebomb,speed,16,0,0,0,0,16,7297
Yellow,snipe,heal,Purple,firebomb,wall,16,0,0,0,0,16,9399
Yellow,snipe,heal,Purple,snipe,heal,16,0,0,0,0,16,9404
Yellow,snipe,heal,Purple,snipe,reinforcements,16,16,0,0,0,0,4941
Yellow,snipe,heal,Purple,snipe,speed,16,0,0,0,0,16,9586
Yellow,snipe,heal,Purple,snipe,wall,16,0,0,0,0,16,9415
Yellow,snipe,heal,Purple,freeze,heal,16,16,0,0,0,0,9094
Yellow,snipe,heal,Purple,freeze,reinforcements,16,16,0,0,0,0,5972
Yellow,snipe,heal,Purple,freeze,speed,16,0,0,0,0,16,9409
Yellow,snipe,heal,Purple,freeze,wall,16,16,0,0,0,0,8382
Yellow,snipe,heal,Red,nuke,heal,16,0,0,0,0,16,7127
Yellow,snipe,heal,Red,nuke,reinforcements,16,16,0,0,0,0,7126
Yellow,snipe,heal,Red,nuke,speed,16,0,0,0,0,16,8327
Yellow,snipe,heal,Red,nuke,wall,16,16,0,0,0,0,8742
Yellow,snipe,heal,Red,firebomb,heal,16,14,0,0,0,2,11468
Yellow,snipe,heal,Red,firebomb,reinforcements,16,16,0,0,0,0,7740
Yellow,snipe,heal,Red,firebomb,speed,16,0,0,0,0,16,6118
Yellow,snipe,heal,Red,firebomb,wall,16,11,0,0,0,5,9156
Yellow,snipe,heal,Red,snipe,heal,16,0,0,0,0,16,9743
Yellow,snipe,heal,Red,snipe,reinforcements,16,16,0,0,0,0,10324
Yellow,snipe,heal,Red,snipe,speed,16,0,0,0,0,16,10525
Yellow,snipe,heal,Red,snipe,wall,16,0,0,0,0,16,9463
Yellow,snipe,heal,Red,freeze,heal,16,16,0,0,0,0,8067
Yellow,snipe,heal,Red,freeze,reinforcements,16,0,0,0,0,16,6479
Yellow,snipe,heal,Red,freeze,speed,16,0,0,0,0,16,9169
Yellow,snipe,heal,Red,freeze,wall,16,16,0,0,0,0,8855
Yellow,snipe,heal,White,nuke,heal,16,16,0,0,0,0,7784
Yellow,snipe,heal,White,nuke,reinforcements,16,16,0,0,0,0,5058
Yellow,snipe,heal,White,nuke,speed,16,16,0,0,0,0,7973
Yellow,snipe,heal,White,nuke,wall,16,16,0,0,0,0,7494
Yellow,snipe,heal,White,firebomb,heal,16,16,0,0,0,0,7044
Yellow,snipe,heal,White,firebomb,reinforcements,16,16,0,0,0,0,5009
Yellow,snipe,heal,White,firebomb,speed,16,16,0,0,0,0,7996
Yellow,snipe,heal,White,firebomb,wall,16,16,0,0,0,0,8254
Yellow,snipe,heal,White,snipe,heal,16,16,0,0,0,0,8133
Yellow,snipe,heal,White,snipe,reinforcements,16,16,0,0,0,0,5068
Yellow,snipe,heal,White,snipe,speed,16,0,0,0,0,16,9838
Yellow,snipe,heal,White,snipe,wall,16,16,0,0,0,0,9427
Yellow,snipe,heal,White,freeze,heal,16,16,0,0,0,0,9049
Yellow,snipe,heal,White,freeze,reinforcements,16,16,0,0,0,0,5027
Yellow,snipe,heal,White,freeze,speed,16,16,0,0,0,0,6937
Yellow,snipe,heal,White,freeze,wall,16,16,0,0,0,0,8403
Yellow,snipe,heal,Yellow,nuke,heal,16,16,0,0,0,0,8173
Yellow,snipe,heal,Yellow,nuke,reinforcements,16,16,0,0,0,0,6103
Yellow,snipe,heal,Yellow,nuke,speed,16,13,0,2,0,1,9220
Yellow,snipe,heal,Yellow,nuke,wall,16,16,0,0,0,0,8305
Yellow,snipe,heal,Yellow,firebomb,heal,16,16,0,0,0,0,7082
Yellow,snipe,heal,Yellow,firebomb,reinforcements,16,16,0,0,0,0,6259
Yellow,snipe,heal,Yellow,firebomb,speed,16,16,0,0,0,0,9069
Yellow,snipe,heal,Yellow,firebomb,wall,16,16,0,0,0,0,8196
Yellow,snipe,heal,Yellow,snipe,heal,16,16,0,0,0,0,9600
Yellow,snipe,heal,Yellow,snipe,reinforcements,16,16,0,0,0,0,6372
Yellow,snipe,heal,Yellow,snipe,speed,16,0,0,0,0,16,7017
Yellow,snipe,heal,Yellow,snipe,wall,16,16,0,0,0,0,8958
Yellow,snipe,heal,Yellow,freeze,heal,16,16,0,0,0,0,8281
Yellow,snipe,heal,Yellow,freeze,reinforcements,16,16,0,0,0,0,7645
Yellow,snipe,heal,Yellow,freeze,speed,16,16,0,0,0,0,9068
Yellow,snipe,heal,Yellow,freeze,wall,16,16,0,0,0,0,8273
Yellow,snipe,reinforcements,Black,nuke,heal,16,16,0,0,0,0,3519
Yellow,snipe,reinforcements,Black,nuke,reinforcements,16,16,0,0,0,0,6300
Yellow,snipe,reinforcements,Black,nuke,speed,16,16,0,0,0,0,3504
Yellow,snipe,reinforcements,Black,nuke,wall,16,16,0,0,0,0,5554
Yellow,snipe,reinforcements,Black,firebomb,heal,16,16,0,0,0,0,9184
Yellow,snipe,reinforcements,Black,firebomb,reinforcements,16,16,0,0,0,0,6311
Yellow,snipe,reinforcements,Black,firebomb,speed,16,16,0,0,0,0,16241
Yellow,snipe,reinforcements,Black,firebomb,wall,16,16,0,0,0,0,9393
Yellow,snipe,reinforcements,Black,snipe,heal,16,0,0,0,0,16,9379
Yellow,snipe,reinforcements,Black,snipe,reinforcements,16,0,0,0,0,16,6389
Yellow,snipe,reinforcements,Black,snipe,speed,16,0,0,0,0,16,6764
Yellow,snipe,reinforcements,Black,snipe,wall,16,0,0,0,0,16,6421
Yellow,snipe,reinforcements,Black,freeze,heal,16,16,0,0,0,0,8822
Yellow,snipe,reinforcements,Black,freeze,reinforcements,16,0,0,0,0,16,6862
Yellow,snipe,reinforcements,Black,freeze,speed,16,16,0,0,0,0,9638
Yellow,snipe,reinforcements,Black,freeze,wall,16,0,0,0,0,16,7991
Yellow,snipe,reinforcements,Blue,nuke,heal,16,16,0,0,0,0,3854
Yellow,snipe,reinforcements,Blue,nuke,reinforcements,16,0,0,0,0,16,8658
Yellow,snipe,reinforcements,Blue,nuke,speed,16,16,0,0,0,0,4239
Yellow,snipe,reinforcements,Blue,nuke,wall,16,16,0,0,0,0,4669
Yellow,snipe,reinforcements,Blue,firebomb,heal,16,0,0,0,0,16,6546
Yellow,snipe,reinforcements,Blue,firebomb,reinforcements,16,0,0,0,0,16,10462
Yellow,snipe,reinforcements,Blue,firebomb,speed,16,0,0,0,0,16,6162
Yellow,snipe,reinforcements,Blue,firebomb,wall,16,0,0,0,0,16,6444
Yellow,snipe,reinforcements,Blue,snipe,heal,16,0,0,0,0,16,5160
Yellow,snipe,reinforcements,Blue,snipe,reinforcements,16,0,0,0,0,16,8363
Yellow,snipe,reinforcements,Blue,snipe,speed,16,0,0,0,0,16,5194
Yellow,snipe,reinforcements,Blue,snipe,wall,16,0,0,0,0,16,5565
Yellow,snipe,reinforcements,Blue,freeze,heal,16,0,0,0,0,16,8338
Yellow,snipe,reinforcements,Blue,freeze,reinforcements,16,0,0,0,0,16,5291
Yellow,snipe,reinforcements,Blue,freeze,speed,16,0,0,0,0,16,6377
Yellow,snipe,reinforcements,Blue,freeze,wall,16,0,0,0,0,16,9621
Yellow,snipe,reinforcements,Green,nuke,heal,16,16,0,0,0,0,3369
Yellow,snipe,reinforcements,Green,nuke,reinforcements,16,0,0,0,0,16,5610
Yellow,snipe,reinforcements,Green,nuke,speed,16,16,0,0,0,0,3369
Yellow,snipe,reinforcements,Green,nuke,wall,16,0,0,0,0,16,4724
Yellow,snipe,reinforcements,Green,firebomb,heal,16,0,0,0,0,16,13134
Yellow,snipe,reinforcements,Green,firebomb,reinforcements,16,0,0,0,0,16,6176
Yellow,snipe,reinforcements,Green,firebomb,speed,16,0,0,0,0,16,7442
Yellow,snipe,reinforcements,Green,firebomb,wall,16,0,0,0,0,16,4993
Yellow,snipe,reinforcements,Green,snipe,heal,16,0,0,0,0,16,5974
Yellow,snipe,reinforcements,Green,snipe,reinforcements,16,0,0,0,0,16,4563
Yellow,snipe,reinforcements,Green,snipe,speed,16,0,0,0,0,16,6103
Yellow,snipe,reinforcements,Green,snipe,wall,16,0,0,0,0,16,3880
Yellow,snipe,reinforcements,Green,freeze,heal,16,0,0,0,0,16,8418
Yellow,snipe,reinforcements,Green,freeze,reinforcements,16,0,0,0,0,16,5314
Yellow,snipe,reinforcements,Green,freeze,speed,16,0,0,0,0,16,6218
Yellow,snipe,reinforcements,Green,freeze,wall,16,0,0,0,0,16,4268
Yellow,snipe,reinforcements,Orange,nuke,heal,16,13,1,0,0,2,10376
Yellow,snipe,reinforcements,Orange,nuke,reinforcements,16,0,0,0,0,16,7508
Yellow,snipe,reinforcements,Orange,nuke,speed,16,0,0,0,0,16,11734
Yellow,snipe,reinforcements,Orange,nuke,wall,16,16,0,0,0,0,8665
Yellow,snipe,reinforcements,Orange,firebomb,heal,16,0,0,0,4,12,15020
Yellow,snipe,reinforcements,Orange,firebomb,reinforcements,16,0,0,0,0,16,6660
Yellow,snipe,reinforcements,Orange,firebomb,speed,16,0,0,0,0,16,10986
Yellow,snipe,reinforcements,Orange,firebomb,wall,16,13,1,0,1,1,10099
Yellow,snipe,reinforcements,Orange,snipe,heal,16,0,0,0,0,16,9358
Yellow,snipe,reinforcements,Orange,snipe,reinforcements,16,0,0,0,0,16,6538
Yellow,snipe,reinforcements,Orange,snipe,speed,16,0,0,0,0,16,7200
Yellow,snipe,reinforcements,Orange,snipe,wall,16,7,0,0,4,5,12150
Yellow,snipe,reinforcements,Orange,freeze,heal,16,14,1,0,1,0,11644
Yellow,snipe,reinforcements,Orange,freeze,reinforcements,16,0,0,0,0,16,7838
Yellow,snipe,reinforcements,Orange,freeze,speed,16,0,3,0,0,13,14698
Yellow,snipe,reinforcements,Orange,freeze,wall,16,16,0,0,0,0,7012
Yellow,snipe,reinforcements,Purple,nuke,heal,16,16,0,0,0,0,5277
Yellow,snipe,reinforcements,Purple,nuke,reinforcements,16,16,0,0,0,0,5967
Yellow,snipe,reinforcements,Purple,nuke,speed,16,16,0,0,0,0,4294
Yellow,snipe,reinforcements,Purple,nuke,wall,16,16,0,0,0,0,6612
Yellow,snipe,reinforcements,Purple,firebomb,heal,16,16,0,0,0,0,7100
Yellow,snipe,reinforcements,Purple,firebomb,reinforcements,16,0,0,0,0,16,8017
Yellow,snipe,reinforcements,Purple,firebomb,speed,16,0,0,0,0,16,6116
Yellow,snipe,reinforcements,Purple,firebomb,wall,16,16,0,0,0,0,6307
Yellow,snipe,reinforcements,Purple,snipe,heal,16,0,0,0,0,16,6871
Yellow,snipe,reinforcements,Purple,snipe,reinforcements,16,16,0,0,0,0,6102
Yellow,snipe,reinforcements,Purple,snipe,speed,16,0,0,0,0,16,6202
Yellow,snipe,reinforcements,Purple,snipe,wall,16,16,0,0,0,0,6762
Yellow,snipe,reinforcements,Purple,freeze,heal,16,0,0,0,0,16,6833
Yellow,snipe,reinforcements,Purple,freeze,reinforcements,16,16,0,0,0,0,8612
Yellow,snipe,reinforcements,Purple,freeze,speed,16,0,0,0,0,16,6363
Yellow,snipe,reinforcements,Purple,freeze,wall,16,16,0,0,0,0,11357
Yellow,snipe,reinforcements,Red,nuke,heal,16,16,0,0,0,0,3359
Yellow,snipe,reinforcements,Red,nuke,reinforcements,16,0,0,0,0,16,6074
Yellow,snipe,reinforcements,Red,nuke,speed,16,16,0,0,0,0,3359
Yellow,snipe,reinforcements,Red,nuke,wall,16,0,0,0,0,16,8985
Yellow,snipe,reinforcements,Red,firebomb,heal,16,0,0,0,0,16,17333
Yellow,snipe,reinforcements,Red,firebomb,reinforcements,16,0,0,0,0,16,6271
Yellow,snipe,reinforcements,Red,firebomb,speed,16,0,0,0,0,16,7973
Yellow,snipe,reinforcements,Red,firebomb,wall,16,0,0,0,0,16,8232
Yellow,snipe,reinforcements,Red,snipe,heal,16,0,0,0,0,16,5249
Yellow,snipe,reinforcements,Red,snipe,reinforcements,16,0,0,0,0,16,5243
Yellow,snipe,reinforcements,Red,snipe,speed,16,0,0,0,0,16,5204
Yellow,snipe,reinforcements,Red,snipe,wall,16,0,0,0,0,16,6228
Yellow,snipe,reinforcements,Red,freeze,heal,16,0,0,0,0,16,7500
Yellow,snipe,reinforcements,Red,freeze,reinforcements,16,0,0,0,0,16,6037
Yellow,snipe,reinforcements,Red,freeze,speed,16,0,0,0,0,16,5747
Yellow,snipe,reinforcements,Red,freeze,wall,16,0,0,0,0,16,11927
Yellow,snipe,reinforcements,White,nuke,heal,16,16,0,0,0,0,3364
Yellow,snipe,reinforcements,White,nuke,reinforcements,16,16,0,0,0,0,4512
Yellow,snipe,reinforcements,White,nuke,speed,16,0,0,0,0,16,7613
Yellow,snipe,reinforcements,White,nuke,wall,16,16,0,0,0,0,8911
Yellow,snipe,reinforcements,White,firebomb,heal,16,16,0,0,0,0,10171
Yellow,snipe,reinforcements,White,firebomb,reinforcements,16,16,0,0,0,0,5057
Yellow,snipe,reinforcements,White,firebomb,speed,16,16,0,0,0,0,4953
Yellow,snipe,reinforcements,White,firebomb,wall,16,16,0,0,0,0,5979
Yellow,snipe,reinforcements,White,snipe,heal,16,0,0,0,0,16,9409
Yellow,snipe,reinforcements,White,snipe,reinforcements,16,16,0,0,0,0,4573
Yellow,snipe,reinforcements,White,snipe,speed,16,0,0,0,0,16,8125
Yellow,snipe,reinforcements,White,snipe,wall,16,0,0,0,0,16,7867
Yellow,snipe,reinforcements,White,freeze,heal,16,16,0,0,0,0,7816
Yellow,snipe,reinforcements,White,freeze,reinforcements,16,16,0,0,0,0,4843
Yellow,snipe,reinforcements,White,freeze,speed,16,16,0,0,0,0,8322
Yellow,snipe,reinforcements,White,freeze,wall,16,16,0,0,0,0,8128
Yellow,snipe,reinforcements,Yellow,nuke,heal,16,16,0,0,0,0,3439
Yellow,snipe,reinforcements,Yellow,nuke,reinforcements,16,16,0,0,0,0,9589
Yellow,snipe,reinforcements,Yellow,nuke,speed,16,16,0,0,0,0,3439
Yellow,snipe,reinforcements,Yellow,nuke,wall,16,16,0,0,0,0,9174
Yellow,snipe,reinforcements,Yellow,firebomb,heal,16,16,0,0,0,0,10752
Yellow,snipe,reinforcements,Yellow,firebomb,reinforcements,16,16,0,0,0,0,6097
Yellow,snipe,reinforcements,Yellow,firebomb,speed,16,0,0,0,0,16,13159
Yellow,snipe,reinforcements,Yellow,firebomb,wall,16,16,0,0,0,0,5503
Yellow,snipe,reinforcements,Yellow,snipe,heal,16,0,0,0,0,16,6247
Yellow,snipe,reinforcements,Yellow,snipe,reinforcements,16,0,0,0,0,16,13275
Yellow,snipe,reinforcements,Yellow,snipe,speed,16,0,0,0,0,16,6203
Yellow,snipe,reinforcements,Yellow,snipe,wall,16,0,0,0,0,16,6207
Yellow,snipe,reinforcements,Yellow,freeze,heal,16,16,0,0,0,0,10328
Yellow,snipe,reinforcements,Yellow,freeze,reinforcements,16,16,0,0,0,0,7535
Yellow,snipe,reinforcements,Yellow,freeze,speed,16,0,0,0,0,16,10508
Yellow,snipe,reinforcements,Yellow,freeze,wall,16,16,0,0,0,0,9487
Yellow,snipe,speed,Black,nuke,heal,16,16,0,0,0,0,7929
Yellow,snipe,speed,Black,nuke,reinforcements,16,16,0,0,0,0,6421
Yellow,snipe,speed,Black,nuke,speed,16,16,0,0,0,0,8874
Yellow,snipe,speed,Black,nuke,wall,16,16,0,0,0,0,8315
Yellow,snipe,speed,Black,firebomb,heal,16,16,0,0,0,0,9725
Yellow,snipe,speed,Black,firebomb,reinforcements,16,16,0,0,0,0,6922
Yellow,snipe,speed,Black,firebomb,speed,16,16,0,0,0,0,7929
Yellow,snipe,speed,Black,firebomb,wall,16,16,0,0,0,0,7849
Yellow,snipe,speed,Black,snipe,heal,16,0,0,0,0,16,9287
Yellow,snipe,speed,Black,snipe,reinforcements,16,16,0,0,0,0,6085
Yellow,snipe,speed,Black,snipe,speed,16,16,0,0,0,0,9656
Yellow,snipe,speed,Black,snipe,wall,16,16,0,0,0,0,8862
Yellow,snipe,speed,Black,freeze,heal,16,16,0,0,0,0,8200
Yellow,snipe,speed,Black,freeze,reinforcements,16,16,0,0,0,0,6876
Yellow,snipe,speed,Black,freeze,speed,16,16,0,0,0,0,8924
Yellow,snipe,speed,Black,freeze,wall,16,16,0,0,0,0,8324
Yellow,snipe,speed,Blue,nuke,heal,16,16,0,0,0,0,8382
Yellow,snipe,speed,Blue,nuke,reinforcements,16,16,0,0,0,0,6496
Yellow,snipe,speed,Blue,nuke,speed,16,16,0,0,0,0,8543
Yellow,snipe,speed,Blue,nuke,wall,16,16,0,0,0,0,8413
Yellow,snipe,speed,Blue,firebomb,heal,16,16,0,0,0,0,8817
Yellow,snipe,speed,Blue,firebomb,reinforcements,16,16,0,0,0,0,6516
Yellow,snipe,speed,Blue,firebomb,speed,16,16,0,0,0,0,9493
Yellow,snipe,speed,Blue,firebomb,wall,16,16,0,0,0,0,8439
Yellow,snipe,speed,Blue,snipe,heal,16,16,0,0,0,0,9152
Yellow,snipe,speed,Blue,snipe,reinforcements,16,16,0,0,0,0,6625
Yellow,snipe,speed,Blue,snipe,speed,16,0,0,0,0,16,9165
Yellow,snipe,speed,Blue,snipe,wall,16,16,0,0,0,0,8955
Yellow,snipe,speed,Blue,freeze,heal,16,16,0,0,0,0,8393
Yellow,snipe,speed,Blue,freeze,reinforcements,16,16,0,0,0,0,7036
Yellow,snipe,speed,Blue,freeze,speed,16,16,0,0,0,0,9123
Yellow,snipe,speed,Blue,freeze,wall,16,16,0,0,0,0,8413
Yellow,snipe,speed,Green,nuke,heal,16,16,0,0,0,0,10565
Yellow,snipe,speed,Green,nuke,reinforcements,16,16,0,0,0,0,6086
Yellow,snipe,speed,Green,nuke,speed,16,16,0,0,0,0,5198
Yellow,snipe,speed,Green,nuke,wall,16,16,0,0,0,0,4878
Yellow,snipe,speed,Green,firebomb,heal,16,16,0,0,0,0,9192
Yellow,snipe,speed,Green,firebomb,reinforcements,16,16,0,0,0,0,7210
Yellow,snipe,speed,Green,firebomb,speed,16,0,0,0,16,0,18000
Yellow,snipe,speed,Green,firebomb,wall,16,16,0,0,0,0,10516
Yellow,snipe,speed,Green,snipe,heal,16,16,0,0,0,0,9890
Yellow,snipe,speed,Green,snipe,reinforcements,16,16,0,0,0,0,6024
Yellow,snipe,speed,Green,snipe,speed,16,0,16,0,0,0,18000
Yellow,snipe,speed,Green,snipe,wall,16,16,0,0,0,0,9337
Yellow,snipe,speed,Green,freeze,heal,16,16,0,0,0,0,9525
Yellow,snipe,speed,Green,freeze,reinforcements,16,16,0,0,0,0,6133
Yellow,snipe,speed,Green,freeze,speed,16,0,0,0,0,16,8113
Yellow,snipe,speed,Green,freeze,wall,16,16,0,0,0,0,4860
Yellow,snipe,speed,Orange,nuke,heal,16,16,0,0,0,0,8689
Yellow,snipe,speed,Orange,nuke,reinforcements,16,16,0,0,0,0,5998
Yellow,snipe,speed,Orange,nuke,speed,16,15,0,0,0,1,9058
Yellow,snipe,speed,Orange,nuke,wall,16,16,0,0,0,0,8677
Yellow,snipe,speed,Orange,firebomb,heal,16,16,0,0,0,0,8763
Yellow,snipe,speed,Orange,firebomb,reinforcements,16,16,0,0,0,0,5835
Yellow,snipe,speed,Orange,firebomb,speed,16,14,0,1,0,1,9668
Yellow,snipe,speed,Orange,firebomb,wall,16,16,0,0,0,0,8660
Yellow,snipe,speed,Orange,snipe,heal,16,16,0,0,0,0,9182
Yellow,snipe,speed,Orange,snipe,reinforcements,16,16,0,0,0,0,6032
Yellow,snipe,speed,Orange,snipe,speed,16,10,0,0,2,4,11467
Yellow,snipe,speed,Orange,snipe,wall,16,16,0,0,0,0,9618
Yellow,snipe,speed,Orange,freeze,heal,16,16,0,0,0,0,8422
Yellow,snipe,speed,Orange,freeze,reinforcements,16,16,0,0,0,0,5640
Yellow,snipe,speed,Orange,freeze,speed,16,16,0,0,0,0,9525
Yellow,snipe,speed,Orange,freeze,wall,16,16,0,0,0,0,8653
Yellow,snipe,speed,Purple,nuke,heal,16,0,0,0,0,16,6722
Yellow,snipe,speed,Purple,nuke,reinforcements,16,16,0,0,0,0,5397
Yellow,snipe,speed,Purple,nuke,speed,16,16,0,0,0,0,10092
Yellow,snipe,speed,Purple,nuke,wall,16,16,0,0,0,0,8989
Yellow,snipe,speed,Purple,firebomb,heal,16,16,0,0,0,0,9472
Yellow,snipe,speed,Purple,firebomb,reinforcements,16,16,0,0,0,0,5519
Yellow,snipe,speed,Purple,firebomb,speed,16,0,0,0,0,16,11854
Yellow,snipe,speed,Purple,firebomb,wall,16,16,0,0,0,0,8442
Yellow,snipe,speed,Purple,snipe,heal,16,0,0,0,0,16,11636
Yellow,snipe,speed,Purple,snipe,reinforcements,16,16,0,0,0,0,5732
Yellow,snipe,speed,Purple,snipe,speed,16,0,0,0,0,16,6738
Yellow,snipe,speed,Purple,snipe,wall,16,16,0,0,0,0,7944
Yellow,snipe,speed,Purple,freeze,heal,16,16,0,0,0,0,7555
Yellow,snipe,speed,Purple,freeze,reinforcements,16,16,0,0,0,0,5792
Yellow,snipe,speed,Purple,freeze,speed,16,16,0,0,0,0,10026
Yellow,snipe,speed,Purple,freeze,wall,16,16,0,0,0,0,9205
Yellow,snipe,speed,Red,nuke,heal,16,16,0,0,0,0,8855
Yellow,snipe,speed,Red,nuke,reinforcements,16,16,0,0,0,0,6974
Yellow,snipe,speed,Red,nuke,speed,16,16,0,0,0,0,6448
Yellow,snipe,speed,Red,nuke,wall,16,16,0,0,0,0,10025
Yellow,snipe,speed,Red,firebomb,heal,16,16,0,0,0,0,8285
Yellow,snipe,speed,Red,firebomb,reinforcements,16,16,0,0,0,0,6690
Yellow,snipe,speed,Red,firebomb,speed,16,16,0,0,0,0,8870
Yellow,snipe,speed,Red,firebomb,wall,16,16,0,0,0,0,7731
Yellow,snipe,speed,Red,snipe,heal,16,16,0,0,0,0,7410
Yellow,snipe,speed,Red,snipe,reinforcements,16,16,0,0,0,0,5756
Yellow,snipe,speed,Red,snipe,speed,16,0,0,0,0,16,5989
Yellow,snipe,speed,Red,snipe,wall,16,0,0,0,0,16,6704
Yellow,snipe,speed,Red,freeze,heal,16,16,0,0,0,0,7437
Yellow,snipe,speed,Red,freeze,reinforcements,16,0,0,0,0,16,8580
Yellow,snipe,speed,Red,freeze,speed,16,16,0,0,0,0,7656
Yellow,snipe,speed,Red,freeze,wall,16,16,0,0,0,0,7760
Yellow,snipe,speed,White,nuke,heal,16,16,0,0,0,0,5174
Yellow,snipe,speed,White,nuke,reinforcements,16,16,0,0,0,0,4992
Yellow,snipe,speed,White,nuke,speed,16,16,0,0,0,0,7836
Yellow,snipe,speed,White,nuke,wall,16,16,0,0,0,0,7486
Yellow,snipe,speed,White,firebomb,heal,16,16,0,0,0,0,7738
Yellow,snipe,speed,White,firebomb,reinforcements,16,16,0,0,0,0,5038
Yellow,snipe,speed,White,firebomb,speed,16,16,0,0,0,0,6843
Yellow,snipe,speed,White,firebomb,wall,16,16,0,0,0,0,7606
Yellow,snipe,speed,White,snipe,heal,16,16,0,0,0,0,7841
Yellow,snipe,speed,White,snipe,reinforcements,16,16,0,0,0,0,5074
Yellow,snipe,speed,White,snipe,speed,16,16,0,0,0,0,9726
Yellow,snipe,speed,White,snipe,wall,16,16,0,0,0,0,7697
Yellow,snipe,speed,White,freeze,heal,16,16,0,0,0,0,8110
Yellow,snipe,speed,White,freeze,reinforcements,16,16,0,0,0,0,4226
Yellow,snipe,speed,White,freeze,speed,16,16,0,0,0,0,7836
Yellow,snipe,speed,White,freeze,wall,16,16,0,0,0,0,6819
Yellow,snipe,speed,Yellow,nuke,heal,16,16,0,0,0,0,8912
Yellow,snipe,speed,Yellow,nuke,reinforcements,16,16,0,0,0,0,6087
Yellow,snipe,speed,Yellow,nuke,speed,16,16,0,0,0,0,8781
Yellow,snipe,speed,Yellow,nuke,wall,16,16,0,0,0,0,8682
Yellow,snipe,speed,Yellow,firebomb,heal,16,16,0,0,0,0,8362
Yellow,snipe,speed,Yellow,firebomb,reinforcements,16,16,0,0,0,0,6137
Yellow,snipe,speed,Yellow,firebomb,speed,16,16,0,0,0,0,8838
Yellow,snipe,speed,Yellow,firebomb,wall,16,16,0,0,0,0,8211
Yellow,snipe,speed,Yellow,snipe,heal,16,16,0,0,0,0,9071
Yellow,snipe,speed,Yellow,snipe,reinforcements,16,16,0,0,0,0,6289
Yellow,snipe,speed,Yellow,snipe,speed,16,0,0,14,0,2,11027
Yellow,snipe,speed,Yellow,snipe,wall,16,16,0,0,0,0,12896
Yellow,snipe,speed,Yellow,freeze,heal,16,16,0,0,0,0,8213
Yellow,snipe,speed,Yellow,freeze,reinforcements,16,16,0,0,0,0,6421
Yellow,snipe,speed,Yellow,freeze,speed,16,16,0,0,0,0,8832
Yellow,snipe,speed,Yellow,freeze,wall,16,16,0,0,0,0,8537
Yellow,snipe,wall,Black,nuke,heal,16,16,0,0,0,0,7319
Yellow,snipe,wall,Black,nuke,reinforcements,16,16,0,0,0,0,6479
Yellow,snipe,wall,Black,nuke,speed,16,16,0,0,0,0,7974
Yellow,snipe,wall,Black,nuke,wall,16,16,0,0,0,0,8205
Yellow,snipe,wall,Black,firebomb,heal,16,16,0,0,0,0,8551
Yellow,snipe,wall,Black,firebomb,reinforcements,16,16,0,0,0,0,6959
Yellow,snipe,wall,Black,firebomb,speed,16,16,0,0,0,0,9529
Yellow,snipe,wall,Black,firebomb,wall,16,16,0,0,0,0,8183
Yellow,snipe,wall,Black,snipe,heal,16,0,0,0,0,16,8719
Yellow,snipe,wall,Black,snipe,reinforcements,16,16,0,0,0,0,6692
Yellow,snipe,wall,Black,snipe,speed,16,0,0,0,0,16,9160
Yellow,snipe,wall,Black,snipe,wall,16,0,0,16,0,0,9109
Yellow,snipe,wall,Black,freeze,heal,16,16,0,0,0,0,8210
Yellow,snipe,wall,Black,freeze,reinforcements,16,16,0,0,0,0,6860
Yellow,snipe,wall,Black,freeze,speed,16,0,0,0,0,16,9019
Yellow,snipe,wall,Black,freeze,wall,16,16,0,0,0,0,8161
Yellow,snipe,wall,Blue,nuke,heal,16,16,0,0,0,0,6269
Yellow,snipe,wall,Blue,nuke,reinforcements,16,16,0,0,0,0,8429
Yellow,snipe,wall,Blue,nuke,speed,16,16,0,0,0,0,9013
Yellow,snipe,wall,Blue,nuke,wall,16,16,0,0,0,0,8285
Yellow,snipe,wall,Blue,firebomb,heal,16,16,0,0,0,0,8278
Yellow,snipe,wall,Blue,firebomb,reinforcements,16,16,0,0,0,0,8155
Yellow,snipe,wall,Blue,firebomb,speed,16,0,0,0,0,16,9197
Yellow,snipe,wall,Blue,firebomb,wall,16,16,0,0,0,0,8219
Yellow,snipe,wall,Blue,snipe,heal,16,15,0,0,0,1,9468
Yellow,snipe,wall,Blue,snipe,reinforcements,16,16,0,0,0,0,9099
Yellow,snipe,wall,Blue,snipe,speed,16,0,0,0,0,16,9679
Yellow,snipe,wall,Blue,snipe,wall,16,0,0,0,0,16,9349
Yellow,snipe,wall,Blue,freeze,heal,16,16,0,0,0,0,8623
Yellow,snipe,wall,Blue,freeze,reinforcements,16,16,0,0,0,0,7232
Yellow,snipe,wall,Blue,freeze,speed,16,0,0,0,0,16,9409
Yellow,snipe,wall,Blue,freeze,wall,16,16,0,0,0,0,8448
Yellow,snipe,wall,Green,nuke,heal,16,0,0,0,0,16,10088
Yellow,snipe,wall,Green,nuke,reinforcements,16,0,0,0,0,16,8814
Yellow,snipe,wall,Green,nuke,speed,16,0,0,0,0,16,9118
Yellow,snipe,wall,Green,nuke,wall,16,0,0,0,0,16,9469
Yellow,snipe,wall,Green,firebomb,heal,16,0,0,0,0,16,9238
Yellow,snipe,wall,Green,firebomb,reinforcements,16,0,0,0,0,16,6884
Yellow,snipe,wall,Green,firebomb,speed,16,0,0,0,0,16,9307
Yellow,snipe,wall,Green,firebomb,wall,16,16,0,0,0,0,8767
Yellow,snipe,wall,Green,snipe,heal,16,0,0,0,0,16,9191
Yellow,snipe,wall,Green,snipe,reinforcements,16,0,0,0,0,16,5401
Yellow,snipe,wall,Green,snipe,speed,16,0,0,0,0,16,8903
Yellow,snipe,wall,Green,snipe,wall,16,0,0,0,0,16,8986
Yellow,snipe,wall,Green,freeze,heal,16,16,0,0,0,0,8802
Yellow,snipe,wall,Green,freeze,reinforcements,16,0,0,0,0,16,6772
Yellow,snipe,wall,Green,freeze,speed,16,0,0,0,0,16,9131
Yellow,snipe,wall,Green,freeze,wall,16,0,0,0,0,16,9212
Yellow,snipe,wall,Orange,nuke,heal,16,16,0,0,0,0,8252
Yellow,snipe,wall,Orange,nuke,reinforcements,16,16,0,0,0,0,6242
Yellow,snipe,wall,Orange,nuke,speed,16,11,0,0,0,5,7454
Yellow,snipe,wall,Orange,nuke,wall,16,16,0,0,0,0,8634
Yellow,snipe,wall,Orange,firebomb,heal,16,12,0,0,0,4,9133
Yellow,snipe,wall,Orange,firebomb,reinforcements,16,16,0,0,0,0,7141
Yellow,snipe,wall,Orange,firebomb,speed,16,1,0,0,0,15,9108
Yellow,snipe,wall,Orange,firebomb,wall,16,15,0,0,0,1,8882
Yellow,snipe,wall,Orange,snipe,heal,16,1,0,0,0,15,9231
Yellow,snipe,wall,Orange,snipe,reinforcements,16,16,0,0,0,0,6897
Yellow,snipe,wall,Orange,snipe,speed,16,0,0,0,0,16,9406
Yellow,snipe,wall,Orange,snipe,wall,16,2,0,0,0,14,9234
Yellow,snipe,wall,Orange,freeze,heal,16,16,0,0,0,0,9010
Yellow,snipe,wall,Orange,freeze,reinforcements,16,16,0,0,0,0,7309
Yellow,snipe,wall,Orange,freeze,speed,16,2,0,0,0,14,9203
Yellow,snipe,wall,Orange,freeze,wall,16,16,0,0,0,0,8693
Yellow,snipe,wall,Purple,nuke,heal,16,0,0,0,0,16,9512
Yellow,snipe,wall,Purple,nuke,reinforcements,16,16,0,0,0,0,7304
Yellow,snipe,wall,Purple,nuke,speed,16,0,0,0,0,16,9086
Yellow,snipe,wall,Purple,nuke,wall,16,16,0,0,0,0,7139
Yellow,snipe,wall,Purple,firebomb,heal,16,16,0,0,0,0,8843
Yellow,snipe,wall,Purple,firebomb,reinforcements,16,16,0,0,0,0,11181
Yellow,snipe,wall,Purple,firebomb,speed,16,16,0,0,0,0,8461
Yellow,snipe,wall,Purple,firebomb,wall,16,16,0,0,0,0,9157
Yellow,snipe,wall,Purple,snipe,heal,16,16,0,0,0,0,9988
Yellow,snipe,wall,Purple,snipe,reinforcements,16,16,0,0,0,0,8059
Yellow,snipe,wall,Purple,snipe,speed,16,0,0,0,0,16,9852
Yellow,snipe,wall,Purple,snipe,wall,16,0,0,0,0,16,9666
Yellow,snipe,wall,Purple,freeze,heal,16,16,0,0,0,0,8379
Yellow,snipe,wall,Purple,freeze,reinforcements,16,0,0,0,0,16,8351
Yellow,snipe,wall,Purple,freeze,speed,16,0,0,0,0,16,9135
Yellow,snipe,wall,Purple,freeze,wall,16,16,0,0,0,0,9528
Yellow,snipe,wall,Red,nuke,heal,16,16,0,0,0,0,8626
Yellow,snipe,wall,Red,nuke,reinforcements,16,0,0,0,0,16,7782
Yellow,snipe,wall,Red,nuke,speed,16,0,0,0,0,16,8252
Yellow,snipe,wall,Red,nuke,wall,16,16,0,0,0,0,5674
Yellow,snipe,wall,Red,firebomb,heal,16,0,0,0,0,16,9224
Yellow,snipe,wall,Red,firebomb,reinforcements,16,0,0,0,0,16,8557
Yellow,snipe,wall,Red,firebomb,speed,16,0,0,0,0,16,8929
Yellow,snipe,wall,Red,firebomb,wall,16,16,0,0,0,0,9216
Yellow,snipe,wall,Red,snipe,heal,16,0,0,0,0,16,9114
Yellow,snipe,wall,Red,snipe,reinforcements,16,0,0,0,0,16,6652
Yellow,snipe,wall,Red,snipe,speed,16,0,0,0,0,16,5740
Yellow,snipe,wall,Red,snipe,wall,16,0,0,0,0,16,9041
Yellow,snipe,wall,Red,freeze,heal,16,16,0,0,0,0,8484
Yellow,snipe,wall,Red,freeze,reinforcements,16,0,0,0,0,16,6227
Yellow,snipe,wall,Red,freeze,speed,16,0,0,0,0,16,9724
Yellow,snipe,wall,Red,freeze,wall,16,16,0,0,0,0,9043
Yellow,snipe,wall,White,nuke,heal,16,16,0,0,0,0,8431
Yellow,snipe,wall,White,nuke,reinforcements,16,16,0,0,0,0,4476
Yellow,snipe,wall,White,nuke,speed,16,16,0,0,0,0,4722
Yellow,snipe,wall,White,nuke,wall,16,16,0,0,0,0,4895
Yellow,snipe,wall,White,firebomb,heal,16,16,0,0,0,0,7621
Yellow,snipe,wall,White,firebomb,reinforcements,16,16,0,0,0,0,5130
Yellow,snipe,wall,White,firebomb,speed,16,16,0,0,0,0,7977
Yellow,snipe,wall,White,firebomb,wall,16,16,0,0,0,0,7589
Yellow,snipe,wall,White,snipe,heal,16,16,0,0,0,0,4867
Yellow,snipe,wall,White,snipe,reinforcements,16,16,0,0,0,0,4843
Yellow,snipe,wall,White,snipe,speed,16,0,0,0,0,16,9008
Yellow,snipe,wall,White,snipe,wall,16,16,0,0,0,0,4909
Yellow,snipe,wall,White,freeze,heal,16,16,0,0,0,0,6953
Yellow,snipe,wall,White,freeze,reinforcements,16,16,0,0,0,0,4476
Yellow,snipe,wall,White,freeze,speed,16,16,0,0,0,0,4965
Yellow,snipe,wall,White,freeze,wall,16,16,0,0,0,0,4990
Yellow,snipe,wall,Yellow,nuke,heal,16,16,0,0,0,0,8209
Yellow,snipe,wall,Yellow,nuke,reinforcements,16,16,0,0,0,0,8397
Yellow,snipe,wall,Yellow,nuke,speed,16,16,0,0,0,0,9109
Yellow,snipe,wall,Yellow,nuke,wall,16,16,0,0,0,0,8049
Yellow,snipe,wall,Yellow,firebomb,heal,16,16,0,0,0,0,8166
Yellow,snipe,wall,Yellow,firebomb,reinforcements,16,16,0,0,0,0,7687
Yellow,snipe,wall,Yellow,firebomb,speed,16,4,0,0,0,12,9039
Yellow,snipe,wall,Yellow,firebomb,wall,16,16,0,0,0,0,8153
Yellow,snipe,wall,Yellow,snipe,heal,16,0,0,0,0,16,9155
Yellow,snipe,wall,Yellow,snipe,reinforcements,16,16,0,0,0,0,8331
Yellow,snipe,wall,Yellow,snipe,speed,16,0,0,0,0,16,8970
Yellow,snipe,wall,Yellow,snipe,wall,16,0,0,16,0,0,9379
Yellow,snipe,wall,Yellow,freeze,heal,16,16,0,0,0,0,8205
Yellow,snipe,wall,Yellow,freeze,reinforcements,16,16,0,0,0,0,7746
Yellow,snipe,wall,Yellow,freeze,speed,16,16,0,0,0,0,8863
Yellow,snipe,wall,Yellow,freeze,wall,16,16,0,0,0,0,8222
Yellow,freeze,heal,Black,nuke,heal,16,16,0,0,0,0,8886
Yellow,freeze,heal,Black,nuke,reinforcements,16,16,0,0,0,0,6511
Yellow,freeze,heal,Black,nuke,speed,16,16,0,0,0,0,7049
Yellow,freeze,heal,Black,nuke,wall,16,0,0,0,0,16,8599
Yellow,freeze,heal,Black,firebomb,heal,16,16,0,0,0,0,8316
Yellow,freeze,heal,Black,firebomb,reinforcements,16,16,0,0,0,0,6606
Yellow,freeze,heal,Black,firebomb,speed,16,0,0,0,0,16,8527
Yellow,freeze,heal,Black,firebomb,wall,16,16,0,0,0,0,8309
Yellow,freeze,heal,Black,snipe,heal,16,16,0,0,0,0,7139
Yellow,freeze,heal,Black,snipe,reinforcements,16,16,0,0,0,0,5418
Yellow,freeze,heal,Black,snipe,speed,16,0,0,0,0,16,6753
Yellow,freeze,heal,Black,snipe,wall,16,0,0,0,0,16,8285
Yellow,freeze,heal,Black,freeze,heal,16,0,0,0,0,16,8088
Yellow,freeze,heal,Black,freeze,reinforcements,16,16,0,0,0,0,6853
Yellow,freeze,heal,Black,freeze,speed,16,0,0,0,0,16,8546
Yellow,freeze,heal,Black,freeze,wall,16,16,0,0,0,0,8314
Yellow,freeze,heal,Blue,nuke,heal,16,1,0,15,0,0,8898
Yellow,freeze,heal,Blue,nuke,reinforcements,16,16,0,0,0,0,9009
Yellow,freeze,heal,Blue,nuke,speed,16,0,0,0,0,16,8606
Yellow,freeze,heal,Blue,nuke,wall,16,16,0,0,0,0,8383
Yellow,freeze,heal,Blue,firebomb,heal,16,0,0,0,0,16,9135
Yellow,freeze,heal,Blue,firebomb,reinforcements,16,16,0,0,0,0,10488
Yellow,freeze,heal,Blue,firebomb,speed,16,0,0,0,0,16,8658
Yellow,freeze,heal,Blue,firebomb,wall,16,0,0,0,0,16,8326
Yellow,freeze,heal,Blue,snipe,heal,16,0,0,0,0,16,8691
Yellow,freeze,heal,Blue,snipe,reinforcements,16,0,0,0,0,16,10649
Yellow,freeze,heal,Blue,snipe,speed,16,0,0,0,0,16,8336
Yellow,freeze,heal,Blue,snipe,wall,16,0,0,0,0,16,8571
Yellow,freeze,heal,Blue,freeze,heal,16,0,0,0,0,16,8749
Yellow,freeze,heal,Blue,freeze,reinforcements,16,0,0,0,0,16,10948
Yellow,freeze,heal,Blue,freeze,speed,16,0,0,0,0,16,8574
Yellow,freeze,heal,Blue,freeze,wall,16,16,0,0,0,0,8315
Yellow,freeze,heal,Green,nuke,heal,16,0,0,0,0,16,8242
Yellow,freeze,heal,Green,nuke,reinforcements,16,0,0,0,0,16,8045
Yellow,freeze,heal,Green,nuke,speed,16,16,0,0,0,0,4662
Yellow,freeze,heal,Green,nuke,wall,16,0,0,0,0,16,9905
Yellow,freeze,heal,Green,firebomb,heal,16,0,0,0,0,16,8577
Yellow,freeze,heal,Green,firebomb,reinforcements,16,0,0,0,0,16,7474
Yellow,freeze,heal,Green,firebomb,speed,16,0,0,0,0,16,8416
Yellow,freeze,heal,Green,firebomb,wall,16,0,0,0,0,16,8414
Yellow,freeze,heal,Green,snipe,heal,16,0,0,0,0,16,7710
Yellow,freeze,heal,Green,snipe,reinforcements,16,0,0,0,0,16,5885
Yellow,freeze,heal,Green,snipe,speed,16,0,0,0,0,16,6869
Yellow,freeze,heal,Green,snipe,wall,16,0,0,0,0,16,8324
Yellow,freeze,heal,Green,freeze,heal,16,0,0,0,0,16,8616
Yellow,freeze,heal,Green,freeze,reinforcements,16,0,0,0,0,16,7189
Yellow,freeze,heal,Green,freeze,speed,16,0,0,0,0,16,8537
Yellow,freeze,heal,Green,freeze,wall,16,0,0,0,0,16,8382
Yellow,freeze,heal,Orange,nuke,heal,16,1,0,0,0,15,8532
Yellow,freeze,heal,Orange,nuke,reinforcements,16,16,0,0,0,0,7601
Yellow,freeze,heal,Orange,nuke,speed,16,2,0,0,0,14,9242
Yellow,freeze,heal,Orange,nuke,wall,16,4,0,0,0,12,8644
Yellow,freeze,heal,Orange,firebomb,heal,16,3,0,0,0,13,8710
Yellow,freeze,heal,Orange,firebomb,reinforcements,16,16,0,0,0,0,7630
Yellow,freeze,heal,Orange,firebomb,speed,16,2,0,0,0,14,8507
Yellow,freeze,heal,Orange,firebomb,wall,16,3,0,0,0,13,8615
Yellow,freeze,heal,Orange,snipe,heal,16,0,0,0,0,16,8576
Yellow,freeze,heal,Orange,snipe,reinforcements,16,16,0,0,0,0,8185
Yellow,freeze,heal,Orange,snipe,speed,16,0,0,0,0,16,9079
Yellow,freeze,heal,Orange,snipe,wall,16,0,0,0,0,16,8806
Yellow,freeze,heal,Orange,freeze,heal,16,4,0,0,0,12,8602
Yellow,freeze,heal,Orange,freeze,reinforcements,16,15,0,0,0,1,8113
Yellow,freeze,heal,Orange,freeze,speed,16,3,0,0,0,13,8953
Yellow,freeze,heal,Orange,freeze,wall,16,0,0,0,0,16,8524
Yellow,freeze,heal,Purple,nuke,heal,16,0,0,0,0,16,8470
Yellow,freeze,heal,Purple,nuke,reinforcements,16,16,0,0,0,0,11532
Yellow,freeze,heal,Purple,nuke,speed,16,0,0,0,0,16,8855
Yellow,freeze,heal,Purple,nuke,wall,16,0,0,0,0,16,8459
Yellow,freeze,heal,Purple,firebomb,heal,16,16,0,0,0,0,8237
Yellow,freeze,heal,Purple,firebomb,reinforcements,16,16,0,0,0,0,7940
Yellow,freeze,heal,Purple,firebomb,speed,16,0,0,0,0,16,8545
Yellow,freeze,heal,Purple,firebomb,wall,16,0,0,0,0,16,8453
Yellow,freeze,heal,Purple,snipe,heal,16,0,0,0,0,16,7830
Yellow,freeze,heal,Purple,snipe,reinforcements,16,16,0,0,0,0,9580
Yellow,freeze,heal,Purple,snipe,speed,16,0,0,0,0,16,6482
Yellow,freeze,heal,Purple,snipe,wall,16,0,0,0,0,16,8515
Yellow,freeze,heal,Purple,freeze,heal,16,0,0,0,0,16,8557
Yellow,freeze,heal,Purple,freeze,reinforcements,16,16,0,0,0,0,7321
Yellow,freeze,heal,Purple,freeze,speed,16,16,0,0,0,0,7225
Yellow,freeze,heal,Purple,freeze,wall,16,0,0,0,0,16,8554
Yellow,freeze,heal,Red,nuke,heal,16,0,0,0,0,16,8534
Yellow,freeze,heal,Red,nuke,reinforcements,16,0,0,0,0,16,6333
Yellow,freeze,heal,Red,nuke,speed,16,0,0,0,0,16,6445
Yellow,freeze,heal,Red,nuke,wall,16,0,0,0,0,16,8582
Yellow,freeze,heal,Red,firebomb,heal,16,0,0,0,0,16,8296
Yellow,freeze,heal,Red,firebomb,reinforcements,16,0,0,0,0,16,8049
Yellow,freeze,heal,Red,firebomb,speed,16,0,0,0,0,16,8317
Yellow,freeze,heal,Red,firebomb,wall,16,0,0,0,0,16,8372
Yellow,freeze,heal,Red,snipe,heal,16,0,0,0,0,16,7943
Yellow,freeze,heal,Red,snipe,reinforcements,16,0,0,0,0,16,6782
Yellow,freeze,heal,Red,snipe,speed,16,0,0,0,0,16,5833
Yellow,freeze,heal,Red,snipe,wall,16,0,0,0,0,16,7974
Yellow,freeze,heal,Red,freeze,heal,16,0,0,0,0,16,9167
Yellow,freeze,heal,Red,freeze,reinforcements,16,0,0,0,0,16,5864
Yellow,freeze,heal,Red,freeze,speed,16,0,0,0,0,16,8607
Yellow,freeze,heal,Red,freeze,wall,16,0,0,0,0,16,8544
Yellow,freeze,heal,White,nuke,heal,16,16,0,0,0,0,8282
Yellow,freeze,heal,White,nuke,reinforcements,16,16,0,0,0,0,6847
Yellow,freeze,heal,White,nuke,speed,16,16,0,0,0,0,8232
Yellow,freeze,heal,White,nuke,wall,16,16,0,0,0,0,7871
Yellow,freeze,heal,White,firebomb,heal,16,4,0,0,0,12,9319
Yellow,freeze,heal,White,firebomb,reinforcements,16,16,0,0,0,0,5756
Yellow,freeze,heal,White,firebomb,speed,16,16,0,0,0,0,8195
Yellow,freeze,heal,White,firebomb,wall,16,16,0,0,0,0,7731
Yellow,freeze,heal,White,snipe,heal,16,0,0,0,0,16,8625
Yellow,freeze,heal,White,snipe,reinforcements,16,16,0,0,0,0,11484
Yellow,freeze,heal,White,snipe,speed,16,0,0,0,0,16,8604
Yellow,freeze,heal,White,snipe,wall,16,16,0,0,0,0,7768
Yellow,freeze,heal,White,freeze,heal,16,16,0,0,0,0,8295
Yellow,freeze,heal,White,freeze,reinforcements,16,16,0,0,0,0,5345
Yellow,freeze,heal,White,freeze,speed,16,16,0,0,0,0,8299
Yellow,freeze,heal,White,freeze,wall,16,16,0,0,0,0,7784
Yellow,freeze,heal,Yellow,nuke,heal,16,0,0,0,0,16,8976
Yellow,freeze,heal,Yellow,nuke,reinforcements,16,16,0,0,0,0,7057
Yellow,freeze,heal,Yellow,nuke,speed,16,0,0,0,0,16,7221
Yellow,freeze,heal,Yellow,nuke,wall,16,16,0,0,0,0,8264
Yellow,freeze,heal,Yellow,firebomb,heal,16,0,0,0,0,16,8347
Yellow,freeze,heal,Yellow,firebomb,reinforcements,16,16,0,0,0,0,7782
Yellow,freeze,heal,Yellow,firebomb,speed,16,0,0,0,0,16,8660
Yellow,freeze,heal,Yellow,firebomb,wall,16,16,0,0,0,0,8229
Yellow,freeze,heal,Yellow,snipe,heal,16,0,0,0,0,16,9112
Yellow,freeze,heal,Yellow,snipe,reinforcements,16,0,0,0,0,16,9759
Yellow,freeze,heal,Yellow,snipe,speed,16,0,0,0,0,16,7222
Yellow,freeze,heal,Yellow,snipe,wall,16,0,0,0,0,16,8290
Yellow,freeze,heal,Yellow,freeze,heal,16,3,0,0,0,13,8341
Yellow,freeze,heal,Yellow,freeze,reinforcements,16,16,0,0,0,0,7514
Yellow,freeze,heal,Yellow,freeze,speed,16,0,0,0,0,16,8260
Yellow,freeze,heal,Yellow,freeze,wall,16,16,0,0,0,0,8404
Yellow,freeze,reinforcements,Black,nuke,heal,16,16,0,0,0,0,3519
Yellow,freeze,reinforcements,Black,nuke,reinforcements,16,0,0,0,0,16,13026
Yellow,freeze,reinforcements,Black,nuke,speed,16,16,0,0,0,0,3504
Yellow,freeze,reinforcements,Black,nuke,wall,16,0,0,0,0,16,7489
Yellow,freeze,reinforcements,Black,firebomb,heal,16,16,0,0,0,0,9573
Yellow,freeze,reinforcements,Black,firebomb,reinforcements,16,0,0,0,0,16,10754
Yellow,freeze,reinforcements,Black,firebomb,speed,16,0,0,0,0,16,12949
Yellow,freeze,reinforcements,Black,firebomb,wall,16,16,0,0,0,0,9490
Yellow,freeze,reinforcements,Black,snipe,heal,16,0,0,0,0,16,10163
Yellow,freeze,reinforcements,Black,snipe,reinforcements,16,0,0,0,0,16,6791
Yellow,freeze,reinforcements,Black,snipe,speed,16,0,0,0,0,16,6932
Yellow,freeze,reinforcements,Black,snipe,wall,16,0,0,0,0,16,7813
Yellow,freeze,reinforcements,Black,freeze,heal,16,0,0,0,0,16,6638
Yellow,freeze,reinforcements,Black,freeze,reinforcements,16,0,0,0,0,16,10018
Yellow,freeze,reinforcements,Black,freeze,speed,16,16,0,0,0,0,10236
Yellow,freeze,reinforcements,Black,freeze,wall,16,7,0,0,0,9,9519
Yellow,freeze,reinforcements,Blue,nuke,heal,16,16,0,0,0,0,4039
Yellow,freeze,reinforcements,Blue,nuke,reinforcements,16,16,0,0,0,0,5299
Yellow,freeze,reinforcements,Blue,nuke,speed,16,16,0,0,0,0,4384
Yellow,freeze,reinforcements,Blue,nuke,wall,16,0,0,0,0,16,11028
Yellow,freeze,reinforcements,Blue,firebomb,heal,16,0,0,0,0,16,6102
Yellow,freeze,reinforcements,Blue,firebomb,reinforcements,16,0,0,0,0,16,5541
Yellow,freeze,reinforcements,Blue,firebomb,speed,16,0,0,0,0,16,6188
Yellow,freeze,reinforcements,Blue,firebomb,wall,16,0,0,0,0,16,7818
Yellow,freeze,reinforcements,Blue,snipe,heal,16,0,0,0,0,16,4958
Yellow,freeze,reinforcements,Blue,snipe,reinforcements,16,0,0,0,0,16,5871
Yellow,freeze,reinforcements,Blue,snipe,speed,16,0,0,0,0,16,5393
Yellow,freeze,reinforcements,Blue,snipe,wall,16,0,0,0,0,16,6228
Yellow,freeze,reinforcements,Blue,freeze,heal,16,0,0,0,0,16,8012
Yellow,freeze,reinforcements,Blue,freeze,reinforcements,16,0,0,0,0,16,12272
Yellow,freeze,reinforcements,Blue,freeze,speed,16,0,0,0,0,16,6097
Yellow,freeze,reinforcements,Blue,freeze,wall,16,0,0,0,0,16,9403
Yellow,freeze,reinforcements,Green,nuke,heal,16,16,0,0,0,0,3459
Yellow,freeze,reinforcements,Green,nuke,reinforcements,16,0,0,0,0,16,5594
Yellow,freeze,reinforcements,Green,nuke,speed,16,16,0,0,0,0,3449
Yellow,freeze,reinforcements,Green,nuke,wall,16,0,0,0,0,16,4984
Yellow,freeze,reinforcements,Green,firebomb,heal,16,0,0,0,0,16,7495
Yellow,freeze,reinforcements,Green,firebomb,reinforcements,16,0,0,0,0,16,5590
Yellow,freeze,reinforcements,Green,firebomb,speed,16,0,0,0,0,16,6894
Yellow,freeze,reinforcements,Green,firebomb,wall,16,0,0,0,0,16,4728
Yellow,freeze,reinforcements,Green,snipe,heal,16,0,0,0,0,16,5606
Yellow,freeze,reinforcements,Green,snipe,reinforcements,16,0,0,0,0,16,5868
Yellow,freeze,reinforcements,Green,snipe,speed,16,0,0,0,0,16,6061
Yellow,freeze,reinforcements,Green,snipe,wall,16,0,0,0,0,16,3851
Yellow,freeze,reinforcements,Green,freeze,heal,16,0,0,0,0,16,6224
Yellow,freeze,reinforcements,Green,freeze,reinforcements,16,0,0,0,0,16,5110
Yellow,freeze,reinforcements,Green,freeze,speed,16,0,0,0,0,16,5936
Yellow,freeze,reinforcements,Green,freeze,wall,16,0,0,0,0,16,4143
Yellow,freeze,reinforcements,Orange,nuke,heal,16,1,0,0,0,15,10407
Yellow,freeze,reinforcements,Orange,nuke,reinforcements,16,2,0,0,0,14,8234
Yellow,freeze,reinforcements,Orange,nuke,speed,16,0,0,0,0,16,9813
Yellow,freeze,reinforcements,Orange,nuke,wall,16,5,0,0,0,11,10834
Yellow,freeze,reinforcements,Orange,firebomb,heal,16,0,0,0,0,16,10139
Yellow,freeze,reinforcements,Orange,firebomb,reinforcements,16,0,0,0,0,16,6791
Yellow,freeze,reinforcements,Orange,firebomb,speed,16,0,0,0,0,16,9546
Yellow,freeze,reinforcements,Orange,firebomb,wall,16,0,0,0,0,16,9851
Yellow,freeze,reinforcements,Orange,snipe,heal,16,0,0,0,0,16,8937
Yellow,freeze,reinforcements,Orange,snipe,reinforcements,16,5,0,0,0,11,8027
Yellow,freeze,reinforcements,Orange,snipe,speed,16,0,0,0,0,16,7316
Yellow,freeze,reinforcements,Orange,snipe,wall,16,0,0,0,0,16,9846
Yellow,freeze,reinforcements,Orange,freeze,heal,16,0,0,0,0,16,10598
Yellow,freeze,reinforcements,Orange,freeze,reinforcements,16,2,0,0,0,14,7476
Yellow,freeze,reinforcements,Orange,freeze,speed,16,0,0,0,0,16,10316
Yellow,freeze,reinforcements,Orange,freeze,wall,16,0,0,0,0,16,9782
Yellow,freeze,reinforcements,Purple,nuke,heal,16,16,0,0,0,0,7092
Yellow,freeze,reinforcements,Purple,nuke,reinforcements,16,0,0,0,0,16,6427
Yellow,freeze,reinforcements,Purple,nuke,speed,16,16,0,0,0,0,4514
Yellow,freeze,reinforcements,Purple,nuke,wall,16,0,0,0,0,16,10042
Yellow,freeze,reinforcements,Purple,firebomb,heal,16,16,0,0,0,0,9805
Yellow,freeze,reinforcements,Purple,firebomb,reinforcements,16,0,0,0,0,16,6725
Yellow,freeze,reinforcements,Purple,firebomb,speed,16,0,0,0,0,16,6632
Yellow,freeze,reinforcements,Purple,firebomb,wall,16,0,0,0,0,16,10056
Yellow,freeze,reinforcements,Purple,snipe,heal,16,16,0,0,0,0,5268
Yellow,freeze,reinforcements,Purple,snipe,reinforcements,16,0,0,0,0,16,6373
Yellow,freeze,reinforcements,Purple,snipe,speed,16,0,0,0,0,16,6632
Yellow,freeze,reinforcements,Purple,snipe,wall,16,0,0,0,0,16,10258
Yellow,freeze,reinforcements,Purple,freeze,heal,16,0,0,0,0,16,9794
Yellow,freeze,reinforcements,Purple,freeze,reinforcements,16,16,0,0,0,0,9657
Yellow,freeze,reinforcements,Purple,freeze,speed,16,0,0,0,0,16,6225
Yellow,freeze,reinforcements,Purple,freeze,wall,16,0,0,0,0,16,10088
Yellow,freeze,reinforcements,Red,nuke,heal,16,16,0,0,0,0,3359
Yellow,freeze,reinforcements,Red,nuke,reinforcements,16,0,0,0,0,16,5725
Yellow,freeze,reinforcements,Red,nuke,speed,16,16,0,0,0,0,3359
Yellow,freeze,reinforcements,Red,nuke,wall,16,0,0,0,0,16,6549
Yellow,freeze,reinforcements,Red,firebomb,heal,16,0,0,0,0,16,7379
Yellow,freeze,reinforcements,Red,firebomb,reinforcements,16,0,0,0,0,16,6306
Yellow,freeze,reinforcements,Red,firebomb,speed,16,0,0,0,0,16,6599
Yellow,freeze,reinforcements,Red,firebomb,wall,16,0,0,0,0,16,7849
Yellow,freeze,reinforcements,Red,snipe,heal,16,0,0,0,0,16,5419
Yellow,freeze,reinforcements,Red,snipe,reinforcements,16,0,0,0,0,16,5458
Yellow,freeze,reinforcements,Red,snipe,speed,16,0,0,0,0,16,5205
Yellow,freeze,reinforcements,Red,snipe,wall,16,0,0,0,0,16,6133
Yellow,freeze,reinforcements,Red,freeze,heal,16,0,0,0,0,16,7224
Yellow,freeze,reinforcements,Red,freeze,reinforcements,16,0,0,0,0,16,5496
Yellow,freeze,reinforcements,Red,freeze,speed,16,0,0,0,0,16,6562
Yellow,freeze,reinforcements,Red,freeze,wall,16,0,0,0,0,16,6880
Yellow,freeze,reinforcements,White,nuke,heal,16,16,0,0,0,0,3364
Yellow,freeze,reinforcements,White,nuke,reinforcements,16,16,0,0,0,0,4493
Yellow,freeze,reinforcements,White,nuke,speed,16,16,0,0,0,0,4224
Yellow,freeze,reinforcements,White,nuke,wall,16,16,0,0,0,0,7806
Yellow,freeze,reinforcements,White,firebomb,heal,16,16,0,0,0,0,8569
Yellow,freeze,reinforcements,White,firebomb,reinforcements,16,16,0,0,0,0,4557
Yellow,freeze,reinforcements,White,firebomb,speed,16,0,0,0,0,16,12789
Yellow,freeze,reinforcements,White,firebomb,wall,16,16,0,0,0,0,8393
Yellow,freeze,reinforcements,White,snipe,heal,16,0,0,0,0,16,7279
Yellow,freeze,reinforcements,White,snipe,reinforcements,16,16,0,0,0,0,4488
Yellow,freeze,reinforcements,White,snipe,speed,16,0,0,0,0,16,7081
Yellow,freeze,reinforcements,White,snipe,wall,16,0,0,0,0,16,6559
Yellow,freeze,reinforcements,White,freeze,heal,16,16,0,0,0,0,8100
Yellow,freeze,reinforcements,White,freeze,reinforcements,16,16,0,0,0,0,4967
Yellow,freeze,reinforcements,White,freeze,speed,16,0,0,0,0,16,6692
Yellow,freeze,reinforcements,White,freeze,wall,16,16,0,0,0,0,8148
Yellow,freeze,reinforcements,Yellow,nuke,heal,16,16,0,0,0,0,3439
Yellow,freeze,reinforcements,Yellow,nuke,reinforcements,16,16,0,0,0,0,6422
Yellow,freeze,reinforcements,Yellow,nuke,speed,16,16,0,0,0,0,3439
Yellow,freeze,reinforcements,Yellow,nuke,wall,16,16,0,0,0,0,5359
Yellow,freeze,reinforcements,Yellow,firebomb,heal,16,0,0,0,0,16,7628
Yellow,freeze,reinforcements,Yellow,firebomb,reinforcements,16,16,0,0,0,0,6937
Yellow,freeze,reinforcements,Yellow,firebomb,speed,16,0,0,0,0,16,6551
Yellow,freeze,reinforcements,Yellow,firebomb,wall,16,0,0,0,0,16,7873
Yellow,freeze,reinforcements,Yellow,snipe,heal,16,0,0,0,0,16,6829
Yellow,freeze,reinforcements,Yellow,snipe,reinforcements,16,16,0,0,0,0,8553
Yellow,freeze,reinforcements,Yellow,snipe,speed,16,0,0,0,0,16,6213
Yellow,freeze,reinforcements,Yellow,snipe,wall,16,0,0,0,0,16,7297
Yellow,freeze,reinforcements,Yellow,freeze,heal,16,0,0,0,0,16,8050
Yellow,freeze,reinforcements,Yellow,freeze,reinforcements,16,0,0,16,0,0,10249
Yellow,freeze,reinforcements,Yellow,freeze,speed,16,0,0,0,0,16,8022
Yellow,freeze,reinforcements,Yellow,freeze,wall,16,0,0,0,0,16,7062
Yellow,freeze,speed,Black,nuke,heal,16,16,0,0,0,0,8566
Yellow,freeze,speed,Black,nuke,reinforcements,16,16,0,0,0,0,6155
Yellow,freeze,speed,Black,nuke,speed,16,16,0,0,0,0,9324
Yellow,freeze,speed,Black,nuke,wall,16,16,0,0,0,0,8557
Yellow,freeze,speed,Black,firebomb,heal,16,16,0,0,0,0,8272
Yellow,freeze,speed,Black,firebomb,reinforcements,16,16,0,0,0,0,6252
Yellow,freeze,speed,Black,firebomb,speed,16,0,0,0,0,16,9237
Yellow,freeze,speed,Black,firebomb,wall,16,16,0,0,0,0,8295
Yellow,freeze,speed,Black,snipe,heal,16,16,0,0,0,0,9697
Yellow,freeze,speed,Black,snipe,reinforcements,16,16,0,0,0,0,6230
Yellow,freeze,speed,Black,snipe,speed,16,0,0,0,0,16,9457
Yellow,freeze,speed,Black,snipe,wall,16,0,0,0,0,16,8980
Yellow,freeze,speed,Black,freeze,heal,16,0,0,0,0,16,9176
Yellow,freeze,speed,Black,freeze,reinforcements,16,16,0,0,0,0,9181
Yellow,freeze,speed,Black,freeze,speed,16,0,0,0,0,16,9153
Yellow,freeze,speed,Black,freeze,wall,16,16,0,0,0,0,8335
Yellow,freeze,speed,Blue,nuke,heal,16,0,0,0,0,16,7266
Yellow,freeze,speed,Blue,nuke,reinforcements,16,16,0,0,0,0,6535
Yellow,freeze,speed,Blue,nuke,speed,16,0,0,0,0,16,9003
Yellow,freeze,speed,Blue,nuke,wall,16,16,0,0,0,0,8449
Yellow,freeze,speed,Blue,firebomb,heal,16,16,0,0,0,0,8965
Yellow,freeze,speed,Blue,firebomb,reinforcements,16,16,0,0,0,0,6633
Yellow,freeze,speed,Blue,firebomb,speed,16,0,0,0,0,16,9164
Yellow,freeze,speed,Blue,firebomb,wall,16,16,0,0,0,0,8414
Yellow,freeze,speed,Blue,snipe,heal,16,0,0,0,0,16,9093
Yellow,freeze,speed,Blue,snipe,reinforcements,16,16,0,0,0,0,6820
Yellow,freeze,speed,Blue,snipe,speed,16,0,0,0,0,16,7745
Yellow,freeze,speed,Blue,snipe,wall,16,0,0,0,0,16,9130
Yellow,freeze,speed,Blue,freeze,heal,16,16,0,0,0,0,8533
Yellow,freeze,speed,Blue,freeze,reinforcements,16,16,0,0,0,0,6629
Yellow,freeze,speed,Blue,freeze,speed,16,15,0,0,0,1,9202
Yellow,freeze,speed,Blue,freeze,wall,16,16,0,0,0,0,8320
Yellow,freeze,speed,Green,nuke,heal,16,0,0,0,0,16,9936
Yellow,freeze,speed,Green,nuke,reinforcements,16,16,0,0,0,0,11243
Yellow,freeze,speed,Green,nuke,speed,16,0,0,0,0,16,8264
Yellow,freeze,speed,Green,nuke,wall,16,0,0,0,0,16,9141
Yellow,freeze,speed,Green,firebomb,heal,16,16,0,0,0,0,8638
Yellow,freeze,speed,Green,firebomb,reinforcements,16,16,0,0,0,0,11065
Yellow,freeze,speed,Green,firebomb,speed,16,0,0,0,0,16,8014
Yellow,freeze,speed,Green,firebomb,wall,16,16,0,0,0,0,10369
Yellow,freeze,speed,Green,snipe,heal,16,0,0,0,0,16,8955
Yellow,freeze,speed,Green,snipe,reinforcements,16,0,0,0,0,16,16067
Yellow,freeze,speed,Green,snipe,speed,16,0,0,0,0,16,8528
Yellow,freeze,speed,Green,snipe,wall,16,0,0,0,0,16,9133
Yellow,freeze,speed,Green,freeze,heal,16,0,0,0,0,16,9253
Yellow,freeze,speed,Green,freeze,reinforcements,16,0,0,0,0,16,12074
Yellow,freeze,speed,Green,freeze,speed,16,16,0,0,0,0,9355
Yellow,freeze,speed,Green,freeze,wall,16,0,0,0,0,16,9082
Yellow,freeze,speed,Orange,nuke,heal,16,11,0,0,0,5,8310
Yellow,freeze,speed,Orange,nuke,reinforcements,16,16,0,0,0,0,6285
Yellow,freeze,speed,Orange,nuke,speed,16,9,0,0,0,7,9382
Yellow,freeze,speed,Orange,nuke,wall,16,11,0,0,0,5,8481
Yellow,freeze,speed,Orange,firebomb,heal,16,11,0,0,0,5,8834
Yellow,freeze,speed,Orange,firebomb,reinforcements,16,16,0,0,0,0,6575
Yellow,freeze,speed,Orange,firebomb,speed,16,0,0,0,0,16,9552
Yellow,freeze,speed,Orange,firebomb,wall,16,9,0,1,0,6,9150
Yellow,freeze,speed,Orange,snipe,heal,16,5,0,0,0,11,8024
Yellow,freeze,speed,Orange,snipe,reinforcements,16,16,0,0,0,0,6321
Yellow,freeze,speed,Orange,snipe,speed,16,0,0,0,0,16,9942
Yellow,freeze,speed,Orange,snipe,wall,16,8,0,0,0,8,10594
Yellow,freeze,speed,Orange,freeze,heal,16,15,0,0,0,1,8776
Yellow,freeze,speed,Orange,freeze,reinforcements,16,16,0,0,0,0,6534
Yellow,freeze,speed,Orange,freeze,speed,16,2,0,0,0,14,9223
Yellow,freeze,speed,Orange,freeze,wall,16,15,0,0,0,1,9063
Yellow,freeze,speed,Purple,nuke,heal,16,0,0,0,0,16,6722
Yellow,freeze,speed,Purple,nuke,reinforcements,16,16,0,0,0,0,6975
Yellow,freeze,speed,Purple,nuke,speed,16,0,0,0,0,16,10251
Yellow,freeze,speed,Purple,nuke,wall,16,16,0,0,0,0,9227
Yellow,freeze,speed,Purple,firebomb,heal,16,16,0,0,0,0,8626
Yellow,freeze,speed,Purple,firebomb,reinforcements,16,16,0,0,0,0,7535
Yellow,freeze,speed,Purple,firebomb,speed,16,0,0,0,0,16,9490
Yellow,freeze,speed,Purple,firebomb,wall,16,16,0,0,0,0,8477
Yellow,freeze,speed,Purple,snipe,heal,16,0,0,0,0,16,9222
Yellow,freeze,speed,Purple,snipe,reinforcements,16,16,0,0,0,0,10420
Yellow,freeze,speed,Purple,snipe,speed,16,0,0,0,0,16,9738
Yellow,freeze,speed,Purple,snipe,wall,16,0,0,0,0,16,9323
Yellow,freeze,speed,Purple,freeze,heal,16,16,0,0,0,0,9242
Yellow,freeze,speed,Purple,freeze,reinforcements,16,16,0,0,0,0,6410
Yellow,freeze,speed,Purple,freeze,speed,16,0,0,0,0,16,9133
Yellow,freeze,speed,Purple,freeze,wall,16,16,0,0,0,0,8682
Yellow,freeze,speed,Red,nuke,heal,16,0,0,0,0,16,7142
Yellow,freeze,speed,Red,nuke,reinforcements,16,0,0,0,0,16,5530
Yellow,freeze,speed,Red,nuke,speed,16,0,0,0,0,16,8105
Yellow,freeze,speed,Red,nuke,wall,16,0,0,0,0,16,9167
Yellow,freeze,speed,Red,firebomb,heal,16,16,0,0,0,0,10781
Yellow,freeze,speed,Red,firebomb,reinforcements,16,0,0,0,0,16,13253
Yellow,freeze,speed,Red,firebomb,speed,16,0,0,0,0,16,8846
Yellow,freeze,speed,Red,firebomb,wall,16,16,0,0,0,0,9241
Yellow,freeze,speed,Red,snipe,heal,16,0,0,0,0,16,9369
Yellow,freeze,speed,Red,snipe,reinforcements,16,0,0,0,0,16,5510
Yellow,freeze,speed,Red,snipe,speed,16,0,0,0,0,16,5785
Yellow,freeze,speed,Red,snipe,wall,16,0,0,0,0,16,9122
Yellow,freeze,speed,Red,freeze,heal,16,16,0,0,0,0,7665
Yellow,freeze,speed,Red,freeze,reinforcements,16,16,0,0,0,0,6410
Yellow,freeze,speed,Red,freeze,speed,16,0,0,0,0,16,8035
Yellow,freeze,speed,Red,freeze,wall,16,16,0,0,0,0,9100
Yellow,freeze,speed,White,nuke,heal,16,16,0,0,0,0,8170
Yellow,freeze,speed,White,nuke,reinforcements,16,16,0,0,0,0,4721
Yellow,freeze,speed,White,nuke,speed,16,0,0,0,0,16,8584
Yellow,freeze,speed,White,nuke,wall,16,16,0,0,0,0,9048
Yellow,freeze,speed,White,firebomb,heal,16,16,0,0,0,0,5030
Yellow,freeze,speed,White,firebomb,reinforcements,16,16,0,0,0,0,4721
Yellow,freeze,speed,White,firebomb,speed,16,16,0,0,0,0,5149
Yellow,freeze,speed,White,firebomb,wall,16,16,0,0,0,0,7690
Yellow,freeze,speed,White,snipe,heal,16,16,0,0,0,0,7794
Yellow,freeze,speed,White,snipe,reinforcements,16,16,0,0,0,0,5198
Yellow,freeze,speed,White,snipe,speed,16,16,0,0,0,0,5163
Yellow,freeze,speed,White,snipe,wall,16,16,0,0,0,0,8873
Yellow,freeze,speed,White,freeze,heal,16,16,0,0,0,0,9299
Yellow,freeze,speed,White,freeze,reinforcements,16,16,0,0,0,0,5684
Yellow,freeze,speed,White,freeze,speed,16,16,0,0,0,0,8149
Yellow,freeze,speed,White,freeze,wall,16,16,0,0,0,0,7907
Yellow,freeze,speed,Yellow,nuke,heal,16,16,0,0,0,0,8500
Yellow,freeze,speed,Yellow,nuke,reinforcements,16,16,0,0,0,0,8292
Yellow,freeze,speed,Yellow,nuke,speed,16,0,0,0,0,16,9889
Yellow,freeze,speed,Yellow,nuke,wall,16,16,0,0,0,0,8215
Yellow,freeze,speed,Yellow,firebomb,heal,16,16,0,0,0,0,8401
Yellow,freeze,speed,Yellow,firebomb,reinforcements,16,16,0,0,0,0,8062
Yellow,freeze,speed,Yellow,firebomb,speed,16,16,0,0,0,0,9224
Yellow,freeze,speed,Yellow,firebomb,wall,16,16,0,0,0,0,8431
Yellow,freeze,speed,Yellow,snipe,heal,16,0,0,0,0,16,9040
Yellow,freeze,speed,Yellow,snipe,reinforcements,16,16,0,0,0,0,7685
Yellow,freeze,speed,Yellow,snipe,speed,16,0,0,0,0,16,8299
Yellow,freeze,speed,Yellow,snipe,wall,16,0,0,0,0,16,8370
Yellow,freeze,speed,Yellow,freeze,heal,16,16,0,0,0,0,8260
Yellow,freeze,speed,Yellow,freeze,reinforcements,16,16,0,0,0,0,7475
Yellow,freeze,speed,Yellow,freeze,speed,16,0,0,0,0,16,9854
Yellow,freeze,speed,Yellow,freeze,wall,16,16,0,0,0,0,9487
Yellow,freeze,wall,Black,nuke,heal,16,4,0,0,0,12,8403
Yellow,freeze,wall,Black,nuke,reinforcements,16,0,0,0,0,16,9259
Yellow,freeze,wall,Black,nuke,speed,16,0,0,0,0,16,8106
Yellow,freeze,wall,Black,nuke,wall,16,0,0,0,0,16,8115
Yellow,freeze,wall,Black,firebomb,heal,16,0,0,0,0,16,8599
Yellow,freeze,wall,Black,firebomb,reinforcements,16,0,0,0,0,16,9102
Yellow,freeze,wall,Black,firebomb,speed,16,0,0,0,0,16,8238
Yellow,freeze,wall,Black,firebomb,wall,16,16,0,0,0,0,8599
Yellow,freeze,wall,Black,snipe,heal,16,0,0,0,0,16,8344
Yellow,freeze,wall,Black,snipe,reinforcements,16,0,0,0,0,16,9348
Yellow,freeze,wall,Black,snipe,speed,16,0,0,0,0,16,8193
Yellow,freeze,wall,Black,snipe,wall,16,0,0,0,0,16,8141
Yellow,freeze,wall,Black,freeze,heal,16,0,0,0,0,16,8186
Yellow,freeze,wall,Black,freeze,reinforcements,16,16,0,0,0,0,9799
Yellow,freeze,wall,Black,freeze,speed,16,0,0,0,0,16,8539
Yellow,freeze,wall,Black,freeze,wall,16,16,0,0,0,0,8001
Yellow,freeze,wall,Blue,nuke,heal,16,16,0,0,0,0,5839
Yellow,freeze,wall,Blue,nuke,reinforcements,16,13,0,0,0,3,9675
Yellow,freeze,wall,Blue,nuke,speed,16,16,0,0,0,0,5749
Yellow,freeze,wall,Blue,nuke,wall,16,16,0,0,0,0,8259
Yellow,freeze,wall,Blue,firebomb,heal,16,16,0,0,0,0,8426
Yellow,freeze,wall,Blue,firebomb,reinforcements,16,0,0,0,0,16,9615
Yellow,freeze,wall,Blue,firebomb,speed,16,0,0,0,0,16,8552
Yellow,freeze,wall,Blue,firebomb,wall,16,16,0,0,0,0,8259
Yellow,freeze,wall,Blue,snipe,heal,16,0,0,0,0,16,8280
Yellow,freeze,wall,Blue,snipe,reinforcements,16,0,0,0,0,16,9298
Yellow,freeze,wall,Blue,snipe,speed,16,0,0,0,0,16,9254
Yellow,freeze,wall,Blue,snipe,wall,16,0,0,0,0,16,8381
Yellow,freeze,wall,Blue,freeze,heal,16,0,0,16,0,0,8689
Yellow,freeze,wall,Blue,freeze,reinforcements,16,16,0,0,0,0,9448
Yellow,freeze,wall,Blue,freeze,speed,16,0,0,0,0,16,8614
Yellow,freeze,wall,Blue,freeze,wall,16,2,0,0,0,14,8479
Yellow,freeze,wall,Green,nuke,heal,16,0,0,0,0,16,8246
Yellow,freeze,wall,Green,nuke,reinforcements,16,0,0,0,0,16,6199
Yellow,freeze,wall,Green,nuke,speed,16,0,0,0,0,16,8404
Yellow,freeze,wall,Green,nuke,wall,16,0,0,0,0,16,8359
Yellow,freeze,wall,Green,firebomb,heal,16,0,0,0,0,16,8486
Yellow,freeze,wall,Green,firebomb,reinforcements,16,0,0,0,0,16,9172
Yellow,freeze,wall,Green,firebomb,speed,16,0,0,0,0,16,8461
Yellow,freeze,wall,Green,firebomb,wall,16,0,0,0,0,16,8515
Yellow,freeze,wall,Green,snipe,heal,16,0,0,0,0,16,8227
Yellow,freeze,wall,Green,snipe,reinforcements,16,0,0,0,0,16,6186
Yellow,freeze,wall,Green,snipe,speed,16,0,0,0,0,16,8205
Yellow,freeze,wall,Green,snipe,wall,16,0,0,0,0,16,8255
Yellow,freeze,wall,Green,freeze,heal,16,0,0,0,0,16,8304
Yellow,freeze,wall,Green,freeze,reinforcements,16,0,0,0,0,16,5929
Yellow,freeze,wall,Green,freeze,speed,16,0,0,0,0,16,8297
Yellow,freeze,wall,Green,freeze,wall,16,0,0,0,0,16,8270
Yellow,freeze,wall,Orange,nuke,heal,16,6,0,0,0,10,7813
Yellow,freeze,wall,Orange,nuke,reinforcements,16,16,0,0,0,0,8839
Yellow,freeze,wall,Orange,nuke,speed,16,3,0,0,0,13,8999
Yellow,freeze,wall,Orange,nuke,wall,16,8,0,0,0,8,7758
Yellow,freeze,wall,Orange,firebomb,heal,16,0,0,0,0,16,8530
Yellow,freeze,wall,Orange,firebomb,reinforcements,16,0,0,0,0,16,8918
Yellow,freeze,wall,Orange,firebomb,speed,16,0,0,0,0,16,8399
Yellow,freeze,wall,Orange,firebomb,wall,16,2,0,0,0,14,8578
Yellow,freeze,wall,Orange,snipe,heal,16,0,0,0,0,16,8478
Yellow,freeze,wall,Orange,snipe,reinforcements,16,1,0,0,0,15,9745
Yellow,freeze,wall,Orange,snipe,speed,16,0,0,0,0,16,8872
Yellow,freeze,wall,Orange,snipe,wall,16,0,0,0,0,16,8396
Yellow,freeze,wall,Orange,freeze,heal,16,3,0,0,0,13,8586
Yellow,freeze,wall,Orange,freeze,reinforcements,16,16,0,0,0,0,7966
Yellow,freeze,wall,Orange,freeze,speed,16,0,0,0,0,16,8359
Yellow,freeze,wall,Orange,freeze,wall,16,6,0,0,0,10,8526
Yellow,freeze,wall,Purple,nuke,heal,16,0,0,0,0,16,8534
Yellow,freeze,wall,Purple,nuke,reinforcements,16,16,0,0,0,0,7441
Yellow,freeze,wall,Purple,nuke,speed,16,0,0,0,0,16,8337
Yellow,freeze,wall,Purple,nuke,wall,16,0,0,0,0,16,8316
Yellow,freeze,wall,Purple,firebomb,heal,16,0,0,0,0,16,8511
Yellow,freeze,wall,Purple,firebomb,reinforcements,16,16,0,0,0,0,9184
Yellow,freeze,wall,Purple,firebomb,speed,16,0,0,0,0,16,8414
Yellow,freeze,wall,Purple,firebomb,wall,16,0,0,0,0,16,8687
Yellow,freeze,wall,Purple,snipe,heal,16,0,0,0,0,16,8386
Yellow,freeze,wall,Purple,snipe,reinforcements,16,0,0,0,0,16,9245
Yellow,freeze,wall,Purple,snipe,speed,16,0,0,0,0,16,8331
Yellow,freeze,wall,Purple,snipe,wall,16,0,0,0,0,16,8596
Yellow,freeze,wall,Purple,freeze,heal,16,0,0,0,0,16,8655
Yellow,freeze,wall,Purple,freeze,reinforcements,16,16,0,0,0,0,8043
Yellow,freeze,wall,Purple,freeze,speed,16,0,0,0,0,16,8321
Yellow,freeze,wall,Purple,freeze,wall,16,0,0,0,0,16,8530
Yellow,freeze,wall,Red,nuke,heal,16,0,0,0,0,16,8270
Yellow,freeze,wall,Red,nuke,reinforcements,16,0,0,0,0,16,6806
Yellow,freeze,wall,Red,nuke,speed,16,16,0,0,0,0,6374
Yellow,freeze,wall,Red,nuke,wall,16,16,0,0,0,0,7379
Yellow,freeze,wall,Red,firebomb,heal,16,16,0,0,0,0,7645
Yellow,freeze,wall,Red,firebomb,reinforcements,16,0,0,0,0,16,8722
Yellow,freeze,wall,Red,firebomb,speed,16,0,0,0,0,16,8438
Yellow,freeze,wall,Red,firebomb,wall,16,0,0,0,0,16,8468
Yellow,freeze,wall,Red,snipe,heal,16,0,0,0,0,16,8248
Yellow,freeze,wall,Red,snipe,reinforcements,16,0,0,0,0,16,6750
Yellow,freeze,wall,Red,snipe,speed,16,0,0,0,0,16,5813
Yellow,freeze,wall,Red,snipe,wall,16,0,0,0,0,16,8307
Yellow,freeze,wall,Red,freeze,heal,16,0,0,0,0,16,8407
Yellow,freeze,wall,Red,freeze,reinforcements,16,0,0,0,0,16,6263
Yellow,freeze,wall,Red,freeze,speed,16,0,0,0,0,16,8442
Yellow,freeze,wall,Red,freeze,wall,16,0,0,0,0,16,8540
Yellow,freeze,wall,White,nuke,heal,16,0,0,0,0,16,6937
Yellow,freeze,wall,White,nuke,reinforcements,16,16,0,0,0,0,5579
Yellow,freeze,wall,White,nuke,speed,16,16,0,0,0,0,8051
Yellow,freeze,wall,White,nuke,wall,16,16,0,0,0,0,7878
Yellow,freeze,wall,White,firebomb,heal,16,16,0,0,0,0,7627
Yellow,freeze,wall,White,firebomb,reinforcements,16,16,0,0,0,0,5658
Yellow,freeze,wall,White,firebomb,speed,16,16,0,0,0,0,8037
Yellow,freeze,wall,White,firebomb,wall,16,16,0,0,0,0,7574
Yellow,freeze,wall,White,snipe,heal,16,0,0,0,0,16,8364
Yellow,freeze,wall,White,snipe,reinforcements,16,16,0,0,0,0,5532
Yellow,freeze,wall,White,snipe,speed,16,0,0,0,0,16,8210
Yellow,freeze,wall,White,snipe,wall,16,16,0,0,0,0,8246
Yellow,freeze,wall,White,freeze,heal,16,16,0,0,0,0,7898
Yellow,freeze,wall,White,freeze,reinforcements,16,16,0,0,0,0,6106
Yellow,freeze,wall,White,freeze,speed,16,0,0,0,0,16,8479
Yellow,freeze,wall,White,freeze,wall,16,16,0,0,0,0,7992
Yellow,freeze,wall,Yellow,nuke,heal,16,0,0,0,0,16,8346
Yellow,freeze,wall,Yellow,nuke,reinforcements,16,0,0,16,0,0,9409
Yellow,freeze,wall,Yellow,nuke,speed,16,0,0,0,0,16,8110
Yellow,freeze,wall,Yellow,nuke,wall,16,16,0,0,0,0,8196
Yellow,freeze,wall,Yellow,firebomb,heal,16,0,0,0,0,16,8599
Yellow,freeze,wall,Yellow,firebomb,reinforcements,16,0,0,0,0,16,9234
Yellow,freeze,wall,Yellow,firebomb,speed,16,0,0,0,0,16,8409
Yellow,freeze,wall,Yellow,firebomb,wall,16,16,0,0,0,0,8186
Yellow,freeze,wall,Yellow,snipe,heal,16,0,0,0,0,16,8326
Yellow,freeze,wall,Yellow,snipe,reinforcements,16,0,0,0,0,16,11273
Yellow,freeze,wall,Yellow,snipe,speed,16,0,0,0,0,16,8413
Yellow,freeze,wall,Yellow,snipe,wall,16,0,0,0,0,16,8182
Yellow,freeze,wall,Yellow,freeze,heal,16,16,0,0,0,0,8599
Yellow,freeze,wall,Yellow,freeze,reinforcements,16,16,0,0,0,0,8445
Yellow,freeze,wall,Yellow,freeze,speed,16,0,0,0,0,16,8367
Yellow,freeze,wall,Yellow,freeze,wall,16,0,0,16,0,0,8569
