human_team,human_off,human_def,bot_team,bot_off,bot_def,games,bot_decisive_wins,bot_timeout_wins,draws,bot_timeout_losses,bot_decisive_losses,avg_ticks
Purple,nuke,heal,Black,nuke,reinforcements,16,16,0,0,0,0,10292
Purple,nuke,heal,Black,nuke,speed,16,0,0,0,0,16,9342
Purple,nuke,heal,Black,nuke,wall,16,16,0,0,0,0,8494
Purple,nuke,heal,Black,firebomb,heal,16,16,0,0,0,0,8428
Purple,nuke,heal,Black,firebomb,reinforcements,16,0,0,0,0,16,5144
Purple,nuke,heal,Black,firebomb,speed,16,0,0,0,0,16,7509
Purple,nuke,heal,Black,firebomb,wall,16,16,0,0,0,0,8345
Purple,nuke,heal,Black,snipe,heal,16,16,0,0,0,0,9829
Purple,nuke,heal,Black,snipe,reinforcements,16,0,0,0,0,16,7017
Purple,nuke,heal,Black,snipe,speed,16,0,0,0,0,16,9150
Purple,nuke,heal,Black,snipe,wall,16,0,0,0,0,16,8368
Purple,nuke,heal,Black,freeze,heal,16,16,0,0,0,0,8384
Purple,nuke,heal,Black,freeze,reinforcements,16,0,0,0,0,16,10702
Purple,nuke,heal,Black,freeze,speed,16,0,0,0,0,16,9947
Purple,nuke,heal,Black,freeze,wall,16,16,0,0,0,0,8495
Purple,nuke,heal,Blue,nuke,heal,16,16,0,0,0,0,8412
Purple,nuke,heal,Blue,nuke,reinforcements,16,16,0,0,0,0,12519
Purple,nuke,heal,Blue,nuke,speed,16,16,0,0,0,0,9388
Purple,nuke,heal,Blue,nuke,wall,16,16,0,0,0,0,8596
Purple,nuke,heal,Blue,firebomb,heal,16,16,0,0,0,0,8358
Purple,nuke,heal,Blue,firebomb,reinforcements,16,0,0,0,0,16,4639
Purple,nuke,heal,Blue,firebomb,speed,16,0,0,0,0,16,7204
Purple,nuke,heal,Blue,firebomb,wall,16,0,0,0,0,16,6799
Purple,nuke,heal,Blue,snipe,heal,16,16,0,0,0,0,9290
Purple,nuke,heal,Blue,snipe,reinforcements,16,0,0,0,0,16,17115
Purple,nuke,heal,Blue,snipe,speed,16,0,0,0,0,16,9993
Purple,nuke,heal,Blue,snipe,wall,16,0,0,0,0,16,6319
Purple,nuke,heal,Blue,freeze,heal,16,16,0,0,0,0,8451
Purple,nuke,heal,Blue,freeze,reinforcements,16,16,0,0,0,0,12320
Purple,nuke,heal,Blue,freeze,speed,16,0,0,0,0,16,6319
Purple,nuke,heal,Blue,freeze,wall,16,16,0,0,0,0,8392
Purple,nuke,heal,Green,nuke,heal,16,0,0,0,0,16,9299
Purple,nuke,heal,Green,nuke,reinforcements,16,0,0,0,0,16,6672
Purple,nuke,heal,Green,nuke,speed,16,0,0,0,0,16,8356
Purple,nuke,heal,Green,nuke,wall,16,0,0,0,0,16,9803
Purple,nuke,heal,Green,firebomb,heal,16,16,0,0,0,0,4840
Purple,nuke,heal,Green,firebomb,reinforcements,16,0,0,0,0,16,8267
Purple,nuke,heal,Green,firebomb,speed,16,0,0,0,0,16,8495
Purple,nuke,heal,Green,firebomb,wall,16,0,0,0,0,16,9103
Purple,nuke,heal,Green,snipe,heal,16,0,0,0,0,16,8287
Purple,nuke,heal,Green,snipe,reinforcements,16,0,0,0,0,16,5778
Purple,nuke,heal,Green,snipe,speed,16,0,0,0,0,16,7534
Purple,nuke,heal,Green,snipe,wall,16,16,0,0,0,0,6298
Purple,nuke,heal,Green,freeze,heal,16,0,0,0,0,16,9920
Purple,nuke,heal,Green,freeze,reinforcements,16,0,0,0,0,16,6144
Purple,nuke,heal,Green,freeze,speed,16,0,0,0,0,16,7332
Purple,nuke,heal,Green,freeze,wall,16,0,0,0,0,16,5609
Purple,nuke,heal,Orange,nuke,heal,16,16,0,0,0,0,9020
Purple,nuke,heal,Orange,nuke,reinforcements,16,15,0,0,0,1,10470
Purple,nuke,heal,Orange,nuke,speed,16,3,0,0,0,13,9517
Purple,nuke,heal,Orange,nuke,wall,16,16,0,0,0,0,8948
Purple,nuke,heal,Orange,firebomb,heal,16,8,0,0,0,8,8067
Purple,nuke,heal,Orange,firebomb,reinforcements,16,0,0,0,0,16,5666
Purple,nuke,heal,Orange,firebomb,speed,16,0,0,0,0,16,7277
Purple,nuke,heal,Orange,firebomb,wall,16,3,0,0,0,13,7297
Purple,nuke,heal,Orange,snipe,heal,16,2,0,0,0,14,8395
Purple,nuke,heal,Orange,snipe,reinforcements,16,0,0,0,0,16,6431
Purple,nuke,heal,Orange,snipe,speed,16,2,0,0,0,14,11467
Purple,nuke,heal,Orange,snipe,wall,16,0,0,0,0,16,4970
Purple,nuke,heal,Orange,freeze,heal,16,9,0,0,0,7,7504
Purple,nuke,heal,Orange,freeze,reinforcements,16,14,2,0,0,0,13813
Purple,nuke,heal,Orange,freeze,speed,16,3,0,0,0,13,8704
Purple,nuke,heal,Orange,freeze,wall,16,4,0,0,0,12,6069
Purple,nuke,heal,Purple,nuke,heal,16,16,0,0,0,0,9619
Purple,nuke,heal,Purple,nuke,reinforcements,16,0,0,0,0,16,8132
Purple,nuke,heal,Purple,nuke,speed,16,0,0,0,0,16,9820
Purple,nuke,heal,Purple,nuke,wall,16,0,0,0,0,16,9424
Purple,nuke,heal,Purple,firebomb,heal,16,2,0,0,0,14,9498
Purple,nuke,heal,Purple,firebomb,reinforcements,16,16,0,0,0,0,8092
Purple,nuke,heal,Purple,firebomb,speed,16,0,0,0,0,16,6964
Purple,nuke,heal,Purple,firebomb,wall,16,4,0,0,0,12,9600
Purple,nuke,heal,Purple,snipe,heal,16,0,0,0,0,16,6299
Purple,nuke,heal,Purple,snipe,reinforcements,16,0,0,0,0,16,6492
Purple,nuke,heal,Purple,snipe,speed,16,0,0,0,0,16,8292
Purple,nuke,heal,Purple,snipe,wall,16,0,0,0,0,16,6634
Purple,nuke,heal,Purple,freeze,heal,16,16,0,0,0,0,9071
Purple,nuke,heal,Purple,freeze,reinforcements,16,0,0,0,0,16,5595
Purple,nuke,heal,Purple,freeze,speed,16,0,0,0,0,16,10827
Purple,nuke,heal,Purple,freeze,wall,16,0,0,0,0,16,8664
Purple,nuke,heal,Red,nuke,heal,16,16,0,0,0,0,9499
Purple,nuke,heal,Red,nuke,reinforcements,16,0,0,0,0,16,6507
Purple,nuke,heal,Red,nuke,speed,16,0,0,0,0,16,8685
Purple,nuke,heal,Red,nuke,wall,16,0,0,0,0,16,8187
Purple,nuke,heal,Red,firebomb,heal,16,16,0,0,0,0,9177
Purple,nuke,heal,Red,firebomb,reinforcements,16,0,0,0,0,16,7847
Purple,nuke,heal,Red,firebomb,speed,16,0,0,0,0,16,10417
Purple,nuke,heal,Red,firebomb,wall,16,0,0,0,0,16,9671
Purple,nuke,heal,Red,snipe,heal,16,0,0,0,0,16,7508
Purple,nuke,heal,Red,snipe,reinforcements,16,0,0,0,0,16,5705
Purple,nuke,heal,Red,snipe,speed,16,0,0,0,0,16,8559
Purple,nuke,heal,Red,snipe,wall,16,0,0,0,0,16,7710
Purple,nuke,heal,Red,freeze,heal,16,0,0,0,0,16,10640
Purple,nuke,heal,Red,freeze,reinforcements,16,0,0,0,0,16,6497
Purple,nuke,heal,Red,freeze,speed,16,0,0,0,0,16,7485
Purple,nuke,heal,Red,freeze,wall,16,16,0,0,0,0,9068
Purple,nuke,heal,White,nuke,heal,16,16,0,0,0,0,7668
Purple,nuke,heal,White,nuke,reinforcements,16,16,0,0,0,0,5320
Purple,nuke,heal,White,nuke,speed,16,16,0,0,0,0,8032
Purple,nuke,heal,White,nuke,wall,16,16,0,0,0,0,7633
Purple,nuke,heal,White,firebomb,heal,16,0,0,0,0,16,6034
Purple,nuke,heal,White,firebomb,reinforcements,16,0,0,0,0,16,4079
Purple,nuke,heal,White,firebomb,speed,16,0,0,0,0,16,6349
Purple,nuke,heal,White,firebomb,wall,16,16,0,0,0,0,7646
Purple,nuke,heal,White,snipe,heal,16,16,0,0,0,0,10311
Purple,nuke,heal,White,snipe,reinforcements,16,0,0,0,0,16,4034
Purple,nuke,heal,White,snipe,speed,16,0,0,0,0,16,9192
Purple,nuke,heal,White,snipe,wall,16,16,0,0,0,0,7729
Purple,nuke,heal,White,freeze,heal,16,16,0,0,0,0,8868
Purple,nuke,heal,White,freeze,reinforcements,16,0,0,0,0,16,4464
Purple,nuke,heal,White,freeze,speed,16,0,0,0,0,16,8300
Purple,nuke,heal,White,freeze,wall,16,0,0,0,0,16,7364
Purple,nuke,heal,Yellow,nuke,heal,16,16,0,0,0,0,8482
Purple,nuke,heal,Yellow,nuke,reinforcements,16,0,0,0,0,16,10674
Purple,nuke,heal,Yellow,nuke,speed,16,0,0,0,0,16,8477
Purple,nuke,heal,Yellow,nuke,wall,16,16,0,0,0,0,8324
Purple,nuke,heal,Yellow,firebomb,heal,16,16,0,0,0,0,8479
Purple,nuke,heal,Yellow,firebomb,reinforcements,16,0,0,0,0,16,5524
Purple,nuke,heal,Yellow,firebomb,speed,16,16,0,0,0,0,9194
Purple,nuke,heal,Yellow,firebomb,wall,16,16,0,0,0,0,8317
Purple,nuke,heal,Yellow,snipe,heal,16,0,0,0,0,16,7917
Purple,nuke,heal,Yellow,snipe,reinforcements,16,0,0,0,0,16,5632
Purple,nuke,heal,Yellow,snipe,speed,16,0,0,0,0,16,8627
Purple,nuke,heal,Yellow,snipe,wall,16,0,0,0,0,16,8393
Purple,nuke,heal,Yellow,freeze,heal,16,16,0,0,0,0,8437
Purple,nuke,heal,Yellow,freeze,reinforcements,16,16,0,0,0,0,10782
Purple,nuke,heal,Yellow,freeze,speed,16,0,0,0,0,16,9235
Purple,nuke,heal,Yellow,freeze,wall,16,16,0,0,0,0,8233
Purple,nuke,reinforcements,Black,nuke,heal,16,16,0,0,0,0,10306
Purple,nuke,reinforcements,Black,nuke,reinforcements,16,16,0,0,0,0,13621
Purple,nuke,reinforcements,Black,nuke,speed,16,16,0,0,0,0,4229
Purple,nuke,reinforcements,Black,nuke,wall,16,16,0,0,0,0,9248
Purple,nuke,reinforcements,Black,firebomb,heal,16,16,0,0,0,0,9530
Purple,nuke,reinforcements,Black,firebomb,reinforcements,16,16,0,0,0,0,12087
Purple,nuke,reinforcements,Black,firebomb,speed,16,0,0,0,0,16,6117
Purple,nuke,reinforcements,Black,firebomb,wall,16,16,0,0,0,0,9352
Purple,nuke,reinforcements,Black,snipe,heal,16,0,0,0,0,16,6912
Purple,nuke,reinforcements,Black,snipe,reinforcements,16,0,0,0,0,16,6372
Purple,nuke,reinforcements,Black,snipe,speed,16,0,0,0,0,16,5936
Purple,nuke,reinforcements,Black,snipe,wall,16,0,0,0,0,16,6359
Purple,nuke,reinforcements,Black,freeze,heal,16,16,0,0,0,0,8865
Purple,nuke,reinforcements,Black,freeze,reinforcements,16,0,0,0,0,16,6835
Purple,nuke,reinforcements,Black,freeze,speed,16,0,0,0,0,16,7279
Purple,nuke,reinforcements,Black,freeze,wall,16,16,0,0,0,0,9416
Purple,nuke,reinforcements,Blue,nuke,heal,16,0,0,0,0,16,6267
Purple,nuke,reinforcements,Blue,nuke,reinforcements,16,0,0,0,0,16,6947
Purple,nuke,reinforcements,Blue,nuke,speed,16,0,0,0,0,16,5732
Purple,nuke,reinforcements,Blue,nuke,wall,16,0,0,0,0,16,7217
Purple,nuke,reinforcements,Blue,firebomb,heal,16,0,0,0,0,16,6596
Purple,nuke,reinforcements,Blue,firebomb,reinforcements,16,0,0,0,0,16,6196
Purple,nuke,reinforcements,Blue,firebomb,speed,16,0,0,0,0,16,6122
Purple,nuke,reinforcements,Blue,firebomb,wall,16,0,0,0,0,16,6749
Purple,nuke,reinforcements,Blue,snipe,heal,16,0,0,0,0,16,5506
Purple,nuke,reinforcements,Blue,snipe,reinforcements,16,0,0,0,0,16,5946
Purple,nuke,reinforcements,Blue,snipe,speed,16,0,0,0,0,16,5447
Purple,nuke,reinforcements,Blue,snipe,wall,16,0,0,0,0,16,5917
Purple,nuke,reinforcements,Blue,freeze,heal,16,0,0,0,0,16,9132
Purple,nuke,reinforcements,Blue,freeze,reinforcements,16,0,0,0,0,16,6217
Purple,nuke,reinforcements,Blue,freeze,speed,16,0,0,0,0,16,6147
Purple,nuke,reinforcements,Blue,freeze,wall,16,0,0,0,0,16,4590
Purple,nuke,reinforcements,Green,nuke,heal,16,16,0,0,0,0,4779
Purple,nuke,reinforcements,Green,nuke,reinforcements,16,0,0,0,0,16,5842
Purple,nuke,reinforcements,Green,nuke,speed,16,0,0,0,0,16,5657
Purple,nuke,reinforcements,Green,nuke,wall,16,0,0,0,0,16,5742
Purple,nuke,reinforcements,Green,firebomb,heal,16,0,0,0,0,16,5507
Purple,nuke,reinforcements,Green,firebomb,reinforcements,16,0,0,0,0,16,5795
Purple,nuke,reinforcements,Green,firebomb,speed,16,0,0,0,0,16,6046
Purple,nuke,reinforcements,Green,firebomb,wall,16,0,0,0,0,16,6107
Purple,nuke,reinforcements,Green,snipe,heal,16,0,0,0,0,16,6037
Purple,nuke,reinforcements,Green,snipe,reinforcements,16,0,0,0,0,16,5266
Purple,nuke,reinforcements,Green,snipe,speed,16,0,0,0,0,16,4448
Purple,nuke,reinforcements,Green,snipe,wall,16,0,0,0,0,16,5610
Purple,nuke,reinforcements,Green,freeze,heal,16,0,0,0,0,16,6192
Purple,nuke,reinforcements,Green,freeze,reinforcements,16,0,0,0,0,16,6182
Purple,nuke,reinforcements,Green,freeze,speed,16,0,0,0,0,16,5360
Purple,nuke,reinforcements,Green,freeze,wall,16,0,0,0,0,16,4259
Purple,nuke,reinforcements,Orange,nuke,heal,16,0,0,0,0,16,13224
Purple,nuke,reinforcements,Orange,nuke,reinforcements,16,0,0,0,0,16,7138
Purple,nuke,reinforcements,Orange,nuke,speed,16,0,0,0,0,16,7051
Purple,nuke,reinforcements,Orange,nuke,wall,16,16,0,0,0,0,6986
Purple,nuke,reinforcements,Orange,firebomb,heal,16,0,5,0,3,8,17204
Purple,nuke,reinforcements,Orange,firebomb,reinforcements,16,0,0,0,0,16,6537
Purple,nuke,reinforcements,Orange,firebomb,speed,16,0,0,0,0,16,8672
Purple,nuke,reinforcements,Orange,firebomb,wall,16,16,0,0,0,0,7310
Purple,nuke,reinforcements,Orange,snipe,heal,16,0,0,0,0,16,8742
Purple,nuke,reinforcements,Orange,snipe,reinforcements,16,0,0,0,0,16,6454
Purple,nuke,reinforcements,Orange,snipe,speed,16,0,0,0,0,16,7103
Purple,nuke,reinforcements,Orange,snipe,wall,16,5,0,0,0,11,8707
Purple,nuke,reinforcements,Orange,freeze,heal,16,10,5,0,0,1,13583
Purple,nuke,reinforcements,Orange,freeze,reinforcements,16,0,0,0,0,16,7012
Purple,nuke,reinforcements,Orange,freeze,speed,16,0,1,0,3,12,15818
Purple,nuke,reinforcements,Orange,freeze,wall,16,16,0,0,0,0,7301
Purple,nuke,reinforcements,Purple,nuke,heal,16,16,0,0,0,0,7890
Purple,nuke,reinforcements,Purple,nuke,reinforcements,16,0,0,0,16,0,18000
Purple,nuke,reinforcements,Purple,nuke,speed,16,16,0,0,0,0,5089
Purple,nuke,reinforcements,Purple,nuke,wall,16,16,0,0,0,0,7797
Purple,nuke,reinforcements,Purple,firebomb,heal,16,16,0,0,0,0,6787
Purple,nuke,reinforcements,Purple,firebomb,reinforcements,16,0,0,0,0,16,4414
Purple,nuke,reinforcements,Purple,firebomb,speed,16,0,0,0,0,16,5932
Purple,nuke,reinforcements,Purple,firebomb,wall,16,16,0,0,0,0,7602
Purple,nuke,reinforcements,Purple,snipe,heal,16,16,0,0,0,0,8411
Purple,nuke,reinforcements,Purple,snipe,reinforcements,16,0,0,0,0,16,4514
Purple,nuke,reinforcements,Purple,snipe,speed,16,0,0,0,0,16,5610
Purple,nuke,reinforcements,Purple,snipe,wall,16,16,0,0,0,0,8227
Purple,nuke,reinforcements,Purple,freeze,heal,16,0,0,0,0,16,6752
Purple,nuke,reinforcements,Purple,freeze,reinforcements,16,16,0,0,0,0,6657
Purple,nuke,reinforcements,Purple,freeze,speed,16,0,0,0,0,16,6152
Purple,nuke,reinforcements,Purple,freeze,wall,16,0,0,0,0,16,6670
Purple,nuke,reinforcements,Red,nuke,heal,16,16,0,0,0,0,3964
Purple,nuke,reinforcements,Red,nuke,reinforcements,16,0,0,0,0,16,5364
Purple,nuke,reinforcements,Red,nuke,speed,16,16,0,0,0,0,4009
Purple,nuke,reinforcements,Red,nuke,wall,16,16,0,0,0,0,5324
Purple,nuke,reinforcements,Red,firebomb,heal,16,0,0,0,0,16,6482
Purple,nuke,reinforcements,Red,firebomb,reinforcements,16,0,0,0,0,16,6312
Purple,nuke,reinforcements,Red,firebomb,speed,16,0,0,0,0,16,5020
Purple,nuke,reinforcements,Red,firebomb,wall,16,0,0,0,0,16,6217
Purple,nuke,reinforcements,Red,snipe,heal,16,0,0,0,0,16,6092
Purple,nuke,reinforcements,Red,snipe,reinforcements,16,0,0,0,0,16,6021
Purple,nuke,reinforcements,Red,snipe,speed,16,0,0,0,0,16,4975
Purple,nuke,reinforcements,Red,snipe,wall,16,0,0,0,0,16,5847
Purple,nuke,reinforcements,Red,freeze,heal,16,0,0,0,0,16,6492
Purple,nuke,reinforcements,Red,freeze,reinforcements,16,0,0,0,0,16,6267
Purple,nuke,reinforcements,Red,freeze,speed,16,0,0,0,0,16,5821
Purple,nuke,reinforcements,Red,freeze,wall,16,0,0,0,0,16,10091
Purple,nuke,reinforcements,White,nuke,heal,16,16,0,0,0,0,8109
Purple,nuke,reinforcements,White,nuke,reinforcements,16,16,0,0,0,0,5159
Purple,nuke,reinforcements,White,nuke,speed,16,16,0,0,0,0,7272
Purple,nuke,reinforcements,White,nuke,wall,16,16,0,0,0,0,8079
Purple,nuke,reinforcements,White,firebomb,heal,16,16,0,0,0,0,5983
Purple,nuke,reinforcements,White,firebomb,reinforcements,16,16,0,0,0,0,5149
Purple,nuke,reinforcements,White,firebomb,speed,16,16,0,0,0,0,6639
Purple,nuke,reinforcements,White,firebomb,wall,16,16,0,0,0,0,6852
Purple,nuke,reinforcements,White,snipe,heal,16,0,0,0,0,16,7082
Purple,nuke,reinforcements,White,snipe,reinforcements,16,16,0,0,0,0,5185
Purple,nuke,reinforcements,White,snipe,speed,16,0,0,0,0,16,6941
Purple,nuke,reinforcements,White,snipe,wall,16,0,0,0,0,16,10253
Purple,nuke,reinforcements,White,freeze,heal,16,16,0,0,0,0,7987
Purple,nuke,reinforcements,White,freeze,reinforcements,16,16,0,0,0,0,5248
Purple,nuke,reinforcements,White,freeze,speed,16,16,0,0,0,0,10827
Purple,nuke,reinforcements,White,freeze,wall,16,16,0,0,0,0,7167
Purple,nuke,reinforcements,Yellow,nuke,heal,16,0,0,0,0,16,7349
Purple,nuke,reinforcements,Yellow,nuke,reinforcements,16,16,0,0,0,0,11990
Purple,nuke,reinforcements,Yellow,nuke,speed,16,16,0,0,0,0,4674
Purple,nuke,reinforcements,Yellow,nuke,wall,16,16,0,0,0,0,8151
Purple,nuke,reinforcements,Yellow,firebomb,heal,16,16,0,0,0,0,10938
Purple,nuke,reinforcements,Yellow,firebomb,reinforcements,16,16,0,0,0,0,10418
Purple,nuke,reinforcements,Yellow,firebomb,speed,16,0,0,0,0,16,6037
Purple,nuke,reinforcements,Yellow,firebomb,wall,16,0,0,0,0,16,8373
Purple,nuke,reinforcements,Yellow,snipe,heal,16,0,0,0,0,16,4457
Purple,nuke,reinforcements,Yellow,snipe,reinforcements,16,0,0,0,0,16,6497
Purple,nuke,reinforcements,Yellow,snipe,speed,16,0,0,0,0,16,5617
Purple,nuke,reinforcements,Yellow,snipe,wall,16,0,0,0,0,16,7229
Purple,nuke,reinforcements,Yellow,freeze,heal,16,0,0,0,0,16,6155
Purple,nuke,reinforcements,Yellow,freeze,reinforcements,16,16,0,0,0,0,6583
Purple,nuke,reinforcements,Yellow,freeze,speed,16,0,0,0,0,16,6457
Purple,nuke,reinforcements,Yellow,freeze,wall,16,0,0,0,0,16,7335
Purple,nuke,speed,Black,nuke,heal,16,16,0,0,0,0,8492
Purple,nuke,speed,Black,nuke,reinforcements,16,16,0,0,0,0,6643
Purple,nuke,speed,Black,nuke,speed,16,16,0,0,0,0,9245
Purple,nuke,speed,Black,nuke,wall,16,16,0,0,0,0,8330
Purple,nuke,speed,Black,firebomb,heal,16,16,0,0,0,0,8417
Purple,nuke,speed,Black,firebomb,reinforcements,16,0,0,0,0,16,4539
Purple,nuke,speed,Black,firebomb,speed,16,0,0,0,0,16,7334
Purple,nuke,speed,Black,firebomb,wall,16,0,0,0,0,16,7154
Purple,nuke,speed,Black,snipe,heal,16,16,0,0,0,0,9139
Purple,nuke,speed,Black,snipe,reinforcements,16,0,0,0,0,16,4569
Purple,nuke,speed,Black,snipe,speed,16,0,0,0,0,16,10195
Purple,nuke,speed,Black,snipe,wall,16,0,0,0,0,16,8354
Purple,nuke,speed,Black,freeze,heal,16,16,0,0,0,0,8296
Purple,nuke,speed,Black,freeze,reinforcements,16,0,0,0,0,16,4529
Purple,nuke,speed,Black,freeze,speed,16,16,0,0,0,0,9295
Purple,nuke,speed,Black,freeze,wall,16,16,0,0,0,0,8375
Purple,nuke,speed,Blue,nuke,heal,16,16,0,0,0,0,8340
Purple,nuke,speed,Blue,nuke,reinforcements,16,0,0,0,0,16,4464
Purple,nuke,speed,Blue,nuke,speed,16,16,0,0,0,0,9201
Purple,nuke,speed,Blue,nuke,wall,16,16,0,0,0,0,8287
Purple,nuke,speed,Blue,firebomb,heal,16,16,0,0,0,0,8325
Purple,nuke,speed,Blue,firebomb,reinforcements,16,0,0,0,0,16,4489
Purple,nuke,speed,Blue,firebomb,speed,16,0,0,0,0,16,5779
Purple,nuke,speed,Blue,firebomb,wall,16,0,0,0,0,16,5284
Purple,nuke,speed,Blue,snipe,heal,16,16,0,0,0,0,9201
Purple,nuke,speed,Blue,snipe,reinforcements,16,0,0,0,0,16,4494
Purple,nuke,speed,Blue,snipe,speed,16,16,0,0,0,0,11471
Purple,nuke,speed,Blue,snipe,wall,16,0,0,0,0,16,7749
Purple,nuke,speed,Blue,freeze,heal,16,0,0,0,0,16,6774
Purple,nuke,speed,Blue,freeze,reinforcements,16,16,0,0,0,0,6945
Purple,nuke,speed,Blue,freeze,speed,16,16,0,0,0,0,9295
Purple,nuke,speed,Blue,freeze,wall,16,16,0,0,0,0,8813
Purple,nuke,speed,Green,nuke,heal,16,0,0,0,0,16,13129
Purple,nuke,speed,Green,nuke,reinforcements,16,0,0,0,0,16,7964
Purple,nuke,speed,Green,nuke,speed,16,0,0,0,0,16,8786
Purple,nuke,speed,Green,nuke,wall,16,16,0,0,0,0,9894
Purple,nuke,speed,Green,firebomb,heal,16,0,0,0,0,16,9609
Purple,nuke,speed,Green,firebomb,reinforcements,16,16,0,0,0,0,7907
Purple,nuke,speed,Green,firebomb,speed,16,0,0,0,0,16,7558
Purple,nuke,speed,Green,firebomb,wall,16,16,0,0,0,0,10481
Purple,nuke,speed,Green,snipe,heal,16,0,0,0,0,16,6128
Purple,nuke,speed,Green,snipe,reinforcements,16,0,0,0,0,16,6190
Purple,nuke,speed,Green,snipe,speed,16,0,0,0,0,16,7504
Purple,nuke,speed,Green,snipe,wall,16,0,0,0,0,16,10122
Purple,nuke,speed,Green,freeze,heal,16,0,0,0,0,16,10205
Purple,nuke,speed,Green,freeze,reinforcements,16,16,0,0,0,0,12558
Purple,nuke,speed,Green,freeze,speed,16,0,0,0,0,16,6509
Purple,nuke,speed,Green,freeze,wall,16,0,0,0,0,16,5194
Purple,nuke,speed,Orange,nuke,heal,16,16,0,0,0,0,9130
Purple,nuke,speed,Orange,nuke,reinforcements,16,0,0,0,0,16,4758
Purple,nuke,speed,Orange,nuke,speed,16,15,0,0,0,1,10313
Purple,nuke,speed,Orange,nuke,wall,16,16,0,0,0,0,9008
Purple,nuke,speed,Orange,firebomb,heal,16,12,0,0,0,4,8201
Purple,nuke,speed,Orange,firebomb,reinforcements,16,0,0,0,0,16,4609
Purple,nuke,speed,Orange,firebomb,speed,16,0,0,0,0,16,5727
Purple,nuke,speed,Orange,firebomb,wall,16,0,0,0,0,16,5759
Purple,nuke,speed,Orange,snipe,heal,16,8,0,0,0,8,8242
Purple,nuke,speed,Orange,snipe,reinforcements,16,0,0,0,0,16,4656
Purple,nuke,speed,Orange,snipe,speed,16,9,4,0,0,3,13628
Purple,nuke,speed,Orange,snipe,wall,16,1,0,0,0,15,5719
Purple,nuke,speed,Orange,freeze,heal,16,11,0,0,0,5,7966
Purple,nuke,speed,Orange,freeze,reinforcements,16,0,0,0,0,16,4494
Purple,nuke,speed,Orange,freeze,speed,16,5,0,0,0,11,7559
Purple,nuke,speed,Orange,freeze,wall,16,0,0,0,0,16,5066
Purple,nuke,speed,Purple,nuke,heal,16,16,0,0,0,0,9468
Purple,nuke,speed,Purple,nuke,reinforcements,16,0,0,0,0,16,4364
Purple,nuke,speed,Purple,nuke,speed,16,0,0,0,0,16,12792
Purple,nuke,speed,Purple,nuke,wall,16,16,0,0,0,0,9268
Purple,nuke,speed,Purple,firebomb,heal,16,0,0,0,0,16,6599
Purple,nuke,speed,Purple,firebomb,reinforcements,16,0,0,0,0,16,4364
Purple,nuke,speed,Purple,firebomb,speed,16,0,16,0,0,0,18000
Purple,nuke,speed,Purple,firebomb,wall,16,0,0,0,0,16,6409
Purple,nuke,speed,Purple,snipe,heal,16,16,0,0,0,0,11453
Purple,nuke,speed,Purple,snipe,reinforcements,16,0,0,0,0,16,4429
Purple,nuke,speed,Purple,snipe,speed,16,0,0,0,0,16,6336
Purple,nuke,speed,Purple,snipe,wall,16,0,0,0,0,16,9199
Purple,nuke,speed,Purple,freeze,heal,16,16,0,0,0,0,9710
Purple,nuke,speed,Purple,freeze,reinforcements,16,0,0,0,0,16,4529
Purple,nuke,speed,Purple,freeze,speed,16,16,0,0,0,0,10340
Purple,nuke,speed,Purple,freeze,wall,16,0,0,0,0,16,7439
Purple,nuke,speed,Red,nuke,heal,16,16,0,0,0,0,9162
Purple,nuke,speed,Red,nuke,reinforcements,16,0,0,0,0,16,8514
Purple,nuke,speed,Red,nuke,speed,16,0,0,0,0,16,6019
Purple,nuke,speed,Red,nuke,wall,16,16,0,0,0,0,9656
Purple,nuke,speed,Red,firebomb,heal,16,16,0,0,0,0,9096
Purple,nuke,speed,Red,firebomb,reinforcements,16,0,0,0,0,16,9928
Purple,nuke,speed,Red,firebomb,speed,16,0,0,0,0,16,7289
Purple,nuke,speed,Red,firebomb,wall,16,0,0,0,0,16,8444
Purple,nuke,speed,Red,snipe,heal,16,16,0,0,0,0,11649
Purple,nuke,speed,Red,snipe,reinforcements,16,0,0,0,0,16,7281
Purple,nuke,speed,Red,snipe,speed,16,0,0,0,0,16,9094
Purple,nuke,speed,Red,snipe,wall,16,16,0,0,0,0,8300
Purple,nuke,speed,Red,freeze,heal,16,16,0,0,0,0,11725
Purple,nuke,speed,Red,freeze,reinforcements,16,0,0,0,0,16,8523
Purple,nuke,speed,Red,freeze,speed,16,16,0,0,0,0,8946
Purple,nuke,speed,Red,freeze,wall,16,16,0,0,0,0,9574
Purple,nuke,speed,White,nuke,heal,16,16,0,0,0,0,7600
Purple,nuke,speed,White,nuke,reinforcements,16,16,0,0,0,0,4853
Purple,nuke,speed,White,nuke,speed,16,16,0,0,0,0,8164
Purple,nuke,speed,White,nuke,wall,16,16,0,0,0,0,7615
Purple,nuke,speed,White,firebomb,heal,16,16,0,0,0,0,7544
Purple,nuke,speed,White,firebomb,reinforcements,16,0,0,0,0,16,4194
Purple,nuke,speed,White,firebomb,speed,16,16,0,0,0,0,8121
Purple,nuke,speed,White,firebomb,wall,16,16,0,0,0,0,7517
Purple,nuke,speed,White,snipe,heal,16,16,0,0,0,0,7959
Purple,nuke,speed,White,snipe,reinforcements,16,0,0,0,0,16,4279
Purple,nuke,speed,White,snipe,speed,16,16,0,0,0,0,8642
Purple,nuke,speed,White,snipe,wall,16,16,0,0,0,0,7729
Purple,nuke,speed,White,freeze,heal,16,16,0,0,0,0,8150
Purple,nuke,speed,White,freeze,reinforcements,16,0,0,0,0,16,4879
Purple,nuke,speed,White,freeze,speed,16,16,0,0,0,0,8147
Purple,nuke,speed,White,freeze,wall,16,16,0,0,0,0,7868
Purple,nuke,speed,Yellow,nuke,heal,16,16,0,0,0,0,8387
Purple,nuke,speed,Yellow,nuke,reinforcements,16,16,0,0,0,0,5855
Purple,nuke,speed,Yellow,nuke,speed,16,16,0,0,0,0,9098
Purple,nuke,speed,Yellow,nuke,wall,16,16,0,0,0,0,8333
Purple,nuke,speed,Yellow,firebomb,heal,16,16,0,0,0,0,6647
Purple,nuke,speed,Yellow,firebomb,reinforcements,16,16,0,0,0,0,5947
Purple,nuke,speed,Yellow,firebomb,speed,16,0,0,0,0,16,7634
Purple,nuke,speed,Yellow,firebomb,wall,16,16,0,0,0,0,9075
Purple,nuke,speed,Yellow,snipe,heal,16,16,0,0,0,0,9104
Purple,nuke,speed,Yellow,snipe,reinforcements,16,0,0,0,0,16,4299
Purple,nuke,speed,Yellow,snipe,speed,16,0,0,0,0,16,10123
Purple,nuke,speed,Yellow,snipe,wall,16,0,0,0,0,16,7574
Purple,nuke,speed,Yellow,freeze,heal,16,16,0,0,0,0,8456
Purple,nuke,speed,Yellow,freeze,reinforcements,16,0,0,0,0,16,4504
Purple,nuke,speed,Yellow,freeze,speed,16,16,0,0,0,0,9165
Purple,nuke,speed,Yellow,freeze,wall,16,0,0,0,0,16,6579
Purple,nuke,wall,Black,nuke,heal,16,16,0,0,0,0,8688
Purple,nuke,wall,Black,nuke,reinforcements,16,0,0,0,0,16,10470
Purple,nuke,wall,Black,nuke,speed,16,0,0,0,0,16,9120
Purple,nuke,wall,Black,nuke,wall,16,16,0,0,0,0,8510
Purple,nuke,wall,Black,firebomb,heal,16,16,0,0,0,0,8539
Purple,nuke,wall,Black,firebomb,reinforcements,16,0,0,0,0,16,5664
Purple,nuke,wall,Black,firebomb,speed,16,16,0,0,0,0,9634
Purple,nuke,wall,Black,firebomb,wall,16,16,0,0,0,0,8479
Purple,nuke,wall,Black,snipe,heal,16,0,0,0,0,16,10419
Purple,nuke,wall,Black,snipe,reinforcements,16,0,0,0,0,16,7926
Purple,nuke,wall,Black,snipe,speed,16,0,0,0,0,16,9138
Purple,nuke,wall,Black,snipe,wall,16,16,0,0,0,0,9190
Purple,nuke,wall,Black,freeze,heal,16,16,0,0,0,0,8599
Purple,nuke,wall,Black,freeze,reinforcements,16,0,0,0,0,16,10896
Purple,nuke,wall,Black,freeze,speed,16,16,0,0,0,0,9349
Purple,nuke,wall,Black,freeze,wall,16,16,0,0,0,0,8375
Purple,nuke,wall,Blue,nuke,heal,16,16,0,0,0,0,8568
Purple,nuke,wall,Blue,nuke,reinforcements,16,0,0,0,0,16,6057
Purple,nuke,wall,Blue,nuke,speed,16,16,0,0,0,0,9394
Purple,nuke,wall,Blue,nuke,wall,16,16,0,0,0,0,8504
Purple,nuke,wall,Blue,firebomb,heal,16,16,0,0,0,0,8647
Purple,nuke,wall,Blue,firebomb,reinforcements,16,0,0,0,0,16,6115
Purple,nuke,wall,Blue,firebomb,speed,16,16,0,0,0,0,9662
Purple,nuke,wall,Blue,firebomb,wall,16,16,0,0,0,0,8444
Purple,nuke,wall,Blue,snipe,heal,16,16,0,0,0,0,9461
Purple,nuke,wall,Blue,snipe,reinforcements,16,0,0,0,0,16,5997
Purple,nuke,wall,Blue,snipe,speed,16,0,0,0,0,16,9729
Purple,nuke,wall,Blue,snipe,wall,16,16,0,0,0,0,9383
Purple,nuke,wall,Blue,freeze,heal,16,16,0,0,0,0,8539
Purple,nuke,wall,Blue,freeze,reinforcements,16,0,0,0,0,16,5797
Purple,nuke,wall,Blue,freeze,speed,16,0,0,0,0,16,7714
Purple,nuke,wall,Blue,freeze,wall,16,16,0,0,0,0,8479
Purple,nuke,wall,Green,nuke,heal,16,0,0,0,0,16,8989
Purple,nuke,wall,Green,nuke,reinforcements,16,0,0,0,0,16,6777
Purple,nuke,wall,Green,nuke,speed,16,0,0,0,0,16,6858
Purple,nuke,wall,Green,nuke,wall,16,0,0,0,0,16,9028
Purple,nuke,wall,Green,firebomb,heal,16,0,0,0,0,16,9617
Purple,nuke,wall,Green,firebomb,reinforcements,16,0,0,0,0,16,8217
Purple,nuke,wall,Green,firebomb,speed,16,0,0,0,0,16,9121
Purple,nuke,wall,Green,firebomb,wall,16,16,0,0,0,0,9906
Purple,nuke,wall,Green,snipe,heal,16,0,0,0,0,16,8407
Purple,nuke,wall,Green,snipe,reinforcements,16,0,0,0,0,16,5935
Purple,nuke,wall,Green,snipe,speed,16,0,0,0,0,16,6839
Purple,nuke,wall,Green,snipe,wall,16,0,0,0,0,16,7628
Purple,nuke,wall,Green,freeze,heal,16,0,0,0,0,16,9860
Purple,nuke,wall,Green,freeze,reinforcements,16,0,0,0,0,16,5191
Purple,nuke,wall,Green,freeze,speed,16,0,0,0,0,16,7541
Purple,nuke,wall,Green,freeze,wall,16,0,0,0,0,16,9114
Purple,nuke,wall,Orange,nuke,heal,16,8,0,0,0,8,9208
Purple,nuke,wall,Orange,nuke,reinforcements,16,0,0,0,0,16,7943
Purple,nuke,wall,Orange,nuke,speed,16,0,0,0,0,16,9168
Purple,nuke,wall,Orange,nuke,wall,16,16,0,0,0,0,9092
Purple,nuke,wall,Orange,firebomb,heal,16,16,0,0,0,0,9103
Purple,nuke,wall,Orange,firebomb,reinforcements,16,0,0,0,0,16,8475
Purple,nuke,wall,Orange,firebomb,speed,16,0,0,0,0,16,10341
Purple,nuke,wall,Orange,firebomb,wall,16,16,0,0,0,0,9129
Purple,nuke,wall,Orange,snipe,heal,16,7,0,0,0,9,10229
Purple,nuke,wall,Orange,snipe,reinforcements,16,0,0,0,0,16,6794
Purple,nuke,wall,Orange,snipe,speed,16,0,0,0,0,16,9725
Purple,nuke,wall,Orange,snipe,wall,16,0,0,0,0,16,6390
Purple,nuke,wall,Orange,freeze,heal,16,15,0,0,0,1,9036
Purple,nuke,wall,Orange,freeze,reinforcements,16,0,0,0,0,16,8473
Purple,nuke,wall,Orange,freeze,speed,16,2,0,0,0,14,9779
Purple,nuke,wall,Orange,freeze,wall,16,11,0,0,0,5,7883
Purple,nuke,wall,Purple,nuke,heal,16,16,0,0,0,0,9559
Purple,nuke,wall,Purple,nuke,reinforcements,16,0,0,0,0,16,8206
Purple,nuke,wall,Purple,nuke,speed,16,0,0,0,0,16,9374
Purple,nuke,wall,Purple,nuke,wall,16,0,0,0,0,16,9529
Purple,nuke,wall,Purple,firebomb,heal,16,16,0,0,0,0,10423
Purple,nuke,wall,Purple,firebomb,reinforcements,16,0,0,0,0,16,9101
Purple,nuke,wall,Purple,firebomb,speed,16,0,0,0,0,16,9855
Purple,nuke,wall,Purple,firebomb,wall,16,0,0,0,0,16,8869
Purple,nuke,wall,Purple,snipe,heal,16,0,0,0,0,16,9703
Purple,nuke,wall,Purple,snipe,reinforcements,16,0,0,0,0,16,7767
Purple,nuke,wall,Purple,snipe,speed,16,0,0,0,0,16,10197
Purple,nuke,wall,Purple,snipe,wall,16,0,0,0,0,16,10148
Purple,nuke,wall,Purple,freeze,heal,16,0,0,0,0,16,7749
Purple,nuke,wall,Purple,freeze,reinforcements,16,0,0,0,0,16,8602
Purple,nuke,wall,Purple,freeze,speed,16,0,0,0,0,16,9218
Purple,nuke,wall,Purple,freeze,wall,16,16,0,0,0,0,9409
Purple,nuke,wall,Red,nuke,heal,16,0,0,0,0,16,9090
Purple,nuke,wall,Red,nuke,reinforcements,16,0,0,0,0,16,7813
Purple,nuke,wall,Red,nuke,speed,16,0,0,0,0,16,7922
Purple,nuke,wall,Red,nuke,wall,16,7,0,0,0,9,9536
Purple,nuke,wall,Red,firebomb,heal,16,16,0,0,0,0,9321
Purple,nuke,wall,Red,firebomb,reinforcements,16,0,0,0,0,16,11283
Purple,nuke,wall,Red,firebomb,speed,16,0,0,0,0,16,9842
Purple,nuke,wall,Red,firebomb,wall,16,16,0,0,0,0,9324
Purple,nuke,wall,Red,snipe,heal,16,0,0,0,0,16,7602
Purple,nuke,wall,Red,snipe,reinforcements,16,0,0,0,0,16,6412
Purple,nuke,wall,Red,snipe,speed,16,0,0,0,0,16,6462
Purple,nuke,wall,Red,snipe,wall,16,0,0,0,0,16,8958
Purple,nuke,wall,Red,freeze,heal,16,16,0,0,0,0,9589
Purple,nuke,wall,Red,freeze,reinforcements,16,0,0,0,0,16,7560
Purple,nuke,wall,Red,freeze,speed,16,0,0,0,0,16,8437
Purple,nuke,wall,Red,freeze,wall,16,2,0,5,0,9,9706
Purple,nuke,wall,White,nuke,heal,16,16,0,0,0,0,8219
Purple,nuke,wall,White,nuke,reinforcements,16,16,0,0,0,0,5252
Purple,nuke,wall,White,nuke,speed,16,16,0,0,0,0,8273
Purple,nuke,wall,White,nuke,wall,16,16,0,0,0,0,7733
Purple,nuke,wall,White,firebomb,heal,16,16,0,0,0,0,7706
Purple,nuke,wall,White,firebomb,reinforcements,16,0,0,0,0,16,5104
Purple,nuke,wall,White,firebomb,speed,16,16,0,0,0,0,8180
Purple,nuke,wall,White,firebomb,wall,16,16,0,0,0,0,7682
Purple,nuke,wall,White,snipe,heal,16,16,0,0,0,0,8237
Purple,nuke,wall,White,snipe,reinforcements,16,16,0,0,0,0,5299
Purple,nuke,wall,White,snipe,speed,16,16,0,0,0,0,9169
Purple,nuke,wall,White,snipe,wall,16,16,0,0,0,0,8211
Purple,nuke,wall,White,freeze,heal,16,0,0,0,0,16,7939
Purple,nuke,wall,White,freeze,reinforcements,16,16,0,0,0,0,5385
Purple,nuke,wall,White,freeze,speed,16,16,0,0,0,0,8179
Purple,nuke,wall,White,freeze,wall,16,16,0,0,0,0,7686
Purple,nuke,wall,Yellow,nuke,heal,16,16,0,0,0,0,8499
Purple,nuke,wall,Yellow,nuke,reinforcements,16,16,0,0,0,0,9881
Purple,nuke,wall,Yellow,nuke,speed,16,16,0,0,0,0,9319
Purple,nuke,wall,Yellow,nuke,wall,16,16,0,0,0,0,8434
Purple,nuke,wall,Yellow,firebomb,heal,16,16,0,0,0,0,8446
Purple,nuke,wall,Yellow,firebomb,reinforcements,16,0,0,0,0,16,6019
Purple,nuke,wall,Yellow,firebomb,speed,16,0,0,0,0,16,8716
Purple,nuke,wall,Yellow,firebomb,wall,16,16,0,0,0,0,8340
Purple,nuke,wall,Yellow,snipe,heal,16,0,0,0,0,16,7982
Purple,nuke,wall,Yellow,snipe,reinforcements,16,0,0,0,0,16,7242
Purple,nuke,wall,Yellow,snipe,speed,16,0,0,0,0,16,9024
Purple,nuke,wall,Yellow,snipe,wall,16,0,0,0,0,16,9010
Purple,nuke,wall,Yellow,freeze,heal,16,16,0,0,0,0,8469
Purple,nuke,wall,Yellow,freeze,reinforcements,16,16,0,0,0,0,10096
Purple,nuke,wall,Yellow,freeze,speed,16,16,0,0,0,0,9379
Purple,nuke,wall,Yellow,freeze,wall,16,16,0,0,0,0,8790
Purple,firebomb,heal,Black,nuke,heal,16,16,0,0,0,0,6894
Purple,firebomb,heal,Black,nuke,reinforcements,16,16,0,0,0,0,9828
Purple,firebomb,heal,Black,nuke,speed,16,0,0,0,0,16,9679
Purple,firebomb,heal,Black,nuke,wall,16,16,0,0,0,0,8348
Purple,firebomb,heal,Black,firebomb,heal,16,16,0,0,0,0,8462
Purple,firebomb,heal,Black,firebomb,reinforcements,16,16,0,0,0,0,10879
Purple,firebomb,heal,Black,firebomb,speed,16,16,0,0,0,0,9900
Purple,firebomb,heal,Black,firebomb,wall,16,16,0,0,0,0,8443
Purple,firebomb,heal,Black,snipe,heal,16,16,0,0,0,0,9313
Purple,firebomb,heal,Black,snipe,reinforcements,16,16,0,0,0,0,11362
Purple,firebomb,heal,Black,snipe,speed,16,0,0,0,0,16,11187
Purple,firebomb,heal,Black,snipe,wall,16,16,0,0,0,0,9414
Purple,firebomb,heal,Black,freeze,heal,16,16,0,0,0,0,8287
Purple,firebomb,heal,Black,freeze,reinforcements,16,16,0,0,0,0,10763
Purple,firebomb,heal,Black,freeze,speed,16,16,0,0,0,0,9282
Purple,firebomb,heal,Black,freeze,wall,16,16,0,0,0,0,8541
Purple,firebomb,heal,Blue,nuke,heal,16,16,0,0,0,0,8415
Purple,firebomb,heal,Blue,nuke,reinforcements,16,16,0,0,0,0,10414
Purple,firebomb,heal,Blue,nuke,speed,16,16,0,0,0,0,9268
Purple,firebomb,heal,Blue,nuke,wall,16,16,0,0,0,0,8312
Purple,firebomb,heal,Blue,firebomb,heal,16,16,0,0,0,0,8322
Purple,firebomb,heal,Blue,firebomb,reinforcements,16,16,0,0,0,0,10742
Purple,firebomb,heal,Blue,firebomb,speed,16,16,0,0,0,0,9779
Purple,firebomb,heal,Blue,firebomb,wall,16,16,0,0,0,0,8439
Purple,firebomb,heal,Blue,snipe,heal,16,16,0,0,0,0,9271
Purple,firebomb,heal,Blue,snipe,reinforcements,16,16,0,0,0,0,15166
Purple,firebomb,heal,Blue,snipe,speed,16,16,0,0,0,0,11693
Purple,firebomb,heal,Blue,snipe,wall,16,16,0,0,0,0,9051
Purple,firebomb,heal,Blue,freeze,heal,16,16,0,0,0,0,8346
Purple,firebomb,heal,Blue,freeze,reinforcements,16,0,0,0,0,16,9332
Purple,firebomb,heal,Blue,freeze,speed,16,16,0,0,0,0,9264
Purple,firebomb,heal,Blue,freeze,wall,16,16,0,0,0,0,8449
Purple,firebomb,heal,Green,nuke,heal,16,0,0,0,0,16,9115
Purple,firebomb,heal,Green,nuke,reinforcements,16,0,0,0,0,16,6197
Purple,firebomb,heal,Green,nuke,speed,16,0,0,0,0,16,6347
Purple,firebomb,heal,Green,nuke,wall,16,0,0,0,0,16,10168
Purple,firebomb,heal,Green,firebomb,heal,16,0,0,0,0,16,8822
Purple,firebomb,heal,Green,firebomb,reinforcements,16,0,0,0,0,16,7832
Purple,firebomb,heal,Green,firebomb,speed,16,0,0,0,0,16,8833
Purple,firebomb,heal,Green,firebomb,wall,16,0,0,0,0,16,9475
Purple,firebomb,heal,Green,snipe,heal,16,0,0,0,0,16,8532
Purple,firebomb,heal,Green,snipe,reinforcements,16,0,0,0,0,16,6507
Purple,firebomb,heal,Green,snipe,speed,16,0,0,0,0,16,7177
Purple,firebomb,heal,Green,snipe,wall,16,0,0,0,0,16,8992
Purple,firebomb,heal,Green,freeze,heal,16,0,0,0,0,16,11097
Purple,firebomb,heal,Green,freeze,reinforcements,16,0,0,0,0,16,6699
Purple,firebomb,heal,Green,freeze,speed,16,0,0,0,0,16,7380
Purple,firebomb,heal,Green,freeze,wall,16,0,0,0,0,16,9674
Purple,firebomb,heal,Orange,nuke,heal,16,13,0,0,0,3,9120
Purple,firebomb,heal,Orange,nuke,reinforcements,16,11,1,0,3,1,13910
Purple,firebomb,heal,Orange,nuke,speed,16,11,0,0,0,5,10055
Purple,firebomb,heal,Orange,nuke,wall,16,15,0,0,0,1,8837
Purple,firebomb,heal,Orange,firebomb,heal,16,15,0,0,0,1,9335
Purple,firebomb,heal,Orange,firebomb,reinforcements,16,9,7,0,0,0,14553
Purple,firebomb,heal,Orange,firebomb,speed,16,2,0,0,0,14,9950
Purple,firebomb,heal,Orange,firebomb,wall,16,16,0,0,0,0,9170
Purple,firebomb,heal,Orange,snipe,heal,16,1,0,0,0,15,9823
Purple,firebomb,heal,Orange,snipe,reinforcements,16,0,3,0,1,12,13285
Purple,firebomb,heal,Orange,snipe,speed,16,0,0,0,0,16,9913
Purple,firebomb,heal,Orange,snipe,wall,16,1,0,0,0,15,9654
Purple,firebomb,heal,Orange,freeze,heal,16,13,0,0,0,3,8782
Purple,firebomb,heal,Orange,freeze,reinforcements,16,16,0,0,0,0,6568
Purple,firebomb,heal,Orange,freeze,speed,16,15,0,0,0,1,10506
Purple,firebomb,heal,Orange,freeze,wall,16,16,0,0,0,0,8843
Purple,firebomb,heal,Purple,nuke,heal,16,0,0,0,0,16,9702
Purple,firebomb,heal,Purple,nuke,reinforcements,16,0,0,0,0,16,7992
Purple,firebomb,heal,Purple,nuke,speed,16,0,0,0,0,16,10463
Purple,firebomb,heal,Purple,nuke,wall,16,16,0,0,0,0,9277
Purple,firebomb,heal,Purple,firebomb,heal,16,16,0,0,0,0,10039
Purple,firebomb,heal,Purple,firebomb,reinforcements,16,0,0,0,16,0,18000
Purple,firebomb,heal,Purple,firebomb,speed,16,0,0,0,0,16,9907
Purple,firebomb,heal,Purple,firebomb,wall,16,0,0,0,0,16,9732
Purple,firebomb,heal,Purple,snipe,heal,16,0,0,0,0,16,9828
Purple,firebomb,heal,Purple,snipe,reinforcements,16,0,0,0,0,16,7802
Purple,firebomb,heal,Purple,snipe,speed,16,0,0,0,0,16,9707
Purple,firebomb,heal,Purple,snipe,wall,16,0,0,0,0,16,9563
Purple,firebomb,heal,Purple,freeze,heal,16,16,0,0,0,0,9376
Purple,firebomb,heal,Purple,freeze,reinforcements,16,0,0,0,0,16,8022
Purple,firebomb,heal,Purple,freeze,speed,16,0,0,0,0,16,12664
Purple,firebomb,heal,Purple,freeze,wall,16,16,0,0,0,0,9315
Purple,firebomb,heal,Red,nuke,heal,16,16,0,0,0,0,9330
Purple,firebomb,heal,Red,nuke,reinforcements,16,0,0,0,0,16,6382
Purple,firebomb,heal,Red,nuke,speed,16,16,0,0,0,0,7014
Purple,firebomb,heal,Red,nuke,wall,16,16,0,0,0,0,9294
Purple,firebomb,heal,Red,firebomb,heal,16,16,0,0,0,0,9161
Purple,firebomb,heal,Red,firebomb,reinforcements,16,0,0,0,0,16,7532
Purple,firebomb,heal,Red,firebomb,speed,16,0,0,0,0,16,9729
Purple,firebomb,heal,Red,firebomb,wall,16,16,0,0,0,0,9319
Purple,firebomb,heal,Red,snipe,heal,16,0,0,0,0,16,8387
Purple,firebomb,heal,Red,snipe,reinforcements,16,0,0,0,0,16,7619
Purple,firebomb,heal,Red,snipe,speed,16,0,0,0,0,16,7058
Purple,firebomb,heal,Red,snipe,wall,16,0,0,0,0,16,9092
Purple,firebomb,heal,Red,freeze,heal,16,16,0,0,0,0,9344
Purple,firebomb,heal,Red,freeze,reinforcements,16,0,0,0,0,16,6412
Purple,firebomb,heal,Red,freeze,speed,16,0,0,0,0,16,8663
Purple,firebomb,heal,Red,freeze,wall,16,0,0,0,0,16,9158
Purple,firebomb,heal,White,nuke,heal,16,16,0,0,0,0,6179
Purple,firebomb,heal,White,nuke,reinforcements,16,16,0,0,0,0,5134
Purple,firebomb,heal,White,nuke,speed,16,16,0,0,0,0,8246
Purple,firebomb,heal,White,nuke,wall,16,16,0,0,0,0,7894
Purple,firebomb,heal,White,firebomb,heal,16,16,0,0,0,0,7796
Purple,firebomb,heal,White,firebomb,reinforcements,16,16,0,0,0,0,5233
Purple,firebomb,heal,White,firebomb,speed,16,16,0,0,0,0,8321
Purple,firebomb,heal,White,firebomb,wall,16,16,0,0,0,0,7718
Purple,firebomb,heal,White,snipe,heal,16,16,0,0,0,0,7699
Purple,firebomb,heal,White,snipe,reinforcements,16,16,0,0,0,0,5139
Purple,firebomb,heal,White,snipe,speed,16,16,0,0,0,0,9016
Purple,firebomb,heal,White,snipe,wall,16,16,0,0,0,0,7793
Purple,firebomb,heal,White,freeze,heal,16,16,0,0,0,0,7644
Purple,firebomb,heal,White,freeze,reinforcements,16,16,0,0,0,0,5293
Purple,firebomb,heal,White,freeze,speed,16,16,0,0,0,0,8018
Purple,firebomb,heal,White,freeze,wall,16,16,0,0,0,0,7753
Purple,firebomb,heal,Yellow,nuke,heal,16,16,0,0,0,0,6384
Purple,firebomb,heal,Yellow,nuke,reinforcements,16,16,0,0,0,0,10124
Purple,firebomb,heal,Yellow,nuke,speed,16,16,0,0,0,0,6669
Purple,firebomb,heal,Yellow,nuke,wall,16,16,0,0,0,0,8189
Purple,firebomb,heal,Yellow,firebomb,heal,16,16,0,0,0,0,8720
Purple,firebomb,heal,Yellow,firebomb,reinforcements,16,16,0,0,0,0,10905
Purple,firebomb,heal,Yellow,firebomb,speed,16,16,0,0,0,0,9433
Purple,firebomb,heal,Yellow,firebomb,wall,16,16,0,0,0,0,8322
Purple,firebomb,heal,Yellow,snipe,heal,16,16,0,0,0,0,9169
Purple,firebomb,heal,Yellow,snipe,reinforcements,16,0,0,0,0,16,8197
Purple,firebomb,heal,Yellow,snipe,speed,16,0,0,0,0,16,8322
Purple,firebomb,heal,Yellow,snipe,wall,16,0,0,0,0,16,9310
Purple,firebomb,heal,Yellow,freeze,heal,16,16,0,0,0,0,8326
Purple,firebomb,heal,Yellow,freeze,reinforcements,16,0,0,0,0,16,10732
Purple,firebomb,heal,Yellow,freeze,speed,16,0,0,0,0,16,8659
Purple,firebomb,heal,Yellow,freeze,wall,16,16,0,0,0,0,8396
Purple,firebomb,reinforcements,Black,nuke,heal,16,16,0,0,0,0,5554
Purple,firebomb,reinforcements,Black,nuke,reinforcements,16,16,0,0,0,0,4149
Purple,firebomb,reinforcements,Black,nuke,speed,16,16,0,0,0,0,4399
Purple,firebomb,reinforcements,Black,nuke,wall,16,16,0,0,0,0,5689
Purple,firebomb,reinforcements,Black,firebomb,heal,16,16,0,0,0,0,9260
Purple,firebomb,reinforcements,Black,firebomb,reinforcements,16,0,0,0,0,16,6502
Purple,firebomb,reinforcements,Black,firebomb,speed,16,0,0,0,0,16,6352
Purple,firebomb,reinforcements,Black,firebomb,wall,16,16,0,0,0,0,8387
Purple,firebomb,reinforcements,Black,snipe,heal,16,0,0,0,0,16,7226
Purple,firebomb,reinforcements,Black,snipe,reinforcements,16,0,0,0,0,16,6262
Purple,firebomb,reinforcements,Black,snipe,speed,16,0,0,0,0,16,5997
Purple,firebomb,reinforcements,Black,snipe,wall,16,0,0,0,0,16,6792
Purple,firebomb,reinforcements,Black,freeze,heal,16,16,0,0,0,0,8785
Purple,firebomb,reinforcements,Black,freeze,reinforcements,16,0,0,0,0,16,7377
Purple,firebomb,reinforcements,Black,freeze,speed,16,0,0,0,0,16,8379
Purple,firebomb,reinforcements,Black,freeze,wall,16,16,0,0,0,0,9449
Purple,firebomb,reinforcements,Blue,nuke,heal,16,16,0,0,0,0,4279
Purple,firebomb,reinforcements,Blue,nuke,reinforcements,16,16,0,0,0,0,7804
Purple,firebomb,reinforcements,Blue,nuke,speed,16,16,0,0,0,0,4189
Purple,firebomb,reinforcements,Blue,nuke,wall,16,16,0,0,0,0,4869
Purple,firebomb,reinforcements,Blue,firebomb,heal,16,0,0,0,0,16,7262
Purple,firebomb,reinforcements,Blue,firebomb,reinforcements,16,0,0,0,0,16,6487
Purple,firebomb,reinforcements,Blue,firebomb,speed,16,0,0,0,0,16,5902
Purple,firebomb,reinforcements,Blue,firebomb,wall,16,0,0,0,0,16,6868
Purple,firebomb,reinforcements,Blue,snipe,heal,16,0,0,0,0,16,5427
Purple,firebomb,reinforcements,Blue,snipe,reinforcements,16,0,0,0,0,16,6507
Purple,firebomb,reinforcements,Blue,snipe,speed,16,0,0,0,0,16,5527
Purple,firebomb,reinforcements,Blue,snipe,wall,16,0,0,0,0,16,6060
Purple,firebomb,reinforcements,Blue,freeze,heal,16,0,0,0,0,16,8796
Purple,firebomb,reinforcements,Blue,freeze,reinforcements,16,0,0,0,0,16,6047
Purple,firebomb,reinforcements,Blue,freeze,speed,16,0,0,0,0,16,7727
Purple,firebomb,reinforcements,Blue,freeze,wall,16,0,0,0,0,16,5408
Purple,firebomb,reinforcements,Green,nuke,heal,16,16,0,0,0,0,4659
Purple,firebomb,reinforcements,Green,nuke,reinforcements,16,0,0,0,0,16,6368
Purple,firebomb,reinforcements,Green,nuke,speed,16,16,0,0,0,0,4839
Purple,firebomb,reinforcements,Green,nuke,wall,16,0,0,0,0,16,5818
Purple,firebomb,reinforcements,Green,firebomb,heal,16,0,0,0,0,16,6157
Purple,firebomb,reinforcements,Green,firebomb,reinforcements,16,0,0,0,0,16,5553
Purple,firebomb,reinforcements,Green,firebomb,speed,16,0,0,0,0,16,6047
Purple,firebomb,reinforcements,Green,firebomb,wall,16,0,0,0,0,16,6097
Purple,firebomb,reinforcements,Green,snipe,heal,16,0,0,0,0,16,6003
Purple,firebomb,reinforcements,Green,snipe,reinforcements,16,0,0,0,0,16,6294
Purple,firebomb,reinforcements,Green,snipe,speed,16,0,0,0,0,16,4978
Purple,firebomb,reinforcements,Green,snipe,wall,16,0,0,0,0,16,5722
Purple,firebomb,reinforcements,Green,freeze,heal,16,0,0,0,0,16,6363
Purple,firebomb,reinforcements,Green,freeze,reinforcements,16,0,0,0,0,16,5502
Purple,firebomb,reinforcements,Green,freeze,speed,16,0,0,0,0,16,5242
Purple,firebomb,reinforcements,Green,freeze,wall,16,0,0,0,0,16,4276
Purple,firebomb,reinforcements,Orange,nuke,heal,16,16,0,0,0,0,4044
Purple,firebomb,reinforcements,Orange,nuke,reinforcements,16,16,0,0,0,0,6114
Purple,firebomb,reinforcements,Orange,nuke,speed,16,16,0,0,0,0,4253
Purple,firebomb,reinforcements,Orange,nuke,wall,16,16,0,0,0,0,5387
Purple,firebomb,reinforcements,Orange,firebomb,heal,16,0,5,0,8,3,17745
Purple,firebomb,reinforcements,Orange,firebomb,reinforcements,16,16,0,0,0,0,6237
Purple,firebomb,reinforcements,Orange,firebomb,speed,16,0,0,0,0,16,8260
Purple,firebomb,reinforcements,Orange,firebomb,wall,16,0,1,0,15,0,18000
Purple,firebomb,reinforcements,Orange,snipe,heal,16,0,0,0,0,16,8248
Purple,firebomb,reinforcements,Orange,snipe,reinforcements,16,16,0,0,0,0,6226
Purple,firebomb,reinforcements,Orange,snipe,speed,16,0,0,0,0,16,6965
Purple,firebomb,reinforcements,Orange,snipe,wall,16,0,1,0,1,14,11116
Purple,firebomb,reinforcements,Orange,freeze,heal,16,10,0,0,6,0,14183
Purple,firebomb,reinforcements,Orange,freeze,reinforcements,16,0,0,0,0,16,6524
Purple,firebomb,reinforcements,Orange,freeze,speed,16,0,6,0,8,2,17291
Purple,firebomb,reinforcements,Orange,freeze,wall,16,16,0,0,0,0,13636
Purple,firebomb,reinforcements,Purple,nuke,heal,16,16,0,0,0,0,11915
Purple,firebomb,reinforcements,Purple,nuke,reinforcements,16,16,0,0,0,0,4434
Purple,firebomb,reinforcements,Purple,nuke,speed,16,16,0,0,0,0,4439
Purple,firebomb,reinforcements,Purple,nuke,wall,16,16,0,0,0,0,8257
Purple,firebomb,reinforcements,Purple,firebomb,heal,16,16,0,0,0,0,7927
Purple,firebomb,reinforcements,Purple,firebomb,reinforcements,16,16,0,0,0,0,10800
Purple,firebomb,reinforcements,Purple,firebomb,speed,16,0,0,0,0,16,6227
Purple,firebomb,reinforcements,Purple,firebomb,wall,16,0,0,0,16,0,18000
Purple,firebomb,reinforcements,Purple,snipe,heal,16,0,0,0,0,16,8432
Purple,firebomb,reinforcements,Purple,snipe,reinforcements,16,0,0,0,0,16,14423
Purple,firebomb,reinforcements,Purple,snipe,speed,16,0,0,0,0,16,6232
Purple,firebomb,reinforcements,Purple,snipe,wall,16,0,0,0,0,16,10558
Purple,firebomb,reinforcements,Purple,freeze,heal,16,0,0,0,0,16,6865
Purple,firebomb,reinforcements,Purple,freeze,reinforcements,16,0,0,0,0,16,6555
Purple,firebomb,reinforcements,Purple,freeze,speed,16,0,0,0,0,16,6112
Purple,firebomb,reinforcements,Purple,freeze,wall,16,16,0,0,0,0,12889
Purple,firebomb,reinforcements,Red,nuke,heal,16,16,0,0,0,0,3964
Purple,firebomb,reinforcements,Red,nuke,reinforcements,16,0,0,0,0,16,5267
Purple,firebomb,reinforcements,Red,nuke,speed,16,16,0,0,0,0,4009
Purple,firebomb,reinforcements,Red,nuke,wall,16,16,0,0,0,0,5399
Purple,firebomb,reinforcements,Red,firebomb,heal,16,0,0,0,0,16,6440
Purple,firebomb,reinforcements,Red,firebomb,reinforcements,16,0,0,0,0,16,6557
Purple,firebomb,reinforcements,Red,firebomb,speed,16,0,0,0,0,16,5109
Purple,firebomb,reinforcements,Red,firebomb,wall,16,0,0,0,0,16,6219
Purple,firebomb,reinforcements,Red,snipe,heal,16,0,0,0,0,16,6072
Purple,firebomb,reinforcements,Red,snipe,reinforcements,16,0,0,0,0,16,5742
Purple,firebomb,reinforcements,Red,snipe,speed,16,0,0,0,0,16,5270
Purple,firebomb,reinforcements,Red,snipe,wall,16,0,0,0,0,16,5762
Purple,firebomb,reinforcements,Red,freeze,heal,16,0,0,0,0,16,6300
Purple,firebomb,reinforcements,Red,freeze,reinforcements,16,0,0,0,0,16,6117
Purple,firebomb,reinforcements,Red,freeze,speed,16,0,0,0,0,16,6457
Purple,firebomb,reinforcements,Red,freeze,wall,16,0,0,0,0,16,9670
Purple,firebomb,reinforcements,White,nuke,heal,16,16,0,0,0,0,5954
Purple,firebomb,reinforcements,White,nuke,reinforcements,16,16,0,0,0,0,5123
Purple,firebomb,reinforcements,White,nuke,speed,16,16,0,0,0,0,5259
Purple,firebomb,reinforcements,White,nuke,wall,16,16,0,0,0,0,6684
Purple,firebomb,reinforcements,White,firebomb,heal,16,16,0,0,0,0,6827
Purple,firebomb,reinforcements,White,firebomb,reinforcements,16,16,0,0,0,0,5122
Purple,firebomb,reinforcements,White,firebomb,speed,16,16,0,0,0,0,7882
Purple,firebomb,reinforcements,White,firebomb,wall,16,16,0,0,0,0,7148
Purple,firebomb,reinforcements,White,snipe,heal,16,16,0,0,0,0,7552
Purple,firebomb,reinforcements,White,snipe,reinforcements,16,16,0,0,0,0,5203
Purple,firebomb,reinforcements,White,snipe,speed,16,0,0,0,0,16,6702
Purple,firebomb,reinforcements,White,snipe,wall,16,16,0,0,0,0,10707
Purple,firebomb,reinforcements,White,freeze,heal,16,16,0,0,0,0,8158
Purple,firebomb,reinforcements,White,freeze,reinforcements,16,16,0,0,0,0,5177
Purple,firebomb,reinforcements,White,freeze,speed,16,16,0,0,0,0,8867
Purple,firebomb,reinforcements,White,freeze,wall,16,16,0,0,0,0,5270
Purple,firebomb,reinforcements,Yellow,nuke,heal,16,16,0,0,0,0,4289
Purple,firebomb,reinforcements,Yellow,nuke,reinforcements,16,16,0,0,0,0,5604
Purple,firebomb,reinforcements,Yellow,nuke,speed,16,16,0,0,0,0,4579
Purple,firebomb,reinforcements,Yellow,nuke,wall,16,16,0,0,0,0,8772
Purple,firebomb,reinforcements,Yellow,firebomb,heal,16,16,0,0,0,0,9924
Purple,firebomb,reinforcements,Yellow,firebomb,reinforcements,16,0,0,0,0,16,6178
Purple,firebomb,reinforcements,Yellow,firebomb,speed,16,0,0,0,0,16,6122
Purple,firebomb,reinforcements,Yellow,firebomb,wall,16,16,0,0,0,0,8764
Purple,firebomb,reinforcements,Yellow,snipe,heal,16,0,0,0,0,16,5042
Purple,firebomb,reinforcements,Yellow,snipe,reinforcements,16,16,0,0,0,0,6257
Purple,firebomb,reinforcements,Yellow,snipe,speed,16,0,0,0,0,16,6121
Purple,firebomb,reinforcements,Yellow,snipe,wall,16,16,0,0,0,0,9080
Purple,firebomb,reinforcements,Yellow,freeze,heal,16,0,0,0,0,16,6480
Purple,firebomb,reinforcements,Yellow,freeze,reinforcements,16,16,0,0,0,0,11936
Purple,firebomb,reinforcements,Yellow,freeze,speed,16,0,0,0,0,16,6475
Purple,firebomb,reinforcements,Yellow,freeze,wall,16,16,0,0,0,0,8597
Purple,firebomb,speed,Black,nuke,heal,16,16,0,0,0,0,8379
Purple,firebomb,speed,Black,nuke,reinforcements,16,16,0,0,0,0,7115
Purple,firebomb,speed,Black,nuke,speed,16,16,0,0,0,0,5314
Purple,firebomb,speed,Black,nuke,wall,16,16,0,0,0,0,8346
Purple,firebomb,speed,Black,firebomb,heal,16,16,0,0,0,0,8633
Purple,firebomb,speed,Black,firebomb,reinforcements,16,16,0,0,0,0,6706
Purple,firebomb,speed,Black,firebomb,speed,16,16,0,0,0,0,9648
Purple,firebomb,speed,Black,firebomb,wall,16,16,0,0,0,0,8521
Purple,firebomb,speed,Black,snipe,heal,16,16,0,0,0,0,9213
Purple,firebomb,speed,Black,snipe,reinforcements,16,16,0,0,0,0,6505
Purple,firebomb,speed,Black,snipe,speed,16,16,0,0,0,0,11411
Purple,firebomb,speed,Black,snipe,wall,16,16,0,0,0,0,9171
Purple,firebomb,speed,Black,freeze,heal,16,16,0,0,0,0,8339
Purple,firebomb,speed,Black,freeze,reinforcements,16,16,0,0,0,0,7646
Purple,firebomb,speed,Black,freeze,speed,16,16,0,0,0,0,9274
Purple,firebomb,speed,Black,freeze,wall,16,0,0,9,0,7,8599
Purple,firebomb,speed,Blue,nuke,heal,16,16,0,0,0,0,8325
Purple,firebomb,speed,Blue,nuke,reinforcements,16,16,0,0,0,0,6615
Purple,firebomb,speed,Blue,nuke,speed,16,16,0,0,0,0,9254
Purple,firebomb,speed,Blue,nuke,wall,16,16,0,0,0,0,8354
Purple,firebomb,speed,Blue,firebomb,heal,16,16,0,0,0,0,8645
Purple,firebomb,speed,Blue,firebomb,reinforcements,16,16,0,0,0,0,6965
Purple,firebomb,speed,Blue,firebomb,speed,16,16,0,0,0,0,9814
Purple,firebomb,speed,Blue,firebomb,wall,16,16,0,0,0,0,8497
Purple,firebomb,speed,Blue,snipe,heal,16,16,0,0,0,0,9350
Purple,firebomb,speed,Blue,snipe,reinforcements,16,16,0,0,0,0,6704
Purple,firebomb,speed,Blue,snipe,speed,16,16,0,0,0,0,10062
Purple,firebomb,speed,Blue,snipe,wall,16,16,0,0,0,0,9061
Purple,firebomb,speed,Blue,freeze,heal,16,16,0,0,0,0,8326
Purple,firebomb,speed,Blue,freeze,reinforcements,16,16,0,0,0,0,8161
Purple,firebomb,speed,Blue,freeze,speed,16,16,0,0,0,0,9134
Purple,firebomb,speed,Blue,freeze,wall,16,16,0,0,0,0,8343
Purple,firebomb,speed,Green,nuke,heal,16,16,0,0,0,0,10996
Purple,firebomb,speed,Green,nuke,reinforcements,16,16,0,0,0,0,7813
Purple,firebomb,speed,Green,nuke,speed,16,16,0,0,0,0,6489
Purple,firebomb,speed,Green,nuke,wall,16,0,0,0,0,16,10935
Purple,firebomb,speed,Green,firebomb,heal,16,0,0,0,0,16,9256
Purple,firebomb,speed,Green,firebomb,reinforcements,16,16,0,0,0,0,11048
Purple,firebomb,speed,Green,firebomb,speed,16,0,16,0,0,0,18000
Purple,firebomb,speed,Green,firebomb,wall,16,16,0,0,0,0,10217
Purple,firebomb,speed,Green,snipe,heal,16,0,0,0,0,16,9418
Purple,firebomb,speed,Green,snipe,reinforcements,16,16,0,0,0,0,9971
Purple,firebomb,speed,Green,snipe,speed,16,0,0,0,0,16,8116
Purple,firebomb,speed,Green,snipe,wall,16,0,0,0,0,16,8920
Purple,firebomb,speed,Green,freeze,heal,16,16,0,0,0,0,11587
Purple,firebomb,speed,Green,freeze,reinforcements,16,0,0,0,0,16,8248
Purple,firebomb,speed,Green,freeze,speed,16,16,0,0,0,0,16598
Purple,firebomb,speed,Green,freeze,wall,16,16,0,0,0,0,10227
Purple,firebomb,speed,Orange,nuke,heal,16,16,0,0,0,0,9087
Purple,firebomb,speed,Orange,nuke,reinforcements,16,16,0,0,0,0,6170
Purple,firebomb,speed,Orange,nuke,speed,16,16,0,0,0,0,10368
Purple,firebomb,speed,Orange,nuke,wall,16,16,0,0,0,0,8909
Purple,firebomb,speed,Orange,firebomb,heal,16,15,0,1,0,0,9004
Purple,firebomb,speed,Orange,firebomb,reinforcements,16,16,0,0,0,0,6267
Purple,firebomb,speed,Orange,firebomb,speed,16,16,0,0,0,0,10804
Purple,firebomb,speed,Orange,firebomb,wall,16,16,0,0,0,0,9116
Purple,firebomb,speed,Orange,snipe,heal,16,16,0,0,0,0,10909
Purple,firebomb,speed,Orange,snipe,reinforcements,16,16,0,0,0,0,6210
Purple,firebomb,speed,Orange,snipe,speed,16,12,2,0,2,0,12492
Purple,firebomb,speed,Orange,snipe,wall,16,15,0,1,0,0,10534
Purple,firebomb,speed,Orange,freeze,heal,16,16,0,0,0,0,8970
Purple,firebomb,speed,Orange,freeze,reinforcements,16,16,0,0,0,0,6497
Purple,firebomb,speed,Orange,freeze,speed,16,15,0,0,0,1,10198
Purple,firebomb,speed,Orange,freeze,wall,16,16,0,0,0,0,8751
Purple,firebomb,speed,Purple,nuke,heal,16,16,0,0,0,0,6579
Purple,firebomb,speed,Purple,nuke,reinforcements,16,16,0,0,0,0,6292
Purple,firebomb,speed,Purple,nuke,speed,16,16,0,0,0,0,6284
Purple,firebomb,speed,Purple,nuke,wall,16,16,0,0,0,0,9729
Purple,firebomb,speed,Purple,firebomb,heal,16,16,0,0,0,0,11310
Purple,firebomb,speed,Purple,firebomb,reinforcements,16,16,0,0,0,0,6217
Purple,firebomb,speed,Purple,firebomb,speed,16,0,0,0,16,0,18000
Purple,firebomb,speed,Purple,firebomb,wall,16,16,0,0,0,0,9480
Purple,firebomb,speed,Purple,snipe,heal,16,16,0,0,0,0,9667
Purple,firebomb,speed,Purple,snipe,reinforcements,16,16,0,0,0,0,6467
Purple,firebomb,speed,Purple,snipe,speed,16,0,16,0,0,0,18000
Purple,firebomb,speed,Purple,snipe,wall,16,0,16,0,0,0,18000
Purple,firebomb,speed,Purple,freeze,heal,16,16,0,0,0,0,9387
Purple,firebomb,speed,Purple,freeze,reinforcements,16,16,0,0,0,0,6457
Purple,firebomb,speed,Purple,freeze,speed,16,16,0,0,0,0,14071
Purple,firebomb,speed,Purple,freeze,wall,16,16,0,0,0,0,9255
Purple,firebomb,speed,Red,nuke,heal,16,16,0,0,0,0,6544
Purple,firebomb,speed,Red,nuke,reinforcements,16,0,0,0,0,16,8332
Purple,firebomb,speed,Red,nuke,speed,16,16,0,0,0,0,7804
Purple,firebomb,speed,Red,nuke,wall,16,16,0,0,0,0,9758
Purple,firebomb,speed,Red,firebomb,heal,16,16,0,0,0,0,9877
Purple,firebomb,speed,Red,firebomb,reinforcements,16,0,0,0,0,16,10431
Purple,firebomb,speed,Red,firebomb,speed,16,0,16,0,0,0,18000
Purple,firebomb,speed,Red,firebomb,wall,16,16,0,0,0,0,9258
Purple,firebomb,speed,Red,snipe,heal,16,16,0,0,0,0,11916
Purple,firebomb,speed,Red,snipe,reinforcements,16,0,0,0,0,16,9534
Purple,firebomb,speed,Red,snipe,speed,16,0,0,0,0,16,6334
Purple,firebomb,speed,Red,snipe,wall,16,0,0,0,0,16,8528
Purple,firebomb,speed,Red,freeze,heal,16,16,0,0,0,0,9218
Purple,firebomb,speed,Red,freeze,reinforcements,16,0,0,0,0,16,11900
Purple,firebomb,speed,Red,freeze,speed,16,16,0,0,0,0,11793
Purple,firebomb,speed,Red,freeze,wall,16,0,0,0,0,16,7090
Purple,firebomb,speed,White,nuke,heal,16,16,0,0,0,0,7950
Purple,firebomb,speed,White,nuke,reinforcements,16,16,0,0,0,0,4912
Purple,firebomb,speed,White,nuke,speed,16,16,0,0,0,0,8227
Purple,firebomb,speed,White,nuke,wall,16,16,0,0,0,0,7746
Purple,firebomb,speed,White,firebomb,heal,16,16,0,0,0,0,7655
Purple,firebomb,speed,White,firebomb,reinforcements,16,16,0,0,0,0,5133
Purple,firebomb,speed,White,firebomb,speed,16,16,0,0,0,0,6605
Purple,firebomb,speed,White,firebomb,wall,16,16,0,0,0,0,7722
Purple,firebomb,speed,White,snipe,heal,16,16,0,0,0,0,7673
Purple,firebomb,speed,White,snipe,reinforcements,16,16,0,0,0,0,4828
Purple,firebomb,speed,White,snipe,speed,16,16,0,0,0,0,8833
Purple,firebomb,speed,White,snipe,wall,16,16,0,0,0,0,6592
Purple,firebomb,speed,White,freeze,heal,16,16,0,0,0,0,8259
Purple,firebomb,speed,White,freeze,reinforcements,16,16,0,0,0,0,5213
Purple,firebomb,speed,White,freeze,speed,16,16,0,0,0,0,7802
Purple,firebomb,speed,White,freeze,wall,16,16,0,0,0,0,7629
Purple,firebomb,speed,Yellow,nuke,heal,16,16,0,0,0,0,8418
Purple,firebomb,speed,Yellow,nuke,reinforcements,16,16,0,0,0,0,6002
Purple,firebomb,speed,Yellow,nuke,speed,16,16,0,0,0,0,5624
Purple,firebomb,speed,Yellow,nuke,wall,16,16,0,0,0,0,8363
Purple,firebomb,speed,Yellow,firebomb,heal,16,16,0,0,0,0,8442
Purple,firebomb,speed,Yellow,firebomb,reinforcements,16,16,0,0,0,0,6042
Purple,firebomb,speed,Yellow,firebomb,speed,16,16,0,0,0,0,9470
Purple,firebomb,speed,Yellow,firebomb,wall,16,16,0,0,0,0,8318
Purple,firebomb,speed,Yellow,snipe,heal,16,16,0,0,0,0,9215
Purple,firebomb,speed,Yellow,snipe,reinforcements,16,16,0,0,0,0,6183
Purple,firebomb,speed,Yellow,snipe,speed,16,0,0,0,0,16,10267
Purple,firebomb,speed,Yellow,snipe,wall,16,16,0,0,0,0,8941
Purple,firebomb,speed,Yellow,freeze,heal,16,16,0,0,0,0,8600
Purple,firebomb,speed,Yellow,freeze,reinforcements,16,16,0,0,0,0,6402
Purple,firebomb,speed,Yellow,freeze,speed,16,16,0,0,0,0,9294
Purple,firebomb,speed,Yellow,freeze,wall,16,16,0,0,0,0,8351
Purple,firebomb,wall,Black,nuke,heal,16,16,0,0,0,0,8509
Purple,firebomb,wall,Black,nuke,reinforcements,16,15,0,0,0,1,10208
Purple,firebomb,wall,Black,nuke,speed,16,16,0,0,0,0,6419
Purple,firebomb,wall,Black,nuke,wall,16,16,0,0,0,0,8599
Purple,firebomb,wall,Black,firebomb,heal,16,16,0,0,0,0,8794
Purple,firebomb,wall,Black,firebomb,reinforcements,16,5,0,0,0,11,15886
Purple,firebomb,wall,Black,firebomb,speed,16,16,0,0,0,0,10128
Purple,firebomb,wall,Black,firebomb,wall,16,16,0,0,0,0,8460
Purple,firebomb,wall,Black,snipe,heal,16,16,0,0,0,0,9647
Purple,firebomb,wall,Black,snipe,reinforcements,16,0,0,0,0,16,8512
Purple,firebomb,wall,Black,snipe,speed,16,0,0,0,0,16,9527
Purple,firebomb,wall,Black,snipe,wall,16,0,0,0,0,16,8058
Purple,firebomb,wall,Black,freeze,heal,16,16,0,0,0,0,8743
Purple,firebomb,wall,Black,freeze,reinforcements,16,16,0,0,0,0,11355
Purple,firebomb,wall,Black,freeze,speed,16,16,0,0,0,0,9337
Purple,firebomb,wall,Black,freeze,wall,16,16,0,0,0,0,8452
Purple,firebomb,wall,Blue,nuke,heal,16,16,0,0,0,0,5359
Purple,firebomb,wall,Blue,nuke,reinforcements,16,16,0,0,0,0,5229
Purple,firebomb,wall,Blue,nuke,speed,16,16,0,0,0,0,9113
Purple,firebomb,wall,Blue,nuke,wall,16,16,0,0,0,0,7949
Purple,firebomb,wall,Blue,firebomb,heal,16,16,0,0,0,0,8390
Purple,firebomb,wall,Blue,firebomb,reinforcements,16,0,0,0,0,16,7902
Purple,firebomb,wall,Blue,firebomb,speed,16,16,0,0,0,0,9703
Purple,firebomb,wall,Blue,firebomb,wall,16,16,0,0,0,0,8385
Purple,firebomb,wall,Blue,snipe,heal,16,16,0,0,0,0,9170
Purple,firebomb,wall,Blue,snipe,reinforcements,16,0,0,0,0,16,6472
Purple,firebomb,wall,Blue,snipe,speed,16,0,0,0,0,16,10611
Purple,firebomb,wall,Blue,snipe,wall,16,16,0,0,0,0,9331
Purple,firebomb,wall,Blue,freeze,heal,16,16,0,0,0,0,8401
Purple,firebomb,wall,Blue,freeze,reinforcements,16,16,0,0,0,0,12369
Purple,firebomb,wall,Blue,freeze,speed,16,16,0,0,0,0,9208
Purple,firebomb,wall,Blue,freeze,wall,16,16,0,0,0,0,8422
Purple,firebomb,wall,Green,nuke,heal,16,16,0,0,0,0,7579
Purple,firebomb,wall,Green,nuke,reinforcements,16,0,0,0,0,16,5901
Purple,firebomb,wall,Green,nuke,speed,16,16,0,0,0,0,6569
Purple,firebomb,wall,Green,nuke,wall,16,0,0,0,0,16,9513
Purple,firebomb,wall,Green,firebomb,heal,16,0,0,0,0,16,10445
Purple,firebomb,wall,Green,firebomb,reinforcements,16,0,0,0,0,16,9147
Purple,firebomb,wall,Green,firebomb,speed,16,0,0,0,0,16,8401
Purple,firebomb,wall,Green,firebomb,wall,16,0,0,0,0,16,10333
Purple,firebomb,wall,Green,snipe,heal,16,0,0,0,0,16,10450
Purple,firebomb,wall,Green,snipe,reinforcements,16,0,0,0,0,16,5983
Purple,firebomb,wall,Green,snipe,speed,16,0,0,0,0,16,6396
Purple,firebomb,wall,Green,snipe,wall,16,0,0,0,0,16,9510
Purple,firebomb,wall,Green,freeze,heal,16,0,0,0,0,16,8906
Purple,firebomb,wall,Green,freeze,reinforcements,16,0,0,0,0,16,6722
Purple,firebomb,wall,Green,freeze,speed,16,0,0,0,0,16,7435
Purple,firebomb,wall,Green,freeze,wall,16,0,0,0,0,16,9976
Purple,firebomb,wall,Orange,nuke,heal,16,16,0,0,0,0,8430
Purple,firebomb,wall,Orange,nuke,reinforcements,16,16,0,0,0,0,5194
Purple,firebomb,wall,Orange,nuke,speed,16,7,0,0,0,9,9307
Purple,firebomb,wall,Orange,nuke,wall,16,16,0,0,0,0,9010
Purple,firebomb,wall,Orange,firebomb,heal,16,16,0,0,0,0,9110
Purple,firebomb,wall,Orange,firebomb,reinforcements,16,0,0,0,0,16,8682
Purple,firebomb,wall,Orange,firebomb,speed,16,5,0,0,0,11,11284
Purple,firebomb,wall,Orange,firebomb,wall,16,16,0,0,0,0,9332
Purple,firebomb,wall,Orange,snipe,heal,16,0,0,0,0,16,10023
Purple,firebomb,wall,Orange,snipe,reinforcements,16,0,0,0,0,16,7300
Purple,firebomb,wall,Orange,snipe,speed,16,0,0,0,0,16,9672
Purple,firebomb,wall,Orange,snipe,wall,16,2,0,0,0,14,10196
Purple,firebomb,wall,Orange,freeze,heal,16,16,0,0,0,0,9114
Purple,firebomb,wall,Orange,freeze,reinforcements,16,0,0,0,0,16,9102
Purple,firebomb,wall,Orange,freeze,speed,16,13,0,2,0,1,10159
Purple,firebomb,wall,Orange,freeze,wall,16,16,0,0,0,0,9056
Purple,firebomb,wall,Purple,nuke,heal,16,16,0,0,0,0,8799
Purple,firebomb,wall,Purple,nuke,reinforcements,16,0,0,0,0,16,7902
Purple,firebomb,wall,Purple,nuke,speed,16,16,0,0,0,0,5114
Purple,firebomb,wall,Purple,nuke,wall,16,0,0,0,0,16,9795
Purple,firebomb,wall,Purple,firebomb,heal,16,16,0,0,0,0,9581
Purple,firebomb,wall,Purple,firebomb,reinforcements,16,16,0,0,0,0,16119
Purple,firebomb,wall,Purple,firebomb,speed,16,0,0,0,16,0,18000
Purple,firebomb,wall,Purple,firebomb,wall,16,16,0,0,0,0,9573
Purple,firebomb,wall,Purple,snipe,heal,16,16,0,0,0,0,11401
Purple,firebomb,wall,Purple,snipe,reinforcements,16,0,0,0,0,16,8392
Purple,firebomb,wall,Purple,snipe,speed,16,0,0,0,0,16,9421
Purple,firebomb,wall,Purple,snipe,wall,16,0,0,0,0,16,10301
Purple,firebomb,wall,Purple,freeze,heal,16,16,0,0,0,0,9409
Purple,firebomb,wall,Purple,freeze,reinforcements,16,0,0,0,0,16,8452
Purple,firebomb,wall,Purple,freeze,speed,16,0,0,0,0,16,10033
Purple,firebomb,wall,Purple,freeze,wall,16,0,0,0,0,16,9740
Purple,firebomb,wall,Red,nuke,heal,16,16,0,0,0,0,8524
Purple,firebomb,wall,Red,nuke,reinforcements,16,16,0,0,0,0,4949
Purple,firebomb,wall,Red,nuke,speed,16,16,0,0,0,0,7724
Purple,firebomb,wall,Red,nuke,wall,16,16,0,0,0,0,9610
Purple,firebomb,wall,Red,firebomb,heal,16,16,0,0,0,0,9919
Purple,firebomb,wall,Red,firebomb,reinforcements,16,0,16,0,0,0,18000
Purple,firebomb,wall,Red,firebomb,speed,16,0,0,0,0,16,10817
Purple,firebomb,wall,Red,firebomb,wall,16,16,0,0,0,0,9420
Purple,firebomb,wall,Red,snipe,heal,16,0,0,0,0,16,9337
Purple,firebomb,wall,Red,snipe,reinforcements,16,0,0,0,0,16,7384
Purple,firebomb,wall,Red,snipe,speed,16,0,0,0,0,16,7552
Purple,firebomb,wall,Red,snipe,wall,16,0,0,0,0,16,8957
Purple,firebomb,wall,Red,freeze,heal,16,0,0,0,0,16,9265
Purple,firebomb,wall,Red,freeze,reinforcements,16,0,0,0,0,16,8012
Purple,firebomb,wall,Red,freeze,speed,16,0,0,0,0,16,9250
Purple,firebomb,wall,Red,freeze,wall,16,16,0,0,0,0,9391
Purple,firebomb,wall,White,nuke,heal,16,16,0,0,0,0,7710
Purple,firebomb,wall,White,nuke,reinforcements,16,16,0,0,0,0,4701
Purple,firebomb,wall,White,nuke,speed,16,16,0,0,0,0,5619
Purple,firebomb,wall,White,nuke,wall,16,16,0,0,0,0,7725
Purple,firebomb,wall,White,firebomb,heal,16,16,0,0,0,0,7726
Purple,firebomb,wall,White,firebomb,reinforcements,16,16,0,0,0,0,5113
Purple,firebomb,wall,White,firebomb,speed,16,16,0,0,0,0,8425
Purple,firebomb,wall,White,firebomb,wall,16,16,0,0,0,0,7788
Purple,firebomb,wall,White,snipe,heal,16,16,0,0,0,0,8602
Purple,firebomb,wall,White,snipe,reinforcements,16,16,0,0,0,0,5129
Purple,firebomb,wall,White,snipe,speed,16,16,0,0,0,0,9176
Purple,firebomb,wall,White,snipe,wall,16,16,0,0,0,0,8226
Purple,firebomb,wall,White,freeze,heal,16,16,0,0,0,0,7697
Purple,firebomb,wall,White,freeze,reinforcements,16,16,0,0,0,0,4705
Purple,firebomb,wall,White,freeze,speed,16,16,0,0,0,0,8145
Purple,firebomb,wall,White,freeze,wall,16,16,0,0,0,0,7703
Purple,firebomb,wall,Yellow,nuke,heal,16,16,0,0,0,0,7539
Purple,firebomb,wall,Yellow,nuke,reinforcements,16,16,0,0,0,0,9793
Purple,firebomb,wall,Yellow,nuke,speed,16,16,0,0,0,0,6519
Purple,firebomb,wall,Yellow,nuke,wall,16,16,0,0,0,0,8493
Purple,firebomb,wall,Yellow,firebomb,heal,16,16,0,0,0,0,8419
Purple,firebomb,wall,Yellow,firebomb,reinforcements,16,16,0,0,0,0,11169
Purple,firebomb,wall,Yellow,firebomb,speed,16,16,0,0,0,0,9474
Purple,firebomb,wall,Yellow,firebomb,wall,16,16,0,0,0,0,8433
Purple,firebomb,wall,Yellow,snipe,heal,16,16,0,0,0,0,9249
Purple,firebomb,wall,Yellow,snipe,reinforcements,16,0,0,0,0,16,8607
Purple,firebomb,wall,Yellow,snipe,speed,16,0,0,0,0,16,7518
Purple,firebomb,wall,Yellow,snipe,wall,16,16,0,0,0,0,9462
Purple,firebomb,wall,Yellow,freeze,heal,16,0,0,0,0,16,8797
Purple,firebomb,wall,Yellow,freeze,reinforcements,16,16,0,0,0,0,10097
Purple,firebomb,wall,Yellow,freeze,speed,16,0,0,0,0,16,9342
Purple,firebomb,wall,Yellow,freeze,wall,16,16,0,0,0,0,8536
Purple,snipe,heal,Black,nuke,heal,16,16,0,0,0,0,9575
Purple,snipe,heal,Black,nuke,reinforcements,16,16,0,0,0,0,10036
Purple,snipe,heal,Black,nuke,speed,16,16,0,0,0,0,9291
Purple,snipe,heal,Black,nuke,wall,16,16,0,0,0,0,8473
Purple,snipe,heal,Black,firebomb,heal,16,16,0,0,0,0,8470
Purple,snipe,heal,Black,firebomb,reinforcements,16,16,0,0,0,0,7468
Purple,snipe,heal,Black,firebomb,speed,16,16,0,0,0,0,9575
Purple,snipe,heal,Black,firebomb,wall,16,16,0,0,0,0,8384
Purple,snipe,heal,Black,snipe,heal,16,16,0,0,0,0,9361
Purple,snipe,heal,Black,snipe,reinforcements,16,16,0,0,0,0,11467
Purple,snipe,heal,Black,snipe,speed,16,0,0,0,0,16,10553
Purple,snipe,heal,Black,snipe,wall,16,16,0,0,0,0,9485
Purple,snipe,heal,Black,freeze,heal,16,16,0,0,0,0,8387
Purple,snipe,heal,Black,freeze,reinforcements,16,16,0,0,0,0,7039
Purple,snipe,heal,Black,freeze,speed,16,16,0,0,0,0,9263
Purple,snipe,heal,Black,freeze,wall,16,16,0,0,0,0,8498
Purple,snipe,heal,Blue,nuke,heal,16,16,0,0,0,0,8482
Purple,snipe,heal,Blue,nuke,reinforcements,16,16,0,0,0,0,6466
Purple,snipe,heal,Blue,nuke,speed,16,16,0,0,0,0,9222
Purple,snipe,heal,Blue,nuke,wall,16,16,0,0,0,0,8458
Purple,snipe,heal,Blue,firebomb,heal,16,16,0,0,0,0,8423
Purple,snipe,heal,Blue,firebomb,reinforcements,16,16,0,0,0,0,7693
Purple,snipe,heal,Blue,firebomb,speed,16,16,0,0,0,0,9496
Purple,snipe,heal,Blue,firebomb,wall,16,16,0,0,0,0,8452
Purple,snipe,heal,Blue,snipe,heal,16,16,0,0,0,0,9276
Purple,snipe,heal,Blue,snipe,reinforcements,16,16,0,0,0,0,8351
Purple,snipe,heal,Blue,snipe,speed,16,16,0,0,0,0,11371
Purple,snipe,heal,Blue,snipe,wall,16,16,0,0,0,0,9403
Purple,snipe,heal,Blue,freeze,heal,16,16,0,0,0,0,8366
Purple,snipe,heal,Blue,freeze,reinforcements,16,0,0,0,0,16,9366
Purple,snipe,heal,Blue,freeze,speed,16,16,0,0,0,0,9204
Purple,snipe,heal,Blue,freeze,wall,16,16,0,0,0,0,8392
Purple,snipe,heal,Green,nuke,heal,16,16,0,0,0,0,7379
Purple,snipe,heal,Green,nuke,reinforcements,16,0,0,0,0,16,6890
Purple,snipe,heal,Green,nuke,speed,16,0,0,0,0,16,8433
Purple,snipe,heal,Green,nuke,wall,16,16,0,0,0,0,9554
Purple,snipe,heal,Green,firebomb,heal,16,16,0,0,0,0,10032
Purple,snipe,heal,Green,firebomb,reinforcements,16,0,0,0,0,16,6737
Purple,snipe,heal,Green,firebomb,speed,16,0,0,0,0,16,8832
Purple,snipe,heal,Green,firebomb,wall,16,0,0,0,0,16,11312
Purple,snipe,heal,Green,snipe,heal,16,0,0,0,0,16,7514
Purple,snipe,heal,Green,snipe,reinforcements,16,0,0,0,0,16,5925
Purple,snipe,heal,Green,snipe,speed,16,0,0,0,0,16,7770
Purple,snipe,heal,Green,snipe,wall,16,0,0,0,0,16,9527
Purple,snipe,heal,Green,freeze,heal,16,0,0,0,0,16,11065
Purple,snipe,heal,Green,freeze,reinforcements,16,0,0,0,0,16,5071
Purple,snipe,heal,Green,freeze,speed,16,0,0,0,0,16,7910
Purple,snipe,heal,Green,freeze,wall,16,0,0,0,0,16,10801
Purple,snipe,heal,Orange,nuke,heal,16,16,0,0,0,0,9115
Purple,snipe,heal,Orange,nuke,reinforcements,16,16,0,0,0,0,6918
Purple,snipe,heal,Orange,nuke,speed,16,16,0,0,0,0,10311
Purple,snipe,heal,Orange,nuke,wall,16,16,0,0,0,0,8617
Purple,snipe,heal,Orange,firebomb,heal,16,16,0,0,0,0,9119
Purple,snipe,heal,Orange,firebomb,reinforcements,16,16,0,0,0,0,6762
Purple,snipe,heal,Orange,firebomb,speed,16,15,0,0,0,1,10777
Purple,snipe,heal,Orange,firebomb,wall,16,16,0,0,0,0,9074
Purple,snipe,heal,Orange,snipe,heal,16,13,0,0,0,3,11112
Purple,snipe,heal,Orange,snipe,reinforcements,16,16,0,0,0,0,7847
Purple,snipe,heal,Orange,snipe,speed,16,7,0,0,4,5,11775
Purple,snipe,heal,Orange,snipe,wall,16,16,0,0,0,0,10724
Purple,snipe,heal,Orange,freeze,heal,16,15,0,0,0,1,8975
Purple,snipe,heal,Orange,freeze,reinforcements,16,16,0,0,0,0,6544
Purple,snipe,heal,Orange,freeze,speed,16,13,0,0,0,3,10046
Purple,snipe,heal,Orange,freeze,wall,16,16,0,0,0,0,8991
Purple,snipe,heal,Purple,nuke,heal,16,16,0,0,0,0,9215
Purple,snipe,heal,Purple,nuke,reinforcements,16,0,0,0,0,16,5957
Purple,snipe,heal,Purple,nuke,speed,16,0,0,0,0,16,12904
Purple,snipe,heal,Purple,nuke,wall,16,16,0,0,0,0,10345
Purple,snipe,heal,Purple,firebomb,heal,16,16,0,0,0,0,9496
Purple,snipe,heal,Purple,firebomb,reinforcements,16,16,0,0,0,0,7222
Purple,snipe,heal,Purple,firebomb,speed,16,0,0,0,16,0,18000
Purple,snipe,heal,Purple,firebomb,wall,16,16,0,0,0,0,9276
Purple,snipe,heal,Purple,snipe,heal,16,16,0,0,0,0,10172
Purple,snipe,heal,Purple,snipe,reinforcements,16,0,0,0,0,16,6497
Purple,snipe,heal,Purple,snipe,speed,16,0,0,0,0,16,8767
Purple,snipe,heal,Purple,snipe,wall,16,16,0,0,0,0,10567
Purple,snipe,heal,Purple,freeze,heal,16,16,0,0,0,0,9173
Purple,snipe,heal,Purple,freeze,reinforcements,16,0,0,0,0,16,9852
Purple,snipe,heal,Purple,freeze,speed,16,16,0,0,0,0,8721
Purple,snipe,heal,Purple,freeze,wall,16,16,0,0,0,0,9662
Purple,snipe,heal,Red,nuke,heal,16,16,0,0,0,0,7209
Purple,snipe,heal,Red,nuke,reinforcements,16,0,0,0,0,16,6219
Purple,snipe,heal,Red,nuke,speed,16,0,0,0,0,16,8684
Purple,snipe,heal,Red,nuke,wall,16,16,0,0,0,0,9649
Purple,snipe,heal,Red,firebomb,heal,16,16,0,0,0,0,9452
Purple,snipe,heal,Red,firebomb,reinforcements,16,0,0,0,0,16,8057
Purple,snipe,heal,Red,firebomb,speed,16,16,0,0,0,0,9256
Purple,snipe,heal,Red,firebomb,wall,16,16,0,0,0,0,8944
Purple,snipe,heal,Red,snipe,heal,16,0,0,0,0,16,9070
Purple,snipe,heal,Red,snipe,reinforcements,16,0,0,0,0,16,5851
Purple,snipe,heal,Red,snipe,speed,16,0,0,0,0,16,7032
Purple,snipe,heal,Red,snipe,wall,16,16,0,0,0,0,10852
Purple,snipe,heal,Red,freeze,heal,16,16,0,0,0,0,6656
Purple,snipe,heal,Red,freeze,reinforcements,16,0,0,0,0,16,6380
Purple,snipe,heal,Red,freeze,speed,16,0,0,0,0,16,8700
Purple,snipe,heal,Red,freeze,wall,16,16,0,0,0,0,8863
Purple,snipe,heal,White,nuke,heal,16,16,0,0,0,0,7567
Purple,snipe,heal,White,nuke,reinforcements,16,16,0,0,0,0,5112
Purple,snipe,heal,White,nuke,speed,16,16,0,0,0,0,7906
Purple,snipe,heal,White,nuke,wall,16,16,0,0,0,0,7680
Purple,snipe,heal,White,firebomb,heal,16,16,0,0,0,0,7753
Purple,snipe,heal,White,firebomb,reinforcements,16,16,0,0,0,0,5093
Purple,snipe,heal,White,firebomb,speed,16,16,0,0,0,0,8607
Purple,snipe,heal,White,firebomb,wall,16,16,0,0,0,0,7728
Purple,snipe,heal,White,snipe,heal,16,16,0,0,0,0,10251
Purple,snipe,heal,White,snipe,reinforcements,16,16,0,0,0,0,4293
Purple,snipe,heal,White,snipe,speed,16,16,0,0,0,0,8837
Purple,snipe,heal,White,snipe,wall,16,16,0,0,0,0,7828
Purple,snipe,heal,White,freeze,heal,16,16,0,0,0,0,7696
Purple,snipe,heal,White,freeze,reinforcements,16,16,0,0,0,0,5167
Purple,snipe,heal,White,freeze,speed,16,16,0,0,0,0,8149
Purple,snipe,heal,White,freeze,wall,16,16,0,0,0,0,7518
Purple,snipe,heal,Yellow,nuke,heal,16,16,0,0,0,0,8435
Purple,snipe,heal,Yellow,nuke,reinforcements,16,0,0,0,0,16,8357
Purple,snipe,heal,Yellow,nuke,speed,16,16,0,0,0,0,10780
Purple,snipe,heal,Yellow,nuke,wall,16,16,0,0,0,0,8338
Purple,snipe,heal,Yellow,firebomb,heal,16,16,0,0,0,0,8470
Purple,snipe,heal,Yellow,firebomb,reinforcements,16,16,0,0,0,0,8278
Purple,snipe,heal,Yellow,firebomb,speed,16,16,0,0,0,0,9232
Purple,snipe,heal,Yellow,firebomb,wall,16,16,0,0,0,0,8265
Purple,snipe,heal,Yellow,snipe,heal,16,16,0,0,0,0,9344
Purple,snipe,heal,Yellow,snipe,reinforcements,16,0,0,0,0,16,7552
Purple,snipe,heal,Yellow,snipe,speed,16,0,0,0,0,16,8230
Purple,snipe,heal,Yellow,snipe,wall,16,16,0,0,0,0,9253
Purple,snipe,heal,Yellow,freeze,heal,16,0,0,0,0,16,7410
Purple,snipe,heal,Yellow,freeze,reinforcements,16,16,0,0,0,0,9157
Purple,snipe,heal,Yellow,freeze,speed,16,0,0,0,0,16,9605
Purple,snipe,heal,Yellow,freeze,wall,16,16,0,0,0,0,8357
Purple,snipe,reinforcements,Black,nuke,heal,16,16,0,0,0,0,4859
Purple,snipe,reinforcements,Black,nuke,reinforcements,16,16,0,0,0,0,5599
Purple,snipe,reinforcements,Black,nuke,speed,16,16,0,0,0,0,4229
Purple,snipe,reinforcements,Black,nuke,wall,16,16,0,0,0,0,7722
Purple,snipe,reinforcements,Black,firebomb,heal,16,16,0,0,0,0,9507
Purple,snipe,reinforcements,Black,firebomb,reinforcements,16,16,0,0,0,0,9870
Purple,snipe,reinforcements,Black,firebomb,speed,16,0,0,0,0,16,6280
Purple,snipe,reinforcements,Black,firebomb,wall,16,16,0,0,0,0,9987
Purple,snipe,reinforcements,Black,snipe,heal,16,0,0,0,0,16,10127
Purple,snipe,reinforcements,Black,snipe,reinforcements,16,0,0,0,0,16,6497
Purple,snipe,reinforcements,Black,snipe,speed,16,0,0,0,0,16,6097
Purple,snipe,reinforcements,Black,snipe,wall,16,0,0,0,0,16,8068
Purple,snipe,reinforcements,Black,freeze,heal,16,16,0,0,0,0,8933
Purple,snipe,reinforcements,Black,freeze,reinforcements,16,16,0,0,0,0,8802
Purple,snipe,reinforcements,Black,freeze,speed,16,0,0,0,0,16,7505
Purple,snipe,reinforcements,Black,freeze,wall,16,16,0,0,0,0,6816
Purple,snipe,reinforcements,Blue,nuke,heal,16,16,0,0,0,0,4269
Purple,snipe,reinforcements,Blue,nuke,reinforcements,16,0,0,0,0,16,7537
Purple,snipe,reinforcements,Blue,nuke,speed,16,16,0,0,0,0,4204
Purple,snipe,reinforcements,Blue,nuke,wall,16,16,0,0,0,0,4714
Purple,snipe,reinforcements,Blue,firebomb,heal,16,0,0,0,0,16,7816
Purple,snipe,reinforcements,Blue,firebomb,reinforcements,16,0,0,0,0,16,6102
Purple,snipe,reinforcements,Blue,firebomb,speed,16,0,0,0,0,16,6672
Purple,snipe,reinforcements,Blue,firebomb,wall,16,0,0,0,0,16,6286
Purple,snipe,reinforcements,Blue,snipe,heal,16,0,0,0,0,16,5567
Purple,snipe,reinforcements,Blue,snipe,reinforcements,16,16,0,0,0,0,8141
Purple,snipe,reinforcements,Blue,snipe,speed,16,0,0,0,0,16,5265
Purple,snipe,reinforcements,Blue,snipe,wall,16,0,0,0,0,16,5471
Purple,snipe,reinforcements,Blue,freeze,heal,16,0,0,0,0,16,8587
Purple,snipe,reinforcements,Blue,freeze,reinforcements,16,0,0,0,0,16,5740
Purple,snipe,reinforcements,Blue,freeze,speed,16,0,0,0,0,16,9386
Purple,snipe,reinforcements,Blue,freeze,wall,16,0,0,0,0,16,5231
Purple,snipe,reinforcements,Green,nuke,heal,16,16,0,0,0,0,4429
Purple,snipe,reinforcements,Green,nuke,reinforcements,16,0,0,0,0,16,5188
Purple,snipe,reinforcements,Green,nuke,speed,16,16,0,0,0,0,4379
Purple,snipe,reinforcements,Green,nuke,wall,16,16,0,0,0,0,6519
Purple,snipe,reinforcements,Green,firebomb,heal,16,0,0,0,0,16,6177
Purple,snipe,reinforcements,Green,firebomb,reinforcements,16,0,0,0,0,16,5620
Purple,snipe,reinforcements,Green,firebomb,speed,16,0,0,0,0,16,5495
Purple,snipe,reinforcements,Green,firebomb,wall,16,0,0,0,0,16,5760
Purple,snipe,reinforcements,Green,snipe,heal,16,0,0,0,0,16,6085
Purple,snipe,reinforcements,Green,snipe,reinforcements,16,0,0,0,0,16,5300
Purple,snipe,reinforcements,Green,snipe,speed,16,0,0,0,0,16,4586
Purple,snipe,reinforcements,Green,snipe,wall,16,0,0,0,0,16,6377
Purple,snipe,reinforcements,Green,freeze,heal,16,0,0,0,0,16,5583
Purple,snipe,reinforcements,Green,freeze,reinforcements,16,0,0,0,0,16,6587
Purple,snipe,reinforcements,Green,freeze,speed,16,0,0,0,0,16,5010
Purple,snipe,reinforcements,Green,freeze,wall,16,0,0,0,0,16,4310
Purple,snipe,reinforcements,Orange,nuke,heal,16,16,0,0,0,0,4044
Purple,snipe,reinforcements,Orange,nuke,reinforcements,16,0,0,0,0,16,7220
Purple,snipe,reinforcements,Orange,nuke,speed,16,16,0,0,0,0,4235
Purple,snipe,reinforcements,Orange,nuke,wall,16,16,0,0,0,0,5317
Purple,snipe,reinforcements,Orange,firebomb,heal,16,0,7,0,9,0,18000
Purple,snipe,reinforcements,Orange,firebomb,reinforcements,16,0,0,0,0,16,7217
Purple,snipe,reinforcements,Orange,firebomb,speed,16,0,1,0,5,10,14164
Purple,snipe,reinforcements,Orange,firebomb,wall,16,0,1,0,15,0,18000
Purple,snipe,reinforcements,Orange,snipe,heal,16,0,0,0,0,16,9218
Purple,snipe,reinforcements,Orange,snipe,reinforcements,16,0,0,0,0,16,6555
Purple,snipe,reinforcements,Orange,snipe,speed,16,0,0,0,0,16,7250
Purple,snipe,reinforcements,Orange,snipe,wall,16,0,1,0,3,12,11790
Purple,snipe,reinforcements,Orange,freeze,heal,16,11,2,0,3,0,12820
Purple,snipe,reinforcements,Orange,freeze,reinforcements,16,0,0,0,0,16,7530
Purple,snipe,reinforcements,Orange,freeze,speed,16,1,4,0,7,4,16540
Purple,snipe,reinforcements,Orange,freeze,wall,16,16,0,0,0,0,6430
Purple,snipe,reinforcements,Purple,nuke,heal,16,16,0,0,0,0,6912
Purple,snipe,reinforcements,Purple,nuke,reinforcements,16,16,0,0,0,0,4109
Purple,snipe,reinforcements,Purple,nuke,speed,16,16,0,0,0,0,4439
Purple,snipe,reinforcements,Purple,nuke,wall,16,16,0,0,0,0,7927
Purple,snipe,reinforcements,Purple,firebomb,heal,16,16,0,0,0,0,5917
Purple,snipe,reinforcements,Purple,firebomb,reinforcements,16,0,0,0,0,16,6387
Purple,snipe,reinforcements,Purple,firebomb,speed,16,0,0,0,0,16,6142
Purple,snipe,reinforcements,Purple,firebomb,wall,16,16,0,0,0,0,6312
Purple,snipe,reinforcements,Purple,snipe,heal,16,16,0,0,0,0,6982
Purple,snipe,reinforcements,Purple,snipe,reinforcements,16,0,0,0,0,16,10072
Purple,snipe,reinforcements,Purple,snipe,speed,16,0,0,0,0,16,5749
Purple,snipe,reinforcements,Purple,snipe,wall,16,16,0,0,0,0,7733
Purple,snipe,reinforcements,Purple,freeze,heal,16,0,0,0,0,16,6627
Purple,snipe,reinforcements,Purple,freeze,reinforcements,16,16,0,0,0,0,6567
Purple,snipe,reinforcements,Purple,freeze,speed,16,0,0,0,0,16,5992
Purple,snipe,reinforcements,Purple,freeze,wall,16,0,0,0,0,16,6510
Purple,snipe,reinforcements,Red,nuke,heal,16,16,0,0,0,0,3964
Purple,snipe,reinforcements,Red,nuke,reinforcements,16,0,0,0,0,16,5611
Purple,snipe,reinforcements,Red,nuke,speed,16,16,0,0,0,0,4009
Purple,snipe,reinforcements,Red,nuke,wall,16,16,0,0,0,0,4974
Purple,snipe,reinforcements,Red,firebomb,heal,16,0,0,0,0,16,6412
Purple,snipe,reinforcements,Red,firebomb,reinforcements,16,0,0,0,0,16,6462
Purple,snipe,reinforcements,Red,firebomb,speed,16,0,0,0,0,16,5144
Purple,snipe,reinforcements,Red,firebomb,wall,16,0,0,0,0,16,6142
Purple,snipe,reinforcements,Red,snipe,heal,16,0,0,0,0,16,6062
Purple,snipe,reinforcements,Red,snipe,reinforcements,16,0,0,0,0,16,6427
Purple,snipe,reinforcements,Red,snipe,speed,16,0,0,0,0,16,4794
Purple,snipe,reinforcements,Red,snipe,wall,16,0,0,0,0,16,5451
Purple,snipe,reinforcements,Red,freeze,heal,16,0,0,0,0,16,6389
Purple,snipe,reinforcements,Red,freeze,reinforcements,16,0,0,0,0,16,6745
Purple,snipe,reinforcements,Red,freeze,speed,16,0,0,0,0,16,6900
Purple,snipe,reinforcements,Red,freeze,wall,16,0,0,0,0,16,6680
Purple,snipe,reinforcements,White,nuke,heal,16,16,0,0,0,0,6669
Purple,snipe,reinforcements,White,nuke,reinforcements,16,16,0,0,0,0,5088
Purple,snipe,reinforcements,White,nuke,speed,16,16,0,0,0,0,4194
Purple,snipe,reinforcements,White,nuke,wall,16,16,0,0,0,0,5724
Purple,snipe,reinforcements,White,firebomb,heal,16,16,0,0,0,0,4848
Purple,snipe,reinforcements,White,firebomb,reinforcements,16,16,0,0,0,0,5247
Purple,snipe,reinforcements,White,firebomb,speed,16,16,0,0,0,0,5752
Purple,snipe,reinforcements,White,firebomb,wall,16,16,0,0,0,0,7033
Purple,snipe,reinforcements,White,snipe,heal,16,0,0,0,0,16,7401
Purple,snipe,reinforcements,White,snipe,reinforcements,16,16,0,0,0,0,4462
Purple,snipe,reinforcements,White,snipe,speed,16,0,0,0,0,16,6287
Purple,snipe,reinforcements,White,snipe,wall,16,0,0,0,0,16,6521
Purple,snipe,reinforcements,White,freeze,heal,16,16,0,0,0,0,8128
Purple,snipe,reinforcements,White,freeze,reinforcements,16,16,0,0,0,0,5209
Purple,snipe,reinforcements,White,freeze,speed,16,16,0,0,0,0,9439
Purple,snipe,reinforcements,White,freeze,wall,16,16,0,0,0,0,8127
Purple,snipe,reinforcements,Yellow,nuke,heal,16,16,0,0,0,0,4289
Purple,snipe,reinforcements,Yellow,nuke,reinforcements,16,16,0,0,0,0,4614
Purple,snipe,reinforcements,Yellow,nuke,speed,16,16,0,0,0,0,4219
Purple,snipe,reinforcements,Yellow,nuke,wall,16,16,0,0,0,0,4524
Purple,snipe,reinforcements,Yellow,firebomb,heal,16,16,0,0,0,0,10626
Purple,snipe,reinforcements,Yellow,firebomb,reinforcements,16,16,0,0,0,0,9737
Purple,snipe,reinforcements,Yellow,firebomb,speed,16,0,0,0,0,16,6047
Purple,snipe,reinforcements,Yellow,firebomb,wall,16,16,0,0,0,0,9302
Purple,snipe,reinforcements,Yellow,snipe,heal,16,0,0,0,0,16,4457
Purple,snipe,reinforcements,Yellow,snipe,reinforcements,16,16,0,0,0,0,6358
Purple,snipe,reinforcements,Yellow,snipe,speed,16,0,0,0,0,16,5217
Purple,snipe,reinforcements,Yellow,snipe,wall,16,0,0,0,0,16,7364
Purple,snipe,reinforcements,Yellow,freeze,heal,16,0,0,0,0,16,6545
Purple,snipe,reinforcements,Yellow,freeze,reinforcements,16,16,0,0,0,0,6487
Purple,snipe,reinforcements,Yellow,freeze,speed,16,0,0,0,0,16,10877
Purple,snipe,reinforcements,Yellow,freeze,wall,16,0,0,0,0,16,12347
Purple,snipe,speed,Black,nuke,heal,16,16,0,0,0,0,8571
Purple,snipe,speed,Black,nuke,reinforcements,16,16,0,0,0,0,6452
Purple,snipe,speed,Black,nuke,speed,16,16,0,0,0,0,9466
Purple,snipe,speed,Black,nuke,wall,16,16,0,0,0,0,8384
Purple,snipe,speed,Black,firebomb,heal,16,16,0,0,0,0,7896
Purple,snipe,speed,Black,firebomb,reinforcements,16,16,0,0,0,0,6206
Purple,snipe,speed,Black,firebomb,speed,16,16,0,0,0,0,8276
Purple,snipe,speed,Black,firebomb,wall,16,16,0,0,0,0,8406
Purple,snipe,speed,Black,snipe,heal,16,16,0,0,0,0,9136
Purple,snipe,speed,Black,snipe,reinforcements,16,16,0,0,0,0,6320
Purple,snipe,speed,Black,snipe,speed,16,16,0,0,0,0,11786
Purple,snipe,speed,Black,snipe,wall,16,16,0,0,0,0,9253
Purple,snipe,speed,Black,freeze,heal,16,16,0,0,0,0,8157
Purple,snipe,speed,Black,freeze,reinforcements,16,16,0,0,0,0,6066
Purple,snipe,speed,Black,freeze,speed,16,16,0,0,0,0,9283
Purple,snipe,speed,Black,freeze,wall,16,16,0,0,0,0,8241
Purple,snipe,speed,Blue,nuke,heal,16,16,0,0,0,0,8290
Purple,snipe,speed,Blue,nuke,reinforcements,16,16,0,0,0,0,6476
Purple,snipe,speed,Blue,nuke,speed,16,16,0,0,0,0,9063
Purple,snipe,speed,Blue,nuke,wall,16,16,0,0,0,0,8184
Purple,snipe,speed,Blue,firebomb,heal,16,16,0,0,0,0,8459
Purple,snipe,speed,Blue,firebomb,reinforcements,16,16,0,0,0,0,6393
Purple,snipe,speed,Blue,firebomb,speed,16,16,0,0,0,0,9314
Purple,snipe,speed,Blue,firebomb,wall,16,16,0,0,0,0,8385
Purple,snipe,speed,Blue,snipe,heal,16,16,0,0,0,0,9157
Purple,snipe,speed,Blue,snipe,reinforcements,16,16,0,0,0,0,6512
Purple,snipe,speed,Blue,snipe,speed,16,16,0,0,0,0,11951
Purple,snipe,speed,Blue,snipe,wall,16,16,0,0,0,0,9107
Purple,snipe,speed,Blue,freeze,heal,16,16,0,0,0,0,8504
Purple,snipe,speed,Blue,freeze,reinforcements,16,16,0,0,0,0,6776
Purple,snipe,speed,Blue,freeze,speed,16,16,0,0,0,0,9373
Purple,snipe,speed,Blue,freeze,wall,16,16,0,0,0,0,7842
Purple,snipe,speed,Green,nuke,heal,16,16,0,0,0,0,11146
Purple,snipe,speed,Green,nuke,reinforcements,16,16,0,0,0,0,6397
Purple,snipe,speed,Green,nuke,speed,16,0,0,0,0,16,9795
Purple,snipe,speed,Green,nuke,wall,16,16,0,0,0,0,12617
Purple,snipe,speed,Green,firebomb,heal,16,16,0,0,0,0,9728
Purple,snipe,speed,Green,firebomb,reinforcements,16,16,0,0,0,0,6643
Purple,snipe,speed,Green,firebomb,speed,16,0,0,0,16,0,18000
Purple,snipe,speed,Green,firebomb,wall,16,16,0,0,0,0,10231
Purple,snipe,speed,Green,snipe,heal,16,0,0,0,0,16,9303
Purple,snipe,speed,Green,snipe,reinforcements,16,16,0,0,0,0,6415
Purple,snipe,speed,Green,snipe,speed,16,0,0,0,0,16,9216
Purple,snipe,speed,Green,snipe,wall,16,16,0,0,0,0,11444
Purple,snipe,speed,Green,freeze,heal,16,16,0,0,0,0,8780
Purple,snipe,speed,Green,freeze,reinforcements,16,0,0,0,0,16,8390
Purple,snipe,speed,Green,freeze,speed,16,0,0,0,16,0,18000
Purple,snipe,speed,Green,freeze,wall,16,16,0,0,0,0,8066
Purple,snipe,speed,Orange,nuke,heal,16,16,0,0,0,0,8037
Purple,snipe,speed,Orange,nuke,reinforcements,16,16,0,0,0,0,6079
Purple,snipe,speed,Orange,nuke,speed,16,16,0,0,0,0,8297
Purple,snipe,speed,Orange,nuke,wall,16,16,0,0,0,0,7941
Purple,snipe,speed,Orange,firebomb,heal,16,16,0,0,0,0,8715
Purple,snipe,speed,Orange,firebomb,reinforcements,16,16,0,0,0,0,6129
Purple,snipe,speed,Orange,firebomb,speed,16,16,0,0,0,0,8803
Purple,snipe,speed,Orange,firebomb,wall,16,16,0,0,0,0,8809
Purple,snipe,speed,Orange,snipe,heal,16,16,0,0,0,0,8381
Purple,snipe,speed,Orange,snipe,reinforcements,16,16,0,0,0,0,6296
Purple,snipe,speed,Orange,snipe,speed,16,8,4,0,1,3,13210
Purple,snipe,speed,Orange,snipe,wall,16,16,0,0,0,0,8608
Purple,snipe,speed,Orange,freeze,heal,16,16,0,0,0,0,7901
Purple,snipe,speed,Orange,freeze,reinforcements,16,16,0,0,0,0,6543
Purple,snipe,speed,Orange,freeze,speed,16,16,0,0,0,0,8571
Purple,snipe,speed,Orange,freeze,wall,16,16,0,0,0,0,7951
Purple,snipe,speed,Purple,nuke,heal,16,16,0,0,0,0,8042
Purple,snipe,speed,Purple,nuke,reinforcements,16,16,0,0,0,0,5652
Purple,snipe,speed,Purple,nuke,speed,16,16,0,0,0,0,7983
Purple,snipe,speed,Purple,nuke,wall,16,16,0,0,0,0,7992
Purple,snipe,speed,Purple,firebomb,heal,16,16,0,0,0,0,8997
Purple,snipe,speed,Purple,firebomb,reinforcements,16,16,0,0,0,0,5747
Purple,snipe,speed,Purple,firebomb,speed,16,0,0,0,16,0,18000
Purple,snipe,speed,Purple,firebomb,wall,16,16,0,0,0,0,8388
Purple,snipe,speed,Purple,snipe,heal,16,16,0,0,0,0,8662
Purple,snipe,speed,Purple,snipe,reinforcements,16,16,0,0,0,0,5812
Purple,snipe,speed,Purple,snipe,speed,16,0,0,0,16,0,18000
Purple,snipe,speed,Purple,snipe,wall,16,16,0,0,0,0,8347
Purple,snipe,speed,Purple,freeze,heal,16,16,0,0,0,0,8557
Purple,snipe,speed,Purple,freeze,reinforcements,16,16,0,0,0,0,6092
Purple,snipe,speed,Purple,freeze,speed,16,16,0,0,0,0,12928
Purple,snipe,speed,Purple,freeze,wall,16,16,0,0,0,0,10147
Purple,snipe,speed,Red,nuke,heal,16,16,0,0,0,0,8700
Purple,snipe,speed,Red,nuke,reinforcements,16,16,0,0,0,0,6122
Purple,snipe,speed,Red,nuke,speed,16,16,0,0,0,0,5289
Purple,snipe,speed,Red,nuke,wall,16,16,0,0,0,0,7540
Purple,snipe,speed,Red,firebomb,heal,16,16,0,0,0,0,9831
Purple,snipe,speed,Red,firebomb,reinforcements,16,0,0,0,0,16,10392
Purple,snipe,speed,Red,firebomb,speed,16,0,0,0,16,0,18000
Purple,snipe,speed,Red,firebomb,wall,16,16,0,0,0,0,8383
Purple,snipe,speed,Red,snipe,heal,16,0,0,0,0,16,5598
Purple,snipe,speed,Red,snipe,reinforcements,16,16,0,0,0,0,6122
Purple,snipe,speed,Red,snipe,speed,16,0,0,0,0,16,10580
Purple,snipe,speed,Red,snipe,wall,16,16,0,0,0,0,8722
Purple,snipe,speed,Red,freeze,heal,16,16,0,0,0,0,8222
Purple,snipe,speed,Red,freeze,reinforcements,16,0,0,0,0,16,9420
Purple,snipe,speed,Red,freeze,speed,16,16,0,0,0,0,7016
Purple,snipe,speed,Red,freeze,wall,16,16,0,0,0,0,9376
Purple,snipe,speed,White,nuke,heal,16,16,0,0,0,0,7488
Purple,snipe,speed,White,nuke,reinforcements,16,16,0,0,0,0,4649
Purple,snipe,speed,White,nuke,speed,16,16,0,0,0,0,7991
Purple,snipe,speed,White,nuke,wall,16,16,0,0,0,0,7680
Purple,snipe,speed,White,firebomb,heal,16,16,0,0,0,0,6552
Purple,snipe,speed,White,firebomb,reinforcements,16,16,0,0,0,0,4475
Purple,snipe,speed,White,firebomb,speed,16,16,0,0,0,0,8175
Purple,snipe,speed,White,firebomb,wall,16,16,0,0,0,0,7809
Purple,snipe,speed,White,snipe,heal,16,16,0,0,0,0,7738
Purple,snipe,speed,White,snipe,reinforcements,16,16,0,0,0,0,4488
Purple,snipe,speed,White,snipe,speed,16,16,0,0,0,0,8594
Purple,snipe,speed,White,snipe,wall,16,16,0,0,0,0,7769
Purple,snipe,speed,White,freeze,heal,16,16,0,0,0,0,6493
Purple,snipe,speed,White,freeze,reinforcements,16,16,0,0,0,0,4558
Purple,snipe,speed,White,freeze,speed,16,16,0,0,0,0,8162
Purple,snipe,speed,White,freeze,wall,16,16,0,0,0,0,7517
Purple,snipe,speed,Yellow,nuke,heal,16,16,0,0,0,0,8321
Purple,snipe,speed,Yellow,nuke,reinforcements,16,16,0,0,0,0,5853
Purple,snipe,speed,Yellow,nuke,speed,16,16,0,0,0,0,9288
Purple,snipe,speed,Yellow,nuke,wall,16,0,0,0,0,16,6839
Purple,snipe,speed,Yellow,firebomb,heal,16,16,0,0,0,0,8299
Purple,snipe,speed,Yellow,firebomb,reinforcements,16,16,0,0,0,0,5946
Purple,snipe,speed,Yellow,firebomb,speed,16,16,0,0,0,0,6948
Purple,snipe,speed,Yellow,firebomb,wall,16,16,0,0,0,0,8860
Purple,snipe,speed,Yellow,snipe,heal,16,16,0,0,0,0,9715
Purple,snipe,speed,Yellow,snipe,reinforcements,16,16,0,0,0,0,6112
Purple,snipe,speed,Yellow,snipe,speed,16,0,0,0,0,16,9868
Purple,snipe,speed,Yellow,snipe,wall,16,16,0,0,0,0,14033
Purple,snipe,speed,Yellow,freeze,heal,16,16,0,0,0,0,8484
Purple,snipe,speed,Yellow,freeze,reinforcements,16,16,0,0,0,0,6013
Purple,snipe,speed,Yellow,freeze,speed,16,16,0,0,0,0,9314
Purple,snipe,speed,Yellow,freeze,wall,16,16,0,0,0,0,8658
Purple,snipe,wall,Black,nuke,heal,16,16,0,0,0,0,8114
Purple,snipe,wall,Black,nuke,reinforcements,16,16,0,0,0,0,9398
Purple,snipe,wall,Black,nuke,speed,16,16,0,0,0,0,8099
Purple,snipe,wall,Black,nuke,wall,16,16,0,0,0,0,8386
Purple,snipe,wall,Black,firebomb,heal,16,16,0,0,0,0,8547
Purple,snipe,wall,Black,firebomb,reinforcements,16,16,0,0,0,0,7588
Purple,snipe,wall,Black,firebomb,speed,16,16,0,0,0,0,9578
Purple,snipe,wall,Black,firebomb,wall,16,16,0,0,0,0,8318
Purple,snipe,wall,Black,snipe,heal,16,16,0,0,0,0,9531
Purple,snipe,wall,Black,snipe,reinforcements,16,0,0,0,0,16,7606
Purple,snipe,wall,Black,snipe,speed,16,0,0,0,0,16,9379
Purple,snipe,wall,Black,snipe,wall,16,16,0,0,0,0,9589
Purple,snipe,wall,Black,freeze,heal,16,16,0,0,0,0,8472
Purple,snipe,wall,Black,freeze,reinforcements,16,16,0,0,0,0,11006
Purple,snipe,wall,Black,freeze,speed,16,0,0,0,0,16,8619
Purple,snipe,wall,Black,freeze,wall,16,16,0,0,0,0,8505
Purple,snipe,wall,Blue,nuke,heal,16,16,0,0,0,0,8590
Purple,snipe,wall,Blue,nuke,reinforcements,16,16,0,0,0,0,6079
Purple,snipe,wall,Blue,nuke,speed,16,16,0,0,0,0,9233
Purple,snipe,wall,Blue,nuke,wall,16,16,0,0,0,0,8445
Purple,snipe,wall,Blue,firebomb,heal,16,16,0,0,0,0,8377
Purple,snipe,wall,Blue,firebomb,reinforcements,16,0,0,0,0,16,6887
Purple,snipe,wall,Blue,firebomb,speed,16,16,0,0,0,0,9654
Purple,snipe,wall,Blue,firebomb,wall,16,16,0,0,0,0,8626
Purple,snipe,wall,Blue,snipe,heal,16,16,0,0,0,0,9412
Purple,snipe,wall,Blue,snipe,reinforcements,16,0,0,0,0,16,6316
Purple,snipe,wall,Blue,snipe,speed,16,16,0,0,0,0,11137
Purple,snipe,wall,Blue,snipe,wall,16,16,0,0,0,0,9386
Purple,snipe,wall,Blue,freeze,heal,16,16,0,0,0,0,8581
Purple,snipe,wall,Blue,freeze,reinforcements,16,0,0,0,0,16,6596
Purple,snipe,wall,Blue,freeze,speed,16,16,0,0,0,0,9293
Purple,snipe,wall,Blue,freeze,wall,16,16,0,0,0,0,8428
Purple,snipe,wall,Green,nuke,heal,16,16,0,0,0,0,7574
Purple,snipe,wall,Green,nuke,reinforcements,16,0,0,0,0,16,7289
Purple,snipe,wall,Green,nuke,speed,16,0,0,0,0,16,8225
Purple,snipe,wall,Green,nuke,wall,16,0,0,0,0,16,9054
Purple,snipe,wall,Green,firebomb,heal,16,16,0,0,0,0,9674
Purple,snipe,wall,Green,firebomb,reinforcements,16,16,0,0,0,0,12888
Purple,snipe,wall,Green,firebomb,speed,16,0,0,0,0,16,10365
Purple,snipe,wall,Green,firebomb,wall,16,16,0,0,0,0,9892
Purple,snipe,wall,Green,snipe,heal,16,0,0,0,0,16,8332
Purple,snipe,wall,Green,snipe,reinforcements,16,0,0,0,0,16,5695
Purple,snipe,wall,Green,snipe,speed,16,0,0,0,0,16,7442
Purple,snipe,wall,Green,snipe,wall,16,0,0,0,0,16,7688
Purple,snipe,wall,Green,freeze,heal,16,0,0,0,0,16,10487
Purple,snipe,wall,Green,freeze,reinforcements,16,0,0,0,0,16,5325
Purple,snipe,wall,Green,freeze,speed,16,0,0,0,0,16,7587
Purple,snipe,wall,Green,freeze,wall,16,16,0,0,0,0,11366
Purple,snipe,wall,Orange,nuke,heal,16,16,0,0,0,0,8352
Purple,snipe,wall,Orange,nuke,reinforcements,16,16,0,0,0,0,5211
Purple,snipe,wall,Orange,nuke,speed,16,10,0,0,0,6,10339
Purple,snipe,wall,Orange,nuke,wall,16,16,0,0,0,0,8792
Purple,snipe,wall,Orange,firebomb,heal,16,15,0,0,0,1,9178
Purple,snipe,wall,Orange,firebomb,reinforcements,16,0,0,0,0,16,9743
Purple,snipe,wall,Orange,firebomb,speed,16,16,0,0,0,0,10837
Purple,snipe,wall,Orange,firebomb,wall,16,16,0,0,0,0,9012
Purple,snipe,wall,Orange,snipe,heal,16,7,0,0,0,9,11089
Purple,snipe,wall,Orange,snipe,reinforcements,16,0,0,0,0,16,7244
Purple,snipe,wall,Orange,snipe,speed,16,0,4,0,1,11,13587
Purple,snipe,wall,Orange,snipe,wall,16,16,0,0,0,0,10896
Purple,snipe,wall,Orange,freeze,heal,16,16,0,0,0,0,9016
Purple,snipe,wall,Orange,freeze,reinforcements,16,0,0,0,0,16,9066
Purple,snipe,wall,Orange,freeze,speed,16,15,0,0,0,1,10306
Purple,snipe,wall,Orange,freeze,wall,16,16,0,0,0,0,8864
Purple,snipe,wall,Purple,nuke,heal,16,16,0,0,0,0,8914
Purple,snipe,wall,Purple,nuke,reinforcements,16,0,0,0,0,16,8207
Purple,snipe,wall,Purple,nuke,speed,16,0,0,0,0,16,11920
Purple,snipe,wall,Purple,nuke,wall,16,16,0,0,0,0,9310
Purple,snipe,wall,Purple,firebomb,heal,16,16,0,0,0,0,9408
Purple,snipe,wall,Purple,firebomb,reinforcements,16,16,0,0,0,0,6775
Purple,snipe,wall,Purple,firebomb,speed,16,0,0,0,0,16,17477
Purple,snipe,wall,Purple,firebomb,wall,16,16,0,0,0,0,9659
Purple,snipe,wall,Purple,snipe,heal,16,16,0,0,0,0,11646
Purple,snipe,wall,Purple,snipe,reinforcements,16,0,0,0,0,16,8122
Purple,snipe,wall,Purple,snipe,speed,16,0,0,0,0,16,9067
Purple,snipe,wall,Purple,snipe,wall,16,16,0,0,0,0,11445
Purple,snipe,wall,Purple,freeze,heal,16,16,0,0,0,0,9542
Purple,snipe,wall,Purple,freeze,reinforcements,16,0,0,0,0,16,9142
Purple,snipe,wall,Purple,freeze,speed,16,0,0,0,0,16,12114
Purple,snipe,wall,Purple,freeze,wall,16,16,0,0,0,0,9264
Purple,snipe,wall,Red,nuke,heal,16,16,0,0,0,0,11059
Purple,snipe,wall,Red,nuke,reinforcements,16,16,0,0,0,0,5184
Purple,snipe,wall,Red,nuke,speed,16,16,0,0,0,0,8279
Purple,snipe,wall,Red,nuke,wall,16,16,0,0,0,0,8469
Purple,snipe,wall,Red,firebomb,heal,16,16,0,0,0,0,9283
Purple,snipe,wall,Red,firebomb,reinforcements,16,0,0,0,0,16,8577
Purple,snipe,wall,Red,firebomb,speed,16,0,0,0,0,16,10825
Purple,snipe,wall,Red,firebomb,wall,16,16,0,0,0,0,8983
Purple,snipe,wall,Red,snipe,heal,16,0,0,0,0,16,9092
Purple,snipe,wall,Red,snipe,reinforcements,16,0,0,0,0,16,6037
Purple,snipe,wall,Red,snipe,speed,16,0,0,0,0,16,8227
Purple,snipe,wall,Red,snipe,wall,16,0,0,0,0,16,7497
Purple,snipe,wall,Red,freeze,heal,16,16,0,0,0,0,9126
Purple,snipe,wall,Red,freeze,reinforcements,16,0,0,0,0,16,7057
Purple,snipe,wall,Red,freeze,speed,16,0,0,0,0,16,10727
Purple,snipe,wall,Red,freeze,wall,16,16,0,0,0,0,9341
Purple,snipe,wall,White,nuke,heal,16,16,0,0,0,0,7670
Purple,snipe,wall,White,nuke,reinforcements,16,16,0,0,0,0,5170
Purple,snipe,wall,White,nuke,speed,16,16,0,0,0,0,8178
Purple,snipe,wall,White,nuke,wall,16,16,0,0,0,0,7689
Purple,snipe,wall,White,firebomb,heal,16,16,0,0,0,0,7743
Purple,snipe,wall,White,firebomb,reinforcements,16,16,0,0,0,0,4637
Purple,snipe,wall,White,firebomb,speed,16,16,0,0,0,0,8203
Purple,snipe,wall,White,firebomb,wall,16,16,0,0,0,0,7648
Purple,snipe,wall,White,snipe,heal,16,16,0,0,0,0,8144
Purple,snipe,wall,White,snipe,reinforcements,16,16,0,0,0,0,5307
Purple,snipe,wall,White,snipe,speed,16,16,0,0,0,0,9287
Purple,snipe,wall,White,snipe,wall,16,16,0,0,0,0,8200
Purple,snipe,wall,White,freeze,heal,16,16,0,0,0,0,7636
Purple,snipe,wall,White,freeze,reinforcements,16,16,0,0,0,0,4592
Purple,snipe,wall,White,freeze,speed,16,16,0,0,0,0,8181
Purple,snipe,wall,White,freeze,wall,16,16,0,0,0,0,7662
Purple,snipe,wall,Yellow,nuke,heal,16,16,0,0,0,0,8448
Purple,snipe,wall,Yellow,nuke,reinforcements,16,16,0,0,0,0,9491
Purple,snipe,wall,Yellow,nuke,speed,16,16,0,0,0,0,9106
Purple,snipe,wall,Yellow,nuke,wall,16,16,0,0,0,0,8670
Purple,snipe,wall,Yellow,firebomb,heal,16,16,0,0,0,0,8433
Purple,snipe,wall,Yellow,firebomb,reinforcements,16,16,0,0,0,0,7496
Purple,snipe,wall,Yellow,firebomb,speed,16,16,0,0,0,0,9401
Purple,snipe,wall,Yellow,firebomb,wall,16,16,0,0,0,0,8404
Purple,snipe,wall,Yellow,snipe,heal,16,0,0,0,0,16,10823
Purple,snipe,wall,Yellow,snipe,reinforcements,16,0,0,0,0,16,6640
Purple,snipe,wall,Yellow,snipe,speed,16,0,0,0,0,16,8117
Purple,snipe,wall,Yellow,snipe,wall,16,16,0,0,0,0,9529
Purple,snipe,wall,Yellow,freeze,heal,16,16,0,0,0,0,8455
Purple,snipe,wall,Yellow,freeze,reinforcements,16,16,0,0,0,0,6677
Purple,snipe,wall,Yellow,freeze,speed,16,16,0,0,0,0,10820
Purple,snipe,wall,Yellow,freeze,wall,16,16,0,0,0,0,8358
Purple,freeze,heal,Black,nuke,heal,16,16,0,0,0,0,8483
Purple,freeze,heal,Black,nuke,reinforcements,16,16,0,0,0,0,7157
Purple,freeze,heal,Black,nuke,speed,16,0,0,0,0,16,9156
Purple,freeze,heal,Black,nuke,wall,16,16,0,0,0,0,8640
Purple,freeze,heal,Black,firebomb,heal,16,16,0,0,0,0,8417
Purple,freeze,heal,Black,firebomb,reinforcements,16,16,0,0,0,0,7346
Purple,freeze,heal,Black,firebomb,speed,16,0,0,0,0,16,10424
Purple,freeze,heal,Black,firebomb,wall,16,16,0,0,0,0,8567
Purple,freeze,heal,Black,snipe,heal,16,0,0,0,0,16,9294
Purple,freeze,heal,Black,snipe,reinforcements,16,0,0,0,0,16,6976
Purple,freeze,heal,Black,snipe,speed,16,0,0,0,0,16,8877
Purple,freeze,heal,Black,snipe,wall,16,0,0,0,0,16,9191
Purple,freeze,heal,Black,freeze,heal,16,16,0,0,0,0,8555
Purple,freeze,heal,Black,freeze,reinforcements,16,16,0,0,0,0,10223
Purple,freeze,heal,Black,freeze,speed,16,0,0,0,0,16,9283
Purple,freeze,heal,Black,freeze,wall,16,16,0,0,0,0,8699
Purple,freeze,heal,Blue,nuke,heal,16,16,0,0,0,0,8656
Purple,freeze,heal,Blue,nuke,reinforcements,16,16,0,0,0,0,7586
Purple,freeze,heal,Blue,nuke,speed,16,16,0,0,0,0,9204
Purple,freeze,heal,Blue,nuke,wall,16,16,0,0,0,0,8574
Purple,freeze,heal,Blue,firebomb,heal,16,16,0,0,0,0,8873
Purple,freeze,heal,Blue,firebomb,reinforcements,16,0,0,0,0,16,9228
Purple,freeze,heal,Blue,firebomb,speed,16,0,0,0,0,16,9679
Purple,freeze,heal,Blue,firebomb,wall,16,16,0,0,0,0,8450
Purple,freeze,heal,Blue,snipe,heal,16,16,0,0,0,0,9287
Purple,freeze,heal,Blue,snipe,reinforcements,16,0,0,0,0,16,6362
Purple,freeze,heal,Blue,snipe,speed,16,16,0,0,0,0,11099
Purple,freeze,heal,Blue,snipe,wall,16,16,0,0,0,0,9647
Purple,freeze,heal,Blue,freeze,heal,16,16,0,0,0,0,8559
Purple,freeze,heal,Blue,freeze,reinforcements,16,0,0,0,0,16,10642
Purple,freeze,heal,Blue,freeze,speed,16,16,0,0,0,0,9973
Purple,freeze,heal,Blue,freeze,wall,16,16,0,0,0,0,8427
Purple,freeze,heal,Green,nuke,heal,16,16,0,0,0,0,7834
Purple,freeze,heal,Green,nuke,reinforcements,16,0,0,0,0,16,5427
Purple,freeze,heal,Green,nuke,speed,16,0,0,0,0,16,6145
Purple,freeze,heal,Green,nuke,wall,16,16,0,0,0,0,7854
Purple,freeze,heal,Green,firebomb,heal,16,0,0,0,0,16,9104
Purple,freeze,heal,Green,firebomb,reinforcements,16,0,0,0,0,16,8545
Purple,freeze,heal,Green,firebomb,speed,16,0,0,0,0,16,8374
Purple,freeze,heal,Green,firebomb,wall,16,0,0,0,0,16,8809
Purple,freeze,heal,Green,snipe,heal,16,0,0,0,0,16,8455
Purple,freeze,heal,Green,snipe,reinforcements,16,0,0,0,0,16,5046
Purple,freeze,heal,Green,snipe,speed,16,0,0,0,0,16,5794
Purple,freeze,heal,Green,snipe,wall,16,0,0,0,0,16,8822
Purple,freeze,heal,Green,freeze,heal,16,0,0,0,0,16,8903
Purple,freeze,heal,Green,freeze,reinforcements,16,0,0,0,0,16,7134
Purple,freeze,heal,Green,freeze,speed,16,0,0,0,0,16,9534
Purple,freeze,heal,Green,freeze,wall,16,0,0,0,0,16,9130
Purple,freeze,heal,Orange,nuke,heal,16,13,0,0,0,3,9162
Purple,freeze,heal,Orange,nuke,reinforcements,16,16,0,0,0,0,6559
Purple,freeze,heal,Orange,nuke,speed,16,6,0,0,0,10,9585
Purple,freeze,heal,Orange,nuke,wall,16,14,0,0,0,2,8631
Purple,freeze,heal,Orange,firebomb,heal,16,14,0,0,0,2,9337
Purple,freeze,heal,Orange,firebomb,reinforcements,16,16,0,0,0,0,6396
Purple,freeze,heal,Orange,firebomb,speed,16,4,0,0,0,12,10021
Purple,freeze,heal,Orange,firebomb,wall,16,15,0,0,0,1,9006
Purple,freeze,heal,Orange,snipe,heal,16,2,0,0,0,14,10459
Purple,freeze,heal,Orange,snipe,reinforcements,16,16,0,0,0,0,6558
Purple,freeze,heal,Orange,snipe,speed,16,1,0,0,0,15,10119
Purple,freeze,heal,Orange,snipe,wall,16,11,0,0,0,5,10836
Purple,freeze,heal,Orange,freeze,heal,16,15,0,0,0,1,9152
Purple,freeze,heal,Orange,freeze,reinforcements,16,15,0,0,0,1,9116
Purple,freeze,heal,Orange,freeze,speed,16,7,0,0,3,6,12279
Purple,freeze,heal,Orange,freeze,wall,16,16,0,0,0,0,8906
Purple,freeze,heal,Purple,nuke,heal,16,5,0,0,0,11,9986
Purple,freeze,heal,Purple,nuke,reinforcements,16,16,0,0,0,0,6860
Purple,freeze,heal,Purple,nuke,speed,16,0,0,0,0,16,9477
Purple,freeze,heal,Purple,nuke,wall,16,0,0,0,0,16,9362
Purple,freeze,heal,Purple,firebomb,heal,16,0,0,0,0,16,9378
Purple,freeze,heal,Purple,firebomb,reinforcements,16,16,0,0,0,0,6772
Purple,freeze,heal,Purple,firebomb,speed,16,0,0,0,0,16,9248
Purple,freeze,heal,Purple,firebomb,wall,16,0,0,0,0,16,9475
Purple,freeze,heal,Purple,snipe,heal,16,0,0,0,0,16,9676
Purple,freeze,heal,Purple,snipe,reinforcements,16,16,0,0,0,0,6842
Purple,freeze,heal,Purple,snipe,speed,16,0,0,0,0,16,8017
Purple,freeze,heal,Purple,snipe,wall,16,0,0,0,0,16,9280
Purple,freeze,heal,Purple,freeze,heal,16,13,0,0,0,3,9451
Purple,freeze,heal,Purple,freeze,reinforcements,16,0,0,0,0,16,7937
Purple,freeze,heal,Purple,freeze,speed,16,0,0,0,0,16,11942
Purple,freeze,heal,Purple,freeze,wall,16,3,0,0,0,13,9601
Purple,freeze,heal,Red,nuke,heal,16,0,0,0,0,16,9108
Purple,freeze,heal,Red,nuke,reinforcements,16,0,0,0,0,16,7897
Purple,freeze,heal,Red,nuke,speed,16,16,0,0,0,0,6939
Purple,freeze,heal,Red,nuke,wall,16,0,0,0,0,16,8537
Purple,freeze,heal,Red,firebomb,heal,16,16,0,0,0,0,9730
Purple,freeze,heal,Red,firebomb,reinforcements,16,0,0,0,0,16,8457
Purple,freeze,heal,Red,firebomb,speed,16,0,0,0,0,16,10872
Purple,freeze,heal,Red,firebomb,wall,16,16,0,0,0,0,11173
Purple,freeze,heal,Red,snipe,heal,16,0,0,0,0,16,8772
Purple,freeze,heal,Red,snipe,reinforcements,16,0,0,0,0,16,6960
Purple,freeze,heal,Red,snipe,speed,16,0,0,0,0,16,6804
Purple,freeze,heal,Red,snipe,wall,16,0,0,0,0,16,7680
Purple,freeze,heal,Red,freeze,heal,16,0,0,0,0,16,10633
Purple,freeze,heal,Red,freeze,reinforcements,16,0,0,0,0,16,6126
Purple,freeze,heal,Red,freeze,speed,16,0,0,0,0,16,8292
Purple,freeze,heal,Red,freeze,wall,16,0,0,0,0,16,8608
Purple,freeze,heal,White,nuke,heal,16,16,0,0,0,0,7712
Purple,freeze,heal,White,nuke,reinforcements,16,16,0,0,0,0,4308
Purple,freeze,heal,White,nuke,speed,16,16,0,0,0,0,8438
Purple,freeze,heal,White,nuke,wall,16,16,0,0,0,0,7647
Purple,freeze,heal,White,firebomb,heal,16,16,0,0,0,0,7675
Purple,freeze,heal,White,firebomb,reinforcements,16,16,0,0,0,0,5283
Purple,freeze,heal,White,firebomb,speed,16,16,0,0,0,0,8254
Purple,freeze,heal,White,firebomb,wall,16,16,0,0,0,0,7901
Purple,freeze,heal,White,snipe,heal,16,16,0,0,0,0,8618
Purple,freeze,heal,White,snipe,reinforcements,16,16,0,0,0,0,5427
Purple,freeze,heal,White,snipe,speed,16,0,0,0,0,16,9947
Purple,freeze,heal,White,snipe,wall,16,16,0,0,0,0,7962
Purple,freeze,heal,White,freeze,heal,16,16,0,0,0,0,6775
Purple,freeze,heal,White,freeze,reinforcements,16,16,0,0,0,0,5275
Purple,freeze,heal,White,freeze,speed,16,16,0,0,0,0,8209
Purple,freeze,heal,White,freeze,wall,16,16,0,0,0,0,7679
Purple,freeze,heal,Yellow,nuke,heal,16,16,0,0,0,0,8709
Purple,freeze,heal,Yellow,nuke,reinforcements,16,16,0,0,0,0,9826
Purple,freeze,heal,Yellow,nuke,speed,16,0,0,0,0,16,9201
Purple,freeze,heal,Yellow,nuke,wall,16,16,0,0,0,0,8558
Purple,freeze,heal,Yellow,firebomb,heal,16,16,0,0,0,0,8410
Purple,freeze,heal,Yellow,firebomb,reinforcements,16,16,0,0,0,0,10270
Purple,freeze,heal,Yellow,firebomb,speed,16,16,0,0,0,0,9649
Purple,freeze,heal,Yellow,firebomb,wall,16,16,0,0,0,0,8353
Purple,freeze,heal,Yellow,snipe,heal,16,0,0,0,0,16,9105
Purple,freeze,heal,Yellow,snipe,reinforcements,16,0,0,0,0,16,10647
Purple,freeze,heal,Yellow,snipe,speed,16,0,0,0,0,16,8062
Purple,freeze,heal,Yellow,snipe,wall,16,0,0,0,0,16,9275
Purple,freeze,heal,Yellow,freeze,heal,16,16,0,0,0,0,8548
Purple,freeze,heal,Yellow,freeze,reinforcements,16,16,0,0,0,0,10063
Purple,freeze,heal,Yellow,freeze,speed,16,0,0,0,0,16,8867
Purple,freeze,heal,Yellow,freeze,wall,16,16,0,0,0,0,8516
Purple,freeze,reinforcements,Black,nuke,heal,16,16,0,0,0,0,4974
Purple,freeze,reinforcements,Black,nuke,reinforcements,16,16,0,0,0,0,11367
Purple,freeze,reinforcements,Black,nuke,speed,16,16,0,0,0,0,4414
Purple,freeze,reinforcements,Black,nuke,wall,16,0,0,0,0,16,7660
Purple,freeze,reinforcements,Black,firebomb,heal,16,16,0,0,0,0,9070
Purple,freeze,reinforcements,Black,firebomb,reinforcements,16,16,0,0,0,0,6586
Purple,freeze,reinforcements,Black,firebomb,speed,16,0,0,0,0,16,6617
Purple,freeze,reinforcements,Black,firebomb,wall,16,16,0,0,0,0,8655
Purple,freeze,reinforcements,Black,snipe,heal,16,0,0,0,0,16,9394
Purple,freeze,reinforcements,Black,snipe,reinforcements,16,16,0,0,0,0,6852
Purple,freeze,reinforcements,Black,snipe,speed,16,0,0,0,0,16,6345
Purple,freeze,reinforcements,Black,snipe,wall,16,0,0,0,0,16,9788
Purple,freeze,reinforcements,Black,freeze,heal,16,16,0,0,0,0,8830
Purple,freeze,reinforcements,Black,freeze,reinforcements,16,16,0,0,0,0,11747
Purple,freeze,reinforcements,Black,freeze,speed,16,0,0,0,0,16,9520
Purple,freeze,reinforcements,Black,freeze,wall,16,16,0,0,0,0,8231
Purple,freeze,reinforcements,Blue,nuke,heal,16,0,0,0,0,16,7422
Purple,freeze,reinforcements,Blue,nuke,reinforcements,16,0,0,0,0,16,5630
Purple,freeze,reinforcements,Blue,nuke,speed,16,16,0,0,0,0,4284
Purple,freeze,reinforcements,Blue,nuke,wall,16,16,0,0,0,0,4789
Purple,freeze,reinforcements,Blue,firebomb,heal,16,0,0,0,0,16,7087
Purple,freeze,reinforcements,Blue,firebomb,reinforcements,16,0,0,0,0,16,5733
Purple,freeze,reinforcements,Blue,firebomb,speed,16,0,0,0,0,16,6572
Purple,freeze,reinforcements,Blue,firebomb,wall,16,0,0,0,0,16,6438
Purple,freeze,reinforcements,Blue,snipe,heal,16,0,0,0,0,16,5576
Purple,freeze,reinforcements,Blue,snipe,reinforcements,16,0,0,0,0,16,5517
Purple,freeze,reinforcements,Blue,snipe,speed,16,0,0,0,0,16,5071
Purple,freeze,reinforcements,Blue,snipe,wall,16,0,0,0,0,16,6136
Purple,freeze,reinforcements,Blue,freeze,heal,16,0,0,0,0,16,8300
Purple,freeze,reinforcements,Blue,freeze,reinforcements,16,0,0,0,0,16,5688
Purple,freeze,reinforcements,Blue,freeze,speed,16,0,0,0,0,16,8037
Purple,freeze,reinforcements,Blue,freeze,wall,16,0,0,0,0,16,3730
Purple,freeze,reinforcements,Green,nuke,heal,16,16,0,0,0,0,4474
Purple,freeze,reinforcements,Green,nuke,reinforcements,16,0,0,0,0,16,5299
Purple,freeze,reinforcements,Green,nuke,speed,16,16,0,0,0,0,4984
Purple,freeze,reinforcements,Green,nuke,wall,16,0,0,0,0,16,6098
Purple,freeze,reinforcements,Green,firebomb,heal,16,0,0,0,0,16,6082
Purple,freeze,reinforcements,Green,firebomb,reinforcements,16,0,0,0,0,16,6242
Purple,freeze,reinforcements,Green,firebomb,speed,16,0,0,0,0,16,6075
Purple,freeze,reinforcements,Green,firebomb,wall,16,0,0,0,0,16,6277
Purple,freeze,reinforcements,Green,snipe,heal,16,0,0,0,0,16,6292
Purple,freeze,reinforcements,Green,snipe,reinforcements,16,0,0,0,0,16,5035
Purple,freeze,reinforcements,Green,snipe,speed,16,0,0,0,0,16,6006
Purple,freeze,reinforcements,Green,snipe,wall,16,0,0,0,0,16,5153
Purple,freeze,reinforcements,Green,freeze,heal,16,0,0,0,0,16,6410
Purple,freeze,reinforcements,Green,freeze,reinforcements,16,0,0,0,0,16,6482
Purple,freeze,reinforcements,Green,freeze,speed,16,0,0,0,0,16,6540
Purple,freeze,reinforcements,Green,freeze,wall,16,0,0,0,0,16,5624
Purple,freeze,reinforcements,Orange,nuke,heal,16,16,0,0,0,0,4496
Purple,freeze,reinforcements,Orange,nuke,reinforcements,16,3,0,0,0,13,6884
Purple,freeze,reinforcements,Orange,nuke,speed,16,16,0,0,0,0,5087
Purple,freeze,reinforcements,Orange,nuke,wall,16,13,1,0,2,0,8279
Purple,freeze,reinforcements,Orange,firebomb,heal,16,1,3,0,6,6,16629
Purple,freeze,reinforcements,Orange,firebomb,reinforcements,16,0,0,0,0,16,6699
Purple,freeze,reinforcements,Orange,firebomb,speed,16,0,0,0,0,16,7305
Purple,freeze,reinforcements,Orange,firebomb,wall,16,0,2,0,13,1,17879
Purple,freeze,reinforcements,Orange,snipe,heal,16,0,0,0,0,16,8239
Purple,freeze,reinforcements,Orange,snipe,reinforcements,16,0,0,0,0,16,5958
Purple,freeze,reinforcements,Orange,snipe,speed,16,0,0,0,0,16,6996
Purple,freeze,reinforcements,Orange,snipe,wall,16,0,0,0,0,16,9618
Purple,freeze,reinforcements,Orange,freeze,heal,16,7,3,0,4,2,14774
Purple,freeze,reinforcements,Orange,freeze,reinforcements,16,16,0,0,0,0,6572
Purple,freeze,reinforcements,Orange,freeze,speed,16,0,0,0,0,16,12076
Purple,freeze,reinforcements,Orange,freeze,wall,16,16,0,0,0,0,7282
Purple,freeze,reinforcements,Purple,nuke,heal,16,16,0,0,0,0,6437
Purple,freeze,reinforcements,Purple,nuke,reinforcements,16,0,16,0,0,0,18000
Purple,freeze,reinforcements,Purple,nuke,speed,16,16,0,0,0,0,4654
Purple,freeze,reinforcements,Purple,nuke,wall,16,16,0,0,0,0,7930
Purple,freeze,reinforcements,Purple,firebomb,heal,16,16,0,0,0,0,7497
Purple,freeze,reinforcements,Purple,firebomb,reinforcements,16,0,0,0,0,16,6802
Purple,freeze,reinforcements,Purple,firebomb,speed,16,0,0,0,0,16,6162
Purple,freeze,reinforcements,Purple,firebomb,wall,16,16,0,0,0,0,7752
Purple,freeze,reinforcements,Purple,snipe,heal,16,16,0,0,0,0,7960
Purple,freeze,reinforcements,Purple,snipe,reinforcements,16,16,0,0,0,0,6137
Purple,freeze,reinforcements,Purple,snipe,speed,16,0,0,0,0,16,6102
Purple,freeze,reinforcements,Purple,snipe,wall,16,16,0,0,0,0,9557
Purple,freeze,reinforcements,Purple,freeze,heal,16,16,0,0,0,0,8665
Purple,freeze,reinforcements,Purple,freeze,reinforcements,16,16,0,0,0,0,6725
Purple,freeze,reinforcements,Purple,freeze,speed,16,0,0,0,0,16,6292
Purple,freeze,reinforcements,Purple,freeze,wall,16,16,0,0,0,0,8552
Purple,freeze,reinforcements,Red,nuke,heal,16,16,0,0,0,0,4039
Purple,freeze,reinforcements,Red,nuke,reinforcements,16,0,0,0,0,16,5665
Purple,freeze,reinforcements,Red,nuke,speed,16,16,0,0,0,0,4144
Purple,freeze,reinforcements,Red,nuke,wall,16,16,0,0,0,0,5899
Purple,freeze,reinforcements,Red,firebomb,heal,16,0,0,0,0,16,6560
Purple,freeze,reinforcements,Red,firebomb,reinforcements,16,0,0,0,0,16,5372
Purple,freeze,reinforcements,Red,firebomb,speed,16,0,0,0,0,16,6172
Purple,freeze,reinforcements,Red,firebomb,wall,16,0,0,0,0,16,7542
Purple,freeze,reinforcements,Red,snipe,heal,16,0,0,0,0,16,6160
Purple,freeze,reinforcements,Red,snipe,reinforcements,16,0,0,0,0,16,5175
Purple,freeze,reinforcements,Red,snipe,speed,16,0,0,0,0,16,5201
Purple,freeze,reinforcements,Red,snipe,wall,16,0,0,0,0,16,7045
Purple,freeze,reinforcements,Red,freeze,heal,16,0,0,0,0,16,6427
Purple,freeze,reinforcements,Red,freeze,reinforcements,16,0,0,0,0,16,6377
Purple,freeze,reinforcements,Red,freeze,speed,16,0,0,0,0,16,6137
Purple,freeze,reinforcements,Red,freeze,wall,16,0,0,0,0,16,6561
Purple,freeze,reinforcements,White,nuke,heal,16,16,0,0,0,0,5814
Purple,freeze,reinforcements,White,nuke,reinforcements,16,16,0,0,0,0,5073
Purple,freeze,reinforcements,White,nuke,speed,16,16,0,0,0,0,4909
Purple,freeze,reinforcements,White,nuke,wall,16,16,0,0,0,0,7952
Purple,freeze,reinforcements,White,firebomb,heal,16,16,0,0,0,0,5086
Purple,freeze,reinforcements,White,firebomb,reinforcements,16,16,0,0,0,0,4735
Purple,freeze,reinforcements,White,firebomb,speed,16,16,0,0,0,0,7721
Purple,freeze,reinforcements,White,firebomb,wall,16,16,0,0,0,0,6832
Purple,freeze,reinforcements,White,snipe,heal,16,0,0,0,0,16,6969
Purple,freeze,reinforcements,White,snipe,reinforcements,16,16,0,0,0,0,4925
Purple,freeze,reinforcements,White,snipe,speed,16,0,0,0,0,16,7689
Purple,freeze,reinforcements,White,snipe,wall,16,0,0,0,0,16,8002
Purple,freeze,reinforcements,White,freeze,heal,16,16,0,0,0,0,8328
Purple,freeze,reinforcements,White,freeze,reinforcements,16,16,0,0,0,0,5057
Purple,freeze,reinforcements,White,freeze,speed,16,16,0,0,0,0,8928
Purple,freeze,reinforcements,White,freeze,wall,16,16,0,0,0,0,6977
Purple,freeze,reinforcements,Yellow,nuke,heal,16,16,0,0,0,0,4964
Purple,freeze,reinforcements,Yellow,nuke,reinforcements,16,0,0,0,0,16,6782
Purple,freeze,reinforcements,Yellow,nuke,speed,16,16,0,0,0,0,5074
Purple,freeze,reinforcements,Yellow,nuke,wall,16,16,0,0,0,0,7243
Purple,freeze,reinforcements,Yellow,firebomb,heal,16,16,0,0,0,0,8427
Purple,freeze,reinforcements,Yellow,firebomb,reinforcements,16,16,0,0,0,0,8264
Purple,freeze,reinforcements,Yellow,firebomb,speed,16,0,0,0,0,16,6302
Purple,freeze,reinforcements,Yellow,firebomb,wall,16,16,0,0,0,0,7227
Purple,freeze,reinforcements,Yellow,snipe,heal,16,0,0,0,0,16,5287
Purple,freeze,reinforcements,Yellow,snipe,reinforcements,16,16,0,0,0,0,12891
Purple,freeze,reinforcements,Yellow,snipe,speed,16,0,0,0,0,16,5160
Purple,freeze,reinforcements,Yellow,snipe,wall,16,0,0,0,0,16,8232
Purple,freeze,reinforcements,Yellow,freeze,heal,16,0,0,0,0,16,7307
Purple,freeze,reinforcements,Yellow,freeze,reinforcements,16,16,0,0,0,0,12389
Purple,freeze,reinforcements,Yellow,freeze,speed,16,0,0,0,0,16,6345
Purple,freeze,reinforcements,Yellow,freeze,wall,16,16,0,0,0,0,7317
Purple,freeze,speed,Black,nuke,heal,16,16,0,0,0,0,8308
Purple,freeze,speed,Black,nuke,reinforcements,16,16,0,0,0,0,6003
Purple,freeze,speed,Black,nuke,speed,16,16,0,0,0,0,6184
Purple,freeze,speed,Black,nuke,wall,16,16,0,0,0,0,8362
Purple,freeze,speed,Black,firebomb,heal,16,16,0,0,0,0,8437
Purple,freeze,speed,Black,firebomb,reinforcements,16,16,0,0,0,0,6237
Purple,freeze,speed,Black,firebomb,speed,16,16,0,0,0,0,9616
Purple,freeze,speed,Black,firebomb,wall,16,16,0,0,0,0,8404
Purple,freeze,speed,Black,snipe,heal,16,16,0,0,0,0,8161
Purple,freeze,speed,Black,snipe,reinforcements,16,16,0,0,0,0,6277
Purple,freeze,speed,Black,snipe,speed,16,0,0,0,0,16,15356
Purple,freeze,speed,Black,snipe,wall,16,16,0,0,0,0,9066
Purple,freeze,speed,Black,freeze,heal,16,16,0,0,0,0,8591
Purple,freeze,speed,Black,freeze,reinforcements,16,16,0,0,0,0,6056
Purple,freeze,speed,Black,freeze,speed,16,16,0,0,0,0,9366
Purple,freeze,speed,Black,freeze,wall,16,16,0,0,0,0,8347
Purple,freeze,speed,Blue,nuke,heal,16,16,0,0,0,0,9093
Purple,freeze,speed,Blue,nuke,reinforcements,16,16,0,0,0,0,7399
Purple,freeze,speed,Blue,nuke,speed,16,16,0,0,0,0,9349
Purple,freeze,speed,Blue,nuke,wall,16,16,0,0,0,0,8561
Purple,freeze,speed,Blue,firebomb,heal,16,16,0,0,0,0,8686
Purple,freeze,speed,Blue,firebomb,reinforcements,16,16,0,0,0,0,7247
Purple,freeze,speed,Blue,firebomb,speed,16,16,0,0,0,0,9394
Purple,freeze,speed,Blue,firebomb,wall,16,16,0,0,0,0,8539
Purple,freeze,speed,Blue,snipe,heal,16,16,0,0,0,0,9410
Purple,freeze,speed,Blue,snipe,reinforcements,16,16,0,0,0,0,6716
Purple,freeze,speed,Blue,snipe,speed,16,16,0,0,0,0,12047
Purple,freeze,speed,Blue,snipe,wall,16,16,0,0,0,0,9943
Purple,freeze,speed,Blue,freeze,heal,16,16,0,0,0,0,8665
Purple,freeze,speed,Blue,freeze,reinforcements,16,16,0,0,0,0,7371
Purple,freeze,speed,Blue,freeze,speed,16,0,0,0,0,16,9410
Purple,freeze,speed,Blue,freeze,wall,16,16,0,0,0,0,8537
Purple,freeze,speed,Green,nuke,heal,16,16,0,0,0,0,9239
Purple,freeze,speed,Green,nuke,reinforcements,16,16,0,0,0,0,14893
Purple,freeze,speed,Green,nuke,speed,16,0,0,0,0,16,8637
Purple,freeze,speed,Green,nuke,wall,16,0,0,0,0,16,9917
Purple,freeze,speed,Green,firebomb,heal,16,16,0,0,0,0,10039
Purple,freeze,speed,Green,firebomb,reinforcements,16,16,0,0,0,0,9171
Purple,freeze,speed,Green,firebomb,speed,16,0,0,0,0,16,8389
Purple,freeze,speed,Green,firebomb,wall,16,9,0,0,0,7,11320
Purple,freeze,speed,Green,snipe,heal,16,0,0,0,0,16,10464
Purple,freeze,speed,Green,snipe,reinforcements,16,16,0,0,0,0,8595
Purple,freeze,speed,Green,snipe,speed,16,0,0,0,0,16,8174
Purple,freeze,speed,Green,snipe,wall,16,0,0,0,0,16,7925
Purple,freeze,speed,Green,freeze,heal,16,16,0,0,0,0,6066
Purple,freeze,speed,Green,freeze,reinforcements,16,0,0,0,0,16,7340
Purple,freeze,speed,Green,freeze,speed,16,0,0,0,0,16,9677
Purple,freeze,speed,Green,freeze,wall,16,0,0,0,0,16,11317
Purple,freeze,speed,Orange,nuke,heal,16,8,0,0,0,8,8244
Purple,freeze,speed,Orange,nuke,reinforcements,16,16,0,0,0,0,6314
Purple,freeze,speed,Orange,nuke,speed,16,14,0,0,1,1,8612
Purple,freeze,speed,Orange,nuke,wall,16,15,0,0,0,1,8922
Purple,freeze,speed,Orange,firebomb,heal,16,14,0,1,0,1,9330
Purple,freeze,speed,Orange,firebomb,reinforcements,16,16,0,0,0,0,6262
Purple,freeze,speed,Orange,firebomb,speed,16,13,2,0,0,1,12116
Purple,freeze,speed,Orange,firebomb,wall,16,16,0,0,0,0,9211
Purple,freeze,speed,Orange,snipe,heal,16,15,0,0,0,1,9565
Purple,freeze,speed,Orange,snipe,reinforcements,16,16,0,0,0,0,6274
Purple,freeze,speed,Orange,snipe,speed,16,2,5,0,1,8,14771
Purple,freeze,speed,Orange,snipe,wall,16,13,1,0,2,0,12641
Purple,freeze,speed,Orange,freeze,heal,16,5,0,0,0,11,7737
Purple,freeze,speed,Orange,freeze,reinforcements,16,16,0,0,0,0,7504
Purple,freeze,speed,Orange,freeze,speed,16,13,0,0,1,2,10502
Purple,freeze,speed,Orange,freeze,wall,16,16,0,0,0,0,9006
Purple,freeze,speed,Purple,nuke,heal,16,0,0,0,0,16,12178
Purple,freeze,speed,Purple,nuke,reinforcements,16,16,0,0,0,0,6122
Purple,freeze,speed,Purple,nuke,speed,16,0,0,0,0,16,7257
Purple,freeze,speed,Purple,nuke,wall,16,16,0,0,0,0,9566
Purple,freeze,speed,Purple,firebomb,heal,16,16,0,0,0,0,9720
Purple,freeze,speed,Purple,firebomb,reinforcements,16,16,0,0,0,0,6065
Purple,freeze,speed,Purple,firebomb,speed,16,0,0,0,0,16,11953
Purple,freeze,speed,Purple,firebomb,wall,16,16,0,0,0,0,9595
Purple,freeze,speed,Purple,snipe,heal,16,16,0,0,0,0,11662
Purple,freeze,speed,Purple,snipe,reinforcements,16,16,0,0,0,0,6010
Purple,freeze,speed,Purple,snipe,speed,16,0,0,0,0,16,6996
Purple,freeze,speed,Purple,snipe,wall,16,16,0,0,0,0,12210
Purple,freeze,speed,Purple,freeze,heal,16,16,0,0,0,0,10366
Purple,freeze,speed,Purple,freeze,reinforcements,16,16,0,0,0,0,6567
Purple,freeze,speed,Purple,freeze,speed,16,16,0,0,0,0,9409
Purple,freeze,speed,Purple,freeze,wall,16,16,0,0,0,0,9267
Purple,freeze,speed,Red,nuke,heal,16,16,0,0,0,0,6849
Purple,freeze,speed,Red,nuke,reinforcements,16,0,0,0,0,16,5984
Purple,freeze,speed,Red,nuke,speed,16,0,0,0,0,16,6348
Purple,freeze,speed,Red,nuke,wall,16,16,0,0,0,0,10005
Purple,freeze,speed,Red,firebomb,heal,16,16,0,0,0,0,9031
Purple,freeze,speed,Red,firebomb,reinforcements,16,0,0,0,0,16,10118
Purple,freeze,speed,Red,firebomb,speed,16,0,0,0,0,16,15161
Purple,freeze,speed,Red,firebomb,wall,16,16,0,0,0,0,10448
Purple,freeze,speed,Red,snipe,heal,16,0,0,0,0,16,5514
Purple,freeze,speed,Red,snipe,reinforcements,16,0,0,0,0,16,7104
Purple,freeze,speed,Red,snipe,speed,16,0,0,0,0,16,9039
Purple,freeze,speed,Red,snipe,wall,16,0,0,0,0,16,6569
Purple,freeze,speed,Red,freeze,heal,16,16,0,0,0,0,9544
Purple,freeze,speed,Red,freeze,reinforcements,16,0,0,0,0,16,8485
Purple,freeze,speed,Red,freeze,speed,16,0,0,0,0,16,8284
Purple,freeze,speed,Red,freeze,wall,16,16,0,0,0,0,9304
Purple,freeze,speed,White,nuke,heal,16,16,0,0,0,0,7724
Purple,freeze,speed,White,nuke,reinforcements,16,16,0,0,0,0,4353
Purple,freeze,speed,White,nuke,speed,16,16,0,0,0,0,8258
Purple,freeze,speed,White,nuke,wall,16,16,0,0,0,0,7775
Purple,freeze,speed,White,firebomb,heal,16,16,0,0,0,0,7664
Purple,freeze,speed,White,firebomb,reinforcements,16,16,0,0,0,0,4563
Purple,freeze,speed,White,firebomb,speed,16,16,0,0,0,0,8254
Purple,freeze,speed,White,firebomb,wall,16,16,0,0,0,0,7548
Purple,freeze,speed,White,snipe,heal,16,16,0,0,0,0,7819
Purple,freeze,speed,White,snipe,reinforcements,16,16,0,0,0,0,4253
Purple,freeze,speed,White,snipe,speed,16,16,0,0,0,0,8692
Purple,freeze,speed,White,snipe,wall,16,16,0,0,0,0,8059
Purple,freeze,speed,White,freeze,heal,16,16,0,0,0,0,7658
Purple,freeze,speed,White,freeze,reinforcements,16,16,0,0,0,0,4704
Purple,freeze,speed,White,freeze,speed,16,16,0,0,0,0,8060
Purple,freeze,speed,White,freeze,wall,16,16,0,0,0,0,7577
Purple,freeze,speed,Yellow,nuke,heal,16,16,0,0,0,0,8382
Purple,freeze,speed,Yellow,nuke,reinforcements,16,16,0,0,0,0,6101
Purple,freeze,speed,Yellow,nuke,speed,16,16,0,0,0,0,9113
Purple,freeze,speed,Yellow,nuke,wall,16,16,0,0,0,0,8335
Purple,freeze,speed,Yellow,firebomb,heal,16,16,0,0,0,0,8585
Purple,freeze,speed,Yellow,firebomb,reinforcements,16,16,0,0,0,0,5951
Purple,freeze,speed,Yellow,firebomb,speed,16,16,0,0,0,0,9290
Purple,freeze,speed,Yellow,firebomb,wall,16,16,0,0,0,0,8292
Purple,freeze,speed,Yellow,snipe,heal,16,16,0,0,0,0,9771
Purple,freeze,speed,Yellow,snipe,reinforcements,16,16,0,0,0,0,6107
Purple,freeze,speed,Yellow,snipe,speed,16,0,0,0,0,16,8501
Purple,freeze,speed,Yellow,snipe,wall,16,16,0,0,0,0,8936
Purple,freeze,speed,Yellow,freeze,heal,16,16,0,0,0,0,8355
Purple,freeze,speed,Yellow,freeze,reinforcements,16,16,0,0,0,0,6387
Purple,freeze,speed,Yellow,freeze,speed,16,16,0,0,0,0,9903
Purple,freeze,speed,Yellow,freeze,wall,16,16,0,0,0,0,8252
Purple,freeze,wall,Black,nuke,heal,16,16,0,0,0,0,8369
Purple,freeze,wall,Black,nuke,reinforcements,16,13,0,1,0,2,10631
Purple,freeze,wall,Black,nuke,speed,16,10,0,0,0,6,9274
Purple,freeze,wall,Black,nuke,wall,16,16,0,0,0,0,7894
Purple,freeze,wall,Black,firebomb,heal,16,16,0,0,0,0,8786
Purple,freeze,wall,Black,firebomb,reinforcements,16,0,0,0,0,16,13248
Purple,freeze,wall,Black,firebomb,speed,16,4,0,0,0,12,9457
Purple,freeze,wall,Black,firebomb,wall,16,16,0,0,0,0,8819
Purple,freeze,wall,Black,snipe,heal,16,0,0,0,0,16,9172
Purple,freeze,wall,Black,snipe,reinforcements,16,0,0,0,0,16,7781
Purple,freeze,wall,Black,snipe,speed,16,0,0,0,0,16,8635
Purple,freeze,wall,Black,snipe,wall,16,16,0,0,0,0,9628
Purple,freeze,wall,Black,freeze,heal,16,16,0,0,0,0,8726
Purple,freeze,wall,Black,freeze,reinforcements,16,16,0,0,0,0,11466
Purple,freeze,wall,Black,freeze,speed,16,16,0,0,0,0,9674
Purple,freeze,wall,Black,freeze,wall,16,16,0,0,0,0,8672
Purple,freeze,wall,Blue,nuke,heal,16,16,0,0,0,0,8581
Purple,freeze,wall,Blue,nuke,reinforcements,16,16,0,0,0,0,5269
Purple,freeze,wall,Blue,nuke,speed,16,16,0,0,0,0,5449
Purple,freeze,wall,Blue,nuke,wall,16,16,0,0,0,0,8521
Purple,freeze,wall,Blue,firebomb,heal,16,16,0,0,0,0,8833
Purple,freeze,wall,Blue,firebomb,reinforcements,16,0,0,0,0,16,9367
Purple,freeze,wall,Blue,firebomb,speed,16,16,0,0,0,0,9332
Purple,freeze,wall,Blue,firebomb,wall,16,16,0,0,0,0,8668
Purple,freeze,wall,Blue,snipe,heal,16,16,0,0,0,0,9507
Purple,freeze,wall,Blue,snipe,reinforcements,16,0,0,0,0,16,6617
Purple,freeze,wall,Blue,snipe,speed,16,0,0,0,0,16,10612
Purple,freeze,wall,Blue,snipe,wall,16,16,0,0,0,0,9464
Purple,freeze,wall,Blue,freeze,heal,16,16,0,0,0,0,8527
Purple,freeze,wall,Blue,freeze,reinforcements,16,0,0,0,0,16,9792
Purple,freeze,wall,Blue,freeze,speed,16,16,0,0,0,0,9222
Purple,freeze,wall,Blue,freeze,wall,16,16,0,0,0,0,8516
Purple,freeze,wall,Green,nuke,heal,16,16,0,0,0,0,7244
Purple,freeze,wall,Green,nuke,reinforcements,16,0,0,0,0,16,6282
Purple,freeze,wall,Green,nuke,speed,16,16,0,0,0,0,6204
Purple,freeze,wall,Green,nuke,wall,16,0,0,0,0,16,8036
Purple,freeze,wall,Green,firebomb,heal,16,0,0,0,0,16,9172
Purple,freeze,wall,Green,firebomb,reinforcements,16,0,0,0,0,16,8650
Purple,freeze,wall,Green,firebomb,speed,16,0,0,0,0,16,7979
Purple,freeze,wall,Green,firebomb,wall,16,0,0,0,0,16,9329
Purple,freeze,wall,Green,snipe,heal,16,0,0,0,0,16,8765
Purple,freeze,wall,Green,snipe,reinforcements,16,0,0,0,0,16,5897
Purple,freeze,wall,Green,snipe,speed,16,0,0,0,0,16,8554
Purple,freeze,wall,Green,snipe,wall,16,0,0,0,0,16,9199
Purple,freeze,wall,Green,freeze,heal,16,0,0,0,0,16,9171
Purple,freeze,wall,Green,freeze,reinforcements,16,0,0,0,0,16,7227
Purple,freeze,wall,Green,freeze,speed,16,0,0,0,0,16,8360
Purple,freeze,wall,Green,freeze,wall,16,0,0,0,0,16,9078
Purple,freeze,wall,Orange,nuke,heal,16,6,0,0,0,10,9348
Purple,freeze,wall,Orange,nuke,reinforcements,16,16,0,0,0,0,6820
Purple,freeze,wall,Orange,nuke,speed,16,6,0,0,0,10,8387
Purple,freeze,wall,Orange,nuke,wall,16,12,0,0,0,4,8472
Purple,freeze,wall,Orange,firebomb,heal,16,16,0,0,0,0,9177
Purple,freeze,wall,Orange,firebomb,reinforcements,16,9,1,0,0,6,12225
Purple,freeze,wall,Orange,firebomb,speed,16,0,0,0,0,16,9692
Purple,freeze,wall,Orange,firebomb,wall,16,16,0,0,0,0,9103
Purple,freeze,wall,Orange,snipe,heal,16,1,0,0,0,15,9759
Purple,freeze,wall,Orange,snipe,reinforcements,16,16,0,0,0,0,6928
Purple,freeze,wall,Orange,snipe,speed,16,1,1,0,0,14,11417
Purple,freeze,wall,Orange,snipe,wall,16,0,0,0,0,16,9519
Purple,freeze,wall,Orange,freeze,heal,16,11,0,0,0,5,9048
Purple,freeze,wall,Orange,freeze,reinforcements,16,16,0,0,0,0,7095
Purple,freeze,wall,Orange,freeze,speed,16,1,0,0,0,15,9584
Purple,freeze,wall,Orange,freeze,wall,16,13,0,0,0,3,8760
Purple,freeze,wall,Purple,nuke,heal,16,16,0,0,0,0,7409
Purple,freeze,wall,Purple,nuke,reinforcements,16,16,0,0,0,0,6072
Purple,freeze,wall,Purple,nuke,speed,16,16,0,0,0,0,6394
Purple,freeze,wall,Purple,nuke,wall,16,0,0,0,0,16,9302
Purple,freeze,wall,Purple,firebomb,heal,16,13,0,0,0,3,9890
Purple,freeze,wall,Purple,firebomb,reinforcements,16,16,0,0,0,0,6790
Purple,freeze,wall,Purple,firebomb,speed,16,0,0,0,0,16,10639
Purple,freeze,wall,Purple,firebomb,wall,16,16,0,0,0,0,9949
Purple,freeze,wall,Purple,snipe,heal,16,0,0,0,0,16,9834
Purple,freeze,wall,Purple,snipe,reinforcements,16,16,0,0,0,0,6675
Purple,freeze,wall,Purple,snipe,speed,16,0,0,0,0,16,8472
Purple,freeze,wall,Purple,snipe,wall,16,0,0,0,0,16,11212
Purple,freeze,wall,Purple,freeze,heal,16,16,0,0,0,0,10358
Purple,freeze,wall,Purple,freeze,reinforcements,16,0,0,0,0,16,9107
Purple,freeze,wall,Purple,freeze,speed,16,0,0,0,0,16,9310
Purple,freeze,wall,Purple,freeze,wall,16,16,0,0,0,0,10562
Purple,freeze,wall,Red,nuke,heal,16,16,0,0,0,0,8009
Purple,freeze,wall,Red,nuke,reinforcements,16,16,0,0,0,0,5439
Purple,freeze,wall,Red,nuke,speed,16,0,0,0,0,16,8735
Purple,freeze,wall,Red,nuke,wall,16,0,0,16,0,0,9649
Purple,freeze,wall,Red,firebomb,heal,16,16,0,0,0,0,9769
Purple,freeze,wall,Red,firebomb,reinforcements,16,0,0,0,0,16,8847
Purple,freeze,wall,Red,firebomb,speed,16,0,0,0,0,16,10867
Purple,freeze,wall,Red,firebomb,wall,16,16,0,0,0,0,9761
Purple,freeze,wall,Red,snipe,heal,16,0,0,0,0,16,8140
Purple,freeze,wall,Red,snipe,reinforcements,16,0,0,0,0,16,6392
Purple,freeze,wall,Red,snipe,speed,16,0,0,0,0,16,8762
Purple,freeze,wall,Red,snipe,wall,16,0,0,0,0,16,8115
Purple,freeze,wall,Red,freeze,heal,16,0,0,0,0,16,8214
Purple,freeze,wall,Red,freeze,reinforcements,16,0,0,0,0,16,5450
Purple,freeze,wall,Red,freeze,speed,16,0,0,0,0,16,7170
Purple,freeze,wall,Red,freeze,wall,16,0,0,0,0,16,9137
Purple,freeze,wall,White,nuke,heal,16,16,0,0,0,0,7697
Purple,freeze,wall,White,nuke,reinforcements,16,16,0,0,0,0,4738
Purple,freeze,wall,White,nuke,speed,16,16,0,0,0,0,8154
Purple,freeze,wall,White,nuke,wall,16,16,0,0,0,0,7811
Purple,freeze,wall,White,firebomb,heal,16,16,0,0,0,0,7797
Purple,freeze,wall,White,firebomb,reinforcements,16,16,0,0,0,0,5246
Purple,freeze,wall,White,firebomb,speed,16,16,0,0,0,0,8151
Purple,freeze,wall,White,firebomb,wall,16,16,0,0,0,0,7763
Purple,freeze,wall,White,snipe,heal,16,16,0,0,0,0,8274
Purple,freeze,wall,White,snipe,reinforcements,16,16,0,0,0,0,5263
Purple,freeze,wall,White,snipe,speed,16,16,0,0,0,0,9094
Purple,freeze,wall,White,snipe,wall,16,16,0,0,0,0,8328
Purple,freeze,wall,White,freeze,heal,16,16,0,0,0,0,8044
Purple,freeze,wall,White,freeze,reinforcements,16,16,0,0,0,0,5280
Purple,freeze,wall,White,freeze,speed,16,16,0,0,0,0,8236
Purple,freeze,wall,White,freeze,wall,16,16,0,0,0,0,7683
Purple,freeze,wall,Yellow,nuke,heal,16,16,0,0,0,0,7049
Purple,freeze,wall,Yellow,nuke,reinforcements,16,16,0,0,0,0,9668
Purple,freeze,wall,Yellow,nuke,speed,16,16,0,0,0,0,7864
Purple,freeze,wall,Yellow,nuke,wall,16,16,0,0,0,0,8465
Purple,freeze,wall,Yellow,firebomb,heal,16,16,0,0,0,0,8548
Purple,freeze,wall,Yellow,firebomb,reinforcements,16,2,0,0,0,14,11895
Purple,freeze,wall,Yellow,firebomb,speed,16,16,0,0,0,0,9166
Purple,freeze,wall,Yellow,firebomb,wall,16,16,0,0,0,0,8356
Purple,freeze,wall,Yellow,snipe,heal,16,0,0,0,0,16,9139
Purple,freeze,wall,Yellow,snipe,reinforcements,16,0,0,0,0,16,11163
Purple,freeze,wall,Yellow,snipe,speed,16,0,0,0,0,16,9062
Purple,freeze,wall,Yellow,snipe,wall,16,0,0,0,0,16,7927
Purple,freeze,wall,Yellow,freeze,heal,16,16,0,0,0,0,8728
Purple,freeze,wall,Yellow,freeze,reinforcements,16,16,0,0,0,0,10240
Purple,freeze,wall,Yellow,freeze,speed,16,12,0,0,0,4,9230
Purple,freeze,wall,Yellow,freeze,wall,16,0,0,0,0,16,7848
Red,nuke,heal,Black,nuke,heal,16,0,0,0,0,16,8635
Red,nuke,heal,Black,nuke,reinforcements,16,0,0,0,0,16,3359
Red,nuke,heal,Black,nuke,speed,16,0,0,0,0,16,9397
Red,nuke,heal,Black,nuke,wall,16,16,0,0,0,0,8518
Red,nuke,heal,Black,firebomb,heal,16,16,0,0,0,0,8910
Red,nuke,heal,Black,firebomb,reinforcements,16,0,0,0,0,16,3359
Red,nuke,heal,Black,firebomb,speed,16,16,0,0,0,0,7814
Red,nuke,heal,Black,firebomb,wall,16,16,0,0,0,0,8832
Red,nuke,heal,Black,snipe,heal,16,16,0,0,0,0,9229
Red,nuke,heal,Black,snipe,reinforcements,16,0,0,0,0,16,3359
Red,nuke,heal,Black,snipe,speed,16,0,0,0,0,16,7734
Red,nuke,heal,Black,snipe,wall,16,0,0,0,0,16,7541
Red,nuke,heal,Black,freeze,heal,16,16,0,0,0,0,8479
Red,nuke,heal,Black,freeze,reinforcements,16,0,0,0,0,16,3359
Red,nuke,heal,Black,freeze,speed,16,16,0,0,0,0,7964
Red,nuke,heal,Black,freeze,wall,16,16,0,0,0,0,8100
Red,nuke,heal,Blue,nuke,heal,16,16,0,0,0,0,8426
Red,nuke,heal,Blue,nuke,reinforcements,16,0,0,0,0,16,3359
Red,nuke,heal,Blue,nuke,speed,16,16,0,0,0,0,9250
Red,nuke,heal,Blue,nuke,wall,16,16,0,0,0,0,8571
Red,nuke,heal,Blue,firebomb,heal,16,16,0,0,0,0,8290
Red,nuke,heal,Blue,firebomb,reinforcements,16,0,0,0,0,16,3359
Red,nuke,heal,Blue,firebomb,speed,16,0,0,0,0,16,6319
Red,nuke,heal,Blue,firebomb,wall,16,0,0,0,0,16,6309
Red,nuke,heal,Blue,snipe,heal,16,16,0,0,0,0,9289
Red,nuke,heal,Blue,snipe,reinforcements,16,0,0,0,0,16,3359
Red,nuke,heal,Blue,snipe,speed,16,0,0,0,0,16,9610
Red,nuke,heal,Blue,snipe,wall,16,16,0,0,0,0,9264
Red,nuke,heal,Blue,freeze,heal,16,16,0,0,0,0,8375
Red,nuke,heal,Blue,freeze,reinforcements,16,0,0,0,0,16,3359
Red,nuke,heal,Blue,freeze,speed,16,0,0,0,0,16,7684
Red,nuke,heal,Blue,freeze,wall,16,16,0,0,0,0,8352
Red,nuke,heal,Green,nuke,heal,16,0,0,0,0,16,9105
Red,nuke,heal,Green,nuke,reinforcements,16,16,0,0,0,0,6534
Red,nuke,heal,Green,nuke,speed,16,0,0,0,0,16,6934
Red,nuke,heal,Green,nuke,wall,16,0,0,0,0,16,9386
Red,nuke,heal,Green,firebomb,heal,16,0,0,0,0,16,5649
Red,nuke,heal,Green,firebomb,reinforcements,16,16,0,0,0,0,6843
Red,nuke,heal,Green,firebomb,speed,16,0,0,0,0,16,8054
Red,nuke,heal,Green,firebomb,wall,16,0,0,0,0,16,5664
Red,nuke,heal,Green,snipe,heal,16,0,0,0,0,16,9200
Red,nuke,heal,Green,snipe,reinforcements,16,16,0,0,0,0,6555
Red,nuke,heal,Green,snipe,speed,16,0,0,0,0,16,7711
Red,nuke,heal,Green,snipe,wall,16,0,0,0,0,16,9253
Red,nuke,heal,Green,freeze,heal,16,0,0,0,0,16,9653
Red,nuke,heal,Green,freeze,reinforcements,16,0,0,0,0,16,7256
Red,nuke,heal,Green,freeze,speed,16,16,0,0,0,0,6097
Red,nuke,heal,Green,freeze,wall,16,0,0,0,0,16,6179
Red,nuke,heal,Orange,nuke,heal,16,15,0,0,0,1,8756
Red,nuke,heal,Orange,nuke,reinforcements,16,16,0,0,0,0,6146
Red,nuke,heal,Orange,nuke,speed,16,1,0,0,0,15,9642
Red,nuke,heal,Orange,nuke,wall,16,16,0,0,0,0,8760
Red,nuke,heal,Orange,firebomb,heal,16,7,0,0,0,9,7986
Red,nuke,heal,Orange,firebomb,reinforcements,16,0,0,0,0,16,3169
Red,nuke,heal,Orange,firebomb,speed,16,0,0,0,0,16,5690
Red,nuke,heal,Orange,firebomb,wall,16,1,0,0,0,15,7525
Red,nuke,heal,Orange,snipe,heal,16,9,0,0,0,7,9331
Red,nuke,heal,Orange,snipe,reinforcements,16,0,0,0,0,16,3169
Red,nuke,heal,Orange,snipe,speed,16,0,0,0,0,16,8596
Red,nuke,heal,Orange,snipe,wall,16,1,0,0,0,15,5675
Red,nuke,heal,Orange,freeze,heal,16,14,0,0,0,2,8298
Red,nuke,heal,Orange,freeze,reinforcements,16,0,0,0,0,16,3169
Red,nuke,heal,Orange,freeze,speed,16,12,0,0,0,4,9407
Red,nuke,heal,Orange,freeze,wall,16,11,0,1,0,4,7845
Red,nuke,heal,Purple,nuke,heal,16,16,0,0,0,0,8147
Red,nuke,heal,Purple,nuke,reinforcements,16,16,0,0,0,0,5877
Red,nuke,heal,Purple,nuke,speed,16,0,0,0,0,16,9562
Red,nuke,heal,Purple,nuke,wall,16,16,0,0,0,0,8467
Red,nuke,heal,Purple,firebomb,heal,16,0,0,0,0,16,7449
Red,nuke,heal,Purple,firebomb,reinforcements,16,0,0,0,0,16,4374
Red,nuke,heal,Purple,firebomb,speed,16,0,0,0,0,16,5339
Red,nuke,heal,Purple,firebomb,wall,16,0,0,0,0,16,8014
Red,nuke,heal,Purple,snipe,heal,16,0,0,0,0,16,9375
Red,nuke,heal,Purple,snipe,reinforcements,16,0,0,0,0,16,4224
Red,nuke,heal,Purple,snipe,speed,16,0,0,0,0,16,7956
Red,nuke,heal,Purple,snipe,wall,16,0,0,0,0,16,9825
Red,nuke,heal,Purple,freeze,heal,16,16,0,0,0,0,8528
Red,nuke,heal,Purple,freeze,reinforcements,16,0,0,0,0,16,4069
Red,nuke,heal,Purple,freeze,speed,16,0,0,0,0,16,9741
Red,nuke,heal,Purple,freeze,wall,16,0,0,0,0,16,7584
Red,nuke,heal,Red,nuke,heal,16,0,0,0,0,16,9332
Red,nuke,heal,Red,nuke,reinforcements,16,0,0,0,0,16,6192
Red,nuke,heal,Red,nuke,speed,16,0,0,0,0,16,4814
Red,nuke,heal,Red,nuke,wall,16,0,0,0,0,16,8618
Red,nuke,heal,Red,firebomb,heal,16,16,0,0,0,0,8413
Red,nuke,heal,Red,firebomb,reinforcements,16,0,0,0,0,16,7622
Red,nuke,heal,Red,firebomb,speed,16,0,0,0,0,16,8887
Red,nuke,heal,Red,firebomb,wall,16,16,0,0,0,0,8778
Red,nuke,heal,Red,snipe,heal,16,0,0,0,0,16,8350
Red,nuke,heal,Red,snipe,reinforcements,16,0,0,0,0,16,5996
Red,nuke,heal,Red,snipe,speed,16,0,0,0,0,16,7204
Red,nuke,heal,Red,snipe,wall,16,0,0,0,0,16,9526
Red,nuke,heal,Red,freeze,heal,16,0,0,0,0,16,10158
Red,nuke,heal,Red,freeze,reinforcements,16,0,0,0,0,16,6556
Red,nuke,heal,Red,freeze,speed,16,0,0,0,0,16,10184
Red,nuke,heal,Red,freeze,wall,16,16,0,0,0,0,9030
Red,nuke,heal,White,nuke,heal,16,16,0,0,0,0,6973
Red,nuke,heal,White,nuke,reinforcements,16,16,0,0,0,0,5262
Red,nuke,heal,White,nuke,speed,16,16,0,0,0,0,9720
Red,nuke,heal,White,nuke,wall,16,16,0,0,0,0,8284
Red,nuke,heal,White,firebomb,heal,16,16,0,0,0,0,7751
Red,nuke,heal,White,firebomb,reinforcements,16,0,0,0,0,16,3154
Red,nuke,heal,White,firebomb,speed,16,16,0,0,0,0,4800
Red,nuke,heal,White,firebomb,wall,16,16,0,0,0,0,6952
Red,nuke,heal,White,snipe,heal,16,16,0,0,0,0,9890
Red,nuke,heal,White,snipe,reinforcements,16,0,0,0,0,16,3154
Red,nuke,heal,White,snipe,speed,16,16,0,0,0,0,5059
Red,nuke,heal,White,snipe,wall,16,16,0,0,0,0,5084
Red,nuke,heal,White,freeze,heal,16,16,0,0,0,0,6594
Red,nuke,heal,White,freeze,reinforcements,16,0,0,0,0,16,3154
Red,nuke,heal,White,freeze,speed,16,16,0,0,0,0,5160
Red,nuke,heal,White,freeze,wall,16,16,0,0,0,0,7014
Red,nuke,heal,Yellow,nuke,heal,16,16,0,0,0,0,8506
Red,nuke,heal,Yellow,nuke,reinforcements,16,0,0,0,0,16,3359
Red,nuke,heal,Yellow,nuke,speed,16,0,0,0,0,16,9046
Red,nuke,heal,Yellow,nuke,wall,16,16,0,0,0,0,8359
Red,nuke,heal,Yellow,firebomb,heal,16,0,0,0,0,16,6149
Red,nuke,heal,Yellow,firebomb,reinforcements,16,0,0,0,0,16,3359
Red,nuke,heal,Yellow,firebomb,speed,16,16,0,0,0,0,6867
Red,nuke,heal,Yellow,firebomb,wall,16,0,0,0,0,16,6819
Red,nuke,heal,Yellow,snipe,heal,16,0,0,0,0,16,9201
Red,nuke,heal,Yellow,snipe,reinforcements,16,0,0,0,0,16,3359
Red,nuke,heal,Yellow,snipe,speed,16,0,0,0,0,16,7795
Red,nuke,heal,Yellow,snipe,wall,16,0,0,0,0,16,7617
Red,nuke,heal,Yellow,freeze,heal,16,0,0,0,0,16,6998
Red,nuke,heal,Yellow,freeze,reinforcements,16,0,0,0,0,16,3359
Red,nuke,heal,Yellow,freeze,speed,16,0,0,0,0,16,7023
Red,nuke,heal,Yellow,freeze,wall,16,16,0,0,0,0,7782
Red,nuke,reinforcements,Black,nuke,heal,16,16,0,0,0,0,6376
Red,nuke,reinforcements,Black,nuke,reinforcements,16,16,0,0,0,0,5666
Red,nuke,reinforcements,Black,nuke,speed,16,16,0,0,0,0,7367
Red,nuke,reinforcements,Black,nuke,wall,16,16,0,0,0,0,6977
Red,nuke,reinforcements,Black,firebomb,heal,16,16,0,0,0,0,6225
Red,nuke,reinforcements,Black,firebomb,reinforcements,16,16,0,0,0,0,5168
Red,nuke,reinforcements,Black,firebomb,speed,16,0,0,0,0,16,6736
Red,nuke,reinforcements,Black,firebomb,wall,16,0,0,0,0,16,5244
Red,nuke,reinforcements,Black,snipe,heal,16,16,0,0,0,0,6631
Red,nuke,reinforcements,Black,snipe,reinforcements,16,16,0,0,0,0,5420
Red,nuke,reinforcements,Black,snipe,speed,16,0,0,0,0,16,6862
Red,nuke,reinforcements,Black,snipe,wall,16,0,0,0,0,16,5899
Red,nuke,reinforcements,Black,freeze,heal,16,16,0,0,0,0,6234
Red,nuke,reinforcements,Black,freeze,reinforcements,16,16,0,0,0,0,6215
Red,nuke,reinforcements,Black,freeze,speed,16,16,0,0,0,0,6382
Red,nuke,reinforcements,Black,freeze,wall,16,0,0,0,0,16,5464
Red,nuke,reinforcements,Blue,nuke,heal,16,16,0,0,0,0,4434
Red,nuke,reinforcements,Blue,nuke,reinforcements,16,16,0,0,0,0,6045
Red,nuke,reinforcements,Blue,nuke,speed,16,0,0,0,0,16,4983
Red,nuke,reinforcements,Blue,nuke,wall,16,0,0,0,0,16,4121
Red,nuke,reinforcements,Blue,firebomb,heal,16,0,0,0,0,16,6042
Red,nuke,reinforcements,Blue,firebomb,reinforcements,16,16,0,0,0,0,5973
Red,nuke,reinforcements,Blue,firebomb,speed,16,0,0,0,0,16,6170
Red,nuke,reinforcements,Blue,firebomb,wall,16,0,0,0,0,16,6044
Red,nuke,reinforcements,Blue,snipe,heal,16,0,0,0,0,16,5082
Red,nuke,reinforcements,Blue,snipe,reinforcements,16,16,0,0,0,0,6080
Red,nuke,reinforcements,Blue,snipe,speed,16,0,0,0,0,16,5020
Red,nuke,reinforcements,Blue,snipe,wall,16,0,0,0,0,16,7118
Red,nuke,reinforcements,Blue,freeze,heal,16,16,0,0,0,0,10494
Red,nuke,reinforcements,Blue,freeze,reinforcements,16,0,0,0,0,16,4609
Red,nuke,reinforcements,Blue,freeze,speed,16,16,0,0,0,0,9085
Red,nuke,reinforcements,Blue,freeze,wall,16,0,0,0,0,16,7453
Red,nuke,reinforcements,Green,nuke,heal,16,0,0,0,0,16,6583
Red,nuke,reinforcements,Green,nuke,reinforcements,16,0,0,0,0,16,8026
Red,nuke,reinforcements,Green,nuke,speed,16,0,0,0,0,16,6204
Red,nuke,reinforcements,Green,nuke,wall,16,16,0,0,0,0,6284
Red,nuke,reinforcements,Green,firebomb,heal,16,16,0,0,0,0,4415
Red,nuke,reinforcements,Green,firebomb,reinforcements,16,0,0,0,0,16,6965
Red,nuke,reinforcements,Green,firebomb,speed,16,0,0,0,0,16,6298
Red,nuke,reinforcements,Green,firebomb,wall,16,0,0,0,0,16,6459
Red,nuke,reinforcements,Green,snipe,heal,16,0,0,0,0,16,6553
Red,nuke,reinforcements,Green,snipe,reinforcements,16,0,0,0,0,16,6965
Red,nuke,reinforcements,Green,snipe,speed,16,0,0,0,0,16,5332
Red,nuke,reinforcements,Green,snipe,wall,16,0,0,0,0,16,4496
Red,nuke,reinforcements,Green,freeze,heal,16,0,0,0,0,16,6329
Red,nuke,reinforcements,Green,freeze,reinforcements,16,0,0,0,0,16,6394
Red,nuke,reinforcements,Green,freeze,speed,16,0,0,0,0,16,6366
Red,nuke,reinforcements,Green,freeze,wall,16,0,0,0,0,16,6555
Red,nuke,reinforcements,Orange,nuke,heal,16,16,0,0,0,0,6086
Red,nuke,reinforcements,Orange,nuke,reinforcements,16,16,0,0,0,0,6178
Red,nuke,reinforcements,Orange,nuke,speed,16,16,0,0,0,0,7362
Red,nuke,reinforcements,Orange,nuke,wall,16,16,0,0,0,0,6416
Red,nuke,reinforcements,Orange,firebomb,heal,16,16,0,0,0,0,6387
Red,nuke,reinforcements,Orange,firebomb,reinforcements,16,9,0,0,0,7,5983
Red,nuke,reinforcements,Orange,firebomb,speed,16,14,0,0,2,0,9204
Red,nuke,reinforcements,Orange,firebomb,wall,16,0,0,0,0,16,5369
Red,nuke,reinforcements,Orange,snipe,heal,16,16,0,0,0,0,6434
Red,nuke,reinforcements,Orange,snipe,reinforcements,16,16,0,0,0,0,6127
Red,nuke,reinforcements,Orange,snipe,speed,16,0,0,0,0,16,7007
Red,nuke,reinforcements,Orange,snipe,wall,16,0,0,0,0,16,5258
Red,nuke,reinforcements,Orange,freeze,heal,16,12,3,0,1,0,13794
Red,nuke,reinforcements,Orange,freeze,reinforcements,16,16,0,0,0,0,6281
Red,nuke,reinforcements,Orange,freeze,speed,16,0,6,0,3,7,15803
Red,nuke,reinforcements,Orange,freeze,wall,16,0,0,0,0,16,5308
Red,nuke,reinforcements,Purple,nuke,heal,16,16,0,0,0,0,6627
Red,nuke,reinforcements,Purple,nuke,reinforcements,16,16,0,0,0,0,5061
Red,nuke,reinforcements,Purple,nuke,speed,16,16,0,0,0,0,6970
Red,nuke,reinforcements,Purple,nuke,wall,16,16,0,0,0,0,7652
Red,nuke,reinforcements,Purple,firebomb,heal,16,16,0,0,0,0,6577
Red,nuke,reinforcements,Purple,firebomb,reinforcements,16,16,0,0,0,0,6067
Red,nuke,reinforcements,Purple,firebomb,speed,16,16,0,0,0,0,8457
Red,nuke,reinforcements,Purple,firebomb,wall,16,0,0,0,0,16,4939
Red,nuke,reinforcements,Purple,snipe,heal,16,16,0,0,0,0,6697
Red,nuke,reinforcements,Purple,snipe,reinforcements,16,16,0,0,0,0,5384
Red,nuke,reinforcements,Purple,snipe,speed,16,16,0,0,0,0,8707
Red,nuke,reinforcements,Purple,snipe,wall,16,0,0,0,0,16,5094
Red,nuke,reinforcements,Purple,freeze,heal,16,0,0,0,0,16,5224
Red,nuke,reinforcements,Purple,freeze,reinforcements,16,16,0,0,0,0,5404
Red,nuke,reinforcements,Purple,freeze,speed,16,0,0,0,0,16,7495
Red,nuke,reinforcements,Purple,freeze,wall,16,0,0,0,0,16,5304
Red,nuke,reinforcements,Red,nuke,heal,16,16,0,0,0,0,6091
Red,nuke,reinforcements,Red,nuke,reinforcements,16,0,0,16,0,0,14229
Red,nuke,reinforcements,Red,nuke,speed,16,0,0,0,0,16,6440
Red,nuke,reinforcements,Red,nuke,wall,16,16,0,0,0,0,6659
Red,nuke,reinforcements,Red,firebomb,heal,16,16,0,0,0,0,5807
Red,nuke,reinforcements,Red,firebomb,reinforcements,16,0,0,0,0,16,4834
Red,nuke,reinforcements,Red,firebomb,speed,16,0,0,0,0,16,6863
Red,nuke,reinforcements,Red,firebomb,wall,16,16,0,0,0,0,6108
Red,nuke,reinforcements,Red,snipe,heal,16,0,0,0,0,16,6563
Red,nuke,reinforcements,Red,snipe,reinforcements,16,0,0,0,0,16,6499
Red,nuke,reinforcements,Red,snipe,speed,16,0,0,0,0,16,4938
Red,nuke,reinforcements,Red,snipe,wall,16,0,0,0,0,16,6532
Red,nuke,reinforcements,Red,freeze,heal,16,0,0,0,0,16,8104
Red,nuke,reinforcements,Red,freeze,reinforcements,16,16,0,0,0,0,7203
Red,nuke,reinforcements,Red,freeze,speed,16,0,0,0,0,16,6248
Red,nuke,reinforcements,Red,freeze,wall,16,16,0,0,0,0,6414
Red,nuke,reinforcements,White,nuke,heal,16,16,0,0,0,0,6632
Red,nuke,reinforcements,White,nuke,reinforcements,16,16,0,0,0,0,5113
Red,nuke,reinforcements,White,nuke,speed,16,16,0,0,0,0,7023
Red,nuke,reinforcements,White,nuke,wall,16,16,0,0,0,0,7047
Red,nuke,reinforcements,White,firebomb,heal,16,16,0,0,0,0,6643
Red,nuke,reinforcements,White,firebomb,reinforcements,16,16,0,0,0,0,4922
Red,nuke,reinforcements,White,firebomb,speed,16,16,0,0,0,0,6717
Red,nuke,reinforcements,White,firebomb,wall,16,16,0,0,0,0,6034
Red,nuke,reinforcements,White,snipe,heal,16,16,0,0,0,0,6523
Red,nuke,reinforcements,White,snipe,reinforcements,16,16,0,0,0,0,5123
Red,nuke,reinforcements,White,snipe,speed,16,16,0,0,0,0,7016
Red,nuke,reinforcements,White,snipe,wall,16,0,0,0,0,16,5179
Red,nuke,reinforcements,White,freeze,heal,16,16,0,0,0,0,5902
Red,nuke,reinforcements,White,freeze,reinforcements,16,16,0,0,0,0,5228
Red,nuke,reinforcements,White,freeze,speed,16,16,0,0,0,0,6076
Red,nuke,reinforcements,White,freeze,wall,16,0,0,0,0,16,5734
Red,nuke,reinforcements,Yellow,nuke,heal,16,16,0,0,0,0,6648
Red,nuke,reinforcements,Yellow,nuke,reinforcements,16,16,0,0,0,0,5780
Red,nuke,reinforcements,Yellow,nuke,speed,16,16,0,0,0,0,4334
Red,nuke,reinforcements,Yellow,nuke,wall,16,16,0,0,0,0,6957
Red,nuke,reinforcements,Yellow,firebomb,heal,16,16,0,0,0,0,6715
Red,nuke,reinforcements,Yellow,firebomb,reinforcements,16,16,0,0,0,0,5564
Red,nuke,reinforcements,Yellow,firebomb,speed,16,0,0,0,0,16,6700
Red,nuke,reinforcements,Yellow,firebomb,wall,16,0,0,0,0,16,6289
Red,nuke,reinforcements,Yellow,snipe,heal,16,16,0,0,0,0,6444
Red,nuke,reinforcements,Yellow,snipe,reinforcements,16,0,0,0,0,16,5484
Red,nuke,reinforcements,Yellow,snipe,speed,16,0,0,0,0,16,4974
Red,nuke,reinforcements,Yellow,snipe,wall,16,16,0,0,0,0,6539
Red,nuke,reinforcements,Yellow,freeze,heal,16,16,0,0,0,0,6940
Red,nuke,reinforcements,Yellow,freeze,reinforcements,16,16,0,0,0,0,5971
Red,nuke,reinforcements,Yellow,freeze,speed,16,0,0,0,0,16,6605
Red,nuke,reinforcements,Yellow,freeze,wall,16,16,0,0,0,0,6552
Red,nuke,speed,Black,nuke,heal,16,16,0,0,0,0,7459
Red,nuke,speed,Black,nuke,reinforcements,16,0,0,0,0,16,3359
Red,nuke,speed,Black,nuke,speed,16,16,0,0,0,0,9139
Red,nuke,speed,Black,nuke,wall,16,16,0,0,0,0,6999
Red,nuke,speed,Black,firebomb,heal,16,16,0,0,0,0,8326
Red,nuke,speed,Black,firebomb,reinforcements,16,0,0,0,0,16,3359
Red,nuke,speed,Black,firebomb,speed,16,16,0,0,0,0,7862
Red,nuke,speed,Black,firebomb,wall,16,16,0,0,0,0,7724
Red,nuke,speed,Black,snipe,heal,16,16,0,0,0,0,8063
Red,nuke,speed,Black,snipe,reinforcements,16,0,0,0,0,16,3359
Red,nuke,speed,Black,snipe,speed,16,0,0,0,0,16,11916
Red,nuke,speed,Black,snipe,wall,16,16,0,0,0,0,8569
Red,nuke,speed,Black,freeze,heal,16,16,0,0,0,0,8110
Red,nuke,speed,Black,freeze,reinforcements,16,0,0,0,0,16,3359
Red,nuke,speed,Black,freeze,speed,16,16,0,0,0,0,7658
Red,nuke,speed,Black,freeze,wall,16,16,0,0,0,0,6683
Red,nuke,speed,Blue,nuke,heal,16,16,0,0,0,0,8430
Red,nuke,speed,Blue,nuke,reinforcements,16,0,0,0,0,16,3359
Red,nuke,speed,Blue,nuke,speed,16,16,0,0,0,0,9506
Red,nuke,speed,Blue,nuke,wall,16,16,0,0,0,0,8286
Red,nuke,speed,Blue,firebomb,heal,16,0,0,0,0,16,7499
Red,nuke,speed,Blue,firebomb,reinforcements,16,0,0,0,0,16,3359
Red,nuke,speed,Blue,firebomb,speed,16,0,0,0,0,16,6314
Red,nuke,speed,Blue,firebomb,wall,16,0,0,0,0,16,5884
Red,nuke,speed,Blue,snipe,heal,16,16,0,0,0,0,9308
Red,nuke,speed,Blue,snipe,reinforcements,16,0,0,0,0,16,3359
Red,nuke,speed,Blue,snipe,speed,16,16,0,0,0,0,9454
Red,nuke,speed,Blue,snipe,wall,16,16,0,0,0,0,10454
Red,nuke,speed,Blue,freeze,heal,16,16,0,0,0,0,8300
Red,nuke,speed,Blue,freeze,reinforcements,16,0,0,0,0,16,3359
Red,nuke,speed,Blue,freeze,speed,16,16,0,0,0,0,9205
Red,nuke,speed,Blue,freeze,wall,16,16,0,0,0,0,8284
Red,nuke,speed,Green,nuke,heal,16,16,0,0,0,0,12067
Red,nuke,speed,Green,nuke,reinforcements,16,16,0,0,0,0,6097
Red,nuke,speed,Green,nuke,speed,16,0,0,0,0,16,12266
Red,nuke,speed,Green,nuke,wall,16,16,0,0,0,0,10357
Red,nuke,speed,Green,firebomb,heal,16,0,0,0,0,16,5209
Red,nuke,speed,Green,firebomb,reinforcements,16,16,0,0,0,0,6043
Red,nuke,speed,Green,firebomb,speed,16,0,0,0,0,16,5169
Red,nuke,speed,Green,firebomb,wall,16,0,0,0,0,16,7189
Red,nuke,speed,Green,snipe,heal,16,0,0,0,0,16,6604
Red,nuke,speed,Green,snipe,reinforcements,16,16,0,0,0,0,6084
Red,nuke,speed,Green,snipe,speed,16,16,0,0,0,0,5052
Red,nuke,speed,Green,snipe,wall,16,16,0,0,0,0,9132
Red,nuke,speed,Green,freeze,heal,16,0,0,0,0,16,6189
Red,nuke,speed,Green,freeze,reinforcements,16,16,0,0,0,0,7118
Red,nuke,speed,Green,freeze,speed,16,0,0,0,0,16,6739
Red,nuke,speed,Green,freeze,wall,16,0,0,0,0,16,4949
Red,nuke,speed,Orange,nuke,heal,16,16,0,0,0,0,8984
Red,nuke,speed,Orange,nuke,reinforcements,16,16,0,0,0,0,6134
Red,nuke,speed,Orange,nuke,speed,16,16,0,0,0,0,10124
Red,nuke,speed,Orange,nuke,wall,16,14,0,0,0,2,8702
Red,nuke,speed,Orange,firebomb,heal,16,15,0,0,0,1,8940
Red,nuke,speed,Orange,firebomb,reinforcements,16,0,0,0,0,16,3154
Red,nuke,speed,Orange,firebomb,speed,16,0,0,0,0,16,5363
Red,nuke,speed,Orange,firebomb,wall,16,1,0,0,0,15,7754
Red,nuke,speed,Orange,snipe,heal,16,16,0,0,0,0,11185
Red,nuke,speed,Orange,snipe,reinforcements,16,0,0,0,0,16,3169
Red,nuke,speed,Orange,snipe,speed,16,9,0,0,0,7,11652
Red,nuke,speed,Orange,snipe,wall,16,3,0,0,0,13,7160
Red,nuke,speed,Orange,freeze,heal,16,16,0,0,0,0,8774
Red,nuke,speed,Orange,freeze,reinforcements,16,0,0,0,0,16,3169
Red,nuke,speed,Orange,freeze,speed,16,16,0,0,0,0,9969
Red,nuke,speed,Orange,freeze,wall,16,13,0,0,0,3,8118
Red,nuke,speed,Purple,nuke,heal,16,16,0,0,0,0,9401
Red,nuke,speed,Purple,nuke,reinforcements,16,16,0,0,0,0,5738
Red,nuke,speed,Purple,nuke,speed,16,16,0,0,0,0,6799
Red,nuke,speed,Purple,nuke,wall,16,16,0,0,0,0,8262
Red,nuke,speed,Purple,firebomb,heal,16,0,0,0,0,16,7664
Red,nuke,speed,Purple,firebomb,reinforcements,16,0,0,0,0,16,4339
Red,nuke,speed,Purple,firebomb,speed,16,0,0,0,0,16,7349
Red,nuke,speed,Purple,firebomb,wall,16,0,0,0,0,16,7444
Red,nuke,speed,Purple,snipe,heal,16,16,0,0,0,0,10300
Red,nuke,speed,Purple,snipe,reinforcements,16,0,0,0,0,16,4339
Red,nuke,speed,Purple,snipe,speed,16,0,0,0,0,16,11160
Red,nuke,speed,Purple,snipe,wall,16,16,0,0,0,0,9139
Red,nuke,speed,Purple,freeze,heal,16,16,0,0,0,0,9548
Red,nuke,speed,Purple,freeze,reinforcements,16,0,0,0,0,16,4174
Red,nuke,speed,Purple,freeze,speed,16,16,0,0,0,0,9283
Red,nuke,speed,Purple,freeze,wall,16,0,0,0,0,16,7699
Red,nuke,speed,Red,nuke,heal,16,16,0,0,0,0,6899
Red,nuke,speed,Red,nuke,reinforcements,16,16,0,0,0,0,6505
Red,nuke,speed,Red,nuke,speed,16,0,0,10,0,6,11349
Red,nuke,speed,Red,nuke,wall,16,16,0,0,0,0,7954
Red,nuke,speed,Red,firebomb,heal,16,16,0,0,0,0,8837
Red,nuke,speed,Red,firebomb,reinforcements,16,16,0,0,0,0,6889
Red,nuke,speed,Red,firebomb,speed,16,16,0,0,0,0,9431
Red,nuke,speed,Red,firebomb,wall,16,16,0,0,0,0,8245
Red,nuke,speed,Red,snipe,heal,16,16,0,0,0,0,5214
Red,nuke,speed,Red,snipe,reinforcements,16,0,0,0,0,16,4219
Red,nuke,speed,Red,snipe,speed,16,0,0,0,0,16,5648
Red,nuke,speed,Red,snipe,wall,16,0,0,0,0,16,12462
Red,nuke,speed,Red,freeze,heal,16,16,0,0,0,0,7990
Red,nuke,speed,Red,freeze,reinforcements,16,0,0,0,0,16,5674
Red,nuke,speed,Red,freeze,speed,16,16,0,0,0,0,8988
Red,nuke,speed,Red,freeze,wall,16,16,0,0,0,0,9539
Red,nuke,speed,White,nuke,heal,16,16,0,0,0,0,6425
Red,nuke,speed,White,nuke,reinforcements,16,0,0,0,0,16,3154
Red,nuke,speed,White,nuke,speed,16,16,0,0,0,0,8240
Red,nuke,speed,White,nuke,wall,16,16,0,0,0,0,6308
Red,nuke,speed,White,firebomb,heal,16,16,0,0,0,0,6693
Red,nuke,speed,White,firebomb,reinforcements,16,0,0,0,0,16,3154
Red,nuke,speed,White,firebomb,speed,16,16,0,0,0,0,7945
Red,nuke,speed,White,firebomb,wall,16,16,0,0,0,0,7579
Red,nuke,speed,White,snipe,heal,16,16,0,0,0,0,6759
Red,nuke,speed,White,snipe,reinforcements,16,0,0,0,0,16,3154
Red,nuke,speed,White,snipe,speed,16,16,0,0,0,0,8627
Red,nuke,speed,White,snipe,wall,16,16,0,0,0,0,8797
Red,nuke,speed,White,freeze,heal,16,16,0,0,0,0,7580
Red,nuke,speed,White,freeze,reinforcements,16,0,0,0,0,16,3154
Red,nuke,speed,White,freeze,speed,16,16,0,0,0,0,8089
Red,nuke,speed,White,freeze,wall,16,16,0,0,0,0,6993
Red,nuke,speed,Yellow,nuke,heal,16,16,0,0,0,0,8285
Red,nuke,speed,Yellow,nuke,reinforcements,16,0,0,0,0,16,3359
Red,nuke,speed,Yellow,nuke,speed,16,16,0,0,0,0,8879
Red,nuke,speed,Yellow,nuke,wall,16,16,0,0,0,0,9400
Red,nuke,speed,Yellow,firebomb,heal,16,16,0,0,0,0,8233
Red,nuke,speed,Yellow,firebomb,reinforcements,16,0,0,0,0,16,3359
Red,nuke,speed,Yellow,firebomb,speed,16,0,0,0,0,16,7264
Red,nuke,speed,Yellow,firebomb,wall,16,0,0,0,0,16,7694
Red,nuke,speed,Yellow,snipe,heal,16,16,0,0,0,0,8882
Red,nuke,speed,Yellow,snipe,reinforcements,16,0,0,0,0,16,3359
Red,nuke,speed,Yellow,snipe,speed,16,0,0,0,0,16,10605
Red,nuke,speed,Yellow,snipe,wall,16,16,0,0,0,0,8858
Red,nuke,speed,Yellow,freeze,heal,16,0,0,16,0,0,6739
Red,nuke,speed,Yellow,freeze,reinforcements,16,0,0,0,0,16,3359
Red,nuke,speed,Yellow,freeze,speed,16,16,0,0,0,0,9123
Red,nuke,speed,Yellow,freeze,wall,16,0,0,0,0,16,6874
Red,nuke,wall,Black,nuke,heal,16,0,0,0,0,16,9244
Red,nuke,wall,Black,nuke,reinforcements,16,16,0,0,0,0,7341
Red,nuke,wall,Black,nuke,speed,16,0,0,0,0,16,9102
Red,nuke,wall,Black,nuke,wall,16,16,0,0,0,0,8601
Red,nuke,wall,Black,firebomb,heal,16,16,0,0,0,0,8303
Red,nuke,wall,Black,firebomb,reinforcements,16,0,0,0,0,16,5474
Red,nuke,wall,Black,firebomb,speed,16,16,0,0,0,0,9159
Red,nuke,wall,Black,firebomb,wall,16,16,0,0,0,0,8331
Red,nuke,wall,Black,snipe,heal,16,16,0,0,0,0,8158
Red,nuke,wall,Black,snipe,reinforcements,16,16,0,0,0,0,7419
Red,nuke,wall,Black,snipe,speed,16,0,0,0,0,16,9164
Red,nuke,wall,Black,snipe,wall,16,11,0,0,0,5,9229
Red,nuke,wall,Black,freeze,heal,16,16,0,0,0,0,8498
Red,nuke,wall,Black,freeze,reinforcements,16,0,0,0,0,16,6129
Red,nuke,wall,Black,freeze,speed,16,16,0,0,0,0,9191
Red,nuke,wall,Black,freeze,wall,16,0,0,0,0,16,7584
Red,nuke,wall,Blue,nuke,heal,16,16,0,0,0,0,8588
Red,nuke,wall,Blue,nuke,reinforcements,16,16,0,0,0,0,8221
Red,nuke,wall,Blue,nuke,speed,16,16,0,0,0,0,9175
Red,nuke,wall,Blue,nuke,wall,16,16,0,0,0,0,8381
Red,nuke,wall,Blue,firebomb,heal,16,16,0,0,0,0,8404
Red,nuke,wall,Blue,firebomb,reinforcements,16,0,0,0,0,16,5529
Red,nuke,wall,Blue,firebomb,speed,16,0,0,16,0,0,9799
Red,nuke,wall,Blue,firebomb,wall,16,16,0,0,0,0,8249
Red,nuke,wall,Blue,snipe,heal,16,16,0,0,0,0,9500
Red,nuke,wall,Blue,snipe,reinforcements,16,16,0,0,0,0,11044
Red,nuke,wall,Blue,snipe,speed,16,0,0,0,0,16,9193
Red,nuke,wall,Blue,snipe,wall,16,16,0,0,0,0,9221
Red,nuke,wall,Blue,freeze,heal,16,16,0,0,0,0,8370
Red,nuke,wall,Blue,freeze,reinforcements,16,0,0,0,0,16,8663
Red,nuke,wall,Blue,freeze,speed,16,16,0,0,0,0,9250
Red,nuke,wall,Blue,freeze,wall,16,16,0,0,0,0,8270
Red,nuke,wall,Green,nuke,heal,16,0,0,0,0,16,8943
Red,nuke,wall,Green,nuke,reinforcements,16,0,0,0,0,16,6711
Red,nuke,wall,Green,nuke,speed,16,0,0,0,0,16,9085
Red,nuke,wall,Green,nuke,wall,16,0,0,0,0,16,9191
Red,nuke,wall,Green,firebomb,heal,16,0,0,0,0,16,8584
Red,nuke,wall,Green,firebomb,reinforcements,16,0,0,0,0,16,8814
Red,nuke,wall,Green,firebomb,speed,16,0,0,0,0,16,9304
Red,nuke,wall,Green,firebomb,wall,16,0,0,0,0,16,9829
Red,nuke,wall,Green,snipe,heal,16,16,0,0,0,0,5870
Red,nuke,wall,Green,snipe,reinforcements,16,0,0,0,0,16,7073
Red,nuke,wall,Green,snipe,speed,16,0,0,0,0,16,7701
Red,nuke,wall,Green,snipe,wall,16,0,0,0,0,16,10891
Red,nuke,wall,Green,freeze,heal,16,0,0,0,0,16,5464
Red,nuke,wall,Green,freeze,reinforcements,16,0,0,0,0,16,7111
Red,nuke,wall,Green,freeze,speed,16,0,0,0,0,16,8361
Red,nuke,wall,Green,freeze,wall,16,0,0,0,0,16,5154
Red,nuke,wall,Orange,nuke,heal,16,16,0,0,0,0,9010
Red,nuke,wall,Orange,nuke,reinforcements,16,16,0,0,0,0,7247
Red,nuke,wall,Orange,nuke,speed,16,10,0,0,0,6,10101
Red,nuke,wall,Orange,nuke,wall,16,16,0,0,0,0,8790
Red,nuke,wall,Orange,firebomb,heal,16,14,0,0,0,2,9136
Red,nuke,wall,Orange,firebomb,reinforcements,16,0,0,0,0,16,7820
Red,nuke,wall,Orange,firebomb,speed,16,0,0,0,0,16,9555
Red,nuke,wall,Orange,firebomb,wall,16,8,0,0,0,8,8549
Red,nuke,wall,Orange,snipe,heal,16,1,0,0,0,15,10387
Red,nuke,wall,Orange,snipe,reinforcements,16,16,0,0,0,0,8918
Red,nuke,wall,Orange,snipe,speed,16,0,0,0,0,16,8995
Red,nuke,wall,Orange,snipe,wall,16,2,0,0,0,14,7177
Red,nuke,wall,Orange,freeze,heal,16,15,0,0,0,1,8765
Red,nuke,wall,Orange,freeze,reinforcements,16,0,0,0,0,16,7217
Red,nuke,wall,Orange,freeze,speed,16,4,0,0,0,12,9893
Red,nuke,wall,Orange,freeze,wall,16,9,0,0,0,7,8168
Red,nuke,wall,Purple,nuke,heal,16,16,0,0,0,0,9139
Red,nuke,wall,Purple,nuke,reinforcements,16,16,0,0,0,0,6210
Red,nuke,wall,Purple,nuke,speed,16,0,0,0,0,16,9367
Red,nuke,wall,Purple,nuke,wall,16,16,0,0,0,0,8534
Red,nuke,wall,Purple,firebomb,heal,16,16,0,0,0,0,9515
Red,nuke,wall,Purple,firebomb,reinforcements,16,0,0,0,0,16,5424
Red,nuke,wall,Purple,firebomb,speed,16,0,0,0,0,16,9611
Red,nuke,wall,Purple,firebomb,wall,16,0,0,0,0,16,8849
Red,nuke,wall,Purple,snipe,heal,16,16,0,0,0,0,8572
Red,nuke,wall,Purple,snipe,reinforcements,16,16,0,0,0,0,5400
Red,nuke,wall,Purple,snipe,speed,16,0,0,0,0,16,7730
Red,nuke,wall,Purple,snipe,wall,16,0,0,0,0,16,9490
Red,nuke,wall,Purple,freeze,heal,16,16,0,0,0,0,8417
Red,nuke,wall,Purple,freeze,reinforcements,16,0,0,0,0,16,6019
Red,nuke,wall,Purple,freeze,speed,16,0,0,0,0,16,9790
Red,nuke,wall,Purple,freeze,wall,16,0,0,0,0,16,7479
Red,nuke,wall,Red,nuke,heal,16,0,0,0,0,16,8788
Red,nuke,wall,Red,nuke,reinforcements,16,0,0,0,0,16,6444
Red,nuke,wall,Red,nuke,speed,16,0,0,0,0,16,7329
Red,nuke,wall,Red,nuke,wall,16,16,0,0,0,0,8444
Red,nuke,wall,Red,firebomb,heal,16,16,0,0,0,0,7998
Red,nuke,wall,Red,firebomb,reinforcements,16,0,0,0,0,16,7467
Red,nuke,wall,Red,firebomb,speed,16,16,0,0,0,0,8651
Red,nuke,wall,Red,firebomb,wall,16,16,0,0,0,0,7421
Red,nuke,wall,Red,snipe,heal,16,16,0,0,0,0,6361
Red,nuke,wall,Red,snipe,reinforcements,16,0,0,0,0,16,6081
Red,nuke,wall,Red,snipe,speed,16,0,0,0,0,16,7179
Red,nuke,wall,Red,snipe,wall,16,0,0,0,0,16,8258
Red,nuke,wall,Red,freeze,heal,16,16,0,0,0,0,9336
Red,nuke,wall,Red,freeze,reinforcements,16,0,0,0,0,16,6602
Red,nuke,wall,Red,freeze,speed,16,0,0,0,0,16,8280
Red,nuke,wall,Red,freeze,wall,16,0,0,0,0,16,9703
Red,nuke,wall,White,nuke,heal,16,16,0,0,0,0,6940
Red,nuke,wall,White,nuke,reinforcements,16,16,0,0,0,0,5213
Red,nuke,wall,White,nuke,speed,16,0,0,0,0,16,9556
Red,nuke,wall,White,nuke,wall,16,16,0,0,0,0,4934
Red,nuke,wall,White,firebomb,heal,16,16,0,0,0,0,8252
Red,nuke,wall,White,firebomb,reinforcements,16,16,0,0,0,0,5245
Red,nuke,wall,White,firebomb,speed,16,16,0,0,0,0,7991
Red,nuke,wall,White,firebomb,wall,16,16,0,0,0,0,8600
Red,nuke,wall,White,snipe,heal,16,16,0,0,0,0,7065
Red,nuke,wall,White,snipe,reinforcements,16,16,0,0,0,0,5283
Red,nuke,wall,White,snipe,speed,16,16,0,0,0,0,5500
Red,nuke,wall,White,snipe,wall,16,16,0,0,0,0,7350
Red,nuke,wall,White,freeze,heal,16,16,0,0,0,0,5293
Red,nuke,wall,White,freeze,reinforcements,16,0,0,0,0,16,4854
Red,nuke,wall,White,freeze,speed,16,16,0,0,0,0,5128
Red,nuke,wall,White,freeze,wall,16,16,0,0,0,0,5515
Red,nuke,wall,Yellow,nuke,heal,16,0,0,0,0,16,9024
Red,nuke,wall,Yellow,nuke,reinforcements,16,16,0,0,0,0,6385
Red,nuke,wall,Yellow,nuke,speed,16,16,0,0,0,0,7615
Red,nuke,wall,Yellow,nuke,wall,16,16,0,0,0,0,8321
Red,nuke,wall,Yellow,firebomb,heal,16,16,0,0,0,0,8289
Red,nuke,wall,Yellow,firebomb,reinforcements,16,0,0,0,0,16,5304
Red,nuke,wall,Yellow,firebomb,speed,16,16,0,0,0,0,9190
Red,nuke,wall,Yellow,firebomb,wall,16,16,0,0,0,0,8261
Red,nuke,wall,Yellow,snipe,heal,16,16,0,0,0,0,7744
Red,nuke,wall,Yellow,snipe,reinforcements,16,16,0,0,0,0,7010
Red,nuke,wall,Yellow,snipe,speed,16,0,0,0,0,16,8118
Red,nuke,wall,Yellow,snipe,wall,16,0,0,0,0,16,7467
Red,nuke,wall,Yellow,freeze,heal,16,0,0,0,0,16,4977
Red,nuke,wall,Yellow,freeze,reinforcements,16,0,0,0,0,16,6149
Red,nuke,wall,Yellow,freeze,speed,16,0,0,0,0,16,7319
Red,nuke,wall,Yellow,freeze,wall,16,0,0,0,0,16,7795
Red,firebomb,heal,Black,nuke,heal,16,16,0,0,0,0,6279
Red,firebomb,heal,Black,nuke,reinforcements,16,16,0,0,0,0,9650
Red,firebomb,heal,Black,nuke,speed,16,0,0,0,0,16,8824
Red,firebomb,heal,Black,nuke,wall,16,16,0,0,0,0,8397
Red,firebomb,heal,Black,firebomb,heal,16,16,0,0,0,0,8314
Red,firebomb,heal,Black,firebomb,reinforcements,16,16,0,0,0,0,7061
Red,firebomb,heal,Black,firebomb,speed,16,16,0,0,0,0,7995
Red,firebomb,heal,Black,firebomb,wall,16,16,0,0,0,0,8479
Red,firebomb,heal,Black,snipe,heal,16,16,0,0,0,0,9233
Red,firebomb,heal,Black,snipe,reinforcements,16,16,0,0,0,0,7030
Red,firebomb,heal,Black,snipe,speed,16,0,0,0,0,16,9761
Red,firebomb,heal,Black,snipe,wall,16,0,0,0,0,16,7889
Red,firebomb,heal,Black,freeze,heal,16,16,0,0,0,0,8361
Red,firebomb,heal,Black,freeze,reinforcements,16,16,0,0,0,0,7427
Red,firebomb,heal,Black,freeze,speed,16,0,0,0,0,16,9757
Red,firebomb,heal,Black,freeze,wall,16,16,0,0,0,0,8436
Red,firebomb,heal,Blue,nuke,heal,16,16,0,0,0,0,8410
Red,firebomb,heal,Blue,nuke,reinforcements,16,16,0,0,0,0,8189
Red,firebomb,heal,Blue,nuke,speed,16,0,0,0,0,16,9319
Red,firebomb,heal,Blue,nuke,wall,16,16,0,0,0,0,8318
Red,firebomb,heal,Blue,firebomb,heal,16,16,0,0,0,0,8587
Red,firebomb,heal,Blue,firebomb,reinforcements,16,16,0,0,0,0,7955
Red,firebomb,heal,Blue,firebomb,speed,16,16,0,0,0,0,10125
Red,firebomb,heal,Blue,firebomb,wall,16,16,0,0,0,0,8408
Red,firebomb,heal,Blue,snipe,heal,16,16,0,0,0,0,9346
Red,firebomb,heal,Blue,snipe,reinforcements,16,16,0,0,0,0,14888
Red,firebomb,heal,Blue,snipe,speed,16,0,0,0,0,16,10138
Red,firebomb,heal,Blue,snipe,wall,16,16,0,0,0,0,9259
Red,firebomb,heal,Blue,freeze,heal,16,16,0,0,0,0,8236
Red,firebomb,heal,Blue,freeze,reinforcements,16,16,0,0,0,0,7236
Red,firebomb,heal,Blue,freeze,speed,16,16,0,0,0,0,9213
Red,firebomb,heal,Blue,freeze,wall,16,0,0,0,0,16,7856
Red,firebomb,heal,Green,nuke,heal,16,0,0,0,0,16,10031
Red,firebomb,heal,Green,nuke,reinforcements,16,16,0,0,0,0,6867
Red,firebomb,heal,Green,nuke,speed,16,0,0,0,0,16,6405
Red,firebomb,heal,Green,nuke,wall,16,0,0,0,0,16,9999
Red,firebomb,heal,Green,firebomb,heal,16,16,0,0,0,0,8482
Red,firebomb,heal,Green,firebomb,reinforcements,16,16,0,0,0,0,8861
Red,firebomb,heal,Green,firebomb,speed,16,0,0,0,0,16,8390
Red,firebomb,heal,Green,firebomb,wall,16,16,0,0,0,0,7201
Red,firebomb,heal,Green,snipe,heal,16,0,0,0,0,16,8257
Red,firebomb,heal,Green,snipe,reinforcements,16,16,0,0,0,0,6492
Red,firebomb,heal,Green,snipe,speed,16,0,0,0,0,16,7326
Red,firebomb,heal,Green,snipe,wall,16,0,0,0,0,16,9378
Red,firebomb,heal,Green,freeze,heal,16,16,0,0,0,0,9617
Red,firebomb,heal,Green,freeze,reinforcements,16,0,0,0,0,16,8530
Red,firebomb,heal,Green,freeze,speed,16,16,0,0,0,0,6704
Red,firebomb,heal,Green,freeze,wall,16,16,0,0,0,0,7758
Red,firebomb,heal,Orange,nuke,heal,16,14,0,0,0,2,8255
Red,firebomb,heal,Orange,nuke,reinforcements,16,1,0,0,0,15,6497
Red,firebomb,heal,Orange,nuke,speed,16,13,0,0,0,3,10527
Red,firebomb,heal,Orange,nuke,wall,16,12,0,2,0,2,8862
Red,firebomb,heal,Orange,firebomb,heal,16,16,0,0,0,0,8979
Red,firebomb,heal,Orange,firebomb,reinforcements,16,8,0,0,0,8,10243
Red,firebomb,heal,Orange,firebomb,speed,16,0,1,0,0,15,12049
Red,firebomb,heal,Orange,firebomb,wall,16,14,0,0,0,2,9279
Red,firebomb,heal,Orange,snipe,heal,16,6,0,0,0,10,10000
Red,firebomb,heal,Orange,snipe,reinforcements,16,0,0,0,0,16,5560
Red,firebomb,heal,Orange,snipe,speed,16,0,0,0,0,16,8798
Red,firebomb,heal,Orange,snipe,wall,16,3,0,0,0,13,9808
Red,firebomb,heal,Orange,freeze,heal,16,16,0,0,0,0,8728
Red,firebomb,heal,Orange,freeze,reinforcements,16,16,0,0,0,0,7369
Red,firebomb,heal,Orange,freeze,speed,16,9,0,0,0,7,10392
Red,firebomb,heal,Orange,freeze,wall,16,16,0,0,0,0,8767
Red,firebomb,heal,Purple,nuke,heal,16,16,0,0,0,0,9948
Red,firebomb,heal,Purple,nuke,reinforcements,16,16,0,0,0,0,6382
Red,firebomb,heal,Purple,nuke,speed,16,0,0,0,0,16,9570
Red,firebomb,heal,Purple,nuke,wall,16,0,0,0,0,16,9231
Red,firebomb,heal,Purple,firebomb,heal,16,16,0,0,0,0,9619
Red,firebomb,heal,Purple,firebomb,reinforcements,16,16,0,0,0,0,6252
Red,firebomb,heal,Purple,firebomb,speed,16,0,0,0,0,16,9670
Red,firebomb,heal,Purple,firebomb,wall,16,16,0,0,0,0,9433
Red,firebomb,heal,Purple,snipe,heal,16,0,0,0,0,16,9217
Red,firebomb,heal,Purple,snipe,reinforcements,16,16,0,0,0,0,6122
Red,firebomb,heal,Purple,snipe,speed,16,0,0,0,0,16,8558
Red,firebomb,heal,Purple,snipe,wall,16,0,0,0,0,16,9730
Red,firebomb,heal,Purple,freeze,heal,16,16,0,0,0,0,9319
Red,firebomb,heal,Purple,freeze,reinforcements,16,16,0,0,0,0,6832
Red,firebomb,heal,Purple,freeze,speed,16,0,0,0,0,16,10153
Red,firebomb,heal,Purple,freeze,wall,16,16,0,0,0,0,9253
Red,firebomb,heal,Red,nuke,heal,16,0,0,0,0,16,9484
Red,firebomb,heal,Red,nuke,reinforcements,16,0,0,0,0,16,6268
Red,firebomb,heal,Red,nuke,speed,16,0,0,0,0,16,7974
Red,firebomb,heal,Red,nuke,wall,16,16,0,0,0,0,9031
Red,firebomb,heal,Red,firebomb,heal,16,0,0,0,0,16,9259
Red,firebomb,heal,Red,firebomb,reinforcements,16,0,0,0,0,16,7062
Red,firebomb,heal,Red,firebomb,speed,16,0,0,0,0,16,10906
Red,firebomb,heal,Red,firebomb,wall,16,0,0,16,0,0,9259
Red,firebomb,heal,Red,snipe,heal,16,0,0,0,0,16,9504
Red,firebomb,heal,Red,snipe,reinforcements,16,0,0,0,0,16,6160
Red,firebomb,heal,Red,snipe,speed,16,0,0,0,0,16,7710
Red,firebomb,heal,Red,snipe,wall,16,0,0,0,0,16,8641
Red,firebomb,heal,Red,freeze,heal,16,0,0,0,0,16,7115
Red,firebomb,heal,Red,freeze,reinforcements,16,16,0,0,0,0,6099
Red,firebomb,heal,Red,freeze,speed,16,0,0,0,0,16,8302
Red,firebomb,heal,Red,freeze,wall,16,16,0,0,0,0,8206
Red,firebomb,heal,White,nuke,heal,16,0,0,0,0,16,5909
Red,firebomb,heal,White,nuke,reinforcements,16,16,0,0,0,0,7509
Red,firebomb,heal,White,nuke,speed,16,16,0,0,0,0,8758
Red,firebomb,heal,White,nuke,wall,16,16,0,0,0,0,4729
Red,firebomb,heal,White,firebomb,heal,16,16,0,0,0,0,7773
Red,firebomb,heal,White,firebomb,reinforcements,16,16,0,0,0,0,5139
Red,firebomb,heal,White,firebomb,speed,16,16,0,0,0,0,8021
Red,firebomb,heal,White,firebomb,wall,16,16,0,0,0,0,6711
Red,firebomb,heal,White,snipe,heal,16,16,0,0,0,0,8750
Red,firebomb,heal,White,snipe,reinforcements,16,16,0,0,0,0,7100
Red,firebomb,heal,White,snipe,speed,16,0,0,0,0,16,6016
Red,firebomb,heal,White,snipe,wall,16,16,0,0,0,0,8028
Red,firebomb,heal,White,freeze,heal,16,16,0,0,0,0,6587
Red,firebomb,heal,White,freeze,reinforcements,16,16,0,0,0,0,5976
Red,firebomb,heal,White,freeze,speed,16,0,0,0,0,16,9296
Red,firebomb,heal,White,freeze,wall,16,16,0,0,0,0,6824
Red,firebomb,heal,Yellow,nuke,heal,16,16,0,0,0,0,8418
Red,firebomb,heal,Yellow,nuke,reinforcements,16,16,0,0,0,0,7369
Red,firebomb,heal,Yellow,nuke,speed,16,16,0,0,0,0,8467
Red,firebomb,heal,Yellow,nuke,wall,16,16,0,0,0,0,8408
Red,firebomb,heal,Yellow,firebomb,heal,16,16,0,0,0,0,8503
Red,firebomb,heal,Yellow,firebomb,reinforcements,16,16,0,0,0,0,7198
Red,firebomb,heal,Yellow,firebomb,speed,16,16,0,0,0,0,9496
Red,firebomb,heal,Yellow,firebomb,wall,16,0,0,0,0,16,8281
Red,firebomb,heal,Yellow,snipe,heal,16,16,0,0,0,0,9108
Red,firebomb,heal,Yellow,snipe,reinforcements,16,16,0,0,0,0,7667
Red,firebomb,heal,Yellow,snipe,speed,16,0,0,0,0,16,9974
Red,firebomb,heal,Yellow,snipe,wall,16,16,0,0,0,0,9199
Red,firebomb,heal,Yellow,freeze,heal,16,16,0,0,0,0,8858
Red,firebomb,heal,Yellow,freeze,reinforcements,16,16,0,0,0,0,7150
Red,firebomb,heal,Yellow,freeze,speed,16,0,0,0,0,16,9720
Red,firebomb,heal,Yellow,freeze,wall,16,16,0,0,0,0,8843
Red,firebomb,reinforcements,Black,nuke,heal,16,16,0,0,0,0,7558
Red,firebomb,reinforcements,Black,nuke,reinforcements,16,16,0,0,0,0,5974
Red,firebomb,reinforcements,Black,nuke,speed,16,16,0,0,0,0,9053
Red,firebomb,reinforcements,Black,nuke,wall,16,16,0,0,0,0,8120
Red,firebomb,reinforcements,Black,firebomb,heal,16,16,0,0,0,0,6351
Red,firebomb,reinforcements,Black,firebomb,reinforcements,16,16,0,0,0,0,5956
Red,firebomb,reinforcements,Black,firebomb,speed,16,0,0,0,0,16,12899
Red,firebomb,reinforcements,Black,firebomb,wall,16,16,0,0,0,0,7592
Red,firebomb,reinforcements,Black,snipe,heal,16,16,0,0,0,0,6837
Red,firebomb,reinforcements,Black,snipe,reinforcements,16,16,0,0,0,0,6090
Red,firebomb,reinforcements,Black,snipe,speed,16,0,0,0,0,16,7704
Red,firebomb,reinforcements,Black,snipe,wall,16,16,0,0,0,0,6991
Red,firebomb,reinforcements,Black,freeze,heal,16,16,0,0,0,0,6257
Red,firebomb,reinforcements,Black,freeze,reinforcements,16,16,0,0,0,0,6386
Red,firebomb,reinforcements,Black,freeze,speed,16,16,0,0,0,0,5353
Red,firebomb,reinforcements,Black,freeze,wall,16,16,0,0,0,0,8083
Red,firebomb,reinforcements,Blue,nuke,heal,16,16,0,0,0,0,4444
Red,firebomb,reinforcements,Blue,nuke,reinforcements,16,16,0,0,0,0,5959
Red,firebomb,reinforcements,Blue,nuke,speed,16,0,0,0,0,16,5863
Red,firebomb,reinforcements,Blue,nuke,wall,16,16,0,0,0,0,9242
Red,firebomb,reinforcements,Blue,firebomb,heal,16,0,0,0,0,16,6144
Red,firebomb,reinforcements,Blue,firebomb,reinforcements,16,16,0,0,0,0,6069
Red,firebomb,reinforcements,Blue,firebomb,speed,16,0,0,0,0,16,6177
Red,firebomb,reinforcements,Blue,firebomb,wall,16,16,0,0,0,0,8042
Red,firebomb,reinforcements,Blue,snipe,heal,16,0,0,0,0,16,5516
Red,firebomb,reinforcements,Blue,snipe,reinforcements,16,16,0,0,0,0,6676
Red,firebomb,reinforcements,Blue,snipe,speed,16,0,0,0,0,16,6000
Red,firebomb,reinforcements,Blue,snipe,wall,16,0,0,0,0,16,6821
Red,firebomb,reinforcements,Blue,freeze,heal,16,16,0,0,0,0,9672
Red,firebomb,reinforcements,Blue,freeze,reinforcements,16,16,0,0,0,0,10064
Red,firebomb,reinforcements,Blue,freeze,speed,16,0,0,0,0,16,9515
Red,firebomb,reinforcements,Blue,freeze,wall,16,0,0,0,0,16,8361
Red,firebomb,reinforcements,Green,nuke,heal,16,16,0,0,0,0,5584
Red,firebomb,reinforcements,Green,nuke,reinforcements,16,0,0,0,0,16,6193
Red,firebomb,reinforcements,Green,nuke,speed,16,16,0,0,0,0,7730
Red,firebomb,reinforcements,Green,nuke,wall,16,16,0,0,0,0,6474
Red,firebomb,reinforcements,Green,firebomb,heal,16,0,16,0,0,0,18000
Red,firebomb,reinforcements,Green,firebomb,reinforcements,16,0,0,0,0,16,7531
Red,firebomb,reinforcements,Green,firebomb,speed,16,16,0,0,0,0,7152
Red,firebomb,reinforcements,Green,firebomb,wall,16,0,0,0,0,16,6381
Red,firebomb,reinforcements,Green,snipe,heal,16,0,0,0,0,16,5198
Red,firebomb,reinforcements,Green,snipe,reinforcements,16,16,0,0,0,0,8468
Red,firebomb,reinforcements,Green,snipe,speed,16,0,0,0,0,16,5167
Red,firebomb,reinforcements,Green,snipe,wall,16,0,0,0,0,16,6115
