human_team,human_off,human_def,bot_team,bot_off,bot_def,games,bot_decisive_wins,bot_timeout_wins,draws,bot_timeout_losses,bot_decisive_losses,avg_ticks
Red,firebomb,reinforcements,Green,freeze,heal,16,0,0,0,0,16,7789
Red,firebomb,reinforcements,Green,freeze,reinforcements,16,0,0,0,0,16,6405
Red,firebomb,reinforcements,Green,freeze,speed,16,0,0,0,0,16,6010
Red,firebomb,reinforcements,Green,freeze,wall,16,0,0,0,0,16,7374
Red,firebomb,reinforcements,Orange,nuke,heal,16,12,2,0,0,2,12145
Red,firebomb,reinforcements,Orange,nuke,reinforcements,16,16,0,0,0,0,6158
Red,firebomb,reinforcements,Orange,nuke,speed,16,14,0,0,1,1,6368
Red,firebomb,reinforcements,Orange,nuke,wall,16,16,0,0,0,0,7907
Red,firebomb,reinforcements,Orange,firebomb,heal,16,16,0,0,0,0,7863
Red,firebomb,reinforcements,Orange,firebomb,reinforcements,16,16,0,0,0,0,6074
Red,firebomb,reinforcements,Orange,firebomb,speed,16,0,0,0,0,16,8020
Red,firebomb,reinforcements,Orange,firebomb,wall,16,16,0,0,0,0,8966
Red,firebomb,reinforcements,Orange,snipe,heal,16,0,0,0,0,16,10600
Red,firebomb,reinforcements,Orange,snipe,reinforcements,16,16,0,0,0,0,6047
Red,firebomb,reinforcements,Orange,snipe,speed,16,16,0,0,0,0,8943
Red,firebomb,reinforcements,Orange,snipe,wall,16,16,0,0,0,0,8544
Red,firebomb,reinforcements,Orange,freeze,heal,16,7,1,0,5,3,13003
Red,firebomb,reinforcements,Orange,freeze,reinforcements,16,16,0,0,0,0,6329
Red,firebomb,reinforcements,Orange,freeze,speed,16,0,1,0,12,3,16061
Red,firebomb,reinforcements,Orange,freeze,wall,16,16,0,0,0,0,8492
Red,firebomb,reinforcements,Purple,nuke,heal,16,16,0,0,0,0,8017
Red,firebomb,reinforcements,Purple,nuke,reinforcements,16,16,0,0,0,0,5837
Red,firebomb,reinforcements,Purple,nuke,speed,16,16,0,0,0,0,10195
Red,firebomb,reinforcements,Purple,nuke,wall,16,16,0,0,0,0,12155
Red,firebomb,reinforcements,Purple,firebomb,heal,16,16,0,0,0,0,8012
Red,firebomb,reinforcements,Purple,firebomb,reinforcements,16,16,0,0,0,0,5801
Red,firebomb,reinforcements,Purple,firebomb,speed,16,16,0,0,0,0,9337
Red,firebomb,reinforcements,Purple,firebomb,wall,16,0,0,0,16,0,18000
Red,firebomb,reinforcements,Purple,snipe,heal,16,16,0,0,0,0,8327
Red,firebomb,reinforcements,Purple,snipe,reinforcements,16,16,0,0,0,0,5433
Red,firebomb,reinforcements,Purple,snipe,speed,16,16,0,0,0,0,10282
Red,firebomb,reinforcements,Purple,snipe,wall,16,0,0,0,16,0,18000
Red,firebomb,reinforcements,Purple,freeze,heal,16,16,0,0,0,0,9085
Red,firebomb,reinforcements,Purple,freeze,reinforcements,16,16,0,0,0,0,5488
Red,firebomb,reinforcements,Purple,freeze,speed,16,0,0,0,0,16,7620
Red,firebomb,reinforcements,Purple,freeze,wall,16,16,0,0,0,0,8792
Red,firebomb,reinforcements,Red,nuke,heal,16,16,0,0,0,0,7887
Red,firebomb,reinforcements,Red,nuke,reinforcements,16,16,0,0,0,0,4549
Red,firebomb,reinforcements,Red,nuke,speed,16,16,0,0,0,0,5524
Red,firebomb,reinforcements,Red,nuke,wall,16,16,0,0,0,0,7079
Red,firebomb,reinforcements,Red,firebomb,heal,16,16,0,0,0,0,7217
Red,firebomb,reinforcements,Red,firebomb,reinforcements,16,16,0,0,0,0,8890
Red,firebomb,reinforcements,Red,firebomb,speed,16,0,0,0,0,16,7065
Red,firebomb,reinforcements,Red,firebomb,wall,16,16,0,0,0,0,5998
Red,firebomb,reinforcements,Red,snipe,heal,16,0,0,0,0,16,6156
Red,firebomb,reinforcements,Red,snipe,reinforcements,16,0,0,0,0,16,6322
Red,firebomb,reinforcements,Red,snipe,speed,16,0,0,0,0,16,5302
Red,firebomb,reinforcements,Red,snipe,wall,16,16,0,0,0,0,8220
Red,firebomb,reinforcements,Red,freeze,heal,16,16,0,0,0,0,9800
Red,firebomb,reinforcements,Red,freeze,reinforcements,16,16,0,0,0,0,6849
Red,firebomb,reinforcements,Red,freeze,speed,16,0,16,0,0,0,18000
Red,firebomb,reinforcements,Red,freeze,wall,16,16,0,0,0,0,7620
Red,firebomb,reinforcements,White,nuke,heal,16,16,0,0,0,0,6827
Red,firebomb,reinforcements,White,nuke,reinforcements,16,16,0,0,0,0,3998
Red,firebomb,reinforcements,White,nuke,speed,16,16,0,0,0,0,7173
Red,firebomb,reinforcements,White,nuke,wall,16,16,0,0,0,0,5735
Red,firebomb,reinforcements,White,firebomb,heal,16,16,0,0,0,0,7037
Red,firebomb,reinforcements,White,firebomb,reinforcements,16,16,0,0,0,0,4059
Red,firebomb,reinforcements,White,firebomb,speed,16,16,0,0,0,0,6918
Red,firebomb,reinforcements,White,firebomb,wall,16,16,0,0,0,0,5460
Red,firebomb,reinforcements,White,snipe,heal,16,16,0,0,0,0,6840
Red,firebomb,reinforcements,White,snipe,reinforcements,16,16,0,0,0,0,3998
Red,firebomb,reinforcements,White,snipe,speed,16,16,0,0,0,0,7627
Red,firebomb,reinforcements,White,snipe,wall,16,16,0,0,0,0,6758
Red,firebomb,reinforcements,White,freeze,heal,16,16,0,0,0,0,5803
Red,firebomb,reinforcements,White,freeze,reinforcements,16,16,0,0,0,0,4450
Red,firebomb,reinforcements,White,freeze,speed,16,16,0,0,0,0,7464
Red,firebomb,reinforcements,White,freeze,wall,16,16,0,0,0,0,6822
Red,firebomb,reinforcements,Yellow,nuke,heal,16,16,0,0,0,0,7690
Red,firebomb,reinforcements,Yellow,nuke,reinforcements,16,16,0,0,0,0,5746
Red,firebomb,reinforcements,Yellow,nuke,speed,16,16,0,0,0,0,4464
Red,firebomb,reinforcements,Yellow,nuke,wall,16,16,0,0,0,0,8132
Red,firebomb,reinforcements,Yellow,firebomb,heal,16,16,0,0,0,0,7738
Red,firebomb,reinforcements,Yellow,firebomb,reinforcements,16,16,0,0,0,0,5986
Red,firebomb,reinforcements,Yellow,firebomb,speed,16,0,0,0,0,16,6882
Red,firebomb,reinforcements,Yellow,firebomb,wall,16,16,0,0,0,0,8612
Red,firebomb,reinforcements,Yellow,snipe,heal,16,16,0,0,0,0,8093
Red,firebomb,reinforcements,Yellow,snipe,reinforcements,16,16,0,0,0,0,5841
Red,firebomb,reinforcements,Yellow,snipe,speed,16,0,0,0,0,16,5625
Red,firebomb,reinforcements,Yellow,snipe,wall,16,16,0,0,0,0,8982
Red,firebomb,reinforcements,Yellow,freeze,heal,16,16,0,0,0,0,7957
Red,firebomb,reinforcements,Yellow,freeze,reinforcements,16,16,0,0,0,0,6155
Red,firebomb,reinforcements,Yellow,freeze,speed,16,0,0,0,0,16,7007
Red,firebomb,reinforcements,Yellow,freeze,wall,16,16,0,0,0,0,7162
Red,firebomb,speed,Black,nuke,heal,16,16,0,0,0,0,8539
Red,firebomb,speed,Black,nuke,reinforcements,16,16,0,0,0,0,7256
Red,firebomb,speed,Black,nuke,speed,16,16,0,0,0,0,5794
Red,firebomb,speed,Black,nuke,wall,16,16,0,0,0,0,8425
Red,firebomb,speed,Black,firebomb,heal,16,16,0,0,0,0,8457
Red,firebomb,speed,Black,firebomb,reinforcements,16,16,0,0,0,0,6689
Red,firebomb,speed,Black,firebomb,speed,16,16,0,0,0,0,9407
Red,firebomb,speed,Black,firebomb,wall,16,16,0,0,0,0,8758
Red,firebomb,speed,Black,snipe,heal,16,16,0,0,0,0,8425
Red,firebomb,speed,Black,snipe,reinforcements,16,16,0,0,0,0,6968
Red,firebomb,speed,Black,snipe,speed,16,0,16,0,0,0,18000
Red,firebomb,speed,Black,snipe,wall,16,16,0,0,0,0,8350
Red,firebomb,speed,Black,freeze,heal,16,16,0,0,0,0,8199
Red,firebomb,speed,Black,freeze,reinforcements,16,16,0,0,0,0,7107
Red,firebomb,speed,Black,freeze,speed,16,16,0,0,0,0,10052
Red,firebomb,speed,Black,freeze,wall,16,16,0,0,0,0,8207
Red,firebomb,speed,Blue,nuke,heal,16,16,0,0,0,0,8541
Red,firebomb,speed,Blue,nuke,reinforcements,16,16,0,0,0,0,7457
Red,firebomb,speed,Blue,nuke,speed,16,16,0,0,0,0,8958
Red,firebomb,speed,Blue,nuke,wall,16,16,0,0,0,0,8327
Red,firebomb,speed,Blue,firebomb,heal,16,16,0,0,0,0,8446
Red,firebomb,speed,Blue,firebomb,reinforcements,16,16,0,0,0,0,7088
Red,firebomb,speed,Blue,firebomb,speed,16,16,0,0,0,0,9346
Red,firebomb,speed,Blue,firebomb,wall,16,16,0,0,0,0,8645
Red,firebomb,speed,Blue,snipe,heal,16,16,0,0,0,0,9406
Red,firebomb,speed,Blue,snipe,reinforcements,16,16,0,0,0,0,7404
Red,firebomb,speed,Blue,snipe,speed,16,16,0,0,0,0,5777
Red,firebomb,speed,Blue,snipe,wall,16,16,0,0,0,0,9129
Red,firebomb,speed,Blue,freeze,heal,16,16,0,0,0,0,8654
Red,firebomb,speed,Blue,freeze,reinforcements,16,16,0,0,0,0,6934
Red,firebomb,speed,Blue,freeze,speed,16,16,0,0,0,0,9179
Red,firebomb,speed,Blue,freeze,wall,16,16,0,0,0,0,8467
Red,firebomb,speed,Green,nuke,heal,16,16,0,0,0,0,7654
Red,firebomb,speed,Green,nuke,reinforcements,16,16,0,0,0,0,6450
Red,firebomb,speed,Green,nuke,speed,16,16,0,0,0,0,13642
Red,firebomb,speed,Green,nuke,wall,16,16,0,0,0,0,9332
Red,firebomb,speed,Green,firebomb,heal,16,16,0,0,0,0,5825
Red,firebomb,speed,Green,firebomb,reinforcements,16,16,0,0,0,0,6354
Red,firebomb,speed,Green,firebomb,speed,16,16,0,0,0,0,6310
Red,firebomb,speed,Green,firebomb,wall,16,16,0,0,0,0,5457
Red,firebomb,speed,Green,snipe,heal,16,16,0,0,0,0,8659
Red,firebomb,speed,Green,snipe,reinforcements,16,16,0,0,0,0,6426
Red,firebomb,speed,Green,snipe,speed,16,0,0,0,0,16,8750
Red,firebomb,speed,Green,snipe,wall,16,16,0,0,0,0,13657
Red,firebomb,speed,Green,freeze,heal,16,16,0,0,0,0,10430
Red,firebomb,speed,Green,freeze,reinforcements,16,16,0,0,0,0,6624
Red,firebomb,speed,Green,freeze,speed,16,16,0,0,0,0,14889
Red,firebomb,speed,Green,freeze,wall,16,16,0,0,0,0,6117
Red,firebomb,speed,Orange,nuke,heal,16,15,0,0,0,1,8985
Red,firebomb,speed,Orange,nuke,reinforcements,16,16,0,0,0,0,6885
Red,firebomb,speed,Orange,nuke,speed,16,16,0,0,0,0,9521
Red,firebomb,speed,Orange,nuke,wall,16,16,0,0,0,0,8955
Red,firebomb,speed,Orange,firebomb,heal,16,16,0,0,0,0,9154
Red,firebomb,speed,Orange,firebomb,reinforcements,16,16,0,0,0,0,7451
Red,firebomb,speed,Orange,firebomb,speed,16,14,2,0,0,0,12669
Red,firebomb,speed,Orange,firebomb,wall,16,16,0,0,0,0,9011
Red,firebomb,speed,Orange,snipe,heal,16,16,0,0,0,0,10333
Red,firebomb,speed,Orange,snipe,reinforcements,16,0,0,0,0,16,7034
Red,firebomb,speed,Orange,snipe,speed,16,1,12,0,1,2,16490
Red,firebomb,speed,Orange,snipe,wall,16,16,0,0,0,0,10443
Red,firebomb,speed,Orange,freeze,heal,16,16,0,0,0,0,8746
Red,firebomb,speed,Orange,freeze,reinforcements,16,16,0,0,0,0,6891
Red,firebomb,speed,Orange,freeze,speed,16,16,0,0,0,0,10083
Red,firebomb,speed,Orange,freeze,wall,16,16,0,0,0,0,8753
Red,firebomb,speed,Purple,nuke,heal,16,16,0,0,0,0,9769
Red,firebomb,speed,Purple,nuke,reinforcements,16,16,0,0,0,0,5972
Red,firebomb,speed,Purple,nuke,speed,16,16,0,0,0,0,16563
Red,firebomb,speed,Purple,nuke,wall,16,16,0,0,0,0,10239
Red,firebomb,speed,Purple,firebomb,heal,16,16,0,0,0,0,8932
Red,firebomb,speed,Purple,firebomb,reinforcements,16,16,0,0,0,0,5969
Red,firebomb,speed,Purple,firebomb,speed,16,0,16,0,0,0,18000
Red,firebomb,speed,Purple,firebomb,wall,16,16,0,0,0,0,9267
Red,firebomb,speed,Purple,snipe,heal,16,0,0,0,16,0,18000
Red,firebomb,speed,Purple,snipe,reinforcements,16,16,0,0,0,0,5972
Red,firebomb,speed,Purple,snipe,speed,16,0,0,0,0,16,12985
Red,firebomb,speed,Purple,snipe,wall,16,16,0,0,0,0,13742
Red,firebomb,speed,Purple,freeze,heal,16,16,0,0,0,0,9487
Red,firebomb,speed,Purple,freeze,reinforcements,16,16,0,0,0,0,5501
Red,firebomb,speed,Purple,freeze,speed,16,16,0,0,0,0,12292
Red,firebomb,speed,Purple,freeze,wall,16,16,0,0,0,0,9201
Red,firebomb,speed,Red,nuke,heal,16,16,0,0,0,0,9718
Red,firebomb,speed,Red,nuke,reinforcements,16,16,0,0,0,0,6781
Red,firebomb,speed,Red,nuke,speed,16,0,0,0,0,16,6334
Red,firebomb,speed,Red,nuke,wall,16,16,0,0,0,0,8276
Red,firebomb,speed,Red,firebomb,heal,16,16,0,0,0,0,7974
Red,firebomb,speed,Red,firebomb,reinforcements,16,16,0,0,0,0,6669
Red,firebomb,speed,Red,firebomb,speed,16,16,0,0,0,0,8782
Red,firebomb,speed,Red,firebomb,wall,16,16,0,0,0,0,10543
Red,firebomb,speed,Red,snipe,heal,16,0,16,0,0,0,18000
Red,firebomb,speed,Red,snipe,reinforcements,16,0,0,0,0,16,7810
Red,firebomb,speed,Red,snipe,speed,16,0,0,0,0,16,7788
Red,firebomb,speed,Red,snipe,wall,16,0,0,0,0,16,10210
Red,firebomb,speed,Red,freeze,heal,16,16,0,0,0,0,7979
Red,firebomb,speed,Red,freeze,reinforcements,16,0,0,0,0,16,8116
Red,firebomb,speed,Red,freeze,speed,16,16,0,0,0,0,12349
Red,firebomb,speed,Red,freeze,wall,16,16,0,0,0,0,8538
Red,firebomb,speed,White,nuke,heal,16,16,0,0,0,0,6772
Red,firebomb,speed,White,nuke,reinforcements,16,16,0,0,0,0,5428
Red,firebomb,speed,White,nuke,speed,16,16,0,0,0,0,6587
Red,firebomb,speed,White,nuke,wall,16,16,0,0,0,0,5312
Red,firebomb,speed,White,firebomb,heal,16,16,0,0,0,0,7677
Red,firebomb,speed,White,firebomb,reinforcements,16,16,0,0,0,0,5123
Red,firebomb,speed,White,firebomb,speed,16,16,0,0,0,0,7331
Red,firebomb,speed,White,firebomb,wall,16,16,0,0,0,0,7290
Red,firebomb,speed,White,snipe,heal,16,16,0,0,0,0,6578
Red,firebomb,speed,White,snipe,reinforcements,16,16,0,0,0,0,5428
Red,firebomb,speed,White,snipe,speed,16,0,0,0,0,16,10733
Red,firebomb,speed,White,snipe,wall,16,16,0,0,0,0,4785
Red,firebomb,speed,White,freeze,heal,16,16,0,0,0,0,6955
Red,firebomb,speed,White,freeze,reinforcements,16,16,0,0,0,0,5919
Red,firebomb,speed,White,freeze,speed,16,0,0,0,0,16,6687
Red,firebomb,speed,White,freeze,wall,16,16,0,0,0,0,6635
Red,firebomb,speed,Yellow,nuke,heal,16,16,0,0,0,0,8276
Red,firebomb,speed,Yellow,nuke,reinforcements,16,16,0,0,0,0,6639
Red,firebomb,speed,Yellow,nuke,speed,16,16,0,0,0,0,6224
Red,firebomb,speed,Yellow,nuke,wall,16,16,0,0,0,0,8289
Red,firebomb,speed,Yellow,firebomb,heal,16,16,0,0,0,0,8399
Red,firebomb,speed,Yellow,firebomb,reinforcements,16,16,0,0,0,0,6599
Red,firebomb,speed,Yellow,firebomb,speed,16,16,0,0,0,0,7670
Red,firebomb,speed,Yellow,firebomb,wall,16,16,0,0,0,0,9026
Red,firebomb,speed,Yellow,snipe,heal,16,16,0,0,0,0,9032
Red,firebomb,speed,Yellow,snipe,reinforcements,16,16,0,0,0,0,7150
Red,firebomb,speed,Yellow,snipe,speed,16,0,0,0,0,16,9620
Red,firebomb,speed,Yellow,snipe,wall,16,16,0,0,0,0,8157
Red,firebomb,speed,Yellow,freeze,heal,16,16,0,0,0,0,8437
Red,firebomb,speed,Yellow,freeze,reinforcements,16,16,0,0,0,0,6418
Red,firebomb,speed,Yellow,freeze,speed,16,16,0,0,0,0,8504
Red,firebomb,speed,Yellow,freeze,wall,16,16,0,0,0,0,8603
Red,firebomb,wall,Black,nuke,heal,16,16,0,0,0,0,8559
Red,firebomb,wall,Black,nuke,reinforcements,16,16,0,0,0,0,9576
Red,firebomb,wall,Black,nuke,speed,16,0,0,0,0,16,10533
Red,firebomb,wall,Black,nuke,wall,16,16,0,0,0,0,8371
Red,firebomb,wall,Black,firebomb,heal,16,16,0,0,0,0,8464
Red,firebomb,wall,Black,firebomb,reinforcements,16,16,0,0,0,0,7238
Red,firebomb,wall,Black,firebomb,speed,16,0,0,0,0,16,9317
Red,firebomb,wall,Black,firebomb,wall,16,16,0,0,0,0,8519
Red,firebomb,wall,Black,snipe,heal,16,16,0,0,0,0,9349
Red,firebomb,wall,Black,snipe,reinforcements,16,0,0,0,0,16,6683
Red,firebomb,wall,Black,snipe,speed,16,0,0,0,0,16,7921
Red,firebomb,wall,Black,snipe,wall,16,0,0,0,0,16,8530
Red,firebomb,wall,Black,freeze,heal,16,0,0,0,0,16,9709
Red,firebomb,wall,Black,freeze,reinforcements,16,16,0,0,0,0,11402
Red,firebomb,wall,Black,freeze,speed,16,0,0,0,0,16,7022
Red,firebomb,wall,Black,freeze,wall,16,0,0,0,0,16,8164
Red,firebomb,wall,Blue,nuke,heal,16,16,0,0,0,0,5754
Red,firebomb,wall,Blue,nuke,reinforcements,16,16,0,0,0,0,8373
Red,firebomb,wall,Blue,nuke,speed,16,16,0,0,0,0,5814
Red,firebomb,wall,Blue,nuke,wall,16,16,0,0,0,0,5219
Red,firebomb,wall,Blue,firebomb,heal,16,16,0,0,0,0,8372
Red,firebomb,wall,Blue,firebomb,reinforcements,16,16,0,0,0,0,9149
Red,firebomb,wall,Blue,firebomb,speed,16,0,0,0,0,16,9032
Red,firebomb,wall,Blue,firebomb,wall,16,16,0,0,0,0,8466
Red,firebomb,wall,Blue,snipe,heal,16,16,0,0,0,0,9507
Red,firebomb,wall,Blue,snipe,reinforcements,16,16,0,0,0,0,7621
Red,firebomb,wall,Blue,snipe,speed,16,0,0,0,0,16,9506
Red,firebomb,wall,Blue,snipe,wall,16,16,0,0,0,0,9087
Red,firebomb,wall,Blue,freeze,heal,16,16,0,0,0,0,8413
Red,firebomb,wall,Blue,freeze,reinforcements,16,16,0,0,0,0,7950
Red,firebomb,wall,Blue,freeze,speed,16,16,0,0,0,0,9154
Red,firebomb,wall,Blue,freeze,wall,16,16,0,0,0,0,8363
Red,firebomb,wall,Green,nuke,heal,16,16,0,0,0,0,7926
Red,firebomb,wall,Green,nuke,reinforcements,16,0,0,0,0,16,13470
Red,firebomb,wall,Green,nuke,speed,16,16,0,0,0,0,8179
Red,firebomb,wall,Green,nuke,wall,16,16,0,0,0,0,5595
Red,firebomb,wall,Green,firebomb,heal,16,16,0,0,0,0,8957
Red,firebomb,wall,Green,firebomb,reinforcements,16,0,0,0,0,16,9592
Red,firebomb,wall,Green,firebomb,speed,16,0,0,0,0,16,9724
Red,firebomb,wall,Green,firebomb,wall,16,16,0,0,0,0,9230
Red,firebomb,wall,Green,snipe,heal,16,0,0,0,0,16,9551
Red,firebomb,wall,Green,snipe,reinforcements,16,0,0,0,0,16,7935
Red,firebomb,wall,Green,snipe,speed,16,0,0,0,0,16,8849
Red,firebomb,wall,Green,snipe,wall,16,0,0,0,0,16,9370
Red,firebomb,wall,Green,freeze,heal,16,0,0,0,0,16,8199
Red,firebomb,wall,Green,freeze,reinforcements,16,0,0,0,0,16,6213
Red,firebomb,wall,Green,freeze,speed,16,16,0,0,0,0,6010
Red,firebomb,wall,Green,freeze,wall,16,0,0,0,0,16,9949
Red,firebomb,wall,Orange,nuke,heal,16,11,0,1,0,4,9027
Red,firebomb,wall,Orange,nuke,reinforcements,16,0,0,0,0,16,6431
Red,firebomb,wall,Orange,nuke,speed,16,3,0,0,0,13,9637
Red,firebomb,wall,Orange,nuke,wall,16,10,0,0,0,6,7889
Red,firebomb,wall,Orange,firebomb,heal,16,15,0,0,0,1,9105
Red,firebomb,wall,Orange,firebomb,reinforcements,16,13,0,0,1,2,9145
Red,firebomb,wall,Orange,firebomb,speed,16,0,0,0,0,16,9944
Red,firebomb,wall,Orange,firebomb,wall,16,11,0,0,0,5,9076
Red,firebomb,wall,Orange,snipe,heal,16,0,0,0,0,16,9942
Red,firebomb,wall,Orange,snipe,reinforcements,16,9,0,0,2,5,13812
Red,firebomb,wall,Orange,snipe,speed,16,0,0,0,0,16,8613
Red,firebomb,wall,Orange,snipe,wall,16,0,0,0,0,16,9639
Red,firebomb,wall,Orange,freeze,heal,16,14,0,0,0,2,9256
Red,firebomb,wall,Orange,freeze,reinforcements,16,16,0,0,0,0,7670
Red,firebomb,wall,Orange,freeze,speed,16,9,0,0,0,7,10003
Red,firebomb,wall,Orange,freeze,wall,16,16,0,0,0,0,8889
Red,firebomb,wall,Purple,nuke,heal,16,0,0,0,0,16,9096
Red,firebomb,wall,Purple,nuke,reinforcements,16,16,0,0,0,0,7410
Red,firebomb,wall,Purple,nuke,speed,16,16,0,0,0,0,7534
Red,firebomb,wall,Purple,nuke,wall,16,8,0,0,0,8,9302
Red,firebomb,wall,Purple,firebomb,heal,16,4,0,0,0,12,9529
Red,firebomb,wall,Purple,firebomb,reinforcements,16,16,0,0,0,0,6636
Red,firebomb,wall,Purple,firebomb,speed,16,0,0,0,0,16,9576
Red,firebomb,wall,Purple,firebomb,wall,16,0,0,0,0,16,9398
Red,firebomb,wall,Purple,snipe,heal,16,0,0,0,0,16,9278
Red,firebomb,wall,Purple,snipe,reinforcements,16,16,0,0,0,0,6417
Red,firebomb,wall,Purple,snipe,speed,16,0,0,0,0,16,8942
Red,firebomb,wall,Purple,snipe,wall,16,0,0,0,0,16,9729
Red,firebomb,wall,Purple,freeze,heal,16,0,0,0,0,16,9422
Red,firebomb,wall,Purple,freeze,reinforcements,16,16,0,0,0,0,6455
Red,firebomb,wall,Purple,freeze,speed,16,16,0,0,0,0,10402
Red,firebomb,wall,Purple,freeze,wall,16,16,0,0,0,0,9314
Red,firebomb,wall,Red,nuke,heal,16,0,0,0,0,16,9275
Red,firebomb,wall,Red,nuke,reinforcements,16,0,0,0,0,16,5814
Red,firebomb,wall,Red,nuke,speed,16,0,0,0,0,16,8895
Red,firebomb,wall,Red,nuke,wall,16,16,0,0,0,0,8977
Red,firebomb,wall,Red,firebomb,heal,16,0,0,0,0,16,9409
Red,firebomb,wall,Red,firebomb,reinforcements,16,0,0,0,0,16,5789
Red,firebomb,wall,Red,firebomb,speed,16,0,0,0,0,16,7931
Red,firebomb,wall,Red,firebomb,wall,16,0,0,0,0,16,9236
Red,firebomb,wall,Red,snipe,heal,16,0,0,0,0,16,8544
Red,firebomb,wall,Red,snipe,reinforcements,16,0,0,0,0,16,5995
Red,firebomb,wall,Red,snipe,speed,16,0,0,0,0,16,8289
Red,firebomb,wall,Red,snipe,wall,16,0,0,0,0,16,7660
Red,firebomb,wall,Red,freeze,heal,16,16,0,0,0,0,8072
Red,firebomb,wall,Red,freeze,reinforcements,16,0,0,0,0,16,4891
Red,firebomb,wall,Red,freeze,speed,16,0,0,0,0,16,9554
Red,firebomb,wall,Red,freeze,wall,16,16,0,0,0,0,9010
Red,firebomb,wall,White,nuke,heal,16,16,0,0,0,0,5734
Red,firebomb,wall,White,nuke,reinforcements,16,16,0,0,0,0,5301
Red,firebomb,wall,White,nuke,speed,16,16,0,0,0,0,5994
Red,firebomb,wall,White,nuke,wall,16,16,0,0,0,0,7079
Red,firebomb,wall,White,firebomb,heal,16,0,0,0,0,16,7307
Red,firebomb,wall,White,firebomb,reinforcements,16,16,0,0,0,0,5559
Red,firebomb,wall,White,firebomb,speed,16,16,0,0,0,0,8208
Red,firebomb,wall,White,firebomb,wall,16,16,0,0,0,0,7759
Red,firebomb,wall,White,snipe,heal,16,0,0,16,0,0,9799
Red,firebomb,wall,White,snipe,reinforcements,16,16,0,0,0,0,5214
Red,firebomb,wall,White,snipe,speed,16,0,0,0,0,16,7999
Red,firebomb,wall,White,snipe,wall,16,16,0,0,0,0,8897
Red,firebomb,wall,White,freeze,heal,16,16,0,0,0,0,7787
Red,firebomb,wall,White,freeze,reinforcements,16,16,0,0,0,0,5209
Red,firebomb,wall,White,freeze,speed,16,16,0,0,0,0,8158
Red,firebomb,wall,White,freeze,wall,16,16,0,0,0,0,7711
Red,firebomb,wall,Yellow,nuke,heal,16,16,0,0,0,0,10917
Red,firebomb,wall,Yellow,nuke,reinforcements,16,16,0,0,0,0,6137
Red,firebomb,wall,Yellow,nuke,speed,16,15,0,0,0,1,9130
Red,firebomb,wall,Yellow,nuke,wall,16,16,0,0,0,0,8245
Red,firebomb,wall,Yellow,firebomb,heal,16,16,0,0,0,0,8235
Red,firebomb,wall,Yellow,firebomb,reinforcements,16,16,0,0,0,0,6030
Red,firebomb,wall,Yellow,firebomb,speed,16,16,0,0,0,0,9619
Red,firebomb,wall,Yellow,firebomb,wall,16,16,0,0,0,0,8377
Red,firebomb,wall,Yellow,snipe,heal,16,0,0,0,0,16,8406
Red,firebomb,wall,Yellow,snipe,reinforcements,16,16,0,0,0,0,6009
Red,firebomb,wall,Yellow,snipe,speed,16,0,0,0,0,16,9138
Red,firebomb,wall,Yellow,snipe,wall,16,2,0,0,0,14,9499
Red,firebomb,wall,Yellow,freeze,heal,16,16,0,0,0,0,8862
Red,firebomb,wall,Yellow,freeze,reinforcements,16,16,0,0,0,0,8020
Red,firebomb,wall,Yellow,freeze,speed,16,0,0,0,0,16,8035
Red,firebomb,wall,Yellow,freeze,wall,16,16,0,0,0,0,8319
Red,snipe,heal,Black,nuke,heal,16,16,0,0,0,0,7968
Red,snipe,heal,Black,nuke,reinforcements,16,16,0,0,0,0,5440
Red,snipe,heal,Black,nuke,speed,16,16,0,0,0,0,9601
Red,snipe,heal,Black,nuke,wall,16,16,0,0,0,0,7385
Red,snipe,heal,Black,firebomb,heal,16,16,0,0,0,0,8355
Red,snipe,heal,Black,firebomb,reinforcements,16,16,0,0,0,0,6360
Red,snipe,heal,Black,firebomb,speed,16,0,0,0,0,16,15479
Red,snipe,heal,Black,firebomb,wall,16,16,0,0,0,0,7907
Red,snipe,heal,Black,snipe,heal,16,16,0,0,0,0,8090
Red,snipe,heal,Black,snipe,reinforcements,16,16,0,0,0,0,5216
Red,snipe,heal,Black,snipe,speed,16,16,0,0,0,0,11598
Red,snipe,heal,Black,snipe,wall,16,16,0,0,0,0,9107
Red,snipe,heal,Black,freeze,heal,16,16,0,0,0,0,7992
Red,snipe,heal,Black,freeze,reinforcements,16,16,0,0,0,0,6527
Red,snipe,heal,Black,freeze,speed,16,16,0,0,0,0,10363
Red,snipe,heal,Black,freeze,wall,16,16,0,0,0,0,8461
Red,snipe,heal,Blue,nuke,heal,16,14,0,2,0,0,8832
Red,snipe,heal,Blue,nuke,reinforcements,16,16,0,0,0,0,6745
Red,snipe,heal,Blue,nuke,speed,16,16,0,0,0,0,9300
Red,snipe,heal,Blue,nuke,wall,16,16,0,0,0,0,8475
Red,snipe,heal,Blue,firebomb,heal,16,16,0,0,0,0,8400
Red,snipe,heal,Blue,firebomb,reinforcements,16,16,0,0,0,0,6513
Red,snipe,heal,Blue,firebomb,speed,16,16,0,0,0,0,8405
Red,snipe,heal,Blue,firebomb,wall,16,16,0,0,0,0,8304
Red,snipe,heal,Blue,snipe,heal,16,16,0,0,0,0,9548
Red,snipe,heal,Blue,snipe,reinforcements,16,16,0,0,0,0,6563
Red,snipe,heal,Blue,snipe,speed,16,16,0,0,0,0,9004
Red,snipe,heal,Blue,snipe,wall,16,16,0,0,0,0,9500
Red,snipe,heal,Blue,freeze,heal,16,16,0,0,0,0,8613
Red,snipe,heal,Blue,freeze,reinforcements,16,16,0,0,0,0,6361
Red,snipe,heal,Blue,freeze,speed,16,0,0,0,0,16,5163
Red,snipe,heal,Blue,freeze,wall,16,16,0,0,0,0,8420
Red,snipe,heal,Green,nuke,heal,16,0,0,0,0,16,9236
Red,snipe,heal,Green,nuke,reinforcements,16,16,0,0,0,0,5355
Red,snipe,heal,Green,nuke,speed,16,0,0,0,0,16,7503
Red,snipe,heal,Green,nuke,wall,16,16,0,0,0,0,10247
Red,snipe,heal,Green,firebomb,heal,16,16,0,0,0,0,5196
Red,snipe,heal,Green,firebomb,reinforcements,16,16,0,0,0,0,5802
Red,snipe,heal,Green,firebomb,speed,16,16,0,0,0,0,9318
Red,snipe,heal,Green,firebomb,wall,16,16,0,0,0,0,5196
Red,snipe,heal,Green,snipe,heal,16,0,0,0,0,16,10440
Red,snipe,heal,Green,snipe,reinforcements,16,16,0,0,0,0,5475
Red,snipe,heal,Green,snipe,speed,16,0,0,0,0,16,7481
Red,snipe,heal,Green,snipe,wall,16,16,0,0,0,0,7322
Red,snipe,heal,Green,freeze,heal,16,16,0,0,0,0,6664
Red,snipe,heal,Green,freeze,reinforcements,16,16,0,0,0,0,6367
Red,snipe,heal,Green,freeze,speed,16,16,0,0,0,0,5720
Red,snipe,heal,Green,freeze,wall,16,16,0,0,0,0,7014
Red,snipe,heal,Orange,nuke,heal,16,13,0,0,0,3,8876
Red,snipe,heal,Orange,nuke,reinforcements,16,16,0,0,0,0,5788
Red,snipe,heal,Orange,nuke,speed,16,13,2,0,1,0,11362
Red,snipe,heal,Orange,nuke,wall,16,16,0,0,0,0,8857
Red,snipe,heal,Orange,firebomb,heal,16,16,0,0,0,0,8948
Red,snipe,heal,Orange,firebomb,reinforcements,16,16,0,0,0,0,5989
Red,snipe,heal,Orange,firebomb,speed,16,12,1,0,1,2,11097
Red,snipe,heal,Orange,firebomb,wall,16,16,0,0,0,0,8658
Red,snipe,heal,Orange,snipe,heal,16,15,0,0,0,1,11139
Red,snipe,heal,Orange,snipe,reinforcements,16,16,0,0,0,0,5577
Red,snipe,heal,Orange,snipe,speed,16,0,1,0,3,12,10453
Red,snipe,heal,Orange,snipe,wall,16,15,0,0,0,1,10243
Red,snipe,heal,Orange,freeze,heal,16,16,0,0,0,0,9043
Red,snipe,heal,Orange,freeze,reinforcements,16,16,0,0,0,0,5962
Red,snipe,heal,Orange,freeze,speed,16,16,0,0,0,0,9646
Red,snipe,heal,Orange,freeze,wall,16,10,0,0,0,6,7334
Red,snipe,heal,Purple,nuke,heal,16,16,0,0,0,0,9267
Red,snipe,heal,Purple,nuke,reinforcements,16,16,0,0,0,0,6002
Red,snipe,heal,Purple,nuke,speed,16,0,0,0,0,16,9315
Red,snipe,heal,Purple,nuke,wall,16,16,0,0,0,0,8945
Red,snipe,heal,Purple,firebomb,heal,16,16,0,0,0,0,8547
Red,snipe,heal,Purple,firebomb,reinforcements,16,16,0,0,0,0,6097
Red,snipe,heal,Purple,firebomb,speed,16,16,0,0,0,0,11573
Red,snipe,heal,Purple,firebomb,wall,16,16,0,0,0,0,8152
Red,snipe,heal,Purple,snipe,heal,16,16,0,0,0,0,9399
Red,snipe,heal,Purple,snipe,reinforcements,16,16,0,0,0,0,5907
Red,snipe,heal,Purple,snipe,speed,16,0,0,0,0,16,8536
Red,snipe,heal,Purple,snipe,wall,16,16,0,0,0,0,9219
Red,snipe,heal,Purple,freeze,heal,16,16,0,0,0,0,6840
Red,snipe,heal,Purple,freeze,reinforcements,16,16,0,0,0,0,6272
Red,snipe,heal,Purple,freeze,speed,16,16,0,0,0,0,15141
Red,snipe,heal,Purple,freeze,wall,16,16,0,0,0,0,9082
Red,snipe,heal,Red,nuke,heal,16,16,0,0,0,0,8218
Red,snipe,heal,Red,nuke,reinforcements,16,0,0,0,0,16,6434
Red,snipe,heal,Red,nuke,speed,16,0,0,0,0,16,8562
Red,snipe,heal,Red,nuke,wall,16,16,0,0,0,0,8449
Red,snipe,heal,Red,firebomb,heal,16,16,0,0,0,0,8204
Red,snipe,heal,Red,firebomb,reinforcements,16,16,0,0,0,0,6783
Red,snipe,heal,Red,firebomb,speed,16,0,0,0,16,0,18000
Red,snipe,heal,Red,firebomb,wall,16,16,0,0,0,0,8918
Red,snipe,heal,Red,snipe,heal,16,0,0,16,0,0,11659
Red,snipe,heal,Red,snipe,reinforcements,16,0,0,0,0,16,6359
Red,snipe,heal,Red,snipe,speed,16,0,0,0,0,16,7598
Red,snipe,heal,Red,snipe,wall,16,0,0,0,0,16,10297
Red,snipe,heal,Red,freeze,heal,16,16,0,0,0,0,9034
Red,snipe,heal,Red,freeze,reinforcements,16,16,0,0,0,0,5258
Red,snipe,heal,Red,freeze,speed,16,16,0,0,0,0,7910
Red,snipe,heal,Red,freeze,wall,16,16,0,0,0,0,8973
Red,snipe,heal,White,nuke,heal,16,16,0,0,0,0,7676
Red,snipe,heal,White,nuke,reinforcements,16,16,0,0,0,0,4359
Red,snipe,heal,White,nuke,speed,16,16,0,0,0,0,7976
Red,snipe,heal,White,nuke,wall,16,16,0,0,0,0,7552
Red,snipe,heal,White,firebomb,heal,16,16,0,0,0,0,5188
Red,snipe,heal,White,firebomb,reinforcements,16,16,0,0,0,0,4959
Red,snipe,heal,White,firebomb,speed,16,16,0,0,0,0,5016
Red,snipe,heal,White,firebomb,wall,16,16,0,0,0,0,7144
Red,snipe,heal,White,snipe,heal,16,16,0,0,0,0,7909
Red,snipe,heal,White,snipe,reinforcements,16,16,0,0,0,0,4264
Red,snipe,heal,White,snipe,speed,16,16,0,0,0,0,5114
Red,snipe,heal,White,snipe,wall,16,16,0,0,0,0,7854
Red,snipe,heal,White,freeze,heal,16,16,0,0,0,0,7879
Red,snipe,heal,White,freeze,reinforcements,16,16,0,0,0,0,5094
Red,snipe,heal,White,freeze,speed,16,16,0,0,0,0,8045
Red,snipe,heal,White,freeze,wall,16,16,0,0,0,0,7821
Red,snipe,heal,Yellow,nuke,heal,16,16,0,0,0,0,8335
Red,snipe,heal,Yellow,nuke,reinforcements,16,16,0,0,0,0,5564
Red,snipe,heal,Yellow,nuke,speed,16,16,0,0,0,0,7719
Red,snipe,heal,Yellow,nuke,wall,16,16,0,0,0,0,8290
Red,snipe,heal,Yellow,firebomb,heal,16,16,0,0,0,0,8319
Red,snipe,heal,Yellow,firebomb,reinforcements,16,16,0,0,0,0,5779
Red,snipe,heal,Yellow,firebomb,speed,16,16,0,0,0,0,7844
Red,snipe,heal,Yellow,firebomb,wall,16,16,0,0,0,0,8212
Red,snipe,heal,Yellow,snipe,heal,16,16,0,0,0,0,9112
Red,snipe,heal,Yellow,snipe,reinforcements,16,16,0,0,0,0,5266
Red,snipe,heal,Yellow,snipe,speed,16,0,0,0,0,16,6895
Red,snipe,heal,Yellow,snipe,wall,16,16,0,0,0,0,9055
Red,snipe,heal,Yellow,freeze,heal,16,16,0,0,0,0,8574
Red,snipe,heal,Yellow,freeze,reinforcements,16,16,0,0,0,0,5142
Red,snipe,heal,Yellow,freeze,speed,16,16,0,0,0,0,10119
Red,snipe,heal,Yellow,freeze,wall,16,16,0,0,0,0,8311
Red,snipe,reinforcements,Black,nuke,heal,16,16,0,0,0,0,6102
Red,snipe,reinforcements,Black,nuke,reinforcements,16,16,0,0,0,0,5254
Red,snipe,reinforcements,Black,nuke,speed,16,16,0,0,0,0,7097
Red,snipe,reinforcements,Black,nuke,wall,16,16,0,0,0,0,6225
Red,snipe,reinforcements,Black,firebomb,heal,16,16,0,0,0,0,6217
Red,snipe,reinforcements,Black,firebomb,reinforcements,16,16,0,0,0,0,5895
Red,snipe,reinforcements,Black,firebomb,speed,16,0,0,0,0,16,6696
Red,snipe,reinforcements,Black,firebomb,wall,16,16,0,0,0,0,7156
Red,snipe,reinforcements,Black,snipe,heal,16,16,0,0,0,0,6464
Red,snipe,reinforcements,Black,snipe,reinforcements,16,16,0,0,0,0,5636
Red,snipe,reinforcements,Black,snipe,speed,16,0,0,0,0,16,7014
Red,snipe,reinforcements,Black,snipe,wall,16,16,0,0,0,0,6567
Red,snipe,reinforcements,Black,freeze,heal,16,16,0,0,0,0,6159
Red,snipe,reinforcements,Black,freeze,reinforcements,16,16,0,0,0,0,5441
Red,snipe,reinforcements,Black,freeze,speed,16,16,0,0,0,0,5927
Red,snipe,reinforcements,Black,freeze,wall,16,16,0,0,0,0,6455
Red,snipe,reinforcements,Blue,nuke,heal,16,16,0,0,0,0,4434
Red,snipe,reinforcements,Blue,nuke,reinforcements,16,16,0,0,0,0,7473
Red,snipe,reinforcements,Blue,nuke,speed,16,0,0,0,0,16,5530
Red,snipe,reinforcements,Blue,nuke,wall,16,0,0,0,0,16,4106
Red,snipe,reinforcements,Blue,firebomb,heal,16,0,0,0,0,16,6363
Red,snipe,reinforcements,Blue,firebomb,reinforcements,16,16,0,0,0,0,7886
Red,snipe,reinforcements,Blue,firebomb,speed,16,0,0,0,0,16,6119
Red,snipe,reinforcements,Blue,firebomb,wall,16,16,0,0,0,0,7606
Red,snipe,reinforcements,Blue,snipe,heal,16,0,0,0,0,16,5017
Red,snipe,reinforcements,Blue,snipe,reinforcements,16,16,0,0,0,0,7629
Red,snipe,reinforcements,Blue,snipe,speed,16,0,0,0,0,16,4993
Red,snipe,reinforcements,Blue,snipe,wall,16,0,0,0,0,16,6311
Red,snipe,reinforcements,Blue,freeze,heal,16,16,0,0,0,0,10420
Red,snipe,reinforcements,Blue,freeze,reinforcements,16,16,0,0,0,0,8846
Red,snipe,reinforcements,Blue,freeze,speed,16,16,0,0,0,0,14731
Red,snipe,reinforcements,Blue,freeze,wall,16,0,0,0,0,16,6735
Red,snipe,reinforcements,Green,nuke,heal,16,16,0,0,0,0,5424
Red,snipe,reinforcements,Green,nuke,reinforcements,16,16,0,0,0,0,7293
Red,snipe,reinforcements,Green,nuke,speed,16,16,0,0,0,0,3739
Red,snipe,reinforcements,Green,nuke,wall,16,0,0,0,0,16,7523
Red,snipe,reinforcements,Green,firebomb,heal,16,16,0,0,0,0,8897
Red,snipe,reinforcements,Green,firebomb,reinforcements,16,0,0,0,0,16,7515
Red,snipe,reinforcements,Green,firebomb,speed,16,0,0,0,0,16,7210
Red,snipe,reinforcements,Green,firebomb,wall,16,0,0,0,0,16,7155
Red,snipe,reinforcements,Green,snipe,heal,16,0,0,0,0,16,4875
Red,snipe,reinforcements,Green,snipe,reinforcements,16,0,0,0,0,16,6905
Red,snipe,reinforcements,Green,snipe,speed,16,0,0,0,0,16,5080
Red,snipe,reinforcements,Green,snipe,wall,16,0,0,0,0,16,4526
Red,snipe,reinforcements,Green,freeze,heal,16,16,0,0,0,0,11273
Red,snipe,reinforcements,Green,freeze,reinforcements,16,16,0,0,0,0,7439
Red,snipe,reinforcements,Green,freeze,speed,16,0,0,0,0,16,6896
Red,snipe,reinforcements,Green,freeze,wall,16,0,0,0,0,16,7232
Red,snipe,reinforcements,Orange,nuke,heal,16,16,0,0,0,0,6146
Red,snipe,reinforcements,Orange,nuke,reinforcements,16,16,0,0,0,0,7325
Red,snipe,reinforcements,Orange,nuke,speed,16,14,0,0,0,2,8098
Red,snipe,reinforcements,Orange,nuke,wall,16,16,0,0,0,0,7003
Red,snipe,reinforcements,Orange,firebomb,heal,16,16,0,0,0,0,6229
Red,snipe,reinforcements,Orange,firebomb,reinforcements,16,16,0,0,0,0,6312
Red,snipe,reinforcements,Orange,firebomb,speed,16,16,0,0,0,0,7822
Red,snipe,reinforcements,Orange,firebomb,wall,16,16,0,0,0,0,7030
Red,snipe,reinforcements,Orange,snipe,heal,16,16,0,0,0,0,6248
Red,snipe,reinforcements,Orange,snipe,reinforcements,16,0,0,0,0,16,7405
Red,snipe,reinforcements,Orange,snipe,speed,16,13,0,0,0,3,7916
Red,snipe,reinforcements,Orange,snipe,wall,16,16,0,0,0,0,6284
Red,snipe,reinforcements,Orange,freeze,heal,16,14,2,0,0,0,11909
Red,snipe,reinforcements,Orange,freeze,reinforcements,16,16,0,0,0,0,6290
Red,snipe,reinforcements,Orange,freeze,speed,16,1,3,0,10,2,16936
Red,snipe,reinforcements,Orange,freeze,wall,16,16,0,0,0,0,6707
Red,snipe,reinforcements,Purple,nuke,heal,16,16,0,0,0,0,5989
Red,snipe,reinforcements,Purple,nuke,reinforcements,16,16,0,0,0,0,5982
Red,snipe,reinforcements,Purple,nuke,speed,16,16,0,0,0,0,6725
Red,snipe,reinforcements,Purple,nuke,wall,16,16,0,0,0,0,6477
Red,snipe,reinforcements,Purple,firebomb,heal,16,16,0,0,0,0,7912
Red,snipe,reinforcements,Purple,firebomb,reinforcements,16,16,0,0,0,0,5277
Red,snipe,reinforcements,Purple,firebomb,speed,16,16,0,0,0,0,8901
Red,snipe,reinforcements,Purple,firebomb,wall,16,16,0,0,0,0,6262
Red,snipe,reinforcements,Purple,snipe,heal,16,16,0,0,0,0,6072
Red,snipe,reinforcements,Purple,snipe,reinforcements,16,16,0,0,0,0,6322
Red,snipe,reinforcements,Purple,snipe,speed,16,16,0,0,0,0,8197
Red,snipe,reinforcements,Purple,snipe,wall,16,16,0,0,0,0,6202
Red,snipe,reinforcements,Purple,freeze,heal,16,16,0,0,0,0,5250
Red,snipe,reinforcements,Purple,freeze,reinforcements,16,16,0,0,0,0,5412
Red,snipe,reinforcements,Purple,freeze,speed,16,16,0,0,0,0,7095
Red,snipe,reinforcements,Purple,freeze,wall,16,16,0,0,0,0,6282
Red,snipe,reinforcements,Red,nuke,heal,16,16,0,0,0,0,6240
Red,snipe,reinforcements,Red,nuke,reinforcements,16,16,0,0,0,0,4769
Red,snipe,reinforcements,Red,nuke,speed,16,0,0,0,0,16,6967
Red,snipe,reinforcements,Red,nuke,wall,16,16,0,0,0,0,6442
Red,snipe,reinforcements,Red,firebomb,heal,16,16,0,0,0,0,6032
Red,snipe,reinforcements,Red,firebomb,reinforcements,16,16,0,0,0,0,5867
Red,snipe,reinforcements,Red,firebomb,speed,16,16,0,0,0,0,7487
Red,snipe,reinforcements,Red,firebomb,wall,16,16,0,0,0,0,6154
Red,snipe,reinforcements,Red,snipe,heal,16,0,0,0,0,16,6475
Red,snipe,reinforcements,Red,snipe,reinforcements,16,0,0,0,0,16,12095
Red,snipe,reinforcements,Red,snipe,speed,16,0,0,0,0,16,5174
Red,snipe,reinforcements,Red,snipe,wall,16,0,0,0,0,16,7175
Red,snipe,reinforcements,Red,freeze,heal,16,16,0,0,0,0,8108
Red,snipe,reinforcements,Red,freeze,reinforcements,16,16,0,0,0,0,6736
Red,snipe,reinforcements,Red,freeze,speed,16,0,0,0,0,16,6273
Red,snipe,reinforcements,Red,freeze,wall,16,16,0,0,0,0,6030
Red,snipe,reinforcements,White,nuke,heal,16,16,0,0,0,0,6250
Red,snipe,reinforcements,White,nuke,reinforcements,16,16,0,0,0,0,4094
Red,snipe,reinforcements,White,nuke,speed,16,16,0,0,0,0,6834
Red,snipe,reinforcements,White,nuke,wall,16,16,0,0,0,0,6187
Red,snipe,reinforcements,White,firebomb,heal,16,16,0,0,0,0,5873
Red,snipe,reinforcements,White,firebomb,reinforcements,16,16,0,0,0,0,4935
Red,snipe,reinforcements,White,firebomb,speed,16,16,0,0,0,0,6660
Red,snipe,reinforcements,White,firebomb,wall,16,16,0,0,0,0,5720
Red,snipe,reinforcements,White,snipe,heal,16,16,0,0,0,0,6737
Red,snipe,reinforcements,White,snipe,reinforcements,16,16,0,0,0,0,4782
Red,snipe,reinforcements,White,snipe,speed,16,16,0,0,0,0,6254
Red,snipe,reinforcements,White,snipe,wall,16,16,0,0,0,0,6782
Red,snipe,reinforcements,White,freeze,heal,16,16,0,0,0,0,5225
Red,snipe,reinforcements,White,freeze,reinforcements,16,16,0,0,0,0,4468
Red,snipe,reinforcements,White,freeze,speed,16,16,0,0,0,0,5919
Red,snipe,reinforcements,White,freeze,wall,16,16,0,0,0,0,6575
Red,snipe,reinforcements,Yellow,nuke,heal,16,16,0,0,0,0,6452
Red,snipe,reinforcements,Yellow,nuke,reinforcements,16,16,0,0,0,0,5131
Red,snipe,reinforcements,Yellow,nuke,speed,16,16,0,0,0,0,4334
Red,snipe,reinforcements,Yellow,nuke,wall,16,16,0,0,0,0,6757
Red,snipe,reinforcements,Yellow,firebomb,heal,16,16,0,0,0,0,6283
Red,snipe,reinforcements,Yellow,firebomb,reinforcements,16,16,0,0,0,0,5137
Red,snipe,reinforcements,Yellow,firebomb,speed,16,0,0,0,0,16,6160
Red,snipe,reinforcements,Yellow,firebomb,wall,16,16,0,0,0,0,6404
Red,snipe,reinforcements,Yellow,snipe,heal,16,0,0,0,0,16,9166
Red,snipe,reinforcements,Yellow,snipe,reinforcements,16,16,0,0,0,0,5941
Red,snipe,reinforcements,Yellow,snipe,speed,16,0,0,0,0,16,5560
Red,snipe,reinforcements,Yellow,snipe,wall,16,16,0,0,0,0,6617
Red,snipe,reinforcements,Yellow,freeze,heal,16,16,0,0,0,0,6515
Red,snipe,reinforcements,Yellow,freeze,reinforcements,16,16,0,0,0,0,5250
Red,snipe,reinforcements,Yellow,freeze,speed,16,16,0,0,0,0,7972
Red,snipe,reinforcements,Yellow,freeze,wall,16,16,0,0,0,0,6985
Red,snipe,speed,Black,nuke,heal,16,16,0,0,0,0,5737
Red,snipe,speed,Black,nuke,reinforcements,16,16,0,0,0,0,5807
Red,snipe,speed,Black,nuke,speed,16,16,0,0,0,0,5649
Red,snipe,speed,Black,nuke,wall,16,16,0,0,0,0,7740
Red,snipe,speed,Black,firebomb,heal,16,16,0,0,0,0,6974
Red,snipe,speed,Black,firebomb,reinforcements,16,16,0,0,0,0,5270
Red,snipe,speed,Black,firebomb,speed,16,16,0,0,0,0,7700
Red,snipe,speed,Black,firebomb,wall,16,16,0,0,0,0,7394
Red,snipe,speed,Black,snipe,heal,16,16,0,0,0,0,5749
Red,snipe,speed,Black,snipe,reinforcements,16,16,0,0,0,0,5270
Red,snipe,speed,Black,snipe,speed,16,0,0,0,16,0,18000
Red,snipe,speed,Black,snipe,wall,16,16,0,0,0,0,7826
Red,snipe,speed,Black,freeze,heal,16,16,0,0,0,0,7914
Red,snipe,speed,Black,freeze,reinforcements,16,16,0,0,0,0,5525
Red,snipe,speed,Black,freeze,speed,16,16,0,0,0,0,7694
Red,snipe,speed,Black,freeze,wall,16,16,0,0,0,0,7727
Red,snipe,speed,Blue,nuke,heal,16,16,0,0,0,0,7839
Red,snipe,speed,Blue,nuke,reinforcements,16,16,0,0,0,0,6079
Red,snipe,speed,Blue,nuke,speed,16,16,0,0,0,0,8410
Red,snipe,speed,Blue,nuke,wall,16,16,0,0,0,0,8587
Red,snipe,speed,Blue,firebomb,heal,16,16,0,0,0,0,8332
Red,snipe,speed,Blue,firebomb,reinforcements,16,16,0,0,0,0,6689
Red,snipe,speed,Blue,firebomb,speed,16,16,0,0,0,0,9392
Red,snipe,speed,Blue,firebomb,wall,16,16,0,0,0,0,8522
Red,snipe,speed,Blue,snipe,heal,16,16,0,0,0,0,8347
Red,snipe,speed,Blue,snipe,reinforcements,16,16,0,0,0,0,5979
Red,snipe,speed,Blue,snipe,speed,16,16,0,0,0,0,6533
Red,snipe,speed,Blue,snipe,wall,16,16,0,0,0,0,9037
Red,snipe,speed,Blue,freeze,heal,16,16,0,0,0,0,7819
Red,snipe,speed,Blue,freeze,reinforcements,16,16,0,0,0,0,5766
Red,snipe,speed,Blue,freeze,speed,16,16,0,0,0,0,7065
Red,snipe,speed,Blue,freeze,wall,16,16,0,0,0,0,8543
Red,snipe,speed,Green,nuke,heal,16,16,0,0,0,0,5665
Red,snipe,speed,Green,nuke,reinforcements,16,16,0,0,0,0,5125
Red,snipe,speed,Green,nuke,speed,16,16,0,0,0,0,6844
Red,snipe,speed,Green,nuke,wall,16,16,0,0,0,0,5634
Red,snipe,speed,Green,firebomb,heal,16,16,0,0,0,0,7538
Red,snipe,speed,Green,firebomb,reinforcements,16,16,0,0,0,0,5549
Red,snipe,speed,Green,firebomb,speed,16,16,0,0,0,0,6403
Red,snipe,speed,Green,firebomb,wall,16,16,0,0,0,0,6488
Red,snipe,speed,Green,snipe,heal,16,16,0,0,0,0,5483
Red,snipe,speed,Green,snipe,reinforcements,16,16,0,0,0,0,5137
Red,snipe,speed,Green,snipe,speed,16,16,0,0,0,0,11553
Red,snipe,speed,Green,snipe,wall,16,16,0,0,0,0,6254
Red,snipe,speed,Green,freeze,heal,16,16,0,0,0,0,5950
Red,snipe,speed,Green,freeze,reinforcements,16,16,0,0,0,0,5438
Red,snipe,speed,Green,freeze,speed,16,16,0,0,0,0,6037
Red,snipe,speed,Green,freeze,wall,16,16,0,0,0,0,5577
Red,snipe,speed,Orange,nuke,heal,16,16,0,0,0,0,7656
Red,snipe,speed,Orange,nuke,reinforcements,16,16,0,0,0,0,6197
Red,snipe,speed,Orange,nuke,speed,16,16,0,0,0,0,7885
Red,snipe,speed,Orange,nuke,wall,16,16,0,0,0,0,7969
Red,snipe,speed,Orange,firebomb,heal,16,16,0,0,0,0,7521
Red,snipe,speed,Orange,firebomb,reinforcements,16,16,0,0,0,0,5200
Red,snipe,speed,Orange,firebomb,speed,16,16,0,0,0,0,9108
Red,snipe,speed,Orange,firebomb,wall,16,16,0,0,0,0,7883
Red,snipe,speed,Orange,snipe,heal,16,16,0,0,0,0,8121
Red,snipe,speed,Orange,snipe,reinforcements,16,16,0,0,0,0,5907
Red,snipe,speed,Orange,snipe,speed,16,16,0,0,0,0,9254
Red,snipe,speed,Orange,snipe,wall,16,16,0,0,0,0,8367
Red,snipe,speed,Orange,freeze,heal,16,16,0,0,0,0,7579
Red,snipe,speed,Orange,freeze,reinforcements,16,16,0,0,0,0,5953
Red,snipe,speed,Orange,freeze,speed,16,16,0,0,0,0,8364
Red,snipe,speed,Orange,freeze,wall,16,16,0,0,0,0,7784
Red,snipe,speed,Purple,nuke,heal,16,16,0,0,0,0,7354
Red,snipe,speed,Purple,nuke,reinforcements,16,16,0,0,0,0,5146
Red,snipe,speed,Purple,nuke,speed,16,16,0,0,0,0,9070
Red,snipe,speed,Purple,nuke,wall,16,16,0,0,0,0,7469
Red,snipe,speed,Purple,firebomb,heal,16,16,0,0,0,0,7212
Red,snipe,speed,Purple,firebomb,reinforcements,16,16,0,0,0,0,5467
Red,snipe,speed,Purple,firebomb,speed,16,16,0,0,0,0,9049
Red,snipe,speed,Purple,firebomb,wall,16,16,0,0,0,0,6615
Red,snipe,speed,Purple,snipe,heal,16,16,0,0,0,0,10249
Red,snipe,speed,Purple,snipe,reinforcements,16,16,0,0,0,0,5104
Red,snipe,speed,Purple,snipe,speed,16,0,0,0,16,0,18000
Red,snipe,speed,Purple,snipe,wall,16,16,0,0,0,0,9002
Red,snipe,speed,Purple,freeze,heal,16,16,0,0,0,0,6634
Red,snipe,speed,Purple,freeze,reinforcements,16,16,0,0,0,0,5440
Red,snipe,speed,Purple,freeze,speed,16,16,0,0,0,0,10575
Red,snipe,speed,Purple,freeze,wall,16,16,0,0,0,0,7657
Red,snipe,speed,Red,nuke,heal,16,16,0,0,0,0,5223
Red,snipe,speed,Red,nuke,reinforcements,16,16,0,0,0,0,5096
Red,snipe,speed,Red,nuke,speed,16,16,0,0,0,0,9376
Red,snipe,speed,Red,nuke,wall,16,16,0,0,0,0,5364
Red,snipe,speed,Red,firebomb,heal,16,16,0,0,0,0,5975
Red,snipe,speed,Red,firebomb,reinforcements,16,16,0,0,0,0,4957
Red,snipe,speed,Red,firebomb,speed,16,16,0,0,0,0,8519
Red,snipe,speed,Red,firebomb,wall,16,16,0,0,0,0,7675
Red,snipe,speed,Red,snipe,heal,16,16,0,0,0,0,7344
Red,snipe,speed,Red,snipe,reinforcements,16,16,0,0,0,0,5044
Red,snipe,speed,Red,snipe,speed,16,0,0,16,0,0,18000
Red,snipe,speed,Red,snipe,wall,16,16,0,0,0,0,7978
Red,snipe,speed,Red,freeze,heal,16,16,0,0,0,0,4425
Red,snipe,speed,Red,freeze,reinforcements,16,16,0,0,0,0,5178
Red,snipe,speed,Red,freeze,speed,16,16,0,0,0,0,6995
Red,snipe,speed,Red,freeze,wall,16,16,0,0,0,0,7166
Red,snipe,speed,White,nuke,heal,16,16,0,0,0,0,6439
Red,snipe,speed,White,nuke,reinforcements,16,16,0,0,0,0,5114
Red,snipe,speed,White,nuke,speed,16,16,0,0,0,0,6852
Red,snipe,speed,White,nuke,wall,16,16,0,0,0,0,6494
Red,snipe,speed,White,firebomb,heal,16,16,0,0,0,0,6313
Red,snipe,speed,White,firebomb,reinforcements,16,16,0,0,0,0,5214
Red,snipe,speed,White,firebomb,speed,16,16,0,0,0,0,7014
Red,snipe,speed,White,firebomb,wall,16,16,0,0,0,0,6852
Red,snipe,speed,White,snipe,heal,16,16,0,0,0,0,6650
Red,snipe,speed,White,snipe,reinforcements,16,16,0,0,0,0,5204
Red,snipe,speed,White,snipe,speed,16,16,0,0,0,0,7044
Red,snipe,speed,White,snipe,wall,16,16,0,0,0,0,7088
Red,snipe,speed,White,freeze,heal,16,16,0,0,0,0,7517
Red,snipe,speed,White,freeze,reinforcements,16,16,0,0,0,0,5207
Red,snipe,speed,White,freeze,speed,16,16,0,0,0,0,7920
Red,snipe,speed,White,freeze,wall,16,16,0,0,0,0,6624
Red,snipe,speed,Yellow,nuke,heal,16,16,0,0,0,0,8293
Red,snipe,speed,Yellow,nuke,reinforcements,16,16,0,0,0,0,5363
Red,snipe,speed,Yellow,nuke,speed,16,16,0,0,0,0,5969
Red,snipe,speed,Yellow,nuke,wall,16,16,0,0,0,0,5875
Red,snipe,speed,Yellow,firebomb,heal,16,16,0,0,0,0,7066
Red,snipe,speed,Yellow,firebomb,reinforcements,16,16,0,0,0,0,5745
Red,snipe,speed,Yellow,firebomb,speed,16,16,0,0,0,0,7034
Red,snipe,speed,Yellow,firebomb,wall,16,16,0,0,0,0,6959
Red,snipe,speed,Yellow,snipe,heal,16,16,0,0,0,0,5815
Red,snipe,speed,Yellow,snipe,reinforcements,16,16,0,0,0,0,5994
Red,snipe,speed,Yellow,snipe,speed,16,16,0,0,0,0,5897
Red,snipe,speed,Yellow,snipe,wall,16,16,0,0,0,0,6039
Red,snipe,speed,Yellow,freeze,heal,16,16,0,0,0,0,5935
Red,snipe,speed,Yellow,freeze,reinforcements,16,16,0,0,0,0,5933
Red,snipe,speed,Yellow,freeze,speed,16,16,0,0,0,0,6195
Red,snipe,speed,Yellow,freeze,wall,16,16,0,0,0,0,5706
Red,snipe,wall,Black,nuke,heal,16,16,0,0,0,0,8316
Red,snipe,wall,Black,nuke,reinforcements,16,16,0,0,0,0,5994
Red,snipe,wall,Black,nuke,speed,16,16,0,0,0,0,10222
Red,snipe,wall,Black,nuke,wall,16,16,0,0,0,0,9200
Red,snipe,wall,Black,firebomb,heal,16,16,0,0,0,0,8390
Red,snipe,wall,Black,firebomb,reinforcements,16,16,0,0,0,0,6613
Red,snipe,wall,Black,firebomb,speed,16,16,0,0,0,0,9437
Red,snipe,wall,Black,firebomb,wall,16,16,0,0,0,0,8282
Red,snipe,wall,Black,snipe,heal,16,16,0,0,0,0,9137
Red,snipe,wall,Black,snipe,reinforcements,16,16,0,0,0,0,6950
Red,snipe,wall,Black,snipe,speed,16,16,0,0,0,0,11358
Red,snipe,wall,Black,snipe,wall,16,16,0,0,0,0,8743
Red,snipe,wall,Black,freeze,heal,16,16,0,0,0,0,8265
Red,snipe,wall,Black,freeze,reinforcements,16,16,0,0,0,0,6114
Red,snipe,wall,Black,freeze,speed,16,16,0,0,0,0,9092
Red,snipe,wall,Black,freeze,wall,16,16,0,0,0,0,8550
Red,snipe,wall,Blue,nuke,heal,16,16,0,0,0,0,5864
Red,snipe,wall,Blue,nuke,reinforcements,16,16,0,0,0,0,7180
Red,snipe,wall,Blue,nuke,speed,16,16,0,0,0,0,9303
Red,snipe,wall,Blue,nuke,wall,16,16,0,0,0,0,5849
Red,snipe,wall,Blue,firebomb,heal,16,16,0,0,0,0,8218
Red,snipe,wall,Blue,firebomb,reinforcements,16,16,0,0,0,0,7963
Red,snipe,wall,Blue,firebomb,speed,16,16,0,0,0,0,9097
Red,snipe,wall,Blue,firebomb,wall,16,16,0,0,0,0,8184
Red,snipe,wall,Blue,snipe,heal,16,16,0,0,0,0,9471
Red,snipe,wall,Blue,snipe,reinforcements,16,16,0,0,0,0,7624
Red,snipe,wall,Blue,snipe,speed,16,0,0,0,0,16,11009
Red,snipe,wall,Blue,snipe,wall,16,16,0,0,0,0,9344
Red,snipe,wall,Blue,freeze,heal,16,16,0,0,0,0,8420
Red,snipe,wall,Blue,freeze,reinforcements,16,16,0,0,0,0,7104
Red,snipe,wall,Blue,freeze,speed,16,16,0,0,0,0,9080
Red,snipe,wall,Blue,freeze,wall,16,0,0,0,0,16,5120
Red,snipe,wall,Green,nuke,heal,16,16,0,0,0,0,5525
Red,snipe,wall,Green,nuke,reinforcements,16,16,0,0,0,0,6323
Red,snipe,wall,Green,nuke,speed,16,0,0,0,0,16,6863
Red,snipe,wall,Green,nuke,wall,16,16,0,0,0,0,6093
Red,snipe,wall,Green,firebomb,heal,16,16,0,0,0,0,9538
Red,snipe,wall,Green,firebomb,reinforcements,16,16,0,0,0,0,6020
Red,snipe,wall,Green,firebomb,speed,16,16,0,0,0,0,9080
Red,snipe,wall,Green,firebomb,wall,16,16,0,0,0,0,8557
Red,snipe,wall,Green,snipe,heal,16,0,0,0,0,16,9460
Red,snipe,wall,Green,snipe,reinforcements,16,16,0,0,0,0,6496
Red,snipe,wall,Green,snipe,speed,16,0,0,0,0,16,7644
Red,snipe,wall,Green,snipe,wall,16,0,0,0,0,16,9989
Red,snipe,wall,Green,freeze,heal,16,16,0,0,0,0,7767
Red,snipe,wall,Green,freeze,reinforcements,16,0,0,0,0,16,7351
Red,snipe,wall,Green,freeze,speed,16,0,0,0,0,16,8841
Red,snipe,wall,Green,freeze,wall,16,16,0,0,0,0,7897
Red,snipe,wall,Orange,nuke,heal,16,16,0,0,0,0,8452
Red,snipe,wall,Orange,nuke,reinforcements,16,16,0,0,0,0,7072
Red,snipe,wall,Orange,nuke,speed,16,14,0,1,0,1,10559
Red,snipe,wall,Orange,nuke,wall,16,16,0,0,0,0,8211
Red,snipe,wall,Orange,firebomb,heal,16,16,0,0,0,0,9071
Red,snipe,wall,Orange,firebomb,reinforcements,16,16,0,0,0,0,7540
Red,snipe,wall,Orange,firebomb,speed,16,15,0,0,0,1,10015
Red,snipe,wall,Orange,firebomb,wall,16,15,0,0,0,1,9023
Red,snipe,wall,Orange,snipe,heal,16,16,0,0,0,0,11773
Red,snipe,wall,Orange,snipe,reinforcements,16,16,0,0,0,0,7379
Red,snipe,wall,Orange,snipe,speed,16,0,1,0,1,14,10260
Red,snipe,wall,Orange,snipe,wall,16,16,0,0,0,0,10419
Red,snipe,wall,Orange,freeze,heal,16,16,0,0,0,0,8938
Red,snipe,wall,Orange,freeze,reinforcements,16,16,0,0,0,0,6502
Red,snipe,wall,Orange,freeze,speed,16,16,0,0,0,0,10126
Red,snipe,wall,Orange,freeze,wall,16,6,0,0,0,10,6666
Red,snipe,wall,Purple,nuke,heal,16,16,0,0,0,0,7457
Red,snipe,wall,Purple,nuke,reinforcements,16,16,0,0,0,0,6610
Red,snipe,wall,Purple,nuke,speed,16,16,0,0,0,0,10789
Red,snipe,wall,Purple,nuke,wall,16,16,0,0,0,0,8505
Red,snipe,wall,Purple,firebomb,heal,16,16,0,0,0,0,8997
Red,snipe,wall,Purple,firebomb,reinforcements,16,16,0,0,0,0,6650
Red,snipe,wall,Purple,firebomb,speed,16,0,0,0,0,16,11467
Red,snipe,wall,Purple,firebomb,wall,16,16,0,0,0,0,10422
Red,snipe,wall,Purple,snipe,heal,16,0,0,0,0,16,11111
Red,snipe,wall,Purple,snipe,reinforcements,16,16,0,0,0,0,5575
Red,snipe,wall,Purple,snipe,speed,16,0,0,0,0,16,7861
Red,snipe,wall,Purple,snipe,wall,16,16,0,0,0,0,8364
Red,snipe,wall,Purple,freeze,heal,16,16,0,0,0,0,9100
Red,snipe,wall,Purple,freeze,reinforcements,16,16,0,0,0,0,6237
Red,snipe,wall,Purple,freeze,speed,16,16,0,0,0,0,9182
Red,snipe,wall,Purple,freeze,wall,16,16,0,0,0,0,8242
Red,snipe,wall,Red,nuke,heal,16,16,0,0,0,0,7845
Red,snipe,wall,Red,nuke,reinforcements,16,0,0,0,0,16,6821
Red,snipe,wall,Red,nuke,speed,16,0,0,0,0,16,10883
Red,snipe,wall,Red,nuke,wall,16,16,0,0,0,0,9162
Red,snipe,wall,Red,firebomb,heal,16,16,0,0,0,0,8573
Red,snipe,wall,Red,firebomb,reinforcements,16,0,0,0,0,16,8174
Red,snipe,wall,Red,firebomb,speed,16,16,0,0,0,0,10473
Red,snipe,wall,Red,firebomb,wall,16,16,0,0,0,0,9098
Red,snipe,wall,Red,snipe,heal,16,0,0,0,0,16,9268
Red,snipe,wall,Red,snipe,reinforcements,16,0,0,0,0,16,6781
Red,snipe,wall,Red,snipe,speed,16,0,0,0,0,16,7964
Red,snipe,wall,Red,snipe,wall,16,0,0,0,16,0,18000
Red,snipe,wall,Red,freeze,heal,16,16,0,0,0,0,9113
Red,snipe,wall,Red,freeze,reinforcements,16,0,0,0,0,16,6449
Red,snipe,wall,Red,freeze,speed,16,16,0,0,0,0,12237
Red,snipe,wall,Red,freeze,wall,16,16,0,0,0,0,9200
Red,snipe,wall,White,nuke,heal,16,16,0,0,0,0,7612
Red,snipe,wall,White,nuke,reinforcements,16,16,0,0,0,0,5301
Red,snipe,wall,White,nuke,speed,16,16,0,0,0,0,8057
Red,snipe,wall,White,nuke,wall,16,16,0,0,0,0,7528
Red,snipe,wall,White,firebomb,heal,16,16,0,0,0,0,6725
Red,snipe,wall,White,firebomb,reinforcements,16,16,0,0,0,0,5234
Red,snipe,wall,White,firebomb,speed,16,16,0,0,0,0,8144
Red,snipe,wall,White,firebomb,wall,16,16,0,0,0,0,6737
Red,snipe,wall,White,snipe,heal,16,16,0,0,0,0,8158
Red,snipe,wall,White,snipe,reinforcements,16,16,0,0,0,0,4784
Red,snipe,wall,White,snipe,speed,16,0,0,0,0,16,10491
Red,snipe,wall,White,snipe,wall,16,16,0,0,0,0,7928
Red,snipe,wall,White,freeze,heal,16,16,0,0,0,0,5065
Red,snipe,wall,White,freeze,reinforcements,16,16,0,0,0,0,5119
Red,snipe,wall,White,freeze,speed,16,16,0,0,0,0,4920
Red,snipe,wall,White,freeze,wall,16,16,0,0,0,0,5208
Red,snipe,wall,Yellow,nuke,heal,16,16,0,0,0,0,8154
Red,snipe,wall,Yellow,nuke,reinforcements,16,16,0,0,0,0,5947
Red,snipe,wall,Yellow,nuke,speed,16,16,0,0,0,0,9114
Red,snipe,wall,Yellow,nuke,wall,16,16,0,0,0,0,8204
Red,snipe,wall,Yellow,firebomb,heal,16,16,0,0,0,0,8291
Red,snipe,wall,Yellow,firebomb,reinforcements,16,16,0,0,0,0,6019
Red,snipe,wall,Yellow,firebomb,speed,16,16,0,0,0,0,9135
Red,snipe,wall,Yellow,firebomb,wall,16,16,0,0,0,0,8310
Red,snipe,wall,Yellow,snipe,heal,16,16,0,0,0,0,10770
Red,snipe,wall,Yellow,snipe,reinforcements,16,16,0,0,0,0,6304
Red,snipe,wall,Yellow,snipe,speed,16,0,0,0,0,16,8653
Red,snipe,wall,Yellow,snipe,wall,16,16,0,0,0,0,9032
Red,snipe,wall,Yellow,freeze,heal,16,16,0,0,0,0,8264
Red,snipe,wall,Yellow,freeze,reinforcements,16,16,0,0,0,0,6173
Red,snipe,wall,Yellow,freeze,speed,16,16,0,0,0,0,7737
Red,snipe,wall,Yellow,freeze,wall,16,16,0,0,0,0,8175
Red,freeze,heal,Black,nuke,heal,16,16,0,0,0,0,9318
Red,freeze,heal,Black,nuke,reinforcements,16,16,0,0,0,0,7818
Red,freeze,heal,Black,nuke,speed,16,0,0,0,0,16,9899
Red,freeze,heal,Black,nuke,wall,16,0,0,0,0,16,7398
Red,freeze,heal,Black,firebomb,heal,16,16,0,0,0,0,8411
Red,freeze,heal,Black,firebomb,reinforcements,16,16,0,0,0,0,8621
Red,freeze,heal,Black,firebomb,speed,16,0,0,0,0,16,10141
Red,freeze,heal,Black,firebomb,wall,16,16,0,0,0,0,8821
Red,freeze,heal,Black,snipe,heal,16,0,0,0,0,16,11162
Red,freeze,heal,Black,snipe,reinforcements,16,16,0,0,0,0,8230
Red,freeze,heal,Black,snipe,speed,16,0,0,0,0,16,8944
Red,freeze,heal,Black,snipe,wall,16,0,0,0,0,16,8156
Red,freeze,heal,Black,freeze,heal,16,16,0,0,0,0,8691
Red,freeze,heal,Black,freeze,reinforcements,16,16,0,0,0,0,7170
Red,freeze,heal,Black,freeze,speed,16,0,0,0,0,16,10006
Red,freeze,heal,Black,freeze,wall,16,16,0,0,0,0,8593
Red,freeze,heal,Blue,nuke,heal,16,16,0,0,0,0,8599
Red,freeze,heal,Blue,nuke,reinforcements,16,16,0,0,0,0,8908
Red,freeze,heal,Blue,nuke,speed,16,16,0,0,0,0,9350
Red,freeze,heal,Blue,nuke,wall,16,16,0,0,0,0,8549
Red,freeze,heal,Blue,firebomb,heal,16,16,0,0,0,0,6384
Red,freeze,heal,Blue,firebomb,reinforcements,16,16,0,0,0,0,7700
Red,freeze,heal,Blue,firebomb,speed,16,0,0,0,0,16,9243
Red,freeze,heal,Blue,firebomb,wall,16,0,0,0,0,16,8319
Red,freeze,heal,Blue,snipe,heal,16,16,0,0,0,0,9770
Red,freeze,heal,Blue,snipe,reinforcements,16,16,0,0,0,0,9495
Red,freeze,heal,Blue,snipe,speed,16,0,0,0,0,16,9267
Red,freeze,heal,Blue,snipe,wall,16,16,0,0,0,0,9343
Red,freeze,heal,Blue,freeze,heal,16,16,0,0,0,0,8552
Red,freeze,heal,Blue,freeze,reinforcements,16,16,0,0,0,0,7319
Red,freeze,heal,Blue,freeze,speed,16,16,0,0,0,0,9228
Red,freeze,heal,Blue,freeze,wall,16,16,0,0,0,0,8383
Red,freeze,heal,Green,nuke,heal,16,0,0,0,0,16,9249
Red,freeze,heal,Green,nuke,reinforcements,16,16,0,0,0,0,6235
Red,freeze,heal,Green,nuke,speed,16,0,0,0,0,16,6916
Red,freeze,heal,Green,nuke,wall,16,0,0,0,0,16,8391
Red,freeze,heal,Green,firebomb,heal,16,0,0,0,0,16,11444
Red,freeze,heal,Green,firebomb,reinforcements,16,16,0,0,0,0,6384
Red,freeze,heal,Green,firebomb,speed,16,0,0,0,0,16,8278
Red,freeze,heal,Green,firebomb,wall,16,16,0,0,0,0,9242
Red,freeze,heal,Green,snipe,heal,16,0,0,0,0,16,8230
Red,freeze,heal,Green,snipe,reinforcements,16,16,0,0,0,0,5889
Red,freeze,heal,Green,snipe,speed,16,0,0,0,0,16,6398
Red,freeze,heal,Green,snipe,wall,16,0,0,0,0,16,9315
Red,freeze,heal,Green,freeze,heal,16,0,0,0,0,16,9394
Red,freeze,heal,Green,freeze,reinforcements,16,16,0,0,0,0,6323
Red,freeze,heal,Green,freeze,speed,16,0,0,0,0,16,5755
Red,freeze,heal,Green,freeze,wall,16,16,0,0,0,0,5998
Red,freeze,heal,Orange,nuke,heal,16,13,0,0,0,3,8499
Red,freeze,heal,Orange,nuke,reinforcements,16,16,0,0,0,0,7033
Red,freeze,heal,Orange,nuke,speed,16,12,0,0,0,4,7151
Red,freeze,heal,Orange,nuke,wall,16,16,0,0,0,0,9045
Red,freeze,heal,Orange,firebomb,heal,16,16,0,0,0,0,9331
Red,freeze,heal,Orange,firebomb,reinforcements,16,16,0,0,0,0,6096
Red,freeze,heal,Orange,firebomb,speed,16,5,0,0,0,11,10363
Red,freeze,heal,Orange,firebomb,wall,16,4,0,0,0,12,6050
Red,freeze,heal,Orange,snipe,heal,16,4,0,0,0,12,10896
Red,freeze,heal,Orange,snipe,reinforcements,16,15,0,0,0,1,8694
Red,freeze,heal,Orange,snipe,speed,16,0,0,0,0,16,8004
Red,freeze,heal,Orange,snipe,wall,16,8,0,0,0,8,9921
Red,freeze,heal,Orange,freeze,heal,16,15,0,0,0,1,8424
Red,freeze,heal,Orange,freeze,reinforcements,16,16,0,0,0,0,6793
Red,freeze,heal,Orange,freeze,speed,16,8,0,0,0,8,10118
Red,freeze,heal,Orange,freeze,wall,16,16,0,0,0,0,8790
Red,freeze,heal,Purple,nuke,heal,16,16,0,0,0,0,9275
Red,freeze,heal,Purple,nuke,reinforcements,16,16,0,0,0,0,5810
Red,freeze,heal,Purple,nuke,speed,16,0,0,0,0,16,9896
Red,freeze,heal,Purple,nuke,wall,16,0,0,0,0,16,9220
Red,freeze,heal,Purple,firebomb,heal,16,16,0,0,0,0,8911
Red,freeze,heal,Purple,firebomb,reinforcements,16,16,0,0,0,0,6357
Red,freeze,heal,Purple,firebomb,speed,16,0,0,0,0,16,9463
Red,freeze,heal,Purple,firebomb,wall,16,16,0,0,0,0,8579
Red,freeze,heal,Purple,snipe,heal,16,0,0,0,0,16,10578
Red,freeze,heal,Purple,snipe,reinforcements,16,16,0,0,0,0,5116
Red,freeze,heal,Purple,snipe,speed,16,0,0,0,0,16,7602
Red,freeze,heal,Purple,snipe,wall,16,0,0,0,0,16,9368
Red,freeze,heal,Purple,freeze,heal,16,16,0,0,0,0,9397
Red,freeze,heal,Purple,freeze,reinforcements,16,16,0,0,0,0,6497
Red,freeze,heal,Purple,freeze,speed,16,0,0,0,0,16,8686
Red,freeze,heal,Purple,freeze,wall,16,16,0,0,0,0,10287
Red,freeze,heal,Red,nuke,heal,16,0,0,0,0,16,7973
Red,freeze,heal,Red,nuke,reinforcements,16,16,0,0,0,0,6953
Red,freeze,heal,Red,nuke,speed,16,0,0,0,0,16,8469
Red,freeze,heal,Red,nuke,wall,16,0,0,0,0,16,9267
Red,freeze,heal,Red,firebomb,heal,16,16,0,0,0,0,9505
Red,freeze,heal,Red,firebomb,reinforcements,16,0,0,0,0,16,7471
Red,freeze,heal,Red,firebomb,speed,16,0,0,0,0,16,8867
Red,freeze,heal,Red,firebomb,wall,16,16,0,0,0,0,9665
Red,freeze,heal,Red,snipe,heal,16,0,0,0,0,16,8255
Red,freeze,heal,Red,snipe,reinforcements,16,16,0,0,0,0,6396
Red,freeze,heal,Red,snipe,speed,16,0,0,0,0,16,6817
Red,freeze,heal,Red,snipe,wall,16,0,0,0,0,16,8208
Red,freeze,heal,Red,freeze,heal,16,0,0,16,0,0,9589
Red,freeze,heal,Red,freeze,reinforcements,16,16,0,0,0,0,6315
Red,freeze,heal,Red,freeze,speed,16,0,0,0,0,16,8755
Red,freeze,heal,Red,freeze,wall,16,16,0,0,0,0,9255
Red,freeze,heal,White,nuke,heal,16,0,0,0,0,16,5784
Red,freeze,heal,White,nuke,reinforcements,16,16,0,0,0,0,5053
Red,freeze,heal,White,nuke,speed,16,0,0,0,0,16,10218
Red,freeze,heal,White,nuke,wall,16,16,0,0,0,0,8040
Red,freeze,heal,White,firebomb,heal,16,16,0,0,0,0,9404
Red,freeze,heal,White,firebomb,reinforcements,16,16,0,0,0,0,5073
Red,freeze,heal,White,firebomb,speed,16,16,0,0,0,0,8347
Red,freeze,heal,White,firebomb,wall,16,16,0,0,0,0,8437
Red,freeze,heal,White,snipe,heal,16,0,0,0,0,16,10251
Red,freeze,heal,White,snipe,reinforcements,16,16,0,0,0,0,4628
Red,freeze,heal,White,snipe,speed,16,0,0,0,0,16,10027
Red,freeze,heal,White,snipe,wall,16,16,0,0,0,0,8526
Red,freeze,heal,White,freeze,heal,16,16,0,0,0,0,8123
Red,freeze,heal,White,freeze,reinforcements,16,16,0,0,0,0,4641
Red,freeze,heal,White,freeze,speed,16,16,0,0,0,0,10028
Red,freeze,heal,White,freeze,wall,16,16,0,0,0,0,7745
Red,freeze,heal,Yellow,nuke,heal,16,16,0,0,0,0,8525
Red,freeze,heal,Yellow,nuke,reinforcements,16,16,0,0,0,0,6141
Red,freeze,heal,Yellow,nuke,speed,16,0,0,0,0,16,7495
Red,freeze,heal,Yellow,nuke,wall,16,16,0,0,0,0,8449
Red,freeze,heal,Yellow,firebomb,heal,16,16,0,0,0,0,8350
Red,freeze,heal,Yellow,firebomb,reinforcements,16,16,0,0,0,0,6338
Red,freeze,heal,Yellow,firebomb,speed,16,16,0,0,0,0,8205
Red,freeze,heal,Yellow,firebomb,wall,16,16,0,0,0,0,8658
Red,freeze,heal,Yellow,snipe,heal,16,0,0,0,0,16,7524
Red,freeze,heal,Yellow,snipe,reinforcements,16,16,0,0,0,0,6680
Red,freeze,heal,Yellow,snipe,speed,16,0,0,0,0,16,7915
Red,freeze,heal,Yellow,snipe,wall,16,16,0,0,0,0,9104
Red,freeze,heal,Yellow,freeze,heal,16,16,0,0,0,0,8729
Red,freeze,heal,Yellow,freeze,reinforcements,16,16,0,0,0,0,7222
Red,freeze,heal,Yellow,freeze,speed,16,16,0,0,0,0,9353
Red,freeze,heal,Yellow,freeze,wall,16,0,0,0,0,16,5850
Red,freeze,reinforcements,Black,nuke,heal,16,16,0,0,0,0,6642
Red,freeze,reinforcements,Black,nuke,reinforcements,16,16,0,0,0,0,5353
Red,freeze,reinforcements,Black,nuke,speed,16,16,0,0,0,0,4674
Red,freeze,reinforcements,Black,nuke,wall,16,16,0,0,0,0,6205
Red,freeze,reinforcements,Black,firebomb,heal,16,16,0,0,0,0,6389
Red,freeze,reinforcements,Black,firebomb,reinforcements,16,16,0,0,0,0,5705
Red,freeze,reinforcements,Black,firebomb,speed,16,16,0,0,0,0,7588
Red,freeze,reinforcements,Black,firebomb,wall,16,16,0,0,0,0,6352
Red,freeze,reinforcements,Black,snipe,heal,16,16,0,0,0,0,7255
Red,freeze,reinforcements,Black,snipe,reinforcements,16,16,0,0,0,0,6462
Red,freeze,reinforcements,Black,snipe,speed,16,0,0,0,0,16,11397
Red,freeze,reinforcements,Black,snipe,wall,16,16,0,0,0,0,6829
Red,freeze,reinforcements,Black,freeze,heal,16,16,0,0,0,0,5812
Red,freeze,reinforcements,Black,freeze,reinforcements,16,16,0,0,0,0,6094
Red,freeze,reinforcements,Black,freeze,speed,16,16,0,0,0,0,6395
Red,freeze,reinforcements,Black,freeze,wall,16,16,0,0,0,0,6478
Red,freeze,reinforcements,Blue,nuke,heal,16,0,0,0,0,16,5712
Red,freeze,reinforcements,Blue,nuke,reinforcements,16,16,0,0,0,0,6504
Red,freeze,reinforcements,Blue,nuke,speed,16,0,0,0,0,16,5738
Red,freeze,reinforcements,Blue,nuke,wall,16,16,0,0,0,0,4684
Red,freeze,reinforcements,Blue,firebomb,heal,16,0,0,0,0,16,6536
Red,freeze,reinforcements,Blue,firebomb,reinforcements,16,16,0,0,0,0,6359
Red,freeze,reinforcements,Blue,firebomb,speed,16,0,0,0,0,16,6196
Red,freeze,reinforcements,Blue,firebomb,wall,16,0,0,0,0,16,6753
Red,freeze,reinforcements,Blue,snipe,heal,16,0,0,0,0,16,4956
Red,freeze,reinforcements,Blue,snipe,reinforcements,16,16,0,0,0,0,6214
Red,freeze,reinforcements,Blue,snipe,speed,16,0,0,0,0,16,4916
Red,freeze,reinforcements,Blue,snipe,wall,16,0,0,0,0,16,5029
Red,freeze,reinforcements,Blue,freeze,heal,16,16,0,0,0,0,9514
Red,freeze,reinforcements,Blue,freeze,reinforcements,16,16,0,0,0,0,7463
Red,freeze,reinforcements,Blue,freeze,speed,16,16,0,0,0,0,9158
Red,freeze,reinforcements,Blue,freeze,wall,16,0,0,0,0,16,7437
Red,freeze,reinforcements,Green,nuke,heal,16,16,0,0,0,0,3664
Red,freeze,reinforcements,Green,nuke,reinforcements,16,16,0,0,0,0,6325
Red,freeze,reinforcements,Green,nuke,speed,16,16,0,0,0,0,3664
Red,freeze,reinforcements,Green,nuke,wall,16,16,0,0,0,0,5479
Red,freeze,reinforcements,Green,firebomb,heal,16,0,0,0,0,16,10546
Red,freeze,reinforcements,Green,firebomb,reinforcements,16,0,0,0,0,16,7512
Red,freeze,reinforcements,Green,firebomb,speed,16,0,0,0,0,16,7084
Red,freeze,reinforcements,Green,firebomb,wall,16,0,0,0,0,16,6388
Red,freeze,reinforcements,Green,snipe,heal,16,0,0,0,0,16,5250
Red,freeze,reinforcements,Green,snipe,reinforcements,16,0,0,0,0,16,6612
Red,freeze,reinforcements,Green,snipe,speed,16,0,0,0,0,16,5130
Red,freeze,reinforcements,Green,snipe,wall,16,0,0,0,0,16,4486
Red,freeze,reinforcements,Green,freeze,heal,16,0,0,0,0,16,6221
Red,freeze,reinforcements,Green,freeze,reinforcements,16,16,0,0,0,0,8052
Red,freeze,reinforcements,Green,freeze,speed,16,0,0,0,0,16,6541
Red,freeze,reinforcements,Green,freeze,wall,16,0,0,0,0,16,6104
Red,freeze,reinforcements,Orange,nuke,heal,16,7,1,0,2,6,13638
Red,freeze,reinforcements,Orange,nuke,reinforcements,16,16,0,0,0,0,6196
Red,freeze,reinforcements,Orange,nuke,speed,16,0,0,0,3,13,11172
Red,freeze,reinforcements,Orange,nuke,wall,16,16,0,0,0,0,7174
Red,freeze,reinforcements,Orange,firebomb,heal,16,0,3,0,12,1,17708
Red,freeze,reinforcements,Orange,firebomb,reinforcements,16,16,0,0,0,0,6119
Red,freeze,reinforcements,Orange,firebomb,speed,16,15,0,0,0,1,8144
Red,freeze,reinforcements,Orange,firebomb,wall,16,16,0,0,0,0,7221
Red,freeze,reinforcements,Orange,snipe,heal,16,0,0,0,1,15,8769
Red,freeze,reinforcements,Orange,snipe,reinforcements,16,16,0,0,0,0,6118
Red,freeze,reinforcements,Orange,snipe,speed,16,0,0,0,0,16,7167
Red,freeze,reinforcements,Orange,snipe,wall,16,16,0,0,0,0,7077
Red,freeze,reinforcements,Orange,freeze,heal,16,1,2,0,10,3,16511
Red,freeze,reinforcements,Orange,freeze,reinforcements,16,16,0,0,0,0,6314
Red,freeze,reinforcements,Orange,freeze,speed,16,0,0,0,11,5,15025
Red,freeze,reinforcements,Orange,freeze,wall,16,16,0,0,0,0,6537
Red,freeze,reinforcements,Purple,nuke,heal,16,16,0,0,0,0,6159
Red,freeze,reinforcements,Purple,nuke,reinforcements,16,16,0,0,0,0,5626
Red,freeze,reinforcements,Purple,nuke,speed,16,16,0,0,0,0,8386
Red,freeze,reinforcements,Purple,nuke,wall,16,16,0,0,0,0,7750
Red,freeze,reinforcements,Purple,firebomb,heal,16,16,0,0,0,0,6415
Red,freeze,reinforcements,Purple,firebomb,reinforcements,16,16,0,0,0,0,5819
Red,freeze,reinforcements,Purple,firebomb,speed,16,16,0,0,0,0,12288
Red,freeze,reinforcements,Purple,firebomb,wall,16,16,0,0,0,0,6935
Red,freeze,reinforcements,Purple,snipe,heal,16,16,0,0,0,0,6217
Red,freeze,reinforcements,Purple,snipe,reinforcements,16,16,0,0,0,0,5579
Red,freeze,reinforcements,Purple,snipe,speed,16,16,0,0,0,0,9458
Red,freeze,reinforcements,Purple,snipe,wall,16,16,0,0,0,0,6777
Red,freeze,reinforcements,Purple,freeze,heal,16,16,0,0,0,0,5247
Red,freeze,reinforcements,Purple,freeze,reinforcements,16,16,0,0,0,0,6170
Red,freeze,reinforcements,Purple,freeze,speed,16,16,0,0,0,0,7523
Red,freeze,reinforcements,Purple,freeze,wall,16,16,0,0,0,0,6933
Red,freeze,reinforcements,Red,nuke,heal,16,16,0,0,0,0,6523
Red,freeze,reinforcements,Red,nuke,reinforcements,16,16,0,0,0,0,7139
Red,freeze,reinforcements,Red,nuke,speed,16,16,0,0,0,0,7539
Red,freeze,reinforcements,Red,nuke,wall,16,16,0,0,0,0,6986
Red,freeze,reinforcements,Red,firebomb,heal,16,0,0,0,0,16,7160
Red,freeze,reinforcements,Red,firebomb,reinforcements,16,0,0,0,0,16,7360
Red,freeze,reinforcements,Red,firebomb,speed,16,16,0,0,0,0,8134
Red,freeze,reinforcements,Red,firebomb,wall,16,16,0,0,0,0,7289
Red,freeze,reinforcements,Red,snipe,heal,16,0,0,0,0,16,5118
Red,freeze,reinforcements,Red,snipe,reinforcements,16,0,0,0,0,16,6985
Red,freeze,reinforcements,Red,snipe,speed,16,0,0,0,0,16,5122
Red,freeze,reinforcements,Red,snipe,wall,16,16,0,0,0,0,7454
Red,freeze,reinforcements,Red,freeze,heal,16,0,0,0,0,16,6774
Red,freeze,reinforcements,Red,freeze,reinforcements,16,0,0,16,0,0,16849
Red,freeze,reinforcements,Red,freeze,speed,16,0,0,0,0,16,6173
Red,freeze,reinforcements,Red,freeze,wall,16,16,0,0,0,0,6170
Red,freeze,reinforcements,White,nuke,heal,16,16,0,0,0,0,5107
Red,freeze,reinforcements,White,nuke,reinforcements,16,16,0,0,0,0,5059
Red,freeze,reinforcements,White,nuke,speed,16,16,0,0,0,0,7042
Red,freeze,reinforcements,White,nuke,wall,16,16,0,0,0,0,4940
Red,freeze,reinforcements,White,firebomb,heal,16,16,0,0,0,0,5649
Red,freeze,reinforcements,White,firebomb,reinforcements,16,16,0,0,0,0,5258
Red,freeze,reinforcements,White,firebomb,speed,16,16,0,0,0,0,5328
Red,freeze,reinforcements,White,firebomb,wall,16,16,0,0,0,0,4859
Red,freeze,reinforcements,White,snipe,heal,16,16,0,0,0,0,5399
Red,freeze,reinforcements,White,snipe,reinforcements,16,16,0,0,0,0,4690
Red,freeze,reinforcements,White,snipe,speed,16,0,0,0,0,16,6517
Red,freeze,reinforcements,White,snipe,wall,16,16,0,0,0,0,7248
Red,freeze,reinforcements,White,freeze,heal,16,16,0,0,0,0,6533
Red,freeze,reinforcements,White,freeze,reinforcements,16,16,0,0,0,0,5068
Red,freeze,reinforcements,White,freeze,speed,16,16,0,0,0,0,4889
Red,freeze,reinforcements,White,freeze,wall,16,16,0,0,0,0,6514
Red,freeze,reinforcements,Yellow,nuke,heal,16,16,0,0,0,0,10430
Red,freeze,reinforcements,Yellow,nuke,reinforcements,16,16,0,0,0,0,5954
Red,freeze,reinforcements,Yellow,nuke,speed,16,0,0,0,0,16,6810
Red,freeze,reinforcements,Yellow,nuke,wall,16,16,0,0,0,0,6788
Red,freeze,reinforcements,Yellow,firebomb,heal,16,16,0,0,0,0,6707
Red,freeze,reinforcements,Yellow,firebomb,reinforcements,16,16,0,0,0,0,5670
Red,freeze,reinforcements,Yellow,firebomb,speed,16,0,0,0,0,16,6741
Red,freeze,reinforcements,Yellow,firebomb,wall,16,16,0,0,0,0,6719
Red,freeze,reinforcements,Yellow,snipe,heal,16,0,0,0,0,16,7178
Red,freeze,reinforcements,Yellow,snipe,reinforcements,16,16,0,0,0,0,5936
Red,freeze,reinforcements,Yellow,snipe,speed,16,0,0,0,0,16,6634
Red,freeze,reinforcements,Yellow,snipe,wall,16,16,0,0,0,0,6733
Red,freeze,reinforcements,Yellow,freeze,heal,16,16,0,0,0,0,6802
Red,freeze,reinforcements,Yellow,freeze,reinforcements,16,16,0,0,0,0,6598
Red,freeze,reinforcements,Yellow,freeze,speed,16,0,0,0,0,16,6915
Red,freeze,reinforcements,Yellow,freeze,wall,16,16,0,0,0,0,7209
Red,freeze,speed,Black,nuke,heal,16,16,0,0,0,0,7737
Red,freeze,speed,Black,nuke,reinforcements,16,16,0,0,0,0,6630
Red,freeze,speed,Black,nuke,speed,16,16,0,0,0,0,8224
Red,freeze,speed,Black,nuke,wall,16,16,0,0,0,0,8534
Red,freeze,speed,Black,firebomb,heal,16,16,0,0,0,0,8172
Red,freeze,speed,Black,firebomb,reinforcements,16,16,0,0,0,0,8085
Red,freeze,speed,Black,firebomb,speed,16,16,0,0,0,0,11050
Red,freeze,speed,Black,firebomb,wall,16,16,0,0,0,0,8479
Red,freeze,speed,Black,snipe,heal,16,16,0,0,0,0,8321
Red,freeze,speed,Black,snipe,reinforcements,16,16,0,0,0,0,7469
Red,freeze,speed,Black,snipe,speed,16,0,0,0,0,16,12256
Red,freeze,speed,Black,snipe,wall,16,16,0,0,0,0,8699
Red,freeze,speed,Black,freeze,heal,16,16,0,0,0,0,9761
Red,freeze,speed,Black,freeze,reinforcements,16,16,0,0,0,0,6928
Red,freeze,speed,Black,freeze,speed,16,0,0,0,0,16,6609
Red,freeze,speed,Black,freeze,wall,16,16,0,0,0,0,8401
Red,freeze,speed,Blue,nuke,heal,16,16,0,0,0,0,8373
Red,freeze,speed,Blue,nuke,reinforcements,16,16,0,0,0,0,6978
Red,freeze,speed,Blue,nuke,speed,16,16,0,0,0,0,10028
Red,freeze,speed,Blue,nuke,wall,16,16,0,0,0,0,8582
Red,freeze,speed,Blue,firebomb,heal,16,16,0,0,0,0,8557
Red,freeze,speed,Blue,firebomb,reinforcements,16,16,0,0,0,0,6953
Red,freeze,speed,Blue,firebomb,speed,16,16,0,0,0,0,9290
Red,freeze,speed,Blue,firebomb,wall,16,16,0,0,0,0,8824
Red,freeze,speed,Blue,snipe,heal,16,0,0,0,0,16,7376
Red,freeze,speed,Blue,snipe,reinforcements,16,16,0,0,0,0,7333
Red,freeze,speed,Blue,snipe,speed,16,16,0,0,0,0,10835
Red,freeze,speed,Blue,snipe,wall,16,16,0,0,0,0,9212
Red,freeze,speed,Blue,freeze,heal,16,16,0,0,0,0,7990
Red,freeze,speed,Blue,freeze,reinforcements,16,16,0,0,0,0,7535
Red,freeze,speed,Blue,freeze,speed,16,16,0,0,0,0,9115
Red,freeze,speed,Blue,freeze,wall,16,0,0,0,0,16,5935
Red,freeze,speed,Green,nuke,heal,16,16,0,0,0,0,12766
Red,freeze,speed,Green,nuke,reinforcements,16,16,0,0,0,0,6257
Red,freeze,speed,Green,nuke,speed,16,0,0,0,0,16,5548
Red,freeze,speed,Green,nuke,wall,16,16,0,0,0,0,11495
Red,freeze,speed,Green,firebomb,heal,16,16,0,0,0,0,5568
Red,freeze,speed,Green,firebomb,reinforcements,16,16,0,0,0,0,6379
Red,freeze,speed,Green,firebomb,speed,16,16,0,0,0,0,5774
Red,freeze,speed,Green,firebomb,wall,16,16,0,0,0,0,5848
Red,freeze,speed,Green,snipe,heal,16,0,0,0,0,16,9959
Red,freeze,speed,Green,snipe,reinforcements,16,16,0,0,0,0,6375
Red,freeze,speed,Green,snipe,speed,16,0,0,0,0,16,9349
Red,freeze,speed,Green,snipe,wall,16,0,0,0,0,16,12379
Red,freeze,speed,Green,freeze,heal,16,16,0,0,0,0,5524
Red,freeze,speed,Green,freeze,reinforcements,16,16,0,0,0,0,5623
Red,freeze,speed,Green,freeze,speed,16,0,0,0,0,16,13021
Red,freeze,speed,Green,freeze,wall,16,16,0,0,0,0,8652
Red,freeze,speed,Orange,nuke,heal,16,15,0,0,0,1,9062
Red,freeze,speed,Orange,nuke,reinforcements,16,16,0,0,0,0,6528
Red,freeze,speed,Orange,nuke,speed,16,14,0,0,0,2,9698
Red,freeze,speed,Orange,nuke,wall,16,11,0,0,0,5,7969
Red,freeze,speed,Orange,firebomb,heal,16,16,0,0,0,0,8959
Red,freeze,speed,Orange,firebomb,reinforcements,16,16,0,0,0,0,6224
Red,freeze,speed,Orange,firebomb,speed,16,16,0,0,0,0,11276
Red,freeze,speed,Orange,firebomb,wall,16,15,0,0,0,1,9103
Red,freeze,speed,Orange,snipe,heal,16,16,0,0,0,0,9920
Red,freeze,speed,Orange,snipe,reinforcements,16,16,0,0,0,0,7707
Red,freeze,speed,Orange,snipe,speed,16,5,0,0,0,11,10493
Red,freeze,speed,Orange,snipe,wall,16,14,0,0,0,2,10997
Red,freeze,speed,Orange,freeze,heal,16,14,0,0,0,2,7937
Red,freeze,speed,Orange,freeze,reinforcements,16,16,0,0,0,0,6623
Red,freeze,speed,Orange,freeze,speed,16,13,0,0,0,3,9929
Red,freeze,speed,Orange,freeze,wall,16,16,0,0,0,0,9092
Red,freeze,speed,Purple,nuke,heal,16,16,0,0,0,0,7382
Red,freeze,speed,Purple,nuke,reinforcements,16,16,0,0,0,0,5347
Red,freeze,speed,Purple,nuke,speed,16,16,0,0,0,0,6345
Red,freeze,speed,Purple,nuke,wall,16,16,0,0,0,0,7527
Red,freeze,speed,Purple,firebomb,heal,16,16,0,0,0,0,9789
Red,freeze,speed,Purple,firebomb,reinforcements,16,16,0,0,0,0,5536
Red,freeze,speed,Purple,firebomb,speed,16,0,0,0,0,16,13791
Red,freeze,speed,Purple,firebomb,wall,16,16,0,0,0,0,10216
Red,freeze,speed,Purple,snipe,heal,16,16,0,0,0,0,8559
Red,freeze,speed,Purple,snipe,reinforcements,16,16,0,0,0,0,5514
Red,freeze,speed,Purple,snipe,speed,16,0,0,0,0,16,12066
Red,freeze,speed,Purple,snipe,wall,16,16,0,0,0,0,9917
Red,freeze,speed,Purple,freeze,heal,16,16,0,0,0,0,8082
Red,freeze,speed,Purple,freeze,reinforcements,16,16,0,0,0,0,6097
Red,freeze,speed,Purple,freeze,speed,16,16,0,0,0,0,8457
Red,freeze,speed,Purple,freeze,wall,16,16,0,0,0,0,8142
Red,freeze,speed,Red,nuke,heal,16,16,0,0,0,0,8397
Red,freeze,speed,Red,nuke,reinforcements,16,16,0,0,0,0,5909
Red,freeze,speed,Red,nuke,speed,16,0,0,0,0,16,9175
Red,freeze,speed,Red,nuke,wall,16,16,0,0,0,0,9114
Red,freeze,speed,Red,firebomb,heal,16,16,0,0,0,0,8195
Red,freeze,speed,Red,firebomb,reinforcements,16,0,0,0,0,16,7624
Red,freeze,speed,Red,firebomb,speed,16,16,0,0,0,0,5042
Red,freeze,speed,Red,firebomb,wall,16,16,0,0,0,0,7714
Red,freeze,speed,Red,snipe,heal,16,0,0,0,0,16,8444
Red,freeze,speed,Red,snipe,reinforcements,16,16,0,0,0,0,6295
Red,freeze,speed,Red,snipe,speed,16,0,0,0,0,16,7509
Red,freeze,speed,Red,snipe,wall,16,16,0,0,0,0,9529
Red,freeze,speed,Red,freeze,heal,16,16,0,0,0,0,9212
Red,freeze,speed,Red,freeze,reinforcements,16,16,0,0,0,0,6204
Red,freeze,speed,Red,freeze,speed,16,0,0,16,0,0,11449
Red,freeze,speed,Red,freeze,wall,16,16,0,0,0,0,7743
Red,freeze,speed,White,nuke,heal,16,16,0,0,0,0,7655
Red,freeze,speed,White,nuke,reinforcements,16,16,0,0,0,0,4440
Red,freeze,speed,White,nuke,speed,16,16,0,0,0,0,8217
Red,freeze,speed,White,nuke,wall,16,16,0,0,0,0,7594
Red,freeze,speed,White,firebomb,heal,16,16,0,0,0,0,5067
Red,freeze,speed,White,firebomb,reinforcements,16,16,0,0,0,0,4394
Red,freeze,speed,White,firebomb,speed,16,16,0,0,0,0,7107
Red,freeze,speed,White,firebomb,wall,16,16,0,0,0,0,7998
Red,freeze,speed,White,snipe,heal,16,16,0,0,0,0,7734
Red,freeze,speed,White,snipe,reinforcements,16,16,0,0,0,0,4480
Red,freeze,speed,White,snipe,speed,16,16,0,0,0,0,8884
Red,freeze,speed,White,snipe,wall,16,16,0,0,0,0,7223
Red,freeze,speed,White,freeze,heal,16,16,0,0,0,0,7864
Red,freeze,speed,White,freeze,reinforcements,16,16,0,0,0,0,5179
Red,freeze,speed,White,freeze,speed,16,16,0,0,0,0,7103
Red,freeze,speed,White,freeze,wall,16,16,0,0,0,0,7699
Red,freeze,speed,Yellow,nuke,heal,16,16,0,0,0,0,8454
Red,freeze,speed,Yellow,nuke,reinforcements,16,16,0,0,0,0,5987
Red,freeze,speed,Yellow,nuke,speed,16,0,0,0,0,16,7430
Red,freeze,speed,Yellow,nuke,wall,16,16,0,0,0,0,8304
Red,freeze,speed,Yellow,firebomb,heal,16,16,0,0,0,0,7824
Red,freeze,speed,Yellow,firebomb,reinforcements,16,16,0,0,0,0,7108
Red,freeze,speed,Yellow,firebomb,speed,16,16,0,0,0,0,7792
Red,freeze,speed,Yellow,firebomb,wall,16,16,0,0,0,0,8458
Red,freeze,speed,Yellow,snipe,heal,16,16,0,0,0,0,9097
Red,freeze,speed,Yellow,snipe,reinforcements,16,16,0,0,0,0,5780
Red,freeze,speed,Yellow,snipe,speed,16,0,0,0,0,16,8245
Red,freeze,speed,Yellow,snipe,wall,16,16,0,0,0,0,10390
Red,freeze,speed,Yellow,freeze,heal,16,16,0,0,0,0,8347
Red,freeze,speed,Yellow,freeze,reinforcements,16,16,0,0,0,0,6462
Red,freeze,speed,Yellow,freeze,speed,16,16,0,0,0,0,7939
Red,freeze,speed,Yellow,freeze,wall,16,16,0,0,0,0,8535
Red,freeze,wall,Black,nuke,heal,16,16,0,0,0,0,8498
Red,freeze,wall,Black,nuke,reinforcements,16,16,0,0,0,0,12620
Red,freeze,wall,Black,nuke,speed,16,0,0,0,0,16,8894
Red,freeze,wall,Black,nuke,wall,16,16,0,0,0,0,6549
Red,freeze,wall,Black,firebomb,heal,16,16,0,0,0,0,8593
Red,freeze,wall,Black,firebomb,reinforcements,16,16,0,0,0,0,8657
Red,freeze,wall,Black,firebomb,speed,16,0,0,0,0,16,8961
Red,freeze,wall,Black,firebomb,wall,16,16,0,0,0,0,8241
Red,freeze,wall,Black,snipe,heal,16,0,0,0,0,16,8918
Red,freeze,wall,Black,snipe,reinforcements,16,16,0,0,0,0,8054
Red,freeze,wall,Black,snipe,speed,16,0,0,0,0,16,7701
Red,freeze,wall,Black,snipe,wall,16,0,0,0,0,16,6239
Red,freeze,wall,Black,freeze,heal,16,16,0,0,0,0,10151
Red,freeze,wall,Black,freeze,reinforcements,16,16,0,0,0,0,8889
Red,freeze,wall,Black,freeze,speed,16,0,0,0,0,16,7626
Red,freeze,wall,Black,freeze,wall,16,16,0,0,0,0,8409
Red,freeze,wall,Blue,nuke,heal,16,16,0,0,0,0,6774
Red,freeze,wall,Blue,nuke,reinforcements,16,16,0,0,0,0,11288
Red,freeze,wall,Blue,nuke,speed,16,16,0,0,0,0,9666
Red,freeze,wall,Blue,nuke,wall,16,16,0,0,0,0,8347
Red,freeze,wall,Blue,firebomb,heal,16,16,0,0,0,0,8516
Red,freeze,wall,Blue,firebomb,reinforcements,16,16,0,0,0,0,9486
Red,freeze,wall,Blue,firebomb,speed,16,0,0,0,0,16,8869
Red,freeze,wall,Blue,firebomb,wall,16,16,0,0,0,0,8368
Red,freeze,wall,Blue,snipe,heal,16,0,0,0,0,16,9161
Red,freeze,wall,Blue,snipe,reinforcements,16,0,0,0,16,0,18000
Red,freeze,wall,Blue,snipe,speed,16,0,0,0,0,16,9748
Red,freeze,wall,Blue,snipe,wall,16,16,0,0,0,0,9413
Red,freeze,wall,Blue,freeze,heal,16,16,0,0,0,0,8519
Red,freeze,wall,Blue,freeze,reinforcements,16,16,0,0,0,0,9662
Red,freeze,wall,Blue,freeze,speed,16,16,0,0,0,0,9200
Red,freeze,wall,Blue,freeze,wall,16,16,0,0,0,0,8413
Red,freeze,wall,Green,nuke,heal,16,0,0,0,0,16,7323
Red,freeze,wall,Green,nuke,reinforcements,16,16,0,0,0,0,7545
Red,freeze,wall,Green,nuke,speed,16,0,0,0,0,16,7445
Red,freeze,wall,Green,nuke,wall,16,0,0,0,0,16,10930
Red,freeze,wall,Green,firebomb,heal,16,0,0,0,0,16,9977
Red,freeze,wall,Green,firebomb,reinforcements,16,16,0,0,0,0,9874
Red,freeze,wall,Green,firebomb,speed,16,0,0,0,0,16,8025
Red,freeze,wall,Green,firebomb,wall,16,0,0,0,0,16,9300
Red,freeze,wall,Green,snipe,heal,16,0,0,0,0,16,7875
Red,freeze,wall,Green,snipe,reinforcements,16,0,0,0,0,16,7309
Red,freeze,wall,Green,snipe,speed,16,0,0,0,0,16,7282
Red,freeze,wall,Green,snipe,wall,16,0,0,0,0,16,8209
Red,freeze,wall,Green,freeze,heal,16,0,0,0,0,16,9230
Red,freeze,wall,Green,freeze,reinforcements,16,16,0,0,0,0,8648
Red,freeze,wall,Green,freeze,speed,16,0,0,0,0,16,10038
Red,freeze,wall,Green,freeze,wall,16,0,0,0,0,16,9225
Red,freeze,wall,Orange,nuke,heal,16,9,0,0,0,7,9250
Red,freeze,wall,Orange,nuke,reinforcements,16,14,0,0,0,2,7727
Red,freeze,wall,Orange,nuke,speed,16,14,0,0,0,2,7577
Red,freeze,wall,Orange,nuke,wall,16,11,0,0,0,5,8795
Red,freeze,wall,Orange,firebomb,heal,16,14,0,0,0,2,9287
Red,freeze,wall,Orange,firebomb,reinforcements,16,8,0,0,0,8,9321
Red,freeze,wall,Orange,firebomb,speed,16,0,0,0,0,16,9792
Red,freeze,wall,Orange,firebomb,wall,16,16,0,0,0,0,9019
Red,freeze,wall,Orange,snipe,heal,16,4,0,0,0,12,10614
Red,freeze,wall,Orange,snipe,reinforcements,16,10,0,0,0,6,9843
Red,freeze,wall,Orange,snipe,speed,16,0,0,0,0,16,8897
Red,freeze,wall,Orange,snipe,wall,16,2,0,0,0,14,9400
Red,freeze,wall,Orange,freeze,heal,16,15,0,0,0,1,9154
Red,freeze,wall,Orange,freeze,reinforcements,16,16,0,0,0,0,8027
Red,freeze,wall,Orange,freeze,speed,16,12,0,0,0,4,10084
Red,freeze,wall,Orange,freeze,wall,16,13,0,0,0,3,8043
Red,freeze,wall,Purple,nuke,heal,16,16,0,0,0,0,7513
Red,freeze,wall,Purple,nuke,reinforcements,16,16,0,0,0,0,6592
Red,freeze,wall,Purple,nuke,speed,16,0,0,0,0,16,9435
Red,freeze,wall,Purple,nuke,wall,16,0,0,0,0,16,9227
Red,freeze,wall,Purple,firebomb,heal,16,16,0,0,0,0,8650
Red,freeze,wall,Purple,firebomb,reinforcements,16,16,0,0,0,0,5212
Red,freeze,wall,Purple,firebomb,speed,16,0,0,0,0,16,9425
Red,freeze,wall,Purple,firebomb,wall,16,0,0,0,0,16,9580
Red,freeze,wall,Purple,snipe,heal,16,16,0,0,0,0,9314
Red,freeze,wall,Purple,snipe,reinforcements,16,16,0,0,0,0,6182
Red,freeze,wall,Purple,snipe,speed,16,0,0,0,0,16,7605
Red,freeze,wall,Purple,snipe,wall,16,0,0,0,0,16,9459
Red,freeze,wall,Purple,freeze,heal,16,16,0,0,0,0,8212
Red,freeze,wall,Purple,freeze,reinforcements,16,16,0,0,0,0,6760
Red,freeze,wall,Purple,freeze,speed,16,0,0,0,0,16,9773
Red,freeze,wall,Purple,freeze,wall,16,16,0,0,0,0,9218
Red,freeze,wall,Red,nuke,heal,16,0,0,0,0,16,6570
Red,freeze,wall,Red,nuke,reinforcements,16,0,0,0,0,16,6413
Red,freeze,wall,Red,nuke,speed,16,0,0,0,0,16,6454
Red,freeze,wall,Red,nuke,wall,16,16,0,0,0,0,9305
Red,freeze,wall,Red,firebomb,heal,16,16,0,0,0,0,9685
Red,freeze,wall,Red,firebomb,reinforcements,16,0,0,0,0,16,7665
Red,freeze,wall,Red,firebomb,speed,16,0,0,0,0,16,9635
Red,freeze,wall,Red,firebomb,wall,16,16,0,0,0,0,9040
Red,freeze,wall,Red,snipe,heal,16,0,0,0,0,16,8400
Red,freeze,wall,Red,snipe,reinforcements,16,0,0,0,0,16,5815
Red,freeze,wall,Red,snipe,speed,16,0,0,0,0,16,7434
Red,freeze,wall,Red,snipe,wall,16,0,0,0,0,16,9272
Red,freeze,wall,Red,freeze,heal,16,16,0,0,0,0,5940
Red,freeze,wall,Red,freeze,reinforcements,16,0,0,0,0,16,6801
Red,freeze,wall,Red,freeze,speed,16,0,0,0,0,16,8455
Red,freeze,wall,Red,freeze,wall,16,0,0,16,0,0,9229
Red,freeze,wall,White,nuke,heal,16,16,0,0,0,0,7784
Red,freeze,wall,White,nuke,reinforcements,16,16,0,0,0,0,4859
Red,freeze,wall,White,nuke,speed,16,16,0,0,0,0,9566
Red,freeze,wall,White,nuke,wall,16,16,0,0,0,0,7769
Red,freeze,wall,White,firebomb,heal,16,16,0,0,0,0,9148
Red,freeze,wall,White,firebomb,reinforcements,16,16,0,0,0,0,5042
Red,freeze,wall,White,firebomb,speed,16,16,0,0,0,0,7698
Red,freeze,wall,White,firebomb,wall,16,16,0,0,0,0,7953
Red,freeze,wall,White,snipe,heal,16,0,0,0,0,16,8099
Red,freeze,wall,White,snipe,reinforcements,16,16,0,0,0,0,4359
Red,freeze,wall,White,snipe,speed,16,0,0,0,0,16,7654
Red,freeze,wall,White,snipe,wall,16,16,0,0,0,0,9346
Red,freeze,wall,White,freeze,heal,16,16,0,0,0,0,7791
Red,freeze,wall,White,freeze,reinforcements,16,16,0,0,0,0,5353
Red,freeze,wall,White,freeze,speed,16,16,0,0,0,0,8837
Red,freeze,wall,White,freeze,wall,16,16,0,0,0,0,8508
Red,freeze,wall,Yellow,nuke,heal,16,16,0,0,0,0,8500
Red,freeze,wall,Yellow,nuke,reinforcements,16,16,0,0,0,0,6882
Red,freeze,wall,Yellow,nuke,speed,16,16,0,0,0,0,9409
Red,freeze,wall,Yellow,nuke,wall,16,0,0,0,0,16,7236
Red,freeze,wall,Yellow,firebomb,heal,16,16,0,0,0,0,8327
Red,freeze,wall,Yellow,firebomb,reinforcements,16,16,0,0,0,0,6358
Red,freeze,wall,Yellow,firebomb,speed,16,7,0,0,0,9,9315
Red,freeze,wall,Yellow,firebomb,wall,16,16,0,0,0,0,8346
Red,freeze,wall,Yellow,snipe,heal,16,0,0,0,0,16,9044
Red,freeze,wall,Yellow,snipe,reinforcements,16,16,0,0,0,0,6379
Red,freeze,wall,Yellow,snipe,speed,16,0,0,0,0,16,8445
Red,freeze,wall,Yellow,snipe,wall,16,13,0,0,0,3,9327
Red,freeze,wall,Yellow,freeze,heal,16,16,0,0,0,0,8536
Red,freeze,wall,Yellow,freeze,reinforcements,16,16,0,0,0,0,7497
Red,freeze,wall,Yellow,freeze,speed,16,0,0,0,0,16,9117
Red,freeze,wall,Yellow,freeze,wall,16,16,0,0,0,0,8598
White,nuke,heal,Black,nuke,heal,16,16,0,0,0,0,8629
White,nuke,heal,Black,nuke,reinforcements,16,16,0,0,0,0,8635
White,nuke,heal,Black,nuke,speed,16,0,0,0,0,16,7957
White,nuke,heal,Black,nuke,wall,16,0,0,0,0,16,7659
White,nuke,heal,Black,firebomb,heal,16,0,0,0,0,16,8929
White,nuke,heal,Black,firebomb,reinforcements,16,0,0,0,0,16,8593
White,nuke,heal,Black,firebomb,speed,16,0,0,0,0,16,6848
White,nuke,heal,Black,firebomb,wall,16,0,0,0,0,16,7834
White,nuke,heal,Black,snipe,heal,16,0,0,0,0,16,4508
White,nuke,heal,Black,snipe,reinforcements,16,0,0,0,0,16,4309
White,nuke,heal,Black,snipe,speed,16,0,0,0,0,16,4372
White,nuke,heal,Black,snipe,wall,16,0,0,0,0,16,7659
White,nuke,heal,Black,freeze,heal,16,0,0,0,0,16,8753
White,nuke,heal,Black,freeze,reinforcements,16,0,0,0,0,16,4344
White,nuke,heal,Black,freeze,speed,16,0,0,0,0,16,8328
White,nuke,heal,Black,freeze,wall,16,0,0,0,0,16,6712
White,nuke,heal,Blue,nuke,heal,16,0,0,0,0,16,8295
White,nuke,heal,Blue,nuke,reinforcements,16,0,0,0,0,16,8085
White,nuke,heal,Blue,nuke,speed,16,0,0,0,0,16,8260
White,nuke,heal,Blue,nuke,wall,16,0,0,0,0,16,7999
White,nuke,heal,Blue,firebomb,heal,16,0,0,0,0,16,7716
White,nuke,heal,Blue,firebomb,reinforcements,16,0,0,0,0,16,3434
White,nuke,heal,Blue,firebomb,speed,16,0,0,0,0,16,7818
White,nuke,heal,Blue,firebomb,wall,16,0,0,0,0,16,5354
White,nuke,heal,Blue,snipe,heal,16,0,0,0,0,16,8249
White,nuke,heal,Blue,snipe,reinforcements,16,0,0,0,0,16,3439
White,nuke,heal,Blue,snipe,speed,16,0,0,0,0,16,8308
White,nuke,heal,Blue,snipe,wall,16,0,0,0,0,16,7769
White,nuke,heal,Blue,freeze,heal,16,16,0,0,0,0,7515
White,nuke,heal,Blue,freeze,reinforcements,16,0,0,0,0,16,6004
White,nuke,heal,Blue,freeze,speed,16,0,0,0,0,16,8259
White,nuke,heal,Blue,freeze,wall,16,0,0,0,0,16,7800
White,nuke,heal,Green,nuke,heal,16,0,0,0,0,16,8635
White,nuke,heal,Green,nuke,reinforcements,16,0,0,0,0,16,6720
White,nuke,heal,Green,nuke,speed,16,0,0,0,0,16,7828
White,nuke,heal,Green,nuke,wall,16,0,0,0,0,16,7575
White,nuke,heal,Green,firebomb,heal,16,0,0,0,0,16,7131
White,nuke,heal,Green,firebomb,reinforcements,16,0,0,0,0,16,6662
White,nuke,heal,Green,firebomb,speed,16,16,0,0,0,0,5055
White,nuke,heal,Green,firebomb,wall,16,0,0,0,0,16,5629
White,nuke,heal,Green,snipe,heal,16,0,0,0,0,16,6985
White,nuke,heal,Green,snipe,reinforcements,16,0,0,0,0,16,4769
White,nuke,heal,Green,snipe,speed,16,0,0,0,0,16,7668
White,nuke,heal,Green,snipe,wall,16,0,0,0,0,16,7834
White,nuke,heal,Green,freeze,heal,16,0,0,0,0,16,7661
White,nuke,heal,Green,freeze,reinforcements,16,0,0,0,0,16,4734
White,nuke,heal,Green,freeze,speed,16,0,0,0,0,16,7454
White,nuke,heal,Green,freeze,wall,16,0,0,0,0,16,7499
White,nuke,heal,Orange,nuke,heal,16,0,0,0,0,16,8421
White,nuke,heal,Orange,nuke,reinforcements,16,0,0,0,0,16,2879
White,nuke,heal,Orange,nuke,speed,16,0,0,0,0,16,8319
White,nuke,heal,Orange,nuke,wall,16,0,0,0,0,16,8118
White,nuke,heal,Orange,firebomb,heal,16,2,0,0,0,14,7453
White,nuke,heal,Orange,firebomb,reinforcements,16,0,0,0,0,16,2879
White,nuke,heal,Orange,firebomb,speed,16,0,0,0,0,16,8380
White,nuke,heal,Orange,firebomb,wall,16,0,0,0,0,16,6913
White,nuke,heal,Orange,snipe,heal,16,3,0,0,0,13,8943
White,nuke,heal,Orange,snipe,reinforcements,16,0,0,0,0,16,2879
White,nuke,heal,Orange,snipe,speed,16,0,0,0,0,16,7691
White,nuke,heal,Orange,snipe,wall,16,0,0,0,0,16,5699
White,nuke,heal,Orange,freeze,heal,16,9,0,0,0,7,8823
White,nuke,heal,Orange,freeze,reinforcements,16,0,0,0,0,16,2879
White,nuke,heal,Orange,freeze,speed,16,0,0,0,0,16,9765
White,nuke,heal,Orange,freeze,wall,16,4,0,0,0,12,7914
White,nuke,heal,Purple,nuke,heal,16,0,0,0,0,16,7970
White,nuke,heal,Purple,nuke,reinforcements,16,0,0,0,0,16,8208
White,nuke,heal,Purple,nuke,speed,16,0,0,0,0,16,7850
White,nuke,heal,Purple,nuke,wall,16,0,0,0,0,16,7679
White,nuke,heal,Purple,firebomb,heal,16,0,0,0,0,16,8007
White,nuke,heal,Purple,firebomb,reinforcements,16,0,0,0,0,16,6748
White,nuke,heal,Purple,firebomb,speed,16,0,0,0,0,16,6804
White,nuke,heal,Purple,firebomb,wall,16,0,0,0,0,16,6079
White,nuke,heal,Purple,snipe,heal,16,0,0,0,0,16,8135
White,nuke,heal,Purple,snipe,reinforcements,16,0,0,0,0,16,6774
White,nuke,heal,Purple,snipe,speed,16,0,0,0,0,16,7827
White,nuke,heal,Purple,snipe,wall,16,0,0,0,0,16,7705
White,nuke,heal,Purple,freeze,heal,16,0,0,0,0,16,7932
White,nuke,heal,Purple,freeze,reinforcements,16,0,0,0,0,16,8192
White,nuke,heal,Purple,freeze,speed,16,0,0,0,0,16,8197
White,nuke,heal,Purple,freeze,wall,16,0,0,0,0,16,7678
White,nuke,heal,Red,nuke,heal,16,0,0,0,0,16,4845
White,nuke,heal,Red,nuke,reinforcements,16,0,0,0,0,16,6562
White,nuke,heal,Red,nuke,speed,16,0,0,0,0,16,4874
White,nuke,heal,Red,nuke,wall,16,0,0,0,0,16,7430
White,nuke,heal,Red,firebomb,heal,16,16,0,0,0,0,8875
White,nuke,heal,Red,firebomb,reinforcements,16,0,0,0,0,16,6518
White,nuke,heal,Red,firebomb,speed,16,0,0,0,0,16,7374
White,nuke,heal,Red,firebomb,wall,16,0,0,0,0,16,5579
White,nuke,heal,Red,snipe,heal,16,0,0,0,0,16,7738
White,nuke,heal,Red,snipe,reinforcements,16,0,0,0,0,16,6234
White,nuke,heal,Red,snipe,speed,16,0,0,0,0,16,4750
White,nuke,heal,Red,snipe,wall,16,0,0,0,0,16,5103
White,nuke,heal,Red,freeze,heal,16,16,0,0,0,0,8549
White,nuke,heal,Red,freeze,reinforcements,16,0,0,0,0,16,5276
White,nuke,heal,Red,freeze,speed,16,0,0,0,0,16,7168
White,nuke,heal,Red,freeze,wall,16,0,0,0,0,16,7895
White,nuke,heal,White,nuke,heal,16,16,0,0,0,0,7795
White,nuke,heal,White,nuke,reinforcements,16,0,0,0,0,16,3084
White,nuke,heal,White,nuke,speed,16,16,0,0,0,0,11435
White,nuke,heal,White,nuke,wall,16,16,0,0,0,0,7847
White,nuke,heal,White,firebomb,heal,16,0,0,0,0,16,7820
White,nuke,heal,White,firebomb,reinforcements,16,0,0,0,0,16,3084
White,nuke,heal,White,firebomb,speed,16,0,0,0,0,16,7733
White,nuke,heal,White,firebomb,wall,16,16,0,0,0,0,7654
White,nuke,heal,White,snipe,heal,16,0,0,0,0,16,7668
White,nuke,heal,White,snipe,reinforcements,16,0,0,0,0,16,3084
White,nuke,heal,White,snipe,speed,16,0,0,0,0,16,7743
White,nuke,heal,White,snipe,wall,16,0,0,0,0,16,9268
White,nuke,heal,White,freeze,heal,16,0,0,0,0,16,8778
White,nuke,heal,White,freeze,reinforcements,16,0,0,0,0,16,3084
White,nuke,heal,White,freeze,speed,16,16,0,0,0,0,7270
White,nuke,heal,White,freeze,wall,16,16,0,0,0,0,8139
White,nuke,heal,Yellow,nuke,heal,16,0,0,0,0,16,7580
White,nuke,heal,Yellow,nuke,reinforcements,16,16,0,0,0,0,7374
White,nuke,heal,Yellow,nuke,speed,16,0,0,0,0,16,7592
White,nuke,heal,Yellow,nuke,wall,16,0,0,0,0,16,8499
White,nuke,heal,Yellow,firebomb,heal,16,0,0,0,0,16,7814
White,nuke,heal,Yellow,firebomb,reinforcements,16,0,0,0,0,16,7870
White,nuke,heal,Yellow,firebomb,speed,16,0,0,0,0,16,7907
White,nuke,heal,Yellow,firebomb,wall,16,0,0,0,0,16,5599
White,nuke,heal,Yellow,snipe,heal,16,0,0,0,0,16,7349
White,nuke,heal,Yellow,snipe,reinforcements,16,0,0,0,0,16,3364
White,nuke,heal,Yellow,snipe,speed,16,0,0,0,0,16,7601
White,nuke,heal,Yellow,snipe,wall,16,0,0,0,0,16,8493
White,nuke,heal,Yellow,freeze,heal,16,16,0,0,0,0,8385
White,nuke,heal,Yellow,freeze,reinforcements,16,0,0,0,0,16,3364
White,nuke,heal,Yellow,freeze,speed,16,0,0,0,0,16,4854
White,nuke,heal,Yellow,freeze,wall,16,0,0,0,0,16,7902
White,nuke,reinforcements,Black,nuke,heal,16,0,0,0,0,16,5156
White,nuke,reinforcements,Black,nuke,reinforcements,16,0,0,0,0,16,5188
White,nuke,reinforcements,Black,nuke,speed,16,16,0,0,0,0,3259
White,nuke,reinforcements,Black,nuke,wall,16,16,0,0,0,0,4294
White,nuke,reinforcements,Black,firebomb,heal,16,0,0,0,0,16,5237
White,nuke,reinforcements,Black,firebomb,reinforcements,16,0,0,0,0,16,5188
White,nuke,reinforcements,Black,firebomb,speed,16,0,0,0,0,16,5113
White,nuke,reinforcements,Black,firebomb,wall,16,0,0,0,0,16,6824
White,nuke,reinforcements,Black,snipe,heal,16,0,0,0,0,16,5091
White,nuke,reinforcements,Black,snipe,reinforcements,16,0,0,0,0,16,5113
White,nuke,reinforcements,Black,snipe,speed,16,0,0,0,0,16,5064
White,nuke,reinforcements,Black,snipe,wall,16,0,0,0,0,16,5324
White,nuke,reinforcements,Black,freeze,heal,16,0,0,0,0,16,5508
White,nuke,reinforcements,Black,freeze,reinforcements,16,0,0,0,0,16,5139
White,nuke,reinforcements,Black,freeze,speed,16,0,0,0,0,16,5130
White,nuke,reinforcements,Black,freeze,wall,16,0,0,0,0,16,5521
White,nuke,reinforcements,Blue,nuke,heal,16,16,0,0,0,0,3499
White,nuke,reinforcements,Blue,nuke,reinforcements,16,0,0,0,0,16,4847
White,nuke,reinforcements,Blue,nuke,speed,16,0,0,0,0,16,5256
White,nuke,reinforcements,Blue,nuke,wall,16,0,0,0,0,16,4202
White,nuke,reinforcements,Blue,firebomb,heal,16,0,0,0,0,16,5213
White,nuke,reinforcements,Blue,firebomb,reinforcements,16,0,0,0,0,16,4642
White,nuke,reinforcements,Blue,firebomb,speed,16,0,0,0,0,16,5213
White,nuke,reinforcements,Blue,firebomb,wall,16,0,0,0,0,16,4920
White,nuke,reinforcements,Blue,snipe,heal,16,0,0,0,0,16,4276
White,nuke,reinforcements,Blue,snipe,reinforcements,16,0,0,0,0,16,4582
White,nuke,reinforcements,Blue,snipe,speed,16,0,0,0,0,16,4647
White,nuke,reinforcements,Blue,snipe,wall,16,0,0,0,0,16,4222
White,nuke,reinforcements,Blue,freeze,heal,16,0,0,0,0,16,6651
White,nuke,reinforcements,Blue,freeze,reinforcements,16,0,0,0,0,16,4124
White,nuke,reinforcements,Blue,freeze,speed,16,0,0,0,0,16,4857
White,nuke,reinforcements,Blue,freeze,wall,16,0,0,0,0,16,4756
White,nuke,reinforcements,Green,nuke,heal,16,0,0,0,0,16,5238
White,nuke,reinforcements,Green,nuke,reinforcements,16,0,0,0,0,16,3878
White,nuke,reinforcements,Green,nuke,speed,16,0,0,0,0,16,5126
White,nuke,reinforcements,Green,nuke,wall,16,0,0,0,0,16,3953
White,nuke,reinforcements,Green,firebomb,heal,16,0,0,0,0,16,5123
White,nuke,reinforcements,Green,firebomb,reinforcements,16,0,0,0,0,16,3884
White,nuke,reinforcements,Green,firebomb,speed,16,0,0,0,0,16,5159
White,nuke,reinforcements,Green,firebomb,wall,16,0,0,0,0,16,4212
White,nuke,reinforcements,Green,snipe,heal,16,0,0,0,0,16,5065
White,nuke,reinforcements,Green,snipe,reinforcements,16,0,0,0,0,16,3764
White,nuke,reinforcements,Green,snipe,speed,16,0,0,0,0,16,5029
White,nuke,reinforcements,Green,snipe,wall,16,0,0,0,0,16,5110
White,nuke,reinforcements,Green,freeze,heal,16,0,0,0,0,16,5123
White,nuke,reinforcements,Green,freeze,reinforcements,16,0,0,0,0,16,4086
White,nuke,reinforcements,Green,freeze,speed,16,0,0,0,0,16,5029
White,nuke,reinforcements,Green,freeze,wall,16,0,0,0,0,16,4034
White,nuke,reinforcements,Orange,nuke,heal,16,16,0,0,0,0,3714
White,nuke,reinforcements,Orange,nuke,reinforcements,16,0,0,0,0,16,5352
White,nuke,reinforcements,Orange,nuke,speed,16,16,0,0,0,0,3714
White,nuke,reinforcements,Orange,nuke,wall,16,0,0,0,0,16,5294
White,nuke,reinforcements,Orange,firebomb,heal,16,0,0,0,0,16,7339
White,nuke,reinforcements,Orange,firebomb,reinforcements,16,0,0,0,0,16,5343
White,nuke,reinforcements,Orange,firebomb,speed,16,0,0,0,0,16,6645
White,nuke,reinforcements,Orange,firebomb,wall,16,0,0,0,0,16,5176
White,nuke,reinforcements,Orange,snipe,heal,16,0,0,0,0,16,5196
White,nuke,reinforcements,Orange,snipe,reinforcements,16,0,0,0,0,16,5233
White,nuke,reinforcements,Orange,snipe,speed,16,0,0,0,0,16,4993
White,nuke,reinforcements,Orange,snipe,wall,16,0,0,0,0,16,4396
White,nuke,reinforcements,Orange,freeze,heal,16,0,0,0,0,16,9423
White,nuke,reinforcements,Orange,freeze,reinforcements,16,0,0,0,0,16,4672
White,nuke,reinforcements,Orange,freeze,speed,16,0,0,0,0,16,6212
White,nuke,reinforcements,Orange,freeze,wall,16,0,0,0,0,16,5643
White,nuke,reinforcements,Purple,nuke,heal,16,0,0,0,0,16,5133
White,nuke,reinforcements,Purple,nuke,reinforcements,16,0,0,0,0,16,5087
White,nuke,reinforcements,Purple,nuke,speed,16,16,0,0,0,0,4279
White,nuke,reinforcements,Purple,nuke,wall,16,0,0,0,0,16,5343
White,nuke,reinforcements,Purple,firebomb,heal,16,0,0,0,0,16,5169
White,nuke,reinforcements,Purple,firebomb,reinforcements,16,0,0,0,0,16,5147
White,nuke,reinforcements,Purple,firebomb,speed,16,0,0,0,0,16,5149
White,nuke,reinforcements,Purple,firebomb,wall,16,0,0,0,0,16,5282
White,nuke,reinforcements,Purple,snipe,heal,16,0,0,0,0,16,5123
White,nuke,reinforcements,Purple,snipe,reinforcements,16,0,0,0,0,16,5034
White,nuke,reinforcements,Purple,snipe,speed,16,0,0,0,0,16,4562
White,nuke,reinforcements,Purple,snipe,wall,16,0,0,0,0,16,4375
White,nuke,reinforcements,Purple,freeze,heal,16,0,0,0,0,16,5093
White,nuke,reinforcements,Purple,freeze,reinforcements,16,0,0,0,0,16,5058
White,nuke,reinforcements,Purple,freeze,speed,16,0,0,0,0,16,5149
White,nuke,reinforcements,Purple,freeze,wall,16,0,0,0,0,16,4603
White,nuke,reinforcements,Red,nuke,heal,16,0,0,0,0,16,5202
White,nuke,reinforcements,Red,nuke,reinforcements,16,0,0,0,0,16,5103
White,nuke,reinforcements,Red,nuke,speed,16,16,0,0,0,0,3154
White,nuke,reinforcements,Red,nuke,wall,16,0,0,0,0,16,5045
White,nuke,reinforcements,Red,firebomb,heal,16,0,0,0,0,16,5232
White,nuke,reinforcements,Red,firebomb,reinforcements,16,0,0,0,0,16,3998
White,nuke,reinforcements,Red,firebomb,speed,16,0,0,0,0,16,5222
White,nuke,reinforcements,Red,firebomb,wall,16,0,0,0,0,16,5131
White,nuke,reinforcements,Red,snipe,heal,16,0,0,0,0,16,4409
White,nuke,reinforcements,Red,snipe,reinforcements,16,0,0,0,0,16,4105
White,nuke,reinforcements,Red,snipe,speed,16,0,0,0,0,16,5178
White,nuke,reinforcements,Red,snipe,wall,16,0,0,0,0,16,5113
White,nuke,reinforcements,Red,freeze,heal,16,0,0,0,0,16,5073
White,nuke,reinforcements,Red,freeze,reinforcements,16,0,0,0,0,16,5093
White,nuke,reinforcements,Red,freeze,speed,16,0,0,0,0,16,4853
White,nuke,reinforcements,Red,freeze,wall,16,0,0,0,0,16,5067
White,nuke,reinforcements,White,nuke,heal,16,16,0,0,0,0,3084
White,nuke,reinforcements,White,nuke,reinforcements,16,0,0,16,0,0,8869
White,nuke,reinforcements,White,nuke,speed,16,16,0,0,0,0,3084
White,nuke,reinforcements,White,nuke,wall,16,0,0,0,0,16,8219
White,nuke,reinforcements,White,firebomb,heal,16,0,0,0,0,16,8411
White,nuke,reinforcements,White,firebomb,reinforcements,16,16,0,0,0,0,6316
White,nuke,reinforcements,White,firebomb,speed,16,0,0,0,0,16,6548
White,nuke,reinforcements,White,firebomb,wall,16,0,0,0,0,16,8400
White,nuke,reinforcements,White,snipe,heal,16,0,0,0,0,16,7733
White,nuke,reinforcements,White,snipe,reinforcements,16,0,0,0,0,16,10308
White,nuke,reinforcements,White,snipe,speed,16,0,0,0,0,16,5334
White,nuke,reinforcements,White,snipe,wall,16,0,0,0,0,16,7702
White,nuke,reinforcements,White,freeze,heal,16,16,0,0,0,0,8340
White,nuke,reinforcements,White,freeze,reinforcements,16,0,0,0,0,16,8836
White,nuke,reinforcements,White,freeze,speed,16,0,0,0,0,16,8127
White,nuke,reinforcements,White,freeze,wall,16,0,0,0,0,16,8295
White,nuke,reinforcements,Yellow,nuke,heal,16,16,0,0,0,0,3319
White,nuke,reinforcements,Yellow,nuke,reinforcements,16,0,0,0,0,16,4898
White,nuke,reinforcements,Yellow,nuke,speed,16,16,0,0,0,0,3349
White,nuke,reinforcements,Yellow,nuke,wall,16,0,0,0,0,16,5519
White,nuke,reinforcements,Yellow,firebomb,heal,16,0,0,0,0,16,5589
White,nuke,reinforcements,Yellow,firebomb,reinforcements,16,0,0,0,0,16,5114
White,nuke,reinforcements,Yellow,firebomb,speed,16,0,0,0,0,16,5113
White,nuke,reinforcements,Yellow,firebomb,wall,16,0,0,0,0,16,5479
White,nuke,reinforcements,Yellow,snipe,heal,16,0,0,0,0,16,5017
White,nuke,reinforcements,Yellow,snipe,reinforcements,16,0,0,0,0,16,4750
White,nuke,reinforcements,Yellow,snipe,speed,16,0,0,0,0,16,5084
White,nuke,reinforcements,Yellow,snipe,wall,16,0,0,0,0,16,4481
White,nuke,reinforcements,Yellow,freeze,heal,16,0,0,0,0,16,5335
White,nuke,reinforcements,Yellow,freeze,reinforcements,16,0,0,0,0,16,5217
White,nuke,reinforcements,Yellow,freeze,speed,16,0,0,0,0,16,5223
White,nuke,reinforcements,Yellow,freeze,wall,16,0,0,0,0,16,5573
White,nuke,speed,Black,nuke,heal,16,16,0,0,0,0,8407
White,nuke,speed,Black,nuke,reinforcements,16,16,0,0,0,0,6692
White,nuke,speed,Black,nuke,speed,16,0,0,0,0,16,8414
White,nuke,speed,Black,nuke,wall,16,16,0,0,0,0,9976
White,nuke,speed,Black,firebomb,heal,16,0,0,0,0,16,8133
White,nuke,speed,Black,firebomb,reinforcements,16,0,0,0,0,16,6054
White,nuke,speed,Black,firebomb,speed,16,0,0,0,0,16,8306
White,nuke,speed,Black,firebomb,wall,16,0,0,0,0,16,8060
White,nuke,speed,Black,snipe,heal,16,0,0,0,0,16,10337
White,nuke,speed,Black,snipe,reinforcements,16,0,0,0,0,16,4399
White,nuke,speed,Black,snipe,speed,16,0,0,0,0,16,9684
White,nuke,speed,Black,snipe,wall,16,0,0,0,0,16,9635
White,nuke,speed,Black,freeze,heal,16,16,0,0,0,0,9221
White,nuke,speed,Black,freeze,reinforcements,16,0,0,0,0,16,5604
White,nuke,speed,Black,freeze,speed,16,9,0,0,0,7,9911
White,nuke,speed,Black,freeze,wall,16,16,0,0,0,0,8539
White,nuke,speed,Blue,nuke,heal,16,0,0,0,0,16,8237
White,nuke,speed,Blue,nuke,reinforcements,16,16,0,0,0,0,6653
White,nuke,speed,Blue,nuke,speed,16,0,0,0,0,16,7805
White,nuke,speed,Blue,nuke,wall,16,0,0,0,0,16,8209
White,nuke,speed,Blue,firebomb,heal,16,0,0,0,0,16,5654
White,nuke,speed,Blue,firebomb,reinforcements,16,0,0,0,0,16,4279
White,nuke,speed,Blue,firebomb,speed,16,0,0,0,0,16,5239
White,nuke,speed,Blue,firebomb,wall,16,0,0,0,0,16,5664
White,nuke,speed,Blue,snipe,heal,16,0,0,0,0,16,8277
White,nuke,speed,Blue,snipe,reinforcements,16,0,0,0,0,16,4079
White,nuke,speed,Blue,snipe,speed,16,0,0,0,0,16,5697
White,nuke,speed,Blue,snipe,wall,16,0,0,0,0,16,8707
White,nuke,speed,Blue,freeze,heal,16,16,0,0,0,0,8429
White,nuke,speed,Blue,freeze,reinforcements,16,0,0,0,0,16,3454
White,nuke,speed,Blue,freeze,speed,16,0,0,0,0,16,8264
White,nuke,speed,Blue,freeze,wall,16,16,0,0,0,0,8389
White,nuke,speed,Green,nuke,heal,16,0,0,0,0,16,8164
White,nuke,speed,Green,nuke,reinforcements,16,0,0,0,0,16,7713
White,nuke,speed,Green,nuke,speed,16,0,0,0,0,16,8144
White,nuke,speed,Green,nuke,wall,16,0,0,0,0,16,7880
White,nuke,speed,Green,firebomb,heal,16,0,0,0,0,16,5354
White,nuke,speed,Green,firebomb,reinforcements,16,0,0,0,0,16,7423
White,nuke,speed,Green,firebomb,speed,16,0,0,0,0,16,5924
White,nuke,speed,Green,firebomb,wall,16,0,0,0,0,16,5899
White,nuke,speed,Green,snipe,heal,16,0,0,0,0,16,7160
White,nuke,speed,Green,snipe,reinforcements,16,0,0,0,0,16,6726
White,nuke,speed,Green,snipe,speed,16,0,0,0,0,16,7966
White,nuke,speed,Green,snipe,wall,16,0,0,0,0,16,6389
White,nuke,speed,Green,freeze,heal,16,16,0,0,0,0,6434
White,nuke,speed,Green,freeze,reinforcements,16,0,0,0,0,16,7053
White,nuke,speed,Green,freeze,speed,16,0,0,0,0,16,8695
White,nuke,speed,Green,freeze,wall,16,0,0,0,0,16,8148
White,nuke,speed,Orange,nuke,heal,16,4,0,1,0,11,9221
White,nuke,speed,Orange,nuke,reinforcements,16,0,0,0,0,16,2879
White,nuke,speed,Orange,nuke,speed,16,0,0,0,0,16,7954
White,nuke,speed,Orange,nuke,wall,16,3,0,0,0,13,8802
White,nuke,speed,Orange,firebomb,heal,16,7,0,0,0,9,9156
White,nuke,speed,Orange,firebomb,reinforcements,16,0,0,0,0,16,2879
White,nuke,speed,Orange,firebomb,speed,16,0,0,0,0,16,8407
White,nuke,speed,Orange,firebomb,wall,16,4,0,0,0,12,7355
White,nuke,speed,Orange,snipe,heal,16,0,0,0,0,16,8526
White,nuke,speed,Orange,snipe,reinforcements,16,0,0,0,0,16,2879
White,nuke,speed,Orange,snipe,speed,16,0,0,0,0,16,8008
White,nuke,speed,Orange,snipe,wall,16,1,0,0,0,15,9736
White,nuke,speed,Orange,freeze,heal,16,6,0,0,0,10,8980
White,nuke,speed,Orange,freeze,reinforcements,16,0,0,0,0,16,2879
White,nuke,speed,Orange,freeze,speed,16,0,0,0,0,16,9229
White,nuke,speed,Orange,freeze,wall,16,4,0,0,0,12,8430
White,nuke,speed,Purple,nuke,heal,16,0,0,0,0,16,8200
White,nuke,speed,Purple,nuke,reinforcements,16,16,0,0,0,0,6849
White,nuke,speed,Purple,nuke,speed,16,0,0,0,0,16,8153
White,nuke,speed,Purple,nuke,wall,16,0,0,0,0,16,8671
White,nuke,speed,Purple,firebomb,heal,16,0,0,0,0,16,9259
White,nuke,speed,Purple,firebomb,reinforcements,16,0,0,0,0,16,4844
White,nuke,speed,Purple,firebomb,speed,16,0,0,0,0,16,6656
White,nuke,speed,Purple,firebomb,wall,16,0,0,0,0,16,6014
White,nuke,speed,Purple,snipe,heal,16,0,0,0,0,16,8638
White,nuke,speed,Purple,snipe,reinforcements,16,0,0,0,0,16,4904
White,nuke,speed,Purple,snipe,speed,16,0,0,0,0,16,6995
White,nuke,speed,Purple,snipe,wall,16,0,0,0,0,16,8606
White,nuke,speed,Purple,freeze,heal,16,0,0,0,0,16,8040
White,nuke,speed,Purple,freeze,reinforcements,16,0,0,0,0,16,5729
White,nuke,speed,Purple,freeze,speed,16,0,0,0,0,16,8151
White,nuke,speed,Purple,freeze,wall,16,0,0,0,0,16,8019
White,nuke,speed,Red,nuke,heal,16,0,0,0,0,16,4989
White,nuke,speed,Red,nuke,reinforcements,16,0,0,0,0,16,4670
White,nuke,speed,Red,nuke,speed,16,0,0,0,0,16,7165
White,nuke,speed,Red,nuke,wall,16,0,0,0,0,16,5024
White,nuke,speed,Red,firebomb,heal,16,0,0,0,0,16,7774
White,nuke,speed,Red,firebomb,reinforcements,16,0,0,0,0,16,7398
White,nuke,speed,Red,firebomb,speed,16,0,0,0,0,16,9077
White,nuke,speed,Red,firebomb,wall,16,16,0,0,0,0,7243
White,nuke,speed,Red,snipe,heal,16,0,0,0,0,16,6555
White,nuke,speed,Red,snipe,reinforcements,16,0,0,0,0,16,4554
White,nuke,speed,Red,snipe,speed,16,0,0,0,0,16,7100
White,nuke,speed,Red,snipe,wall,16,0,0,0,0,16,4962
White,nuke,speed,Red,freeze,heal,16,16,0,0,0,0,9234
White,nuke,speed,Red,freeze,reinforcements,16,0,0,0,0,16,4776
White,nuke,speed,Red,freeze,speed,16,0,0,0,0,16,10904
White,nuke,speed,Red,freeze,wall,16,0,0,0,0,16,7209
White,nuke,speed,White,nuke,heal,16,16,0,0,0,0,8103
White,nuke,speed,White,nuke,reinforcements,16,0,0,0,0,16,3084
White,nuke,speed,White,nuke,speed,16,16,0,0,0,0,9703
White,nuke,speed,White,nuke,wall,16,16,0,0,0,0,7815
White,nuke,speed,White,firebomb,heal,16,0,0,0,0,16,5078
White,nuke,speed,White,firebomb,reinforcements,16,0,0,0,0,16,3084
White,nuke,speed,White,firebomb,speed,16,0,0,0,0,16,9637
White,nuke,speed,White,firebomb,wall,16,0,0,0,0,16,4386
White,nuke,speed,White,snipe,heal,16,0,0,0,0,16,11256
White,nuke,speed,White,snipe,reinforcements,16,0,0,0,0,16,3084
White,nuke,speed,White,snipe,speed,16,0,0,0,0,16,5473
White,nuke,speed,White,snipe,wall,16,16,0,0,0,0,9822
White,nuke,speed,White,freeze,heal,16,16,0,0,0,0,8284
White,nuke,speed,White,freeze,reinforcements,16,0,0,0,0,16,3084
White,nuke,speed,White,freeze,speed,16,16,0,0,0,0,9473
White,nuke,speed,White,freeze,wall,16,16,0,0,0,0,7627
White,nuke,speed,Yellow,nuke,heal,16,0,0,0,0,16,7211
White,nuke,speed,Yellow,nuke,reinforcements,16,16,0,0,0,0,7343
White,nuke,speed,Yellow,nuke,speed,16,0,0,0,0,16,8041
White,nuke,speed,Yellow,nuke,wall,16,0,0,0,0,16,7990
White,nuke,speed,Yellow,firebomb,heal,16,16,0,0,0,0,9926
White,nuke,speed,Yellow,firebomb,reinforcements,16,16,0,0,0,0,7213
White,nuke,speed,Yellow,firebomb,speed,16,0,0,0,0,16,5554
White,nuke,speed,Yellow,firebomb,wall,16,0,0,0,0,16,5639
White,nuke,speed,Yellow,snipe,heal,16,0,0,0,0,16,6944
White,nuke,speed,Yellow,snipe,reinforcements,16,0,0,0,0,16,4499
White,nuke,speed,Yellow,snipe,speed,16,0,0,0,0,16,7929
White,nuke,speed,Yellow,snipe,wall,16,0,0,0,0,16,5084
White,nuke,speed,Yellow,freeze,heal,16,0,0,0,0,16,7195
White,nuke,speed,Yellow,freeze,reinforcements,16,16,0,0,0,0,7392
White,nuke,speed,Yellow,freeze,speed,16,0,0,0,0,16,7962
White,nuke,speed,Yellow,freeze,wall,16,16,0,0,0,0,8444
White,nuke,wall,Black,nuke,heal,16,0,0,0,0,16,7502
White,nuke,wall,Black,nuke,reinforcements,16,0,0,0,0,16,8069
White,nuke,wall,Black,nuke,speed,16,0,0,0,0,16,7874
White,nuke,wall,Black,nuke,wall,16,0,0,0,0,16,8237
White,nuke,wall,Black,firebomb,heal,16,0,0,0,0,16,7747
White,nuke,wall,Black,firebomb,reinforcements,16,0,0,0,0,16,5684
White,nuke,wall,Black,firebomb,speed,16,0,0,0,0,16,7744
White,nuke,wall,Black,firebomb,wall,16,0,0,0,0,16,7645
White,nuke,wall,Black,snipe,heal,16,0,0,0,0,16,8108
White,nuke,wall,Black,snipe,reinforcements,16,0,0,0,0,16,8215
White,nuke,wall,Black,snipe,speed,16,0,0,0,0,16,4256
White,nuke,wall,Black,snipe,wall,16,0,0,0,0,16,8176
White,nuke,wall,Black,freeze,heal,16,2,0,0,0,14,8403
White,nuke,wall,Black,freeze,reinforcements,16,0,0,0,0,16,6604
White,nuke,wall,Black,freeze,speed,16,16,0,0,0,0,7154
White,nuke,wall,Black,freeze,wall,16,0,0,0,0,16,7566
White,nuke,wall,Blue,nuke,heal,16,0,0,0,0,16,8297
White,nuke,wall,Blue,nuke,reinforcements,16,0,0,0,0,16,6447
White,nuke,wall,Blue,nuke,speed,16,0,0,0,0,16,8290
White,nuke,wall,Blue,nuke,wall,16,0,0,0,0,16,7818
White,nuke,wall,Blue,firebomb,heal,16,0,0,0,0,16,7807
White,nuke,wall,Blue,firebomb,reinforcements,16,0,0,0,0,16,8030
White,nuke,wall,Blue,firebomb,speed,16,0,0,0,0,16,7825
White,nuke,wall,Blue,firebomb,wall,16,0,0,0,0,16,7747
White,nuke,wall,Blue,snipe,heal,16,0,0,0,0,16,8330
White,nuke,wall,Blue,snipe,reinforcements,16,0,0,0,0,16,5489
White,nuke,wall,Blue,snipe,speed,16,0,0,0,0,16,8889
White,nuke,wall,Blue,snipe,wall,16,0,0,0,0,16,7759
White,nuke,wall,Blue,freeze,heal,16,0,0,0,0,16,8264
White,nuke,wall,Blue,freeze,reinforcements,16,0,0,0,0,16,7935
White,nuke,wall,Blue,freeze,speed,16,0,0,0,0,16,8298
White,nuke,wall,Blue,freeze,wall,16,0,0,0,0,16,7769
White,nuke,wall,Green,nuke,heal,16,0,0,0,0,16,7907
White,nuke,wall,Green,nuke,reinforcements,16,0,0,0,0,16,4153
White,nuke,wall,Green,nuke,speed,16,0,0,0,0,16,8816
White,nuke,wall,Green,nuke,wall,16,0,0,0,0,16,7698
White,nuke,wall,Green,firebomb,heal,16,0,0,0,0,16,6059
White,nuke,wall,Green,firebomb,reinforcements,16,0,0,0,0,16,5798
White,nuke,wall,Green,firebomb,speed,16,0,0,0,0,16,7818
White,nuke,wall,Green,firebomb,wall,16,0,0,0,0,16,6470
White,nuke,wall,Green,snipe,heal,16,0,0,0,0,16,7461
White,nuke,wall,Green,snipe,reinforcements,16,0,0,0,0,16,4124
White,nuke,wall,Green,snipe,speed,16,0,0,0,0,16,6726
White,nuke,wall,Green,snipe,wall,16,0,0,0,0,16,6676
White,nuke,wall,Green,freeze,heal,16,0,0,0,0,16,9334
White,nuke,wall,Green,freeze,reinforcements,16,0,0,0,0,16,4938
White,nuke,wall,Green,freeze,speed,16,0,0,0,0,16,6216
White,nuke,wall,Green,freeze,wall,16,0,0,0,0,16,7424
White,nuke,wall,Orange,nuke,heal,16,1,0,0,0,15,7962
White,nuke,wall,Orange,nuke,reinforcements,16,1,0,0,0,15,6550
White,nuke,wall,Orange,nuke,speed,16,0,0,0,0,16,7822
White,nuke,wall,Orange,nuke,wall,16,1,0,0,0,15,8167
White,nuke,wall,Orange,firebomb,heal,16,0,0,0,0,16,7627
White,nuke,wall,Orange,firebomb,reinforcements,16,0,0,0,0,16,5769
White,nuke,wall,Orange,firebomb,speed,16,0,0,0,0,16,7791
White,nuke,wall,Orange,firebomb,wall,16,0,0,0,0,16,7704
White,nuke,wall,Orange,snipe,heal,16,2,0,0,0,14,8049
White,nuke,wall,Orange,snipe,reinforcements,16,0,0,0,0,16,5091
White,nuke,wall,Orange,snipe,speed,16,0,0,0,0,16,7832
White,nuke,wall,Orange,snipe,wall,16,0,0,0,0,16,8034
White,nuke,wall,Orange,freeze,heal,16,6,0,0,0,10,8361
White,nuke,wall,Orange,freeze,reinforcements,16,0,0,0,0,16,5726
White,nuke,wall,Orange,freeze,speed,16,0,0,0,0,16,8258
White,nuke,wall,Orange,freeze,wall,16,0,0,0,0,16,7905
White,nuke,wall,Purple,nuke,heal,16,0,0,0,0,16,8229
White,nuke,wall,Purple,nuke,reinforcements,16,0,0,0,0,16,8059
White,nuke,wall,Purple,nuke,speed,16,0,0,0,0,16,8288
White,nuke,wall,Purple,nuke,wall,16,0,0,0,0,16,7789
White,nuke,wall,Purple,firebomb,heal,16,0,0,0,0,16,7660
White,nuke,wall,Purple,firebomb,reinforcements,16,0,0,0,0,16,4069
White,nuke,wall,Purple,firebomb,speed,16,0,0,0,0,16,8962
White,nuke,wall,Purple,firebomb,wall,16,0,0,0,0,16,7698
White,nuke,wall,Purple,snipe,heal,16,0,0,0,0,16,8221
White,nuke,wall,Purple,snipe,reinforcements,16,0,0,0,0,16,5278
White,nuke,wall,Purple,snipe,speed,16,0,0,0,0,16,7642
White,nuke,wall,Purple,snipe,wall,16,0,0,0,0,16,7685
White,nuke,wall,Purple,freeze,heal,16,0,0,0,0,16,7937
White,nuke,wall,Purple,freeze,reinforcements,16,0,0,0,0,16,6082
White,nuke,wall,Purple,freeze,speed,16,0,0,0,0,16,8244
White,nuke,wall,Purple,freeze,wall,16,0,0,0,0,16,7669
White,nuke,wall,Red,nuke,heal,16,0,0,0,0,16,8670
White,nuke,wall,Red,nuke,reinforcements,16,0,0,0,0,16,6492
White,nuke,wall,Red,nuke,speed,16,0,0,0,0,16,6398
White,nuke,wall,Red,nuke,wall,16,0,0,0,0,16,7583
White,nuke,wall,Red,firebomb,heal,16,0,0,0,0,16,7453
White,nuke,wall,Red,firebomb,reinforcements,16,0,0,0,0,16,4958
White,nuke,wall,Red,firebomb,speed,16,0,0,0,0,16,6405
White,nuke,wall,Red,firebomb,wall,16,0,0,0,0,16,7744
White,nuke,wall,Red,snipe,heal,16,0,0,0,0,16,7578
White,nuke,wall,Red,snipe,reinforcements,16,0,0,0,0,16,6488
White,nuke,wall,Red,snipe,speed,16,0,0,0,0,16,6545
White,nuke,wall,Red,snipe,wall,16,0,0,0,0,16,5073
White,nuke,wall,Red,freeze,heal,16,0,0,0,0,16,8735
White,nuke,wall,Red,freeze,reinforcements,16,0,0,0,0,16,4284
White,nuke,wall,Red,freeze,speed,16,0,0,0,0,16,8483
White,nuke,wall,Red,freeze,wall,16,0,0,0,0,16,7678
White,nuke,wall,White,nuke,heal,16,0,0,0,0,16,8240
White,nuke,wall,White,nuke,reinforcements,16,0,0,0,0,16,3469
White,nuke,wall,White,nuke,speed,16,0,0,0,0,16,7753
White,nuke,wall,White,nuke,wall,16,16,0,0,0,0,7909
White,nuke,wall,White,firebomb,heal,16,0,0,16,0,0,7929
White,nuke,wall,White,firebomb,reinforcements,16,0,0,0,0,16,3409
White,nuke,wall,White,firebomb,speed,16,0,0,0,0,16,7599
White,nuke,wall,White,firebomb,wall,16,11,0,0,0,5,7732
White,nuke,wall,White,snipe,heal,16,0,0,0,0,16,7706
White,nuke,wall,White,snipe,reinforcements,16,0,0,0,0,16,9066
White,nuke,wall,White,snipe,speed,16,0,0,0,0,16,8152
White,nuke,wall,White,snipe,wall,16,16,0,0,0,0,8728
White,nuke,wall,White,freeze,heal,16,0,0,0,0,16,7712
White,nuke,wall,White,freeze,reinforcements,16,0,0,0,0,16,3469
White,nuke,wall,White,freeze,speed,16,0,0,0,0,16,8128
White,nuke,wall,White,freeze,wall,16,0,0,0,0,16,7776
White,nuke,wall,Yellow,nuke,heal,16,0,0,0,0,16,6679
White,nuke,wall,Yellow,nuke,reinforcements,16,0,0,0,0,16,9601
White,nuke,wall,Yellow,nuke,speed,16,0,0,0,0,16,7644
White,nuke,wall,Yellow,nuke,wall,16,0,0,0,0,16,7519
White,nuke,wall,Yellow,firebomb,heal,16,0,0,0,0,16,8214
White,nuke,wall,Yellow,firebomb,reinforcements,16,0,0,0,0,16,4364
White,nuke,wall,Yellow,firebomb,speed,16,0,0,0,0,16,7660
White,nuke,wall,Yellow,firebomb,wall,16,0,0,0,0,16,7647
White,nuke,wall,Yellow,snipe,heal,16,0,0,0,0,16,7650
White,nuke,wall,Yellow,snipe,reinforcements,16,0,0,0,0,16,4985
White,nuke,wall,Yellow,snipe,speed,16,0,0,0,0,16,7686
White,nuke,wall,Yellow,snipe,wall,16,0,0,0,0,16,6939
White,nuke,wall,Yellow,freeze,heal,16,0,0,0,0,16,8273
White,nuke,wall,Yellow,freeze,reinforcements,16,0,0,0,0,16,7865
White,nuke,wall,Yellow,freeze,speed,16,0,0,0,0,16,5017
White,nuke,wall,Yellow,freeze,wall,16,0,0,0,0,16,7827
White,firebomb,heal,Black,nuke,heal,16,16,0,0,0,0,6229
White,firebomb,heal,Black,nuke,reinforcements,16,0,0,0,0,16,8330
White,firebomb,heal,Black,nuke,speed,16,0,0,0,0,16,8666
White,firebomb,heal,Black,nuke,wall,16,0,0,0,0,16,7710
White,firebomb,heal,Black,firebomb,heal,16,0,0,0,0,16,8385
White,firebomb,heal,Black,firebomb,reinforcements,16,0,0,0,0,16,8600
White,firebomb,heal,Black,firebomb,speed,16,0,0,0,0,16,7665
White,firebomb,heal,Black,firebomb,wall,16,0,0,0,0,16,7907
White,firebomb,heal,Black,snipe,heal,16,0,0,0,0,16,10010
White,firebomb,heal,Black,snipe,reinforcements,16,0,0,0,0,16,4784
White,firebomb,heal,Black,snipe,speed,16,0,0,0,0,16,8713
White,firebomb,heal,Black,snipe,wall,16,0,0,0,0,16,7730
White,firebomb,heal,Black,freeze,heal,16,16,0,0,0,0,8809
White,firebomb,heal,Black,freeze,reinforcements,16,0,0,0,0,16,8678
White,firebomb,heal,Black,freeze,speed,16,0,0,0,0,16,8506
White,firebomb,heal,Black,freeze,wall,16,0,0,0,0,16,7820
White,firebomb,heal,Blue,nuke,heal,16,0,0,0,0,16,8306
White,firebomb,heal,Blue,nuke,reinforcements,16,0,0,0,0,16,8347
White,firebomb,heal,Blue,nuke,speed,16,0,0,0,0,16,8481
White,firebomb,heal,Blue,nuke,wall,16,0,0,0,0,16,7802
White,firebomb,heal,Blue,firebomb,heal,16,0,0,0,0,16,7698
White,firebomb,heal,Blue,firebomb,reinforcements,16,0,0,0,0,16,8265
White,firebomb,heal,Blue,firebomb,speed,16,0,0,0,0,16,7697
White,firebomb,heal,Blue,firebomb,wall,16,0,0,0,0,16,7819
White,firebomb,heal,Blue,snipe,heal,16,0,0,0,0,16,8122
White,firebomb,heal,Blue,snipe,reinforcements,16,0,0,0,0,16,8186
White,firebomb,heal,Blue,snipe,speed,16,0,0,0,0,16,8327
White,firebomb,heal,Blue,snipe,wall,16,0,0,0,0,16,7831
White,firebomb,heal,Blue,freeze,heal,16,16,0,0,0,0,8749
White,firebomb,heal,Blue,freeze,reinforcements,16,16,0,0,0,0,8260
White,firebomb,heal,Blue,freeze,speed,16,0,0,0,0,16,8355
White,firebomb,heal,Blue,freeze,wall,16,0,0,0,0,16,7811
White,firebomb,heal,Green,nuke,heal,16,0,0,0,0,16,8820
White,firebomb,heal,Green,nuke,reinforcements,16,0,0,0,0,16,6995
White,firebomb,heal,Green,nuke,speed,16,0,0,0,0,16,6668
White,firebomb,heal,Green,nuke,wall,16,0,0,0,0,16,7697
White,firebomb,heal,Green,firebomb,heal,16,0,0,0,0,16,6973
White,firebomb,heal,Green,firebomb,reinforcements,16,0,0,0,0,16,7221
White,firebomb,heal,Green,firebomb,speed,16,0,0,0,0,16,7548
White,firebomb,heal,Green,firebomb,wall,16,0,0,0,0,16,7790
White,firebomb,heal,Green,snipe,heal,16,0,0,0,0,16,7604
White,firebomb,heal,Green,snipe,reinforcements,16,0,0,0,0,16,7122
White,firebomb,heal,Green,snipe,speed,16,0,0,0,0,16,6493
White,firebomb,heal,Green,snipe,wall,16,0,0,0,0,16,7512
White,firebomb,heal,Green,freeze,heal,16,0,0,0,0,16,7372
White,firebomb,heal,Green,freeze,reinforcements,16,0,0,0,0,16,4730
White,firebomb,heal,Green,freeze,speed,16,0,0,0,0,16,7951
White,firebomb,heal,Green,freeze,wall,16,16,0,0,0,0,4168
White,firebomb,heal,Orange,nuke,heal,16,11,0,0,0,5,6476
White,firebomb,heal,Orange,nuke,reinforcements,16,0,0,0,0,16,5488
White,firebomb,heal,Orange,nuke,speed,16,9,0,0,0,7,6619
White,firebomb,heal,Orange,nuke,wall,16,0,0,0,0,16,7797
White,firebomb,heal,Orange,firebomb,heal,16,1,0,0,0,15,8635
White,firebomb,heal,Orange,firebomb,reinforcements,16,0,0,0,0,16,8159
White,firebomb,heal,Orange,firebomb,speed,16,0,0,0,0,16,8017
White,firebomb,heal,Orange,firebomb,wall,16,0,0,0,0,16,7825
White,firebomb,heal,Orange,snipe,heal,16,0,0,0,0,16,7872
White,firebomb,heal,Orange,snipe,reinforcements,16,0,0,0,0,16,6368
White,firebomb,heal,Orange,snipe,speed,16,0,0,0,0,16,7668
White,firebomb,heal,Orange,snipe,wall,16,0,0,0,0,16,7962
White,firebomb,heal,Orange,freeze,heal,16,1,0,1,0,14,8243
White,firebomb,heal,Orange,freeze,reinforcements,16,0,0,0,0,16,8260
White,firebomb,heal,Orange,freeze,speed,16,0,0,0,0,16,7797
White,firebomb,heal,Orange,freeze,wall,16,0,0,1,0,15,8195
White,firebomb,heal,Purple,nuke,heal,16,16,0,0,0,0,6399
White,firebomb,heal,Purple,nuke,reinforcements,16,0,0,0,0,16,5457
White,firebomb,heal,Purple,nuke,speed,16,16,0,0,0,0,5029
White,firebomb,heal,Purple,nuke,wall,16,0,0,0,0,16,7780
White,firebomb,heal,Purple,firebomb,heal,16,0,0,0,0,16,8059
White,firebomb,heal,Purple,firebomb,reinforcements,16,0,0,0,0,16,5253
White,firebomb,heal,Purple,firebomb,speed,16,0,0,0,0,16,6956
White,firebomb,heal,Purple,firebomb,wall,16,0,0,0,0,16,7820
White,firebomb,heal,Purple,snipe,heal,16,0,0,0,0,16,8914
White,firebomb,heal,Purple,snipe,reinforcements,16,0,0,0,0,16,6263
White,firebomb,heal,Purple,snipe,speed,16,0,0,0,0,16,7992
White,firebomb,heal,Purple,snipe,wall,16,0,0,0,0,16,7689
White,firebomb,heal,Purple,freeze,heal,16,0,0,0,0,16,8223
White,firebomb,heal,Purple,freeze,reinforcements,16,0,0,0,0,16,5014
White,firebomb,heal,Purple,freeze,speed,16,0,0,1,0,15,8170
White,firebomb,heal,Purple,freeze,wall,16,0,0,0,0,16,7820
White,firebomb,heal,Red,nuke,heal,16,0,0,0,0,16,4838
White,firebomb,heal,Red,nuke,reinforcements,16,0,0,0,0,16,5787
White,firebomb,heal,Red,nuke,speed,16,0,0,0,0,16,6478
White,firebomb,heal,Red,nuke,wall,16,16,0,0,0,0,5794
White,firebomb,heal,Red,firebomb,heal,16,0,0,0,0,16,8437
White,firebomb,heal,Red,firebomb,reinforcements,16,0,0,0,0,16,7048
White,firebomb,heal,Red,firebomb,speed,16,0,0,0,0,16,6623
White,firebomb,heal,Red,firebomb,wall,16,0,0,0,0,16,7709
White,firebomb,heal,Red,snipe,heal,16,0,0,0,0,16,7668
White,firebomb,heal,Red,snipe,reinforcements,16,0,0,0,0,16,5839
White,firebomb,heal,Red,snipe,speed,16,0,0,0,0,16,6309
White,firebomb,heal,Red,snipe,wall,16,0,0,0,0,16,6760
White,firebomb,heal,Red,freeze,heal,16,0,0,0,0,16,8077
White,firebomb,heal,Red,freeze,reinforcements,16,0,0,0,0,16,4390
White,firebomb,heal,Red,freeze,speed,16,0,0,0,0,16,7672
White,firebomb,heal,Red,freeze,wall,16,0,0,0,0,16,6809
White,firebomb,heal,White,nuke,heal,16,0,0,16,0,0,8029
White,firebomb,heal,White,nuke,reinforcements,16,16,0,0,0,0,8323
White,firebomb,heal,White,nuke,speed,16,0,0,0,0,16,7722
White,firebomb,heal,White,nuke,wall,16,16,0,0,0,0,8138
White,firebomb,heal,White,firebomb,heal,16,0,0,0,0,16,7898
White,firebomb,heal,White,firebomb,reinforcements,16,16,0,0,0,0,7338
White,firebomb,heal,White,firebomb,speed,16,0,0,0,0,16,8545
White,firebomb,heal,White,firebomb,wall,16,16,0,0,0,0,8491
White,firebomb,heal,White,snipe,heal,16,0,0,0,0,16,7726
White,firebomb,heal,White,snipe,reinforcements,16,0,0,0,0,16,9501
White,firebomb,heal,White,snipe,speed,16,0,0,0,0,16,8542
White,firebomb,heal,White,snipe,wall,16,0,0,0,0,16,7559
White,firebomb,heal,White,freeze,heal,16,16,0,0,0,0,7719
White,firebomb,heal,White,freeze,reinforcements,16,16,0,0,0,0,8553
White,firebomb,heal,White,freeze,speed,16,3,0,0,0,13,8704
White,firebomb,heal,White,freeze,wall,16,16,0,0,0,0,7699
White,firebomb,heal,Yellow,nuke,heal,16,0,0,0,0,16,7995
White,firebomb,heal,Yellow,nuke,reinforcements,16,0,0,0,0,16,8442
White,firebomb,heal,Yellow,nuke,speed,16,0,0,0,0,16,4969
White,firebomb,heal,Yellow,nuke,wall,16,0,0,0,0,16,8223
White,firebomb,heal,Yellow,firebomb,heal,16,0,0,0,0,16,8162
White,firebomb,heal,Yellow,firebomb,reinforcements,16,0,0,0,0,16,8242
White,firebomb,heal,Yellow,firebomb,speed,16,16,0,0,0,0,6501
White,firebomb,heal,Yellow,firebomb,wall,16,0,0,0,0,16,7738
White,firebomb,heal,Yellow,snipe,heal,16,0,0,0,0,16,5407
White,firebomb,heal,Yellow,snipe,reinforcements,16,0,0,0,0,16,11367
White,firebomb,heal,Yellow,snipe,speed,16,0,0,0,0,16,7568
White,firebomb,heal,Yellow,snipe,wall,16,0,0,0,0,16,8141
White,firebomb,heal,Yellow,freeze,heal,16,0,0,0,0,16,7680
White,firebomb,heal,Yellow,freeze,reinforcements,16,0,0,0,0,16,9926
White,firebomb,heal,Yellow,freeze,speed,16,0,0,0,0,16,6629
White,firebomb,heal,Yellow,freeze,wall,16,0,0,0,0,16,7756
White,firebomb,reinforcements,Black,nuke,heal,16,16,0,0,0,0,3289
White,firebomb,reinforcements,Black,nuke,reinforcements,16,0,0,0,0,16,5205
White,firebomb,reinforcements,Black,nuke,speed,16,16,0,0,0,0,3239
White,firebomb,reinforcements,Black,nuke,wall,16,16,0,0,0,0,5319
White,firebomb,reinforcements,Black,firebomb,heal,16,0,0,0,0,16,5548
White,firebomb,reinforcements,Black,firebomb,reinforcements,16,0,0,0,0,16,5113
White,firebomb,reinforcements,Black,firebomb,speed,16,0,0,0,0,16,5533
White,firebomb,reinforcements,Black,firebomb,wall,16,0,0,0,0,16,6921
White,firebomb,reinforcements,Black,snipe,heal,16,0,0,0,0,16,5124
White,firebomb,reinforcements,Black,snipe,reinforcements,16,0,0,0,0,16,5139
White,firebomb,reinforcements,Black,snipe,speed,16,0,0,0,0,16,5058
White,firebomb,reinforcements,Black,snipe,wall,16,0,0,0,0,16,5368
White,firebomb,reinforcements,Black,freeze,heal,16,0,0,0,0,16,6683
White,firebomb,reinforcements,Black,freeze,reinforcements,16,0,0,0,0,16,5198
White,firebomb,reinforcements,Black,freeze,speed,16,0,0,0,0,16,5654
White,firebomb,reinforcements,Black,freeze,wall,16,0,0,0,0,16,5512
White,firebomb,reinforcements,Blue,nuke,heal,16,16,0,0,0,0,3469
White,firebomb,reinforcements,Blue,nuke,reinforcements,16,0,0,0,0,16,4083
White,firebomb,reinforcements,Blue,nuke,speed,16,16,0,0,0,0,3499
White,firebomb,reinforcements,Blue,nuke,wall,16,16,0,0,0,0,5209
White,firebomb,reinforcements,Blue,firebomb,heal,16,0,0,0,0,16,5215
White,firebomb,reinforcements,Blue,firebomb,reinforcements,16,0,0,0,0,16,4597
White,firebomb,reinforcements,Blue,firebomb,speed,16,0,0,0,0,16,5217
White,firebomb,reinforcements,Blue,firebomb,wall,16,0,0,0,0,16,5641
White,firebomb,reinforcements,Blue,snipe,heal,16,0,0,0,0,16,5083
White,firebomb,reinforcements,Blue,snipe,reinforcements,16,0,0,0,0,16,4188
White,firebomb,reinforcements,Blue,snipe,speed,16,0,0,0,0,16,5077
White,firebomb,reinforcements,Blue,snipe,wall,16,0,0,0,0,16,4253
White,firebomb,reinforcements,Blue,freeze,heal,16,0,0,0,0,16,6345
White,firebomb,reinforcements,Blue,freeze,reinforcements,16,0,0,0,0,16,4453
White,firebomb,reinforcements,Blue,freeze,speed,16,0,0,0,0,16,5074
White,firebomb,reinforcements,Blue,freeze,wall,16,0,0,0,0,16,5603
White,firebomb,reinforcements,Green,nuke,heal,16,16,0,0,0,0,3154
White,firebomb,reinforcements,Green,nuke,reinforcements,16,0,0,0,0,16,3908
White,firebomb,reinforcements,Green,nuke,speed,16,16,0,0,0,0,3174
White,firebomb,reinforcements,Green,nuke,wall,16,0,0,0,0,16,4098
White,firebomb,reinforcements,Green,firebomb,heal,16,0,0,0,0,16,5125
White,firebomb,reinforcements,Green,firebomb,reinforcements,16,0,0,0,0,16,4017
White,firebomb,reinforcements,Green,firebomb,speed,16,0,0,0,0,16,5123
White,firebomb,reinforcements,Green,firebomb,wall,16,0,0,0,0,16,4748
White,firebomb,reinforcements,Green,snipe,heal,16,0,0,0,0,16,5164
White,firebomb,reinforcements,Green,snipe,reinforcements,16,0,0,0,0,16,3791
White,firebomb,reinforcements,Green,snipe,speed,16,0,0,0,0,16,5168
White,firebomb,reinforcements,Green,snipe,wall,16,0,0,0,0,16,4341
White,firebomb,reinforcements,Green,freeze,heal,16,0,0,0,0,16,5318
White,firebomb,reinforcements,Green,freeze,reinforcements,16,0,0,0,0,16,4300
White,firebomb,reinforcements,Green,freeze,speed,16,0,0,0,0,16,5249
White,firebomb,reinforcements,Green,freeze,wall,16,0,0,0,0,16,4073
White,firebomb,reinforcements,Orange,nuke,heal,16,16,0,0,0,0,3714
White,firebomb,reinforcements,Orange,nuke,reinforcements,16,16,0,0,0,0,4573
White,firebomb,reinforcements,Orange,nuke,speed,16,16,0,0,0,0,3714
White,firebomb,reinforcements,Orange,nuke,wall,16,0,0,0,0,16,5862
White,firebomb,reinforcements,Orange,firebomb,heal,16,0,0,0,0,16,7309
White,firebomb,reinforcements,Orange,firebomb,reinforcements,16,0,0,0,0,16,5300
White,firebomb,reinforcements,Orange,firebomb,speed,16,0,0,0,0,16,6366
White,firebomb,reinforcements,Orange,firebomb,wall,16,0,0,0,0,16,5456
White,firebomb,reinforcements,Orange,snipe,heal,16,0,0,0,0,16,5130
White,firebomb,reinforcements,Orange,snipe,reinforcements,16,0,0,0,0,16,5174
White,firebomb,reinforcements,Orange,snipe,speed,16,0,0,0,0,16,4960
White,firebomb,reinforcements,Orange,snipe,wall,16,0,0,0,0,16,5180
White,firebomb,reinforcements,Orange,freeze,heal,16,0,0,0,0,16,8427
White,firebomb,reinforcements,Orange,freeze,reinforcements,16,0,0,0,0,16,5314
White,firebomb,reinforcements,Orange,freeze,speed,16,0,0,0,0,16,6496
White,firebomb,reinforcements,Orange,freeze,wall,16,0,0,0,0,16,5913
White,firebomb,reinforcements,Purple,nuke,heal,16,16,0,0,0,0,4079
White,firebomb,reinforcements,Purple,nuke,reinforcements,16,0,0,0,0,16,5033
White,firebomb,reinforcements,Purple,nuke,speed,16,16,0,0,0,0,4369
White,firebomb,reinforcements,Purple,nuke,wall,16,0,0,0,0,16,5253
White,firebomb,reinforcements,Purple,firebomb,heal,16,0,0,0,0,16,5169
White,firebomb,reinforcements,Purple,firebomb,reinforcements,16,0,0,0,0,16,5217
White,firebomb,reinforcements,Purple,firebomb,speed,16,0,0,0,0,16,5138
White,firebomb,reinforcements,Purple,firebomb,wall,16,0,0,0,0,16,4669
White,firebomb,reinforcements,Purple,snipe,heal,16,0,0,0,0,16,5217
White,firebomb,reinforcements,Purple,snipe,reinforcements,16,0,0,0,0,16,4330
White,firebomb,reinforcements,Purple,snipe,speed,16,0,0,0,0,16,4582
White,firebomb,reinforcements,Purple,snipe,wall,16,0,0,0,0,16,4515
White,firebomb,reinforcements,Purple,freeze,heal,16,0,0,0,0,16,5372
White,firebomb,reinforcements,Purple,freeze,reinforcements,16,0,0,0,0,16,5054
White,firebomb,reinforcements,Purple,freeze,speed,16,0,0,0,0,16,5298
White,firebomb,reinforcements,Purple,freeze,wall,16,0,0,0,0,16,5003
White,firebomb,reinforcements,Red,nuke,heal,16,16,0,0,0,0,3154
White,firebomb,reinforcements,Red,nuke,reinforcements,16,0,0,0,0,16,4968
White,firebomb,reinforcements,Red,nuke,speed,16,16,0,0,0,0,3154
White,firebomb,reinforcements,Red,nuke,wall,16,0,0,0,0,16,4989
White,firebomb,reinforcements,Red,firebomb,heal,16,0,0,0,0,16,6368
White,firebomb,reinforcements,Red,firebomb,reinforcements,16,0,0,0,0,16,4059
White,firebomb,reinforcements,Red,firebomb,speed,16,0,0,0,0,16,5398
White,firebomb,reinforcements,Red,firebomb,wall,16,0,0,0,0,16,5121
White,firebomb,reinforcements,Red,snipe,heal,16,0,0,0,0,16,4377
White,firebomb,reinforcements,Red,snipe,reinforcements,16,0,0,0,0,16,4554
White,firebomb,reinforcements,Red,snipe,speed,16,0,0,0,0,16,5114
White,firebomb,reinforcements,Red,snipe,wall,16,0,0,0,0,16,4918
White,firebomb,reinforcements,Red,freeze,heal,16,0,0,0,0,16,5017
White,firebomb,reinforcements,Red,freeze,reinforcements,16,0,0,0,0,16,5048
White,firebomb,reinforcements,Red,freeze,speed,16,0,0,0,0,16,4288
White,firebomb,reinforcements,Red,freeze,wall,16,0,0,0,0,16,5062
White,firebomb,reinforcements,White,nuke,heal,16,16,0,0,0,0,3084
White,firebomb,reinforcements,White,nuke,reinforcements,16,0,0,0,0,16,8137
White,firebomb,reinforcements,White,nuke,speed,16,16,0,0,0,0,3084
White,firebomb,reinforcements,White,nuke,wall,16,0,0,0,0,16,8720
White,firebomb,reinforcements,White,firebomb,heal,16,0,0,0,0,16,6582
White,firebomb,reinforcements,White,firebomb,reinforcements,16,0,0,0,0,16,11394
White,firebomb,reinforcements,White,firebomb,speed,16,0,0,0,0,16,8297
White,firebomb,reinforcements,White,firebomb,wall,16,0,0,0,0,16,8499
White,firebomb,reinforcements,White,snipe,heal,16,0,0,0,0,16,5684
White,firebomb,reinforcements,White,snipe,reinforcements,16,0,0,0,0,16,8129
White,firebomb,reinforcements,White,snipe,speed,16,0,0,0,0,16,5422
White,firebomb,reinforcements,White,snipe,wall,16,0,0,0,0,16,8702
White,firebomb,reinforcements,White,freeze,heal,16,0,0,0,0,16,6707
White,firebomb,reinforcements,White,freeze,reinforcements,16,16,0,0,0,0,8364
White,firebomb,reinforcements,White,freeze,speed,16,0,0,0,0,16,8373
White,firebomb,reinforcements,White,freeze,wall,16,0,0,0,0,16,6720
White,firebomb,reinforcements,Yellow,nuke,heal,16,16,0,0,0,0,3554
White,firebomb,reinforcements,Yellow,nuke,reinforcements,16,0,0,0,0,16,4833
White,firebomb,reinforcements,Yellow,nuke,speed,16,16,0,0,0,0,3499
White,firebomb,reinforcements,Yellow,nuke,wall,16,0,0,0,0,16,5515
White,firebomb,reinforcements,Yellow,firebomb,heal,16,0,0,0,0,16,5749
White,firebomb,reinforcements,Yellow,firebomb,reinforcements,16,0,0,0,0,16,5087
White,firebomb,reinforcements,Yellow,firebomb,speed,16,0,0,0,0,16,5149
White,firebomb,reinforcements,Yellow,firebomb,wall,16,0,0,0,0,16,5908
White,firebomb,reinforcements,Yellow,snipe,heal,16,0,0,0,0,16,5043
White,firebomb,reinforcements,Yellow,snipe,reinforcements,16,0,0,0,0,16,4532
White,firebomb,reinforcements,Yellow,snipe,speed,16,0,0,0,0,16,5109
White,firebomb,reinforcements,Yellow,snipe,wall,16,0,0,0,0,16,5105
White,firebomb,reinforcements,Yellow,freeze,heal,16,0,0,0,0,16,6424
White,firebomb,reinforcements,Yellow,freeze,reinforcements,16,0,0,0,0,16,5037
White,firebomb,reinforcements,Yellow,freeze,speed,16,0,0,0,0,16,5178
White,firebomb,reinforcements,Yellow,freeze,wall,16,0,0,0,0,16,5138
White,firebomb,speed,Black,nuke,heal,16,0,0,0,0,16,7957
White,firebomb,speed,Black,nuke,reinforcements,16,16,0,0,0,0,9168
White,firebomb,speed,Black,nuke,speed,16,0,0,0,0,16,8329
White,firebomb,speed,Black,nuke,wall,16,0,0,0,0,16,8178
White,firebomb,speed,Black,firebomb,heal,16,0,0,0,0,16,8223
White,firebomb,speed,Black,firebomb,reinforcements,16,0,0,0,0,16,4253
White,firebomb,speed,Black,firebomb,speed,16,0,0,0,0,16,8224
White,firebomb,speed,Black,firebomb,wall,16,0,0,0,0,16,8370
White,firebomb,speed,Black,snipe,heal,16,0,0,0,0,16,11432
White,firebomb,speed,Black,snipe,reinforcements,16,0,0,0,0,16,5276
White,firebomb,speed,Black,snipe,speed,16,0,0,0,0,16,10757
White,firebomb,speed,Black,snipe,wall,16,0,0,0,0,16,8155
White,firebomb,speed,Black,freeze,heal,16,0,0,0,0,16,4450
White,firebomb,speed,Black,freeze,reinforcements,16,16,0,0,0,0,8821
White,firebomb,speed,Black,freeze,speed,16,16,0,0,0,0,9324
White,firebomb,speed,Black,freeze,wall,16,2,0,0,0,14,8141
White,firebomb,speed,Blue,nuke,heal,16,0,0,0,0,16,7270
White,firebomb,speed,Blue,nuke,reinforcements,16,16,0,0,0,0,7489
White,firebomb,speed,Blue,nuke,speed,16,0,0,0,0,16,9204
White,firebomb,speed,Blue,nuke,wall,16,0,0,0,0,16,8208
White,firebomb,speed,Blue,firebomb,heal,16,0,0,0,0,16,8274
White,firebomb,speed,Blue,firebomb,reinforcements,16,16,0,0,0,0,8444
White,firebomb,speed,Blue,firebomb,speed,16,0,0,0,0,16,8351
White,firebomb,speed,Blue,firebomb,wall,16,0,0,0,0,16,8448
White,firebomb,speed,Blue,snipe,heal,16,0,0,0,0,16,8316
White,firebomb,speed,Blue,snipe,reinforcements,16,0,0,0,0,16,12333
White,firebomb,speed,Blue,snipe,speed,16,0,0,0,0,16,7608
White,firebomb,speed,Blue,snipe,wall,16,0,0,0,0,16,8245
White,firebomb,speed,Blue,freeze,heal,16,0,0,0,0,16,8030
White,firebomb,speed,Blue,freeze,reinforcements,16,0,0,0,0,16,9282
White,firebomb,speed,Blue,freeze,speed,16,0,0,0,0,16,9368
White,firebomb,speed,Blue,freeze,wall,16,1,0,0,0,15,8286
White,firebomb,speed,Green,nuke,heal,16,0,0,0,0,16,8343
White,firebomb,speed,Green,nuke,reinforcements,16,0,0,0,0,16,7714
White,firebomb,speed,Green,nuke,speed,16,0,0,0,0,16,7485
White,firebomb,speed,Green,nuke,wall,16,16,0,0,0,0,5842
White,firebomb,speed,Green,firebomb,heal,16,16,0,0,0,0,5778
White,firebomb,speed,Green,firebomb,reinforcements,16,0,0,0,0,16,7762
White,firebomb,speed,Green,firebomb,speed,16,0,0,0,0,16,6623
White,firebomb,speed,Green,firebomb,wall,16,0,0,0,0,16,8321
White,firebomb,speed,Green,snipe,heal,16,16,0,0,0,0,6217
White,firebomb,speed,Green,snipe,reinforcements,16,0,0,0,0,16,5781
White,firebomb,speed,Green,snipe,speed,16,0,0,0,0,16,6844
White,firebomb,speed,Green,snipe,wall,16,16,0,0,0,0,6313
White,firebomb,speed,Green,freeze,heal,16,0,0,0,0,16,7644
White,firebomb,speed,Green,freeze,reinforcements,16,0,0,0,0,16,5593
White,firebomb,speed,Green,freeze,speed,16,0,0,0,0,16,7232
White,firebomb,speed,Green,freeze,wall,16,0,0,0,0,16,8638
White,firebomb,speed,Orange,nuke,heal,16,11,0,0,0,5,7662
White,firebomb,speed,Orange,nuke,reinforcements,16,1,0,0,0,15,9193
White,firebomb,speed,Orange,nuke,speed,16,3,0,0,0,13,7689
White,firebomb,speed,Orange,nuke,wall,16,5,0,0,0,11,7580
White,firebomb,speed,Orange,firebomb,heal,16,15,0,0,0,1,9721
White,firebomb,speed,Orange,firebomb,reinforcements,16,0,0,0,0,16,8902
White,firebomb,speed,Orange,firebomb,speed,16,0,0,0,0,16,7675
White,firebomb,speed,Orange,firebomb,wall,16,0,0,0,0,16,7945
White,firebomb,speed,Orange,snipe,heal,16,0,0,0,0,16,7990
White,firebomb,speed,Orange,snipe,reinforcements,16,0,0,0,0,16,8422
White,firebomb,speed,Orange,snipe,speed,16,0,0,0,0,16,8070
White,firebomb,speed,Orange,snipe,wall,16,0,0,0,0,16,8250
White,firebomb,speed,Orange,freeze,heal,16,1,0,0,0,15,8428
White,firebomb,speed,Orange,freeze,reinforcements,16,2,0,0,0,14,9011
White,firebomb,speed,Orange,freeze,speed,16,0,0,0,0,16,8516
White,firebomb,speed,Orange,freeze,wall,16,3,0,0,0,13,8542
White,firebomb,speed,Purple,nuke,heal,16,16,0,0,0,0,6754
White,firebomb,speed,Purple,nuke,reinforcements,16,0,0,0,0,16,7028
White,firebomb,speed,Purple,nuke,speed,16,16,0,0,0,0,5354
White,firebomb,speed,Purple,nuke,wall,16,0,0,0,0,16,8194
White,firebomb,speed,Purple,firebomb,heal,16,0,0,0,0,16,8204
White,firebomb,speed,Purple,firebomb,reinforcements,16,0,0,0,0,16,10913
White,firebomb,speed,Purple,firebomb,speed,16,0,0,0,0,16,8322
White,firebomb,speed,Purple,firebomb,wall,16,0,0,0,0,16,8473
White,firebomb,speed,Purple,snipe,heal,16,0,0,0,0,16,8126
White,firebomb,speed,Purple,snipe,reinforcements,16,0,0,0,0,16,6557
White,firebomb,speed,Purple,snipe,speed,16,0,0,0,0,16,8057
White,firebomb,speed,Purple,snipe,wall,16,0,0,0,0,16,8191
White,firebomb,speed,Purple,freeze,heal,16,0,0,0,0,16,8958
White,firebomb,speed,Purple,freeze,reinforcements,16,0,0,0,0,16,7467
White,firebomb,speed,Purple,freeze,speed,16,0,0,0,0,16,9501
White,firebomb,speed,Purple,freeze,wall,16,0,0,0,0,16,8232
White,firebomb,speed,Red,nuke,heal,16,0,0,0,0,16,5045
White,firebomb,speed,Red,nuke,reinforcements,16,0,0,0,0,16,6878
White,firebomb,speed,Red,nuke,speed,16,16,0,0,0,0,5849
White,firebomb,speed,Red,nuke,wall,16,0,0,0,0,16,8023
White,firebomb,speed,Red,firebomb,heal,16,0,0,0,0,16,8750
White,firebomb,speed,Red,firebomb,reinforcements,16,0,0,0,0,16,7112
White,firebomb,speed,Red,firebomb,speed,16,0,0,0,0,16,8207
White,firebomb,speed,Red,firebomb,wall,16,0,0,0,0,16,8340
White,firebomb,speed,Red,snipe,heal,16,0,0,0,0,16,7569
White,firebomb,speed,Red,snipe,reinforcements,16,0,0,0,0,16,5237
White,firebomb,speed,Red,snipe,speed,16,0,0,0,0,16,4988
White,firebomb,speed,Red,snipe,wall,16,0,0,0,0,16,7370
White,firebomb,speed,Red,freeze,heal,16,0,0,0,0,16,8582
White,firebomb,speed,Red,freeze,reinforcements,16,0,0,0,0,16,6727
White,firebomb,speed,Red,freeze,speed,16,0,0,0,0,16,4395
White,firebomb,speed,Red,freeze,wall,16,16,0,0,0,0,10609
White,firebomb,speed,White,nuke,heal,16,16,0,0,0,0,4744
White,firebomb,speed,White,nuke,reinforcements,16,16,0,0,0,0,5454
White,firebomb,speed,White,nuke,speed,16,16,0,0,0,0,5939
White,firebomb,speed,White,nuke,wall,16,16,0,0,0,0,7711
White,firebomb,speed,White,firebomb,heal,16,16,0,0,0,0,7811
White,firebomb,speed,White,firebomb,reinforcements,16,16,0,0,0,0,5346
White,firebomb,speed,White,firebomb,speed,16,0,0,0,0,16,8458
White,firebomb,speed,White,firebomb,wall,16,0,0,0,0,16,8868
White,firebomb,speed,White,snipe,heal,16,0,0,0,0,16,7479
White,firebomb,speed,White,snipe,reinforcements,16,16,0,0,0,0,5418
White,firebomb,speed,White,snipe,speed,16,16,0,0,0,0,8636
White,firebomb,speed,White,snipe,wall,16,0,0,0,0,16,8599
White,firebomb,speed,White,freeze,heal,16,16,0,0,0,0,8714
White,firebomb,speed,White,freeze,reinforcements,16,16,0,0,0,0,5554
White,firebomb,speed,White,freeze,speed,16,16,0,0,0,0,7318
White,firebomb,speed,White,freeze,wall,16,16,0,0,0,0,7660
White,firebomb,speed,Yellow,nuke,heal,16,0,0,0,0,16,8077
White,firebomb,speed,Yellow,nuke,reinforcements,16,0,0,0,0,16,6964
White,firebomb,speed,Yellow,nuke,speed,16,16,0,0,0,0,7109
White,firebomb,speed,Yellow,nuke,wall,16,16,0,0,0,0,7484
White,firebomb,speed,Yellow,firebomb,heal,16,0,0,0,0,16,8647
White,firebomb,speed,Yellow,firebomb,reinforcements,16,16,0,0,0,0,7467
White,firebomb,speed,Yellow,firebomb,speed,16,0,0,0,0,16,7066
White,firebomb,speed,Yellow,firebomb,wall,16,0,0,0,0,16,8122
White,firebomb,speed,Yellow,snipe,heal,16,0,0,0,0,16,8629
White,firebomb,speed,Yellow,snipe,reinforcements,16,0,0,0,0,16,4531
White,firebomb,speed,Yellow,snipe,speed,16,0,0,0,0,16,6942
White,firebomb,speed,Yellow,snipe,wall,16,0,0,0,0,16,7881
White,firebomb,speed,Yellow,freeze,heal,16,0,0,0,0,16,8310
White,firebomb,speed,Yellow,freeze,reinforcements,16,16,0,0,0,0,7695
White,firebomb,speed,Yellow,freeze,speed,16,0,0,0,0,16,4895
White,firebomb,speed,Yellow,freeze,wall,16,0,0,0,0,16,8026
White,firebomb,wall,Black,nuke,heal,16,0,0,0,0,16,7596
White,firebomb,wall,Black,nuke,reinforcements,16,0,0,0,0,16,4602
White,firebomb,wall,Black,nuke,speed,16,16,0,0,0,0,6354
White,firebomb,wall,Black,nuke,wall,16,0,0,0,0,16,6481
White,firebomb,wall,Black,firebomb,heal,16,0,0,0,0,16,8478
White,firebomb,wall,Black,firebomb,reinforcements,16,0,0,0,0,16,8237
White,firebomb,wall,Black,firebomb,speed,16,0,0,0,0,16,7663
White,firebomb,wall,Black,firebomb,wall,16,0,0,0,0,16,7847
White,firebomb,wall,Black,snipe,heal,16,0,0,0,0,16,8385
White,firebomb,wall,Black,snipe,reinforcements,16,0,0,0,0,16,4837
White,firebomb,wall,Black,snipe,speed,16,0,0,0,0,16,8730
White,firebomb,wall,Black,snipe,wall,16,0,0,0,0,16,7582
White,firebomb,wall,Black,freeze,heal,16,0,0,0,0,16,8035
White,firebomb,wall,Black,freeze,reinforcements,16,0,0,0,0,16,8244
White,firebomb,wall,Black,freeze,speed,16,0,0,0,0,16,7891
White,firebomb,wall,Black,freeze,wall,16,0,0,0,0,16,7791
White,firebomb,wall,Blue,nuke,heal,16,16,0,0,0,0,5519
White,firebomb,wall,Blue,nuke,reinforcements,16,16,0,0,0,0,5179
White,firebomb,wall,Blue,nuke,speed,16,16,0,0,0,0,5489
White,firebomb,wall,Blue,nuke,wall,16,0,0,0,0,16,7794
White,firebomb,wall,Blue,firebomb,heal,16,0,0,0,0,16,7864
White,firebomb,wall,Blue,firebomb,reinforcements,16,0,0,0,0,16,8622
White,firebomb,wall,Blue,firebomb,speed,16,0,0,0,0,16,7986
White,firebomb,wall,Blue,firebomb,wall,16,0,0,0,0,16,7845
White,firebomb,wall,Blue,snipe,heal,16,0,0,0,0,16,8392
White,firebomb,wall,Blue,snipe,reinforcements,16,0,0,0,0,16,6332
White,firebomb,wall,Blue,snipe,speed,16,0,0,0,0,16,8384
White,firebomb,wall,Blue,snipe,wall,16,0,0,0,0,16,7837
White,firebomb,wall,Blue,freeze,heal,16,0,0,0,0,16,7940
White,firebomb,wall,Blue,freeze,reinforcements,16,0,0,0,0,16,8431
White,firebomb,wall,Blue,freeze,speed,16,0,0,0,0,16,7849
White,firebomb,wall,Blue,freeze,wall,16,0,0,0,0,16,7803
White,firebomb,wall,Green,nuke,heal,16,0,0,0,0,16,9280
White,firebomb,wall,Green,nuke,reinforcements,16,0,0,0,0,16,4878
White,firebomb,wall,Green,nuke,speed,16,0,0,0,0,16,6843
White,firebomb,wall,Green,nuke,wall,16,0,0,0,0,16,6258
White,firebomb,wall,Green,firebomb,heal,16,0,0,0,0,16,7753
White,firebomb,wall,Green,firebomb,reinforcements,16,0,0,0,0,16,5968
White,firebomb,wall,Green,firebomb,speed,16,0,0,0,0,16,7766
White,firebomb,wall,Green,firebomb,wall,16,0,0,0,0,16,7683
White,firebomb,wall,Green,snipe,heal,16,0,0,0,0,16,7777
White,firebomb,wall,Green,snipe,reinforcements,16,0,0,0,0,16,4090
White,firebomb,wall,Green,snipe,speed,16,0,0,0,0,16,6688
White,firebomb,wall,Green,snipe,wall,16,0,0,0,0,16,7538
White,firebomb,wall,Green,freeze,heal,16,0,0,0,0,16,7777
White,firebomb,wall,Green,freeze,reinforcements,16,0,0,0,0,16,4794
White,firebomb,wall,Green,freeze,speed,16,0,0,0,0,16,7667
White,firebomb,wall,Green,freeze,wall,16,0,0,0,0,16,6864
White,firebomb,wall,Orange,nuke,heal,16,6,0,0,0,10,7228
White,firebomb,wall,Orange,nuke,reinforcements,16,13,0,0,0,3,5302
White,firebomb,wall,Orange,nuke,speed,16,12,0,0,0,4,5935
White,firebomb,wall,Orange,nuke,wall,16,0,0,0,0,16,7759
White,firebomb,wall,Orange,firebomb,heal,16,0,0,0,0,16,7912
White,firebomb,wall,Orange,firebomb,reinforcements,16,1,0,0,0,15,8026
White,firebomb,wall,Orange,firebomb,speed,16,0,0,0,0,16,7802
White,firebomb,wall,Orange,firebomb,wall,16,0,0,0,0,16,7937
White,firebomb,wall,Orange,snipe,heal,16,0,0,0,0,16,7770
White,firebomb,wall,Orange,snipe,reinforcements,16,0,0,0,0,16,5162
White,firebomb,wall,Orange,snipe,speed,16,0,0,0,0,16,7608
White,firebomb,wall,Orange,snipe,wall,16,0,0,0,0,16,7762
White,firebomb,wall,Orange,freeze,heal,16,0,0,0,0,16,7865
White,firebomb,wall,Orange,freeze,reinforcements,16,0,0,0,0,16,6062
White,firebomb,wall,Orange,freeze,speed,16,0,0,0,0,16,7804
White,firebomb,wall,Orange,freeze,wall,16,0,0,0,0,16,7799
White,firebomb,wall,Purple,nuke,heal,16,16,0,0,0,0,6384
White,firebomb,wall,Purple,nuke,reinforcements,16,0,0,0,0,16,6880
White,firebomb,wall,Purple,nuke,speed,16,16,0,0,0,0,6164
White,firebomb,wall,Purple,nuke,wall,16,0,0,0,0,16,7825
White,firebomb,wall,Purple,firebomb,heal,16,0,0,0,0,16,7723
White,firebomb,wall,Purple,firebomb,reinforcements,16,0,0,0,0,16,8173
White,firebomb,wall,Purple,firebomb,speed,16,0,0,0,0,16,7723
White,firebomb,wall,Purple,firebomb,wall,16,0,0,0,0,16,7819
White,firebomb,wall,Purple,snipe,heal,16,0,0,0,0,16,7907
White,firebomb,wall,Purple,snipe,reinforcements,16,0,0,0,0,16,8422
White,firebomb,wall,Purple,snipe,speed,16,0,0,0,0,16,7492
White,firebomb,wall,Purple,snipe,wall,16,0,0,0,0,16,7712
White,firebomb,wall,Purple,freeze,heal,16,0,0,0,0,16,7959
White,firebomb,wall,Purple,freeze,reinforcements,16,0,0,0,0,16,7224
White,firebomb,wall,Purple,freeze,speed,16,0,0,0,0,16,7908
White,firebomb,wall,Purple,freeze,wall,16,0,0,0,0,16,7834
White,firebomb,wall,Red,nuke,heal,16,0,0,0,0,16,4824
White,firebomb,wall,Red,nuke,reinforcements,16,0,0,0,0,16,5648
White,firebomb,wall,Red,nuke,speed,16,16,0,0,0,0,5614
White,firebomb,wall,Red,nuke,wall,16,16,0,0,0,0,6972
White,firebomb,wall,Red,firebomb,heal,16,0,0,0,0,16,6597
White,firebomb,wall,Red,firebomb,reinforcements,16,0,0,0,0,16,5202
White,firebomb,wall,Red,firebomb,speed,16,0,0,0,0,16,6624
White,firebomb,wall,Red,firebomb,wall,16,0,0,0,0,16,7712
White,firebomb,wall,Red,snipe,heal,16,0,0,0,0,16,7219
White,firebomb,wall,Red,snipe,reinforcements,16,0,0,0,0,16,4148
White,firebomb,wall,Red,snipe,speed,16,0,0,0,0,16,6563
White,firebomb,wall,Red,snipe,wall,16,0,0,0,0,16,6805
White,firebomb,wall,Red,freeze,heal,16,0,0,0,0,16,7972
White,firebomb,wall,Red,freeze,reinforcements,16,0,0,0,0,16,5083
White,firebomb,wall,Red,freeze,speed,16,0,0,0,0,16,8740
White,firebomb,wall,Red,freeze,wall,16,0,0,0,0,16,7628
White,firebomb,wall,White,nuke,heal,16,16,0,0,0,0,5994
White,firebomb,wall,White,nuke,reinforcements,16,16,0,0,0,0,5284
White,firebomb,wall,White,nuke,speed,16,0,0,0,0,16,8130
White,firebomb,wall,White,nuke,wall,16,0,0,16,0,0,7919
White,firebomb,wall,White,firebomb,heal,16,16,0,0,0,0,7842
White,firebomb,wall,White,firebomb,reinforcements,16,16,0,0,0,0,6308
White,firebomb,wall,White,firebomb,speed,16,0,0,0,0,16,8222
White,firebomb,wall,White,firebomb,wall,16,0,0,16,0,0,7999
White,firebomb,wall,White,snipe,heal,16,16,0,0,0,0,8380
White,firebomb,wall,White,snipe,reinforcements,16,0,0,0,0,16,9114
White,firebomb,wall,White,snipe,speed,16,0,0,0,0,16,8148
White,firebomb,wall,White,snipe,wall,16,0,0,0,0,16,7640
White,firebomb,wall,White,freeze,heal,16,0,0,16,0,0,7999
White,firebomb,wall,White,freeze,reinforcements,16,16,0,0,0,0,8319
White,firebomb,wall,White,freeze,speed,16,0,0,0,0,16,7732
White,firebomb,wall,White,freeze,wall,16,16,0,0,0,0,7949
White,firebomb,wall,Yellow,nuke,heal,16,0,0,0,0,16,7601
White,firebomb,wall,Yellow,nuke,reinforcements,16,16,0,0,0,0,6051
White,firebomb,wall,Yellow,nuke,speed,16,0,0,0,0,16,4809
White,firebomb,wall,Yellow,nuke,wall,16,0,0,0,0,16,7548
White,firebomb,wall,Yellow,firebomb,heal,16,0,0,0,0,16,6287
White,firebomb,wall,Yellow,firebomb,reinforcements,16,0,0,0,0,16,8469
White,firebomb,wall,Yellow,firebomb,speed,16,0,0,0,0,16,7732
White,firebomb,wall,Yellow,firebomb,wall,16,0,0,0,0,16,7706
White,firebomb,wall,Yellow,snipe,heal,16,0,0,0,0,16,9619
White,firebomb,wall,Yellow,snipe,reinforcements,16,0,0,0,0,16,4524
White,firebomb,wall,Yellow,snipe,speed,16,0,0,0,0,16,7574
White,firebomb,wall,Yellow,snipe,wall,16,0,0,0,0,16,7538
White,firebomb,wall,Yellow,freeze,heal,16,0,0,0,0,16,9405
White,firebomb,wall,Yellow,freeze,reinforcements,16,0,0,0,0,16,10572
White,firebomb,wall,Yellow,freeze,speed,16,0,0,0,0,16,7082
White,firebomb,wall,Yellow,freeze,wall,16,0,0,0,0,16,7655
White,snipe,heal,Black,nuke,heal,16,0,0,0,0,16,8304
White,snipe,heal,Black,nuke,reinforcements,16,16,0,0,0,0,10329
White,snipe,heal,Black,nuke,speed,16,0,0,0,0,16,7914
White,snipe,heal,Black,nuke,wall,16,16,0,0,0,0,8365
White,snipe,heal,Black,firebomb,heal,16,15,0,0,0,1,8760
White,snipe,heal,Black,firebomb,reinforcements,16,16,0,0,0,0,7794
White,snipe,heal,Black,firebomb,speed,16,0,0,0,0,16,9109
White,snipe,heal,Black,firebomb,wall,16,0,0,0,0,16,8395
White,snipe,heal,Black,snipe,heal,16,0,0,0,0,16,4517
White,snipe,heal,Black,snipe,reinforcements,16,0,0,0,0,16,10126
White,snipe,heal,Black,snipe,speed,16,0,0,0,0,16,4288
White,snipe,heal,Black,snipe,wall,16,0,0,0,0,16,8666
White,snipe,heal,Black,freeze,heal,16,0,0,0,0,16,8370
White,snipe,heal,Black,freeze,reinforcements,16,16,0,0,0,0,7844
White,snipe,heal,Black,freeze,speed,16,0,0,0,0,16,9015
White,snipe,heal,Black,freeze,wall,16,0,0,0,0,16,7969
White,snipe,heal,Blue,nuke,heal,16,16,0,0,0,0,8564
White,snipe,heal,Blue,nuke,reinforcements,16,0,0,0,0,16,10459
White,snipe,heal,Blue,nuke,speed,16,0,0,0,0,16,8738
White,snipe,heal,Blue,nuke,wall,16,0,0,0,0,16,8262
White,snipe,heal,Blue,firebomb,heal,16,0,0,0,0,16,8127
White,snipe,heal,Blue,firebomb,reinforcements,16,0,0,0,0,16,8923
White,snipe,heal,Blue,firebomb,speed,16,0,0,0,0,16,7977
White,snipe,heal,Blue,firebomb,wall,16,0,0,0,0,16,8267
White,snipe,heal,Blue,snipe,heal,16,0,0,0,0,16,8452
White,snipe,heal,Blue,snipe,reinforcements,16,0,0,0,0,16,8808
White,snipe,heal,Blue,snipe,speed,16,0,0,0,0,16,9289
White,snipe,heal,Blue,snipe,wall,16,0,0,0,0,16,7942
White,snipe,heal,Blue,freeze,heal,16,16,0,0,0,0,9787
White,snipe,heal,Blue,freeze,reinforcements,16,0,0,0,0,16,8702
White,snipe,heal,Blue,freeze,speed,16,0,0,0,0,16,8420
White,snipe,heal,Blue,freeze,wall,16,0,0,0,0,16,8158
White,snipe,heal,Green,nuke,heal,16,0,0,0,0,16,9665
White,snipe,heal,Green,nuke,reinforcements,16,0,0,0,0,16,9192
White,snipe,heal,Green,nuke,speed,16,16,0,0,0,0,4453
White,snipe,heal,Green,nuke,wall,16,0,0,0,0,16,7220
White,snipe,heal,Green,firebomb,heal,16,0,0,0,0,16,9120
White,snipe,heal,Green,firebomb,reinforcements,16,0,0,0,0,16,5214
White,snipe,heal,Green,firebomb,speed,16,0,0,0,0,16,7933
White,snipe,heal,Green,firebomb,wall,16,0,0,0,0,16,10422
White,snipe,heal,Green,snipe,heal,16,0,0,0,0,16,9449
White,snipe,heal,Green,snipe,reinforcements,16,0,0,0,0,16,6968
White,snipe,heal,Green,snipe,speed,16,16,0,0,0,0,5931
White,snipe,heal,Green,snipe,wall,16,0,0,0,0,16,9525
White,snipe,heal,Green,freeze,heal,16,0,0,0,0,16,8194
White,snipe,heal,Green,freeze,reinforcements,16,0,0,0,0,16,5458
White,snipe,heal,Green,freeze,speed,16,0,0,0,0,16,8557
White,snipe,heal,Green,freeze,wall,16,0,0,0,0,16,8254
White,snipe,heal,Orange,nuke,heal,16,8,0,0,0,8,8925
White,snipe,heal,Orange,nuke,reinforcements,16,16,0,0,0,0,8587
White,snipe,heal,Orange,nuke,speed,16,0,0,0,0,16,8653
White,snipe,heal,Orange,nuke,wall,16,15,0,0,0,1,9143
White,snipe,heal,Orange,firebomb,heal,16,2,0,0,0,14,9351
White,snipe,heal,Orange,firebomb,reinforcements,16,7,0,0,0,9,9868
White,snipe,heal,Orange,firebomb,speed,16,0,0,0,0,16,8156
White,snipe,heal,Orange,firebomb,wall,16,0,0,0,0,16,8450
White,snipe,heal,Orange,snipe,heal,16,2,0,0,0,14,9709
White,snipe,heal,Orange,snipe,reinforcements,16,0,0,0,0,16,5394
White,snipe,heal,Orange,snipe,speed,16,0,0,0,0,16,7772
White,snipe,heal,Orange,snipe,wall,16,1,0,0,0,15,8779
White,snipe,heal,Orange,freeze,heal,16,15,0,0,0,1,8418
White,snipe,heal,Orange,freeze,reinforcements,16,10,0,0,0,6,7367
White,snipe,heal,Orange,freeze,speed,16,5,0,0,0,11,10793
White,snipe,heal,Orange,freeze,wall,16,3,0,0,0,13,8687
White,snipe,heal,Purple,nuke,heal,16,0,0,0,0,16,10517
White,snipe,heal,Purple,nuke,reinforcements,16,16,0,0,0,0,9607
White,snipe,heal,Purple,nuke,speed,16,0,0,0,0,16,8278
White,snipe,heal,Purple,nuke,wall,16,0,0,0,0,16,8237
White,snipe,heal,Purple,firebomb,heal,16,0,0,0,0,16,8240
White,snipe,heal,Purple,firebomb,reinforcements,16,16,0,0,0,0,7507
White,snipe,heal,Purple,firebomb,speed,16,0,0,0,0,16,7783
White,snipe,heal,Purple,firebomb,wall,16,0,0,0,0,16,8505
White,snipe,heal,Purple,snipe,heal,16,0,0,0,0,16,9168
White,snipe,heal,Purple,snipe,reinforcements,16,16,0,0,0,0,8282
White,snipe,heal,Purple,snipe,speed,16,0,0,0,0,16,7297
White,snipe,heal,Purple,snipe,wall,16,0,0,0,0,16,8207
White,snipe,heal,Purple,freeze,heal,16,0,0,0,0,16,8413
White,snipe,heal,Purple,freeze,reinforcements,16,16,0,0,0,0,7278
White,snipe,heal,Purple,freeze,speed,16,0,0,0,0,16,7672
White,snipe,heal,Purple,freeze,wall,16,0,0,0,0,16,8214
White,snipe,heal,Red,nuke,heal,16,16,0,0,0,0,9193
White,snipe,heal,Red,nuke,reinforcements,16,0,0,0,0,16,7678
White,snipe,heal,Red,nuke,speed,16,0,0,0,0,16,4944
White,snipe,heal,Red,nuke,wall,16,16,0,0,0,0,8490
White,snipe,heal,Red,firebomb,heal,16,15,0,0,0,1,9778
White,snipe,heal,Red,firebomb,reinforcements,16,0,0,0,0,16,7053
White,snipe,heal,Red,firebomb,speed,16,0,0,0,0,16,6735
White,snipe,heal,Red,firebomb,wall,16,16,0,0,0,0,5875
White,snipe,heal,Red,snipe,heal,16,0,0,0,0,16,7873
White,snipe,heal,Red,snipe,reinforcements,16,0,0,0,0,16,5245
White,snipe,heal,Red,snipe,speed,16,0,0,0,0,16,6485
White,snipe,heal,Red,snipe,wall,16,0,0,0,0,16,5010
White,snipe,heal,Red,freeze,heal,16,16,0,0,0,0,10632
White,snipe,heal,Red,freeze,reinforcements,16,16,0,0,0,0,9609
White,snipe,heal,Red,freeze,speed,16,0,0,0,0,16,8865
White,snipe,heal,Red,freeze,wall,16,16,0,0,0,0,9721
White,snipe,heal,White,nuke,heal,16,16,0,0,0,0,8255
White,snipe,heal,White,nuke,reinforcements,16,16,0,0,0,0,9003
White,snipe,heal,White,nuke,speed,16,16,0,0,0,0,8720
White,snipe,heal,White,nuke,wall,16,16,0,0,0,0,9582
White,snipe,heal,White,firebomb,heal,16,16,0,0,0,0,7705
White,snipe,heal,White,firebomb,reinforcements,16,16,0,0,0,0,6767
White,snipe,heal,White,firebomb,speed,16,16,0,0,0,0,8481
White,snipe,heal,White,firebomb,wall,16,16,0,0,0,0,7826
White,snipe,heal,White,snipe,heal,16,0,0,0,0,16,9567
White,snipe,heal,White,snipe,reinforcements,16,16,0,0,0,0,7752
White,snipe,heal,White,snipe,speed,16,0,0,0,0,16,7149
White,snipe,heal,White,snipe,wall,16,16,0,0,0,0,11352
White,snipe,heal,White,freeze,heal,16,16,0,0,0,0,7660
White,snipe,heal,White,freeze,reinforcements,16,16,0,0,0,0,8793
White,snipe,heal,White,freeze,speed,16,16,0,0,0,0,8361
White,snipe,heal,White,freeze,wall,16,16,0,0,0,0,8332
White,snipe,heal,Yellow,nuke,heal,16,0,0,0,0,16,5920
White,snipe,heal,Yellow,nuke,reinforcements,16,16,0,0,0,0,6754
White,snipe,heal,Yellow,nuke,speed,16,0,0,0,0,16,7859
White,snipe,heal,Yellow,nuke,wall,16,0,0,0,0,16,8151
White,snipe,heal,Yellow,firebomb,heal,16,0,0,0,0,16,8023
White,snipe,heal,Yellow,firebomb,reinforcements,16,16,0,0,0,0,7027
White,snipe,heal,Yellow,firebomb,speed,16,0,0,0,0,16,10022
White,snipe,heal,Yellow,firebomb,wall,16,0,0,0,0,16,8389
White,snipe,heal,Yellow,snipe,heal,16,0,0,0,0,16,4745
White,snipe,heal,Yellow,snipe,reinforcements,16,16,0,0,0,0,9976
White,snipe,heal,Yellow,snipe,speed,16,0,0,0,0,16,7844
White,snipe,heal,Yellow,snipe,wall,16,0,0,0,0,16,7484
White,snipe,heal,Yellow,freeze,heal,16,16,0,0,0,0,9029
White,snipe,heal,Yellow,freeze,reinforcements,16,0,0,0,0,16,4679
White,snipe,heal,Yellow,freeze,speed,16,0,0,0,0,16,7862
White,snipe,heal,Yellow,freeze,wall,16,0,0,0,0,16,8509
White,snipe,reinforcements,Black,nuke,heal,16,16,0,0,0,0,3354
White,snipe,reinforcements,Black,nuke,reinforcements,16,0,0,0,0,16,5193
White,snipe,reinforcements,Black,nuke,speed,16,16,0,0,0,0,3349
White,snipe,reinforcements,Black,nuke,wall,16,16,0,0,0,0,4134
White,snipe,reinforcements,Black,firebomb,heal,16,0,0,0,0,16,5238
White,snipe,reinforcements,Black,firebomb,reinforcements,16,0,0,0,0,16,5213
White,snipe,reinforcements,Black,firebomb,speed,16,0,0,0,0,16,5113
White,snipe,reinforcements,Black,firebomb,wall,16,0,0,0,0,16,5483
White,snipe,reinforcements,Black,snipe,heal,16,0,0,0,0,16,5104
White,snipe,reinforcements,Black,snipe,reinforcements,16,0,0,0,0,16,5213
White,snipe,reinforcements,Black,snipe,speed,16,0,0,0,0,16,5166
White,snipe,reinforcements,Black,snipe,wall,16,0,0,0,0,16,5021
White,snipe,reinforcements,Black,freeze,heal,16,0,0,0,0,16,5513
White,snipe,reinforcements,Black,freeze,reinforcements,16,0,0,0,0,16,5178
White,snipe,reinforcements,Black,freeze,speed,16,0,0,0,0,16,5483
White,snipe,reinforcements,Black,freeze,wall,16,0,0,0,0,16,5802
White,snipe,reinforcements,Blue,nuke,heal,16,16,0,0,0,0,3469
White,snipe,reinforcements,Blue,nuke,reinforcements,16,0,0,0,0,16,4236
White,snipe,reinforcements,Blue,nuke,speed,16,16,0,0,0,0,3709
White,snipe,reinforcements,Blue,nuke,wall,16,0,0,0,0,16,4183
White,snipe,reinforcements,Blue,firebomb,heal,16,0,0,0,0,16,5217
White,snipe,reinforcements,Blue,firebomb,reinforcements,16,0,0,0,0,16,5018
White,snipe,reinforcements,Blue,firebomb,speed,16,0,0,0,0,16,5217
White,snipe,reinforcements,Blue,firebomb,wall,16,0,0,0,0,16,5293
White,snipe,reinforcements,Blue,snipe,heal,16,0,0,0,0,16,4328
White,snipe,reinforcements,Blue,snipe,reinforcements,16,0,0,0,0,16,4156
White,snipe,reinforcements,Blue,snipe,speed,16,0,0,0,0,16,5093
White,snipe,reinforcements,Blue,snipe,wall,16,0,0,0,0,16,4167
White,snipe,reinforcements,Blue,freeze,heal,16,0,0,0,0,16,5785
White,snipe,reinforcements,Blue,freeze,reinforcements,16,0,0,0,0,16,4170
White,snipe,reinforcements,Blue,freeze,speed,16,0,0,0,0,16,5319
White,snipe,reinforcements,Blue,freeze,wall,16,0,0,0,0,16,4187
White,snipe,reinforcements,Green,nuke,heal,16,16,0,0,0,0,3154
White,snipe,reinforcements,Green,nuke,reinforcements,16,0,0,0,0,16,3875
White,snipe,reinforcements,Green,nuke,speed,16,16,0,0,0,0,3174
White,snipe,reinforcements,Green,nuke,wall,16,0,0,0,0,16,3968
White,snipe,reinforcements,Green,firebomb,heal,16,0,0,0,0,16,5139
White,snipe,reinforcements,Green,firebomb,reinforcements,16,0,0,0,0,16,4078
White,snipe,reinforcements,Green,firebomb,speed,16,0,0,0,0,16,5139
White,snipe,reinforcements,Green,firebomb,wall,16,0,0,0,0,16,4594
White,snipe,reinforcements,Green,snipe,heal,16,0,0,0,0,16,5028
White,snipe,reinforcements,Green,snipe,reinforcements,16,0,0,0,0,16,3720
White,snipe,reinforcements,Green,snipe,speed,16,0,0,0,0,16,4719
White,snipe,reinforcements,Green,snipe,wall,16,0,0,0,0,16,3978
White,snipe,reinforcements,Green,freeze,heal,16,0,0,0,0,16,5054
White,snipe,reinforcements,Green,freeze,reinforcements,16,0,0,0,0,16,4116
White,snipe,reinforcements,Green,freeze,speed,16,0,0,0,0,16,5041
White,snipe,reinforcements,Green,freeze,wall,16,0,0,0,0,16,3983
White,snipe,reinforcements,Orange,nuke,heal,16,16,0,0,0,0,3714
White,snipe,reinforcements,Orange,nuke,reinforcements,16,0,0,0,0,16,5102
White,snipe,reinforcements,Orange,nuke,speed,16,16,0,0,0,0,3714
White,snipe,reinforcements,Orange,nuke,wall,16,0,0,0,0,16,5231
White,snipe,reinforcements,Orange,firebomb,heal,16,0,0,0,0,16,7271
White,snipe,reinforcements,Orange,firebomb,reinforcements,16,0,0,0,0,16,5073
White,snipe,reinforcements,Orange,firebomb,speed,16,0,0,0,0,16,6590
White,snipe,reinforcements,Orange,firebomb,wall,16,0,0,0,0,16,5279
White,snipe,reinforcements,Orange,snipe,heal,16,0,0,0,0,16,5190
White,snipe,reinforcements,Orange,snipe,reinforcements,16,0,0,0,0,16,5135
White,snipe,reinforcements,Orange,snipe,speed,16,0,0,0,0,16,5010
White,snipe,reinforcements,Orange,snipe,wall,16,0,0,0,0,16,5029
White,snipe,reinforcements,Orange,freeze,heal,16,0,0,0,0,16,10174
White,snipe,reinforcements,Orange,freeze,reinforcements,16,0,0,0,0,16,4604
White,snipe,reinforcements,Orange,freeze,speed,16,0,0,0,0,16,6754
White,snipe,reinforcements,Orange,freeze,wall,16,0,0,0,0,16,5517
White,snipe,reinforcements,Purple,nuke,heal,16,16,0,0,0,0,4949
White,snipe,reinforcements,Purple,nuke,reinforcements,16,0,0,0,0,16,4505
White,snipe,reinforcements,Purple,nuke,speed,16,16,0,0,0,0,4309
White,snipe,reinforcements,Purple,nuke,wall,16,0,0,0,0,16,5253
White,snipe,reinforcements,Purple,firebomb,heal,16,0,0,0,0,16,5189
White,snipe,reinforcements,Purple,firebomb,reinforcements,16,0,0,0,0,16,5080
White,snipe,reinforcements,Purple,firebomb,speed,16,0,0,0,0,16,5149
White,snipe,reinforcements,Purple,firebomb,wall,16,0,0,0,0,16,5159
White,snipe,reinforcements,Purple,snipe,heal,16,0,0,0,0,16,4293
White,snipe,reinforcements,Purple,snipe,reinforcements,16,0,0,0,0,16,4583
White,snipe,reinforcements,Purple,snipe,speed,16,0,0,0,0,16,4323
White,snipe,reinforcements,Purple,snipe,wall,16,0,0,0,0,16,4471
White,snipe,reinforcements,Purple,freeze,heal,16,0,0,0,0,16,5435
White,snipe,reinforcements,Purple,freeze,reinforcements,16,0,0,0,0,16,5139
White,snipe,reinforcements,Purple,freeze,speed,16,0,0,0,0,16,4250
White,snipe,reinforcements,Purple,freeze,wall,16,0,0,0,0,16,5281
White,snipe,reinforcements,Red,nuke,heal,16,16,0,0,0,0,3154
White,snipe,reinforcements,Red,nuke,reinforcements,16,0,0,0,0,16,5096
White,snipe,reinforcements,Red,nuke,speed,16,16,0,0,0,0,3154
White,snipe,reinforcements,Red,nuke,wall,16,0,0,0,0,16,4520
White,snipe,reinforcements,Red,firebomb,heal,16,0,0,0,0,16,5223
White,snipe,reinforcements,Red,firebomb,reinforcements,16,0,0,0,0,16,3998
White,snipe,reinforcements,Red,firebomb,speed,16,0,0,0,0,16,5222
White,snipe,reinforcements,Red,firebomb,wall,16,0,0,0,0,16,5055
White,snipe,reinforcements,Red,snipe,heal,16,0,0,0,0,16,4220
White,snipe,reinforcements,Red,snipe,reinforcements,16,0,0,0,0,16,4425
White,snipe,reinforcements,Red,snipe,speed,16,0,0,0,0,16,5173
White,snipe,reinforcements,Red,snipe,wall,16,0,0,0,0,16,4368
White,snipe,reinforcements,Red,freeze,heal,16,0,0,0,0,16,4772
White,snipe,reinforcements,Red,freeze,reinforcements,16,0,0,0,0,16,5139
White,snipe,reinforcements,Red,freeze,speed,16,0,0,0,0,16,4439
White,snipe,reinforcements,Red,freeze,wall,16,0,0,0,0,16,4231
White,snipe,reinforcements,White,nuke,heal,16,16,0,0,0,0,3084
White,snipe,reinforcements,White,nuke,reinforcements,16,16,0,0,0,0,5067
White,snipe,reinforcements,White,nuke,speed,16,16,0,0,0,0,3084
White,snipe,reinforcements,White,nuke,wall,16,16,0,0,0,0,9058
White,snipe,reinforcements,White,firebomb,heal,16,0,0,0,0,16,9554
White,snipe,reinforcements,White,firebomb,reinforcements,16,16,0,0,0,0,10617
White,snipe,reinforcements,White,firebomb,speed,16,0,0,0,0,16,6480
White,snipe,reinforcements,White,firebomb,wall,16,16,0,0,0,0,9887
White,snipe,reinforcements,White,snipe,heal,16,0,0,0,0,16,7899
White,snipe,reinforcements,White,snipe,reinforcements,16,0,0,0,0,16,12879
White,snipe,reinforcements,White,snipe,speed,16,0,0,0,0,16,5782
White,snipe,reinforcements,White,snipe,wall,16,0,0,0,0,16,5678
White,snipe,reinforcements,White,freeze,heal,16,16,0,0,0,0,10626
White,snipe,reinforcements,White,freeze,reinforcements,16,16,0,0,0,0,5884
White,snipe,reinforcements,White,freeze,speed,16,16,0,0,0,0,9815
White,snipe,reinforcements,White,freeze,wall,16,16,0,0,0,0,9039
White,snipe,reinforcements,Yellow,nuke,heal,16,16,0,0,0,0,3379
White,snipe,reinforcements,Yellow,nuke,reinforcements,16,0,0,0,0,16,5000
White,snipe,reinforcements,Yellow,nuke,speed,16,16,0,0,0,0,3499
White,snipe,reinforcements,Yellow,nuke,wall,16,0,0,0,0,16,5709
White,snipe,reinforcements,Yellow,firebomb,heal,16,0,0,0,0,16,5271
White,snipe,reinforcements,Yellow,firebomb,reinforcements,16,0,0,0,0,16,5077
White,snipe,reinforcements,Yellow,firebomb,speed,16,0,0,0,0,16,5139
White,snipe,reinforcements,Yellow,firebomb,wall,16,0,0,0,0,16,5678
White,snipe,reinforcements,Yellow,snipe,heal,16,0,0,0,0,16,5014
White,snipe,reinforcements,Yellow,snipe,reinforcements,16,0,0,0,0,16,4780
White,snipe,reinforcements,Yellow,snipe,speed,16,0,0,0,0,16,4775
White,snipe,reinforcements,Yellow,snipe,wall,16,0,0,0,0,16,4710
White,snipe,reinforcements,Yellow,freeze,heal,16,0,0,0,0,16,5307
White,snipe,reinforcements,Yellow,freeze,reinforcements,16,0,0,0,0,16,4488
White,snipe,reinforcements,Yellow,freeze,speed,16,0,0,0,0,16,5218
White,snipe,reinforcements,Yellow,freeze,wall,16,0,0,0,0,16,5275
White,snipe,speed,Black,nuke,heal,16,16,0,0,0,0,8636
White,snipe,speed,Black,nuke,reinforcements,16,16,0,0,0,0,7767
White,snipe,speed,Black,nuke,speed,16,0,0,0,0,16,7697
White,snipe,speed,Black,nuke,wall,16,16,0,0,0,0,8526
White,snipe,speed,Black,firebomb,heal,16,16,0,0,0,0,8942
White,snipe,speed,Black,firebomb,reinforcements,16,16,0,0,0,0,7631
White,snipe,speed,Black,firebomb,speed,16,0,0,0,0,16,8754
White,snipe,speed,Black,firebomb,wall,16,16,0,0,0,0,9334
White,snipe,speed,Black,snipe,heal,16,16,0,0,0,0,11036
White,snipe,speed,Black,snipe,reinforcements,16,0,0,0,0,16,5050
White,snipe,speed,Black,snipe,speed,16,0,0,0,0,16,12624
White,snipe,speed,Black,snipe,wall,16,0,0,0,0,16,10676
White,snipe,speed,Black,freeze,heal,16,16,0,0,0,0,8518
White,snipe,speed,Black,freeze,reinforcements,16,16,0,0,0,0,6636
White,snipe,speed,Black,freeze,speed,16,16,0,0,0,0,6764
White,snipe,speed,Black,freeze,wall,16,16,0,0,0,0,8977
White,snipe,speed,Blue,nuke,heal,16,16,0,0,0,0,9164
White,snipe,speed,Blue,nuke,reinforcements,16,16,0,0,0,0,7859
White,snipe,speed,Blue,nuke,speed,16,0,0,0,0,16,8715
White,snipe,speed,Blue,nuke,wall,16,16,0,0,0,0,8319
White,snipe,speed,Blue,firebomb,heal,16,0,0,0,0,16,7499
White,snipe,speed,Blue,firebomb,reinforcements,16,16,0,0,0,0,7571
White,snipe,speed,Blue,firebomb,speed,16,10,0,6,0,0,9630
White,snipe,speed,Blue,firebomb,wall,16,16,0,0,0,0,8407
White,snipe,speed,Blue,snipe,heal,16,0,0,0,0,16,8891
White,snipe,speed,Blue,snipe,reinforcements,16,16,0,0,0,0,8656
White,snipe,speed,Blue,snipe,speed,16,0,0,0,0,16,6222
White,snipe,speed,Blue,snipe,wall,16,16,0,0,0,0,9599
White,snipe,speed,Blue,freeze,heal,16,16,0,0,0,0,8554
White,snipe,speed,Blue,freeze,reinforcements,16,16,0,0,0,0,7351
White,snipe,speed,Blue,freeze,speed,16,0,0,0,0,16,9140
White,snipe,speed,Blue,freeze,wall,16,16,0,0,0,0,8368
White,snipe,speed,Green,nuke,heal,16,0,0,0,0,16,4816
White,snipe,speed,Green,nuke,reinforcements,16,0,0,0,0,16,8583
White,snipe,speed,Green,nuke,speed,16,0,0,0,0,16,7480
White,snipe,speed,Green,nuke,wall,16,16,0,0,0,0,10269
White,snipe,speed,Green,firebomb,heal,16,16,0,0,0,0,10122
White,snipe,speed,Green,firebomb,reinforcements,16,16,0,0,0,0,6787
White,snipe,speed,Green,firebomb,speed,16,0,0,0,0,16,8768
White,snipe,speed,Green,firebomb,wall,16,0,0,0,0,16,6780
White,snipe,speed,Green,snipe,heal,16,0,0,0,0,16,7236
White,snipe,speed,Green,snipe,reinforcements,16,0,0,0,0,16,5580
White,snipe,speed,Green,snipe,speed,16,0,0,0,0,16,8633
White,snipe,speed,Green,snipe,wall,16,0,0,0,0,16,6942
White,snipe,speed,Green,freeze,heal,16,16,0,0,0,0,7297
White,snipe,speed,Green,freeze,reinforcements,16,16,0,0,0,0,7382
White,snipe,speed,Green,freeze,speed,16,0,0,0,0,16,8793
White,snipe,speed,Green,freeze,wall,16,0,0,0,0,16,9448
White,snipe,speed,Orange,nuke,heal,16,13,0,0,0,3,8683
White,snipe,speed,Orange,nuke,reinforcements,16,0,0,0,0,16,5891
White,snipe,speed,Orange,nuke,speed,16,0,0,0,0,16,9495
White,snipe,speed,Orange,nuke,wall,16,13,0,0,0,3,9796
White,snipe,speed,Orange,firebomb,heal,16,11,0,0,0,5,9494
White,snipe,speed,Orange,firebomb,reinforcements,16,16,0,0,0,0,7673
White,snipe,speed,Orange,firebomb,speed,16,0,0,0,0,16,10110
White,snipe,speed,Orange,firebomb,wall,16,14,0,0,0,2,8945
White,snipe,speed,Orange,snipe,heal,16,2,1,0,2,11,11643
White,snipe,speed,Orange,snipe,reinforcements,16,0,0,0,0,16,5784
White,snipe,speed,Orange,snipe,speed,16,0,0,0,0,16,8459
White,snipe,speed,Orange,snipe,wall,16,4,0,0,0,12,9721
White,snipe,speed,Orange,freeze,heal,16,15,0,0,0,1,8913
White,snipe,speed,Orange,freeze,reinforcements,16,3,0,0,0,13,7336
White,snipe,speed,Orange,freeze,speed,16,6,0,0,1,9,11086
White,snipe,speed,Orange,freeze,wall,16,16,0,0,0,0,9008
White,snipe,speed,Purple,nuke,heal,16,16,0,0,0,0,9548
White,snipe,speed,Purple,nuke,reinforcements,16,16,0,0,0,0,7307
White,snipe,speed,Purple,nuke,speed,16,0,0,0,0,16,8588
White,snipe,speed,Purple,nuke,wall,16,0,0,0,0,16,9169
White,snipe,speed,Purple,firebomb,heal,16,16,0,0,0,0,10366
White,snipe,speed,Purple,firebomb,reinforcements,16,16,0,0,0,0,7851
White,snipe,speed,Purple,firebomb,speed,16,0,0,0,0,16,9177
White,snipe,speed,Purple,firebomb,wall,16,16,0,0,0,0,6997
White,snipe,speed,Purple,snipe,heal,16,0,0,0,0,16,8857
White,snipe,speed,Purple,snipe,reinforcements,16,16,0,0,0,0,7152
White,snipe,speed,Purple,snipe,speed,16,0,0,0,0,16,7013
White,snipe,speed,Purple,snipe,wall,16,0,0,0,0,16,9071
White,snipe,speed,Purple,freeze,heal,16,0,0,0,0,16,8929
White,snipe,speed,Purple,freeze,reinforcements,16,16,0,0,0,0,7561
White,snipe,speed,Purple,freeze,speed,16,0,0,0,0,16,9545
White,snipe,speed,Purple,freeze,wall,16,16,0,0,0,0,9382
White,snipe,speed,Red,nuke,heal,16,16,0,0,0,0,9084
White,snipe,speed,Red,nuke,reinforcements,16,0,0,0,0,16,4613
White,snipe,speed,Red,nuke,speed,16,0,0,0,0,16,7223
White,snipe,speed,Red,nuke,wall,16,16,0,0,0,0,9184
White,snipe,speed,Red,firebomb,heal,16,0,0,0,0,16,4812
White,snipe,speed,Red,firebomb,reinforcements,16,0,0,0,0,16,6230
White,snipe,speed,Red,firebomb,speed,16,0,0,0,0,16,8143
