human_team,human_off,human_def,bot_team,bot_off,bot_def,games,bot_decisive_wins,bot_timeout_wins,draws,bot_timeout_losses,bot_decisive_losses,avg_ticks
Green,snipe,speed,Red,firebomb,speed,16,16,0,0,0,0,7143
Green,snipe,speed,Red,firebomb,wall,16,16,0,0,0,0,7461
Green,snipe,speed,Red,snipe,heal,16,16,0,0,0,0,5934
Green,snipe,speed,Red,snipe,reinforcements,16,16,0,0,0,0,5261
Green,snipe,speed,Red,snipe,speed,16,16,0,0,0,0,8096
Green,snipe,speed,Red,snipe,wall,16,16,0,0,0,0,7780
Green,snipe,speed,Red,freeze,heal,16,16,0,0,0,0,5582
Green,snipe,speed,Red,freeze,reinforcements,16,16,0,0,0,0,4875
Green,snipe,speed,Red,freeze,speed,16,0,0,0,0,16,4717
Green,snipe,speed,Red,freeze,wall,16,16,0,0,0,0,6503
Green,snipe,speed,White,nuke,heal,16,16,0,0,0,0,7550
Green,snipe,speed,White,nuke,reinforcements,16,16,0,0,0,0,5000
Green,snipe,speed,White,nuke,speed,16,16,0,0,0,0,5037
Green,snipe,speed,White,nuke,wall,16,16,0,0,0,0,6714
Green,snipe,speed,White,firebomb,heal,16,16,0,0,0,0,5274
Green,snipe,speed,White,firebomb,reinforcements,16,16,0,0,0,0,5198
Green,snipe,speed,White,firebomb,speed,16,16,0,0,0,0,9754
Green,snipe,speed,White,firebomb,wall,16,16,0,0,0,0,7552
Green,snipe,speed,White,snipe,heal,16,16,0,0,0,0,7418
Green,snipe,speed,White,snipe,reinforcements,16,16,0,0,0,0,4956
Green,snipe,speed,White,snipe,speed,16,16,0,0,0,0,8655
Green,snipe,speed,White,snipe,wall,16,16,0,0,0,0,8423
Green,snipe,speed,White,freeze,heal,16,16,0,0,0,0,6728
Green,snipe,speed,White,freeze,reinforcements,16,16,0,0,0,0,5003
Green,snipe,speed,White,freeze,speed,16,16,0,0,0,0,8020
Green,snipe,speed,White,freeze,wall,16,16,0,0,0,0,8822
Green,snipe,speed,Yellow,nuke,heal,16,16,0,0,0,0,8190
Green,snipe,speed,Yellow,nuke,reinforcements,16,16,0,0,0,0,6053
Green,snipe,speed,Yellow,nuke,speed,16,16,0,0,0,0,6622
Green,snipe,speed,Yellow,nuke,wall,16,16,0,0,0,0,8384
Green,snipe,speed,Yellow,firebomb,heal,16,16,0,0,0,0,7635
Green,snipe,speed,Yellow,firebomb,reinforcements,16,16,0,0,0,0,6023
Green,snipe,speed,Yellow,firebomb,speed,16,16,0,0,0,0,8442
Green,snipe,speed,Yellow,firebomb,wall,16,16,0,0,0,0,8405
Green,snipe,speed,Yellow,snipe,heal,16,16,0,0,0,0,7141
Green,snipe,speed,Yellow,snipe,reinforcements,16,16,0,0,0,0,6019
Green,snipe,speed,Yellow,snipe,speed,16,16,0,0,0,0,11981
Green,snipe,speed,Yellow,snipe,wall,16,16,0,0,0,0,8100
Green,snipe,speed,Yellow,freeze,heal,16,16,0,0,0,0,7131
Green,snipe,speed,Yellow,freeze,reinforcements,16,16,0,0,0,0,6071
Green,snipe,speed,Yellow,freeze,speed,16,16,0,0,0,0,6668
Green,snipe,speed,Yellow,freeze,wall,16,16,0,0,0,0,8746
Green,snipe,wall,Black,nuke,heal,16,0,0,0,0,16,4885
Green,snipe,wall,Black,nuke,reinforcements,16,16,0,0,0,0,4474
Green,snipe,wall,Black,nuke,speed,16,16,0,0,0,0,6009
Green,snipe,wall,Black,nuke,wall,16,16,0,0,0,0,5824
Green,snipe,wall,Black,firebomb,heal,16,16,0,0,0,0,8358
Green,snipe,wall,Black,firebomb,reinforcements,16,16,0,0,0,0,6047
Green,snipe,wall,Black,firebomb,speed,16,16,0,0,0,0,9257
Green,snipe,wall,Black,firebomb,wall,16,16,0,0,0,0,8645
Green,snipe,wall,Black,snipe,heal,16,16,0,0,0,0,9417
Green,snipe,wall,Black,snipe,reinforcements,16,16,0,0,0,0,4214
Green,snipe,wall,Black,snipe,speed,16,16,0,0,0,0,9806
Green,snipe,wall,Black,snipe,wall,16,16,0,0,0,0,9300
Green,snipe,wall,Black,freeze,heal,16,16,0,0,0,0,8383
Green,snipe,wall,Black,freeze,reinforcements,16,16,0,0,0,0,4267
Green,snipe,wall,Black,freeze,speed,16,16,0,0,0,0,9253
Green,snipe,wall,Black,freeze,wall,16,16,0,0,0,0,8170
Green,snipe,wall,Blue,nuke,heal,16,16,0,0,0,0,8330
Green,snipe,wall,Blue,nuke,reinforcements,16,16,0,0,0,0,4355
Green,snipe,wall,Blue,nuke,speed,16,16,0,0,0,0,8304
Green,snipe,wall,Blue,nuke,wall,16,16,0,0,0,0,8342
Green,snipe,wall,Blue,firebomb,heal,16,16,0,0,0,0,8526
Green,snipe,wall,Blue,firebomb,reinforcements,16,16,0,0,0,0,5958
Green,snipe,wall,Blue,firebomb,speed,16,16,0,0,0,0,9329
Green,snipe,wall,Blue,firebomb,wall,16,16,0,0,0,0,8360
Green,snipe,wall,Blue,snipe,heal,16,16,0,0,0,0,8912
Green,snipe,wall,Blue,snipe,reinforcements,16,16,0,0,0,0,4375
Green,snipe,wall,Blue,snipe,speed,16,16,0,0,0,0,10612
Green,snipe,wall,Blue,snipe,wall,16,16,0,0,0,0,8836
Green,snipe,wall,Blue,freeze,heal,16,16,0,0,0,0,8180
Green,snipe,wall,Blue,freeze,reinforcements,16,16,0,0,0,0,4470
Green,snipe,wall,Blue,freeze,speed,16,16,0,0,0,0,8845
Green,snipe,wall,Blue,freeze,wall,16,16,0,0,0,0,8170
Green,snipe,wall,Green,nuke,heal,16,16,0,0,0,0,9824
Green,snipe,wall,Green,nuke,reinforcements,16,16,0,0,0,0,6173
Green,snipe,wall,Green,nuke,speed,16,0,0,0,0,16,5517
Green,snipe,wall,Green,nuke,wall,16,16,0,0,0,0,9309
Green,snipe,wall,Green,firebomb,heal,16,16,0,0,0,0,9382
Green,snipe,wall,Green,firebomb,reinforcements,16,16,0,0,0,0,6117
Green,snipe,wall,Green,firebomb,speed,16,0,0,0,0,16,14539
Green,snipe,wall,Green,firebomb,wall,16,16,0,0,0,0,9010
Green,snipe,wall,Green,snipe,heal,16,0,0,0,0,16,11815
Green,snipe,wall,Green,snipe,reinforcements,16,16,0,0,0,0,6174
Green,snipe,wall,Green,snipe,speed,16,0,0,0,0,16,11067
Green,snipe,wall,Green,snipe,wall,16,16,0,0,0,0,12439
Green,snipe,wall,Green,freeze,heal,16,0,0,0,0,16,5144
Green,snipe,wall,Green,freeze,reinforcements,16,16,0,0,0,0,6688
Green,snipe,wall,Green,freeze,speed,16,16,0,0,0,0,10873
Green,snipe,wall,Green,freeze,wall,16,16,0,0,0,0,9196
Green,snipe,wall,Orange,nuke,heal,16,15,0,0,0,1,8447
Green,snipe,wall,Orange,nuke,reinforcements,16,16,0,0,0,0,4928
Green,snipe,wall,Orange,nuke,speed,16,16,0,0,0,0,6278
Green,snipe,wall,Orange,nuke,wall,16,16,0,0,0,0,9054
Green,snipe,wall,Orange,firebomb,heal,16,16,0,0,0,0,9180
Green,snipe,wall,Orange,firebomb,reinforcements,16,16,0,0,0,0,6330
Green,snipe,wall,Orange,firebomb,speed,16,16,0,0,0,0,9360
Green,snipe,wall,Orange,firebomb,wall,16,16,0,0,0,0,9166
Green,snipe,wall,Orange,snipe,heal,16,16,0,0,0,0,9966
Green,snipe,wall,Orange,snipe,reinforcements,16,16,0,0,0,0,5060
Green,snipe,wall,Orange,snipe,speed,16,10,1,0,0,5,12110
Green,snipe,wall,Orange,snipe,wall,16,16,0,0,0,0,9334
Green,snipe,wall,Orange,freeze,heal,16,16,0,0,0,0,8171
Green,snipe,wall,Orange,freeze,reinforcements,16,16,0,0,0,0,6343
Green,snipe,wall,Orange,freeze,speed,16,15,0,0,0,1,9678
Green,snipe,wall,Orange,freeze,wall,16,16,0,0,0,0,8633
Green,snipe,wall,Purple,nuke,heal,16,16,0,0,0,0,8282
Green,snipe,wall,Purple,nuke,reinforcements,16,16,0,0,0,0,5159
Green,snipe,wall,Purple,nuke,speed,16,16,0,0,0,0,8491
Green,snipe,wall,Purple,nuke,wall,16,16,0,0,0,0,7626
Green,snipe,wall,Purple,firebomb,heal,16,16,0,0,0,0,8512
Green,snipe,wall,Purple,firebomb,reinforcements,16,16,0,0,0,0,5301
Green,snipe,wall,Purple,firebomb,speed,16,0,0,0,16,0,18000
Green,snipe,wall,Purple,firebomb,wall,16,16,0,0,0,0,8747
Green,snipe,wall,Purple,snipe,heal,16,16,0,0,0,0,9032
Green,snipe,wall,Purple,snipe,reinforcements,16,16,0,0,0,0,5348
Green,snipe,wall,Purple,snipe,speed,16,0,0,0,0,16,8327
Green,snipe,wall,Purple,snipe,wall,16,16,0,0,0,0,8977
Green,snipe,wall,Purple,freeze,heal,16,16,0,0,0,0,8238
Green,snipe,wall,Purple,freeze,reinforcements,16,16,0,0,0,0,4892
Green,snipe,wall,Purple,freeze,speed,16,16,0,0,0,0,9114
Green,snipe,wall,Purple,freeze,wall,16,16,0,0,0,0,9675
Green,snipe,wall,Red,nuke,heal,16,16,0,0,0,0,9223
Green,snipe,wall,Red,nuke,reinforcements,16,16,0,0,0,0,4496
Green,snipe,wall,Red,nuke,speed,16,16,0,0,0,0,5379
Green,snipe,wall,Red,nuke,wall,16,16,0,0,0,0,6979
Green,snipe,wall,Red,firebomb,heal,16,0,0,0,0,16,9162
Green,snipe,wall,Red,firebomb,reinforcements,16,16,0,0,0,0,5929
Green,snipe,wall,Red,firebomb,speed,16,16,0,0,0,0,10616
Green,snipe,wall,Red,firebomb,wall,16,16,0,0,0,0,9273
Green,snipe,wall,Red,snipe,heal,16,16,0,0,0,0,11165
Green,snipe,wall,Red,snipe,reinforcements,16,16,0,0,0,0,4529
Green,snipe,wall,Red,snipe,speed,16,0,0,0,0,16,5598
Green,snipe,wall,Red,snipe,wall,16,0,0,0,0,16,6947
Green,snipe,wall,Red,freeze,heal,16,16,0,0,0,0,8975
Green,snipe,wall,Red,freeze,reinforcements,16,16,0,0,0,0,4520
Green,snipe,wall,Red,freeze,speed,16,16,0,0,0,0,10480
Green,snipe,wall,Red,freeze,wall,16,16,0,0,0,0,8166
Green,snipe,wall,White,nuke,heal,16,16,0,0,0,0,8010
Green,snipe,wall,White,nuke,reinforcements,16,16,0,0,0,0,5008
Green,snipe,wall,White,nuke,speed,16,16,0,0,0,0,7214
Green,snipe,wall,White,nuke,wall,16,16,0,0,0,0,6189
Green,snipe,wall,White,firebomb,heal,16,16,0,0,0,0,7577
Green,snipe,wall,White,firebomb,reinforcements,16,16,0,0,0,0,5209
Green,snipe,wall,White,firebomb,speed,16,16,0,0,0,0,7994
Green,snipe,wall,White,firebomb,wall,16,16,0,0,0,0,7550
Green,snipe,wall,White,snipe,heal,16,16,0,0,0,0,8014
Green,snipe,wall,White,snipe,reinforcements,16,16,0,0,0,0,5084
Green,snipe,wall,White,snipe,speed,16,0,0,0,0,16,6057
Green,snipe,wall,White,snipe,wall,16,16,0,0,0,0,8367
Green,snipe,wall,White,freeze,heal,16,16,0,0,0,0,7684
Green,snipe,wall,White,freeze,reinforcements,16,16,0,0,0,0,3749
Green,snipe,wall,White,freeze,speed,16,16,0,0,0,0,8125
Green,snipe,wall,White,freeze,wall,16,16,0,0,0,0,6535
Green,snipe,wall,Yellow,nuke,heal,16,16,0,0,0,0,8245
Green,snipe,wall,Yellow,nuke,reinforcements,16,16,0,0,0,0,4132
Green,snipe,wall,Yellow,nuke,speed,16,0,0,0,0,16,4687
Green,snipe,wall,Yellow,nuke,wall,16,16,0,0,0,0,8350
Green,snipe,wall,Yellow,firebomb,heal,16,16,0,0,0,0,8335
Green,snipe,wall,Yellow,firebomb,reinforcements,16,16,0,0,0,0,4566
Green,snipe,wall,Yellow,firebomb,speed,16,16,0,0,0,0,9415
Green,snipe,wall,Yellow,firebomb,wall,16,16,0,0,0,0,8249
Green,snipe,wall,Yellow,snipe,heal,16,16,0,0,0,0,9516
Green,snipe,wall,Yellow,snipe,reinforcements,16,16,0,0,0,0,4102
Green,snipe,wall,Yellow,snipe,speed,16,0,0,0,0,16,11081
Green,snipe,wall,Yellow,snipe,wall,16,16,0,0,0,0,8925
Green,snipe,wall,Yellow,freeze,heal,16,16,0,0,0,0,8178
Green,snipe,wall,Yellow,freeze,reinforcements,16,16,0,0,0,0,4059
Green,snipe,wall,Yellow,freeze,speed,16,0,0,0,0,16,8018
Green,snipe,wall,Yellow,freeze,wall,16,16,0,0,0,0,8263
Green,freeze,heal,Black,nuke,heal,16,16,0,0,0,0,10534
Green,freeze,heal,Black,nuke,reinforcements,16,16,0,0,0,0,9405
Green,freeze,heal,Black,nuke,speed,16,16,0,0,0,0,10830
Green,freeze,heal,Black,nuke,wall,16,16,0,0,0,0,8517
Green,freeze,heal,Black,firebomb,heal,16,16,0,0,0,0,8666
Green,freeze,heal,Black,firebomb,reinforcements,16,16,0,0,0,0,8335
Green,freeze,heal,Black,firebomb,speed,16,16,0,0,0,0,9692
Green,freeze,heal,Black,firebomb,wall,16,16,0,0,0,0,9838
Green,freeze,heal,Black,snipe,heal,16,0,0,0,0,16,9902
Green,freeze,heal,Black,snipe,reinforcements,16,16,0,0,0,0,8963
Green,freeze,heal,Black,snipe,speed,16,0,0,0,0,16,7035
Green,freeze,heal,Black,snipe,wall,16,16,0,0,0,0,9318
Green,freeze,heal,Black,freeze,heal,16,16,0,0,0,0,8695
Green,freeze,heal,Black,freeze,reinforcements,16,16,0,0,0,0,8201
Green,freeze,heal,Black,freeze,speed,16,16,0,0,0,0,10899
Green,freeze,heal,Black,freeze,wall,16,16,0,0,0,0,8258
Green,freeze,heal,Blue,nuke,heal,16,16,0,0,0,0,8554
Green,freeze,heal,Blue,nuke,reinforcements,16,16,0,0,0,0,8294
Green,freeze,heal,Blue,nuke,speed,16,16,0,0,0,0,9017
Green,freeze,heal,Blue,nuke,wall,16,16,0,0,0,0,8363
Green,freeze,heal,Blue,firebomb,heal,16,16,0,0,0,0,8702
Green,freeze,heal,Blue,firebomb,reinforcements,16,16,0,0,0,0,7820
Green,freeze,heal,Blue,firebomb,speed,16,16,0,0,0,0,9503
Green,freeze,heal,Blue,firebomb,wall,16,16,0,0,0,0,8421
Green,freeze,heal,Blue,snipe,heal,16,16,0,0,0,0,9220
Green,freeze,heal,Blue,snipe,reinforcements,16,16,0,0,0,0,9040
Green,freeze,heal,Blue,snipe,speed,16,16,0,0,0,0,15610
Green,freeze,heal,Blue,snipe,wall,16,16,0,0,0,0,9052
Green,freeze,heal,Blue,freeze,heal,16,16,0,0,0,0,8174
Green,freeze,heal,Blue,freeze,reinforcements,16,16,0,0,0,0,7369
Green,freeze,heal,Blue,freeze,speed,16,16,0,0,0,0,8769
Green,freeze,heal,Blue,freeze,wall,16,16,0,0,0,0,8266
Green,freeze,heal,Green,nuke,heal,16,0,0,0,0,16,10057
Green,freeze,heal,Green,nuke,reinforcements,16,0,0,0,0,16,5756
Green,freeze,heal,Green,nuke,speed,16,0,0,0,0,16,5316
Green,freeze,heal,Green,nuke,wall,16,16,0,0,0,0,9597
Green,freeze,heal,Green,firebomb,heal,16,16,0,0,0,0,9737
Green,freeze,heal,Green,firebomb,reinforcements,16,0,0,0,0,16,6965
Green,freeze,heal,Green,firebomb,speed,16,0,0,0,0,16,10235
Green,freeze,heal,Green,firebomb,wall,16,0,0,0,0,16,5228
Green,freeze,heal,Green,snipe,heal,16,0,0,0,0,16,8915
Green,freeze,heal,Green,snipe,reinforcements,16,0,0,0,0,16,12323
Green,freeze,heal,Green,snipe,speed,16,16,0,0,0,0,6620
Green,freeze,heal,Green,snipe,wall,16,0,0,0,0,16,7272
Green,freeze,heal,Green,freeze,heal,16,16,0,0,0,0,9508
Green,freeze,heal,Green,freeze,reinforcements,16,16,0,0,0,0,15388
Green,freeze,heal,Green,freeze,speed,16,0,0,0,0,16,6493
Green,freeze,heal,Green,freeze,wall,16,0,0,16,0,0,9829
Green,freeze,heal,Orange,nuke,heal,16,16,0,0,0,0,8970
Green,freeze,heal,Orange,nuke,reinforcements,16,16,0,0,0,0,6284
Green,freeze,heal,Orange,nuke,speed,16,15,0,0,0,1,9645
Green,freeze,heal,Orange,nuke,wall,16,12,0,1,0,3,8819
Green,freeze,heal,Orange,firebomb,heal,16,15,0,0,0,1,8867
Green,freeze,heal,Orange,firebomb,reinforcements,16,16,0,0,0,0,6251
Green,freeze,heal,Orange,firebomb,speed,16,13,0,0,0,3,9926
Green,freeze,heal,Orange,firebomb,wall,16,16,0,0,0,0,9062
Green,freeze,heal,Orange,snipe,heal,16,14,0,0,0,2,9262
Green,freeze,heal,Orange,snipe,reinforcements,16,16,0,0,0,0,7043
Green,freeze,heal,Orange,snipe,speed,16,0,0,0,0,16,9032
Green,freeze,heal,Orange,snipe,wall,16,16,0,0,0,0,9800
Green,freeze,heal,Orange,freeze,heal,16,16,0,0,0,0,8705
Green,freeze,heal,Orange,freeze,reinforcements,16,16,0,0,0,0,6359
Green,freeze,heal,Orange,freeze,speed,16,16,0,0,0,0,9003
Green,freeze,heal,Orange,freeze,wall,16,16,0,0,0,0,8846
Green,freeze,heal,Purple,nuke,heal,16,0,0,0,0,16,6307
Green,freeze,heal,Purple,nuke,reinforcements,16,16,0,0,0,0,6463
Green,freeze,heal,Purple,nuke,speed,16,0,0,0,0,16,13193
Green,freeze,heal,Purple,nuke,wall,16,16,0,0,0,0,10495
Green,freeze,heal,Purple,firebomb,heal,16,16,0,0,0,0,9341
Green,freeze,heal,Purple,firebomb,reinforcements,16,16,0,0,0,0,6585
Green,freeze,heal,Purple,firebomb,speed,16,16,0,0,0,0,9159
Green,freeze,heal,Purple,firebomb,wall,16,16,0,0,0,0,9092
Green,freeze,heal,Purple,snipe,heal,16,16,0,0,0,0,9275
Green,freeze,heal,Purple,snipe,reinforcements,16,16,0,0,0,0,6132
Green,freeze,heal,Purple,snipe,speed,16,0,0,0,0,16,9813
Green,freeze,heal,Purple,snipe,wall,16,16,0,0,0,0,9132
Green,freeze,heal,Purple,freeze,heal,16,16,0,0,0,0,9298
Green,freeze,heal,Purple,freeze,reinforcements,16,16,0,0,0,0,6496
Green,freeze,heal,Purple,freeze,speed,16,16,0,0,0,0,9800
Green,freeze,heal,Purple,freeze,wall,16,16,0,0,0,0,8664
Green,freeze,heal,Red,nuke,heal,16,16,0,0,0,0,5529
Green,freeze,heal,Red,nuke,reinforcements,16,16,0,0,0,0,8081
Green,freeze,heal,Red,nuke,speed,16,16,0,0,0,0,6522
Green,freeze,heal,Red,nuke,wall,16,16,0,0,0,0,9328
Green,freeze,heal,Red,firebomb,heal,16,0,0,0,0,16,10403
Green,freeze,heal,Red,firebomb,reinforcements,16,16,0,0,0,0,5915
Green,freeze,heal,Red,firebomb,speed,16,0,0,0,0,16,6215
Green,freeze,heal,Red,firebomb,wall,16,16,0,0,0,0,9640
Green,freeze,heal,Red,snipe,heal,16,0,0,0,0,16,5659
Green,freeze,heal,Red,snipe,reinforcements,16,16,0,0,0,0,9861
Green,freeze,heal,Red,snipe,speed,16,0,0,0,0,16,5474
Green,freeze,heal,Red,snipe,wall,16,0,0,0,0,16,10634
Green,freeze,heal,Red,freeze,heal,16,16,0,0,0,0,9666
Green,freeze,heal,Red,freeze,reinforcements,16,16,0,0,0,0,8704
Green,freeze,heal,Red,freeze,speed,16,0,0,0,0,16,10903
Green,freeze,heal,Red,freeze,wall,16,16,0,0,0,0,9126
Green,freeze,heal,White,nuke,heal,16,16,0,0,0,0,7698
Green,freeze,heal,White,nuke,reinforcements,16,16,0,0,0,0,5093
Green,freeze,heal,White,nuke,speed,16,0,0,0,0,16,5742
Green,freeze,heal,White,nuke,wall,16,16,0,0,0,0,7677
Green,freeze,heal,White,firebomb,heal,16,16,0,0,0,0,9514
Green,freeze,heal,White,firebomb,reinforcements,16,16,0,0,0,0,5214
Green,freeze,heal,White,firebomb,speed,16,16,0,0,0,0,7176
Green,freeze,heal,White,firebomb,wall,16,16,0,0,0,0,7670
Green,freeze,heal,White,snipe,heal,16,16,0,0,0,0,8216
Green,freeze,heal,White,snipe,reinforcements,16,16,0,0,0,0,4962
Green,freeze,heal,White,snipe,speed,16,16,0,0,0,0,8454
Green,freeze,heal,White,snipe,wall,16,0,0,0,0,16,6264
Green,freeze,heal,White,freeze,heal,16,16,0,0,0,0,7671
Green,freeze,heal,White,freeze,reinforcements,16,16,0,0,0,0,5163
Green,freeze,heal,White,freeze,speed,16,16,0,0,0,0,9970
Green,freeze,heal,White,freeze,wall,16,16,0,0,0,0,7379
Green,freeze,heal,Yellow,nuke,heal,16,16,0,0,0,0,8537
Green,freeze,heal,Yellow,nuke,reinforcements,16,16,0,0,0,0,6585
Green,freeze,heal,Yellow,nuke,speed,16,0,0,0,0,16,8403
Green,freeze,heal,Yellow,nuke,wall,16,16,0,0,0,0,5299
Green,freeze,heal,Yellow,firebomb,heal,16,16,0,0,0,0,9204
Green,freeze,heal,Yellow,firebomb,reinforcements,16,16,0,0,0,0,6680
Green,freeze,heal,Yellow,firebomb,speed,16,0,0,0,0,16,9182
Green,freeze,heal,Yellow,firebomb,wall,16,0,0,0,0,16,4840
Green,freeze,heal,Yellow,snipe,heal,16,2,0,0,0,14,9373
Green,freeze,heal,Yellow,snipe,reinforcements,16,16,0,0,0,0,10450
Green,freeze,heal,Yellow,snipe,speed,16,0,0,0,0,16,10310
Green,freeze,heal,Yellow,snipe,wall,16,0,0,0,0,16,9198
Green,freeze,heal,Yellow,freeze,heal,16,16,0,0,0,0,8557
Green,freeze,heal,Yellow,freeze,reinforcements,16,16,0,0,0,0,6702
Green,freeze,heal,Yellow,freeze,speed,16,16,0,0,0,0,9470
Green,freeze,heal,Yellow,freeze,wall,16,0,0,0,0,16,4781
Green,freeze,reinforcements,Black,nuke,heal,16,16,0,0,0,0,8375
Green,freeze,reinforcements,Black,nuke,reinforcements,16,16,0,0,0,0,5251
Green,freeze,reinforcements,Black,nuke,speed,16,16,0,0,0,0,6389
Green,freeze,reinforcements,Black,nuke,wall,16,16,0,0,0,0,6591
Green,freeze,reinforcements,Black,firebomb,heal,16,16,0,0,0,0,7097
Green,freeze,reinforcements,Black,firebomb,reinforcements,16,16,0,0,0,0,6078
Green,freeze,reinforcements,Black,firebomb,speed,16,16,0,0,0,0,7087
Green,freeze,reinforcements,Black,firebomb,wall,16,16,0,0,0,0,6762
Green,freeze,reinforcements,Black,snipe,heal,16,16,0,0,0,0,8693
Green,freeze,reinforcements,Black,snipe,reinforcements,16,16,0,0,0,0,5961
Green,freeze,reinforcements,Black,snipe,speed,16,16,0,0,0,0,9643
Green,freeze,reinforcements,Black,snipe,wall,16,16,0,0,0,0,6509
Green,freeze,reinforcements,Black,freeze,heal,16,16,0,0,0,0,6403
Green,freeze,reinforcements,Black,freeze,reinforcements,16,16,0,0,0,0,5468
Green,freeze,reinforcements,Black,freeze,speed,16,16,0,0,0,0,8596
Green,freeze,reinforcements,Black,freeze,wall,16,16,0,0,0,0,7690
Green,freeze,reinforcements,Blue,nuke,heal,16,16,0,0,0,0,7408
Green,freeze,reinforcements,Blue,nuke,reinforcements,16,16,0,0,0,0,5868
Green,freeze,reinforcements,Blue,nuke,speed,16,16,0,0,0,0,4539
Green,freeze,reinforcements,Blue,nuke,wall,16,16,0,0,0,0,7218
Green,freeze,reinforcements,Blue,firebomb,heal,16,16,0,0,0,0,7276
Green,freeze,reinforcements,Blue,firebomb,reinforcements,16,16,0,0,0,0,5905
Green,freeze,reinforcements,Blue,firebomb,speed,16,0,0,0,0,16,6813
Green,freeze,reinforcements,Blue,firebomb,wall,16,16,0,0,0,0,8821
Green,freeze,reinforcements,Blue,snipe,heal,16,16,0,0,0,0,8451
Green,freeze,reinforcements,Blue,snipe,reinforcements,16,0,0,0,0,16,9452
Green,freeze,reinforcements,Blue,snipe,speed,16,0,0,0,0,16,6305
Green,freeze,reinforcements,Blue,snipe,wall,16,16,0,0,0,0,9056
Green,freeze,reinforcements,Blue,freeze,heal,16,16,0,0,0,0,12932
Green,freeze,reinforcements,Blue,freeze,reinforcements,16,16,0,0,0,0,7267
Green,freeze,reinforcements,Blue,freeze,speed,16,16,0,0,0,0,9729
Green,freeze,reinforcements,Blue,freeze,wall,16,0,0,0,0,16,6855
Green,freeze,reinforcements,Green,nuke,heal,16,16,0,0,0,0,4729
Green,freeze,reinforcements,Green,nuke,reinforcements,16,0,0,0,0,16,7917
Green,freeze,reinforcements,Green,nuke,speed,16,16,0,0,0,0,7529
Green,freeze,reinforcements,Green,nuke,wall,16,16,0,0,0,0,6559
Green,freeze,reinforcements,Green,firebomb,heal,16,0,0,0,0,16,14913
Green,freeze,reinforcements,Green,firebomb,reinforcements,16,0,0,0,0,16,7731
Green,freeze,reinforcements,Green,firebomb,speed,16,0,0,0,0,16,11177
Green,freeze,reinforcements,Green,firebomb,wall,16,0,0,0,0,16,6506
Green,freeze,reinforcements,Green,snipe,heal,16,0,0,0,0,16,6384
Green,freeze,reinforcements,Green,snipe,reinforcements,16,0,0,0,0,16,6831
Green,freeze,reinforcements,Green,snipe,speed,16,0,0,0,0,16,6336
Green,freeze,reinforcements,Green,snipe,wall,16,0,0,0,0,16,6504
Green,freeze,reinforcements,Green,freeze,heal,16,0,0,0,0,16,14716
Green,freeze,reinforcements,Green,freeze,reinforcements,16,0,0,0,16,0,18000
Green,freeze,reinforcements,Green,freeze,speed,16,0,0,0,0,16,11851
Green,freeze,reinforcements,Green,freeze,wall,16,16,0,0,0,0,7757
Green,freeze,reinforcements,Orange,nuke,heal,16,16,0,0,0,0,6115
Green,freeze,reinforcements,Orange,nuke,reinforcements,16,16,0,0,0,0,5976
Green,freeze,reinforcements,Orange,nuke,speed,16,16,0,0,0,0,6470
Green,freeze,reinforcements,Orange,nuke,wall,16,16,0,0,0,0,5974
Green,freeze,reinforcements,Orange,firebomb,heal,16,16,0,0,0,0,5859
Green,freeze,reinforcements,Orange,firebomb,reinforcements,16,16,0,0,0,0,6118
Green,freeze,reinforcements,Orange,firebomb,speed,16,16,0,0,0,0,6620
Green,freeze,reinforcements,Orange,firebomb,wall,16,16,0,0,0,0,6071
Green,freeze,reinforcements,Orange,snipe,heal,16,16,0,0,0,0,6220
Green,freeze,reinforcements,Orange,snipe,reinforcements,16,16,0,0,0,0,6154
Green,freeze,reinforcements,Orange,snipe,speed,16,16,0,0,0,0,7722
Green,freeze,reinforcements,Orange,snipe,wall,16,16,0,0,0,0,6206
Green,freeze,reinforcements,Orange,freeze,heal,16,16,0,0,0,0,9377
Green,freeze,reinforcements,Orange,freeze,reinforcements,16,16,0,0,0,0,6243
Green,freeze,reinforcements,Orange,freeze,speed,16,3,0,0,2,11,14655
Green,freeze,reinforcements,Orange,freeze,wall,16,16,0,0,0,0,6300
Green,freeze,reinforcements,Purple,nuke,heal,16,16,0,0,0,0,6120
Green,freeze,reinforcements,Purple,nuke,reinforcements,16,16,0,0,0,0,5205
Green,freeze,reinforcements,Purple,nuke,speed,16,16,0,0,0,0,7365
Green,freeze,reinforcements,Purple,nuke,wall,16,16,0,0,0,0,6303
Green,freeze,reinforcements,Purple,firebomb,heal,16,16,0,0,0,0,6520
Green,freeze,reinforcements,Purple,firebomb,reinforcements,16,16,0,0,0,0,6047
Green,freeze,reinforcements,Purple,firebomb,speed,16,16,0,0,0,0,9377
Green,freeze,reinforcements,Purple,firebomb,wall,16,16,0,0,0,0,5911
Green,freeze,reinforcements,Purple,snipe,heal,16,16,0,0,0,0,6044
Green,freeze,reinforcements,Purple,snipe,reinforcements,16,16,0,0,0,0,5039
Green,freeze,reinforcements,Purple,snipe,speed,16,16,0,0,0,0,7150
Green,freeze,reinforcements,Purple,snipe,wall,16,16,0,0,0,0,6718
Green,freeze,reinforcements,Purple,freeze,heal,16,16,0,0,0,0,6582
Green,freeze,reinforcements,Purple,freeze,reinforcements,16,16,0,0,0,0,5428
Green,freeze,reinforcements,Purple,freeze,speed,16,16,0,0,0,0,6188
Green,freeze,reinforcements,Purple,freeze,wall,16,16,0,0,0,0,5321
Green,freeze,reinforcements,Red,nuke,heal,16,16,0,0,0,0,7145
Green,freeze,reinforcements,Red,nuke,reinforcements,16,16,0,0,0,0,6621
Green,freeze,reinforcements,Red,nuke,speed,16,0,0,0,0,16,7715
Green,freeze,reinforcements,Red,nuke,wall,16,16,0,0,0,0,6674
Green,freeze,reinforcements,Red,firebomb,heal,16,16,0,0,0,0,8292
Green,freeze,reinforcements,Red,firebomb,reinforcements,16,0,0,0,0,16,7221
Green,freeze,reinforcements,Red,firebomb,speed,16,0,0,0,0,16,6498
Green,freeze,reinforcements,Red,firebomb,wall,16,0,0,0,0,16,14809
Green,freeze,reinforcements,Red,snipe,heal,16,0,0,0,0,16,6405
Green,freeze,reinforcements,Red,snipe,reinforcements,16,0,0,0,0,16,8415
Green,freeze,reinforcements,Red,snipe,speed,16,0,0,0,0,16,5333
Green,freeze,reinforcements,Red,snipe,wall,16,0,0,0,0,16,6507
Green,freeze,reinforcements,Red,freeze,heal,16,0,0,0,0,16,6375
Green,freeze,reinforcements,Red,freeze,reinforcements,16,0,0,0,0,16,8118
Green,freeze,reinforcements,Red,freeze,speed,16,0,0,0,0,16,6535
Green,freeze,reinforcements,Red,freeze,wall,16,16,0,0,0,0,7555
Green,freeze,reinforcements,White,nuke,heal,16,16,0,0,0,0,4885
Green,freeze,reinforcements,White,nuke,reinforcements,16,16,0,0,0,0,5007
Green,freeze,reinforcements,White,nuke,speed,16,16,0,0,0,0,7009
Green,freeze,reinforcements,White,nuke,wall,16,16,0,0,0,0,5078
Green,freeze,reinforcements,White,firebomb,heal,16,16,0,0,0,0,4978
Green,freeze,reinforcements,White,firebomb,reinforcements,16,16,0,0,0,0,4538
Green,freeze,reinforcements,White,firebomb,speed,16,16,0,0,0,0,7113
Green,freeze,reinforcements,White,firebomb,wall,16,16,0,0,0,0,5090
Green,freeze,reinforcements,White,snipe,heal,16,16,0,0,0,0,7337
Green,freeze,reinforcements,White,snipe,reinforcements,16,16,0,0,0,0,5067
Green,freeze,reinforcements,White,snipe,speed,16,16,0,0,0,0,7016
Green,freeze,reinforcements,White,snipe,wall,16,16,0,0,0,0,5083
Green,freeze,reinforcements,White,freeze,heal,16,16,0,0,0,0,6822
Green,freeze,reinforcements,White,freeze,reinforcements,16,16,0,0,0,0,3895
Green,freeze,reinforcements,White,freeze,speed,16,16,0,0,0,0,5245
Green,freeze,reinforcements,White,freeze,wall,16,16,0,0,0,0,5883
Green,freeze,reinforcements,Yellow,nuke,heal,16,16,0,0,0,0,4754
Green,freeze,reinforcements,Yellow,nuke,reinforcements,16,16,0,0,0,0,6020
Green,freeze,reinforcements,Yellow,nuke,speed,16,16,0,0,0,0,5694
Green,freeze,reinforcements,Yellow,nuke,wall,16,16,0,0,0,0,5883
Green,freeze,reinforcements,Yellow,firebomb,heal,16,16,0,0,0,0,7569
Green,freeze,reinforcements,Yellow,firebomb,reinforcements,16,16,0,0,0,0,5828
Green,freeze,reinforcements,Yellow,firebomb,speed,16,16,0,0,0,0,7718
Green,freeze,reinforcements,Yellow,firebomb,wall,16,16,0,0,0,0,6567
Green,freeze,reinforcements,Yellow,snipe,heal,16,16,0,0,0,0,12938
Green,freeze,reinforcements,Yellow,snipe,reinforcements,16,16,0,0,0,0,5466
Green,freeze,reinforcements,Yellow,snipe,speed,16,0,0,0,0,16,11607
Green,freeze,reinforcements,Yellow,snipe,wall,16,16,0,0,0,0,7353
Green,freeze,reinforcements,Yellow,freeze,heal,16,16,0,0,0,0,6268
Green,freeze,reinforcements,Yellow,freeze,reinforcements,16,16,0,0,0,0,5331
Green,freeze,reinforcements,Yellow,freeze,speed,16,16,0,0,0,0,7445
Green,freeze,reinforcements,Yellow,freeze,wall,16,16,0,0,0,0,8095
Green,freeze,speed,Black,nuke,heal,16,16,0,0,0,0,5909
Green,freeze,speed,Black,nuke,reinforcements,16,16,0,0,0,0,6602
Green,freeze,speed,Black,nuke,speed,16,16,0,0,0,0,9274
Green,freeze,speed,Black,nuke,wall,16,16,0,0,0,0,8531
Green,freeze,speed,Black,firebomb,heal,16,16,0,0,0,0,8842
Green,freeze,speed,Black,firebomb,reinforcements,16,16,0,0,0,0,6618
Green,freeze,speed,Black,firebomb,speed,16,16,0,0,0,0,11033
Green,freeze,speed,Black,firebomb,wall,16,16,0,0,0,0,8601
Green,freeze,speed,Black,snipe,heal,16,16,0,0,0,0,9985
Green,freeze,speed,Black,snipe,reinforcements,16,16,0,0,0,0,7568
Green,freeze,speed,Black,snipe,speed,16,0,0,0,0,16,13243
Green,freeze,speed,Black,snipe,wall,16,0,0,0,0,16,4830
Green,freeze,speed,Black,freeze,heal,16,16,0,0,0,0,8350
Green,freeze,speed,Black,freeze,reinforcements,16,16,0,0,0,0,6691
Green,freeze,speed,Black,freeze,speed,16,16,0,0,0,0,9791
Green,freeze,speed,Black,freeze,wall,16,16,0,0,0,0,8834
Green,freeze,speed,Blue,nuke,heal,16,16,0,0,0,0,8696
Green,freeze,speed,Blue,nuke,reinforcements,16,16,0,0,0,0,7069
Green,freeze,speed,Blue,nuke,speed,16,16,0,0,0,0,6094
Green,freeze,speed,Blue,nuke,wall,16,16,0,0,0,0,8289
Green,freeze,speed,Blue,firebomb,heal,16,16,0,0,0,0,6989
Green,freeze,speed,Blue,firebomb,reinforcements,16,16,0,0,0,0,7238
Green,freeze,speed,Blue,firebomb,speed,16,16,0,0,0,0,5928
Green,freeze,speed,Blue,firebomb,wall,16,16,0,0,0,0,10038
Green,freeze,speed,Blue,snipe,heal,16,16,0,0,0,0,9284
Green,freeze,speed,Blue,snipe,reinforcements,16,16,0,0,0,0,7234
Green,freeze,speed,Blue,snipe,speed,16,0,16,0,0,0,18000
Green,freeze,speed,Blue,snipe,wall,16,16,0,0,0,0,9120
Green,freeze,speed,Blue,freeze,heal,16,16,0,0,0,0,8323
Green,freeze,speed,Blue,freeze,reinforcements,16,16,0,0,0,0,6905
Green,freeze,speed,Blue,freeze,speed,16,16,0,0,0,0,17021
Green,freeze,speed,Blue,freeze,wall,16,16,0,0,0,0,8185
Green,freeze,speed,Green,nuke,heal,16,16,0,0,0,0,6024
Green,freeze,speed,Green,nuke,reinforcements,16,16,0,0,0,0,6318
Green,freeze,speed,Green,nuke,speed,16,16,0,0,0,0,7329
Green,freeze,speed,Green,nuke,wall,16,16,0,0,0,0,5976
Green,freeze,speed,Green,firebomb,heal,16,16,0,0,0,0,8209
Green,freeze,speed,Green,firebomb,reinforcements,16,16,0,0,0,0,7394
Green,freeze,speed,Green,firebomb,speed,16,0,0,0,16,0,18000
Green,freeze,speed,Green,firebomb,wall,16,16,0,0,0,0,8242
Green,freeze,speed,Green,snipe,heal,16,0,0,0,0,16,12949
Green,freeze,speed,Green,snipe,reinforcements,16,16,0,0,0,0,5788
Green,freeze,speed,Green,snipe,speed,16,0,0,0,0,16,7918
Green,freeze,speed,Green,snipe,wall,16,16,0,0,0,0,11874
Green,freeze,speed,Green,freeze,heal,16,16,0,0,0,0,9219
Green,freeze,speed,Green,freeze,reinforcements,16,16,0,0,0,0,6395
Green,freeze,speed,Green,freeze,speed,16,16,0,0,0,0,9042
Green,freeze,speed,Green,freeze,wall,16,16,0,0,0,0,9328
Green,freeze,speed,Orange,nuke,heal,16,16,0,0,0,0,7293
Green,freeze,speed,Orange,nuke,reinforcements,16,16,0,0,0,0,6236
Green,freeze,speed,Orange,nuke,speed,16,16,0,0,0,0,7069
Green,freeze,speed,Orange,nuke,wall,16,16,0,0,0,0,7071
Green,freeze,speed,Orange,firebomb,heal,16,15,0,0,0,1,7477
Green,freeze,speed,Orange,firebomb,reinforcements,16,16,0,0,0,0,6179
Green,freeze,speed,Orange,firebomb,speed,16,16,0,0,0,0,8627
Green,freeze,speed,Orange,firebomb,wall,16,15,0,0,0,1,6899
Green,freeze,speed,Orange,snipe,heal,16,16,0,0,0,0,7961
Green,freeze,speed,Orange,snipe,reinforcements,16,16,0,0,0,0,6607
Green,freeze,speed,Orange,snipe,speed,16,13,0,0,1,2,7958
Green,freeze,speed,Orange,snipe,wall,16,16,0,0,0,0,7913
Green,freeze,speed,Orange,freeze,heal,16,16,0,0,0,0,6739
Green,freeze,speed,Orange,freeze,reinforcements,16,16,0,0,0,0,6299
Green,freeze,speed,Orange,freeze,speed,16,16,0,0,0,0,6239
Green,freeze,speed,Orange,freeze,wall,16,16,0,0,0,0,7048
Green,freeze,speed,Purple,nuke,heal,16,16,0,0,0,0,7036
Green,freeze,speed,Purple,nuke,reinforcements,16,16,0,0,0,0,5562
Green,freeze,speed,Purple,nuke,speed,16,16,0,0,0,0,5979
Green,freeze,speed,Purple,nuke,wall,16,16,0,0,0,0,8290
Green,freeze,speed,Purple,firebomb,heal,16,16,0,0,0,0,9168
Green,freeze,speed,Purple,firebomb,reinforcements,16,16,0,0,0,0,6197
Green,freeze,speed,Purple,firebomb,speed,16,16,0,0,0,0,6269
Green,freeze,speed,Purple,firebomb,wall,16,16,0,0,0,0,8520
Green,freeze,speed,Purple,snipe,heal,16,16,0,0,0,0,7480
Green,freeze,speed,Purple,snipe,reinforcements,16,16,0,0,0,0,5791
Green,freeze,speed,Purple,snipe,speed,16,16,0,0,0,0,10760
Green,freeze,speed,Purple,snipe,wall,16,16,0,0,0,0,8515
Green,freeze,speed,Purple,freeze,heal,16,16,0,0,0,0,7457
Green,freeze,speed,Purple,freeze,reinforcements,16,16,0,0,0,0,6252
Green,freeze,speed,Purple,freeze,speed,16,16,0,0,0,0,6855
Green,freeze,speed,Purple,freeze,wall,16,16,0,0,0,0,8535
Green,freeze,speed,Red,nuke,heal,16,16,0,0,0,0,5435
Green,freeze,speed,Red,nuke,reinforcements,16,16,0,0,0,0,6987
Green,freeze,speed,Red,nuke,speed,16,16,0,0,0,0,10506
Green,freeze,speed,Red,nuke,wall,16,16,0,0,0,0,7735
Green,freeze,speed,Red,firebomb,heal,16,16,0,0,0,0,12645
Green,freeze,speed,Red,firebomb,reinforcements,16,16,0,0,0,0,5914
Green,freeze,speed,Red,firebomb,speed,16,16,0,0,0,0,5964
Green,freeze,speed,Red,firebomb,wall,16,16,0,0,0,0,11390
Green,freeze,speed,Red,snipe,heal,16,0,0,0,0,16,5680
Green,freeze,speed,Red,snipe,reinforcements,16,16,0,0,0,0,7071
Green,freeze,speed,Red,snipe,speed,16,0,0,0,0,16,5702
Green,freeze,speed,Red,snipe,wall,16,0,0,0,0,16,5843
Green,freeze,speed,Red,freeze,heal,16,0,0,0,0,16,6662
Green,freeze,speed,Red,freeze,reinforcements,16,16,0,0,0,0,6530
Green,freeze,speed,Red,freeze,speed,16,0,0,0,0,16,5828
Green,freeze,speed,Red,freeze,wall,16,16,0,0,0,0,7557
Green,freeze,speed,White,nuke,heal,16,0,0,0,0,16,4914
Green,freeze,speed,White,nuke,reinforcements,16,16,0,0,0,0,5003
Green,freeze,speed,White,nuke,speed,16,16,0,0,0,0,7341
Green,freeze,speed,White,nuke,wall,16,16,0,0,0,0,7558
Green,freeze,speed,White,firebomb,heal,16,16,0,0,0,0,5773
Green,freeze,speed,White,firebomb,reinforcements,16,16,0,0,0,0,5153
Green,freeze,speed,White,firebomb,speed,16,16,0,0,0,0,7346
Green,freeze,speed,White,firebomb,wall,16,0,0,0,0,16,6419
Green,freeze,speed,White,snipe,heal,16,16,0,0,0,0,7878
Green,freeze,speed,White,snipe,reinforcements,16,16,0,0,0,0,5008
Green,freeze,speed,White,snipe,speed,16,16,0,0,0,0,5215
Green,freeze,speed,White,snipe,wall,16,16,0,0,0,0,8416
Green,freeze,speed,White,freeze,heal,16,16,0,0,0,0,8287
Green,freeze,speed,White,freeze,reinforcements,16,16,0,0,0,0,5003
Green,freeze,speed,White,freeze,speed,16,16,0,0,0,0,6106
Green,freeze,speed,White,freeze,wall,16,16,0,0,0,0,7649
Green,freeze,speed,Yellow,nuke,heal,16,16,0,0,0,0,8330
Green,freeze,speed,Yellow,nuke,reinforcements,16,16,0,0,0,0,6111
Green,freeze,speed,Yellow,nuke,speed,16,16,0,0,0,0,5694
Green,freeze,speed,Yellow,nuke,wall,16,16,0,0,0,0,8336
Green,freeze,speed,Yellow,firebomb,heal,16,16,0,0,0,0,6576
Green,freeze,speed,Yellow,firebomb,reinforcements,16,16,0,0,0,0,5922
Green,freeze,speed,Yellow,firebomb,speed,16,16,0,0,0,0,8278
Green,freeze,speed,Yellow,firebomb,wall,16,16,0,0,0,0,8237
Green,freeze,speed,Yellow,snipe,heal,16,16,0,0,0,0,11541
Green,freeze,speed,Yellow,snipe,reinforcements,16,16,0,0,0,0,5799
Green,freeze,speed,Yellow,snipe,speed,16,0,0,0,0,16,13616
Green,freeze,speed,Yellow,snipe,wall,16,16,0,0,0,0,16171
Green,freeze,speed,Yellow,freeze,heal,16,16,0,0,0,0,9422
Green,freeze,speed,Yellow,freeze,reinforcements,16,16,0,0,0,0,6645
Green,freeze,speed,Yellow,freeze,speed,16,16,0,0,0,0,9195
Green,freeze,speed,Yellow,freeze,wall,16,16,0,0,0,0,8374
Green,freeze,wall,Black,nuke,heal,16,16,0,0,0,0,8474
Green,freeze,wall,Black,nuke,reinforcements,16,16,0,0,0,0,5608
Green,freeze,wall,Black,nuke,speed,16,16,0,0,0,0,6444
Green,freeze,wall,Black,nuke,wall,16,16,0,0,0,0,8290
Green,freeze,wall,Black,firebomb,heal,16,16,0,0,0,0,8933
Green,freeze,wall,Black,firebomb,reinforcements,16,16,0,0,0,0,5288
Green,freeze,wall,Black,firebomb,speed,16,16,0,0,0,0,9769
Green,freeze,wall,Black,firebomb,wall,16,16,0,0,0,0,8606
Green,freeze,wall,Black,snipe,heal,16,16,0,0,0,0,9549
Green,freeze,wall,Black,snipe,reinforcements,16,16,0,0,0,0,6026
Green,freeze,wall,Black,snipe,speed,16,0,0,0,0,16,7947
Green,freeze,wall,Black,snipe,wall,16,16,0,0,0,0,11870
Green,freeze,wall,Black,freeze,heal,16,16,0,0,0,0,8346
Green,freeze,wall,Black,freeze,reinforcements,16,16,0,0,0,0,6021
Green,freeze,wall,Black,freeze,speed,16,16,0,0,0,0,9140
Green,freeze,wall,Black,freeze,wall,16,16,0,0,0,0,8403
Green,freeze,wall,Blue,nuke,heal,16,16,0,0,0,0,8599
Green,freeze,wall,Blue,nuke,reinforcements,16,16,0,0,0,0,6079
Green,freeze,wall,Blue,nuke,speed,16,16,0,0,0,0,9195
Green,freeze,wall,Blue,nuke,wall,16,16,0,0,0,0,8294
Green,freeze,wall,Blue,firebomb,heal,16,16,0,0,0,0,8645
Green,freeze,wall,Blue,firebomb,reinforcements,16,16,0,0,0,0,6264
Green,freeze,wall,Blue,firebomb,speed,16,16,0,0,0,0,9663
Green,freeze,wall,Blue,firebomb,wall,16,16,0,0,0,0,8534
Green,freeze,wall,Blue,snipe,heal,16,16,0,0,0,0,9165
Green,freeze,wall,Blue,snipe,reinforcements,16,16,0,0,0,0,5108
Green,freeze,wall,Blue,snipe,speed,16,16,0,0,0,0,10942
Green,freeze,wall,Blue,snipe,wall,16,16,0,0,0,0,8936
Green,freeze,wall,Blue,freeze,heal,16,16,0,0,0,0,8275
Green,freeze,wall,Blue,freeze,reinforcements,16,16,0,0,0,0,5853
Green,freeze,wall,Blue,freeze,speed,16,16,0,0,0,0,9113
Green,freeze,wall,Blue,freeze,wall,16,16,0,0,0,0,8162
Green,freeze,wall,Green,nuke,heal,16,0,0,0,0,16,10002
Green,freeze,wall,Green,nuke,reinforcements,16,0,0,0,0,16,6366
Green,freeze,wall,Green,nuke,speed,16,16,0,0,0,0,7889
Green,freeze,wall,Green,nuke,wall,16,0,0,0,0,16,10033
Green,freeze,wall,Green,firebomb,heal,16,16,0,0,0,0,9781
Green,freeze,wall,Green,firebomb,reinforcements,16,0,0,0,0,16,7848
Green,freeze,wall,Green,firebomb,speed,16,0,0,0,0,16,10212
Green,freeze,wall,Green,firebomb,wall,16,16,0,0,0,0,9822
Green,freeze,wall,Green,snipe,heal,16,0,0,0,0,16,9250
Green,freeze,wall,Green,snipe,reinforcements,16,0,0,0,0,16,8054
Green,freeze,wall,Green,snipe,speed,16,0,0,0,0,16,7822
Green,freeze,wall,Green,snipe,wall,16,0,0,0,0,16,6916
Green,freeze,wall,Green,freeze,heal,16,0,0,0,0,16,9470
Green,freeze,wall,Green,freeze,reinforcements,16,16,0,0,0,0,6324
Green,freeze,wall,Green,freeze,speed,16,0,0,0,0,16,9293
Green,freeze,wall,Green,freeze,wall,16,4,0,0,0,12,9672
Green,freeze,wall,Orange,nuke,heal,16,14,0,0,0,2,7550
Green,freeze,wall,Orange,nuke,reinforcements,16,16,0,0,0,0,5836
Green,freeze,wall,Orange,nuke,speed,16,12,0,0,0,4,6263
Green,freeze,wall,Orange,nuke,wall,16,15,0,0,0,1,8790
Green,freeze,wall,Orange,firebomb,heal,16,16,0,0,0,0,9457
Green,freeze,wall,Orange,firebomb,reinforcements,16,16,0,0,0,0,6706
Green,freeze,wall,Orange,firebomb,speed,16,16,0,0,0,0,11196
Green,freeze,wall,Orange,firebomb,wall,16,16,0,0,0,0,9151
Green,freeze,wall,Orange,snipe,heal,16,14,0,0,0,2,10928
Green,freeze,wall,Orange,snipe,reinforcements,16,16,0,0,0,0,6176
Green,freeze,wall,Orange,snipe,speed,16,0,0,0,0,16,8765
Green,freeze,wall,Orange,snipe,wall,16,15,0,0,0,1,10393
Green,freeze,wall,Orange,freeze,heal,16,15,0,0,0,1,8980
Green,freeze,wall,Orange,freeze,reinforcements,16,16,0,0,0,0,5860
Green,freeze,wall,Orange,freeze,speed,16,15,0,0,0,1,9914
Green,freeze,wall,Orange,freeze,wall,16,14,0,0,0,2,8719
Green,freeze,wall,Purple,nuke,heal,16,16,0,0,0,0,9222
Green,freeze,wall,Purple,nuke,reinforcements,16,16,0,0,0,0,4714
Green,freeze,wall,Purple,nuke,speed,16,16,0,0,0,0,5749
Green,freeze,wall,Purple,nuke,wall,16,16,0,0,0,0,8416
Green,freeze,wall,Purple,firebomb,heal,16,16,0,0,0,0,10562
Green,freeze,wall,Purple,firebomb,reinforcements,16,16,0,0,0,0,5485
Green,freeze,wall,Purple,firebomb,speed,16,0,0,0,0,16,12331
Green,freeze,wall,Purple,firebomb,wall,16,16,0,0,0,0,9478
Green,freeze,wall,Purple,snipe,heal,16,16,0,0,0,0,10800
Green,freeze,wall,Purple,snipe,reinforcements,16,16,0,0,0,0,5407
Green,freeze,wall,Purple,snipe,speed,16,0,0,0,0,16,8104
Green,freeze,wall,Purple,snipe,wall,16,16,0,0,0,0,11863
Green,freeze,wall,Purple,freeze,heal,16,16,0,0,0,0,9210
Green,freeze,wall,Purple,freeze,reinforcements,16,16,0,0,0,0,7717
Green,freeze,wall,Purple,freeze,speed,16,16,0,0,0,0,10494
Green,freeze,wall,Purple,freeze,wall,16,16,0,0,0,0,9170
Green,freeze,wall,Red,nuke,heal,16,16,0,0,0,0,5414
Green,freeze,wall,Red,nuke,reinforcements,16,16,0,0,0,0,6028
Green,freeze,wall,Red,nuke,speed,16,16,0,0,0,0,4944
Green,freeze,wall,Red,nuke,wall,16,16,0,0,0,0,7772
Green,freeze,wall,Red,firebomb,heal,16,16,0,0,0,0,10464
Green,freeze,wall,Red,firebomb,reinforcements,16,16,0,0,0,0,6460
Green,freeze,wall,Red,firebomb,speed,16,0,0,0,0,16,8373
Green,freeze,wall,Red,firebomb,wall,16,16,0,0,0,0,9979
Green,freeze,wall,Red,snipe,heal,16,0,0,0,0,16,11206
Green,freeze,wall,Red,snipe,reinforcements,16,16,0,0,0,0,6801
Green,freeze,wall,Red,snipe,speed,16,0,0,0,0,16,5819
Green,freeze,wall,Red,snipe,wall,16,0,0,0,0,16,10292
Green,freeze,wall,Red,freeze,heal,16,16,0,0,0,0,9482
Green,freeze,wall,Red,freeze,reinforcements,16,16,0,0,0,0,5914
Green,freeze,wall,Red,freeze,speed,16,0,0,0,0,16,6012
Green,freeze,wall,Red,freeze,wall,16,16,0,0,0,0,9083
Green,freeze,wall,White,nuke,heal,16,0,0,0,0,16,4404
Green,freeze,wall,White,nuke,reinforcements,16,16,0,0,0,0,4012
Green,freeze,wall,White,nuke,speed,16,16,0,0,0,0,5179
Green,freeze,wall,White,nuke,wall,16,16,0,0,0,0,7691
Green,freeze,wall,White,firebomb,heal,16,0,0,0,0,16,4544
Green,freeze,wall,White,firebomb,reinforcements,16,16,0,0,0,0,4104
Green,freeze,wall,White,firebomb,speed,16,16,0,0,0,0,8240
Green,freeze,wall,White,firebomb,wall,16,16,0,0,0,0,7816
Green,freeze,wall,White,snipe,heal,16,0,0,0,0,16,4434
Green,freeze,wall,White,snipe,reinforcements,16,16,0,0,0,0,3981
Green,freeze,wall,White,snipe,speed,16,16,0,0,0,0,6710
Green,freeze,wall,White,snipe,wall,16,16,0,0,0,0,8128
Green,freeze,wall,White,freeze,heal,16,16,0,0,0,0,8003
Green,freeze,wall,White,freeze,reinforcements,16,16,0,0,0,0,4067
Green,freeze,wall,White,freeze,speed,16,16,0,0,0,0,9993
Green,freeze,wall,White,freeze,wall,16,16,0,0,0,0,7683
Green,freeze,wall,Yellow,nuke,heal,16,16,0,0,0,0,8269
Green,freeze,wall,Yellow,nuke,reinforcements,16,16,0,0,0,0,4278
Green,freeze,wall,Yellow,nuke,speed,16,16,0,0,0,0,6784
Green,freeze,wall,Yellow,nuke,wall,16,16,0,0,0,0,8198
Green,freeze,wall,Yellow,firebomb,heal,16,16,0,0,0,0,8601
Green,freeze,wall,Yellow,firebomb,reinforcements,16,16,0,0,0,0,6062
Green,freeze,wall,Yellow,firebomb,speed,16,16,0,0,0,0,9203
Green,freeze,wall,Yellow,firebomb,wall,16,0,0,0,0,16,4779
Green,freeze,wall,Yellow,snipe,heal,16,16,0,0,0,0,9629
Green,freeze,wall,Yellow,snipe,reinforcements,16,16,0,0,0,0,4283
Green,freeze,wall,Yellow,snipe,speed,16,0,0,0,0,16,4840
Green,freeze,wall,Yellow,snipe,wall,16,16,0,0,0,0,9166
Green,freeze,wall,Yellow,freeze,heal,16,16,0,0,0,0,8714
Green,freeze,wall,Yellow,freeze,reinforcements,16,16,0,0,0,0,5840
Green,freeze,wall,Yellow,freeze,speed,16,16,0,0,0,0,9578
Green,freeze,wall,Yellow,freeze,wall,16,16,0,0,0,0,9822
Orange,nuke,heal,Black,nuke,heal,16,11,0,0,0,5,8692
Orange,nuke,heal,Black,nuke,reinforcements,16,16,0,0,0,0,10551
Orange,nuke,heal,Black,nuke,speed,16,0,0,0,0,16,9176
Orange,nuke,heal,Black,nuke,wall,16,16,0,0,0,0,8506
Orange,nuke,heal,Black,firebomb,heal,16,15,0,0,0,1,8645
Orange,nuke,heal,Black,firebomb,reinforcements,16,0,0,0,0,16,3739
Orange,nuke,heal,Black,firebomb,speed,16,3,0,0,0,13,9101
Orange,nuke,heal,Black,firebomb,wall,16,15,0,0,0,1,8330
Orange,nuke,heal,Black,snipe,heal,16,1,0,0,0,15,9140
Orange,nuke,heal,Black,snipe,reinforcements,16,0,0,0,0,16,3739
Orange,nuke,heal,Black,snipe,speed,16,0,0,0,0,16,8886
Orange,nuke,heal,Black,snipe,wall,16,2,0,0,0,14,8918
Orange,nuke,heal,Black,freeze,heal,16,15,0,0,0,1,8883
Orange,nuke,heal,Black,freeze,reinforcements,16,0,0,0,0,16,3739
Orange,nuke,heal,Black,freeze,speed,16,2,0,1,0,13,9284
Orange,nuke,heal,Black,freeze,wall,16,12,0,0,0,4,8194
Orange,nuke,heal,Blue,nuke,heal,16,15,0,0,0,1,8756
Orange,nuke,heal,Blue,nuke,reinforcements,16,0,0,0,0,16,6014
Orange,nuke,heal,Blue,nuke,speed,16,1,0,0,0,15,9533
Orange,nuke,heal,Blue,nuke,wall,16,16,0,0,0,0,8421
Orange,nuke,heal,Blue,firebomb,heal,16,13,0,0,0,3,8246
Orange,nuke,heal,Blue,firebomb,reinforcements,16,0,1,0,0,15,11548
Orange,nuke,heal,Blue,firebomb,speed,16,0,0,0,0,16,6663
Orange,nuke,heal,Blue,firebomb,wall,16,5,0,0,0,11,7395
Orange,nuke,heal,Blue,snipe,heal,16,0,0,0,0,16,9436
Orange,nuke,heal,Blue,snipe,reinforcements,16,0,0,0,0,16,5913
Orange,nuke,heal,Blue,snipe,speed,16,0,0,0,0,16,9502
Orange,nuke,heal,Blue,snipe,wall,16,14,0,0,0,2,9336
Orange,nuke,heal,Blue,freeze,heal,16,16,0,0,0,0,8754
Orange,nuke,heal,Blue,freeze,reinforcements,16,0,0,0,0,16,4354
Orange,nuke,heal,Blue,freeze,speed,16,5,0,0,0,11,9804
Orange,nuke,heal,Blue,freeze,wall,16,16,0,0,0,0,8410
Orange,nuke,heal,Green,nuke,heal,16,0,0,0,0,16,8649
Orange,nuke,heal,Green,nuke,reinforcements,16,0,0,0,0,16,5927
Orange,nuke,heal,Green,nuke,speed,16,0,0,0,0,16,7151
Orange,nuke,heal,Green,nuke,wall,16,0,0,0,0,16,8856
Orange,nuke,heal,Green,firebomb,heal,16,0,0,0,0,16,7524
Orange,nuke,heal,Green,firebomb,reinforcements,16,0,0,0,0,16,7337
Orange,nuke,heal,Green,firebomb,speed,16,1,0,0,0,15,8360
Orange,nuke,heal,Green,firebomb,wall,16,15,0,0,0,1,4974
Orange,nuke,heal,Green,snipe,heal,16,0,0,0,0,16,8317
Orange,nuke,heal,Green,snipe,reinforcements,16,0,0,0,0,16,5812
Orange,nuke,heal,Green,snipe,speed,16,0,0,0,0,16,7306
Orange,nuke,heal,Green,snipe,wall,16,0,0,0,0,16,7312
Orange,nuke,heal,Green,freeze,heal,16,0,0,0,0,16,7950
Orange,nuke,heal,Green,freeze,reinforcements,16,0,0,0,0,16,6148
Orange,nuke,heal,Green,freeze,speed,16,0,0,0,0,16,7669
Orange,nuke,heal,Green,freeze,wall,16,0,0,0,0,16,7087
Orange,nuke,heal,Orange,nuke,heal,16,7,0,3,0,6,9237
Orange,nuke,heal,Orange,nuke,reinforcements,16,16,0,0,0,0,6166
Orange,nuke,heal,Orange,nuke,speed,16,1,0,0,0,15,9149
Orange,nuke,heal,Orange,nuke,wall,16,16,0,0,0,0,8889
Orange,nuke,heal,Orange,firebomb,heal,16,3,0,1,0,12,8065
Orange,nuke,heal,Orange,firebomb,reinforcements,16,16,0,0,0,0,6140
Orange,nuke,heal,Orange,firebomb,speed,16,0,0,0,0,16,5403
Orange,nuke,heal,Orange,firebomb,wall,16,5,0,2,0,9,7869
Orange,nuke,heal,Orange,snipe,heal,16,0,0,0,0,16,8706
Orange,nuke,heal,Orange,snipe,reinforcements,16,16,0,0,0,0,6167
Orange,nuke,heal,Orange,snipe,speed,16,0,0,0,0,16,9213
Orange,nuke,heal,Orange,snipe,wall,16,0,0,0,0,16,8194
Orange,nuke,heal,Orange,freeze,heal,16,15,0,0,0,1,9149
Orange,nuke,heal,Orange,freeze,reinforcements,16,4,0,0,0,12,7915
Orange,nuke,heal,Orange,freeze,speed,16,0,0,0,0,16,9260
Orange,nuke,heal,Orange,freeze,wall,16,16,0,0,0,0,8744
Orange,nuke,heal,Purple,nuke,heal,16,0,0,0,0,16,9049
Orange,nuke,heal,Purple,nuke,reinforcements,16,16,0,0,0,0,12949
Orange,nuke,heal,Purple,nuke,speed,16,0,0,0,0,16,9143
Orange,nuke,heal,Purple,nuke,wall,16,7,0,0,0,9,9204
Orange,nuke,heal,Purple,firebomb,heal,16,4,0,0,0,12,8862
Orange,nuke,heal,Purple,firebomb,reinforcements,16,0,0,0,0,16,4054
Orange,nuke,heal,Purple,firebomb,speed,16,0,0,0,0,16,9052
Orange,nuke,heal,Purple,firebomb,wall,16,0,0,0,0,16,8439
Orange,nuke,heal,Purple,snipe,heal,16,0,0,0,0,16,9147
Orange,nuke,heal,Purple,snipe,reinforcements,16,0,0,0,0,16,4044
Orange,nuke,heal,Purple,snipe,speed,16,0,0,0,0,16,8208
Orange,nuke,heal,Purple,snipe,wall,16,0,0,0,0,16,9111
Orange,nuke,heal,Purple,freeze,heal,16,3,0,0,0,13,9214
Orange,nuke,heal,Purple,freeze,reinforcements,16,7,0,0,3,6,13075
Orange,nuke,heal,Purple,freeze,speed,16,0,0,0,0,16,9040
Orange,nuke,heal,Purple,freeze,wall,16,10,0,2,0,4,9290
Orange,nuke,heal,Red,nuke,heal,16,1,0,0,0,15,8476
Orange,nuke,heal,Red,nuke,reinforcements,16,1,1,0,0,14,7344
Orange,nuke,heal,Red,nuke,speed,16,0,0,0,0,16,8759
Orange,nuke,heal,Red,nuke,wall,16,3,0,0,0,13,9187
Orange,nuke,heal,Red,firebomb,heal,16,0,0,0,0,16,8890
Orange,nuke,heal,Red,firebomb,reinforcements,16,1,0,0,1,14,7969
Orange,nuke,heal,Red,firebomb,speed,16,0,0,0,0,16,8955
Orange,nuke,heal,Red,firebomb,wall,16,1,0,0,0,15,9219
Orange,nuke,heal,Red,snipe,heal,16,1,0,0,0,15,8966
Orange,nuke,heal,Red,snipe,reinforcements,16,0,0,0,0,16,6663
Orange,nuke,heal,Red,snipe,speed,16,0,0,0,0,16,7294
Orange,nuke,heal,Red,snipe,wall,16,0,0,0,0,16,8688
Orange,nuke,heal,Red,freeze,heal,16,4,0,0,0,12,8197
Orange,nuke,heal,Red,freeze,reinforcements,16,0,0,0,0,16,6513
Orange,nuke,heal,Red,freeze,speed,16,2,0,0,0,14,8517
Orange,nuke,heal,Red,freeze,wall,16,2,0,2,0,12,9342
Orange,nuke,heal,White,nuke,heal,16,14,0,0,0,2,8178
Orange,nuke,heal,White,nuke,reinforcements,16,0,0,0,0,16,3714
Orange,nuke,heal,White,nuke,speed,16,10,0,0,0,6,8789
Orange,nuke,heal,White,nuke,wall,16,16,0,0,0,0,7726
Orange,nuke,heal,White,firebomb,heal,16,7,0,0,0,9,6942
Orange,nuke,heal,White,firebomb,reinforcements,16,0,0,0,0,16,3714
Orange,nuke,heal,White,firebomb,speed,16,7,0,0,0,9,7612
Orange,nuke,heal,White,firebomb,wall,16,7,0,0,0,9,6717
Orange,nuke,heal,White,snipe,heal,16,4,0,0,0,12,8887
Orange,nuke,heal,White,snipe,reinforcements,16,0,0,0,0,16,3714
Orange,nuke,heal,White,snipe,speed,16,0,0,0,0,16,8365
Orange,nuke,heal,White,snipe,wall,16,5,0,0,0,11,9145
Orange,nuke,heal,White,freeze,heal,16,11,0,0,0,5,8774
Orange,nuke,heal,White,freeze,reinforcements,16,0,0,0,0,16,3714
Orange,nuke,heal,White,freeze,speed,16,9,0,0,0,7,8913
Orange,nuke,heal,White,freeze,wall,16,12,0,0,0,4,7573
Orange,nuke,heal,Yellow,nuke,heal,16,9,0,0,0,7,8826
Orange,nuke,heal,Yellow,nuke,reinforcements,16,15,0,0,0,1,9247
Orange,nuke,heal,Yellow,nuke,speed,16,3,0,0,0,13,9286
Orange,nuke,heal,Yellow,nuke,wall,16,14,0,0,0,2,8431
Orange,nuke,heal,Yellow,firebomb,heal,16,12,0,0,0,4,8704
Orange,nuke,heal,Yellow,firebomb,reinforcements,16,6,0,0,0,10,7227
Orange,nuke,heal,Yellow,firebomb,speed,16,1,0,0,0,15,7576
Orange,nuke,heal,Yellow,firebomb,wall,16,15,0,0,0,1,8397
Orange,nuke,heal,Yellow,snipe,heal,16,0,0,0,0,16,8819
Orange,nuke,heal,Yellow,snipe,reinforcements,16,1,0,0,0,15,8585
Orange,nuke,heal,Yellow,snipe,speed,16,0,0,0,0,16,8403
Orange,nuke,heal,Yellow,snipe,wall,16,2,0,1,0,13,8463
Orange,nuke,heal,Yellow,freeze,heal,16,13,0,0,0,3,8610
Orange,nuke,heal,Yellow,freeze,reinforcements,16,15,0,0,0,1,9354
Orange,nuke,heal,Yellow,freeze,speed,16,9,0,0,0,7,8539
Orange,nuke,heal,Yellow,freeze,wall,16,15,0,0,0,1,8395
Orange,nuke,reinforcements,Black,nuke,heal,16,16,0,0,0,0,3129
Orange,nuke,reinforcements,Black,nuke,reinforcements,16,0,0,0,0,16,6228
Orange,nuke,reinforcements,Black,nuke,speed,16,16,0,0,0,0,3129
Orange,nuke,reinforcements,Black,nuke,wall,16,5,0,0,0,11,9379
Orange,nuke,reinforcements,Black,firebomb,heal,16,15,0,0,0,1,10332
Orange,nuke,reinforcements,Black,firebomb,reinforcements,16,0,0,0,0,16,6346
Orange,nuke,reinforcements,Black,firebomb,speed,16,0,0,0,0,16,9410
Orange,nuke,reinforcements,Black,firebomb,wall,16,0,0,0,0,16,5181
Orange,nuke,reinforcements,Black,snipe,heal,16,0,0,0,0,16,7100
Orange,nuke,reinforcements,Black,snipe,reinforcements,16,12,0,0,0,4,8161
Orange,nuke,reinforcements,Black,snipe,speed,16,0,0,0,0,16,6904
Orange,nuke,reinforcements,Black,snipe,wall,16,0,0,0,0,16,8257
Orange,nuke,reinforcements,Black,freeze,heal,16,8,0,0,0,8,8665
Orange,nuke,reinforcements,Black,freeze,reinforcements,16,3,0,0,0,13,7425
Orange,nuke,reinforcements,Black,freeze,speed,16,0,0,0,0,16,7681
Orange,nuke,reinforcements,Black,freeze,wall,16,12,0,0,0,4,10143
Orange,nuke,reinforcements,Blue,nuke,heal,16,16,0,0,0,0,3569
Orange,nuke,reinforcements,Blue,nuke,reinforcements,16,0,0,0,0,16,6272
Orange,nuke,reinforcements,Blue,nuke,speed,16,0,0,0,0,16,5925
Orange,nuke,reinforcements,Blue,nuke,wall,16,0,0,0,0,16,7212
Orange,nuke,reinforcements,Blue,firebomb,heal,16,0,0,0,0,16,6750
Orange,nuke,reinforcements,Blue,firebomb,reinforcements,16,0,0,0,0,16,6201
Orange,nuke,reinforcements,Blue,firebomb,speed,16,0,0,0,0,16,6087
Orange,nuke,reinforcements,Blue,firebomb,wall,16,0,0,0,0,16,6457
Orange,nuke,reinforcements,Blue,snipe,heal,16,0,0,0,0,16,5636
Orange,nuke,reinforcements,Blue,snipe,reinforcements,16,0,0,0,0,16,6168
Orange,nuke,reinforcements,Blue,snipe,speed,16,0,0,0,0,16,6373
Orange,nuke,reinforcements,Blue,snipe,wall,16,0,0,0,0,16,6413
Orange,nuke,reinforcements,Blue,freeze,heal,16,0,0,0,0,16,7150
Orange,nuke,reinforcements,Blue,freeze,reinforcements,16,16,0,0,0,0,8942
Orange,nuke,reinforcements,Blue,freeze,speed,16,0,0,0,0,16,6529
Orange,nuke,reinforcements,Blue,freeze,wall,16,0,0,0,0,16,6938
Orange,nuke,reinforcements,Green,nuke,heal,16,16,0,0,0,0,3079
Orange,nuke,reinforcements,Green,nuke,reinforcements,16,0,0,0,0,16,6051
Orange,nuke,reinforcements,Green,nuke,speed,16,16,0,0,0,0,3109
Orange,nuke,reinforcements,Green,nuke,wall,16,0,0,0,0,16,6414
Orange,nuke,reinforcements,Green,firebomb,heal,16,0,0,0,0,16,7409
Orange,nuke,reinforcements,Green,firebomb,reinforcements,16,0,0,0,0,16,6080
Orange,nuke,reinforcements,Green,firebomb,speed,16,1,0,0,0,15,6483
Orange,nuke,reinforcements,Green,firebomb,wall,16,0,0,0,0,16,5777
Orange,nuke,reinforcements,Green,snipe,heal,16,0,0,0,0,16,5791
Orange,nuke,reinforcements,Green,snipe,reinforcements,16,0,0,0,0,16,6067
Orange,nuke,reinforcements,Green,snipe,speed,16,0,0,0,0,16,5971
Orange,nuke,reinforcements,Green,snipe,wall,16,0,0,0,0,16,4710
Orange,nuke,reinforcements,Green,freeze,heal,16,0,0,0,0,16,6375
Orange,nuke,reinforcements,Green,freeze,reinforcements,16,0,0,0,0,16,6086
Orange,nuke,reinforcements,Green,freeze,speed,16,0,0,0,0,16,6234
Orange,nuke,reinforcements,Green,freeze,wall,16,0,0,0,0,16,5855
Orange,nuke,reinforcements,Orange,nuke,heal,16,16,0,0,0,0,3139
Orange,nuke,reinforcements,Orange,nuke,reinforcements,16,4,3,0,2,7,11127
Orange,nuke,reinforcements,Orange,nuke,speed,16,16,0,0,0,0,3139
Orange,nuke,reinforcements,Orange,nuke,wall,16,0,0,0,0,16,13564
Orange,nuke,reinforcements,Orange,firebomb,heal,16,1,0,0,0,15,13243
Orange,nuke,reinforcements,Orange,firebomb,reinforcements,16,0,0,0,0,16,4069
Orange,nuke,reinforcements,Orange,firebomb,speed,16,0,0,0,0,16,7278
Orange,nuke,reinforcements,Orange,firebomb,wall,16,0,0,0,0,16,13198
Orange,nuke,reinforcements,Orange,snipe,heal,16,16,0,0,0,0,7685
Orange,nuke,reinforcements,Orange,snipe,reinforcements,16,16,0,0,0,0,6719
Orange,nuke,reinforcements,Orange,snipe,speed,16,0,0,0,0,16,6868
Orange,nuke,reinforcements,Orange,snipe,wall,16,0,0,0,0,16,6911
Orange,nuke,reinforcements,Orange,freeze,heal,16,5,1,0,0,10,13543
Orange,nuke,reinforcements,Orange,freeze,reinforcements,16,0,0,0,0,16,3874
Orange,nuke,reinforcements,Orange,freeze,speed,16,0,0,0,0,16,11583
Orange,nuke,reinforcements,Orange,freeze,wall,16,7,0,1,0,8,11268
Orange,nuke,reinforcements,Purple,nuke,heal,16,9,0,0,0,7,13755
Orange,nuke,reinforcements,Purple,nuke,reinforcements,16,16,0,0,0,0,7060
Orange,nuke,reinforcements,Purple,nuke,speed,16,16,0,0,0,0,4334
Orange,nuke,reinforcements,Purple,nuke,wall,16,16,0,0,0,0,7961
Orange,nuke,reinforcements,Purple,firebomb,heal,16,0,0,0,0,16,6394
Orange,nuke,reinforcements,Purple,firebomb,reinforcements,16,0,0,0,0,16,6208
Orange,nuke,reinforcements,Purple,firebomb,speed,16,0,0,0,0,16,6233
Orange,nuke,reinforcements,Purple,firebomb,wall,16,0,0,0,0,16,5186
Orange,nuke,reinforcements,Purple,snipe,heal,16,0,0,0,0,16,6269
Orange,nuke,reinforcements,Purple,snipe,reinforcements,16,16,0,0,0,0,6881
Orange,nuke,reinforcements,Purple,snipe,speed,16,0,0,0,0,16,6359
Orange,nuke,reinforcements,Purple,snipe,wall,16,0,0,0,0,16,5208
Orange,nuke,reinforcements,Purple,freeze,heal,16,0,0,0,0,16,6437
Orange,nuke,reinforcements,Purple,freeze,reinforcements,16,16,0,0,0,0,6837
Orange,nuke,reinforcements,Purple,freeze,speed,16,0,0,0,0,16,6209
Orange,nuke,reinforcements,Purple,freeze,wall,16,0,0,0,0,16,6368
Orange,nuke,reinforcements,Red,nuke,heal,16,0,0,0,0,16,6134
Orange,nuke,reinforcements,Red,nuke,reinforcements,16,0,0,0,0,16,6145
Orange,nuke,reinforcements,Red,nuke,speed,16,0,0,0,0,16,6141
Orange,nuke,reinforcements,Red,nuke,wall,16,0,0,0,0,16,7457
Orange,nuke,reinforcements,Red,firebomb,heal,16,0,0,0,0,16,7249
Orange,nuke,reinforcements,Red,firebomb,reinforcements,16,0,0,0,0,16,6065
Orange,nuke,reinforcements,Red,firebomb,speed,16,0,0,0,0,16,6836
Orange,nuke,reinforcements,Red,firebomb,wall,16,1,0,0,0,15,5194
Orange,nuke,reinforcements,Red,snipe,heal,16,0,0,0,0,16,5169
Orange,nuke,reinforcements,Red,snipe,reinforcements,16,0,0,0,0,16,7592
Orange,nuke,reinforcements,Red,snipe,speed,16,0,0,0,0,16,5886
Orange,nuke,reinforcements,Red,snipe,wall,16,0,0,0,0,16,6894
Orange,nuke,reinforcements,Red,freeze,heal,16,0,0,0,0,16,7257
Orange,nuke,reinforcements,Red,freeze,reinforcements,16,0,0,0,0,16,6046
Orange,nuke,reinforcements,Red,freeze,speed,16,0,0,0,0,16,6578
Orange,nuke,reinforcements,Red,freeze,wall,16,0,0,0,0,16,8411
Orange,nuke,reinforcements,White,nuke,heal,16,16,0,0,0,0,2879
Orange,nuke,reinforcements,White,nuke,reinforcements,16,16,0,0,0,0,5231
Orange,nuke,reinforcements,White,nuke,speed,16,16,0,0,0,0,2879
Orange,nuke,reinforcements,White,nuke,wall,16,16,0,0,0,0,6128
Orange,nuke,reinforcements,White,firebomb,heal,16,16,0,0,0,0,4357
Orange,nuke,reinforcements,White,firebomb,reinforcements,16,0,0,0,0,16,4043
Orange,nuke,reinforcements,White,firebomb,speed,16,16,0,0,0,0,8982
Orange,nuke,reinforcements,White,firebomb,wall,16,0,0,0,0,16,4690
Orange,nuke,reinforcements,White,snipe,heal,16,3,0,0,0,13,8174
Orange,nuke,reinforcements,White,snipe,reinforcements,16,16,0,0,0,0,5089
Orange,nuke,reinforcements,White,snipe,speed,16,16,0,0,0,0,6342
Orange,nuke,reinforcements,White,snipe,wall,16,15,0,0,0,1,6765
Orange,nuke,reinforcements,White,freeze,heal,16,16,0,0,0,0,8683
Orange,nuke,reinforcements,White,freeze,reinforcements,16,16,0,0,0,0,5226
Orange,nuke,reinforcements,White,freeze,speed,16,3,0,0,0,13,8406
Orange,nuke,reinforcements,White,freeze,wall,16,16,0,0,0,0,7095
Orange,nuke,reinforcements,Yellow,nuke,heal,16,16,0,0,0,0,3079
Orange,nuke,reinforcements,Yellow,nuke,reinforcements,16,0,0,0,0,16,6039
Orange,nuke,reinforcements,Yellow,nuke,speed,16,16,0,0,0,0,3079
Orange,nuke,reinforcements,Yellow,nuke,wall,16,0,0,0,0,16,7045
Orange,nuke,reinforcements,Yellow,firebomb,heal,16,6,0,0,0,10,8081
Orange,nuke,reinforcements,Yellow,firebomb,reinforcements,16,0,0,0,0,16,6962
Orange,nuke,reinforcements,Yellow,firebomb,speed,16,0,0,0,0,16,6861
Orange,nuke,reinforcements,Yellow,firebomb,wall,16,0,0,0,0,16,5206
Orange,nuke,reinforcements,Yellow,snipe,heal,16,0,0,0,0,16,5365
Orange,nuke,reinforcements,Yellow,snipe,reinforcements,16,16,0,0,0,0,7778
Orange,nuke,reinforcements,Yellow,snipe,speed,16,0,0,0,0,16,5932
Orange,nuke,reinforcements,Yellow,snipe,wall,16,0,0,0,0,16,6171
Orange,nuke,reinforcements,Yellow,freeze,heal,16,0,0,0,0,16,6983
Orange,nuke,reinforcements,Yellow,freeze,reinforcements,16,14,0,0,0,2,8456
Orange,nuke,reinforcements,Yellow,freeze,speed,16,0,0,0,0,16,6325
Orange,nuke,reinforcements,Yellow,freeze,wall,16,1,0,0,0,15,11259
Orange,nuke,speed,Black,nuke,heal,16,15,0,0,0,1,9246
Orange,nuke,speed,Black,nuke,reinforcements,16,16,0,0,0,0,9658
Orange,nuke,speed,Black,nuke,speed,16,9,0,1,0,6,9850
Orange,nuke,speed,Black,nuke,wall,16,16,0,0,0,0,8925
Orange,nuke,speed,Black,firebomb,heal,16,13,0,0,0,3,8650
Orange,nuke,speed,Black,firebomb,reinforcements,16,0,0,0,0,16,4014
Orange,nuke,speed,Black,firebomb,speed,16,11,0,0,0,5,9034
Orange,nuke,speed,Black,firebomb,wall,16,12,0,0,0,4,8417
Orange,nuke,speed,Black,snipe,heal,16,5,0,0,0,11,10081
Orange,nuke,speed,Black,snipe,reinforcements,16,10,1,0,0,5,10291
Orange,nuke,speed,Black,snipe,speed,16,0,0,0,0,16,9834
Orange,nuke,speed,Black,snipe,wall,16,11,0,0,0,5,9193
Orange,nuke,speed,Black,freeze,heal,16,15,0,0,0,1,9304
Orange,nuke,speed,Black,freeze,reinforcements,16,0,0,0,0,16,3754
Orange,nuke,speed,Black,freeze,speed,16,6,0,1,0,9,10445
Orange,nuke,speed,Black,freeze,wall,16,16,0,0,0,0,8807
Orange,nuke,speed,Blue,nuke,heal,16,16,0,0,0,0,9010
Orange,nuke,speed,Blue,nuke,reinforcements,16,16,0,0,0,0,11249
Orange,nuke,speed,Blue,nuke,speed,16,15,0,0,0,1,9515
Orange,nuke,speed,Blue,nuke,wall,16,16,0,0,0,0,8560
Orange,nuke,speed,Blue,firebomb,heal,16,11,0,0,0,5,7765
Orange,nuke,speed,Blue,firebomb,reinforcements,16,12,4,0,0,0,14064
Orange,nuke,speed,Blue,firebomb,speed,16,11,0,0,0,5,8620
Orange,nuke,speed,Blue,firebomb,wall,16,12,0,0,0,4,7924
Orange,nuke,speed,Blue,snipe,heal,16,13,0,0,0,3,10997
Orange,nuke,speed,Blue,snipe,reinforcements,16,1,11,0,4,0,17396
Orange,nuke,speed,Blue,snipe,speed,16,0,0,0,0,16,9652
Orange,nuke,speed,Blue,snipe,wall,16,15,0,0,0,1,9297
Orange,nuke,speed,Blue,freeze,heal,16,16,0,0,0,0,8635
Orange,nuke,speed,Blue,freeze,reinforcements,16,0,0,0,0,16,6238
Orange,nuke,speed,Blue,freeze,speed,16,15,0,0,0,1,9922
Orange,nuke,speed,Blue,freeze,wall,16,13,0,0,0,3,8204
Orange,nuke,speed,Green,nuke,heal,16,8,0,0,0,8,9743
Orange,nuke,speed,Green,nuke,reinforcements,16,0,0,0,0,16,6607
Orange,nuke,speed,Green,nuke,speed,16,0,0,0,0,16,7325
Orange,nuke,speed,Green,nuke,wall,16,3,0,0,0,13,10016
Orange,nuke,speed,Green,firebomb,heal,16,3,0,0,0,13,9905
Orange,nuke,speed,Green,firebomb,reinforcements,16,0,0,0,0,16,4474
Orange,nuke,speed,Green,firebomb,speed,16,5,0,0,0,11,8548
Orange,nuke,speed,Green,firebomb,wall,16,0,0,0,0,16,7219
Orange,nuke,speed,Green,snipe,heal,16,0,0,0,0,16,8376
Orange,nuke,speed,Green,snipe,reinforcements,16,6,1,0,0,9,10588
Orange,nuke,speed,Green,snipe,speed,16,0,0,0,0,16,7707
Orange,nuke,speed,Green,snipe,wall,16,1,0,0,0,15,9639
Orange,nuke,speed,Green,freeze,heal,16,3,0,0,0,13,9210
Orange,nuke,speed,Green,freeze,reinforcements,16,0,0,0,0,16,6558
Orange,nuke,speed,Green,freeze,speed,16,0,0,0,0,16,7864
Orange,nuke,speed,Green,freeze,wall,16,1,0,0,0,15,6995
Orange,nuke,speed,Orange,nuke,heal,16,16,0,0,0,0,9108
Orange,nuke,speed,Orange,nuke,reinforcements,16,0,0,0,0,16,3728
Orange,nuke,speed,Orange,nuke,speed,16,8,0,5,0,3,10523
Orange,nuke,speed,Orange,nuke,wall,16,16,0,0,0,0,8841
Orange,nuke,speed,Orange,firebomb,heal,16,11,0,0,0,5,8000
Orange,nuke,speed,Orange,firebomb,reinforcements,16,0,0,0,0,16,3728
Orange,nuke,speed,Orange,firebomb,speed,16,0,0,0,0,16,6227
Orange,nuke,speed,Orange,firebomb,wall,16,8,0,0,0,8,8094
Orange,nuke,speed,Orange,snipe,heal,16,0,0,0,0,16,10358
Orange,nuke,speed,Orange,snipe,reinforcements,16,0,0,0,0,16,3728
Orange,nuke,speed,Orange,snipe,speed,16,0,0,0,0,16,9443
Orange,nuke,speed,Orange,snipe,wall,16,1,0,0,0,15,9525
Orange,nuke,speed,Orange,freeze,heal,16,14,0,0,0,2,9328
Orange,nuke,speed,Orange,freeze,reinforcements,16,0,0,0,0,16,3589
Orange,nuke,speed,Orange,freeze,speed,16,11,0,0,0,5,10273
Orange,nuke,speed,Orange,freeze,wall,16,16,0,0,0,0,8900
Orange,nuke,speed,Purple,nuke,heal,16,16,0,0,0,0,9236
Orange,nuke,speed,Purple,nuke,reinforcements,16,16,0,0,0,0,8106
Orange,nuke,speed,Purple,nuke,speed,16,0,0,0,0,16,10539
Orange,nuke,speed,Purple,nuke,wall,16,14,0,0,0,2,9784
Orange,nuke,speed,Purple,firebomb,heal,16,4,0,0,0,12,7862
Orange,nuke,speed,Purple,firebomb,reinforcements,16,0,0,0,0,16,5310
Orange,nuke,speed,Purple,firebomb,speed,16,0,0,0,0,16,8882
Orange,nuke,speed,Purple,firebomb,wall,16,4,0,0,0,12,7224
Orange,nuke,speed,Purple,snipe,heal,16,0,0,0,0,16,10255
Orange,nuke,speed,Purple,snipe,reinforcements,16,1,0,0,0,15,5615
Orange,nuke,speed,Purple,snipe,speed,16,0,0,0,0,16,8187
Orange,nuke,speed,Purple,snipe,wall,16,5,0,0,0,11,10545
Orange,nuke,speed,Purple,freeze,heal,16,9,0,0,0,7,9988
Orange,nuke,speed,Purple,freeze,reinforcements,16,0,0,0,0,16,5356
Orange,nuke,speed,Purple,freeze,speed,16,0,0,0,0,16,8559
Orange,nuke,speed,Purple,freeze,wall,16,6,0,0,0,10,7609
Orange,nuke,speed,Red,nuke,heal,16,15,0,0,0,1,9468
Orange,nuke,speed,Red,nuke,reinforcements,16,0,0,0,0,16,7305
Orange,nuke,speed,Red,nuke,speed,16,0,0,0,0,16,10282
Orange,nuke,speed,Red,nuke,wall,16,13,0,0,0,3,9902
Orange,nuke,speed,Red,firebomb,heal,16,15,0,0,0,1,9619
Orange,nuke,speed,Red,firebomb,reinforcements,16,0,0,0,0,16,4477
Orange,nuke,speed,Red,firebomb,speed,16,0,0,0,0,16,11462
Orange,nuke,speed,Red,firebomb,wall,16,11,0,0,0,5,8848
Orange,nuke,speed,Red,snipe,heal,16,4,1,0,2,9,11213
Orange,nuke,speed,Red,snipe,reinforcements,16,0,0,0,0,16,7305
Orange,nuke,speed,Red,snipe,speed,16,0,0,0,0,16,8283
Orange,nuke,speed,Red,snipe,wall,16,1,0,0,0,15,10009
Orange,nuke,speed,Red,freeze,heal,16,7,0,0,0,9,7962
Orange,nuke,speed,Red,freeze,reinforcements,16,13,2,0,0,1,10191
Orange,nuke,speed,Red,freeze,speed,16,2,0,0,0,14,10660
Orange,nuke,speed,Red,freeze,wall,16,9,0,0,0,7,8314
Orange,nuke,speed,White,nuke,heal,16,16,0,0,0,0,7911
Orange,nuke,speed,White,nuke,reinforcements,16,0,0,0,0,16,3714
Orange,nuke,speed,White,nuke,speed,16,16,0,0,0,0,8521
Orange,nuke,speed,White,nuke,wall,16,16,0,0,0,0,7652
Orange,nuke,speed,White,firebomb,heal,16,3,0,0,0,13,5630
Orange,nuke,speed,White,firebomb,reinforcements,16,0,0,0,0,16,3714
Orange,nuke,speed,White,firebomb,speed,16,8,0,0,0,8,6495
Orange,nuke,speed,White,firebomb,wall,16,6,0,0,0,10,6216
Orange,nuke,speed,White,snipe,heal,16,16,0,0,0,0,8242
Orange,nuke,speed,White,snipe,reinforcements,16,0,0,0,0,16,3714
Orange,nuke,speed,White,snipe,speed,16,15,0,0,0,1,9487
Orange,nuke,speed,White,snipe,wall,16,1,0,0,0,15,6110
Orange,nuke,speed,White,freeze,heal,16,16,0,0,0,0,7753
Orange,nuke,speed,White,freeze,reinforcements,16,0,0,0,0,16,3714
Orange,nuke,speed,White,freeze,speed,16,16,0,0,0,0,8055
Orange,nuke,speed,White,freeze,wall,16,16,0,0,0,0,7734
Orange,nuke,speed,Yellow,nuke,heal,16,10,0,0,0,6,8594
Orange,nuke,speed,Yellow,nuke,reinforcements,16,15,0,0,0,1,9235
Orange,nuke,speed,Yellow,nuke,speed,16,13,0,0,0,3,8810
Orange,nuke,speed,Yellow,nuke,wall,16,15,0,0,0,1,8349
Orange,nuke,speed,Yellow,firebomb,heal,16,12,0,0,0,4,8252
Orange,nuke,speed,Yellow,firebomb,reinforcements,16,0,0,0,0,16,3935
Orange,nuke,speed,Yellow,firebomb,speed,16,7,0,0,0,9,8775
Orange,nuke,speed,Yellow,firebomb,wall,16,14,0,0,0,2,8342
Orange,nuke,speed,Yellow,snipe,heal,16,8,0,0,0,8,8985
Orange,nuke,speed,Yellow,snipe,reinforcements,16,14,1,0,0,1,11522
Orange,nuke,speed,Yellow,snipe,speed,16,0,0,0,0,16,8701
Orange,nuke,speed,Yellow,snipe,wall,16,10,0,0,0,6,8222
Orange,nuke,speed,Yellow,freeze,heal,16,12,0,0,0,4,8678
Orange,nuke,speed,Yellow,freeze,reinforcements,16,15,0,0,0,1,9360
Orange,nuke,speed,Yellow,freeze,speed,16,5,0,0,0,11,9771
Orange,nuke,speed,Yellow,freeze,wall,16,15,0,0,0,1,8994
Orange,nuke,wall,Black,nuke,heal,16,7,0,0,0,9,8841
Orange,nuke,wall,Black,nuke,reinforcements,16,10,0,0,0,6,10214
Orange,nuke,wall,Black,nuke,speed,16,0,0,0,0,16,9078
Orange,nuke,wall,Black,nuke,wall,16,15,0,0,0,1,8633
Orange,nuke,wall,Black,firebomb,heal,16,7,0,0,0,9,8989
Orange,nuke,wall,Black,firebomb,reinforcements,16,2,0,0,0,14,12021
Orange,nuke,wall,Black,firebomb,speed,16,2,0,0,0,14,9090
Orange,nuke,wall,Black,firebomb,wall,16,16,0,0,0,0,8480
Orange,nuke,wall,Black,snipe,heal,16,0,0,0,0,16,8889
Orange,nuke,wall,Black,snipe,reinforcements,16,0,0,0,0,16,10072
Orange,nuke,wall,Black,snipe,speed,16,0,0,0,0,16,8898
Orange,nuke,wall,Black,snipe,wall,16,1,0,0,0,15,8604
Orange,nuke,wall,Black,freeze,heal,16,9,0,0,0,7,8766
Orange,nuke,wall,Black,freeze,reinforcements,16,9,0,0,0,7,8529
Orange,nuke,wall,Black,freeze,speed,16,1,0,0,0,15,9162
Orange,nuke,wall,Black,freeze,wall,16,13,0,0,0,3,8766
Orange,nuke,wall,Blue,nuke,heal,16,13,0,0,0,3,8780
Orange,nuke,wall,Blue,nuke,reinforcements,16,0,0,0,0,16,11030
Orange,nuke,wall,Blue,nuke,speed,16,1,0,0,0,15,9102
Orange,nuke,wall,Blue,nuke,wall,16,16,0,0,0,0,8484
Orange,nuke,wall,Blue,firebomb,heal,16,16,0,0,0,0,8591
Orange,nuke,wall,Blue,firebomb,reinforcements,16,0,0,0,0,16,10420
Orange,nuke,wall,Blue,firebomb,speed,16,0,0,0,0,16,9007
Orange,nuke,wall,Blue,firebomb,wall,16,16,0,0,0,0,8471
Orange,nuke,wall,Blue,snipe,heal,16,0,0,0,0,16,9311
Orange,nuke,wall,Blue,snipe,reinforcements,16,0,0,0,0,16,6206
Orange,nuke,wall,Blue,snipe,speed,16,0,0,0,0,16,9172
Orange,nuke,wall,Blue,snipe,wall,16,8,0,0,0,8,9235
Orange,nuke,wall,Blue,freeze,heal,16,15,0,0,0,1,8720
Orange,nuke,wall,Blue,freeze,reinforcements,16,7,0,0,0,9,12257
Orange,nuke,wall,Blue,freeze,speed,16,0,0,0,0,16,9168
Orange,nuke,wall,Blue,freeze,wall,16,16,0,0,0,0,7988
Orange,nuke,wall,Green,nuke,heal,16,0,0,0,0,16,8679
Orange,nuke,wall,Green,nuke,reinforcements,16,0,0,0,0,16,6057
Orange,nuke,wall,Green,nuke,speed,16,0,0,0,0,16,7986
Orange,nuke,wall,Green,nuke,wall,16,0,0,0,0,16,8785
Orange,nuke,wall,Green,firebomb,heal,16,0,0,0,0,16,8975
Orange,nuke,wall,Green,firebomb,reinforcements,16,0,0,0,0,16,9294
Orange,nuke,wall,Green,firebomb,speed,16,2,0,0,0,14,8680
Orange,nuke,wall,Green,firebomb,wall,16,0,0,0,0,16,9012
Orange,nuke,wall,Green,snipe,heal,16,0,0,0,0,16,8173
Orange,nuke,wall,Green,snipe,reinforcements,16,0,0,0,0,16,5963
Orange,nuke,wall,Green,snipe,speed,16,0,0,0,0,16,7880
Orange,nuke,wall,Green,snipe,wall,16,1,0,0,0,15,8275
Orange,nuke,wall,Green,freeze,heal,16,1,0,0,0,15,8911
Orange,nuke,wall,Green,freeze,reinforcements,16,0,0,0,0,16,6472
Orange,nuke,wall,Green,freeze,speed,16,0,0,0,0,16,8399
Orange,nuke,wall,Green,freeze,wall,16,3,0,0,0,13,8748
Orange,nuke,wall,Orange,nuke,heal,16,0,0,1,0,15,8934
Orange,nuke,wall,Orange,nuke,reinforcements,16,0,0,0,0,16,6803
Orange,nuke,wall,Orange,nuke,speed,16,0,0,0,0,16,8827
Orange,nuke,wall,Orange,nuke,wall,16,10,0,4,0,2,9192
Orange,nuke,wall,Orange,firebomb,heal,16,0,0,0,0,16,9028
Orange,nuke,wall,Orange,firebomb,reinforcements,16,0,0,0,0,16,5796
Orange,nuke,wall,Orange,firebomb,speed,16,1,0,0,0,15,9105
Orange,nuke,wall,Orange,firebomb,wall,16,8,0,0,0,8,9160
Orange,nuke,wall,Orange,snipe,heal,16,0,0,0,0,16,9046
Orange,nuke,wall,Orange,snipe,reinforcements,16,0,0,0,0,16,6848
Orange,nuke,wall,Orange,snipe,speed,16,0,0,0,0,16,9010
Orange,nuke,wall,Orange,snipe,wall,16,0,0,0,0,16,7894
Orange,nuke,wall,Orange,freeze,heal,16,0,0,0,0,16,8150
Orange,nuke,wall,Orange,freeze,reinforcements,16,5,1,0,0,10,11982
Orange,nuke,wall,Orange,freeze,speed,16,0,0,0,0,16,8731
Orange,nuke,wall,Orange,freeze,wall,16,4,0,7,0,5,8985
Orange,nuke,wall,Purple,nuke,heal,16,0,0,0,0,16,9028
Orange,nuke,wall,Purple,nuke,reinforcements,16,16,0,0,0,0,15334
Orange,nuke,wall,Purple,nuke,speed,16,0,0,0,0,16,9041
Orange,nuke,wall,Purple,nuke,wall,16,0,0,0,0,16,9093
Orange,nuke,wall,Purple,firebomb,heal,16,0,0,0,0,16,8815
Orange,nuke,wall,Purple,firebomb,reinforcements,16,0,0,0,0,16,4658
Orange,nuke,wall,Purple,firebomb,speed,16,0,0,0,0,16,8895
Orange,nuke,wall,Purple,firebomb,wall,16,1,0,0,0,15,9108
Orange,nuke,wall,Purple,snipe,heal,16,0,0,1,0,15,8950
Orange,nuke,wall,Purple,snipe,reinforcements,16,0,1,0,6,9,14894
Orange,nuke,wall,Purple,snipe,speed,16,0,0,0,0,16,7989
Orange,nuke,wall,Purple,snipe,wall,16,0,0,0,0,16,9121
Orange,nuke,wall,Purple,freeze,heal,16,3,0,0,0,13,8953
Orange,nuke,wall,Purple,freeze,reinforcements,16,0,0,0,0,16,4951
Orange,nuke,wall,Purple,freeze,speed,16,0,0,0,0,16,9046
Orange,nuke,wall,Purple,freeze,wall,16,4,0,0,0,12,8588
Orange,nuke,wall,Red,nuke,heal,16,1,0,0,0,15,8884
Orange,nuke,wall,Red,nuke,reinforcements,16,0,0,0,0,16,6669
Orange,nuke,wall,Red,nuke,speed,16,0,0,0,0,16,8427
Orange,nuke,wall,Red,nuke,wall,16,3,0,0,0,13,8696
Orange,nuke,wall,Red,firebomb,heal,16,3,0,0,0,13,8730
Orange,nuke,wall,Red,firebomb,reinforcements,16,1,0,0,0,15,9687
Orange,nuke,wall,Red,firebomb,speed,16,0,0,1,0,15,8939
Orange,nuke,wall,Red,firebomb,wall,16,7,0,0,0,9,8412
Orange,nuke,wall,Red,snipe,heal,16,4,0,0,0,12,8430
Orange,nuke,wall,Red,snipe,reinforcements,16,0,0,0,0,16,6748
Orange,nuke,wall,Red,snipe,speed,16,0,0,0,0,16,7848
Orange,nuke,wall,Red,snipe,wall,16,0,0,0,0,16,8451
Orange,nuke,wall,Red,freeze,heal,16,0,0,0,0,16,9051
Orange,nuke,wall,Red,freeze,reinforcements,16,0,0,0,0,16,7117
Orange,nuke,wall,Red,freeze,speed,16,7,0,0,0,9,7663
Orange,nuke,wall,Red,freeze,wall,16,3,0,0,0,13,8561
Orange,nuke,wall,White,nuke,heal,16,15,0,0,0,1,7790
Orange,nuke,wall,White,nuke,reinforcements,16,0,0,0,0,16,4367
Orange,nuke,wall,White,nuke,speed,16,13,0,0,0,3,8635
Orange,nuke,wall,White,nuke,wall,16,16,0,0,0,0,7858
Orange,nuke,wall,White,firebomb,heal,16,14,0,0,0,2,7446
Orange,nuke,wall,White,firebomb,reinforcements,16,0,0,0,0,16,4290
Orange,nuke,wall,White,firebomb,speed,16,16,0,0,0,0,8214
Orange,nuke,wall,White,firebomb,wall,16,16,0,0,0,0,7734
Orange,nuke,wall,White,snipe,heal,16,7,0,0,0,9,8906
Orange,nuke,wall,White,snipe,reinforcements,16,0,0,0,0,16,4441
Orange,nuke,wall,White,snipe,speed,16,4,0,0,0,12,9021
Orange,nuke,wall,White,snipe,wall,16,15,0,0,0,1,8488
Orange,nuke,wall,White,freeze,heal,16,16,0,0,0,0,7816
Orange,nuke,wall,White,freeze,reinforcements,16,0,0,0,0,16,4448
Orange,nuke,wall,White,freeze,speed,16,12,0,0,0,4,8553
Orange,nuke,wall,White,freeze,wall,16,16,0,0,0,0,7752
Orange,nuke,wall,Yellow,nuke,heal,16,11,0,1,0,4,8601
Orange,nuke,wall,Yellow,nuke,reinforcements,16,16,0,0,0,0,9690
Orange,nuke,wall,Yellow,nuke,speed,16,0,0,0,0,16,8821
Orange,nuke,wall,Yellow,nuke,wall,16,16,0,0,0,0,8317
Orange,nuke,wall,Yellow,firebomb,heal,16,15,0,0,0,1,8427
Orange,nuke,wall,Yellow,firebomb,reinforcements,16,16,0,0,0,0,10772
Orange,nuke,wall,Yellow,firebomb,speed,16,0,0,0,0,16,8884
Orange,nuke,wall,Yellow,firebomb,wall,16,16,0,0,0,0,8392
Orange,nuke,wall,Yellow,snipe,heal,16,1,0,0,0,15,8911
Orange,nuke,wall,Yellow,snipe,reinforcements,16,0,0,0,0,16,9290
Orange,nuke,wall,Yellow,snipe,speed,16,0,0,0,0,16,8331
Orange,nuke,wall,Yellow,snipe,wall,16,0,0,0,0,16,8511
Orange,nuke,wall,Yellow,freeze,heal,16,15,0,0,0,1,8381
Orange,nuke,wall,Yellow,freeze,reinforcements,16,7,0,0,0,9,10536
Orange,nuke,wall,Yellow,freeze,speed,16,10,0,0,0,6,8341
Orange,nuke,wall,Yellow,freeze,wall,16,15,0,0,0,1,8257
Orange,firebomb,heal,Black,nuke,heal,16,16,0,0,0,0,4924
Orange,firebomb,heal,Black,nuke,reinforcements,16,16,0,0,0,0,10211
Orange,firebomb,heal,Black,nuke,speed,16,9,0,0,0,7,9045
Orange,firebomb,heal,Black,nuke,wall,16,16,0,0,0,0,8474
Orange,firebomb,heal,Black,firebomb,heal,16,15,0,0,0,1,8837
Orange,firebomb,heal,Black,firebomb,reinforcements,16,16,0,0,0,0,11231
Orange,firebomb,heal,Black,firebomb,speed,16,2,0,0,0,14,9355
Orange,firebomb,heal,Black,firebomb,wall,16,16,0,0,0,0,8589
Orange,firebomb,heal,Black,snipe,heal,16,3,0,0,0,13,9247
Orange,firebomb,heal,Black,snipe,reinforcements,16,11,0,0,1,4,13194
Orange,firebomb,heal,Black,snipe,speed,16,1,0,0,0,15,9563
Orange,firebomb,heal,Black,snipe,wall,16,11,0,2,0,3,9364
Orange,firebomb,heal,Black,freeze,heal,16,15,0,0,0,1,8626
Orange,firebomb,heal,Black,freeze,reinforcements,16,16,0,0,0,0,10271
Orange,firebomb,heal,Black,freeze,speed,16,6,0,1,0,9,10402
Orange,firebomb,heal,Black,freeze,wall,16,16,0,0,0,0,8476
Orange,firebomb,heal,Blue,nuke,heal,16,16,0,0,0,0,6331
Orange,firebomb,heal,Blue,nuke,reinforcements,16,15,0,0,0,1,11787
Orange,firebomb,heal,Blue,nuke,speed,16,16,0,0,0,0,9140
Orange,firebomb,heal,Blue,nuke,wall,16,16,0,0,0,0,8435
Orange,firebomb,heal,Blue,firebomb,heal,16,16,0,0,0,0,8444
Orange,firebomb,heal,Blue,firebomb,reinforcements,16,12,1,0,3,0,17049
Orange,firebomb,heal,Blue,firebomb,speed,16,15,0,0,0,1,9603
Orange,firebomb,heal,Blue,firebomb,wall,16,16,0,0,0,0,8416
Orange,firebomb,heal,Blue,snipe,heal,16,15,0,0,0,1,9494
Orange,firebomb,heal,Blue,snipe,reinforcements,16,0,3,0,0,13,13108
Orange,firebomb,heal,Blue,snipe,speed,16,0,0,0,0,16,9580
Orange,firebomb,heal,Blue,snipe,wall,16,15,0,0,0,1,9477
Orange,firebomb,heal,Blue,freeze,heal,16,16,0,0,0,0,8488
Orange,firebomb,heal,Blue,freeze,reinforcements,16,16,0,0,0,0,11752
Orange,firebomb,heal,Blue,freeze,speed,16,16,0,0,0,0,9327
Orange,firebomb,heal,Blue,freeze,wall,16,16,0,0,0,0,8424
Orange,firebomb,heal,Green,nuke,heal,16,6,0,0,0,10,8695
Orange,firebomb,heal,Green,nuke,reinforcements,16,0,0,0,0,16,8001
Orange,firebomb,heal,Green,nuke,speed,16,14,0,0,0,2,5966
Orange,firebomb,heal,Green,nuke,wall,16,0,0,0,0,16,9304
Orange,firebomb,heal,Green,firebomb,heal,16,0,0,0,0,16,9584
Orange,firebomb,heal,Green,firebomb,reinforcements,16,0,0,0,0,16,9759
Orange,firebomb,heal,Green,firebomb,speed,16,0,0,0,0,16,8928
Orange,firebomb,heal,Green,firebomb,wall,16,0,0,0,0,16,9906
Orange,firebomb,heal,Green,snipe,heal,16,0,0,0,0,16,8955
Orange,firebomb,heal,Green,snipe,reinforcements,16,0,0,0,0,16,10038
Orange,firebomb,heal,Green,snipe,speed,16,0,0,0,0,16,8225
Orange,firebomb,heal,Green,snipe,wall,16,1,0,0,0,15,9115
Orange,firebomb,heal,Green,freeze,heal,16,0,0,0,0,16,9437
Orange,firebomb,heal,Green,freeze,reinforcements,16,0,0,0,0,16,6418
Orange,firebomb,heal,Green,freeze,speed,16,0,0,0,0,16,8084
Orange,firebomb,heal,Green,freeze,wall,16,0,0,0,0,16,9417
Orange,firebomb,heal,Orange,nuke,heal,16,16,0,0,0,0,7283
Orange,firebomb,heal,Orange,nuke,reinforcements,16,16,0,0,0,0,12371
Orange,firebomb,heal,Orange,nuke,speed,16,0,0,0,0,16,9268
Orange,firebomb,heal,Orange,nuke,wall,16,16,0,0,0,0,9042
Orange,firebomb,heal,Orange,firebomb,heal,16,12,0,0,0,4,9495
Orange,firebomb,heal,Orange,firebomb,reinforcements,16,11,1,0,3,1,13710
Orange,firebomb,heal,Orange,firebomb,speed,16,0,0,0,0,16,10136
Orange,firebomb,heal,Orange,firebomb,wall,16,16,0,0,0,0,9345
Orange,firebomb,heal,Orange,snipe,heal,16,0,0,0,0,16,9546
Orange,firebomb,heal,Orange,snipe,reinforcements,16,1,5,0,6,4,16279
Orange,firebomb,heal,Orange,snipe,speed,16,0,0,0,0,16,9037
Orange,firebomb,heal,Orange,snipe,wall,16,0,0,0,0,16,9372
Orange,firebomb,heal,Orange,freeze,heal,16,16,0,0,0,0,9121
Orange,firebomb,heal,Orange,freeze,reinforcements,16,16,0,0,0,0,12442
Orange,firebomb,heal,Orange,freeze,speed,16,1,0,0,0,15,9616
Orange,firebomb,heal,Orange,freeze,wall,16,16,0,0,0,0,9015
Orange,firebomb,heal,Purple,nuke,heal,16,7,0,0,0,9,8446
Orange,firebomb,heal,Purple,nuke,reinforcements,16,9,1,0,6,0,16774
Orange,firebomb,heal,Purple,nuke,speed,16,13,0,0,0,3,6295
Orange,firebomb,heal,Purple,nuke,wall,16,6,0,0,0,10,9212
Orange,firebomb,heal,Purple,firebomb,heal,16,0,0,0,0,16,9383
Orange,firebomb,heal,Purple,firebomb,reinforcements,16,0,0,0,0,16,8343
Orange,firebomb,heal,Purple,firebomb,speed,16,1,0,0,0,15,9213
Orange,firebomb,heal,Purple,firebomb,wall,16,1,0,0,0,15,9558
Orange,firebomb,heal,Purple,snipe,heal,16,0,0,0,0,16,9171
Orange,firebomb,heal,Purple,snipe,reinforcements,16,3,5,0,7,1,17275
Orange,firebomb,heal,Purple,snipe,speed,16,0,0,0,0,16,8058
Orange,firebomb,heal,Purple,snipe,wall,16,0,0,0,0,16,9278
Orange,firebomb,heal,Purple,freeze,heal,16,4,0,0,0,12,9323
Orange,firebomb,heal,Purple,freeze,reinforcements,16,11,3,0,2,0,16545
Orange,firebomb,heal,Purple,freeze,speed,16,1,0,1,0,14,9865
Orange,firebomb,heal,Purple,freeze,wall,16,0,0,0,0,16,9317
Orange,firebomb,heal,Red,nuke,heal,16,8,0,0,0,8,7834
Orange,firebomb,heal,Red,nuke,reinforcements,16,6,1,0,5,4,12242
Orange,firebomb,heal,Red,nuke,speed,16,0,0,0,0,16,8838
Orange,firebomb,heal,Red,nuke,wall,16,5,0,0,0,11,8062
Orange,firebomb,heal,Red,firebomb,heal,16,0,0,0,0,16,8967
Orange,firebomb,heal,Red,firebomb,reinforcements,16,9,5,0,2,0,15162
Orange,firebomb,heal,Red,firebomb,speed,16,0,0,0,0,16,9164
Orange,firebomb,heal,Red,firebomb,wall,16,4,0,0,0,12,9288
Orange,firebomb,heal,Red,snipe,heal,16,0,0,0,0,16,8833
Orange,firebomb,heal,Red,snipe,reinforcements,16,0,0,0,0,16,5954
Orange,firebomb,heal,Red,snipe,speed,16,0,0,0,0,16,7973
Orange,firebomb,heal,Red,snipe,wall,16,0,0,0,0,16,8717
Orange,firebomb,heal,Red,freeze,heal,16,0,0,0,0,16,9176
Orange,firebomb,heal,Red,freeze,reinforcements,16,0,0,0,0,16,6394
Orange,firebomb,heal,Red,freeze,speed,16,0,0,0,0,16,8972
Orange,firebomb,heal,Red,freeze,wall,16,4,0,1,0,11,9434
Orange,firebomb,heal,White,nuke,heal,16,15,0,0,0,1,8428
Orange,firebomb,heal,White,nuke,reinforcements,16,16,0,0,0,0,7410
Orange,firebomb,heal,White,nuke,speed,16,13,0,0,0,3,9109
Orange,firebomb,heal,White,nuke,wall,16,16,0,0,0,0,8292
Orange,firebomb,heal,White,firebomb,heal,16,16,0,0,0,0,7858
Orange,firebomb,heal,White,firebomb,reinforcements,16,16,0,0,0,0,6981
Orange,firebomb,heal,White,firebomb,speed,16,16,0,0,0,0,7903
Orange,firebomb,heal,White,firebomb,wall,16,14,0,0,0,2,7951
Orange,firebomb,heal,White,snipe,heal,16,13,0,0,0,3,9095
Orange,firebomb,heal,White,snipe,reinforcements,16,16,0,0,0,0,7257
Orange,firebomb,heal,White,snipe,speed,16,13,0,0,0,3,9848
Orange,firebomb,heal,White,snipe,wall,16,12,0,0,0,4,8768
Orange,firebomb,heal,White,freeze,heal,16,15,0,0,0,1,8679
Orange,firebomb,heal,White,freeze,reinforcements,16,16,0,0,0,0,6607
Orange,firebomb,heal,White,freeze,speed,16,16,0,0,0,0,8889
Orange,firebomb,heal,White,freeze,wall,16,16,0,0,0,0,7659
Orange,firebomb,heal,Yellow,nuke,heal,16,13,0,0,0,3,8579
Orange,firebomb,heal,Yellow,nuke,reinforcements,16,15,0,0,0,1,9594
Orange,firebomb,heal,Yellow,nuke,speed,16,2,0,2,0,12,8396
Orange,firebomb,heal,Yellow,nuke,wall,16,15,0,0,0,1,8000
Orange,firebomb,heal,Yellow,firebomb,heal,16,16,0,0,0,0,8570
Orange,firebomb,heal,Yellow,firebomb,reinforcements,16,16,0,0,0,0,10070
Orange,firebomb,heal,Yellow,firebomb,speed,16,4,0,0,0,12,9421
Orange,firebomb,heal,Yellow,firebomb,wall,16,16,0,0,0,0,8450
Orange,firebomb,heal,Yellow,snipe,heal,16,4,0,0,0,12,9355
Orange,firebomb,heal,Yellow,snipe,reinforcements,16,12,0,0,3,1,13990
Orange,firebomb,heal,Yellow,snipe,speed,16,0,0,0,0,16,8293
Orange,firebomb,heal,Yellow,snipe,wall,16,10,0,0,0,6,9107
Orange,firebomb,heal,Yellow,freeze,heal,16,14,0,0,0,2,8382
Orange,firebomb,heal,Yellow,freeze,reinforcements,16,16,0,0,0,0,9958
Orange,firebomb,heal,Yellow,freeze,speed,16,8,0,0,0,8,9249
Orange,firebomb,heal,Yellow,freeze,wall,16,16,0,0,0,0,8416
Orange,firebomb,reinforcements,Black,nuke,heal,16,16,0,0,0,0,3129
Orange,firebomb,reinforcements,Black,nuke,reinforcements,16,3,0,0,0,13,6200
Orange,firebomb,reinforcements,Black,nuke,speed,16,16,0,0,0,0,3129
Orange,firebomb,reinforcements,Black,nuke,wall,16,16,0,0,0,0,7963
Orange,firebomb,reinforcements,Black,firebomb,heal,16,12,0,0,0,4,9384
Orange,firebomb,reinforcements,Black,firebomb,reinforcements,16,0,0,0,0,16,6497
Orange,firebomb,reinforcements,Black,firebomb,speed,16,4,0,0,0,12,9500
Orange,firebomb,reinforcements,Black,firebomb,wall,16,16,0,0,0,0,8113
Orange,firebomb,reinforcements,Black,snipe,heal,16,1,0,0,0,15,8446
Orange,firebomb,reinforcements,Black,snipe,reinforcements,16,16,0,0,0,0,6747
Orange,firebomb,reinforcements,Black,snipe,speed,16,0,0,0,0,16,8018
Orange,firebomb,reinforcements,Black,snipe,wall,16,16,0,0,0,0,8302
Orange,firebomb,reinforcements,Black,freeze,heal,16,2,0,0,0,14,7878
Orange,firebomb,reinforcements,Black,freeze,reinforcements,16,3,0,0,0,13,7074
Orange,firebomb,reinforcements,Black,freeze,speed,16,3,0,0,0,13,9112
Orange,firebomb,reinforcements,Black,freeze,wall,16,14,0,0,0,2,9214
Orange,firebomb,reinforcements,Blue,nuke,heal,16,16,0,0,0,0,3569
Orange,firebomb,reinforcements,Blue,nuke,reinforcements,16,0,0,0,0,16,6233
Orange,firebomb,reinforcements,Blue,nuke,speed,16,16,0,0,0,0,3569
Orange,firebomb,reinforcements,Blue,nuke,wall,16,16,0,0,0,0,8706
Orange,firebomb,reinforcements,Blue,firebomb,heal,16,16,0,0,0,0,11903
Orange,firebomb,reinforcements,Blue,firebomb,reinforcements,16,0,0,0,0,16,6236
Orange,firebomb,reinforcements,Blue,firebomb,speed,16,0,1,0,0,15,13511
Orange,firebomb,reinforcements,Blue,firebomb,wall,16,0,0,0,0,16,7109
Orange,firebomb,reinforcements,Blue,snipe,heal,16,0,0,0,0,16,5951
Orange,firebomb,reinforcements,Blue,snipe,reinforcements,16,0,0,0,0,16,6234
Orange,firebomb,reinforcements,Blue,snipe,speed,16,0,0,0,0,16,6384
Orange,firebomb,reinforcements,Blue,snipe,wall,16,16,0,0,0,0,8990
Orange,firebomb,reinforcements,Blue,freeze,heal,16,0,0,0,0,16,7762
Orange,firebomb,reinforcements,Blue,freeze,reinforcements,16,8,0,0,0,8,9177
Orange,firebomb,reinforcements,Blue,freeze,speed,16,0,0,0,0,16,7555
Orange,firebomb,reinforcements,Blue,freeze,wall,16,0,0,0,0,16,8229
Orange,firebomb,reinforcements,Green,nuke,heal,16,16,0,0,0,0,3164
Orange,firebomb,reinforcements,Green,nuke,reinforcements,16,0,0,0,0,16,6115
Orange,firebomb,reinforcements,Green,nuke,speed,16,16,0,0,0,0,3174
Orange,firebomb,reinforcements,Green,nuke,wall,16,0,0,0,0,16,6451
Orange,firebomb,reinforcements,Green,firebomb,heal,16,0,0,0,0,16,7575
Orange,firebomb,reinforcements,Green,firebomb,reinforcements,16,0,0,0,0,16,6107
Orange,firebomb,reinforcements,Green,firebomb,speed,16,11,0,0,0,5,4986
Orange,firebomb,reinforcements,Green,firebomb,wall,16,0,0,0,0,16,6117
Orange,firebomb,reinforcements,Green,snipe,heal,16,0,0,0,0,16,5438
Orange,firebomb,reinforcements,Green,snipe,reinforcements,16,0,0,0,0,16,6214
Orange,firebomb,reinforcements,Green,snipe,speed,16,0,0,0,0,16,6343
Orange,firebomb,reinforcements,Green,snipe,wall,16,16,0,0,0,0,6568
Orange,firebomb,reinforcements,Green,freeze,heal,16,0,0,0,0,16,8094
Orange,firebomb,reinforcements,Green,freeze,reinforcements,16,0,0,0,0,16,6187
Orange,firebomb,reinforcements,Green,freeze,speed,16,0,0,0,0,16,6838
Orange,firebomb,reinforcements,Green,freeze,wall,16,0,0,0,0,16,6504
Orange,firebomb,reinforcements,Orange,nuke,heal,16,16,0,0,0,0,3139
Orange,firebomb,reinforcements,Orange,nuke,reinforcements,16,16,0,0,0,0,3684
Orange,firebomb,reinforcements,Orange,nuke,speed,16,16,0,0,0,0,3139
Orange,firebomb,reinforcements,Orange,nuke,wall,16,14,0,1,0,1,10723
Orange,firebomb,reinforcements,Orange,firebomb,heal,16,9,2,0,3,2,15062
Orange,firebomb,reinforcements,Orange,firebomb,reinforcements,16,7,3,1,5,0,13945
Orange,firebomb,reinforcements,Orange,firebomb,speed,16,0,0,0,0,16,7246
Orange,firebomb,reinforcements,Orange,firebomb,wall,16,15,0,0,1,0,11792
Orange,firebomb,reinforcements,Orange,snipe,heal,16,16,0,0,0,0,8496
Orange,firebomb,reinforcements,Orange,snipe,reinforcements,16,16,0,0,0,0,6297
Orange,firebomb,reinforcements,Orange,snipe,speed,16,0,0,0,0,16,6807
Orange,firebomb,reinforcements,Orange,snipe,wall,16,16,0,0,0,0,8770
Orange,firebomb,reinforcements,Orange,freeze,heal,16,15,0,0,0,1,13541
Orange,firebomb,reinforcements,Orange,freeze,reinforcements,16,6,4,0,6,0,14663
Orange,firebomb,reinforcements,Orange,freeze,speed,16,0,3,0,1,12,12313
Orange,firebomb,reinforcements,Orange,freeze,wall,16,16,0,0,0,0,11475
Orange,firebomb,reinforcements,Purple,nuke,heal,16,16,0,0,0,0,4458
Orange,firebomb,reinforcements,Purple,nuke,reinforcements,16,16,0,0,0,0,6693
Orange,firebomb,reinforcements,Purple,nuke,speed,16,16,0,0,0,0,4334
Orange,firebomb,reinforcements,Purple,nuke,wall,16,16,0,0,0,0,8652
Orange,firebomb,reinforcements,Purple,firebomb,heal,16,0,0,0,0,16,6417
Orange,firebomb,reinforcements,Purple,firebomb,reinforcements,16,0,0,0,0,16,6118
Orange,firebomb,reinforcements,Purple,firebomb,speed,16,0,0,0,0,16,6361
Orange,firebomb,reinforcements,Purple,firebomb,wall,16,16,0,0,0,0,8487
Orange,firebomb,reinforcements,Purple,snipe,heal,16,0,0,0,0,16,6161
Orange,firebomb,reinforcements,Purple,snipe,reinforcements,16,16,0,0,0,0,6700
Orange,firebomb,reinforcements,Purple,snipe,speed,16,0,0,0,0,16,8056
Orange,firebomb,reinforcements,Purple,snipe,wall,16,16,0,0,0,0,9174
Orange,firebomb,reinforcements,Purple,freeze,heal,16,0,0,0,0,16,6450
Orange,firebomb,reinforcements,Purple,freeze,reinforcements,16,16,0,0,0,0,6923
Orange,firebomb,reinforcements,Purple,freeze,speed,16,0,0,0,0,16,6304
Orange,firebomb,reinforcements,Purple,freeze,wall,16,16,0,0,0,0,8760
Orange,firebomb,reinforcements,Red,nuke,heal,16,16,0,0,0,0,3169
Orange,firebomb,reinforcements,Red,nuke,reinforcements,16,0,0,0,0,16,5855
Orange,firebomb,reinforcements,Red,nuke,speed,16,16,0,0,0,0,3169
Orange,firebomb,reinforcements,Red,nuke,wall,16,16,0,0,0,0,7794
Orange,firebomb,reinforcements,Red,firebomb,heal,16,3,0,0,0,13,8040
Orange,firebomb,reinforcements,Red,firebomb,reinforcements,16,0,0,0,0,16,6013
Orange,firebomb,reinforcements,Red,firebomb,speed,16,0,0,0,0,16,6767
Orange,firebomb,reinforcements,Red,firebomb,wall,16,16,0,0,0,0,7613
Orange,firebomb,reinforcements,Red,snipe,heal,16,0,0,0,0,16,6088
Orange,firebomb,reinforcements,Red,snipe,reinforcements,16,0,0,0,0,16,6272
Orange,firebomb,reinforcements,Red,snipe,speed,16,0,0,0,0,16,6306
Orange,firebomb,reinforcements,Red,snipe,wall,16,0,0,0,0,16,7596
Orange,firebomb,reinforcements,Red,freeze,heal,16,0,0,0,0,16,6092
Orange,firebomb,reinforcements,Red,freeze,reinforcements,16,0,0,0,0,16,6097
Orange,firebomb,reinforcements,Red,freeze,speed,16,0,0,0,0,16,6252
Orange,firebomb,reinforcements,Red,freeze,wall,16,6,0,0,0,10,9180
Orange,firebomb,reinforcements,White,nuke,heal,16,16,0,0,0,0,2879
Orange,firebomb,reinforcements,White,nuke,reinforcements,16,16,0,0,0,0,4913
Orange,firebomb,reinforcements,White,nuke,speed,16,16,0,0,0,0,2879
Orange,firebomb,reinforcements,White,nuke,wall,16,16,0,0,0,0,6797
Orange,firebomb,reinforcements,White,firebomb,heal,16,16,0,0,0,0,8190
Orange,firebomb,reinforcements,White,firebomb,reinforcements,16,16,0,0,0,0,5254
Orange,firebomb,reinforcements,White,firebomb,speed,16,16,0,0,0,0,8726
Orange,firebomb,reinforcements,White,firebomb,wall,16,16,0,0,0,0,6776
Orange,firebomb,reinforcements,White,snipe,heal,16,10,0,0,0,6,10001
Orange,firebomb,reinforcements,White,snipe,reinforcements,16,16,0,0,0,0,5077
Orange,firebomb,reinforcements,White,snipe,speed,16,11,0,0,0,5,6107
Orange,firebomb,reinforcements,White,snipe,wall,16,15,0,0,0,1,7149
Orange,firebomb,reinforcements,White,freeze,heal,16,16,0,0,0,0,4653
Orange,firebomb,reinforcements,White,freeze,reinforcements,16,16,0,0,0,0,5213
Orange,firebomb,reinforcements,White,freeze,speed,16,11,0,0,0,5,9373
Orange,firebomb,reinforcements,White,freeze,wall,16,16,0,0,0,0,7706
Orange,firebomb,reinforcements,Yellow,nuke,heal,16,16,0,0,0,0,3079
Orange,firebomb,reinforcements,Yellow,nuke,reinforcements,16,16,0,0,0,0,5639
Orange,firebomb,reinforcements,Yellow,nuke,speed,16,16,0,0,0,0,3079
Orange,firebomb,reinforcements,Yellow,nuke,wall,16,10,0,0,0,6,9764
Orange,firebomb,reinforcements,Yellow,firebomb,heal,16,0,0,0,0,16,6803
Orange,firebomb,reinforcements,Yellow,firebomb,reinforcements,16,5,0,0,0,11,9496
Orange,firebomb,reinforcements,Yellow,firebomb,speed,16,0,0,0,0,16,7145
Orange,firebomb,reinforcements,Yellow,firebomb,wall,16,14,0,0,0,2,8981
Orange,firebomb,reinforcements,Yellow,snipe,heal,16,0,0,0,0,16,5385
Orange,firebomb,reinforcements,Yellow,snipe,reinforcements,16,16,0,0,0,0,6842
Orange,firebomb,reinforcements,Yellow,snipe,speed,16,0,0,0,0,16,6113
Orange,firebomb,reinforcements,Yellow,snipe,wall,16,0,0,0,0,16,7547
Orange,firebomb,reinforcements,Yellow,freeze,heal,16,0,0,0,0,16,7464
Orange,firebomb,reinforcements,Yellow,freeze,reinforcements,16,16,0,0,0,0,6563
Orange,firebomb,reinforcements,Yellow,freeze,speed,16,0,0,0,0,16,6597
Orange,firebomb,reinforcements,Yellow,freeze,wall,16,16,0,0,0,0,8632
Orange,firebomb,speed,Black,nuke,heal,16,16,0,0,0,0,6619
Orange,firebomb,speed,Black,nuke,reinforcements,16,16,0,0,0,0,9344
Orange,firebomb,speed,Black,nuke,speed,16,16,0,0,0,0,5405
Orange,firebomb,speed,Black,nuke,wall,16,16,0,0,0,0,5364
Orange,firebomb,speed,Black,firebomb,heal,16,16,0,0,0,0,9084
Orange,firebomb,speed,Black,firebomb,reinforcements,16,16,0,0,0,0,8123
Orange,firebomb,speed,Black,firebomb,speed,16,15,0,0,0,1,9766
Orange,firebomb,speed,Black,firebomb,wall,16,16,0,0,0,0,8674
Orange,firebomb,speed,Black,snipe,heal,16,12,0,0,0,4,10363
Orange,firebomb,speed,Black,snipe,reinforcements,16,14,2,0,0,0,13355
Orange,firebomb,speed,Black,snipe,speed,16,7,0,0,0,9,10992
Orange,firebomb,speed,Black,snipe,wall,16,16,0,0,0,0,9263
Orange,firebomb,speed,Black,freeze,heal,16,16,0,0,0,0,9023
Orange,firebomb,speed,Black,freeze,reinforcements,16,16,0,0,0,0,7217
Orange,firebomb,speed,Black,freeze,speed,16,16,0,0,0,0,9324
Orange,firebomb,speed,Black,freeze,wall,16,16,0,0,0,0,8737
Orange,firebomb,speed,Blue,nuke,heal,16,16,0,0,0,0,8778
Orange,firebomb,speed,Blue,nuke,reinforcements,16,16,0,0,0,0,8180
Orange,firebomb,speed,Blue,nuke,speed,16,16,0,0,0,0,9504
Orange,firebomb,speed,Blue,nuke,wall,16,16,0,0,0,0,8551
Orange,firebomb,speed,Blue,firebomb,heal,16,16,0,0,0,0,8885
Orange,firebomb,speed,Blue,firebomb,reinforcements,16,16,0,0,0,0,9102
Orange,firebomb,speed,Blue,firebomb,speed,16,16,0,0,0,0,9719
Orange,firebomb,speed,Blue,firebomb,wall,16,16,0,0,0,0,8552
Orange,firebomb,speed,Blue,snipe,heal,16,16,0,0,0,0,9772
Orange,firebomb,speed,Blue,snipe,reinforcements,16,16,0,0,0,0,8609
Orange,firebomb,speed,Blue,snipe,speed,16,0,0,0,0,16,10135
Orange,firebomb,speed,Blue,snipe,wall,16,16,0,0,0,0,9271
Orange,firebomb,speed,Blue,freeze,heal,16,16,0,0,0,0,9118
Orange,firebomb,speed,Blue,freeze,reinforcements,16,16,0,0,0,0,11106
Orange,firebomb,speed,Blue,freeze,speed,16,16,0,0,0,0,9779
Orange,firebomb,speed,Blue,freeze,wall,16,16,0,0,0,0,8553
Orange,firebomb,speed,Green,nuke,heal,16,16,0,0,0,0,5015
Orange,firebomb,speed,Green,nuke,reinforcements,16,0,0,0,0,16,6792
Orange,firebomb,speed,Green,nuke,speed,16,15,0,0,0,1,5726
Orange,firebomb,speed,Green,nuke,wall,16,4,0,0,0,12,10754
Orange,firebomb,speed,Green,firebomb,heal,16,12,0,0,0,4,9983
Orange,firebomb,speed,Green,firebomb,reinforcements,16,7,9,0,0,0,15726
Orange,firebomb,speed,Green,firebomb,speed,16,1,5,0,9,1,16662
Orange,firebomb,speed,Green,firebomb,wall,16,11,0,0,0,5,10450
Orange,firebomb,speed,Green,snipe,heal,16,1,0,0,1,14,10348
Orange,firebomb,speed,Green,snipe,reinforcements,16,12,2,0,1,1,14855
Orange,firebomb,speed,Green,snipe,speed,16,0,0,0,0,16,8645
Orange,firebomb,speed,Green,snipe,wall,16,1,0,0,0,15,10490
Orange,firebomb,speed,Green,freeze,heal,16,16,0,0,0,0,10269
Orange,firebomb,speed,Green,freeze,reinforcements,16,0,0,0,0,16,6739
Orange,firebomb,speed,Green,freeze,speed,16,0,1,0,0,15,9673
Orange,firebomb,speed,Green,freeze,wall,16,9,0,0,0,7,10935
Orange,firebomb,speed,Orange,nuke,heal,16,16,0,0,0,0,5295
Orange,firebomb,speed,Orange,nuke,reinforcements,16,16,0,0,0,0,7494
Orange,firebomb,speed,Orange,nuke,speed,16,16,0,0,0,0,5374
Orange,firebomb,speed,Orange,nuke,wall,16,16,0,0,0,0,9047
Orange,firebomb,speed,Orange,firebomb,heal,16,16,0,0,0,0,9461
Orange,firebomb,speed,Orange,firebomb,reinforcements,16,16,0,0,0,0,8759
Orange,firebomb,speed,Orange,firebomb,speed,16,6,0,4,0,6,11512
Orange,firebomb,speed,Orange,firebomb,wall,16,16,0,0,0,0,9508
Orange,firebomb,speed,Orange,snipe,heal,16,8,0,0,0,8,11944
Orange,firebomb,speed,Orange,snipe,reinforcements,16,10,2,0,3,1,15285
Orange,firebomb,speed,Orange,snipe,speed,16,0,0,0,1,15,10180
Orange,firebomb,speed,Orange,snipe,wall,16,9,0,0,0,7,10980
Orange,firebomb,speed,Orange,freeze,heal,16,16,0,0,0,0,9289
Orange,firebomb,speed,Orange,freeze,reinforcements,16,16,0,0,0,0,7743
Orange,firebomb,speed,Orange,freeze,speed,16,15,0,0,0,1,10456
Orange,firebomb,speed,Orange,freeze,wall,16,16,0,0,0,0,9011
Orange,firebomb,speed,Purple,nuke,heal,16,16,0,0,0,0,6455
Orange,firebomb,speed,Purple,nuke,reinforcements,16,16,0,0,0,0,7838
Orange,firebomb,speed,Purple,nuke,speed,16,16,0,0,0,0,5983
Orange,firebomb,speed,Purple,nuke,wall,16,16,0,0,0,0,9917
Orange,firebomb,speed,Purple,firebomb,heal,16,7,0,0,0,9,11422
Orange,firebomb,speed,Purple,firebomb,reinforcements,16,16,0,0,0,0,8312
Orange,firebomb,speed,Purple,firebomb,speed,16,3,0,0,0,13,11757
Orange,firebomb,speed,Purple,firebomb,wall,16,16,0,0,0,0,10397
Orange,firebomb,speed,Purple,snipe,heal,16,1,1,1,0,13,11638
Orange,firebomb,speed,Purple,snipe,reinforcements,16,16,0,0,0,0,8628
Orange,firebomb,speed,Purple,snipe,speed,16,0,1,0,0,15,10214
Orange,firebomb,speed,Purple,snipe,wall,16,1,0,0,0,15,11102
Orange,firebomb,speed,Purple,freeze,heal,16,16,0,0,0,0,9587
Orange,firebomb,speed,Purple,freeze,reinforcements,16,16,0,0,0,0,7394
Orange,firebomb,speed,Purple,freeze,speed,16,0,0,0,0,16,11966
Orange,firebomb,speed,Purple,freeze,wall,16,16,0,0,0,0,9816
Orange,firebomb,speed,Red,nuke,heal,16,16,0,0,0,0,5346
Orange,firebomb,speed,Red,nuke,reinforcements,16,0,0,0,0,16,7672
Orange,firebomb,speed,Red,nuke,speed,16,16,0,0,0,0,5444
Orange,firebomb,speed,Red,nuke,wall,16,16,0,0,0,0,9571
Orange,firebomb,speed,Red,firebomb,heal,16,16,0,0,0,0,10090
Orange,firebomb,speed,Red,firebomb,reinforcements,16,16,0,0,0,0,7508
Orange,firebomb,speed,Red,firebomb,speed,16,1,2,0,0,13,11339
Orange,firebomb,speed,Red,firebomb,wall,16,16,0,0,0,0,9582
Orange,firebomb,speed,Red,snipe,heal,16,0,0,0,0,16,9976
Orange,firebomb,speed,Red,snipe,reinforcements,16,0,0,0,0,16,7848
Orange,firebomb,speed,Red,snipe,speed,16,0,0,0,0,16,8652
Orange,firebomb,speed,Red,snipe,wall,16,0,0,0,0,16,10207
Orange,firebomb,speed,Red,freeze,heal,16,14,0,0,0,2,10403
Orange,firebomb,speed,Red,freeze,reinforcements,16,5,1,0,0,10,8453
Orange,firebomb,speed,Red,freeze,speed,16,4,0,0,1,11,12413
Orange,firebomb,speed,Red,freeze,wall,16,16,0,0,0,0,9774
Orange,firebomb,speed,White,nuke,heal,16,16,0,0,0,0,8021
Orange,firebomb,speed,White,nuke,reinforcements,16,16,0,0,0,0,6963
Orange,firebomb,speed,White,nuke,speed,16,15,0,0,0,1,8242
Orange,firebomb,speed,White,nuke,wall,16,16,0,0,0,0,6188
Orange,firebomb,speed,White,firebomb,heal,16,16,0,0,0,0,8029
Orange,firebomb,speed,White,firebomb,reinforcements,16,16,0,0,0,0,6371
Orange,firebomb,speed,White,firebomb,speed,16,16,0,0,0,0,8642
Orange,firebomb,speed,White,firebomb,wall,16,16,0,0,0,0,7861
Orange,firebomb,speed,White,snipe,heal,16,16,0,0,0,0,8451
Orange,firebomb,speed,White,snipe,reinforcements,16,16,0,0,0,0,7072
Orange,firebomb,speed,White,snipe,speed,16,16,0,0,0,0,8986
Orange,firebomb,speed,White,snipe,wall,16,16,0,0,0,0,8580
Orange,firebomb,speed,White,freeze,heal,16,16,0,0,0,0,8015
Orange,firebomb,speed,White,freeze,reinforcements,16,16,0,0,0,0,6409
Orange,firebomb,speed,White,freeze,speed,16,16,0,0,0,0,9424
Orange,firebomb,speed,White,freeze,wall,16,16,0,0,0,0,7976
Orange,firebomb,speed,Yellow,nuke,heal,16,15,0,0,0,1,8449
Orange,firebomb,speed,Yellow,nuke,reinforcements,16,16,0,0,0,0,7854
Orange,firebomb,speed,Yellow,nuke,speed,16,16,0,0,0,0,5175
Orange,firebomb,speed,Yellow,nuke,wall,16,16,0,0,0,0,8330
Orange,firebomb,speed,Yellow,firebomb,heal,16,10,0,0,0,6,8485
Orange,firebomb,speed,Yellow,firebomb,reinforcements,16,16,0,0,0,0,7859
Orange,firebomb,speed,Yellow,firebomb,speed,16,16,0,0,0,0,9487
Orange,firebomb,speed,Yellow,firebomb,wall,16,16,0,0,0,0,8444
Orange,firebomb,speed,Yellow,snipe,heal,16,16,0,0,0,0,9453
Orange,firebomb,speed,Yellow,snipe,reinforcements,16,15,0,0,1,0,13025
Orange,firebomb,speed,Yellow,snipe,speed,16,0,0,0,0,16,10381
Orange,firebomb,speed,Yellow,snipe,wall,16,16,0,0,0,0,9272
Orange,firebomb,speed,Yellow,freeze,heal,16,6,0,0,0,10,7451
Orange,firebomb,speed,Yellow,freeze,reinforcements,16,15,0,0,0,1,8563
Orange,firebomb,speed,Yellow,freeze,speed,16,16,0,0,0,0,8097
Orange,firebomb,speed,Yellow,freeze,wall,16,16,0,0,0,0,8411
Orange,firebomb,wall,Black,nuke,heal,16,16,0,0,0,0,6465
Orange,firebomb,wall,Black,nuke,reinforcements,16,15,0,0,0,1,10258
Orange,firebomb,wall,Black,nuke,speed,16,16,0,0,0,0,4984
Orange,firebomb,wall,Black,nuke,wall,16,16,0,0,0,0,5591
Orange,firebomb,wall,Black,firebomb,heal,16,16,0,0,0,0,8528
Orange,firebomb,wall,Black,firebomb,reinforcements,16,8,0,0,0,8,13039
Orange,firebomb,wall,Black,firebomb,speed,16,1,0,0,0,15,9298
Orange,firebomb,wall,Black,firebomb,wall,16,16,0,0,0,0,8531
Orange,firebomb,wall,Black,snipe,heal,16,3,0,0,0,13,9236
Orange,firebomb,wall,Black,snipe,reinforcements,16,0,3,0,0,13,11354
Orange,firebomb,wall,Black,snipe,speed,16,0,0,0,0,16,9154
Orange,firebomb,wall,Black,snipe,wall,16,2,0,0,0,14,9236
Orange,firebomb,wall,Black,freeze,heal,16,16,0,0,0,0,8578
Orange,firebomb,wall,Black,freeze,reinforcements,16,16,0,0,0,0,10939
Orange,firebomb,wall,Black,freeze,speed,16,9,0,0,0,7,9319
Orange,firebomb,wall,Black,freeze,wall,16,16,0,0,0,0,8567
Orange,firebomb,wall,Blue,nuke,heal,16,16,0,0,0,0,7699
Orange,firebomb,wall,Blue,nuke,reinforcements,16,16,0,0,0,0,10654
Orange,firebomb,wall,Blue,nuke,speed,16,16,0,0,0,0,7421
Orange,firebomb,wall,Blue,nuke,wall,16,16,0,0,0,0,8451
Orange,firebomb,wall,Blue,firebomb,heal,16,16,0,0,0,0,8705
Orange,firebomb,wall,Blue,firebomb,reinforcements,16,6,0,0,0,10,12742
Orange,firebomb,wall,Blue,firebomb,speed,16,2,0,0,0,14,9537
Orange,firebomb,wall,Blue,firebomb,wall,16,16,0,0,0,0,8704
Orange,firebomb,wall,Blue,snipe,heal,16,16,0,0,0,0,9688
Orange,firebomb,wall,Blue,snipe,reinforcements,16,0,0,0,0,16,6386
Orange,firebomb,wall,Blue,snipe,speed,16,0,0,0,0,16,9921
Orange,firebomb,wall,Blue,snipe,wall,16,4,0,6,0,6,9621
Orange,firebomb,wall,Blue,freeze,heal,16,16,0,0,0,0,8510
Orange,firebomb,wall,Blue,freeze,reinforcements,16,16,0,0,0,0,10382
Orange,firebomb,wall,Blue,freeze,speed,16,15,0,0,0,1,9329
Orange,firebomb,wall,Blue,freeze,wall,16,16,0,0,0,0,8361
Orange,firebomb,wall,Green,nuke,heal,16,11,0,0,0,5,8757
Orange,firebomb,wall,Green,nuke,reinforcements,16,0,0,0,0,16,6877
Orange,firebomb,wall,Green,nuke,speed,16,16,0,0,0,0,5521
Orange,firebomb,wall,Green,nuke,wall,16,0,0,0,0,16,9075
Orange,firebomb,wall,Green,firebomb,heal,16,0,0,0,0,16,9341
Orange,firebomb,wall,Green,firebomb,reinforcements,16,1,0,0,0,15,9257
Orange,firebomb,wall,Green,firebomb,speed,16,0,0,0,0,16,9116
Orange,firebomb,wall,Green,firebomb,wall,16,0,0,0,0,16,9226
Orange,firebomb,wall,Green,snipe,heal,16,0,0,0,0,16,9019
Orange,firebomb,wall,Green,snipe,reinforcements,16,0,0,0,0,16,6028
Orange,firebomb,wall,Green,snipe,speed,16,0,0,0,0,16,8610
Orange,firebomb,wall,Green,snipe,wall,16,0,0,0,0,16,9084
Orange,firebomb,wall,Green,freeze,heal,16,0,0,0,0,16,9074
Orange,firebomb,wall,Green,freeze,reinforcements,16,0,0,0,0,16,7187
Orange,firebomb,wall,Green,freeze,speed,16,1,0,0,0,15,8098
Orange,firebomb,wall,Green,freeze,wall,16,0,0,0,0,16,9132
Orange,firebomb,wall,Orange,nuke,heal,16,12,0,0,0,4,7128
Orange,firebomb,wall,Orange,nuke,reinforcements,16,11,1,0,0,4,13846
Orange,firebomb,wall,Orange,nuke,speed,16,0,0,0,0,16,9113
Orange,firebomb,wall,Orange,nuke,wall,16,9,0,0,0,7,9161
Orange,firebomb,wall,Orange,firebomb,heal,16,3,0,2,0,11,9348
Orange,firebomb,wall,Orange,firebomb,reinforcements,16,1,4,0,1,10,13839
Orange,firebomb,wall,Orange,firebomb,speed,16,0,0,0,0,16,9458
Orange,firebomb,wall,Orange,firebomb,wall,16,12,0,2,0,2,9236
Orange,firebomb,wall,Orange,snipe,heal,16,0,0,0,0,16,9184
Orange,firebomb,wall,Orange,snipe,reinforcements,16,0,0,0,0,16,6606
Orange,firebomb,wall,Orange,snipe,speed,16,0,0,0,0,16,9250
Orange,firebomb,wall,Orange,snipe,wall,16,0,0,0,0,16,9077
Orange,firebomb,wall,Orange,freeze,heal,16,13,0,0,0,3,9187
Orange,firebomb,wall,Orange,freeze,reinforcements,16,16,0,0,0,0,6706
Orange,firebomb,wall,Orange,freeze,speed,16,0,0,0,0,16,9191
Orange,firebomb,wall,Orange,freeze,wall,16,16,0,0,0,0,9048
Orange,firebomb,wall,Purple,nuke,heal,16,12,0,0,0,4,6386
Orange,firebomb,wall,Purple,nuke,reinforcements,16,1,8,0,6,1,17926
Orange,firebomb,wall,Purple,nuke,speed,16,16,0,0,0,0,5166
Orange,firebomb,wall,Purple,nuke,wall,16,9,0,0,0,7,7350
Orange,firebomb,wall,Purple,firebomb,heal,16,0,0,0,0,16,9298
Orange,firebomb,wall,Purple,firebomb,reinforcements,16,2,9,0,5,0,17663
Orange,firebomb,wall,Purple,firebomb,speed,16,0,0,0,0,16,9251
Orange,firebomb,wall,Purple,firebomb,wall,16,0,0,0,0,16,9507
Orange,firebomb,wall,Purple,snipe,heal,16,0,0,0,0,16,9346
Orange,firebomb,wall,Purple,snipe,reinforcements,16,0,15,0,0,1,17464
Orange,firebomb,wall,Purple,snipe,speed,16,0,0,0,0,16,8688
Orange,firebomb,wall,Purple,snipe,wall,16,0,0,0,0,16,9288
Orange,firebomb,wall,Purple,freeze,heal,16,9,0,0,0,7,9570
Orange,firebomb,wall,Purple,freeze,reinforcements,16,6,5,0,5,0,16805
Orange,firebomb,wall,Purple,freeze,speed,16,0,0,0,0,16,9307
Orange,firebomb,wall,Purple,freeze,wall,16,4,0,1,0,11,9544
Orange,firebomb,wall,Red,nuke,heal,16,9,0,0,0,7,8273
Orange,firebomb,wall,Red,nuke,reinforcements,16,16,0,0,0,0,4991
Orange,firebomb,wall,Red,nuke,speed,16,10,0,0,0,6,8140
Orange,firebomb,wall,Red,nuke,wall,16,3,0,0,0,13,8995
Orange,firebomb,wall,Red,firebomb,heal,16,7,0,0,0,9,9087
Orange,firebomb,wall,Red,firebomb,reinforcements,16,0,4,0,0,12,11782
Orange,firebomb,wall,Red,firebomb,speed,16,0,0,0,0,16,9132
Orange,firebomb,wall,Red,firebomb,wall,16,11,0,0,0,5,9178
Orange,firebomb,wall,Red,snipe,heal,16,0,0,0,0,16,8968
Orange,firebomb,wall,Red,snipe,reinforcements,16,0,0,0,0,16,6990
Orange,firebomb,wall,Red,snipe,speed,16,0,0,0,0,16,8476
Orange,firebomb,wall,Red,snipe,wall,16,0,0,0,0,16,9178
Orange,firebomb,wall,Red,freeze,heal,16,1,0,0,0,15,8621
Orange,firebomb,wall,Red,freeze,reinforcements,16,0,0,0,0,16,7337
Orange,firebomb,wall,Red,freeze,speed,16,4,0,0,0,12,8274
Orange,firebomb,wall,Red,freeze,wall,16,0,0,0,0,16,9162
Orange,firebomb,wall,White,nuke,heal,16,16,0,0,0,0,6202
Orange,firebomb,wall,White,nuke,reinforcements,16,16,0,0,0,0,8035
Orange,firebomb,wall,White,nuke,speed,16,16,0,0,0,0,5612
Orange,firebomb,wall,White,nuke,wall,16,16,0,0,0,0,7620
Orange,firebomb,wall,White,firebomb,heal,16,16,0,0,0,0,7820
Orange,firebomb,wall,White,firebomb,reinforcements,16,16,0,0,0,0,6232
Orange,firebomb,wall,White,firebomb,speed,16,16,0,0,0,0,8426
Orange,firebomb,wall,White,firebomb,wall,16,16,0,0,0,0,7904
Orange,firebomb,wall,White,snipe,heal,16,16,0,0,0,0,8504
Orange,firebomb,wall,White,snipe,reinforcements,16,16,0,0,0,0,5281
Orange,firebomb,wall,White,snipe,speed,16,14,0,0,0,2,9552
Orange,firebomb,wall,White,snipe,wall,16,16,0,0,0,0,8217
Orange,firebomb,wall,White,freeze,heal,16,16,0,0,0,0,7631
Orange,firebomb,wall,White,freeze,reinforcements,16,16,0,0,0,0,6232
Orange,firebomb,wall,White,freeze,speed,16,16,0,0,0,0,8158
Orange,firebomb,wall,White,freeze,wall,16,16,0,0,0,0,7743
Orange,firebomb,wall,Yellow,nuke,heal,16,15,0,0,0,1,7819
Orange,firebomb,wall,Yellow,nuke,reinforcements,16,16,0,0,0,0,9726
Orange,firebomb,wall,Yellow,nuke,speed,16,8,0,0,0,8,8063
Orange,firebomb,wall,Yellow,nuke,wall,16,16,0,0,0,0,7673
Orange,firebomb,wall,Yellow,firebomb,heal,16,16,0,0,0,0,8594
Orange,firebomb,wall,Yellow,firebomb,reinforcements,16,16,0,0,0,0,10734
Orange,firebomb,wall,Yellow,firebomb,speed,16,2,0,0,0,14,9354
Orange,firebomb,wall,Yellow,firebomb,wall,16,16,0,0,0,0,8490
Orange,firebomb,wall,Yellow,snipe,heal,16,0,0,0,0,16,8837
Orange,firebomb,wall,Yellow,snipe,reinforcements,16,2,2,1,0,11,13794
Orange,firebomb,wall,Yellow,snipe,speed,16,0,0,0,0,16,8218
Orange,firebomb,wall,Yellow,snipe,wall,16,0,0,0,0,16,8909
Orange,firebomb,wall,Yellow,freeze,heal,16,16,0,0,0,0,8470
Orange,firebomb,wall,Yellow,freeze,reinforcements,16,15,0,0,0,1,9910
Orange,firebomb,wall,Yellow,freeze,speed,16,8,0,0,0,8,8965
Orange,firebomb,wall,Yellow,freeze,wall,16,16,0,0,0,0,8446
Orange,snipe,heal,Black,nuke,heal,16,15,0,0,0,1,8789
Orange,snipe,heal,Black,nuke,reinforcements,16,16,0,0,0,0,7938
Orange,snipe,heal,Black,nuke,speed,16,6,0,0,0,10,9800
Orange,snipe,heal,Black,nuke,wall,16,16,0,0,0,0,8546
Orange,snipe,heal,Black,firebomb,heal,16,16,0,0,0,0,8539
Orange,snipe,heal,Black,firebomb,reinforcements,16,16,0,0,0,0,7992
Orange,snipe,heal,Black,firebomb,speed,16,15,0,0,0,1,10283
Orange,snipe,heal,Black,firebomb,wall,16,16,0,0,0,0,8438
Orange,snipe,heal,Black,snipe,heal,16,10,0,0,0,6,10712
Orange,snipe,heal,Black,snipe,reinforcements,16,16,0,0,0,0,8062
Orange,snipe,heal,Black,snipe,speed,16,0,0,0,0,16,9273
Orange,snipe,heal,Black,snipe,wall,16,15,0,0,0,1,9423
Orange,snipe,heal,Black,freeze,heal,16,15,0,0,0,1,8621
Orange,snipe,heal,Black,freeze,reinforcements,16,16,0,0,0,0,9017
Orange,snipe,heal,Black,freeze,speed,16,12,0,0,0,4,10626
Orange,snipe,heal,Black,freeze,wall,16,16,0,0,0,0,8493
Orange,snipe,heal,Blue,nuke,heal,16,16,0,0,0,0,8697
Orange,snipe,heal,Blue,nuke,reinforcements,16,0,0,0,0,16,6537
Orange,snipe,heal,Blue,nuke,speed,16,11,0,0,0,5,10673
Orange,snipe,heal,Blue,nuke,wall,16,16,0,0,0,0,8165
Orange,snipe,heal,Blue,firebomb,heal,16,16,0,0,0,0,8569
Orange,snipe,heal,Blue,firebomb,reinforcements,16,0,0,0,0,16,7524
Orange,snipe,heal,Blue,firebomb,speed,16,16,0,0,0,0,9655
Orange,snipe,heal,Blue,firebomb,wall,16,16,0,0,0,0,8413
Orange,snipe,heal,Blue,snipe,heal,16,2,0,0,0,14,10199
Orange,snipe,heal,Blue,snipe,reinforcements,16,0,0,0,0,16,6086
Orange,snipe,heal,Blue,snipe,speed,16,0,0,0,0,16,10263
Orange,snipe,heal,Blue,snipe,wall,16,16,0,0,0,0,9461
Orange,snipe,heal,Blue,freeze,heal,16,16,0,0,0,0,8709
Orange,snipe,heal,Blue,freeze,reinforcements,16,16,0,0,0,0,10052
Orange,snipe,heal,Blue,freeze,speed,16,16,0,0,0,0,10183
Orange,snipe,heal,Blue,freeze,wall,16,16,0,0,0,0,8540
Orange,snipe,heal,Green,nuke,heal,16,5,0,0,0,11,9060
Orange,snipe,heal,Green,nuke,reinforcements,16,4,0,0,0,12,7105
Orange,snipe,heal,Green,nuke,speed,16,8,0,0,0,8,6935
Orange,snipe,heal,Green,nuke,wall,16,5,0,0,0,11,9246
Orange,snipe,heal,Green,firebomb,heal,16,3,0,0,0,13,10952
Orange,snipe,heal,Green,firebomb,reinforcements,16,5,9,0,0,2,14668
Orange,snipe,heal,Green,firebomb,speed,16,0,0,0,0,16,9452
Orange,snipe,heal,Green,firebomb,wall,16,16,0,0,0,0,10166
Orange,snipe,heal,Green,snipe,heal,16,0,0,0,0,16,8494
Orange,snipe,heal,Green,snipe,reinforcements,16,5,1,0,0,10,10780
Orange,snipe,heal,Green,snipe,speed,16,0,0,0,0,16,7475
Orange,snipe,heal,Green,snipe,wall,16,1,0,0,0,15,9709
Orange,snipe,heal,Green,freeze,heal,16,1,0,0,0,15,9226
Orange,snipe,heal,Green,freeze,reinforcements,16,0,0,0,0,16,6422
Orange,snipe,heal,Green,freeze,speed,16,0,0,0,0,16,8230
Orange,snipe,heal,Green,freeze,wall,16,13,0,0,0,3,10001
Orange,snipe,heal,Orange,nuke,heal,16,16,0,0,0,0,9064
Orange,snipe,heal,Orange,nuke,reinforcements,16,16,0,0,0,0,9160
Orange,snipe,heal,Orange,nuke,speed,16,16,0,0,0,0,10321
Orange,snipe,heal,Orange,nuke,wall,16,16,0,0,0,0,8682
Orange,snipe,heal,Orange,firebomb,heal,16,16,0,0,0,0,9321
Orange,snipe,heal,Orange,firebomb,reinforcements,16,15,1,0,0,0,9967
Orange,snipe,heal,Orange,firebomb,speed,16,9,0,0,0,7,11977
Orange,snipe,heal,Orange,firebomb,wall,16,16,0,0,0,0,9078
Orange,snipe,heal,Orange,snipe,heal,16,3,0,4,0,9,13711
Orange,snipe,heal,Orange,snipe,reinforcements,16,16,0,0,0,0,11251
Orange,snipe,heal,Orange,snipe,speed,16,0,0,0,0,16,9445
Orange,snipe,heal,Orange,snipe,wall,16,16,0,0,0,0,10927
Orange,snipe,heal,Orange,freeze,heal,16,16,0,0,0,0,9078
Orange,snipe,heal,Orange,freeze,reinforcements,16,16,0,0,0,0,9050
Orange,snipe,heal,Orange,freeze,speed,16,16,0,0,0,0,10154
Orange,snipe,heal,Orange,freeze,wall,16,16,0,0,0,0,8958
Orange,snipe,heal,Purple,nuke,heal,16,11,0,0,0,5,9485
Orange,snipe,heal,Purple,nuke,reinforcements,16,16,0,0,0,0,8786
Orange,snipe,heal,Purple,nuke,speed,16,1,0,0,0,15,10204
Orange,snipe,heal,Purple,nuke,wall,16,15,0,0,0,1,9539
Orange,snipe,heal,Purple,firebomb,heal,16,15,0,0,0,1,10039
Orange,snipe,heal,Purple,firebomb,reinforcements,16,16,0,0,0,0,8946
Orange,snipe,heal,Purple,firebomb,speed,16,0,0,0,0,16,10232
Orange,snipe,heal,Purple,firebomb,wall,16,16,0,0,0,0,9826
Orange,snipe,heal,Purple,snipe,heal,16,2,0,0,0,14,11349
Orange,snipe,heal,Purple,snipe,reinforcements,16,14,2,0,0,0,11856
Orange,snipe,heal,Purple,snipe,speed,16,0,0,0,0,16,8206
Orange,snipe,heal,Purple,snipe,wall,16,4,0,0,0,12,11369
Orange,snipe,heal,Purple,freeze,heal,16,15,0,0,0,1,10277
Orange,snipe,heal,Purple,freeze,reinforcements,16,16,0,0,0,0,9198
Orange,snipe,heal,Purple,freeze,speed,16,0,0,0,0,16,10927
Orange,snipe,heal,Purple,freeze,wall,16,16,0,0,0,0,9413
Orange,snipe,heal,Red,nuke,heal,16,11,0,0,0,5,7979
Orange,snipe,heal,Red,nuke,reinforcements,16,16,0,0,0,0,9165
Orange,snipe,heal,Red,nuke,speed,16,2,0,0,0,14,9911
Orange,snipe,heal,Red,nuke,wall,16,14,0,0,0,2,9926
Orange,snipe,heal,Red,firebomb,heal,16,9,0,0,0,7,9803
Orange,snipe,heal,Red,firebomb,reinforcements,16,16,0,0,0,0,9348
Orange,snipe,heal,Red,firebomb,speed,16,0,0,0,1,15,11856
Orange,snipe,heal,Red,firebomb,wall,16,12,0,0,0,4,10064
Orange,snipe,heal,Red,snipe,heal,16,0,1,0,0,15,11389
Orange,snipe,heal,Red,snipe,reinforcements,16,12,1,0,1,2,12472
Orange,snipe,heal,Red,snipe,speed,16,0,0,0,0,16,7776
Orange,snipe,heal,Red,snipe,wall,16,0,0,0,0,16,10053
Orange,snipe,heal,Red,freeze,heal,16,7,0,0,0,9,9973
Orange,snipe,heal,Red,freeze,reinforcements,16,0,0,0,0,16,6757
Orange,snipe,heal,Red,freeze,speed,16,0,0,0,0,16,9636
Orange,snipe,heal,Red,freeze,wall,16,15,0,0,0,1,9897
Orange,snipe,heal,White,nuke,heal,16,15,0,0,0,1,8530
Orange,snipe,heal,White,nuke,reinforcements,16,16,0,0,0,0,6908
Orange,snipe,heal,White,nuke,speed,16,15,0,0,0,1,9243
Orange,snipe,heal,White,nuke,wall,16,16,0,0,0,0,7826
Orange,snipe,heal,White,firebomb,heal,16,16,0,0,0,0,7951
Orange,snipe,heal,White,firebomb,reinforcements,16,16,0,0,0,0,6483
Orange,snipe,heal,White,firebomb,speed,16,16,0,0,0,0,8414
Orange,snipe,heal,White,firebomb,wall,16,16,0,0,0,0,7830
Orange,snipe,heal,White,snipe,heal,16,12,0,0,0,4,9532
Orange,snipe,heal,White,snipe,reinforcements,16,16,0,0,0,0,7173
Orange,snipe,heal,White,snipe,speed,16,13,0,0,0,3,9436
Orange,snipe,heal,White,snipe,wall,16,16,0,0,0,0,8339
Orange,snipe,heal,White,freeze,heal,16,16,0,0,0,0,7943
Orange,snipe,heal,White,freeze,reinforcements,16,16,0,0,0,0,5135
Orange,snipe,heal,White,freeze,speed,16,16,0,0,0,0,8812
Orange,snipe,heal,White,freeze,wall,16,16,0,0,0,0,7575
Orange,snipe,heal,Yellow,nuke,heal,16,10,0,0,0,6,8193
Orange,snipe,heal,Yellow,nuke,reinforcements,16,16,0,0,0,0,9218
Orange,snipe,heal,Yellow,nuke,speed,16,5,0,0,0,11,8726
Orange,snipe,heal,Yellow,nuke,wall,16,15,0,0,0,1,8486
Orange,snipe,heal,Yellow,firebomb,heal,16,16,0,0,0,0,8659
Orange,snipe,heal,Yellow,firebomb,reinforcements,16,16,0,0,0,0,7512
Orange,snipe,heal,Yellow,firebomb,speed,16,16,0,0,0,0,9476
Orange,snipe,heal,Yellow,firebomb,wall,16,16,0,0,0,0,8549
Orange,snipe,heal,Yellow,snipe,heal,16,16,0,0,0,0,9764
Orange,snipe,heal,Yellow,snipe,reinforcements,16,16,0,0,0,0,11572
Orange,snipe,heal,Yellow,snipe,speed,16,0,0,0,0,16,8763
Orange,snipe,heal,Yellow,snipe,wall,16,13,0,0,0,3,9619
Orange,snipe,heal,Yellow,freeze,heal,16,14,0,0,0,2,8970
Orange,snipe,heal,Yellow,freeze,reinforcements,16,16,0,0,0,0,8370
Orange,snipe,heal,Yellow,freeze,speed,16,8,0,0,0,8,9329
Orange,snipe,heal,Yellow,freeze,wall,16,16,0,0,0,0,8456
Orange,snipe,reinforcements,Black,nuke,heal,16,16,0,0,0,0,3129
Orange,snipe,reinforcements,Black,nuke,reinforcements,16,6,0,0,0,10,7106
Orange,snipe,reinforcements,Black,nuke,speed,16,16,0,0,0,0,3129
Orange,snipe,reinforcements,Black,nuke,wall,16,14,0,0,0,2,9924
Orange,snipe,reinforcements,Black,firebomb,heal,16,16,0,0,0,0,10441
Orange,snipe,reinforcements,Black,firebomb,reinforcements,16,0,0,0,0,16,6239
Orange,snipe,reinforcements,Black,firebomb,speed,16,4,6,0,3,3,16620
Orange,snipe,reinforcements,Black,firebomb,wall,16,16,0,0,0,0,9541
Orange,snipe,reinforcements,Black,snipe,heal,16,0,0,0,0,16,8039
Orange,snipe,reinforcements,Black,snipe,reinforcements,16,16,0,0,0,0,6568
Orange,snipe,reinforcements,Black,snipe,speed,16,0,0,0,0,16,7330
Orange,snipe,reinforcements,Black,snipe,wall,16,0,0,0,0,16,6340
Orange,snipe,reinforcements,Black,freeze,heal,16,16,0,0,0,0,8909
Orange,snipe,reinforcements,Black,freeze,reinforcements,16,15,0,0,0,1,7936
Orange,snipe,reinforcements,Black,freeze,speed,16,11,0,0,0,5,9364
Orange,snipe,reinforcements,Black,freeze,wall,16,16,0,0,0,0,9372
Orange,snipe,reinforcements,Blue,nuke,heal,16,16,0,0,0,0,3569
Orange,snipe,reinforcements,Blue,nuke,reinforcements,16,0,0,0,0,16,6274
Orange,snipe,reinforcements,Blue,nuke,speed,16,16,0,0,0,0,3569
Orange,snipe,reinforcements,Blue,nuke,wall,16,0,0,0,0,16,6422
Orange,snipe,reinforcements,Blue,firebomb,heal,16,0,0,0,0,16,6709
Orange,snipe,reinforcements,Blue,firebomb,reinforcements,16,0,0,0,0,16,6205
Orange,snipe,reinforcements,Blue,firebomb,speed,16,0,0,0,0,16,6661
Orange,snipe,reinforcements,Blue,firebomb,wall,16,0,0,0,0,16,6581
Orange,snipe,reinforcements,Blue,snipe,heal,16,0,0,0,0,16,6325
Orange,snipe,reinforcements,Blue,snipe,reinforcements,16,15,0,0,0,1,7931
Orange,snipe,reinforcements,Blue,snipe,speed,16,0,0,0,0,16,6340
Orange,snipe,reinforcements,Blue,snipe,wall,16,0,0,0,0,16,6316
Orange,snipe,reinforcements,Blue,freeze,heal,16,0,0,0,0,16,7551
Orange,snipe,reinforcements,Blue,freeze,reinforcements,16,16,0,0,0,0,9462
Orange,snipe,reinforcements,Blue,freeze,speed,16,0,0,0,0,16,6565
Orange,snipe,reinforcements,Blue,freeze,wall,16,0,0,0,0,16,9011
Orange,snipe,reinforcements,Green,nuke,heal,16,16,0,0,0,0,3079
Orange,snipe,reinforcements,Green,nuke,reinforcements,16,0,0,0,0,16,6055
Orange,snipe,reinforcements,Green,nuke,speed,16,16,0,0,0,0,3109
Orange,snipe,reinforcements,Green,nuke,wall,16,0,0,0,0,16,6293
Orange,snipe,reinforcements,Green,firebomb,heal,16,0,1,0,0,15,12079
Orange,snipe,reinforcements,Green,firebomb,reinforcements,16,0,0,0,0,16,6110
Orange,snipe,reinforcements,Green,firebomb,speed,16,4,0,0,0,12,6326
Orange,snipe,reinforcements,Green,firebomb,wall,16,0,0,0,0,16,6089
Orange,snipe,reinforcements,Green,snipe,heal,16,0,0,0,0,16,5414
Orange,snipe,reinforcements,Green,snipe,reinforcements,16,0,0,0,0,16,6173
Orange,snipe,reinforcements,Green,snipe,speed,16,0,0,0,0,16,5696
Orange,snipe,reinforcements,Green,snipe,wall,16,0,0,0,0,16,4914
Orange,snipe,reinforcements,Green,freeze,heal,16,0,0,0,0,16,7305
Orange,snipe,reinforcements,Green,freeze,reinforcements,16,0,0,0,0,16,6144
Orange,snipe,reinforcements,Green,freeze,speed,16,0,0,0,0,16,6494
Orange,snipe,reinforcements,Green,freeze,wall,16,0,0,0,0,16,5568
Orange,snipe,reinforcements,Orange,nuke,heal,16,16,0,0,0,0,3139
Orange,snipe,reinforcements,Orange,nuke,reinforcements,16,0,0,0,0,16,8036
Orange,snipe,reinforcements,Orange,nuke,speed,16,16,0,0,0,0,3139
Orange,snipe,reinforcements,Orange,nuke,wall,16,16,0,0,0,0,6841
Orange,snipe,reinforcements,Orange,firebomb,heal,16,10,2,0,3,1,13728
Orange,snipe,reinforcements,Orange,firebomb,reinforcements,16,15,0,0,0,1,8547
Orange,snipe,reinforcements,Orange,firebomb,speed,16,0,4,0,0,12,13610
Orange,snipe,reinforcements,Orange,firebomb,wall,16,16,0,0,0,0,6808
Orange,snipe,reinforcements,Orange,snipe,heal,16,16,0,0,0,0,7518
Orange,snipe,reinforcements,Orange,snipe,reinforcements,16,4,0,0,0,12,10495
Orange,snipe,reinforcements,Orange,snipe,speed,16,0,0,0,0,16,7062
Orange,snipe,reinforcements,Orange,snipe,wall,16,16,0,0,0,0,6964
Orange,snipe,reinforcements,Orange,freeze,heal,16,16,0,0,0,0,10623
Orange,snipe,reinforcements,Orange,freeze,reinforcements,16,16,0,0,0,0,6816
Orange,snipe,reinforcements,Orange,freeze,speed,16,1,3,0,6,6,16668
Orange,snipe,reinforcements,Orange,freeze,wall,16,16,0,0,0,0,6741
Orange,snipe,reinforcements,Purple,nuke,heal,16,15,0,0,0,1,10504
Orange,snipe,reinforcements,Purple,nuke,reinforcements,16,16,0,0,0,0,6576
Orange,snipe,reinforcements,Purple,nuke,speed,16,16,0,0,0,0,4334
Orange,snipe,reinforcements,Purple,nuke,wall,16,16,0,0,0,0,7082
Orange,snipe,reinforcements,Purple,firebomb,heal,16,0,0,0,0,16,6426
Orange,snipe,reinforcements,Purple,firebomb,reinforcements,16,0,0,0,0,16,6230
Orange,snipe,reinforcements,Purple,firebomb,speed,16,0,0,0,0,16,6266
Orange,snipe,reinforcements,Purple,firebomb,wall,16,16,0,0,0,0,7456
Orange,snipe,reinforcements,Purple,snipe,heal,16,0,0,0,0,16,6246
Orange,snipe,reinforcements,Purple,snipe,reinforcements,16,16,0,0,0,0,6627
Orange,snipe,reinforcements,Purple,snipe,speed,16,0,0,0,0,16,6356
Orange,snipe,reinforcements,Purple,snipe,wall,16,16,0,0,0,0,6935
Orange,snipe,reinforcements,Purple,freeze,heal,16,0,0,0,0,16,6389
Orange,snipe,reinforcements,Purple,freeze,reinforcements,16,16,0,0,0,0,6204
Orange,snipe,reinforcements,Purple,freeze,speed,16,0,0,0,0,16,6355
Orange,snipe,reinforcements,Purple,freeze,wall,16,0,0,0,0,16,6881
Orange,snipe,reinforcements,Red,nuke,heal,16,16,0,0,0,0,3169
Orange,snipe,reinforcements,Red,nuke,reinforcements,16,0,0,0,0,16,6101
Orange,snipe,reinforcements,Red,nuke,speed,16,16,0,0,0,0,3169
Orange,snipe,reinforcements,Red,nuke,wall,16,14,0,0,0,2,6630
Orange,snipe,reinforcements,Red,firebomb,heal,16,15,0,0,0,1,9566
Orange,snipe,reinforcements,Red,firebomb,reinforcements,16,0,0,0,0,16,6087
Orange,snipe,reinforcements,Red,firebomb,speed,16,0,0,0,0,16,8197
Orange,snipe,reinforcements,Red,firebomb,wall,16,6,9,0,0,1,14904
Orange,snipe,reinforcements,Red,snipe,heal,16,0,0,0,0,16,5736
Orange,snipe,reinforcements,Red,snipe,reinforcements,16,16,0,0,0,0,7638
Orange,snipe,reinforcements,Red,snipe,speed,16,0,0,0,0,16,6655
Orange,snipe,reinforcements,Red,snipe,wall,16,0,0,0,0,16,7016
Orange,snipe,reinforcements,Red,freeze,heal,16,0,0,0,0,16,8525
Orange,snipe,reinforcements,Red,freeze,reinforcements,16,0,0,0,0,16,6134
Orange,snipe,reinforcements,Red,freeze,speed,16,0,0,0,0,16,7510
Orange,snipe,reinforcements,Red,freeze,wall,16,5,1,0,1,9,11229
Orange,snipe,reinforcements,White,nuke,heal,16,16,0,0,0,0,2879
Orange,snipe,reinforcements,White,nuke,reinforcements,16,16,0,0,0,0,5187
Orange,snipe,reinforcements,White,nuke,speed,16,16,0,0,0,0,2879
Orange,snipe,reinforcements,White,nuke,wall,16,16,0,0,0,0,4333
Orange,snipe,reinforcements,White,firebomb,heal,16,16,0,0,0,0,8174
Orange,snipe,reinforcements,White,firebomb,reinforcements,16,16,0,0,0,0,5329
Orange,snipe,reinforcements,White,firebomb,speed,16,16,0,0,0,0,8225
Orange,snipe,reinforcements,White,firebomb,wall,16,16,0,0,0,0,5702
Orange,snipe,reinforcements,White,snipe,heal,16,16,0,0,0,0,5439
Orange,snipe,reinforcements,White,snipe,reinforcements,16,16,0,0,0,0,5110
Orange,snipe,reinforcements,White,snipe,speed,16,12,0,0,0,4,6652
Orange,snipe,reinforcements,White,snipe,wall,16,16,0,0,0,0,5476
Orange,snipe,reinforcements,White,freeze,heal,16,16,0,0,0,0,8359
Orange,snipe,reinforcements,White,freeze,reinforcements,16,16,0,0,0,0,4400
Orange,snipe,reinforcements,White,freeze,speed,16,12,0,0,0,4,8015
Orange,snipe,reinforcements,White,freeze,wall,16,16,0,0,0,0,5328
Orange,snipe,reinforcements,Yellow,nuke,heal,16,16,0,0,0,0,3079
Orange,snipe,reinforcements,Yellow,nuke,reinforcements,16,11,0,0,0,5,6930
Orange,snipe,reinforcements,Yellow,nuke,speed,16,16,0,0,0,0,3079
Orange,snipe,reinforcements,Yellow,nuke,wall,16,16,0,0,0,0,6438
Orange,snipe,reinforcements,Yellow,firebomb,heal,16,16,0,0,0,0,9042
Orange,snipe,reinforcements,Yellow,firebomb,reinforcements,16,0,0,0,0,16,6357
Orange,snipe,reinforcements,Yellow,firebomb,speed,16,9,0,0,0,7,9147
Orange,snipe,reinforcements,Yellow,firebomb,wall,16,16,0,0,0,0,9467
Orange,snipe,reinforcements,Yellow,snipe,heal,16,0,0,0,0,16,5196
Orange,snipe,reinforcements,Yellow,snipe,reinforcements,16,16,0,0,0,0,6309
Orange,snipe,reinforcements,Yellow,snipe,speed,16,0,0,0,0,16,6123
Orange,snipe,reinforcements,Yellow,snipe,wall,16,0,0,0,0,16,6447
Orange,snipe,reinforcements,Yellow,freeze,heal,16,0,0,0,0,16,7673
Orange,snipe,reinforcements,Yellow,freeze,reinforcements,16,16,0,0,0,0,7964
Orange,snipe,reinforcements,Yellow,freeze,speed,16,0,0,0,0,16,6737
Orange,snipe,reinforcements,Yellow,freeze,wall,16,3,0,0,0,13,8364
Orange,snipe,speed,Black,nuke,heal,16,16,0,0,0,0,9030
Orange,snipe,speed,Black,nuke,reinforcements,16,16,0,0,0,0,7269
Orange,snipe,speed,Black,nuke,speed,16,16,0,0,0,0,10374
Orange,snipe,speed,Black,nuke,wall,16,16,0,0,0,0,8492
Orange,snipe,speed,Black,firebomb,heal,16,16,0,0,0,0,8906
Orange,snipe,speed,Black,firebomb,reinforcements,16,16,0,0,0,0,7172
Orange,snipe,speed,Black,firebomb,speed,16,16,0,0,0,0,10269
Orange,snipe,speed,Black,firebomb,wall,16,16,0,0,0,0,8740
Orange,snipe,speed,Black,snipe,heal,16,11,1,0,1,3,10434
Orange,snipe,speed,Black,snipe,reinforcements,16,16,0,0,0,0,7262
Orange,snipe,speed,Black,snipe,speed,16,0,0,0,1,15,10948
Orange,snipe,speed,Black,snipe,wall,16,16,0,0,0,0,9420
Orange,snipe,speed,Black,freeze,heal,16,16,0,0,0,0,8916
Orange,snipe,speed,Black,freeze,reinforcements,16,16,0,0,0,0,7336
Orange,snipe,speed,Black,freeze,speed,16,16,0,0,0,0,9495
Orange,snipe,speed,Black,freeze,wall,16,16,0,0,0,0,8574
Orange,snipe,speed,Blue,nuke,heal,16,16,0,0,0,0,8929
Orange,snipe,speed,Blue,nuke,reinforcements,16,16,0,0,0,0,8245
Orange,snipe,speed,Blue,nuke,speed,16,16,0,0,0,0,9572
Orange,snipe,speed,Blue,nuke,wall,16,16,0,0,0,0,8592
Orange,snipe,speed,Blue,firebomb,heal,16,16,0,0,0,0,9213
Orange,snipe,speed,Blue,firebomb,reinforcements,16,16,0,0,0,0,8082
Orange,snipe,speed,Blue,firebomb,speed,16,16,0,0,0,0,9703
Orange,snipe,speed,Blue,firebomb,wall,16,16,0,0,0,0,9109
Orange,snipe,speed,Blue,snipe,heal,16,16,0,0,0,0,10170
Orange,snipe,speed,Blue,snipe,reinforcements,16,16,0,0,0,0,8633
Orange,snipe,speed,Blue,snipe,speed,16,11,1,0,1,3,12004
Orange,snipe,speed,Blue,snipe,wall,16,16,0,0,0,0,9618
Orange,snipe,speed,Blue,freeze,heal,16,16,0,0,0,0,9021
Orange,snipe,speed,Blue,freeze,reinforcements,16,16,0,0,0,0,8159
Orange,snipe,speed,Blue,freeze,speed,16,16,0,0,0,0,9658
Orange,snipe,speed,Blue,freeze,wall,16,16,0,0,0,0,8718
Orange,snipe,speed,Green,nuke,heal,16,16,0,0,0,0,8499
Orange,snipe,speed,Green,nuke,reinforcements,16,16,0,0,0,0,8633
Orange,snipe,speed,Green,nuke,speed,16,7,0,0,0,9,8280
Orange,snipe,speed,Green,nuke,wall,16,16,0,0,0,0,8907
Orange,snipe,speed,Green,firebomb,heal,16,16,0,0,0,0,8829
Orange,snipe,speed,Green,firebomb,reinforcements,16,15,0,0,1,0,8638
Orange,snipe,speed,Green,firebomb,speed,16,0,3,0,11,2,17007
Orange,snipe,speed,Green,firebomb,wall,16,16,0,0,0,0,8962
Orange,snipe,speed,Green,snipe,heal,16,11,0,0,0,5,11170
Orange,snipe,speed,Green,snipe,reinforcements,16,0,0,0,0,16,7642
Orange,snipe,speed,Green,snipe,speed,16,0,0,0,0,16,8377
Orange,snipe,speed,Green,snipe,wall,16,13,0,0,0,3,11325
Orange,snipe,speed,Green,freeze,heal,16,16,0,0,0,0,8721
Orange,snipe,speed,Green,freeze,reinforcements,16,8,0,0,0,8,8993
Orange,snipe,speed,Green,freeze,speed,16,2,4,0,0,10,10952
Orange,snipe,speed,Green,freeze,wall,16,16,0,0,0,0,8867
Orange,snipe,speed,Orange,nuke,heal,16,16,0,0,0,0,9297
Orange,snipe,speed,Orange,nuke,reinforcements,16,16,0,0,0,0,7185
Orange,snipe,speed,Orange,nuke,speed,16,16,0,0,0,0,9899
Orange,snipe,speed,Orange,nuke,wall,16,16,0,0,0,0,9054
Orange,snipe,speed,Orange,firebomb,heal,16,16,0,0,0,0,9203
Orange,snipe,speed,Orange,firebomb,reinforcements,16,16,0,0,0,0,7173
Orange,snipe,speed,Orange,firebomb,speed,16,16,0,0,0,0,9638
Orange,snipe,speed,Orange,firebomb,wall,16,16,0,0,0,0,9259
Orange,snipe,speed,Orange,snipe,heal,16,16,0,0,0,0,10289
Orange,snipe,speed,Orange,snipe,reinforcements,16,16,0,0,0,0,7231
Orange,snipe,speed,Orange,snipe,speed,16,5,1,7,0,3,15036
Orange,snipe,speed,Orange,snipe,wall,16,16,0,0,0,0,10714
Orange,snipe,speed,Orange,freeze,heal,16,16,0,0,0,0,9143
Orange,snipe,speed,Orange,freeze,reinforcements,16,16,0,0,0,0,6957
Orange,snipe,speed,Orange,freeze,speed,16,16,0,0,0,0,9576
Orange,snipe,speed,Orange,freeze,wall,16,16,0,0,0,0,8915
Orange,snipe,speed,Purple,nuke,heal,16,14,0,0,1,1,11687
Orange,snipe,speed,Purple,nuke,reinforcements,16,16,0,0,0,0,6988
Orange,snipe,speed,Purple,nuke,speed,16,14,0,0,0,2,10489
Orange,snipe,speed,Purple,nuke,wall,16,16,0,0,0,0,10418
Orange,snipe,speed,Purple,firebomb,heal,16,16,0,0,0,0,9521
Orange,snipe,speed,Purple,firebomb,reinforcements,16,16,0,0,0,0,7399
Orange,snipe,speed,Purple,firebomb,speed,16,1,2,0,5,8,13492
Orange,snipe,speed,Purple,firebomb,wall,16,16,0,0,0,0,9835
Orange,snipe,speed,Purple,snipe,heal,16,10,2,0,1,3,11615
Orange,snipe,speed,Purple,snipe,reinforcements,16,16,0,0,0,0,7372
Orange,snipe,speed,Purple,snipe,speed,16,1,2,0,4,9,14566
Orange,snipe,speed,Purple,snipe,wall,16,10,1,0,3,2,12211
Orange,snipe,speed,Purple,freeze,heal,16,15,0,0,0,1,9204
Orange,snipe,speed,Purple,freeze,reinforcements,16,16,0,0,0,0,7186
Orange,snipe,speed,Purple,freeze,speed,16,16,0,0,0,0,10662
Orange,snipe,speed,Purple,freeze,wall,16,16,0,0,0,0,10580
Orange,snipe,speed,Red,nuke,heal,16,15,0,0,0,1,8311
Orange,snipe,speed,Red,nuke,reinforcements,16,16,0,0,0,0,6848
Orange,snipe,speed,Red,nuke,speed,16,9,1,0,0,6,12603
Orange,snipe,speed,Red,nuke,wall,16,16,0,0,0,0,8560
Orange,snipe,speed,Red,firebomb,heal,16,16,0,0,0,0,8548
Orange,snipe,speed,Red,firebomb,reinforcements,16,16,0,0,0,0,7018
Orange,snipe,speed,Red,firebomb,speed,16,0,1,0,13,2,17264
Orange,snipe,speed,Red,firebomb,wall,16,16,0,0,0,0,8453
Orange,snipe,speed,Red,snipe,heal,16,7,5,0,4,0,15342
Orange,snipe,speed,Red,snipe,reinforcements,16,1,0,0,0,15,8156
Orange,snipe,speed,Red,snipe,speed,16,0,0,0,0,16,9253
Orange,snipe,speed,Red,snipe,wall,16,14,0,0,2,0,11889
Orange,snipe,speed,Red,freeze,heal,16,16,0,0,0,0,8358
Orange,snipe,speed,Red,freeze,reinforcements,16,16,0,0,0,0,7116
Orange,snipe,speed,Red,freeze,speed,16,11,0,0,0,5,11899
Orange,snipe,speed,Red,freeze,wall,16,16,0,0,0,0,8713
Orange,snipe,speed,White,nuke,heal,16,16,0,0,0,0,7702
Orange,snipe,speed,White,nuke,reinforcements,16,16,0,0,0,0,4936
Orange,snipe,speed,White,nuke,speed,16,16,0,0,0,0,8113
Orange,snipe,speed,White,nuke,wall,16,16,0,0,0,0,7784
Orange,snipe,speed,White,firebomb,heal,16,16,0,0,0,0,7774
Orange,snipe,speed,White,firebomb,reinforcements,16,16,0,0,0,0,4913
Orange,snipe,speed,White,firebomb,speed,16,16,0,0,0,0,8145
Orange,snipe,speed,White,firebomb,wall,16,16,0,0,0,0,7756
Orange,snipe,speed,White,snipe,heal,16,16,0,0,0,0,8035
Orange,snipe,speed,White,snipe,reinforcements,16,16,0,0,0,0,4947
Orange,snipe,speed,White,snipe,speed,16,16,0,0,0,0,8735
Orange,snipe,speed,White,snipe,wall,16,16,0,0,0,0,8125
Orange,snipe,speed,White,freeze,heal,16,16,0,0,0,0,7672
Orange,snipe,speed,White,freeze,reinforcements,16,16,0,0,0,0,5037
Orange,snipe,speed,White,freeze,speed,16,16,0,0,0,0,8104
Orange,snipe,speed,White,freeze,wall,16,16,0,0,0,0,7818
Orange,snipe,speed,Yellow,nuke,heal,16,10,0,0,0,6,7452
Orange,snipe,speed,Yellow,nuke,reinforcements,16,16,0,0,0,0,7234
Orange,snipe,speed,Yellow,nuke,speed,16,13,0,0,0,3,9411
Orange,snipe,speed,Yellow,nuke,wall,16,14,0,0,0,2,8340
Orange,snipe,speed,Yellow,firebomb,heal,16,15,0,0,0,1,8347
Orange,snipe,speed,Yellow,firebomb,reinforcements,16,16,0,0,0,0,7217
Orange,snipe,speed,Yellow,firebomb,speed,16,16,0,0,0,0,9227
Orange,snipe,speed,Yellow,firebomb,wall,16,16,0,0,0,0,8535
Orange,snipe,speed,Yellow,snipe,heal,16,10,0,0,0,6,9055
Orange,snipe,speed,Yellow,snipe,reinforcements,16,16,0,0,0,0,7343
Orange,snipe,speed,Yellow,snipe,speed,16,2,0,0,1,13,11656
Orange,snipe,speed,Yellow,snipe,wall,16,15,0,0,0,1,9311
Orange,snipe,speed,Yellow,freeze,heal,16,16,0,0,0,0,9233
Orange,snipe,speed,Yellow,freeze,reinforcements,16,16,0,0,0,0,7450
Orange,snipe,speed,Yellow,freeze,speed,16,15,0,0,0,1,9337
Orange,snipe,speed,Yellow,freeze,wall,16,16,0,0,0,0,8595
Orange,snipe,wall,Black,nuke,heal,16,16,0,0,0,0,6546
Orange,snipe,wall,Black,nuke,reinforcements,16,16,0,0,0,0,9624
Orange,snipe,wall,Black,nuke,speed,16,16,0,0,0,0,6412
Orange,snipe,wall,Black,nuke,wall,16,16,0,0,0,0,7725
Orange,snipe,wall,Black,firebomb,heal,16,16,0,0,0,0,8516
Orange,snipe,wall,Black,firebomb,reinforcements,16,16,0,0,0,0,10289
Orange,snipe,wall,Black,firebomb,speed,16,16,0,0,0,0,9473
Orange,snipe,wall,Black,firebomb,wall,16,16,0,0,0,0,8505
Orange,snipe,wall,Black,snipe,heal,16,15,0,0,0,1,9595
Orange,snipe,wall,Black,snipe,reinforcements,16,0,0,0,0,16,7566
Orange,snipe,wall,Black,snipe,speed,16,0,0,0,0,16,9277
Orange,snipe,wall,Black,snipe,wall,16,16,0,0,0,0,9450
Orange,snipe,wall,Black,freeze,heal,16,16,0,0,0,0,9197
Orange,snipe,wall,Black,freeze,reinforcements,16,16,0,0,0,0,8697
Orange,snipe,wall,Black,freeze,speed,16,12,0,0,0,4,10294
Orange,snipe,wall,Black,freeze,wall,16,16,0,0,0,0,8596
Orange,snipe,wall,Blue,nuke,heal,16,16,0,0,0,0,5792
Orange,snipe,wall,Blue,nuke,reinforcements,16,16,0,0,0,0,11298
Orange,snipe,wall,Blue,nuke,speed,16,16,0,0,0,0,6162
Orange,snipe,wall,Blue,nuke,wall,16,16,0,0,0,0,5790
Orange,snipe,wall,Blue,firebomb,heal,16,16,0,0,0,0,8482
Orange,snipe,wall,Blue,firebomb,reinforcements,16,16,0,0,0,0,11115
Orange,snipe,wall,Blue,firebomb,speed,16,16,0,0,0,0,9433
Orange,snipe,wall,Blue,firebomb,wall,16,16,0,0,0,0,8399
Orange,snipe,wall,Blue,snipe,heal,16,13,0,0,0,3,10186
Orange,snipe,wall,Blue,snipe,reinforcements,16,0,0,0,0,16,6860
Orange,snipe,wall,Blue,snipe,speed,16,0,0,0,0,16,10378
Orange,snipe,wall,Blue,snipe,wall,16,16,0,0,0,0,9287
Orange,snipe,wall,Blue,freeze,heal,16,16,0,0,0,0,8868
Orange,snipe,wall,Blue,freeze,reinforcements,16,16,0,0,0,0,10498
Orange,snipe,wall,Blue,freeze,speed,16,16,0,0,0,0,10224
Orange,snipe,wall,Blue,freeze,wall,16,16,0,0,0,0,8469
Orange,snipe,wall,Green,nuke,heal,16,11,0,0,0,5,7867
Orange,snipe,wall,Green,nuke,reinforcements,16,0,0,0,0,16,6052
Orange,snipe,wall,Green,nuke,speed,16,16,0,0,0,0,5507
Orange,snipe,wall,Green,nuke,wall,16,1,0,0,0,15,10211
Orange,snipe,wall,Green,firebomb,heal,16,10,0,0,0,6,10345
Orange,snipe,wall,Green,firebomb,reinforcements,16,1,2,0,0,13,11509
Orange,snipe,wall,Green,firebomb,speed,16,0,0,0,0,16,9962
Orange,snipe,wall,Green,firebomb,wall,16,0,0,0,0,16,10757
Orange,snipe,wall,Green,snipe,heal,16,0,0,0,0,16,8890
Orange,snipe,wall,Green,snipe,reinforcements,16,0,0,0,0,16,6010
Orange,snipe,wall,Green,snipe,speed,16,0,0,0,0,16,7924
Orange,snipe,wall,Green,snipe,wall,16,0,0,0,0,16,9918
Orange,snipe,wall,Green,freeze,heal,16,1,0,0,0,15,9691
Orange,snipe,wall,Green,freeze,reinforcements,16,0,0,0,0,16,6207
Orange,snipe,wall,Green,freeze,speed,16,0,0,0,0,16,9086
Orange,snipe,wall,Green,freeze,wall,16,5,0,0,0,11,9314
Orange,snipe,wall,Orange,nuke,heal,16,16,0,0,0,0,5246
Orange,snipe,wall,Orange,nuke,reinforcements,16,16,0,0,0,0,6195
Orange,snipe,wall,Orange,nuke,speed,16,16,0,0,0,0,5662
Orange,snipe,wall,Orange,nuke,wall,16,16,0,0,0,0,6613
Orange,snipe,wall,Orange,firebomb,heal,16,16,0,0,0,0,9428
Orange,snipe,wall,Orange,firebomb,reinforcements,16,7,0,0,0,9,9313
Orange,snipe,wall,Orange,firebomb,speed,16,13,0,0,0,3,11150
Orange,snipe,wall,Orange,firebomb,wall,16,16,0,0,0,0,9125
Orange,snipe,wall,Orange,snipe,heal,16,0,0,0,0,16,10840
Orange,snipe,wall,Orange,snipe,reinforcements,16,16,0,0,0,0,6268
Orange,snipe,wall,Orange,snipe,speed,16,0,0,0,0,16,10342
Orange,snipe,wall,Orange,snipe,wall,16,5,0,2,0,9,10830
Orange,snipe,wall,Orange,freeze,heal,16,16,0,0,0,0,9042
Orange,snipe,wall,Orange,freeze,reinforcements,16,14,0,0,0,2,9673
Orange,snipe,wall,Orange,freeze,speed,16,16,0,0,0,0,10299
Orange,snipe,wall,Orange,freeze,wall,16,16,0,0,0,0,8843
Orange,snipe,wall,Purple,nuke,heal,16,16,0,0,0,0,8048
Orange,snipe,wall,Purple,nuke,reinforcements,16,16,0,0,0,0,9225
Orange,snipe,wall,Purple,nuke,speed,16,16,0,0,0,0,4984
Orange,snipe,wall,Purple,nuke,wall,16,13,0,0,0,3,9077
Orange,snipe,wall,Purple,firebomb,heal,16,16,0,0,0,0,10044
Orange,snipe,wall,Purple,firebomb,reinforcements,16,15,0,0,1,0,9509
Orange,snipe,wall,Purple,firebomb,speed,16,0,0,0,0,16,11416
Orange,snipe,wall,Purple,firebomb,wall,16,16,0,0,0,0,9597
Orange,snipe,wall,Purple,snipe,heal,16,2,0,0,0,14,11804
Orange,snipe,wall,Purple,snipe,reinforcements,16,12,3,0,1,0,13156
Orange,snipe,wall,Purple,snipe,speed,16,0,0,0,0,16,8558
Orange,snipe,wall,Purple,snipe,wall,16,0,0,0,0,16,11247
Orange,snipe,wall,Purple,freeze,heal,16,10,0,0,0,6,10462
Orange,snipe,wall,Purple,freeze,reinforcements,16,16,0,0,0,0,8884
Orange,snipe,wall,Purple,freeze,speed,16,0,0,0,0,16,10966
Orange,snipe,wall,Purple,freeze,wall,16,16,0,0,0,0,9380
Orange,snipe,wall,Red,nuke,heal,16,16,0,0,0,0,5323
Orange,snipe,wall,Red,nuke,reinforcements,16,16,0,0,0,0,5232
Orange,snipe,wall,Red,nuke,speed,16,12,0,0,0,4,6695
Orange,snipe,wall,Red,nuke,wall,16,14,0,0,0,2,8965
Orange,snipe,wall,Red,firebomb,heal,16,15,0,0,0,1,9928
Orange,snipe,wall,Red,firebomb,reinforcements,16,8,3,0,2,3,13889
Orange,snipe,wall,Red,firebomb,speed,16,2,0,0,0,14,10498
Orange,snipe,wall,Red,firebomb,wall,16,16,0,0,0,0,9616
Orange,snipe,wall,Red,snipe,heal,16,3,0,0,0,13,9970
Orange,snipe,wall,Red,snipe,reinforcements,16,0,0,0,0,16,6511
Orange,snipe,wall,Red,snipe,speed,16,0,0,0,0,16,8205
Orange,snipe,wall,Red,snipe,wall,16,1,0,0,0,15,10111
Orange,snipe,wall,Red,freeze,heal,16,3,0,0,0,13,10209
Orange,snipe,wall,Red,freeze,reinforcements,16,0,0,0,0,16,7199
Orange,snipe,wall,Red,freeze,speed,16,2,0,0,0,14,10513
Orange,snipe,wall,Red,freeze,wall,16,15,0,0,0,1,9764
Orange,snipe,wall,White,nuke,heal,16,16,0,0,0,0,5366
Orange,snipe,wall,White,nuke,reinforcements,16,16,0,0,0,0,4480
Orange,snipe,wall,White,nuke,speed,16,16,0,0,0,0,6149
Orange,snipe,wall,White,nuke,wall,16,16,0,0,0,0,7005
Orange,snipe,wall,White,firebomb,heal,16,16,0,0,0,0,7763
Orange,snipe,wall,White,firebomb,reinforcements,16,16,0,0,0,0,5330
Orange,snipe,wall,White,firebomb,speed,16,16,0,0,0,0,8226
Orange,snipe,wall,White,firebomb,wall,16,16,0,0,0,0,7750
Orange,snipe,wall,White,snipe,heal,16,16,0,0,0,0,8880
Orange,snipe,wall,White,snipe,reinforcements,16,16,0,0,0,0,5061
Orange,snipe,wall,White,snipe,speed,16,12,0,0,0,4,9913
Orange,snipe,wall,White,snipe,wall,16,16,0,0,0,0,8259
Orange,snipe,wall,White,freeze,heal,16,16,0,0,0,0,7752
Orange,snipe,wall,White,freeze,reinforcements,16,16,0,0,0,0,5058
Orange,snipe,wall,White,freeze,speed,16,16,0,0,0,0,9120
Orange,snipe,wall,White,freeze,wall,16,16,0,0,0,0,7695
Orange,snipe,wall,Yellow,nuke,heal,16,14,0,0,0,2,8505
Orange,snipe,wall,Yellow,nuke,reinforcements,16,16,0,0,0,0,8450
Orange,snipe,wall,Yellow,nuke,speed,16,12,0,0,0,4,9143
Orange,snipe,wall,Yellow,nuke,wall,16,16,0,0,0,0,8355
Orange,snipe,wall,Yellow,firebomb,heal,16,16,0,0,0,0,8372
Orange,snipe,wall,Yellow,firebomb,reinforcements,16,16,0,0,0,0,9386
Orange,snipe,wall,Yellow,firebomb,speed,16,16,0,0,0,0,9277
Orange,snipe,wall,Yellow,firebomb,wall,16,16,0,0,0,0,8363
Orange,snipe,wall,Yellow,snipe,heal,16,13,0,0,0,3,9506
Orange,snipe,wall,Yellow,snipe,reinforcements,16,4,11,0,0,1,17026
Orange,snipe,wall,Yellow,snipe,speed,16,0,0,0,0,16,10073
Orange,snipe,wall,Yellow,snipe,wall,16,12,0,0,0,4,9272
Orange,snipe,wall,Yellow,freeze,heal,16,16,0,0,0,0,8727
Orange,snipe,wall,Yellow,freeze,reinforcements,16,16,0,0,0,0,10259
Orange,snipe,wall,Yellow,freeze,speed,16,5,0,0,0,11,10584
Orange,snipe,wall,Yellow,freeze,wall,16,16,0,0,0,0,8344
Orange,freeze,heal,Black,nuke,heal,16,6,0,0,0,10,8907
Orange,freeze,heal,Black,nuke,reinforcements,16,16,0,0,0,0,9962
Orange,freeze,heal,Black,nuke,speed,16,1,0,0,0,15,8913
Orange,freeze,heal,Black,nuke,wall,16,15,0,0,0,1,8643
Orange,freeze,heal,Black,firebomb,heal,16,16,0,0,0,0,8716
Orange,freeze,heal,Black,firebomb,reinforcements,16,14,0,0,0,2,10713
Orange,freeze,heal,Black,firebomb,speed,16,1,0,0,0,15,9235
Orange,freeze,heal,Black,firebomb,wall,16,16,0,0,0,0,8547
Orange,freeze,heal,Black,snipe,heal,16,0,0,0,0,16,8888
Orange,freeze,heal,Black,snipe,reinforcements,16,1,0,0,2,13,12806
Orange,freeze,heal,Black,snipe,speed,16,0,0,0,0,16,9064
Orange,freeze,heal,Black,snipe,wall,16,3,0,0,0,13,9173
Orange,freeze,heal,Black,freeze,heal,16,13,0,0,0,3,8903
Orange,freeze,heal,Black,freeze,reinforcements,16,15,0,0,0,1,9905
Orange,freeze,heal,Black,freeze,speed,16,1,0,0,0,15,9181
Orange,freeze,heal,Black,freeze,wall,16,15,0,0,0,1,8593
Orange,freeze,heal,Blue,nuke,heal,16,14,0,0,0,2,8913
Orange,freeze,heal,Blue,nuke,reinforcements,16,16,0,0,0,0,10275
Orange,freeze,heal,Blue,nuke,speed,16,10,0,0,0,6,9418
Orange,freeze,heal,Blue,nuke,wall,16,16,0,0,0,0,8538
Orange,freeze,heal,Blue,firebomb,heal,16,16,0,0,0,0,8760
Orange,freeze,heal,Blue,firebomb,reinforcements,16,16,0,0,0,0,10845
Orange,freeze,heal,Blue,firebomb,speed,16,3,0,0,0,13,9232
Orange,freeze,heal,Blue,firebomb,wall,16,16,0,0,0,0,8553
Orange,freeze,heal,Blue,snipe,heal,16,2,0,0,0,14,9731
Orange,freeze,heal,Blue,snipe,reinforcements,16,5,9,0,2,0,16306
Orange,freeze,heal,Blue,snipe,speed,16,0,0,0,0,16,9275
Orange,freeze,heal,Blue,snipe,wall,16,4,0,2,0,10,9494
Orange,freeze,heal,Blue,freeze,heal,16,16,0,0,0,0,8691
Orange,freeze,heal,Blue,freeze,reinforcements,16,16,0,0,0,0,10036
Orange,freeze,heal,Blue,freeze,speed,16,3,0,0,0,13,9593
Orange,freeze,heal,Blue,freeze,wall,16,16,0,0,0,0,8420
Orange,freeze,heal,Green,nuke,heal,16,6,0,0,0,10,7461
Orange,freeze,heal,Green,nuke,reinforcements,16,0,0,0,1,15,10676
Orange,freeze,heal,Green,nuke,speed,16,1,0,0,0,15,7031
Orange,freeze,heal,Green,nuke,wall,16,8,0,0,0,8,7530
Orange,freeze,heal,Green,firebomb,heal,16,0,0,0,0,16,8807
Orange,freeze,heal,Green,firebomb,reinforcements,16,0,0,0,0,16,10025
Orange,freeze,heal,Green,firebomb,speed,16,0,0,0,0,16,8782
Orange,freeze,heal,Green,firebomb,wall,16,0,0,0,0,16,9169
Orange,freeze,heal,Green,snipe,heal,16,0,0,0,0,16,7859
Orange,freeze,heal,Green,snipe,reinforcements,16,0,0,0,0,16,8915
Orange,freeze,heal,Green,snipe,speed,16,0,0,0,0,16,7572
Orange,freeze,heal,Green,snipe,wall,16,1,0,0,0,15,8712
Orange,freeze,heal,Green,freeze,heal,16,0,0,0,0,16,9070
Orange,freeze,heal,Green,freeze,reinforcements,16,0,0,0,0,16,10434
Orange,freeze,heal,Green,freeze,speed,16,0,0,0,0,16,7302
Orange,freeze,heal,Green,freeze,wall,16,0,0,0,0,16,9057
Orange,freeze,heal,Orange,nuke,heal,16,2,0,0,0,14,9226
Orange,freeze,heal,Orange,nuke,reinforcements,16,14,0,0,0,2,13605
Orange,freeze,heal,Orange,nuke,speed,16,1,0,0,0,15,9146
Orange,freeze,heal,Orange,nuke,wall,16,16,0,0,0,0,7796
Orange,freeze,heal,Orange,firebomb,heal,16,0,0,0,0,16,9240
Orange,freeze,heal,Orange,firebomb,reinforcements,16,3,0,0,5,8,15712
Orange,freeze,heal,Orange,firebomb,speed,16,0,0,0,0,16,9133
Orange,freeze,heal,Orange,firebomb,wall,16,5,0,1,0,10,9375
Orange,freeze,heal,Orange,snipe,heal,16,0,0,0,0,16,9106
Orange,freeze,heal,Orange,snipe,reinforcements,16,0,0,0,0,16,10550
Orange,freeze,heal,Orange,snipe,speed,16,0,0,0,0,16,9187
Orange,freeze,heal,Orange,snipe,wall,16,0,0,0,0,16,9081
Orange,freeze,heal,Orange,freeze,heal,16,2,0,7,0,7,9571
Orange,freeze,heal,Orange,freeze,reinforcements,16,16,0,0,0,0,12102
Orange,freeze,heal,Orange,freeze,speed,16,1,0,0,0,15,9398
Orange,freeze,heal,Orange,freeze,wall,16,16,0,0,0,0,8911
Orange,freeze,heal,Purple,nuke,heal,16,15,0,0,0,1,5392
Orange,freeze,heal,Purple,nuke,reinforcements,16,1,6,0,3,6,15353
Orange,freeze,heal,Purple,nuke,speed,16,2,0,0,0,14,8823
Orange,freeze,heal,Purple,nuke,wall,16,2,0,0,0,14,9125
Orange,freeze,heal,Purple,firebomb,heal,16,0,0,0,0,16,9127
Orange,freeze,heal,Purple,firebomb,reinforcements,16,0,9,0,4,3,16679
Orange,freeze,heal,Purple,firebomb,speed,16,0,0,0,0,16,8989
Orange,freeze,heal,Purple,firebomb,wall,16,0,0,0,0,16,9220
Orange,freeze,heal,Purple,snipe,heal,16,0,0,0,0,16,9156
Orange,freeze,heal,Purple,snipe,reinforcements,16,0,7,0,0,9,14158
Orange,freeze,heal,Purple,snipe,speed,16,0,0,0,0,16,8176
Orange,freeze,heal,Purple,snipe,wall,16,0,0,0,0,16,9168
Orange,freeze,heal,Purple,freeze,heal,16,1,0,0,0,15,9216
Orange,freeze,heal,Purple,freeze,reinforcements,16,6,4,0,3,3,16365
Orange,freeze,heal,Purple,freeze,speed,16,0,0,0,0,16,9312
Orange,freeze,heal,Purple,freeze,wall,16,6,0,0,0,10,9290
Orange,freeze,heal,Red,nuke,heal,16,5,0,0,0,11,8022
Orange,freeze,heal,Red,nuke,reinforcements,16,0,0,0,3,13,13392
Orange,freeze,heal,Red,nuke,speed,16,1,0,0,0,15,8842
Orange,freeze,heal,Red,nuke,wall,16,2,0,0,0,14,8837
Orange,freeze,heal,Red,firebomb,heal,16,0,0,0,0,16,8367
Orange,freeze,heal,Red,firebomb,reinforcements,16,4,8,0,2,2,15481
Orange,freeze,heal,Red,firebomb,speed,16,0,0,0,0,16,8829
Orange,freeze,heal,Red,firebomb,wall,16,1,0,0,0,15,9197
Orange,freeze,heal,Red,snipe,heal,16,0,0,0,0,16,8427
Orange,freeze,heal,Red,snipe,reinforcements,16,0,2,0,3,11,12888
Orange,freeze,heal,Red,snipe,speed,16,0,0,0,0,16,7614
Orange,freeze,heal,Red,snipe,wall,16,0,0,0,0,16,8994
Orange,freeze,heal,Red,freeze,heal,16,1,0,0,0,15,8664
Orange,freeze,heal,Red,freeze,reinforcements,16,6,5,0,1,4,13435
Orange,freeze,heal,Red,freeze,speed,16,1,0,0,0,15,9003
Orange,freeze,heal,Red,freeze,wall,16,2,0,0,0,14,9231
Orange,freeze,heal,White,nuke,heal,16,10,0,1,0,5,8471
Orange,freeze,heal,White,nuke,reinforcements,16,16,0,0,0,0,8317
Orange,freeze,heal,White,nuke,speed,16,4,0,0,0,12,8002
Orange,freeze,heal,White,nuke,wall,16,16,0,0,0,0,8092
Orange,freeze,heal,White,firebomb,heal,16,16,0,0,0,0,8209
Orange,freeze,heal,White,firebomb,reinforcements,16,16,0,0,0,0,8374
Orange,freeze,heal,White,firebomb,speed,16,15,0,0,0,1,8564
Orange,freeze,heal,White,firebomb,wall,16,16,0,0,0,0,7860
Orange,freeze,heal,White,snipe,heal,16,2,0,0,0,14,8378
Orange,freeze,heal,White,snipe,reinforcements,16,16,0,0,0,0,9252
Orange,freeze,heal,White,snipe,speed,16,2,0,0,0,14,8135
Orange,freeze,heal,White,snipe,wall,16,12,0,0,0,4,9010
Orange,freeze,heal,White,freeze,heal,16,9,0,0,0,7,8505
Orange,freeze,heal,White,freeze,reinforcements,16,16,0,0,0,0,6789
Orange,freeze,heal,White,freeze,speed,16,3,0,0,0,13,8125
Orange,freeze,heal,White,freeze,wall,16,16,0,0,0,0,8108
Orange,freeze,heal,Yellow,nuke,heal,16,9,0,0,0,7,8570
Orange,freeze,heal,Yellow,nuke,reinforcements,16,16,0,0,0,0,9808
Orange,freeze,heal,Yellow,nuke,speed,16,0,0,0,0,16,8512
Orange,freeze,heal,Yellow,nuke,wall,16,7,0,0,0,9,8614
Orange,freeze,heal,Yellow,firebomb,heal,16,14,0,0,0,2,8627
Orange,freeze,heal,Yellow,firebomb,reinforcements,16,16,0,0,0,0,10382
Orange,freeze,heal,Yellow,firebomb,speed,16,5,0,0,0,11,9101
Orange,freeze,heal,Yellow,firebomb,wall,16,16,0,0,0,0,8565
Orange,freeze,heal,Yellow,snipe,heal,16,0,0,0,0,16,8806
Orange,freeze,heal,Yellow,snipe,reinforcements,16,0,1,0,0,15,10244
Orange,freeze,heal,Yellow,snipe,speed,16,0,0,0,0,16,8387
Orange,freeze,heal,Yellow,snipe,wall,16,1,0,0,0,15,8816
Orange,freeze,heal,Yellow,freeze,heal,16,14,0,0,0,2,8828
Orange,freeze,heal,Yellow,freeze,reinforcements,16,15,0,0,0,1,9605
Orange,freeze,heal,Yellow,freeze,speed,16,0,0,0,0,16,8335
Orange,freeze,heal,Yellow,freeze,wall,16,12,0,0,0,4,8557
Orange,freeze,reinforcements,Black,nuke,heal,16,16,0,0,0,0,3129
Orange,freeze,reinforcements,Black,nuke,reinforcements,16,16,0,0,0,0,4054
Orange,freeze,reinforcements,Black,nuke,speed,16,16,0,0,0,0,3129
Orange,freeze,reinforcements,Black,nuke,wall,16,12,0,0,0,4,6164
Orange,freeze,reinforcements,Black,firebomb,heal,16,9,0,0,0,7,10468
Orange,freeze,reinforcements,Black,firebomb,reinforcements,16,0,0,0,0,16,6500
Orange,freeze,reinforcements,Black,firebomb,speed,16,0,0,0,0,16,9966
Orange,freeze,reinforcements,Black,firebomb,wall,16,16,0,0,0,0,8744
Orange,freeze,reinforcements,Black,snipe,heal,16,0,0,0,0,16,7960
Orange,freeze,reinforcements,Black,snipe,reinforcements,16,0,0,0,0,16,6496
Orange,freeze,reinforcements,Black,snipe,speed,16,0,0,0,0,16,7366
Orange,freeze,reinforcements,Black,snipe,wall,16,0,0,0,0,16,6393
Orange,freeze,reinforcements,Black,freeze,heal,16,13,0,0,0,3,9486
Orange,freeze,reinforcements,Black,freeze,reinforcements,16,14,0,0,0,2,12479
Orange,freeze,reinforcements,Black,freeze,speed,16,2,0,0,0,14,9166
Orange,freeze,reinforcements,Black,freeze,wall,16,10,0,0,0,6,9735
Orange,freeze,reinforcements,Blue,nuke,heal,16,16,0,0,0,0,3569
Orange,freeze,reinforcements,Blue,nuke,reinforcements,16,0,0,0,0,16,6307
Orange,freeze,reinforcements,Blue,nuke,speed,16,16,0,0,0,0,3569
Orange,freeze,reinforcements,Blue,nuke,wall,16,0,0,0,0,16,6334
Orange,freeze,reinforcements,Blue,firebomb,heal,16,0,0,0,0,16,7621
Orange,freeze,reinforcements,Blue,firebomb,reinforcements,16,0,0,0,0,16,6310
Orange,freeze,reinforcements,Blue,firebomb,speed,16,0,0,0,0,16,6082
Orange,freeze,reinforcements,Blue,firebomb,wall,16,0,0,0,0,16,6522
Orange,freeze,reinforcements,Blue,snipe,heal,16,0,0,0,0,16,5566
Orange,freeze,reinforcements,Blue,snipe,reinforcements,16,0,0,0,0,16,6288
Orange,freeze,reinforcements,Blue,snipe,speed,16,0,0,0,0,16,6805
Orange,freeze,reinforcements,Blue,snipe,wall,16,0,0,0,0,16,5607
Orange,freeze,reinforcements,Blue,freeze,heal,16,0,0,0,0,16,7020
Orange,freeze,reinforcements,Blue,freeze,reinforcements,16,0,0,0,0,16,6299
Orange,freeze,reinforcements,Blue,freeze,speed,16,0,0,0,0,16,6527
Orange,freeze,reinforcements,Blue,freeze,wall,16,0,0,0,0,16,6946
Orange,freeze,reinforcements,Green,nuke,heal,16,16,0,0,0,0,3109
Orange,freeze,reinforcements,Green,nuke,reinforcements,16,4,0,0,0,12,6135
Orange,freeze,reinforcements,Green,nuke,speed,16,16,0,0,0,0,3109
Orange,freeze,reinforcements,Green,nuke,wall,16,0,0,0,0,16,6397
Orange,freeze,reinforcements,Green,firebomb,heal,16,0,0,0,0,16,7612
Orange,freeze,reinforcements,Green,firebomb,reinforcements,16,0,0,0,0,16,6303
Orange,freeze,reinforcements,Green,firebomb,speed,16,0,0,0,0,16,6550
Orange,freeze,reinforcements,Green,firebomb,wall,16,0,0,0,0,16,5918
Orange,freeze,reinforcements,Green,snipe,heal,16,0,0,0,0,16,5451
Orange,freeze,reinforcements,Green,snipe,reinforcements,16,0,0,0,0,16,6888
Orange,freeze,reinforcements,Green,snipe,speed,16,0,0,0,0,16,5860
Orange,freeze,reinforcements,Green,snipe,wall,16,0,0,0,0,16,6368
Orange,freeze,reinforcements,Green,freeze,heal,16,0,0,0,0,16,6300
Orange,freeze,reinforcements,Green,freeze,reinforcements,16,0,0,0,0,16,6532
Orange,freeze,reinforcements,Green,freeze,speed,16,0,0,0,0,16,6363
Orange,freeze,reinforcements,Green,freeze,wall,16,0,0,0,0,16,5921
Orange,freeze,reinforcements,Orange,nuke,heal,16,16,0,0,0,0,3159
Orange,freeze,reinforcements,Orange,nuke,reinforcements,16,16,0,0,0,0,3865
Orange,freeze,reinforcements,Orange,nuke,speed,16,16,0,0,0,0,3159
Orange,freeze,reinforcements,Orange,nuke,wall,16,16,0,0,0,0,8322
Orange,freeze,reinforcements,Orange,firebomb,heal,16,0,0,0,0,16,13248
Orange,freeze,reinforcements,Orange,firebomb,reinforcements,16,12,2,0,2,0,9931
Orange,freeze,reinforcements,Orange,firebomb,speed,16,0,0,0,0,16,9947
Orange,freeze,reinforcements,Orange,firebomb,wall,16,16,0,0,0,0,7483
Orange,freeze,reinforcements,Orange,snipe,heal,16,0,0,0,0,16,8079
Orange,freeze,reinforcements,Orange,snipe,reinforcements,16,0,0,0,0,16,6698
Orange,freeze,reinforcements,Orange,snipe,speed,16,0,0,0,0,16,6987
Orange,freeze,reinforcements,Orange,snipe,wall,16,14,0,0,0,2,8263
Orange,freeze,reinforcements,Orange,freeze,heal,16,1,0,0,0,15,12332
Orange,freeze,reinforcements,Orange,freeze,reinforcements,16,5,4,0,5,2,13256
Orange,freeze,reinforcements,Orange,freeze,speed,16,0,0,0,0,16,10663
Orange,freeze,reinforcements,Orange,freeze,wall,16,1,0,0,0,15,13763
Orange,freeze,reinforcements,Purple,nuke,heal,16,10,2,0,1,3,10075
Orange,freeze,reinforcements,Purple,nuke,reinforcements,16,2,0,0,0,14,7385
Orange,freeze,reinforcements,Purple,nuke,speed,16,16,0,0,0,0,4454
Orange,freeze,reinforcements,Purple,nuke,wall,16,16,0,0,0,0,8297
Orange,freeze,reinforcements,Purple,firebomb,heal,16,0,0,0,0,16,6612
Orange,freeze,reinforcements,Purple,firebomb,reinforcements,16,16,0,0,0,0,7731
Orange,freeze,reinforcements,Purple,firebomb,speed,16,0,0,0,0,16,6304
Orange,freeze,reinforcements,Purple,firebomb,wall,16,16,0,0,0,0,8435
Orange,freeze,reinforcements,Purple,snipe,heal,16,16,0,0,0,0,9702
Orange,freeze,reinforcements,Purple,snipe,reinforcements,16,2,0,0,0,14,7500
Orange,freeze,reinforcements,Purple,snipe,speed,16,0,0,0,0,16,6379
Orange,freeze,reinforcements,Purple,snipe,wall,16,16,0,0,0,0,8983
Orange,freeze,reinforcements,Purple,freeze,heal,16,0,0,0,0,16,6737
Orange,freeze,reinforcements,Purple,freeze,reinforcements,16,0,0,0,0,16,6563
Orange,freeze,reinforcements,Purple,freeze,speed,16,0,0,0,0,16,7197
Orange,freeze,reinforcements,Purple,freeze,wall,16,16,0,0,0,0,8733
Orange,freeze,reinforcements,Red,nuke,heal,16,16,0,0,0,0,3169
Orange,freeze,reinforcements,Red,nuke,reinforcements,16,0,0,0,0,16,6301
Orange,freeze,reinforcements,Red,nuke,speed,16,16,0,0,0,0,3169
Orange,freeze,reinforcements,Red,nuke,wall,16,6,0,0,0,10,6553
Orange,freeze,reinforcements,Red,firebomb,heal,16,0,0,0,0,16,7130
Orange,freeze,reinforcements,Red,firebomb,reinforcements,16,0,0,0,0,16,6195
Orange,freeze,reinforcements,Red,firebomb,speed,16,0,0,0,0,16,6846
Orange,freeze,reinforcements,Red,firebomb,wall,16,16,0,0,0,0,7195
Orange,freeze,reinforcements,Red,snipe,heal,16,0,0,0,0,16,6219
Orange,freeze,reinforcements,Red,snipe,reinforcements,16,0,0,0,0,16,6281
Orange,freeze,reinforcements,Red,snipe,speed,16,0,0,0,0,16,6152
Orange,freeze,reinforcements,Red,snipe,wall,16,0,0,0,0,16,6455
Orange,freeze,reinforcements,Red,freeze,heal,16,0,0,0,0,16,6750
Orange,freeze,reinforcements,Red,freeze,reinforcements,16,0,0,0,0,16,6279
Orange,freeze,reinforcements,Red,freeze,speed,16,0,0,0,0,16,6589
Orange,freeze,reinforcements,Red,freeze,wall,16,1,0,0,0,15,8174
Orange,freeze,reinforcements,White,nuke,heal,16,16,0,0,0,0,2879
Orange,freeze,reinforcements,White,nuke,reinforcements,16,16,0,0,0,0,5404
Orange,freeze,reinforcements,White,nuke,speed,16,16,0,0,0,0,2879
Orange,freeze,reinforcements,White,nuke,wall,16,16,0,0,0,0,6108
Orange,freeze,reinforcements,White,firebomb,heal,16,16,0,0,0,0,7535
Orange,freeze,reinforcements,White,firebomb,reinforcements,16,16,0,0,0,0,5265
Orange,freeze,reinforcements,White,firebomb,speed,16,15,0,0,0,1,8883
Orange,freeze,reinforcements,White,firebomb,wall,16,16,0,0,0,0,6115
Orange,freeze,reinforcements,White,snipe,heal,16,3,0,0,0,13,6868
Orange,freeze,reinforcements,White,snipe,reinforcements,16,16,0,0,0,0,5280
Orange,freeze,reinforcements,White,snipe,speed,16,0,0,0,0,16,6798
Orange,freeze,reinforcements,White,snipe,wall,16,11,0,0,0,5,7626
Orange,freeze,reinforcements,White,freeze,heal,16,14,0,0,0,2,8441
Orange,freeze,reinforcements,White,freeze,reinforcements,16,16,0,0,0,0,5579
Orange,freeze,reinforcements,White,freeze,speed,16,11,0,0,0,5,8986
Orange,freeze,reinforcements,White,freeze,wall,16,16,0,0,0,0,6514
Orange,freeze,reinforcements,Yellow,nuke,heal,16,16,0,0,0,0,3079
Orange,freeze,reinforcements,Yellow,nuke,reinforcements,16,16,0,0,0,0,7357
Orange,freeze,reinforcements,Yellow,nuke,speed,16,16,0,0,0,0,3079
Orange,freeze,reinforcements,Yellow,nuke,wall,16,13,0,0,0,3,7047
Orange,freeze,reinforcements,Yellow,firebomb,heal,16,2,0,0,0,14,7465
Orange,freeze,reinforcements,Yellow,firebomb,reinforcements,16,14,1,0,0,1,10535
Orange,freeze,reinforcements,Yellow,firebomb,speed,16,0,0,0,0,16,7062
Orange,freeze,reinforcements,Yellow,firebomb,wall,16,16,0,0,0,0,7821
Orange,freeze,reinforcements,Yellow,snipe,heal,16,0,0,0,0,16,6238
Orange,freeze,reinforcements,Yellow,snipe,reinforcements,16,16,0,0,0,0,7427
Orange,freeze,reinforcements,Yellow,snipe,speed,16,0,0,0,0,16,6057
Orange,freeze,reinforcements,Yellow,snipe,wall,16,0,0,0,0,16,6270
Orange,freeze,reinforcements,Yellow,freeze,heal,16,0,0,0,0,16,7832
Orange,freeze,reinforcements,Yellow,freeze,reinforcements,16,14,0,0,0,2,7952
Orange,freeze,reinforcements,Yellow,freeze,speed,16,0,0,0,0,16,6449
Orange,freeze,reinforcements,Yellow,freeze,wall,16,0,0,0,0,16,9112
Orange,freeze,speed,Black,nuke,heal,16,13,0,0,0,3,8484
Orange,freeze,speed,Black,nuke,reinforcements,16,16,0,0,0,0,10166
Orange,freeze,speed,Black,nuke,speed,16,9,0,0,0,7,9870
Orange,freeze,speed,Black,nuke,wall,16,15,0,0,0,1,8569
Orange,freeze,speed,Black,firebomb,heal,16,16,0,0,0,0,8964
Orange,freeze,speed,Black,firebomb,reinforcements,16,16,0,0,0,0,10688
Orange,freeze,speed,Black,firebomb,speed,16,11,0,0,0,5,9874
Orange,freeze,speed,Black,firebomb,wall,16,16,0,0,0,0,8660
Orange,freeze,speed,Black,snipe,heal,16,8,0,0,0,8,9822
Orange,freeze,speed,Black,snipe,reinforcements,16,6,5,0,5,0,15432
Orange,freeze,speed,Black,snipe,speed,16,1,0,0,0,15,9473
Orange,freeze,speed,Black,snipe,wall,16,16,0,0,0,0,9317
Orange,freeze,speed,Black,freeze,heal,16,14,0,0,0,2,9009
Orange,freeze,speed,Black,freeze,reinforcements,16,16,0,0,0,0,10095
Orange,freeze,speed,Black,freeze,speed,16,8,0,0,0,8,9722
Orange,freeze,speed,Black,freeze,wall,16,16,0,0,0,0,8702
Orange,freeze,speed,Blue,nuke,heal,16,16,0,0,0,0,8690
Orange,freeze,speed,Blue,nuke,reinforcements,16,16,0,0,0,0,10129
Orange,freeze,speed,Blue,nuke,speed,16,15,0,0,0,1,9645
Orange,freeze,speed,Blue,nuke,wall,16,16,0,0,0,0,8538
Orange,freeze,speed,Blue,firebomb,heal,16,16,0,0,0,0,8964
Orange,freeze,speed,Blue,firebomb,reinforcements,16,11,4,0,0,1,12204
Orange,freeze,speed,Blue,firebomb,speed,16,16,0,0,0,0,10252
Orange,freeze,speed,Blue,firebomb,wall,16,16,0,0,0,0,8534
Orange,freeze,speed,Blue,snipe,heal,16,13,0,2,0,1,10191
Orange,freeze,speed,Blue,snipe,reinforcements,16,14,1,0,1,0,13768
Orange,freeze,speed,Blue,snipe,speed,16,0,0,0,0,16,8886
Orange,freeze,speed,Blue,snipe,wall,16,16,0,0,0,0,9477
Orange,freeze,speed,Blue,freeze,heal,16,16,0,0,0,0,8898
Orange,freeze,speed,Blue,freeze,reinforcements,16,16,0,0,0,0,10006
Orange,freeze,speed,Blue,freeze,speed,16,15,0,0,0,1,9807
Orange,freeze,speed,Blue,freeze,wall,16,16,0,0,0,0,8478
Orange,freeze,speed,Green,nuke,heal,16,6,0,0,0,10,8084
Orange,freeze,speed,Green,nuke,reinforcements,16,2,2,0,0,12,11911
Orange,freeze,speed,Green,nuke,speed,16,7,0,0,0,9,6903
Orange,freeze,speed,Green,nuke,wall,16,0,0,0,0,16,9592
Orange,freeze,speed,Green,firebomb,heal,16,0,1,0,0,15,9829
Orange,freeze,speed,Green,firebomb,reinforcements,16,0,1,0,0,15,12552
Orange,freeze,speed,Green,firebomb,speed,16,1,0,0,0,15,9565
Orange,freeze,speed,Green,firebomb,wall,16,0,0,0,0,16,10348
Orange,freeze,speed,Green,snipe,heal,16,0,0,0,0,16,8975
Orange,freeze,speed,Green,snipe,reinforcements,16,0,0,0,0,16,10919
Orange,freeze,speed,Green,snipe,speed,16,0,0,0,0,16,7541
Orange,freeze,speed,Green,snipe,wall,16,1,0,0,0,15,9567
Orange,freeze,speed,Green,freeze,heal,16,0,0,0,0,16,9502
Orange,freeze,speed,Green,freeze,reinforcements,16,11,5,0,0,0,15190
Orange,freeze,speed,Green,freeze,speed,16,0,0,0,0,16,8240
Orange,freeze,speed,Green,freeze,wall,16,1,0,0,0,15,9914
Orange,freeze,speed,Orange,nuke,heal,16,16,0,0,0,0,9196
Orange,freeze,speed,Orange,nuke,reinforcements,16,16,0,0,0,0,10932
Orange,freeze,speed,Orange,nuke,speed,16,5,0,0,0,11,10300
Orange,freeze,speed,Orange,nuke,wall,16,16,0,0,0,0,8068
Orange,freeze,speed,Orange,firebomb,heal,16,16,0,0,0,0,9705
Orange,freeze,speed,Orange,firebomb,reinforcements,16,16,0,0,0,0,11073
Orange,freeze,speed,Orange,firebomb,speed,16,0,0,0,0,16,10562
Orange,freeze,speed,Orange,firebomb,wall,16,16,0,0,0,0,9413
Orange,freeze,speed,Orange,snipe,heal,16,0,0,0,0,16,10126
Orange,freeze,speed,Orange,snipe,reinforcements,16,5,8,0,2,1,16856
Orange,freeze,speed,Orange,snipe,speed,16,0,0,0,0,16,9640
Orange,freeze,speed,Orange,snipe,wall,16,0,0,1,0,15,10379
Orange,freeze,speed,Orange,freeze,heal,16,16,0,0,0,0,9418
Orange,freeze,speed,Orange,freeze,reinforcements,16,16,0,0,0,0,10164
Orange,freeze,speed,Orange,freeze,speed,16,3,0,10,0,3,10368
Orange,freeze,speed,Orange,freeze,wall,16,16,0,0,0,0,9028
Orange,freeze,speed,Purple,nuke,heal,16,12,1,0,0,3,8932
Orange,freeze,speed,Purple,nuke,reinforcements,16,16,0,0,0,0,13571
Orange,freeze,speed,Purple,nuke,speed,16,10,0,0,0,6,8091
Orange,freeze,speed,Purple,nuke,wall,16,16,0,0,0,0,9931
Orange,freeze,speed,Purple,firebomb,heal,16,9,0,0,0,7,10642
Orange,freeze,speed,Purple,firebomb,reinforcements,16,8,3,0,5,0,15081
Orange,freeze,speed,Purple,firebomb,speed,16,0,0,0,0,16,10756
Orange,freeze,speed,Purple,firebomb,wall,16,14,0,0,0,2,9899
Orange,freeze,speed,Purple,snipe,heal,16,0,2,0,0,14,11120
Orange,freeze,speed,Purple,snipe,reinforcements,16,6,4,0,5,1,15466
Orange,freeze,speed,Purple,snipe,speed,16,0,0,0,0,16,8403
Orange,freeze,speed,Purple,snipe,wall,16,0,2,0,0,14,11587
Orange,freeze,speed,Purple,freeze,heal,16,13,0,0,0,3,9970
Orange,freeze,speed,Purple,freeze,reinforcements,16,16,0,0,0,0,12558
Orange,freeze,speed,Purple,freeze,speed,16,0,0,0,0,16,10371
Orange,freeze,speed,Purple,freeze,wall,16,16,0,0,0,0,9803
Orange,freeze,speed,Red,nuke,heal,16,3,0,0,0,13,8776
Orange,freeze,speed,Red,nuke,reinforcements,16,5,7,0,4,0,14988
Orange,freeze,speed,Red,nuke,speed,16,5,0,0,0,11,8421
Orange,freeze,speed,Red,nuke,wall,16,14,0,0,0,2,10004
Orange,freeze,speed,Red,firebomb,heal,16,14,0,0,0,2,10401
Orange,freeze,speed,Red,firebomb,reinforcements,16,13,2,0,1,0,9696
Orange,freeze,speed,Red,firebomb,speed,16,4,0,0,0,12,9297
Orange,freeze,speed,Red,firebomb,wall,16,14,0,0,0,2,10191
Orange,freeze,speed,Red,snipe,heal,16,0,0,0,0,16,9847
Orange,freeze,speed,Red,snipe,reinforcements,16,2,8,0,5,1,16955
Orange,freeze,speed,Red,snipe,speed,16,0,0,0,0,16,8485
Orange,freeze,speed,Red,snipe,wall,16,0,0,0,0,16,9806
Orange,freeze,speed,Red,freeze,heal,16,13,0,0,0,3,8676
Orange,freeze,speed,Red,freeze,reinforcements,16,12,4,0,0,0,10978
Orange,freeze,speed,Red,freeze,speed,16,1,0,0,0,15,9912
Orange,freeze,speed,Red,freeze,wall,16,6,0,0,0,10,10279
Orange,freeze,speed,White,nuke,heal,16,16,0,0,0,0,8875
Orange,freeze,speed,White,nuke,reinforcements,16,16,0,0,0,0,5226
Orange,freeze,speed,White,nuke,speed,16,15,0,0,0,1,8588
Orange,freeze,speed,White,nuke,wall,16,15,0,0,0,1,7629
Orange,freeze,speed,White,firebomb,heal,16,16,0,0,0,0,7992
Orange,freeze,speed,White,firebomb,reinforcements,16,16,0,0,0,0,5273
Orange,freeze,speed,White,firebomb,speed,16,16,0,0,0,0,8081
Orange,freeze,speed,White,firebomb,wall,16,16,0,0,0,0,8094
Orange,freeze,speed,White,snipe,heal,16,16,0,0,0,0,10443
Orange,freeze,speed,White,snipe,reinforcements,16,16,0,0,0,0,5206
Orange,freeze,speed,White,snipe,speed,16,11,0,0,0,5,11097
Orange,freeze,speed,White,snipe,wall,16,16,0,0,0,0,8466
Orange,freeze,speed,White,freeze,heal,16,16,0,0,0,0,8332
Orange,freeze,speed,White,freeze,reinforcements,16,16,0,0,0,0,5226
Orange,freeze,speed,White,freeze,speed,16,16,0,0,0,0,8903
Orange,freeze,speed,White,freeze,wall,16,16,0,0,0,0,8052
Orange,freeze,speed,Yellow,nuke,heal,16,13,0,0,0,3,8601
Orange,freeze,speed,Yellow,nuke,reinforcements,16,16,0,0,0,0,10094
Orange,freeze,speed,Yellow,nuke,speed,16,11,0,0,0,5,8846
Orange,freeze,speed,Yellow,nuke,wall,16,16,0,0,0,0,8370
Orange,freeze,speed,Yellow,firebomb,heal,16,12,0,0,0,4,8317
Orange,freeze,speed,Yellow,firebomb,reinforcements,16,16,0,0,0,0,10568
Orange,freeze,speed,Yellow,firebomb,speed,16,9,0,0,0,7,10066
Orange,freeze,speed,Yellow,firebomb,wall,16,15,0,0,0,1,8816
Orange,freeze,speed,Yellow,snipe,heal,16,12,0,0,0,4,9573
Orange,freeze,speed,Yellow,snipe,reinforcements,16,11,3,0,2,0,16068
Orange,freeze,speed,Yellow,snipe,speed,16,0,0,0,0,16,8629
Orange,freeze,speed,Yellow,snipe,wall,16,16,0,0,0,0,9168
Orange,freeze,speed,Yellow,freeze,heal,16,13,0,0,0,3,8670
Orange,freeze,speed,Yellow,freeze,reinforcements,16,16,0,0,0,0,9785
Orange,freeze,speed,Yellow,freeze,speed,16,15,0,0,0,1,9010
Orange,freeze,speed,Yellow,freeze,wall,16,16,0,0,0,0,8351
Orange,freeze,wall,Black,nuke,heal,16,16,0,0,0,0,6569
Orange,freeze,wall,Black,nuke,reinforcements,16,2,0,0,0,14,9977
Orange,freeze,wall,Black,nuke,speed,16,10,0,0,0,6,7210
Orange,freeze,wall,Black,nuke,wall,16,15,0,0,0,1,8233
Orange,freeze,wall,Black,firebomb,heal,16,16,0,0,0,0,8681
Orange,freeze,wall,Black,firebomb,reinforcements,16,1,0,0,0,15,11024
Orange,freeze,wall,Black,firebomb,speed,16,1,0,0,0,15,9032
Orange,freeze,wall,Black,firebomb,wall,16,16,0,0,0,0,8629
Orange,freeze,wall,Black,snipe,heal,16,1,0,0,0,15,8703
Orange,freeze,wall,Black,snipe,reinforcements,16,0,0,0,0,16,7232
Orange,freeze,wall,Black,snipe,speed,16,0,0,0,0,16,8726
Orange,freeze,wall,Black,snipe,wall,16,3,0,0,0,13,8889
Orange,freeze,wall,Black,freeze,heal,16,11,0,0,0,5,8860
Orange,freeze,wall,Black,freeze,reinforcements,16,8,0,0,0,8,10730
Orange,freeze,wall,Black,freeze,speed,16,0,0,0,0,16,8953
Orange,freeze,wall,Black,freeze,wall,16,14,0,0,0,2,8531
Orange,freeze,wall,Blue,nuke,heal,16,16,0,0,0,0,5952
Orange,freeze,wall,Blue,nuke,reinforcements,16,16,0,0,0,0,8688
Orange,freeze,wall,Blue,nuke,speed,16,16,0,0,0,0,5839
Orange,freeze,wall,Blue,nuke,wall,16,16,0,0,0,0,6031
Orange,freeze,wall,Blue,firebomb,heal,16,16,0,0,0,0,8703
Orange,freeze,wall,Blue,firebomb,reinforcements,16,16,0,0,0,0,11224
Orange,freeze,wall,Blue,firebomb,speed,16,0,0,0,0,16,9102
Orange,freeze,wall,Blue,firebomb,wall,16,16,0,0,0,0,8492
Orange,freeze,wall,Blue,snipe,heal,16,0,0,0,0,16,9409
Orange,freeze,wall,Blue,snipe,reinforcements,16,0,14,0,0,2,17881
Orange,freeze,wall,Blue,snipe,speed,16,0,0,0,0,16,9029
Orange,freeze,wall,Blue,snipe,wall,16,0,0,0,0,16,9048
Orange,freeze,wall,Blue,freeze,heal,16,16,0,0,0,0,8708
Orange,freeze,wall,Blue,freeze,reinforcements,16,16,0,0,0,0,9979
Orange,freeze,wall,Blue,freeze,speed,16,1,0,0,0,15,9190
Orange,freeze,wall,Blue,freeze,wall,16,16,0,0,0,0,8341
Orange,freeze,wall,Green,nuke,heal,16,15,0,0,0,1,6640
Orange,freeze,wall,Green,nuke,reinforcements,16,0,0,0,0,16,6224
Orange,freeze,wall,Green,nuke,speed,16,15,0,0,0,1,5960
Orange,freeze,wall,Green,nuke,wall,16,4,0,0,0,12,8239
Orange,freeze,wall,Green,firebomb,heal,16,0,0,0,0,16,9122
Orange,freeze,wall,Green,firebomb,reinforcements,16,1,0,0,0,15,8455
Orange,freeze,wall,Green,firebomb,speed,16,0,0,0,0,16,8820
Orange,freeze,wall,Green,firebomb,wall,16,0,0,0,0,16,9076
Orange,freeze,wall,Green,snipe,heal,16,0,0,0,0,16,7742
Orange,freeze,wall,Green,snipe,reinforcements,16,0,0,0,0,16,6064
Orange,freeze,wall,Green,snipe,speed,16,0,0,0,0,16,7501
Orange,freeze,wall,Green,snipe,wall,16,0,0,0,0,16,8804
Orange,freeze,wall,Green,freeze,heal,16,2,0,0,0,14,8732
Orange,freeze,wall,Green,freeze,reinforcements,16,0,0,0,0,16,6161
Orange,freeze,wall,Green,freeze,speed,16,0,0,0,0,16,8425
Orange,freeze,wall,Green,freeze,wall,16,2,0,0,0,14,8618
Orange,freeze,wall,Orange,nuke,heal,16,0,0,0,0,16,8797
Orange,freeze,wall,Orange,nuke,reinforcements,16,13,0,0,0,3,10489
Orange,freeze,wall,Orange,nuke,speed,16,0,0,0,0,16,9087
Orange,freeze,wall,Orange,nuke,wall,16,16,0,0,0,0,6660
Orange,freeze,wall,Orange,firebomb,heal,16,0,0,0,0,16,9031
Orange,freeze,wall,Orange,firebomb,reinforcements,16,0,1,0,0,15,11722
Orange,freeze,wall,Orange,firebomb,speed,16,0,0,0,0,16,8979
Orange,freeze,wall,Orange,firebomb,wall,16,9,0,1,0,6,9212
Orange,freeze,wall,Orange,snipe,heal,16,0,0,0,0,16,9225
Orange,freeze,wall,Orange,snipe,reinforcements,16,0,0,0,0,16,6679
Orange,freeze,wall,Orange,snipe,speed,16,0,0,0,0,16,8908
Orange,freeze,wall,Orange,snipe,wall,16,0,0,0,0,16,8729
Orange,freeze,wall,Orange,freeze,heal,16,0,0,0,0,16,8877
Orange,freeze,wall,Orange,freeze,reinforcements,16,14,0,0,0,2,13666
Orange,freeze,wall,Orange,freeze,speed,16,0,0,0,0,16,8943
Orange,freeze,wall,Orange,freeze,wall,16,4,0,11,0,1,9261
Orange,freeze,wall,Purple,nuke,heal,16,12,0,0,0,4,6012
Orange,freeze,wall,Purple,nuke,reinforcements,16,0,9,0,1,6,16451
Orange,freeze,wall,Purple,nuke,speed,16,16,0,0,0,0,5066
Orange,freeze,wall,Purple,nuke,wall,16,13,0,0,0,3,6197
Orange,freeze,wall,Purple,firebomb,heal,16,0,0,0,0,16,8926
Orange,freeze,wall,Purple,firebomb,reinforcements,16,0,2,0,0,14,14542
Orange,freeze,wall,Purple,firebomb,speed,16,0,0,0,0,16,8926
Orange,freeze,wall,Purple,firebomb,wall,16,0,0,0,0,16,9131
Orange,freeze,wall,Purple,snipe,heal,16,0,0,0,0,16,9041
Orange,freeze,wall,Purple,snipe,reinforcements,16,0,5,0,0,11,14638
Orange,freeze,wall,Purple,snipe,speed,16,0,0,0,0,16,7564
Orange,freeze,wall,Purple,snipe,wall,16,0,0,0,0,16,9054
Orange,freeze,wall,Purple,freeze,heal,16,0,0,0,0,16,8983
Orange,freeze,wall,Purple,freeze,reinforcements,16,0,0,0,0,16,7416
Orange,freeze,wall,Purple,freeze,speed,16,0,0,0,0,16,9054
Orange,freeze,wall,Purple,freeze,wall,16,2,0,0,0,14,8877
Orange,freeze,wall,Red,nuke,heal,16,11,0,0,0,5,7121
Orange,freeze,wall,Red,nuke,reinforcements,16,16,0,0,0,0,5325
Orange,freeze,wall,Red,nuke,speed,16,10,0,0,0,6,7574
Orange,freeze,wall,Red,nuke,wall,16,6,0,0,0,10,8248
Orange,freeze,wall,Red,firebomb,heal,16,1,0,0,0,15,8871
Orange,freeze,wall,Red,firebomb,reinforcements,16,1,0,0,0,15,11056
Orange,freeze,wall,Red,firebomb,speed,16,0,0,0,0,16,8874
Orange,freeze,wall,Red,firebomb,wall,16,1,0,0,0,15,8899
Orange,freeze,wall,Red,snipe,heal,16,4,0,0,0,12,7597
Orange,freeze,wall,Red,snipe,reinforcements,16,0,0,0,0,16,6643
Orange,freeze,wall,Red,snipe,speed,16,0,0,0,0,16,7699
Orange,freeze,wall,Red,snipe,wall,16,6,0,0,0,10,7414
Orange,freeze,wall,Red,freeze,heal,16,0,0,0,0,16,8156
Orange,freeze,wall,Red,freeze,reinforcements,16,0,0,0,0,16,7469
Orange,freeze,wall,Red,freeze,speed,16,11,0,0,0,5,6996
Orange,freeze,wall,Red,freeze,wall,16,9,0,0,0,7,7315
Orange,freeze,wall,White,nuke,heal,16,14,0,0,0,2,7944
Orange,freeze,wall,White,nuke,reinforcements,16,16,0,0,0,0,5602
Orange,freeze,wall,White,nuke,speed,16,8,0,0,0,8,8527
Orange,freeze,wall,White,nuke,wall,16,16,0,0,0,0,8037
Orange,freeze,wall,White,firebomb,heal,16,16,0,0,0,0,7777
Orange,freeze,wall,White,firebomb,reinforcements,16,16,0,0,0,0,5590
Orange,freeze,wall,White,firebomb,speed,16,16,0,0,0,0,8229
Orange,freeze,wall,White,firebomb,wall,16,16,0,0,0,0,7731
Orange,freeze,wall,White,snipe,heal,16,9,0,0,0,7,8578
Orange,freeze,wall,White,snipe,reinforcements,16,16,0,0,0,0,5446
Orange,freeze,wall,White,snipe,speed,16,1,0,0,0,15,8827
Orange,freeze,wall,White,snipe,wall,16,15,0,0,0,1,8311
Orange,freeze,wall,White,freeze,heal,16,14,0,0,0,2,8367
Orange,freeze,wall,White,freeze,reinforcements,16,16,0,0,0,0,6031
Orange,freeze,wall,White,freeze,speed,16,7,0,0,0,9,9016
Orange,freeze,wall,White,freeze,wall,16,16,0,0,0,0,7771
Orange,freeze,wall,Yellow,nuke,heal,16,7,0,3,0,6,8389
Orange,freeze,wall,Yellow,nuke,reinforcements,16,15,0,0,0,1,9560
Orange,freeze,wall,Yellow,nuke,speed,16,4,0,0,0,12,8247
Orange,freeze,wall,Yellow,nuke,wall,16,14,0,0,0,2,7906
Orange,freeze,wall,Yellow,firebomb,heal,16,15,0,0,0,1,8625
Orange,freeze,wall,Yellow,firebomb,reinforcements,16,7,0,0,0,9,10961
Orange,freeze,wall,Yellow,firebomb,speed,16,0,0,0,0,16,8888
Orange,freeze,wall,Yellow,firebomb,wall,16,15,0,1,0,0,8672
Orange,freeze,wall,Yellow,snipe,heal,16,0,0,0,0,16,8665
Orange,freeze,wall,Yellow,snipe,reinforcements,16,0,0,0,0,16,10744
Orange,freeze,wall,Yellow,snipe,speed,16,0,0,0,0,16,8365
Orange,freeze,wall,Yellow,snipe,wall,16,0,0,0,0,16,8636
Orange,freeze,wall,Yellow,freeze,heal,16,14,0,0,0,2,8604
Orange,freeze,wall,Yellow,freeze,reinforcements,16,15,0,0,0,1,9951
Orange,freeze,wall,Yellow,freeze,speed,16,2,0,0,0,14,8891
Orange,freeze,wall,Yellow,freeze,wall,16,12,0,0,0,4,8615
Purple,nuke,heal,Black,nuke,heal,16,16,0,0,0,0,9098
