human_team,human_off,human_def,bot_team,bot_off,bot_def,games,bot_decisive_wins,bot_timeout_wins,draws,bot_timeout_losses,bot_decisive_losses,avg_ticks
Blue,firebomb,reinforcements,Green,snipe,wall,16,0,0,0,0,16,6471
Blue,firebomb,reinforcements,Green,freeze,heal,16,0,0,0,0,16,7315
Blue,firebomb,reinforcements,Green,freeze,reinforcements,16,0,0,0,0,16,5633
Blue,firebomb,reinforcements,Green,freeze,speed,16,0,0,0,0,16,6735
Blue,firebomb,reinforcements,Green,freeze,wall,16,0,0,0,0,16,6640
Blue,firebomb,reinforcements,Orange,nuke,heal,16,16,0,0,0,0,3769
Blue,firebomb,reinforcements,Orange,nuke,reinforcements,16,16,0,0,0,0,6220
Blue,firebomb,reinforcements,Orange,nuke,speed,16,16,0,0,0,0,3769
Blue,firebomb,reinforcements,Orange,nuke,wall,16,16,0,0,0,0,10897
Blue,firebomb,reinforcements,Orange,firebomb,heal,16,0,7,0,0,9,17007
Blue,firebomb,reinforcements,Orange,firebomb,reinforcements,16,16,0,0,0,0,6111
Blue,firebomb,reinforcements,Orange,firebomb,speed,16,0,0,0,1,15,8947
Blue,firebomb,reinforcements,Orange,firebomb,wall,16,15,0,0,0,1,11663
Blue,firebomb,reinforcements,Orange,snipe,heal,16,16,0,0,0,0,7597
Blue,firebomb,reinforcements,Orange,snipe,reinforcements,16,16,0,0,0,0,6222
Blue,firebomb,reinforcements,Orange,snipe,speed,16,0,0,0,0,16,7400
Blue,firebomb,reinforcements,Orange,snipe,wall,16,0,0,0,0,16,9766
Blue,firebomb,reinforcements,Orange,freeze,heal,16,0,0,0,0,16,10704
Blue,firebomb,reinforcements,Orange,freeze,reinforcements,16,16,0,0,0,0,6052
Blue,firebomb,reinforcements,Orange,freeze,speed,16,0,0,0,0,16,10435
Blue,firebomb,reinforcements,Orange,freeze,wall,16,0,0,0,0,16,11253
Blue,firebomb,reinforcements,Purple,nuke,heal,16,16,0,0,0,0,9095
Blue,firebomb,reinforcements,Purple,nuke,reinforcements,16,16,0,0,0,0,5903
Blue,firebomb,reinforcements,Purple,nuke,speed,16,16,0,0,0,0,5369
Blue,firebomb,reinforcements,Purple,nuke,wall,16,16,0,0,0,0,12610
Blue,firebomb,reinforcements,Purple,firebomb,heal,16,16,0,0,0,0,9122
Blue,firebomb,reinforcements,Purple,firebomb,reinforcements,16,16,0,0,0,0,6209
Blue,firebomb,reinforcements,Purple,firebomb,speed,16,0,0,0,0,16,7886
Blue,firebomb,reinforcements,Purple,firebomb,wall,16,16,0,0,0,0,11016
Blue,firebomb,reinforcements,Purple,snipe,heal,16,16,0,0,0,0,9180
Blue,firebomb,reinforcements,Purple,snipe,reinforcements,16,16,0,0,0,0,5308
Blue,firebomb,reinforcements,Purple,snipe,speed,16,0,0,0,0,16,7663
Blue,firebomb,reinforcements,Purple,snipe,wall,16,0,16,0,0,0,18000
Blue,firebomb,reinforcements,Purple,freeze,heal,16,0,0,0,0,16,7191
Blue,firebomb,reinforcements,Purple,freeze,reinforcements,16,16,0,0,0,0,5687
Blue,firebomb,reinforcements,Purple,freeze,speed,16,0,0,0,0,16,7247
Blue,firebomb,reinforcements,Purple,freeze,wall,16,16,0,0,0,0,12435
Blue,firebomb,reinforcements,Red,nuke,heal,16,16,0,0,0,0,3359
Blue,firebomb,reinforcements,Red,nuke,reinforcements,16,0,0,0,0,16,6654
Blue,firebomb,reinforcements,Red,nuke,speed,16,16,0,0,0,0,3359
Blue,firebomb,reinforcements,Red,nuke,wall,16,0,0,0,0,16,7591
Blue,firebomb,reinforcements,Red,firebomb,heal,16,0,0,0,0,16,7129
Blue,firebomb,reinforcements,Red,firebomb,reinforcements,16,0,0,0,0,16,6356
Blue,firebomb,reinforcements,Red,firebomb,speed,16,0,0,0,0,16,7414
Blue,firebomb,reinforcements,Red,firebomb,wall,16,0,0,0,0,16,10668
Blue,firebomb,reinforcements,Red,snipe,heal,16,0,0,0,0,16,6553
Blue,firebomb,reinforcements,Red,snipe,reinforcements,16,16,0,0,0,0,9356
Blue,firebomb,reinforcements,Red,snipe,speed,16,0,0,0,0,16,6036
Blue,firebomb,reinforcements,Red,snipe,wall,16,0,0,0,0,16,7075
Blue,firebomb,reinforcements,Red,freeze,heal,16,0,0,0,0,16,7809
Blue,firebomb,reinforcements,Red,freeze,reinforcements,16,0,0,0,0,16,7170
Blue,firebomb,reinforcements,Red,freeze,speed,16,0,0,0,0,16,6647
Blue,firebomb,reinforcements,Red,freeze,wall,16,0,0,0,0,16,7742
Blue,firebomb,reinforcements,White,nuke,heal,16,16,0,0,0,0,4249
Blue,firebomb,reinforcements,White,nuke,reinforcements,16,16,0,0,0,0,4953
Blue,firebomb,reinforcements,White,nuke,speed,16,16,0,0,0,0,4044
Blue,firebomb,reinforcements,White,nuke,wall,16,16,0,0,0,0,7261
Blue,firebomb,reinforcements,White,firebomb,heal,16,16,0,0,0,0,8210
Blue,firebomb,reinforcements,White,firebomb,reinforcements,16,16,0,0,0,0,4668
Blue,firebomb,reinforcements,White,firebomb,speed,16,16,0,0,0,0,10401
Blue,firebomb,reinforcements,White,firebomb,wall,16,16,0,0,0,0,8349
Blue,firebomb,reinforcements,White,snipe,heal,16,16,0,0,0,0,6728
Blue,firebomb,reinforcements,White,snipe,reinforcements,16,16,0,0,0,0,4982
Blue,firebomb,reinforcements,White,snipe,speed,16,0,0,0,0,16,7301
Blue,firebomb,reinforcements,White,snipe,wall,16,16,0,0,0,0,6992
Blue,firebomb,reinforcements,White,freeze,heal,16,16,0,0,0,0,7975
Blue,firebomb,reinforcements,White,freeze,reinforcements,16,16,0,0,0,0,5007
Blue,firebomb,reinforcements,White,freeze,speed,16,0,0,0,0,16,8817
Blue,firebomb,reinforcements,White,freeze,wall,16,0,0,0,0,16,7412
Blue,firebomb,reinforcements,Yellow,nuke,heal,16,16,0,0,0,0,3359
Blue,firebomb,reinforcements,Yellow,nuke,reinforcements,16,16,0,0,0,0,7726
Blue,firebomb,reinforcements,Yellow,nuke,speed,16,16,0,0,0,0,4039
Blue,firebomb,reinforcements,Yellow,nuke,wall,16,16,0,0,0,0,7917
Blue,firebomb,reinforcements,Yellow,firebomb,heal,16,0,0,0,0,16,7293
Blue,firebomb,reinforcements,Yellow,firebomb,reinforcements,16,16,0,0,0,0,6697
Blue,firebomb,reinforcements,Yellow,firebomb,speed,16,0,0,0,0,16,8005
Blue,firebomb,reinforcements,Yellow,firebomb,wall,16,16,0,0,0,0,14032
Blue,firebomb,reinforcements,Yellow,snipe,heal,16,16,0,0,0,0,7282
Blue,firebomb,reinforcements,Yellow,snipe,reinforcements,16,16,0,0,0,0,8408
Blue,firebomb,reinforcements,Yellow,snipe,speed,16,0,0,0,0,16,6751
Blue,firebomb,reinforcements,Yellow,snipe,wall,16,0,0,0,0,16,8559
Blue,firebomb,reinforcements,Yellow,freeze,heal,16,16,0,0,0,0,9367
Blue,firebomb,reinforcements,Yellow,freeze,reinforcements,16,16,0,0,0,0,5502
Blue,firebomb,reinforcements,Yellow,freeze,speed,16,0,0,0,0,16,6719
Blue,firebomb,reinforcements,Yellow,freeze,wall,16,0,0,0,0,16,7162
Blue,firebomb,speed,Black,nuke,heal,16,16,0,0,0,0,9072
Blue,firebomb,speed,Black,nuke,reinforcements,16,16,0,0,0,0,6207
Blue,firebomb,speed,Black,nuke,speed,16,0,0,0,0,16,9328
Blue,firebomb,speed,Black,nuke,wall,16,16,0,0,0,0,8539
Blue,firebomb,speed,Black,firebomb,heal,16,16,0,0,0,0,11515
Blue,firebomb,speed,Black,firebomb,reinforcements,16,16,0,0,0,0,6416
Blue,firebomb,speed,Black,firebomb,speed,16,0,0,0,0,16,11240
Blue,firebomb,speed,Black,firebomb,wall,16,16,0,0,0,0,8713
Blue,firebomb,speed,Black,snipe,heal,16,16,0,0,0,0,9754
Blue,firebomb,speed,Black,snipe,reinforcements,16,16,0,0,0,0,7282
Blue,firebomb,speed,Black,snipe,speed,16,0,0,0,0,16,9275
Blue,firebomb,speed,Black,snipe,wall,16,0,0,0,0,16,9799
Blue,firebomb,speed,Black,freeze,heal,16,16,0,0,0,0,9019
Blue,firebomb,speed,Black,freeze,reinforcements,16,16,0,0,0,0,6557
Blue,firebomb,speed,Black,freeze,speed,16,0,0,0,0,16,9375
Blue,firebomb,speed,Black,freeze,wall,16,16,0,0,0,0,8571
Blue,firebomb,speed,Blue,nuke,heal,16,16,0,0,0,0,8634
Blue,firebomb,speed,Blue,nuke,reinforcements,16,16,0,0,0,0,6431
Blue,firebomb,speed,Blue,nuke,speed,16,16,0,0,0,0,5334
Blue,firebomb,speed,Blue,nuke,wall,16,9,0,4,0,3,8561
Blue,firebomb,speed,Blue,firebomb,heal,16,16,0,0,0,0,8494
Blue,firebomb,speed,Blue,firebomb,reinforcements,16,16,0,0,0,0,7017
Blue,firebomb,speed,Blue,firebomb,speed,16,16,0,0,0,0,9574
Blue,firebomb,speed,Blue,firebomb,wall,16,16,0,0,0,0,8736
Blue,firebomb,speed,Blue,snipe,heal,16,0,0,0,0,16,8568
Blue,firebomb,speed,Blue,snipe,reinforcements,16,16,0,0,0,0,6323
Blue,firebomb,speed,Blue,snipe,speed,16,0,0,0,0,16,9040
Blue,firebomb,speed,Blue,snipe,wall,16,16,0,0,0,0,9194
Blue,firebomb,speed,Blue,freeze,heal,16,16,0,0,0,0,8602
Blue,firebomb,speed,Blue,freeze,reinforcements,16,16,0,0,0,0,6131
Blue,firebomb,speed,Blue,freeze,speed,16,16,0,0,0,0,9309
Blue,firebomb,speed,Blue,freeze,wall,16,16,0,0,0,0,8509
Blue,firebomb,speed,Green,nuke,heal,16,16,0,0,0,0,5859
Blue,firebomb,speed,Green,nuke,reinforcements,16,16,0,0,0,0,6570
Blue,firebomb,speed,Green,nuke,speed,16,0,0,0,0,16,6439
Blue,firebomb,speed,Green,nuke,wall,16,0,0,0,0,16,9480
Blue,firebomb,speed,Green,firebomb,heal,16,0,0,0,0,16,10310
Blue,firebomb,speed,Green,firebomb,reinforcements,16,16,0,0,0,0,6688
Blue,firebomb,speed,Green,firebomb,speed,16,0,0,0,0,16,6243
Blue,firebomb,speed,Green,firebomb,wall,16,0,0,0,0,16,9655
Blue,firebomb,speed,Green,snipe,heal,16,0,0,0,0,16,6716
Blue,firebomb,speed,Green,snipe,reinforcements,16,16,0,0,0,0,16012
Blue,firebomb,speed,Green,snipe,speed,16,0,0,0,0,16,6312
Blue,firebomb,speed,Green,snipe,wall,16,0,0,0,0,16,9460
Blue,firebomb,speed,Green,freeze,heal,16,0,0,0,0,16,13140
Blue,firebomb,speed,Green,freeze,reinforcements,16,16,0,0,0,0,8483
Blue,firebomb,speed,Green,freeze,speed,16,0,0,0,0,16,6073
Blue,firebomb,speed,Green,freeze,wall,16,0,0,0,0,16,9646
Blue,firebomb,speed,Orange,nuke,heal,16,10,0,0,0,6,8549
Blue,firebomb,speed,Orange,nuke,reinforcements,16,16,0,0,0,0,7294
Blue,firebomb,speed,Orange,nuke,speed,16,5,0,0,0,11,8319
Blue,firebomb,speed,Orange,nuke,wall,16,16,0,0,0,0,8689
Blue,firebomb,speed,Orange,firebomb,heal,16,0,0,0,0,16,9718
Blue,firebomb,speed,Orange,firebomb,reinforcements,16,16,0,0,0,0,6497
Blue,firebomb,speed,Orange,firebomb,speed,16,0,0,0,0,16,9717
Blue,firebomb,speed,Orange,firebomb,wall,16,13,0,0,0,3,9571
Blue,firebomb,speed,Orange,snipe,heal,16,0,0,0,0,16,9681
Blue,firebomb,speed,Orange,snipe,reinforcements,16,16,0,0,0,0,7589
Blue,firebomb,speed,Orange,snipe,speed,16,0,0,0,0,16,9594
Blue,firebomb,speed,Orange,snipe,wall,16,0,0,0,0,16,9718
Blue,firebomb,speed,Orange,freeze,heal,16,13,0,0,0,3,9451
Blue,firebomb,speed,Orange,freeze,reinforcements,16,16,0,0,0,0,9370
Blue,firebomb,speed,Orange,freeze,speed,16,7,0,0,0,9,9669
Blue,firebomb,speed,Orange,freeze,wall,16,16,0,0,0,0,9088
Blue,firebomb,speed,Purple,nuke,heal,16,16,0,0,0,0,5334
Blue,firebomb,speed,Purple,nuke,reinforcements,16,16,0,0,0,0,7325
Blue,firebomb,speed,Purple,nuke,speed,16,16,0,0,0,0,5369
Blue,firebomb,speed,Purple,nuke,wall,16,0,0,0,0,16,9496
Blue,firebomb,speed,Purple,firebomb,heal,16,0,0,0,0,16,9652
Blue,firebomb,speed,Purple,firebomb,reinforcements,16,16,0,0,0,0,7325
Blue,firebomb,speed,Purple,firebomb,speed,16,0,0,0,0,16,9261
Blue,firebomb,speed,Purple,firebomb,wall,16,0,0,0,0,16,10027
Blue,firebomb,speed,Purple,snipe,heal,16,0,0,0,0,16,9367
Blue,firebomb,speed,Purple,snipe,reinforcements,16,16,0,0,0,0,6192
Blue,firebomb,speed,Purple,snipe,speed,16,0,0,0,0,16,6847
Blue,firebomb,speed,Purple,snipe,wall,16,0,0,0,0,16,9433
Blue,firebomb,speed,Purple,freeze,heal,16,16,0,0,0,0,10219
Blue,firebomb,speed,Purple,freeze,reinforcements,16,16,0,0,0,0,6328
Blue,firebomb,speed,Purple,freeze,speed,16,0,0,0,0,16,9673
Blue,firebomb,speed,Purple,freeze,wall,16,0,0,0,0,16,9521
Blue,firebomb,speed,Red,nuke,heal,16,16,0,0,0,0,5819
Blue,firebomb,speed,Red,nuke,reinforcements,16,16,0,0,0,0,6689
Blue,firebomb,speed,Red,nuke,speed,16,0,0,0,0,16,9573
Blue,firebomb,speed,Red,nuke,wall,16,0,0,0,0,16,9199
Blue,firebomb,speed,Red,firebomb,heal,16,0,0,0,0,16,6395
Blue,firebomb,speed,Red,firebomb,reinforcements,16,16,0,0,0,0,6600
Blue,firebomb,speed,Red,firebomb,speed,16,0,0,0,0,16,5895
Blue,firebomb,speed,Red,firebomb,wall,16,16,0,0,0,0,9033
Blue,firebomb,speed,Red,snipe,heal,16,0,0,0,0,16,9894
Blue,firebomb,speed,Red,snipe,reinforcements,16,16,0,0,0,0,6600
Blue,firebomb,speed,Red,snipe,speed,16,0,0,0,0,16,8920
Blue,firebomb,speed,Red,snipe,wall,16,0,0,0,0,16,9551
Blue,firebomb,speed,Red,freeze,heal,16,0,0,0,0,16,9642
Blue,firebomb,speed,Red,freeze,reinforcements,16,16,0,0,0,0,6083
Blue,firebomb,speed,Red,freeze,speed,16,0,0,0,0,16,9643
Blue,firebomb,speed,Red,freeze,wall,16,16,0,0,0,0,8956
Blue,firebomb,speed,White,nuke,heal,16,16,0,0,0,0,6064
Blue,firebomb,speed,White,nuke,reinforcements,16,16,0,0,0,0,5113
Blue,firebomb,speed,White,nuke,speed,16,16,0,0,0,0,8766
Blue,firebomb,speed,White,nuke,wall,16,16,0,0,0,0,7929
Blue,firebomb,speed,White,firebomb,heal,16,16,0,0,0,0,7699
Blue,firebomb,speed,White,firebomb,reinforcements,16,16,0,0,0,0,5362
Blue,firebomb,speed,White,firebomb,speed,16,16,0,0,0,0,8784
Blue,firebomb,speed,White,firebomb,wall,16,16,0,0,0,0,7952
Blue,firebomb,speed,White,snipe,heal,16,16,0,0,0,0,8131
Blue,firebomb,speed,White,snipe,reinforcements,16,16,0,0,0,0,5087
Blue,firebomb,speed,White,snipe,speed,16,0,0,0,0,16,9396
Blue,firebomb,speed,White,snipe,wall,16,16,0,0,0,0,8321
Blue,firebomb,speed,White,freeze,heal,16,16,0,0,0,0,8120
Blue,firebomb,speed,White,freeze,reinforcements,16,16,0,0,0,0,5088
Blue,firebomb,speed,White,freeze,speed,16,16,0,0,0,0,7480
Blue,firebomb,speed,White,freeze,wall,16,16,0,0,0,0,7893
Blue,firebomb,speed,Yellow,nuke,heal,16,16,0,0,0,0,5339
Blue,firebomb,speed,Yellow,nuke,reinforcements,16,16,0,0,0,0,5891
Blue,firebomb,speed,Yellow,nuke,speed,16,16,0,0,0,0,5339
Blue,firebomb,speed,Yellow,nuke,wall,16,16,0,0,0,0,8479
Blue,firebomb,speed,Yellow,firebomb,heal,16,16,0,0,0,0,8595
Blue,firebomb,speed,Yellow,firebomb,reinforcements,16,16,0,0,0,0,6121
Blue,firebomb,speed,Yellow,firebomb,speed,16,16,0,0,0,0,9769
Blue,firebomb,speed,Yellow,firebomb,wall,16,16,0,0,0,0,8962
Blue,firebomb,speed,Yellow,snipe,heal,16,0,0,0,0,16,9259
Blue,firebomb,speed,Yellow,snipe,reinforcements,16,16,0,0,0,0,5917
Blue,firebomb,speed,Yellow,snipe,speed,16,0,0,0,0,16,7641
Blue,firebomb,speed,Yellow,snipe,wall,16,16,0,0,0,0,9113
Blue,firebomb,speed,Yellow,freeze,heal,16,16,0,0,0,0,8610
Blue,firebomb,speed,Yellow,freeze,reinforcements,16,16,0,0,0,0,6208
Blue,firebomb,speed,Yellow,freeze,speed,16,16,0,0,0,0,9065
Blue,firebomb,speed,Yellow,freeze,wall,16,16,0,0,0,0,8416
Blue,firebomb,wall,Black,nuke,heal,16,16,0,0,0,0,5179
Blue,firebomb,wall,Black,nuke,reinforcements,16,16,0,0,0,0,7323
Blue,firebomb,wall,Black,nuke,speed,16,16,0,0,0,0,5449
Blue,firebomb,wall,Black,nuke,wall,16,0,0,0,0,16,8321
Blue,firebomb,wall,Black,firebomb,heal,16,0,0,0,0,16,8525
Blue,firebomb,wall,Black,firebomb,reinforcements,16,16,0,0,0,0,7407
Blue,firebomb,wall,Black,firebomb,speed,16,0,0,0,0,16,8663
Blue,firebomb,wall,Black,firebomb,wall,16,16,0,0,0,0,8869
Blue,firebomb,wall,Black,snipe,heal,16,0,0,0,0,16,8749
Blue,firebomb,wall,Black,snipe,reinforcements,16,16,0,0,0,0,6666
Blue,firebomb,wall,Black,snipe,speed,16,0,0,0,0,16,8397
Blue,firebomb,wall,Black,snipe,wall,16,0,0,0,0,16,8352
Blue,firebomb,wall,Black,freeze,heal,16,0,0,0,0,16,8572
Blue,firebomb,wall,Black,freeze,reinforcements,16,7,0,0,0,9,10836
Blue,firebomb,wall,Black,freeze,speed,16,0,0,0,0,16,8523
Blue,firebomb,wall,Black,freeze,wall,16,0,0,0,0,16,8719
Blue,firebomb,wall,Blue,nuke,heal,16,16,0,0,0,0,6234
Blue,firebomb,wall,Blue,nuke,reinforcements,16,16,0,0,0,0,8283
Blue,firebomb,wall,Blue,nuke,speed,16,16,0,0,0,0,4874
Blue,firebomb,wall,Blue,nuke,wall,16,0,0,0,0,16,8659
Blue,firebomb,wall,Blue,firebomb,heal,16,16,0,0,0,0,8899
Blue,firebomb,wall,Blue,firebomb,reinforcements,16,16,0,0,0,0,7855
Blue,firebomb,wall,Blue,firebomb,speed,16,0,0,0,0,16,8609
Blue,firebomb,wall,Blue,firebomb,wall,16,16,0,0,0,0,8869
Blue,firebomb,wall,Blue,snipe,heal,16,0,0,0,0,16,8563
Blue,firebomb,wall,Blue,snipe,reinforcements,16,16,0,0,0,0,6552
Blue,firebomb,wall,Blue,snipe,speed,16,0,0,0,0,16,8627
Blue,firebomb,wall,Blue,snipe,wall,16,0,0,0,0,16,8540
Blue,firebomb,wall,Blue,freeze,heal,16,0,0,0,0,16,8809
Blue,firebomb,wall,Blue,freeze,reinforcements,16,16,0,0,0,0,8768
Blue,firebomb,wall,Blue,freeze,speed,16,0,0,0,0,16,8603
Blue,firebomb,wall,Blue,freeze,wall,16,16,0,0,0,0,8719
Blue,firebomb,wall,Green,nuke,heal,16,16,0,0,0,0,5819
Blue,firebomb,wall,Green,nuke,reinforcements,16,16,0,0,0,0,7274
Blue,firebomb,wall,Green,nuke,speed,16,0,0,0,0,16,7877
Blue,firebomb,wall,Green,nuke,wall,16,0,0,0,0,16,8342
Blue,firebomb,wall,Green,firebomb,heal,16,0,0,0,0,16,8774
Blue,firebomb,wall,Green,firebomb,reinforcements,16,0,0,0,0,16,9515
Blue,firebomb,wall,Green,firebomb,speed,16,0,0,0,0,16,6496
Blue,firebomb,wall,Green,firebomb,wall,16,0,0,0,0,16,8469
Blue,firebomb,wall,Green,snipe,heal,16,0,0,0,0,16,8287
Blue,firebomb,wall,Green,snipe,reinforcements,16,0,0,0,0,16,7496
Blue,firebomb,wall,Green,snipe,speed,16,0,0,0,0,16,8613
Blue,firebomb,wall,Green,snipe,wall,16,0,0,0,0,16,8274
Blue,firebomb,wall,Green,freeze,heal,16,0,0,0,0,16,8280
Blue,firebomb,wall,Green,freeze,reinforcements,16,16,0,0,0,0,8434
Blue,firebomb,wall,Green,freeze,speed,16,0,0,0,0,16,9314
Blue,firebomb,wall,Green,freeze,wall,16,0,0,0,0,16,8352
Blue,firebomb,wall,Orange,nuke,heal,16,12,0,0,0,4,6979
Blue,firebomb,wall,Orange,nuke,reinforcements,16,16,0,0,0,0,7104
Blue,firebomb,wall,Orange,nuke,speed,16,9,0,0,0,7,6806
Blue,firebomb,wall,Orange,nuke,wall,16,0,0,0,0,16,8454
Blue,firebomb,wall,Orange,firebomb,heal,16,1,0,0,0,15,8772
Blue,firebomb,wall,Orange,firebomb,reinforcements,16,16,0,0,0,0,8315
Blue,firebomb,wall,Orange,firebomb,speed,16,0,0,0,0,16,8525
Blue,firebomb,wall,Orange,firebomb,wall,16,0,0,0,0,16,8620
Blue,firebomb,wall,Orange,snipe,heal,16,0,0,0,0,16,8535
Blue,firebomb,wall,Orange,snipe,reinforcements,16,16,0,0,0,0,6680
Blue,firebomb,wall,Orange,snipe,speed,16,0,0,0,0,16,9077
Blue,firebomb,wall,Orange,snipe,wall,16,0,0,0,0,16,8407
Blue,firebomb,wall,Orange,freeze,heal,16,2,0,0,0,14,8820
Blue,firebomb,wall,Orange,freeze,reinforcements,16,16,0,0,0,0,6566
Blue,firebomb,wall,Orange,freeze,speed,16,0,0,0,0,16,8738
Blue,firebomb,wall,Orange,freeze,wall,16,0,0,0,0,16,8504
Blue,firebomb,wall,Purple,nuke,heal,16,16,0,0,0,0,5824
Blue,firebomb,wall,Purple,nuke,reinforcements,16,16,0,0,0,0,6841
Blue,firebomb,wall,Purple,nuke,speed,16,16,0,0,0,0,6779
Blue,firebomb,wall,Purple,nuke,wall,16,0,0,0,0,16,8608
Blue,firebomb,wall,Purple,firebomb,heal,16,0,0,0,0,16,8637
Blue,firebomb,wall,Purple,firebomb,reinforcements,16,16,0,0,0,0,6860
Blue,firebomb,wall,Purple,firebomb,speed,16,0,0,0,0,16,8748
Blue,firebomb,wall,Purple,firebomb,wall,16,0,0,0,0,16,8477
Blue,firebomb,wall,Purple,snipe,heal,16,0,0,0,0,16,8457
Blue,firebomb,wall,Purple,snipe,reinforcements,16,16,0,0,0,0,6452
Blue,firebomb,wall,Purple,snipe,speed,16,0,0,0,0,16,8608
Blue,firebomb,wall,Purple,snipe,wall,16,0,0,0,0,16,8432
Blue,firebomb,wall,Purple,freeze,heal,16,0,0,0,0,16,8501
Blue,firebomb,wall,Purple,freeze,reinforcements,16,16,0,0,0,0,7166
Blue,firebomb,wall,Purple,freeze,speed,16,0,0,0,0,16,8519
Blue,firebomb,wall,Purple,freeze,wall,16,0,0,0,0,16,8389
Blue,firebomb,wall,Red,nuke,heal,16,16,0,0,0,0,5574
Blue,firebomb,wall,Red,nuke,reinforcements,16,0,0,0,0,16,7440
Blue,firebomb,wall,Red,nuke,speed,16,16,0,0,0,0,5194
Blue,firebomb,wall,Red,nuke,wall,16,0,0,0,0,16,8275
Blue,firebomb,wall,Red,firebomb,heal,16,0,0,0,0,16,8482
Blue,firebomb,wall,Red,firebomb,reinforcements,16,0,0,0,0,16,9052
Blue,firebomb,wall,Red,firebomb,speed,16,0,0,0,0,16,8842
Blue,firebomb,wall,Red,firebomb,wall,16,0,0,0,0,16,8740
Blue,firebomb,wall,Red,snipe,heal,16,0,0,0,0,16,8562
Blue,firebomb,wall,Red,snipe,reinforcements,16,0,0,0,0,16,8644
Blue,firebomb,wall,Red,snipe,speed,16,0,0,0,0,16,8304
Blue,firebomb,wall,Red,snipe,wall,16,0,0,0,0,16,8307
Blue,firebomb,wall,Red,freeze,heal,16,0,0,0,0,16,7889
Blue,firebomb,wall,Red,freeze,reinforcements,16,16,0,0,0,0,7440
Blue,firebomb,wall,Red,freeze,speed,16,0,0,0,0,16,8382
Blue,firebomb,wall,Red,freeze,wall,16,0,0,0,0,16,8338
Blue,firebomb,wall,White,nuke,heal,16,16,0,0,0,0,5519
Blue,firebomb,wall,White,nuke,reinforcements,16,16,0,0,0,0,5508
Blue,firebomb,wall,White,nuke,speed,16,16,0,0,0,0,5499
Blue,firebomb,wall,White,nuke,wall,16,16,0,0,0,0,6171
Blue,firebomb,wall,White,firebomb,heal,16,16,0,0,0,0,7846
Blue,firebomb,wall,White,firebomb,reinforcements,16,16,0,0,0,0,5218
Blue,firebomb,wall,White,firebomb,speed,16,16,0,0,0,0,8124
Blue,firebomb,wall,White,firebomb,wall,16,16,0,0,0,0,7807
Blue,firebomb,wall,White,snipe,heal,16,16,0,0,0,0,8282
Blue,firebomb,wall,White,snipe,reinforcements,16,16,0,0,0,0,5178
Blue,firebomb,wall,White,snipe,speed,16,0,0,0,0,16,8465
Blue,firebomb,wall,White,snipe,wall,16,16,0,0,0,0,8261
Blue,firebomb,wall,White,freeze,heal,16,16,0,0,0,0,7795
Blue,firebomb,wall,White,freeze,reinforcements,16,16,0,0,0,0,5188
Blue,firebomb,wall,White,freeze,speed,16,16,0,0,0,0,8159
Blue,firebomb,wall,White,freeze,wall,16,16,0,0,0,0,7792
Blue,firebomb,wall,Yellow,nuke,heal,16,16,0,0,0,0,5824
Blue,firebomb,wall,Yellow,nuke,reinforcements,16,16,0,0,0,0,9511
Blue,firebomb,wall,Yellow,nuke,speed,16,16,0,0,0,0,6614
Blue,firebomb,wall,Yellow,nuke,wall,16,3,0,0,0,13,8252
Blue,firebomb,wall,Yellow,firebomb,heal,16,16,0,0,0,0,8839
Blue,firebomb,wall,Yellow,firebomb,reinforcements,16,16,0,0,0,0,7381
Blue,firebomb,wall,Yellow,firebomb,speed,16,0,0,0,0,16,8451
Blue,firebomb,wall,Yellow,firebomb,wall,16,0,0,16,0,0,8719
Blue,firebomb,wall,Yellow,snipe,heal,16,0,0,0,0,16,8345
Blue,firebomb,wall,Yellow,snipe,reinforcements,16,16,0,0,0,0,6799
Blue,firebomb,wall,Yellow,snipe,speed,16,0,0,0,0,16,8299
Blue,firebomb,wall,Yellow,snipe,wall,16,0,0,0,0,16,8442
Blue,firebomb,wall,Yellow,freeze,heal,16,0,0,0,0,16,8387
Blue,firebomb,wall,Yellow,freeze,reinforcements,16,16,0,0,0,0,7998
Blue,firebomb,wall,Yellow,freeze,speed,16,0,0,0,0,16,7621
Blue,firebomb,wall,Yellow,freeze,wall,16,16,0,0,0,0,8599
Blue,snipe,heal,Black,nuke,heal,16,16,0,0,0,0,5824
Blue,snipe,heal,Black,nuke,reinforcements,16,16,0,0,0,0,5317
Blue,snipe,heal,Black,nuke,speed,16,0,0,0,0,16,8082
Blue,snipe,heal,Black,nuke,wall,16,16,0,0,0,0,8569
Blue,snipe,heal,Black,firebomb,heal,16,16,0,0,0,0,9169
Blue,snipe,heal,Black,firebomb,reinforcements,16,16,0,0,0,0,5080
Blue,snipe,heal,Black,firebomb,speed,16,0,0,0,0,16,8517
Blue,snipe,heal,Black,firebomb,wall,16,16,0,0,0,0,8785
Blue,snipe,heal,Black,snipe,heal,16,0,0,0,0,16,8988
Blue,snipe,heal,Black,snipe,reinforcements,16,16,0,0,0,0,5783
Blue,snipe,heal,Black,snipe,speed,16,0,0,0,0,16,9278
Blue,snipe,heal,Black,snipe,wall,16,0,0,0,0,16,9598
Blue,snipe,heal,Black,freeze,heal,16,16,0,0,0,0,8869
Blue,snipe,heal,Black,freeze,reinforcements,16,16,0,0,0,0,5812
Blue,snipe,heal,Black,freeze,speed,16,0,0,0,0,16,9705
Blue,snipe,heal,Black,freeze,wall,16,16,0,0,0,0,8654
Blue,snipe,heal,Blue,nuke,heal,16,16,0,0,0,0,8572
Blue,snipe,heal,Blue,nuke,reinforcements,16,16,0,0,0,0,7152
Blue,snipe,heal,Blue,nuke,speed,16,0,0,0,0,16,9496
Blue,snipe,heal,Blue,nuke,wall,16,16,0,0,0,0,8608
Blue,snipe,heal,Blue,firebomb,heal,16,16,0,0,0,0,8741
Blue,snipe,heal,Blue,firebomb,reinforcements,16,16,0,0,0,0,6384
Blue,snipe,heal,Blue,firebomb,speed,16,0,0,0,0,16,9919
Blue,snipe,heal,Blue,firebomb,wall,16,16,0,0,0,0,8628
Blue,snipe,heal,Blue,snipe,heal,16,16,0,0,0,0,9527
Blue,snipe,heal,Blue,snipe,reinforcements,16,16,0,0,0,0,5753
Blue,snipe,heal,Blue,snipe,speed,16,0,0,0,0,16,9499
Blue,snipe,heal,Blue,snipe,wall,16,16,0,0,0,0,9504
Blue,snipe,heal,Blue,freeze,heal,16,16,0,0,0,0,8577
Blue,snipe,heal,Blue,freeze,reinforcements,16,16,0,0,0,0,5772
Blue,snipe,heal,Blue,freeze,speed,16,16,0,0,0,0,9103
Blue,snipe,heal,Blue,freeze,wall,16,16,0,0,0,0,8267
Blue,snipe,heal,Green,nuke,heal,16,16,0,0,0,0,5804
Blue,snipe,heal,Green,nuke,reinforcements,16,16,0,0,0,0,6463
Blue,snipe,heal,Green,nuke,speed,16,16,0,0,0,0,6284
Blue,snipe,heal,Green,nuke,wall,16,0,0,0,0,16,8585
Blue,snipe,heal,Green,firebomb,heal,16,0,0,0,0,16,9766
Blue,snipe,heal,Green,firebomb,reinforcements,16,16,0,0,0,0,6463
Blue,snipe,heal,Green,firebomb,speed,16,0,0,0,0,16,7229
Blue,snipe,heal,Green,firebomb,wall,16,0,0,0,0,16,9353
Blue,snipe,heal,Green,snipe,heal,16,0,0,0,0,16,6337
Blue,snipe,heal,Green,snipe,reinforcements,16,16,0,0,0,0,6463
Blue,snipe,heal,Green,snipe,speed,16,0,0,0,0,16,7749
Blue,snipe,heal,Green,snipe,wall,16,0,0,0,0,16,7653
Blue,snipe,heal,Green,freeze,heal,16,0,0,0,0,16,8596
Blue,snipe,heal,Green,freeze,reinforcements,16,16,0,0,0,0,6452
Blue,snipe,heal,Green,freeze,speed,16,0,0,0,0,16,8073
Blue,snipe,heal,Green,freeze,wall,16,0,0,0,0,16,9170
Blue,snipe,heal,Orange,nuke,heal,16,8,0,0,0,8,9703
Blue,snipe,heal,Orange,nuke,reinforcements,16,16,0,0,0,0,6270
Blue,snipe,heal,Orange,nuke,speed,16,3,0,0,0,13,9854
Blue,snipe,heal,Orange,nuke,wall,16,16,0,0,0,0,9546
Blue,snipe,heal,Orange,firebomb,heal,16,2,0,0,0,14,9592
Blue,snipe,heal,Orange,firebomb,reinforcements,16,0,0,0,0,16,12127
Blue,snipe,heal,Orange,firebomb,speed,16,1,0,0,0,15,9928
Blue,snipe,heal,Orange,firebomb,wall,16,0,0,0,0,16,9699
Blue,snipe,heal,Orange,snipe,heal,16,0,0,0,0,16,9972
Blue,snipe,heal,Orange,snipe,reinforcements,16,16,0,0,0,0,6370
Blue,snipe,heal,Orange,snipe,speed,16,0,0,0,0,16,9696
Blue,snipe,heal,Orange,snipe,wall,16,13,0,0,0,3,11946
Blue,snipe,heal,Orange,freeze,heal,16,16,0,0,0,0,9520
Blue,snipe,heal,Orange,freeze,reinforcements,16,16,0,0,0,0,6267
Blue,snipe,heal,Orange,freeze,speed,16,3,0,0,0,13,10109
Blue,snipe,heal,Orange,freeze,wall,16,16,0,0,0,0,9311
Blue,snipe,heal,Purple,nuke,heal,16,16,0,0,0,0,7629
Blue,snipe,heal,Purple,nuke,reinforcements,16,16,0,0,0,0,5515
Blue,snipe,heal,Purple,nuke,speed,16,16,0,0,0,0,5824
Blue,snipe,heal,Purple,nuke,wall,16,0,0,0,0,16,9237
Blue,snipe,heal,Purple,firebomb,heal,16,0,0,0,0,16,9526
Blue,snipe,heal,Purple,firebomb,reinforcements,16,16,0,0,0,0,5129
Blue,snipe,heal,Purple,firebomb,speed,16,0,0,0,0,16,9218
Blue,snipe,heal,Purple,firebomb,wall,16,0,0,0,0,16,9376
Blue,snipe,heal,Purple,snipe,heal,16,0,0,0,0,16,10134
Blue,snipe,heal,Purple,snipe,reinforcements,16,16,0,0,0,0,5422
Blue,snipe,heal,Purple,snipe,speed,16,0,0,0,0,16,8303
Blue,snipe,heal,Purple,snipe,wall,16,0,0,0,0,16,9491
Blue,snipe,heal,Purple,freeze,heal,16,16,0,0,0,0,9201
Blue,snipe,heal,Purple,freeze,reinforcements,16,16,0,0,0,0,5642
Blue,snipe,heal,Purple,freeze,speed,16,0,0,0,0,16,9788
Blue,snipe,heal,Purple,freeze,wall,16,0,0,0,0,16,9619
Blue,snipe,heal,Red,nuke,heal,16,16,0,0,0,0,5819
Blue,snipe,heal,Red,nuke,reinforcements,16,16,0,0,0,0,5271
Blue,snipe,heal,Red,nuke,speed,16,16,0,0,0,0,5839
Blue,snipe,heal,Red,nuke,wall,16,0,0,0,0,16,9417
Blue,snipe,heal,Red,firebomb,heal,16,0,0,0,0,16,9222
Blue,snipe,heal,Red,firebomb,reinforcements,16,16,0,0,0,0,5245
Blue,snipe,heal,Red,firebomb,speed,16,0,0,0,0,16,9155
Blue,snipe,heal,Red,firebomb,wall,16,0,0,0,0,16,9183
Blue,snipe,heal,Red,snipe,heal,16,0,0,0,0,16,9186
Blue,snipe,heal,Red,snipe,reinforcements,16,16,0,0,0,0,5248
Blue,snipe,heal,Red,snipe,speed,16,0,0,0,0,16,8497
Blue,snipe,heal,Red,snipe,wall,16,0,0,0,0,16,9375
Blue,snipe,heal,Red,freeze,heal,16,0,0,0,0,16,13922
Blue,snipe,heal,Red,freeze,reinforcements,16,16,0,0,0,0,5352
Blue,snipe,heal,Red,freeze,speed,16,0,0,0,0,16,9102
Blue,snipe,heal,Red,freeze,wall,16,0,0,0,0,16,9919
Blue,snipe,heal,White,nuke,heal,16,16,0,0,0,0,7888
Blue,snipe,heal,White,nuke,reinforcements,16,16,0,0,0,0,5008
Blue,snipe,heal,White,nuke,speed,16,16,0,0,0,0,8267
Blue,snipe,heal,White,nuke,wall,16,16,0,0,0,0,7801
Blue,snipe,heal,White,firebomb,heal,16,16,0,0,0,0,7913
Blue,snipe,heal,White,firebomb,reinforcements,16,16,0,0,0,0,5375
Blue,snipe,heal,White,firebomb,speed,16,16,0,0,0,0,8684
Blue,snipe,heal,White,firebomb,wall,16,16,0,0,0,0,7908
Blue,snipe,heal,White,snipe,heal,16,16,0,0,0,0,8281
Blue,snipe,heal,White,snipe,reinforcements,16,16,0,0,0,0,4982
Blue,snipe,heal,White,snipe,speed,16,16,0,0,0,0,7395
Blue,snipe,heal,White,snipe,wall,16,16,0,0,0,0,8268
Blue,snipe,heal,White,freeze,heal,16,16,0,0,0,0,7858
Blue,snipe,heal,White,freeze,reinforcements,16,16,0,0,0,0,5273
Blue,snipe,heal,White,freeze,speed,16,16,0,0,0,0,7960
Blue,snipe,heal,White,freeze,wall,16,16,0,0,0,0,7807
Blue,snipe,heal,Yellow,nuke,heal,16,16,0,0,0,0,9054
Blue,snipe,heal,Yellow,nuke,reinforcements,16,16,0,0,0,0,6071
Blue,snipe,heal,Yellow,nuke,speed,16,16,0,0,0,0,9505
Blue,snipe,heal,Yellow,nuke,wall,16,16,0,0,0,0,8584
Blue,snipe,heal,Yellow,firebomb,heal,16,0,0,0,0,16,9139
Blue,snipe,heal,Yellow,firebomb,reinforcements,16,16,0,0,0,0,6081
Blue,snipe,heal,Yellow,firebomb,speed,16,16,0,0,0,0,9200
Blue,snipe,heal,Yellow,firebomb,wall,16,16,0,0,0,0,8569
Blue,snipe,heal,Yellow,snipe,heal,16,10,0,0,0,6,9289
Blue,snipe,heal,Yellow,snipe,reinforcements,16,16,0,0,0,0,5902
Blue,snipe,heal,Yellow,snipe,speed,16,0,0,0,0,16,7145
Blue,snipe,heal,Yellow,snipe,wall,16,16,0,0,0,0,9226
Blue,snipe,heal,Yellow,freeze,heal,16,16,0,0,0,0,9047
Blue,snipe,heal,Yellow,freeze,reinforcements,16,16,0,0,0,0,4501
Blue,snipe,heal,Yellow,freeze,speed,16,0,0,0,0,16,9493
Blue,snipe,heal,Yellow,freeze,wall,16,16,0,0,0,0,8602
Blue,snipe,reinforcements,Black,nuke,heal,16,16,0,0,0,0,3549
Blue,snipe,reinforcements,Black,nuke,reinforcements,16,16,0,0,0,0,6697
Blue,snipe,reinforcements,Black,nuke,speed,16,16,0,0,0,0,3529
Blue,snipe,reinforcements,Black,nuke,wall,16,16,0,0,0,0,9409
Blue,snipe,reinforcements,Black,firebomb,heal,16,16,0,0,0,0,11400
Blue,snipe,reinforcements,Black,firebomb,reinforcements,16,16,0,0,0,0,6393
Blue,snipe,reinforcements,Black,firebomb,speed,16,0,0,0,0,16,8545
Blue,snipe,reinforcements,Black,firebomb,wall,16,16,0,0,0,0,9756
Blue,snipe,reinforcements,Black,snipe,heal,16,16,0,0,0,0,6741
Blue,snipe,reinforcements,Black,snipe,reinforcements,16,16,0,0,0,0,7281
Blue,snipe,reinforcements,Black,snipe,speed,16,0,0,0,0,16,8568
Blue,snipe,reinforcements,Black,snipe,wall,16,0,0,0,0,16,6870
Blue,snipe,reinforcements,Black,freeze,heal,16,16,0,0,0,0,9370
Blue,snipe,reinforcements,Black,freeze,reinforcements,16,16,0,0,0,0,5178
Blue,snipe,reinforcements,Black,freeze,speed,16,16,0,0,0,0,12838
Blue,snipe,reinforcements,Black,freeze,wall,16,16,0,0,0,0,9387
Blue,snipe,reinforcements,Blue,nuke,heal,16,16,0,0,0,0,3684
Blue,snipe,reinforcements,Blue,nuke,reinforcements,16,16,0,0,0,0,8773
Blue,snipe,reinforcements,Blue,nuke,speed,16,16,0,0,0,0,3684
Blue,snipe,reinforcements,Blue,nuke,wall,16,16,0,0,0,0,5784
Blue,snipe,reinforcements,Blue,firebomb,heal,16,0,0,0,0,16,6756
Blue,snipe,reinforcements,Blue,firebomb,reinforcements,16,16,0,0,0,0,7503
Blue,snipe,reinforcements,Blue,firebomb,speed,16,0,0,0,0,16,6610
Blue,snipe,reinforcements,Blue,firebomb,wall,16,0,0,0,0,16,6611
Blue,snipe,reinforcements,Blue,snipe,heal,16,0,0,0,0,16,5557
Blue,snipe,reinforcements,Blue,snipe,reinforcements,16,16,0,0,0,0,8278
Blue,snipe,reinforcements,Blue,snipe,speed,16,0,0,0,0,16,6271
Blue,snipe,reinforcements,Blue,snipe,wall,16,0,0,0,0,16,4787
Blue,snipe,reinforcements,Blue,freeze,heal,16,0,0,0,0,16,10264
Blue,snipe,reinforcements,Blue,freeze,reinforcements,16,16,0,0,0,0,9340
Blue,snipe,reinforcements,Blue,freeze,speed,16,0,0,0,0,16,6461
Blue,snipe,reinforcements,Blue,freeze,wall,16,0,0,0,0,16,10101
Blue,snipe,reinforcements,Green,nuke,heal,16,16,0,0,0,0,3359
Blue,snipe,reinforcements,Green,nuke,reinforcements,16,0,0,0,0,16,6226
Blue,snipe,reinforcements,Green,nuke,speed,16,16,0,0,0,0,3359
Blue,snipe,reinforcements,Green,nuke,wall,16,0,0,0,0,16,4819
Blue,snipe,reinforcements,Green,firebomb,heal,16,0,0,0,0,16,6999
Blue,snipe,reinforcements,Green,firebomb,reinforcements,16,0,0,0,0,16,6608
Blue,snipe,reinforcements,Green,firebomb,speed,16,0,0,0,0,16,6979
Blue,snipe,reinforcements,Green,firebomb,wall,16,0,0,0,0,16,5974
Blue,snipe,reinforcements,Green,snipe,heal,16,0,0,0,0,16,6413
Blue,snipe,reinforcements,Green,snipe,reinforcements,16,0,0,0,0,16,6134
Blue,snipe,reinforcements,Green,snipe,speed,16,0,0,0,0,16,6389
Blue,snipe,reinforcements,Green,snipe,wall,16,0,0,0,0,16,4454
Blue,snipe,reinforcements,Green,freeze,heal,16,0,0,0,0,16,7294
Blue,snipe,reinforcements,Green,freeze,reinforcements,16,0,0,0,0,16,5991
Blue,snipe,reinforcements,Green,freeze,speed,16,0,0,0,0,16,7103
Blue,snipe,reinforcements,Green,freeze,wall,16,0,0,0,0,16,5093
Blue,snipe,reinforcements,Orange,nuke,heal,16,16,0,0,0,0,3769
Blue,snipe,reinforcements,Orange,nuke,reinforcements,16,16,0,0,0,0,6155
Blue,snipe,reinforcements,Orange,nuke,speed,16,16,0,0,0,0,3769
Blue,snipe,reinforcements,Orange,nuke,wall,16,16,0,0,0,0,6013
Blue,snipe,reinforcements,Orange,firebomb,heal,16,2,9,0,5,0,17282
Blue,snipe,reinforcements,Orange,firebomb,reinforcements,16,16,0,0,0,0,6207
Blue,snipe,reinforcements,Orange,firebomb,speed,16,0,0,0,1,15,8524
Blue,snipe,reinforcements,Orange,firebomb,wall,16,7,0,0,9,0,16251
Blue,snipe,reinforcements,Orange,snipe,heal,16,16,0,0,0,0,5980
Blue,snipe,reinforcements,Orange,snipe,reinforcements,16,15,0,0,0,1,6329
Blue,snipe,reinforcements,Orange,snipe,speed,16,0,0,0,0,16,7795
Blue,snipe,reinforcements,Orange,snipe,wall,16,0,0,0,3,13,13186
Blue,snipe,reinforcements,Orange,freeze,heal,16,1,5,0,10,0,17702
Blue,snipe,reinforcements,Orange,freeze,reinforcements,16,16,0,0,0,0,6232
Blue,snipe,reinforcements,Orange,freeze,speed,16,0,3,0,0,13,13111
Blue,snipe,reinforcements,Orange,freeze,wall,16,0,0,0,16,0,18000
Blue,snipe,reinforcements,Purple,nuke,heal,16,16,0,0,0,0,6211
Blue,snipe,reinforcements,Purple,nuke,reinforcements,16,16,0,0,0,0,6097
Blue,snipe,reinforcements,Purple,nuke,speed,16,16,0,0,0,0,5359
Blue,snipe,reinforcements,Purple,nuke,wall,16,16,0,0,0,0,6072
Blue,snipe,reinforcements,Purple,firebomb,heal,16,16,0,0,0,0,6262
Blue,snipe,reinforcements,Purple,firebomb,reinforcements,16,16,0,0,0,0,5328
Blue,snipe,reinforcements,Purple,firebomb,speed,16,0,0,0,0,16,8115
Blue,snipe,reinforcements,Purple,firebomb,wall,16,16,0,0,0,0,6481
Blue,snipe,reinforcements,Purple,snipe,heal,16,16,0,0,0,0,6282
Blue,snipe,reinforcements,Purple,snipe,reinforcements,16,16,0,0,0,0,5612
Blue,snipe,reinforcements,Purple,snipe,speed,16,0,0,0,0,16,8096
Blue,snipe,reinforcements,Purple,snipe,wall,16,16,0,0,0,0,6262
Blue,snipe,reinforcements,Purple,freeze,heal,16,16,0,0,0,0,11447
Blue,snipe,reinforcements,Purple,freeze,reinforcements,16,16,0,0,0,0,5541
Blue,snipe,reinforcements,Purple,freeze,speed,16,0,0,0,0,16,7087
Blue,snipe,reinforcements,Purple,freeze,wall,16,16,0,0,0,0,6392
Blue,snipe,reinforcements,Red,nuke,heal,16,16,0,0,0,0,3359
Blue,snipe,reinforcements,Red,nuke,reinforcements,16,16,0,0,0,0,4159
Blue,snipe,reinforcements,Red,nuke,speed,16,16,0,0,0,0,3359
Blue,snipe,reinforcements,Red,nuke,wall,16,0,0,0,0,16,9124
Blue,snipe,reinforcements,Red,firebomb,heal,16,0,0,0,0,16,17504
Blue,snipe,reinforcements,Red,firebomb,reinforcements,16,0,0,0,0,16,6214
Blue,snipe,reinforcements,Red,firebomb,speed,16,0,0,0,0,16,7668
Blue,snipe,reinforcements,Red,firebomb,wall,16,0,0,0,0,16,13987
Blue,snipe,reinforcements,Red,snipe,heal,16,0,0,0,0,16,6506
Blue,snipe,reinforcements,Red,snipe,reinforcements,16,0,0,0,0,16,7513
Blue,snipe,reinforcements,Red,snipe,speed,16,0,0,0,0,16,5999
Blue,snipe,reinforcements,Red,snipe,wall,16,0,0,0,0,16,6602
Blue,snipe,reinforcements,Red,freeze,heal,16,0,0,0,0,16,8357
Blue,snipe,reinforcements,Red,freeze,reinforcements,16,16,0,0,0,0,7381
Blue,snipe,reinforcements,Red,freeze,speed,16,0,0,0,0,16,7339
Blue,snipe,reinforcements,Red,freeze,wall,16,0,16,0,0,0,18000
Blue,snipe,reinforcements,White,nuke,heal,16,16,0,0,0,0,3439
Blue,snipe,reinforcements,White,nuke,reinforcements,16,16,0,0,0,0,4173
Blue,snipe,reinforcements,White,nuke,speed,16,16,0,0,0,0,3439
Blue,snipe,reinforcements,White,nuke,wall,16,16,0,0,0,0,7941
Blue,snipe,reinforcements,White,firebomb,heal,16,16,0,0,0,0,8197
Blue,snipe,reinforcements,White,firebomb,reinforcements,16,16,0,0,0,0,4657
Blue,snipe,reinforcements,White,firebomb,speed,16,16,0,0,0,0,9235
Blue,snipe,reinforcements,White,firebomb,wall,16,16,0,0,0,0,5761
Blue,snipe,reinforcements,White,snipe,heal,16,0,0,0,0,16,7788
Blue,snipe,reinforcements,White,snipe,reinforcements,16,16,0,0,0,0,4197
Blue,snipe,reinforcements,White,snipe,speed,16,0,0,0,0,16,7386
Blue,snipe,reinforcements,White,snipe,wall,16,0,0,0,0,16,8919
Blue,snipe,reinforcements,White,freeze,heal,16,16,0,0,0,0,7983
Blue,snipe,reinforcements,White,freeze,reinforcements,16,16,0,0,0,0,4161
Blue,snipe,reinforcements,White,freeze,speed,16,16,0,0,0,0,10201
Blue,snipe,reinforcements,White,freeze,wall,16,16,0,0,0,0,8199
Blue,snipe,reinforcements,Yellow,nuke,heal,16,16,0,0,0,0,3529
Blue,snipe,reinforcements,Yellow,nuke,reinforcements,16,16,0,0,0,0,6770
Blue,snipe,reinforcements,Yellow,nuke,speed,16,16,0,0,0,0,3379
Blue,snipe,reinforcements,Yellow,nuke,wall,16,16,0,0,0,0,6339
Blue,snipe,reinforcements,Yellow,firebomb,heal,16,16,0,0,0,0,9528
Blue,snipe,reinforcements,Yellow,firebomb,reinforcements,16,16,0,0,0,0,6742
Blue,snipe,reinforcements,Yellow,firebomb,speed,16,0,16,0,0,0,18000
Blue,snipe,reinforcements,Yellow,firebomb,wall,16,16,0,0,0,0,9451
Blue,snipe,reinforcements,Yellow,snipe,heal,16,0,0,0,0,16,14767
Blue,snipe,reinforcements,Yellow,snipe,reinforcements,16,16,0,0,0,0,7972
Blue,snipe,reinforcements,Yellow,snipe,speed,16,0,0,0,0,16,6623
Blue,snipe,reinforcements,Yellow,snipe,wall,16,0,0,0,0,16,8975
Blue,snipe,reinforcements,Yellow,freeze,heal,16,16,0,0,0,0,10709
Blue,snipe,reinforcements,Yellow,freeze,reinforcements,16,16,0,0,0,0,5217
Blue,snipe,reinforcements,Yellow,freeze,speed,16,0,0,0,0,16,7169
Blue,snipe,reinforcements,Yellow,freeze,wall,16,16,0,0,0,0,9955
Blue,snipe,speed,Black,nuke,heal,16,16,0,0,0,0,9111
Blue,snipe,speed,Black,nuke,reinforcements,16,16,0,0,0,0,5525
Blue,snipe,speed,Black,nuke,speed,16,0,0,0,0,16,10434
Blue,snipe,speed,Black,nuke,wall,16,16,0,0,0,0,8616
Blue,snipe,speed,Black,firebomb,heal,16,16,0,0,0,0,9074
Blue,snipe,speed,Black,firebomb,reinforcements,16,16,0,0,0,0,5475
Blue,snipe,speed,Black,firebomb,speed,16,16,0,0,0,0,11039
Blue,snipe,speed,Black,firebomb,wall,16,16,0,0,0,0,8780
Blue,snipe,speed,Black,snipe,heal,16,16,0,0,0,0,9893
Blue,snipe,speed,Black,snipe,reinforcements,16,16,0,0,0,0,5631
Blue,snipe,speed,Black,snipe,speed,16,0,0,0,0,16,8893
Blue,snipe,speed,Black,snipe,wall,16,16,0,0,0,0,9093
Blue,snipe,speed,Black,freeze,heal,16,16,0,0,0,0,8755
Blue,snipe,speed,Black,freeze,reinforcements,16,16,0,0,0,0,4983
Blue,snipe,speed,Black,freeze,speed,16,16,0,0,0,0,10675
Blue,snipe,speed,Black,freeze,wall,16,16,0,0,0,0,8608
Blue,snipe,speed,Blue,nuke,heal,16,16,0,0,0,0,7764
Blue,snipe,speed,Blue,nuke,reinforcements,16,16,0,0,0,0,6266
Blue,snipe,speed,Blue,nuke,speed,16,16,0,0,0,0,7639
Blue,snipe,speed,Blue,nuke,wall,16,16,0,0,0,0,8610
Blue,snipe,speed,Blue,firebomb,heal,16,16,0,0,0,0,8738
Blue,snipe,speed,Blue,firebomb,reinforcements,16,16,0,0,0,0,5474
Blue,snipe,speed,Blue,firebomb,speed,16,16,0,0,0,0,9488
Blue,snipe,speed,Blue,firebomb,wall,16,16,0,0,0,0,8613
Blue,snipe,speed,Blue,snipe,heal,16,16,0,0,0,0,9679
Blue,snipe,speed,Blue,snipe,reinforcements,16,16,0,0,0,0,6242
Blue,snipe,speed,Blue,snipe,speed,16,16,0,0,0,0,11469
Blue,snipe,speed,Blue,snipe,wall,16,16,0,0,0,0,9515
Blue,snipe,speed,Blue,freeze,heal,16,16,0,0,0,0,8479
Blue,snipe,speed,Blue,freeze,reinforcements,16,16,0,0,0,0,6077
Blue,snipe,speed,Blue,freeze,speed,16,16,0,0,0,0,8665
Blue,snipe,speed,Blue,freeze,wall,16,16,0,0,0,0,8344
Blue,snipe,speed,Green,nuke,heal,16,16,0,0,0,0,6319
Blue,snipe,speed,Green,nuke,reinforcements,16,16,0,0,0,0,6375
Blue,snipe,speed,Green,nuke,speed,16,16,0,0,0,0,6284
Blue,snipe,speed,Green,nuke,wall,16,0,0,0,0,16,9755
Blue,snipe,speed,Green,firebomb,heal,16,0,0,0,0,16,9710
Blue,snipe,speed,Green,firebomb,reinforcements,16,16,0,0,0,0,6413
Blue,snipe,speed,Green,firebomb,speed,16,0,0,0,0,16,12510
Blue,snipe,speed,Green,firebomb,wall,16,0,0,0,0,16,11276
Blue,snipe,speed,Green,snipe,heal,16,0,0,0,0,16,6534
Blue,snipe,speed,Green,snipe,reinforcements,16,16,0,0,0,0,6395
Blue,snipe,speed,Green,snipe,speed,16,0,0,0,0,16,10990
Blue,snipe,speed,Green,snipe,wall,16,0,0,0,0,16,8624
Blue,snipe,speed,Green,freeze,heal,16,0,0,0,0,16,6850
Blue,snipe,speed,Green,freeze,reinforcements,16,16,0,0,0,0,6530
Blue,snipe,speed,Green,freeze,speed,16,0,0,0,0,16,7210
Blue,snipe,speed,Green,freeze,wall,16,0,0,0,0,16,11161
Blue,snipe,speed,Orange,nuke,heal,16,16,0,0,0,0,9113
Blue,snipe,speed,Orange,nuke,reinforcements,16,16,0,0,0,0,5736
Blue,snipe,speed,Orange,nuke,speed,16,16,0,0,0,0,9538
Blue,snipe,speed,Orange,nuke,wall,16,16,0,0,0,0,9393
Blue,snipe,speed,Orange,firebomb,heal,16,16,0,0,0,0,9408
Blue,snipe,speed,Orange,firebomb,reinforcements,16,16,0,0,0,0,5995
Blue,snipe,speed,Orange,firebomb,speed,16,14,2,0,0,0,11517
Blue,snipe,speed,Orange,firebomb,wall,16,16,0,0,0,0,9159
Blue,snipe,speed,Orange,snipe,heal,16,15,0,0,0,1,10981
Blue,snipe,speed,Orange,snipe,reinforcements,16,16,0,0,0,0,6004
Blue,snipe,speed,Orange,snipe,speed,16,1,0,0,3,12,12143
Blue,snipe,speed,Orange,snipe,wall,16,16,0,0,0,0,11281
Blue,snipe,speed,Orange,freeze,heal,16,16,0,0,0,0,9203
Blue,snipe,speed,Orange,freeze,reinforcements,16,16,0,0,0,0,5945
Blue,snipe,speed,Orange,freeze,speed,16,15,1,0,0,0,9775
Blue,snipe,speed,Orange,freeze,wall,16,16,0,0,0,0,9699
Blue,snipe,speed,Purple,nuke,heal,16,16,0,0,0,0,5844
Blue,snipe,speed,Purple,nuke,reinforcements,16,16,0,0,0,0,5407
Blue,snipe,speed,Purple,nuke,speed,16,0,0,0,0,16,11703
Blue,snipe,speed,Purple,nuke,wall,16,16,0,0,0,0,7649
Blue,snipe,speed,Purple,firebomb,heal,16,16,0,0,0,0,10998
Blue,snipe,speed,Purple,firebomb,reinforcements,16,16,0,0,0,0,5952
Blue,snipe,speed,Purple,firebomb,speed,16,0,0,0,0,16,5828
Blue,snipe,speed,Purple,firebomb,wall,16,16,0,0,0,0,10177
Blue,snipe,speed,Purple,snipe,heal,16,0,0,0,0,16,12080
Blue,snipe,speed,Purple,snipe,reinforcements,16,16,0,0,0,0,5775
Blue,snipe,speed,Purple,snipe,speed,16,0,0,0,0,16,8570
Blue,snipe,speed,Purple,snipe,wall,16,0,0,0,0,16,11391
Blue,snipe,speed,Purple,freeze,heal,16,16,0,0,0,0,9045
Blue,snipe,speed,Purple,freeze,reinforcements,16,16,0,0,0,0,5586
Blue,snipe,speed,Purple,freeze,speed,16,0,0,0,0,16,9748
Blue,snipe,speed,Purple,freeze,wall,16,16,0,0,0,0,9409
Blue,snipe,speed,Red,nuke,heal,16,16,0,0,0,0,5559
Blue,snipe,speed,Red,nuke,reinforcements,16,16,0,0,0,0,4973
Blue,snipe,speed,Red,nuke,speed,16,0,0,0,0,16,6239
Blue,snipe,speed,Red,nuke,wall,16,16,0,0,0,0,9669
Blue,snipe,speed,Red,firebomb,heal,16,16,0,0,0,0,8779
Blue,snipe,speed,Red,firebomb,reinforcements,16,16,0,0,0,0,4925
Blue,snipe,speed,Red,firebomb,speed,16,0,0,0,0,16,11577
Blue,snipe,speed,Red,firebomb,wall,16,16,0,0,0,0,9508
Blue,snipe,speed,Red,snipe,heal,16,0,0,0,0,16,10503
Blue,snipe,speed,Red,snipe,reinforcements,16,16,0,0,0,0,4925
Blue,snipe,speed,Red,snipe,speed,16,0,0,0,0,16,6023
Blue,snipe,speed,Red,snipe,wall,16,16,0,0,0,0,11773
Blue,snipe,speed,Red,freeze,heal,16,0,0,0,0,16,10110
Blue,snipe,speed,Red,freeze,reinforcements,16,16,0,0,0,0,5272
Blue,snipe,speed,Red,freeze,speed,16,16,0,0,0,0,12552
Blue,snipe,speed,Red,freeze,wall,16,16,0,0,0,0,9554
Blue,snipe,speed,White,nuke,heal,16,16,0,0,0,0,8279
Blue,snipe,speed,White,nuke,reinforcements,16,16,0,0,0,0,4987
Blue,snipe,speed,White,nuke,speed,16,16,0,0,0,0,5716
Blue,snipe,speed,White,nuke,wall,16,16,0,0,0,0,7801
Blue,snipe,speed,White,firebomb,heal,16,16,0,0,0,0,8362
Blue,snipe,speed,White,firebomb,reinforcements,16,16,0,0,0,0,4862
Blue,snipe,speed,White,firebomb,speed,16,16,0,0,0,0,5740
Blue,snipe,speed,White,firebomb,wall,16,16,0,0,0,0,7866
Blue,snipe,speed,White,snipe,heal,16,16,0,0,0,0,9261
Blue,snipe,speed,White,snipe,reinforcements,16,16,0,0,0,0,4872
Blue,snipe,speed,White,snipe,speed,16,16,0,0,0,0,8749
Blue,snipe,speed,White,snipe,wall,16,16,0,0,0,0,8440
Blue,snipe,speed,White,freeze,heal,16,16,0,0,0,0,8262
Blue,snipe,speed,White,freeze,reinforcements,16,16,0,0,0,0,4993
Blue,snipe,speed,White,freeze,speed,16,16,0,0,0,0,7974
Blue,snipe,speed,White,freeze,wall,16,16,0,0,0,0,8391
Blue,snipe,speed,Yellow,nuke,heal,16,16,0,0,0,0,8595
Blue,snipe,speed,Yellow,nuke,reinforcements,16,16,0,0,0,0,5736
Blue,snipe,speed,Yellow,nuke,speed,16,16,0,0,0,0,10645
Blue,snipe,speed,Yellow,nuke,wall,16,16,0,0,0,0,8237
Blue,snipe,speed,Yellow,firebomb,heal,16,16,0,0,0,0,9019
Blue,snipe,speed,Yellow,firebomb,reinforcements,16,16,0,0,0,0,5504
Blue,snipe,speed,Yellow,firebomb,speed,16,16,0,0,0,0,9184
Blue,snipe,speed,Yellow,firebomb,wall,16,16,0,0,0,0,8622
Blue,snipe,speed,Yellow,snipe,heal,16,16,0,0,0,0,9029
Blue,snipe,speed,Yellow,snipe,reinforcements,16,16,0,0,0,0,5166
Blue,snipe,speed,Yellow,snipe,speed,16,16,0,0,0,0,7885
Blue,snipe,speed,Yellow,snipe,wall,16,16,0,0,0,0,9204
Blue,snipe,speed,Yellow,freeze,heal,16,16,0,0,0,0,8192
Blue,snipe,speed,Yellow,freeze,reinforcements,16,16,0,0,0,0,5813
Blue,snipe,speed,Yellow,freeze,speed,16,16,0,0,0,0,8285
Blue,snipe,speed,Yellow,freeze,wall,16,16,0,0,0,0,8568
Blue,snipe,wall,Black,nuke,heal,16,16,0,0,0,0,6284
Blue,snipe,wall,Black,nuke,reinforcements,16,16,0,0,0,0,6412
Blue,snipe,wall,Black,nuke,speed,16,16,0,0,0,0,5849
Blue,snipe,wall,Black,nuke,wall,16,16,0,0,0,0,8539
Blue,snipe,wall,Black,firebomb,heal,16,0,0,0,0,16,9259
Blue,snipe,wall,Black,firebomb,reinforcements,16,16,0,0,0,0,6622
Blue,snipe,wall,Black,firebomb,speed,16,0,0,0,0,16,9273
Blue,snipe,wall,Black,firebomb,wall,16,16,0,0,0,0,8721
Blue,snipe,wall,Black,snipe,heal,16,0,0,0,0,16,9519
Blue,snipe,wall,Black,snipe,reinforcements,16,16,0,0,0,0,5593
Blue,snipe,wall,Black,snipe,speed,16,0,0,0,0,16,9392
Blue,snipe,wall,Black,snipe,wall,16,0,0,0,0,16,9133
Blue,snipe,wall,Black,freeze,heal,16,16,0,0,0,0,9063
Blue,snipe,wall,Black,freeze,reinforcements,16,16,0,0,0,0,6193
Blue,snipe,wall,Black,freeze,speed,16,0,0,0,0,16,10244
Blue,snipe,wall,Black,freeze,wall,16,16,0,0,0,0,8669
Blue,snipe,wall,Blue,nuke,heal,16,16,0,0,0,0,8576
Blue,snipe,wall,Blue,nuke,reinforcements,16,16,0,0,0,0,6430
Blue,snipe,wall,Blue,nuke,speed,16,9,0,0,0,7,9282
Blue,snipe,wall,Blue,nuke,wall,16,16,0,0,0,0,8539
Blue,snipe,wall,Blue,firebomb,heal,16,16,0,0,0,0,8589
Blue,snipe,wall,Blue,firebomb,reinforcements,16,16,0,0,0,0,6572
Blue,snipe,wall,Blue,firebomb,speed,16,16,0,0,0,0,9713
Blue,snipe,wall,Blue,firebomb,wall,16,16,0,0,0,0,8572
Blue,snipe,wall,Blue,snipe,heal,16,0,0,0,0,16,9486
Blue,snipe,wall,Blue,snipe,reinforcements,16,16,0,0,0,0,5696
Blue,snipe,wall,Blue,snipe,speed,16,0,0,0,0,16,9106
Blue,snipe,wall,Blue,snipe,wall,16,0,0,16,0,0,9649
Blue,snipe,wall,Blue,freeze,heal,16,16,0,0,0,0,8602
Blue,snipe,wall,Blue,freeze,reinforcements,16,16,0,0,0,0,7158
Blue,snipe,wall,Blue,freeze,speed,16,16,0,0,0,0,9150
Blue,snipe,wall,Blue,freeze,wall,16,16,0,0,0,0,8599
Blue,snipe,wall,Green,nuke,heal,16,16,0,0,0,0,5804
Blue,snipe,wall,Green,nuke,reinforcements,16,16,0,0,0,0,6738
Blue,snipe,wall,Green,nuke,speed,16,16,0,0,0,0,5889
Blue,snipe,wall,Green,nuke,wall,16,0,0,0,0,16,8742
Blue,snipe,wall,Green,firebomb,heal,16,0,0,0,0,16,9178
Blue,snipe,wall,Green,firebomb,reinforcements,16,16,0,0,0,0,6763
Blue,snipe,wall,Green,firebomb,speed,16,0,0,0,0,16,9349
Blue,snipe,wall,Green,firebomb,wall,16,0,0,0,0,16,9335
Blue,snipe,wall,Green,snipe,heal,16,0,0,0,0,16,6790
Blue,snipe,wall,Green,snipe,reinforcements,16,16,0,0,0,0,6086
Blue,snipe,wall,Green,snipe,speed,16,0,0,0,0,16,8878
Blue,snipe,wall,Green,snipe,wall,16,0,0,0,0,16,8779
Blue,snipe,wall,Green,freeze,heal,16,0,0,0,0,16,7487
Blue,snipe,wall,Green,freeze,reinforcements,16,16,0,0,0,0,7572
Blue,snipe,wall,Green,freeze,speed,16,0,0,0,0,16,8547
Blue,snipe,wall,Green,freeze,wall,16,0,0,0,0,16,9075
Blue,snipe,wall,Orange,nuke,heal,16,0,0,0,0,16,9605
Blue,snipe,wall,Orange,nuke,reinforcements,16,16,0,0,0,0,6075
Blue,snipe,wall,Orange,nuke,speed,16,8,0,0,0,8,8073
Blue,snipe,wall,Orange,nuke,wall,16,3,0,0,0,13,9329
Blue,snipe,wall,Orange,firebomb,heal,16,0,0,0,0,16,9298
Blue,snipe,wall,Orange,firebomb,reinforcements,16,8,1,0,0,7,10910
Blue,snipe,wall,Orange,firebomb,speed,16,0,0,0,0,16,9266
Blue,snipe,wall,Orange,firebomb,wall,16,5,0,0,0,11,9368
Blue,snipe,wall,Orange,snipe,heal,16,0,0,0,0,16,9378
Blue,snipe,wall,Orange,snipe,reinforcements,16,16,0,0,0,0,6262
Blue,snipe,wall,Orange,snipe,speed,16,0,0,0,0,16,9516
Blue,snipe,wall,Orange,snipe,wall,16,0,0,0,0,16,9263
Blue,snipe,wall,Orange,freeze,heal,16,10,0,0,0,6,9182
Blue,snipe,wall,Orange,freeze,reinforcements,16,16,0,0,0,0,6002
Blue,snipe,wall,Orange,freeze,speed,16,0,0,0,0,16,9478
Blue,snipe,wall,Orange,freeze,wall,16,16,0,0,0,0,9056
Blue,snipe,wall,Purple,nuke,heal,16,16,0,0,0,0,6819
Blue,snipe,wall,Purple,nuke,reinforcements,16,16,0,0,0,0,5190
Blue,snipe,wall,Purple,nuke,speed,16,16,0,0,0,0,5829
Blue,snipe,wall,Purple,nuke,wall,16,0,0,0,0,16,9432
Blue,snipe,wall,Purple,firebomb,heal,16,0,0,0,0,16,9344
Blue,snipe,wall,Purple,firebomb,reinforcements,16,16,0,0,0,0,5251
Blue,snipe,wall,Purple,firebomb,speed,16,0,0,0,0,16,8816
Blue,snipe,wall,Purple,firebomb,wall,16,0,0,0,0,16,9450
Blue,snipe,wall,Purple,snipe,heal,16,0,0,0,0,16,9481
Blue,snipe,wall,Purple,snipe,reinforcements,16,16,0,0,0,0,5047
Blue,snipe,wall,Purple,snipe,speed,16,0,0,0,0,16,7791
Blue,snipe,wall,Purple,snipe,wall,16,0,0,0,0,16,9412
Blue,snipe,wall,Purple,freeze,heal,16,16,0,0,0,0,9164
Blue,snipe,wall,Purple,freeze,reinforcements,16,16,0,0,0,0,5819
Blue,snipe,wall,Purple,freeze,speed,16,0,0,0,0,16,10210
Blue,snipe,wall,Purple,freeze,wall,16,1,0,0,0,15,9661
Blue,snipe,wall,Red,nuke,heal,16,16,0,0,0,0,7664
Blue,snipe,wall,Red,nuke,reinforcements,16,16,0,0,0,0,6277
Blue,snipe,wall,Red,nuke,speed,16,16,0,0,0,0,5584
Blue,snipe,wall,Red,nuke,wall,16,0,0,0,0,16,9195
Blue,snipe,wall,Red,firebomb,heal,16,4,0,0,0,12,9348
Blue,snipe,wall,Red,firebomb,reinforcements,16,16,0,0,0,0,6799
Blue,snipe,wall,Red,firebomb,speed,16,0,0,0,0,16,9104
Blue,snipe,wall,Red,firebomb,wall,16,0,0,0,0,16,9124
Blue,snipe,wall,Red,snipe,heal,16,0,0,0,0,16,9177
Blue,snipe,wall,Red,snipe,reinforcements,16,16,0,0,0,0,5607
Blue,snipe,wall,Red,snipe,speed,16,0,0,0,0,16,8644
Blue,snipe,wall,Red,snipe,wall,16,0,0,0,0,16,9134
Blue,snipe,wall,Red,freeze,heal,16,0,0,0,0,16,9465
Blue,snipe,wall,Red,freeze,reinforcements,16,16,0,0,0,0,5626
Blue,snipe,wall,Red,freeze,speed,16,0,0,0,0,16,8965
Blue,snipe,wall,Red,freeze,wall,16,16,0,0,0,0,9529
Blue,snipe,wall,White,nuke,heal,16,16,0,0,0,0,7708
Blue,snipe,wall,White,nuke,reinforcements,16,16,0,0,0,0,4300
Blue,snipe,wall,White,nuke,speed,16,16,0,0,0,0,8285
Blue,snipe,wall,White,nuke,wall,16,16,0,0,0,0,7759
Blue,snipe,wall,White,firebomb,heal,16,16,0,0,0,0,7561
Blue,snipe,wall,White,firebomb,reinforcements,16,16,0,0,0,0,4630
Blue,snipe,wall,White,firebomb,speed,16,0,0,0,0,16,8089
Blue,snipe,wall,White,firebomb,wall,16,16,0,0,0,0,7846
Blue,snipe,wall,White,snipe,heal,16,16,0,0,0,0,8289
Blue,snipe,wall,White,snipe,reinforcements,16,16,0,0,0,0,4355
Blue,snipe,wall,White,snipe,speed,16,0,0,0,0,16,9898
Blue,snipe,wall,White,snipe,wall,16,16,0,0,0,0,8001
Blue,snipe,wall,White,freeze,heal,16,16,0,0,0,0,7803
Blue,snipe,wall,White,freeze,reinforcements,16,16,0,0,0,0,4452
Blue,snipe,wall,White,freeze,speed,16,16,0,0,0,0,9197
Blue,snipe,wall,White,freeze,wall,16,16,0,0,0,0,7684
Blue,snipe,wall,Yellow,nuke,heal,16,16,0,0,0,0,7214
Blue,snipe,wall,Yellow,nuke,reinforcements,16,16,0,0,0,0,6068
Blue,snipe,wall,Yellow,nuke,speed,16,16,0,0,0,0,7209
Blue,snipe,wall,Yellow,nuke,wall,16,16,0,0,0,0,8479
Blue,snipe,wall,Yellow,firebomb,heal,16,16,0,0,0,0,8608
Blue,snipe,wall,Yellow,firebomb,reinforcements,16,16,0,0,0,0,6545
Blue,snipe,wall,Yellow,firebomb,speed,16,0,0,0,0,16,9196
Blue,snipe,wall,Yellow,firebomb,wall,16,16,0,0,0,0,8567
Blue,snipe,wall,Yellow,snipe,heal,16,0,0,0,0,16,9136
Blue,snipe,wall,Yellow,snipe,reinforcements,16,16,0,0,0,0,5757
Blue,snipe,wall,Yellow,snipe,speed,16,0,0,0,0,16,9164
Blue,snipe,wall,Yellow,snipe,wall,16,0,0,0,0,16,8899
Blue,snipe,wall,Yellow,freeze,heal,16,16,0,0,0,0,8592
Blue,snipe,wall,Yellow,freeze,reinforcements,16,16,0,0,0,0,6098
Blue,snipe,wall,Yellow,freeze,speed,16,14,0,0,0,2,9284
Blue,snipe,wall,Yellow,freeze,wall,16,16,0,0,0,0,8598
Blue,freeze,heal,Black,nuke,heal,16,16,0,0,0,0,5834
Blue,freeze,heal,Black,nuke,reinforcements,16,16,0,0,0,0,7977
Blue,freeze,heal,Black,nuke,speed,16,0,0,0,0,16,8957
Blue,freeze,heal,Black,nuke,wall,16,16,0,0,0,0,8599
Blue,freeze,heal,Black,firebomb,heal,16,0,0,0,0,16,8474
Blue,freeze,heal,Black,firebomb,reinforcements,16,16,0,0,0,0,10812
Blue,freeze,heal,Black,firebomb,speed,16,0,0,0,0,16,8412
Blue,freeze,heal,Black,firebomb,wall,16,0,0,16,0,0,8809
Blue,freeze,heal,Black,snipe,heal,16,0,0,0,0,16,8368
Blue,freeze,heal,Black,snipe,reinforcements,16,16,0,0,0,0,8330
Blue,freeze,heal,Black,snipe,speed,16,0,0,0,0,16,8808
Blue,freeze,heal,Black,snipe,wall,16,0,0,0,0,16,8408
Blue,freeze,heal,Black,freeze,heal,16,4,0,0,0,12,9034
Blue,freeze,heal,Black,freeze,reinforcements,16,0,0,0,0,16,9656
Blue,freeze,heal,Black,freeze,speed,16,0,0,0,0,16,8890
Blue,freeze,heal,Black,freeze,wall,16,0,0,0,0,16,8809
Blue,freeze,heal,Blue,nuke,heal,16,0,0,0,0,16,8359
Blue,freeze,heal,Blue,nuke,reinforcements,16,16,0,0,0,0,8731
Blue,freeze,heal,Blue,nuke,speed,16,0,0,0,0,16,8615
Blue,freeze,heal,Blue,nuke,wall,16,2,0,0,0,14,8385
Blue,freeze,heal,Blue,firebomb,heal,16,0,0,0,0,16,8617
Blue,freeze,heal,Blue,firebomb,reinforcements,16,16,0,0,0,0,8818
Blue,freeze,heal,Blue,firebomb,speed,16,0,0,0,0,16,8539
Blue,freeze,heal,Blue,firebomb,wall,16,0,0,0,0,16,8568
Blue,freeze,heal,Blue,snipe,heal,16,0,0,0,0,16,8539
Blue,freeze,heal,Blue,snipe,reinforcements,16,16,0,0,0,0,8762
Blue,freeze,heal,Blue,snipe,speed,16,0,0,0,0,16,9473
Blue,freeze,heal,Blue,snipe,wall,16,0,0,0,0,16,8386
Blue,freeze,heal,Blue,freeze,heal,16,0,0,16,0,0,8869
Blue,freeze,heal,Blue,freeze,reinforcements,16,16,0,0,0,0,8676
Blue,freeze,heal,Blue,freeze,speed,16,0,0,0,0,16,8689
Blue,freeze,heal,Blue,freeze,wall,16,0,0,0,0,16,8689
Blue,freeze,heal,Green,nuke,heal,16,16,0,0,0,0,5824
Blue,freeze,heal,Green,nuke,reinforcements,16,0,0,0,0,16,12400
Blue,freeze,heal,Green,nuke,speed,16,16,0,0,0,0,5829
Blue,freeze,heal,Green,nuke,wall,16,16,0,0,0,0,5004
Blue,freeze,heal,Green,firebomb,heal,16,0,0,0,0,16,8252
Blue,freeze,heal,Green,firebomb,reinforcements,16,0,0,0,0,16,10501
Blue,freeze,heal,Green,firebomb,speed,16,0,0,0,0,16,8282
Blue,freeze,heal,Green,firebomb,wall,16,0,0,0,0,16,8295
Blue,freeze,heal,Green,snipe,heal,16,0,0,0,0,16,8547
Blue,freeze,heal,Green,snipe,reinforcements,16,0,0,0,0,16,10319
Blue,freeze,heal,Green,snipe,speed,16,0,0,0,0,16,7649
Blue,freeze,heal,Green,snipe,wall,16,0,0,0,0,16,8244
Blue,freeze,heal,Green,freeze,heal,16,0,0,0,0,16,7226
Blue,freeze,heal,Green,freeze,reinforcements,16,16,0,0,0,0,6543
Blue,freeze,heal,Green,freeze,speed,16,0,0,0,0,16,7638
Blue,freeze,heal,Green,freeze,wall,16,0,0,0,0,16,8361
Blue,freeze,heal,Orange,nuke,heal,16,0,0,0,0,16,8740
Blue,freeze,heal,Orange,nuke,reinforcements,16,16,0,0,0,0,7963
Blue,freeze,heal,Orange,nuke,speed,16,1,0,0,0,15,8816
Blue,freeze,heal,Orange,nuke,wall,16,0,0,0,0,16,8636
Blue,freeze,heal,Orange,firebomb,heal,16,0,0,0,0,16,8666
Blue,freeze,heal,Orange,firebomb,reinforcements,16,16,0,0,0,0,7848
Blue,freeze,heal,Orange,firebomb,speed,16,0,0,0,0,16,8845
Blue,freeze,heal,Orange,firebomb,wall,16,0,0,0,0,16,8502
Blue,freeze,heal,Orange,snipe,heal,16,0,0,0,0,16,8965
Blue,freeze,heal,Orange,snipe,reinforcements,16,16,0,0,0,0,7917
Blue,freeze,heal,Orange,snipe,speed,16,0,0,0,0,16,8916
Blue,freeze,heal,Orange,snipe,wall,16,0,0,0,0,16,8610
Blue,freeze,heal,Orange,freeze,heal,16,1,0,0,0,15,8863
Blue,freeze,heal,Orange,freeze,reinforcements,16,16,0,0,0,0,7560
Blue,freeze,heal,Orange,freeze,speed,16,0,0,0,0,16,9042
Blue,freeze,heal,Orange,freeze,wall,16,1,0,0,0,15,8401
Blue,freeze,heal,Purple,nuke,heal,16,0,0,0,0,16,8566
Blue,freeze,heal,Purple,nuke,reinforcements,16,0,0,0,0,16,11020
Blue,freeze,heal,Purple,nuke,speed,16,16,0,0,0,0,5824
Blue,freeze,heal,Purple,nuke,wall,16,0,0,0,0,16,8407
Blue,freeze,heal,Purple,firebomb,heal,16,0,0,0,0,16,8415
Blue,freeze,heal,Purple,firebomb,reinforcements,16,0,0,0,0,16,12533
Blue,freeze,heal,Purple,firebomb,speed,16,0,0,0,0,16,8523
Blue,freeze,heal,Purple,firebomb,wall,16,0,0,0,0,16,8419
Blue,freeze,heal,Purple,snipe,heal,16,0,0,0,0,16,8508
Blue,freeze,heal,Purple,snipe,reinforcements,16,0,0,0,0,16,10259
Blue,freeze,heal,Purple,snipe,speed,16,0,0,0,0,16,8628
Blue,freeze,heal,Purple,snipe,wall,16,0,0,0,0,16,8532
Blue,freeze,heal,Purple,freeze,heal,16,0,0,0,0,16,8697
Blue,freeze,heal,Purple,freeze,reinforcements,16,16,0,0,0,0,7702
Blue,freeze,heal,Purple,freeze,speed,16,0,0,0,0,16,9060
Blue,freeze,heal,Purple,freeze,wall,16,0,0,0,0,16,8532
Blue,freeze,heal,Red,nuke,heal,16,0,0,0,0,16,8484
Blue,freeze,heal,Red,nuke,reinforcements,16,0,0,0,0,16,10550
Blue,freeze,heal,Red,nuke,speed,16,0,0,0,0,16,8349
Blue,freeze,heal,Red,nuke,wall,16,0,0,0,0,16,8357
Blue,freeze,heal,Red,firebomb,heal,16,0,0,0,0,16,8282
Blue,freeze,heal,Red,firebomb,reinforcements,16,0,0,0,0,16,10926
Blue,freeze,heal,Red,firebomb,speed,16,0,0,0,0,16,8629
Blue,freeze,heal,Red,firebomb,wall,16,0,0,0,0,16,8349
Blue,freeze,heal,Red,snipe,heal,16,0,0,0,0,16,8502
Blue,freeze,heal,Red,snipe,reinforcements,16,0,0,0,0,16,10380
Blue,freeze,heal,Red,snipe,speed,16,0,0,0,0,16,8027
Blue,freeze,heal,Red,snipe,wall,16,0,0,0,0,16,8358
Blue,freeze,heal,Red,freeze,heal,16,16,0,0,0,0,11713
Blue,freeze,heal,Red,freeze,reinforcements,16,0,0,0,0,16,10415
Blue,freeze,heal,Red,freeze,speed,16,0,0,0,0,16,8097
Blue,freeze,heal,Red,freeze,wall,16,0,0,0,0,16,8503
Blue,freeze,heal,White,nuke,heal,16,16,0,0,0,0,8030
Blue,freeze,heal,White,nuke,reinforcements,16,16,0,0,0,0,9002
Blue,freeze,heal,White,nuke,speed,16,0,0,0,0,16,8714
Blue,freeze,heal,White,nuke,wall,16,16,0,0,0,0,7823
Blue,freeze,heal,White,firebomb,heal,16,16,0,0,0,0,8297
Blue,freeze,heal,White,firebomb,reinforcements,16,16,0,0,0,0,9791
Blue,freeze,heal,White,firebomb,speed,16,16,0,0,0,0,8324
Blue,freeze,heal,White,firebomb,wall,16,16,0,0,0,0,8317
Blue,freeze,heal,White,snipe,heal,16,0,0,0,0,16,8692
Blue,freeze,heal,White,snipe,reinforcements,16,16,0,0,0,0,7177
Blue,freeze,heal,White,snipe,speed,16,0,0,0,0,16,9078
Blue,freeze,heal,White,snipe,wall,16,16,0,0,0,0,8281
Blue,freeze,heal,White,freeze,heal,16,16,0,0,0,0,7936
Blue,freeze,heal,White,freeze,reinforcements,16,16,0,0,0,0,7197
Blue,freeze,heal,White,freeze,speed,16,16,0,0,0,0,8695
Blue,freeze,heal,White,freeze,wall,16,16,0,0,0,0,8014
Blue,freeze,heal,Yellow,nuke,heal,16,0,0,0,0,16,8480
Blue,freeze,heal,Yellow,nuke,reinforcements,16,16,0,0,0,0,8823
Blue,freeze,heal,Yellow,nuke,speed,16,0,0,0,0,16,7668
Blue,freeze,heal,Yellow,nuke,wall,16,16,0,0,0,0,8569
Blue,freeze,heal,Yellow,firebomb,heal,16,0,0,0,0,16,8520
Blue,freeze,heal,Yellow,firebomb,reinforcements,16,16,0,0,0,0,10231
Blue,freeze,heal,Yellow,firebomb,speed,16,0,0,0,0,16,8267
Blue,freeze,heal,Yellow,firebomb,wall,16,0,0,0,0,16,8689
Blue,freeze,heal,Yellow,snipe,heal,16,0,0,0,0,16,7831
Blue,freeze,heal,Yellow,snipe,reinforcements,16,16,0,0,0,0,8723
Blue,freeze,heal,Yellow,snipe,speed,16,0,0,0,0,16,8527
Blue,freeze,heal,Yellow,snipe,wall,16,0,0,0,0,16,8262
Blue,freeze,heal,Yellow,freeze,heal,16,0,0,0,0,16,8977
Blue,freeze,heal,Yellow,freeze,reinforcements,16,16,0,0,0,0,9989
Blue,freeze,heal,Yellow,freeze,speed,16,0,0,0,0,16,8270
Blue,freeze,heal,Yellow,freeze,wall,16,16,0,0,0,0,8300
Blue,freeze,reinforcements,Black,nuke,heal,16,16,0,0,0,0,3549
Blue,freeze,reinforcements,Black,nuke,reinforcements,16,16,0,0,0,0,6121
Blue,freeze,reinforcements,Black,nuke,speed,16,16,0,0,0,0,3529
Blue,freeze,reinforcements,Black,nuke,wall,16,16,0,0,0,0,9642
Blue,freeze,reinforcements,Black,firebomb,heal,16,0,0,0,0,16,12019
Blue,freeze,reinforcements,Black,firebomb,reinforcements,16,16,0,0,0,0,5540
Blue,freeze,reinforcements,Black,firebomb,speed,16,0,0,0,0,16,8574
Blue,freeze,reinforcements,Black,firebomb,wall,16,16,0,0,0,0,11278
Blue,freeze,reinforcements,Black,snipe,heal,16,0,0,0,0,16,8614
Blue,freeze,reinforcements,Black,snipe,reinforcements,16,16,0,0,0,0,5941
Blue,freeze,reinforcements,Black,snipe,speed,16,0,0,0,0,16,6491
Blue,freeze,reinforcements,Black,snipe,wall,16,0,0,0,0,16,7119
Blue,freeze,reinforcements,Black,freeze,heal,16,16,0,0,0,0,9759
Blue,freeze,reinforcements,Black,freeze,reinforcements,16,16,0,0,0,0,6515
Blue,freeze,reinforcements,Black,freeze,speed,16,0,0,0,0,16,8829
Blue,freeze,reinforcements,Black,freeze,wall,16,16,0,0,0,0,9574
Blue,freeze,reinforcements,Blue,nuke,heal,16,16,0,0,0,0,3864
Blue,freeze,reinforcements,Blue,nuke,reinforcements,16,0,0,0,0,16,7294
Blue,freeze,reinforcements,Blue,nuke,speed,16,16,0,0,0,0,3789
Blue,freeze,reinforcements,Blue,nuke,wall,16,0,0,0,0,16,8078
Blue,freeze,reinforcements,Blue,firebomb,heal,16,0,0,0,0,16,7753
Blue,freeze,reinforcements,Blue,firebomb,reinforcements,16,0,0,0,0,16,7649
Blue,freeze,reinforcements,Blue,firebomb,speed,16,0,0,0,0,16,6622
Blue,freeze,reinforcements,Blue,firebomb,wall,16,0,0,0,0,16,7414
Blue,freeze,reinforcements,Blue,snipe,heal,16,0,0,0,0,16,5186
Blue,freeze,reinforcements,Blue,snipe,reinforcements,16,16,0,0,0,0,12915
Blue,freeze,reinforcements,Blue,snipe,speed,16,0,0,0,0,16,5427
Blue,freeze,reinforcements,Blue,snipe,wall,16,0,0,0,0,16,4837
Blue,freeze,reinforcements,Blue,freeze,heal,16,0,0,0,0,16,8662
Blue,freeze,reinforcements,Blue,freeze,reinforcements,16,0,0,16,0,0,14299
Blue,freeze,reinforcements,Blue,freeze,speed,16,0,0,0,0,16,6407
Blue,freeze,reinforcements,Blue,freeze,wall,16,0,0,0,0,16,9552
Blue,freeze,reinforcements,Green,nuke,heal,16,16,0,0,0,0,3359
Blue,freeze,reinforcements,Green,nuke,reinforcements,16,16,0,0,0,0,4999
Blue,freeze,reinforcements,Green,nuke,speed,16,16,0,0,0,0,3359
Blue,freeze,reinforcements,Green,nuke,wall,16,0,0,0,0,16,4731
Blue,freeze,reinforcements,Green,firebomb,heal,16,0,0,0,0,16,6545
Blue,freeze,reinforcements,Green,firebomb,reinforcements,16,0,0,0,0,16,6931
Blue,freeze,reinforcements,Green,firebomb,speed,16,0,0,0,0,16,6536
Blue,freeze,reinforcements,Green,firebomb,wall,16,0,0,0,0,16,4975
Blue,freeze,reinforcements,Green,snipe,heal,16,0,0,0,0,16,6513
Blue,freeze,reinforcements,Green,snipe,reinforcements,16,0,0,0,0,16,8709
Blue,freeze,reinforcements,Green,snipe,speed,16,0,0,0,0,16,6279
Blue,freeze,reinforcements,Green,snipe,wall,16,0,0,0,0,16,4500
Blue,freeze,reinforcements,Green,freeze,heal,16,0,0,0,0,16,6335
Blue,freeze,reinforcements,Green,freeze,reinforcements,16,0,0,0,0,16,7333
Blue,freeze,reinforcements,Green,freeze,speed,16,0,0,0,0,16,6333
Blue,freeze,reinforcements,Green,freeze,wall,16,0,0,0,0,16,6083
Blue,freeze,reinforcements,Orange,nuke,heal,16,16,0,0,0,0,4094
Blue,freeze,reinforcements,Orange,nuke,reinforcements,16,16,0,0,0,0,6635
Blue,freeze,reinforcements,Orange,nuke,speed,16,16,0,0,0,0,4099
Blue,freeze,reinforcements,Orange,nuke,wall,16,9,0,0,0,7,9760
Blue,freeze,reinforcements,Orange,firebomb,heal,16,0,0,0,0,16,11767
Blue,freeze,reinforcements,Orange,firebomb,reinforcements,16,16,0,0,0,0,6419
Blue,freeze,reinforcements,Orange,firebomb,speed,16,0,0,0,0,16,11127
Blue,freeze,reinforcements,Orange,firebomb,wall,16,0,0,0,0,16,11935
Blue,freeze,reinforcements,Orange,snipe,heal,16,16,0,0,0,0,9130
Blue,freeze,reinforcements,Orange,snipe,reinforcements,16,0,0,0,0,16,8159
Blue,freeze,reinforcements,Orange,snipe,speed,16,0,0,0,0,16,7882
Blue,freeze,reinforcements,Orange,snipe,wall,16,0,0,0,0,16,9662
Blue,freeze,reinforcements,Orange,freeze,heal,16,0,0,0,0,16,10126
Blue,freeze,reinforcements,Orange,freeze,reinforcements,16,16,0,0,0,0,6145
Blue,freeze,reinforcements,Orange,freeze,speed,16,0,0,0,0,16,10185
Blue,freeze,reinforcements,Orange,freeze,wall,16,0,0,0,0,16,9878
Blue,freeze,reinforcements,Purple,nuke,heal,16,16,0,0,0,0,5655
Blue,freeze,reinforcements,Purple,nuke,reinforcements,16,16,0,0,0,0,6037
Blue,freeze,reinforcements,Purple,nuke,speed,16,0,0,0,0,16,6943
Blue,freeze,reinforcements,Purple,nuke,wall,16,16,0,0,0,0,7264
Blue,freeze,reinforcements,Purple,firebomb,heal,16,16,0,0,0,0,6852
Blue,freeze,reinforcements,Purple,firebomb,reinforcements,16,16,0,0,0,0,6690
Blue,freeze,reinforcements,Purple,firebomb,speed,16,0,0,0,0,16,7266
Blue,freeze,reinforcements,Purple,firebomb,wall,16,0,0,0,0,16,12240
Blue,freeze,reinforcements,Purple,snipe,heal,16,16,0,0,0,0,6740
Blue,freeze,reinforcements,Purple,snipe,reinforcements,16,16,0,0,0,0,6299
Blue,freeze,reinforcements,Purple,snipe,speed,16,0,0,0,0,16,6776
Blue,freeze,reinforcements,Purple,snipe,wall,16,16,0,0,0,0,8910
Blue,freeze,reinforcements,Purple,freeze,heal,16,0,0,0,0,16,9956
Blue,freeze,reinforcements,Purple,freeze,reinforcements,16,16,0,0,0,0,6987
Blue,freeze,reinforcements,Purple,freeze,speed,16,0,0,0,0,16,8147
Blue,freeze,reinforcements,Purple,freeze,wall,16,0,0,0,0,16,9329
Blue,freeze,reinforcements,Red,nuke,heal,16,16,0,0,0,0,3359
Blue,freeze,reinforcements,Red,nuke,reinforcements,16,16,0,0,0,0,4574
Blue,freeze,reinforcements,Red,nuke,speed,16,16,0,0,0,0,3359
Blue,freeze,reinforcements,Red,nuke,wall,16,16,0,0,0,0,6829
Blue,freeze,reinforcements,Red,firebomb,heal,16,0,0,0,0,16,7329
Blue,freeze,reinforcements,Red,firebomb,reinforcements,16,0,0,0,0,16,7929
Blue,freeze,reinforcements,Red,firebomb,speed,16,0,0,0,0,16,6782
Blue,freeze,reinforcements,Red,firebomb,wall,16,0,0,0,0,16,9655
Blue,freeze,reinforcements,Red,snipe,heal,16,16,0,0,0,0,7678
Blue,freeze,reinforcements,Red,snipe,reinforcements,16,0,0,0,0,16,7734
Blue,freeze,reinforcements,Red,snipe,speed,16,0,0,0,0,16,6169
Blue,freeze,reinforcements,Red,snipe,wall,16,0,0,0,0,16,6384
Blue,freeze,reinforcements,Red,freeze,heal,16,0,0,0,0,16,7837
Blue,freeze,reinforcements,Red,freeze,reinforcements,16,0,0,0,0,16,7414
Blue,freeze,reinforcements,Red,freeze,speed,16,0,0,0,0,16,7264
Blue,freeze,reinforcements,Red,freeze,wall,16,0,0,0,0,16,8184
Blue,freeze,reinforcements,White,nuke,heal,16,16,0,0,0,0,3434
Blue,freeze,reinforcements,White,nuke,reinforcements,16,16,0,0,0,0,4192
Blue,freeze,reinforcements,White,nuke,speed,16,16,0,0,0,0,3439
Blue,freeze,reinforcements,White,nuke,wall,16,16,0,0,0,0,6779
Blue,freeze,reinforcements,White,firebomb,heal,16,16,0,0,0,0,8263
Blue,freeze,reinforcements,White,firebomb,reinforcements,16,16,0,0,0,0,5028
Blue,freeze,reinforcements,White,firebomb,speed,16,16,0,0,0,0,10569
Blue,freeze,reinforcements,White,firebomb,wall,16,16,0,0,0,0,8260
Blue,freeze,reinforcements,White,snipe,heal,16,0,0,0,0,16,7502
Blue,freeze,reinforcements,White,snipe,reinforcements,16,16,0,0,0,0,4166
Blue,freeze,reinforcements,White,snipe,speed,16,0,0,0,0,16,6869
Blue,freeze,reinforcements,White,snipe,wall,16,0,0,0,0,16,7079
Blue,freeze,reinforcements,White,freeze,heal,16,0,0,0,0,16,8826
Blue,freeze,reinforcements,White,freeze,reinforcements,16,16,0,0,0,0,4522
Blue,freeze,reinforcements,White,freeze,speed,16,0,0,0,0,16,7136
Blue,freeze,reinforcements,White,freeze,wall,16,0,0,0,0,16,6296
Blue,freeze,reinforcements,Yellow,nuke,heal,16,16,0,0,0,0,3599
Blue,freeze,reinforcements,Yellow,nuke,reinforcements,16,16,0,0,0,0,6895
Blue,freeze,reinforcements,Yellow,nuke,speed,16,16,0,0,0,0,3604
Blue,freeze,reinforcements,Yellow,nuke,wall,16,16,0,0,0,0,7549
Blue,freeze,reinforcements,Yellow,firebomb,heal,16,0,0,0,0,16,7095
Blue,freeze,reinforcements,Yellow,firebomb,reinforcements,16,0,0,0,0,16,8887
Blue,freeze,reinforcements,Yellow,firebomb,speed,16,0,0,0,0,16,7165
Blue,freeze,reinforcements,Yellow,firebomb,wall,16,0,0,0,0,16,12109
Blue,freeze,reinforcements,Yellow,snipe,heal,16,0,0,0,0,16,7575
Blue,freeze,reinforcements,Yellow,snipe,reinforcements,16,16,0,0,0,0,6038
Blue,freeze,reinforcements,Yellow,snipe,speed,16,0,0,0,0,16,6799
Blue,freeze,reinforcements,Yellow,snipe,wall,16,0,0,0,0,16,13482
Blue,freeze,reinforcements,Yellow,freeze,heal,16,16,0,0,0,0,9643
Blue,freeze,reinforcements,Yellow,freeze,reinforcements,16,16,0,0,0,0,6848
Blue,freeze,reinforcements,Yellow,freeze,speed,16,0,0,0,0,16,6603
Blue,freeze,reinforcements,Yellow,freeze,wall,16,0,0,0,0,16,8454
Blue,freeze,speed,Black,nuke,heal,16,0,0,0,0,16,8818
Blue,freeze,speed,Black,nuke,reinforcements,16,16,0,0,0,0,8327
Blue,freeze,speed,Black,nuke,speed,16,16,0,0,0,0,5979
Blue,freeze,speed,Black,nuke,wall,16,16,0,0,0,0,8509
Blue,freeze,speed,Black,firebomb,heal,16,10,0,0,0,6,9184
Blue,freeze,speed,Black,firebomb,reinforcements,16,16,0,0,0,0,8922
Blue,freeze,speed,Black,firebomb,speed,16,0,0,0,0,16,9309
Blue,freeze,speed,Black,firebomb,wall,16,16,0,0,0,0,8596
Blue,freeze,speed,Black,snipe,heal,16,0,0,0,0,16,9454
Blue,freeze,speed,Black,snipe,reinforcements,16,16,0,0,0,0,6590
Blue,freeze,speed,Black,snipe,speed,16,0,0,0,0,16,9032
Blue,freeze,speed,Black,snipe,wall,16,0,0,0,0,16,9649
Blue,freeze,speed,Black,freeze,heal,16,0,0,0,0,16,9253
Blue,freeze,speed,Black,freeze,reinforcements,16,16,0,0,0,0,10215
Blue,freeze,speed,Black,freeze,speed,16,0,0,0,0,16,9256
Blue,freeze,speed,Black,freeze,wall,16,16,0,0,0,0,8270
Blue,freeze,speed,Blue,nuke,heal,16,16,0,0,0,0,8608
Blue,freeze,speed,Blue,nuke,reinforcements,16,16,0,0,0,0,7145
Blue,freeze,speed,Blue,nuke,speed,16,0,0,0,0,16,9269
Blue,freeze,speed,Blue,nuke,wall,16,16,0,0,0,0,8633
Blue,freeze,speed,Blue,firebomb,heal,16,16,0,0,0,0,9111
Blue,freeze,speed,Blue,firebomb,reinforcements,16,16,0,0,0,0,7687
Blue,freeze,speed,Blue,firebomb,speed,16,0,0,0,0,16,8789
Blue,freeze,speed,Blue,firebomb,wall,16,16,0,0,0,0,8539
Blue,freeze,speed,Blue,snipe,heal,16,0,0,0,0,16,9161
Blue,freeze,speed,Blue,snipe,reinforcements,16,16,0,0,0,0,8145
Blue,freeze,speed,Blue,snipe,speed,16,0,0,0,0,16,7910
Blue,freeze,speed,Blue,snipe,wall,16,0,0,0,0,16,9110
Blue,freeze,speed,Blue,freeze,heal,16,16,0,0,0,0,8659
Blue,freeze,speed,Blue,freeze,reinforcements,16,16,0,0,0,0,6763
Blue,freeze,speed,Blue,freeze,speed,16,16,0,0,0,0,9469
Blue,freeze,speed,Blue,freeze,wall,16,16,0,0,0,0,8627
Blue,freeze,speed,Green,nuke,heal,16,16,0,0,0,0,6179
Blue,freeze,speed,Green,nuke,reinforcements,16,16,0,0,0,0,12493
Blue,freeze,speed,Green,nuke,speed,16,16,0,0,0,0,5839
Blue,freeze,speed,Green,nuke,wall,16,0,0,0,0,16,8900
Blue,freeze,speed,Green,firebomb,heal,16,0,0,0,0,16,6494
Blue,freeze,speed,Green,firebomb,reinforcements,16,0,0,0,0,16,12823
Blue,freeze,speed,Green,firebomb,speed,16,0,0,0,0,16,6278
Blue,freeze,speed,Green,firebomb,wall,16,0,0,0,0,16,9217
Blue,freeze,speed,Green,snipe,heal,16,0,0,0,0,16,6283
Blue,freeze,speed,Green,snipe,reinforcements,16,0,0,0,0,16,10998
Blue,freeze,speed,Green,snipe,speed,16,0,0,0,0,16,8380
Blue,freeze,speed,Green,snipe,wall,16,0,0,0,0,16,8879
Blue,freeze,speed,Green,freeze,heal,16,0,0,0,0,16,6401
Blue,freeze,speed,Green,freeze,reinforcements,16,0,0,0,0,16,6961
Blue,freeze,speed,Green,freeze,speed,16,0,0,0,0,16,8832
Blue,freeze,speed,Green,freeze,wall,16,0,0,0,0,16,8882
Blue,freeze,speed,Orange,nuke,heal,16,8,0,0,0,8,9801
Blue,freeze,speed,Orange,nuke,reinforcements,16,16,0,0,0,0,6640
Blue,freeze,speed,Orange,nuke,speed,16,4,0,0,0,12,9065
Blue,freeze,speed,Orange,nuke,wall,16,16,0,0,0,0,9127
Blue,freeze,speed,Orange,firebomb,heal,16,0,0,0,0,16,9391
Blue,freeze,speed,Orange,firebomb,reinforcements,16,16,0,0,0,0,10860
Blue,freeze,speed,Orange,firebomb,speed,16,0,0,0,0,16,9281
Blue,freeze,speed,Orange,firebomb,wall,16,5,0,0,0,11,9372
Blue,freeze,speed,Orange,snipe,heal,16,0,0,0,0,16,9349
Blue,freeze,speed,Orange,snipe,reinforcements,16,16,0,0,0,0,7122
Blue,freeze,speed,Orange,snipe,speed,16,1,0,0,0,15,9998
Blue,freeze,speed,Orange,snipe,wall,16,0,0,0,0,16,10111
Blue,freeze,speed,Orange,freeze,heal,16,5,0,0,0,11,9490
Blue,freeze,speed,Orange,freeze,reinforcements,16,16,0,0,0,0,7455
Blue,freeze,speed,Orange,freeze,speed,16,2,0,0,0,14,9722
Blue,freeze,speed,Orange,freeze,wall,16,16,0,0,0,0,9159
Blue,freeze,speed,Purple,nuke,heal,16,16,0,0,0,0,6279
Blue,freeze,speed,Purple,nuke,reinforcements,16,16,0,0,0,0,14479
Blue,freeze,speed,Purple,nuke,speed,16,16,0,0,0,0,6279
Blue,freeze,speed,Purple,nuke,wall,16,16,0,0,0,0,6344
Blue,freeze,speed,Purple,firebomb,heal,16,0,0,0,0,16,9362
Blue,freeze,speed,Purple,firebomb,reinforcements,16,16,0,0,0,0,6767
Blue,freeze,speed,Purple,firebomb,speed,16,0,0,0,0,16,7488
Blue,freeze,speed,Purple,firebomb,wall,16,0,0,0,0,16,9308
Blue,freeze,speed,Purple,snipe,heal,16,0,0,0,0,16,7141
Blue,freeze,speed,Purple,snipe,reinforcements,16,0,0,0,0,16,11958
Blue,freeze,speed,Purple,snipe,speed,16,0,0,0,0,16,6965
Blue,freeze,speed,Purple,snipe,wall,16,0,0,0,0,16,9177
Blue,freeze,speed,Purple,freeze,heal,16,0,0,0,0,16,9478
Blue,freeze,speed,Purple,freeze,reinforcements,16,16,0,0,0,0,13034
Blue,freeze,speed,Purple,freeze,speed,16,16,0,0,0,0,9760
Blue,freeze,speed,Purple,freeze,wall,16,0,0,0,0,16,9106
Blue,freeze,speed,Red,nuke,heal,16,0,0,0,0,16,9163
Blue,freeze,speed,Red,nuke,reinforcements,16,16,0,0,0,0,10559
Blue,freeze,speed,Red,nuke,speed,16,0,0,0,0,16,8826
Blue,freeze,speed,Red,nuke,wall,16,16,0,0,0,0,6179
Blue,freeze,speed,Red,firebomb,heal,16,0,0,0,0,16,9211
Blue,freeze,speed,Red,firebomb,reinforcements,16,0,0,0,0,16,12767
Blue,freeze,speed,Red,firebomb,speed,16,0,0,0,0,16,6029
Blue,freeze,speed,Red,firebomb,wall,16,16,0,0,0,0,9349
Blue,freeze,speed,Red,snipe,heal,16,0,0,0,0,16,9270
Blue,freeze,speed,Red,snipe,reinforcements,16,0,0,0,0,16,10578
Blue,freeze,speed,Red,snipe,speed,16,0,0,0,0,16,6507
Blue,freeze,speed,Red,snipe,wall,16,0,0,0,0,16,9311
Blue,freeze,speed,Red,freeze,heal,16,0,0,0,0,16,12197
Blue,freeze,speed,Red,freeze,reinforcements,16,0,0,0,0,16,17194
Blue,freeze,speed,Red,freeze,speed,16,0,0,0,0,16,8266
Blue,freeze,speed,Red,freeze,wall,16,16,0,0,0,0,9469
Blue,freeze,speed,White,nuke,heal,16,16,0,0,0,0,8268
Blue,freeze,speed,White,nuke,reinforcements,16,16,0,0,0,0,5582
Blue,freeze,speed,White,nuke,speed,16,0,0,0,0,16,9876
Blue,freeze,speed,White,nuke,wall,16,16,0,0,0,0,7826
Blue,freeze,speed,White,firebomb,heal,16,16,0,0,0,0,8273
Blue,freeze,speed,White,firebomb,reinforcements,16,16,0,0,0,0,6790
Blue,freeze,speed,White,firebomb,speed,16,16,0,0,0,0,9311
Blue,freeze,speed,White,firebomb,wall,16,16,0,0,0,0,7877
Blue,freeze,speed,White,snipe,heal,16,16,0,0,0,0,8793
Blue,freeze,speed,White,snipe,reinforcements,16,16,0,0,0,0,5953
Blue,freeze,speed,White,snipe,speed,16,0,0,0,0,16,9574
Blue,freeze,speed,White,snipe,wall,16,16,0,0,0,0,8737
Blue,freeze,speed,White,freeze,heal,16,16,0,0,0,0,7975
Blue,freeze,speed,White,freeze,reinforcements,16,16,0,0,0,0,5122
Blue,freeze,speed,White,freeze,speed,16,16,0,0,0,0,9163
Blue,freeze,speed,White,freeze,wall,16,16,0,0,0,0,7821
Blue,freeze,speed,Yellow,nuke,heal,16,0,0,0,0,16,8992
Blue,freeze,speed,Yellow,nuke,reinforcements,16,16,0,0,0,0,6597
Blue,freeze,speed,Yellow,nuke,speed,16,16,0,0,0,0,7752
Blue,freeze,speed,Yellow,nuke,wall,16,16,0,0,0,0,8479
Blue,freeze,speed,Yellow,firebomb,heal,16,16,0,0,0,0,8759
Blue,freeze,speed,Yellow,firebomb,reinforcements,16,16,0,0,0,0,7182
Blue,freeze,speed,Yellow,firebomb,speed,16,0,0,0,0,16,9119
Blue,freeze,speed,Yellow,firebomb,wall,16,16,0,0,0,0,8517
Blue,freeze,speed,Yellow,snipe,heal,16,0,0,0,0,16,9126
Blue,freeze,speed,Yellow,snipe,reinforcements,16,16,0,0,0,0,6056
Blue,freeze,speed,Yellow,snipe,speed,16,0,0,0,0,16,9069
Blue,freeze,speed,Yellow,snipe,wall,16,0,0,0,0,16,8956
Blue,freeze,speed,Yellow,freeze,heal,16,16,0,0,0,0,8599
Blue,freeze,speed,Yellow,freeze,reinforcements,16,16,0,0,0,0,6009
Blue,freeze,speed,Yellow,freeze,speed,16,0,0,0,0,16,10037
Blue,freeze,speed,Yellow,freeze,wall,16,16,0,0,0,0,8323
Blue,freeze,wall,Black,nuke,heal,16,16,0,0,0,0,6309
Blue,freeze,wall,Black,nuke,reinforcements,16,16,0,0,0,0,9184
Blue,freeze,wall,Black,nuke,speed,16,16,0,0,0,0,5849
Blue,freeze,wall,Black,nuke,wall,16,1,0,0,0,15,8350
Blue,freeze,wall,Black,firebomb,heal,16,0,0,0,0,16,8387
Blue,freeze,wall,Black,firebomb,reinforcements,16,0,0,0,0,16,11479
Blue,freeze,wall,Black,firebomb,speed,16,0,0,0,0,16,8380
Blue,freeze,wall,Black,firebomb,wall,16,0,0,0,0,16,8435
Blue,freeze,wall,Black,snipe,heal,16,0,0,0,0,16,8345
Blue,freeze,wall,Black,snipe,reinforcements,16,16,0,0,0,0,9538
Blue,freeze,wall,Black,snipe,speed,16,0,0,0,0,16,8072
Blue,freeze,wall,Black,snipe,wall,16,0,0,0,0,16,8224
Blue,freeze,wall,Black,freeze,heal,16,0,0,0,0,16,8372
Blue,freeze,wall,Black,freeze,reinforcements,16,16,0,0,0,0,10433
Blue,freeze,wall,Black,freeze,speed,16,0,0,0,0,16,8527
Blue,freeze,wall,Black,freeze,wall,16,2,0,0,0,14,8389
Blue,freeze,wall,Blue,nuke,heal,16,0,0,0,0,16,8320
Blue,freeze,wall,Blue,nuke,reinforcements,16,16,0,0,0,0,9475
Blue,freeze,wall,Blue,nuke,speed,16,16,0,0,0,0,7104
Blue,freeze,wall,Blue,nuke,wall,16,0,0,0,0,16,8321
Blue,freeze,wall,Blue,firebomb,heal,16,0,0,0,0,16,8608
Blue,freeze,wall,Blue,firebomb,reinforcements,16,16,0,0,0,0,8893
Blue,freeze,wall,Blue,firebomb,speed,16,0,0,0,0,16,8654
Blue,freeze,wall,Blue,firebomb,wall,16,14,0,0,0,2,8624
Blue,freeze,wall,Blue,snipe,heal,16,0,0,0,0,16,8349
Blue,freeze,wall,Blue,snipe,reinforcements,16,16,0,0,0,0,10512
Blue,freeze,wall,Blue,snipe,speed,16,0,0,0,0,16,8638
Blue,freeze,wall,Blue,snipe,wall,16,0,0,0,0,16,8351
Blue,freeze,wall,Blue,freeze,heal,16,16,0,0,0,0,8689
Blue,freeze,wall,Blue,freeze,reinforcements,16,16,0,0,0,0,9458
Blue,freeze,wall,Blue,freeze,speed,16,0,0,0,0,16,8318
Blue,freeze,wall,Blue,freeze,wall,16,0,0,16,0,0,8689
Blue,freeze,wall,Green,nuke,heal,16,16,0,0,0,0,5824
Blue,freeze,wall,Green,nuke,reinforcements,16,16,0,0,0,0,8125
Blue,freeze,wall,Green,nuke,speed,16,16,0,0,0,0,5824
Blue,freeze,wall,Green,nuke,wall,16,0,0,0,0,16,8142
Blue,freeze,wall,Green,firebomb,heal,16,0,0,0,0,16,8474
Blue,freeze,wall,Green,firebomb,reinforcements,16,16,0,0,0,0,8060
Blue,freeze,wall,Green,firebomb,speed,16,0,0,0,0,16,6990
Blue,freeze,wall,Green,firebomb,wall,16,0,0,0,0,16,8350
Blue,freeze,wall,Green,snipe,heal,16,0,0,0,0,16,6176
Blue,freeze,wall,Green,snipe,reinforcements,16,16,0,0,0,0,8740
Blue,freeze,wall,Green,snipe,speed,16,0,0,0,0,16,7817
Blue,freeze,wall,Green,snipe,wall,16,0,0,0,0,16,8105
Blue,freeze,wall,Green,freeze,heal,16,0,0,0,0,16,7491
Blue,freeze,wall,Green,freeze,reinforcements,16,0,0,0,0,16,11949
Blue,freeze,wall,Green,freeze,speed,16,0,0,0,0,16,8248
Blue,freeze,wall,Green,freeze,wall,16,0,0,0,0,16,8161
Blue,freeze,wall,Orange,nuke,heal,16,0,0,0,0,16,8656
Blue,freeze,wall,Orange,nuke,reinforcements,16,16,0,0,0,0,6955
Blue,freeze,wall,Orange,nuke,speed,16,4,0,0,0,12,8121
Blue,freeze,wall,Orange,nuke,wall,16,0,0,0,0,16,8287
Blue,freeze,wall,Orange,firebomb,heal,16,0,0,0,0,16,8456
Blue,freeze,wall,Orange,firebomb,reinforcements,16,16,0,0,0,0,8982
Blue,freeze,wall,Orange,firebomb,speed,16,0,0,0,0,16,8605
Blue,freeze,wall,Orange,firebomb,wall,16,0,0,0,0,16,8444
Blue,freeze,wall,Orange,snipe,heal,16,0,0,0,0,16,8630
Blue,freeze,wall,Orange,snipe,reinforcements,16,16,0,0,0,0,9709
Blue,freeze,wall,Orange,snipe,speed,16,0,0,0,0,16,8750
Blue,freeze,wall,Orange,snipe,wall,16,0,0,0,0,16,8491
Blue,freeze,wall,Orange,freeze,heal,16,2,0,0,0,14,8700
Blue,freeze,wall,Orange,freeze,reinforcements,16,16,0,0,0,0,7826
Blue,freeze,wall,Orange,freeze,speed,16,0,0,0,0,16,8827
Blue,freeze,wall,Orange,freeze,wall,16,0,0,0,0,16,8599
Blue,freeze,wall,Purple,nuke,heal,16,16,0,0,0,0,5839
Blue,freeze,wall,Purple,nuke,reinforcements,16,16,0,0,0,0,4589
Blue,freeze,wall,Purple,nuke,speed,16,16,0,0,0,0,5824
Blue,freeze,wall,Purple,nuke,wall,16,0,0,0,0,16,8339
Blue,freeze,wall,Purple,firebomb,heal,16,0,0,0,0,16,8435
Blue,freeze,wall,Purple,firebomb,reinforcements,16,16,0,0,0,0,10007
Blue,freeze,wall,Purple,firebomb,speed,16,0,0,0,0,16,8374
Blue,freeze,wall,Purple,firebomb,wall,16,0,0,0,0,16,8410
Blue,freeze,wall,Purple,snipe,heal,16,0,0,0,0,16,8510
Blue,freeze,wall,Purple,snipe,reinforcements,16,16,0,0,0,0,4978
Blue,freeze,wall,Purple,snipe,speed,16,0,0,0,0,16,7736
Blue,freeze,wall,Purple,snipe,wall,16,0,0,0,0,16,8422
Blue,freeze,wall,Purple,freeze,heal,16,0,0,0,0,16,8804
Blue,freeze,wall,Purple,freeze,reinforcements,16,16,0,0,0,0,3770
Blue,freeze,wall,Purple,freeze,speed,16,0,0,0,0,16,8878
Blue,freeze,wall,Purple,freeze,wall,16,0,0,0,0,16,8365
Blue,freeze,wall,Red,nuke,heal,16,0,0,0,0,16,8539
Blue,freeze,wall,Red,nuke,reinforcements,16,16,0,0,0,0,7210
Blue,freeze,wall,Red,nuke,speed,16,0,0,0,0,16,8333
Blue,freeze,wall,Red,nuke,wall,16,0,0,0,0,16,8341
Blue,freeze,wall,Red,firebomb,heal,16,0,0,0,0,16,8522
Blue,freeze,wall,Red,firebomb,reinforcements,16,16,0,0,0,0,8338
Blue,freeze,wall,Red,firebomb,speed,16,0,0,0,0,16,8398
Blue,freeze,wall,Red,firebomb,wall,16,0,0,0,0,16,8445
Blue,freeze,wall,Red,snipe,heal,16,0,0,0,0,16,8340
Blue,freeze,wall,Red,snipe,reinforcements,16,16,0,0,0,0,5429
Blue,freeze,wall,Red,snipe,speed,16,0,0,0,0,16,8032
Blue,freeze,wall,Red,snipe,wall,16,0,0,0,0,16,8322
Blue,freeze,wall,Red,freeze,heal,16,0,0,0,0,16,8097
Blue,freeze,wall,Red,freeze,reinforcements,16,16,0,0,0,0,7233
Blue,freeze,wall,Red,freeze,speed,16,0,0,0,0,16,8103
Blue,freeze,wall,Red,freeze,wall,16,0,0,0,0,16,8347
Blue,freeze,wall,White,nuke,heal,16,16,0,0,0,0,5959
Blue,freeze,wall,White,nuke,reinforcements,16,16,0,0,0,0,4683
Blue,freeze,wall,White,nuke,speed,16,16,0,0,0,0,5499
Blue,freeze,wall,White,nuke,wall,16,16,0,0,0,0,7916
Blue,freeze,wall,White,firebomb,heal,16,16,0,0,0,0,7820
Blue,freeze,wall,White,firebomb,reinforcements,16,16,0,0,0,0,4727
Blue,freeze,wall,White,firebomb,speed,16,16,0,0,0,0,8237
Blue,freeze,wall,White,firebomb,wall,16,16,0,0,0,0,7797
Blue,freeze,wall,White,snipe,heal,16,16,0,0,0,0,8629
Blue,freeze,wall,White,snipe,reinforcements,16,16,0,0,0,0,4332
Blue,freeze,wall,White,snipe,speed,16,0,0,0,0,16,8642
Blue,freeze,wall,White,snipe,wall,16,0,0,0,0,16,8524
Blue,freeze,wall,White,freeze,heal,16,16,0,0,0,0,7823
Blue,freeze,wall,White,freeze,reinforcements,16,16,0,0,0,0,4755
Blue,freeze,wall,White,freeze,speed,16,16,0,0,0,0,8749
Blue,freeze,wall,White,freeze,wall,16,16,0,0,0,0,7796
Blue,freeze,wall,Yellow,nuke,heal,16,16,0,0,0,0,6779
Blue,freeze,wall,Yellow,nuke,reinforcements,16,16,0,0,0,0,9237
Blue,freeze,wall,Yellow,nuke,speed,16,0,0,0,0,16,8315
Blue,freeze,wall,Yellow,nuke,wall,16,1,0,0,0,15,8241
Blue,freeze,wall,Yellow,firebomb,heal,16,0,0,0,0,16,8398
Blue,freeze,wall,Yellow,firebomb,reinforcements,16,16,0,0,0,0,8976
Blue,freeze,wall,Yellow,firebomb,speed,16,0,0,0,0,16,8299
Blue,freeze,wall,Yellow,firebomb,wall,16,1,0,0,0,15,8380
Blue,freeze,wall,Yellow,snipe,heal,16,0,0,0,0,16,9022
Blue,freeze,wall,Yellow,snipe,reinforcements,16,16,0,0,0,0,9408
Blue,freeze,wall,Yellow,snipe,speed,16,0,0,0,0,16,8474
Blue,freeze,wall,Yellow,snipe,wall,16,0,0,0,0,16,8250
Blue,freeze,wall,Yellow,freeze,heal,16,0,0,0,0,16,8325
Blue,freeze,wall,Yellow,freeze,reinforcements,16,16,0,0,0,0,8796
Blue,freeze,wall,Yellow,freeze,speed,16,0,0,0,0,16,8450
Blue,freeze,wall,Yellow,freeze,wall,16,0,0,0,0,16,8233
Green,nuke,heal,Black,nuke,heal,16,16,0,0,0,0,8578
Green,nuke,heal,Black,nuke,reinforcements,16,0,0,0,0,16,3359
Green,nuke,heal,Black,nuke,speed,16,16,0,0,0,0,9229
Green,nuke,heal,Black,nuke,wall,16,16,0,0,0,0,8539
Green,nuke,heal,Black,firebomb,heal,16,16,0,0,0,0,8409
Green,nuke,heal,Black,firebomb,reinforcements,16,0,0,0,0,16,3359
Green,nuke,heal,Black,firebomb,speed,16,16,0,0,0,0,7571
Green,nuke,heal,Black,firebomb,wall,16,16,0,0,0,0,8419
Green,nuke,heal,Black,snipe,heal,16,0,0,0,0,16,9676
Green,nuke,heal,Black,snipe,reinforcements,16,0,0,0,0,16,3359
Green,nuke,heal,Black,snipe,speed,16,0,0,0,0,16,10152
Green,nuke,heal,Black,snipe,wall,16,16,0,0,0,0,9248
Green,nuke,heal,Black,freeze,heal,16,16,0,0,0,0,9083
Green,nuke,heal,Black,freeze,reinforcements,16,0,0,0,0,16,3359
Green,nuke,heal,Black,freeze,speed,16,0,0,0,0,16,7144
Green,nuke,heal,Black,freeze,wall,16,16,0,0,0,0,8410
Green,nuke,heal,Blue,nuke,heal,16,16,0,0,0,0,8333
Green,nuke,heal,Blue,nuke,reinforcements,16,0,0,0,0,16,3359
Green,nuke,heal,Blue,nuke,speed,16,16,0,0,0,0,9144
Green,nuke,heal,Blue,nuke,wall,16,16,0,0,0,0,8250
Green,nuke,heal,Blue,firebomb,heal,16,16,0,0,0,0,8559
Green,nuke,heal,Blue,firebomb,reinforcements,16,0,0,0,0,16,3359
Green,nuke,heal,Blue,firebomb,speed,16,16,0,0,0,0,9147
Green,nuke,heal,Blue,firebomb,wall,16,16,0,0,0,0,8430
Green,nuke,heal,Blue,snipe,heal,16,16,0,0,0,0,8926
Green,nuke,heal,Blue,snipe,reinforcements,16,0,0,0,0,16,3359
Green,nuke,heal,Blue,snipe,speed,16,16,0,0,0,0,10170
Green,nuke,heal,Blue,snipe,wall,16,0,0,0,0,16,7514
Green,nuke,heal,Blue,freeze,heal,16,16,0,0,0,0,8265
Green,nuke,heal,Blue,freeze,reinforcements,16,0,0,0,0,16,3514
Green,nuke,heal,Blue,freeze,speed,16,16,0,0,0,0,9254
Green,nuke,heal,Blue,freeze,wall,16,16,0,0,0,0,8173
Green,nuke,heal,Green,nuke,heal,16,0,0,0,0,16,8228
Green,nuke,heal,Green,nuke,reinforcements,16,16,0,0,0,0,11800
Green,nuke,heal,Green,nuke,speed,16,0,0,0,0,16,9760
Green,nuke,heal,Green,nuke,wall,16,0,0,16,0,0,9829
Green,nuke,heal,Green,firebomb,heal,16,16,0,0,0,0,9491
Green,nuke,heal,Green,firebomb,reinforcements,16,0,0,0,0,16,5229
Green,nuke,heal,Green,firebomb,speed,16,16,0,0,0,0,6228
Green,nuke,heal,Green,firebomb,wall,16,16,0,0,0,0,9522
Green,nuke,heal,Green,snipe,heal,16,0,0,0,0,16,6828
Green,nuke,heal,Green,snipe,reinforcements,16,0,0,0,0,16,5774
Green,nuke,heal,Green,snipe,speed,16,0,0,0,0,16,9055
Green,nuke,heal,Green,snipe,wall,16,0,0,0,0,16,9449
Green,nuke,heal,Green,freeze,heal,16,0,0,0,0,16,10039
Green,nuke,heal,Green,freeze,reinforcements,16,0,0,0,0,16,6044
Green,nuke,heal,Green,freeze,speed,16,0,0,0,0,16,7490
Green,nuke,heal,Green,freeze,wall,16,0,0,0,0,16,9684
Green,nuke,heal,Orange,nuke,heal,16,16,0,0,0,0,7666
Green,nuke,heal,Orange,nuke,reinforcements,16,0,0,0,0,16,3079
Green,nuke,heal,Orange,nuke,speed,16,10,0,1,0,5,9689
Green,nuke,heal,Orange,nuke,wall,16,16,0,0,0,0,8812
Green,nuke,heal,Orange,firebomb,heal,16,2,0,0,0,14,5969
Green,nuke,heal,Orange,firebomb,reinforcements,16,0,0,0,0,16,3079
Green,nuke,heal,Orange,firebomb,speed,16,6,0,0,0,10,7832
Green,nuke,heal,Orange,firebomb,wall,16,3,0,0,0,13,6213
Green,nuke,heal,Orange,snipe,heal,16,9,0,0,0,7,7281
Green,nuke,heal,Orange,snipe,reinforcements,16,0,0,0,0,16,3079
Green,nuke,heal,Orange,snipe,speed,16,0,0,0,0,16,6694
Green,nuke,heal,Orange,snipe,wall,16,0,0,0,0,16,6269
Green,nuke,heal,Orange,freeze,heal,16,7,0,0,0,9,7510
Green,nuke,heal,Orange,freeze,reinforcements,16,0,0,0,0,16,3109
Green,nuke,heal,Orange,freeze,speed,16,6,0,0,0,10,7324
Green,nuke,heal,Orange,freeze,wall,16,2,0,0,0,14,6601
Green,nuke,heal,Purple,nuke,heal,16,16,0,0,0,0,9415
Green,nuke,heal,Purple,nuke,reinforcements,16,16,0,0,0,0,5129
Green,nuke,heal,Purple,nuke,speed,16,16,0,0,0,0,11126
Green,nuke,heal,Purple,nuke,wall,16,16,0,0,0,0,8320
Green,nuke,heal,Purple,firebomb,heal,16,0,0,0,0,16,6689
Green,nuke,heal,Purple,firebomb,reinforcements,16,0,0,0,0,16,4634
Green,nuke,heal,Purple,firebomb,speed,16,0,0,0,0,16,5020
Green,nuke,heal,Purple,firebomb,wall,16,0,0,0,0,16,7719
Green,nuke,heal,Purple,snipe,heal,16,0,0,0,0,16,6742
Green,nuke,heal,Purple,snipe,reinforcements,16,0,0,0,0,16,5539
Green,nuke,heal,Purple,snipe,speed,16,0,0,0,0,16,8433
Green,nuke,heal,Purple,snipe,wall,16,0,0,0,0,16,10204
Green,nuke,heal,Purple,freeze,heal,16,0,0,0,0,16,6939
Green,nuke,heal,Purple,freeze,reinforcements,16,0,0,0,0,16,4454
Green,nuke,heal,Purple,freeze,speed,16,0,0,0,0,16,6739
Green,nuke,heal,Purple,freeze,wall,16,0,0,0,0,16,8459
Green,nuke,heal,Red,nuke,heal,16,16,0,0,0,0,9411
Green,nuke,heal,Red,nuke,reinforcements,16,16,0,0,0,0,6939
Green,nuke,heal,Red,nuke,speed,16,0,0,0,0,16,10032
Green,nuke,heal,Red,nuke,wall,16,16,0,0,0,0,8931
Green,nuke,heal,Red,firebomb,heal,16,16,0,0,0,0,9711
Green,nuke,heal,Red,firebomb,reinforcements,16,0,0,0,0,16,5118
Green,nuke,heal,Red,firebomb,speed,16,0,0,0,0,16,11530
Green,nuke,heal,Red,firebomb,wall,16,0,0,0,0,16,6814
Green,nuke,heal,Red,snipe,heal,16,0,0,0,0,16,7989
Green,nuke,heal,Red,snipe,reinforcements,16,0,0,0,0,16,3624
Green,nuke,heal,Red,snipe,speed,16,0,0,0,0,16,5117
Green,nuke,heal,Red,snipe,wall,16,16,0,0,0,0,10833
Green,nuke,heal,Red,freeze,heal,16,16,0,0,0,0,8508
Green,nuke,heal,Red,freeze,reinforcements,16,0,0,0,0,16,3649
Green,nuke,heal,Red,freeze,speed,16,16,0,0,0,0,12671
Green,nuke,heal,Red,freeze,wall,16,0,0,0,0,16,8979
Green,nuke,heal,White,nuke,heal,16,0,0,0,0,16,6447
Green,nuke,heal,White,nuke,reinforcements,16,16,0,0,0,0,5274
Green,nuke,heal,White,nuke,speed,16,0,0,0,0,16,4286
Green,nuke,heal,White,nuke,wall,16,16,0,0,0,0,8892
Green,nuke,heal,White,firebomb,heal,16,0,0,0,0,16,6092
Green,nuke,heal,White,firebomb,reinforcements,16,0,0,0,0,16,3154
Green,nuke,heal,White,firebomb,speed,16,16,0,0,0,0,7594
Green,nuke,heal,White,firebomb,wall,16,0,0,0,0,16,7434
Green,nuke,heal,White,snipe,heal,16,16,0,0,0,0,10012
Green,nuke,heal,White,snipe,reinforcements,16,0,0,0,0,16,3154
Green,nuke,heal,White,snipe,speed,16,16,0,0,0,0,9069
Green,nuke,heal,White,snipe,wall,16,16,0,0,0,0,10193
Green,nuke,heal,White,freeze,heal,16,16,0,0,0,0,8904
Green,nuke,heal,White,freeze,reinforcements,16,0,0,0,0,16,3259
Green,nuke,heal,White,freeze,speed,16,16,0,0,0,0,5875
Green,nuke,heal,White,freeze,wall,16,16,0,0,0,0,7616
Green,nuke,heal,Yellow,nuke,heal,16,16,0,0,0,0,8322
Green,nuke,heal,Yellow,nuke,reinforcements,16,0,0,0,0,16,3369
Green,nuke,heal,Yellow,nuke,speed,16,0,0,0,0,16,4657
Green,nuke,heal,Yellow,nuke,wall,16,16,0,0,0,0,8253
Green,nuke,heal,Yellow,firebomb,heal,16,0,0,0,0,16,4687
Green,nuke,heal,Yellow,firebomb,reinforcements,16,0,0,0,0,16,3529
Green,nuke,heal,Yellow,firebomb,speed,16,0,0,0,0,16,4687
Green,nuke,heal,Yellow,firebomb,wall,16,16,0,0,0,0,8152
Green,nuke,heal,Yellow,snipe,heal,16,0,0,0,0,16,4697
Green,nuke,heal,Yellow,snipe,reinforcements,16,0,0,0,0,16,3369
Green,nuke,heal,Yellow,snipe,speed,16,0,0,0,0,16,4657
Green,nuke,heal,Yellow,snipe,wall,16,0,0,0,0,16,4716
Green,nuke,heal,Yellow,freeze,heal,16,16,0,0,0,0,8313
Green,nuke,heal,Yellow,freeze,reinforcements,16,0,0,0,0,16,3459
Green,nuke,heal,Yellow,freeze,speed,16,0,0,0,0,16,4688
Green,nuke,heal,Yellow,freeze,wall,16,16,0,0,0,0,9684
Green,nuke,reinforcements,Black,nuke,heal,16,16,0,0,0,0,7446
Green,nuke,reinforcements,Black,nuke,reinforcements,16,16,0,0,0,0,6011
Green,nuke,reinforcements,Black,nuke,speed,16,16,0,0,0,0,11199
Green,nuke,reinforcements,Black,nuke,wall,16,16,0,0,0,0,6571
Green,nuke,reinforcements,Black,firebomb,heal,16,16,0,0,0,0,6254
Green,nuke,reinforcements,Black,firebomb,reinforcements,16,0,0,0,0,16,5629
Green,nuke,reinforcements,Black,firebomb,speed,16,16,0,0,0,0,7915
Green,nuke,reinforcements,Black,firebomb,wall,16,16,0,0,0,0,7413
Green,nuke,reinforcements,Black,snipe,heal,16,16,0,0,0,0,7276
Green,nuke,reinforcements,Black,snipe,reinforcements,16,16,0,0,0,0,5700
Green,nuke,reinforcements,Black,snipe,speed,16,0,0,0,0,16,9039
Green,nuke,reinforcements,Black,snipe,wall,16,16,0,0,0,0,7519
Green,nuke,reinforcements,Black,freeze,heal,16,16,0,0,0,0,7224
Green,nuke,reinforcements,Black,freeze,reinforcements,16,16,0,0,0,0,6126
Green,nuke,reinforcements,Black,freeze,speed,16,0,0,0,0,16,11835
Green,nuke,reinforcements,Black,freeze,wall,16,16,0,0,0,0,7503
Green,nuke,reinforcements,Blue,nuke,heal,16,0,0,0,0,16,6732
Green,nuke,reinforcements,Blue,nuke,reinforcements,16,16,0,0,0,0,5804
Green,nuke,reinforcements,Blue,nuke,speed,16,16,0,0,0,0,4569
Green,nuke,reinforcements,Blue,nuke,wall,16,16,0,0,0,0,4609
Green,nuke,reinforcements,Blue,firebomb,heal,16,16,0,0,0,0,8142
Green,nuke,reinforcements,Blue,firebomb,reinforcements,16,16,0,0,0,0,5403
Green,nuke,reinforcements,Blue,firebomb,speed,16,0,0,0,0,16,6718
Green,nuke,reinforcements,Blue,firebomb,wall,16,16,0,0,0,0,13237
Green,nuke,reinforcements,Blue,snipe,heal,16,0,0,0,0,16,6438
Green,nuke,reinforcements,Blue,snipe,reinforcements,16,16,0,0,0,0,6156
Green,nuke,reinforcements,Blue,snipe,speed,16,0,0,0,0,16,6095
Green,nuke,reinforcements,Blue,snipe,wall,16,0,0,0,0,16,6516
Green,nuke,reinforcements,Blue,freeze,heal,16,0,0,0,0,16,7207
Green,nuke,reinforcements,Blue,freeze,reinforcements,16,0,0,0,0,16,4544
Green,nuke,reinforcements,Blue,freeze,speed,16,0,0,0,0,16,6517
Green,nuke,reinforcements,Blue,freeze,wall,16,0,0,0,0,16,7488
Green,nuke,reinforcements,Green,nuke,heal,16,16,0,0,0,0,4574
Green,nuke,reinforcements,Green,nuke,reinforcements,16,0,0,0,0,16,6208
Green,nuke,reinforcements,Green,nuke,speed,16,0,0,0,0,16,8455
Green,nuke,reinforcements,Green,nuke,wall,16,0,0,0,0,16,6189
Green,nuke,reinforcements,Green,firebomb,heal,16,0,0,0,0,16,6088
Green,nuke,reinforcements,Green,firebomb,reinforcements,16,0,0,0,16,0,18000
Green,nuke,reinforcements,Green,firebomb,speed,16,0,0,0,0,16,11122
Green,nuke,reinforcements,Green,firebomb,wall,16,0,0,0,0,16,6253
Green,nuke,reinforcements,Green,snipe,heal,16,0,0,0,0,16,6066
Green,nuke,reinforcements,Green,snipe,reinforcements,16,0,0,0,0,16,6179
Green,nuke,reinforcements,Green,snipe,speed,16,0,0,0,0,16,6080
Green,nuke,reinforcements,Green,snipe,wall,16,0,0,0,0,16,6117
Green,nuke,reinforcements,Green,freeze,heal,16,16,0,0,0,0,6872
Green,nuke,reinforcements,Green,freeze,reinforcements,16,0,0,0,0,16,6781
Green,nuke,reinforcements,Green,freeze,speed,16,0,0,0,0,16,6324
Green,nuke,reinforcements,Green,freeze,wall,16,0,0,0,0,16,6879
Green,nuke,reinforcements,Orange,nuke,heal,16,16,0,0,0,0,6175
Green,nuke,reinforcements,Orange,nuke,reinforcements,16,16,0,0,0,0,6096
Green,nuke,reinforcements,Orange,nuke,speed,16,16,0,0,0,0,6742
Green,nuke,reinforcements,Orange,nuke,wall,16,16,0,0,0,0,6280
Green,nuke,reinforcements,Orange,firebomb,heal,16,16,0,0,0,0,8798
Green,nuke,reinforcements,Orange,firebomb,reinforcements,16,16,0,0,0,0,6057
Green,nuke,reinforcements,Orange,firebomb,speed,16,10,0,0,0,6,8619
Green,nuke,reinforcements,Orange,firebomb,wall,16,16,0,0,0,0,6199
Green,nuke,reinforcements,Orange,snipe,heal,16,15,0,0,0,1,6633
Green,nuke,reinforcements,Orange,snipe,reinforcements,16,16,0,0,0,0,5965
Green,nuke,reinforcements,Orange,snipe,speed,16,1,0,0,0,15,8623
Green,nuke,reinforcements,Orange,snipe,wall,16,16,0,0,0,0,5975
Green,nuke,reinforcements,Orange,freeze,heal,16,16,0,0,0,0,8481
Green,nuke,reinforcements,Orange,freeze,reinforcements,16,12,0,0,0,4,5826
Green,nuke,reinforcements,Orange,freeze,speed,16,7,1,0,2,6,13970
Green,nuke,reinforcements,Orange,freeze,wall,16,16,0,0,0,0,6072
Green,nuke,reinforcements,Purple,nuke,heal,16,16,0,0,0,0,6469
Green,nuke,reinforcements,Purple,nuke,reinforcements,16,16,0,0,0,0,4943
Green,nuke,reinforcements,Purple,nuke,speed,16,0,0,0,0,16,7646
Green,nuke,reinforcements,Purple,nuke,wall,16,16,0,0,0,0,6722
Green,nuke,reinforcements,Purple,firebomb,heal,16,16,0,0,0,0,6357
Green,nuke,reinforcements,Purple,firebomb,reinforcements,16,0,0,0,0,16,5629
Green,nuke,reinforcements,Purple,firebomb,speed,16,0,0,0,0,16,6269
Green,nuke,reinforcements,Purple,firebomb,wall,16,16,0,0,0,0,6747
Green,nuke,reinforcements,Purple,snipe,heal,16,16,0,0,0,0,6612
Green,nuke,reinforcements,Purple,snipe,reinforcements,16,16,0,0,0,0,5104
Green,nuke,reinforcements,Purple,snipe,speed,16,0,0,0,0,16,7198
Green,nuke,reinforcements,Purple,snipe,wall,16,16,0,0,0,0,7086
Green,nuke,reinforcements,Purple,freeze,heal,16,16,0,0,0,0,6847
Green,nuke,reinforcements,Purple,freeze,reinforcements,16,16,0,0,0,0,5090
Green,nuke,reinforcements,Purple,freeze,speed,16,0,0,0,0,16,6458
Green,nuke,reinforcements,Purple,freeze,wall,16,16,0,0,0,0,7092
Green,nuke,reinforcements,Red,nuke,heal,16,0,0,0,0,16,6554
Green,nuke,reinforcements,Red,nuke,reinforcements,16,0,0,0,0,16,7920
Green,nuke,reinforcements,Red,nuke,speed,16,0,0,0,0,16,6133
Green,nuke,reinforcements,Red,nuke,wall,16,16,0,0,0,0,6678
Green,nuke,reinforcements,Red,firebomb,heal,16,16,0,0,0,0,7837
Green,nuke,reinforcements,Red,firebomb,reinforcements,16,0,0,0,0,16,6479
Green,nuke,reinforcements,Red,firebomb,speed,16,0,0,0,0,16,6294
Green,nuke,reinforcements,Red,firebomb,wall,16,0,0,0,0,16,7844
Green,nuke,reinforcements,Red,snipe,heal,16,0,0,0,0,16,6195
Green,nuke,reinforcements,Red,snipe,reinforcements,16,0,0,0,0,16,7099
Green,nuke,reinforcements,Red,snipe,speed,16,0,0,0,0,16,5199
Green,nuke,reinforcements,Red,snipe,wall,16,0,0,0,0,16,6075
Green,nuke,reinforcements,Red,freeze,heal,16,0,0,0,0,16,6203
Green,nuke,reinforcements,Red,freeze,reinforcements,16,0,0,0,0,16,7230
Green,nuke,reinforcements,Red,freeze,speed,16,0,0,0,0,16,6203
Green,nuke,reinforcements,Red,freeze,wall,16,0,0,0,0,16,6728
Green,nuke,reinforcements,White,nuke,heal,16,16,0,0,0,0,6715
Green,nuke,reinforcements,White,nuke,reinforcements,16,16,0,0,0,0,3878
Green,nuke,reinforcements,White,nuke,speed,16,16,0,0,0,0,7839
Green,nuke,reinforcements,White,nuke,wall,16,16,0,0,0,0,6824
Green,nuke,reinforcements,White,firebomb,heal,16,16,0,0,0,0,6758
Green,nuke,reinforcements,White,firebomb,reinforcements,16,16,0,0,0,0,4084
Green,nuke,reinforcements,White,firebomb,speed,16,16,0,0,0,0,7544
Green,nuke,reinforcements,White,firebomb,wall,16,16,0,0,0,0,4804
Green,nuke,reinforcements,White,snipe,heal,16,16,0,0,0,0,7223
Green,nuke,reinforcements,White,snipe,reinforcements,16,16,0,0,0,0,3880
Green,nuke,reinforcements,White,snipe,speed,16,16,0,0,0,0,7345
Green,nuke,reinforcements,White,snipe,wall,16,16,0,0,0,0,6203
Green,nuke,reinforcements,White,freeze,heal,16,16,0,0,0,0,4993
Green,nuke,reinforcements,White,freeze,reinforcements,16,16,0,0,0,0,4421
Green,nuke,reinforcements,White,freeze,speed,16,16,0,0,0,0,5283
Green,nuke,reinforcements,White,freeze,wall,16,16,0,0,0,0,5096
Green,nuke,reinforcements,Yellow,nuke,heal,16,16,0,0,0,0,7570
Green,nuke,reinforcements,Yellow,nuke,reinforcements,16,16,0,0,0,0,5444
Green,nuke,reinforcements,Yellow,nuke,speed,16,16,0,0,0,0,11819
Green,nuke,reinforcements,Yellow,nuke,wall,16,16,0,0,0,0,5760
Green,nuke,reinforcements,Yellow,firebomb,heal,16,16,0,0,0,0,7441
Green,nuke,reinforcements,Yellow,firebomb,reinforcements,16,16,0,0,0,0,5892
Green,nuke,reinforcements,Yellow,firebomb,speed,16,16,0,0,0,0,13069
Green,nuke,reinforcements,Yellow,firebomb,wall,16,16,0,0,0,0,6337
Green,nuke,reinforcements,Yellow,snipe,heal,16,16,0,0,0,0,7157
Green,nuke,reinforcements,Yellow,snipe,reinforcements,16,16,0,0,0,0,5860
Green,nuke,reinforcements,Yellow,snipe,speed,16,0,0,0,0,16,6119
Green,nuke,reinforcements,Yellow,snipe,wall,16,16,0,0,0,0,5936
Green,nuke,reinforcements,Yellow,freeze,heal,16,16,0,0,0,0,9157
Green,nuke,reinforcements,Yellow,freeze,reinforcements,16,16,0,0,0,0,5759
Green,nuke,reinforcements,Yellow,freeze,speed,16,16,0,0,0,0,8458
Green,nuke,reinforcements,Yellow,freeze,wall,16,16,0,0,0,0,5987
Green,nuke,speed,Black,nuke,heal,16,16,0,0,0,0,8863
Green,nuke,speed,Black,nuke,reinforcements,16,0,0,0,0,16,3359
Green,nuke,speed,Black,nuke,speed,16,16,0,0,0,0,7665
Green,nuke,speed,Black,nuke,wall,16,16,0,0,0,0,8355
Green,nuke,speed,Black,firebomb,heal,16,16,0,0,0,0,5621
Green,nuke,speed,Black,firebomb,reinforcements,16,0,0,0,0,16,3359
Green,nuke,speed,Black,firebomb,speed,16,0,0,0,0,16,7464
Green,nuke,speed,Black,firebomb,wall,16,0,0,0,0,16,8444
Green,nuke,speed,Black,snipe,heal,16,0,0,0,0,16,4736
Green,nuke,speed,Black,snipe,reinforcements,16,0,0,0,0,16,3359
Green,nuke,speed,Black,snipe,speed,16,16,0,0,0,0,8139
Green,nuke,speed,Black,snipe,wall,16,16,0,0,0,0,9705
Green,nuke,speed,Black,freeze,heal,16,16,0,0,0,0,8681
Green,nuke,speed,Black,freeze,reinforcements,16,0,0,0,0,16,3359
Green,nuke,speed,Black,freeze,speed,16,16,0,0,0,0,7170
Green,nuke,speed,Black,freeze,wall,16,16,0,0,0,0,8385
Green,nuke,speed,Blue,nuke,heal,16,16,0,0,0,0,7394
Green,nuke,speed,Blue,nuke,reinforcements,16,0,0,0,0,16,3359
Green,nuke,speed,Blue,nuke,speed,16,16,0,0,0,0,9009
Green,nuke,speed,Blue,nuke,wall,16,16,0,0,0,0,8205
Green,nuke,speed,Blue,firebomb,heal,16,16,0,0,0,0,6689
Green,nuke,speed,Blue,firebomb,reinforcements,16,0,0,0,0,16,3359
Green,nuke,speed,Blue,firebomb,speed,16,16,0,0,0,0,12255
Green,nuke,speed,Blue,firebomb,wall,16,16,0,0,0,0,6283
Green,nuke,speed,Blue,snipe,heal,16,16,0,0,0,0,8573
Green,nuke,speed,Blue,snipe,reinforcements,16,0,0,0,0,16,3359
Green,nuke,speed,Blue,snipe,speed,16,16,0,0,0,0,10888
Green,nuke,speed,Blue,snipe,wall,16,16,0,0,0,0,8328
Green,nuke,speed,Blue,freeze,heal,16,16,0,0,0,0,8361
Green,nuke,speed,Blue,freeze,reinforcements,16,0,0,0,0,16,3359
Green,nuke,speed,Blue,freeze,speed,16,16,0,0,0,0,9003
Green,nuke,speed,Blue,freeze,wall,16,16,0,0,0,0,8175
Green,nuke,speed,Green,nuke,heal,16,16,0,0,0,0,9720
Green,nuke,speed,Green,nuke,reinforcements,16,0,0,0,0,16,4629
Green,nuke,speed,Green,nuke,speed,16,0,0,0,0,16,15064
Green,nuke,speed,Green,nuke,wall,16,16,0,0,0,0,8446
Green,nuke,speed,Green,firebomb,heal,16,0,0,0,0,16,8519
Green,nuke,speed,Green,firebomb,reinforcements,16,0,0,0,0,16,4629
Green,nuke,speed,Green,firebomb,speed,16,16,0,0,0,0,5422
Green,nuke,speed,Green,firebomb,wall,16,16,0,0,0,0,5091
Green,nuke,speed,Green,snipe,heal,16,16,0,0,0,0,5072
Green,nuke,speed,Green,snipe,reinforcements,16,0,0,0,0,16,4649
Green,nuke,speed,Green,snipe,speed,16,16,0,0,0,0,6754
Green,nuke,speed,Green,snipe,wall,16,16,0,0,0,0,9110
Green,nuke,speed,Green,freeze,heal,16,16,0,0,0,0,9119
Green,nuke,speed,Green,freeze,reinforcements,16,0,0,0,0,16,7249
Green,nuke,speed,Green,freeze,speed,16,16,0,0,0,0,4998
Green,nuke,speed,Green,freeze,wall,16,0,0,0,0,16,7934
Green,nuke,speed,Orange,nuke,heal,16,16,0,0,0,0,6986
Green,nuke,speed,Orange,nuke,reinforcements,16,0,0,0,0,16,3109
Green,nuke,speed,Orange,nuke,speed,16,16,0,0,0,0,8163
Green,nuke,speed,Orange,nuke,wall,16,16,0,0,0,0,7440
Green,nuke,speed,Orange,firebomb,heal,16,1,0,0,0,15,5751
Green,nuke,speed,Orange,firebomb,reinforcements,16,0,0,0,0,16,3109
Green,nuke,speed,Orange,firebomb,speed,16,0,0,0,0,16,5330
Green,nuke,speed,Orange,firebomb,wall,16,0,0,0,0,16,5523
Green,nuke,speed,Orange,snipe,heal,16,8,0,0,0,8,6217
Green,nuke,speed,Orange,snipe,reinforcements,16,0,0,0,0,16,3109
Green,nuke,speed,Orange,snipe,speed,16,10,0,0,0,6,6544
Green,nuke,speed,Orange,snipe,wall,16,3,0,0,0,13,5814
Green,nuke,speed,Orange,freeze,heal,16,8,0,0,0,8,5955
Green,nuke,speed,Orange,freeze,reinforcements,16,0,0,0,0,16,3109
Green,nuke,speed,Orange,freeze,speed,16,16,0,0,0,0,6741
Green,nuke,speed,Orange,freeze,wall,16,1,0,0,0,15,5572
Green,nuke,speed,Purple,nuke,heal,16,16,0,0,0,0,6153
Green,nuke,speed,Purple,nuke,reinforcements,16,16,0,0,0,0,5139
Green,nuke,speed,Purple,nuke,speed,16,16,0,0,0,0,11710
Green,nuke,speed,Purple,nuke,wall,16,16,0,0,0,0,7351
Green,nuke,speed,Purple,firebomb,heal,16,0,0,0,0,16,7729
Green,nuke,speed,Purple,firebomb,reinforcements,16,16,0,0,0,0,5450
Green,nuke,speed,Purple,firebomb,speed,16,0,0,0,0,16,5534
Green,nuke,speed,Purple,firebomb,wall,16,16,0,0,0,0,6324
Green,nuke,speed,Purple,snipe,heal,16,0,0,0,0,16,6349
Green,nuke,speed,Purple,snipe,reinforcements,16,16,0,0,0,0,4904
Green,nuke,speed,Purple,snipe,speed,16,0,0,0,0,16,6069
Green,nuke,speed,Purple,snipe,wall,16,0,0,0,0,16,7999
Green,nuke,speed,Purple,freeze,heal,16,0,0,0,0,16,7299
Green,nuke,speed,Purple,freeze,reinforcements,16,16,0,0,0,0,5609
Green,nuke,speed,Purple,freeze,speed,16,0,0,0,0,16,6739
Green,nuke,speed,Purple,freeze,wall,16,16,0,0,0,0,6552
Green,nuke,speed,Red,nuke,heal,16,16,0,0,0,0,6727
Green,nuke,speed,Red,nuke,reinforcements,16,16,0,0,0,0,6079
Green,nuke,speed,Red,nuke,speed,16,16,0,0,0,0,6413
Green,nuke,speed,Red,nuke,wall,16,16,0,0,0,0,7865
Green,nuke,speed,Red,firebomb,heal,16,0,0,0,0,16,4917
Green,nuke,speed,Red,firebomb,reinforcements,16,0,0,0,0,16,4319
Green,nuke,speed,Red,firebomb,speed,16,0,0,0,0,16,4878
Green,nuke,speed,Red,firebomb,wall,16,0,0,0,0,16,8224
Green,nuke,speed,Red,snipe,heal,16,16,0,0,0,0,8031
Green,nuke,speed,Red,snipe,reinforcements,16,0,0,0,0,16,3654
Green,nuke,speed,Red,snipe,speed,16,0,0,0,0,16,6338
Green,nuke,speed,Red,snipe,wall,16,16,0,0,0,0,8065
Green,nuke,speed,Red,freeze,heal,16,16,0,0,0,0,6446
Green,nuke,speed,Red,freeze,reinforcements,16,0,0,0,0,16,3764
Green,nuke,speed,Red,freeze,speed,16,16,0,0,0,0,5918
Green,nuke,speed,Red,freeze,wall,16,16,0,0,0,0,7226
Green,nuke,speed,White,nuke,heal,16,16,0,0,0,0,7115
Green,nuke,speed,White,nuke,reinforcements,16,16,0,0,0,0,5195
Green,nuke,speed,White,nuke,speed,16,16,0,0,0,0,6579
Green,nuke,speed,White,nuke,wall,16,16,0,0,0,0,6519
Green,nuke,speed,White,firebomb,heal,16,16,0,0,0,0,7328
Green,nuke,speed,White,firebomb,reinforcements,16,0,0,0,0,16,3174
Green,nuke,speed,White,firebomb,speed,16,16,0,0,0,0,4853
Green,nuke,speed,White,firebomb,wall,16,16,0,0,0,0,7583
Green,nuke,speed,White,snipe,heal,16,16,0,0,0,0,7234
Green,nuke,speed,White,snipe,reinforcements,16,0,0,0,0,16,3174
Green,nuke,speed,White,snipe,speed,16,0,0,0,0,16,4314
Green,nuke,speed,White,snipe,wall,16,0,0,0,0,16,7169
Green,nuke,speed,White,freeze,heal,16,16,0,0,0,0,6622
Green,nuke,speed,White,freeze,reinforcements,16,0,0,0,0,16,3694
Green,nuke,speed,White,freeze,speed,16,16,0,0,0,0,5180
Green,nuke,speed,White,freeze,wall,16,0,0,0,0,16,5336
Green,nuke,speed,Yellow,nuke,heal,16,16,0,0,0,0,10311
Green,nuke,speed,Yellow,nuke,reinforcements,16,0,0,0,0,16,3369
Green,nuke,speed,Yellow,nuke,speed,16,16,0,0,0,0,8937
Green,nuke,speed,Yellow,nuke,wall,16,16,0,0,0,0,8201
Green,nuke,speed,Yellow,firebomb,heal,16,16,0,0,0,0,8434
Green,nuke,speed,Yellow,firebomb,reinforcements,16,0,0,0,0,16,3494
Green,nuke,speed,Yellow,firebomb,speed,16,16,0,0,0,0,8063
Green,nuke,speed,Yellow,firebomb,wall,16,16,0,0,0,0,8265
Green,nuke,speed,Yellow,snipe,heal,16,16,0,0,0,0,10509
Green,nuke,speed,Yellow,snipe,reinforcements,16,0,0,0,0,16,3369
Green,nuke,speed,Yellow,snipe,speed,16,0,0,0,0,16,12313
Green,nuke,speed,Yellow,snipe,wall,16,16,0,0,0,0,9879
Green,nuke,speed,Yellow,freeze,heal,16,16,0,0,0,0,8530
Green,nuke,speed,Yellow,freeze,reinforcements,16,0,0,0,0,16,3449
Green,nuke,speed,Yellow,freeze,speed,16,16,0,0,0,0,7739
Green,nuke,speed,Yellow,freeze,wall,16,0,0,0,0,16,4706
Green,nuke,wall,Black,nuke,heal,16,16,0,0,0,0,8286
Green,nuke,wall,Black,nuke,reinforcements,16,16,0,0,0,0,4763
Green,nuke,wall,Black,nuke,speed,16,16,0,0,0,0,9120
Green,nuke,wall,Black,nuke,wall,16,16,0,0,0,0,8464
Green,nuke,wall,Black,firebomb,heal,16,16,0,0,0,0,8443
Green,nuke,wall,Black,firebomb,reinforcements,16,16,0,0,0,0,6156
Green,nuke,wall,Black,firebomb,speed,16,16,0,0,0,0,9225
Green,nuke,wall,Black,firebomb,wall,16,16,0,0,0,0,8364
Green,nuke,wall,Black,snipe,heal,16,14,0,1,0,1,9660
Green,nuke,wall,Black,snipe,reinforcements,16,16,0,0,0,0,4741
Green,nuke,wall,Black,snipe,speed,16,16,0,0,0,0,11236
Green,nuke,wall,Black,snipe,wall,16,16,0,0,0,0,9302
Green,nuke,wall,Black,freeze,heal,16,16,0,0,0,0,8312
Green,nuke,wall,Black,freeze,reinforcements,16,16,0,0,0,0,5060
Green,nuke,wall,Black,freeze,speed,16,16,0,0,0,0,9109
Green,nuke,wall,Black,freeze,wall,16,16,0,0,0,0,8279
Green,nuke,wall,Blue,nuke,heal,16,16,0,0,0,0,8365
Green,nuke,wall,Blue,nuke,reinforcements,16,16,0,0,0,0,4948
Green,nuke,wall,Blue,nuke,speed,16,16,0,0,0,0,9296
Green,nuke,wall,Blue,nuke,wall,16,16,0,0,0,0,8328
Green,nuke,wall,Blue,firebomb,heal,16,16,0,0,0,0,8328
Green,nuke,wall,Blue,firebomb,reinforcements,16,16,0,0,0,0,5468
Green,nuke,wall,Blue,firebomb,speed,16,16,0,0,0,0,9649
Green,nuke,wall,Blue,firebomb,wall,16,16,0,0,0,0,8303
Green,nuke,wall,Blue,snipe,heal,16,16,0,0,0,0,9083
Green,nuke,wall,Blue,snipe,reinforcements,16,16,0,0,0,0,5312
Green,nuke,wall,Blue,snipe,speed,16,0,0,0,0,16,5065
Green,nuke,wall,Blue,snipe,wall,16,16,0,0,0,0,9167
Green,nuke,wall,Blue,freeze,heal,16,16,0,0,0,0,8378
Green,nuke,wall,Blue,freeze,reinforcements,16,16,0,0,0,0,4954
Green,nuke,wall,Blue,freeze,speed,16,16,0,0,0,0,9041
Green,nuke,wall,Blue,freeze,wall,16,16,0,0,0,0,8247
Green,nuke,wall,Green,nuke,heal,16,16,0,0,0,0,9478
Green,nuke,wall,Green,nuke,reinforcements,16,0,0,0,0,16,6104
Green,nuke,wall,Green,nuke,speed,16,16,0,0,0,0,10994
Green,nuke,wall,Green,nuke,wall,16,13,0,0,0,3,9561
Green,nuke,wall,Green,firebomb,heal,16,16,0,0,0,0,9659
Green,nuke,wall,Green,firebomb,reinforcements,16,0,0,0,0,16,5729
Green,nuke,wall,Green,firebomb,speed,16,0,0,0,0,16,10489
Green,nuke,wall,Green,firebomb,wall,16,16,0,0,0,0,9537
Green,nuke,wall,Green,snipe,heal,16,0,0,0,0,16,9156
Green,nuke,wall,Green,snipe,reinforcements,16,0,0,0,0,16,6104
Green,nuke,wall,Green,snipe,speed,16,0,0,0,0,16,7649
Green,nuke,wall,Green,snipe,wall,16,0,0,0,0,16,10342
Green,nuke,wall,Green,freeze,heal,16,16,0,0,0,0,9684
Green,nuke,wall,Green,freeze,reinforcements,16,16,0,0,0,0,7132
Green,nuke,wall,Green,freeze,speed,16,0,0,0,0,16,4978
Green,nuke,wall,Green,freeze,wall,16,0,0,0,0,16,9391
Green,nuke,wall,Orange,nuke,heal,16,16,0,0,0,0,8842
Green,nuke,wall,Orange,nuke,reinforcements,16,16,0,0,0,0,6240
Green,nuke,wall,Orange,nuke,speed,16,15,0,0,0,1,10132
Green,nuke,wall,Orange,nuke,wall,16,16,0,0,0,0,8727
Green,nuke,wall,Orange,firebomb,heal,16,12,0,0,0,4,8946
Green,nuke,wall,Orange,firebomb,reinforcements,16,16,0,0,0,0,6511
Green,nuke,wall,Orange,firebomb,speed,16,15,0,0,0,1,11279
Green,nuke,wall,Orange,firebomb,wall,16,16,0,0,0,0,9002
Green,nuke,wall,Orange,snipe,heal,16,14,0,0,0,2,11014
Green,nuke,wall,Orange,snipe,reinforcements,16,16,0,0,0,0,6316
Green,nuke,wall,Orange,snipe,speed,16,0,0,0,0,16,8458
Green,nuke,wall,Orange,snipe,wall,16,13,0,0,0,3,11038
Green,nuke,wall,Orange,freeze,heal,16,16,0,0,0,0,8692
Green,nuke,wall,Orange,freeze,reinforcements,16,16,0,0,0,0,6499
Green,nuke,wall,Orange,freeze,speed,16,16,0,0,0,0,9978
Green,nuke,wall,Orange,freeze,wall,16,16,0,0,0,0,8655
Green,nuke,wall,Purple,nuke,heal,16,16,0,0,0,0,9295
Green,nuke,wall,Purple,nuke,reinforcements,16,16,0,0,0,0,5511
Green,nuke,wall,Purple,nuke,speed,16,16,0,0,0,0,10177
Green,nuke,wall,Purple,nuke,wall,16,16,0,0,0,0,9438
Green,nuke,wall,Purple,firebomb,heal,16,16,0,0,0,0,9076
Green,nuke,wall,Purple,firebomb,reinforcements,16,0,0,0,0,16,6049
Green,nuke,wall,Purple,firebomb,speed,16,0,0,0,0,16,14316
Green,nuke,wall,Purple,firebomb,wall,16,16,0,0,0,0,9215
Green,nuke,wall,Purple,snipe,heal,16,0,0,0,0,16,7509
Green,nuke,wall,Purple,snipe,reinforcements,16,0,0,0,0,16,5979
Green,nuke,wall,Purple,snipe,speed,16,0,16,0,0,0,18000
Green,nuke,wall,Purple,snipe,wall,16,1,0,0,0,15,10608
Green,nuke,wall,Purple,freeze,heal,16,16,0,0,0,0,8915
Green,nuke,wall,Purple,freeze,reinforcements,16,16,0,0,0,0,6315
Green,nuke,wall,Purple,freeze,speed,16,0,0,0,0,16,5189
Green,nuke,wall,Purple,freeze,wall,16,16,0,0,0,0,9045
Green,nuke,wall,Red,nuke,heal,16,16,0,0,0,0,9041
Green,nuke,wall,Red,nuke,reinforcements,16,16,0,0,0,0,6439
Green,nuke,wall,Red,nuke,speed,16,0,0,0,0,16,11296
Green,nuke,wall,Red,nuke,wall,16,16,0,0,0,0,9069
Green,nuke,wall,Red,firebomb,heal,16,16,0,0,0,0,9161
Green,nuke,wall,Red,firebomb,reinforcements,16,16,0,0,0,0,6261
Green,nuke,wall,Red,firebomb,speed,16,0,0,0,0,16,10974
Green,nuke,wall,Red,firebomb,wall,16,0,0,0,0,16,5478
Green,nuke,wall,Red,snipe,heal,16,16,0,0,0,0,10748
Green,nuke,wall,Red,snipe,reinforcements,16,0,0,0,0,16,6604
Green,nuke,wall,Red,snipe,speed,16,0,0,0,0,16,5178
Green,nuke,wall,Red,snipe,wall,16,0,0,0,0,16,5379
Green,nuke,wall,Red,freeze,heal,16,0,0,0,0,16,5953
Green,nuke,wall,Red,freeze,reinforcements,16,16,0,0,0,0,6391
Green,nuke,wall,Red,freeze,speed,16,16,0,0,0,0,12925
Green,nuke,wall,Red,freeze,wall,16,16,0,0,0,0,11212
Green,nuke,wall,White,nuke,heal,16,16,0,0,0,0,7018
Green,nuke,wall,White,nuke,reinforcements,16,16,0,0,0,0,5025
Green,nuke,wall,White,nuke,speed,16,16,0,0,0,0,5345
Green,nuke,wall,White,nuke,wall,16,16,0,0,0,0,7735
Green,nuke,wall,White,firebomb,heal,16,16,0,0,0,0,7540
Green,nuke,wall,White,firebomb,reinforcements,16,16,0,0,0,0,5377
Green,nuke,wall,White,firebomb,speed,16,16,0,0,0,0,7978
Green,nuke,wall,White,firebomb,wall,16,16,0,0,0,0,7537
Green,nuke,wall,White,snipe,heal,16,16,0,0,0,0,10023
Green,nuke,wall,White,snipe,reinforcements,16,16,0,0,0,0,5058
Green,nuke,wall,White,snipe,speed,16,0,0,0,0,16,6152
Green,nuke,wall,White,snipe,wall,16,16,0,0,0,0,10215
Green,nuke,wall,White,freeze,heal,16,16,0,0,0,0,7681
Green,nuke,wall,White,freeze,reinforcements,16,16,0,0,0,0,3988
Green,nuke,wall,White,freeze,speed,16,16,0,0,0,0,9693
Green,nuke,wall,White,freeze,wall,16,16,0,0,0,0,6344
Green,nuke,wall,Yellow,nuke,heal,16,16,0,0,0,0,9934
Green,nuke,wall,Yellow,nuke,reinforcements,16,0,0,0,0,16,4399
Green,nuke,wall,Yellow,nuke,speed,16,16,0,0,0,0,9065
Green,nuke,wall,Yellow,nuke,wall,16,0,0,0,0,16,4751
Green,nuke,wall,Yellow,firebomb,heal,16,16,0,0,0,0,8234
Green,nuke,wall,Yellow,firebomb,reinforcements,16,0,0,0,0,16,5004
Green,nuke,wall,Yellow,firebomb,speed,16,0,0,0,0,16,4837
Green,nuke,wall,Yellow,firebomb,wall,16,16,0,0,0,0,8204
Green,nuke,wall,Yellow,snipe,heal,16,0,0,0,0,16,4724
Green,nuke,wall,Yellow,snipe,reinforcements,16,16,0,0,0,0,4744
Green,nuke,wall,Yellow,snipe,speed,16,0,0,0,0,16,4687
Green,nuke,wall,Yellow,snipe,wall,16,0,0,0,0,16,4745
Green,nuke,wall,Yellow,freeze,heal,16,16,0,0,0,0,8309
Green,nuke,wall,Yellow,freeze,reinforcements,16,16,0,0,0,0,5121
Green,nuke,wall,Yellow,freeze,speed,16,0,0,0,0,16,9889
Green,nuke,wall,Yellow,freeze,wall,16,16,0,0,0,0,8530
Green,firebomb,heal,Black,nuke,heal,16,16,0,0,0,0,5149
Green,firebomb,heal,Black,nuke,reinforcements,16,16,0,0,0,0,9558
Green,firebomb,heal,Black,nuke,speed,16,0,0,0,0,16,8742
Green,firebomb,heal,Black,nuke,wall,16,10,0,1,0,5,8508
Green,firebomb,heal,Black,firebomb,heal,16,16,0,0,0,0,8550
Green,firebomb,heal,Black,firebomb,reinforcements,16,16,0,0,0,0,8582
Green,firebomb,heal,Black,firebomb,speed,16,16,0,0,0,0,10454
Green,firebomb,heal,Black,firebomb,wall,16,16,0,0,0,0,8828
Green,firebomb,heal,Black,snipe,heal,16,16,0,0,0,0,9223
Green,firebomb,heal,Black,snipe,reinforcements,16,16,0,0,0,0,13367
Green,firebomb,heal,Black,snipe,speed,16,0,0,0,0,16,9294
Green,firebomb,heal,Black,snipe,wall,16,0,0,0,0,16,8993
Green,firebomb,heal,Black,freeze,heal,16,16,0,0,0,0,8521
Green,firebomb,heal,Black,freeze,reinforcements,16,16,0,0,0,0,7209
Green,firebomb,heal,Black,freeze,speed,16,16,0,0,0,0,9807
Green,firebomb,heal,Black,freeze,wall,16,16,0,0,0,0,8378
Green,firebomb,heal,Blue,nuke,heal,16,16,0,0,0,0,8351
Green,firebomb,heal,Blue,nuke,reinforcements,16,16,0,0,0,0,6639
Green,firebomb,heal,Blue,nuke,speed,16,0,0,0,0,16,5026
Green,firebomb,heal,Blue,nuke,wall,16,16,0,0,0,0,8366
Green,firebomb,heal,Blue,firebomb,heal,16,16,0,0,0,0,8681
Green,firebomb,heal,Blue,firebomb,reinforcements,16,16,0,0,0,0,7330
Green,firebomb,heal,Blue,firebomb,speed,16,16,0,0,0,0,7215
Green,firebomb,heal,Blue,firebomb,wall,16,16,0,0,0,0,8350
Green,firebomb,heal,Blue,snipe,heal,16,16,0,0,0,0,9150
Green,firebomb,heal,Blue,snipe,reinforcements,16,16,0,0,0,0,14568
Green,firebomb,heal,Blue,snipe,speed,16,16,0,0,0,0,11823
Green,firebomb,heal,Blue,snipe,wall,16,16,0,0,0,0,8907
Green,firebomb,heal,Blue,freeze,heal,16,16,0,0,0,0,8335
Green,firebomb,heal,Blue,freeze,reinforcements,16,16,0,0,0,0,6408
Green,firebomb,heal,Blue,freeze,speed,16,16,0,0,0,0,9203
Green,firebomb,heal,Blue,freeze,wall,16,16,0,0,0,0,8305
Green,firebomb,heal,Green,nuke,heal,16,0,0,0,0,16,7874
Green,firebomb,heal,Green,nuke,reinforcements,16,16,0,0,0,0,6126
Green,firebomb,heal,Green,nuke,speed,16,16,0,0,0,0,8879
Green,firebomb,heal,Green,nuke,wall,16,0,0,0,0,16,9651
Green,firebomb,heal,Green,firebomb,heal,16,16,0,0,0,0,6196
Green,firebomb,heal,Green,firebomb,reinforcements,16,16,0,0,0,0,7513
Green,firebomb,heal,Green,firebomb,speed,16,0,0,0,0,16,8923
Green,firebomb,heal,Green,firebomb,wall,16,16,0,0,0,0,10033
Green,firebomb,heal,Green,snipe,heal,16,0,0,0,0,16,9218
Green,firebomb,heal,Green,snipe,reinforcements,16,16,0,0,0,0,9910
Green,firebomb,heal,Green,snipe,speed,16,0,0,0,0,16,8692
Green,firebomb,heal,Green,snipe,wall,16,0,0,0,0,16,9671
Green,firebomb,heal,Green,freeze,heal,16,16,0,0,0,0,10011
Green,firebomb,heal,Green,freeze,reinforcements,16,16,0,0,0,0,7128
Green,firebomb,heal,Green,freeze,speed,16,0,0,0,0,16,9429
Green,firebomb,heal,Green,freeze,wall,16,16,0,0,0,0,10055
Green,firebomb,heal,Orange,nuke,heal,16,15,0,0,0,1,7595
Green,firebomb,heal,Orange,nuke,reinforcements,16,16,0,0,0,0,7214
Green,firebomb,heal,Orange,nuke,speed,16,12,0,0,0,4,8884
Green,firebomb,heal,Orange,nuke,wall,16,15,0,0,0,1,8763
Green,firebomb,heal,Orange,firebomb,heal,16,16,0,0,0,0,9713
Green,firebomb,heal,Orange,firebomb,reinforcements,16,16,0,0,0,0,7571
Green,firebomb,heal,Orange,firebomb,speed,16,0,0,0,0,16,10285
Green,firebomb,heal,Orange,firebomb,wall,16,16,0,0,0,0,9336
Green,firebomb,heal,Orange,snipe,heal,16,14,0,0,0,2,11247
Green,firebomb,heal,Orange,snipe,reinforcements,16,16,0,0,0,0,8965
Green,firebomb,heal,Orange,snipe,speed,16,0,0,0,0,16,8908
Green,firebomb,heal,Orange,snipe,wall,16,10,0,0,0,6,10496
Green,firebomb,heal,Orange,freeze,heal,16,16,0,0,0,0,8929
Green,firebomb,heal,Orange,freeze,reinforcements,16,16,0,0,0,0,7838
Green,firebomb,heal,Orange,freeze,speed,16,16,0,0,0,0,10177
Green,firebomb,heal,Orange,freeze,wall,16,16,0,0,0,0,8776
Green,firebomb,heal,Purple,nuke,heal,16,16,0,0,0,0,9452
Green,firebomb,heal,Purple,nuke,reinforcements,16,16,0,0,0,0,5972
Green,firebomb,heal,Purple,nuke,speed,16,16,0,0,0,0,9569
Green,firebomb,heal,Purple,nuke,wall,16,16,0,0,0,0,8739
Green,firebomb,heal,Purple,firebomb,heal,16,16,0,0,0,0,8954
Green,firebomb,heal,Purple,firebomb,reinforcements,16,16,0,0,0,0,5457
Green,firebomb,heal,Purple,firebomb,speed,16,16,0,0,0,0,12002
Green,firebomb,heal,Purple,firebomb,wall,16,16,0,0,0,0,9592
Green,firebomb,heal,Purple,snipe,heal,16,16,0,0,0,0,9344
Green,firebomb,heal,Purple,snipe,reinforcements,16,16,0,0,0,0,5768
Green,firebomb,heal,Purple,snipe,speed,16,0,0,0,0,16,10226
Green,firebomb,heal,Purple,snipe,wall,16,0,0,0,0,16,11176
Green,firebomb,heal,Purple,freeze,heal,16,16,0,0,0,0,9322
Green,firebomb,heal,Purple,freeze,reinforcements,16,16,0,0,0,0,4992
Green,firebomb,heal,Purple,freeze,speed,16,16,0,0,0,0,8281
Green,firebomb,heal,Purple,freeze,wall,16,16,0,0,0,0,9250
Green,firebomb,heal,Red,nuke,heal,16,16,0,0,0,0,5124
Green,firebomb,heal,Red,nuke,reinforcements,16,16,0,0,0,0,6077
Green,firebomb,heal,Red,nuke,speed,16,16,0,0,0,0,5114
Green,firebomb,heal,Red,nuke,wall,16,16,0,0,0,0,5964
Green,firebomb,heal,Red,firebomb,heal,16,0,0,0,0,16,5998
Green,firebomb,heal,Red,firebomb,reinforcements,16,16,0,0,0,0,6296
Green,firebomb,heal,Red,firebomb,speed,16,0,0,0,0,16,5834
Green,firebomb,heal,Red,firebomb,wall,16,16,0,0,0,0,9208
Green,firebomb,heal,Red,snipe,heal,16,0,0,0,0,16,6609
Green,firebomb,heal,Red,snipe,reinforcements,16,16,0,0,0,0,13399
Green,firebomb,heal,Red,snipe,speed,16,0,0,0,0,16,5817
Green,firebomb,heal,Red,snipe,wall,16,0,0,0,0,16,9086
Green,firebomb,heal,Red,freeze,heal,16,16,0,0,0,0,6805
Green,firebomb,heal,Red,freeze,reinforcements,16,16,0,0,0,0,7658
Green,firebomb,heal,Red,freeze,speed,16,0,0,0,0,16,5478
Green,firebomb,heal,Red,freeze,wall,16,16,0,0,0,0,9407
Green,firebomb,heal,White,nuke,heal,16,0,0,0,0,16,5210
Green,firebomb,heal,White,nuke,reinforcements,16,16,0,0,0,0,5113
Green,firebomb,heal,White,nuke,speed,16,16,0,0,0,0,7820
Green,firebomb,heal,White,nuke,wall,16,16,0,0,0,0,5764
Green,firebomb,heal,White,firebomb,heal,16,0,0,0,0,16,5754
Green,firebomb,heal,White,firebomb,reinforcements,16,16,0,0,0,0,5126
Green,firebomb,heal,White,firebomb,speed,16,0,0,0,0,16,5199
Green,firebomb,heal,White,firebomb,wall,16,16,0,0,0,0,7761
Green,firebomb,heal,White,snipe,heal,16,16,0,0,0,0,8241
Green,firebomb,heal,White,snipe,reinforcements,16,16,0,0,0,0,5139
Green,firebomb,heal,White,snipe,speed,16,16,0,0,0,0,12024
Green,firebomb,heal,White,snipe,wall,16,16,0,0,0,0,8200
Green,firebomb,heal,White,freeze,heal,16,0,0,0,0,16,5525
Green,firebomb,heal,White,freeze,reinforcements,16,16,0,0,0,0,5178
Green,firebomb,heal,White,freeze,speed,16,16,0,0,0,0,7974
Green,firebomb,heal,White,freeze,wall,16,16,0,0,0,0,7797
Green,firebomb,heal,Yellow,nuke,heal,16,16,0,0,0,0,6059
Green,firebomb,heal,Yellow,nuke,reinforcements,16,16,0,0,0,0,6360
Green,firebomb,heal,Yellow,nuke,speed,16,16,0,0,0,0,5919
Green,firebomb,heal,Yellow,nuke,wall,16,16,0,0,0,0,8368
Green,firebomb,heal,Yellow,firebomb,heal,16,16,0,0,0,0,8470
Green,firebomb,heal,Yellow,firebomb,reinforcements,16,16,0,0,0,0,7480
Green,firebomb,heal,Yellow,firebomb,speed,16,0,0,0,0,16,9964
Green,firebomb,heal,Yellow,firebomb,wall,16,16,0,0,0,0,8700
Green,firebomb,heal,Yellow,snipe,heal,16,0,0,0,0,16,8747
Green,firebomb,heal,Yellow,snipe,reinforcements,16,16,0,0,0,0,11143
Green,firebomb,heal,Yellow,snipe,speed,16,0,0,0,0,16,9663
Green,firebomb,heal,Yellow,snipe,wall,16,16,0,0,0,0,9300
Green,firebomb,heal,Yellow,freeze,heal,16,16,0,0,0,0,8487
Green,firebomb,heal,Yellow,freeze,reinforcements,16,16,0,0,0,0,7253
Green,firebomb,heal,Yellow,freeze,speed,16,16,0,0,0,0,9373
Green,firebomb,heal,Yellow,freeze,wall,16,16,0,0,0,0,8480
Green,firebomb,reinforcements,Black,nuke,heal,16,16,0,0,0,0,7584
Green,firebomb,reinforcements,Black,nuke,reinforcements,16,16,0,0,0,0,5939
Green,firebomb,reinforcements,Black,nuke,speed,16,16,0,0,0,0,4489
Green,firebomb,reinforcements,Black,nuke,wall,16,16,0,0,0,0,7549
Green,firebomb,reinforcements,Black,firebomb,heal,16,16,0,0,0,0,7746
Green,firebomb,reinforcements,Black,firebomb,reinforcements,16,16,0,0,0,0,5914
Green,firebomb,reinforcements,Black,firebomb,speed,16,16,0,0,0,0,9366
Green,firebomb,reinforcements,Black,firebomb,wall,16,16,0,0,0,0,6471
Green,firebomb,reinforcements,Black,snipe,heal,16,16,0,0,0,0,6900
Green,firebomb,reinforcements,Black,snipe,reinforcements,16,16,0,0,0,0,6030
Green,firebomb,reinforcements,Black,snipe,speed,16,0,16,0,0,0,18000
Green,firebomb,reinforcements,Black,snipe,wall,16,16,0,0,0,0,8290
Green,firebomb,reinforcements,Black,freeze,heal,16,16,0,0,0,0,6918
Green,firebomb,reinforcements,Black,freeze,reinforcements,16,16,0,0,0,0,6027
Green,firebomb,reinforcements,Black,freeze,speed,16,16,0,0,0,0,10020
Green,firebomb,reinforcements,Black,freeze,wall,16,16,0,0,0,0,6561
Green,firebomb,reinforcements,Blue,nuke,heal,16,0,0,0,0,16,6751
Green,firebomb,reinforcements,Blue,nuke,reinforcements,16,16,0,0,0,0,6734
Green,firebomb,reinforcements,Blue,nuke,speed,16,16,0,0,0,0,4569
Green,firebomb,reinforcements,Blue,nuke,wall,16,16,0,0,0,0,4754
Green,firebomb,reinforcements,Blue,firebomb,heal,16,16,0,0,0,0,8774
Green,firebomb,reinforcements,Blue,firebomb,reinforcements,16,16,0,0,0,0,5504
Green,firebomb,reinforcements,Blue,firebomb,speed,16,0,0,0,0,16,6748
Green,firebomb,reinforcements,Blue,firebomb,wall,16,16,0,0,0,0,9039
Green,firebomb,reinforcements,Blue,snipe,heal,16,0,0,0,0,16,6345
Green,firebomb,reinforcements,Blue,snipe,reinforcements,16,0,0,0,0,16,7988
Green,firebomb,reinforcements,Blue,snipe,speed,16,0,0,0,0,16,6075
Green,firebomb,reinforcements,Blue,snipe,wall,16,0,0,0,0,16,6513
Green,firebomb,reinforcements,Blue,freeze,heal,16,0,0,0,0,16,7115
Green,firebomb,reinforcements,Blue,freeze,reinforcements,16,16,0,0,0,0,7895
Green,firebomb,reinforcements,Blue,freeze,speed,16,0,0,0,0,16,7517
Green,firebomb,reinforcements,Blue,freeze,wall,16,0,0,0,0,16,8212
Green,firebomb,reinforcements,Green,nuke,heal,16,16,0,0,0,0,4574
Green,firebomb,reinforcements,Green,nuke,reinforcements,16,0,16,0,0,0,18000
Green,firebomb,reinforcements,Green,nuke,speed,16,16,0,0,0,0,4989
Green,firebomb,reinforcements,Green,nuke,wall,16,16,0,0,0,0,5204
Green,firebomb,reinforcements,Green,firebomb,heal,16,0,0,0,0,16,6348
Green,firebomb,reinforcements,Green,firebomb,reinforcements,16,0,0,16,0,0,18000
Green,firebomb,reinforcements,Green,firebomb,speed,16,0,0,0,0,16,6173
Green,firebomb,reinforcements,Green,firebomb,wall,16,0,0,0,0,16,6183
Green,firebomb,reinforcements,Green,snipe,heal,16,0,0,0,0,16,6076
Green,firebomb,reinforcements,Green,snipe,reinforcements,16,16,0,0,0,0,6187
Green,firebomb,reinforcements,Green,snipe,speed,16,0,0,0,0,16,6096
Green,firebomb,reinforcements,Green,snipe,wall,16,0,0,0,0,16,6253
Green,firebomb,reinforcements,Green,freeze,heal,16,16,0,0,0,0,7079
Green,firebomb,reinforcements,Green,freeze,reinforcements,16,0,0,0,16,0,18000
Green,firebomb,reinforcements,Green,freeze,speed,16,0,0,0,0,16,6270
Green,firebomb,reinforcements,Green,freeze,wall,16,0,0,0,0,16,6860
Green,firebomb,reinforcements,Orange,nuke,heal,16,16,0,0,0,0,6533
Green,firebomb,reinforcements,Orange,nuke,reinforcements,16,16,0,0,0,0,6090
Green,firebomb,reinforcements,Orange,nuke,speed,16,11,5,0,0,0,15636
Green,firebomb,reinforcements,Orange,nuke,wall,16,16,0,0,0,0,7093
Green,firebomb,reinforcements,Orange,firebomb,heal,16,16,0,0,0,0,9794
Green,firebomb,reinforcements,Orange,firebomb,reinforcements,16,16,0,0,0,0,6092
Green,firebomb,reinforcements,Orange,firebomb,speed,16,3,5,0,8,0,17512
Green,firebomb,reinforcements,Orange,firebomb,wall,16,16,0,0,0,0,8654
Green,firebomb,reinforcements,Orange,snipe,heal,16,16,0,0,0,0,8010
Green,firebomb,reinforcements,Orange,snipe,reinforcements,16,16,0,0,0,0,5431
Green,firebomb,reinforcements,Orange,snipe,speed,16,0,1,0,2,13,10473
Green,firebomb,reinforcements,Orange,snipe,wall,16,16,0,0,0,0,9233
Green,firebomb,reinforcements,Orange,freeze,heal,16,16,0,0,0,0,8910
Green,firebomb,reinforcements,Orange,freeze,reinforcements,16,16,0,0,0,0,6289
Green,firebomb,reinforcements,Orange,freeze,speed,16,15,0,0,1,0,11809
Green,firebomb,reinforcements,Orange,freeze,wall,16,16,0,0,0,0,6883
Green,firebomb,reinforcements,Purple,nuke,heal,16,16,0,0,0,0,7861
Green,firebomb,reinforcements,Purple,nuke,reinforcements,16,16,0,0,0,0,4995
Green,firebomb,reinforcements,Purple,nuke,speed,16,16,0,0,0,0,5014
Green,firebomb,reinforcements,Purple,nuke,wall,16,16,0,0,0,0,8287
Green,firebomb,reinforcements,Purple,firebomb,heal,16,16,0,0,0,0,7892
Green,firebomb,reinforcements,Purple,firebomb,reinforcements,16,16,0,0,0,0,5743
Green,firebomb,reinforcements,Purple,firebomb,speed,16,0,0,0,0,16,8995
Green,firebomb,reinforcements,Purple,firebomb,wall,16,16,0,0,0,0,9412
Green,firebomb,reinforcements,Purple,snipe,heal,16,16,0,0,0,0,8422
Green,firebomb,reinforcements,Purple,snipe,reinforcements,16,16,0,0,0,0,5062
Green,firebomb,reinforcements,Purple,snipe,speed,16,0,0,0,0,16,7981
Green,firebomb,reinforcements,Purple,snipe,wall,16,16,0,0,0,0,8477
Green,firebomb,reinforcements,Purple,freeze,heal,16,16,0,0,0,0,7629
Green,firebomb,reinforcements,Purple,freeze,reinforcements,16,16,0,0,0,0,5480
Green,firebomb,reinforcements,Purple,freeze,speed,16,0,16,0,0,0,18000
Green,firebomb,reinforcements,Purple,freeze,wall,16,16,0,0,0,0,9137
Green,firebomb,reinforcements,Red,nuke,heal,16,0,0,0,0,16,6600
Green,firebomb,reinforcements,Red,nuke,reinforcements,16,16,0,0,0,0,6755
Green,firebomb,reinforcements,Red,nuke,speed,16,0,0,0,0,16,6083
Green,firebomb,reinforcements,Red,nuke,wall,16,16,0,0,0,0,7884
Green,firebomb,reinforcements,Red,firebomb,heal,16,0,0,0,0,16,10415
Green,firebomb,reinforcements,Red,firebomb,reinforcements,16,0,0,0,0,16,8328
Green,firebomb,reinforcements,Red,firebomb,speed,16,0,0,0,0,16,6434
Green,firebomb,reinforcements,Red,firebomb,wall,16,0,0,0,0,16,9532
Green,firebomb,reinforcements,Red,snipe,heal,16,0,0,0,0,16,6205
Green,firebomb,reinforcements,Red,snipe,reinforcements,16,0,0,0,0,16,6985
Green,firebomb,reinforcements,Red,snipe,speed,16,0,0,0,0,16,5104
Green,firebomb,reinforcements,Red,snipe,wall,16,0,0,0,0,16,6100
Green,firebomb,reinforcements,Red,freeze,heal,16,0,0,0,0,16,10175
Green,firebomb,reinforcements,Red,freeze,reinforcements,16,16,0,0,0,0,7266
Green,firebomb,reinforcements,Red,freeze,speed,16,0,0,0,0,16,6261
Green,firebomb,reinforcements,Red,freeze,wall,16,16,0,0,0,0,11243
Green,firebomb,reinforcements,White,nuke,heal,16,16,0,0,0,0,6733
Green,firebomb,reinforcements,White,nuke,reinforcements,16,16,0,0,0,0,3908
Green,firebomb,reinforcements,White,nuke,speed,16,16,0,0,0,0,7748
Green,firebomb,reinforcements,White,nuke,wall,16,16,0,0,0,0,5598
Green,firebomb,reinforcements,White,firebomb,heal,16,16,0,0,0,0,7323
Green,firebomb,reinforcements,White,firebomb,reinforcements,16,16,0,0,0,0,4029
Green,firebomb,reinforcements,White,firebomb,speed,16,16,0,0,0,0,7833
Green,firebomb,reinforcements,White,firebomb,wall,16,16,0,0,0,0,6463
Green,firebomb,reinforcements,White,snipe,heal,16,16,0,0,0,0,7518
Green,firebomb,reinforcements,White,snipe,reinforcements,16,16,0,0,0,0,3907
Green,firebomb,reinforcements,White,snipe,speed,16,16,0,0,0,0,8042
Green,firebomb,reinforcements,White,snipe,wall,16,16,0,0,0,0,6026
Green,firebomb,reinforcements,White,freeze,heal,16,16,0,0,0,0,7201
Green,firebomb,reinforcements,White,freeze,reinforcements,16,16,0,0,0,0,4886
Green,firebomb,reinforcements,White,freeze,speed,16,16,0,0,0,0,6784
Green,firebomb,reinforcements,White,freeze,wall,16,16,0,0,0,0,6883
Green,firebomb,reinforcements,Yellow,nuke,heal,16,16,0,0,0,0,7716
Green,firebomb,reinforcements,Yellow,nuke,reinforcements,16,16,0,0,0,0,5788
Green,firebomb,reinforcements,Yellow,nuke,speed,16,16,0,0,0,0,11126
Green,firebomb,reinforcements,Yellow,nuke,wall,16,16,0,0,0,0,6737
Green,firebomb,reinforcements,Yellow,firebomb,heal,16,16,0,0,0,0,6761
Green,firebomb,reinforcements,Yellow,firebomb,reinforcements,16,16,0,0,0,0,6209
Green,firebomb,reinforcements,Yellow,firebomb,speed,16,0,0,0,0,16,6284
Green,firebomb,reinforcements,Yellow,firebomb,wall,16,16,0,0,0,0,8331
Green,firebomb,reinforcements,Yellow,snipe,heal,16,16,0,0,0,0,7672
Green,firebomb,reinforcements,Yellow,snipe,reinforcements,16,16,0,0,0,0,6227
Green,firebomb,reinforcements,Yellow,snipe,speed,16,0,0,0,0,16,6111
Green,firebomb,reinforcements,Yellow,snipe,wall,16,16,0,0,0,0,6615
Green,firebomb,reinforcements,Yellow,freeze,heal,16,16,0,0,0,0,8599
Green,firebomb,reinforcements,Yellow,freeze,reinforcements,16,16,0,0,0,0,6056
Green,firebomb,reinforcements,Yellow,freeze,speed,16,16,0,0,0,0,7818
Green,firebomb,reinforcements,Yellow,freeze,wall,16,16,0,0,0,0,8372
Green,firebomb,speed,Black,nuke,heal,16,16,0,0,0,0,8507
Green,firebomb,speed,Black,nuke,reinforcements,16,16,0,0,0,0,6122
Green,firebomb,speed,Black,nuke,speed,16,0,0,0,0,16,7227
Green,firebomb,speed,Black,nuke,wall,16,16,0,0,0,0,8658
Green,firebomb,speed,Black,firebomb,heal,16,16,0,0,0,0,8985
Green,firebomb,speed,Black,firebomb,reinforcements,16,16,0,0,0,0,7482
Green,firebomb,speed,Black,firebomb,speed,16,16,0,0,0,0,7222
Green,firebomb,speed,Black,firebomb,wall,16,16,0,0,0,0,8769
Green,firebomb,speed,Black,snipe,heal,16,16,0,0,0,0,8541
Green,firebomb,speed,Black,snipe,reinforcements,16,16,0,0,0,0,7216
Green,firebomb,speed,Black,snipe,speed,16,0,16,0,0,0,18000
Green,firebomb,speed,Black,snipe,wall,16,16,0,0,0,0,9843
Green,firebomb,speed,Black,freeze,heal,16,16,0,0,0,0,7306
Green,firebomb,speed,Black,freeze,reinforcements,16,16,0,0,0,0,6591
Green,firebomb,speed,Black,freeze,speed,16,16,0,0,0,0,8192
Green,firebomb,speed,Black,freeze,wall,16,16,0,0,0,0,8829
Green,firebomb,speed,Blue,nuke,heal,16,16,0,0,0,0,8335
Green,firebomb,speed,Blue,nuke,reinforcements,16,16,0,0,0,0,6545
Green,firebomb,speed,Blue,nuke,speed,16,16,0,0,0,0,9265
Green,firebomb,speed,Blue,nuke,wall,16,16,0,0,0,0,8286
Green,firebomb,speed,Blue,firebomb,heal,16,16,0,0,0,0,8489
Green,firebomb,speed,Blue,firebomb,reinforcements,16,16,0,0,0,0,6824
Green,firebomb,speed,Blue,firebomb,speed,16,16,0,0,0,0,9533
Green,firebomb,speed,Blue,firebomb,wall,16,16,0,0,0,0,8635
Green,firebomb,speed,Blue,snipe,heal,16,16,0,0,0,0,9261
Green,firebomb,speed,Blue,snipe,reinforcements,16,16,0,0,0,0,7353
Green,firebomb,speed,Blue,snipe,speed,16,16,0,0,0,0,11001
Green,firebomb,speed,Blue,snipe,wall,16,16,0,0,0,0,9110
Green,firebomb,speed,Blue,freeze,heal,16,16,0,0,0,0,8312
Green,firebomb,speed,Blue,freeze,reinforcements,16,16,0,0,0,0,6633
Green,firebomb,speed,Blue,freeze,speed,16,16,0,0,0,0,9176
Green,firebomb,speed,Blue,freeze,wall,16,16,0,0,0,0,8270
Green,firebomb,speed,Green,nuke,heal,16,0,0,0,0,16,5385
Green,firebomb,speed,Green,nuke,reinforcements,16,16,0,0,0,0,6161
Green,firebomb,speed,Green,nuke,speed,16,16,0,0,0,0,15325
Green,firebomb,speed,Green,nuke,wall,16,16,0,0,0,0,11510
Green,firebomb,speed,Green,firebomb,heal,16,16,0,0,0,0,8506
Green,firebomb,speed,Green,firebomb,reinforcements,16,16,0,0,0,0,6050
Green,firebomb,speed,Green,firebomb,speed,16,0,16,0,0,0,18000
Green,firebomb,speed,Green,firebomb,wall,16,16,0,0,0,0,9521
Green,firebomb,speed,Green,snipe,heal,16,0,0,0,0,16,7170
Green,firebomb,speed,Green,snipe,reinforcements,16,16,0,0,0,0,6183
Green,firebomb,speed,Green,snipe,speed,16,0,0,16,0,0,18000
Green,firebomb,speed,Green,snipe,wall,16,16,0,0,0,0,13284
Green,firebomb,speed,Green,freeze,heal,16,16,0,0,0,0,8822
Green,firebomb,speed,Green,freeze,reinforcements,16,16,0,0,0,0,6425
Green,firebomb,speed,Green,freeze,speed,16,0,0,0,0,16,7653
Green,firebomb,speed,Green,freeze,wall,16,16,0,0,0,0,8938
Green,firebomb,speed,Orange,nuke,heal,16,16,0,0,0,0,7723
Green,firebomb,speed,Orange,nuke,reinforcements,16,7,0,0,0,9,5234
Green,firebomb,speed,Orange,nuke,speed,16,14,0,0,0,2,8174
Green,firebomb,speed,Orange,nuke,wall,16,15,0,0,0,1,8332
Green,firebomb,speed,Orange,firebomb,heal,16,16,0,0,0,0,8848
Green,firebomb,speed,Orange,firebomb,reinforcements,16,11,0,0,0,5,5948
Green,firebomb,speed,Orange,firebomb,speed,16,16,0,0,0,0,10139
Green,firebomb,speed,Orange,firebomb,wall,16,16,0,0,0,0,8988
Green,firebomb,speed,Orange,snipe,heal,16,16,0,0,0,0,10129
Green,firebomb,speed,Orange,snipe,reinforcements,16,9,0,0,0,7,5758
Green,firebomb,speed,Orange,snipe,speed,16,1,11,0,2,2,16956
Green,firebomb,speed,Orange,snipe,wall,16,16,0,0,0,0,9708
Green,firebomb,speed,Orange,freeze,heal,16,16,0,0,0,0,8566
Green,firebomb,speed,Orange,freeze,reinforcements,16,16,0,0,0,0,6430
Green,firebomb,speed,Orange,freeze,speed,16,16,0,0,0,0,8397
Green,firebomb,speed,Orange,freeze,wall,16,16,0,0,0,0,8434
Green,firebomb,speed,Purple,nuke,heal,16,16,0,0,0,0,7469
Green,firebomb,speed,Purple,nuke,reinforcements,16,16,0,0,0,0,5196
Green,firebomb,speed,Purple,nuke,speed,16,16,0,0,0,0,8393
Green,firebomb,speed,Purple,nuke,wall,16,16,0,0,0,0,8382
Green,firebomb,speed,Purple,firebomb,heal,16,16,0,0,0,0,7062
Green,firebomb,speed,Purple,firebomb,reinforcements,16,16,0,0,0,0,5167
Green,firebomb,speed,Purple,firebomb,speed,16,16,0,0,0,0,8805
Green,firebomb,speed,Purple,firebomb,wall,16,16,0,0,0,0,8642
Green,firebomb,speed,Purple,snipe,heal,16,16,0,0,0,0,9052
Green,firebomb,speed,Purple,snipe,reinforcements,16,16,0,0,0,0,4965
Green,firebomb,speed,Purple,snipe,speed,16,16,0,0,0,0,6335
Green,firebomb,speed,Purple,snipe,wall,16,16,0,0,0,0,10995
Green,firebomb,speed,Purple,freeze,heal,16,16,0,0,0,0,9045
Green,firebomb,speed,Purple,freeze,reinforcements,16,16,0,0,0,0,6084
Green,firebomb,speed,Purple,freeze,speed,16,16,0,0,0,0,7895
Green,firebomb,speed,Purple,freeze,wall,16,16,0,0,0,0,8949
Green,firebomb,speed,Red,nuke,heal,16,16,0,0,0,0,7894
Green,firebomb,speed,Red,nuke,reinforcements,16,0,0,0,0,16,7576
Green,firebomb,speed,Red,nuke,speed,16,16,0,0,0,0,6134
Green,firebomb,speed,Red,nuke,wall,16,16,0,0,0,0,6199
Green,firebomb,speed,Red,firebomb,heal,16,16,0,0,0,0,8033
Green,firebomb,speed,Red,firebomb,reinforcements,16,0,0,0,0,16,5417
Green,firebomb,speed,Red,firebomb,speed,16,0,0,0,0,16,8682
Green,firebomb,speed,Red,firebomb,wall,16,16,0,0,0,0,9244
Green,firebomb,speed,Red,snipe,heal,16,0,0,0,0,16,6170
Green,firebomb,speed,Red,snipe,reinforcements,16,16,0,0,0,0,7285
Green,firebomb,speed,Red,snipe,speed,16,0,0,0,0,16,6035
Green,firebomb,speed,Red,snipe,wall,16,16,0,0,0,0,10801
Green,firebomb,speed,Red,freeze,heal,16,0,0,0,0,16,5869
Green,firebomb,speed,Red,freeze,reinforcements,16,16,0,0,0,0,6785
Green,firebomb,speed,Red,freeze,speed,16,16,0,0,0,0,8217
Green,firebomb,speed,Red,freeze,wall,16,16,0,0,0,0,8491
Green,firebomb,speed,White,nuke,heal,16,0,0,0,0,16,5148
Green,firebomb,speed,White,nuke,reinforcements,16,16,0,0,0,0,5159
Green,firebomb,speed,White,nuke,speed,16,16,0,0,0,0,8782
Green,firebomb,speed,White,nuke,wall,16,16,0,0,0,0,7669
Green,firebomb,speed,White,firebomb,heal,16,0,0,0,0,16,5404
Green,firebomb,speed,White,firebomb,reinforcements,16,16,0,0,0,0,5113
Green,firebomb,speed,White,firebomb,speed,16,16,0,0,0,0,6997
Green,firebomb,speed,White,firebomb,wall,16,16,0,0,0,0,7738
Green,firebomb,speed,White,snipe,heal,16,16,0,0,0,0,10046
Green,firebomb,speed,White,snipe,reinforcements,16,16,0,0,0,0,5139
Green,firebomb,speed,White,snipe,speed,16,16,0,0,0,0,7687
Green,firebomb,speed,White,snipe,wall,16,16,0,0,0,0,8120
Green,firebomb,speed,White,freeze,heal,16,16,0,0,0,0,7456
Green,firebomb,speed,White,freeze,reinforcements,16,16,0,0,0,0,5328
Green,firebomb,speed,White,freeze,speed,16,16,0,0,0,0,7013
Green,firebomb,speed,White,freeze,wall,16,16,0,0,0,0,7808
Green,firebomb,speed,Yellow,nuke,heal,16,16,0,0,0,0,8225
Green,firebomb,speed,Yellow,nuke,reinforcements,16,16,0,0,0,0,7045
Green,firebomb,speed,Yellow,nuke,speed,16,16,0,0,0,0,9007
Green,firebomb,speed,Yellow,nuke,wall,16,16,0,0,0,0,8203
Green,firebomb,speed,Yellow,firebomb,heal,16,16,0,0,0,0,8623
Green,firebomb,speed,Yellow,firebomb,reinforcements,16,16,0,0,0,0,6965
Green,firebomb,speed,Yellow,firebomb,speed,16,16,0,0,0,0,10958
Green,firebomb,speed,Yellow,firebomb,wall,16,16,0,0,0,0,8444
Green,firebomb,speed,Yellow,snipe,heal,16,16,0,0,0,0,9146
Green,firebomb,speed,Yellow,snipe,reinforcements,16,16,0,0,0,0,7093
Green,firebomb,speed,Yellow,snipe,speed,16,0,0,0,0,16,7183
Green,firebomb,speed,Yellow,snipe,wall,16,16,0,0,0,0,8968
Green,firebomb,speed,Yellow,freeze,heal,16,16,0,0,0,0,8491
Green,firebomb,speed,Yellow,freeze,reinforcements,16,16,0,0,0,0,6352
Green,firebomb,speed,Yellow,freeze,speed,16,16,0,0,0,0,7141
Green,firebomb,speed,Yellow,freeze,wall,16,16,0,0,0,0,8414
Green,firebomb,wall,Black,nuke,heal,16,16,0,0,0,0,8432
Green,firebomb,wall,Black,nuke,reinforcements,16,16,0,0,0,0,5427
Green,firebomb,wall,Black,nuke,speed,16,16,0,0,0,0,7234
Green,firebomb,wall,Black,nuke,wall,16,16,0,0,0,0,6009
Green,firebomb,wall,Black,firebomb,heal,16,16,0,0,0,0,9464
Green,firebomb,wall,Black,firebomb,reinforcements,16,16,0,0,0,0,5023
Green,firebomb,wall,Black,firebomb,speed,16,0,0,1,0,15,9979
Green,firebomb,wall,Black,firebomb,wall,16,16,0,0,0,0,8558
Green,firebomb,wall,Black,snipe,heal,16,16,0,0,0,0,9443
Green,firebomb,wall,Black,snipe,reinforcements,16,16,0,0,0,0,5849
Green,firebomb,wall,Black,snipe,speed,16,0,0,0,0,16,9333
Green,firebomb,wall,Black,snipe,wall,16,16,0,0,0,0,9527
Green,firebomb,wall,Black,freeze,heal,16,16,0,0,0,0,8475
Green,firebomb,wall,Black,freeze,reinforcements,16,16,0,0,0,0,5490
Green,firebomb,wall,Black,freeze,speed,16,16,0,0,0,0,9260
Green,firebomb,wall,Black,freeze,wall,16,16,0,0,0,0,8396
Green,firebomb,wall,Blue,nuke,heal,16,16,0,0,0,0,8074
Green,firebomb,wall,Blue,nuke,reinforcements,16,16,0,0,0,0,5198
Green,firebomb,wall,Blue,nuke,speed,16,16,0,0,0,0,9176
Green,firebomb,wall,Blue,nuke,wall,16,16,0,0,0,0,8421
Green,firebomb,wall,Blue,firebomb,heal,16,16,0,0,0,0,8433
Green,firebomb,wall,Blue,firebomb,reinforcements,16,16,0,0,0,0,6362
Green,firebomb,wall,Blue,firebomb,speed,16,16,0,0,0,0,9530
Green,firebomb,wall,Blue,firebomb,wall,16,16,0,0,0,0,8362
Green,firebomb,wall,Blue,snipe,heal,16,16,0,0,0,0,9201
Green,firebomb,wall,Blue,snipe,reinforcements,16,16,0,0,0,0,6064
Green,firebomb,wall,Blue,snipe,speed,16,16,0,0,0,0,11346
Green,firebomb,wall,Blue,snipe,wall,16,16,0,0,0,0,9230
Green,firebomb,wall,Blue,freeze,heal,16,16,0,0,0,0,8591
Green,firebomb,wall,Blue,freeze,reinforcements,16,16,0,0,0,0,5919
Green,firebomb,wall,Blue,freeze,speed,16,16,0,0,0,0,8951
Green,firebomb,wall,Blue,freeze,wall,16,16,0,0,0,0,8280
Green,firebomb,wall,Green,nuke,heal,16,16,0,0,0,0,7964
Green,firebomb,wall,Green,nuke,reinforcements,16,16,0,0,0,0,6287
Green,firebomb,wall,Green,nuke,speed,16,0,0,0,0,16,5544
Green,firebomb,wall,Green,nuke,wall,16,0,0,0,0,16,9662
Green,firebomb,wall,Green,firebomb,heal,16,3,0,0,0,13,10146
Green,firebomb,wall,Green,firebomb,reinforcements,16,16,0,0,0,0,6296
Green,firebomb,wall,Green,firebomb,speed,16,0,0,0,0,16,9435
Green,firebomb,wall,Green,firebomb,wall,16,16,0,0,0,0,10072
Green,firebomb,wall,Green,snipe,heal,16,0,0,0,0,16,8529
Green,firebomb,wall,Green,snipe,reinforcements,16,16,0,0,0,0,6253
Green,firebomb,wall,Green,snipe,speed,16,0,0,0,0,16,8578
Green,firebomb,wall,Green,snipe,wall,16,0,0,0,0,16,9671
Green,firebomb,wall,Green,freeze,heal,16,16,0,0,0,0,9946
Green,firebomb,wall,Green,freeze,reinforcements,16,16,0,0,0,0,7368
Green,firebomb,wall,Green,freeze,speed,16,0,0,0,0,16,9672
Green,firebomb,wall,Green,freeze,wall,16,0,0,0,0,16,10321
Green,firebomb,wall,Orange,nuke,heal,16,16,0,0,0,0,5083
Green,firebomb,wall,Orange,nuke,reinforcements,16,16,0,0,0,0,6398
Green,firebomb,wall,Orange,nuke,speed,16,0,0,0,0,16,5042
Green,firebomb,wall,Orange,nuke,wall,16,16,0,0,0,0,5089
Green,firebomb,wall,Orange,firebomb,heal,16,15,0,0,0,1,9667
Green,firebomb,wall,Orange,firebomb,reinforcements,16,16,0,0,0,0,6533
Green,firebomb,wall,Orange,firebomb,speed,16,12,0,0,0,4,11069
Green,firebomb,wall,Orange,firebomb,wall,16,16,0,0,0,0,9287
Green,firebomb,wall,Orange,snipe,heal,16,11,0,0,0,5,11249
Green,firebomb,wall,Orange,snipe,reinforcements,16,16,0,0,0,0,6412
Green,firebomb,wall,Orange,snipe,speed,16,0,0,0,0,16,8760
Green,firebomb,wall,Orange,snipe,wall,16,16,0,0,0,0,10440
Green,firebomb,wall,Orange,freeze,heal,16,16,0,0,0,0,9067
Green,firebomb,wall,Orange,freeze,reinforcements,16,16,0,0,0,0,6384
Green,firebomb,wall,Orange,freeze,speed,16,16,0,0,0,0,10119
Green,firebomb,wall,Orange,freeze,wall,16,16,0,0,0,0,8770
Green,firebomb,wall,Purple,nuke,heal,16,0,0,0,0,16,5002
Green,firebomb,wall,Purple,nuke,reinforcements,16,16,0,0,0,0,5620
Green,firebomb,wall,Purple,nuke,speed,16,0,0,0,0,16,10568
Green,firebomb,wall,Purple,nuke,wall,16,16,0,0,0,0,9038
Green,firebomb,wall,Purple,firebomb,heal,16,16,0,0,0,0,9178
Green,firebomb,wall,Purple,firebomb,reinforcements,16,16,0,0,0,0,6117
Green,firebomb,wall,Purple,firebomb,speed,16,16,0,0,0,0,10556
Green,firebomb,wall,Purple,firebomb,wall,16,16,0,0,0,0,9186
Green,firebomb,wall,Purple,snipe,heal,16,16,0,0,0,0,10819
Green,firebomb,wall,Purple,snipe,reinforcements,16,16,0,0,0,0,6052
Green,firebomb,wall,Purple,snipe,speed,16,0,0,0,0,16,9417
Green,firebomb,wall,Purple,snipe,wall,16,16,0,0,0,0,10777
Green,firebomb,wall,Purple,freeze,heal,16,16,0,0,0,0,8984
Green,firebomb,wall,Purple,freeze,reinforcements,16,16,0,0,0,0,6521
Green,firebomb,wall,Purple,freeze,speed,16,16,0,0,0,0,8437
Green,firebomb,wall,Purple,freeze,wall,16,16,0,0,0,0,9033
Green,firebomb,wall,Red,nuke,heal,16,16,0,0,0,0,5674
Green,firebomb,wall,Red,nuke,reinforcements,16,16,0,0,0,0,8719
Green,firebomb,wall,Red,nuke,speed,16,16,0,0,0,0,5439
Green,firebomb,wall,Red,nuke,wall,16,0,0,0,0,16,8556
Green,firebomb,wall,Red,firebomb,heal,16,16,0,0,0,0,9916
Green,firebomb,wall,Red,firebomb,reinforcements,16,16,0,0,0,0,8048
Green,firebomb,wall,Red,firebomb,speed,16,0,0,0,0,16,6268
Green,firebomb,wall,Red,firebomb,wall,16,16,0,0,0,0,10127
Green,firebomb,wall,Red,snipe,heal,16,0,0,0,0,16,8388
Green,firebomb,wall,Red,snipe,reinforcements,16,0,0,0,0,16,7963
Green,firebomb,wall,Red,snipe,speed,16,0,0,0,0,16,6445
Green,firebomb,wall,Red,snipe,wall,16,0,0,0,0,16,9445
Green,firebomb,wall,Red,freeze,heal,16,0,0,0,0,16,6602
Green,firebomb,wall,Red,freeze,reinforcements,16,16,0,0,0,0,6546
Green,firebomb,wall,Red,freeze,speed,16,0,0,0,0,16,5918
Green,firebomb,wall,Red,freeze,wall,16,16,0,0,0,0,9228
Green,firebomb,wall,White,nuke,heal,16,16,0,0,0,0,6381
Green,firebomb,wall,White,nuke,reinforcements,16,16,0,0,0,0,5095
Green,firebomb,wall,White,nuke,speed,16,16,0,0,0,0,5069
Green,firebomb,wall,White,nuke,wall,16,16,0,0,0,0,7774
Green,firebomb,wall,White,firebomb,heal,16,16,0,0,0,0,10240
Green,firebomb,wall,White,firebomb,reinforcements,16,16,0,0,0,0,5189
Green,firebomb,wall,White,firebomb,speed,16,16,0,0,0,0,7746
Green,firebomb,wall,White,firebomb,wall,16,16,0,0,0,0,7703
Green,firebomb,wall,White,snipe,heal,16,16,0,0,0,0,10024
Green,firebomb,wall,White,snipe,reinforcements,16,16,0,0,0,0,5048
Green,firebomb,wall,White,snipe,speed,16,16,0,0,0,0,8340
Green,firebomb,wall,White,snipe,wall,16,16,0,0,0,0,8870
Green,firebomb,wall,White,freeze,heal,16,16,0,0,0,0,7674
Green,firebomb,wall,White,freeze,reinforcements,16,16,0,0,0,0,4748
Green,firebomb,wall,White,freeze,speed,16,16,0,0,0,0,7096
Green,firebomb,wall,White,freeze,wall,16,16,0,0,0,0,7692
Green,firebomb,wall,Yellow,nuke,heal,16,16,0,0,0,0,6259
Green,firebomb,wall,Yellow,nuke,reinforcements,16,16,0,0,0,0,4922
Green,firebomb,wall,Yellow,nuke,speed,16,0,0,0,0,16,4837
Green,firebomb,wall,Yellow,nuke,wall,16,16,0,0,0,0,6289
Green,firebomb,wall,Yellow,firebomb,heal,16,16,0,0,0,0,8455
Green,firebomb,wall,Yellow,firebomb,reinforcements,16,16,0,0,0,0,5250
Green,firebomb,wall,Yellow,firebomb,speed,16,0,0,0,0,16,8722
Green,firebomb,wall,Yellow,firebomb,wall,16,16,0,0,0,0,8469
Green,firebomb,wall,Yellow,snipe,heal,16,0,0,0,0,16,5389
Green,firebomb,wall,Yellow,snipe,reinforcements,16,16,0,0,0,0,5063
Green,firebomb,wall,Yellow,snipe,speed,16,0,0,0,0,16,7822
Green,firebomb,wall,Yellow,snipe,wall,16,16,0,0,0,0,9246
Green,firebomb,wall,Yellow,freeze,heal,16,16,0,0,0,0,8555
Green,firebomb,wall,Yellow,freeze,reinforcements,16,16,0,0,0,0,5823
Green,firebomb,wall,Yellow,freeze,speed,16,0,0,0,0,16,10070
Green,firebomb,wall,Yellow,freeze,wall,16,16,0,0,0,0,8463
Green,snipe,heal,Black,nuke,heal,16,16,0,0,0,0,8549
Green,snipe,heal,Black,nuke,reinforcements,16,16,0,0,0,0,5855
Green,snipe,heal,Black,nuke,speed,16,16,0,0,0,0,6314
Green,snipe,heal,Black,nuke,wall,16,16,0,0,0,0,8675
Green,snipe,heal,Black,firebomb,heal,16,16,0,0,0,0,8328
Green,snipe,heal,Black,firebomb,reinforcements,16,16,0,0,0,0,5826
Green,snipe,heal,Black,firebomb,speed,16,16,0,0,0,0,8019
Green,snipe,heal,Black,firebomb,wall,16,16,0,0,0,0,8197
Green,snipe,heal,Black,snipe,heal,16,16,0,0,0,0,8560
Green,snipe,heal,Black,snipe,reinforcements,16,16,0,0,0,0,5435
Green,snipe,heal,Black,snipe,speed,16,16,0,0,0,0,10856
Green,snipe,heal,Black,snipe,wall,16,16,0,0,0,0,8785
Green,snipe,heal,Black,freeze,heal,16,16,0,0,0,0,8335
Green,snipe,heal,Black,freeze,reinforcements,16,16,0,0,0,0,6765
Green,snipe,heal,Black,freeze,speed,16,16,0,0,0,0,9186
Green,snipe,heal,Black,freeze,wall,16,16,0,0,0,0,8340
Green,snipe,heal,Blue,nuke,heal,16,16,0,0,0,0,8303
Green,snipe,heal,Blue,nuke,reinforcements,16,16,0,0,0,0,6369
Green,snipe,heal,Blue,nuke,speed,16,16,0,0,0,0,9559
Green,snipe,heal,Blue,nuke,wall,16,16,0,0,0,0,8359
Green,snipe,heal,Blue,firebomb,heal,16,16,0,0,0,0,8368
Green,snipe,heal,Blue,firebomb,reinforcements,16,16,0,0,0,0,6606
Green,snipe,heal,Blue,firebomb,speed,16,16,0,0,0,0,9323
Green,snipe,heal,Blue,firebomb,wall,16,16,0,0,0,0,8314
Green,snipe,heal,Blue,snipe,heal,16,16,0,0,0,0,8900
Green,snipe,heal,Blue,snipe,reinforcements,16,16,0,0,0,0,6423
Green,snipe,heal,Blue,snipe,speed,16,16,0,0,0,0,10100
Green,snipe,heal,Blue,snipe,wall,16,16,0,0,0,0,8866
Green,snipe,heal,Blue,freeze,heal,16,16,0,0,0,0,8197
Green,snipe,heal,Blue,freeze,reinforcements,16,16,0,0,0,0,6404
Green,snipe,heal,Blue,freeze,speed,16,16,0,0,0,0,8818
Green,snipe,heal,Blue,freeze,wall,16,16,0,0,0,0,7212
Green,snipe,heal,Green,nuke,heal,16,16,0,0,0,0,9160
Green,snipe,heal,Green,nuke,reinforcements,16,16,0,0,0,0,6048
Green,snipe,heal,Green,nuke,speed,16,16,0,0,0,0,10924
Green,snipe,heal,Green,nuke,wall,16,16,0,0,0,0,9519
Green,snipe,heal,Green,firebomb,heal,16,16,0,0,0,0,7947
Green,snipe,heal,Green,firebomb,reinforcements,16,16,0,0,0,0,6178
Green,snipe,heal,Green,firebomb,speed,16,0,0,0,0,16,16572
Green,snipe,heal,Green,firebomb,wall,16,16,0,0,0,0,8442
Green,snipe,heal,Green,snipe,heal,16,0,0,16,0,0,12799
Green,snipe,heal,Green,snipe,reinforcements,16,16,0,0,0,0,5752
Green,snipe,heal,Green,snipe,speed,16,0,0,0,0,16,11024
Green,snipe,heal,Green,snipe,wall,16,6,0,0,0,10,12558
Green,snipe,heal,Green,freeze,heal,16,0,0,0,0,16,5148
Green,snipe,heal,Green,freeze,reinforcements,16,16,0,0,0,0,6370
Green,snipe,heal,Green,freeze,speed,16,0,0,0,0,16,11134
Green,snipe,heal,Green,freeze,wall,16,16,0,0,0,0,9156
Green,snipe,heal,Orange,nuke,heal,16,16,0,0,0,0,8364
Green,snipe,heal,Orange,nuke,reinforcements,16,16,0,0,0,0,5153
Green,snipe,heal,Orange,nuke,speed,16,9,0,0,0,7,10879
Green,snipe,heal,Orange,nuke,wall,16,16,0,0,0,0,7874
Green,snipe,heal,Orange,firebomb,heal,16,16,0,0,0,0,8809
Green,snipe,heal,Orange,firebomb,reinforcements,16,16,0,0,0,0,6560
Green,snipe,heal,Orange,firebomb,speed,16,16,0,0,0,0,9412
Green,snipe,heal,Orange,firebomb,wall,16,16,0,0,0,0,9027
Green,snipe,heal,Orange,snipe,heal,16,16,0,0,0,0,7963
Green,snipe,heal,Orange,snipe,reinforcements,16,16,0,0,0,0,5046
Green,snipe,heal,Orange,snipe,speed,16,2,0,0,0,14,11505
Green,snipe,heal,Orange,snipe,wall,16,15,0,0,1,0,7199
Green,snipe,heal,Orange,freeze,heal,16,16,0,0,0,0,8225
Green,snipe,heal,Orange,freeze,reinforcements,16,16,0,0,0,0,5363
Green,snipe,heal,Orange,freeze,speed,16,15,0,0,0,1,8841
Green,snipe,heal,Orange,freeze,wall,16,16,0,0,0,0,6502
Green,snipe,heal,Purple,nuke,heal,16,16,0,0,0,0,8441
Green,snipe,heal,Purple,nuke,reinforcements,16,16,0,0,0,0,5103
Green,snipe,heal,Purple,nuke,speed,16,16,0,0,0,0,7869
Green,snipe,heal,Purple,nuke,wall,16,16,0,0,0,0,8127
Green,snipe,heal,Purple,firebomb,heal,16,16,0,0,0,0,8842
Green,snipe,heal,Purple,firebomb,reinforcements,16,16,0,0,0,0,5165
Green,snipe,heal,Purple,firebomb,speed,16,16,0,0,0,0,7777
Green,snipe,heal,Purple,firebomb,wall,16,16,0,0,0,0,7652
Green,snipe,heal,Purple,snipe,heal,16,16,0,0,0,0,7375
Green,snipe,heal,Purple,snipe,reinforcements,16,16,0,0,0,0,5372
Green,snipe,heal,Purple,snipe,speed,16,0,0,0,0,16,9198
Green,snipe,heal,Purple,snipe,wall,16,16,0,0,0,0,9105
Green,snipe,heal,Purple,freeze,heal,16,16,0,0,0,0,6085
Green,snipe,heal,Purple,freeze,reinforcements,16,16,0,0,0,0,6167
Green,snipe,heal,Purple,freeze,speed,16,16,0,0,0,0,11059
Green,snipe,heal,Purple,freeze,wall,16,16,0,0,0,0,6165
Green,snipe,heal,Red,nuke,heal,16,16,0,0,0,0,6859
Green,snipe,heal,Red,nuke,reinforcements,16,16,0,0,0,0,5831
Green,snipe,heal,Red,nuke,speed,16,16,0,0,0,0,7114
Green,snipe,heal,Red,nuke,wall,16,16,0,0,0,0,6410
Green,snipe,heal,Red,firebomb,heal,16,16,0,0,0,0,8631
Green,snipe,heal,Red,firebomb,reinforcements,16,16,0,0,0,0,5055
Green,snipe,heal,Red,firebomb,speed,16,0,0,0,0,16,5377
Green,snipe,heal,Red,firebomb,wall,16,16,0,0,0,0,8790
Green,snipe,heal,Red,snipe,heal,16,0,0,0,0,16,6060
Green,snipe,heal,Red,snipe,reinforcements,16,16,0,0,0,0,4846
Green,snipe,heal,Red,snipe,speed,16,0,0,0,0,16,5620
Green,snipe,heal,Red,snipe,wall,16,0,0,0,0,16,5592
Green,snipe,heal,Red,freeze,heal,16,16,0,0,0,0,7855
Green,snipe,heal,Red,freeze,reinforcements,16,16,0,0,0,0,5784
Green,snipe,heal,Red,freeze,speed,16,16,0,0,0,0,9512
Green,snipe,heal,Red,freeze,wall,16,16,0,0,0,0,8636
Green,snipe,heal,White,nuke,heal,16,16,0,0,0,0,6839
Green,snipe,heal,White,nuke,reinforcements,16,16,0,0,0,0,4963
Green,snipe,heal,White,nuke,speed,16,16,0,0,0,0,9532
Green,snipe,heal,White,nuke,wall,16,16,0,0,0,0,7698
Green,snipe,heal,White,firebomb,heal,16,16,0,0,0,0,7684
Green,snipe,heal,White,firebomb,reinforcements,16,16,0,0,0,0,5138
Green,snipe,heal,White,firebomb,speed,16,16,0,0,0,0,8319
Green,snipe,heal,White,firebomb,wall,16,16,0,0,0,0,7383
Green,snipe,heal,White,snipe,heal,16,0,0,0,0,16,4394
Green,snipe,heal,White,snipe,reinforcements,16,16,0,0,0,0,4765
Green,snipe,heal,White,snipe,speed,16,16,0,0,0,0,7570
Green,snipe,heal,White,snipe,wall,16,16,0,0,0,0,6981
Green,snipe,heal,White,freeze,heal,16,16,0,0,0,0,7452
Green,snipe,heal,White,freeze,reinforcements,16,16,0,0,0,0,4994
Green,snipe,heal,White,freeze,speed,16,16,0,0,0,0,8019
Green,snipe,heal,White,freeze,wall,16,16,0,0,0,0,7489
Green,snipe,heal,Yellow,nuke,heal,16,16,0,0,0,0,8386
Green,snipe,heal,Yellow,nuke,reinforcements,16,16,0,0,0,0,6071
Green,snipe,heal,Yellow,nuke,speed,16,0,0,0,0,16,4687
Green,snipe,heal,Yellow,nuke,wall,16,16,0,0,0,0,8336
Green,snipe,heal,Yellow,firebomb,heal,16,16,0,0,0,0,8291
Green,snipe,heal,Yellow,firebomb,reinforcements,16,16,0,0,0,0,6037
Green,snipe,heal,Yellow,firebomb,speed,16,16,0,0,0,0,8910
Green,snipe,heal,Yellow,firebomb,wall,16,0,0,0,0,16,4705
Green,snipe,heal,Yellow,snipe,heal,16,16,0,0,0,0,9201
Green,snipe,heal,Yellow,snipe,reinforcements,16,16,0,0,0,0,5824
Green,snipe,heal,Yellow,snipe,speed,16,0,0,0,0,16,12906
Green,snipe,heal,Yellow,snipe,wall,16,0,0,0,0,16,4734
Green,snipe,heal,Yellow,freeze,heal,16,16,0,0,0,0,8111
Green,snipe,heal,Yellow,freeze,reinforcements,16,16,0,0,0,0,5809
Green,snipe,heal,Yellow,freeze,speed,16,16,0,0,0,0,11902
Green,snipe,heal,Yellow,freeze,wall,16,16,0,0,0,0,8108
Green,snipe,reinforcements,Black,nuke,heal,16,16,0,0,0,0,6046
Green,snipe,reinforcements,Black,nuke,reinforcements,16,16,0,0,0,0,5129
Green,snipe,reinforcements,Black,nuke,speed,16,16,0,0,0,0,4579
Green,snipe,reinforcements,Black,nuke,wall,16,16,0,0,0,0,6254
Green,snipe,reinforcements,Black,firebomb,heal,16,16,0,0,0,0,6456
Green,snipe,reinforcements,Black,firebomb,reinforcements,16,16,0,0,0,0,5895
Green,snipe,reinforcements,Black,firebomb,speed,16,16,0,0,0,0,6458
Green,snipe,reinforcements,Black,firebomb,wall,16,16,0,0,0,0,7127
Green,snipe,reinforcements,Black,snipe,heal,16,16,0,0,0,0,7501
Green,snipe,reinforcements,Black,snipe,reinforcements,16,16,0,0,0,0,5410
Green,snipe,reinforcements,Black,snipe,speed,16,0,0,0,0,16,8354
Green,snipe,reinforcements,Black,snipe,wall,16,16,0,0,0,0,6546
Green,snipe,reinforcements,Black,freeze,heal,16,16,0,0,0,0,7800
Green,snipe,reinforcements,Black,freeze,reinforcements,16,16,0,0,0,0,5735
Green,snipe,reinforcements,Black,freeze,speed,16,16,0,0,0,0,11146
Green,snipe,reinforcements,Black,freeze,wall,16,16,0,0,0,0,6892
Green,snipe,reinforcements,Blue,nuke,heal,16,0,0,0,0,16,6412
Green,snipe,reinforcements,Blue,nuke,reinforcements,16,16,0,0,0,0,4565
Green,snipe,reinforcements,Blue,nuke,speed,16,16,0,0,0,0,4569
Green,snipe,reinforcements,Blue,nuke,wall,16,16,0,0,0,0,4574
Green,snipe,reinforcements,Blue,firebomb,heal,16,16,0,0,0,0,7829
Green,snipe,reinforcements,Blue,firebomb,reinforcements,16,16,0,0,0,0,6599
Green,snipe,reinforcements,Blue,firebomb,speed,16,0,0,0,0,16,6718
Green,snipe,reinforcements,Blue,firebomb,wall,16,16,0,0,0,0,12398
Green,snipe,reinforcements,Blue,snipe,heal,16,0,0,0,0,16,7106
Green,snipe,reinforcements,Blue,snipe,reinforcements,16,16,0,0,0,0,4849
Green,snipe,reinforcements,Blue,snipe,speed,16,0,0,0,0,16,6146
Green,snipe,reinforcements,Blue,snipe,wall,16,0,0,0,0,16,6471
Green,snipe,reinforcements,Blue,freeze,heal,16,0,0,0,0,16,6857
Green,snipe,reinforcements,Blue,freeze,reinforcements,16,16,0,0,0,0,7051
Green,snipe,reinforcements,Blue,freeze,speed,16,0,0,0,0,16,5937
Green,snipe,reinforcements,Blue,freeze,wall,16,0,0,0,0,16,7036
Green,snipe,reinforcements,Green,nuke,heal,16,16,0,0,0,0,4574
Green,snipe,reinforcements,Green,nuke,reinforcements,16,16,0,0,0,0,4694
Green,snipe,reinforcements,Green,nuke,speed,16,0,0,0,0,16,6814
Green,snipe,reinforcements,Green,nuke,wall,16,16,0,0,0,0,5394
Green,snipe,reinforcements,Green,firebomb,heal,16,0,16,0,0,0,18000
Green,snipe,reinforcements,Green,firebomb,reinforcements,16,16,0,0,0,0,6086
Green,snipe,reinforcements,Green,firebomb,speed,16,0,0,0,0,16,6732
Green,snipe,reinforcements,Green,firebomb,wall,16,0,0,0,0,16,6116
Green,snipe,reinforcements,Green,snipe,heal,16,0,0,0,0,16,6066
Green,snipe,reinforcements,Green,snipe,reinforcements,16,0,0,16,0,0,18000
Green,snipe,reinforcements,Green,snipe,speed,16,0,0,0,0,16,6060
Green,snipe,reinforcements,Green,snipe,wall,16,0,0,0,0,16,6166
Green,snipe,reinforcements,Green,freeze,heal,16,16,0,0,0,0,8169
Green,snipe,reinforcements,Green,freeze,reinforcements,16,0,0,0,0,16,7511
Green,snipe,reinforcements,Green,freeze,speed,16,0,0,0,0,16,5794
Green,snipe,reinforcements,Green,freeze,wall,16,0,0,0,0,16,7407
Green,snipe,reinforcements,Orange,nuke,heal,16,16,0,0,0,0,5824
Green,snipe,reinforcements,Orange,nuke,reinforcements,16,16,0,0,0,0,5992
Green,snipe,reinforcements,Orange,nuke,speed,16,16,0,0,0,0,6867
Green,snipe,reinforcements,Orange,nuke,wall,16,16,0,0,0,0,5747
Green,snipe,reinforcements,Orange,firebomb,heal,16,16,0,0,0,0,8688
Green,snipe,reinforcements,Orange,firebomb,reinforcements,16,16,0,0,0,0,6227
Green,snipe,reinforcements,Orange,firebomb,speed,16,11,0,0,2,3,11423
Green,snipe,reinforcements,Orange,firebomb,wall,16,16,0,0,0,0,6157
Green,snipe,reinforcements,Orange,snipe,heal,16,15,0,0,0,1,8060
Green,snipe,reinforcements,Orange,snipe,reinforcements,16,16,0,0,0,0,5856
Green,snipe,reinforcements,Orange,snipe,speed,16,4,0,0,0,12,9377
Green,snipe,reinforcements,Orange,snipe,wall,16,16,0,0,0,0,5946
Green,snipe,reinforcements,Orange,freeze,heal,16,16,0,0,0,0,8655
Green,snipe,reinforcements,Orange,freeze,reinforcements,16,16,0,0,0,0,6343
Green,snipe,reinforcements,Orange,freeze,speed,16,15,1,0,0,0,10877
Green,snipe,reinforcements,Orange,freeze,wall,16,16,0,0,0,0,6030
Green,snipe,reinforcements,Purple,nuke,heal,16,16,0,0,0,0,5991
Green,snipe,reinforcements,Purple,nuke,reinforcements,16,16,0,0,0,0,5258
Green,snipe,reinforcements,Purple,nuke,speed,16,0,0,0,0,16,9043
Green,snipe,reinforcements,Purple,nuke,wall,16,16,0,0,0,0,5333
Green,snipe,reinforcements,Purple,firebomb,heal,16,16,0,0,0,0,5971
Green,snipe,reinforcements,Purple,firebomb,reinforcements,16,16,0,0,0,0,5744
Green,snipe,reinforcements,Purple,firebomb,speed,16,0,0,0,0,16,9736
Green,snipe,reinforcements,Purple,firebomb,wall,16,16,0,0,0,0,5936
Green,snipe,reinforcements,Purple,snipe,heal,16,16,0,0,0,0,6132
Green,snipe,reinforcements,Purple,snipe,reinforcements,16,16,0,0,0,0,5172
Green,snipe,reinforcements,Purple,snipe,speed,16,0,0,0,0,16,8421
Green,snipe,reinforcements,Purple,snipe,wall,16,16,0,0,0,0,5722
Green,snipe,reinforcements,Purple,freeze,heal,16,16,0,0,0,0,6074
Green,snipe,reinforcements,Purple,freeze,reinforcements,16,16,0,0,0,0,5107
Green,snipe,reinforcements,Purple,freeze,speed,16,0,0,0,0,16,6358
Green,snipe,reinforcements,Purple,freeze,wall,16,16,0,0,0,0,6037
Green,snipe,reinforcements,Red,nuke,heal,16,0,0,0,0,16,8049
Green,snipe,reinforcements,Red,nuke,reinforcements,16,16,0,0,0,0,7482
Green,snipe,reinforcements,Red,nuke,speed,16,0,0,0,0,16,6094
Green,snipe,reinforcements,Red,nuke,wall,16,0,0,0,0,16,8510
Green,snipe,reinforcements,Red,firebomb,heal,16,0,0,0,0,16,6689
Green,snipe,reinforcements,Red,firebomb,reinforcements,16,0,0,0,0,16,7536
Green,snipe,reinforcements,Red,firebomb,speed,16,0,0,0,0,16,6219
Green,snipe,reinforcements,Red,firebomb,wall,16,16,0,0,0,0,7320
Green,snipe,reinforcements,Red,snipe,heal,16,0,0,0,0,16,6205
Green,snipe,reinforcements,Red,snipe,reinforcements,16,16,0,0,0,0,7135
Green,snipe,reinforcements,Red,snipe,speed,16,0,0,0,0,16,5169
Green,snipe,reinforcements,Red,snipe,wall,16,0,0,0,0,16,6485
Green,snipe,reinforcements,Red,freeze,heal,16,0,0,0,0,16,5834
Green,snipe,reinforcements,Red,freeze,reinforcements,16,16,0,0,0,0,7785
Green,snipe,reinforcements,Red,freeze,speed,16,0,0,0,0,16,6381
Green,snipe,reinforcements,Red,freeze,wall,16,16,0,0,0,0,8113
Green,snipe,reinforcements,White,nuke,heal,16,16,0,0,0,0,6679
Green,snipe,reinforcements,White,nuke,reinforcements,16,16,0,0,0,0,3935
Green,snipe,reinforcements,White,nuke,speed,16,16,0,0,0,0,7783
Green,snipe,reinforcements,White,nuke,wall,16,16,0,0,0,0,6765
Green,snipe,reinforcements,White,firebomb,heal,16,16,0,0,0,0,7037
Green,snipe,reinforcements,White,firebomb,reinforcements,16,16,0,0,0,0,4316
Green,snipe,reinforcements,White,firebomb,speed,16,16,0,0,0,0,7182
Green,snipe,reinforcements,White,firebomb,wall,16,16,0,0,0,0,5916
Green,snipe,reinforcements,White,snipe,heal,16,16,0,0,0,0,6843
Green,snipe,reinforcements,White,snipe,reinforcements,16,16,0,0,0,0,3788
Green,snipe,reinforcements,White,snipe,speed,16,0,0,0,0,16,7691
Green,snipe,reinforcements,White,snipe,wall,16,16,0,0,0,0,7603
Green,snipe,reinforcements,White,freeze,heal,16,16,0,0,0,0,6603
Green,snipe,reinforcements,White,freeze,reinforcements,16,16,0,0,0,0,4804
Green,snipe,reinforcements,White,freeze,speed,16,16,0,0,0,0,5218
Green,snipe,reinforcements,White,freeze,wall,16,16,0,0,0,0,6758
Green,snipe,reinforcements,Yellow,nuke,heal,16,16,0,0,0,0,6969
Green,snipe,reinforcements,Yellow,nuke,reinforcements,16,16,0,0,0,0,4575
Green,snipe,reinforcements,Yellow,nuke,speed,16,16,0,0,0,0,14009
Green,snipe,reinforcements,Yellow,nuke,wall,16,16,0,0,0,0,5993
Green,snipe,reinforcements,Yellow,firebomb,heal,16,16,0,0,0,0,6380
Green,snipe,reinforcements,Yellow,firebomb,reinforcements,16,16,0,0,0,0,5780
Green,snipe,reinforcements,Yellow,firebomb,speed,16,0,0,0,0,16,9067
Green,snipe,reinforcements,Yellow,firebomb,wall,16,16,0,0,0,0,6858
Green,snipe,reinforcements,Yellow,snipe,heal,16,16,0,0,0,0,6781
Green,snipe,reinforcements,Yellow,snipe,reinforcements,16,16,0,0,0,0,4661
Green,snipe,reinforcements,Yellow,snipe,speed,16,0,0,0,0,16,5969
Green,snipe,reinforcements,Yellow,snipe,wall,16,16,0,0,0,0,7098
Green,snipe,reinforcements,Yellow,freeze,heal,16,16,0,0,0,0,7263
Green,snipe,reinforcements,Yellow,freeze,reinforcements,16,16,0,0,0,0,5046
Green,snipe,reinforcements,Yellow,freeze,speed,16,16,0,0,0,0,6625
Green,snipe,reinforcements,Yellow,freeze,wall,16,16,0,0,0,0,7326
Green,snipe,speed,Black,nuke,heal,16,16,0,0,0,0,7784
Green,snipe,speed,Black,nuke,reinforcements,16,16,0,0,0,0,5844
Green,snipe,speed,Black,nuke,speed,16,16,0,0,0,0,8849
Green,snipe,speed,Black,nuke,wall,16,16,0,0,0,0,8468
Green,snipe,speed,Black,firebomb,heal,16,16,0,0,0,0,6399
Green,snipe,speed,Black,firebomb,reinforcements,16,16,0,0,0,0,5830
Green,snipe,speed,Black,firebomb,speed,16,16,0,0,0,0,7953
Green,snipe,speed,Black,firebomb,wall,16,16,0,0,0,0,8335
Green,snipe,speed,Black,snipe,heal,16,16,0,0,0,0,5976
Green,snipe,speed,Black,snipe,reinforcements,16,16,0,0,0,0,5491
Green,snipe,speed,Black,snipe,speed,16,16,0,0,0,0,7780
Green,snipe,speed,Black,snipe,wall,16,16,0,0,0,0,9685
Green,snipe,speed,Black,freeze,heal,16,16,0,0,0,0,7306
Green,snipe,speed,Black,freeze,reinforcements,16,16,0,0,0,0,6431
Green,snipe,speed,Black,freeze,speed,16,16,0,0,0,0,10196
Green,snipe,speed,Black,freeze,wall,16,16,0,0,0,0,7514
Green,snipe,speed,Blue,nuke,heal,16,16,0,0,0,0,8640
Green,snipe,speed,Blue,nuke,reinforcements,16,16,0,0,0,0,6377
Green,snipe,speed,Blue,nuke,speed,16,16,0,0,0,0,8936
Green,snipe,speed,Blue,nuke,wall,16,16,0,0,0,0,7826
Green,snipe,speed,Blue,firebomb,heal,16,16,0,0,0,0,7779
Green,snipe,speed,Blue,firebomb,reinforcements,16,16,0,0,0,0,6315
Green,snipe,speed,Blue,firebomb,speed,16,16,0,0,0,0,9197
Green,snipe,speed,Blue,firebomb,wall,16,16,0,0,0,0,8271
Green,snipe,speed,Blue,snipe,heal,16,16,0,0,0,0,8664
Green,snipe,speed,Blue,snipe,reinforcements,16,16,0,0,0,0,6249
Green,snipe,speed,Blue,snipe,speed,16,16,0,0,0,0,7151
Green,snipe,speed,Blue,snipe,wall,16,16,0,0,0,0,8353
Green,snipe,speed,Blue,freeze,heal,16,16,0,0,0,0,8209
Green,snipe,speed,Blue,freeze,reinforcements,16,16,0,0,0,0,6299
Green,snipe,speed,Blue,freeze,speed,16,16,0,0,0,0,6101
Green,snipe,speed,Blue,freeze,wall,16,16,0,0,0,0,7985
Green,snipe,speed,Green,nuke,heal,16,16,0,0,0,0,7416
Green,snipe,speed,Green,nuke,reinforcements,16,16,0,0,0,0,5768
Green,snipe,speed,Green,nuke,speed,16,16,0,0,0,0,7139
Green,snipe,speed,Green,nuke,wall,16,16,0,0,0,0,7256
Green,snipe,speed,Green,firebomb,heal,16,16,0,0,0,0,5998
Green,snipe,speed,Green,firebomb,reinforcements,16,16,0,0,0,0,6034
Green,snipe,speed,Green,firebomb,speed,16,16,0,0,0,0,7585
Green,snipe,speed,Green,firebomb,wall,16,16,0,0,0,0,5578
Green,snipe,speed,Green,snipe,heal,16,16,0,0,0,0,8468
Green,snipe,speed,Green,snipe,reinforcements,16,16,0,0,0,0,5033
Green,snipe,speed,Green,snipe,speed,16,0,16,0,0,0,18000
Green,snipe,speed,Green,snipe,wall,16,16,0,0,0,0,10200
Green,snipe,speed,Green,freeze,heal,16,16,0,0,0,0,7821
Green,snipe,speed,Green,freeze,reinforcements,16,16,0,0,0,0,6195
Green,snipe,speed,Green,freeze,speed,16,16,0,0,0,0,7285
Green,snipe,speed,Green,freeze,wall,16,16,0,0,0,0,7844
Green,snipe,speed,Orange,nuke,heal,16,16,0,0,0,0,6552
Green,snipe,speed,Orange,nuke,reinforcements,16,16,0,0,0,0,5894
Green,snipe,speed,Orange,nuke,speed,16,16,0,0,0,0,6753
Green,snipe,speed,Orange,nuke,wall,16,15,0,0,0,1,7071
Green,snipe,speed,Orange,firebomb,heal,16,16,0,0,0,0,7126
Green,snipe,speed,Orange,firebomb,reinforcements,16,16,0,0,0,0,6353
Green,snipe,speed,Orange,firebomb,speed,16,16,0,0,0,0,6444
Green,snipe,speed,Orange,firebomb,wall,16,16,0,0,0,0,6899
Green,snipe,speed,Orange,snipe,heal,16,16,0,0,0,0,6736
Green,snipe,speed,Orange,snipe,reinforcements,16,16,0,0,0,0,5637
Green,snipe,speed,Orange,snipe,speed,16,16,0,0,0,0,7046
Green,snipe,speed,Orange,snipe,wall,16,16,0,0,0,0,7613
Green,snipe,speed,Orange,freeze,heal,16,16,0,0,0,0,6284
Green,snipe,speed,Orange,freeze,reinforcements,16,16,0,0,0,0,5300
Green,snipe,speed,Orange,freeze,speed,16,16,0,0,0,0,6708
Green,snipe,speed,Orange,freeze,wall,16,16,0,0,0,0,6936
Green,snipe,speed,Purple,nuke,heal,16,16,0,0,0,0,6064
Green,snipe,speed,Purple,nuke,reinforcements,16,16,0,0,0,0,3839
Green,snipe,speed,Purple,nuke,speed,16,16,0,0,0,0,8688
Green,snipe,speed,Purple,nuke,wall,16,16,0,0,0,0,7469
Green,snipe,speed,Purple,firebomb,heal,16,16,0,0,0,0,9070
Green,snipe,speed,Purple,firebomb,reinforcements,16,16,0,0,0,0,5662
Green,snipe,speed,Purple,firebomb,speed,16,16,0,0,0,0,9539
Green,snipe,speed,Purple,firebomb,wall,16,16,0,0,0,0,7657
Green,snipe,speed,Purple,snipe,heal,16,16,0,0,0,0,6420
Green,snipe,speed,Purple,snipe,reinforcements,16,16,0,0,0,0,3976
Green,snipe,speed,Purple,snipe,speed,16,16,0,0,0,0,9233
Green,snipe,speed,Purple,snipe,wall,16,16,0,0,0,0,6894
Green,snipe,speed,Purple,freeze,heal,16,16,0,0,0,0,7762
Green,snipe,speed,Purple,freeze,reinforcements,16,16,0,0,0,0,4557
Green,snipe,speed,Purple,freeze,speed,16,16,0,0,0,0,7852
Green,snipe,speed,Purple,freeze,wall,16,16,0,0,0,0,7547
Green,snipe,speed,Red,nuke,heal,16,16,0,0,0,0,5789
Green,snipe,speed,Red,nuke,reinforcements,16,16,0,0,0,0,5053
Green,snipe,speed,Red,nuke,speed,16,0,0,0,0,16,6040
Green,snipe,speed,Red,nuke,wall,16,16,0,0,0,0,5354
Green,snipe,speed,Red,firebomb,heal,16,16,0,0,0,0,6416
Green,snipe,speed,Red,firebomb,reinforcements,16,16,0,0,0,0,4980
