human_team,human_off,human_def,bot_team,bot_off,bot_def
Purple,nuke,heal,Black,nuke,reinforcements
Purple,nuke,heal,Black,nuke,speed
Purple,nuke,heal,Black,nuke,wall
Purple,nuke,heal,Black,firebomb,heal
Purple,nuke,heal,Black,firebomb,reinforcements
Purple,nuke,heal,Black,firebomb,speed
Purple,nuke,heal,Black,firebomb,wall
Purple,nuke,heal,Black,snipe,heal
Purple,nuke,heal,Black,snipe,reinforcements
Purple,nuke,heal,Black,snipe,speed
Purple,nuke,heal,Black,snipe,wall
Purple,nuke,heal,Black,freeze,heal
Purple,nuke,heal,Black,freeze,reinforcements
Purple,nuke,heal,Black,freeze,speed
Purple,nuke,heal,Black,freeze,wall
Purple,nuke,heal,Blue,nuke,heal
Purple,nuke,heal,Blue,nuke,reinforcements
Purple,nuke,heal,Blue,nuke,speed
Purple,nuke,heal,Blue,nuke,wall
Purple,nuke,heal,Blue,firebomb,heal
Purple,nuke,heal,Blue,firebomb,reinforcements
Purple,nuke,heal,Blue,firebomb,speed
Purple,nuke,heal,Blue,firebomb,wall
Purple,nuke,heal,Blue,snipe,heal
Purple,nuke,heal,Blue,snipe,reinforcements
Purple,nuke,heal,Blue,snipe,speed
Purple,nuke,heal,Blue,snipe,wall
Purple,nuke,heal,Blue,freeze,heal
Purple,nuke,heal,Blue,freeze,reinforcements
Purple,nuke,heal,Blue,freeze,speed
Purple,nuke,heal,Blue,freeze,wall
Purple,nuke,heal,Green,nuke,heal
Purple,nuke,heal,Green,nuke,reinforcements
Purple,nuke,heal,Green,nuke,speed
Purple,nuke,heal,Green,nuke,wall
Purple,nuke,heal,Green,firebomb,heal
Purple,nuke,heal,Green,firebomb,reinforcements
Purple,nuke,heal,Green,firebomb,speed
Purple,nuke,heal,Green,firebomb,wall
Purple,nuke,heal,Green,snipe,heal
Purple,nuke,heal,Green,snipe,reinforcements
Purple,nuke,heal,Green,snipe,speed
Purple,nuke,heal,Green,snipe,wall
Purple,nuke,heal,Green,freeze,heal
Purple,nuke,heal,Green,freeze,reinforcements
Purple,nuke,heal,Green,freeze,speed
Purple,nuke,heal,Green,freeze,wall
Purple,nuke,heal,Orange,nuke,heal
Purple,nuke,heal,Orange,nuke,reinforcements
Purple,nuke,heal,Orange,nuke,speed
Purple,nuke,heal,Orange,nuke,wall
Purple,nuke,heal,Orange,firebomb,heal
Purple,nuke,heal,Orange,firebomb,reinforcements
Purple,nuke,heal,Orange,firebomb,speed
Purple,nuke,heal,Orange,firebomb,wall
Purple,nuke,heal,Orange,snipe,heal
Purple,nuke,heal,Orange,snipe,reinforcements
Purple,nuke,heal,Orange,snipe,speed
Purple,nuke,heal,Orange,snipe,wall
Purple,nuke,heal,Orange,freeze,heal
Purple,nuke,heal,Orange,freeze,reinforcements
Purple,nuke,heal,Orange,freeze,speed
Purple,nuke,heal,Orange,freeze,wall
Purple,nuke,heal,Purple,nuke,heal
Purple,nuke,heal,Purple,nuke,reinforcements
Purple,nuke,heal,Purple,nuke,speed
Purple,nuke,heal,Purple,nuke,wall
Purple,nuke,heal,Purple,firebomb,heal
Purple,nuke,heal,Purple,firebomb,reinforcements
Purple,nuke,heal,Purple,firebomb,speed
Purple,nuke,heal,Purple,firebomb,wall
Purple,nuke,heal,Purple,snipe,heal
Purple,nuke,heal,Purple,snipe,reinforcements
Purple,nuke,heal,Purple,snipe,speed
Purple,nuke,heal,Purple,snipe,wall
Purple,nuke,heal,Purple,freeze,heal
Purple,nuke,heal,Purple,freeze,reinforcements
Purple,nuke,heal,Purple,freeze,speed
Purple,nuke,heal,Purple,freeze,wall
Purple,nuke,heal,Red,nuke,heal
Purple,nuke,heal,Red,nuke,reinforcements
Purple,nuke,heal,Red,nuke,speed
Purple,nuke,heal,Red,nuke,wall
Purple,nuke,heal,Red,firebomb,heal
Purple,nuke,heal,Red,firebomb,reinforcements
Purple,nuke,heal,Red,firebomb,speed
Purple,nuke,heal,Red,firebomb,wall
Purple,nuke,heal,Red,snipe,heal
Purple,nuke,heal,Red,snipe,reinforcements
Purple,nuke,heal,Red,snipe,speed
Purple,nuke,heal,Red,snipe,wall
Purple,nuke,heal,Red,freeze,heal
Purple,nuke,heal,Red,freeze,reinforcements
Purple,nuke,heal,Red,freeze,speed
Purple,nuke,heal,Red,freeze,wall
Purple,nuke,heal,White,nuke,heal
Purple,nuke,heal,White,nuke,reinforcements
Purple,nuke,heal,White,nuke,speed
Purple,nuke,heal,White,nuke,wall
Purple,nuke,heal,White,firebomb,heal
Purple,nuke,heal,White,firebomb,reinforcements
Purple,nuke,heal,White,firebomb,speed
Purple,nuke,heal,White,firebomb,wall
Purple,nuke,heal,White,snipe,heal
Purple,nuke,heal,White,snipe,reinforcements
Purple,nuke,heal,White,snipe,speed
Purple,nuke,heal,White,snipe,wall
Purple,nuke,heal,White,freeze,heal
Purple,nuke,heal,White,freeze,reinforcements
Purple,nuke,heal,White,freeze,speed
Purple,nuke,heal,White,freeze,wall
Purple,nuke,heal,Yellow,nuke,heal
Purple,nuke,heal,Yellow,nuke,reinforcements
Purple,nuke,heal,Yellow,nuke,speed
Purple,nuke,heal,Yellow,nuke,wall
Purple,nuke,heal,Yellow,firebomb,heal
Purple,nuke,heal,Yellow,firebomb,reinforcements
Purple,nuke,heal,Yellow,firebomb,speed
Purple,nuke,heal,Yellow,firebomb,wall
Purple,nuke,heal,Yellow,snipe,heal
Purple,nuke,heal,Yellow,snipe,reinforcements
Purple,nuke,heal,Yellow,snipe,speed
Purple,nuke,heal,Yellow,snipe,wall
Purple,nuke,heal,Yellow,freeze,heal
Purple,nuke,heal,Yellow,freeze,reinforcements
Purple,nuke,heal,Yellow,freeze,speed
Purple,nuke,heal,Yellow,freeze,wall
Purple,nuke,reinforcements,Black,nuke,heal
Purple,nuke,reinforcements,Black,nuke,reinforcements
Purple,nuke,reinforcements,Black,nuke,speed
Purple,nuke,reinforcements,Black,nuke,wall
Purple,nuke,reinforcements,Black,firebomb,heal
Purple,nuke,reinforcements,Black,firebomb,reinforcements
Purple,nuke,reinforcements,Black,firebomb,speed
Purple,nuke,reinforcements,Black,firebomb,wall
Purple,nuke,reinforcements,Black,snipe,heal
Purple,nuke,reinforcements,Black,snipe,reinforcements
Purple,nuke,reinforcements,Black,snipe,speed
Purple,nuke,reinforcements,Black,snipe,wall
Purple,nuke,reinforcements,Black,freeze,heal
Purple,nuke,reinforcements,Black,freeze,reinforcements
Purple,nuke,reinforcements,Black,freeze,speed
Purple,nuke,reinforcements,Black,freeze,wall
Purple,nuke,reinforcements,Blue,nuke,heal
Purple,nuke,reinforcements,Blue,nuke,reinforcements
Purple,nuke,reinforcements,Blue,nuke,speed
Purple,nuke,reinforcements,Blue,nuke,wall
Purple,nuke,reinforcements,Blue,firebomb,heal
Purple,nuke,reinforcements,Blue,firebomb,reinforcements
Purple,nuke,reinforcements,Blue,firebomb,speed
Purple,nuke,reinforcements,Blue,firebomb,wall
Purple,nuke,reinforcements,Blue,snipe,heal
Purple,nuke,reinforcements,Blue,snipe,reinforcements
Purple,nuke,reinforcements,Blue,snipe,speed
Purple,nuke,reinforcements,Blue,snipe,wall
Purple,nuke,reinforcements,Blue,freeze,heal
Purple,nuke,reinforcements,Blue,freeze,reinforcements
Purple,nuke,reinforcements,Blue,freeze,speed
Purple,nuke,reinforcements,Blue,freeze,wall
Purple,nuke,reinforcements,Green,nuke,heal
Purple,nuke,reinforcements,Green,nuke,reinforcements
Purple,nuke,reinforcements,Green,nuke,speed
Purple,nuke,reinforcements,Green,nuke,wall
Purple,nuke,reinforcements,Green,firebomb,heal
Purple,nuke,reinforcements,Green,firebomb,reinforcements
Purple,nuke,reinforcements,Green,firebomb,speed
Purple,nuke,reinforcements,Green,firebomb,wall
Purple,nuke,reinforcements,Green,snipe,heal
Purple,nuke,reinforcements,Green,snipe,reinforcements
Purple,nuke,reinforcements,Green,snipe,speed
Purple,nuke,reinforcements,Green,snipe,wall
Purple,nuke,reinforcements,Green,freeze,heal
Purple,nuke,reinforcements,Green,freeze,reinforcements
Purple,nuke,reinforcements,Green,freeze,speed
Purple,nuke,reinforcements,Green,freeze,wall
Purple,nuke,reinforcements,Orange,nuke,heal
Purple,nuke,reinforcements,Orange,nuke,reinforcements
Purple,nuke,reinforcements,Orange,nuke,speed
Purple,nuke,reinforcements,Orange,nuke,wall
Purple,nuke,reinforcements,Orange,firebomb,heal
Purple,nuke,reinforcements,Orange,firebomb,reinforcements
Purple,nuke,reinforcements,Orange,firebomb,speed
Purple,nuke,reinforcements,Orange,firebomb,wall
Purple,nuke,reinforcements,Orange,snipe,heal
Purple,nuke,reinforcements,Orange,snipe,reinforcements
Purple,nuke,reinforcements,Orange,snipe,speed
Purple,nuke,reinforcements,Orange,snipe,wall
Purple,nuke,reinforcements,Orange,freeze,heal
Purple,nuke,reinforcements,Orange,freeze,reinforcements
Purple,nuke,reinforcements,Orange,freeze,speed
Purple,nuke,reinforcements,Orange,freeze,wall
Purple,nuke,reinforcements,Purple,nuke,heal
Purple,nuke,reinforcements,Purple,nuke,reinforcements
Purple,nuke,reinforcements,Purple,nuke,speed
Purple,nuke,reinforcements,Purple,nuke,wall
Purple,nuke,reinforcements,Purple,firebomb,heal
Purple,nuke,reinforcements,Purple,firebomb,reinforcements
Purple,nuke,reinforcements,Purple,firebomb,speed
Purple,nuke,reinforcements,Purple,firebomb,wall
Purple,nuke,reinforcements,Purple,snipe,heal
Purple,nuke,reinforcements,Purple,snipe,reinforcements
Purple,nuke,reinforcements,Purple,snipe,speed
Purple,nuke,reinforcements,Purple,snipe,wall
Purple,nuke,reinforcements,Purple,freeze,heal
Purple,nuke,reinforcements,Purple,freeze,reinforcements
Purple,nuke,reinforcements,Purple,freeze,speed
Purple,nuke,reinforcements,Purple,freeze,wall
Purple,nuke,reinforcements,Red,nuke,heal
Purple,nuke,reinforcements,Red,nuke,reinforcements
Purple,nuke,reinforcements,Red,nuke,speed
Purple,nuke,reinforcements,Red,nuke,wall
Purple,nuke,reinforcements,Red,firebomb,heal
Purple,nuke,reinforcements,Red,firebomb,reinforcements
Purple,nuke,reinforcements,Red,firebomb,speed
Purple,nuke,reinforcements,Red,firebomb,wall
Purple,nuke,reinforcements,Red,snipe,heal
Purple,nuke,reinforcements,Red,snipe,reinforcements
Purple,nuke,reinforcements,Red,snipe,speed
Purple,nuke,reinforcements,Red,snipe,wall
Purple,nuke,reinforcements,Red,freeze,heal
Purple,nuke,reinforcements,Red,freeze,reinforcements
Purple,nuke,reinforcements,Red,freeze,speed
Purple,nuke,reinforcements,Red,freeze,wall
Purple,nuke,reinforcements,White,nuke,heal
Purple,nuke,reinforcements,White,nuke,reinforcements
Purple,nuke,reinforcements,White,nuke,speed
Purple,nuke,reinforcements,White,nuke,wall
Purple,nuke,reinforcements,White,firebomb,heal
Purple,nuke,reinforcements,White,firebomb,reinforcements
Purple,nuke,reinforcements,White,firebomb,speed
Purple,nuke,reinforcements,White,firebomb,wall
Purple,nuke,reinforcements,White,snipe,heal
Purple,nuke,reinforcements,White,snipe,reinforcements
Purple,nuke,reinforcements,White,snipe,speed
Purple,nuke,reinforcements,White,snipe,wall
Purple,nuke,reinforcements,White,freeze,heal
Purple,nuke,reinforcements,White,freeze,reinforcements
Purple,nuke,reinforcements,White,freeze,speed
Purple,nuke,reinforcements,White,freeze,wall
Purple,nuke,reinforcements,Yellow,nuke,heal
Purple,nuke,reinforcements,Yellow,nuke,reinforcements
Purple,nuke,reinforcements,Yellow,nuke,speed
Purple,nuke,reinforcements,Yellow,nuke,wall
Purple,nuke,reinforcements,Yellow,firebomb,heal
Purple,nuke,reinforcements,Yellow,firebomb,reinforcements
Purple,nuke,reinforcements,Yellow,firebomb,speed
Purple,nuke,reinforcements,Yellow,firebomb,wall
Purple,nuke,reinforcements,Yellow,snipe,heal
Purple,nuke,reinforcements,Yellow,snipe,reinforcements
Purple,nuke,reinforcements,Yellow,snipe,speed
Purple,nuke,reinforcements,Yellow,snipe,wall
Purple,nuke,reinforcements,Yellow,freeze,heal
Purple,nuke,reinforcements,Yellow,freeze,reinforcements
Purple,nuke,reinforcements,Yellow,freeze,speed
Purple,nuke,reinforcements,Yellow,freeze,wall
Purple,nuke,speed,Black,nuke,heal
Purple,nuke,speed,Black,nuke,reinforcements
Purple,nuke,speed,Black,nuke,speed
Purple,nuke,speed,Black,nuke,wall
Purple,nuke,speed,Black,firebomb,heal
Purple,nuke,speed,Black,firebomb,reinforcements
Purple,nuke,speed,Black,firebomb,speed
Purple,nuke,speed,Black,firebomb,wall
Purple,nuke,speed,Black,snipe,heal
Purple,nuke,speed,Black,snipe,reinforcements
Purple,nuke,speed,Black,snipe,speed
Purple,nuke,speed,Black,snipe,wall
Purple,nuke,speed,Black,freeze,heal
Purple,nuke,speed,Black,freeze,reinforcements
Purple,nuke,speed,Black,freeze,speed
Purple,nuke,speed,Black,freeze,wall
Purple,nuke,speed,Blue,nuke,heal
Purple,nuke,speed,Blue,nuke,reinforcements
Purple,nuke,speed,Blue,nuke,speed
Purple,nuke,speed,Blue,nuke,wall
Purple,nuke,speed,Blue,firebomb,heal
Purple,nuke,speed,Blue,firebomb,reinforcements
Purple,nuke,speed,Blue,firebomb,speed
Purple,nuke,speed,Blue,firebomb,wall
Purple,nuke,speed,Blue,snipe,heal
Purple,nuke,speed,Blue,snipe,reinforcements
Purple,nuke,speed,Blue,snipe,speed
Purple,nuke,speed,Blue,snipe,wall
Purple,nuke,speed,Blue,freeze,heal
Purple,nuke,speed,Blue,freeze,reinforcements
Purple,nuke,speed,Blue,freeze,speed
Purple,nuke,speed,Blue,freeze,wall
Purple,nuke,speed,Green,nuke,heal
Purple,nuke,speed,Green,nuke,reinforcements
Purple,nuke,speed,Green,nuke,speed
Purple,nuke,speed,Green,nuke,wall
Purple,nuke,speed,Green,firebomb,heal
Purple,nuke,speed,Green,firebomb,reinforcements
Purple,nuke,speed,Green,firebomb,speed
Purple,nuke,speed,Green,firebomb,wall
Purple,nuke,speed,Green,snipe,heal
Purple,nuke,speed,Green,snipe,reinforcements
Purple,nuke,speed,Green,snipe,speed
Purple,nuke,speed,Green,snipe,wall
Purple,nuke,speed,Green,freeze,heal
Purple,nuke,speed,Green,freeze,reinforcements
Purple,nuke,speed,Green,freeze,speed
Purple,nuke,speed,Green,freeze,wall
Purple,nuke,speed,Orange,nuke,heal
Purple,nuke,speed,Orange,nuke,reinforcements
Purple,nuke,speed,Orange,nuke,speed
Purple,nuke,speed,Orange,nuke,wall
Purple,nuke,speed,Orange,firebomb,heal
Purple,nuke,speed,Orange,firebomb,reinforcements
Purple,nuke,speed,Orange,firebomb,speed
Purple,nuke,speed,Orange,firebomb,wall
Purple,nuke,speed,Orange,snipe,heal
Purple,nuke,speed,Orange,snipe,reinforcements
Purple,nuke,speed,Orange,snipe,speed
Purple,nuke,speed,Orange,snipe,wall
Purple,nuke,speed,Orange,freeze,heal
Purple,nuke,speed,Orange,freeze,reinforcements
Purple,nuke,speed,Orange,freeze,speed
Purple,nuke,speed,Orange,freeze,wall
Purple,nuke,speed,Purple,nuke,heal
Purple,nuke,speed,Purple,nuke,reinforcements
Purple,nuke,speed,Purple,nuke,speed
Purple,nuke,speed,Purple,nuke,wall
Purple,nuke,speed,Purple,firebomb,heal
Purple,nuke,speed,Purple,firebomb,reinforcements
Purple,nuke,speed,Purple,firebomb,speed
Purple,nuke,speed,Purple,firebomb,wall
Purple,nuke,speed,Purple,snipe,heal
Purple,nuke,speed,Purple,snipe,reinforcements
Purple,nuke,speed,Purple,snipe,speed
Purple,nuke,speed,Purple,snipe,wall
Purple,nuke,speed,Purple,freeze,heal
Purple,nuke,speed,Purple,freeze,reinforcements
Purple,nuke,speed,Purple,freeze,speed
Purple,nuke,speed,Purple,freeze,wall
Purple,nuke,speed,Red,nuke,heal
Purple,nuke,speed,Red,nuke,reinforcements
Purple,nuke,speed,Red,nuke,speed
Purple,nuke,speed,Red,nuke,wall
Purple,nuke,speed,Red,firebomb,heal
Purple,nuke,speed,Red,firebomb,reinforcements
Purple,nuke,speed,Red,firebomb,speed
Purple,nuke,speed,Red,firebomb,wall
Purple,nuke,speed,Red,snipe,heal
Purple,nuke,speed,Red,snipe,reinforcements
Purple,nuke,speed,Red,snipe,speed
Purple,nuke,speed,Red,snipe,wall
Purple,nuke,speed,Red,freeze,heal
Purple,nuke,speed,Red,freeze,reinforcements
Purple,nuke,speed,Red,freeze,speed
Purple,nuke,speed,Red,freeze,wall
Purple,nuke,speed,White,nuke,heal
Purple,nuke,speed,White,nuke,reinforcements
Purple,nuke,speed,White,nuke,speed
Purple,nuke,speed,White,nuke,wall
Purple,nuke,speed,White,firebomb,heal
Purple,nuke,speed,White,firebomb,reinforcements
Purple,nuke,speed,White,firebomb,speed
Purple,nuke,speed,White,firebomb,wall
Purple,nuke,speed,White,snipe,heal
Purple,nuke,speed,White,snipe,reinforcements
Purple,nuke,speed,White,snipe,speed
Purple,nuke,speed,White,snipe,wall
Purple,nuke,speed,White,freeze,heal
Purple,nuke,speed,White,freeze,reinforcements
Purple,nuke,speed,White,freeze,speed
Purple,nuke,speed,White,freeze,wall
Purple,nuke,speed,Yellow,nuke,heal
Purple,nuke,speed,Yellow,nuke,reinforcements
Purple,nuke,speed,Yellow,nuke,speed
Purple,nuke,speed,Yellow,nuke,wall
Purple,nuke,speed,Yellow,firebomb,heal
Purple,nuke,speed,Yellow,firebomb,reinforcements
Purple,nuke,speed,Yellow,firebomb,speed
Purple,nuke,speed,Yellow,firebomb,wall
Purple,nuke,speed,Yellow,snipe,heal
Purple,nuke,speed,Yellow,snipe,reinforcements
Purple,nuke,speed,Yellow,snipe,speed
Purple,nuke,speed,Yellow,snipe,wall
Purple,nuke,speed,Yellow,freeze,heal
Purple,nuke,speed,Yellow,freeze,reinforcements
Purple,nuke,speed,Yellow,freeze,speed
Purple,nuke,speed,Yellow,freeze,wall
Purple,nuke,wall,Black,nuke,heal
Purple,nuke,wall,Black,nuke,reinforcements
Purple,nuke,wall,Black,nuke,speed
Purple,nuke,wall,Black,nuke,wall
Purple,nuke,wall,Black,firebomb,heal
Purple,nuke,wall,Black,firebomb,reinforcements
Purple,nuke,wall,Black,firebomb,speed
Purple,nuke,wall,Black,firebomb,wall
Purple,nuke,wall,Black,snipe,heal
Purple,nuke,wall,Black,snipe,reinforcements
Purple,nuke,wall,Black,snipe,speed
Purple,nuke,wall,Black,snipe,wall
Purple,nuke,wall,Black,freeze,heal
Purple,nuke,wall,Black,freeze,reinforcements
Purple,nuke,wall,Black,freeze,speed
Purple,nuke,wall,Black,freeze,wall
Purple,nuke,wall,Blue,nuke,heal
Purple,nuke,wall,Blue,nuke,reinforcements
Purple,nuke,wall,Blue,nuke,speed
Purple,nuke,wall,Blue,nuke,wall
Purple,nuke,wall,Blue,firebomb,heal
Purple,nuke,wall,Blue,firebomb,reinforcements
Purple,nuke,wall,Blue,firebomb,speed
Purple,nuke,wall,Blue,firebomb,wall
Purple,nuke,wall,Blue,snipe,heal
Purple,nuke,wall,Blue,snipe,reinforcements
Purple,nuke,wall,Blue,snipe,speed
Purple,nuke,wall,Blue,snipe,wall
Purple,nuke,wall,Blue,freeze,heal
Purple,nuke,wall,Blue,freeze,reinforcements
Purple,nuke,wall,Blue,freeze,speed
Purple,nuke,wall,Blue,freeze,wall
Purple,nuke,wall,Green,nuke,heal
Purple,nuke,wall,Green,nuke,reinforcements
Purple,nuke,wall,Green,nuke,speed
Purple,nuke,wall,Green,nuke,wall
Purple,nuke,wall,Green,firebomb,heal
Purple,nuke,wall,Green,firebomb,reinforcements
Purple,nuke,wall,Green,firebomb,speed
Purple,nuke,wall,Green,firebomb,wall
Purple,nuke,wall,Green,snipe,heal
Purple,nuke,wall,Green,snipe,reinforcements
Purple,nuke,wall,Green,snipe,speed
Purple,nuke,wall,Green,snipe,wall
Purple,nuke,wall,Green,freeze,heal
Purple,nuke,wall,Green,freeze,reinforcements
Purple,nuke,wall,Green,freeze,speed
Purple,nuke,wall,Green,freeze,wall
Purple,nuke,wall,Orange,nuke,heal
Purple,nuke,wall,Orange,nuke,reinforcements
Purple,nuke,wall,Orange,nuke,speed
Purple,nuke,wall,Orange,nuke,wall
Purple,nuke,wall,Orange,firebomb,heal
Purple,nuke,wall,Orange,firebomb,reinforcements
Purple,nuke,wall,Orange,firebomb,speed
Purple,nuke,wall,Orange,firebomb,wall
Purple,nuke,wall,Orange,snipe,heal
Purple,nuke,wall,Orange,snipe,reinforcements
Purple,nuke,wall,Orange,snipe,speed
Purple,nuke,wall,Orange,snipe,wall
Purple,nuke,wall,Orange,freeze,heal
Purple,nuke,wall,Orange,freeze,reinforcements
Purple,nuke,wall,Orange,freeze,speed
Purple,nuke,wall,Orange,freeze,wall
Purple,nuke,wall,Purple,nuke,heal
Purple,nuke,wall,Purple,nuke,reinforcements
Purple,nuke,wall,Purple,nuke,speed
Purple,nuke,wall,Purple,nuke,wall
Purple,nuke,wall,Purple,firebomb,heal
Purple,nuke,wall,Purple,firebomb,reinforcements
Purple,nuke,wall,Purple,firebomb,speed
Purple,nuke,wall,Purple,firebomb,wall
Purple,nuke,wall,Purple,snipe,heal
Purple,nuke,wall,Purple,snipe,reinforcements
Purple,nuke,wall,Purple,snipe,speed
Purple,nuke,wall,Purple,snipe,wall
Purple,nuke,wall,Purple,freeze,heal
Purple,nuke,wall,Purple,freeze,reinforcements
Purple,nuke,wall,Purple,freeze,speed
Purple,nuke,wall,Purple,freeze,wall
Purple,nuke,wall,Red,nuke,heal
Purple,nuke,wall,Red,nuke,reinforcements
Purple,nuke,wall,Red,nuke,speed
Purple,nuke,wall,Red,nuke,wall
Purple,nuke,wall,Red,firebomb,heal
Purple,nuke,wall,Red,firebomb,reinforcements
Purple,nuke,wall,Red,firebomb,speed
Purple,nuke,wall,Red,firebomb,wall
Purple,nuke,wall,Red,snipe,heal
Purple,nuke,wall,Red,snipe,reinforcements
Purple,nuke,wall,Red,snipe,speed
Purple,nuke,wall,Red,snipe,wall
Purple,nuke,wall,Red,freeze,heal
Purple,nuke,wall,Red,freeze,reinforcements
Purple,nuke,wall,Red,freeze,speed
Purple,nuke,wall,Red,freeze,wall
Purple,nuke,wall,White,nuke,heal
Purple,nuke,wall,White,nuke,reinforcements
Purple,nuke,wall,White,nuke,speed
Purple,nuke,wall,White,nuke,wall
Purple,nuke,wall,White,firebomb,heal
Purple,nuke,wall,White,firebomb,reinforcements
Purple,nuke,wall,White,firebomb,speed
Purple,nuke,wall,White,firebomb,wall
Purple,nuke,wall,White,snipe,heal
Purple,nuke,wall,White,snipe,reinforcements
Purple,nuke,wall,White,snipe,speed
Purple,nuke,wall,White,snipe,wall
Purple,nuke,wall,White,freeze,heal
Purple,nuke,wall,White,freeze,reinforcements
Purple,nuke,wall,White,freeze,speed
Purple,nuke,wall,White,freeze,wall
Purple,nuke,wall,Yellow,nuke,heal
Purple,nuke,wall,Yellow,nuke,reinforcements
Purple,nuke,wall,Yellow,nuke,speed
Purple,nuke,wall,Yellow,nuke,wall
Purple,nuke,wall,Yellow,firebomb,heal
Purple,nuke,wall,Yellow,firebomb,reinforcements
Purple,nuke,wall,Yellow,firebomb,speed
Purple,nuke,wall,Yellow,firebomb,wall
Purple,nuke,wall,Yellow,snipe,heal
Purple,nuke,wall,Yellow,snipe,reinforcements
Purple,nuke,wall,Yellow,snipe,speed
Purple,nuke,wall,Yellow,snipe,wall
Purple,nuke,wall,Yellow,freeze,heal
Purple,nuke,wall,Yellow,freeze,reinforcements
Purple,nuke,wall,Yellow,freeze,speed
Purple,nuke,wall,Yellow,freeze,wall
Purple,firebomb,heal,Black,nuke,heal
Purple,firebomb,heal,Black,nuke,reinforcements
Purple,firebomb,heal,Black,nuke,speed
Purple,firebomb,heal,Black,nuke,wall
Purple,firebomb,heal,Black,firebomb,heal
Purple,firebomb,heal,Black,firebomb,reinforcements
Purple,firebomb,heal,Black,firebomb,speed
Purple,firebomb,heal,Black,firebomb,wall
Purple,firebomb,heal,Black,snipe,heal
Purple,firebomb,heal,Black,snipe,reinforcements
Purple,firebomb,heal,Black,snipe,speed
Purple,firebomb,heal,Black,snipe,wall
Purple,firebomb,heal,Black,freeze,heal
Purple,firebomb,heal,Black,freeze,reinforcements
Purple,firebomb,heal,Black,freeze,speed
Purple,firebomb,heal,Black,freeze,wall
Purple,firebomb,heal,Blue,nuke,heal
Purple,firebomb,heal,Blue,nuke,reinforcements
Purple,firebomb,heal,Blue,nuke,speed
Purple,firebomb,heal,Blue,nuke,wall
Purple,firebomb,heal,Blue,firebomb,heal
Purple,firebomb,heal,Blue,firebomb,reinforcements
Purple,firebomb,heal,Blue,firebomb,speed
Purple,firebomb,heal,Blue,firebomb,wall
Purple,firebomb,heal,Blue,snipe,heal
Purple,firebomb,heal,Blue,snipe,reinforcements
Purple,firebomb,heal,Blue,snipe,speed
Purple,firebomb,heal,Blue,snipe,wall
Purple,firebomb,heal,Blue,freeze,heal
Purple,firebomb,heal,Blue,freeze,reinforcements
Purple,firebomb,heal,Blue,freeze,speed
Purple,firebomb,heal,Blue,freeze,wall
Purple,firebomb,heal,Green,nuke,heal
Purple,firebomb,heal,Green,nuke,reinforcements
Purple,firebomb,heal,Green,nuke,speed
Purple,firebomb,heal,Green,nuke,wall
Purple,firebomb,heal,Green,firebomb,heal
Purple,firebomb,heal,Green,firebomb,reinforcements
Purple,firebomb,heal,Green,firebomb,speed
Purple,firebomb,heal,Green,firebomb,wall
Purple,firebomb,heal,Green,snipe,heal
Purple,firebomb,heal,Green,snipe,reinforcements
Purple,firebomb,heal,Green,snipe,speed
Purple,firebomb,heal,Green,snipe,wall
Purple,firebomb,heal,Green,freeze,heal
Purple,firebomb,heal,Green,freeze,reinforcements
Purple,firebomb,heal,Green,freeze,speed
Purple,firebomb,heal,Green,freeze,wall
Purple,firebomb,heal,Orange,nuke,heal
Purple,firebomb,heal,Orange,nuke,reinforcements
Purple,firebomb,heal,Orange,nuke,speed
Purple,firebomb,heal,Orange,nuke,wall
Purple,firebomb,heal,Orange,firebomb,heal
Purple,firebomb,heal,Orange,firebomb,reinforcements
Purple,firebomb,heal,Orange,firebomb,speed
Purple,firebomb,heal,Orange,firebomb,wall
Purple,firebomb,heal,Orange,snipe,heal
Purple,firebomb,heal,Orange,snipe,reinforcements
Purple,firebomb,heal,Orange,snipe,speed
Purple,firebomb,heal,Orange,snipe,wall
Purple,firebomb,heal,Orange,freeze,heal
Purple,firebomb,heal,Orange,freeze,reinforcements
Purple,firebomb,heal,Orange,freeze,speed
Purple,firebomb,heal,Orange,freeze,wall
Purple,firebomb,heal,Purple,nuke,heal
Purple,firebomb,heal,Purple,nuke,reinforcements
Purple,firebomb,heal,Purple,nuke,speed
Purple,firebomb,heal,Purple,nuke,wall
Purple,firebomb,heal,Purple,firebomb,heal
Purple,firebomb,heal,Purple,firebomb,reinforcements
Purple,firebomb,heal,Purple,firebomb,speed
Purple,firebomb,heal,Purple,firebomb,wall
Purple,firebomb,heal,Purple,snipe,heal
Purple,firebomb,heal,Purple,snipe,reinforcements
Purple,firebomb,heal,Purple,snipe,speed
Purple,firebomb,heal,Purple,snipe,wall
Purple,firebomb,heal,Purple,freeze,heal
Purple,firebomb,heal,Purple,freeze,reinforcements
Purple,firebomb,heal,Purple,freeze,speed
Purple,firebomb,heal,Purple,freeze,wall
Purple,firebomb,heal,Red,nuke,heal
Purple,firebomb,heal,Red,nuke,reinforcements
Purple,firebomb,heal,Red,nuke,speed
Purple,firebomb,heal,Red,nuke,wall
Purple,firebomb,heal,Red,firebomb,heal
Purple,firebomb,heal,Red,firebomb,reinforcements
Purple,firebomb,heal,Red,firebomb,speed
Purple,firebomb,heal,Red,firebomb,wall
Purple,firebomb,heal,Red,snipe,heal
Purple,firebomb,heal,Red,snipe,reinforcements
Purple,firebomb,heal,Red,snipe,speed
Purple,firebomb,heal,Red,snipe,wall
Purple,firebomb,heal,Red,freeze,heal
Purple,firebomb,heal,Red,freeze,reinforcements
Purple,firebomb,heal,Red,freeze,speed
Purple,firebomb,heal,Red,freeze,wall
Purple,firebomb,heal,White,nuke,heal
Purple,firebomb,heal,White,nuke,reinforcements
Purple,firebomb,heal,White,nuke,speed
Purple,firebomb,heal,White,nuke,wall
Purple,firebomb,heal,White,firebomb,heal
Purple,firebomb,heal,White,firebomb,reinforcements
Purple,firebomb,heal,White,firebomb,speed
Purple,firebomb,heal,White,firebomb,wall
Purple,firebomb,heal,White,snipe,heal
Purple,firebomb,heal,White,snipe,reinforcements
Purple,firebomb,heal,White,snipe,speed
Purple,firebomb,heal,White,snipe,wall
Purple,firebomb,heal,White,freeze,heal
Purple,firebomb,heal,White,freeze,reinforcements
Purple,firebomb,heal,White,freeze,speed
Purple,firebomb,heal,White,freeze,wall
Purple,firebomb,heal,Yellow,nuke,heal
Purple,firebomb,heal,Yellow,nuke,reinforcements
Purple,firebomb,heal,Yellow,nuke,speed
Purple,firebomb,heal,Yellow,nuke,wall
Purple,firebomb,heal,Yellow,firebomb,heal
Purple,firebomb,heal,Yellow,firebomb,reinforcements
Purple,firebomb,heal,Yellow,firebomb,speed
Purple,firebomb,heal,Yellow,firebomb,wall
Purple,firebomb,heal,Yellow,snipe,heal
Purple,firebomb,heal,Yellow,snipe,reinforcements
Purple,firebomb,heal,Yellow,snipe,speed
Purple,firebomb,heal,Yellow,snipe,wall
Purple,firebomb,heal,Yellow,freeze,heal
Purple,firebomb,heal,Yellow,freeze,reinforcements
Purple,firebomb,heal,Yellow,freeze,speed
Purple,firebomb,heal,Yellow,freeze,wall
Purple,firebomb,reinforcements,Black,nuke,heal
Purple,firebomb,reinforcements,Black,nuke,reinforcements
Purple,firebomb,reinforcements,Black,nuke,speed
Purple,firebomb,reinforcements,Black,nuke,wall
Purple,firebomb,reinforcements,Black,firebomb,heal
Purple,firebomb,reinforcements,Black,firebomb,reinforcements
Purple,firebomb,reinforcements,Black,firebomb,speed
Purple,firebomb,reinforcements,Black,firebomb,wall
Purple,firebomb,reinforcements,Black,snipe,heal
Purple,firebomb,reinforcements,Black,snipe,reinforcements
Purple,firebomb,reinforcements,Black,snipe,speed
Purple,firebomb,reinforcements,Black,snipe,wall
Purple,firebomb,reinforcements,Black,freeze,heal
Purple,firebomb,reinforcements,Black,freeze,reinforcements
Purple,firebomb,reinforcements,Black,freeze,speed
Purple,firebomb,reinforcements,Black,freeze,wall
Purple,firebomb,reinforcements,Blue,nuke,heal
Purple,firebomb,reinforcements,Blue,nuke,reinforcements
Purple,firebomb,reinforcements,Blue,nuke,speed
Purple,firebomb,reinforcements,Blue,nuke,wall
Purple,firebomb,reinforcements,Blue,firebomb,heal
Purple,firebomb,reinforcements,Blue,firebomb,reinforcements
Purple,firebomb,reinforcements,Blue,firebomb,speed
Purple,firebomb,reinforcements,Blue,firebomb,wall
Purple,firebomb,reinforcements,Blue,snipe,heal
Purple,firebomb,reinforcements,Blue,snipe,reinforcements
Purple,firebomb,reinforcements,Blue,snipe,speed
Purple,firebomb,reinforcements,Blue,snipe,wall
Purple,firebomb,reinforcements,Blue,freeze,heal
Purple,firebomb,reinforcements,Blue,freeze,reinforcements
Purple,firebomb,reinforcements,Blue,freeze,speed
Purple,firebomb,reinforcements,Blue,freeze,wall
Purple,firebomb,reinforcements,Green,nuke,heal
Purple,firebomb,reinforcements,Green,nuke,reinforcements
Purple,firebomb,reinforcements,Green,nuke,speed
Purple,firebomb,reinforcements,Green,nuke,wall
Purple,firebomb,reinforcements,Green,firebomb,heal
Purple,firebomb,reinforcements,Green,firebomb,reinforcements
Purple,firebomb,reinforcements,Green,firebomb,speed
Purple,firebomb,reinforcements,Green,firebomb,wall
Purple,firebomb,reinforcements,Green,snipe,heal
Purple,firebomb,reinforcements,Green,snipe,reinforcements
Purple,firebomb,reinforcements,Green,snipe,speed
Purple,firebomb,reinforcements,Green,snipe,wall
Purple,firebomb,reinforcements,Green,freeze,heal
Purple,firebomb,reinforcements,Green,freeze,reinforcements
Purple,firebomb,reinforcements,Green,freeze,speed
Purple,firebomb,reinforcements,Green,freeze,wall
Purple,firebomb,reinforcements,Orange,nuke,heal
Purple,firebomb,reinforcements,Orange,nuke,reinforcements
Purple,firebomb,reinforcements,Orange,nuke,speed
Purple,firebomb,reinforcements,Orange,nuke,wall
Purple,firebomb,reinforcements,Orange,firebomb,heal
Purple,firebomb,reinforcements,Orange,firebomb,reinforcements
Purple,firebomb,reinforcements,Orange,firebomb,speed
Purple,firebomb,reinforcements,Orange,firebomb,wall
Purple,firebomb,reinforcements,Orange,snipe,heal
Purple,firebomb,reinforcements,Orange,snipe,reinforcements
Purple,firebomb,reinforcements,Orange,snipe,speed
Purple,firebomb,reinforcements,Orange,snipe,wall
Purple,firebomb,reinforcements,Orange,freeze,heal
Purple,firebomb,reinforcements,Orange,freeze,reinforcements
Purple,firebomb,reinforcements,Orange,freeze,speed
Purple,firebomb,reinforcements,Orange,freeze,wall
Purple,firebomb,reinforcements,Purple,nuke,heal
Purple,firebomb,reinforcements,Purple,nuke,reinforcements
Purple,firebomb,reinforcements,Purple,nuke,speed
Purple,firebomb,reinforcements,Purple,nuke,wall
Purple,firebomb,reinforcements,Purple,firebomb,heal
Purple,firebomb,reinforcements,Purple,firebomb,reinforcements
Purple,firebomb,reinforcements,Purple,firebomb,speed
Purple,firebomb,reinforcements,Purple,firebomb,wall
Purple,firebomb,reinforcements,Purple,snipe,heal
Purple,firebomb,reinforcements,Purple,snipe,reinforcements
Purple,firebomb,reinforcements,Purple,snipe,speed
Purple,firebomb,reinforcements,Purple,snipe,wall
Purple,firebomb,reinforcements,Purple,freeze,heal
Purple,firebomb,reinforcements,Purple,freeze,reinforcements
Purple,firebomb,reinforcements,Purple,freeze,speed
Purple,firebomb,reinforcements,Purple,freeze,wall
Purple,firebomb,reinforcements,Red,nuke,heal
Purple,firebomb,reinforcements,Red,nuke,reinforcements
Purple,firebomb,reinforcements,Red,nuke,speed
Purple,firebomb,reinforcements,Red,nuke,wall
Purple,firebomb,reinforcements,Red,firebomb,heal
Purple,firebomb,reinforcements,Red,firebomb,reinforcements
Purple,firebomb,reinforcements,Red,firebomb,speed
Purple,firebomb,reinforcements,Red,firebomb,wall
Purple,firebomb,reinforcements,Red,snipe,heal
Purple,firebomb,reinforcements,Red,snipe,reinforcements
Purple,firebomb,reinforcements,Red,snipe,speed
Purple,firebomb,reinforcements,Red,snipe,wall
Purple,firebomb,reinforcements,Red,freeze,heal
Purple,firebomb,reinforcements,Red,freeze,reinforcements
Purple,firebomb,reinforcements,Red,freeze,speed
Purple,firebomb,reinforcements,Red,freeze,wall
Purple,firebomb,reinforcements,White,nuke,heal
Purple,firebomb,reinforcements,White,nuke,reinforcements
Purple,firebomb,reinforcements,White,nuke,speed
Purple,firebomb,reinforcements,White,nuke,wall
Purple,firebomb,reinforcements,White,firebomb,heal
Purple,firebomb,reinforcements,White,firebomb,reinforcements
Purple,firebomb,reinforcements,White,firebomb,speed
Purple,firebomb,reinforcements,White,firebomb,wall
Purple,firebomb,reinforcements,White,snipe,heal
Purple,firebomb,reinforcements,White,snipe,reinforcements
Purple,firebomb,reinforcements,White,snipe,speed
Purple,firebomb,reinforcements,White,snipe,wall
Purple,firebomb,reinforcements,White,freeze,heal
Purple,firebomb,reinforcements,White,freeze,reinforcements
Purple,firebomb,reinforcements,White,freeze,speed
Purple,firebomb,reinforcements,White,freeze,wall
Purple,firebomb,reinforcements,Yellow,nuke,heal
Purple,firebomb,reinforcements,Yellow,nuke,reinforcements
Purple,firebomb,reinforcements,Yellow,nuke,speed
Purple,firebomb,reinforcements,Yellow,nuke,wall
Purple,firebomb,reinforcements,Yellow,firebomb,heal
Purple,firebomb,reinforcements,Yellow,firebomb,reinforcements
Purple,firebomb,reinforcements,Yellow,firebomb,speed
Purple,firebomb,reinforcements,Yellow,firebomb,wall
Purple,firebomb,reinforcements,Yellow,snipe,heal
Purple,firebomb,reinforcements,Yellow,snipe,reinforcements
Purple,firebomb,reinforcements,Yellow,snipe,speed
Purple,firebomb,reinforcements,Yellow,snipe,wall
Purple,firebomb,reinforcements,Yellow,freeze,heal
Purple,firebomb,reinforcements,Yellow,freeze,reinforcements
Purple,firebomb,reinforcements,Yellow,freeze,speed
Purple,firebomb,reinforcements,Yellow,freeze,wall
Purple,firebomb,speed,Black,nuke,heal
Purple,firebomb,speed,Black,nuke,reinforcements
Purple,firebomb,speed,Black,nuke,speed
Purple,firebomb,speed,Black,nuke,wall
Purple,firebomb,speed,Black,firebomb,heal
Purple,firebomb,speed,Black,firebomb,reinforcements
Purple,firebomb,speed,Black,firebomb,speed
Purple,firebomb,speed,Black,firebomb,wall
Purple,firebomb,speed,Black,snipe,heal
Purple,firebomb,speed,Black,snipe,reinforcements
Purple,firebomb,speed,Black,snipe,speed
Purple,firebomb,speed,Black,snipe,wall
Purple,firebomb,speed,Black,freeze,heal
Purple,firebomb,speed,Black,freeze,reinforcements
Purple,firebomb,speed,Black,freeze,speed
Purple,firebomb,speed,Black,freeze,wall
Purple,firebomb,speed,Blue,nuke,heal
Purple,firebomb,speed,Blue,nuke,reinforcements
Purple,firebomb,speed,Blue,nuke,speed
Purple,firebomb,speed,Blue,nuke,wall
Purple,firebomb,speed,Blue,firebomb,heal
Purple,firebomb,speed,Blue,firebomb,reinforcements
Purple,firebomb,speed,Blue,firebomb,speed
Purple,firebomb,speed,Blue,firebomb,wall
Purple,firebomb,speed,Blue,snipe,heal
Purple,firebomb,speed,Blue,snipe,reinforcements
Purple,firebomb,speed,Blue,snipe,speed
Purple,firebomb,speed,Blue,snipe,wall
Purple,firebomb,speed,Blue,freeze,heal
Purple,firebomb,speed,Blue,freeze,reinforcements
Purple,firebomb,speed,Blue,freeze,speed
Purple,firebomb,speed,Blue,freeze,wall
Purple,firebomb,speed,Green,nuke,heal
Purple,firebomb,speed,Green,nuke,reinforcements
Purple,firebomb,speed,Green,nuke,speed
Purple,firebomb,speed,Green,nuke,wall
Purple,firebomb,speed,Green,firebomb,heal
Purple,firebomb,speed,Green,firebomb,reinforcements
Purple,firebomb,speed,Green,firebomb,speed
Purple,firebomb,speed,Green,firebomb,wall
Purple,firebomb,speed,Green,snipe,heal
Purple,firebomb,speed,Green,snipe,reinforcements
Purple,firebomb,speed,Green,snipe,speed
Purple,firebomb,speed,Green,snipe,wall
Purple,firebomb,speed,Green,freeze,heal
Purple,firebomb,speed,Green,freeze,reinforcements
Purple,firebomb,speed,Green,freeze,speed
Purple,firebomb,speed,Green,freeze,wall
Purple,firebomb,speed,Orange,nuke,heal
Purple,firebomb,speed,Orange,nuke,reinforcements
Purple,firebomb,speed,Orange,nuke,speed
Purple,firebomb,speed,Orange,nuke,wall
Purple,firebomb,speed,Orange,firebomb,heal
Purple,firebomb,speed,Orange,firebomb,reinforcements
Purple,firebomb,speed,Orange,firebomb,speed
Purple,firebomb,speed,Orange,firebomb,wall
Purple,firebomb,speed,Orange,snipe,heal
Purple,firebomb,speed,Orange,snipe,reinforcements
Purple,firebomb,speed,Orange,snipe,speed
Purple,firebomb,speed,Orange,snipe,wall
Purple,firebomb,speed,Orange,freeze,heal
Purple,firebomb,speed,Orange,freeze,reinforcements
Purple,firebomb,speed,Orange,freeze,speed
Purple,firebomb,speed,Orange,freeze,wall
Purple,firebomb,speed,Purple,nuke,heal
Purple,firebomb,speed,Purple,nuke,reinforcements
Purple,firebomb,speed,Purple,nuke,speed
Purple,firebomb,speed,Purple,nuke,wall
Purple,firebomb,speed,Purple,firebomb,heal
Purple,firebomb,speed,Purple,firebomb,reinforcements
Purple,firebomb,speed,Purple,firebomb,speed
Purple,firebomb,speed,Purple,firebomb,wall
Purple,firebomb,speed,Purple,snipe,heal
Purple,firebomb,speed,Purple,snipe,reinforcements
Purple,firebomb,speed,Purple,snipe,speed
Purple,firebomb,speed,Purple,snipe,wall
Purple,firebomb,speed,Purple,freeze,heal
Purple,firebomb,speed,Purple,freeze,reinforcements
Purple,firebomb,speed,Purple,freeze,speed
Purple,firebomb,speed,Purple,freeze,wall
Purple,firebomb,speed,Red,nuke,heal
Purple,firebomb,speed,Red,nuke,reinforcements
Purple,firebomb,speed,Red,nuke,speed
Purple,firebomb,speed,Red,nuke,wall
Purple,firebomb,speed,Red,firebomb,heal
Purple,firebomb,speed,Red,firebomb,reinforcements
Purple,firebomb,speed,Red,firebomb,speed
Purple,firebomb,speed,Red,firebomb,wall
Purple,firebomb,speed,Red,snipe,heal
Purple,firebomb,speed,Red,snipe,reinforcements
Purple,firebomb,speed,Red,snipe,speed
Purple,firebomb,speed,Red,snipe,wall
Purple,firebomb,speed,Red,freeze,heal
Purple,firebomb,speed,Red,freeze,reinforcements
Purple,firebomb,speed,Red,freeze,speed
Purple,firebomb,speed,Red,freeze,wall
Purple,firebomb,speed,White,nuke,heal
Purple,firebomb,speed,White,nuke,reinforcements
Purple,firebomb,speed,White,nuke,speed
Purple,firebomb,speed,White,nuke,wall
Purple,firebomb,speed,White,firebomb,heal
Purple,firebomb,speed,White,firebomb,reinforcements
Purple,firebomb,speed,White,firebomb,speed
Purple,firebomb,speed,White,firebomb,wall
Purple,firebomb,speed,White,snipe,heal
Purple,firebomb,speed,White,snipe,reinforcements
Purple,firebomb,speed,White,snipe,speed
Purple,firebomb,speed,White,snipe,wall
Purple,firebomb,speed,White,freeze,heal
Purple,firebomb,speed,White,freeze,reinforcements
Purple,firebomb,speed,White,freeze,speed
Purple,firebomb,speed,White,freeze,wall
Purple,firebomb,speed,Yellow,nuke,heal
Purple,firebomb,speed,Yellow,nuke,reinforcements
Purple,firebomb,speed,Yellow,nuke,speed
Purple,firebomb,speed,Yellow,nuke,wall
Purple,firebomb,speed,Yellow,firebomb,heal
Purple,firebomb,speed,Yellow,firebomb,reinforcements
Purple,firebomb,speed,Yellow,firebomb,speed
Purple,firebomb,speed,Yellow,firebomb,wall
Purple,firebomb,speed,Yellow,snipe,heal
Purple,firebomb,speed,Yellow,snipe,reinforcements
Purple,firebomb,speed,Yellow,snipe,speed
Purple,firebomb,speed,Yellow,snipe,wall
Purple,firebomb,speed,Yellow,freeze,heal
Purple,firebomb,speed,Yellow,freeze,reinforcements
Purple,firebomb,speed,Yellow,freeze,speed
Purple,firebomb,speed,Yellow,freeze,wall
Purple,firebomb,wall,Black,nuke,heal
Purple,firebomb,wall,Black,nuke,reinforcements
Purple,firebomb,wall,Black,nuke,speed
Purple,firebomb,wall,Black,nuke,wall
Purple,firebomb,wall,Black,firebomb,heal
Purple,firebomb,wall,Black,firebomb,reinforcements
Purple,firebomb,wall,Black,firebomb,speed
Purple,firebomb,wall,Black,firebomb,wall
Purple,firebomb,wall,Black,snipe,heal
Purple,firebomb,wall,Black,snipe,reinforcements
Purple,firebomb,wall,Black,snipe,speed
Purple,firebomb,wall,Black,snipe,wall
Purple,firebomb,wall,Black,freeze,heal
Purple,firebomb,wall,Black,freeze,reinforcements
Purple,firebomb,wall,Black,freeze,speed
Purple,firebomb,wall,Black,freeze,wall
Purple,firebomb,wall,Blue,nuke,heal
Purple,firebomb,wall,Blue,nuke,reinforcements
Purple,firebomb,wall,Blue,nuke,speed
Purple,firebomb,wall,Blue,nuke,wall
Purple,firebomb,wall,Blue,firebomb,heal
Purple,firebomb,wall,Blue,firebomb,reinforcements
Purple,firebomb,wall,Blue,firebomb,speed
Purple,firebomb,wall,Blue,firebomb,wall
Purple,firebomb,wall,Blue,snipe,heal
Purple,firebomb,wall,Blue,snipe,reinforcements
Purple,firebomb,wall,Blue,snipe,speed
Purple,firebomb,wall,Blue,snipe,wall
Purple,firebomb,wall,Blue,freeze,heal
Purple,firebomb,wall,Blue,freeze,reinforcements
Purple,firebomb,wall,Blue,freeze,speed
Purple,firebomb,wall,Blue,freeze,wall
Purple,firebomb,wall,Green,nuke,heal
Purple,firebomb,wall,Green,nuke,reinforcements
Purple,firebomb,wall,Green,nuke,speed
Purple,firebomb,wall,Green,nuke,wall
Purple,firebomb,wall,Green,firebomb,heal
Purple,firebomb,wall,Green,firebomb,reinforcements
Purple,firebomb,wall,Green,firebomb,speed
Purple,firebomb,wall,Green,firebomb,wall
Purple,firebomb,wall,Green,snipe,heal
Purple,firebomb,wall,Green,snipe,reinforcements
Purple,firebomb,wall,Green,snipe,speed
Purple,firebomb,wall,Green,snipe,wall
Purple,firebomb,wall,Green,freeze,heal
Purple,firebomb,wall,Green,freeze,reinforcements
Purple,firebomb,wall,Green,freeze,speed
Purple,firebomb,wall,Green,freeze,wall
Purple,firebomb,wall,Orange,nuke,heal
Purple,firebomb,wall,Orange,nuke,reinforcements
Purple,firebomb,wall,Orange,nuke,speed
Purple,firebomb,wall,Orange,nuke,wall
Purple,firebomb,wall,Orange,firebomb,heal
Purple,firebomb,wall,Orange,firebomb,reinforcements
Purple,firebomb,wall,Orange,firebomb,speed
Purple,firebomb,wall,Orange,firebomb,wall
Purple,firebomb,wall,Orange,snipe,heal
Purple,firebomb,wall,Orange,snipe,reinforcements
Purple,firebomb,wall,Orange,snipe,speed
Purple,firebomb,wall,Orange,snipe,wall
Purple,firebomb,wall,Orange,freeze,heal
Purple,firebomb,wall,Orange,freeze,reinforcements
Purple,firebomb,wall,Orange,freeze,speed
Purple,firebomb,wall,Orange,freeze,wall
Purple,firebomb,wall,Purple,nuke,heal
Purple,firebomb,wall,Purple,nuke,reinforcements
Purple,firebomb,wall,Purple,nuke,speed
Purple,firebomb,wall,Purple,nuke,wall
Purple,firebomb,wall,Purple,firebomb,heal
Purple,firebomb,wall,Purple,firebomb,reinforcements
Purple,firebomb,wall,Purple,firebomb,speed
Purple,firebomb,wall,Purple,firebomb,wall
Purple,firebomb,wall,Purple,snipe,heal
Purple,firebomb,wall,Purple,snipe,reinforcements
Purple,firebomb,wall,Purple,snipe,speed
Purple,firebomb,wall,Purple,snipe,wall
Purple,firebomb,wall,Purple,freeze,heal
Purple,firebomb,wall,Purple,freeze,reinforcements
Purple,firebomb,wall,Purple,freeze,speed
Purple,firebomb,wall,Purple,freeze,wall
Purple,firebomb,wall,Red,nuke,heal
Purple,firebomb,wall,Red,nuke,reinforcements
Purple,firebomb,wall,Red,nuke,speed
Purple,firebomb,wall,Red,nuke,wall
Purple,firebomb,wall,Red,firebomb,heal
Purple,firebomb,wall,Red,firebomb,reinforcements
Purple,firebomb,wall,Red,firebomb,speed
Purple,firebomb,wall,Red,firebomb,wall
Purple,firebomb,wall,Red,snipe,heal
Purple,firebomb,wall,Red,snipe,reinforcements
Purple,firebomb,wall,Red,snipe,speed
Purple,firebomb,wall,Red,snipe,wall
Purple,firebomb,wall,Red,freeze,heal
Purple,firebomb,wall,Red,freeze,reinforcements
Purple,firebomb,wall,Red,freeze,speed
Purple,firebomb,wall,Red,freeze,wall
Purple,firebomb,wall,White,nuke,heal
Purple,firebomb,wall,White,nuke,reinforcements
Purple,firebomb,wall,White,nuke,speed
Purple,firebomb,wall,White,nuke,wall
Purple,firebomb,wall,White,firebomb,heal
Purple,firebomb,wall,White,firebomb,reinforcements
Purple,firebomb,wall,White,firebomb,speed
Purple,firebomb,wall,White,firebomb,wall
Purple,firebomb,wall,White,snipe,heal
Purple,firebomb,wall,White,snipe,reinforcements
Purple,firebomb,wall,White,snipe,speed
Purple,firebomb,wall,White,snipe,wall
Purple,firebomb,wall,White,freeze,heal
Purple,firebomb,wall,White,freeze,reinforcements
Purple,firebomb,wall,White,freeze,speed
Purple,firebomb,wall,White,freeze,wall
Purple,firebomb,wall,Yellow,nuke,heal
Purple,firebomb,wall,Yellow,nuke,reinforcements
Purple,firebomb,wall,Yellow,nuke,speed
Purple,firebomb,wall,Yellow,nuke,wall
Purple,firebomb,wall,Yellow,firebomb,heal
Purple,firebomb,wall,Yellow,firebomb,reinforcements
Purple,firebomb,wall,Yellow,firebomb,speed
Purple,firebomb,wall,Yellow,firebomb,wall
Purple,firebomb,wall,Yellow,snipe,heal
Purple,firebomb,wall,Yellow,snipe,reinforcements
Purple,firebomb,wall,Yellow,snipe,speed
Purple,firebomb,wall,Yellow,snipe,wall
Purple,firebomb,wall,Yellow,freeze,heal
Purple,firebomb,wall,Yellow,freeze,reinforcements
Purple,firebomb,wall,Yellow,freeze,speed
Purple,firebomb,wall,Yellow,freeze,wall
Purple,snipe,heal,Black,nuke,heal
Purple,snipe,heal,Black,nuke,reinforcements
Purple,snipe,heal,Black,nuke,speed
Purple,snipe,heal,Black,nuke,wall
Purple,snipe,heal,Black,firebomb,heal
Purple,snipe,heal,Black,firebomb,reinforcements
Purple,snipe,heal,Black,firebomb,speed
Purple,snipe,heal,Black,firebomb,wall
Purple,snipe,heal,Black,snipe,heal
Purple,snipe,heal,Black,snipe,reinforcements
Purple,snipe,heal,Black,snipe,speed
Purple,snipe,heal,Black,snipe,wall
Purple,snipe,heal,Black,freeze,heal
Purple,snipe,heal,Black,freeze,reinforcements
Purple,snipe,heal,Black,freeze,speed
Purple,snipe,heal,Black,freeze,wall
Purple,snipe,heal,Blue,nuke,heal
Purple,snipe,heal,Blue,nuke,reinforcements
Purple,snipe,heal,Blue,nuke,speed
Purple,snipe,heal,Blue,nuke,wall
Purple,snipe,heal,Blue,firebomb,heal
Purple,snipe,heal,Blue,firebomb,reinforcements
Purple,snipe,heal,Blue,firebomb,speed
Purple,snipe,heal,Blue,firebomb,wall
Purple,snipe,heal,Blue,snipe,heal
Purple,snipe,heal,Blue,snipe,reinforcements
Purple,snipe,heal,Blue,snipe,speed
Purple,snipe,heal,Blue,snipe,wall
Purple,snipe,heal,Blue,freeze,heal
Purple,snipe,heal,Blue,freeze,reinforcements
Purple,snipe,heal,Blue,freeze,speed
Purple,snipe,heal,Blue,freeze,wall
Purple,snipe,heal,Green,nuke,heal
Purple,snipe,heal,Green,nuke,reinforcements
Purple,snipe,heal,Green,nuke,speed
Purple,snipe,heal,Green,nuke,wall
Purple,snipe,heal,Green,firebomb,heal
Purple,snipe,heal,Green,firebomb,reinforcements
Purple,snipe,heal,Green,firebomb,speed
Purple,snipe,heal,Green,firebomb,wall
Purple,snipe,heal,Green,snipe,heal
Purple,snipe,heal,Green,snipe,reinforcements
Purple,snipe,heal,Green,snipe,speed
Purple,snipe,heal,Green,snipe,wall
Purple,snipe,heal,Green,freeze,heal
Purple,snipe,heal,Green,freeze,reinforcements
Purple,snipe,heal,Green,freeze,speed
Purple,snipe,heal,Green,freeze,wall
Purple,snipe,heal,Orange,nuke,heal
Purple,snipe,heal,Orange,nuke,reinforcements
Purple,snipe,heal,Orange,nuke,speed
Purple,snipe,heal,Orange,nuke,wall
Purple,snipe,heal,Orange,firebomb,heal
Purple,snipe,heal,Orange,firebomb,reinforcements
Purple,snipe,heal,Orange,firebomb,speed
Purple,snipe,heal,Orange,firebomb,wall
Purple,snipe,heal,Orange,snipe,heal
Purple,snipe,heal,Orange,snipe,reinforcements
Purple,snipe,heal,Orange,snipe,speed
Purple,snipe,heal,Orange,snipe,wall
Purple,snipe,heal,Orange,freeze,heal
Purple,snipe,heal,Orange,freeze,reinforcements
Purple,snipe,heal,Orange,freeze,speed
Purple,snipe,heal,Orange,freeze,wall
Purple,snipe,heal,Purple,nuke,heal
Purple,snipe,heal,Purple,nuke,reinforcements
Purple,snipe,heal,Purple,nuke,speed
Purple,snipe,heal,Purple,nuke,wall
Purple,snipe,heal,Purple,firebomb,heal
Purple,snipe,heal,Purple,firebomb,reinforcements
Purple,snipe,heal,Purple,firebomb,speed
Purple,snipe,heal,Purple,firebomb,wall
Purple,snipe,heal,Purple,snipe,heal
Purple,snipe,heal,Purple,snipe,reinforcements
Purple,snipe,heal,Purple,snipe,speed
Purple,snipe,heal,Purple,snipe,wall
Purple,snipe,heal,Purple,freeze,heal
Purple,snipe,heal,Purple,freeze,reinforcements
Purple,snipe,heal,Purple,freeze,speed
Purple,snipe,heal,Purple,freeze,wall
Purple,snipe,heal,Red,nuke,heal
Purple,snipe,heal,Red,nuke,reinforcements
Purple,snipe,heal,Red,nuke,speed
Purple,snipe,heal,Red,nuke,wall
Purple,snipe,heal,Red,firebomb,heal
Purple,snipe,heal,Red,firebomb,reinforcements
Purple,snipe,heal,Red,firebomb,speed
Purple,snipe,heal,Red,firebomb,wall
Purple,snipe,heal,Red,snipe,heal
Purple,snipe,heal,Red,snipe,reinforcements
Purple,snipe,heal,Red,snipe,speed
Purple,snipe,heal,Red,snipe,wall
Purple,snipe,heal,Red,freeze,heal
Purple,snipe,heal,Red,freeze,reinforcements
Purple,snipe,heal,Red,freeze,speed
Purple,snipe,heal,Red,freeze,wall
Purple,snipe,heal,White,nuke,heal
Purple,snipe,heal,White,nuke,reinforcements
Purple,snipe,heal,White,nuke,speed
Purple,snipe,heal,White,nuke,wall
Purple,snipe,heal,White,firebomb,heal
Purple,snipe,heal,White,firebomb,reinforcements
Purple,snipe,heal,White,firebomb,speed
Purple,snipe,heal,White,firebomb,wall
Purple,snipe,heal,White,snipe,heal
Purple,snipe,heal,White,snipe,reinforcements
Purple,snipe,heal,White,snipe,speed
Purple,snipe,heal,White,snipe,wall
Purple,snipe,heal,White,freeze,heal
Purple,snipe,heal,White,freeze,reinforcements
Purple,snipe,heal,White,freeze,speed
Purple,snipe,heal,White,freeze,wall
Purple,snipe,heal,Yellow,nuke,heal
Purple,snipe,heal,Yellow,nuke,reinforcements
Purple,snipe,heal,Yellow,nuke,speed
Purple,snipe,heal,Yellow,nuke,wall
Purple,snipe,heal,Yellow,firebomb,heal
Purple,snipe,heal,Yellow,firebomb,reinforcements
Purple,snipe,heal,Yellow,firebomb,speed
Purple,snipe,heal,Yellow,firebomb,wall
Purple,snipe,heal,Yellow,snipe,heal
Purple,snipe,heal,Yellow,snipe,reinforcements
Purple,snipe,heal,Yellow,snipe,speed
Purple,snipe,heal,Yellow,snipe,wall
Purple,snipe,heal,Yellow,freeze,heal
Purple,snipe,heal,Yellow,freeze,reinforcements
Purple,snipe,heal,Yellow,freeze,speed
Purple,snipe,heal,Yellow,freeze,wall
Purple,snipe,reinforcements,Black,nuke,heal
Purple,snipe,reinforcements,Black,nuke,reinforcements
Purple,snipe,reinforcements,Black,nuke,speed
Purple,snipe,reinforcements,Black,nuke,wall
Purple,snipe,reinforcements,Black,firebomb,heal
Purple,snipe,reinforcements,Black,firebomb,reinforcements
Purple,snipe,reinforcements,Black,firebomb,speed
Purple,snipe,reinforcements,Black,firebomb,wall
Purple,snipe,reinforcements,Black,snipe,heal
Purple,snipe,reinforcements,Black,snipe,reinforcements
Purple,snipe,reinforcements,Black,snipe,speed
Purple,snipe,reinforcements,Black,snipe,wall
Purple,snipe,reinforcements,Black,freeze,heal
Purple,snipe,reinforcements,Black,freeze,reinforcements
Purple,snipe,reinforcements,Black,freeze,speed
Purple,snipe,reinforcements,Black,freeze,wall
Purple,snipe,reinforcements,Blue,nuke,heal
Purple,snipe,reinforcements,Blue,nuke,reinforcements
Purple,snipe,reinforcements,Blue,nuke,speed
Purple,snipe,reinforcements,Blue,nuke,wall
Purple,snipe,reinforcements,Blue,firebomb,heal
Purple,snipe,reinforcements,Blue,firebomb,reinforcements
Purple,snipe,reinforcements,Blue,firebomb,speed
Purple,snipe,reinforcements,Blue,firebomb,wall
Purple,snipe,reinforcements,Blue,snipe,heal
Purple,snipe,reinforcements,Blue,snipe,reinforcements
Purple,snipe,reinforcements,Blue,snipe,speed
Purple,snipe,reinforcements,Blue,snipe,wall
Purple,snipe,reinforcements,Blue,freeze,heal
Purple,snipe,reinforcements,Blue,freeze,reinforcements
Purple,snipe,reinforcements,Blue,freeze,speed
Purple,snipe,reinforcements,Blue,freeze,wall
Purple,snipe,reinforcements,Green,nuke,heal
Purple,snipe,reinforcements,Green,nuke,reinforcements
Purple,snipe,reinforcements,Green,nuke,speed
Purple,snipe,reinforcements,Green,nuke,wall
Purple,snipe,reinforcements,Green,firebomb,heal
Purple,snipe,reinforcements,Green,firebomb,reinforcements
Purple,snipe,reinforcements,Green,firebomb,speed
Purple,snipe,reinforcements,Green,firebomb,wall
Purple,snipe,reinforcements,Green,snipe,heal
Purple,snipe,reinforcements,Green,snipe,reinforcements
Purple,snipe,reinforcements,Green,snipe,speed
Purple,snipe,reinforcements,Green,snipe,wall
Purple,snipe,reinforcements,Green,freeze,heal
Purple,snipe,reinforcements,Green,freeze,reinforcements
Purple,snipe,reinforcements,Green,freeze,speed
Purple,snipe,reinforcements,Green,freeze,wall
Purple,snipe,reinforcements,Orange,nuke,heal
Purple,snipe,reinforcements,Orange,nuke,reinforcements
Purple,snipe,reinforcements,Orange,nuke,speed
Purple,snipe,reinforcements,Orange,nuke,wall
Purple,snipe,reinforcements,Orange,firebomb,heal
Purple,snipe,reinforcements,Orange,firebomb,reinforcements
Purple,snipe,reinforcements,Orange,firebomb,speed
Purple,snipe,reinforcements,Orange,firebomb,wall
Purple,snipe,reinforcements,Orange,snipe,heal
Purple,snipe,reinforcements,Orange,snipe,reinforcements
Purple,snipe,reinforcements,Orange,snipe,speed
Purple,snipe,reinforcements,Orange,snipe,wall
Purple,snipe,reinforcements,Orange,freeze,heal
Purple,snipe,reinforcements,Orange,freeze,reinforcements
Purple,snipe,reinforcements,Orange,freeze,speed
Purple,snipe,reinforcements,Orange,freeze,wall
Purple,snipe,reinforcements,Purple,nuke,heal
Purple,snipe,reinforcements,Purple,nuke,reinforcements
Purple,snipe,reinforcements,Purple,nuke,speed
Purple,snipe,reinforcements,Purple,nuke,wall
Purple,snipe,reinforcements,Purple,firebomb,heal
Purple,snipe,reinforcements,Purple,firebomb,reinforcements
Purple,snipe,reinforcements,Purple,firebomb,speed
Purple,snipe,reinforcements,Purple,firebomb,wall
Purple,snipe,reinforcements,Purple,snipe,heal
Purple,snipe,reinforcements,Purple,snipe,reinforcements
Purple,snipe,reinforcements,Purple,snipe,speed
Purple,snipe,reinforcements,Purple,snipe,wall
Purple,snipe,reinforcements,Purple,freeze,heal
Purple,snipe,reinforcements,Purple,freeze,reinforcements
Purple,snipe,reinforcements,Purple,freeze,speed
Purple,snipe,reinforcements,Purple,freeze,wall
Purple,snipe,reinforcements,Red,nuke,heal
Purple,snipe,reinforcements,Red,nuke,reinforcements
Purple,snipe,reinforcements,Red,nuke,speed
Purple,snipe,reinforcements,Red,nuke,wall
Purple,snipe,reinforcements,Red,firebomb,heal
Purple,snipe,reinforcements,Red,firebomb,reinforcements
Purple,snipe,reinforcements,Red,firebomb,speed
Purple,snipe,reinforcements,Red,firebomb,wall
Purple,snipe,reinforcements,Red,snipe,heal
Purple,snipe,reinforcements,Red,snipe,reinforcements
Purple,snipe,reinforcements,Red,snipe,speed
Purple,snipe,reinforcements,Red,snipe,wall
Purple,snipe,reinforcements,Red,freeze,heal
Purple,snipe,reinforcements,Red,freeze,reinforcements
Purple,snipe,reinforcements,Red,freeze,speed
Purple,snipe,reinforcements,Red,freeze,wall
Purple,snipe,reinforcements,White,nuke,heal
Purple,snipe,reinforcements,White,nuke,reinforcements
Purple,snipe,reinforcements,White,nuke,speed
Purple,snipe,reinforcements,White,nuke,wall
Purple,snipe,reinforcements,White,firebomb,heal
Purple,snipe,reinforcements,White,firebomb,reinforcements
Purple,snipe,reinforcements,White,firebomb,speed
Purple,snipe,reinforcements,White,firebomb,wall
Purple,snipe,reinforcements,White,snipe,heal
Purple,snipe,reinforcements,White,snipe,reinforcements
Purple,snipe,reinforcements,White,snipe,speed
Purple,snipe,reinforcements,White,snipe,wall
Purple,snipe,reinforcements,White,freeze,heal
Purple,snipe,reinforcements,White,freeze,reinforcements
Purple,snipe,reinforcements,White,freeze,speed
Purple,snipe,reinforcements,White,freeze,wall
Purple,snipe,reinforcements,Yellow,nuke,heal
Purple,snipe,reinforcements,Yellow,nuke,reinforcements
Purple,snipe,reinforcements,Yellow,nuke,speed
Purple,snipe,reinforcements,Yellow,nuke,wall
Purple,snipe,reinforcements,Yellow,firebomb,heal
Purple,snipe,reinforcements,Yellow,firebomb,reinforcements
Purple,snipe,reinforcements,Yellow,firebomb,speed
Purple,snipe,reinforcements,Yellow,firebomb,wall
Purple,snipe,reinforcements,Yellow,snipe,heal
Purple,snipe,reinforcements,Yellow,snipe,reinforcements
Purple,snipe,reinforcements,Yellow,snipe,speed
Purple,snipe,reinforcements,Yellow,snipe,wall
Purple,snipe,reinforcements,Yellow,freeze,heal
Purple,snipe,reinforcements,Yellow,freeze,reinforcements
Purple,snipe,reinforcements,Yellow,freeze,speed
Purple,snipe,reinforcements,Yellow,freeze,wall
Purple,snipe,speed,Black,nuke,heal
Purple,snipe,speed,Black,nuke,reinforcements
Purple,snipe,speed,Black,nuke,speed
Purple,snipe,speed,Black,nuke,wall
Purple,snipe,speed,Black,firebomb,heal
Purple,snipe,speed,Black,firebomb,reinforcements
Purple,snipe,speed,Black,firebomb,speed
Purple,snipe,speed,Black,firebomb,wall
Purple,snipe,speed,Black,snipe,heal
Purple,snipe,speed,Black,snipe,reinforcements
Purple,snipe,speed,Black,snipe,speed
Purple,snipe,speed,Black,snipe,wall
Purple,snipe,speed,Black,freeze,heal
Purple,snipe,speed,Black,freeze,reinforcements
Purple,snipe,speed,Black,freeze,speed
Purple,snipe,speed,Black,freeze,wall
Purple,snipe,speed,Blue,nuke,heal
Purple,snipe,speed,Blue,nuke,reinforcements
Purple,snipe,speed,Blue,nuke,speed
Purple,snipe,speed,Blue,nuke,wall
Purple,snipe,speed,Blue,firebomb,heal
Purple,snipe,speed,Blue,firebomb,reinforcements
Purple,snipe,speed,Blue,firebomb,speed
Purple,snipe,speed,Blue,firebomb,wall
Purple,snipe,speed,Blue,snipe,heal
Purple,snipe,speed,Blue,snipe,reinforcements
Purple,snipe,speed,Blue,snipe,speed
Purple,snipe,speed,Blue,snipe,wall
Purple,snipe,speed,Blue,freeze,heal
Purple,snipe,speed,Blue,freeze,reinforcements
Purple,snipe,speed,Blue,freeze,speed
Purple,snipe,speed,Blue,freeze,wall
Purple,snipe,speed,Green,nuke,heal
Purple,snipe,speed,Green,nuke,reinforcements
Purple,snipe,speed,Green,nuke,speed
Purple,snipe,speed,Green,nuke,wall
Purple,snipe,speed,Green,firebomb,heal
Purple,snipe,speed,Green,firebomb,reinforcements
Purple,snipe,speed,Green,firebomb,speed
Purple,snipe,speed,Green,firebomb,wall
Purple,snipe,speed,Green,snipe,heal
Purple,snipe,speed,Green,snipe,reinforcements
Purple,snipe,speed,Green,snipe,speed
Purple,snipe,speed,Green,snipe,wall
Purple,snipe,speed,Green,freeze,heal
Purple,snipe,speed,Green,freeze,reinforcements
Purple,snipe,speed,Green,freeze,speed
Purple,snipe,speed,Green,freeze,wall
Purple,snipe,speed,Orange,nuke,heal
Purple,snipe,speed,Orange,nuke,reinforcements
Purple,snipe,speed,Orange,nuke,speed
Purple,snipe,speed,Orange,nuke,wall
Purple,snipe,speed,Orange,firebomb,heal
Purple,snipe,speed,Orange,firebomb,reinforcements
Purple,snipe,speed,Orange,firebomb,speed
Purple,snipe,speed,Orange,firebomb,wall
Purple,snipe,speed,Orange,snipe,heal
Purple,snipe,speed,Orange,snipe,reinforcements
Purple,snipe,speed,Orange,snipe,speed
Purple,snipe,speed,Orange,snipe,wall
Purple,snipe,speed,Orange,freeze,heal
Purple,snipe,speed,Orange,freeze,reinforcements
Purple,snipe,speed,Orange,freeze,speed
Purple,snipe,speed,Orange,freeze,wall
Purple,snipe,speed,Purple,nuke,heal
Purple,snipe,speed,Purple,nuke,reinforcements
Purple,snipe,speed,Purple,nuke,speed
Purple,snipe,speed,Purple,nuke,wall
Purple,snipe,speed,Purple,firebomb,heal
Purple,snipe,speed,Purple,firebomb,reinforcements
Purple,snipe,speed,Purple,firebomb,speed
Purple,snipe,speed,Purple,firebomb,wall
Purple,snipe,speed,Purple,snipe,heal
Purple,snipe,speed,Purple,snipe,reinforcements
Purple,snipe,speed,Purple,snipe,speed
Purple,snipe,speed,Purple,snipe,wall
Purple,snipe,speed,Purple,freeze,heal
Purple,snipe,speed,Purple,freeze,reinforcements
Purple,snipe,speed,Purple,freeze,speed
Purple,snipe,speed,Purple,freeze,wall
Purple,snipe,speed,Red,nuke,heal
Purple,snipe,speed,Red,nuke,reinforcements
Purple,snipe,speed,Red,nuke,speed
Purple,snipe,speed,Red,nuke,wall
Purple,snipe,speed,Red,firebomb,heal
Purple,snipe,speed,Red,firebomb,reinforcements
Purple,snipe,speed,Red,firebomb,speed
Purple,snipe,speed,Red,firebomb,wall
Purple,snipe,speed,Red,snipe,heal
Purple,snipe,speed,Red,snipe,reinforcements
Purple,snipe,speed,Red,snipe,speed
Purple,snipe,speed,Red,snipe,wall
Purple,snipe,speed,Red,freeze,heal
Purple,snipe,speed,Red,freeze,reinforcements
Purple,snipe,speed,Red,freeze,speed
Purple,snipe,speed,Red,freeze,wall
Purple,snipe,speed,White,nuke,heal
Purple,snipe,speed,White,nuke,reinforcements
Purple,snipe,speed,White,nuke,speed
Purple,snipe,speed,White,nuke,wall
Purple,snipe,speed,White,firebomb,heal
Purple,snipe,speed,White,firebomb,reinforcements
Purple,snipe,speed,White,firebomb,speed
Purple,snipe,speed,White,firebomb,wall
Purple,snipe,speed,White,snipe,heal
Purple,snipe,speed,White,snipe,reinforcements
Purple,snipe,speed,White,snipe,speed
Purple,snipe,speed,White,snipe,wall
Purple,snipe,speed,White,freeze,heal
Purple,snipe,speed,White,freeze,reinforcements
Purple,snipe,speed,White,freeze,speed
Purple,snipe,speed,White,freeze,wall
Purple,snipe,speed,Yellow,nuke,heal
Purple,snipe,speed,Yellow,nuke,reinforcements
Purple,snipe,speed,Yellow,nuke,speed
Purple,snipe,speed,Yellow,nuke,wall
Purple,snipe,speed,Yellow,firebomb,heal
Purple,snipe,speed,Yellow,firebomb,reinforcements
Purple,snipe,speed,Yellow,firebomb,speed
Purple,snipe,speed,Yellow,firebomb,wall
Purple,snipe,speed,Yellow,snipe,heal
Purple,snipe,speed,Yellow,snipe,reinforcements
Purple,snipe,speed,Yellow,snipe,speed
Purple,snipe,speed,Yellow,snipe,wall
Purple,snipe,speed,Yellow,freeze,heal
Purple,snipe,speed,Yellow,freeze,reinforcements
Purple,snipe,speed,Yellow,freeze,speed
Purple,snipe,speed,Yellow,freeze,wall
Purple,snipe,wall,Black,nuke,heal
Purple,snipe,wall,Black,nuke,reinforcements
Purple,snipe,wall,Black,nuke,speed
Purple,snipe,wall,Black,nuke,wall
Purple,snipe,wall,Black,firebomb,heal
Purple,snipe,wall,Black,firebomb,reinforcements
Purple,snipe,wall,Black,firebomb,speed
Purple,snipe,wall,Black,firebomb,wall
Purple,snipe,wall,Black,snipe,heal
Purple,snipe,wall,Black,snipe,reinforcements
Purple,snipe,wall,Black,snipe,speed
Purple,snipe,wall,Black,snipe,wall
Purple,snipe,wall,Black,freeze,heal
Purple,snipe,wall,Black,freeze,reinforcements
Purple,snipe,wall,Black,freeze,speed
Purple,snipe,wall,Black,freeze,wall
Purple,snipe,wall,Blue,nuke,heal
Purple,snipe,wall,Blue,nuke,reinforcements
Purple,snipe,wall,Blue,nuke,speed
Purple,snipe,wall,Blue,nuke,wall
Purple,snipe,wall,Blue,firebomb,heal
Purple,snipe,wall,Blue,firebomb,reinforcements
Purple,snipe,wall,Blue,firebomb,speed
Purple,snipe,wall,Blue,firebomb,wall
Purple,snipe,wall,Blue,snipe,heal
Purple,snipe,wall,Blue,snipe,reinforcements
Purple,snipe,wall,Blue,snipe,speed
Purple,snipe,wall,Blue,snipe,wall
Purple,snipe,wall,Blue,freeze,heal
Purple,snipe,wall,Blue,freeze,reinforcements
Purple,snipe,wall,Blue,freeze,speed
Purple,snipe,wall,Blue,freeze,wall
Purple,snipe,wall,Green,nuke,heal
Purple,snipe,wall,Green,nuke,reinforcements
Purple,snipe,wall,Green,nuke,speed
Purple,snipe,wall,Green,nuke,wall
Purple,snipe,wall,Green,firebomb,heal
Purple,snipe,wall,Green,firebomb,reinforcements
Purple,snipe,wall,Green,firebomb,speed
Purple,snipe,wall,Green,firebomb,wall
Purple,snipe,wall,Green,snipe,heal
Purple,snipe,wall,Green,snipe,reinforcements
Purple,snipe,wall,Green,snipe,speed
Purple,snipe,wall,Green,snipe,wall
Purple,snipe,wall,Green,freeze,heal
Purple,snipe,wall,Green,freeze,reinforcements
Purple,snipe,wall,Green,freeze,speed
Purple,snipe,wall,Green,freeze,wall
Purple,snipe,wall,Orange,nuke,heal
Purple,snipe,wall,Orange,nuke,reinforcements
Purple,snipe,wall,Orange,nuke,speed
Purple,snipe,wall,Orange,nuke,wall
Purple,snipe,wall,Orange,firebomb,heal
Purple,snipe,wall,Orange,firebomb,reinforcements
Purple,snipe,wall,Orange,firebomb,speed
Purple,snipe,wall,Orange,firebomb,wall
Purple,snipe,wall,Orange,snipe,heal
Purple,snipe,wall,Orange,snipe,reinforcements
Purple,snipe,wall,Orange,snipe,speed
Purple,snipe,wall,Orange,snipe,wall
Purple,snipe,wall,Orange,freeze,heal
Purple,snipe,wall,Orange,freeze,reinforcements
Purple,snipe,wall,Orange,freeze,speed
Purple,snipe,wall,Orange,freeze,wall
Purple,snipe,wall,Purple,nuke,heal
Purple,snipe,wall,Purple,nuke,reinforcements
Purple,snipe,wall,Purple,nuke,speed
Purple,snipe,wall,Purple,nuke,wall
Purple,snipe,wall,Purple,firebomb,heal
Purple,snipe,wall,Purple,firebomb,reinforcements
Purple,snipe,wall,Purple,firebomb,speed
Purple,snipe,wall,Purple,firebomb,wall
Purple,snipe,wall,Purple,snipe,heal
Purple,snipe,wall,Purple,snipe,reinforcements
Purple,snipe,wall,Purple,snipe,speed
Purple,snipe,wall,Purple,snipe,wall
Purple,snipe,wall,Purple,freeze,heal
Purple,snipe,wall,Purple,freeze,reinforcements
Purple,snipe,wall,Purple,freeze,speed
Purple,snipe,wall,Purple,freeze,wall
Purple,snipe,wall,Red,nuke,heal
Purple,snipe,wall,Red,nuke,reinforcements
Purple,snipe,wall,Red,nuke,speed
Purple,snipe,wall,Red,nuke,wall
Purple,snipe,wall,Red,firebomb,heal
Purple,snipe,wall,Red,firebomb,reinforcements
Purple,snipe,wall,Red,firebomb,speed
Purple,snipe,wall,Red,firebomb,wall
Purple,snipe,wall,Red,snipe,heal
Purple,snipe,wall,Red,snipe,reinforcements
Purple,snipe,wall,Red,snipe,speed
Purple,snipe,wall,Red,snipe,wall
Purple,snipe,wall,Red,freeze,heal
Purple,snipe,wall,Red,freeze,reinforcements
Purple,snipe,wall,Red,freeze,speed
Purple,snipe,wall,Red,freeze,wall
Purple,snipe,wall,White,nuke,heal
Purple,snipe,wall,White,nuke,reinforcements
Purple,snipe,wall,White,nuke,speed
Purple,snipe,wall,White,nuke,wall
Purple,snipe,wall,White,firebomb,heal
Purple,snipe,wall,White,firebomb,reinforcements
Purple,snipe,wall,White,firebomb,speed
Purple,snipe,wall,White,firebomb,wall
Purple,snipe,wall,White,snipe,heal
Purple,snipe,wall,White,snipe,reinforcements
Purple,snipe,wall,White,snipe,speed
Purple,snipe,wall,White,snipe,wall
Purple,snipe,wall,White,freeze,heal
Purple,snipe,wall,White,freeze,reinforcements
Purple,snipe,wall,White,freeze,speed
Purple,snipe,wall,White,freeze,wall
Purple,snipe,wall,Yellow,nuke,heal
Purple,snipe,wall,Yellow,nuke,reinforcements
Purple,snipe,wall,Yellow,nuke,speed
Purple,snipe,wall,Yellow,nuke,wall
Purple,snipe,wall,Yellow,firebomb,heal
Purple,snipe,wall,Yellow,firebomb,reinforcements
Purple,snipe,wall,Yellow,firebomb,speed
Purple,snipe,wall,Yellow,firebomb,wall
Purple,snipe,wall,Yellow,snipe,heal
Purple,snipe,wall,Yellow,snipe,reinforcements
Purple,snipe,wall,Yellow,snipe,speed
Purple,snipe,wall,Yellow,snipe,wall
Purple,snipe,wall,Yellow,freeze,heal
Purple,snipe,wall,Yellow,freeze,reinforcements
Purple,snipe,wall,Yellow,freeze,speed
Purple,snipe,wall,Yellow,freeze,wall
Purple,freeze,heal,Black,nuke,heal
Purple,freeze,heal,Black,nuke,reinforcements
Purple,freeze,heal,Black,nuke,speed
Purple,freeze,heal,Black,nuke,wall
Purple,freeze,heal,Black,firebomb,heal
Purple,freeze,heal,Black,firebomb,reinforcements
Purple,freeze,heal,Black,firebomb,speed
Purple,freeze,heal,Black,firebomb,wall
Purple,freeze,heal,Black,snipe,heal
Purple,freeze,heal,Black,snipe,reinforcements
Purple,freeze,heal,Black,snipe,speed
Purple,freeze,heal,Black,snipe,wall
Purple,freeze,heal,Black,freeze,heal
Purple,freeze,heal,Black,freeze,reinforcements
Purple,freeze,heal,Black,freeze,speed
Purple,freeze,heal,Black,freeze,wall
Purple,freeze,heal,Blue,nuke,heal
Purple,freeze,heal,Blue,nuke,reinforcements
Purple,freeze,heal,Blue,nuke,speed
Purple,freeze,heal,Blue,nuke,wall
Purple,freeze,heal,Blue,firebomb,heal
Purple,freeze,heal,Blue,firebomb,reinforcements
Purple,freeze,heal,Blue,firebomb,speed
Purple,freeze,heal,Blue,firebomb,wall
Purple,freeze,heal,Blue,snipe,heal
Purple,freeze,heal,Blue,snipe,reinforcements
Purple,freeze,heal,Blue,snipe,speed
Purple,freeze,heal,Blue,snipe,wall
Purple,freeze,heal,Blue,freeze,heal
Purple,freeze,heal,Blue,freeze,reinforcements
Purple,freeze,heal,Blue,freeze,speed
Purple,freeze,heal,Blue,freeze,wall
Purple,freeze,heal,Green,nuke,heal
Purple,freeze,heal,Green,nuke,reinforcements
Purple,freeze,heal,Green,nuke,speed
Purple,freeze,heal,Green,nuke,wall
Purple,freeze,heal,Green,firebomb,heal
Purple,freeze,heal,Green,firebomb,reinforcements
Purple,freeze,heal,Green,firebomb,speed
Purple,freeze,heal,Green,firebomb,wall
Purple,freeze,heal,Green,snipe,heal
Purple,freeze,heal,Green,snipe,reinforcements
Purple,freeze,heal,Green,snipe,speed
Purple,freeze,heal,Green,snipe,wall
Purple,freeze,heal,Green,freeze,heal
Purple,freeze,heal,Green,freeze,reinforcements
Purple,freeze,heal,Green,freeze,speed
Purple,freeze,heal,Green,freeze,wall
Purple,freeze,heal,Orange,nuke,heal
Purple,freeze,heal,Orange,nuke,reinforcements
Purple,freeze,heal,Orange,nuke,speed
Purple,freeze,heal,Orange,nuke,wall
Purple,freeze,heal,Orange,firebomb,heal
Purple,freeze,heal,Orange,firebomb,reinforcements
Purple,freeze,heal,Orange,firebomb,speed
Purple,freeze,heal,Orange,firebomb,wall
Purple,freeze,heal,Orange,snipe,heal
Purple,freeze,heal,Orange,snipe,reinforcements
Purple,freeze,heal,Orange,snipe,speed
Purple,freeze,heal,Orange,snipe,wall
Purple,freeze,heal,Orange,freeze,heal
Purple,freeze,heal,Orange,freeze,reinforcements
Purple,freeze,heal,Orange,freeze,speed
Purple,freeze,heal,Orange,freeze,wall
Purple,freeze,heal,Purple,nuke,heal
Purple,freeze,heal,Purple,nuke,reinforcements
Purple,freeze,heal,Purple,nuke,speed
Purple,freeze,heal,Purple,nuke,wall
Purple,freeze,heal,Purple,firebomb,heal
Purple,freeze,heal,Purple,firebomb,reinforcements
Purple,freeze,heal,Purple,firebomb,speed
Purple,freeze,heal,Purple,firebomb,wall
Purple,freeze,heal,Purple,snipe,heal
Purple,freeze,heal,Purple,snipe,reinforcements
Purple,freeze,heal,Purple,snipe,speed
Purple,freeze,heal,Purple,snipe,wall
Purple,freeze,heal,Purple,freeze,heal
Purple,freeze,heal,Purple,freeze,reinforcements
Purple,freeze,heal,Purple,freeze,speed
Purple,freeze,heal,Purple,freeze,wall
Purple,freeze,heal,Red,nuke,heal
Purple,freeze,heal,Red,nuke,reinforcements
Purple,freeze,heal,Red,nuke,speed
Purple,freeze,heal,Red,nuke,wall
Purple,freeze,heal,Red,firebomb,heal
Purple,freeze,heal,Red,firebomb,reinforcements
Purple,freeze,heal,Red,firebomb,speed
Purple,freeze,heal,Red,firebomb,wall
Purple,freeze,heal,Red,snipe,heal
Purple,freeze,heal,Red,snipe,reinforcements
Purple,freeze,heal,Red,snipe,speed
Purple,freeze,heal,Red,snipe,wall
Purple,freeze,heal,Red,freeze,heal
Purple,freeze,heal,Red,freeze,reinforcements
Purple,freeze,heal,Red,freeze,speed
Purple,freeze,heal,Red,freeze,wall
Purple,freeze,heal,White,nuke,heal
Purple,freeze,heal,White,nuke,reinforcements
Purple,freeze,heal,White,nuke,speed
Purple,freeze,heal,White,nuke,wall
Purple,freeze,heal,White,firebomb,heal
Purple,freeze,heal,White,firebomb,reinforcements
Purple,freeze,heal,White,firebomb,speed
Purple,freeze,heal,White,firebomb,wall
Purple,freeze,heal,White,snipe,heal
Purple,freeze,heal,White,snipe,reinforcements
Purple,freeze,heal,White,snipe,speed
Purple,freeze,heal,White,snipe,wall
Purple,freeze,heal,White,freeze,heal
Purple,freeze,heal,White,freeze,reinforcements
Purple,freeze,heal,White,freeze,speed
Purple,freeze,heal,White,freeze,wall
Purple,freeze,heal,Yellow,nuke,heal
Purple,freeze,heal,Yellow,nuke,reinforcements
Purple,freeze,heal,Yellow,nuke,speed
Purple,freeze,heal,Yellow,nuke,wall
Purple,freeze,heal,Yellow,firebomb,heal
Purple,freeze,heal,Yellow,firebomb,reinforcements
Purple,freeze,heal,Yellow,firebomb,speed
Purple,freeze,heal,Yellow,firebomb,wall
Purple,freeze,heal,Yellow,snipe,heal
Purple,freeze,heal,Yellow,snipe,reinforcements
Purple,freeze,heal,Yellow,snipe,speed
Purple,freeze,heal,Yellow,snipe,wall
Purple,freeze,heal,Yellow,freeze,heal
Purple,freeze,heal,Yellow,freeze,reinforcements
Purple,freeze,heal,Yellow,freeze,speed
Purple,freeze,heal,Yellow,freeze,wall
Purple,freeze,reinforcements,Black,nuke,heal
Purple,freeze,reinforcements,Black,nuke,reinforcements
Purple,freeze,reinforcements,Black,nuke,speed
Purple,freeze,reinforcements,Black,nuke,wall
Purple,freeze,reinforcements,Black,firebomb,heal
Purple,freeze,reinforcements,Black,firebomb,reinforcements
Purple,freeze,reinforcements,Black,firebomb,speed
Purple,freeze,reinforcements,Black,firebomb,wall
Purple,freeze,reinforcements,Black,snipe,heal
Purple,freeze,reinforcements,Black,snipe,reinforcements
Purple,freeze,reinforcements,Black,snipe,speed
Purple,freeze,reinforcements,Black,snipe,wall
Purple,freeze,reinforcements,Black,freeze,heal
Purple,freeze,reinforcements,Black,freeze,reinforcements
Purple,freeze,reinforcements,Black,freeze,speed
Purple,freeze,reinforcements,Black,freeze,wall
Purple,freeze,reinforcements,Blue,nuke,heal
Purple,freeze,reinforcements,Blue,nuke,reinforcements
Purple,freeze,reinforcements,Blue,nuke,speed
Purple,freeze,reinforcements,Blue,nuke,wall
Purple,freeze,reinforcements,Blue,firebomb,heal
Purple,freeze,reinforcements,Blue,firebomb,reinforcements
Purple,freeze,reinforcements,Blue,firebomb,speed
Purple,freeze,reinforcements,Blue,firebomb,wall
Purple,freeze,reinforcements,Blue,snipe,heal
Purple,freeze,reinforcements,Blue,snipe,reinforcements
Purple,freeze,reinforcements,Blue,snipe,speed
Purple,freeze,reinforcements,Blue,snipe,wall
Purple,freeze,reinforcements,Blue,freeze,heal
Purple,freeze,reinforcements,Blue,freeze,reinforcements
Purple,freeze,reinforcements,Blue,freeze,speed
Purple,freeze,reinforcements,Blue,freeze,wall
Purple,freeze,reinforcements,Green,nuke,heal
Purple,freeze,reinforcements,Green,nuke,reinforcements
Purple,freeze,reinforcements,Green,nuke,speed
Purple,freeze,reinforcements,Green,nuke,wall
Purple,freeze,reinforcements,Green,firebomb,heal
Purple,freeze,reinforcements,Green,firebomb,reinforcements
Purple,freeze,reinforcements,Green,firebomb,speed
Purple,freeze,reinforcements,Green,firebomb,wall
Purple,freeze,reinforcements,Green,snipe,heal
Purple,freeze,reinforcements,Green,snipe,reinforcements
Purple,freeze,reinforcements,Green,snipe,speed
Purple,freeze,reinforcements,Green,snipe,wall
Purple,freeze,reinforcements,Green,freeze,heal
Purple,freeze,reinforcements,Green,freeze,reinforcements
Purple,freeze,reinforcements,Green,freeze,speed
Purple,freeze,reinforcements,Green,freeze,wall
Purple,freeze,reinforcements,Orange,nuke,heal
Purple,freeze,reinforcements,Orange,nuke,reinforcements
Purple,freeze,reinforcements,Orange,nuke,speed
Purple,freeze,reinforcements,Orange,nuke,wall
Purple,freeze,reinforcements,Orange,firebomb,heal
Purple,freeze,reinforcements,Orange,firebomb,reinforcements
Purple,freeze,reinforcements,Orange,firebomb,speed
Purple,freeze,reinforcements,Orange,firebomb,wall
Purple,freeze,reinforcements,Orange,snipe,heal
Purple,freeze,reinforcements,Orange,snipe,reinforcements
Purple,freeze,reinforcements,Orange,snipe,speed
Purple,freeze,reinforcements,Orange,snipe,wall
Purple,freeze,reinforcements,Orange,freeze,heal
Purple,freeze,reinforcements,Orange,freeze,reinforcements
Purple,freeze,reinforcements,Orange,freeze,speed
Purple,freeze,reinforcements,Orange,freeze,wall
Purple,freeze,reinforcements,Purple,nuke,heal
Purple,freeze,reinforcements,Purple,nuke,reinforcements
Purple,freeze,reinforcements,Purple,nuke,speed
Purple,freeze,reinforcements,Purple,nuke,wall
Purple,freeze,reinforcements,Purple,firebomb,heal
Purple,freeze,reinforcements,Purple,firebomb,reinforcements
Purple,freeze,reinforcements,Purple,firebomb,speed
Purple,freeze,reinforcements,Purple,firebomb,wall
Purple,freeze,reinforcements,Purple,snipe,heal
Purple,freeze,reinforcements,Purple,snipe,reinforcements
Purple,freeze,reinforcements,Purple,snipe,speed
Purple,freeze,reinforcements,Purple,snipe,wall
Purple,freeze,reinforcements,Purple,freeze,heal
Purple,freeze,reinforcements,Purple,freeze,reinforcements
Purple,freeze,reinforcements,Purple,freeze,speed
Purple,freeze,reinforcements,Purple,freeze,wall
Purple,freeze,reinforcements,Red,nuke,heal
Purple,freeze,reinforcements,Red,nuke,reinforcements
Purple,freeze,reinforcements,Red,nuke,speed
Purple,freeze,reinforcements,Red,nuke,wall
Purple,freeze,reinforcements,Red,firebomb,heal
Purple,freeze,reinforcements,Red,firebomb,reinforcements
Purple,freeze,reinforcements,Red,firebomb,speed
Purple,freeze,reinforcements,Red,firebomb,wall
Purple,freeze,reinforcements,Red,snipe,heal
Purple,freeze,reinforcements,Red,snipe,reinforcements
Purple,freeze,reinforcements,Red,snipe,speed
Purple,freeze,reinforcements,Red,snipe,wall
Purple,freeze,reinforcements,Red,freeze,heal
Purple,freeze,reinforcements,Red,freeze,reinforcements
Purple,freeze,reinforcements,Red,freeze,speed
Purple,freeze,reinforcements,Red,freeze,wall
Purple,freeze,reinforcements,White,nuke,heal
Purple,freeze,reinforcements,White,nuke,reinforcements
Purple,freeze,reinforcements,White,nuke,speed
Purple,freeze,reinforcements,White,nuke,wall
Purple,freeze,reinforcements,White,firebomb,heal
Purple,freeze,reinforcements,White,firebomb,reinforcements
Purple,freeze,reinforcements,White,firebomb,speed
Purple,freeze,reinforcements,White,firebomb,wall
Purple,freeze,reinforcements,White,snipe,heal
Purple,freeze,reinforcements,White,snipe,reinforcements
Purple,freeze,reinforcements,White,snipe,speed
Purple,freeze,reinforcements,White,snipe,wall
Purple,freeze,reinforcements,White,freeze,heal
Purple,freeze,reinforcements,White,freeze,reinforcements
Purple,freeze,reinforcements,White,freeze,speed
Purple,freeze,reinforcements,White,freeze,wall
Purple,freeze,reinforcements,Yellow,nuke,heal
Purple,freeze,reinforcements,Yellow,nuke,reinforcements
Purple,freeze,reinforcements,Yellow,nuke,speed
Purple,freeze,reinforcements,Yellow,nuke,wall
Purple,freeze,reinforcements,Yellow,firebomb,heal
Purple,freeze,reinforcements,Yellow,firebomb,reinforcements
Purple,freeze,reinforcements,Yellow,firebomb,speed
Purple,freeze,reinforcements,Yellow,firebomb,wall
Purple,freeze,reinforcements,Yellow,snipe,heal
Purple,freeze,reinforcements,Yellow,snipe,reinforcements
Purple,freeze,reinforcements,Yellow,snipe,speed
Purple,freeze,reinforcements,Yellow,snipe,wall
Purple,freeze,reinforcements,Yellow,freeze,heal
Purple,freeze,reinforcements,Yellow,freeze,reinforcements
Purple,freeze,reinforcements,Yellow,freeze,speed
Purple,freeze,reinforcements,Yellow,freeze,wall
Purple,freeze,speed,Black,nuke,heal
Purple,freeze,speed,Black,nuke,reinforcements
Purple,freeze,speed,Black,nuke,speed
Purple,freeze,speed,Black,nuke,wall
Purple,freeze,speed,Black,firebomb,heal
Purple,freeze,speed,Black,firebomb,reinforcements
Purple,freeze,speed,Black,firebomb,speed
Purple,freeze,speed,Black,firebomb,wall
Purple,freeze,speed,Black,snipe,heal
Purple,freeze,speed,Black,snipe,reinforcements
Purple,freeze,speed,Black,snipe,speed
Purple,freeze,speed,Black,snipe,wall
Purple,freeze,speed,Black,freeze,heal
Purple,freeze,speed,Black,freeze,reinforcements
Purple,freeze,speed,Black,freeze,speed
Purple,freeze,speed,Black,freeze,wall
Purple,freeze,speed,Blue,nuke,heal
Purple,freeze,speed,Blue,nuke,reinforcements
Purple,freeze,speed,Blue,nuke,speed
Purple,freeze,speed,Blue,nuke,wall
Purple,freeze,speed,Blue,firebomb,heal
Purple,freeze,speed,Blue,firebomb,reinforcements
Purple,freeze,speed,Blue,firebomb,speed
Purple,freeze,speed,Blue,firebomb,wall
Purple,freeze,speed,Blue,snipe,heal
Purple,freeze,speed,Blue,snipe,reinforcements
Purple,freeze,speed,Blue,snipe,speed
Purple,freeze,speed,Blue,snipe,wall
Purple,freeze,speed,Blue,freeze,heal
Purple,freeze,speed,Blue,freeze,reinforcements
Purple,freeze,speed,Blue,freeze,speed
Purple,freeze,speed,Blue,freeze,wall
Purple,freeze,speed,Green,nuke,heal
Purple,freeze,speed,Green,nuke,reinforcements
Purple,freeze,speed,Green,nuke,speed
Purple,freeze,speed,Green,nuke,wall
Purple,freeze,speed,Green,firebomb,heal
Purple,freeze,speed,Green,firebomb,reinforcements
Purple,freeze,speed,Green,firebomb,speed
Purple,freeze,speed,Green,firebomb,wall
Purple,freeze,speed,Green,snipe,heal
Purple,freeze,speed,Green,snipe,reinforcements
Purple,freeze,speed,Green,snipe,speed
Purple,freeze,speed,Green,snipe,wall
Purple,freeze,speed,Green,freeze,heal
Purple,freeze,speed,Green,freeze,reinforcements
Purple,freeze,speed,Green,freeze,speed
Purple,freeze,speed,Green,freeze,wall
Purple,freeze,speed,Orange,nuke,heal
Purple,freeze,speed,Orange,nuke,reinforcements
Purple,freeze,speed,Orange,nuke,speed
Purple,freeze,speed,Orange,nuke,wall
Purple,freeze,speed,Orange,firebomb,heal
Purple,freeze,speed,Orange,firebomb,reinforcements
Purple,freeze,speed,Orange,firebomb,speed
Purple,freeze,speed,Orange,firebomb,wall
Purple,freeze,speed,Orange,snipe,heal
Purple,freeze,speed,Orange,snipe,reinforcements
Purple,freeze,speed,Orange,snipe,speed
Purple,freeze,speed,Orange,snipe,wall
Purple,freeze,speed,Orange,freeze,heal
Purple,freeze,speed,Orange,freeze,reinforcements
Purple,freeze,speed,Orange,freeze,speed
Purple,freeze,speed,Orange,freeze,wall
Purple,freeze,speed,Purple,nuke,heal
Purple,freeze,speed,Purple,nuke,reinforcements
Purple,freeze,speed,Purple,nuke,speed
Purple,freeze,speed,Purple,nuke,wall
Purple,freeze,speed,Purple,firebomb,heal
Purple,freeze,speed,Purple,firebomb,reinforcements
Purple,freeze,speed,Purple,firebomb,speed
Purple,freeze,speed,Purple,firebomb,wall
Purple,freeze,speed,Purple,snipe,heal
Purple,freeze,speed,Purple,snipe,reinforcements
Purple,freeze,speed,Purple,snipe,speed
Purple,freeze,speed,Purple,snipe,wall
Purple,freeze,speed,Purple,freeze,heal
Purple,freeze,speed,Purple,freeze,reinforcements
Purple,freeze,speed,Purple,freeze,speed
Purple,freeze,speed,Purple,freeze,wall
Purple,freeze,speed,Red,nuke,heal
Purple,freeze,speed,Red,nuke,reinforcements
Purple,freeze,speed,Red,nuke,speed
Purple,freeze,speed,Red,nuke,wall
Purple,freeze,speed,Red,firebomb,heal
Purple,freeze,speed,Red,firebomb,reinforcements
Purple,freeze,speed,Red,firebomb,speed
Purple,freeze,speed,Red,firebomb,wall
Purple,freeze,speed,Red,snipe,heal
Purple,freeze,speed,Red,snipe,reinforcements
Purple,freeze,speed,Red,snipe,speed
Purple,freeze,speed,Red,snipe,wall
Purple,freeze,speed,Red,freeze,heal
Purple,freeze,speed,Red,freeze,reinforcements
Purple,freeze,speed,Red,freeze,speed
Purple,freeze,speed,Red,freeze,wall
Purple,freeze,speed,White,nuke,heal
Purple,freeze,speed,White,nuke,reinforcements
Purple,freeze,speed,White,nuke,speed
Purple,freeze,speed,White,nuke,wall
Purple,freeze,speed,White,firebomb,heal
Purple,freeze,speed,White,firebomb,reinforcements
Purple,freeze,speed,White,firebomb,speed
Purple,freeze,speed,White,firebomb,wall
Purple,freeze,speed,White,snipe,heal
Purple,freeze,speed,White,snipe,reinforcements
Purple,freeze,speed,White,snipe,speed
Purple,freeze,speed,White,snipe,wall
Purple,freeze,speed,White,freeze,heal
Purple,freeze,speed,White,freeze,reinforcements
Purple,freeze,speed,White,freeze,speed
Purple,freeze,speed,White,freeze,wall
Purple,freeze,speed,Yellow,nuke,heal
Purple,freeze,speed,Yellow,nuke,reinforcements
Purple,freeze,speed,Yellow,nuke,speed
Purple,freeze,speed,Yellow,nuke,wall
Purple,freeze,speed,Yellow,firebomb,heal
Purple,freeze,speed,Yellow,firebomb,reinforcements
Purple,freeze,speed,Yellow,firebomb,speed
Purple,freeze,speed,Yellow,firebomb,wall
Purple,freeze,speed,Yellow,snipe,heal
Purple,freeze,speed,Yellow,snipe,reinforcements
Purple,freeze,speed,Yellow,snipe,speed
Purple,freeze,speed,Yellow,snipe,wall
Purple,freeze,speed,Yellow,freeze,heal
Purple,freeze,speed,Yellow,freeze,reinforcements
Purple,freeze,speed,Yellow,freeze,speed
Purple,freeze,speed,Yellow,freeze,wall
Purple,freeze,wall,Black,nuke,heal
Purple,freeze,wall,Black,nuke,reinforcements
Purple,freeze,wall,Black,nuke,speed
Purple,freeze,wall,Black,nuke,wall
Purple,freeze,wall,Black,firebomb,heal
Purple,freeze,wall,Black,firebomb,reinforcements
Purple,freeze,wall,Black,firebomb,speed
Purple,freeze,wall,Black,firebomb,wall
Purple,freeze,wall,Black,snipe,heal
Purple,freeze,wall,Black,snipe,reinforcements
Purple,freeze,wall,Black,snipe,speed
Purple,freeze,wall,Black,snipe,wall
Purple,freeze,wall,Black,freeze,heal
Purple,freeze,wall,Black,freeze,reinforcements
Purple,freeze,wall,Black,freeze,speed
Purple,freeze,wall,Black,freeze,wall
Purple,freeze,wall,Blue,nuke,heal
Purple,freeze,wall,Blue,nuke,reinforcements
Purple,freeze,wall,Blue,nuke,speed
Purple,freeze,wall,Blue,nuke,wall
Purple,freeze,wall,Blue,firebomb,heal
Purple,freeze,wall,Blue,firebomb,reinforcements
Purple,freeze,wall,Blue,firebomb,speed
Purple,freeze,wall,Blue,firebomb,wall
Purple,freeze,wall,Blue,snipe,heal
Purple,freeze,wall,Blue,snipe,reinforcements
Purple,freeze,wall,Blue,snipe,speed
Purple,freeze,wall,Blue,snipe,wall
Purple,freeze,wall,Blue,freeze,heal
Purple,freeze,wall,Blue,freeze,reinforcements
Purple,freeze,wall,Blue,freeze,speed
Purple,freeze,wall,Blue,freeze,wall
Purple,freeze,wall,Green,nuke,heal
Purple,freeze,wall,Green,nuke,reinforcements
Purple,freeze,wall,Green,nuke,speed
Purple,freeze,wall,Green,nuke,wall
Purple,freeze,wall,Green,firebomb,heal
Purple,freeze,wall,Green,firebomb,reinforcements
Purple,freeze,wall,Green,firebomb,speed
Purple,freeze,wall,Green,firebomb,wall
Purple,freeze,wall,Green,snipe,heal
Purple,freeze,wall,Green,snipe,reinforcements
Purple,freeze,wall,Green,snipe,speed
Purple,freeze,wall,Green,snipe,wall
Purple,freeze,wall,Green,freeze,heal
Purple,freeze,wall,Green,freeze,reinforcements
Purple,freeze,wall,Green,freeze,speed
Purple,freeze,wall,Green,freeze,wall
Purple,freeze,wall,Orange,nuke,heal
Purple,freeze,wall,Orange,nuke,reinforcements
Purple,freeze,wall,Orange,nuke,speed
Purple,freeze,wall,Orange,nuke,wall
Purple,freeze,wall,Orange,firebomb,heal
Purple,freeze,wall,Orange,firebomb,reinforcements
Purple,freeze,wall,Orange,firebomb,speed
Purple,freeze,wall,Orange,firebomb,wall
Purple,freeze,wall,Orange,snipe,heal
Purple,freeze,wall,Orange,snipe,reinforcements
Purple,freeze,wall,Orange,snipe,speed
Purple,freeze,wall,Orange,snipe,wall
Purple,freeze,wall,Orange,freeze,heal
Purple,freeze,wall,Orange,freeze,reinforcements
Purple,freeze,wall,Orange,freeze,speed
Purple,freeze,wall,Orange,freeze,wall
Purple,freeze,wall,Purple,nuke,heal
Purple,freeze,wall,Purple,nuke,reinforcements
Purple,freeze,wall,Purple,nuke,speed
Purple,freeze,wall,Purple,nuke,wall
Purple,freeze,wall,Purple,firebomb,heal
Purple,freeze,wall,Purple,firebomb,reinforcements
Purple,freeze,wall,Purple,firebomb,speed
Purple,freeze,wall,Purple,firebomb,wall
Purple,freeze,wall,Purple,snipe,heal
Purple,freeze,wall,Purple,snipe,reinforcements
Purple,freeze,wall,Purple,snipe,speed
Purple,freeze,wall,Purple,snipe,wall
Purple,freeze,wall,Purple,freeze,heal
Purple,freeze,wall,Purple,freeze,reinforcements
Purple,freeze,wall,Purple,freeze,speed
Purple,freeze,wall,Purple,freeze,wall
Purple,freeze,wall,Red,nuke,heal
Purple,freeze,wall,Red,nuke,reinforcements
Purple,freeze,wall,Red,nuke,speed
Purple,freeze,wall,Red,nuke,wall
Purple,freeze,wall,Red,firebomb,heal
Purple,freeze,wall,Red,firebomb,reinforcements
Purple,freeze,wall,Red,firebomb,speed
Purple,freeze,wall,Red,firebomb,wall
Purple,freeze,wall,Red,snipe,heal
Purple,freeze,wall,Red,snipe,reinforcements
Purple,freeze,wall,Red,snipe,speed
Purple,freeze,wall,Red,snipe,wall
Purple,freeze,wall,Red,freeze,heal
Purple,freeze,wall,Red,freeze,reinforcements
Purple,freeze,wall,Red,freeze,speed
Purple,freeze,wall,Red,freeze,wall
Purple,freeze,wall,White,nuke,heal
Purple,freeze,wall,White,nuke,reinforcements
Purple,freeze,wall,White,nuke,speed
Purple,freeze,wall,White,nuke,wall
Purple,freeze,wall,White,firebomb,heal
Purple,freeze,wall,White,firebomb,reinforcements
Purple,freeze,wall,White,firebomb,speed
Purple,freeze,wall,White,firebomb,wall
Purple,freeze,wall,White,snipe,heal
Purple,freeze,wall,White,snipe,reinforcements
Purple,freeze,wall,White,snipe,speed
Purple,freeze,wall,White,snipe,wall
Purple,freeze,wall,White,freeze,heal
Purple,freeze,wall,White,freeze,reinforcements
Purple,freeze,wall,White,freeze,speed
Purple,freeze,wall,White,freeze,wall
Purple,freeze,wall,Yellow,nuke,heal
Purple,freeze,wall,Yellow,nuke,reinforcements
Purple,freeze,wall,Yellow,nuke,speed
Purple,freeze,wall,Yellow,nuke,wall
Purple,freeze,wall,Yellow,firebomb,heal
Purple,freeze,wall,Yellow,firebomb,reinforcements
Purple,freeze,wall,Yellow,firebomb,speed
Purple,freeze,wall,Yellow,firebomb,wall
Purple,freeze,wall,Yellow,snipe,heal
Purple,freeze,wall,Yellow,snipe,reinforcements
Purple,freeze,wall,Yellow,snipe,speed
Purple,freeze,wall,Yellow,snipe,wall
Purple,freeze,wall,Yellow,freeze,heal
Purple,freeze,wall,Yellow,freeze,reinforcements
Purple,freeze,wall,Yellow,freeze,speed
Purple,freeze,wall,Yellow,freeze,wall
Red,nuke,heal,Black,nuke,heal
Red,nuke,heal,Black,nuke,reinforcements
Red,nuke,heal,Black,nuke,speed
Red,nuke,heal,Black,nuke,wall
Red,nuke,heal,Black,firebomb,heal
Red,nuke,heal,Black,firebomb,reinforcements
Red,nuke,heal,Black,firebomb,speed
Red,nuke,heal,Black,firebomb,wall
Red,nuke,heal,Black,snipe,heal
Red,nuke,heal,Black,snipe,reinforcements
Red,nuke,heal,Black,snipe,speed
Red,nuke,heal,Black,snipe,wall
Red,nuke,heal,Black,freeze,heal
Red,nuke,heal,Black,freeze,reinforcements
Red,nuke,heal,Black,freeze,speed
Red,nuke,heal,Black,freeze,wall
Red,nuke,heal,Blue,nuke,heal
Red,nuke,heal,Blue,nuke,reinforcements
Red,nuke,heal,Blue,nuke,speed
Red,nuke,heal,Blue,nuke,wall
Red,nuke,heal,Blue,firebomb,heal
Red,nuke,heal,Blue,firebomb,reinforcements
Red,nuke,heal,Blue,firebomb,speed
Red,nuke,heal,Blue,firebomb,wall
Red,nuke,heal,Blue,snipe,heal
Red,nuke,heal,Blue,snipe,reinforcements
Red,nuke,heal,Blue,snipe,speed
Red,nuke,heal,Blue,snipe,wall
Red,nuke,heal,Blue,freeze,heal
Red,nuke,heal,Blue,freeze,reinforcements
Red,nuke,heal,Blue,freeze,speed
Red,nuke,heal,Blue,freeze,wall
Red,nuke,heal,Green,nuke,heal
Red,nuke,heal,Green,nuke,reinforcements
Red,nuke,heal,Green,nuke,speed
Red,nuke,heal,Green,nuke,wall
Red,nuke,heal,Green,firebomb,heal
Red,nuke,heal,Green,firebomb,reinforcements
Red,nuke,heal,Green,firebomb,speed
Red,nuke,heal,Green,firebomb,wall
Red,nuke,heal,Green,snipe,heal
Red,nuke,heal,Green,snipe,reinforcements
Red,nuke,heal,Green,snipe,speed
Red,nuke,heal,Green,snipe,wall
Red,nuke,heal,Green,freeze,heal
Red,nuke,heal,Green,freeze,reinforcements
Red,nuke,heal,Green,freeze,speed
Red,nuke,heal,Green,freeze,wall
Red,nuke,heal,Orange,nuke,heal
Red,nuke,heal,Orange,nuke,reinforcements
Red,nuke,heal,Orange,nuke,speed
Red,nuke,heal,Orange,nuke,wall
Red,nuke,heal,Orange,firebomb,heal
Red,nuke,heal,Orange,firebomb,reinforcements
Red,nuke,heal,Orange,firebomb,speed
Red,nuke,heal,Orange,firebomb,wall
Red,nuke,heal,Orange,snipe,heal
Red,nuke,heal,Orange,snipe,reinforcements
Red,nuke,heal,Orange,snipe,speed
Red,nuke,heal,Orange,snipe,wall
Red,nuke,heal,Orange,freeze,heal
Red,nuke,heal,Orange,freeze,reinforcements
Red,nuke,heal,Orange,freeze,speed
Red,nuke,heal,Orange,freeze,wall
Red,nuke,heal,Purple,nuke,heal
Red,nuke,heal,Purple,nuke,reinforcements
Red,nuke,heal,Purple,nuke,speed
Red,nuke,heal,Purple,nuke,wall
Red,nuke,heal,Purple,firebomb,heal
Red,nuke,heal,Purple,firebomb,reinforcements
Red,nuke,heal,Purple,firebomb,speed
Red,nuke,heal,Purple,firebomb,wall
Red,nuke,heal,Purple,snipe,heal
Red,nuke,heal,Purple,snipe,reinforcements
Red,nuke,heal,Purple,snipe,speed
Red,nuke,heal,Purple,snipe,wall
Red,nuke,heal,Purple,freeze,heal
Red,nuke,heal,Purple,freeze,reinforcements
Red,nuke,heal,Purple,freeze,speed
Red,nuke,heal,Purple,freeze,wall
Red,nuke,heal,Red,nuke,heal
Red,nuke,heal,Red,nuke,reinforcements
Red,nuke,heal,Red,nuke,speed
Red,nuke,heal,Red,nuke,wall
Red,nuke,heal,Red,firebomb,heal
Red,nuke,heal,Red,firebomb,reinforcements
Red,nuke,heal,Red,firebomb,speed
Red,nuke,heal,Red,firebomb,wall
Red,nuke,heal,Red,snipe,heal
Red,nuke,heal,Red,snipe,reinforcements
Red,nuke,heal,Red,snipe,speed
Red,nuke,heal,Red,snipe,wall
Red,nuke,heal,Red,freeze,heal
Red,nuke,heal,Red,freeze,reinforcements
Red,nuke,heal,Red,freeze,speed
Red,nuke,heal,Red,freeze,wall
Red,nuke,heal,White,nuke,heal
Red,nuke,heal,White,nuke,reinforcements
Red,nuke,heal,White,nuke,speed
Red,nuke,heal,White,nuke,wall
Red,nuke,heal,White,firebomb,heal
Red,nuke,heal,White,firebomb,reinforcements
Red,nuke,heal,White,firebomb,speed
Red,nuke,heal,White,firebomb,wall
Red,nuke,heal,White,snipe,heal
Red,nuke,heal,White,snipe,reinforcements
Red,nuke,heal,White,snipe,speed
Red,nuke,heal,White,snipe,wall
Red,nuke,heal,White,freeze,heal
Red,nuke,heal,White,freeze,reinforcements
Red,nuke,heal,White,freeze,speed
Red,nuke,heal,White,freeze,wall
Red,nuke,heal,Yellow,nuke,heal
Red,nuke,heal,Yellow,nuke,reinforcements
Red,nuke,heal,Yellow,nuke,speed
Red,nuke,heal,Yellow,nuke,wall
Red,nuke,heal,Yellow,firebomb,heal
Red,nuke,heal,Yellow,firebomb,reinforcements
Red,nuke,heal,Yellow,firebomb,speed
Red,nuke,heal,Yellow,firebomb,wall
Red,nuke,heal,Yellow,snipe,heal
Red,nuke,heal,Yellow,snipe,reinforcements
Red,nuke,heal,Yellow,snipe,speed
Red,nuke,heal,Yellow,snipe,wall
Red,nuke,heal,Yellow,freeze,heal
Red,nuke,heal,Yellow,freeze,reinforcements
Red,nuke,heal,Yellow,freeze,speed
Red,nuke,heal,Yellow,freeze,wall
Red,nuke,reinforcements,Black,nuke,heal
Red,nuke,reinforcements,Black,nuke,reinforcements
Red,nuke,reinforcements,Black,nuke,speed
Red,nuke,reinforcements,Black,nuke,wall
Red,nuke,reinforcements,Black,firebomb,heal
Red,nuke,reinforcements,Black,firebomb,reinforcements
Red,nuke,reinforcements,Black,firebomb,speed
Red,nuke,reinforcements,Black,firebomb,wall
Red,nuke,reinforcements,Black,snipe,heal
Red,nuke,reinforcements,Black,snipe,reinforcements
Red,nuke,reinforcements,Black,snipe,speed
Red,nuke,reinforcements,Black,snipe,wall
Red,nuke,reinforcements,Black,freeze,heal
Red,nuke,reinforcements,Black,freeze,reinforcements
Red,nuke,reinforcements,Black,freeze,speed
Red,nuke,reinforcements,Black,freeze,wall
Red,nuke,reinforcements,Blue,nuke,heal
Red,nuke,reinforcements,Blue,nuke,reinforcements
Red,nuke,reinforcements,Blue,nuke,speed
Red,nuke,reinforcements,Blue,nuke,wall
Red,nuke,reinforcements,Blue,firebomb,heal
Red,nuke,reinforcements,Blue,firebomb,reinforcements
Red,nuke,reinforcements,Blue,firebomb,speed
Red,nuke,reinforcements,Blue,firebomb,wall
Red,nuke,reinforcements,Blue,snipe,heal
Red,nuke,reinforcements,Blue,snipe,reinforcements
Red,nuke,reinforcements,Blue,snipe,speed
Red,nuke,reinforcements,Blue,snipe,wall
Red,nuke,reinforcements,Blue,freeze,heal
Red,nuke,reinforcements,Blue,freeze,reinforcements
Red,nuke,reinforcements,Blue,freeze,speed
Red,nuke,reinforcements,Blue,freeze,wall
Red,nuke,reinforcements,Green,nuke,heal
Red,nuke,reinforcements,Green,nuke,reinforcements
Red,nuke,reinforcements,Green,nuke,speed
Red,nuke,reinforcements,Green,nuke,wall
Red,nuke,reinforcements,Green,firebomb,heal
Red,nuke,reinforcements,Green,firebomb,reinforcements
Red,nuke,reinforcements,Green,firebomb,speed
Red,nuke,reinforcements,Green,firebomb,wall
Red,nuke,reinforcements,Green,snipe,heal
Red,nuke,reinforcements,Green,snipe,reinforcements
Red,nuke,reinforcements,Green,snipe,speed
Red,nuke,reinforcements,Green,snipe,wall
Red,nuke,reinforcements,Green,freeze,heal
Red,nuke,reinforcements,Green,freeze,reinforcements
Red,nuke,reinforcements,Green,freeze,speed
Red,nuke,reinforcements,Green,freeze,wall
Red,nuke,reinforcements,Orange,nuke,heal
Red,nuke,reinforcements,Orange,nuke,reinforcements
Red,nuke,reinforcements,Orange,nuke,speed
Red,nuke,reinforcements,Orange,nuke,wall
Red,nuke,reinforcements,Orange,firebomb,heal
Red,nuke,reinforcements,Orange,firebomb,reinforcements
Red,nuke,reinforcements,Orange,firebomb,speed
Red,nuke,reinforcements,Orange,firebomb,wall
Red,nuke,reinforcements,Orange,snipe,heal
Red,nuke,reinforcements,Orange,snipe,reinforcements
Red,nuke,reinforcements,Orange,snipe,speed
Red,nuke,reinforcements,Orange,snipe,wall
Red,nuke,reinforcements,Orange,freeze,heal
Red,nuke,reinforcements,Orange,freeze,reinforcements
Red,nuke,reinforcements,Orange,freeze,speed
Red,nuke,reinforcements,Orange,freeze,wall
Red,nuke,reinforcements,Purple,nuke,heal
Red,nuke,reinforcements,Purple,nuke,reinforcements
Red,nuke,reinforcements,Purple,nuke,speed
Red,nuke,reinforcements,Purple,nuke,wall
Red,nuke,reinforcements,Purple,firebomb,heal
Red,nuke,reinforcements,Purple,firebomb,reinforcements
Red,nuke,reinforcements,Purple,firebomb,speed
Red,nuke,reinforcements,Purple,firebomb,wall
Red,nuke,reinforcements,Purple,snipe,heal
Red,nuke,reinforcements,Purple,snipe,reinforcements
Red,nuke,reinforcements,Purple,snipe,speed
Red,nuke,reinforcements,Purple,snipe,wall
Red,nuke,reinforcements,Purple,freeze,heal
Red,nuke,reinforcements,Purple,freeze,reinforcements
Red,nuke,reinforcements,Purple,freeze,speed
Red,nuke,reinforcements,Purple,freeze,wall
Red,nuke,reinforcements,Red,nuke,heal
Red,nuke,reinforcements,Red,nuke,reinforcements
Red,nuke,reinforcements,Red,nuke,speed
Red,nuke,reinforcements,Red,nuke,wall
Red,nuke,reinforcements,Red,firebomb,heal
Red,nuke,reinforcements,Red,firebomb,reinforcements
Red,nuke,reinforcements,Red,firebomb,speed
Red,nuke,reinforcements,Red,firebomb,wall
Red,nuke,reinforcements,Red,snipe,heal
Red,nuke,reinforcements,Red,snipe,reinforcements
Red,nuke,reinforcements,Red,snipe,speed
Red,nuke,reinforcements,Red,snipe,wall
Red,nuke,reinforcements,Red,freeze,heal
Red,nuke,reinforcements,Red,freeze,reinforcements
Red,nuke,reinforcements,Red,freeze,speed
Red,nuke,reinforcements,Red,freeze,wall
Red,nuke,reinforcements,White,nuke,heal
Red,nuke,reinforcements,White,nuke,reinforcements
Red,nuke,reinforcements,White,nuke,speed
Red,nuke,reinforcements,White,nuke,wall
Red,nuke,reinforcements,White,firebomb,heal
Red,nuke,reinforcements,White,firebomb,reinforcements
Red,nuke,reinforcements,White,firebomb,speed
Red,nuke,reinforcements,White,firebomb,wall
Red,nuke,reinforcements,White,snipe,heal
Red,nuke,reinforcements,White,snipe,reinforcements
Red,nuke,reinforcements,White,snipe,speed
Red,nuke,reinforcements,White,snipe,wall
Red,nuke,reinforcements,White,freeze,heal
Red,nuke,reinforcements,White,freeze,reinforcements
Red,nuke,reinforcements,White,freeze,speed
Red,nuke,reinforcements,White,freeze,wall
Red,nuke,reinforcements,Yellow,nuke,heal
Red,nuke,reinforcements,Yellow,nuke,reinforcements
Red,nuke,reinforcements,Yellow,nuke,speed
Red,nuke,reinforcements,Yellow,nuke,wall
Red,nuke,reinforcements,Yellow,firebomb,heal
Red,nuke,reinforcements,Yellow,firebomb,reinforcements
Red,nuke,reinforcements,Yellow,firebomb,speed
Red,nuke,reinforcements,Yellow,firebomb,wall
Red,nuke,reinforcements,Yellow,snipe,heal
Red,nuke,reinforcements,Yellow,snipe,reinforcements
Red,nuke,reinforcements,Yellow,snipe,speed
Red,nuke,reinforcements,Yellow,snipe,wall
Red,nuke,reinforcements,Yellow,freeze,heal
Red,nuke,reinforcements,Yellow,freeze,reinforcements
Red,nuke,reinforcements,Yellow,freeze,speed
Red,nuke,reinforcements,Yellow,freeze,wall
Red,nuke,speed,Black,nuke,heal
Red,nuke,speed,Black,nuke,reinforcements
Red,nuke,speed,Black,nuke,speed
Red,nuke,speed,Black,nuke,wall
Red,nuke,speed,Black,firebomb,heal
Red,nuke,speed,Black,firebomb,reinforcements
Red,nuke,speed,Black,firebomb,speed
Red,nuke,speed,Black,firebomb,wall
Red,nuke,speed,Black,snipe,heal
Red,nuke,speed,Black,snipe,reinforcements
Red,nuke,speed,Black,snipe,speed
Red,nuke,speed,Black,snipe,wall
Red,nuke,speed,Black,freeze,heal
Red,nuke,speed,Black,freeze,reinforcements
Red,nuke,speed,Black,freeze,speed
Red,nuke,speed,Black,freeze,wall
Red,nuke,speed,Blue,nuke,heal
Red,nuke,speed,Blue,nuke,reinforcements
Red,nuke,speed,Blue,nuke,speed
Red,nuke,speed,Blue,nuke,wall
Red,nuke,speed,Blue,firebomb,heal
Red,nuke,speed,Blue,firebomb,reinforcements
Red,nuke,speed,Blue,firebomb,speed
Red,nuke,speed,Blue,firebomb,wall
Red,nuke,speed,Blue,snipe,heal
Red,nuke,speed,Blue,snipe,reinforcements
Red,nuke,speed,Blue,snipe,speed
Red,nuke,speed,Blue,snipe,wall
Red,nuke,speed,Blue,freeze,heal
Red,nuke,speed,Blue,freeze,reinforcements
Red,nuke,speed,Blue,freeze,speed
Red,nuke,speed,Blue,freeze,wall
Red,nuke,speed,Green,nuke,heal
Red,nuke,speed,Green,nuke,reinforcements
Red,nuke,speed,Green,nuke,speed
Red,nuke,speed,Green,nuke,wall
Red,nuke,speed,Green,firebomb,heal
Red,nuke,speed,Green,firebomb,reinforcements
Red,nuke,speed,Green,firebomb,speed
Red,nuke,speed,Green,firebomb,wall
Red,nuke,speed,Green,snipe,heal
Red,nuke,speed,Green,snipe,reinforcements
Red,nuke,speed,Green,snipe,speed
Red,nuke,speed,Green,snipe,wall
Red,nuke,speed,Green,freeze,heal
Red,nuke,speed,Green,freeze,reinforcements
Red,nuke,speed,Green,freeze,speed
Red,nuke,speed,Green,freeze,wall
Red,nuke,speed,Orange,nuke,heal
Red,nuke,speed,Orange,nuke,reinforcements
Red,nuke,speed,Orange,nuke,speed
Red,nuke,speed,Orange,nuke,wall
Red,nuke,speed,Orange,firebomb,heal
Red,nuke,speed,Orange,firebomb,reinforcements
Red,nuke,speed,Orange,firebomb,speed
Red,nuke,speed,Orange,firebomb,wall
Red,nuke,speed,Orange,snipe,heal
Red,nuke,speed,Orange,snipe,reinforcements
Red,nuke,speed,Orange,snipe,speed
Red,nuke,speed,Orange,snipe,wall
Red,nuke,speed,Orange,freeze,heal
Red,nuke,speed,Orange,freeze,reinforcements
Red,nuke,speed,Orange,freeze,speed
Red,nuke,speed,Orange,freeze,wall
Red,nuke,speed,Purple,nuke,heal
Red,nuke,speed,Purple,nuke,reinforcements
Red,nuke,speed,Purple,nuke,speed
Red,nuke,speed,Purple,nuke,wall
Red,nuke,speed,Purple,firebomb,heal
Red,nuke,speed,Purple,firebomb,reinforcements
Red,nuke,speed,Purple,firebomb,speed
Red,nuke,speed,Purple,firebomb,wall
Red,nuke,speed,Purple,snipe,heal
Red,nuke,speed,Purple,snipe,reinforcements
Red,nuke,speed,Purple,snipe,speed
Red,nuke,speed,Purple,snipe,wall
Red,nuke,speed,Purple,freeze,heal
Red,nuke,speed,Purple,freeze,reinforcements
Red,nuke,speed,Purple,freeze,speed
Red,nuke,speed,Purple,freeze,wall
Red,nuke,speed,Red,nuke,heal
Red,nuke,speed,Red,nuke,reinforcements
Red,nuke,speed,Red,nuke,speed
Red,nuke,speed,Red,nuke,wall
Red,nuke,speed,Red,firebomb,heal
Red,nuke,speed,Red,firebomb,reinforcements
Red,nuke,speed,Red,firebomb,speed
Red,nuke,speed,Red,firebomb,wall
Red,nuke,speed,Red,snipe,heal
Red,nuke,speed,Red,snipe,reinforcements
Red,nuke,speed,Red,snipe,speed
Red,nuke,speed,Red,snipe,wall
Red,nuke,speed,Red,freeze,heal
Red,nuke,speed,Red,freeze,reinforcements
Red,nuke,speed,Red,freeze,speed
Red,nuke,speed,Red,freeze,wall
Red,nuke,speed,White,nuke,heal
Red,nuke,speed,White,nuke,reinforcements
Red,nuke,speed,White,nuke,speed
Red,nuke,speed,White,nuke,wall
Red,nuke,speed,White,firebomb,heal
Red,nuke,speed,White,firebomb,reinforcements
Red,nuke,speed,White,firebomb,speed
Red,nuke,speed,White,firebomb,wall
Red,nuke,speed,White,snipe,heal
Red,nuke,speed,White,snipe,reinforcements
Red,nuke,speed,White,snipe,speed
Red,nuke,speed,White,snipe,wall
Red,nuke,speed,White,freeze,heal
Red,nuke,speed,White,freeze,reinforcements
Red,nuke,speed,White,freeze,speed
Red,nuke,speed,White,freeze,wall
Red,nuke,speed,Yellow,nuke,heal
Red,nuke,speed,Yellow,nuke,reinforcements
Red,nuke,speed,Yellow,nuke,speed
Red,nuke,speed,Yellow,nuke,wall
Red,nuke,speed,Yellow,firebomb,heal
Red,nuke,speed,Yellow,firebomb,reinforcements
Red,nuke,speed,Yellow,firebomb,speed
Red,nuke,speed,Yellow,firebomb,wall
Red,nuke,speed,Yellow,snipe,heal
Red,nuke,speed,Yellow,snipe,reinforcements
Red,nuke,speed,Yellow,snipe,speed
Red,nuke,speed,Yellow,snipe,wall
Red,nuke,speed,Yellow,freeze,heal
Red,nuke,speed,Yellow,freeze,reinforcements
Red,nuke,speed,Yellow,freeze,speed
Red,nuke,speed,Yellow,freeze,wall
Red,nuke,wall,Black,nuke,heal
Red,nuke,wall,Black,nuke,reinforcements
Red,nuke,wall,Black,nuke,speed
Red,nuke,wall,Black,nuke,wall
Red,nuke,wall,Black,firebomb,heal
Red,nuke,wall,Black,firebomb,reinforcements
Red,nuke,wall,Black,firebomb,speed
Red,nuke,wall,Black,firebomb,wall
Red,nuke,wall,Black,snipe,heal
Red,nuke,wall,Black,snipe,reinforcements
Red,nuke,wall,Black,snipe,speed
Red,nuke,wall,Black,snipe,wall
Red,nuke,wall,Black,freeze,heal
Red,nuke,wall,Black,freeze,reinforcements
Red,nuke,wall,Black,freeze,speed
Red,nuke,wall,Black,freeze,wall
Red,nuke,wall,Blue,nuke,heal
Red,nuke,wall,Blue,nuke,reinforcements
Red,nuke,wall,Blue,nuke,speed
Red,nuke,wall,Blue,nuke,wall
Red,nuke,wall,Blue,firebomb,heal
Red,nuke,wall,Blue,firebomb,reinforcements
Red,nuke,wall,Blue,firebomb,speed
Red,nuke,wall,Blue,firebomb,wall
Red,nuke,wall,Blue,snipe,heal
Red,nuke,wall,Blue,snipe,reinforcements
Red,nuke,wall,Blue,snipe,speed
Red,nuke,wall,Blue,snipe,wall
Red,nuke,wall,Blue,freeze,heal
Red,nuke,wall,Blue,freeze,reinforcements
Red,nuke,wall,Blue,freeze,speed
Red,nuke,wall,Blue,freeze,wall
Red,nuke,wall,Green,nuke,heal
Red,nuke,wall,Green,nuke,reinforcements
Red,nuke,wall,Green,nuke,speed
Red,nuke,wall,Green,nuke,wall
Red,nuke,wall,Green,firebomb,heal
Red,nuke,wall,Green,firebomb,reinforcements
Red,nuke,wall,Green,firebomb,speed
Red,nuke,wall,Green,firebomb,wall
Red,nuke,wall,Green,snipe,heal
Red,nuke,wall,Green,snipe,reinforcements
Red,nuke,wall,Green,snipe,speed
Red,nuke,wall,Green,snipe,wall
Red,nuke,wall,Green,freeze,heal
Red,nuke,wall,Green,freeze,reinforcements
Red,nuke,wall,Green,freeze,speed
Red,nuke,wall,Green,freeze,wall
Red,nuke,wall,Orange,nuke,heal
Red,nuke,wall,Orange,nuke,reinforcements
Red,nuke,wall,Orange,nuke,speed
Red,nuke,wall,Orange,nuke,wall
Red,nuke,wall,Orange,firebomb,heal
Red,nuke,wall,Orange,firebomb,reinforcements
Red,nuke,wall,Orange,firebomb,speed
Red,nuke,wall,Orange,firebomb,wall
Red,nuke,wall,Orange,snipe,heal
Red,nuke,wall,Orange,snipe,reinforcements
Red,nuke,wall,Orange,snipe,speed
Red,nuke,wall,Orange,snipe,wall
Red,nuke,wall,Orange,freeze,heal
Red,nuke,wall,Orange,freeze,reinforcements
Red,nuke,wall,Orange,freeze,speed
Red,nuke,wall,Orange,freeze,wall
Red,nuke,wall,Purple,nuke,heal
Red,nuke,wall,Purple,nuke,reinforcements
Red,nuke,wall,Purple,nuke,speed
Red,nuke,wall,Purple,nuke,wall
Red,nuke,wall,Purple,firebomb,heal
Red,nuke,wall,Purple,firebomb,reinforcements
Red,nuke,wall,Purple,firebomb,speed
Red,nuke,wall,Purple,firebomb,wall
Red,nuke,wall,Purple,snipe,heal
Red,nuke,wall,Purple,snipe,reinforcements
Red,nuke,wall,Purple,snipe,speed
Red,nuke,wall,Purple,snipe,wall
Red,nuke,wall,Purple,freeze,heal
Red,nuke,wall,Purple,freeze,reinforcements
Red,nuke,wall,Purple,freeze,speed
Red,nuke,wall,Purple,freeze,wall
Red,nuke,wall,Red,nuke,heal
Red,nuke,wall,Red,nuke,reinforcements
Red,nuke,wall,Red,nuke,speed
Red,nuke,wall,Red,nuke,wall
Red,nuke,wall,Red,firebomb,heal
Red,nuke,wall,Red,firebomb,reinforcements
Red,nuke,wall,Red,firebomb,speed
Red,nuke,wall,Red,firebomb,wall
Red,nuke,wall,Red,snipe,heal
Red,nuke,wall,Red,snipe,reinforcements
Red,nuke,wall,Red,snipe,speed
Red,nuke,wall,Red,snipe,wall
Red,nuke,wall,Red,freeze,heal
Red,nuke,wall,Red,freeze,reinforcements
Red,nuke,wall,Red,freeze,speed
Red,nuke,wall,Red,freeze,wall
Red,nuke,wall,White,nuke,heal
Red,nuke,wall,White,nuke,reinforcements
Red,nuke,wall,White,nuke,speed
Red,nuke,wall,White,nuke,wall
Red,nuke,wall,White,firebomb,heal
Red,nuke,wall,White,firebomb,reinforcements
Red,nuke,wall,White,firebomb,speed
Red,nuke,wall,White,firebomb,wall
Red,nuke,wall,White,snipe,heal
Red,nuke,wall,White,snipe,reinforcements
Red,nuke,wall,White,snipe,speed
Red,nuke,wall,White,snipe,wall
Red,nuke,wall,White,freeze,heal
Red,nuke,wall,White,freeze,reinforcements
Red,nuke,wall,White,freeze,speed
Red,nuke,wall,White,freeze,wall
Red,nuke,wall,Yellow,nuke,heal
Red,nuke,wall,Yellow,nuke,reinforcements
Red,nuke,wall,Yellow,nuke,speed
Red,nuke,wall,Yellow,nuke,wall
Red,nuke,wall,Yellow,firebomb,heal
Red,nuke,wall,Yellow,firebomb,reinforcements
Red,nuke,wall,Yellow,firebomb,speed
Red,nuke,wall,Yellow,firebomb,wall
Red,nuke,wall,Yellow,snipe,heal
Red,nuke,wall,Yellow,snipe,reinforcements
Red,nuke,wall,Yellow,snipe,speed
Red,nuke,wall,Yellow,snipe,wall
Red,nuke,wall,Yellow,freeze,heal
Red,nuke,wall,Yellow,freeze,reinforcements
Red,nuke,wall,Yellow,freeze,speed
Red,nuke,wall,Yellow,freeze,wall
Red,firebomb,heal,Black,nuke,heal
Red,firebomb,heal,Black,nuke,reinforcements
Red,firebomb,heal,Black,nuke,speed
Red,firebomb,heal,Black,nuke,wall
Red,firebomb,heal,Black,firebomb,heal
Red,firebomb,heal,Black,firebomb,reinforcements
Red,firebomb,heal,Black,firebomb,speed
Red,firebomb,heal,Black,firebomb,wall
Red,firebomb,heal,Black,snipe,heal
Red,firebomb,heal,Black,snipe,reinforcements
Red,firebomb,heal,Black,snipe,speed
Red,firebomb,heal,Black,snipe,wall
Red,firebomb,heal,Black,freeze,heal
Red,firebomb,heal,Black,freeze,reinforcements
Red,firebomb,heal,Black,freeze,speed
Red,firebomb,heal,Black,freeze,wall
Red,firebomb,heal,Blue,nuke,heal
Red,firebomb,heal,Blue,nuke,reinforcements
Red,firebomb,heal,Blue,nuke,speed
Red,firebomb,heal,Blue,nuke,wall
Red,firebomb,heal,Blue,firebomb,heal
Red,firebomb,heal,Blue,firebomb,reinforcements
Red,firebomb,heal,Blue,firebomb,speed
Red,firebomb,heal,Blue,firebomb,wall
Red,firebomb,heal,Blue,snipe,heal
Red,firebomb,heal,Blue,snipe,reinforcements
Red,firebomb,heal,Blue,snipe,speed
Red,firebomb,heal,Blue,snipe,wall
Red,firebomb,heal,Blue,freeze,heal
Red,firebomb,heal,Blue,freeze,reinforcements
Red,firebomb,heal,Blue,freeze,speed
Red,firebomb,heal,Blue,freeze,wall
Red,firebomb,heal,Green,nuke,heal
Red,firebomb,heal,Green,nuke,reinforcements
Red,firebomb,heal,Green,nuke,speed
Red,firebomb,heal,Green,nuke,wall
Red,firebomb,heal,Green,firebomb,heal
Red,firebomb,heal,Green,firebomb,reinforcements
Red,firebomb,heal,Green,firebomb,speed
Red,firebomb,heal,Green,firebomb,wall
Red,firebomb,heal,Green,snipe,heal
Red,firebomb,heal,Green,snipe,reinforcements
Red,firebomb,heal,Green,snipe,speed
Red,firebomb,heal,Green,snipe,wall
Red,firebomb,heal,Green,freeze,heal
Red,firebomb,heal,Green,freeze,reinforcements
Red,firebomb,heal,Green,freeze,speed
Red,firebomb,heal,Green,freeze,wall
Red,firebomb,heal,Orange,nuke,heal
Red,firebomb,heal,Orange,nuke,reinforcements
Red,firebomb,heal,Orange,nuke,speed
Red,firebomb,heal,Orange,nuke,wall
Red,firebomb,heal,Orange,firebomb,heal
Red,firebomb,heal,Orange,firebomb,reinforcements
Red,firebomb,heal,Orange,firebomb,speed
Red,firebomb,heal,Orange,firebomb,wall
Red,firebomb,heal,Orange,snipe,heal
Red,firebomb,heal,Orange,snipe,reinforcements
Red,firebomb,heal,Orange,snipe,speed
Red,firebomb,heal,Orange,snipe,wall
Red,firebomb,heal,Orange,freeze,heal
Red,firebomb,heal,Orange,freeze,reinforcements
Red,firebomb,heal,Orange,freeze,speed
Red,firebomb,heal,Orange,freeze,wall
Red,firebomb,heal,Purple,nuke,heal
Red,firebomb,heal,Purple,nuke,reinforcements
Red,firebomb,heal,Purple,nuke,speed
Red,firebomb,heal,Purple,nuke,wall
Red,firebomb,heal,Purple,firebomb,heal
Red,firebomb,heal,Purple,firebomb,reinforcements
Red,firebomb,heal,Purple,firebomb,speed
Red,firebomb,heal,Purple,firebomb,wall
Red,firebomb,heal,Purple,snipe,heal
Red,firebomb,heal,Purple,snipe,reinforcements
Red,firebomb,heal,Purple,snipe,speed
Red,firebomb,heal,Purple,snipe,wall
Red,firebomb,heal,Purple,freeze,heal
Red,firebomb,heal,Purple,freeze,reinforcements
Red,firebomb,heal,Purple,freeze,speed
Red,firebomb,heal,Purple,freeze,wall
Red,firebomb,heal,Red,nuke,heal
Red,firebomb,heal,Red,nuke,reinforcements
Red,firebomb,heal,Red,nuke,speed
Red,firebomb,heal,Red,nuke,wall
Red,firebomb,heal,Red,firebomb,heal
Red,firebomb,heal,Red,firebomb,reinforcements
Red,firebomb,heal,Red,firebomb,speed
Red,firebomb,heal,Red,firebomb,wall
Red,firebomb,heal,Red,snipe,heal
Red,firebomb,heal,Red,snipe,reinforcements
Red,firebomb,heal,Red,snipe,speed
Red,firebomb,heal,Red,snipe,wall
Red,firebomb,heal,Red,freeze,heal
Red,firebomb,heal,Red,freeze,reinforcements
Red,firebomb,heal,Red,freeze,speed
Red,firebomb,heal,Red,freeze,wall
Red,firebomb,heal,White,nuke,heal
Red,firebomb,heal,White,nuke,reinforcements
Red,firebomb,heal,White,nuke,speed
Red,firebomb,heal,White,nuke,wall
Red,firebomb,heal,White,firebomb,heal
Red,firebomb,heal,White,firebomb,reinforcements
Red,firebomb,heal,White,firebomb,speed
Red,firebomb,heal,White,firebomb,wall
Red,firebomb,heal,White,snipe,heal
Red,firebomb,heal,White,snipe,reinforcements
Red,firebomb,heal,White,snipe,speed
Red,firebomb,heal,White,snipe,wall
Red,firebomb,heal,White,freeze,heal
Red,firebomb,heal,White,freeze,reinforcements
Red,firebomb,heal,White,freeze,speed
Red,firebomb,heal,White,freeze,wall
Red,firebomb,heal,Yellow,nuke,heal
Red,firebomb,heal,Yellow,nuke,reinforcements
Red,firebomb,heal,Yellow,nuke,speed
Red,firebomb,heal,Yellow,nuke,wall
Red,firebomb,heal,Yellow,firebomb,heal
Red,firebomb,heal,Yellow,firebomb,reinforcements
Red,firebomb,heal,Yellow,firebomb,speed
Red,firebomb,heal,Yellow,firebomb,wall
Red,firebomb,heal,Yellow,snipe,heal
Red,firebomb,heal,Yellow,snipe,reinforcements
Red,firebomb,heal,Yellow,snipe,speed
Red,firebomb,heal,Yellow,snipe,wall
Red,firebomb,heal,Yellow,freeze,heal
Red,firebomb,heal,Yellow,freeze,reinforcements
Red,firebomb,heal,Yellow,freeze,speed
Red,firebomb,heal,Yellow,freeze,wall
Red,firebomb,reinforcements,Black,nuke,heal
Red,firebomb,reinforcements,Black,nuke,reinforcements
Red,firebomb,reinforcements,Black,nuke,speed
Red,firebomb,reinforcements,Black,nuke,wall
Red,firebomb,reinforcements,Black,firebomb,heal
Red,firebomb,reinforcements,Black,firebomb,reinforcements
Red,firebomb,reinforcements,Black,firebomb,speed
Red,firebomb,reinforcements,Black,firebomb,wall
Red,firebomb,reinforcements,Black,snipe,heal
Red,firebomb,reinforcements,Black,snipe,reinforcements
Red,firebomb,reinforcements,Black,snipe,speed
Red,firebomb,reinforcements,Black,snipe,wall
Red,firebomb,reinforcements,Black,freeze,heal
Red,firebomb,reinforcements,Black,freeze,reinforcements
Red,firebomb,reinforcements,Black,freeze,speed
Red,firebomb,reinforcements,Black,freeze,wall
Red,firebomb,reinforcements,Blue,nuke,heal
Red,firebomb,reinforcements,Blue,nuke,reinforcements
Red,firebomb,reinforcements,Blue,nuke,speed
Red,firebomb,reinforcements,Blue,nuke,wall
Red,firebomb,reinforcements,Blue,firebomb,heal
Red,firebomb,reinforcements,Blue,firebomb,reinforcements
Red,firebomb,reinforcements,Blue,firebomb,speed
Red,firebomb,reinforcements,Blue,firebomb,wall
Red,firebomb,reinforcements,Blue,snipe,heal
Red,firebomb,reinforcements,Blue,snipe,reinforcements
Red,firebomb,reinforcements,Blue,snipe,speed
Red,firebomb,reinforcements,Blue,snipe,wall
Red,firebomb,reinforcements,Blue,freeze,heal
Red,firebomb,reinforcements,Blue,freeze,reinforcements
Red,firebomb,reinforcements,Blue,freeze,speed
Red,firebomb,reinforcements,Blue,freeze,wall
Red,firebomb,reinforcements,Green,nuke,heal
Red,firebomb,reinforcements,Green,nuke,reinforcements
Red,firebomb,reinforcements,Green,nuke,speed
Red,firebomb,reinforcements,Green,nuke,wall
Red,firebomb,reinforcements,Green,firebomb,heal
Red,firebomb,reinforcements,Green,firebomb,reinforcements
Red,firebomb,reinforcements,Green,firebomb,speed
Red,firebomb,reinforcements,Green,firebomb,wall
Red,firebomb,reinforcements,Green,snipe,heal
Red,firebomb,reinforcements,Green,snipe,reinforcements
Red,firebomb,reinforcements,Green,snipe,speed
Red,firebomb,reinforcements,Green,snipe,wall
