human_team,human_off,human_def,bot_team,bot_off,bot_def
Green,snipe,speed,Red,firebomb,speed
Green,snipe,speed,Red,firebomb,wall
Green,snipe,speed,Red,snipe,heal
Green,snipe,speed,Red,snipe,reinforcements
Green,snipe,speed,Red,snipe,speed
Green,snipe,speed,Red,snipe,wall
Green,snipe,speed,Red,freeze,heal
Green,snipe,speed,Red,freeze,reinforcements
Green,snipe,speed,Red,freeze,speed
Green,snipe,speed,Red,freeze,wall
Green,snipe,speed,White,nuke,heal
Green,snipe,speed,White,nuke,reinforcements
Green,snipe,speed,White,nuke,speed
Green,snipe,speed,White,nuke,wall
Green,snipe,speed,White,firebomb,heal
Green,snipe,speed,White,firebomb,reinforcements
Green,snipe,speed,White,firebomb,speed
Green,snipe,speed,White,firebomb,wall
Green,snipe,speed,White,snipe,heal
Green,snipe,speed,White,snipe,reinforcements
Green,snipe,speed,White,snipe,speed
Green,snipe,speed,White,snipe,wall
Green,snipe,speed,White,freeze,heal
Green,snipe,speed,White,freeze,reinforcements
Green,snipe,speed,White,freeze,speed
Green,snipe,speed,White,freeze,wall
Green,snipe,speed,Yellow,nuke,heal
Green,snipe,speed,Yellow,nuke,reinforcements
Green,snipe,speed,Yellow,nuke,speed
Green,snipe,speed,Yellow,nuke,wall
Green,snipe,speed,Yellow,firebomb,heal
Green,snipe,speed,Yellow,firebomb,reinforcements
Green,snipe,speed,Yellow,firebomb,speed
Green,snipe,speed,Yellow,firebomb,wall
Green,snipe,speed,Yellow,snipe,heal
Green,snipe,speed,Yellow,snipe,reinforcements
Green,snipe,speed,Yellow,snipe,speed
Green,snipe,speed,Yellow,snipe,wall
Green,snipe,speed,Yellow,freeze,heal
Green,snipe,speed,Yellow,freeze,reinforcements
Green,snipe,speed,Yellow,freeze,speed
Green,snipe,speed,Yellow,freeze,wall
Green,snipe,wall,Black,nuke,heal
Green,snipe,wall,Black,nuke,reinforcements
Green,snipe,wall,Black,nuke,speed
Green,snipe,wall,Black,nuke,wall
Green,snipe,wall,Black,firebomb,heal
Green,snipe,wall,Black,firebomb,reinforcements
Green,snipe,wall,Black,firebomb,speed
Green,snipe,wall,Black,firebomb,wall
Green,snipe,wall,Black,snipe,heal
Green,snipe,wall,Black,snipe,reinforcements
Green,snipe,wall,Black,snipe,speed
Green,snipe,wall,Black,snipe,wall
Green,snipe,wall,Black,freeze,heal
Green,snipe,wall,Black,freeze,reinforcements
Green,snipe,wall,Black,freeze,speed
Green,snipe,wall,Black,freeze,wall
Green,snipe,wall,Blue,nuke,heal
Green,snipe,wall,Blue,nuke,reinforcements
Green,snipe,wall,Blue,nuke,speed
Green,snipe,wall,Blue,nuke,wall
Green,snipe,wall,Blue,firebomb,heal
Green,snipe,wall,Blue,firebomb,reinforcements
Green,snipe,wall,Blue,firebomb,speed
Green,snipe,wall,Blue,firebomb,wall
Green,snipe,wall,Blue,snipe,heal
Green,snipe,wall,Blue,snipe,reinforcements
Green,snipe,wall,Blue,snipe,speed
Green,snipe,wall,Blue,snipe,wall
Green,snipe,wall,Blue,freeze,heal
Green,snipe,wall,Blue,freeze,reinforcements
Green,snipe,wall,Blue,freeze,speed
Green,snipe,wall,Blue,freeze,wall
Green,snipe,wall,Green,nuke,heal
Green,snipe,wall,Green,nuke,reinforcements
Green,snipe,wall,Green,nuke,speed
Green,snipe,wall,Green,nuke,wall
Green,snipe,wall,Green,firebomb,heal
Green,snipe,wall,Green,firebomb,reinforcements
Green,snipe,wall,Green,firebomb,speed
Green,snipe,wall,Green,firebomb,wall
Green,snipe,wall,Green,snipe,heal
Green,snipe,wall,Green,snipe,reinforcements
Green,snipe,wall,Green,snipe,speed
Green,snipe,wall,Green,snipe,wall
Green,snipe,wall,Green,freeze,heal
Green,snipe,wall,Green,freeze,reinforcements
Green,snipe,wall,Green,freeze,speed
Green,snipe,wall,Green,freeze,wall
Green,snipe,wall,Orange,nuke,heal
Green,snipe,wall,Orange,nuke,reinforcements
Green,snipe,wall,Orange,nuke,speed
Green,snipe,wall,Orange,nuke,wall
Green,snipe,wall,Orange,firebomb,heal
Green,snipe,wall,Orange,firebomb,reinforcements
Green,snipe,wall,Orange,firebomb,speed
Green,snipe,wall,Orange,firebomb,wall
Green,snipe,wall,Orange,snipe,heal
Green,snipe,wall,Orange,snipe,reinforcements
Green,snipe,wall,Orange,snipe,speed
Green,snipe,wall,Orange,snipe,wall
Green,snipe,wall,Orange,freeze,heal
Green,snipe,wall,Orange,freeze,reinforcements
Green,snipe,wall,Orange,freeze,speed
Green,snipe,wall,Orange,freeze,wall
Green,snipe,wall,Purple,nuke,heal
Green,snipe,wall,Purple,nuke,reinforcements
Green,snipe,wall,Purple,nuke,speed
Green,snipe,wall,Purple,nuke,wall
Green,snipe,wall,Purple,firebomb,heal
Green,snipe,wall,Purple,firebomb,reinforcements
Green,snipe,wall,Purple,firebomb,speed
Green,snipe,wall,Purple,firebomb,wall
Green,snipe,wall,Purple,snipe,heal
Green,snipe,wall,Purple,snipe,reinforcements
Green,snipe,wall,Purple,snipe,speed
Green,snipe,wall,Purple,snipe,wall
Green,snipe,wall,Purple,freeze,heal
Green,snipe,wall,Purple,freeze,reinforcements
Green,snipe,wall,Purple,freeze,speed
Green,snipe,wall,Purple,freeze,wall
Green,snipe,wall,Red,nuke,heal
Green,snipe,wall,Red,nuke,reinforcements
Green,snipe,wall,Red,nuke,speed
Green,snipe,wall,Red,nuke,wall
Green,snipe,wall,Red,firebomb,heal
Green,snipe,wall,Red,firebomb,reinforcements
Green,snipe,wall,Red,firebomb,speed
Green,snipe,wall,Red,firebomb,wall
Green,snipe,wall,Red,snipe,heal
Green,snipe,wall,Red,snipe,reinforcements
Green,snipe,wall,Red,snipe,speed
Green,snipe,wall,Red,snipe,wall
Green,snipe,wall,Red,freeze,heal
Green,snipe,wall,Red,freeze,reinforcements
Green,snipe,wall,Red,freeze,speed
Green,snipe,wall,Red,freeze,wall
Green,snipe,wall,White,nuke,heal
Green,snipe,wall,White,nuke,reinforcements
Green,snipe,wall,White,nuke,speed
Green,snipe,wall,White,nuke,wall
Green,snipe,wall,White,firebomb,heal
Green,snipe,wall,White,firebomb,reinforcements
Green,snipe,wall,White,firebomb,speed
Green,snipe,wall,White,firebomb,wall
Green,snipe,wall,White,snipe,heal
Green,snipe,wall,White,snipe,reinforcements
Green,snipe,wall,White,snipe,speed
Green,snipe,wall,White,snipe,wall
Green,snipe,wall,White,freeze,heal
Green,snipe,wall,White,freeze,reinforcements
Green,snipe,wall,White,freeze,speed
Green,snipe,wall,White,freeze,wall
Green,snipe,wall,Yellow,nuke,heal
Green,snipe,wall,Yellow,nuke,reinforcements
Green,snipe,wall,Yellow,nuke,speed
Green,snipe,wall,Yellow,nuke,wall
Green,snipe,wall,Yellow,firebomb,heal
Green,snipe,wall,Yellow,firebomb,reinforcements
Green,snipe,wall,Yellow,firebomb,speed
Green,snipe,wall,Yellow,firebomb,wall
Green,snipe,wall,Yellow,snipe,heal
Green,snipe,wall,Yellow,snipe,reinforcements
Green,snipe,wall,Yellow,snipe,speed
Green,snipe,wall,Yellow,snipe,wall
Green,snipe,wall,Yellow,freeze,heal
Green,snipe,wall,Yellow,freeze,reinforcements
Green,snipe,wall,Yellow,freeze,speed
Green,snipe,wall,Yellow,freeze,wall
Green,freeze,heal,Black,nuke,heal
Green,freeze,heal,Black,nuke,reinforcements
Green,freeze,heal,Black,nuke,speed
Green,freeze,heal,Black,nuke,wall
Green,freeze,heal,Black,firebomb,heal
Green,freeze,heal,Black,firebomb,reinforcements
Green,freeze,heal,Black,firebomb,speed
Green,freeze,heal,Black,firebomb,wall
Green,freeze,heal,Black,snipe,heal
Green,freeze,heal,Black,snipe,reinforcements
Green,freeze,heal,Black,snipe,speed
Green,freeze,heal,Black,snipe,wall
Green,freeze,heal,Black,freeze,heal
Green,freeze,heal,Black,freeze,reinforcements
Green,freeze,heal,Black,freeze,speed
Green,freeze,heal,Black,freeze,wall
Green,freeze,heal,Blue,nuke,heal
Green,freeze,heal,Blue,nuke,reinforcements
Green,freeze,heal,Blue,nuke,speed
Green,freeze,heal,Blue,nuke,wall
Green,freeze,heal,Blue,firebomb,heal
Green,freeze,heal,Blue,firebomb,reinforcements
Green,freeze,heal,Blue,firebomb,speed
Green,freeze,heal,Blue,firebomb,wall
Green,freeze,heal,Blue,snipe,heal
Green,freeze,heal,Blue,snipe,reinforcements
Green,freeze,heal,Blue,snipe,speed
Green,freeze,heal,Blue,snipe,wall
Green,freeze,heal,Blue,freeze,heal
Green,freeze,heal,Blue,freeze,reinforcements
Green,freeze,heal,Blue,freeze,speed
Green,freeze,heal,Blue,freeze,wall
Green,freeze,heal,Green,nuke,heal
Green,freeze,heal,Green,nuke,reinforcements
Green,freeze,heal,Green,nuke,speed
Green,freeze,heal,Green,nuke,wall
Green,freeze,heal,Green,firebomb,heal
Green,freeze,heal,Green,firebomb,reinforcements
Green,freeze,heal,Green,firebomb,speed
Green,freeze,heal,Green,firebomb,wall
Green,freeze,heal,Green,snipe,heal
Green,freeze,heal,Green,snipe,reinforcements
Green,freeze,heal,Green,snipe,speed
Green,freeze,heal,Green,snipe,wall
Green,freeze,heal,Green,freeze,heal
Green,freeze,heal,Green,freeze,reinforcements
Green,freeze,heal,Green,freeze,speed
Green,freeze,heal,Green,freeze,wall
Green,freeze,heal,Orange,nuke,heal
Green,freeze,heal,Orange,nuke,reinforcements
Green,freeze,heal,Orange,nuke,speed
Green,freeze,heal,Orange,nuke,wall
Green,freeze,heal,Orange,firebomb,heal
Green,freeze,heal,Orange,firebomb,reinforcements
Green,freeze,heal,Orange,firebomb,speed
Green,freeze,heal,Orange,firebomb,wall
Green,freeze,heal,Orange,snipe,heal
Green,freeze,heal,Orange,snipe,reinforcements
Green,freeze,heal,Orange,snipe,speed
Green,freeze,heal,Orange,snipe,wall
Green,freeze,heal,Orange,freeze,heal
Green,freeze,heal,Orange,freeze,reinforcements
Green,freeze,heal,Orange,freeze,speed
Green,freeze,heal,Orange,freeze,wall
Green,freeze,heal,Purple,nuke,heal
Green,freeze,heal,Purple,nuke,reinforcements
Green,freeze,heal,Purple,nuke,speed
Green,freeze,heal,Purple,nuke,wall
Green,freeze,heal,Purple,firebomb,heal
Green,freeze,heal,Purple,firebomb,reinforcements
Green,freeze,heal,Purple,firebomb,speed
Green,freeze,heal,Purple,firebomb,wall
Green,freeze,heal,Purple,snipe,heal
Green,freeze,heal,Purple,snipe,reinforcements
Green,freeze,heal,Purple,snipe,speed
Green,freeze,heal,Purple,snipe,wall
Green,freeze,heal,Purple,freeze,heal
Green,freeze,heal,Purple,freeze,reinforcements
Green,freeze,heal,Purple,freeze,speed
Green,freeze,heal,Purple,freeze,wall
Green,freeze,heal,Red,nuke,heal
Green,freeze,heal,Red,nuke,reinforcements
Green,freeze,heal,Red,nuke,speed
Green,freeze,heal,Red,nuke,wall
Green,freeze,heal,Red,firebomb,heal
Green,freeze,heal,Red,firebomb,reinforcements
Green,freeze,heal,Red,firebomb,speed
Green,freeze,heal,Red,firebomb,wall
Green,freeze,heal,Red,snipe,heal
Green,freeze,heal,Red,snipe,reinforcements
Green,freeze,heal,Red,snipe,speed
Green,freeze,heal,Red,snipe,wall
Green,freeze,heal,Red,freeze,heal
Green,freeze,heal,Red,freeze,reinforcements
Green,freeze,heal,Red,freeze,speed
Green,freeze,heal,Red,freeze,wall
Green,freeze,heal,White,nuke,heal
Green,freeze,heal,White,nuke,reinforcements
Green,freeze,heal,White,nuke,speed
Green,freeze,heal,White,nuke,wall
Green,freeze,heal,White,firebomb,heal
Green,freeze,heal,White,firebomb,reinforcements
Green,freeze,heal,White,firebomb,speed
Green,freeze,heal,White,firebomb,wall
Green,freeze,heal,White,snipe,heal
Green,freeze,heal,White,snipe,reinforcements
Green,freeze,heal,White,snipe,speed
Green,freeze,heal,White,snipe,wall
Green,freeze,heal,White,freeze,heal
Green,freeze,heal,White,freeze,reinforcements
Green,freeze,heal,White,freeze,speed
Green,freeze,heal,White,freeze,wall
Green,freeze,heal,Yellow,nuke,heal
Green,freeze,heal,Yellow,nuke,reinforcements
Green,freeze,heal,Yellow,nuke,speed
Green,freeze,heal,Yellow,nuke,wall
Green,freeze,heal,Yellow,firebomb,heal
Green,freeze,heal,Yellow,firebomb,reinforcements
Green,freeze,heal,Yellow,firebomb,speed
Green,freeze,heal,Yellow,firebomb,wall
Green,freeze,heal,Yellow,snipe,heal
Green,freeze,heal,Yellow,snipe,reinforcements
Green,freeze,heal,Yellow,snipe,speed
Green,freeze,heal,Yellow,snipe,wall
Green,freeze,heal,Yellow,freeze,heal
Green,freeze,heal,Yellow,freeze,reinforcements
Green,freeze,heal,Yellow,freeze,speed
Green,freeze,heal,Yellow,freeze,wall
Green,freeze,reinforcements,Black,nuke,heal
Green,freeze,reinforcements,Black,nuke,reinforcements
Green,freeze,reinforcements,Black,nuke,speed
Green,freeze,reinforcements,Black,nuke,wall
Green,freeze,reinforcements,Black,firebomb,heal
Green,freeze,reinforcements,Black,firebomb,reinforcements
Green,freeze,reinforcements,Black,firebomb,speed
Green,freeze,reinforcements,Black,firebomb,wall
Green,freeze,reinforcements,Black,snipe,heal
Green,freeze,reinforcements,Black,snipe,reinforcements
Green,freeze,reinforcements,Black,snipe,speed
Green,freeze,reinforcements,Black,snipe,wall
Green,freeze,reinforcements,Black,freeze,heal
Green,freeze,reinforcements,Black,freeze,reinforcements
Green,freeze,reinforcements,Black,freeze,speed
Green,freeze,reinforcements,Black,freeze,wall
Green,freeze,reinforcements,Blue,nuke,heal
Green,freeze,reinforcements,Blue,nuke,reinforcements
Green,freeze,reinforcements,Blue,nuke,speed
Green,freeze,reinforcements,Blue,nuke,wall
Green,freeze,reinforcements,Blue,firebomb,heal
Green,freeze,reinforcements,Blue,firebomb,reinforcements
Green,freeze,reinforcements,Blue,firebomb,speed
Green,freeze,reinforcements,Blue,firebomb,wall
Green,freeze,reinforcements,Blue,snipe,heal
Green,freeze,reinforcements,Blue,snipe,reinforcements
Green,freeze,reinforcements,Blue,snipe,speed
Green,freeze,reinforcements,Blue,snipe,wall
Green,freeze,reinforcements,Blue,freeze,heal
Green,freeze,reinforcements,Blue,freeze,reinforcements
Green,freeze,reinforcements,Blue,freeze,speed
Green,freeze,reinforcements,Blue,freeze,wall
Green,freeze,reinforcements,Green,nuke,heal
Green,freeze,reinforcements,Green,nuke,reinforcements
Green,freeze,reinforcements,Green,nuke,speed
Green,freeze,reinforcements,Green,nuke,wall
Green,freeze,reinforcements,Green,firebomb,heal
Green,freeze,reinforcements,Green,firebomb,reinforcements
Green,freeze,reinforcements,Green,firebomb,speed
Green,freeze,reinforcements,Green,firebomb,wall
Green,freeze,reinforcements,Green,snipe,heal
Green,freeze,reinforcements,Green,snipe,reinforcements
Green,freeze,reinforcements,Green,snipe,speed
Green,freeze,reinforcements,Green,snipe,wall
Green,freeze,reinforcements,Green,freeze,heal
Green,freeze,reinforcements,Green,freeze,reinforcements
Green,freeze,reinforcements,Green,freeze,speed
Green,freeze,reinforcements,Green,freeze,wall
Green,freeze,reinforcements,Orange,nuke,heal
Green,freeze,reinforcements,Orange,nuke,reinforcements
Green,freeze,reinforcements,Orange,nuke,speed
Green,freeze,reinforcements,Orange,nuke,wall
Green,freeze,reinforcements,Orange,firebomb,heal
Green,freeze,reinforcements,Orange,firebomb,reinforcements
Green,freeze,reinforcements,Orange,firebomb,speed
Green,freeze,reinforcements,Orange,firebomb,wall
Green,freeze,reinforcements,Orange,snipe,heal
Green,freeze,reinforcements,Orange,snipe,reinforcements
Green,freeze,reinforcements,Orange,snipe,speed
Green,freeze,reinforcements,Orange,snipe,wall
Green,freeze,reinforcements,Orange,freeze,heal
Green,freeze,reinforcements,Orange,freeze,reinforcements
Green,freeze,reinforcements,Orange,freeze,speed
Green,freeze,reinforcements,Orange,freeze,wall
Green,freeze,reinforcements,Purple,nuke,heal
Green,freeze,reinforcements,Purple,nuke,reinforcements
Green,freeze,reinforcements,Purple,nuke,speed
Green,freeze,reinforcements,Purple,nuke,wall
Green,freeze,reinforcements,Purple,firebomb,heal
Green,freeze,reinforcements,Purple,firebomb,reinforcements
Green,freeze,reinforcements,Purple,firebomb,speed
Green,freeze,reinforcements,Purple,firebomb,wall
Green,freeze,reinforcements,Purple,snipe,heal
Green,freeze,reinforcements,Purple,snipe,reinforcements
Green,freeze,reinforcements,Purple,snipe,speed
Green,freeze,reinforcements,Purple,snipe,wall
Green,freeze,reinforcements,Purple,freeze,heal
Green,freeze,reinforcements,Purple,freeze,reinforcements
Green,freeze,reinforcements,Purple,freeze,speed
Green,freeze,reinforcements,Purple,freeze,wall
Green,freeze,reinforcements,Red,nuke,heal
Green,freeze,reinforcements,Red,nuke,reinforcements
Green,freeze,reinforcements,Red,nuke,speed
Green,freeze,reinforcements,Red,nuke,wall
Green,freeze,reinforcements,Red,firebomb,heal
Green,freeze,reinforcements,Red,firebomb,reinforcements
Green,freeze,reinforcements,Red,firebomb,speed
Green,freeze,reinforcements,Red,firebomb,wall
Green,freeze,reinforcements,Red,snipe,heal
Green,freeze,reinforcements,Red,snipe,reinforcements
Green,freeze,reinforcements,Red,snipe,speed
Green,freeze,reinforcements,Red,snipe,wall
Green,freeze,reinforcements,Red,freeze,heal
Green,freeze,reinforcements,Red,freeze,reinforcements
Green,freeze,reinforcements,Red,freeze,speed
Green,freeze,reinforcements,Red,freeze,wall
Green,freeze,reinforcements,White,nuke,heal
Green,freeze,reinforcements,White,nuke,reinforcements
Green,freeze,reinforcements,White,nuke,speed
Green,freeze,reinforcements,White,nuke,wall
Green,freeze,reinforcements,White,firebomb,heal
Green,freeze,reinforcements,White,firebomb,reinforcements
Green,freeze,reinforcements,White,firebomb,speed
Green,freeze,reinforcements,White,firebomb,wall
Green,freeze,reinforcements,White,snipe,heal
Green,freeze,reinforcements,White,snipe,reinforcements
Green,freeze,reinforcements,White,snipe,speed
Green,freeze,reinforcements,White,snipe,wall
Green,freeze,reinforcements,White,freeze,heal
Green,freeze,reinforcements,White,freeze,reinforcements
Green,freeze,reinforcements,White,freeze,speed
Green,freeze,reinforcements,White,freeze,wall
Green,freeze,reinforcements,Yellow,nuke,heal
Green,freeze,reinforcements,Yellow,nuke,reinforcements
Green,freeze,reinforcements,Yellow,nuke,speed
Green,freeze,reinforcements,Yellow,nuke,wall
Green,freeze,reinforcements,Yellow,firebomb,heal
Green,freeze,reinforcements,Yellow,firebomb,reinforcements
Green,freeze,reinforcements,Yellow,firebomb,speed
Green,freeze,reinforcements,Yellow,firebomb,wall
Green,freeze,reinforcements,Yellow,snipe,heal
Green,freeze,reinforcements,Yellow,snipe,reinforcements
Green,freeze,reinforcements,Yellow,snipe,speed
Green,freeze,reinforcements,Yellow,snipe,wall
Green,freeze,reinforcements,Yellow,freeze,heal
Green,freeze,reinforcements,Yellow,freeze,reinforcements
Green,freeze,reinforcements,Yellow,freeze,speed
Green,freeze,reinforcements,Yellow,freeze,wall
Green,freeze,speed,Black,nuke,heal
Green,freeze,speed,Black,nuke,reinforcements
Green,freeze,speed,Black,nuke,speed
Green,freeze,speed,Black,nuke,wall
Green,freeze,speed,Black,firebomb,heal
Green,freeze,speed,Black,firebomb,reinforcements
Green,freeze,speed,Black,firebomb,speed
Green,freeze,speed,Black,firebomb,wall
Green,freeze,speed,Black,snipe,heal
Green,freeze,speed,Black,snipe,reinforcements
Green,freeze,speed,Black,snipe,speed
Green,freeze,speed,Black,snipe,wall
Green,freeze,speed,Black,freeze,heal
Green,freeze,speed,Black,freeze,reinforcements
Green,freeze,speed,Black,freeze,speed
Green,freeze,speed,Black,freeze,wall
Green,freeze,speed,Blue,nuke,heal
Green,freeze,speed,Blue,nuke,reinforcements
Green,freeze,speed,Blue,nuke,speed
Green,freeze,speed,Blue,nuke,wall
Green,freeze,speed,Blue,firebomb,heal
Green,freeze,speed,Blue,firebomb,reinforcements
Green,freeze,speed,Blue,firebomb,speed
Green,freeze,speed,Blue,firebomb,wall
Green,freeze,speed,Blue,snipe,heal
Green,freeze,speed,Blue,snipe,reinforcements
Green,freeze,speed,Blue,snipe,speed
Green,freeze,speed,Blue,snipe,wall
Green,freeze,speed,Blue,freeze,heal
Green,freeze,speed,Blue,freeze,reinforcements
Green,freeze,speed,Blue,freeze,speed
Green,freeze,speed,Blue,freeze,wall
Green,freeze,speed,Green,nuke,heal
Green,freeze,speed,Green,nuke,reinforcements
Green,freeze,speed,Green,nuke,speed
Green,freeze,speed,Green,nuke,wall
Green,freeze,speed,Green,firebomb,heal
Green,freeze,speed,Green,firebomb,reinforcements
Green,freeze,speed,Green,firebomb,speed
Green,freeze,speed,Green,firebomb,wall
Green,freeze,speed,Green,snipe,heal
Green,freeze,speed,Green,snipe,reinforcements
Green,freeze,speed,Green,snipe,speed
Green,freeze,speed,Green,snipe,wall
Green,freeze,speed,Green,freeze,heal
Green,freeze,speed,Green,freeze,reinforcements
Green,freeze,speed,Green,freeze,speed
Green,freeze,speed,Green,freeze,wall
Green,freeze,speed,Orange,nuke,heal
Green,freeze,speed,Orange,nuke,reinforcements
Green,freeze,speed,Orange,nuke,speed
Green,freeze,speed,Orange,nuke,wall
Green,freeze,speed,Orange,firebomb,heal
Green,freeze,speed,Orange,firebomb,reinforcements
Green,freeze,speed,Orange,firebomb,speed
Green,freeze,speed,Orange,firebomb,wall
Green,freeze,speed,Orange,snipe,heal
Green,freeze,speed,Orange,snipe,reinforcements
Green,freeze,speed,Orange,snipe,speed
Green,freeze,speed,Orange,snipe,wall
Green,freeze,speed,Orange,freeze,heal
Green,freeze,speed,Orange,freeze,reinforcements
Green,freeze,speed,Orange,freeze,speed
Green,freeze,speed,Orange,freeze,wall
Green,freeze,speed,Purple,nuke,heal
Green,freeze,speed,Purple,nuke,reinforcements
Green,freeze,speed,Purple,nuke,speed
Green,freeze,speed,Purple,nuke,wall
Green,freeze,speed,Purple,firebomb,heal
Green,freeze,speed,Purple,firebomb,reinforcements
Green,freeze,speed,Purple,firebomb,speed
Green,freeze,speed,Purple,firebomb,wall
Green,freeze,speed,Purple,snipe,heal
Green,freeze,speed,Purple,snipe,reinforcements
Green,freeze,speed,Purple,snipe,speed
Green,freeze,speed,Purple,snipe,wall
Green,freeze,speed,Purple,freeze,heal
Green,freeze,speed,Purple,freeze,reinforcements
Green,freeze,speed,Purple,freeze,speed
Green,freeze,speed,Purple,freeze,wall
Green,freeze,speed,Red,nuke,heal
Green,freeze,speed,Red,nuke,reinforcements
Green,freeze,speed,Red,nuke,speed
Green,freeze,speed,Red,nuke,wall
Green,freeze,speed,Red,firebomb,heal
Green,freeze,speed,Red,firebomb,reinforcements
Green,freeze,speed,Red,firebomb,speed
Green,freeze,speed,Red,firebomb,wall
Green,freeze,speed,Red,snipe,heal
Green,freeze,speed,Red,snipe,reinforcements
Green,freeze,speed,Red,snipe,speed
Green,freeze,speed,Red,snipe,wall
Green,freeze,speed,Red,freeze,heal
Green,freeze,speed,Red,freeze,reinforcements
Green,freeze,speed,Red,freeze,speed
Green,freeze,speed,Red,freeze,wall
Green,freeze,speed,White,nuke,heal
Green,freeze,speed,White,nuke,reinforcements
Green,freeze,speed,White,nuke,speed
Green,freeze,speed,White,nuke,wall
Green,freeze,speed,White,firebomb,heal
Green,freeze,speed,White,firebomb,reinforcements
Green,freeze,speed,White,firebomb,speed
Green,freeze,speed,White,firebomb,wall
Green,freeze,speed,White,snipe,heal
Green,freeze,speed,White,snipe,reinforcements
Green,freeze,speed,White,snipe,speed
Green,freeze,speed,White,snipe,wall
Green,freeze,speed,White,freeze,heal
Green,freeze,speed,White,freeze,reinforcements
Green,freeze,speed,White,freeze,speed
Green,freeze,speed,White,freeze,wall
Green,freeze,speed,Yellow,nuke,heal
Green,freeze,speed,Yellow,nuke,reinforcements
Green,freeze,speed,Yellow,nuke,speed
Green,freeze,speed,Yellow,nuke,wall
Green,freeze,speed,Yellow,firebomb,heal
Green,freeze,speed,Yellow,firebomb,reinforcements
Green,freeze,speed,Yellow,firebomb,speed
Green,freeze,speed,Yellow,firebomb,wall
Green,freeze,speed,Yellow,snipe,heal
Green,freeze,speed,Yellow,snipe,reinforcements
Green,freeze,speed,Yellow,snipe,speed
Green,freeze,speed,Yellow,snipe,wall
Green,freeze,speed,Yellow,freeze,heal
Green,freeze,speed,Yellow,freeze,reinforcements
Green,freeze,speed,Yellow,freeze,speed
Green,freeze,speed,Yellow,freeze,wall
Green,freeze,wall,Black,nuke,heal
Green,freeze,wall,Black,nuke,reinforcements
Green,freeze,wall,Black,nuke,speed
Green,freeze,wall,Black,nuke,wall
Green,freeze,wall,Black,firebomb,heal
Green,freeze,wall,Black,firebomb,reinforcements
Green,freeze,wall,Black,firebomb,speed
Green,freeze,wall,Black,firebomb,wall
Green,freeze,wall,Black,snipe,heal
Green,freeze,wall,Black,snipe,reinforcements
Green,freeze,wall,Black,snipe,speed
Green,freeze,wall,Black,snipe,wall
Green,freeze,wall,Black,freeze,heal
Green,freeze,wall,Black,freeze,reinforcements
Green,freeze,wall,Black,freeze,speed
Green,freeze,wall,Black,freeze,wall
Green,freeze,wall,Blue,nuke,heal
Green,freeze,wall,Blue,nuke,reinforcements
Green,freeze,wall,Blue,nuke,speed
Green,freeze,wall,Blue,nuke,wall
Green,freeze,wall,Blue,firebomb,heal
Green,freeze,wall,Blue,firebomb,reinforcements
Green,freeze,wall,Blue,firebomb,speed
Green,freeze,wall,Blue,firebomb,wall
Green,freeze,wall,Blue,snipe,heal
Green,freeze,wall,Blue,snipe,reinforcements
Green,freeze,wall,Blue,snipe,speed
Green,freeze,wall,Blue,snipe,wall
Green,freeze,wall,Blue,freeze,heal
Green,freeze,wall,Blue,freeze,reinforcements
Green,freeze,wall,Blue,freeze,speed
Green,freeze,wall,Blue,freeze,wall
Green,freeze,wall,Green,nuke,heal
Green,freeze,wall,Green,nuke,reinforcements
Green,freeze,wall,Green,nuke,speed
Green,freeze,wall,Green,nuke,wall
Green,freeze,wall,Green,firebomb,heal
Green,freeze,wall,Green,firebomb,reinforcements
Green,freeze,wall,Green,firebomb,speed
Green,freeze,wall,Green,firebomb,wall
Green,freeze,wall,Green,snipe,heal
Green,freeze,wall,Green,snipe,reinforcements
Green,freeze,wall,Green,snipe,speed
Green,freeze,wall,Green,snipe,wall
Green,freeze,wall,Green,freeze,heal
Green,freeze,wall,Green,freeze,reinforcements
Green,freeze,wall,Green,freeze,speed
Green,freeze,wall,Green,freeze,wall
Green,freeze,wall,Orange,nuke,heal
Green,freeze,wall,Orange,nuke,reinforcements
Green,freeze,wall,Orange,nuke,speed
Green,freeze,wall,Orange,nuke,wall
Green,freeze,wall,Orange,firebomb,heal
Green,freeze,wall,Orange,firebomb,reinforcements
Green,freeze,wall,Orange,firebomb,speed
Green,freeze,wall,Orange,firebomb,wall
Green,freeze,wall,Orange,snipe,heal
Green,freeze,wall,Orange,snipe,reinforcements
Green,freeze,wall,Orange,snipe,speed
Green,freeze,wall,Orange,snipe,wall
Green,freeze,wall,Orange,freeze,heal
Green,freeze,wall,Orange,freeze,reinforcements
Green,freeze,wall,Orange,freeze,speed
Green,freeze,wall,Orange,freeze,wall
Green,freeze,wall,Purple,nuke,heal
Green,freeze,wall,Purple,nuke,reinforcements
Green,freeze,wall,Purple,nuke,speed
Green,freeze,wall,Purple,nuke,wall
Green,freeze,wall,Purple,firebomb,heal
Green,freeze,wall,Purple,firebomb,reinforcements
Green,freeze,wall,Purple,firebomb,speed
Green,freeze,wall,Purple,firebomb,wall
Green,freeze,wall,Purple,snipe,heal
Green,freeze,wall,Purple,snipe,reinforcements
Green,freeze,wall,Purple,snipe,speed
Green,freeze,wall,Purple,snipe,wall
Green,freeze,wall,Purple,freeze,heal
Green,freeze,wall,Purple,freeze,reinforcements
Green,freeze,wall,Purple,freeze,speed
Green,freeze,wall,Purple,freeze,wall
Green,freeze,wall,Red,nuke,heal
Green,freeze,wall,Red,nuke,reinforcements
Green,freeze,wall,Red,nuke,speed
Green,freeze,wall,Red,nuke,wall
Green,freeze,wall,Red,firebomb,heal
Green,freeze,wall,Red,firebomb,reinforcements
Green,freeze,wall,Red,firebomb,speed
Green,freeze,wall,Red,firebomb,wall
Green,freeze,wall,Red,snipe,heal
Green,freeze,wall,Red,snipe,reinforcements
Green,freeze,wall,Red,snipe,speed
Green,freeze,wall,Red,snipe,wall
Green,freeze,wall,Red,freeze,heal
Green,freeze,wall,Red,freeze,reinforcements
Green,freeze,wall,Red,freeze,speed
Green,freeze,wall,Red,freeze,wall
Green,freeze,wall,White,nuke,heal
Green,freeze,wall,White,nuke,reinforcements
Green,freeze,wall,White,nuke,speed
Green,freeze,wall,White,nuke,wall
Green,freeze,wall,White,firebomb,heal
Green,freeze,wall,White,firebomb,reinforcements
Green,freeze,wall,White,firebomb,speed
Green,freeze,wall,White,firebomb,wall
Green,freeze,wall,White,snipe,heal
Green,freeze,wall,White,snipe,reinforcements
Green,freeze,wall,White,snipe,speed
Green,freeze,wall,White,snipe,wall
Green,freeze,wall,White,freeze,heal
Green,freeze,wall,White,freeze,reinforcements
Green,freeze,wall,White,freeze,speed
Green,freeze,wall,White,freeze,wall
Green,freeze,wall,Yellow,nuke,heal
Green,freeze,wall,Yellow,nuke,reinforcements
Green,freeze,wall,Yellow,nuke,speed
Green,freeze,wall,Yellow,nuke,wall
Green,freeze,wall,Yellow,firebomb,heal
Green,freeze,wall,Yellow,firebomb,reinforcements
Green,freeze,wall,Yellow,firebomb,speed
Green,freeze,wall,Yellow,firebomb,wall
Green,freeze,wall,Yellow,snipe,heal
Green,freeze,wall,Yellow,snipe,reinforcements
Green,freeze,wall,Yellow,snipe,speed
Green,freeze,wall,Yellow,snipe,wall
Green,freeze,wall,Yellow,freeze,heal
Green,freeze,wall,Yellow,freeze,reinforcements
Green,freeze,wall,Yellow,freeze,speed
Green,freeze,wall,Yellow,freeze,wall
Orange,nuke,heal,Black,nuke,heal
Orange,nuke,heal,Black,nuke,reinforcements
Orange,nuke,heal,Black,nuke,speed
Orange,nuke,heal,Black,nuke,wall
Orange,nuke,heal,Black,firebomb,heal
Orange,nuke,heal,Black,firebomb,reinforcements
Orange,nuke,heal,Black,firebomb,speed
Orange,nuke,heal,Black,firebomb,wall
Orange,nuke,heal,Black,snipe,heal
Orange,nuke,heal,Black,snipe,reinforcements
Orange,nuke,heal,Black,snipe,speed
Orange,nuke,heal,Black,snipe,wall
Orange,nuke,heal,Black,freeze,heal
Orange,nuke,heal,Black,freeze,reinforcements
Orange,nuke,heal,Black,freeze,speed
Orange,nuke,heal,Black,freeze,wall
Orange,nuke,heal,Blue,nuke,heal
Orange,nuke,heal,Blue,nuke,reinforcements
Orange,nuke,heal,Blue,nuke,speed
Orange,nuke,heal,Blue,nuke,wall
Orange,nuke,heal,Blue,firebomb,heal
Orange,nuke,heal,Blue,firebomb,reinforcements
Orange,nuke,heal,Blue,firebomb,speed
Orange,nuke,heal,Blue,firebomb,wall
Orange,nuke,heal,Blue,snipe,heal
Orange,nuke,heal,Blue,snipe,reinforcements
Orange,nuke,heal,Blue,snipe,speed
Orange,nuke,heal,Blue,snipe,wall
Orange,nuke,heal,Blue,freeze,heal
Orange,nuke,heal,Blue,freeze,reinforcements
Orange,nuke,heal,Blue,freeze,speed
Orange,nuke,heal,Blue,freeze,wall
Orange,nuke,heal,Green,nuke,heal
Orange,nuke,heal,Green,nuke,reinforcements
Orange,nuke,heal,Green,nuke,speed
Orange,nuke,heal,Green,nuke,wall
Orange,nuke,heal,Green,firebomb,heal
Orange,nuke,heal,Green,firebomb,reinforcements
Orange,nuke,heal,Green,firebomb,speed
Orange,nuke,heal,Green,firebomb,wall
Orange,nuke,heal,Green,snipe,heal
Orange,nuke,heal,Green,snipe,reinforcements
Orange,nuke,heal,Green,snipe,speed
Orange,nuke,heal,Green,snipe,wall
Orange,nuke,heal,Green,freeze,heal
Orange,nuke,heal,Green,freeze,reinforcements
Orange,nuke,heal,Green,freeze,speed
Orange,nuke,heal,Green,freeze,wall
Orange,nuke,heal,Orange,nuke,heal
Orange,nuke,heal,Orange,nuke,reinforcements
Orange,nuke,heal,Orange,nuke,speed
Orange,nuke,heal,Orange,nuke,wall
Orange,nuke,heal,Orange,firebomb,heal
Orange,nuke,heal,Orange,firebomb,reinforcements
Orange,nuke,heal,Orange,firebomb,speed
Orange,nuke,heal,Orange,firebomb,wall
Orange,nuke,heal,Orange,snipe,heal
Orange,nuke,heal,Orange,snipe,reinforcements
Orange,nuke,heal,Orange,snipe,speed
Orange,nuke,heal,Orange,snipe,wall
Orange,nuke,heal,Orange,freeze,heal
Orange,nuke,heal,Orange,freeze,reinforcements
Orange,nuke,heal,Orange,freeze,speed
Orange,nuke,heal,Orange,freeze,wall
Orange,nuke,heal,Purple,nuke,heal
Orange,nuke,heal,Purple,nuke,reinforcements
Orange,nuke,heal,Purple,nuke,speed
Orange,nuke,heal,Purple,nuke,wall
Orange,nuke,heal,Purple,firebomb,heal
Orange,nuke,heal,Purple,firebomb,reinforcements
Orange,nuke,heal,Purple,firebomb,speed
Orange,nuke,heal,Purple,firebomb,wall
Orange,nuke,heal,Purple,snipe,heal
Orange,nuke,heal,Purple,snipe,reinforcements
Orange,nuke,heal,Purple,snipe,speed
Orange,nuke,heal,Purple,snipe,wall
Orange,nuke,heal,Purple,freeze,heal
Orange,nuke,heal,Purple,freeze,reinforcements
Orange,nuke,heal,Purple,freeze,speed
Orange,nuke,heal,Purple,freeze,wall
Orange,nuke,heal,Red,nuke,heal
Orange,nuke,heal,Red,nuke,reinforcements
Orange,nuke,heal,Red,nuke,speed
Orange,nuke,heal,Red,nuke,wall
Orange,nuke,heal,Red,firebomb,heal
Orange,nuke,heal,Red,firebomb,reinforcements
Orange,nuke,heal,Red,firebomb,speed
Orange,nuke,heal,Red,firebomb,wall
Orange,nuke,heal,Red,snipe,heal
Orange,nuke,heal,Red,snipe,reinforcements
Orange,nuke,heal,Red,snipe,speed
Orange,nuke,heal,Red,snipe,wall
Orange,nuke,heal,Red,freeze,heal
Orange,nuke,heal,Red,freeze,reinforcements
Orange,nuke,heal,Red,freeze,speed
Orange,nuke,heal,Red,freeze,wall
Orange,nuke,heal,White,nuke,heal
Orange,nuke,heal,White,nuke,reinforcements
Orange,nuke,heal,White,nuke,speed
Orange,nuke,heal,White,nuke,wall
Orange,nuke,heal,White,firebomb,heal
Orange,nuke,heal,White,firebomb,reinforcements
Orange,nuke,heal,White,firebomb,speed
Orange,nuke,heal,White,firebomb,wall
Orange,nuke,heal,White,snipe,heal
Orange,nuke,heal,White,snipe,reinforcements
Orange,nuke,heal,White,snipe,speed
Orange,nuke,heal,White,snipe,wall
Orange,nuke,heal,White,freeze,heal
Orange,nuke,heal,White,freeze,reinforcements
Orange,nuke,heal,White,freeze,speed
Orange,nuke,heal,White,freeze,wall
Orange,nuke,heal,Yellow,nuke,heal
Orange,nuke,heal,Yellow,nuke,reinforcements
Orange,nuke,heal,Yellow,nuke,speed
Orange,nuke,heal,Yellow,nuke,wall
Orange,nuke,heal,Yellow,firebomb,heal
Orange,nuke,heal,Yellow,firebomb,reinforcements
Orange,nuke,heal,Yellow,firebomb,speed
Orange,nuke,heal,Yellow,firebomb,wall
Orange,nuke,heal,Yellow,snipe,heal
Orange,nuke,heal,Yellow,snipe,reinforcements
Orange,nuke,heal,Yellow,snipe,speed
Orange,nuke,heal,Yellow,snipe,wall
Orange,nuke,heal,Yellow,freeze,heal
Orange,nuke,heal,Yellow,freeze,reinforcements
Orange,nuke,heal,Yellow,freeze,speed
Orange,nuke,heal,Yellow,freeze,wall
Orange,nuke,reinforcements,Black,nuke,heal
Orange,nuke,reinforcements,Black,nuke,reinforcements
Orange,nuke,reinforcements,Black,nuke,speed
Orange,nuke,reinforcements,Black,nuke,wall
Orange,nuke,reinforcements,Black,firebomb,heal
Orange,nuke,reinforcements,Black,firebomb,reinforcements
Orange,nuke,reinforcements,Black,firebomb,speed
Orange,nuke,reinforcements,Black,firebomb,wall
Orange,nuke,reinforcements,Black,snipe,heal
Orange,nuke,reinforcements,Black,snipe,reinforcements
Orange,nuke,reinforcements,Black,snipe,speed
Orange,nuke,reinforcements,Black,snipe,wall
Orange,nuke,reinforcements,Black,freeze,heal
Orange,nuke,reinforcements,Black,freeze,reinforcements
Orange,nuke,reinforcements,Black,freeze,speed
Orange,nuke,reinforcements,Black,freeze,wall
Orange,nuke,reinforcements,Blue,nuke,heal
Orange,nuke,reinforcements,Blue,nuke,reinforcements
Orange,nuke,reinforcements,Blue,nuke,speed
Orange,nuke,reinforcements,Blue,nuke,wall
Orange,nuke,reinforcements,Blue,firebomb,heal
Orange,nuke,reinforcements,Blue,firebomb,reinforcements
Orange,nuke,reinforcements,Blue,firebomb,speed
Orange,nuke,reinforcements,Blue,firebomb,wall
Orange,nuke,reinforcements,Blue,snipe,heal
Orange,nuke,reinforcements,Blue,snipe,reinforcements
Orange,nuke,reinforcements,Blue,snipe,speed
Orange,nuke,reinforcements,Blue,snipe,wall
Orange,nuke,reinforcements,Blue,freeze,heal
Orange,nuke,reinforcements,Blue,freeze,reinforcements
Orange,nuke,reinforcements,Blue,freeze,speed
Orange,nuke,reinforcements,Blue,freeze,wall
Orange,nuke,reinforcements,Green,nuke,heal
Orange,nuke,reinforcements,Green,nuke,reinforcements
Orange,nuke,reinforcements,Green,nuke,speed
Orange,nuke,reinforcements,Green,nuke,wall
Orange,nuke,reinforcements,Green,firebomb,heal
Orange,nuke,reinforcements,Green,firebomb,reinforcements
Orange,nuke,reinforcements,Green,firebomb,speed
Orange,nuke,reinforcements,Green,firebomb,wall
Orange,nuke,reinforcements,Green,snipe,heal
Orange,nuke,reinforcements,Green,snipe,reinforcements
Orange,nuke,reinforcements,Green,snipe,speed
Orange,nuke,reinforcements,Green,snipe,wall
Orange,nuke,reinforcements,Green,freeze,heal
Orange,nuke,reinforcements,Green,freeze,reinforcements
Orange,nuke,reinforcements,Green,freeze,speed
Orange,nuke,reinforcements,Green,freeze,wall
Orange,nuke,reinforcements,Orange,nuke,heal
Orange,nuke,reinforcements,Orange,nuke,reinforcements
Orange,nuke,reinforcements,Orange,nuke,speed
Orange,nuke,reinforcements,Orange,nuke,wall
Orange,nuke,reinforcements,Orange,firebomb,heal
Orange,nuke,reinforcements,Orange,firebomb,reinforcements
Orange,nuke,reinforcements,Orange,firebomb,speed
Orange,nuke,reinforcements,Orange,firebomb,wall
Orange,nuke,reinforcements,Orange,snipe,heal
Orange,nuke,reinforcements,Orange,snipe,reinforcements
Orange,nuke,reinforcements,Orange,snipe,speed
Orange,nuke,reinforcements,Orange,snipe,wall
Orange,nuke,reinforcements,Orange,freeze,heal
Orange,nuke,reinforcements,Orange,freeze,reinforcements
Orange,nuke,reinforcements,Orange,freeze,speed
Orange,nuke,reinforcements,Orange,freeze,wall
Orange,nuke,reinforcements,Purple,nuke,heal
Orange,nuke,reinforcements,Purple,nuke,reinforcements
Orange,nuke,reinforcements,Purple,nuke,speed
Orange,nuke,reinforcements,Purple,nuke,wall
Orange,nuke,reinforcements,Purple,firebomb,heal
Orange,nuke,reinforcements,Purple,firebomb,reinforcements
Orange,nuke,reinforcements,Purple,firebomb,speed
Orange,nuke,reinforcements,Purple,firebomb,wall
Orange,nuke,reinforcements,Purple,snipe,heal
Orange,nuke,reinforcements,Purple,snipe,reinforcements
Orange,nuke,reinforcements,Purple,snipe,speed
Orange,nuke,reinforcements,Purple,snipe,wall
Orange,nuke,reinforcements,Purple,freeze,heal
Orange,nuke,reinforcements,Purple,freeze,reinforcements
Orange,nuke,reinforcements,Purple,freeze,speed
Orange,nuke,reinforcements,Purple,freeze,wall
Orange,nuke,reinforcements,Red,nuke,heal
Orange,nuke,reinforcements,Red,nuke,reinforcements
Orange,nuke,reinforcements,Red,nuke,speed
Orange,nuke,reinforcements,Red,nuke,wall
Orange,nuke,reinforcements,Red,firebomb,heal
Orange,nuke,reinforcements,Red,firebomb,reinforcements
Orange,nuke,reinforcements,Red,firebomb,speed
Orange,nuke,reinforcements,Red,firebomb,wall
Orange,nuke,reinforcements,Red,snipe,heal
Orange,nuke,reinforcements,Red,snipe,reinforcements
Orange,nuke,reinforcements,Red,snipe,speed
Orange,nuke,reinforcements,Red,snipe,wall
Orange,nuke,reinforcements,Red,freeze,heal
Orange,nuke,reinforcements,Red,freeze,reinforcements
Orange,nuke,reinforcements,Red,freeze,speed
Orange,nuke,reinforcements,Red,freeze,wall
Orange,nuke,reinforcements,White,nuke,heal
Orange,nuke,reinforcements,White,nuke,reinforcements
Orange,nuke,reinforcements,White,nuke,speed
Orange,nuke,reinforcements,White,nuke,wall
Orange,nuke,reinforcements,White,firebomb,heal
Orange,nuke,reinforcements,White,firebomb,reinforcements
Orange,nuke,reinforcements,White,firebomb,speed
Orange,nuke,reinforcements,White,firebomb,wall
Orange,nuke,reinforcements,White,snipe,heal
Orange,nuke,reinforcements,White,snipe,reinforcements
Orange,nuke,reinforcements,White,snipe,speed
Orange,nuke,reinforcements,White,snipe,wall
Orange,nuke,reinforcements,White,freeze,heal
Orange,nuke,reinforcements,White,freeze,reinforcements
Orange,nuke,reinforcements,White,freeze,speed
Orange,nuke,reinforcements,White,freeze,wall
Orange,nuke,reinforcements,Yellow,nuke,heal
Orange,nuke,reinforcements,Yellow,nuke,reinforcements
Orange,nuke,reinforcements,Yellow,nuke,speed
Orange,nuke,reinforcements,Yellow,nuke,wall
Orange,nuke,reinforcements,Yellow,firebomb,heal
Orange,nuke,reinforcements,Yellow,firebomb,reinforcements
Orange,nuke,reinforcements,Yellow,firebomb,speed
Orange,nuke,reinforcements,Yellow,firebomb,wall
Orange,nuke,reinforcements,Yellow,snipe,heal
Orange,nuke,reinforcements,Yellow,snipe,reinforcements
Orange,nuke,reinforcements,Yellow,snipe,speed
Orange,nuke,reinforcements,Yellow,snipe,wall
Orange,nuke,reinforcements,Yellow,freeze,heal
Orange,nuke,reinforcements,Yellow,freeze,reinforcements
Orange,nuke,reinforcements,Yellow,freeze,speed
Orange,nuke,reinforcements,Yellow,freeze,wall
Orange,nuke,speed,Black,nuke,heal
Orange,nuke,speed,Black,nuke,reinforcements
Orange,nuke,speed,Black,nuke,speed
Orange,nuke,speed,Black,nuke,wall
Orange,nuke,speed,Black,firebomb,heal
Orange,nuke,speed,Black,firebomb,reinforcements
Orange,nuke,speed,Black,firebomb,speed
Orange,nuke,speed,Black,firebomb,wall
Orange,nuke,speed,Black,snipe,heal
Orange,nuke,speed,Black,snipe,reinforcements
Orange,nuke,speed,Black,snipe,speed
Orange,nuke,speed,Black,snipe,wall
Orange,nuke,speed,Black,freeze,heal
Orange,nuke,speed,Black,freeze,reinforcements
Orange,nuke,speed,Black,freeze,speed
Orange,nuke,speed,Black,freeze,wall
Orange,nuke,speed,Blue,nuke,heal
Orange,nuke,speed,Blue,nuke,reinforcements
Orange,nuke,speed,Blue,nuke,speed
Orange,nuke,speed,Blue,nuke,wall
Orange,nuke,speed,Blue,firebomb,heal
Orange,nuke,speed,Blue,firebomb,reinforcements
Orange,nuke,speed,Blue,firebomb,speed
Orange,nuke,speed,Blue,firebomb,wall
Orange,nuke,speed,Blue,snipe,heal
Orange,nuke,speed,Blue,snipe,reinforcements
Orange,nuke,speed,Blue,snipe,speed
Orange,nuke,speed,Blue,snipe,wall
Orange,nuke,speed,Blue,freeze,heal
Orange,nuke,speed,Blue,freeze,reinforcements
Orange,nuke,speed,Blue,freeze,speed
Orange,nuke,speed,Blue,freeze,wall
Orange,nuke,speed,Green,nuke,heal
Orange,nuke,speed,Green,nuke,reinforcements
Orange,nuke,speed,Green,nuke,speed
Orange,nuke,speed,Green,nuke,wall
Orange,nuke,speed,Green,firebomb,heal
Orange,nuke,speed,Green,firebomb,reinforcements
Orange,nuke,speed,Green,firebomb,speed
Orange,nuke,speed,Green,firebomb,wall
Orange,nuke,speed,Green,snipe,heal
Orange,nuke,speed,Green,snipe,reinforcements
Orange,nuke,speed,Green,snipe,speed
Orange,nuke,speed,Green,snipe,wall
Orange,nuke,speed,Green,freeze,heal
Orange,nuke,speed,Green,freeze,reinforcements
Orange,nuke,speed,Green,freeze,speed
Orange,nuke,speed,Green,freeze,wall
Orange,nuke,speed,Orange,nuke,heal
Orange,nuke,speed,Orange,nuke,reinforcements
Orange,nuke,speed,Orange,nuke,speed
Orange,nuke,speed,Orange,nuke,wall
Orange,nuke,speed,Orange,firebomb,heal
Orange,nuke,speed,Orange,firebomb,reinforcements
Orange,nuke,speed,Orange,firebomb,speed
Orange,nuke,speed,Orange,firebomb,wall
Orange,nuke,speed,Orange,snipe,heal
Orange,nuke,speed,Orange,snipe,reinforcements
Orange,nuke,speed,Orange,snipe,speed
Orange,nuke,speed,Orange,snipe,wall
Orange,nuke,speed,Orange,freeze,heal
Orange,nuke,speed,Orange,freeze,reinforcements
Orange,nuke,speed,Orange,freeze,speed
Orange,nuke,speed,Orange,freeze,wall
Orange,nuke,speed,Purple,nuke,heal
Orange,nuke,speed,Purple,nuke,reinforcements
Orange,nuke,speed,Purple,nuke,speed
Orange,nuke,speed,Purple,nuke,wall
Orange,nuke,speed,Purple,firebomb,heal
Orange,nuke,speed,Purple,firebomb,reinforcements
Orange,nuke,speed,Purple,firebomb,speed
Orange,nuke,speed,Purple,firebomb,wall
Orange,nuke,speed,Purple,snipe,heal
Orange,nuke,speed,Purple,snipe,reinforcements
Orange,nuke,speed,Purple,snipe,speed
Orange,nuke,speed,Purple,snipe,wall
Orange,nuke,speed,Purple,freeze,heal
Orange,nuke,speed,Purple,freeze,reinforcements
Orange,nuke,speed,Purple,freeze,speed
Orange,nuke,speed,Purple,freeze,wall
Orange,nuke,speed,Red,nuke,heal
Orange,nuke,speed,Red,nuke,reinforcements
Orange,nuke,speed,Red,nuke,speed
Orange,nuke,speed,Red,nuke,wall
Orange,nuke,speed,Red,firebomb,heal
Orange,nuke,speed,Red,firebomb,reinforcements
Orange,nuke,speed,Red,firebomb,speed
Orange,nuke,speed,Red,firebomb,wall
Orange,nuke,speed,Red,snipe,heal
Orange,nuke,speed,Red,snipe,reinforcements
Orange,nuke,speed,Red,snipe,speed
Orange,nuke,speed,Red,snipe,wall
Orange,nuke,speed,Red,freeze,heal
Orange,nuke,speed,Red,freeze,reinforcements
Orange,nuke,speed,Red,freeze,speed
Orange,nuke,speed,Red,freeze,wall
Orange,nuke,speed,White,nuke,heal
Orange,nuke,speed,White,nuke,reinforcements
Orange,nuke,speed,White,nuke,speed
Orange,nuke,speed,White,nuke,wall
Orange,nuke,speed,White,firebomb,heal
Orange,nuke,speed,White,firebomb,reinforcements
Orange,nuke,speed,White,firebomb,speed
Orange,nuke,speed,White,firebomb,wall
Orange,nuke,speed,White,snipe,heal
Orange,nuke,speed,White,snipe,reinforcements
Orange,nuke,speed,White,snipe,speed
Orange,nuke,speed,White,snipe,wall
Orange,nuke,speed,White,freeze,heal
Orange,nuke,speed,White,freeze,reinforcements
Orange,nuke,speed,White,freeze,speed
Orange,nuke,speed,White,freeze,wall
Orange,nuke,speed,Yellow,nuke,heal
Orange,nuke,speed,Yellow,nuke,reinforcements
Orange,nuke,speed,Yellow,nuke,speed
Orange,nuke,speed,Yellow,nuke,wall
Orange,nuke,speed,Yellow,firebomb,heal
Orange,nuke,speed,Yellow,firebomb,reinforcements
Orange,nuke,speed,Yellow,firebomb,speed
Orange,nuke,speed,Yellow,firebomb,wall
Orange,nuke,speed,Yellow,snipe,heal
Orange,nuke,speed,Yellow,snipe,reinforcements
Orange,nuke,speed,Yellow,snipe,speed
Orange,nuke,speed,Yellow,snipe,wall
Orange,nuke,speed,Yellow,freeze,heal
Orange,nuke,speed,Yellow,freeze,reinforcements
Orange,nuke,speed,Yellow,freeze,speed
Orange,nuke,speed,Yellow,freeze,wall
Orange,nuke,wall,Black,nuke,heal
Orange,nuke,wall,Black,nuke,reinforcements
Orange,nuke,wall,Black,nuke,speed
Orange,nuke,wall,Black,nuke,wall
Orange,nuke,wall,Black,firebomb,heal
Orange,nuke,wall,Black,firebomb,reinforcements
Orange,nuke,wall,Black,firebomb,speed
Orange,nuke,wall,Black,firebomb,wall
Orange,nuke,wall,Black,snipe,heal
Orange,nuke,wall,Black,snipe,reinforcements
Orange,nuke,wall,Black,snipe,speed
Orange,nuke,wall,Black,snipe,wall
Orange,nuke,wall,Black,freeze,heal
Orange,nuke,wall,Black,freeze,reinforcements
Orange,nuke,wall,Black,freeze,speed
Orange,nuke,wall,Black,freeze,wall
Orange,nuke,wall,Blue,nuke,heal
Orange,nuke,wall,Blue,nuke,reinforcements
Orange,nuke,wall,Blue,nuke,speed
Orange,nuke,wall,Blue,nuke,wall
Orange,nuke,wall,Blue,firebomb,heal
Orange,nuke,wall,Blue,firebomb,reinforcements
Orange,nuke,wall,Blue,firebomb,speed
Orange,nuke,wall,Blue,firebomb,wall
Orange,nuke,wall,Blue,snipe,heal
Orange,nuke,wall,Blue,snipe,reinforcements
Orange,nuke,wall,Blue,snipe,speed
Orange,nuke,wall,Blue,snipe,wall
Orange,nuke,wall,Blue,freeze,heal
Orange,nuke,wall,Blue,freeze,reinforcements
Orange,nuke,wall,Blue,freeze,speed
Orange,nuke,wall,Blue,freeze,wall
Orange,nuke,wall,Green,nuke,heal
Orange,nuke,wall,Green,nuke,reinforcements
Orange,nuke,wall,Green,nuke,speed
Orange,nuke,wall,Green,nuke,wall
Orange,nuke,wall,Green,firebomb,heal
Orange,nuke,wall,Green,firebomb,reinforcements
Orange,nuke,wall,Green,firebomb,speed
Orange,nuke,wall,Green,firebomb,wall
Orange,nuke,wall,Green,snipe,heal
Orange,nuke,wall,Green,snipe,reinforcements
Orange,nuke,wall,Green,snipe,speed
Orange,nuke,wall,Green,snipe,wall
Orange,nuke,wall,Green,freeze,heal
Orange,nuke,wall,Green,freeze,reinforcements
Orange,nuke,wall,Green,freeze,speed
Orange,nuke,wall,Green,freeze,wall
Orange,nuke,wall,Orange,nuke,heal
Orange,nuke,wall,Orange,nuke,reinforcements
Orange,nuke,wall,Orange,nuke,speed
Orange,nuke,wall,Orange,nuke,wall
Orange,nuke,wall,Orange,firebomb,heal
Orange,nuke,wall,Orange,firebomb,reinforcements
Orange,nuke,wall,Orange,firebomb,speed
Orange,nuke,wall,Orange,firebomb,wall
Orange,nuke,wall,Orange,snipe,heal
Orange,nuke,wall,Orange,snipe,reinforcements
Orange,nuke,wall,Orange,snipe,speed
Orange,nuke,wall,Orange,snipe,wall
Orange,nuke,wall,Orange,freeze,heal
Orange,nuke,wall,Orange,freeze,reinforcements
Orange,nuke,wall,Orange,freeze,speed
Orange,nuke,wall,Orange,freeze,wall
Orange,nuke,wall,Purple,nuke,heal
Orange,nuke,wall,Purple,nuke,reinforcements
Orange,nuke,wall,Purple,nuke,speed
Orange,nuke,wall,Purple,nuke,wall
Orange,nuke,wall,Purple,firebomb,heal
Orange,nuke,wall,Purple,firebomb,reinforcements
Orange,nuke,wall,Purple,firebomb,speed
Orange,nuke,wall,Purple,firebomb,wall
Orange,nuke,wall,Purple,snipe,heal
Orange,nuke,wall,Purple,snipe,reinforcements
Orange,nuke,wall,Purple,snipe,speed
Orange,nuke,wall,Purple,snipe,wall
Orange,nuke,wall,Purple,freeze,heal
Orange,nuke,wall,Purple,freeze,reinforcements
Orange,nuke,wall,Purple,freeze,speed
Orange,nuke,wall,Purple,freeze,wall
Orange,nuke,wall,Red,nuke,heal
Orange,nuke,wall,Red,nuke,reinforcements
Orange,nuke,wall,Red,nuke,speed
Orange,nuke,wall,Red,nuke,wall
Orange,nuke,wall,Red,firebomb,heal
Orange,nuke,wall,Red,firebomb,reinforcements
Orange,nuke,wall,Red,firebomb,speed
Orange,nuke,wall,Red,firebomb,wall
Orange,nuke,wall,Red,snipe,heal
Orange,nuke,wall,Red,snipe,reinforcements
Orange,nuke,wall,Red,snipe,speed
Orange,nuke,wall,Red,snipe,wall
Orange,nuke,wall,Red,freeze,heal
Orange,nuke,wall,Red,freeze,reinforcements
Orange,nuke,wall,Red,freeze,speed
Orange,nuke,wall,Red,freeze,wall
Orange,nuke,wall,White,nuke,heal
Orange,nuke,wall,White,nuke,reinforcements
Orange,nuke,wall,White,nuke,speed
Orange,nuke,wall,White,nuke,wall
Orange,nuke,wall,White,firebomb,heal
Orange,nuke,wall,White,firebomb,reinforcements
Orange,nuke,wall,White,firebomb,speed
Orange,nuke,wall,White,firebomb,wall
Orange,nuke,wall,White,snipe,heal
Orange,nuke,wall,White,snipe,reinforcements
Orange,nuke,wall,White,snipe,speed
Orange,nuke,wall,White,snipe,wall
Orange,nuke,wall,White,freeze,heal
Orange,nuke,wall,White,freeze,reinforcements
Orange,nuke,wall,White,freeze,speed
Orange,nuke,wall,White,freeze,wall
Orange,nuke,wall,Yellow,nuke,heal
Orange,nuke,wall,Yellow,nuke,reinforcements
Orange,nuke,wall,Yellow,nuke,speed
Orange,nuke,wall,Yellow,nuke,wall
Orange,nuke,wall,Yellow,firebomb,heal
Orange,nuke,wall,Yellow,firebomb,reinforcements
Orange,nuke,wall,Yellow,firebomb,speed
Orange,nuke,wall,Yellow,firebomb,wall
Orange,nuke,wall,Yellow,snipe,heal
Orange,nuke,wall,Yellow,snipe,reinforcements
Orange,nuke,wall,Yellow,snipe,speed
Orange,nuke,wall,Yellow,snipe,wall
Orange,nuke,wall,Yellow,freeze,heal
Orange,nuke,wall,Yellow,freeze,reinforcements
Orange,nuke,wall,Yellow,freeze,speed
Orange,nuke,wall,Yellow,freeze,wall
Orange,firebomb,heal,Black,nuke,heal
Orange,firebomb,heal,Black,nuke,reinforcements
Orange,firebomb,heal,Black,nuke,speed
Orange,firebomb,heal,Black,nuke,wall
Orange,firebomb,heal,Black,firebomb,heal
Orange,firebomb,heal,Black,firebomb,reinforcements
Orange,firebomb,heal,Black,firebomb,speed
Orange,firebomb,heal,Black,firebomb,wall
Orange,firebomb,heal,Black,snipe,heal
Orange,firebomb,heal,Black,snipe,reinforcements
Orange,firebomb,heal,Black,snipe,speed
Orange,firebomb,heal,Black,snipe,wall
Orange,firebomb,heal,Black,freeze,heal
Orange,firebomb,heal,Black,freeze,reinforcements
Orange,firebomb,heal,Black,freeze,speed
Orange,firebomb,heal,Black,freeze,wall
Orange,firebomb,heal,Blue,nuke,heal
Orange,firebomb,heal,Blue,nuke,reinforcements
Orange,firebomb,heal,Blue,nuke,speed
Orange,firebomb,heal,Blue,nuke,wall
Orange,firebomb,heal,Blue,firebomb,heal
Orange,firebomb,heal,Blue,firebomb,reinforcements
Orange,firebomb,heal,Blue,firebomb,speed
Orange,firebomb,heal,Blue,firebomb,wall
Orange,firebomb,heal,Blue,snipe,heal
Orange,firebomb,heal,Blue,snipe,reinforcements
Orange,firebomb,heal,Blue,snipe,speed
Orange,firebomb,heal,Blue,snipe,wall
Orange,firebomb,heal,Blue,freeze,heal
Orange,firebomb,heal,Blue,freeze,reinforcements
Orange,firebomb,heal,Blue,freeze,speed
Orange,firebomb,heal,Blue,freeze,wall
Orange,firebomb,heal,Green,nuke,heal
Orange,firebomb,heal,Green,nuke,reinforcements
Orange,firebomb,heal,Green,nuke,speed
Orange,firebomb,heal,Green,nuke,wall
Orange,firebomb,heal,Green,firebomb,heal
Orange,firebomb,heal,Green,firebomb,reinforcements
Orange,firebomb,heal,Green,firebomb,speed
Orange,firebomb,heal,Green,firebomb,wall
Orange,firebomb,heal,Green,snipe,heal
Orange,firebomb,heal,Green,snipe,reinforcements
Orange,firebomb,heal,Green,snipe,speed
Orange,firebomb,heal,Green,snipe,wall
Orange,firebomb,heal,Green,freeze,heal
Orange,firebomb,heal,Green,freeze,reinforcements
Orange,firebomb,heal,Green,freeze,speed
Orange,firebomb,heal,Green,freeze,wall
Orange,firebomb,heal,Orange,nuke,heal
Orange,firebomb,heal,Orange,nuke,reinforcements
Orange,firebomb,heal,Orange,nuke,speed
Orange,firebomb,heal,Orange,nuke,wall
Orange,firebomb,heal,Orange,firebomb,heal
Orange,firebomb,heal,Orange,firebomb,reinforcements
Orange,firebomb,heal,Orange,firebomb,speed
Orange,firebomb,heal,Orange,firebomb,wall
Orange,firebomb,heal,Orange,snipe,heal
Orange,firebomb,heal,Orange,snipe,reinforcements
Orange,firebomb,heal,Orange,snipe,speed
Orange,firebomb,heal,Orange,snipe,wall
Orange,firebomb,heal,Orange,freeze,heal
Orange,firebomb,heal,Orange,freeze,reinforcements
Orange,firebomb,heal,Orange,freeze,speed
Orange,firebomb,heal,Orange,freeze,wall
Orange,firebomb,heal,Purple,nuke,heal
Orange,firebomb,heal,Purple,nuke,reinforcements
Orange,firebomb,heal,Purple,nuke,speed
Orange,firebomb,heal,Purple,nuke,wall
Orange,firebomb,heal,Purple,firebomb,heal
Orange,firebomb,heal,Purple,firebomb,reinforcements
Orange,firebomb,heal,Purple,firebomb,speed
Orange,firebomb,heal,Purple,firebomb,wall
Orange,firebomb,heal,Purple,snipe,heal
Orange,firebomb,heal,Purple,snipe,reinforcements
Orange,firebomb,heal,Purple,snipe,speed
Orange,firebomb,heal,Purple,snipe,wall
Orange,firebomb,heal,Purple,freeze,heal
Orange,firebomb,heal,Purple,freeze,reinforcements
Orange,firebomb,heal,Purple,freeze,speed
Orange,firebomb,heal,Purple,freeze,wall
Orange,firebomb,heal,Red,nuke,heal
Orange,firebomb,heal,Red,nuke,reinforcements
Orange,firebomb,heal,Red,nuke,speed
Orange,firebomb,heal,Red,nuke,wall
Orange,firebomb,heal,Red,firebomb,heal
Orange,firebomb,heal,Red,firebomb,reinforcements
Orange,firebomb,heal,Red,firebomb,speed
Orange,firebomb,heal,Red,firebomb,wall
Orange,firebomb,heal,Red,snipe,heal
Orange,firebomb,heal,Red,snipe,reinforcements
Orange,firebomb,heal,Red,snipe,speed
Orange,firebomb,heal,Red,snipe,wall
Orange,firebomb,heal,Red,freeze,heal
Orange,firebomb,heal,Red,freeze,reinforcements
Orange,firebomb,heal,Red,freeze,speed
Orange,firebomb,heal,Red,freeze,wall
Orange,firebomb,heal,White,nuke,heal
Orange,firebomb,heal,White,nuke,reinforcements
Orange,firebomb,heal,White,nuke,speed
Orange,firebomb,heal,White,nuke,wall
Orange,firebomb,heal,White,firebomb,heal
Orange,firebomb,heal,White,firebomb,reinforcements
Orange,firebomb,heal,White,firebomb,speed
Orange,firebomb,heal,White,firebomb,wall
Orange,firebomb,heal,White,snipe,heal
Orange,firebomb,heal,White,snipe,reinforcements
Orange,firebomb,heal,White,snipe,speed
Orange,firebomb,heal,White,snipe,wall
Orange,firebomb,heal,White,freeze,heal
Orange,firebomb,heal,White,freeze,reinforcements
Orange,firebomb,heal,White,freeze,speed
Orange,firebomb,heal,White,freeze,wall
Orange,firebomb,heal,Yellow,nuke,heal
Orange,firebomb,heal,Yellow,nuke,reinforcements
Orange,firebomb,heal,Yellow,nuke,speed
Orange,firebomb,heal,Yellow,nuke,wall
Orange,firebomb,heal,Yellow,firebomb,heal
Orange,firebomb,heal,Yellow,firebomb,reinforcements
Orange,firebomb,heal,Yellow,firebomb,speed
Orange,firebomb,heal,Yellow,firebomb,wall
Orange,firebomb,heal,Yellow,snipe,heal
Orange,firebomb,heal,Yellow,snipe,reinforcements
Orange,firebomb,heal,Yellow,snipe,speed
Orange,firebomb,heal,Yellow,snipe,wall
Orange,firebomb,heal,Yellow,freeze,heal
Orange,firebomb,heal,Yellow,freeze,reinforcements
Orange,firebomb,heal,Yellow,freeze,speed
Orange,firebomb,heal,Yellow,freeze,wall
Orange,firebomb,reinforcements,Black,nuke,heal
Orange,firebomb,reinforcements,Black,nuke,reinforcements
Orange,firebomb,reinforcements,Black,nuke,speed
Orange,firebomb,reinforcements,Black,nuke,wall
Orange,firebomb,reinforcements,Black,firebomb,heal
Orange,firebomb,reinforcements,Black,firebomb,reinforcements
Orange,firebomb,reinforcements,Black,firebomb,speed
Orange,firebomb,reinforcements,Black,firebomb,wall
Orange,firebomb,reinforcements,Black,snipe,heal
Orange,firebomb,reinforcements,Black,snipe,reinforcements
Orange,firebomb,reinforcements,Black,snipe,speed
Orange,firebomb,reinforcements,Black,snipe,wall
Orange,firebomb,reinforcements,Black,freeze,heal
Orange,firebomb,reinforcements,Black,freeze,reinforcements
Orange,firebomb,reinforcements,Black,freeze,speed
Orange,firebomb,reinforcements,Black,freeze,wall
Orange,firebomb,reinforcements,Blue,nuke,heal
Orange,firebomb,reinforcements,Blue,nuke,reinforcements
Orange,firebomb,reinforcements,Blue,nuke,speed
Orange,firebomb,reinforcements,Blue,nuke,wall
Orange,firebomb,reinforcements,Blue,firebomb,heal
Orange,firebomb,reinforcements,Blue,firebomb,reinforcements
Orange,firebomb,reinforcements,Blue,firebomb,speed
Orange,firebomb,reinforcements,Blue,firebomb,wall
Orange,firebomb,reinforcements,Blue,snipe,heal
Orange,firebomb,reinforcements,Blue,snipe,reinforcements
Orange,firebomb,reinforcements,Blue,snipe,speed
Orange,firebomb,reinforcements,Blue,snipe,wall
Orange,firebomb,reinforcements,Blue,freeze,heal
Orange,firebomb,reinforcements,Blue,freeze,reinforcements
Orange,firebomb,reinforcements,Blue,freeze,speed
Orange,firebomb,reinforcements,Blue,freeze,wall
Orange,firebomb,reinforcements,Green,nuke,heal
Orange,firebomb,reinforcements,Green,nuke,reinforcements
Orange,firebomb,reinforcements,Green,nuke,speed
Orange,firebomb,reinforcements,Green,nuke,wall
Orange,firebomb,reinforcements,Green,firebomb,heal
Orange,firebomb,reinforcements,Green,firebomb,reinforcements
Orange,firebomb,reinforcements,Green,firebomb,speed
Orange,firebomb,reinforcements,Green,firebomb,wall
Orange,firebomb,reinforcements,Green,snipe,heal
Orange,firebomb,reinforcements,Green,snipe,reinforcements
Orange,firebomb,reinforcements,Green,snipe,speed
Orange,firebomb,reinforcements,Green,snipe,wall
Orange,firebomb,reinforcements,Green,freeze,heal
Orange,firebomb,reinforcements,Green,freeze,reinforcements
Orange,firebomb,reinforcements,Green,freeze,speed
Orange,firebomb,reinforcements,Green,freeze,wall
Orange,firebomb,reinforcements,Orange,nuke,heal
Orange,firebomb,reinforcements,Orange,nuke,reinforcements
Orange,firebomb,reinforcements,Orange,nuke,speed
Orange,firebomb,reinforcements,Orange,nuke,wall
Orange,firebomb,reinforcements,Orange,firebomb,heal
Orange,firebomb,reinforcements,Orange,firebomb,reinforcements
Orange,firebomb,reinforcements,Orange,firebomb,speed
Orange,firebomb,reinforcements,Orange,firebomb,wall
Orange,firebomb,reinforcements,Orange,snipe,heal
Orange,firebomb,reinforcements,Orange,snipe,reinforcements
Orange,firebomb,reinforcements,Orange,snipe,speed
Orange,firebomb,reinforcements,Orange,snipe,wall
Orange,firebomb,reinforcements,Orange,freeze,heal
Orange,firebomb,reinforcements,Orange,freeze,reinforcements
Orange,firebomb,reinforcements,Orange,freeze,speed
Orange,firebomb,reinforcements,Orange,freeze,wall
Orange,firebomb,reinforcements,Purple,nuke,heal
Orange,firebomb,reinforcements,Purple,nuke,reinforcements
Orange,firebomb,reinforcements,Purple,nuke,speed
Orange,firebomb,reinforcements,Purple,nuke,wall
Orange,firebomb,reinforcements,Purple,firebomb,heal
Orange,firebomb,reinforcements,Purple,firebomb,reinforcements
Orange,firebomb,reinforcements,Purple,firebomb,speed
Orange,firebomb,reinforcements,Purple,firebomb,wall
Orange,firebomb,reinforcements,Purple,snipe,heal
Orange,firebomb,reinforcements,Purple,snipe,reinforcements
Orange,firebomb,reinforcements,Purple,snipe,speed
Orange,firebomb,reinforcements,Purple,snipe,wall
Orange,firebomb,reinforcements,Purple,freeze,heal
Orange,firebomb,reinforcements,Purple,freeze,reinforcements
Orange,firebomb,reinforcements,Purple,freeze,speed
Orange,firebomb,reinforcements,Purple,freeze,wall
Orange,firebomb,reinforcements,Red,nuke,heal
Orange,firebomb,reinforcements,Red,nuke,reinforcements
Orange,firebomb,reinforcements,Red,nuke,speed
Orange,firebomb,reinforcements,Red,nuke,wall
Orange,firebomb,reinforcements,Red,firebomb,heal
Orange,firebomb,reinforcements,Red,firebomb,reinforcements
Orange,firebomb,reinforcements,Red,firebomb,speed
Orange,firebomb,reinforcements,Red,firebomb,wall
Orange,firebomb,reinforcements,Red,snipe,heal
Orange,firebomb,reinforcements,Red,snipe,reinforcements
Orange,firebomb,reinforcements,Red,snipe,speed
Orange,firebomb,reinforcements,Red,snipe,wall
Orange,firebomb,reinforcements,Red,freeze,heal
Orange,firebomb,reinforcements,Red,freeze,reinforcements
Orange,firebomb,reinforcements,Red,freeze,speed
Orange,firebomb,reinforcements,Red,freeze,wall
Orange,firebomb,reinforcements,White,nuke,heal
Orange,firebomb,reinforcements,White,nuke,reinforcements
Orange,firebomb,reinforcements,White,nuke,speed
Orange,firebomb,reinforcements,White,nuke,wall
Orange,firebomb,reinforcements,White,firebomb,heal
Orange,firebomb,reinforcements,White,firebomb,reinforcements
Orange,firebomb,reinforcements,White,firebomb,speed
Orange,firebomb,reinforcements,White,firebomb,wall
Orange,firebomb,reinforcements,White,snipe,heal
Orange,firebomb,reinforcements,White,snipe,reinforcements
Orange,firebomb,reinforcements,White,snipe,speed
Orange,firebomb,reinforcements,White,snipe,wall
Orange,firebomb,reinforcements,White,freeze,heal
Orange,firebomb,reinforcements,White,freeze,reinforcements
Orange,firebomb,reinforcements,White,freeze,speed
Orange,firebomb,reinforcements,White,freeze,wall
Orange,firebomb,reinforcements,Yellow,nuke,heal
Orange,firebomb,reinforcements,Yellow,nuke,reinforcements
Orange,firebomb,reinforcements,Yellow,nuke,speed
Orange,firebomb,reinforcements,Yellow,nuke,wall
Orange,firebomb,reinforcements,Yellow,firebomb,heal
Orange,firebomb,reinforcements,Yellow,firebomb,reinforcements
Orange,firebomb,reinforcements,Yellow,firebomb,speed
Orange,firebomb,reinforcements,Yellow,firebomb,wall
Orange,firebomb,reinforcements,Yellow,snipe,heal
Orange,firebomb,reinforcements,Yellow,snipe,reinforcements
Orange,firebomb,reinforcements,Yellow,snipe,speed
Orange,firebomb,reinforcements,Yellow,snipe,wall
Orange,firebomb,reinforcements,Yellow,freeze,heal
Orange,firebomb,reinforcements,Yellow,freeze,reinforcements
Orange,firebomb,reinforcements,Yellow,freeze,speed
Orange,firebomb,reinforcements,Yellow,freeze,wall
Orange,firebomb,speed,Black,nuke,heal
Orange,firebomb,speed,Black,nuke,reinforcements
Orange,firebomb,speed,Black,nuke,speed
Orange,firebomb,speed,Black,nuke,wall
Orange,firebomb,speed,Black,firebomb,heal
Orange,firebomb,speed,Black,firebomb,reinforcements
Orange,firebomb,speed,Black,firebomb,speed
Orange,firebomb,speed,Black,firebomb,wall
Orange,firebomb,speed,Black,snipe,heal
Orange,firebomb,speed,Black,snipe,reinforcements
Orange,firebomb,speed,Black,snipe,speed
Orange,firebomb,speed,Black,snipe,wall
Orange,firebomb,speed,Black,freeze,heal
Orange,firebomb,speed,Black,freeze,reinforcements
Orange,firebomb,speed,Black,freeze,speed
Orange,firebomb,speed,Black,freeze,wall
Orange,firebomb,speed,Blue,nuke,heal
Orange,firebomb,speed,Blue,nuke,reinforcements
Orange,firebomb,speed,Blue,nuke,speed
Orange,firebomb,speed,Blue,nuke,wall
Orange,firebomb,speed,Blue,firebomb,heal
Orange,firebomb,speed,Blue,firebomb,reinforcements
Orange,firebomb,speed,Blue,firebomb,speed
Orange,firebomb,speed,Blue,firebomb,wall
Orange,firebomb,speed,Blue,snipe,heal
Orange,firebomb,speed,Blue,snipe,reinforcements
Orange,firebomb,speed,Blue,snipe,speed
Orange,firebomb,speed,Blue,snipe,wall
Orange,firebomb,speed,Blue,freeze,heal
Orange,firebomb,speed,Blue,freeze,reinforcements
Orange,firebomb,speed,Blue,freeze,speed
Orange,firebomb,speed,Blue,freeze,wall
Orange,firebomb,speed,Green,nuke,heal
Orange,firebomb,speed,Green,nuke,reinforcements
Orange,firebomb,speed,Green,nuke,speed
Orange,firebomb,speed,Green,nuke,wall
Orange,firebomb,speed,Green,firebomb,heal
Orange,firebomb,speed,Green,firebomb,reinforcements
Orange,firebomb,speed,Green,firebomb,speed
Orange,firebomb,speed,Green,firebomb,wall
Orange,firebomb,speed,Green,snipe,heal
Orange,firebomb,speed,Green,snipe,reinforcements
Orange,firebomb,speed,Green,snipe,speed
Orange,firebomb,speed,Green,snipe,wall
Orange,firebomb,speed,Green,freeze,heal
Orange,firebomb,speed,Green,freeze,reinforcements
Orange,firebomb,speed,Green,freeze,speed
Orange,firebomb,speed,Green,freeze,wall
Orange,firebomb,speed,Orange,nuke,heal
Orange,firebomb,speed,Orange,nuke,reinforcements
Orange,firebomb,speed,Orange,nuke,speed
Orange,firebomb,speed,Orange,nuke,wall
Orange,firebomb,speed,Orange,firebomb,heal
Orange,firebomb,speed,Orange,firebomb,reinforcements
Orange,firebomb,speed,Orange,firebomb,speed
Orange,firebomb,speed,Orange,firebomb,wall
Orange,firebomb,speed,Orange,snipe,heal
Orange,firebomb,speed,Orange,snipe,reinforcements
Orange,firebomb,speed,Orange,snipe,speed
Orange,firebomb,speed,Orange,snipe,wall
Orange,firebomb,speed,Orange,freeze,heal
Orange,firebomb,speed,Orange,freeze,reinforcements
Orange,firebomb,speed,Orange,freeze,speed
Orange,firebomb,speed,Orange,freeze,wall
Orange,firebomb,speed,Purple,nuke,heal
Orange,firebomb,speed,Purple,nuke,reinforcements
Orange,firebomb,speed,Purple,nuke,speed
Orange,firebomb,speed,Purple,nuke,wall
Orange,firebomb,speed,Purple,firebomb,heal
Orange,firebomb,speed,Purple,firebomb,reinforcements
Orange,firebomb,speed,Purple,firebomb,speed
Orange,firebomb,speed,Purple,firebomb,wall
Orange,firebomb,speed,Purple,snipe,heal
Orange,firebomb,speed,Purple,snipe,reinforcements
Orange,firebomb,speed,Purple,snipe,speed
Orange,firebomb,speed,Purple,snipe,wall
Orange,firebomb,speed,Purple,freeze,heal
Orange,firebomb,speed,Purple,freeze,reinforcements
Orange,firebomb,speed,Purple,freeze,speed
Orange,firebomb,speed,Purple,freeze,wall
Orange,firebomb,speed,Red,nuke,heal
Orange,firebomb,speed,Red,nuke,reinforcements
Orange,firebomb,speed,Red,nuke,speed
Orange,firebomb,speed,Red,nuke,wall
Orange,firebomb,speed,Red,firebomb,heal
Orange,firebomb,speed,Red,firebomb,reinforcements
Orange,firebomb,speed,Red,firebomb,speed
Orange,firebomb,speed,Red,firebomb,wall
Orange,firebomb,speed,Red,snipe,heal
Orange,firebomb,speed,Red,snipe,reinforcements
Orange,firebomb,speed,Red,snipe,speed
Orange,firebomb,speed,Red,snipe,wall
Orange,firebomb,speed,Red,freeze,heal
Orange,firebomb,speed,Red,freeze,reinforcements
Orange,firebomb,speed,Red,freeze,speed
Orange,firebomb,speed,Red,freeze,wall
Orange,firebomb,speed,White,nuke,heal
Orange,firebomb,speed,White,nuke,reinforcements
Orange,firebomb,speed,White,nuke,speed
Orange,firebomb,speed,White,nuke,wall
Orange,firebomb,speed,White,firebomb,heal
Orange,firebomb,speed,White,firebomb,reinforcements
Orange,firebomb,speed,White,firebomb,speed
Orange,firebomb,speed,White,firebomb,wall
Orange,firebomb,speed,White,snipe,heal
Orange,firebomb,speed,White,snipe,reinforcements
Orange,firebomb,speed,White,snipe,speed
Orange,firebomb,speed,White,snipe,wall
Orange,firebomb,speed,White,freeze,heal
Orange,firebomb,speed,White,freeze,reinforcements
Orange,firebomb,speed,White,freeze,speed
Orange,firebomb,speed,White,freeze,wall
Orange,firebomb,speed,Yellow,nuke,heal
Orange,firebomb,speed,Yellow,nuke,reinforcements
Orange,firebomb,speed,Yellow,nuke,speed
Orange,firebomb,speed,Yellow,nuke,wall
Orange,firebomb,speed,Yellow,firebomb,heal
Orange,firebomb,speed,Yellow,firebomb,reinforcements
Orange,firebomb,speed,Yellow,firebomb,speed
Orange,firebomb,speed,Yellow,firebomb,wall
Orange,firebomb,speed,Yellow,snipe,heal
Orange,firebomb,speed,Yellow,snipe,reinforcements
Orange,firebomb,speed,Yellow,snipe,speed
Orange,firebomb,speed,Yellow,snipe,wall
Orange,firebomb,speed,Yellow,freeze,heal
Orange,firebomb,speed,Yellow,freeze,reinforcements
Orange,firebomb,speed,Yellow,freeze,speed
Orange,firebomb,speed,Yellow,freeze,wall
Orange,firebomb,wall,Black,nuke,heal
Orange,firebomb,wall,Black,nuke,reinforcements
Orange,firebomb,wall,Black,nuke,speed
Orange,firebomb,wall,Black,nuke,wall
Orange,firebomb,wall,Black,firebomb,heal
Orange,firebomb,wall,Black,firebomb,reinforcements
Orange,firebomb,wall,Black,firebomb,speed
Orange,firebomb,wall,Black,firebomb,wall
Orange,firebomb,wall,Black,snipe,heal
Orange,firebomb,wall,Black,snipe,reinforcements
Orange,firebomb,wall,Black,snipe,speed
Orange,firebomb,wall,Black,snipe,wall
Orange,firebomb,wall,Black,freeze,heal
Orange,firebomb,wall,Black,freeze,reinforcements
Orange,firebomb,wall,Black,freeze,speed
Orange,firebomb,wall,Black,freeze,wall
Orange,firebomb,wall,Blue,nuke,heal
Orange,firebomb,wall,Blue,nuke,reinforcements
Orange,firebomb,wall,Blue,nuke,speed
Orange,firebomb,wall,Blue,nuke,wall
Orange,firebomb,wall,Blue,firebomb,heal
Orange,firebomb,wall,Blue,firebomb,reinforcements
Orange,firebomb,wall,Blue,firebomb,speed
Orange,firebomb,wall,Blue,firebomb,wall
Orange,firebomb,wall,Blue,snipe,heal
Orange,firebomb,wall,Blue,snipe,reinforcements
Orange,firebomb,wall,Blue,snipe,speed
Orange,firebomb,wall,Blue,snipe,wall
Orange,firebomb,wall,Blue,freeze,heal
Orange,firebomb,wall,Blue,freeze,reinforcements
Orange,firebomb,wall,Blue,freeze,speed
Orange,firebomb,wall,Blue,freeze,wall
Orange,firebomb,wall,Green,nuke,heal
Orange,firebomb,wall,Green,nuke,reinforcements
Orange,firebomb,wall,Green,nuke,speed
Orange,firebomb,wall,Green,nuke,wall
Orange,firebomb,wall,Green,firebomb,heal
Orange,firebomb,wall,Green,firebomb,reinforcements
Orange,firebomb,wall,Green,firebomb,speed
Orange,firebomb,wall,Green,firebomb,wall
Orange,firebomb,wall,Green,snipe,heal
Orange,firebomb,wall,Green,snipe,reinforcements
Orange,firebomb,wall,Green,snipe,speed
Orange,firebomb,wall,Green,snipe,wall
Orange,firebomb,wall,Green,freeze,heal
Orange,firebomb,wall,Green,freeze,reinforcements
Orange,firebomb,wall,Green,freeze,speed
Orange,firebomb,wall,Green,freeze,wall
Orange,firebomb,wall,Orange,nuke,heal
Orange,firebomb,wall,Orange,nuke,reinforcements
Orange,firebomb,wall,Orange,nuke,speed
Orange,firebomb,wall,Orange,nuke,wall
Orange,firebomb,wall,Orange,firebomb,heal
Orange,firebomb,wall,Orange,firebomb,reinforcements
Orange,firebomb,wall,Orange,firebomb,speed
Orange,firebomb,wall,Orange,firebomb,wall
Orange,firebomb,wall,Orange,snipe,heal
Orange,firebomb,wall,Orange,snipe,reinforcements
Orange,firebomb,wall,Orange,snipe,speed
Orange,firebomb,wall,Orange,snipe,wall
Orange,firebomb,wall,Orange,freeze,heal
Orange,firebomb,wall,Orange,freeze,reinforcements
Orange,firebomb,wall,Orange,freeze,speed
Orange,firebomb,wall,Orange,freeze,wall
Orange,firebomb,wall,Purple,nuke,heal
Orange,firebomb,wall,Purple,nuke,reinforcements
Orange,firebomb,wall,Purple,nuke,speed
Orange,firebomb,wall,Purple,nuke,wall
Orange,firebomb,wall,Purple,firebomb,heal
Orange,firebomb,wall,Purple,firebomb,reinforcements
Orange,firebomb,wall,Purple,firebomb,speed
Orange,firebomb,wall,Purple,firebomb,wall
Orange,firebomb,wall,Purple,snipe,heal
Orange,firebomb,wall,Purple,snipe,reinforcements
Orange,firebomb,wall,Purple,snipe,speed
Orange,firebomb,wall,Purple,snipe,wall
Orange,firebomb,wall,Purple,freeze,heal
Orange,firebomb,wall,Purple,freeze,reinforcements
Orange,firebomb,wall,Purple,freeze,speed
Orange,firebomb,wall,Purple,freeze,wall
Orange,firebomb,wall,Red,nuke,heal
Orange,firebomb,wall,Red,nuke,reinforcements
Orange,firebomb,wall,Red,nuke,speed
Orange,firebomb,wall,Red,nuke,wall
Orange,firebomb,wall,Red,firebomb,heal
Orange,firebomb,wall,Red,firebomb,reinforcements
Orange,firebomb,wall,Red,firebomb,speed
Orange,firebomb,wall,Red,firebomb,wall
Orange,firebomb,wall,Red,snipe,heal
Orange,firebomb,wall,Red,snipe,reinforcements
Orange,firebomb,wall,Red,snipe,speed
Orange,firebomb,wall,Red,snipe,wall
Orange,firebomb,wall,Red,freeze,heal
Orange,firebomb,wall,Red,freeze,reinforcements
Orange,firebomb,wall,Red,freeze,speed
Orange,firebomb,wall,Red,freeze,wall
Orange,firebomb,wall,White,nuke,heal
Orange,firebomb,wall,White,nuke,reinforcements
Orange,firebomb,wall,White,nuke,speed
Orange,firebomb,wall,White,nuke,wall
Orange,firebomb,wall,White,firebomb,heal
Orange,firebomb,wall,White,firebomb,reinforcements
Orange,firebomb,wall,White,firebomb,speed
Orange,firebomb,wall,White,firebomb,wall
Orange,firebomb,wall,White,snipe,heal
Orange,firebomb,wall,White,snipe,reinforcements
Orange,firebomb,wall,White,snipe,speed
Orange,firebomb,wall,White,snipe,wall
Orange,firebomb,wall,White,freeze,heal
Orange,firebomb,wall,White,freeze,reinforcements
Orange,firebomb,wall,White,freeze,speed
Orange,firebomb,wall,White,freeze,wall
Orange,firebomb,wall,Yellow,nuke,heal
Orange,firebomb,wall,Yellow,nuke,reinforcements
Orange,firebomb,wall,Yellow,nuke,speed
Orange,firebomb,wall,Yellow,nuke,wall
Orange,firebomb,wall,Yellow,firebomb,heal
Orange,firebomb,wall,Yellow,firebomb,reinforcements
Orange,firebomb,wall,Yellow,firebomb,speed
Orange,firebomb,wall,Yellow,firebomb,wall
Orange,firebomb,wall,Yellow,snipe,heal
Orange,firebomb,wall,Yellow,snipe,reinforcements
Orange,firebomb,wall,Yellow,snipe,speed
Orange,firebomb,wall,Yellow,snipe,wall
Orange,firebomb,wall,Yellow,freeze,heal
Orange,firebomb,wall,Yellow,freeze,reinforcements
Orange,firebomb,wall,Yellow,freeze,speed
Orange,firebomb,wall,Yellow,freeze,wall
Orange,snipe,heal,Black,nuke,heal
Orange,snipe,heal,Black,nuke,reinforcements
Orange,snipe,heal,Black,nuke,speed
Orange,snipe,heal,Black,nuke,wall
Orange,snipe,heal,Black,firebomb,heal
Orange,snipe,heal,Black,firebomb,reinforcements
Orange,snipe,heal,Black,firebomb,speed
Orange,snipe,heal,Black,firebomb,wall
Orange,snipe,heal,Black,snipe,heal
Orange,snipe,heal,Black,snipe,reinforcements
Orange,snipe,heal,Black,snipe,speed
Orange,snipe,heal,Black,snipe,wall
Orange,snipe,heal,Black,freeze,heal
Orange,snipe,heal,Black,freeze,reinforcements
Orange,snipe,heal,Black,freeze,speed
Orange,snipe,heal,Black,freeze,wall
Orange,snipe,heal,Blue,nuke,heal
Orange,snipe,heal,Blue,nuke,reinforcements
Orange,snipe,heal,Blue,nuke,speed
Orange,snipe,heal,Blue,nuke,wall
Orange,snipe,heal,Blue,firebomb,heal
Orange,snipe,heal,Blue,firebomb,reinforcements
Orange,snipe,heal,Blue,firebomb,speed
Orange,snipe,heal,Blue,firebomb,wall
Orange,snipe,heal,Blue,snipe,heal
Orange,snipe,heal,Blue,snipe,reinforcements
Orange,snipe,heal,Blue,snipe,speed
Orange,snipe,heal,Blue,snipe,wall
Orange,snipe,heal,Blue,freeze,heal
Orange,snipe,heal,Blue,freeze,reinforcements
Orange,snipe,heal,Blue,freeze,speed
Orange,snipe,heal,Blue,freeze,wall
Orange,snipe,heal,Green,nuke,heal
Orange,snipe,heal,Green,nuke,reinforcements
Orange,snipe,heal,Green,nuke,speed
Orange,snipe,heal,Green,nuke,wall
Orange,snipe,heal,Green,firebomb,heal
Orange,snipe,heal,Green,firebomb,reinforcements
Orange,snipe,heal,Green,firebomb,speed
Orange,snipe,heal,Green,firebomb,wall
Orange,snipe,heal,Green,snipe,heal
Orange,snipe,heal,Green,snipe,reinforcements
Orange,snipe,heal,Green,snipe,speed
Orange,snipe,heal,Green,snipe,wall
Orange,snipe,heal,Green,freeze,heal
Orange,snipe,heal,Green,freeze,reinforcements
Orange,snipe,heal,Green,freeze,speed
Orange,snipe,heal,Green,freeze,wall
Orange,snipe,heal,Orange,nuke,heal
Orange,snipe,heal,Orange,nuke,reinforcements
Orange,snipe,heal,Orange,nuke,speed
Orange,snipe,heal,Orange,nuke,wall
Orange,snipe,heal,Orange,firebomb,heal
Orange,snipe,heal,Orange,firebomb,reinforcements
Orange,snipe,heal,Orange,firebomb,speed
Orange,snipe,heal,Orange,firebomb,wall
Orange,snipe,heal,Orange,snipe,heal
Orange,snipe,heal,Orange,snipe,reinforcements
Orange,snipe,heal,Orange,snipe,speed
Orange,snipe,heal,Orange,snipe,wall
Orange,snipe,heal,Orange,freeze,heal
Orange,snipe,heal,Orange,freeze,reinforcements
Orange,snipe,heal,Orange,freeze,speed
Orange,snipe,heal,Orange,freeze,wall
Orange,snipe,heal,Purple,nuke,heal
Orange,snipe,heal,Purple,nuke,reinforcements
Orange,snipe,heal,Purple,nuke,speed
Orange,snipe,heal,Purple,nuke,wall
Orange,snipe,heal,Purple,firebomb,heal
Orange,snipe,heal,Purple,firebomb,reinforcements
Orange,snipe,heal,Purple,firebomb,speed
Orange,snipe,heal,Purple,firebomb,wall
Orange,snipe,heal,Purple,snipe,heal
Orange,snipe,heal,Purple,snipe,reinforcements
Orange,snipe,heal,Purple,snipe,speed
Orange,snipe,heal,Purple,snipe,wall
Orange,snipe,heal,Purple,freeze,heal
Orange,snipe,heal,Purple,freeze,reinforcements
Orange,snipe,heal,Purple,freeze,speed
Orange,snipe,heal,Purple,freeze,wall
Orange,snipe,heal,Red,nuke,heal
Orange,snipe,heal,Red,nuke,reinforcements
Orange,snipe,heal,Red,nuke,speed
Orange,snipe,heal,Red,nuke,wall
Orange,snipe,heal,Red,firebomb,heal
Orange,snipe,heal,Red,firebomb,reinforcements
Orange,snipe,heal,Red,firebomb,speed
Orange,snipe,heal,Red,firebomb,wall
Orange,snipe,heal,Red,snipe,heal
Orange,snipe,heal,Red,snipe,reinforcements
Orange,snipe,heal,Red,snipe,speed
Orange,snipe,heal,Red,snipe,wall
Orange,snipe,heal,Red,freeze,heal
Orange,snipe,heal,Red,freeze,reinforcements
Orange,snipe,heal,Red,freeze,speed
Orange,snipe,heal,Red,freeze,wall
Orange,snipe,heal,White,nuke,heal
Orange,snipe,heal,White,nuke,reinforcements
Orange,snipe,heal,White,nuke,speed
Orange,snipe,heal,White,nuke,wall
Orange,snipe,heal,White,firebomb,heal
Orange,snipe,heal,White,firebomb,reinforcements
Orange,snipe,heal,White,firebomb,speed
Orange,snipe,heal,White,firebomb,wall
Orange,snipe,heal,White,snipe,heal
Orange,snipe,heal,White,snipe,reinforcements
Orange,snipe,heal,White,snipe,speed
Orange,snipe,heal,White,snipe,wall
Orange,snipe,heal,White,freeze,heal
Orange,snipe,heal,White,freeze,reinforcements
Orange,snipe,heal,White,freeze,speed
Orange,snipe,heal,White,freeze,wall
Orange,snipe,heal,Yellow,nuke,heal
Orange,snipe,heal,Yellow,nuke,reinforcements
Orange,snipe,heal,Yellow,nuke,speed
Orange,snipe,heal,Yellow,nuke,wall
Orange,snipe,heal,Yellow,firebomb,heal
Orange,snipe,heal,Yellow,firebomb,reinforcements
Orange,snipe,heal,Yellow,firebomb,speed
Orange,snipe,heal,Yellow,firebomb,wall
Orange,snipe,heal,Yellow,snipe,heal
Orange,snipe,heal,Yellow,snipe,reinforcements
Orange,snipe,heal,Yellow,snipe,speed
Orange,snipe,heal,Yellow,snipe,wall
Orange,snipe,heal,Yellow,freeze,heal
Orange,snipe,heal,Yellow,freeze,reinforcements
Orange,snipe,heal,Yellow,freeze,speed
Orange,snipe,heal,Yellow,freeze,wall
Orange,snipe,reinforcements,Black,nuke,heal
Orange,snipe,reinforcements,Black,nuke,reinforcements
Orange,snipe,reinforcements,Black,nuke,speed
Orange,snipe,reinforcements,Black,nuke,wall
Orange,snipe,reinforcements,Black,firebomb,heal
Orange,snipe,reinforcements,Black,firebomb,reinforcements
Orange,snipe,reinforcements,Black,firebomb,speed
Orange,snipe,reinforcements,Black,firebomb,wall
Orange,snipe,reinforcements,Black,snipe,heal
Orange,snipe,reinforcements,Black,snipe,reinforcements
Orange,snipe,reinforcements,Black,snipe,speed
Orange,snipe,reinforcements,Black,snipe,wall
Orange,snipe,reinforcements,Black,freeze,heal
Orange,snipe,reinforcements,Black,freeze,reinforcements
Orange,snipe,reinforcements,Black,freeze,speed
Orange,snipe,reinforcements,Black,freeze,wall
Orange,snipe,reinforcements,Blue,nuke,heal
Orange,snipe,reinforcements,Blue,nuke,reinforcements
Orange,snipe,reinforcements,Blue,nuke,speed
Orange,snipe,reinforcements,Blue,nuke,wall
Orange,snipe,reinforcements,Blue,firebomb,heal
Orange,snipe,reinforcements,Blue,firebomb,reinforcements
Orange,snipe,reinforcements,Blue,firebomb,speed
Orange,snipe,reinforcements,Blue,firebomb,wall
Orange,snipe,reinforcements,Blue,snipe,heal
Orange,snipe,reinforcements,Blue,snipe,reinforcements
Orange,snipe,reinforcements,Blue,snipe,speed
Orange,snipe,reinforcements,Blue,snipe,wall
Orange,snipe,reinforcements,Blue,freeze,heal
Orange,snipe,reinforcements,Blue,freeze,reinforcements
Orange,snipe,reinforcements,Blue,freeze,speed
Orange,snipe,reinforcements,Blue,freeze,wall
Orange,snipe,reinforcements,Green,nuke,heal
Orange,snipe,reinforcements,Green,nuke,reinforcements
Orange,snipe,reinforcements,Green,nuke,speed
Orange,snipe,reinforcements,Green,nuke,wall
Orange,snipe,reinforcements,Green,firebomb,heal
Orange,snipe,reinforcements,Green,firebomb,reinforcements
Orange,snipe,reinforcements,Green,firebomb,speed
Orange,snipe,reinforcements,Green,firebomb,wall
Orange,snipe,reinforcements,Green,snipe,heal
Orange,snipe,reinforcements,Green,snipe,reinforcements
Orange,snipe,reinforcements,Green,snipe,speed
Orange,snipe,reinforcements,Green,snipe,wall
Orange,snipe,reinforcements,Green,freeze,heal
Orange,snipe,reinforcements,Green,freeze,reinforcements
Orange,snipe,reinforcements,Green,freeze,speed
Orange,snipe,reinforcements,Green,freeze,wall
Orange,snipe,reinforcements,Orange,nuke,heal
Orange,snipe,reinforcements,Orange,nuke,reinforcements
Orange,snipe,reinforcements,Orange,nuke,speed
Orange,snipe,reinforcements,Orange,nuke,wall
Orange,snipe,reinforcements,Orange,firebomb,heal
Orange,snipe,reinforcements,Orange,firebomb,reinforcements
Orange,snipe,reinforcements,Orange,firebomb,speed
Orange,snipe,reinforcements,Orange,firebomb,wall
Orange,snipe,reinforcements,Orange,snipe,heal
Orange,snipe,reinforcements,Orange,snipe,reinforcements
Orange,snipe,reinforcements,Orange,snipe,speed
Orange,snipe,reinforcements,Orange,snipe,wall
Orange,snipe,reinforcements,Orange,freeze,heal
Orange,snipe,reinforcements,Orange,freeze,reinforcements
Orange,snipe,reinforcements,Orange,freeze,speed
Orange,snipe,reinforcements,Orange,freeze,wall
Orange,snipe,reinforcements,Purple,nuke,heal
Orange,snipe,reinforcements,Purple,nuke,reinforcements
Orange,snipe,reinforcements,Purple,nuke,speed
Orange,snipe,reinforcements,Purple,nuke,wall
Orange,snipe,reinforcements,Purple,firebomb,heal
Orange,snipe,reinforcements,Purple,firebomb,reinforcements
Orange,snipe,reinforcements,Purple,firebomb,speed
Orange,snipe,reinforcements,Purple,firebomb,wall
Orange,snipe,reinforcements,Purple,snipe,heal
Orange,snipe,reinforcements,Purple,snipe,reinforcements
Orange,snipe,reinforcements,Purple,snipe,speed
Orange,snipe,reinforcements,Purple,snipe,wall
Orange,snipe,reinforcements,Purple,freeze,heal
Orange,snipe,reinforcements,Purple,freeze,reinforcements
Orange,snipe,reinforcements,Purple,freeze,speed
Orange,snipe,reinforcements,Purple,freeze,wall
Orange,snipe,reinforcements,Red,nuke,heal
Orange,snipe,reinforcements,Red,nuke,reinforcements
Orange,snipe,reinforcements,Red,nuke,speed
Orange,snipe,reinforcements,Red,nuke,wall
Orange,snipe,reinforcements,Red,firebomb,heal
Orange,snipe,reinforcements,Red,firebomb,reinforcements
Orange,snipe,reinforcements,Red,firebomb,speed
Orange,snipe,reinforcements,Red,firebomb,wall
Orange,snipe,reinforcements,Red,snipe,heal
Orange,snipe,reinforcements,Red,snipe,reinforcements
Orange,snipe,reinforcements,Red,snipe,speed
Orange,snipe,reinforcements,Red,snipe,wall
Orange,snipe,reinforcements,Red,freeze,heal
Orange,snipe,reinforcements,Red,freeze,reinforcements
Orange,snipe,reinforcements,Red,freeze,speed
Orange,snipe,reinforcements,Red,freeze,wall
Orange,snipe,reinforcements,White,nuke,heal
Orange,snipe,reinforcements,White,nuke,reinforcements
Orange,snipe,reinforcements,White,nuke,speed
Orange,snipe,reinforcements,White,nuke,wall
Orange,snipe,reinforcements,White,firebomb,heal
Orange,snipe,reinforcements,White,firebomb,reinforcements
Orange,snipe,reinforcements,White,firebomb,speed
Orange,snipe,reinforcements,White,firebomb,wall
Orange,snipe,reinforcements,White,snipe,heal
Orange,snipe,reinforcements,White,snipe,reinforcements
Orange,snipe,reinforcements,White,snipe,speed
Orange,snipe,reinforcements,White,snipe,wall
Orange,snipe,reinforcements,White,freeze,heal
Orange,snipe,reinforcements,White,freeze,reinforcements
Orange,snipe,reinforcements,White,freeze,speed
Orange,snipe,reinforcements,White,freeze,wall
Orange,snipe,reinforcements,Yellow,nuke,heal
Orange,snipe,reinforcements,Yellow,nuke,reinforcements
Orange,snipe,reinforcements,Yellow,nuke,speed
Orange,snipe,reinforcements,Yellow,nuke,wall
Orange,snipe,reinforcements,Yellow,firebomb,heal
Orange,snipe,reinforcements,Yellow,firebomb,reinforcements
Orange,snipe,reinforcements,Yellow,firebomb,speed
Orange,snipe,reinforcements,Yellow,firebomb,wall
Orange,snipe,reinforcements,Yellow,snipe,heal
Orange,snipe,reinforcements,Yellow,snipe,reinforcements
Orange,snipe,reinforcements,Yellow,snipe,speed
Orange,snipe,reinforcements,Yellow,snipe,wall
Orange,snipe,reinforcements,Yellow,freeze,heal
Orange,snipe,reinforcements,Yellow,freeze,reinforcements
Orange,snipe,reinforcements,Yellow,freeze,speed
Orange,snipe,reinforcements,Yellow,freeze,wall
Orange,snipe,speed,Black,nuke,heal
Orange,snipe,speed,Black,nuke,reinforcements
Orange,snipe,speed,Black,nuke,speed
Orange,snipe,speed,Black,nuke,wall
Orange,snipe,speed,Black,firebomb,heal
Orange,snipe,speed,Black,firebomb,reinforcements
Orange,snipe,speed,Black,firebomb,speed
Orange,snipe,speed,Black,firebomb,wall
Orange,snipe,speed,Black,snipe,heal
Orange,snipe,speed,Black,snipe,reinforcements
Orange,snipe,speed,Black,snipe,speed
Orange,snipe,speed,Black,snipe,wall
Orange,snipe,speed,Black,freeze,heal
Orange,snipe,speed,Black,freeze,reinforcements
Orange,snipe,speed,Black,freeze,speed
Orange,snipe,speed,Black,freeze,wall
Orange,snipe,speed,Blue,nuke,heal
Orange,snipe,speed,Blue,nuke,reinforcements
Orange,snipe,speed,Blue,nuke,speed
Orange,snipe,speed,Blue,nuke,wall
Orange,snipe,speed,Blue,firebomb,heal
Orange,snipe,speed,Blue,firebomb,reinforcements
Orange,snipe,speed,Blue,firebomb,speed
Orange,snipe,speed,Blue,firebomb,wall
Orange,snipe,speed,Blue,snipe,heal
Orange,snipe,speed,Blue,snipe,reinforcements
Orange,snipe,speed,Blue,snipe,speed
Orange,snipe,speed,Blue,snipe,wall
Orange,snipe,speed,Blue,freeze,heal
Orange,snipe,speed,Blue,freeze,reinforcements
Orange,snipe,speed,Blue,freeze,speed
Orange,snipe,speed,Blue,freeze,wall
Orange,snipe,speed,Green,nuke,heal
Orange,snipe,speed,Green,nuke,reinforcements
Orange,snipe,speed,Green,nuke,speed
Orange,snipe,speed,Green,nuke,wall
Orange,snipe,speed,Green,firebomb,heal
Orange,snipe,speed,Green,firebomb,reinforcements
Orange,snipe,speed,Green,firebomb,speed
Orange,snipe,speed,Green,firebomb,wall
Orange,snipe,speed,Green,snipe,heal
Orange,snipe,speed,Green,snipe,reinforcements
Orange,snipe,speed,Green,snipe,speed
Orange,snipe,speed,Green,snipe,wall
Orange,snipe,speed,Green,freeze,heal
Orange,snipe,speed,Green,freeze,reinforcements
Orange,snipe,speed,Green,freeze,speed
Orange,snipe,speed,Green,freeze,wall
Orange,snipe,speed,Orange,nuke,heal
Orange,snipe,speed,Orange,nuke,reinforcements
Orange,snipe,speed,Orange,nuke,speed
Orange,snipe,speed,Orange,nuke,wall
Orange,snipe,speed,Orange,firebomb,heal
Orange,snipe,speed,Orange,firebomb,reinforcements
Orange,snipe,speed,Orange,firebomb,speed
Orange,snipe,speed,Orange,firebomb,wall
Orange,snipe,speed,Orange,snipe,heal
Orange,snipe,speed,Orange,snipe,reinforcements
Orange,snipe,speed,Orange,snipe,speed
Orange,snipe,speed,Orange,snipe,wall
Orange,snipe,speed,Orange,freeze,heal
Orange,snipe,speed,Orange,freeze,reinforcements
Orange,snipe,speed,Orange,freeze,speed
Orange,snipe,speed,Orange,freeze,wall
Orange,snipe,speed,Purple,nuke,heal
Orange,snipe,speed,Purple,nuke,reinforcements
Orange,snipe,speed,Purple,nuke,speed
Orange,snipe,speed,Purple,nuke,wall
Orange,snipe,speed,Purple,firebomb,heal
Orange,snipe,speed,Purple,firebomb,reinforcements
Orange,snipe,speed,Purple,firebomb,speed
Orange,snipe,speed,Purple,firebomb,wall
Orange,snipe,speed,Purple,snipe,heal
Orange,snipe,speed,Purple,snipe,reinforcements
Orange,snipe,speed,Purple,snipe,speed
Orange,snipe,speed,Purple,snipe,wall
Orange,snipe,speed,Purple,freeze,heal
Orange,snipe,speed,Purple,freeze,reinforcements
Orange,snipe,speed,Purple,freeze,speed
Orange,snipe,speed,Purple,freeze,wall
Orange,snipe,speed,Red,nuke,heal
Orange,snipe,speed,Red,nuke,reinforcements
Orange,snipe,speed,Red,nuke,speed
Orange,snipe,speed,Red,nuke,wall
Orange,snipe,speed,Red,firebomb,heal
Orange,snipe,speed,Red,firebomb,reinforcements
Orange,snipe,speed,Red,firebomb,speed
Orange,snipe,speed,Red,firebomb,wall
Orange,snipe,speed,Red,snipe,heal
Orange,snipe,speed,Red,snipe,reinforcements
Orange,snipe,speed,Red,snipe,speed
Orange,snipe,speed,Red,snipe,wall
Orange,snipe,speed,Red,freeze,heal
Orange,snipe,speed,Red,freeze,reinforcements
Orange,snipe,speed,Red,freeze,speed
Orange,snipe,speed,Red,freeze,wall
Orange,snipe,speed,White,nuke,heal
Orange,snipe,speed,White,nuke,reinforcements
Orange,snipe,speed,White,nuke,speed
Orange,snipe,speed,White,nuke,wall
Orange,snipe,speed,White,firebomb,heal
Orange,snipe,speed,White,firebomb,reinforcements
Orange,snipe,speed,White,firebomb,speed
Orange,snipe,speed,White,firebomb,wall
Orange,snipe,speed,White,snipe,heal
Orange,snipe,speed,White,snipe,reinforcements
Orange,snipe,speed,White,snipe,speed
Orange,snipe,speed,White,snipe,wall
Orange,snipe,speed,White,freeze,heal
Orange,snipe,speed,White,freeze,reinforcements
Orange,snipe,speed,White,freeze,speed
Orange,snipe,speed,White,freeze,wall
Orange,snipe,speed,Yellow,nuke,heal
Orange,snipe,speed,Yellow,nuke,reinforcements
Orange,snipe,speed,Yellow,nuke,speed
Orange,snipe,speed,Yellow,nuke,wall
Orange,snipe,speed,Yellow,firebomb,heal
Orange,snipe,speed,Yellow,firebomb,reinforcements
Orange,snipe,speed,Yellow,firebomb,speed
Orange,snipe,speed,Yellow,firebomb,wall
Orange,snipe,speed,Yellow,snipe,heal
Orange,snipe,speed,Yellow,snipe,reinforcements
Orange,snipe,speed,Yellow,snipe,speed
Orange,snipe,speed,Yellow,snipe,wall
Orange,snipe,speed,Yellow,freeze,heal
Orange,snipe,speed,Yellow,freeze,reinforcements
Orange,snipe,speed,Yellow,freeze,speed
Orange,snipe,speed,Yellow,freeze,wall
Orange,snipe,wall,Black,nuke,heal
Orange,snipe,wall,Black,nuke,reinforcements
Orange,snipe,wall,Black,nuke,speed
Orange,snipe,wall,Black,nuke,wall
Orange,snipe,wall,Black,firebomb,heal
Orange,snipe,wall,Black,firebomb,reinforcements
Orange,snipe,wall,Black,firebomb,speed
Orange,snipe,wall,Black,firebomb,wall
Orange,snipe,wall,Black,snipe,heal
Orange,snipe,wall,Black,snipe,reinforcements
Orange,snipe,wall,Black,snipe,speed
Orange,snipe,wall,Black,snipe,wall
Orange,snipe,wall,Black,freeze,heal
Orange,snipe,wall,Black,freeze,reinforcements
Orange,snipe,wall,Black,freeze,speed
Orange,snipe,wall,Black,freeze,wall
Orange,snipe,wall,Blue,nuke,heal
Orange,snipe,wall,Blue,nuke,reinforcements
Orange,snipe,wall,Blue,nuke,speed
Orange,snipe,wall,Blue,nuke,wall
Orange,snipe,wall,Blue,firebomb,heal
Orange,snipe,wall,Blue,firebomb,reinforcements
Orange,snipe,wall,Blue,firebomb,speed
Orange,snipe,wall,Blue,firebomb,wall
Orange,snipe,wall,Blue,snipe,heal
Orange,snipe,wall,Blue,snipe,reinforcements
Orange,snipe,wall,Blue,snipe,speed
Orange,snipe,wall,Blue,snipe,wall
Orange,snipe,wall,Blue,freeze,heal
Orange,snipe,wall,Blue,freeze,reinforcements
Orange,snipe,wall,Blue,freeze,speed
Orange,snipe,wall,Blue,freeze,wall
Orange,snipe,wall,Green,nuke,heal
Orange,snipe,wall,Green,nuke,reinforcements
Orange,snipe,wall,Green,nuke,speed
Orange,snipe,wall,Green,nuke,wall
Orange,snipe,wall,Green,firebomb,heal
Orange,snipe,wall,Green,firebomb,reinforcements
Orange,snipe,wall,Green,firebomb,speed
Orange,snipe,wall,Green,firebomb,wall
Orange,snipe,wall,Green,snipe,heal
Orange,snipe,wall,Green,snipe,reinforcements
Orange,snipe,wall,Green,snipe,speed
Orange,snipe,wall,Green,snipe,wall
Orange,snipe,wall,Green,freeze,heal
Orange,snipe,wall,Green,freeze,reinforcements
Orange,snipe,wall,Green,freeze,speed
Orange,snipe,wall,Green,freeze,wall
Orange,snipe,wall,Orange,nuke,heal
Orange,snipe,wall,Orange,nuke,reinforcements
Orange,snipe,wall,Orange,nuke,speed
Orange,snipe,wall,Orange,nuke,wall
Orange,snipe,wall,Orange,firebomb,heal
Orange,snipe,wall,Orange,firebomb,reinforcements
Orange,snipe,wall,Orange,firebomb,speed
Orange,snipe,wall,Orange,firebomb,wall
Orange,snipe,wall,Orange,snipe,heal
Orange,snipe,wall,Orange,snipe,reinforcements
Orange,snipe,wall,Orange,snipe,speed
Orange,snipe,wall,Orange,snipe,wall
Orange,snipe,wall,Orange,freeze,heal
Orange,snipe,wall,Orange,freeze,reinforcements
Orange,snipe,wall,Orange,freeze,speed
Orange,snipe,wall,Orange,freeze,wall
Orange,snipe,wall,Purple,nuke,heal
Orange,snipe,wall,Purple,nuke,reinforcements
Orange,snipe,wall,Purple,nuke,speed
Orange,snipe,wall,Purple,nuke,wall
Orange,snipe,wall,Purple,firebomb,heal
Orange,snipe,wall,Purple,firebomb,reinforcements
Orange,snipe,wall,Purple,firebomb,speed
Orange,snipe,wall,Purple,firebomb,wall
Orange,snipe,wall,Purple,snipe,heal
Orange,snipe,wall,Purple,snipe,reinforcements
Orange,snipe,wall,Purple,snipe,speed
Orange,snipe,wall,Purple,snipe,wall
Orange,snipe,wall,Purple,freeze,heal
Orange,snipe,wall,Purple,freeze,reinforcements
Orange,snipe,wall,Purple,freeze,speed
Orange,snipe,wall,Purple,freeze,wall
Orange,snipe,wall,Red,nuke,heal
Orange,snipe,wall,Red,nuke,reinforcements
Orange,snipe,wall,Red,nuke,speed
Orange,snipe,wall,Red,nuke,wall
Orange,snipe,wall,Red,firebomb,heal
Orange,snipe,wall,Red,firebomb,reinforcements
Orange,snipe,wall,Red,firebomb,speed
Orange,snipe,wall,Red,firebomb,wall
Orange,snipe,wall,Red,snipe,heal
Orange,snipe,wall,Red,snipe,reinforcements
Orange,snipe,wall,Red,snipe,speed
Orange,snipe,wall,Red,snipe,wall
Orange,snipe,wall,Red,freeze,heal
Orange,snipe,wall,Red,freeze,reinforcements
Orange,snipe,wall,Red,freeze,speed
Orange,snipe,wall,Red,freeze,wall
Orange,snipe,wall,White,nuke,heal
Orange,snipe,wall,White,nuke,reinforcements
Orange,snipe,wall,White,nuke,speed
Orange,snipe,wall,White,nuke,wall
Orange,snipe,wall,White,firebomb,heal
Orange,snipe,wall,White,firebomb,reinforcements
Orange,snipe,wall,White,firebomb,speed
Orange,snipe,wall,White,firebomb,wall
Orange,snipe,wall,White,snipe,heal
Orange,snipe,wall,White,snipe,reinforcements
Orange,snipe,wall,White,snipe,speed
Orange,snipe,wall,White,snipe,wall
Orange,snipe,wall,White,freeze,heal
Orange,snipe,wall,White,freeze,reinforcements
Orange,snipe,wall,White,freeze,speed
Orange,snipe,wall,White,freeze,wall
Orange,snipe,wall,Yellow,nuke,heal
Orange,snipe,wall,Yellow,nuke,reinforcements
Orange,snipe,wall,Yellow,nuke,speed
Orange,snipe,wall,Yellow,nuke,wall
Orange,snipe,wall,Yellow,firebomb,heal
Orange,snipe,wall,Yellow,firebomb,reinforcements
Orange,snipe,wall,Yellow,firebomb,speed
Orange,snipe,wall,Yellow,firebomb,wall
Orange,snipe,wall,Yellow,snipe,heal
Orange,snipe,wall,Yellow,snipe,reinforcements
Orange,snipe,wall,Yellow,snipe,speed
Orange,snipe,wall,Yellow,snipe,wall
Orange,snipe,wall,Yellow,freeze,heal
Orange,snipe,wall,Yellow,freeze,reinforcements
Orange,snipe,wall,Yellow,freeze,speed
Orange,snipe,wall,Yellow,freeze,wall
Orange,freeze,heal,Black,nuke,heal
Orange,freeze,heal,Black,nuke,reinforcements
Orange,freeze,heal,Black,nuke,speed
Orange,freeze,heal,Black,nuke,wall
Orange,freeze,heal,Black,firebomb,heal
Orange,freeze,heal,Black,firebomb,reinforcements
Orange,freeze,heal,Black,firebomb,speed
Orange,freeze,heal,Black,firebomb,wall
Orange,freeze,heal,Black,snipe,heal
Orange,freeze,heal,Black,snipe,reinforcements
Orange,freeze,heal,Black,snipe,speed
Orange,freeze,heal,Black,snipe,wall
Orange,freeze,heal,Black,freeze,heal
Orange,freeze,heal,Black,freeze,reinforcements
Orange,freeze,heal,Black,freeze,speed
Orange,freeze,heal,Black,freeze,wall
Orange,freeze,heal,Blue,nuke,heal
Orange,freeze,heal,Blue,nuke,reinforcements
Orange,freeze,heal,Blue,nuke,speed
Orange,freeze,heal,Blue,nuke,wall
Orange,freeze,heal,Blue,firebomb,heal
Orange,freeze,heal,Blue,firebomb,reinforcements
Orange,freeze,heal,Blue,firebomb,speed
Orange,freeze,heal,Blue,firebomb,wall
Orange,freeze,heal,Blue,snipe,heal
Orange,freeze,heal,Blue,snipe,reinforcements
Orange,freeze,heal,Blue,snipe,speed
Orange,freeze,heal,Blue,snipe,wall
Orange,freeze,heal,Blue,freeze,heal
Orange,freeze,heal,Blue,freeze,reinforcements
Orange,freeze,heal,Blue,freeze,speed
Orange,freeze,heal,Blue,freeze,wall
Orange,freeze,heal,Green,nuke,heal
Orange,freeze,heal,Green,nuke,reinforcements
Orange,freeze,heal,Green,nuke,speed
Orange,freeze,heal,Green,nuke,wall
Orange,freeze,heal,Green,firebomb,heal
Orange,freeze,heal,Green,firebomb,reinforcements
Orange,freeze,heal,Green,firebomb,speed
Orange,freeze,heal,Green,firebomb,wall
Orange,freeze,heal,Green,snipe,heal
Orange,freeze,heal,Green,snipe,reinforcements
Orange,freeze,heal,Green,snipe,speed
Orange,freeze,heal,Green,snipe,wall
Orange,freeze,heal,Green,freeze,heal
Orange,freeze,heal,Green,freeze,reinforcements
Orange,freeze,heal,Green,freeze,speed
Orange,freeze,heal,Green,freeze,wall
Orange,freeze,heal,Orange,nuke,heal
Orange,freeze,heal,Orange,nuke,reinforcements
Orange,freeze,heal,Orange,nuke,speed
Orange,freeze,heal,Orange,nuke,wall
Orange,freeze,heal,Orange,firebomb,heal
Orange,freeze,heal,Orange,firebomb,reinforcements
Orange,freeze,heal,Orange,firebomb,speed
Orange,freeze,heal,Orange,firebomb,wall
Orange,freeze,heal,Orange,snipe,heal
Orange,freeze,heal,Orange,snipe,reinforcements
Orange,freeze,heal,Orange,snipe,speed
Orange,freeze,heal,Orange,snipe,wall
Orange,freeze,heal,Orange,freeze,heal
Orange,freeze,heal,Orange,freeze,reinforcements
Orange,freeze,heal,Orange,freeze,speed
Orange,freeze,heal,Orange,freeze,wall
Orange,freeze,heal,Purple,nuke,heal
Orange,freeze,heal,Purple,nuke,reinforcements
Orange,freeze,heal,Purple,nuke,speed
Orange,freeze,heal,Purple,nuke,wall
Orange,freeze,heal,Purple,firebomb,heal
Orange,freeze,heal,Purple,firebomb,reinforcements
Orange,freeze,heal,Purple,firebomb,speed
Orange,freeze,heal,Purple,firebomb,wall
Orange,freeze,heal,Purple,snipe,heal
Orange,freeze,heal,Purple,snipe,reinforcements
Orange,freeze,heal,Purple,snipe,speed
Orange,freeze,heal,Purple,snipe,wall
Orange,freeze,heal,Purple,freeze,heal
Orange,freeze,heal,Purple,freeze,reinforcements
Orange,freeze,heal,Purple,freeze,speed
Orange,freeze,heal,Purple,freeze,wall
Orange,freeze,heal,Red,nuke,heal
Orange,freeze,heal,Red,nuke,reinforcements
Orange,freeze,heal,Red,nuke,speed
Orange,freeze,heal,Red,nuke,wall
Orange,freeze,heal,Red,firebomb,heal
Orange,freeze,heal,Red,firebomb,reinforcements
Orange,freeze,heal,Red,firebomb,speed
Orange,freeze,heal,Red,firebomb,wall
Orange,freeze,heal,Red,snipe,heal
Orange,freeze,heal,Red,snipe,reinforcements
Orange,freeze,heal,Red,snipe,speed
Orange,freeze,heal,Red,snipe,wall
Orange,freeze,heal,Red,freeze,heal
Orange,freeze,heal,Red,freeze,reinforcements
Orange,freeze,heal,Red,freeze,speed
Orange,freeze,heal,Red,freeze,wall
Orange,freeze,heal,White,nuke,heal
Orange,freeze,heal,White,nuke,reinforcements
Orange,freeze,heal,White,nuke,speed
Orange,freeze,heal,White,nuke,wall
Orange,freeze,heal,White,firebomb,heal
Orange,freeze,heal,White,firebomb,reinforcements
Orange,freeze,heal,White,firebomb,speed
Orange,freeze,heal,White,firebomb,wall
Orange,freeze,heal,White,snipe,heal
Orange,freeze,heal,White,snipe,reinforcements
Orange,freeze,heal,White,snipe,speed
Orange,freeze,heal,White,snipe,wall
Orange,freeze,heal,White,freeze,heal
Orange,freeze,heal,White,freeze,reinforcements
Orange,freeze,heal,White,freeze,speed
Orange,freeze,heal,White,freeze,wall
Orange,freeze,heal,Yellow,nuke,heal
Orange,freeze,heal,Yellow,nuke,reinforcements
Orange,freeze,heal,Yellow,nuke,speed
Orange,freeze,heal,Yellow,nuke,wall
Orange,freeze,heal,Yellow,firebomb,heal
Orange,freeze,heal,Yellow,firebomb,reinforcements
Orange,freeze,heal,Yellow,firebomb,speed
Orange,freeze,heal,Yellow,firebomb,wall
Orange,freeze,heal,Yellow,snipe,heal
Orange,freeze,heal,Yellow,snipe,reinforcements
Orange,freeze,heal,Yellow,snipe,speed
Orange,freeze,heal,Yellow,snipe,wall
Orange,freeze,heal,Yellow,freeze,heal
Orange,freeze,heal,Yellow,freeze,reinforcements
Orange,freeze,heal,Yellow,freeze,speed
Orange,freeze,heal,Yellow,freeze,wall
Orange,freeze,reinforcements,Black,nuke,heal
Orange,freeze,reinforcements,Black,nuke,reinforcements
Orange,freeze,reinforcements,Black,nuke,speed
Orange,freeze,reinforcements,Black,nuke,wall
Orange,freeze,reinforcements,Black,firebomb,heal
Orange,freeze,reinforcements,Black,firebomb,reinforcements
Orange,freeze,reinforcements,Black,firebomb,speed
Orange,freeze,reinforcements,Black,firebomb,wall
Orange,freeze,reinforcements,Black,snipe,heal
Orange,freeze,reinforcements,Black,snipe,reinforcements
Orange,freeze,reinforcements,Black,snipe,speed
Orange,freeze,reinforcements,Black,snipe,wall
Orange,freeze,reinforcements,Black,freeze,heal
Orange,freeze,reinforcements,Black,freeze,reinforcements
Orange,freeze,reinforcements,Black,freeze,speed
Orange,freeze,reinforcements,Black,freeze,wall
Orange,freeze,reinforcements,Blue,nuke,heal
Orange,freeze,reinforcements,Blue,nuke,reinforcements
Orange,freeze,reinforcements,Blue,nuke,speed
Orange,freeze,reinforcements,Blue,nuke,wall
Orange,freeze,reinforcements,Blue,firebomb,heal
Orange,freeze,reinforcements,Blue,firebomb,reinforcements
Orange,freeze,reinforcements,Blue,firebomb,speed
Orange,freeze,reinforcements,Blue,firebomb,wall
Orange,freeze,reinforcements,Blue,snipe,heal
Orange,freeze,reinforcements,Blue,snipe,reinforcements
Orange,freeze,reinforcements,Blue,snipe,speed
Orange,freeze,reinforcements,Blue,snipe,wall
Orange,freeze,reinforcements,Blue,freeze,heal
Orange,freeze,reinforcements,Blue,freeze,reinforcements
Orange,freeze,reinforcements,Blue,freeze,speed
Orange,freeze,reinforcements,Blue,freeze,wall
Orange,freeze,reinforcements,Green,nuke,heal
Orange,freeze,reinforcements,Green,nuke,reinforcements
Orange,freeze,reinforcements,Green,nuke,speed
Orange,freeze,reinforcements,Green,nuke,wall
Orange,freeze,reinforcements,Green,firebomb,heal
Orange,freeze,reinforcements,Green,firebomb,reinforcements
Orange,freeze,reinforcements,Green,firebomb,speed
Orange,freeze,reinforcements,Green,firebomb,wall
Orange,freeze,reinforcements,Green,snipe,heal
Orange,freeze,reinforcements,Green,snipe,reinforcements
Orange,freeze,reinforcements,Green,snipe,speed
Orange,freeze,reinforcements,Green,snipe,wall
Orange,freeze,reinforcements,Green,freeze,heal
Orange,freeze,reinforcements,Green,freeze,reinforcements
Orange,freeze,reinforcements,Green,freeze,speed
Orange,freeze,reinforcements,Green,freeze,wall
Orange,freeze,reinforcements,Orange,nuke,heal
Orange,freeze,reinforcements,Orange,nuke,reinforcements
Orange,freeze,reinforcements,Orange,nuke,speed
Orange,freeze,reinforcements,Orange,nuke,wall
Orange,freeze,reinforcements,Orange,firebomb,heal
Orange,freeze,reinforcements,Orange,firebomb,reinforcements
Orange,freeze,reinforcements,Orange,firebomb,speed
Orange,freeze,reinforcements,Orange,firebomb,wall
Orange,freeze,reinforcements,Orange,snipe,heal
Orange,freeze,reinforcements,Orange,snipe,reinforcements
Orange,freeze,reinforcements,Orange,snipe,speed
Orange,freeze,reinforcements,Orange,snipe,wall
Orange,freeze,reinforcements,Orange,freeze,heal
Orange,freeze,reinforcements,Orange,freeze,reinforcements
Orange,freeze,reinforcements,Orange,freeze,speed
Orange,freeze,reinforcements,Orange,freeze,wall
Orange,freeze,reinforcements,Purple,nuke,heal
Orange,freeze,reinforcements,Purple,nuke,reinforcements
Orange,freeze,reinforcements,Purple,nuke,speed
Orange,freeze,reinforcements,Purple,nuke,wall
Orange,freeze,reinforcements,Purple,firebomb,heal
Orange,freeze,reinforcements,Purple,firebomb,reinforcements
Orange,freeze,reinforcements,Purple,firebomb,speed
Orange,freeze,reinforcements,Purple,firebomb,wall
Orange,freeze,reinforcements,Purple,snipe,heal
Orange,freeze,reinforcements,Purple,snipe,reinforcements
Orange,freeze,reinforcements,Purple,snipe,speed
Orange,freeze,reinforcements,Purple,snipe,wall
Orange,freeze,reinforcements,Purple,freeze,heal
Orange,freeze,reinforcements,Purple,freeze,reinforcements
Orange,freeze,reinforcements,Purple,freeze,speed
Orange,freeze,reinforcements,Purple,freeze,wall
Orange,freeze,reinforcements,Red,nuke,heal
Orange,freeze,reinforcements,Red,nuke,reinforcements
Orange,freeze,reinforcements,Red,nuke,speed
Orange,freeze,reinforcements,Red,nuke,wall
Orange,freeze,reinforcements,Red,firebomb,heal
Orange,freeze,reinforcements,Red,firebomb,reinforcements
Orange,freeze,reinforcements,Red,firebomb,speed
Orange,freeze,reinforcements,Red,firebomb,wall
Orange,freeze,reinforcements,Red,snipe,heal
Orange,freeze,reinforcements,Red,snipe,reinforcements
Orange,freeze,reinforcements,Red,snipe,speed
Orange,freeze,reinforcements,Red,snipe,wall
Orange,freeze,reinforcements,Red,freeze,heal
Orange,freeze,reinforcements,Red,freeze,reinforcements
Orange,freeze,reinforcements,Red,freeze,speed
Orange,freeze,reinforcements,Red,freeze,wall
Orange,freeze,reinforcements,White,nuke,heal
Orange,freeze,reinforcements,White,nuke,reinforcements
Orange,freeze,reinforcements,White,nuke,speed
Orange,freeze,reinforcements,White,nuke,wall
Orange,freeze,reinforcements,White,firebomb,heal
Orange,freeze,reinforcements,White,firebomb,reinforcements
Orange,freeze,reinforcements,White,firebomb,speed
Orange,freeze,reinforcements,White,firebomb,wall
Orange,freeze,reinforcements,White,snipe,heal
Orange,freeze,reinforcements,White,snipe,reinforcements
Orange,freeze,reinforcements,White,snipe,speed
Orange,freeze,reinforcements,White,snipe,wall
Orange,freeze,reinforcements,White,freeze,heal
Orange,freeze,reinforcements,White,freeze,reinforcements
Orange,freeze,reinforcements,White,freeze,speed
Orange,freeze,reinforcements,White,freeze,wall
Orange,freeze,reinforcements,Yellow,nuke,heal
Orange,freeze,reinforcements,Yellow,nuke,reinforcements
Orange,freeze,reinforcements,Yellow,nuke,speed
Orange,freeze,reinforcements,Yellow,nuke,wall
Orange,freeze,reinforcements,Yellow,firebomb,heal
Orange,freeze,reinforcements,Yellow,firebomb,reinforcements
Orange,freeze,reinforcements,Yellow,firebomb,speed
Orange,freeze,reinforcements,Yellow,firebomb,wall
Orange,freeze,reinforcements,Yellow,snipe,heal
Orange,freeze,reinforcements,Yellow,snipe,reinforcements
Orange,freeze,reinforcements,Yellow,snipe,speed
Orange,freeze,reinforcements,Yellow,snipe,wall
Orange,freeze,reinforcements,Yellow,freeze,heal
Orange,freeze,reinforcements,Yellow,freeze,reinforcements
Orange,freeze,reinforcements,Yellow,freeze,speed
Orange,freeze,reinforcements,Yellow,freeze,wall
Orange,freeze,speed,Black,nuke,heal
Orange,freeze,speed,Black,nuke,reinforcements
Orange,freeze,speed,Black,nuke,speed
Orange,freeze,speed,Black,nuke,wall
Orange,freeze,speed,Black,firebomb,heal
Orange,freeze,speed,Black,firebomb,reinforcements
Orange,freeze,speed,Black,firebomb,speed
Orange,freeze,speed,Black,firebomb,wall
Orange,freeze,speed,Black,snipe,heal
Orange,freeze,speed,Black,snipe,reinforcements
Orange,freeze,speed,Black,snipe,speed
Orange,freeze,speed,Black,snipe,wall
Orange,freeze,speed,Black,freeze,heal
Orange,freeze,speed,Black,freeze,reinforcements
Orange,freeze,speed,Black,freeze,speed
Orange,freeze,speed,Black,freeze,wall
Orange,freeze,speed,Blue,nuke,heal
Orange,freeze,speed,Blue,nuke,reinforcements
Orange,freeze,speed,Blue,nuke,speed
Orange,freeze,speed,Blue,nuke,wall
Orange,freeze,speed,Blue,firebomb,heal
Orange,freeze,speed,Blue,firebomb,reinforcements
Orange,freeze,speed,Blue,firebomb,speed
Orange,freeze,speed,Blue,firebomb,wall
Orange,freeze,speed,Blue,snipe,heal
Orange,freeze,speed,Blue,snipe,reinforcements
Orange,freeze,speed,Blue,snipe,speed
Orange,freeze,speed,Blue,snipe,wall
Orange,freeze,speed,Blue,freeze,heal
Orange,freeze,speed,Blue,freeze,reinforcements
Orange,freeze,speed,Blue,freeze,speed
Orange,freeze,speed,Blue,freeze,wall
Orange,freeze,speed,Green,nuke,heal
Orange,freeze,speed,Green,nuke,reinforcements
Orange,freeze,speed,Green,nuke,speed
Orange,freeze,speed,Green,nuke,wall
Orange,freeze,speed,Green,firebomb,heal
Orange,freeze,speed,Green,firebomb,reinforcements
Orange,freeze,speed,Green,firebomb,speed
Orange,freeze,speed,Green,firebomb,wall
Orange,freeze,speed,Green,snipe,heal
Orange,freeze,speed,Green,snipe,reinforcements
Orange,freeze,speed,Green,snipe,speed
Orange,freeze,speed,Green,snipe,wall
Orange,freeze,speed,Green,freeze,heal
Orange,freeze,speed,Green,freeze,reinforcements
Orange,freeze,speed,Green,freeze,speed
Orange,freeze,speed,Green,freeze,wall
Orange,freeze,speed,Orange,nuke,heal
Orange,freeze,speed,Orange,nuke,reinforcements
Orange,freeze,speed,Orange,nuke,speed
Orange,freeze,speed,Orange,nuke,wall
Orange,freeze,speed,Orange,firebomb,heal
Orange,freeze,speed,Orange,firebomb,reinforcements
Orange,freeze,speed,Orange,firebomb,speed
Orange,freeze,speed,Orange,firebomb,wall
Orange,freeze,speed,Orange,snipe,heal
Orange,freeze,speed,Orange,snipe,reinforcements
Orange,freeze,speed,Orange,snipe,speed
Orange,freeze,speed,Orange,snipe,wall
Orange,freeze,speed,Orange,freeze,heal
Orange,freeze,speed,Orange,freeze,reinforcements
Orange,freeze,speed,Orange,freeze,speed
Orange,freeze,speed,Orange,freeze,wall
Orange,freeze,speed,Purple,nuke,heal
Orange,freeze,speed,Purple,nuke,reinforcements
Orange,freeze,speed,Purple,nuke,speed
Orange,freeze,speed,Purple,nuke,wall
Orange,freeze,speed,Purple,firebomb,heal
Orange,freeze,speed,Purple,firebomb,reinforcements
Orange,freeze,speed,Purple,firebomb,speed
Orange,freeze,speed,Purple,firebomb,wall
Orange,freeze,speed,Purple,snipe,heal
Orange,freeze,speed,Purple,snipe,reinforcements
Orange,freeze,speed,Purple,snipe,speed
Orange,freeze,speed,Purple,snipe,wall
Orange,freeze,speed,Purple,freeze,heal
Orange,freeze,speed,Purple,freeze,reinforcements
Orange,freeze,speed,Purple,freeze,speed
Orange,freeze,speed,Purple,freeze,wall
Orange,freeze,speed,Red,nuke,heal
Orange,freeze,speed,Red,nuke,reinforcements
Orange,freeze,speed,Red,nuke,speed
Orange,freeze,speed,Red,nuke,wall
Orange,freeze,speed,Red,firebomb,heal
Orange,freeze,speed,Red,firebomb,reinforcements
Orange,freeze,speed,Red,firebomb,speed
Orange,freeze,speed,Red,firebomb,wall
Orange,freeze,speed,Red,snipe,heal
Orange,freeze,speed,Red,snipe,reinforcements
Orange,freeze,speed,Red,snipe,speed
Orange,freeze,speed,Red,snipe,wall
Orange,freeze,speed,Red,freeze,heal
Orange,freeze,speed,Red,freeze,reinforcements
Orange,freeze,speed,Red,freeze,speed
Orange,freeze,speed,Red,freeze,wall
Orange,freeze,speed,White,nuke,heal
Orange,freeze,speed,White,nuke,reinforcements
Orange,freeze,speed,White,nuke,speed
Orange,freeze,speed,White,nuke,wall
Orange,freeze,speed,White,firebomb,heal
Orange,freeze,speed,White,firebomb,reinforcements
Orange,freeze,speed,White,firebomb,speed
Orange,freeze,speed,White,firebomb,wall
Orange,freeze,speed,White,snipe,heal
Orange,freeze,speed,White,snipe,reinforcements
Orange,freeze,speed,White,snipe,speed
Orange,freeze,speed,White,snipe,wall
Orange,freeze,speed,White,freeze,heal
Orange,freeze,speed,White,freeze,reinforcements
Orange,freeze,speed,White,freeze,speed
Orange,freeze,speed,White,freeze,wall
Orange,freeze,speed,Yellow,nuke,heal
Orange,freeze,speed,Yellow,nuke,reinforcements
Orange,freeze,speed,Yellow,nuke,speed
Orange,freeze,speed,Yellow,nuke,wall
Orange,freeze,speed,Yellow,firebomb,heal
Orange,freeze,speed,Yellow,firebomb,reinforcements
Orange,freeze,speed,Yellow,firebomb,speed
Orange,freeze,speed,Yellow,firebomb,wall
Orange,freeze,speed,Yellow,snipe,heal
Orange,freeze,speed,Yellow,snipe,reinforcements
Orange,freeze,speed,Yellow,snipe,speed
Orange,freeze,speed,Yellow,snipe,wall
Orange,freeze,speed,Yellow,freeze,heal
Orange,freeze,speed,Yellow,freeze,reinforcements
Orange,freeze,speed,Yellow,freeze,speed
Orange,freeze,speed,Yellow,freeze,wall
Orange,freeze,wall,Black,nuke,heal
Orange,freeze,wall,Black,nuke,reinforcements
Orange,freeze,wall,Black,nuke,speed
Orange,freeze,wall,Black,nuke,wall
Orange,freeze,wall,Black,firebomb,heal
Orange,freeze,wall,Black,firebomb,reinforcements
Orange,freeze,wall,Black,firebomb,speed
Orange,freeze,wall,Black,firebomb,wall
Orange,freeze,wall,Black,snipe,heal
Orange,freeze,wall,Black,snipe,reinforcements
Orange,freeze,wall,Black,snipe,speed
Orange,freeze,wall,Black,snipe,wall
Orange,freeze,wall,Black,freeze,heal
Orange,freeze,wall,Black,freeze,reinforcements
Orange,freeze,wall,Black,freeze,speed
Orange,freeze,wall,Black,freeze,wall
Orange,freeze,wall,Blue,nuke,heal
Orange,freeze,wall,Blue,nuke,reinforcements
Orange,freeze,wall,Blue,nuke,speed
Orange,freeze,wall,Blue,nuke,wall
Orange,freeze,wall,Blue,firebomb,heal
Orange,freeze,wall,Blue,firebomb,reinforcements
Orange,freeze,wall,Blue,firebomb,speed
Orange,freeze,wall,Blue,firebomb,wall
Orange,freeze,wall,Blue,snipe,heal
Orange,freeze,wall,Blue,snipe,reinforcements
Orange,freeze,wall,Blue,snipe,speed
Orange,freeze,wall,Blue,snipe,wall
Orange,freeze,wall,Blue,freeze,heal
Orange,freeze,wall,Blue,freeze,reinforcements
Orange,freeze,wall,Blue,freeze,speed
Orange,freeze,wall,Blue,freeze,wall
Orange,freeze,wall,Green,nuke,heal
Orange,freeze,wall,Green,nuke,reinforcements
Orange,freeze,wall,Green,nuke,speed
Orange,freeze,wall,Green,nuke,wall
Orange,freeze,wall,Green,firebomb,heal
Orange,freeze,wall,Green,firebomb,reinforcements
Orange,freeze,wall,Green,firebomb,speed
Orange,freeze,wall,Green,firebomb,wall
Orange,freeze,wall,Green,snipe,heal
Orange,freeze,wall,Green,snipe,reinforcements
Orange,freeze,wall,Green,snipe,speed
Orange,freeze,wall,Green,snipe,wall
Orange,freeze,wall,Green,freeze,heal
Orange,freeze,wall,Green,freeze,reinforcements
Orange,freeze,wall,Green,freeze,speed
Orange,freeze,wall,Green,freeze,wall
Orange,freeze,wall,Orange,nuke,heal
Orange,freeze,wall,Orange,nuke,reinforcements
Orange,freeze,wall,Orange,nuke,speed
Orange,freeze,wall,Orange,nuke,wall
Orange,freeze,wall,Orange,firebomb,heal
Orange,freeze,wall,Orange,firebomb,reinforcements
Orange,freeze,wall,Orange,firebomb,speed
Orange,freeze,wall,Orange,firebomb,wall
Orange,freeze,wall,Orange,snipe,heal
Orange,freeze,wall,Orange,snipe,reinforcements
Orange,freeze,wall,Orange,snipe,speed
Orange,freeze,wall,Orange,snipe,wall
Orange,freeze,wall,Orange,freeze,heal
Orange,freeze,wall,Orange,freeze,reinforcements
Orange,freeze,wall,Orange,freeze,speed
Orange,freeze,wall,Orange,freeze,wall
Orange,freeze,wall,Purple,nuke,heal
Orange,freeze,wall,Purple,nuke,reinforcements
Orange,freeze,wall,Purple,nuke,speed
Orange,freeze,wall,Purple,nuke,wall
Orange,freeze,wall,Purple,firebomb,heal
Orange,freeze,wall,Purple,firebomb,reinforcements
Orange,freeze,wall,Purple,firebomb,speed
Orange,freeze,wall,Purple,firebomb,wall
Orange,freeze,wall,Purple,snipe,heal
Orange,freeze,wall,Purple,snipe,reinforcements
Orange,freeze,wall,Purple,snipe,speed
Orange,freeze,wall,Purple,snipe,wall
Orange,freeze,wall,Purple,freeze,heal
Orange,freeze,wall,Purple,freeze,reinforcements
Orange,freeze,wall,Purple,freeze,speed
Orange,freeze,wall,Purple,freeze,wall
Orange,freeze,wall,Red,nuke,heal
Orange,freeze,wall,Red,nuke,reinforcements
Orange,freeze,wall,Red,nuke,speed
Orange,freeze,wall,Red,nuke,wall
Orange,freeze,wall,Red,firebomb,heal
Orange,freeze,wall,Red,firebomb,reinforcements
Orange,freeze,wall,Red,firebomb,speed
Orange,freeze,wall,Red,firebomb,wall
Orange,freeze,wall,Red,snipe,heal
Orange,freeze,wall,Red,snipe,reinforcements
Orange,freeze,wall,Red,snipe,speed
Orange,freeze,wall,Red,snipe,wall
Orange,freeze,wall,Red,freeze,heal
Orange,freeze,wall,Red,freeze,reinforcements
Orange,freeze,wall,Red,freeze,speed
Orange,freeze,wall,Red,freeze,wall
Orange,freeze,wall,White,nuke,heal
Orange,freeze,wall,White,nuke,reinforcements
Orange,freeze,wall,White,nuke,speed
Orange,freeze,wall,White,nuke,wall
Orange,freeze,wall,White,firebomb,heal
Orange,freeze,wall,White,firebomb,reinforcements
Orange,freeze,wall,White,firebomb,speed
Orange,freeze,wall,White,firebomb,wall
Orange,freeze,wall,White,snipe,heal
Orange,freeze,wall,White,snipe,reinforcements
Orange,freeze,wall,White,snipe,speed
Orange,freeze,wall,White,snipe,wall
Orange,freeze,wall,White,freeze,heal
Orange,freeze,wall,White,freeze,reinforcements
Orange,freeze,wall,White,freeze,speed
Orange,freeze,wall,White,freeze,wall
Orange,freeze,wall,Yellow,nuke,heal
Orange,freeze,wall,Yellow,nuke,reinforcements
Orange,freeze,wall,Yellow,nuke,speed
Orange,freeze,wall,Yellow,nuke,wall
Orange,freeze,wall,Yellow,firebomb,heal
Orange,freeze,wall,Yellow,firebomb,reinforcements
Orange,freeze,wall,Yellow,firebomb,speed
Orange,freeze,wall,Yellow,firebomb,wall
Orange,freeze,wall,Yellow,snipe,heal
Orange,freeze,wall,Yellow,snipe,reinforcements
Orange,freeze,wall,Yellow,snipe,speed
Orange,freeze,wall,Yellow,snipe,wall
Orange,freeze,wall,Yellow,freeze,heal
Orange,freeze,wall,Yellow,freeze,reinforcements
Orange,freeze,wall,Yellow,freeze,speed
Orange,freeze,wall,Yellow,freeze,wall
Purple,nuke,heal,Black,nuke,heal
