human_team,human_off,human_def,bot_team,bot_off,bot_def
Red,firebomb,reinforcements,Green,freeze,heal
Red,firebomb,reinforcements,Green,freeze,reinforcements
Red,firebomb,reinforcements,Green,freeze,speed
Red,firebomb,reinforcements,Green,freeze,wall
Red,firebomb,reinforcements,Orange,nuke,heal
Red,firebomb,reinforcements,Orange,nuke,reinforcements
Red,firebomb,reinforcements,Orange,nuke,speed
Red,firebomb,reinforcements,Orange,nuke,wall
Red,firebomb,reinforcements,Orange,firebomb,heal
Red,firebomb,reinforcements,Orange,firebomb,reinforcements
Red,firebomb,reinforcements,Orange,firebomb,speed
Red,firebomb,reinforcements,Orange,firebomb,wall
Red,firebomb,reinforcements,Orange,snipe,heal
Red,firebomb,reinforcements,Orange,snipe,reinforcements
Red,firebomb,reinforcements,Orange,snipe,speed
Red,firebomb,reinforcements,Orange,snipe,wall
Red,firebomb,reinforcements,Orange,freeze,heal
Red,firebomb,reinforcements,Orange,freeze,reinforcements
Red,firebomb,reinforcements,Orange,freeze,speed
Red,firebomb,reinforcements,Orange,freeze,wall
Red,firebomb,reinforcements,Purple,nuke,heal
Red,firebomb,reinforcements,Purple,nuke,reinforcements
Red,firebomb,reinforcements,Purple,nuke,speed
Red,firebomb,reinforcements,Purple,nuke,wall
Red,firebomb,reinforcements,Purple,firebomb,heal
Red,firebomb,reinforcements,Purple,firebomb,reinforcements
Red,firebomb,reinforcements,Purple,firebomb,speed
Red,firebomb,reinforcements,Purple,firebomb,wall
Red,firebomb,reinforcements,Purple,snipe,heal
Red,firebomb,reinforcements,Purple,snipe,reinforcements
Red,firebomb,reinforcements,Purple,snipe,speed
Red,firebomb,reinforcements,Purple,snipe,wall
Red,firebomb,reinforcements,Purple,freeze,heal
Red,firebomb,reinforcements,Purple,freeze,reinforcements
Red,firebomb,reinforcements,Purple,freeze,speed
Red,firebomb,reinforcements,Purple,freeze,wall
Red,firebomb,reinforcements,Red,nuke,heal
Red,firebomb,reinforcements,Red,nuke,reinforcements
Red,firebomb,reinforcements,Red,nuke,speed
Red,firebomb,reinforcements,Red,nuke,wall
Red,firebomb,reinforcements,Red,firebomb,heal
Red,firebomb,reinforcements,Red,firebomb,reinforcements
Red,firebomb,reinforcements,Red,firebomb,speed
Red,firebomb,reinforcements,Red,firebomb,wall
Red,firebomb,reinforcements,Red,snipe,heal
Red,firebomb,reinforcements,Red,snipe,reinforcements
Red,firebomb,reinforcements,Red,snipe,speed
Red,firebomb,reinforcements,Red,snipe,wall
Red,firebomb,reinforcements,Red,freeze,heal
Red,firebomb,reinforcements,Red,freeze,reinforcements
Red,firebomb,reinforcements,Red,freeze,speed
Red,firebomb,reinforcements,Red,freeze,wall
Red,firebomb,reinforcements,White,nuke,heal
Red,firebomb,reinforcements,White,nuke,reinforcements
Red,firebomb,reinforcements,White,nuke,speed
Red,firebomb,reinforcements,White,nuke,wall
Red,firebomb,reinforcements,White,firebomb,heal
Red,firebomb,reinforcements,White,firebomb,reinforcements
Red,firebomb,reinforcements,White,firebomb,speed
Red,firebomb,reinforcements,White,firebomb,wall
Red,firebomb,reinforcements,White,snipe,heal
Red,firebomb,reinforcements,White,snipe,reinforcements
Red,firebomb,reinforcements,White,snipe,speed
Red,firebomb,reinforcements,White,snipe,wall
Red,firebomb,reinforcements,White,freeze,heal
Red,firebomb,reinforcements,White,freeze,reinforcements
Red,firebomb,reinforcements,White,freeze,speed
Red,firebomb,reinforcements,White,freeze,wall
Red,firebomb,reinforcements,Yellow,nuke,heal
Red,firebomb,reinforcements,Yellow,nuke,reinforcements
Red,firebomb,reinforcements,Yellow,nuke,speed
Red,firebomb,reinforcements,Yellow,nuke,wall
Red,firebomb,reinforcements,Yellow,firebomb,heal
Red,firebomb,reinforcements,Yellow,firebomb,reinforcements
Red,firebomb,reinforcements,Yellow,firebomb,speed
Red,firebomb,reinforcements,Yellow,firebomb,wall
Red,firebomb,reinforcements,Yellow,snipe,heal
Red,firebomb,reinforcements,Yellow,snipe,reinforcements
Red,firebomb,reinforcements,Yellow,snipe,speed
Red,firebomb,reinforcements,Yellow,snipe,wall
Red,firebomb,reinforcements,Yellow,freeze,heal
Red,firebomb,reinforcements,Yellow,freeze,reinforcements
Red,firebomb,reinforcements,Yellow,freeze,speed
Red,firebomb,reinforcements,Yellow,freeze,wall
Red,firebomb,speed,Black,nuke,heal
Red,firebomb,speed,Black,nuke,reinforcements
Red,firebomb,speed,Black,nuke,speed
Red,firebomb,speed,Black,nuke,wall
Red,firebomb,speed,Black,firebomb,heal
Red,firebomb,speed,Black,firebomb,reinforcements
Red,firebomb,speed,Black,firebomb,speed
Red,firebomb,speed,Black,firebomb,wall
Red,firebomb,speed,Black,snipe,heal
Red,firebomb,speed,Black,snipe,reinforcements
Red,firebomb,speed,Black,snipe,speed
Red,firebomb,speed,Black,snipe,wall
Red,firebomb,speed,Black,freeze,heal
Red,firebomb,speed,Black,freeze,reinforcements
Red,firebomb,speed,Black,freeze,speed
Red,firebomb,speed,Black,freeze,wall
Red,firebomb,speed,Blue,nuke,heal
Red,firebomb,speed,Blue,nuke,reinforcements
Red,firebomb,speed,Blue,nuke,speed
Red,firebomb,speed,Blue,nuke,wall
Red,firebomb,speed,Blue,firebomb,heal
Red,firebomb,speed,Blue,firebomb,reinforcements
Red,firebomb,speed,Blue,firebomb,speed
Red,firebomb,speed,Blue,firebomb,wall
Red,firebomb,speed,Blue,snipe,heal
Red,firebomb,speed,Blue,snipe,reinforcements
Red,firebomb,speed,Blue,snipe,speed
Red,firebomb,speed,Blue,snipe,wall
Red,firebomb,speed,Blue,freeze,heal
Red,firebomb,speed,Blue,freeze,reinforcements
Red,firebomb,speed,Blue,freeze,speed
Red,firebomb,speed,Blue,freeze,wall
Red,firebomb,speed,Green,nuke,heal
Red,firebomb,speed,Green,nuke,reinforcements
Red,firebomb,speed,Green,nuke,speed
Red,firebomb,speed,Green,nuke,wall
Red,firebomb,speed,Green,firebomb,heal
Red,firebomb,speed,Green,firebomb,reinforcements
Red,firebomb,speed,Green,firebomb,speed
Red,firebomb,speed,Green,firebomb,wall
Red,firebomb,speed,Green,snipe,heal
Red,firebomb,speed,Green,snipe,reinforcements
Red,firebomb,speed,Green,snipe,speed
Red,firebomb,speed,Green,snipe,wall
Red,firebomb,speed,Green,freeze,heal
Red,firebomb,speed,Green,freeze,reinforcements
Red,firebomb,speed,Green,freeze,speed
Red,firebomb,speed,Green,freeze,wall
Red,firebomb,speed,Orange,nuke,heal
Red,firebomb,speed,Orange,nuke,reinforcements
Red,firebomb,speed,Orange,nuke,speed
Red,firebomb,speed,Orange,nuke,wall
Red,firebomb,speed,Orange,firebomb,heal
Red,firebomb,speed,Orange,firebomb,reinforcements
Red,firebomb,speed,Orange,firebomb,speed
Red,firebomb,speed,Orange,firebomb,wall
Red,firebomb,speed,Orange,snipe,heal
Red,firebomb,speed,Orange,snipe,reinforcements
Red,firebomb,speed,Orange,snipe,speed
Red,firebomb,speed,Orange,snipe,wall
Red,firebomb,speed,Orange,freeze,heal
Red,firebomb,speed,Orange,freeze,reinforcements
Red,firebomb,speed,Orange,freeze,speed
Red,firebomb,speed,Orange,freeze,wall
Red,firebomb,speed,Purple,nuke,heal
Red,firebomb,speed,Purple,nuke,reinforcements
Red,firebomb,speed,Purple,nuke,speed
Red,firebomb,speed,Purple,nuke,wall
Red,firebomb,speed,Purple,firebomb,heal
Red,firebomb,speed,Purple,firebomb,reinforcements
Red,firebomb,speed,Purple,firebomb,speed
Red,firebomb,speed,Purple,firebomb,wall
Red,firebomb,speed,Purple,snipe,heal
Red,firebomb,speed,Purple,snipe,reinforcements
Red,firebomb,speed,Purple,snipe,speed
Red,firebomb,speed,Purple,snipe,wall
Red,firebomb,speed,Purple,freeze,heal
Red,firebomb,speed,Purple,freeze,reinforcements
Red,firebomb,speed,Purple,freeze,speed
Red,firebomb,speed,Purple,freeze,wall
Red,firebomb,speed,Red,nuke,heal
Red,firebomb,speed,Red,nuke,reinforcements
Red,firebomb,speed,Red,nuke,speed
Red,firebomb,speed,Red,nuke,wall
Red,firebomb,speed,Red,firebomb,heal
Red,firebomb,speed,Red,firebomb,reinforcements
Red,firebomb,speed,Red,firebomb,speed
Red,firebomb,speed,Red,firebomb,wall
Red,firebomb,speed,Red,snipe,heal
Red,firebomb,speed,Red,snipe,reinforcements
Red,firebomb,speed,Red,snipe,speed
Red,firebomb,speed,Red,snipe,wall
Red,firebomb,speed,Red,freeze,heal
Red,firebomb,speed,Red,freeze,reinforcements
Red,firebomb,speed,Red,freeze,speed
Red,firebomb,speed,Red,freeze,wall
Red,firebomb,speed,White,nuke,heal
Red,firebomb,speed,White,nuke,reinforcements
Red,firebomb,speed,White,nuke,speed
Red,firebomb,speed,White,nuke,wall
Red,firebomb,speed,White,firebomb,heal
Red,firebomb,speed,White,firebomb,reinforcements
Red,firebomb,speed,White,firebomb,speed
Red,firebomb,speed,White,firebomb,wall
Red,firebomb,speed,White,snipe,heal
Red,firebomb,speed,White,snipe,reinforcements
Red,firebomb,speed,White,snipe,speed
Red,firebomb,speed,White,snipe,wall
Red,firebomb,speed,White,freeze,heal
Red,firebomb,speed,White,freeze,reinforcements
Red,firebomb,speed,White,freeze,speed
Red,firebomb,speed,White,freeze,wall
Red,firebomb,speed,Yellow,nuke,heal
Red,firebomb,speed,Yellow,nuke,reinforcements
Red,firebomb,speed,Yellow,nuke,speed
Red,firebomb,speed,Yellow,nuke,wall
Red,firebomb,speed,Yellow,firebomb,heal
Red,firebomb,speed,Yellow,firebomb,reinforcements
Red,firebomb,speed,Yellow,firebomb,speed
Red,firebomb,speed,Yellow,firebomb,wall
Red,firebomb,speed,Yellow,snipe,heal
Red,firebomb,speed,Yellow,snipe,reinforcements
Red,firebomb,speed,Yellow,snipe,speed
Red,firebomb,speed,Yellow,snipe,wall
Red,firebomb,speed,Yellow,freeze,heal
Red,firebomb,speed,Yellow,freeze,reinforcements
Red,firebomb,speed,Yellow,freeze,speed
Red,firebomb,speed,Yellow,freeze,wall
Red,firebomb,wall,Black,nuke,heal
Red,firebomb,wall,Black,nuke,reinforcements
Red,firebomb,wall,Black,nuke,speed
Red,firebomb,wall,Black,nuke,wall
Red,firebomb,wall,Black,firebomb,heal
Red,firebomb,wall,Black,firebomb,reinforcements
Red,firebomb,wall,Black,firebomb,speed
Red,firebomb,wall,Black,firebomb,wall
Red,firebomb,wall,Black,snipe,heal
Red,firebomb,wall,Black,snipe,reinforcements
Red,firebomb,wall,Black,snipe,speed
Red,firebomb,wall,Black,snipe,wall
Red,firebomb,wall,Black,freeze,heal
Red,firebomb,wall,Black,freeze,reinforcements
Red,firebomb,wall,Black,freeze,speed
Red,firebomb,wall,Black,freeze,wall
Red,firebomb,wall,Blue,nuke,heal
Red,firebomb,wall,Blue,nuke,reinforcements
Red,firebomb,wall,Blue,nuke,speed
Red,firebomb,wall,Blue,nuke,wall
Red,firebomb,wall,Blue,firebomb,heal
Red,firebomb,wall,Blue,firebomb,reinforcements
Red,firebomb,wall,Blue,firebomb,speed
Red,firebomb,wall,Blue,firebomb,wall
Red,firebomb,wall,Blue,snipe,heal
Red,firebomb,wall,Blue,snipe,reinforcements
Red,firebomb,wall,Blue,snipe,speed
Red,firebomb,wall,Blue,snipe,wall
Red,firebomb,wall,Blue,freeze,heal
Red,firebomb,wall,Blue,freeze,reinforcements
Red,firebomb,wall,Blue,freeze,speed
Red,firebomb,wall,Blue,freeze,wall
Red,firebomb,wall,Green,nuke,heal
Red,firebomb,wall,Green,nuke,reinforcements
Red,firebomb,wall,Green,nuke,speed
Red,firebomb,wall,Green,nuke,wall
Red,firebomb,wall,Green,firebomb,heal
Red,firebomb,wall,Green,firebomb,reinforcements
Red,firebomb,wall,Green,firebomb,speed
Red,firebomb,wall,Green,firebomb,wall
Red,firebomb,wall,Green,snipe,heal
Red,firebomb,wall,Green,snipe,reinforcements
Red,firebomb,wall,Green,snipe,speed
Red,firebomb,wall,Green,snipe,wall
Red,firebomb,wall,Green,freeze,heal
Red,firebomb,wall,Green,freeze,reinforcements
Red,firebomb,wall,Green,freeze,speed
Red,firebomb,wall,Green,freeze,wall
Red,firebomb,wall,Orange,nuke,heal
Red,firebomb,wall,Orange,nuke,reinforcements
Red,firebomb,wall,Orange,nuke,speed
Red,firebomb,wall,Orange,nuke,wall
Red,firebomb,wall,Orange,firebomb,heal
Red,firebomb,wall,Orange,firebomb,reinforcements
Red,firebomb,wall,Orange,firebomb,speed
Red,firebomb,wall,Orange,firebomb,wall
Red,firebomb,wall,Orange,snipe,heal
Red,firebomb,wall,Orange,snipe,reinforcements
Red,firebomb,wall,Orange,snipe,speed
Red,firebomb,wall,Orange,snipe,wall
Red,firebomb,wall,Orange,freeze,heal
Red,firebomb,wall,Orange,freeze,reinforcements
Red,firebomb,wall,Orange,freeze,speed
Red,firebomb,wall,Orange,freeze,wall
Red,firebomb,wall,Purple,nuke,heal
Red,firebomb,wall,Purple,nuke,reinforcements
Red,firebomb,wall,Purple,nuke,speed
Red,firebomb,wall,Purple,nuke,wall
Red,firebomb,wall,Purple,firebomb,heal
Red,firebomb,wall,Purple,firebomb,reinforcements
Red,firebomb,wall,Purple,firebomb,speed
Red,firebomb,wall,Purple,firebomb,wall
Red,firebomb,wall,Purple,snipe,heal
Red,firebomb,wall,Purple,snipe,reinforcements
Red,firebomb,wall,Purple,snipe,speed
Red,firebomb,wall,Purple,snipe,wall
Red,firebomb,wall,Purple,freeze,heal
Red,firebomb,wall,Purple,freeze,reinforcements
Red,firebomb,wall,Purple,freeze,speed
Red,firebomb,wall,Purple,freeze,wall
Red,firebomb,wall,Red,nuke,heal
Red,firebomb,wall,Red,nuke,reinforcements
Red,firebomb,wall,Red,nuke,speed
Red,firebomb,wall,Red,nuke,wall
Red,firebomb,wall,Red,firebomb,heal
Red,firebomb,wall,Red,firebomb,reinforcements
Red,firebomb,wall,Red,firebomb,speed
Red,firebomb,wall,Red,firebomb,wall
Red,firebomb,wall,Red,snipe,heal
Red,firebomb,wall,Red,snipe,reinforcements
Red,firebomb,wall,Red,snipe,speed
Red,firebomb,wall,Red,snipe,wall
Red,firebomb,wall,Red,freeze,heal
Red,firebomb,wall,Red,freeze,reinforcements
Red,firebomb,wall,Red,freeze,speed
Red,firebomb,wall,Red,freeze,wall
Red,firebomb,wall,White,nuke,heal
Red,firebomb,wall,White,nuke,reinforcements
Red,firebomb,wall,White,nuke,speed
Red,firebomb,wall,White,nuke,wall
Red,firebomb,wall,White,firebomb,heal
Red,firebomb,wall,White,firebomb,reinforcements
Red,firebomb,wall,White,firebomb,speed
Red,firebomb,wall,White,firebomb,wall
Red,firebomb,wall,White,snipe,heal
Red,firebomb,wall,White,snipe,reinforcements
Red,firebomb,wall,White,snipe,speed
Red,firebomb,wall,White,snipe,wall
Red,firebomb,wall,White,freeze,heal
Red,firebomb,wall,White,freeze,reinforcements
Red,firebomb,wall,White,freeze,speed
Red,firebomb,wall,White,freeze,wall
Red,firebomb,wall,Yellow,nuke,heal
Red,firebomb,wall,Yellow,nuke,reinforcements
Red,firebomb,wall,Yellow,nuke,speed
Red,firebomb,wall,Yellow,nuke,wall
Red,firebomb,wall,Yellow,firebomb,heal
Red,firebomb,wall,Yellow,firebomb,reinforcements
Red,firebomb,wall,Yellow,firebomb,speed
Red,firebomb,wall,Yellow,firebomb,wall
Red,firebomb,wall,Yellow,snipe,heal
Red,firebomb,wall,Yellow,snipe,reinforcements
Red,firebomb,wall,Yellow,snipe,speed
Red,firebomb,wall,Yellow,snipe,wall
Red,firebomb,wall,Yellow,freeze,heal
Red,firebomb,wall,Yellow,freeze,reinforcements
Red,firebomb,wall,Yellow,freeze,speed
Red,firebomb,wall,Yellow,freeze,wall
Red,snipe,heal,Black,nuke,heal
Red,snipe,heal,Black,nuke,reinforcements
Red,snipe,heal,Black,nuke,speed
Red,snipe,heal,Black,nuke,wall
Red,snipe,heal,Black,firebomb,heal
Red,snipe,heal,Black,firebomb,reinforcements
Red,snipe,heal,Black,firebomb,speed
Red,snipe,heal,Black,firebomb,wall
Red,snipe,heal,Black,snipe,heal
Red,snipe,heal,Black,snipe,reinforcements
Red,snipe,heal,Black,snipe,speed
Red,snipe,heal,Black,snipe,wall
Red,snipe,heal,Black,freeze,heal
Red,snipe,heal,Black,freeze,reinforcements
Red,snipe,heal,Black,freeze,speed
Red,snipe,heal,Black,freeze,wall
Red,snipe,heal,Blue,nuke,heal
Red,snipe,heal,Blue,nuke,reinforcements
Red,snipe,heal,Blue,nuke,speed
Red,snipe,heal,Blue,nuke,wall
Red,snipe,heal,Blue,firebomb,heal
Red,snipe,heal,Blue,firebomb,reinforcements
Red,snipe,heal,Blue,firebomb,speed
Red,snipe,heal,Blue,firebomb,wall
Red,snipe,heal,Blue,snipe,heal
Red,snipe,heal,Blue,snipe,reinforcements
Red,snipe,heal,Blue,snipe,speed
Red,snipe,heal,Blue,snipe,wall
Red,snipe,heal,Blue,freeze,heal
Red,snipe,heal,Blue,freeze,reinforcements
Red,snipe,heal,Blue,freeze,speed
Red,snipe,heal,Blue,freeze,wall
Red,snipe,heal,Green,nuke,heal
Red,snipe,heal,Green,nuke,reinforcements
Red,snipe,heal,Green,nuke,speed
Red,snipe,heal,Green,nuke,wall
Red,snipe,heal,Green,firebomb,heal
Red,snipe,heal,Green,firebomb,reinforcements
Red,snipe,heal,Green,firebomb,speed
Red,snipe,heal,Green,firebomb,wall
Red,snipe,heal,Green,snipe,heal
Red,snipe,heal,Green,snipe,reinforcements
Red,snipe,heal,Green,snipe,speed
Red,snipe,heal,Green,snipe,wall
Red,snipe,heal,Green,freeze,heal
Red,snipe,heal,Green,freeze,reinforcements
Red,snipe,heal,Green,freeze,speed
Red,snipe,heal,Green,freeze,wall
Red,snipe,heal,Orange,nuke,heal
Red,snipe,heal,Orange,nuke,reinforcements
Red,snipe,heal,Orange,nuke,speed
Red,snipe,heal,Orange,nuke,wall
Red,snipe,heal,Orange,firebomb,heal
Red,snipe,heal,Orange,firebomb,reinforcements
Red,snipe,heal,Orange,firebomb,speed
Red,snipe,heal,Orange,firebomb,wall
Red,snipe,heal,Orange,snipe,heal
Red,snipe,heal,Orange,snipe,reinforcements
Red,snipe,heal,Orange,snipe,speed
Red,snipe,heal,Orange,snipe,wall
Red,snipe,heal,Orange,freeze,heal
Red,snipe,heal,Orange,freeze,reinforcements
Red,snipe,heal,Orange,freeze,speed
Red,snipe,heal,Orange,freeze,wall
Red,snipe,heal,Purple,nuke,heal
Red,snipe,heal,Purple,nuke,reinforcements
Red,snipe,heal,Purple,nuke,speed
Red,snipe,heal,Purple,nuke,wall
Red,snipe,heal,Purple,firebomb,heal
Red,snipe,heal,Purple,firebomb,reinforcements
Red,snipe,heal,Purple,firebomb,speed
Red,snipe,heal,Purple,firebomb,wall
Red,snipe,heal,Purple,snipe,heal
Red,snipe,heal,Purple,snipe,reinforcements
Red,snipe,heal,Purple,snipe,speed
Red,snipe,heal,Purple,snipe,wall
Red,snipe,heal,Purple,freeze,heal
Red,snipe,heal,Purple,freeze,reinforcements
Red,snipe,heal,Purple,freeze,speed
Red,snipe,heal,Purple,freeze,wall
Red,snipe,heal,Red,nuke,heal
Red,snipe,heal,Red,nuke,reinforcements
Red,snipe,heal,Red,nuke,speed
Red,snipe,heal,Red,nuke,wall
Red,snipe,heal,Red,firebomb,heal
Red,snipe,heal,Red,firebomb,reinforcements
Red,snipe,heal,Red,firebomb,speed
Red,snipe,heal,Red,firebomb,wall
Red,snipe,heal,Red,snipe,heal
Red,snipe,heal,Red,snipe,reinforcements
Red,snipe,heal,Red,snipe,speed
Red,snipe,heal,Red,snipe,wall
Red,snipe,heal,Red,freeze,heal
Red,snipe,heal,Red,freeze,reinforcements
Red,snipe,heal,Red,freeze,speed
Red,snipe,heal,Red,freeze,wall
Red,snipe,heal,White,nuke,heal
Red,snipe,heal,White,nuke,reinforcements
Red,snipe,heal,White,nuke,speed
Red,snipe,heal,White,nuke,wall
Red,snipe,heal,White,firebomb,heal
Red,snipe,heal,White,firebomb,reinforcements
Red,snipe,heal,White,firebomb,speed
Red,snipe,heal,White,firebomb,wall
Red,snipe,heal,White,snipe,heal
Red,snipe,heal,White,snipe,reinforcements
Red,snipe,heal,White,snipe,speed
Red,snipe,heal,White,snipe,wall
Red,snipe,heal,White,freeze,heal
Red,snipe,heal,White,freeze,reinforcements
Red,snipe,heal,White,freeze,speed
Red,snipe,heal,White,freeze,wall
Red,snipe,heal,Yellow,nuke,heal
Red,snipe,heal,Yellow,nuke,reinforcements
Red,snipe,heal,Yellow,nuke,speed
Red,snipe,heal,Yellow,nuke,wall
Red,snipe,heal,Yellow,firebomb,heal
Red,snipe,heal,Yellow,firebomb,reinforcements
Red,snipe,heal,Yellow,firebomb,speed
Red,snipe,heal,Yellow,firebomb,wall
Red,snipe,heal,Yellow,snipe,heal
Red,snipe,heal,Yellow,snipe,reinforcements
Red,snipe,heal,Yellow,snipe,speed
Red,snipe,heal,Yellow,snipe,wall
Red,snipe,heal,Yellow,freeze,heal
Red,snipe,heal,Yellow,freeze,reinforcements
Red,snipe,heal,Yellow,freeze,speed
Red,snipe,heal,Yellow,freeze,wall
Red,snipe,reinforcements,Black,nuke,heal
Red,snipe,reinforcements,Black,nuke,reinforcements
Red,snipe,reinforcements,Black,nuke,speed
Red,snipe,reinforcements,Black,nuke,wall
Red,snipe,reinforcements,Black,firebomb,heal
Red,snipe,reinforcements,Black,firebomb,reinforcements
Red,snipe,reinforcements,Black,firebomb,speed
Red,snipe,reinforcements,Black,firebomb,wall
Red,snipe,reinforcements,Black,snipe,heal
Red,snipe,reinforcements,Black,snipe,reinforcements
Red,snipe,reinforcements,Black,snipe,speed
Red,snipe,reinforcements,Black,snipe,wall
Red,snipe,reinforcements,Black,freeze,heal
Red,snipe,reinforcements,Black,freeze,reinforcements
Red,snipe,reinforcements,Black,freeze,speed
Red,snipe,reinforcements,Black,freeze,wall
Red,snipe,reinforcements,Blue,nuke,heal
Red,snipe,reinforcements,Blue,nuke,reinforcements
Red,snipe,reinforcements,Blue,nuke,speed
Red,snipe,reinforcements,Blue,nuke,wall
Red,snipe,reinforcements,Blue,firebomb,heal
Red,snipe,reinforcements,Blue,firebomb,reinforcements
Red,snipe,reinforcements,Blue,firebomb,speed
Red,snipe,reinforcements,Blue,firebomb,wall
Red,snipe,reinforcements,Blue,snipe,heal
Red,snipe,reinforcements,Blue,snipe,reinforcements
Red,snipe,reinforcements,Blue,snipe,speed
Red,snipe,reinforcements,Blue,snipe,wall
Red,snipe,reinforcements,Blue,freeze,heal
Red,snipe,reinforcements,Blue,freeze,reinforcements
Red,snipe,reinforcements,Blue,freeze,speed
Red,snipe,reinforcements,Blue,freeze,wall
Red,snipe,reinforcements,Green,nuke,heal
Red,snipe,reinforcements,Green,nuke,reinforcements
Red,snipe,reinforcements,Green,nuke,speed
Red,snipe,reinforcements,Green,nuke,wall
Red,snipe,reinforcements,Green,firebomb,heal
Red,snipe,reinforcements,Green,firebomb,reinforcements
Red,snipe,reinforcements,Green,firebomb,speed
Red,snipe,reinforcements,Green,firebomb,wall
Red,snipe,reinforcements,Green,snipe,heal
Red,snipe,reinforcements,Green,snipe,reinforcements
Red,snipe,reinforcements,Green,snipe,speed
Red,snipe,reinforcements,Green,snipe,wall
Red,snipe,reinforcements,Green,freeze,heal
Red,snipe,reinforcements,Green,freeze,reinforcements
Red,snipe,reinforcements,Green,freeze,speed
Red,snipe,reinforcements,Green,freeze,wall
Red,snipe,reinforcements,Orange,nuke,heal
Red,snipe,reinforcements,Orange,nuke,reinforcements
Red,snipe,reinforcements,Orange,nuke,speed
Red,snipe,reinforcements,Orange,nuke,wall
Red,snipe,reinforcements,Orange,firebomb,heal
Red,snipe,reinforcements,Orange,firebomb,reinforcements
Red,snipe,reinforcements,Orange,firebomb,speed
Red,snipe,reinforcements,Orange,firebomb,wall
Red,snipe,reinforcements,Orange,snipe,heal
Red,snipe,reinforcements,Orange,snipe,reinforcements
Red,snipe,reinforcements,Orange,snipe,speed
Red,snipe,reinforcements,Orange,snipe,wall
Red,snipe,reinforcements,Orange,freeze,heal
Red,snipe,reinforcements,Orange,freeze,reinforcements
Red,snipe,reinforcements,Orange,freeze,speed
Red,snipe,reinforcements,Orange,freeze,wall
Red,snipe,reinforcements,Purple,nuke,heal
Red,snipe,reinforcements,Purple,nuke,reinforcements
Red,snipe,reinforcements,Purple,nuke,speed
Red,snipe,reinforcements,Purple,nuke,wall
Red,snipe,reinforcements,Purple,firebomb,heal
Red,snipe,reinforcements,Purple,firebomb,reinforcements
Red,snipe,reinforcements,Purple,firebomb,speed
Red,snipe,reinforcements,Purple,firebomb,wall
Red,snipe,reinforcements,Purple,snipe,heal
Red,snipe,reinforcements,Purple,snipe,reinforcements
Red,snipe,reinforcements,Purple,snipe,speed
Red,snipe,reinforcements,Purple,snipe,wall
Red,snipe,reinforcements,Purple,freeze,heal
Red,snipe,reinforcements,Purple,freeze,reinforcements
Red,snipe,reinforcements,Purple,freeze,speed
Red,snipe,reinforcements,Purple,freeze,wall
Red,snipe,reinforcements,Red,nuke,heal
Red,snipe,reinforcements,Red,nuke,reinforcements
Red,snipe,reinforcements,Red,nuke,speed
Red,snipe,reinforcements,Red,nuke,wall
Red,snipe,reinforcements,Red,firebomb,heal
Red,snipe,reinforcements,Red,firebomb,reinforcements
Red,snipe,reinforcements,Red,firebomb,speed
Red,snipe,reinforcements,Red,firebomb,wall
Red,snipe,reinforcements,Red,snipe,heal
Red,snipe,reinforcements,Red,snipe,reinforcements
Red,snipe,reinforcements,Red,snipe,speed
Red,snipe,reinforcements,Red,snipe,wall
Red,snipe,reinforcements,Red,freeze,heal
Red,snipe,reinforcements,Red,freeze,reinforcements
Red,snipe,reinforcements,Red,freeze,speed
Red,snipe,reinforcements,Red,freeze,wall
Red,snipe,reinforcements,White,nuke,heal
Red,snipe,reinforcements,White,nuke,reinforcements
Red,snipe,reinforcements,White,nuke,speed
Red,snipe,reinforcements,White,nuke,wall
Red,snipe,reinforcements,White,firebomb,heal
Red,snipe,reinforcements,White,firebomb,reinforcements
Red,snipe,reinforcements,White,firebomb,speed
Red,snipe,reinforcements,White,firebomb,wall
Red,snipe,reinforcements,White,snipe,heal
Red,snipe,reinforcements,White,snipe,reinforcements
Red,snipe,reinforcements,White,snipe,speed
Red,snipe,reinforcements,White,snipe,wall
Red,snipe,reinforcements,White,freeze,heal
Red,snipe,reinforcements,White,freeze,reinforcements
Red,snipe,reinforcements,White,freeze,speed
Red,snipe,reinforcements,White,freeze,wall
Red,snipe,reinforcements,Yellow,nuke,heal
Red,snipe,reinforcements,Yellow,nuke,reinforcements
Red,snipe,reinforcements,Yellow,nuke,speed
Red,snipe,reinforcements,Yellow,nuke,wall
Red,snipe,reinforcements,Yellow,firebomb,heal
Red,snipe,reinforcements,Yellow,firebomb,reinforcements
Red,snipe,reinforcements,Yellow,firebomb,speed
Red,snipe,reinforcements,Yellow,firebomb,wall
Red,snipe,reinforcements,Yellow,snipe,heal
Red,snipe,reinforcements,Yellow,snipe,reinforcements
Red,snipe,reinforcements,Yellow,snipe,speed
Red,snipe,reinforcements,Yellow,snipe,wall
Red,snipe,reinforcements,Yellow,freeze,heal
Red,snipe,reinforcements,Yellow,freeze,reinforcements
Red,snipe,reinforcements,Yellow,freeze,speed
Red,snipe,reinforcements,Yellow,freeze,wall
Red,snipe,speed,Black,nuke,heal
Red,snipe,speed,Black,nuke,reinforcements
Red,snipe,speed,Black,nuke,speed
Red,snipe,speed,Black,nuke,wall
Red,snipe,speed,Black,firebomb,heal
Red,snipe,speed,Black,firebomb,reinforcements
Red,snipe,speed,Black,firebomb,speed
Red,snipe,speed,Black,firebomb,wall
Red,snipe,speed,Black,snipe,heal
Red,snipe,speed,Black,snipe,reinforcements
Red,snipe,speed,Black,snipe,speed
Red,snipe,speed,Black,snipe,wall
Red,snipe,speed,Black,freeze,heal
Red,snipe,speed,Black,freeze,reinforcements
Red,snipe,speed,Black,freeze,speed
Red,snipe,speed,Black,freeze,wall
Red,snipe,speed,Blue,nuke,heal
Red,snipe,speed,Blue,nuke,reinforcements
Red,snipe,speed,Blue,nuke,speed
Red,snipe,speed,Blue,nuke,wall
Red,snipe,speed,Blue,firebomb,heal
Red,snipe,speed,Blue,firebomb,reinforcements
Red,snipe,speed,Blue,firebomb,speed
Red,snipe,speed,Blue,firebomb,wall
Red,snipe,speed,Blue,snipe,heal
Red,snipe,speed,Blue,snipe,reinforcements
Red,snipe,speed,Blue,snipe,speed
Red,snipe,speed,Blue,snipe,wall
Red,snipe,speed,Blue,freeze,heal
Red,snipe,speed,Blue,freeze,reinforcements
Red,snipe,speed,Blue,freeze,speed
Red,snipe,speed,Blue,freeze,wall
Red,snipe,speed,Green,nuke,heal
Red,snipe,speed,Green,nuke,reinforcements
Red,snipe,speed,Green,nuke,speed
Red,snipe,speed,Green,nuke,wall
Red,snipe,speed,Green,firebomb,heal
Red,snipe,speed,Green,firebomb,reinforcements
Red,snipe,speed,Green,firebomb,speed
Red,snipe,speed,Green,firebomb,wall
Red,snipe,speed,Green,snipe,heal
Red,snipe,speed,Green,snipe,reinforcements
Red,snipe,speed,Green,snipe,speed
Red,snipe,speed,Green,snipe,wall
Red,snipe,speed,Green,freeze,heal
Red,snipe,speed,Green,freeze,reinforcements
Red,snipe,speed,Green,freeze,speed
Red,snipe,speed,Green,freeze,wall
Red,snipe,speed,Orange,nuke,heal
Red,snipe,speed,Orange,nuke,reinforcements
Red,snipe,speed,Orange,nuke,speed
Red,snipe,speed,Orange,nuke,wall
Red,snipe,speed,Orange,firebomb,heal
Red,snipe,speed,Orange,firebomb,reinforcements
Red,snipe,speed,Orange,firebomb,speed
Red,snipe,speed,Orange,firebomb,wall
Red,snipe,speed,Orange,snipe,heal
Red,snipe,speed,Orange,snipe,reinforcements
Red,snipe,speed,Orange,snipe,speed
Red,snipe,speed,Orange,snipe,wall
Red,snipe,speed,Orange,freeze,heal
Red,snipe,speed,Orange,freeze,reinforcements
Red,snipe,speed,Orange,freeze,speed
Red,snipe,speed,Orange,freeze,wall
Red,snipe,speed,Purple,nuke,heal
Red,snipe,speed,Purple,nuke,reinforcements
Red,snipe,speed,Purple,nuke,speed
Red,snipe,speed,Purple,nuke,wall
Red,snipe,speed,Purple,firebomb,heal
Red,snipe,speed,Purple,firebomb,reinforcements
Red,snipe,speed,Purple,firebomb,speed
Red,snipe,speed,Purple,firebomb,wall
Red,snipe,speed,Purple,snipe,heal
Red,snipe,speed,Purple,snipe,reinforcements
Red,snipe,speed,Purple,snipe,speed
Red,snipe,speed,Purple,snipe,wall
Red,snipe,speed,Purple,freeze,heal
Red,snipe,speed,Purple,freeze,reinforcements
Red,snipe,speed,Purple,freeze,speed
Red,snipe,speed,Purple,freeze,wall
Red,snipe,speed,Red,nuke,heal
Red,snipe,speed,Red,nuke,reinforcements
Red,snipe,speed,Red,nuke,speed
Red,snipe,speed,Red,nuke,wall
Red,snipe,speed,Red,firebomb,heal
Red,snipe,speed,Red,firebomb,reinforcements
Red,snipe,speed,Red,firebomb,speed
Red,snipe,speed,Red,firebomb,wall
Red,snipe,speed,Red,snipe,heal
Red,snipe,speed,Red,snipe,reinforcements
Red,snipe,speed,Red,snipe,speed
Red,snipe,speed,Red,snipe,wall
Red,snipe,speed,Red,freeze,heal
Red,snipe,speed,Red,freeze,reinforcements
Red,snipe,speed,Red,freeze,speed
Red,snipe,speed,Red,freeze,wall
Red,snipe,speed,White,nuke,heal
Red,snipe,speed,White,nuke,reinforcements
Red,snipe,speed,White,nuke,speed
Red,snipe,speed,White,nuke,wall
Red,snipe,speed,White,firebomb,heal
Red,snipe,speed,White,firebomb,reinforcements
Red,snipe,speed,White,firebomb,speed
Red,snipe,speed,White,firebomb,wall
Red,snipe,speed,White,snipe,heal
Red,snipe,speed,White,snipe,reinforcements
Red,snipe,speed,White,snipe,speed
Red,snipe,speed,White,snipe,wall
Red,snipe,speed,White,freeze,heal
Red,snipe,speed,White,freeze,reinforcements
Red,snipe,speed,White,freeze,speed
Red,snipe,speed,White,freeze,wall
Red,snipe,speed,Yellow,nuke,heal
Red,snipe,speed,Yellow,nuke,reinforcements
Red,snipe,speed,Yellow,nuke,speed
Red,snipe,speed,Yellow,nuke,wall
Red,snipe,speed,Yellow,firebomb,heal
Red,snipe,speed,Yellow,firebomb,reinforcements
Red,snipe,speed,Yellow,firebomb,speed
Red,snipe,speed,Yellow,firebomb,wall
Red,snipe,speed,Yellow,snipe,heal
Red,snipe,speed,Yellow,snipe,reinforcements
Red,snipe,speed,Yellow,snipe,speed
Red,snipe,speed,Yellow,snipe,wall
Red,snipe,speed,Yellow,freeze,heal
Red,snipe,speed,Yellow,freeze,reinforcements
Red,snipe,speed,Yellow,freeze,speed
Red,snipe,speed,Yellow,freeze,wall
Red,snipe,wall,Black,nuke,heal
Red,snipe,wall,Black,nuke,reinforcements
Red,snipe,wall,Black,nuke,speed
Red,snipe,wall,Black,nuke,wall
Red,snipe,wall,Black,firebomb,heal
Red,snipe,wall,Black,firebomb,reinforcements
Red,snipe,wall,Black,firebomb,speed
Red,snipe,wall,Black,firebomb,wall
Red,snipe,wall,Black,snipe,heal
Red,snipe,wall,Black,snipe,reinforcements
Red,snipe,wall,Black,snipe,speed
Red,snipe,wall,Black,snipe,wall
Red,snipe,wall,Black,freeze,heal
Red,snipe,wall,Black,freeze,reinforcements
Red,snipe,wall,Black,freeze,speed
Red,snipe,wall,Black,freeze,wall
Red,snipe,wall,Blue,nuke,heal
Red,snipe,wall,Blue,nuke,reinforcements
Red,snipe,wall,Blue,nuke,speed
Red,snipe,wall,Blue,nuke,wall
Red,snipe,wall,Blue,firebomb,heal
Red,snipe,wall,Blue,firebomb,reinforcements
Red,snipe,wall,Blue,firebomb,speed
Red,snipe,wall,Blue,firebomb,wall
Red,snipe,wall,Blue,snipe,heal
Red,snipe,wall,Blue,snipe,reinforcements
Red,snipe,wall,Blue,snipe,speed
Red,snipe,wall,Blue,snipe,wall
Red,snipe,wall,Blue,freeze,heal
Red,snipe,wall,Blue,freeze,reinforcements
Red,snipe,wall,Blue,freeze,speed
Red,snipe,wall,Blue,freeze,wall
Red,snipe,wall,Green,nuke,heal
Red,snipe,wall,Green,nuke,reinforcements
Red,snipe,wall,Green,nuke,speed
Red,snipe,wall,Green,nuke,wall
Red,snipe,wall,Green,firebomb,heal
Red,snipe,wall,Green,firebomb,reinforcements
Red,snipe,wall,Green,firebomb,speed
Red,snipe,wall,Green,firebomb,wall
Red,snipe,wall,Green,snipe,heal
Red,snipe,wall,Green,snipe,reinforcements
Red,snipe,wall,Green,snipe,speed
Red,snipe,wall,Green,snipe,wall
Red,snipe,wall,Green,freeze,heal
Red,snipe,wall,Green,freeze,reinforcements
Red,snipe,wall,Green,freeze,speed
Red,snipe,wall,Green,freeze,wall
Red,snipe,wall,Orange,nuke,heal
Red,snipe,wall,Orange,nuke,reinforcements
Red,snipe,wall,Orange,nuke,speed
Red,snipe,wall,Orange,nuke,wall
Red,snipe,wall,Orange,firebomb,heal
Red,snipe,wall,Orange,firebomb,reinforcements
Red,snipe,wall,Orange,firebomb,speed
Red,snipe,wall,Orange,firebomb,wall
Red,snipe,wall,Orange,snipe,heal
Red,snipe,wall,Orange,snipe,reinforcements
Red,snipe,wall,Orange,snipe,speed
Red,snipe,wall,Orange,snipe,wall
Red,snipe,wall,Orange,freeze,heal
Red,snipe,wall,Orange,freeze,reinforcements
Red,snipe,wall,Orange,freeze,speed
Red,snipe,wall,Orange,freeze,wall
Red,snipe,wall,Purple,nuke,heal
Red,snipe,wall,Purple,nuke,reinforcements
Red,snipe,wall,Purple,nuke,speed
Red,snipe,wall,Purple,nuke,wall
Red,snipe,wall,Purple,firebomb,heal
Red,snipe,wall,Purple,firebomb,reinforcements
Red,snipe,wall,Purple,firebomb,speed
Red,snipe,wall,Purple,firebomb,wall
Red,snipe,wall,Purple,snipe,heal
Red,snipe,wall,Purple,snipe,reinforcements
Red,snipe,wall,Purple,snipe,speed
Red,snipe,wall,Purple,snipe,wall
Red,snipe,wall,Purple,freeze,heal
Red,snipe,wall,Purple,freeze,reinforcements
Red,snipe,wall,Purple,freeze,speed
Red,snipe,wall,Purple,freeze,wall
Red,snipe,wall,Red,nuke,heal
Red,snipe,wall,Red,nuke,reinforcements
Red,snipe,wall,Red,nuke,speed
Red,snipe,wall,Red,nuke,wall
Red,snipe,wall,Red,firebomb,heal
Red,snipe,wall,Red,firebomb,reinforcements
Red,snipe,wall,Red,firebomb,speed
Red,snipe,wall,Red,firebomb,wall
Red,snipe,wall,Red,snipe,heal
Red,snipe,wall,Red,snipe,reinforcements
Red,snipe,wall,Red,snipe,speed
Red,snipe,wall,Red,snipe,wall
Red,snipe,wall,Red,freeze,heal
Red,snipe,wall,Red,freeze,reinforcements
Red,snipe,wall,Red,freeze,speed
Red,snipe,wall,Red,freeze,wall
Red,snipe,wall,White,nuke,heal
Red,snipe,wall,White,nuke,reinforcements
Red,snipe,wall,White,nuke,speed
Red,snipe,wall,White,nuke,wall
Red,snipe,wall,White,firebomb,heal
Red,snipe,wall,White,firebomb,reinforcements
Red,snipe,wall,White,firebomb,speed
Red,snipe,wall,White,firebomb,wall
Red,snipe,wall,White,snipe,heal
Red,snipe,wall,White,snipe,reinforcements
Red,snipe,wall,White,snipe,speed
Red,snipe,wall,White,snipe,wall
Red,snipe,wall,White,freeze,heal
Red,snipe,wall,White,freeze,reinforcements
Red,snipe,wall,White,freeze,speed
Red,snipe,wall,White,freeze,wall
Red,snipe,wall,Yellow,nuke,heal
Red,snipe,wall,Yellow,nuke,reinforcements
Red,snipe,wall,Yellow,nuke,speed
Red,snipe,wall,Yellow,nuke,wall
Red,snipe,wall,Yellow,firebomb,heal
Red,snipe,wall,Yellow,firebomb,reinforcements
Red,snipe,wall,Yellow,firebomb,speed
Red,snipe,wall,Yellow,firebomb,wall
Red,snipe,wall,Yellow,snipe,heal
Red,snipe,wall,Yellow,snipe,reinforcements
Red,snipe,wall,Yellow,snipe,speed
Red,snipe,wall,Yellow,snipe,wall
Red,snipe,wall,Yellow,freeze,heal
Red,snipe,wall,Yellow,freeze,reinforcements
Red,snipe,wall,Yellow,freeze,speed
Red,snipe,wall,Yellow,freeze,wall
Red,freeze,heal,Black,nuke,heal
Red,freeze,heal,Black,nuke,reinforcements
Red,freeze,heal,Black,nuke,speed
Red,freeze,heal,Black,nuke,wall
Red,freeze,heal,Black,firebomb,heal
Red,freeze,heal,Black,firebomb,reinforcements
Red,freeze,heal,Black,firebomb,speed
Red,freeze,heal,Black,firebomb,wall
Red,freeze,heal,Black,snipe,heal
Red,freeze,heal,Black,snipe,reinforcements
Red,freeze,heal,Black,snipe,speed
Red,freeze,heal,Black,snipe,wall
Red,freeze,heal,Black,freeze,heal
Red,freeze,heal,Black,freeze,reinforcements
Red,freeze,heal,Black,freeze,speed
Red,freeze,heal,Black,freeze,wall
Red,freeze,heal,Blue,nuke,heal
Red,freeze,heal,Blue,nuke,reinforcements
Red,freeze,heal,Blue,nuke,speed
Red,freeze,heal,Blue,nuke,wall
Red,freeze,heal,Blue,firebomb,heal
Red,freeze,heal,Blue,firebomb,reinforcements
Red,freeze,heal,Blue,firebomb,speed
Red,freeze,heal,Blue,firebomb,wall
Red,freeze,heal,Blue,snipe,heal
Red,freeze,heal,Blue,snipe,reinforcements
Red,freeze,heal,Blue,snipe,speed
Red,freeze,heal,Blue,snipe,wall
Red,freeze,heal,Blue,freeze,heal
Red,freeze,heal,Blue,freeze,reinforcements
Red,freeze,heal,Blue,freeze,speed
Red,freeze,heal,Blue,freeze,wall
Red,freeze,heal,Green,nuke,heal
Red,freeze,heal,Green,nuke,reinforcements
Red,freeze,heal,Green,nuke,speed
Red,freeze,heal,Green,nuke,wall
Red,freeze,heal,Green,firebomb,heal
Red,freeze,heal,Green,firebomb,reinforcements
Red,freeze,heal,Green,firebomb,speed
Red,freeze,heal,Green,firebomb,wall
Red,freeze,heal,Green,snipe,heal
Red,freeze,heal,Green,snipe,reinforcements
Red,freeze,heal,Green,snipe,speed
Red,freeze,heal,Green,snipe,wall
Red,freeze,heal,Green,freeze,heal
Red,freeze,heal,Green,freeze,reinforcements
Red,freeze,heal,Green,freeze,speed
Red,freeze,heal,Green,freeze,wall
Red,freeze,heal,Orange,nuke,heal
Red,freeze,heal,Orange,nuke,reinforcements
Red,freeze,heal,Orange,nuke,speed
Red,freeze,heal,Orange,nuke,wall
Red,freeze,heal,Orange,firebomb,heal
Red,freeze,heal,Orange,firebomb,reinforcements
Red,freeze,heal,Orange,firebomb,speed
Red,freeze,heal,Orange,firebomb,wall
Red,freeze,heal,Orange,snipe,heal
Red,freeze,heal,Orange,snipe,reinforcements
Red,freeze,heal,Orange,snipe,speed
Red,freeze,heal,Orange,snipe,wall
Red,freeze,heal,Orange,freeze,heal
Red,freeze,heal,Orange,freeze,reinforcements
Red,freeze,heal,Orange,freeze,speed
Red,freeze,heal,Orange,freeze,wall
Red,freeze,heal,Purple,nuke,heal
Red,freeze,heal,Purple,nuke,reinforcements
Red,freeze,heal,Purple,nuke,speed
Red,freeze,heal,Purple,nuke,wall
Red,freeze,heal,Purple,firebomb,heal
Red,freeze,heal,Purple,firebomb,reinforcements
Red,freeze,heal,Purple,firebomb,speed
Red,freeze,heal,Purple,firebomb,wall
Red,freeze,heal,Purple,snipe,heal
Red,freeze,heal,Purple,snipe,reinforcements
Red,freeze,heal,Purple,snipe,speed
Red,freeze,heal,Purple,snipe,wall
Red,freeze,heal,Purple,freeze,heal
Red,freeze,heal,Purple,freeze,reinforcements
Red,freeze,heal,Purple,freeze,speed
Red,freeze,heal,Purple,freeze,wall
Red,freeze,heal,Red,nuke,heal
Red,freeze,heal,Red,nuke,reinforcements
Red,freeze,heal,Red,nuke,speed
Red,freeze,heal,Red,nuke,wall
Red,freeze,heal,Red,firebomb,heal
Red,freeze,heal,Red,firebomb,reinforcements
Red,freeze,heal,Red,firebomb,speed
Red,freeze,heal,Red,firebomb,wall
Red,freeze,heal,Red,snipe,heal
Red,freeze,heal,Red,snipe,reinforcements
Red,freeze,heal,Red,snipe,speed
Red,freeze,heal,Red,snipe,wall
Red,freeze,heal,Red,freeze,heal
Red,freeze,heal,Red,freeze,reinforcements
Red,freeze,heal,Red,freeze,speed
Red,freeze,heal,Red,freeze,wall
Red,freeze,heal,White,nuke,heal
Red,freeze,heal,White,nuke,reinforcements
Red,freeze,heal,White,nuke,speed
Red,freeze,heal,White,nuke,wall
Red,freeze,heal,White,firebomb,heal
Red,freeze,heal,White,firebomb,reinforcements
Red,freeze,heal,White,firebomb,speed
Red,freeze,heal,White,firebomb,wall
Red,freeze,heal,White,snipe,heal
Red,freeze,heal,White,snipe,reinforcements
Red,freeze,heal,White,snipe,speed
Red,freeze,heal,White,snipe,wall
Red,freeze,heal,White,freeze,heal
Red,freeze,heal,White,freeze,reinforcements
Red,freeze,heal,White,freeze,speed
Red,freeze,heal,White,freeze,wall
Red,freeze,heal,Yellow,nuke,heal
Red,freeze,heal,Yellow,nuke,reinforcements
Red,freeze,heal,Yellow,nuke,speed
Red,freeze,heal,Yellow,nuke,wall
Red,freeze,heal,Yellow,firebomb,heal
Red,freeze,heal,Yellow,firebomb,reinforcements
Red,freeze,heal,Yellow,firebomb,speed
Red,freeze,heal,Yellow,firebomb,wall
Red,freeze,heal,Yellow,snipe,heal
Red,freeze,heal,Yellow,snipe,reinforcements
Red,freeze,heal,Yellow,snipe,speed
Red,freeze,heal,Yellow,snipe,wall
Red,freeze,heal,Yellow,freeze,heal
Red,freeze,heal,Yellow,freeze,reinforcements
Red,freeze,heal,Yellow,freeze,speed
Red,freeze,heal,Yellow,freeze,wall
Red,freeze,reinforcements,Black,nuke,heal
Red,freeze,reinforcements,Black,nuke,reinforcements
Red,freeze,reinforcements,Black,nuke,speed
Red,freeze,reinforcements,Black,nuke,wall
Red,freeze,reinforcements,Black,firebomb,heal
Red,freeze,reinforcements,Black,firebomb,reinforcements
Red,freeze,reinforcements,Black,firebomb,speed
Red,freeze,reinforcements,Black,firebomb,wall
Red,freeze,reinforcements,Black,snipe,heal
Red,freeze,reinforcements,Black,snipe,reinforcements
Red,freeze,reinforcements,Black,snipe,speed
Red,freeze,reinforcements,Black,snipe,wall
Red,freeze,reinforcements,Black,freeze,heal
Red,freeze,reinforcements,Black,freeze,reinforcements
Red,freeze,reinforcements,Black,freeze,speed
Red,freeze,reinforcements,Black,freeze,wall
Red,freeze,reinforcements,Blue,nuke,heal
Red,freeze,reinforcements,Blue,nuke,reinforcements
Red,freeze,reinforcements,Blue,nuke,speed
Red,freeze,reinforcements,Blue,nuke,wall
Red,freeze,reinforcements,Blue,firebomb,heal
Red,freeze,reinforcements,Blue,firebomb,reinforcements
Red,freeze,reinforcements,Blue,firebomb,speed
Red,freeze,reinforcements,Blue,firebomb,wall
Red,freeze,reinforcements,Blue,snipe,heal
Red,freeze,reinforcements,Blue,snipe,reinforcements
Red,freeze,reinforcements,Blue,snipe,speed
Red,freeze,reinforcements,Blue,snipe,wall
Red,freeze,reinforcements,Blue,freeze,heal
Red,freeze,reinforcements,Blue,freeze,reinforcements
Red,freeze,reinforcements,Blue,freeze,speed
Red,freeze,reinforcements,Blue,freeze,wall
Red,freeze,reinforcements,Green,nuke,heal
Red,freeze,reinforcements,Green,nuke,reinforcements
Red,freeze,reinforcements,Green,nuke,speed
Red,freeze,reinforcements,Green,nuke,wall
Red,freeze,reinforcements,Green,firebomb,heal
Red,freeze,reinforcements,Green,firebomb,reinforcements
Red,freeze,reinforcements,Green,firebomb,speed
Red,freeze,reinforcements,Green,firebomb,wall
Red,freeze,reinforcements,Green,snipe,heal
Red,freeze,reinforcements,Green,snipe,reinforcements
Red,freeze,reinforcements,Green,snipe,speed
Red,freeze,reinforcements,Green,snipe,wall
Red,freeze,reinforcements,Green,freeze,heal
Red,freeze,reinforcements,Green,freeze,reinforcements
Red,freeze,reinforcements,Green,freeze,speed
Red,freeze,reinforcements,Green,freeze,wall
Red,freeze,reinforcements,Orange,nuke,heal
Red,freeze,reinforcements,Orange,nuke,reinforcements
Red,freeze,reinforcements,Orange,nuke,speed
Red,freeze,reinforcements,Orange,nuke,wall
Red,freeze,reinforcements,Orange,firebomb,heal
Red,freeze,reinforcements,Orange,firebomb,reinforcements
Red,freeze,reinforcements,Orange,firebomb,speed
Red,freeze,reinforcements,Orange,firebomb,wall
Red,freeze,reinforcements,Orange,snipe,heal
Red,freeze,reinforcements,Orange,snipe,reinforcements
Red,freeze,reinforcements,Orange,snipe,speed
Red,freeze,reinforcements,Orange,snipe,wall
Red,freeze,reinforcements,Orange,freeze,heal
Red,freeze,reinforcements,Orange,freeze,reinforcements
Red,freeze,reinforcements,Orange,freeze,speed
Red,freeze,reinforcements,Orange,freeze,wall
Red,freeze,reinforcements,Purple,nuke,heal
Red,freeze,reinforcements,Purple,nuke,reinforcements
Red,freeze,reinforcements,Purple,nuke,speed
Red,freeze,reinforcements,Purple,nuke,wall
Red,freeze,reinforcements,Purple,firebomb,heal
Red,freeze,reinforcements,Purple,firebomb,reinforcements
Red,freeze,reinforcements,Purple,firebomb,speed
Red,freeze,reinforcements,Purple,firebomb,wall
Red,freeze,reinforcements,Purple,snipe,heal
Red,freeze,reinforcements,Purple,snipe,reinforcements
Red,freeze,reinforcements,Purple,snipe,speed
Red,freeze,reinforcements,Purple,snipe,wall
Red,freeze,reinforcements,Purple,freeze,heal
Red,freeze,reinforcements,Purple,freeze,reinforcements
Red,freeze,reinforcements,Purple,freeze,speed
Red,freeze,reinforcements,Purple,freeze,wall
Red,freeze,reinforcements,Red,nuke,heal
Red,freeze,reinforcements,Red,nuke,reinforcements
Red,freeze,reinforcements,Red,nuke,speed
Red,freeze,reinforcements,Red,nuke,wall
Red,freeze,reinforcements,Red,firebomb,heal
Red,freeze,reinforcements,Red,firebomb,reinforcements
Red,freeze,reinforcements,Red,firebomb,speed
Red,freeze,reinforcements,Red,firebomb,wall
Red,freeze,reinforcements,Red,snipe,heal
Red,freeze,reinforcements,Red,snipe,reinforcements
Red,freeze,reinforcements,Red,snipe,speed
Red,freeze,reinforcements,Red,snipe,wall
Red,freeze,reinforcements,Red,freeze,heal
Red,freeze,reinforcements,Red,freeze,reinforcements
Red,freeze,reinforcements,Red,freeze,speed
Red,freeze,reinforcements,Red,freeze,wall
Red,freeze,reinforcements,White,nuke,heal
Red,freeze,reinforcements,White,nuke,reinforcements
Red,freeze,reinforcements,White,nuke,speed
Red,freeze,reinforcements,White,nuke,wall
Red,freeze,reinforcements,White,firebomb,heal
Red,freeze,reinforcements,White,firebomb,reinforcements
Red,freeze,reinforcements,White,firebomb,speed
Red,freeze,reinforcements,White,firebomb,wall
Red,freeze,reinforcements,White,snipe,heal
Red,freeze,reinforcements,White,snipe,reinforcements
Red,freeze,reinforcements,White,snipe,speed
Red,freeze,reinforcements,White,snipe,wall
Red,freeze,reinforcements,White,freeze,heal
Red,freeze,reinforcements,White,freeze,reinforcements
Red,freeze,reinforcements,White,freeze,speed
Red,freeze,reinforcements,White,freeze,wall
Red,freeze,reinforcements,Yellow,nuke,heal
Red,freeze,reinforcements,Yellow,nuke,reinforcements
Red,freeze,reinforcements,Yellow,nuke,speed
Red,freeze,reinforcements,Yellow,nuke,wall
Red,freeze,reinforcements,Yellow,firebomb,heal
Red,freeze,reinforcements,Yellow,firebomb,reinforcements
Red,freeze,reinforcements,Yellow,firebomb,speed
Red,freeze,reinforcements,Yellow,firebomb,wall
Red,freeze,reinforcements,Yellow,snipe,heal
Red,freeze,reinforcements,Yellow,snipe,reinforcements
Red,freeze,reinforcements,Yellow,snipe,speed
Red,freeze,reinforcements,Yellow,snipe,wall
Red,freeze,reinforcements,Yellow,freeze,heal
Red,freeze,reinforcements,Yellow,freeze,reinforcements
Red,freeze,reinforcements,Yellow,freeze,speed
Red,freeze,reinforcements,Yellow,freeze,wall
Red,freeze,speed,Black,nuke,heal
Red,freeze,speed,Black,nuke,reinforcements
Red,freeze,speed,Black,nuke,speed
Red,freeze,speed,Black,nuke,wall
Red,freeze,speed,Black,firebomb,heal
Red,freeze,speed,Black,firebomb,reinforcements
Red,freeze,speed,Black,firebomb,speed
Red,freeze,speed,Black,firebomb,wall
Red,freeze,speed,Black,snipe,heal
Red,freeze,speed,Black,snipe,reinforcements
Red,freeze,speed,Black,snipe,speed
Red,freeze,speed,Black,snipe,wall
Red,freeze,speed,Black,freeze,heal
Red,freeze,speed,Black,freeze,reinforcements
Red,freeze,speed,Black,freeze,speed
Red,freeze,speed,Black,freeze,wall
Red,freeze,speed,Blue,nuke,heal
Red,freeze,speed,Blue,nuke,reinforcements
Red,freeze,speed,Blue,nuke,speed
Red,freeze,speed,Blue,nuke,wall
Red,freeze,speed,Blue,firebomb,heal
Red,freeze,speed,Blue,firebomb,reinforcements
Red,freeze,speed,Blue,firebomb,speed
Red,freeze,speed,Blue,firebomb,wall
Red,freeze,speed,Blue,snipe,heal
Red,freeze,speed,Blue,snipe,reinforcements
Red,freeze,speed,Blue,snipe,speed
Red,freeze,speed,Blue,snipe,wall
Red,freeze,speed,Blue,freeze,heal
Red,freeze,speed,Blue,freeze,reinforcements
Red,freeze,speed,Blue,freeze,speed
Red,freeze,speed,Blue,freeze,wall
Red,freeze,speed,Green,nuke,heal
Red,freeze,speed,Green,nuke,reinforcements
Red,freeze,speed,Green,nuke,speed
Red,freeze,speed,Green,nuke,wall
Red,freeze,speed,Green,firebomb,heal
Red,freeze,speed,Green,firebomb,reinforcements
Red,freeze,speed,Green,firebomb,speed
Red,freeze,speed,Green,firebomb,wall
Red,freeze,speed,Green,snipe,heal
Red,freeze,speed,Green,snipe,reinforcements
Red,freeze,speed,Green,snipe,speed
Red,freeze,speed,Green,snipe,wall
Red,freeze,speed,Green,freeze,heal
Red,freeze,speed,Green,freeze,reinforcements
Red,freeze,speed,Green,freeze,speed
Red,freeze,speed,Green,freeze,wall
Red,freeze,speed,Orange,nuke,heal
Red,freeze,speed,Orange,nuke,reinforcements
Red,freeze,speed,Orange,nuke,speed
Red,freeze,speed,Orange,nuke,wall
Red,freeze,speed,Orange,firebomb,heal
Red,freeze,speed,Orange,firebomb,reinforcements
Red,freeze,speed,Orange,firebomb,speed
Red,freeze,speed,Orange,firebomb,wall
Red,freeze,speed,Orange,snipe,heal
Red,freeze,speed,Orange,snipe,reinforcements
Red,freeze,speed,Orange,snipe,speed
Red,freeze,speed,Orange,snipe,wall
Red,freeze,speed,Orange,freeze,heal
Red,freeze,speed,Orange,freeze,reinforcements
Red,freeze,speed,Orange,freeze,speed
Red,freeze,speed,Orange,freeze,wall
Red,freeze,speed,Purple,nuke,heal
Red,freeze,speed,Purple,nuke,reinforcements
Red,freeze,speed,Purple,nuke,speed
Red,freeze,speed,Purple,nuke,wall
Red,freeze,speed,Purple,firebomb,heal
Red,freeze,speed,Purple,firebomb,reinforcements
Red,freeze,speed,Purple,firebomb,speed
Red,freeze,speed,Purple,firebomb,wall
Red,freeze,speed,Purple,snipe,heal
Red,freeze,speed,Purple,snipe,reinforcements
Red,freeze,speed,Purple,snipe,speed
Red,freeze,speed,Purple,snipe,wall
Red,freeze,speed,Purple,freeze,heal
Red,freeze,speed,Purple,freeze,reinforcements
Red,freeze,speed,Purple,freeze,speed
Red,freeze,speed,Purple,freeze,wall
Red,freeze,speed,Red,nuke,heal
Red,freeze,speed,Red,nuke,reinforcements
Red,freeze,speed,Red,nuke,speed
Red,freeze,speed,Red,nuke,wall
Red,freeze,speed,Red,firebomb,heal
Red,freeze,speed,Red,firebomb,reinforcements
Red,freeze,speed,Red,firebomb,speed
Red,freeze,speed,Red,firebomb,wall
Red,freeze,speed,Red,snipe,heal
Red,freeze,speed,Red,snipe,reinforcements
Red,freeze,speed,Red,snipe,speed
Red,freeze,speed,Red,snipe,wall
Red,freeze,speed,Red,freeze,heal
Red,freeze,speed,Red,freeze,reinforcements
Red,freeze,speed,Red,freeze,speed
Red,freeze,speed,Red,freeze,wall
Red,freeze,speed,White,nuke,heal
Red,freeze,speed,White,nuke,reinforcements
Red,freeze,speed,White,nuke,speed
Red,freeze,speed,White,nuke,wall
Red,freeze,speed,White,firebomb,heal
Red,freeze,speed,White,firebomb,reinforcements
Red,freeze,speed,White,firebomb,speed
Red,freeze,speed,White,firebomb,wall
Red,freeze,speed,White,snipe,heal
Red,freeze,speed,White,snipe,reinforcements
Red,freeze,speed,White,snipe,speed
Red,freeze,speed,White,snipe,wall
Red,freeze,speed,White,freeze,heal
Red,freeze,speed,White,freeze,reinforcements
Red,freeze,speed,White,freeze,speed
Red,freeze,speed,White,freeze,wall
Red,freeze,speed,Yellow,nuke,heal
Red,freeze,speed,Yellow,nuke,reinforcements
Red,freeze,speed,Yellow,nuke,speed
Red,freeze,speed,Yellow,nuke,wall
Red,freeze,speed,Yellow,firebomb,heal
Red,freeze,speed,Yellow,firebomb,reinforcements
Red,freeze,speed,Yellow,firebomb,speed
Red,freeze,speed,Yellow,firebomb,wall
Red,freeze,speed,Yellow,snipe,heal
Red,freeze,speed,Yellow,snipe,reinforcements
Red,freeze,speed,Yellow,snipe,speed
Red,freeze,speed,Yellow,snipe,wall
Red,freeze,speed,Yellow,freeze,heal
Red,freeze,speed,Yellow,freeze,reinforcements
Red,freeze,speed,Yellow,freeze,speed
Red,freeze,speed,Yellow,freeze,wall
Red,freeze,wall,Black,nuke,heal
Red,freeze,wall,Black,nuke,reinforcements
Red,freeze,wall,Black,nuke,speed
Red,freeze,wall,Black,nuke,wall
Red,freeze,wall,Black,firebomb,heal
Red,freeze,wall,Black,firebomb,reinforcements
Red,freeze,wall,Black,firebomb,speed
Red,freeze,wall,Black,firebomb,wall
Red,freeze,wall,Black,snipe,heal
Red,freeze,wall,Black,snipe,reinforcements
Red,freeze,wall,Black,snipe,speed
Red,freeze,wall,Black,snipe,wall
Red,freeze,wall,Black,freeze,heal
Red,freeze,wall,Black,freeze,reinforcements
Red,freeze,wall,Black,freeze,speed
Red,freeze,wall,Black,freeze,wall
Red,freeze,wall,Blue,nuke,heal
Red,freeze,wall,Blue,nuke,reinforcements
Red,freeze,wall,Blue,nuke,speed
Red,freeze,wall,Blue,nuke,wall
Red,freeze,wall,Blue,firebomb,heal
Red,freeze,wall,Blue,firebomb,reinforcements
Red,freeze,wall,Blue,firebomb,speed
Red,freeze,wall,Blue,firebomb,wall
Red,freeze,wall,Blue,snipe,heal
Red,freeze,wall,Blue,snipe,reinforcements
Red,freeze,wall,Blue,snipe,speed
Red,freeze,wall,Blue,snipe,wall
Red,freeze,wall,Blue,freeze,heal
Red,freeze,wall,Blue,freeze,reinforcements
Red,freeze,wall,Blue,freeze,speed
Red,freeze,wall,Blue,freeze,wall
Red,freeze,wall,Green,nuke,heal
Red,freeze,wall,Green,nuke,reinforcements
Red,freeze,wall,Green,nuke,speed
Red,freeze,wall,Green,nuke,wall
Red,freeze,wall,Green,firebomb,heal
Red,freeze,wall,Green,firebomb,reinforcements
Red,freeze,wall,Green,firebomb,speed
Red,freeze,wall,Green,firebomb,wall
Red,freeze,wall,Green,snipe,heal
Red,freeze,wall,Green,snipe,reinforcements
Red,freeze,wall,Green,snipe,speed
Red,freeze,wall,Green,snipe,wall
Red,freeze,wall,Green,freeze,heal
Red,freeze,wall,Green,freeze,reinforcements
Red,freeze,wall,Green,freeze,speed
Red,freeze,wall,Green,freeze,wall
Red,freeze,wall,Orange,nuke,heal
Red,freeze,wall,Orange,nuke,reinforcements
Red,freeze,wall,Orange,nuke,speed
Red,freeze,wall,Orange,nuke,wall
Red,freeze,wall,Orange,firebomb,heal
Red,freeze,wall,Orange,firebomb,reinforcements
Red,freeze,wall,Orange,firebomb,speed
Red,freeze,wall,Orange,firebomb,wall
Red,freeze,wall,Orange,snipe,heal
Red,freeze,wall,Orange,snipe,reinforcements
Red,freeze,wall,Orange,snipe,speed
Red,freeze,wall,Orange,snipe,wall
Red,freeze,wall,Orange,freeze,heal
Red,freeze,wall,Orange,freeze,reinforcements
Red,freeze,wall,Orange,freeze,speed
Red,freeze,wall,Orange,freeze,wall
Red,freeze,wall,Purple,nuke,heal
Red,freeze,wall,Purple,nuke,reinforcements
Red,freeze,wall,Purple,nuke,speed
Red,freeze,wall,Purple,nuke,wall
Red,freeze,wall,Purple,firebomb,heal
Red,freeze,wall,Purple,firebomb,reinforcements
Red,freeze,wall,Purple,firebomb,speed
Red,freeze,wall,Purple,firebomb,wall
Red,freeze,wall,Purple,snipe,heal
Red,freeze,wall,Purple,snipe,reinforcements
Red,freeze,wall,Purple,snipe,speed
Red,freeze,wall,Purple,snipe,wall
Red,freeze,wall,Purple,freeze,heal
Red,freeze,wall,Purple,freeze,reinforcements
Red,freeze,wall,Purple,freeze,speed
Red,freeze,wall,Purple,freeze,wall
Red,freeze,wall,Red,nuke,heal
Red,freeze,wall,Red,nuke,reinforcements
Red,freeze,wall,Red,nuke,speed
Red,freeze,wall,Red,nuke,wall
Red,freeze,wall,Red,firebomb,heal
Red,freeze,wall,Red,firebomb,reinforcements
Red,freeze,wall,Red,firebomb,speed
Red,freeze,wall,Red,firebomb,wall
Red,freeze,wall,Red,snipe,heal
Red,freeze,wall,Red,snipe,reinforcements
Red,freeze,wall,Red,snipe,speed
Red,freeze,wall,Red,snipe,wall
Red,freeze,wall,Red,freeze,heal
Red,freeze,wall,Red,freeze,reinforcements
Red,freeze,wall,Red,freeze,speed
Red,freeze,wall,Red,freeze,wall
Red,freeze,wall,White,nuke,heal
Red,freeze,wall,White,nuke,reinforcements
Red,freeze,wall,White,nuke,speed
Red,freeze,wall,White,nuke,wall
Red,freeze,wall,White,firebomb,heal
Red,freeze,wall,White,firebomb,reinforcements
Red,freeze,wall,White,firebomb,speed
Red,freeze,wall,White,firebomb,wall
Red,freeze,wall,White,snipe,heal
Red,freeze,wall,White,snipe,reinforcements
Red,freeze,wall,White,snipe,speed
Red,freeze,wall,White,snipe,wall
Red,freeze,wall,White,freeze,heal
Red,freeze,wall,White,freeze,reinforcements
Red,freeze,wall,White,freeze,speed
Red,freeze,wall,White,freeze,wall
Red,freeze,wall,Yellow,nuke,heal
Red,freeze,wall,Yellow,nuke,reinforcements
Red,freeze,wall,Yellow,nuke,speed
Red,freeze,wall,Yellow,nuke,wall
Red,freeze,wall,Yellow,firebomb,heal
Red,freeze,wall,Yellow,firebomb,reinforcements
Red,freeze,wall,Yellow,firebomb,speed
Red,freeze,wall,Yellow,firebomb,wall
Red,freeze,wall,Yellow,snipe,heal
Red,freeze,wall,Yellow,snipe,reinforcements
Red,freeze,wall,Yellow,snipe,speed
Red,freeze,wall,Yellow,snipe,wall
Red,freeze,wall,Yellow,freeze,heal
Red,freeze,wall,Yellow,freeze,reinforcements
Red,freeze,wall,Yellow,freeze,speed
Red,freeze,wall,Yellow,freeze,wall
White,nuke,heal,Black,nuke,heal
White,nuke,heal,Black,nuke,reinforcements
White,nuke,heal,Black,nuke,speed
White,nuke,heal,Black,nuke,wall
White,nuke,heal,Black,firebomb,heal
White,nuke,heal,Black,firebomb,reinforcements
White,nuke,heal,Black,firebomb,speed
White,nuke,heal,Black,firebomb,wall
White,nuke,heal,Black,snipe,heal
White,nuke,heal,Black,snipe,reinforcements
White,nuke,heal,Black,snipe,speed
White,nuke,heal,Black,snipe,wall
White,nuke,heal,Black,freeze,heal
White,nuke,heal,Black,freeze,reinforcements
White,nuke,heal,Black,freeze,speed
White,nuke,heal,Black,freeze,wall
White,nuke,heal,Blue,nuke,heal
White,nuke,heal,Blue,nuke,reinforcements
White,nuke,heal,Blue,nuke,speed
White,nuke,heal,Blue,nuke,wall
White,nuke,heal,Blue,firebomb,heal
White,nuke,heal,Blue,firebomb,reinforcements
White,nuke,heal,Blue,firebomb,speed
White,nuke,heal,Blue,firebomb,wall
White,nuke,heal,Blue,snipe,heal
White,nuke,heal,Blue,snipe,reinforcements
White,nuke,heal,Blue,snipe,speed
White,nuke,heal,Blue,snipe,wall
White,nuke,heal,Blue,freeze,heal
White,nuke,heal,Blue,freeze,reinforcements
White,nuke,heal,Blue,freeze,speed
White,nuke,heal,Blue,freeze,wall
White,nuke,heal,Green,nuke,heal
White,nuke,heal,Green,nuke,reinforcements
White,nuke,heal,Green,nuke,speed
White,nuke,heal,Green,nuke,wall
White,nuke,heal,Green,firebomb,heal
White,nuke,heal,Green,firebomb,reinforcements
White,nuke,heal,Green,firebomb,speed
White,nuke,heal,Green,firebomb,wall
White,nuke,heal,Green,snipe,heal
White,nuke,heal,Green,snipe,reinforcements
White,nuke,heal,Green,snipe,speed
White,nuke,heal,Green,snipe,wall
White,nuke,heal,Green,freeze,heal
White,nuke,heal,Green,freeze,reinforcements
White,nuke,heal,Green,freeze,speed
White,nuke,heal,Green,freeze,wall
White,nuke,heal,Orange,nuke,heal
White,nuke,heal,Orange,nuke,reinforcements
White,nuke,heal,Orange,nuke,speed
White,nuke,heal,Orange,nuke,wall
White,nuke,heal,Orange,firebomb,heal
White,nuke,heal,Orange,firebomb,reinforcements
White,nuke,heal,Orange,firebomb,speed
White,nuke,heal,Orange,firebomb,wall
White,nuke,heal,Orange,snipe,heal
White,nuke,heal,Orange,snipe,reinforcements
White,nuke,heal,Orange,snipe,speed
White,nuke,heal,Orange,snipe,wall
White,nuke,heal,Orange,freeze,heal
White,nuke,heal,Orange,freeze,reinforcements
White,nuke,heal,Orange,freeze,speed
White,nuke,heal,Orange,freeze,wall
White,nuke,heal,Purple,nuke,heal
White,nuke,heal,Purple,nuke,reinforcements
White,nuke,heal,Purple,nuke,speed
White,nuke,heal,Purple,nuke,wall
White,nuke,heal,Purple,firebomb,heal
White,nuke,heal,Purple,firebomb,reinforcements
White,nuke,heal,Purple,firebomb,speed
White,nuke,heal,Purple,firebomb,wall
White,nuke,heal,Purple,snipe,heal
White,nuke,heal,Purple,snipe,reinforcements
White,nuke,heal,Purple,snipe,speed
White,nuke,heal,Purple,snipe,wall
White,nuke,heal,Purple,freeze,heal
White,nuke,heal,Purple,freeze,reinforcements
White,nuke,heal,Purple,freeze,speed
White,nuke,heal,Purple,freeze,wall
White,nuke,heal,Red,nuke,heal
White,nuke,heal,Red,nuke,reinforcements
White,nuke,heal,Red,nuke,speed
White,nuke,heal,Red,nuke,wall
White,nuke,heal,Red,firebomb,heal
White,nuke,heal,Red,firebomb,reinforcements
White,nuke,heal,Red,firebomb,speed
White,nuke,heal,Red,firebomb,wall
White,nuke,heal,Red,snipe,heal
White,nuke,heal,Red,snipe,reinforcements
White,nuke,heal,Red,snipe,speed
White,nuke,heal,Red,snipe,wall
White,nuke,heal,Red,freeze,heal
White,nuke,heal,Red,freeze,reinforcements
White,nuke,heal,Red,freeze,speed
White,nuke,heal,Red,freeze,wall
White,nuke,heal,White,nuke,heal
White,nuke,heal,White,nuke,reinforcements
White,nuke,heal,White,nuke,speed
White,nuke,heal,White,nuke,wall
White,nuke,heal,White,firebomb,heal
White,nuke,heal,White,firebomb,reinforcements
White,nuke,heal,White,firebomb,speed
White,nuke,heal,White,firebomb,wall
White,nuke,heal,White,snipe,heal
White,nuke,heal,White,snipe,reinforcements
White,nuke,heal,White,snipe,speed
White,nuke,heal,White,snipe,wall
White,nuke,heal,White,freeze,heal
White,nuke,heal,White,freeze,reinforcements
White,nuke,heal,White,freeze,speed
White,nuke,heal,White,freeze,wall
White,nuke,heal,Yellow,nuke,heal
White,nuke,heal,Yellow,nuke,reinforcements
White,nuke,heal,Yellow,nuke,speed
White,nuke,heal,Yellow,nuke,wall
White,nuke,heal,Yellow,firebomb,heal
White,nuke,heal,Yellow,firebomb,reinforcements
White,nuke,heal,Yellow,firebomb,speed
White,nuke,heal,Yellow,firebomb,wall
White,nuke,heal,Yellow,snipe,heal
White,nuke,heal,Yellow,snipe,reinforcements
White,nuke,heal,Yellow,snipe,speed
White,nuke,heal,Yellow,snipe,wall
White,nuke,heal,Yellow,freeze,heal
White,nuke,heal,Yellow,freeze,reinforcements
White,nuke,heal,Yellow,freeze,speed
White,nuke,heal,Yellow,freeze,wall
White,nuke,reinforcements,Black,nuke,heal
White,nuke,reinforcements,Black,nuke,reinforcements
White,nuke,reinforcements,Black,nuke,speed
White,nuke,reinforcements,Black,nuke,wall
White,nuke,reinforcements,Black,firebomb,heal
White,nuke,reinforcements,Black,firebomb,reinforcements
White,nuke,reinforcements,Black,firebomb,speed
White,nuke,reinforcements,Black,firebomb,wall
White,nuke,reinforcements,Black,snipe,heal
White,nuke,reinforcements,Black,snipe,reinforcements
White,nuke,reinforcements,Black,snipe,speed
White,nuke,reinforcements,Black,snipe,wall
White,nuke,reinforcements,Black,freeze,heal
White,nuke,reinforcements,Black,freeze,reinforcements
White,nuke,reinforcements,Black,freeze,speed
White,nuke,reinforcements,Black,freeze,wall
White,nuke,reinforcements,Blue,nuke,heal
White,nuke,reinforcements,Blue,nuke,reinforcements
White,nuke,reinforcements,Blue,nuke,speed
White,nuke,reinforcements,Blue,nuke,wall
White,nuke,reinforcements,Blue,firebomb,heal
White,nuke,reinforcements,Blue,firebomb,reinforcements
White,nuke,reinforcements,Blue,firebomb,speed
White,nuke,reinforcements,Blue,firebomb,wall
White,nuke,reinforcements,Blue,snipe,heal
White,nuke,reinforcements,Blue,snipe,reinforcements
White,nuke,reinforcements,Blue,snipe,speed
White,nuke,reinforcements,Blue,snipe,wall
White,nuke,reinforcements,Blue,freeze,heal
White,nuke,reinforcements,Blue,freeze,reinforcements
White,nuke,reinforcements,Blue,freeze,speed
White,nuke,reinforcements,Blue,freeze,wall
White,nuke,reinforcements,Green,nuke,heal
White,nuke,reinforcements,Green,nuke,reinforcements
White,nuke,reinforcements,Green,nuke,speed
White,nuke,reinforcements,Green,nuke,wall
White,nuke,reinforcements,Green,firebomb,heal
White,nuke,reinforcements,Green,firebomb,reinforcements
White,nuke,reinforcements,Green,firebomb,speed
White,nuke,reinforcements,Green,firebomb,wall
White,nuke,reinforcements,Green,snipe,heal
White,nuke,reinforcements,Green,snipe,reinforcements
White,nuke,reinforcements,Green,snipe,speed
White,nuke,reinforcements,Green,snipe,wall
White,nuke,reinforcements,Green,freeze,heal
White,nuke,reinforcements,Green,freeze,reinforcements
White,nuke,reinforcements,Green,freeze,speed
White,nuke,reinforcements,Green,freeze,wall
White,nuke,reinforcements,Orange,nuke,heal
White,nuke,reinforcements,Orange,nuke,reinforcements
White,nuke,reinforcements,Orange,nuke,speed
White,nuke,reinforcements,Orange,nuke,wall
White,nuke,reinforcements,Orange,firebomb,heal
White,nuke,reinforcements,Orange,firebomb,reinforcements
White,nuke,reinforcements,Orange,firebomb,speed
White,nuke,reinforcements,Orange,firebomb,wall
White,nuke,reinforcements,Orange,snipe,heal
White,nuke,reinforcements,Orange,snipe,reinforcements
White,nuke,reinforcements,Orange,snipe,speed
White,nuke,reinforcements,Orange,snipe,wall
White,nuke,reinforcements,Orange,freeze,heal
White,nuke,reinforcements,Orange,freeze,reinforcements
White,nuke,reinforcements,Orange,freeze,speed
White,nuke,reinforcements,Orange,freeze,wall
White,nuke,reinforcements,Purple,nuke,heal
White,nuke,reinforcements,Purple,nuke,reinforcements
White,nuke,reinforcements,Purple,nuke,speed
White,nuke,reinforcements,Purple,nuke,wall
White,nuke,reinforcements,Purple,firebomb,heal
White,nuke,reinforcements,Purple,firebomb,reinforcements
White,nuke,reinforcements,Purple,firebomb,speed
White,nuke,reinforcements,Purple,firebomb,wall
White,nuke,reinforcements,Purple,snipe,heal
White,nuke,reinforcements,Purple,snipe,reinforcements
White,nuke,reinforcements,Purple,snipe,speed
White,nuke,reinforcements,Purple,snipe,wall
White,nuke,reinforcements,Purple,freeze,heal
White,nuke,reinforcements,Purple,freeze,reinforcements
White,nuke,reinforcements,Purple,freeze,speed
White,nuke,reinforcements,Purple,freeze,wall
White,nuke,reinforcements,Red,nuke,heal
White,nuke,reinforcements,Red,nuke,reinforcements
White,nuke,reinforcements,Red,nuke,speed
White,nuke,reinforcements,Red,nuke,wall
White,nuke,reinforcements,Red,firebomb,heal
White,nuke,reinforcements,Red,firebomb,reinforcements
White,nuke,reinforcements,Red,firebomb,speed
White,nuke,reinforcements,Red,firebomb,wall
White,nuke,reinforcements,Red,snipe,heal
White,nuke,reinforcements,Red,snipe,reinforcements
White,nuke,reinforcements,Red,snipe,speed
White,nuke,reinforcements,Red,snipe,wall
White,nuke,reinforcements,Red,freeze,heal
White,nuke,reinforcements,Red,freeze,reinforcements
White,nuke,reinforcements,Red,freeze,speed
White,nuke,reinforcements,Red,freeze,wall
White,nuke,reinforcements,White,nuke,heal
White,nuke,reinforcements,White,nuke,reinforcements
White,nuke,reinforcements,White,nuke,speed
White,nuke,reinforcements,White,nuke,wall
White,nuke,reinforcements,White,firebomb,heal
White,nuke,reinforcements,White,firebomb,reinforcements
White,nuke,reinforcements,White,firebomb,speed
White,nuke,reinforcements,White,firebomb,wall
White,nuke,reinforcements,White,snipe,heal
White,nuke,reinforcements,White,snipe,reinforcements
White,nuke,reinforcements,White,snipe,speed
White,nuke,reinforcements,White,snipe,wall
White,nuke,reinforcements,White,freeze,heal
White,nuke,reinforcements,White,freeze,reinforcements
White,nuke,reinforcements,White,freeze,speed
White,nuke,reinforcements,White,freeze,wall
White,nuke,reinforcements,Yellow,nuke,heal
White,nuke,reinforcements,Yellow,nuke,reinforcements
White,nuke,reinforcements,Yellow,nuke,speed
White,nuke,reinforcements,Yellow,nuke,wall
White,nuke,reinforcements,Yellow,firebomb,heal
White,nuke,reinforcements,Yellow,firebomb,reinforcements
White,nuke,reinforcements,Yellow,firebomb,speed
White,nuke,reinforcements,Yellow,firebomb,wall
White,nuke,reinforcements,Yellow,snipe,heal
White,nuke,reinforcements,Yellow,snipe,reinforcements
White,nuke,reinforcements,Yellow,snipe,speed
White,nuke,reinforcements,Yellow,snipe,wall
White,nuke,reinforcements,Yellow,freeze,heal
White,nuke,reinforcements,Yellow,freeze,reinforcements
White,nuke,reinforcements,Yellow,freeze,speed
White,nuke,reinforcements,Yellow,freeze,wall
White,nuke,speed,Black,nuke,heal
White,nuke,speed,Black,nuke,reinforcements
White,nuke,speed,Black,nuke,speed
White,nuke,speed,Black,nuke,wall
White,nuke,speed,Black,firebomb,heal
White,nuke,speed,Black,firebomb,reinforcements
White,nuke,speed,Black,firebomb,speed
White,nuke,speed,Black,firebomb,wall
White,nuke,speed,Black,snipe,heal
White,nuke,speed,Black,snipe,reinforcements
White,nuke,speed,Black,snipe,speed
White,nuke,speed,Black,snipe,wall
White,nuke,speed,Black,freeze,heal
White,nuke,speed,Black,freeze,reinforcements
White,nuke,speed,Black,freeze,speed
White,nuke,speed,Black,freeze,wall
White,nuke,speed,Blue,nuke,heal
White,nuke,speed,Blue,nuke,reinforcements
White,nuke,speed,Blue,nuke,speed
White,nuke,speed,Blue,nuke,wall
White,nuke,speed,Blue,firebomb,heal
White,nuke,speed,Blue,firebomb,reinforcements
White,nuke,speed,Blue,firebomb,speed
White,nuke,speed,Blue,firebomb,wall
White,nuke,speed,Blue,snipe,heal
White,nuke,speed,Blue,snipe,reinforcements
White,nuke,speed,Blue,snipe,speed
White,nuke,speed,Blue,snipe,wall
White,nuke,speed,Blue,freeze,heal
White,nuke,speed,Blue,freeze,reinforcements
White,nuke,speed,Blue,freeze,speed
White,nuke,speed,Blue,freeze,wall
White,nuke,speed,Green,nuke,heal
White,nuke,speed,Green,nuke,reinforcements
White,nuke,speed,Green,nuke,speed
White,nuke,speed,Green,nuke,wall
White,nuke,speed,Green,firebomb,heal
White,nuke,speed,Green,firebomb,reinforcements
White,nuke,speed,Green,firebomb,speed
White,nuke,speed,Green,firebomb,wall
White,nuke,speed,Green,snipe,heal
White,nuke,speed,Green,snipe,reinforcements
White,nuke,speed,Green,snipe,speed
White,nuke,speed,Green,snipe,wall
White,nuke,speed,Green,freeze,heal
White,nuke,speed,Green,freeze,reinforcements
White,nuke,speed,Green,freeze,speed
White,nuke,speed,Green,freeze,wall
White,nuke,speed,Orange,nuke,heal
White,nuke,speed,Orange,nuke,reinforcements
White,nuke,speed,Orange,nuke,speed
White,nuke,speed,Orange,nuke,wall
White,nuke,speed,Orange,firebomb,heal
White,nuke,speed,Orange,firebomb,reinforcements
White,nuke,speed,Orange,firebomb,speed
White,nuke,speed,Orange,firebomb,wall
White,nuke,speed,Orange,snipe,heal
White,nuke,speed,Orange,snipe,reinforcements
White,nuke,speed,Orange,snipe,speed
White,nuke,speed,Orange,snipe,wall
White,nuke,speed,Orange,freeze,heal
White,nuke,speed,Orange,freeze,reinforcements
White,nuke,speed,Orange,freeze,speed
White,nuke,speed,Orange,freeze,wall
White,nuke,speed,Purple,nuke,heal
White,nuke,speed,Purple,nuke,reinforcements
White,nuke,speed,Purple,nuke,speed
White,nuke,speed,Purple,nuke,wall
White,nuke,speed,Purple,firebomb,heal
White,nuke,speed,Purple,firebomb,reinforcements
White,nuke,speed,Purple,firebomb,speed
White,nuke,speed,Purple,firebomb,wall
White,nuke,speed,Purple,snipe,heal
White,nuke,speed,Purple,snipe,reinforcements
White,nuke,speed,Purple,snipe,speed
White,nuke,speed,Purple,snipe,wall
White,nuke,speed,Purple,freeze,heal
White,nuke,speed,Purple,freeze,reinforcements
White,nuke,speed,Purple,freeze,speed
White,nuke,speed,Purple,freeze,wall
White,nuke,speed,Red,nuke,heal
White,nuke,speed,Red,nuke,reinforcements
White,nuke,speed,Red,nuke,speed
White,nuke,speed,Red,nuke,wall
White,nuke,speed,Red,firebomb,heal
White,nuke,speed,Red,firebomb,reinforcements
White,nuke,speed,Red,firebomb,speed
White,nuke,speed,Red,firebomb,wall
White,nuke,speed,Red,snipe,heal
White,nuke,speed,Red,snipe,reinforcements
White,nuke,speed,Red,snipe,speed
White,nuke,speed,Red,snipe,wall
White,nuke,speed,Red,freeze,heal
White,nuke,speed,Red,freeze,reinforcements
White,nuke,speed,Red,freeze,speed
White,nuke,speed,Red,freeze,wall
White,nuke,speed,White,nuke,heal
White,nuke,speed,White,nuke,reinforcements
White,nuke,speed,White,nuke,speed
White,nuke,speed,White,nuke,wall
White,nuke,speed,White,firebomb,heal
White,nuke,speed,White,firebomb,reinforcements
White,nuke,speed,White,firebomb,speed
White,nuke,speed,White,firebomb,wall
White,nuke,speed,White,snipe,heal
White,nuke,speed,White,snipe,reinforcements
White,nuke,speed,White,snipe,speed
White,nuke,speed,White,snipe,wall
White,nuke,speed,White,freeze,heal
White,nuke,speed,White,freeze,reinforcements
White,nuke,speed,White,freeze,speed
White,nuke,speed,White,freeze,wall
White,nuke,speed,Yellow,nuke,heal
White,nuke,speed,Yellow,nuke,reinforcements
White,nuke,speed,Yellow,nuke,speed
White,nuke,speed,Yellow,nuke,wall
White,nuke,speed,Yellow,firebomb,heal
White,nuke,speed,Yellow,firebomb,reinforcements
White,nuke,speed,Yellow,firebomb,speed
White,nuke,speed,Yellow,firebomb,wall
White,nuke,speed,Yellow,snipe,heal
White,nuke,speed,Yellow,snipe,reinforcements
White,nuke,speed,Yellow,snipe,speed
White,nuke,speed,Yellow,snipe,wall
White,nuke,speed,Yellow,freeze,heal
White,nuke,speed,Yellow,freeze,reinforcements
White,nuke,speed,Yellow,freeze,speed
White,nuke,speed,Yellow,freeze,wall
White,nuke,wall,Black,nuke,heal
White,nuke,wall,Black,nuke,reinforcements
White,nuke,wall,Black,nuke,speed
White,nuke,wall,Black,nuke,wall
White,nuke,wall,Black,firebomb,heal
White,nuke,wall,Black,firebomb,reinforcements
White,nuke,wall,Black,firebomb,speed
White,nuke,wall,Black,firebomb,wall
White,nuke,wall,Black,snipe,heal
White,nuke,wall,Black,snipe,reinforcements
White,nuke,wall,Black,snipe,speed
White,nuke,wall,Black,snipe,wall
White,nuke,wall,Black,freeze,heal
White,nuke,wall,Black,freeze,reinforcements
White,nuke,wall,Black,freeze,speed
White,nuke,wall,Black,freeze,wall
White,nuke,wall,Blue,nuke,heal
White,nuke,wall,Blue,nuke,reinforcements
White,nuke,wall,Blue,nuke,speed
White,nuke,wall,Blue,nuke,wall
White,nuke,wall,Blue,firebomb,heal
White,nuke,wall,Blue,firebomb,reinforcements
White,nuke,wall,Blue,firebomb,speed
White,nuke,wall,Blue,firebomb,wall
White,nuke,wall,Blue,snipe,heal
White,nuke,wall,Blue,snipe,reinforcements
White,nuke,wall,Blue,snipe,speed
White,nuke,wall,Blue,snipe,wall
White,nuke,wall,Blue,freeze,heal
White,nuke,wall,Blue,freeze,reinforcements
White,nuke,wall,Blue,freeze,speed
White,nuke,wall,Blue,freeze,wall
White,nuke,wall,Green,nuke,heal
White,nuke,wall,Green,nuke,reinforcements
White,nuke,wall,Green,nuke,speed
White,nuke,wall,Green,nuke,wall
White,nuke,wall,Green,firebomb,heal
White,nuke,wall,Green,firebomb,reinforcements
White,nuke,wall,Green,firebomb,speed
White,nuke,wall,Green,firebomb,wall
White,nuke,wall,Green,snipe,heal
White,nuke,wall,Green,snipe,reinforcements
White,nuke,wall,Green,snipe,speed
White,nuke,wall,Green,snipe,wall
White,nuke,wall,Green,freeze,heal
White,nuke,wall,Green,freeze,reinforcements
White,nuke,wall,Green,freeze,speed
White,nuke,wall,Green,freeze,wall
White,nuke,wall,Orange,nuke,heal
White,nuke,wall,Orange,nuke,reinforcements
White,nuke,wall,Orange,nuke,speed
White,nuke,wall,Orange,nuke,wall
White,nuke,wall,Orange,firebomb,heal
White,nuke,wall,Orange,firebomb,reinforcements
White,nuke,wall,Orange,firebomb,speed
White,nuke,wall,Orange,firebomb,wall
White,nuke,wall,Orange,snipe,heal
White,nuke,wall,Orange,snipe,reinforcements
White,nuke,wall,Orange,snipe,speed
White,nuke,wall,Orange,snipe,wall
White,nuke,wall,Orange,freeze,heal
White,nuke,wall,Orange,freeze,reinforcements
White,nuke,wall,Orange,freeze,speed
White,nuke,wall,Orange,freeze,wall
White,nuke,wall,Purple,nuke,heal
White,nuke,wall,Purple,nuke,reinforcements
White,nuke,wall,Purple,nuke,speed
White,nuke,wall,Purple,nuke,wall
White,nuke,wall,Purple,firebomb,heal
White,nuke,wall,Purple,firebomb,reinforcements
White,nuke,wall,Purple,firebomb,speed
White,nuke,wall,Purple,firebomb,wall
White,nuke,wall,Purple,snipe,heal
White,nuke,wall,Purple,snipe,reinforcements
White,nuke,wall,Purple,snipe,speed
White,nuke,wall,Purple,snipe,wall
White,nuke,wall,Purple,freeze,heal
White,nuke,wall,Purple,freeze,reinforcements
White,nuke,wall,Purple,freeze,speed
White,nuke,wall,Purple,freeze,wall
White,nuke,wall,Red,nuke,heal
White,nuke,wall,Red,nuke,reinforcements
White,nuke,wall,Red,nuke,speed
White,nuke,wall,Red,nuke,wall
White,nuke,wall,Red,firebomb,heal
White,nuke,wall,Red,firebomb,reinforcements
White,nuke,wall,Red,firebomb,speed
White,nuke,wall,Red,firebomb,wall
White,nuke,wall,Red,snipe,heal
White,nuke,wall,Red,snipe,reinforcements
White,nuke,wall,Red,snipe,speed
White,nuke,wall,Red,snipe,wall
White,nuke,wall,Red,freeze,heal
White,nuke,wall,Red,freeze,reinforcements
White,nuke,wall,Red,freeze,speed
White,nuke,wall,Red,freeze,wall
White,nuke,wall,White,nuke,heal
White,nuke,wall,White,nuke,reinforcements
White,nuke,wall,White,nuke,speed
White,nuke,wall,White,nuke,wall
White,nuke,wall,White,firebomb,heal
White,nuke,wall,White,firebomb,reinforcements
White,nuke,wall,White,firebomb,speed
White,nuke,wall,White,firebomb,wall
White,nuke,wall,White,snipe,heal
White,nuke,wall,White,snipe,reinforcements
White,nuke,wall,White,snipe,speed
White,nuke,wall,White,snipe,wall
White,nuke,wall,White,freeze,heal
White,nuke,wall,White,freeze,reinforcements
White,nuke,wall,White,freeze,speed
White,nuke,wall,White,freeze,wall
White,nuke,wall,Yellow,nuke,heal
White,nuke,wall,Yellow,nuke,reinforcements
White,nuke,wall,Yellow,nuke,speed
White,nuke,wall,Yellow,nuke,wall
White,nuke,wall,Yellow,firebomb,heal
White,nuke,wall,Yellow,firebomb,reinforcements
White,nuke,wall,Yellow,firebomb,speed
White,nuke,wall,Yellow,firebomb,wall
White,nuke,wall,Yellow,snipe,heal
White,nuke,wall,Yellow,snipe,reinforcements
White,nuke,wall,Yellow,snipe,speed
White,nuke,wall,Yellow,snipe,wall
White,nuke,wall,Yellow,freeze,heal
White,nuke,wall,Yellow,freeze,reinforcements
White,nuke,wall,Yellow,freeze,speed
White,nuke,wall,Yellow,freeze,wall
White,firebomb,heal,Black,nuke,heal
White,firebomb,heal,Black,nuke,reinforcements
White,firebomb,heal,Black,nuke,speed
White,firebomb,heal,Black,nuke,wall
White,firebomb,heal,Black,firebomb,heal
White,firebomb,heal,Black,firebomb,reinforcements
White,firebomb,heal,Black,firebomb,speed
White,firebomb,heal,Black,firebomb,wall
White,firebomb,heal,Black,snipe,heal
White,firebomb,heal,Black,snipe,reinforcements
White,firebomb,heal,Black,snipe,speed
White,firebomb,heal,Black,snipe,wall
White,firebomb,heal,Black,freeze,heal
White,firebomb,heal,Black,freeze,reinforcements
White,firebomb,heal,Black,freeze,speed
White,firebomb,heal,Black,freeze,wall
White,firebomb,heal,Blue,nuke,heal
White,firebomb,heal,Blue,nuke,reinforcements
White,firebomb,heal,Blue,nuke,speed
White,firebomb,heal,Blue,nuke,wall
White,firebomb,heal,Blue,firebomb,heal
White,firebomb,heal,Blue,firebomb,reinforcements
White,firebomb,heal,Blue,firebomb,speed
White,firebomb,heal,Blue,firebomb,wall
White,firebomb,heal,Blue,snipe,heal
White,firebomb,heal,Blue,snipe,reinforcements
White,firebomb,heal,Blue,snipe,speed
White,firebomb,heal,Blue,snipe,wall
White,firebomb,heal,Blue,freeze,heal
White,firebomb,heal,Blue,freeze,reinforcements
White,firebomb,heal,Blue,freeze,speed
White,firebomb,heal,Blue,freeze,wall
White,firebomb,heal,Green,nuke,heal
White,firebomb,heal,Green,nuke,reinforcements
White,firebomb,heal,Green,nuke,speed
White,firebomb,heal,Green,nuke,wall
White,firebomb,heal,Green,firebomb,heal
White,firebomb,heal,Green,firebomb,reinforcements
White,firebomb,heal,Green,firebomb,speed
White,firebomb,heal,Green,firebomb,wall
White,firebomb,heal,Green,snipe,heal
White,firebomb,heal,Green,snipe,reinforcements
White,firebomb,heal,Green,snipe,speed
White,firebomb,heal,Green,snipe,wall
White,firebomb,heal,Green,freeze,heal
White,firebomb,heal,Green,freeze,reinforcements
White,firebomb,heal,Green,freeze,speed
White,firebomb,heal,Green,freeze,wall
White,firebomb,heal,Orange,nuke,heal
White,firebomb,heal,Orange,nuke,reinforcements
White,firebomb,heal,Orange,nuke,speed
White,firebomb,heal,Orange,nuke,wall
White,firebomb,heal,Orange,firebomb,heal
White,firebomb,heal,Orange,firebomb,reinforcements
White,firebomb,heal,Orange,firebomb,speed
White,firebomb,heal,Orange,firebomb,wall
White,firebomb,heal,Orange,snipe,heal
White,firebomb,heal,Orange,snipe,reinforcements
White,firebomb,heal,Orange,snipe,speed
White,firebomb,heal,Orange,snipe,wall
White,firebomb,heal,Orange,freeze,heal
White,firebomb,heal,Orange,freeze,reinforcements
White,firebomb,heal,Orange,freeze,speed
White,firebomb,heal,Orange,freeze,wall
White,firebomb,heal,Purple,nuke,heal
White,firebomb,heal,Purple,nuke,reinforcements
White,firebomb,heal,Purple,nuke,speed
White,firebomb,heal,Purple,nuke,wall
White,firebomb,heal,Purple,firebomb,heal
White,firebomb,heal,Purple,firebomb,reinforcements
White,firebomb,heal,Purple,firebomb,speed
White,firebomb,heal,Purple,firebomb,wall
White,firebomb,heal,Purple,snipe,heal
White,firebomb,heal,Purple,snipe,reinforcements
White,firebomb,heal,Purple,snipe,speed
White,firebomb,heal,Purple,snipe,wall
White,firebomb,heal,Purple,freeze,heal
White,firebomb,heal,Purple,freeze,reinforcements
White,firebomb,heal,Purple,freeze,speed
White,firebomb,heal,Purple,freeze,wall
White,firebomb,heal,Red,nuke,heal
White,firebomb,heal,Red,nuke,reinforcements
White,firebomb,heal,Red,nuke,speed
White,firebomb,heal,Red,nuke,wall
White,firebomb,heal,Red,firebomb,heal
White,firebomb,heal,Red,firebomb,reinforcements
White,firebomb,heal,Red,firebomb,speed
White,firebomb,heal,Red,firebomb,wall
White,firebomb,heal,Red,snipe,heal
White,firebomb,heal,Red,snipe,reinforcements
White,firebomb,heal,Red,snipe,speed
White,firebomb,heal,Red,snipe,wall
White,firebomb,heal,Red,freeze,heal
White,firebomb,heal,Red,freeze,reinforcements
White,firebomb,heal,Red,freeze,speed
White,firebomb,heal,Red,freeze,wall
White,firebomb,heal,White,nuke,heal
White,firebomb,heal,White,nuke,reinforcements
White,firebomb,heal,White,nuke,speed
White,firebomb,heal,White,nuke,wall
White,firebomb,heal,White,firebomb,heal
White,firebomb,heal,White,firebomb,reinforcements
White,firebomb,heal,White,firebomb,speed
White,firebomb,heal,White,firebomb,wall
White,firebomb,heal,White,snipe,heal
White,firebomb,heal,White,snipe,reinforcements
White,firebomb,heal,White,snipe,speed
White,firebomb,heal,White,snipe,wall
White,firebomb,heal,White,freeze,heal
White,firebomb,heal,White,freeze,reinforcements
White,firebomb,heal,White,freeze,speed
White,firebomb,heal,White,freeze,wall
White,firebomb,heal,Yellow,nuke,heal
White,firebomb,heal,Yellow,nuke,reinforcements
White,firebomb,heal,Yellow,nuke,speed
White,firebomb,heal,Yellow,nuke,wall
White,firebomb,heal,Yellow,firebomb,heal
White,firebomb,heal,Yellow,firebomb,reinforcements
White,firebomb,heal,Yellow,firebomb,speed
White,firebomb,heal,Yellow,firebomb,wall
White,firebomb,heal,Yellow,snipe,heal
White,firebomb,heal,Yellow,snipe,reinforcements
White,firebomb,heal,Yellow,snipe,speed
White,firebomb,heal,Yellow,snipe,wall
White,firebomb,heal,Yellow,freeze,heal
White,firebomb,heal,Yellow,freeze,reinforcements
White,firebomb,heal,Yellow,freeze,speed
White,firebomb,heal,Yellow,freeze,wall
White,firebomb,reinforcements,Black,nuke,heal
White,firebomb,reinforcements,Black,nuke,reinforcements
White,firebomb,reinforcements,Black,nuke,speed
White,firebomb,reinforcements,Black,nuke,wall
White,firebomb,reinforcements,Black,firebomb,heal
White,firebomb,reinforcements,Black,firebomb,reinforcements
White,firebomb,reinforcements,Black,firebomb,speed
White,firebomb,reinforcements,Black,firebomb,wall
White,firebomb,reinforcements,Black,snipe,heal
White,firebomb,reinforcements,Black,snipe,reinforcements
White,firebomb,reinforcements,Black,snipe,speed
White,firebomb,reinforcements,Black,snipe,wall
White,firebomb,reinforcements,Black,freeze,heal
White,firebomb,reinforcements,Black,freeze,reinforcements
White,firebomb,reinforcements,Black,freeze,speed
White,firebomb,reinforcements,Black,freeze,wall
White,firebomb,reinforcements,Blue,nuke,heal
White,firebomb,reinforcements,Blue,nuke,reinforcements
White,firebomb,reinforcements,Blue,nuke,speed
White,firebomb,reinforcements,Blue,nuke,wall
White,firebomb,reinforcements,Blue,firebomb,heal
White,firebomb,reinforcements,Blue,firebomb,reinforcements
White,firebomb,reinforcements,Blue,firebomb,speed
White,firebomb,reinforcements,Blue,firebomb,wall
White,firebomb,reinforcements,Blue,snipe,heal
White,firebomb,reinforcements,Blue,snipe,reinforcements
White,firebomb,reinforcements,Blue,snipe,speed
White,firebomb,reinforcements,Blue,snipe,wall
White,firebomb,reinforcements,Blue,freeze,heal
White,firebomb,reinforcements,Blue,freeze,reinforcements
White,firebomb,reinforcements,Blue,freeze,speed
White,firebomb,reinforcements,Blue,freeze,wall
White,firebomb,reinforcements,Green,nuke,heal
White,firebomb,reinforcements,Green,nuke,reinforcements
White,firebomb,reinforcements,Green,nuke,speed
White,firebomb,reinforcements,Green,nuke,wall
White,firebomb,reinforcements,Green,firebomb,heal
White,firebomb,reinforcements,Green,firebomb,reinforcements
White,firebomb,reinforcements,Green,firebomb,speed
White,firebomb,reinforcements,Green,firebomb,wall
White,firebomb,reinforcements,Green,snipe,heal
White,firebomb,reinforcements,Green,snipe,reinforcements
White,firebomb,reinforcements,Green,snipe,speed
White,firebomb,reinforcements,Green,snipe,wall
White,firebomb,reinforcements,Green,freeze,heal
White,firebomb,reinforcements,Green,freeze,reinforcements
White,firebomb,reinforcements,Green,freeze,speed
White,firebomb,reinforcements,Green,freeze,wall
White,firebomb,reinforcements,Orange,nuke,heal
White,firebomb,reinforcements,Orange,nuke,reinforcements
White,firebomb,reinforcements,Orange,nuke,speed
White,firebomb,reinforcements,Orange,nuke,wall
White,firebomb,reinforcements,Orange,firebomb,heal
White,firebomb,reinforcements,Orange,firebomb,reinforcements
White,firebomb,reinforcements,Orange,firebomb,speed
White,firebomb,reinforcements,Orange,firebomb,wall
White,firebomb,reinforcements,Orange,snipe,heal
White,firebomb,reinforcements,Orange,snipe,reinforcements
White,firebomb,reinforcements,Orange,snipe,speed
White,firebomb,reinforcements,Orange,snipe,wall
White,firebomb,reinforcements,Orange,freeze,heal
White,firebomb,reinforcements,Orange,freeze,reinforcements
White,firebomb,reinforcements,Orange,freeze,speed
White,firebomb,reinforcements,Orange,freeze,wall
White,firebomb,reinforcements,Purple,nuke,heal
White,firebomb,reinforcements,Purple,nuke,reinforcements
White,firebomb,reinforcements,Purple,nuke,speed
White,firebomb,reinforcements,Purple,nuke,wall
White,firebomb,reinforcements,Purple,firebomb,heal
White,firebomb,reinforcements,Purple,firebomb,reinforcements
White,firebomb,reinforcements,Purple,firebomb,speed
White,firebomb,reinforcements,Purple,firebomb,wall
White,firebomb,reinforcements,Purple,snipe,heal
White,firebomb,reinforcements,Purple,snipe,reinforcements
White,firebomb,reinforcements,Purple,snipe,speed
White,firebomb,reinforcements,Purple,snipe,wall
White,firebomb,reinforcements,Purple,freeze,heal
White,firebomb,reinforcements,Purple,freeze,reinforcements
White,firebomb,reinforcements,Purple,freeze,speed
White,firebomb,reinforcements,Purple,freeze,wall
White,firebomb,reinforcements,Red,nuke,heal
White,firebomb,reinforcements,Red,nuke,reinforcements
White,firebomb,reinforcements,Red,nuke,speed
White,firebomb,reinforcements,Red,nuke,wall
White,firebomb,reinforcements,Red,firebomb,heal
White,firebomb,reinforcements,Red,firebomb,reinforcements
White,firebomb,reinforcements,Red,firebomb,speed
White,firebomb,reinforcements,Red,firebomb,wall
White,firebomb,reinforcements,Red,snipe,heal
White,firebomb,reinforcements,Red,snipe,reinforcements
White,firebomb,reinforcements,Red,snipe,speed
White,firebomb,reinforcements,Red,snipe,wall
White,firebomb,reinforcements,Red,freeze,heal
White,firebomb,reinforcements,Red,freeze,reinforcements
White,firebomb,reinforcements,Red,freeze,speed
White,firebomb,reinforcements,Red,freeze,wall
White,firebomb,reinforcements,White,nuke,heal
White,firebomb,reinforcements,White,nuke,reinforcements
White,firebomb,reinforcements,White,nuke,speed
White,firebomb,reinforcements,White,nuke,wall
White,firebomb,reinforcements,White,firebomb,heal
White,firebomb,reinforcements,White,firebomb,reinforcements
White,firebomb,reinforcements,White,firebomb,speed
White,firebomb,reinforcements,White,firebomb,wall
White,firebomb,reinforcements,White,snipe,heal
White,firebomb,reinforcements,White,snipe,reinforcements
White,firebomb,reinforcements,White,snipe,speed
White,firebomb,reinforcements,White,snipe,wall
White,firebomb,reinforcements,White,freeze,heal
White,firebomb,reinforcements,White,freeze,reinforcements
White,firebomb,reinforcements,White,freeze,speed
White,firebomb,reinforcements,White,freeze,wall
White,firebomb,reinforcements,Yellow,nuke,heal
White,firebomb,reinforcements,Yellow,nuke,reinforcements
White,firebomb,reinforcements,Yellow,nuke,speed
White,firebomb,reinforcements,Yellow,nuke,wall
White,firebomb,reinforcements,Yellow,firebomb,heal
White,firebomb,reinforcements,Yellow,firebomb,reinforcements
White,firebomb,reinforcements,Yellow,firebomb,speed
White,firebomb,reinforcements,Yellow,firebomb,wall
White,firebomb,reinforcements,Yellow,snipe,heal
White,firebomb,reinforcements,Yellow,snipe,reinforcements
White,firebomb,reinforcements,Yellow,snipe,speed
White,firebomb,reinforcements,Yellow,snipe,wall
White,firebomb,reinforcements,Yellow,freeze,heal
White,firebomb,reinforcements,Yellow,freeze,reinforcements
White,firebomb,reinforcements,Yellow,freeze,speed
White,firebomb,reinforcements,Yellow,freeze,wall
White,firebomb,speed,Black,nuke,heal
White,firebomb,speed,Black,nuke,reinforcements
White,firebomb,speed,Black,nuke,speed
White,firebomb,speed,Black,nuke,wall
White,firebomb,speed,Black,firebomb,heal
White,firebomb,speed,Black,firebomb,reinforcements
White,firebomb,speed,Black,firebomb,speed
White,firebomb,speed,Black,firebomb,wall
White,firebomb,speed,Black,snipe,heal
White,firebomb,speed,Black,snipe,reinforcements
White,firebomb,speed,Black,snipe,speed
White,firebomb,speed,Black,snipe,wall
White,firebomb,speed,Black,freeze,heal
White,firebomb,speed,Black,freeze,reinforcements
White,firebomb,speed,Black,freeze,speed
White,firebomb,speed,Black,freeze,wall
White,firebomb,speed,Blue,nuke,heal
White,firebomb,speed,Blue,nuke,reinforcements
White,firebomb,speed,Blue,nuke,speed
White,firebomb,speed,Blue,nuke,wall
White,firebomb,speed,Blue,firebomb,heal
White,firebomb,speed,Blue,firebomb,reinforcements
White,firebomb,speed,Blue,firebomb,speed
White,firebomb,speed,Blue,firebomb,wall
White,firebomb,speed,Blue,snipe,heal
White,firebomb,speed,Blue,snipe,reinforcements
White,firebomb,speed,Blue,snipe,speed
White,firebomb,speed,Blue,snipe,wall
White,firebomb,speed,Blue,freeze,heal
White,firebomb,speed,Blue,freeze,reinforcements
White,firebomb,speed,Blue,freeze,speed
White,firebomb,speed,Blue,freeze,wall
White,firebomb,speed,Green,nuke,heal
White,firebomb,speed,Green,nuke,reinforcements
White,firebomb,speed,Green,nuke,speed
White,firebomb,speed,Green,nuke,wall
White,firebomb,speed,Green,firebomb,heal
White,firebomb,speed,Green,firebomb,reinforcements
White,firebomb,speed,Green,firebomb,speed
White,firebomb,speed,Green,firebomb,wall
White,firebomb,speed,Green,snipe,heal
White,firebomb,speed,Green,snipe,reinforcements
White,firebomb,speed,Green,snipe,speed
White,firebomb,speed,Green,snipe,wall
White,firebomb,speed,Green,freeze,heal
White,firebomb,speed,Green,freeze,reinforcements
White,firebomb,speed,Green,freeze,speed
White,firebomb,speed,Green,freeze,wall
White,firebomb,speed,Orange,nuke,heal
White,firebomb,speed,Orange,nuke,reinforcements
White,firebomb,speed,Orange,nuke,speed
White,firebomb,speed,Orange,nuke,wall
White,firebomb,speed,Orange,firebomb,heal
White,firebomb,speed,Orange,firebomb,reinforcements
White,firebomb,speed,Orange,firebomb,speed
White,firebomb,speed,Orange,firebomb,wall
White,firebomb,speed,Orange,snipe,heal
White,firebomb,speed,Orange,snipe,reinforcements
White,firebomb,speed,Orange,snipe,speed
White,firebomb,speed,Orange,snipe,wall
White,firebomb,speed,Orange,freeze,heal
White,firebomb,speed,Orange,freeze,reinforcements
White,firebomb,speed,Orange,freeze,speed
White,firebomb,speed,Orange,freeze,wall
White,firebomb,speed,Purple,nuke,heal
White,firebomb,speed,Purple,nuke,reinforcements
White,firebomb,speed,Purple,nuke,speed
White,firebomb,speed,Purple,nuke,wall
White,firebomb,speed,Purple,firebomb,heal
White,firebomb,speed,Purple,firebomb,reinforcements
White,firebomb,speed,Purple,firebomb,speed
White,firebomb,speed,Purple,firebomb,wall
White,firebomb,speed,Purple,snipe,heal
White,firebomb,speed,Purple,snipe,reinforcements
White,firebomb,speed,Purple,snipe,speed
White,firebomb,speed,Purple,snipe,wall
White,firebomb,speed,Purple,freeze,heal
White,firebomb,speed,Purple,freeze,reinforcements
White,firebomb,speed,Purple,freeze,speed
White,firebomb,speed,Purple,freeze,wall
White,firebomb,speed,Red,nuke,heal
White,firebomb,speed,Red,nuke,reinforcements
White,firebomb,speed,Red,nuke,speed
White,firebomb,speed,Red,nuke,wall
White,firebomb,speed,Red,firebomb,heal
White,firebomb,speed,Red,firebomb,reinforcements
White,firebomb,speed,Red,firebomb,speed
White,firebomb,speed,Red,firebomb,wall
White,firebomb,speed,Red,snipe,heal
White,firebomb,speed,Red,snipe,reinforcements
White,firebomb,speed,Red,snipe,speed
White,firebomb,speed,Red,snipe,wall
White,firebomb,speed,Red,freeze,heal
White,firebomb,speed,Red,freeze,reinforcements
White,firebomb,speed,Red,freeze,speed
White,firebomb,speed,Red,freeze,wall
White,firebomb,speed,White,nuke,heal
White,firebomb,speed,White,nuke,reinforcements
White,firebomb,speed,White,nuke,speed
White,firebomb,speed,White,nuke,wall
White,firebomb,speed,White,firebomb,heal
White,firebomb,speed,White,firebomb,reinforcements
White,firebomb,speed,White,firebomb,speed
White,firebomb,speed,White,firebomb,wall
White,firebomb,speed,White,snipe,heal
White,firebomb,speed,White,snipe,reinforcements
White,firebomb,speed,White,snipe,speed
White,firebomb,speed,White,snipe,wall
White,firebomb,speed,White,freeze,heal
White,firebomb,speed,White,freeze,reinforcements
White,firebomb,speed,White,freeze,speed
White,firebomb,speed,White,freeze,wall
White,firebomb,speed,Yellow,nuke,heal
White,firebomb,speed,Yellow,nuke,reinforcements
White,firebomb,speed,Yellow,nuke,speed
White,firebomb,speed,Yellow,nuke,wall
White,firebomb,speed,Yellow,firebomb,heal
White,firebomb,speed,Yellow,firebomb,reinforcements
White,firebomb,speed,Yellow,firebomb,speed
White,firebomb,speed,Yellow,firebomb,wall
White,firebomb,speed,Yellow,snipe,heal
White,firebomb,speed,Yellow,snipe,reinforcements
White,firebomb,speed,Yellow,snipe,speed
White,firebomb,speed,Yellow,snipe,wall
White,firebomb,speed,Yellow,freeze,heal
White,firebomb,speed,Yellow,freeze,reinforcements
White,firebomb,speed,Yellow,freeze,speed
White,firebomb,speed,Yellow,freeze,wall
White,firebomb,wall,Black,nuke,heal
White,firebomb,wall,Black,nuke,reinforcements
White,firebomb,wall,Black,nuke,speed
White,firebomb,wall,Black,nuke,wall
White,firebomb,wall,Black,firebomb,heal
White,firebomb,wall,Black,firebomb,reinforcements
White,firebomb,wall,Black,firebomb,speed
White,firebomb,wall,Black,firebomb,wall
White,firebomb,wall,Black,snipe,heal
White,firebomb,wall,Black,snipe,reinforcements
White,firebomb,wall,Black,snipe,speed
White,firebomb,wall,Black,snipe,wall
White,firebomb,wall,Black,freeze,heal
White,firebomb,wall,Black,freeze,reinforcements
White,firebomb,wall,Black,freeze,speed
White,firebomb,wall,Black,freeze,wall
White,firebomb,wall,Blue,nuke,heal
White,firebomb,wall,Blue,nuke,reinforcements
White,firebomb,wall,Blue,nuke,speed
White,firebomb,wall,Blue,nuke,wall
White,firebomb,wall,Blue,firebomb,heal
White,firebomb,wall,Blue,firebomb,reinforcements
White,firebomb,wall,Blue,firebomb,speed
White,firebomb,wall,Blue,firebomb,wall
White,firebomb,wall,Blue,snipe,heal
White,firebomb,wall,Blue,snipe,reinforcements
White,firebomb,wall,Blue,snipe,speed
White,firebomb,wall,Blue,snipe,wall
White,firebomb,wall,Blue,freeze,heal
White,firebomb,wall,Blue,freeze,reinforcements
White,firebomb,wall,Blue,freeze,speed
White,firebomb,wall,Blue,freeze,wall
White,firebomb,wall,Green,nuke,heal
White,firebomb,wall,Green,nuke,reinforcements
White,firebomb,wall,Green,nuke,speed
White,firebomb,wall,Green,nuke,wall
White,firebomb,wall,Green,firebomb,heal
White,firebomb,wall,Green,firebomb,reinforcements
White,firebomb,wall,Green,firebomb,speed
White,firebomb,wall,Green,firebomb,wall
White,firebomb,wall,Green,snipe,heal
White,firebomb,wall,Green,snipe,reinforcements
White,firebomb,wall,Green,snipe,speed
White,firebomb,wall,Green,snipe,wall
White,firebomb,wall,Green,freeze,heal
White,firebomb,wall,Green,freeze,reinforcements
White,firebomb,wall,Green,freeze,speed
White,firebomb,wall,Green,freeze,wall
White,firebomb,wall,Orange,nuke,heal
White,firebomb,wall,Orange,nuke,reinforcements
White,firebomb,wall,Orange,nuke,speed
White,firebomb,wall,Orange,nuke,wall
White,firebomb,wall,Orange,firebomb,heal
White,firebomb,wall,Orange,firebomb,reinforcements
White,firebomb,wall,Orange,firebomb,speed
White,firebomb,wall,Orange,firebomb,wall
White,firebomb,wall,Orange,snipe,heal
White,firebomb,wall,Orange,snipe,reinforcements
White,firebomb,wall,Orange,snipe,speed
White,firebomb,wall,Orange,snipe,wall
White,firebomb,wall,Orange,freeze,heal
White,firebomb,wall,Orange,freeze,reinforcements
White,firebomb,wall,Orange,freeze,speed
White,firebomb,wall,Orange,freeze,wall
White,firebomb,wall,Purple,nuke,heal
White,firebomb,wall,Purple,nuke,reinforcements
White,firebomb,wall,Purple,nuke,speed
White,firebomb,wall,Purple,nuke,wall
White,firebomb,wall,Purple,firebomb,heal
White,firebomb,wall,Purple,firebomb,reinforcements
White,firebomb,wall,Purple,firebomb,speed
White,firebomb,wall,Purple,firebomb,wall
White,firebomb,wall,Purple,snipe,heal
White,firebomb,wall,Purple,snipe,reinforcements
White,firebomb,wall,Purple,snipe,speed
White,firebomb,wall,Purple,snipe,wall
White,firebomb,wall,Purple,freeze,heal
White,firebomb,wall,Purple,freeze,reinforcements
White,firebomb,wall,Purple,freeze,speed
White,firebomb,wall,Purple,freeze,wall
White,firebomb,wall,Red,nuke,heal
White,firebomb,wall,Red,nuke,reinforcements
White,firebomb,wall,Red,nuke,speed
White,firebomb,wall,Red,nuke,wall
White,firebomb,wall,Red,firebomb,heal
White,firebomb,wall,Red,firebomb,reinforcements
White,firebomb,wall,Red,firebomb,speed
White,firebomb,wall,Red,firebomb,wall
White,firebomb,wall,Red,snipe,heal
White,firebomb,wall,Red,snipe,reinforcements
White,firebomb,wall,Red,snipe,speed
White,firebomb,wall,Red,snipe,wall
White,firebomb,wall,Red,freeze,heal
White,firebomb,wall,Red,freeze,reinforcements
White,firebomb,wall,Red,freeze,speed
White,firebomb,wall,Red,freeze,wall
White,firebomb,wall,White,nuke,heal
White,firebomb,wall,White,nuke,reinforcements
White,firebomb,wall,White,nuke,speed
White,firebomb,wall,White,nuke,wall
White,firebomb,wall,White,firebomb,heal
White,firebomb,wall,White,firebomb,reinforcements
White,firebomb,wall,White,firebomb,speed
White,firebomb,wall,White,firebomb,wall
White,firebomb,wall,White,snipe,heal
White,firebomb,wall,White,snipe,reinforcements
White,firebomb,wall,White,snipe,speed
White,firebomb,wall,White,snipe,wall
White,firebomb,wall,White,freeze,heal
White,firebomb,wall,White,freeze,reinforcements
White,firebomb,wall,White,freeze,speed
White,firebomb,wall,White,freeze,wall
White,firebomb,wall,Yellow,nuke,heal
White,firebomb,wall,Yellow,nuke,reinforcements
White,firebomb,wall,Yellow,nuke,speed
White,firebomb,wall,Yellow,nuke,wall
White,firebomb,wall,Yellow,firebomb,heal
White,firebomb,wall,Yellow,firebomb,reinforcements
White,firebomb,wall,Yellow,firebomb,speed
White,firebomb,wall,Yellow,firebomb,wall
White,firebomb,wall,Yellow,snipe,heal
White,firebomb,wall,Yellow,snipe,reinforcements
White,firebomb,wall,Yellow,snipe,speed
White,firebomb,wall,Yellow,snipe,wall
White,firebomb,wall,Yellow,freeze,heal
White,firebomb,wall,Yellow,freeze,reinforcements
White,firebomb,wall,Yellow,freeze,speed
White,firebomb,wall,Yellow,freeze,wall
White,snipe,heal,Black,nuke,heal
White,snipe,heal,Black,nuke,reinforcements
White,snipe,heal,Black,nuke,speed
White,snipe,heal,Black,nuke,wall
White,snipe,heal,Black,firebomb,heal
White,snipe,heal,Black,firebomb,reinforcements
White,snipe,heal,Black,firebomb,speed
White,snipe,heal,Black,firebomb,wall
White,snipe,heal,Black,snipe,heal
White,snipe,heal,Black,snipe,reinforcements
White,snipe,heal,Black,snipe,speed
White,snipe,heal,Black,snipe,wall
White,snipe,heal,Black,freeze,heal
White,snipe,heal,Black,freeze,reinforcements
White,snipe,heal,Black,freeze,speed
White,snipe,heal,Black,freeze,wall
White,snipe,heal,Blue,nuke,heal
White,snipe,heal,Blue,nuke,reinforcements
White,snipe,heal,Blue,nuke,speed
White,snipe,heal,Blue,nuke,wall
White,snipe,heal,Blue,firebomb,heal
White,snipe,heal,Blue,firebomb,reinforcements
White,snipe,heal,Blue,firebomb,speed
White,snipe,heal,Blue,firebomb,wall
White,snipe,heal,Blue,snipe,heal
White,snipe,heal,Blue,snipe,reinforcements
White,snipe,heal,Blue,snipe,speed
White,snipe,heal,Blue,snipe,wall
White,snipe,heal,Blue,freeze,heal
White,snipe,heal,Blue,freeze,reinforcements
White,snipe,heal,Blue,freeze,speed
White,snipe,heal,Blue,freeze,wall
White,snipe,heal,Green,nuke,heal
White,snipe,heal,Green,nuke,reinforcements
White,snipe,heal,Green,nuke,speed
White,snipe,heal,Green,nuke,wall
White,snipe,heal,Green,firebomb,heal
White,snipe,heal,Green,firebomb,reinforcements
White,snipe,heal,Green,firebomb,speed
White,snipe,heal,Green,firebomb,wall
White,snipe,heal,Green,snipe,heal
White,snipe,heal,Green,snipe,reinforcements
White,snipe,heal,Green,snipe,speed
White,snipe,heal,Green,snipe,wall
White,snipe,heal,Green,freeze,heal
White,snipe,heal,Green,freeze,reinforcements
White,snipe,heal,Green,freeze,speed
White,snipe,heal,Green,freeze,wall
White,snipe,heal,Orange,nuke,heal
White,snipe,heal,Orange,nuke,reinforcements
White,snipe,heal,Orange,nuke,speed
White,snipe,heal,Orange,nuke,wall
White,snipe,heal,Orange,firebomb,heal
White,snipe,heal,Orange,firebomb,reinforcements
White,snipe,heal,Orange,firebomb,speed
White,snipe,heal,Orange,firebomb,wall
White,snipe,heal,Orange,snipe,heal
White,snipe,heal,Orange,snipe,reinforcements
White,snipe,heal,Orange,snipe,speed
White,snipe,heal,Orange,snipe,wall
White,snipe,heal,Orange,freeze,heal
White,snipe,heal,Orange,freeze,reinforcements
White,snipe,heal,Orange,freeze,speed
White,snipe,heal,Orange,freeze,wall
White,snipe,heal,Purple,nuke,heal
White,snipe,heal,Purple,nuke,reinforcements
White,snipe,heal,Purple,nuke,speed
White,snipe,heal,Purple,nuke,wall
White,snipe,heal,Purple,firebomb,heal
White,snipe,heal,Purple,firebomb,reinforcements
White,snipe,heal,Purple,firebomb,speed
White,snipe,heal,Purple,firebomb,wall
White,snipe,heal,Purple,snipe,heal
White,snipe,heal,Purple,snipe,reinforcements
White,snipe,heal,Purple,snipe,speed
White,snipe,heal,Purple,snipe,wall
White,snipe,heal,Purple,freeze,heal
White,snipe,heal,Purple,freeze,reinforcements
White,snipe,heal,Purple,freeze,speed
White,snipe,heal,Purple,freeze,wall
White,snipe,heal,Red,nuke,heal
White,snipe,heal,Red,nuke,reinforcements
White,snipe,heal,Red,nuke,speed
White,snipe,heal,Red,nuke,wall
White,snipe,heal,Red,firebomb,heal
White,snipe,heal,Red,firebomb,reinforcements
White,snipe,heal,Red,firebomb,speed
White,snipe,heal,Red,firebomb,wall
White,snipe,heal,Red,snipe,heal
White,snipe,heal,Red,snipe,reinforcements
White,snipe,heal,Red,snipe,speed
White,snipe,heal,Red,snipe,wall
White,snipe,heal,Red,freeze,heal
White,snipe,heal,Red,freeze,reinforcements
White,snipe,heal,Red,freeze,speed
White,snipe,heal,Red,freeze,wall
White,snipe,heal,White,nuke,heal
White,snipe,heal,White,nuke,reinforcements
White,snipe,heal,White,nuke,speed
White,snipe,heal,White,nuke,wall
White,snipe,heal,White,firebomb,heal
White,snipe,heal,White,firebomb,reinforcements
White,snipe,heal,White,firebomb,speed
White,snipe,heal,White,firebomb,wall
White,snipe,heal,White,snipe,heal
White,snipe,heal,White,snipe,reinforcements
White,snipe,heal,White,snipe,speed
White,snipe,heal,White,snipe,wall
White,snipe,heal,White,freeze,heal
White,snipe,heal,White,freeze,reinforcements
White,snipe,heal,White,freeze,speed
White,snipe,heal,White,freeze,wall
White,snipe,heal,Yellow,nuke,heal
White,snipe,heal,Yellow,nuke,reinforcements
White,snipe,heal,Yellow,nuke,speed
White,snipe,heal,Yellow,nuke,wall
White,snipe,heal,Yellow,firebomb,heal
White,snipe,heal,Yellow,firebomb,reinforcements
White,snipe,heal,Yellow,firebomb,speed
White,snipe,heal,Yellow,firebomb,wall
White,snipe,heal,Yellow,snipe,heal
White,snipe,heal,Yellow,snipe,reinforcements
White,snipe,heal,Yellow,snipe,speed
White,snipe,heal,Yellow,snipe,wall
White,snipe,heal,Yellow,freeze,heal
White,snipe,heal,Yellow,freeze,reinforcements
White,snipe,heal,Yellow,freeze,speed
White,snipe,heal,Yellow,freeze,wall
White,snipe,reinforcements,Black,nuke,heal
White,snipe,reinforcements,Black,nuke,reinforcements
White,snipe,reinforcements,Black,nuke,speed
White,snipe,reinforcements,Black,nuke,wall
White,snipe,reinforcements,Black,firebomb,heal
White,snipe,reinforcements,Black,firebomb,reinforcements
White,snipe,reinforcements,Black,firebomb,speed
White,snipe,reinforcements,Black,firebomb,wall
White,snipe,reinforcements,Black,snipe,heal
White,snipe,reinforcements,Black,snipe,reinforcements
White,snipe,reinforcements,Black,snipe,speed
White,snipe,reinforcements,Black,snipe,wall
White,snipe,reinforcements,Black,freeze,heal
White,snipe,reinforcements,Black,freeze,reinforcements
White,snipe,reinforcements,Black,freeze,speed
White,snipe,reinforcements,Black,freeze,wall
White,snipe,reinforcements,Blue,nuke,heal
White,snipe,reinforcements,Blue,nuke,reinforcements
White,snipe,reinforcements,Blue,nuke,speed
White,snipe,reinforcements,Blue,nuke,wall
White,snipe,reinforcements,Blue,firebomb,heal
White,snipe,reinforcements,Blue,firebomb,reinforcements
White,snipe,reinforcements,Blue,firebomb,speed
White,snipe,reinforcements,Blue,firebomb,wall
White,snipe,reinforcements,Blue,snipe,heal
White,snipe,reinforcements,Blue,snipe,reinforcements
White,snipe,reinforcements,Blue,snipe,speed
White,snipe,reinforcements,Blue,snipe,wall
White,snipe,reinforcements,Blue,freeze,heal
White,snipe,reinforcements,Blue,freeze,reinforcements
White,snipe,reinforcements,Blue,freeze,speed
White,snipe,reinforcements,Blue,freeze,wall
White,snipe,reinforcements,Green,nuke,heal
White,snipe,reinforcements,Green,nuke,reinforcements
White,snipe,reinforcements,Green,nuke,speed
White,snipe,reinforcements,Green,nuke,wall
White,snipe,reinforcements,Green,firebomb,heal
White,snipe,reinforcements,Green,firebomb,reinforcements
White,snipe,reinforcements,Green,firebomb,speed
White,snipe,reinforcements,Green,firebomb,wall
White,snipe,reinforcements,Green,snipe,heal
White,snipe,reinforcements,Green,snipe,reinforcements
White,snipe,reinforcements,Green,snipe,speed
White,snipe,reinforcements,Green,snipe,wall
White,snipe,reinforcements,Green,freeze,heal
White,snipe,reinforcements,Green,freeze,reinforcements
White,snipe,reinforcements,Green,freeze,speed
White,snipe,reinforcements,Green,freeze,wall
White,snipe,reinforcements,Orange,nuke,heal
White,snipe,reinforcements,Orange,nuke,reinforcements
White,snipe,reinforcements,Orange,nuke,speed
White,snipe,reinforcements,Orange,nuke,wall
White,snipe,reinforcements,Orange,firebomb,heal
White,snipe,reinforcements,Orange,firebomb,reinforcements
White,snipe,reinforcements,Orange,firebomb,speed
White,snipe,reinforcements,Orange,firebomb,wall
White,snipe,reinforcements,Orange,snipe,heal
White,snipe,reinforcements,Orange,snipe,reinforcements
White,snipe,reinforcements,Orange,snipe,speed
White,snipe,reinforcements,Orange,snipe,wall
White,snipe,reinforcements,Orange,freeze,heal
White,snipe,reinforcements,Orange,freeze,reinforcements
White,snipe,reinforcements,Orange,freeze,speed
White,snipe,reinforcements,Orange,freeze,wall
White,snipe,reinforcements,Purple,nuke,heal
White,snipe,reinforcements,Purple,nuke,reinforcements
White,snipe,reinforcements,Purple,nuke,speed
White,snipe,reinforcements,Purple,nuke,wall
White,snipe,reinforcements,Purple,firebomb,heal
White,snipe,reinforcements,Purple,firebomb,reinforcements
White,snipe,reinforcements,Purple,firebomb,speed
White,snipe,reinforcements,Purple,firebomb,wall
White,snipe,reinforcements,Purple,snipe,heal
White,snipe,reinforcements,Purple,snipe,reinforcements
White,snipe,reinforcements,Purple,snipe,speed
White,snipe,reinforcements,Purple,snipe,wall
White,snipe,reinforcements,Purple,freeze,heal
White,snipe,reinforcements,Purple,freeze,reinforcements
White,snipe,reinforcements,Purple,freeze,speed
White,snipe,reinforcements,Purple,freeze,wall
White,snipe,reinforcements,Red,nuke,heal
White,snipe,reinforcements,Red,nuke,reinforcements
White,snipe,reinforcements,Red,nuke,speed
White,snipe,reinforcements,Red,nuke,wall
White,snipe,reinforcements,Red,firebomb,heal
White,snipe,reinforcements,Red,firebomb,reinforcements
White,snipe,reinforcements,Red,firebomb,speed
White,snipe,reinforcements,Red,firebomb,wall
White,snipe,reinforcements,Red,snipe,heal
White,snipe,reinforcements,Red,snipe,reinforcements
White,snipe,reinforcements,Red,snipe,speed
White,snipe,reinforcements,Red,snipe,wall
White,snipe,reinforcements,Red,freeze,heal
White,snipe,reinforcements,Red,freeze,reinforcements
White,snipe,reinforcements,Red,freeze,speed
White,snipe,reinforcements,Red,freeze,wall
White,snipe,reinforcements,White,nuke,heal
White,snipe,reinforcements,White,nuke,reinforcements
White,snipe,reinforcements,White,nuke,speed
White,snipe,reinforcements,White,nuke,wall
White,snipe,reinforcements,White,firebomb,heal
White,snipe,reinforcements,White,firebomb,reinforcements
White,snipe,reinforcements,White,firebomb,speed
White,snipe,reinforcements,White,firebomb,wall
White,snipe,reinforcements,White,snipe,heal
White,snipe,reinforcements,White,snipe,reinforcements
White,snipe,reinforcements,White,snipe,speed
White,snipe,reinforcements,White,snipe,wall
White,snipe,reinforcements,White,freeze,heal
White,snipe,reinforcements,White,freeze,reinforcements
White,snipe,reinforcements,White,freeze,speed
White,snipe,reinforcements,White,freeze,wall
White,snipe,reinforcements,Yellow,nuke,heal
White,snipe,reinforcements,Yellow,nuke,reinforcements
White,snipe,reinforcements,Yellow,nuke,speed
White,snipe,reinforcements,Yellow,nuke,wall
White,snipe,reinforcements,Yellow,firebomb,heal
White,snipe,reinforcements,Yellow,firebomb,reinforcements
White,snipe,reinforcements,Yellow,firebomb,speed
White,snipe,reinforcements,Yellow,firebomb,wall
White,snipe,reinforcements,Yellow,snipe,heal
White,snipe,reinforcements,Yellow,snipe,reinforcements
White,snipe,reinforcements,Yellow,snipe,speed
White,snipe,reinforcements,Yellow,snipe,wall
White,snipe,reinforcements,Yellow,freeze,heal
White,snipe,reinforcements,Yellow,freeze,reinforcements
White,snipe,reinforcements,Yellow,freeze,speed
White,snipe,reinforcements,Yellow,freeze,wall
White,snipe,speed,Black,nuke,heal
White,snipe,speed,Black,nuke,reinforcements
White,snipe,speed,Black,nuke,speed
White,snipe,speed,Black,nuke,wall
White,snipe,speed,Black,firebomb,heal
White,snipe,speed,Black,firebomb,reinforcements
White,snipe,speed,Black,firebomb,speed
White,snipe,speed,Black,firebomb,wall
White,snipe,speed,Black,snipe,heal
White,snipe,speed,Black,snipe,reinforcements
White,snipe,speed,Black,snipe,speed
White,snipe,speed,Black,snipe,wall
White,snipe,speed,Black,freeze,heal
White,snipe,speed,Black,freeze,reinforcements
White,snipe,speed,Black,freeze,speed
White,snipe,speed,Black,freeze,wall
White,snipe,speed,Blue,nuke,heal
White,snipe,speed,Blue,nuke,reinforcements
White,snipe,speed,Blue,nuke,speed
White,snipe,speed,Blue,nuke,wall
White,snipe,speed,Blue,firebomb,heal
White,snipe,speed,Blue,firebomb,reinforcements
White,snipe,speed,Blue,firebomb,speed
White,snipe,speed,Blue,firebomb,wall
White,snipe,speed,Blue,snipe,heal
White,snipe,speed,Blue,snipe,reinforcements
White,snipe,speed,Blue,snipe,speed
White,snipe,speed,Blue,snipe,wall
White,snipe,speed,Blue,freeze,heal
White,snipe,speed,Blue,freeze,reinforcements
White,snipe,speed,Blue,freeze,speed
White,snipe,speed,Blue,freeze,wall
White,snipe,speed,Green,nuke,heal
White,snipe,speed,Green,nuke,reinforcements
White,snipe,speed,Green,nuke,speed
White,snipe,speed,Green,nuke,wall
White,snipe,speed,Green,firebomb,heal
White,snipe,speed,Green,firebomb,reinforcements
White,snipe,speed,Green,firebomb,speed
White,snipe,speed,Green,firebomb,wall
White,snipe,speed,Green,snipe,heal
White,snipe,speed,Green,snipe,reinforcements
White,snipe,speed,Green,snipe,speed
White,snipe,speed,Green,snipe,wall
White,snipe,speed,Green,freeze,heal
White,snipe,speed,Green,freeze,reinforcements
White,snipe,speed,Green,freeze,speed
White,snipe,speed,Green,freeze,wall
White,snipe,speed,Orange,nuke,heal
White,snipe,speed,Orange,nuke,reinforcements
White,snipe,speed,Orange,nuke,speed
White,snipe,speed,Orange,nuke,wall
White,snipe,speed,Orange,firebomb,heal
White,snipe,speed,Orange,firebomb,reinforcements
White,snipe,speed,Orange,firebomb,speed
White,snipe,speed,Orange,firebomb,wall
White,snipe,speed,Orange,snipe,heal
White,snipe,speed,Orange,snipe,reinforcements
White,snipe,speed,Orange,snipe,speed
White,snipe,speed,Orange,snipe,wall
White,snipe,speed,Orange,freeze,heal
White,snipe,speed,Orange,freeze,reinforcements
White,snipe,speed,Orange,freeze,speed
White,snipe,speed,Orange,freeze,wall
White,snipe,speed,Purple,nuke,heal
White,snipe,speed,Purple,nuke,reinforcements
White,snipe,speed,Purple,nuke,speed
White,snipe,speed,Purple,nuke,wall
White,snipe,speed,Purple,firebomb,heal
White,snipe,speed,Purple,firebomb,reinforcements
White,snipe,speed,Purple,firebomb,speed
White,snipe,speed,Purple,firebomb,wall
White,snipe,speed,Purple,snipe,heal
White,snipe,speed,Purple,snipe,reinforcements
White,snipe,speed,Purple,snipe,speed
White,snipe,speed,Purple,snipe,wall
White,snipe,speed,Purple,freeze,heal
White,snipe,speed,Purple,freeze,reinforcements
White,snipe,speed,Purple,freeze,speed
White,snipe,speed,Purple,freeze,wall
White,snipe,speed,Red,nuke,heal
White,snipe,speed,Red,nuke,reinforcements
White,snipe,speed,Red,nuke,speed
White,snipe,speed,Red,nuke,wall
White,snipe,speed,Red,firebomb,heal
White,snipe,speed,Red,firebomb,reinforcements
White,snipe,speed,Red,firebomb,speed
