human_team,human_off,human_def,bot_team,bot_off,bot_def
Black,nuke,heal,Black,nuke,heal
Black,nuke,heal,Black,nuke,reinforcements
Black,nuke,heal,Black,nuke,speed
Black,nuke,heal,Black,nuke,wall
Black,nuke,heal,Black,firebomb,heal
Black,nuke,heal,Black,firebomb,reinforcements
Black,nuke,heal,Black,firebomb,speed
Black,nuke,heal,Black,firebomb,wall
Black,nuke,heal,Black,snipe,heal
Black,nuke,heal,Black,snipe,reinforcements
Black,nuke,heal,Black,snipe,speed
Black,nuke,heal,Black,snipe,wall
Black,nuke,heal,Black,freeze,heal
Black,nuke,heal,Black,freeze,reinforcements
Black,nuke,heal,Black,freeze,speed
Black,nuke,heal,Black,freeze,wall
Black,nuke,heal,Blue,nuke,heal
Black,nuke,heal,Blue,nuke,reinforcements
Black,nuke,heal,Blue,nuke,speed
Black,nuke,heal,Blue,nuke,wall
Black,nuke,heal,Blue,firebomb,heal
Black,nuke,heal,Blue,firebomb,reinforcements
Black,nuke,heal,Blue,firebomb,speed
Black,nuke,heal,Blue,firebomb,wall
Black,nuke,heal,Blue,snipe,heal
Black,nuke,heal,Blue,snipe,reinforcements
Black,nuke,heal,Blue,snipe,speed
Black,nuke,heal,Blue,snipe,wall
Black,nuke,heal,Blue,freeze,heal
Black,nuke,heal,Blue,freeze,reinforcements
Black,nuke,heal,Blue,freeze,speed
Black,nuke,heal,Blue,freeze,wall
Black,nuke,heal,Green,nuke,heal
Black,nuke,heal,Green,nuke,reinforcements
Black,nuke,heal,Green,nuke,speed
Black,nuke,heal,Green,nuke,wall
Black,nuke,heal,Green,firebomb,heal
Black,nuke,heal,Green,firebomb,reinforcements
Black,nuke,heal,Green,firebomb,speed
Black,nuke,heal,Green,firebomb,wall
Black,nuke,heal,Green,snipe,heal
Black,nuke,heal,Green,snipe,reinforcements
Black,nuke,heal,Green,snipe,speed
Black,nuke,heal,Green,snipe,wall
Black,nuke,heal,Green,freeze,heal
Black,nuke,heal,Green,freeze,reinforcements
Black,nuke,heal,Green,freeze,speed
Black,nuke,heal,Green,freeze,wall
Black,nuke,heal,Orange,nuke,heal
Black,nuke,heal,Orange,nuke,reinforcements
Black,nuke,heal,Orange,nuke,speed
Black,nuke,heal,Orange,nuke,wall
Black,nuke,heal,Orange,firebomb,heal
Black,nuke,heal,Orange,firebomb,reinforcements
Black,nuke,heal,Orange,firebomb,speed
Black,nuke,heal,Orange,firebomb,wall
Black,nuke,heal,Orange,snipe,heal
Black,nuke,heal,Orange,snipe,reinforcements
Black,nuke,heal,Orange,snipe,speed
Black,nuke,heal,Orange,snipe,wall
Black,nuke,heal,Orange,freeze,heal
Black,nuke,heal,Orange,freeze,reinforcements
Black,nuke,heal,Orange,freeze,speed
Black,nuke,heal,Orange,freeze,wall
Black,nuke,heal,Purple,nuke,heal
Black,nuke,heal,Purple,nuke,reinforcements
Black,nuke,heal,Purple,nuke,speed
Black,nuke,heal,Purple,nuke,wall
Black,nuke,heal,Purple,firebomb,heal
Black,nuke,heal,Purple,firebomb,reinforcements
Black,nuke,heal,Purple,firebomb,speed
Black,nuke,heal,Purple,firebomb,wall
Black,nuke,heal,Purple,snipe,heal
Black,nuke,heal,Purple,snipe,reinforcements
Black,nuke,heal,Purple,snipe,speed
Black,nuke,heal,Purple,snipe,wall
Black,nuke,heal,Purple,freeze,heal
Black,nuke,heal,Purple,freeze,reinforcements
Black,nuke,heal,Purple,freeze,speed
Black,nuke,heal,Purple,freeze,wall
Black,nuke,heal,Red,nuke,heal
Black,nuke,heal,Red,nuke,reinforcements
Black,nuke,heal,Red,nuke,speed
Black,nuke,heal,Red,nuke,wall
Black,nuke,heal,Red,firebomb,heal
Black,nuke,heal,Red,firebomb,reinforcements
Black,nuke,heal,Red,firebomb,speed
Black,nuke,heal,Red,firebomb,wall
Black,nuke,heal,Red,snipe,heal
Black,nuke,heal,Red,snipe,reinforcements
Black,nuke,heal,Red,snipe,speed
Black,nuke,heal,Red,snipe,wall
Black,nuke,heal,Red,freeze,heal
Black,nuke,heal,Red,freeze,reinforcements
Black,nuke,heal,Red,freeze,speed
Black,nuke,heal,Red,freeze,wall
Black,nuke,heal,White,nuke,heal
Black,nuke,heal,White,nuke,reinforcements
Black,nuke,heal,White,nuke,speed
Black,nuke,heal,White,nuke,wall
Black,nuke,heal,White,firebomb,heal
Black,nuke,heal,White,firebomb,reinforcements
Black,nuke,heal,White,firebomb,speed
Black,nuke,heal,White,firebomb,wall
Black,nuke,heal,White,snipe,heal
Black,nuke,heal,White,snipe,reinforcements
Black,nuke,heal,White,snipe,speed
Black,nuke,heal,White,snipe,wall
Black,nuke,heal,White,freeze,heal
Black,nuke,heal,White,freeze,reinforcements
Black,nuke,heal,White,freeze,speed
Black,nuke,heal,White,freeze,wall
Black,nuke,heal,Yellow,nuke,heal
Black,nuke,heal,Yellow,nuke,reinforcements
Black,nuke,heal,Yellow,nuke,speed
Black,nuke,heal,Yellow,nuke,wall
Black,nuke,heal,Yellow,firebomb,heal
Black,nuke,heal,Yellow,firebomb,reinforcements
Black,nuke,heal,Yellow,firebomb,speed
Black,nuke,heal,Yellow,firebomb,wall
Black,nuke,heal,Yellow,snipe,heal
Black,nuke,heal,Yellow,snipe,reinforcements
Black,nuke,heal,Yellow,snipe,speed
Black,nuke,heal,Yellow,snipe,wall
Black,nuke,heal,Yellow,freeze,heal
Black,nuke,heal,Yellow,freeze,reinforcements
Black,nuke,heal,Yellow,freeze,speed
Black,nuke,heal,Yellow,freeze,wall
Black,nuke,reinforcements,Black,nuke,heal
Black,nuke,reinforcements,Black,nuke,reinforcements
Black,nuke,reinforcements,Black,nuke,speed
Black,nuke,reinforcements,Black,nuke,wall
Black,nuke,reinforcements,Black,firebomb,heal
Black,nuke,reinforcements,Black,firebomb,reinforcements
Black,nuke,reinforcements,Black,firebomb,speed
Black,nuke,reinforcements,Black,firebomb,wall
Black,nuke,reinforcements,Black,snipe,heal
Black,nuke,reinforcements,Black,snipe,reinforcements
Black,nuke,reinforcements,Black,snipe,speed
Black,nuke,reinforcements,Black,snipe,wall
Black,nuke,reinforcements,Black,freeze,heal
Black,nuke,reinforcements,Black,freeze,reinforcements
Black,nuke,reinforcements,Black,freeze,speed
Black,nuke,reinforcements,Black,freeze,wall
Black,nuke,reinforcements,Blue,nuke,heal
Black,nuke,reinforcements,Blue,nuke,reinforcements
Black,nuke,reinforcements,Blue,nuke,speed
Black,nuke,reinforcements,Blue,nuke,wall
Black,nuke,reinforcements,Blue,firebomb,heal
Black,nuke,reinforcements,Blue,firebomb,reinforcements
Black,nuke,reinforcements,Blue,firebomb,speed
Black,nuke,reinforcements,Blue,firebomb,wall
Black,nuke,reinforcements,Blue,snipe,heal
Black,nuke,reinforcements,Blue,snipe,reinforcements
Black,nuke,reinforcements,Blue,snipe,speed
Black,nuke,reinforcements,Blue,snipe,wall
Black,nuke,reinforcements,Blue,freeze,heal
Black,nuke,reinforcements,Blue,freeze,reinforcements
Black,nuke,reinforcements,Blue,freeze,speed
Black,nuke,reinforcements,Blue,freeze,wall
Black,nuke,reinforcements,Green,nuke,heal
Black,nuke,reinforcements,Green,nuke,reinforcements
Black,nuke,reinforcements,Green,nuke,speed
Black,nuke,reinforcements,Green,nuke,wall
Black,nuke,reinforcements,Green,firebomb,heal
Black,nuke,reinforcements,Green,firebomb,reinforcements
Black,nuke,reinforcements,Green,firebomb,speed
Black,nuke,reinforcements,Green,firebomb,wall
Black,nuke,reinforcements,Green,snipe,heal
Black,nuke,reinforcements,Green,snipe,reinforcements
Black,nuke,reinforcements,Green,snipe,speed
Black,nuke,reinforcements,Green,snipe,wall
Black,nuke,reinforcements,Green,freeze,heal
Black,nuke,reinforcements,Green,freeze,reinforcements
Black,nuke,reinforcements,Green,freeze,speed
Black,nuke,reinforcements,Green,freeze,wall
Black,nuke,reinforcements,Orange,nuke,heal
Black,nuke,reinforcements,Orange,nuke,reinforcements
Black,nuke,reinforcements,Orange,nuke,speed
Black,nuke,reinforcements,Orange,nuke,wall
Black,nuke,reinforcements,Orange,firebomb,heal
Black,nuke,reinforcements,Orange,firebomb,reinforcements
Black,nuke,reinforcements,Orange,firebomb,speed
Black,nuke,reinforcements,Orange,firebomb,wall
Black,nuke,reinforcements,Orange,snipe,heal
Black,nuke,reinforcements,Orange,snipe,reinforcements
Black,nuke,reinforcements,Orange,snipe,speed
Black,nuke,reinforcements,Orange,snipe,wall
Black,nuke,reinforcements,Orange,freeze,heal
Black,nuke,reinforcements,Orange,freeze,reinforcements
Black,nuke,reinforcements,Orange,freeze,speed
Black,nuke,reinforcements,Orange,freeze,wall
Black,nuke,reinforcements,Purple,nuke,heal
Black,nuke,reinforcements,Purple,nuke,reinforcements
Black,nuke,reinforcements,Purple,nuke,speed
Black,nuke,reinforcements,Purple,nuke,wall
Black,nuke,reinforcements,Purple,firebomb,heal
Black,nuke,reinforcements,Purple,firebomb,reinforcements
Black,nuke,reinforcements,Purple,firebomb,speed
Black,nuke,reinforcements,Purple,firebomb,wall
Black,nuke,reinforcements,Purple,snipe,heal
Black,nuke,reinforcements,Purple,snipe,reinforcements
Black,nuke,reinforcements,Purple,snipe,speed
Black,nuke,reinforcements,Purple,snipe,wall
Black,nuke,reinforcements,Purple,freeze,heal
Black,nuke,reinforcements,Purple,freeze,reinforcements
Black,nuke,reinforcements,Purple,freeze,speed
Black,nuke,reinforcements,Purple,freeze,wall
Black,nuke,reinforcements,Red,nuke,heal
Black,nuke,reinforcements,Red,nuke,reinforcements
Black,nuke,reinforcements,Red,nuke,speed
Black,nuke,reinforcements,Red,nuke,wall
Black,nuke,reinforcements,Red,firebomb,heal
Black,nuke,reinforcements,Red,firebomb,reinforcements
Black,nuke,reinforcements,Red,firebomb,speed
Black,nuke,reinforcements,Red,firebomb,wall
Black,nuke,reinforcements,Red,snipe,heal
Black,nuke,reinforcements,Red,snipe,reinforcements
Black,nuke,reinforcements,Red,snipe,speed
Black,nuke,reinforcements,Red,snipe,wall
Black,nuke,reinforcements,Red,freeze,heal
Black,nuke,reinforcements,Red,freeze,reinforcements
Black,nuke,reinforcements,Red,freeze,speed
Black,nuke,reinforcements,Red,freeze,wall
Black,nuke,reinforcements,White,nuke,heal
Black,nuke,reinforcements,White,nuke,reinforcements
Black,nuke,reinforcements,White,nuke,speed
Black,nuke,reinforcements,White,nuke,wall
Black,nuke,reinforcements,White,firebomb,heal
Black,nuke,reinforcements,White,firebomb,reinforcements
Black,nuke,reinforcements,White,firebomb,speed
Black,nuke,reinforcements,White,firebomb,wall
Black,nuke,reinforcements,White,snipe,heal
Black,nuke,reinforcements,White,snipe,reinforcements
Black,nuke,reinforcements,White,snipe,speed
Black,nuke,reinforcements,White,snipe,wall
Black,nuke,reinforcements,White,freeze,heal
Black,nuke,reinforcements,White,freeze,reinforcements
Black,nuke,reinforcements,White,freeze,speed
Black,nuke,reinforcements,White,freeze,wall
Black,nuke,reinforcements,Yellow,nuke,heal
Black,nuke,reinforcements,Yellow,nuke,reinforcements
Black,nuke,reinforcements,Yellow,nuke,speed
Black,nuke,reinforcements,Yellow,nuke,wall
Black,nuke,reinforcements,Yellow,firebomb,heal
Black,nuke,reinforcements,Yellow,firebomb,reinforcements
Black,nuke,reinforcements,Yellow,firebomb,speed
Black,nuke,reinforcements,Yellow,firebomb,wall
Black,nuke,reinforcements,Yellow,snipe,heal
Black,nuke,reinforcements,Yellow,snipe,reinforcements
Black,nuke,reinforcements,Yellow,snipe,speed
Black,nuke,reinforcements,Yellow,snipe,wall
Black,nuke,reinforcements,Yellow,freeze,heal
Black,nuke,reinforcements,Yellow,freeze,reinforcements
Black,nuke,reinforcements,Yellow,freeze,speed
Black,nuke,reinforcements,Yellow,freeze,wall
Black,nuke,speed,Black,nuke,heal
Black,nuke,speed,Black,nuke,reinforcements
Black,nuke,speed,Black,nuke,speed
Black,nuke,speed,Black,nuke,wall
Black,nuke,speed,Black,firebomb,heal
Black,nuke,speed,Black,firebomb,reinforcements
Black,nuke,speed,Black,firebomb,speed
Black,nuke,speed,Black,firebomb,wall
Black,nuke,speed,Black,snipe,heal
Black,nuke,speed,Black,snipe,reinforcements
Black,nuke,speed,Black,snipe,speed
Black,nuke,speed,Black,snipe,wall
Black,nuke,speed,Black,freeze,heal
Black,nuke,speed,Black,freeze,reinforcements
Black,nuke,speed,Black,freeze,speed
Black,nuke,speed,Black,freeze,wall
Black,nuke,speed,Blue,nuke,heal
Black,nuke,speed,Blue,nuke,reinforcements
Black,nuke,speed,Blue,nuke,speed
Black,nuke,speed,Blue,nuke,wall
Black,nuke,speed,Blue,firebomb,heal
Black,nuke,speed,Blue,firebomb,reinforcements
Black,nuke,speed,Blue,firebomb,speed
Black,nuke,speed,Blue,firebomb,wall
Black,nuke,speed,Blue,snipe,heal
Black,nuke,speed,Blue,snipe,reinforcements
Black,nuke,speed,Blue,snipe,speed
Black,nuke,speed,Blue,snipe,wall
Black,nuke,speed,Blue,freeze,heal
Black,nuke,speed,Blue,freeze,reinforcements
Black,nuke,speed,Blue,freeze,speed
Black,nuke,speed,Blue,freeze,wall
Black,nuke,speed,Green,nuke,heal
Black,nuke,speed,Green,nuke,reinforcements
Black,nuke,speed,Green,nuke,speed
Black,nuke,speed,Green,nuke,wall
Black,nuke,speed,Green,firebomb,heal
Black,nuke,speed,Green,firebomb,reinforcements
Black,nuke,speed,Green,firebomb,speed
Black,nuke,speed,Green,firebomb,wall
Black,nuke,speed,Green,snipe,heal
Black,nuke,speed,Green,snipe,reinforcements
Black,nuke,speed,Green,snipe,speed
Black,nuke,speed,Green,snipe,wall
Black,nuke,speed,Green,freeze,heal
Black,nuke,speed,Green,freeze,reinforcements
Black,nuke,speed,Green,freeze,speed
Black,nuke,speed,Green,freeze,wall
Black,nuke,speed,Orange,nuke,heal
Black,nuke,speed,Orange,nuke,reinforcements
Black,nuke,speed,Orange,nuke,speed
Black,nuke,speed,Orange,nuke,wall
Black,nuke,speed,Orange,firebomb,heal
Black,nuke,speed,Orange,firebomb,reinforcements
Black,nuke,speed,Orange,firebomb,speed
Black,nuke,speed,Orange,firebomb,wall
Black,nuke,speed,Orange,snipe,heal
Black,nuke,speed,Orange,snipe,reinforcements
Black,nuke,speed,Orange,snipe,speed
Black,nuke,speed,Orange,snipe,wall
Black,nuke,speed,Orange,freeze,heal
Black,nuke,speed,Orange,freeze,reinforcements
Black,nuke,speed,Orange,freeze,speed
Black,nuke,speed,Orange,freeze,wall
Black,nuke,speed,Purple,nuke,heal
Black,nuke,speed,Purple,nuke,reinforcements
Black,nuke,speed,Purple,nuke,speed
Black,nuke,speed,Purple,nuke,wall
Black,nuke,speed,Purple,firebomb,heal
Black,nuke,speed,Purple,firebomb,reinforcements
Black,nuke,speed,Purple,firebomb,speed
Black,nuke,speed,Purple,firebomb,wall
Black,nuke,speed,Purple,snipe,heal
Black,nuke,speed,Purple,snipe,reinforcements
Black,nuke,speed,Purple,snipe,speed
Black,nuke,speed,Purple,snipe,wall
Black,nuke,speed,Purple,freeze,heal
Black,nuke,speed,Purple,freeze,reinforcements
Black,nuke,speed,Purple,freeze,speed
Black,nuke,speed,Purple,freeze,wall
Black,nuke,speed,Red,nuke,heal
Black,nuke,speed,Red,nuke,reinforcements
Black,nuke,speed,Red,nuke,speed
Black,nuke,speed,Red,nuke,wall
Black,nuke,speed,Red,firebomb,heal
Black,nuke,speed,Red,firebomb,reinforcements
Black,nuke,speed,Red,firebomb,speed
Black,nuke,speed,Red,firebomb,wall
Black,nuke,speed,Red,snipe,heal
Black,nuke,speed,Red,snipe,reinforcements
Black,nuke,speed,Red,snipe,speed
Black,nuke,speed,Red,snipe,wall
Black,nuke,speed,Red,freeze,heal
Black,nuke,speed,Red,freeze,reinforcements
Black,nuke,speed,Red,freeze,speed
Black,nuke,speed,Red,freeze,wall
Black,nuke,speed,White,nuke,heal
Black,nuke,speed,White,nuke,reinforcements
Black,nuke,speed,White,nuke,speed
Black,nuke,speed,White,nuke,wall
Black,nuke,speed,White,firebomb,heal
Black,nuke,speed,White,firebomb,reinforcements
Black,nuke,speed,White,firebomb,speed
Black,nuke,speed,White,firebomb,wall
Black,nuke,speed,White,snipe,heal
Black,nuke,speed,White,snipe,reinforcements
Black,nuke,speed,White,snipe,speed
Black,nuke,speed,White,snipe,wall
Black,nuke,speed,White,freeze,heal
Black,nuke,speed,White,freeze,reinforcements
Black,nuke,speed,White,freeze,speed
Black,nuke,speed,White,freeze,wall
Black,nuke,speed,Yellow,nuke,heal
Black,nuke,speed,Yellow,nuke,reinforcements
Black,nuke,speed,Yellow,nuke,speed
Black,nuke,speed,Yellow,nuke,wall
Black,nuke,speed,Yellow,firebomb,heal
Black,nuke,speed,Yellow,firebomb,reinforcements
Black,nuke,speed,Yellow,firebomb,speed
Black,nuke,speed,Yellow,firebomb,wall
Black,nuke,speed,Yellow,snipe,heal
Black,nuke,speed,Yellow,snipe,reinforcements
Black,nuke,speed,Yellow,snipe,speed
Black,nuke,speed,Yellow,snipe,wall
Black,nuke,speed,Yellow,freeze,heal
Black,nuke,speed,Yellow,freeze,reinforcements
Black,nuke,speed,Yellow,freeze,speed
Black,nuke,speed,Yellow,freeze,wall
Black,nuke,wall,Black,nuke,heal
Black,nuke,wall,Black,nuke,reinforcements
Black,nuke,wall,Black,nuke,speed
Black,nuke,wall,Black,nuke,wall
Black,nuke,wall,Black,firebomb,heal
Black,nuke,wall,Black,firebomb,reinforcements
Black,nuke,wall,Black,firebomb,speed
Black,nuke,wall,Black,firebomb,wall
Black,nuke,wall,Black,snipe,heal
Black,nuke,wall,Black,snipe,reinforcements
Black,nuke,wall,Black,snipe,speed
Black,nuke,wall,Black,snipe,wall
Black,nuke,wall,Black,freeze,heal
Black,nuke,wall,Black,freeze,reinforcements
Black,nuke,wall,Black,freeze,speed
Black,nuke,wall,Black,freeze,wall
Black,nuke,wall,Blue,nuke,heal
Black,nuke,wall,Blue,nuke,reinforcements
Black,nuke,wall,Blue,nuke,speed
Black,nuke,wall,Blue,nuke,wall
Black,nuke,wall,Blue,firebomb,heal
Black,nuke,wall,Blue,firebomb,reinforcements
Black,nuke,wall,Blue,firebomb,speed
Black,nuke,wall,Blue,firebomb,wall
Black,nuke,wall,Blue,snipe,heal
Black,nuke,wall,Blue,snipe,reinforcements
Black,nuke,wall,Blue,snipe,speed
Black,nuke,wall,Blue,snipe,wall
Black,nuke,wall,Blue,freeze,heal
Black,nuke,wall,Blue,freeze,reinforcements
Black,nuke,wall,Blue,freeze,speed
Black,nuke,wall,Blue,freeze,wall
Black,nuke,wall,Green,nuke,heal
Black,nuke,wall,Green,nuke,reinforcements
Black,nuke,wall,Green,nuke,speed
Black,nuke,wall,Green,nuke,wall
Black,nuke,wall,Green,firebomb,heal
Black,nuke,wall,Green,firebomb,reinforcements
Black,nuke,wall,Green,firebomb,speed
Black,nuke,wall,Green,firebomb,wall
Black,nuke,wall,Green,snipe,heal
Black,nuke,wall,Green,snipe,reinforcements
Black,nuke,wall,Green,snipe,speed
Black,nuke,wall,Green,snipe,wall
Black,nuke,wall,Green,freeze,heal
Black,nuke,wall,Green,freeze,reinforcements
Black,nuke,wall,Green,freeze,speed
Black,nuke,wall,Green,freeze,wall
Black,nuke,wall,Orange,nuke,heal
Black,nuke,wall,Orange,nuke,reinforcements
Black,nuke,wall,Orange,nuke,speed
Black,nuke,wall,Orange,nuke,wall
Black,nuke,wall,Orange,firebomb,heal
Black,nuke,wall,Orange,firebomb,reinforcements
Black,nuke,wall,Orange,firebomb,speed
Black,nuke,wall,Orange,firebomb,wall
Black,nuke,wall,Orange,snipe,heal
Black,nuke,wall,Orange,snipe,reinforcements
Black,nuke,wall,Orange,snipe,speed
Black,nuke,wall,Orange,snipe,wall
Black,nuke,wall,Orange,freeze,heal
Black,nuke,wall,Orange,freeze,reinforcements
Black,nuke,wall,Orange,freeze,speed
Black,nuke,wall,Orange,freeze,wall
Black,nuke,wall,Purple,nuke,heal
Black,nuke,wall,Purple,nuke,reinforcements
Black,nuke,wall,Purple,nuke,speed
Black,nuke,wall,Purple,nuke,wall
Black,nuke,wall,Purple,firebomb,heal
Black,nuke,wall,Purple,firebomb,reinforcements
Black,nuke,wall,Purple,firebomb,speed
Black,nuke,wall,Purple,firebomb,wall
Black,nuke,wall,Purple,snipe,heal
Black,nuke,wall,Purple,snipe,reinforcements
Black,nuke,wall,Purple,snipe,speed
Black,nuke,wall,Purple,snipe,wall
Black,nuke,wall,Purple,freeze,heal
Black,nuke,wall,Purple,freeze,reinforcements
Black,nuke,wall,Purple,freeze,speed
Black,nuke,wall,Purple,freeze,wall
Black,nuke,wall,Red,nuke,heal
Black,nuke,wall,Red,nuke,reinforcements
Black,nuke,wall,Red,nuke,speed
Black,nuke,wall,Red,nuke,wall
Black,nuke,wall,Red,firebomb,heal
Black,nuke,wall,Red,firebomb,reinforcements
Black,nuke,wall,Red,firebomb,speed
Black,nuke,wall,Red,firebomb,wall
Black,nuke,wall,Red,snipe,heal
Black,nuke,wall,Red,snipe,reinforcements
Black,nuke,wall,Red,snipe,speed
Black,nuke,wall,Red,snipe,wall
Black,nuke,wall,Red,freeze,heal
Black,nuke,wall,Red,freeze,reinforcements
Black,nuke,wall,Red,freeze,speed
Black,nuke,wall,Red,freeze,wall
Black,nuke,wall,White,nuke,heal
Black,nuke,wall,White,nuke,reinforcements
Black,nuke,wall,White,nuke,speed
Black,nuke,wall,White,nuke,wall
Black,nuke,wall,White,firebomb,heal
Black,nuke,wall,White,firebomb,reinforcements
Black,nuke,wall,White,firebomb,speed
Black,nuke,wall,White,firebomb,wall
Black,nuke,wall,White,snipe,heal
Black,nuke,wall,White,snipe,reinforcements
Black,nuke,wall,White,snipe,speed
Black,nuke,wall,White,snipe,wall
Black,nuke,wall,White,freeze,heal
Black,nuke,wall,White,freeze,reinforcements
Black,nuke,wall,White,freeze,speed
Black,nuke,wall,White,freeze,wall
Black,nuke,wall,Yellow,nuke,heal
Black,nuke,wall,Yellow,nuke,reinforcements
Black,nuke,wall,Yellow,nuke,speed
Black,nuke,wall,Yellow,nuke,wall
Black,nuke,wall,Yellow,firebomb,heal
Black,nuke,wall,Yellow,firebomb,reinforcements
Black,nuke,wall,Yellow,firebomb,speed
Black,nuke,wall,Yellow,firebomb,wall
Black,nuke,wall,Yellow,snipe,heal
Black,nuke,wall,Yellow,snipe,reinforcements
Black,nuke,wall,Yellow,snipe,speed
Black,nuke,wall,Yellow,snipe,wall
Black,nuke,wall,Yellow,freeze,heal
Black,nuke,wall,Yellow,freeze,reinforcements
Black,nuke,wall,Yellow,freeze,speed
Black,nuke,wall,Yellow,freeze,wall
Black,firebomb,heal,Black,nuke,heal
Black,firebomb,heal,Black,nuke,reinforcements
Black,firebomb,heal,Black,nuke,speed
Black,firebomb,heal,Black,nuke,wall
Black,firebomb,heal,Black,firebomb,heal
Black,firebomb,heal,Black,firebomb,reinforcements
Black,firebomb,heal,Black,firebomb,speed
Black,firebomb,heal,Black,firebomb,wall
Black,firebomb,heal,Black,snipe,heal
Black,firebomb,heal,Black,snipe,reinforcements
Black,firebomb,heal,Black,snipe,speed
Black,firebomb,heal,Black,snipe,wall
Black,firebomb,heal,Black,freeze,heal
Black,firebomb,heal,Black,freeze,reinforcements
Black,firebomb,heal,Black,freeze,speed
Black,firebomb,heal,Black,freeze,wall
Black,firebomb,heal,Blue,nuke,heal
Black,firebomb,heal,Blue,nuke,reinforcements
Black,firebomb,heal,Blue,nuke,speed
Black,firebomb,heal,Blue,nuke,wall
Black,firebomb,heal,Blue,firebomb,heal
Black,firebomb,heal,Blue,firebomb,reinforcements
Black,firebomb,heal,Blue,firebomb,speed
Black,firebomb,heal,Blue,firebomb,wall
Black,firebomb,heal,Blue,snipe,heal
Black,firebomb,heal,Blue,snipe,reinforcements
Black,firebomb,heal,Blue,snipe,speed
Black,firebomb,heal,Blue,snipe,wall
Black,firebomb,heal,Blue,freeze,heal
Black,firebomb,heal,Blue,freeze,reinforcements
Black,firebomb,heal,Blue,freeze,speed
Black,firebomb,heal,Blue,freeze,wall
Black,firebomb,heal,Green,nuke,heal
Black,firebomb,heal,Green,nuke,reinforcements
Black,firebomb,heal,Green,nuke,speed
Black,firebomb,heal,Green,nuke,wall
Black,firebomb,heal,Green,firebomb,heal
Black,firebomb,heal,Green,firebomb,reinforcements
Black,firebomb,heal,Green,firebomb,speed
Black,firebomb,heal,Green,firebomb,wall
Black,firebomb,heal,Green,snipe,heal
Black,firebomb,heal,Green,snipe,reinforcements
Black,firebomb,heal,Green,snipe,speed
Black,firebomb,heal,Green,snipe,wall
Black,firebomb,heal,Green,freeze,heal
Black,firebomb,heal,Green,freeze,reinforcements
Black,firebomb,heal,Green,freeze,speed
Black,firebomb,heal,Green,freeze,wall
Black,firebomb,heal,Orange,nuke,heal
Black,firebomb,heal,Orange,nuke,reinforcements
Black,firebomb,heal,Orange,nuke,speed
Black,firebomb,heal,Orange,nuke,wall
Black,firebomb,heal,Orange,firebomb,heal
Black,firebomb,heal,Orange,firebomb,reinforcements
Black,firebomb,heal,Orange,firebomb,speed
Black,firebomb,heal,Orange,firebomb,wall
Black,firebomb,heal,Orange,snipe,heal
Black,firebomb,heal,Orange,snipe,reinforcements
Black,firebomb,heal,Orange,snipe,speed
Black,firebomb,heal,Orange,snipe,wall
Black,firebomb,heal,Orange,freeze,heal
Black,firebomb,heal,Orange,freeze,reinforcements
Black,firebomb,heal,Orange,freeze,speed
Black,firebomb,heal,Orange,freeze,wall
Black,firebomb,heal,Purple,nuke,heal
Black,firebomb,heal,Purple,nuke,reinforcements
Black,firebomb,heal,Purple,nuke,speed
Black,firebomb,heal,Purple,nuke,wall
Black,firebomb,heal,Purple,firebomb,heal
Black,firebomb,heal,Purple,firebomb,reinforcements
Black,firebomb,heal,Purple,firebomb,speed
Black,firebomb,heal,Purple,firebomb,wall
Black,firebomb,heal,Purple,snipe,heal
Black,firebomb,heal,Purple,snipe,reinforcements
Black,firebomb,heal,Purple,snipe,speed
Black,firebomb,heal,Purple,snipe,wall
Black,firebomb,heal,Purple,freeze,heal
Black,firebomb,heal,Purple,freeze,reinforcements
Black,firebomb,heal,Purple,freeze,speed
Black,firebomb,heal,Purple,freeze,wall
Black,firebomb,heal,Red,nuke,heal
Black,firebomb,heal,Red,nuke,reinforcements
Black,firebomb,heal,Red,nuke,speed
Black,firebomb,heal,Red,nuke,wall
Black,firebomb,heal,Red,firebomb,heal
Black,firebomb,heal,Red,firebomb,reinforcements
Black,firebomb,heal,Red,firebomb,speed
Black,firebomb,heal,Red,firebomb,wall
Black,firebomb,heal,Red,snipe,heal
Black,firebomb,heal,Red,snipe,reinforcements
Black,firebomb,heal,Red,snipe,speed
Black,firebomb,heal,Red,snipe,wall
Black,firebomb,heal,Red,freeze,heal
Black,firebomb,heal,Red,freeze,reinforcements
Black,firebomb,heal,Red,freeze,speed
Black,firebomb,heal,Red,freeze,wall
Black,firebomb,heal,White,nuke,heal
Black,firebomb,heal,White,nuke,reinforcements
Black,firebomb,heal,White,nuke,speed
Black,firebomb,heal,White,nuke,wall
Black,firebomb,heal,White,firebomb,heal
Black,firebomb,heal,White,firebomb,reinforcements
Black,firebomb,heal,White,firebomb,speed
Black,firebomb,heal,White,firebomb,wall
Black,firebomb,heal,White,snipe,heal
Black,firebomb,heal,White,snipe,reinforcements
Black,firebomb,heal,White,snipe,speed
Black,firebomb,heal,White,snipe,wall
Black,firebomb,heal,White,freeze,heal
Black,firebomb,heal,White,freeze,reinforcements
Black,firebomb,heal,White,freeze,speed
Black,firebomb,heal,White,freeze,wall
Black,firebomb,heal,Yellow,nuke,heal
Black,firebomb,heal,Yellow,nuke,reinforcements
Black,firebomb,heal,Yellow,nuke,speed
Black,firebomb,heal,Yellow,nuke,wall
Black,firebomb,heal,Yellow,firebomb,heal
Black,firebomb,heal,Yellow,firebomb,reinforcements
Black,firebomb,heal,Yellow,firebomb,speed
Black,firebomb,heal,Yellow,firebomb,wall
Black,firebomb,heal,Yellow,snipe,heal
Black,firebomb,heal,Yellow,snipe,reinforcements
Black,firebomb,heal,Yellow,snipe,speed
Black,firebomb,heal,Yellow,snipe,wall
Black,firebomb,heal,Yellow,freeze,heal
Black,firebomb,heal,Yellow,freeze,reinforcements
Black,firebomb,heal,Yellow,freeze,speed
Black,firebomb,heal,Yellow,freeze,wall
Black,firebomb,reinforcements,Black,nuke,heal
Black,firebomb,reinforcements,Black,nuke,reinforcements
Black,firebomb,reinforcements,Black,nuke,speed
Black,firebomb,reinforcements,Black,nuke,wall
Black,firebomb,reinforcements,Black,firebomb,heal
Black,firebomb,reinforcements,Black,firebomb,reinforcements
Black,firebomb,reinforcements,Black,firebomb,speed
Black,firebomb,reinforcements,Black,firebomb,wall
Black,firebomb,reinforcements,Black,snipe,heal
Black,firebomb,reinforcements,Black,snipe,reinforcements
Black,firebomb,reinforcements,Black,snipe,speed
Black,firebomb,reinforcements,Black,snipe,wall
Black,firebomb,reinforcements,Black,freeze,heal
Black,firebomb,reinforcements,Black,freeze,reinforcements
Black,firebomb,reinforcements,Black,freeze,speed
Black,firebomb,reinforcements,Black,freeze,wall
Black,firebomb,reinforcements,Blue,nuke,heal
Black,firebomb,reinforcements,Blue,nuke,reinforcements
Black,firebomb,reinforcements,Blue,nuke,speed
Black,firebomb,reinforcements,Blue,nuke,wall
Black,firebomb,reinforcements,Blue,firebomb,heal
Black,firebomb,reinforcements,Blue,firebomb,reinforcements
Black,firebomb,reinforcements,Blue,firebomb,speed
Black,firebomb,reinforcements,Blue,firebomb,wall
Black,firebomb,reinforcements,Blue,snipe,heal
Black,firebomb,reinforcements,Blue,snipe,reinforcements
Black,firebomb,reinforcements,Blue,snipe,speed
Black,firebomb,reinforcements,Blue,snipe,wall
Black,firebomb,reinforcements,Blue,freeze,heal
Black,firebomb,reinforcements,Blue,freeze,reinforcements
Black,firebomb,reinforcements,Blue,freeze,speed
Black,firebomb,reinforcements,Blue,freeze,wall
Black,firebomb,reinforcements,Green,nuke,heal
Black,firebomb,reinforcements,Green,nuke,reinforcements
Black,firebomb,reinforcements,Green,nuke,speed
Black,firebomb,reinforcements,Green,nuke,wall
Black,firebomb,reinforcements,Green,firebomb,heal
Black,firebomb,reinforcements,Green,firebomb,reinforcements
Black,firebomb,reinforcements,Green,firebomb,speed
Black,firebomb,reinforcements,Green,firebomb,wall
Black,firebomb,reinforcements,Green,snipe,heal
Black,firebomb,reinforcements,Green,snipe,reinforcements
Black,firebomb,reinforcements,Green,snipe,speed
Black,firebomb,reinforcements,Green,snipe,wall
Black,firebomb,reinforcements,Green,freeze,heal
Black,firebomb,reinforcements,Green,freeze,reinforcements
Black,firebomb,reinforcements,Green,freeze,speed
Black,firebomb,reinforcements,Green,freeze,wall
Black,firebomb,reinforcements,Orange,nuke,heal
Black,firebomb,reinforcements,Orange,nuke,reinforcements
Black,firebomb,reinforcements,Orange,nuke,speed
Black,firebomb,reinforcements,Orange,nuke,wall
Black,firebomb,reinforcements,Orange,firebomb,heal
Black,firebomb,reinforcements,Orange,firebomb,reinforcements
Black,firebomb,reinforcements,Orange,firebomb,speed
Black,firebomb,reinforcements,Orange,firebomb,wall
Black,firebomb,reinforcements,Orange,snipe,heal
Black,firebomb,reinforcements,Orange,snipe,reinforcements
Black,firebomb,reinforcements,Orange,snipe,speed
Black,firebomb,reinforcements,Orange,snipe,wall
Black,firebomb,reinforcements,Orange,freeze,heal
Black,firebomb,reinforcements,Orange,freeze,reinforcements
Black,firebomb,reinforcements,Orange,freeze,speed
Black,firebomb,reinforcements,Orange,freeze,wall
Black,firebomb,reinforcements,Purple,nuke,heal
Black,firebomb,reinforcements,Purple,nuke,reinforcements
Black,firebomb,reinforcements,Purple,nuke,speed
Black,firebomb,reinforcements,Purple,nuke,wall
Black,firebomb,reinforcements,Purple,firebomb,heal
Black,firebomb,reinforcements,Purple,firebomb,reinforcements
Black,firebomb,reinforcements,Purple,firebomb,speed
Black,firebomb,reinforcements,Purple,firebomb,wall
Black,firebomb,reinforcements,Purple,snipe,heal
Black,firebomb,reinforcements,Purple,snipe,reinforcements
Black,firebomb,reinforcements,Purple,snipe,speed
Black,firebomb,reinforcements,Purple,snipe,wall
Black,firebomb,reinforcements,Purple,freeze,heal
Black,firebomb,reinforcements,Purple,freeze,reinforcements
Black,firebomb,reinforcements,Purple,freeze,speed
Black,firebomb,reinforcements,Purple,freeze,wall
Black,firebomb,reinforcements,Red,nuke,heal
Black,firebomb,reinforcements,Red,nuke,reinforcements
Black,firebomb,reinforcements,Red,nuke,speed
Black,firebomb,reinforcements,Red,nuke,wall
Black,firebomb,reinforcements,Red,firebomb,heal
Black,firebomb,reinforcements,Red,firebomb,reinforcements
Black,firebomb,reinforcements,Red,firebomb,speed
Black,firebomb,reinforcements,Red,firebomb,wall
Black,firebomb,reinforcements,Red,snipe,heal
Black,firebomb,reinforcements,Red,snipe,reinforcements
Black,firebomb,reinforcements,Red,snipe,speed
Black,firebomb,reinforcements,Red,snipe,wall
Black,firebomb,reinforcements,Red,freeze,heal
Black,firebomb,reinforcements,Red,freeze,reinforcements
Black,firebomb,reinforcements,Red,freeze,speed
Black,firebomb,reinforcements,Red,freeze,wall
Black,firebomb,reinforcements,White,nuke,heal
Black,firebomb,reinforcements,White,nuke,reinforcements
Black,firebomb,reinforcements,White,nuke,speed
Black,firebomb,reinforcements,White,nuke,wall
Black,firebomb,reinforcements,White,firebomb,heal
Black,firebomb,reinforcements,White,firebomb,reinforcements
Black,firebomb,reinforcements,White,firebomb,speed
Black,firebomb,reinforcements,White,firebomb,wall
Black,firebomb,reinforcements,White,snipe,heal
Black,firebomb,reinforcements,White,snipe,reinforcements
Black,firebomb,reinforcements,White,snipe,speed
Black,firebomb,reinforcements,White,snipe,wall
Black,firebomb,reinforcements,White,freeze,heal
Black,firebomb,reinforcements,White,freeze,reinforcements
Black,firebomb,reinforcements,White,freeze,speed
Black,firebomb,reinforcements,White,freeze,wall
Black,firebomb,reinforcements,Yellow,nuke,heal
Black,firebomb,reinforcements,Yellow,nuke,reinforcements
Black,firebomb,reinforcements,Yellow,nuke,speed
Black,firebomb,reinforcements,Yellow,nuke,wall
Black,firebomb,reinforcements,Yellow,firebomb,heal
Black,firebomb,reinforcements,Yellow,firebomb,reinforcements
Black,firebomb,reinforcements,Yellow,firebomb,speed
Black,firebomb,reinforcements,Yellow,firebomb,wall
Black,firebomb,reinforcements,Yellow,snipe,heal
Black,firebomb,reinforcements,Yellow,snipe,reinforcements
Black,firebomb,reinforcements,Yellow,snipe,speed
Black,firebomb,reinforcements,Yellow,snipe,wall
Black,firebomb,reinforcements,Yellow,freeze,heal
Black,firebomb,reinforcements,Yellow,freeze,reinforcements
Black,firebomb,reinforcements,Yellow,freeze,speed
Black,firebomb,reinforcements,Yellow,freeze,wall
Black,firebomb,speed,Black,nuke,heal
Black,firebomb,speed,Black,nuke,reinforcements
Black,firebomb,speed,Black,nuke,speed
Black,firebomb,speed,Black,nuke,wall
Black,firebomb,speed,Black,firebomb,heal
Black,firebomb,speed,Black,firebomb,reinforcements
Black,firebomb,speed,Black,firebomb,speed
Black,firebomb,speed,Black,firebomb,wall
Black,firebomb,speed,Black,snipe,heal
Black,firebomb,speed,Black,snipe,reinforcements
Black,firebomb,speed,Black,snipe,speed
Black,firebomb,speed,Black,snipe,wall
Black,firebomb,speed,Black,freeze,heal
Black,firebomb,speed,Black,freeze,reinforcements
Black,firebomb,speed,Black,freeze,speed
Black,firebomb,speed,Black,freeze,wall
Black,firebomb,speed,Blue,nuke,heal
Black,firebomb,speed,Blue,nuke,reinforcements
Black,firebomb,speed,Blue,nuke,speed
Black,firebomb,speed,Blue,nuke,wall
Black,firebomb,speed,Blue,firebomb,heal
Black,firebomb,speed,Blue,firebomb,reinforcements
Black,firebomb,speed,Blue,firebomb,speed
Black,firebomb,speed,Blue,firebomb,wall
Black,firebomb,speed,Blue,snipe,heal
Black,firebomb,speed,Blue,snipe,reinforcements
Black,firebomb,speed,Blue,snipe,speed
Black,firebomb,speed,Blue,snipe,wall
Black,firebomb,speed,Blue,freeze,heal
Black,firebomb,speed,Blue,freeze,reinforcements
Black,firebomb,speed,Blue,freeze,speed
Black,firebomb,speed,Blue,freeze,wall
Black,firebomb,speed,Green,nuke,heal
Black,firebomb,speed,Green,nuke,reinforcements
Black,firebomb,speed,Green,nuke,speed
Black,firebomb,speed,Green,nuke,wall
Black,firebomb,speed,Green,firebomb,heal
Black,firebomb,speed,Green,firebomb,reinforcements
Black,firebomb,speed,Green,firebomb,speed
Black,firebomb,speed,Green,firebomb,wall
Black,firebomb,speed,Green,snipe,heal
Black,firebomb,speed,Green,snipe,reinforcements
Black,firebomb,speed,Green,snipe,speed
Black,firebomb,speed,Green,snipe,wall
Black,firebomb,speed,Green,freeze,heal
Black,firebomb,speed,Green,freeze,reinforcements
Black,firebomb,speed,Green,freeze,speed
Black,firebomb,speed,Green,freeze,wall
Black,firebomb,speed,Orange,nuke,heal
Black,firebomb,speed,Orange,nuke,reinforcements
Black,firebomb,speed,Orange,nuke,speed
Black,firebomb,speed,Orange,nuke,wall
Black,firebomb,speed,Orange,firebomb,heal
Black,firebomb,speed,Orange,firebomb,reinforcements
Black,firebomb,speed,Orange,firebomb,speed
Black,firebomb,speed,Orange,firebomb,wall
Black,firebomb,speed,Orange,snipe,heal
Black,firebomb,speed,Orange,snipe,reinforcements
Black,firebomb,speed,Orange,snipe,speed
Black,firebomb,speed,Orange,snipe,wall
Black,firebomb,speed,Orange,freeze,heal
Black,firebomb,speed,Orange,freeze,reinforcements
Black,firebomb,speed,Orange,freeze,speed
Black,firebomb,speed,Orange,freeze,wall
Black,firebomb,speed,Purple,nuke,heal
Black,firebomb,speed,Purple,nuke,reinforcements
Black,firebomb,speed,Purple,nuke,speed
Black,firebomb,speed,Purple,nuke,wall
Black,firebomb,speed,Purple,firebomb,heal
Black,firebomb,speed,Purple,firebomb,reinforcements
Black,firebomb,speed,Purple,firebomb,speed
Black,firebomb,speed,Purple,firebomb,wall
Black,firebomb,speed,Purple,snipe,heal
Black,firebomb,speed,Purple,snipe,reinforcements
Black,firebomb,speed,Purple,snipe,speed
Black,firebomb,speed,Purple,snipe,wall
Black,firebomb,speed,Purple,freeze,heal
Black,firebomb,speed,Purple,freeze,reinforcements
Black,firebomb,speed,Purple,freeze,speed
Black,firebomb,speed,Purple,freeze,wall
Black,firebomb,speed,Red,nuke,heal
Black,firebomb,speed,Red,nuke,reinforcements
Black,firebomb,speed,Red,nuke,speed
Black,firebomb,speed,Red,nuke,wall
Black,firebomb,speed,Red,firebomb,heal
Black,firebomb,speed,Red,firebomb,reinforcements
Black,firebomb,speed,Red,firebomb,speed
Black,firebomb,speed,Red,firebomb,wall
Black,firebomb,speed,Red,snipe,heal
Black,firebomb,speed,Red,snipe,reinforcements
Black,firebomb,speed,Red,snipe,speed
Black,firebomb,speed,Red,snipe,wall
Black,firebomb,speed,Red,freeze,heal
Black,firebomb,speed,Red,freeze,reinforcements
Black,firebomb,speed,Red,freeze,speed
Black,firebomb,speed,Red,freeze,wall
Black,firebomb,speed,White,nuke,heal
Black,firebomb,speed,White,nuke,reinforcements
Black,firebomb,speed,White,nuke,speed
Black,firebomb,speed,White,nuke,wall
Black,firebomb,speed,White,firebomb,heal
Black,firebomb,speed,White,firebomb,reinforcements
Black,firebomb,speed,White,firebomb,speed
Black,firebomb,speed,White,firebomb,wall
Black,firebomb,speed,White,snipe,heal
Black,firebomb,speed,White,snipe,reinforcements
Black,firebomb,speed,White,snipe,speed
Black,firebomb,speed,White,snipe,wall
Black,firebomb,speed,White,freeze,heal
Black,firebomb,speed,White,freeze,reinforcements
Black,firebomb,speed,White,freeze,speed
Black,firebomb,speed,White,freeze,wall
Black,firebomb,speed,Yellow,nuke,heal
Black,firebomb,speed,Yellow,nuke,reinforcements
Black,firebomb,speed,Yellow,nuke,speed
Black,firebomb,speed,Yellow,nuke,wall
Black,firebomb,speed,Yellow,firebomb,heal
Black,firebomb,speed,Yellow,firebomb,reinforcements
Black,firebomb,speed,Yellow,firebomb,speed
Black,firebomb,speed,Yellow,firebomb,wall
Black,firebomb,speed,Yellow,snipe,heal
Black,firebomb,speed,Yellow,snipe,reinforcements
Black,firebomb,speed,Yellow,snipe,speed
Black,firebomb,speed,Yellow,snipe,wall
Black,firebomb,speed,Yellow,freeze,heal
Black,firebomb,speed,Yellow,freeze,reinforcements
Black,firebomb,speed,Yellow,freeze,speed
Black,firebomb,speed,Yellow,freeze,wall
Black,firebomb,wall,Black,nuke,heal
Black,firebomb,wall,Black,nuke,reinforcements
Black,firebomb,wall,Black,nuke,speed
Black,firebomb,wall,Black,nuke,wall
Black,firebomb,wall,Black,firebomb,heal
Black,firebomb,wall,Black,firebomb,reinforcements
Black,firebomb,wall,Black,firebomb,speed
Black,firebomb,wall,Black,firebomb,wall
Black,firebomb,wall,Black,snipe,heal
Black,firebomb,wall,Black,snipe,reinforcements
Black,firebomb,wall,Black,snipe,speed
Black,firebomb,wall,Black,snipe,wall
Black,firebomb,wall,Black,freeze,heal
Black,firebomb,wall,Black,freeze,reinforcements
Black,firebomb,wall,Black,freeze,speed
Black,firebomb,wall,Black,freeze,wall
Black,firebomb,wall,Blue,nuke,heal
Black,firebomb,wall,Blue,nuke,reinforcements
Black,firebomb,wall,Blue,nuke,speed
Black,firebomb,wall,Blue,nuke,wall
Black,firebomb,wall,Blue,firebomb,heal
Black,firebomb,wall,Blue,firebomb,reinforcements
Black,firebomb,wall,Blue,firebomb,speed
Black,firebomb,wall,Blue,firebomb,wall
Black,firebomb,wall,Blue,snipe,heal
Black,firebomb,wall,Blue,snipe,reinforcements
Black,firebomb,wall,Blue,snipe,speed
Black,firebomb,wall,Blue,snipe,wall
Black,firebomb,wall,Blue,freeze,heal
Black,firebomb,wall,Blue,freeze,reinforcements
Black,firebomb,wall,Blue,freeze,speed
Black,firebomb,wall,Blue,freeze,wall
Black,firebomb,wall,Green,nuke,heal
Black,firebomb,wall,Green,nuke,reinforcements
Black,firebomb,wall,Green,nuke,speed
Black,firebomb,wall,Green,nuke,wall
Black,firebomb,wall,Green,firebomb,heal
Black,firebomb,wall,Green,firebomb,reinforcements
Black,firebomb,wall,Green,firebomb,speed
Black,firebomb,wall,Green,firebomb,wall
Black,firebomb,wall,Green,snipe,heal
Black,firebomb,wall,Green,snipe,reinforcements
Black,firebomb,wall,Green,snipe,speed
Black,firebomb,wall,Green,snipe,wall
Black,firebomb,wall,Green,freeze,heal
Black,firebomb,wall,Green,freeze,reinforcements
Black,firebomb,wall,Green,freeze,speed
Black,firebomb,wall,Green,freeze,wall
Black,firebomb,wall,Orange,nuke,heal
Black,firebomb,wall,Orange,nuke,reinforcements
Black,firebomb,wall,Orange,nuke,speed
Black,firebomb,wall,Orange,nuke,wall
Black,firebomb,wall,Orange,firebomb,heal
Black,firebomb,wall,Orange,firebomb,reinforcements
Black,firebomb,wall,Orange,firebomb,speed
Black,firebomb,wall,Orange,firebomb,wall
Black,firebomb,wall,Orange,snipe,heal
Black,firebomb,wall,Orange,snipe,reinforcements
Black,firebomb,wall,Orange,snipe,speed
Black,firebomb,wall,Orange,snipe,wall
Black,firebomb,wall,Orange,freeze,heal
Black,firebomb,wall,Orange,freeze,reinforcements
Black,firebomb,wall,Orange,freeze,speed
Black,firebomb,wall,Orange,freeze,wall
Black,firebomb,wall,Purple,nuke,heal
Black,firebomb,wall,Purple,nuke,reinforcements
Black,firebomb,wall,Purple,nuke,speed
Black,firebomb,wall,Purple,nuke,wall
Black,firebomb,wall,Purple,firebomb,heal
Black,firebomb,wall,Purple,firebomb,reinforcements
Black,firebomb,wall,Purple,firebomb,speed
Black,firebomb,wall,Purple,firebomb,wall
Black,firebomb,wall,Purple,snipe,heal
Black,firebomb,wall,Purple,snipe,reinforcements
Black,firebomb,wall,Purple,snipe,speed
Black,firebomb,wall,Purple,snipe,wall
Black,firebomb,wall,Purple,freeze,heal
Black,firebomb,wall,Purple,freeze,reinforcements
Black,firebomb,wall,Purple,freeze,speed
Black,firebomb,wall,Purple,freeze,wall
Black,firebomb,wall,Red,nuke,heal
Black,firebomb,wall,Red,nuke,reinforcements
Black,firebomb,wall,Red,nuke,speed
Black,firebomb,wall,Red,nuke,wall
Black,firebomb,wall,Red,firebomb,heal
Black,firebomb,wall,Red,firebomb,reinforcements
Black,firebomb,wall,Red,firebomb,speed
Black,firebomb,wall,Red,firebomb,wall
Black,firebomb,wall,Red,snipe,heal
Black,firebomb,wall,Red,snipe,reinforcements
Black,firebomb,wall,Red,snipe,speed
Black,firebomb,wall,Red,snipe,wall
Black,firebomb,wall,Red,freeze,heal
Black,firebomb,wall,Red,freeze,reinforcements
Black,firebomb,wall,Red,freeze,speed
Black,firebomb,wall,Red,freeze,wall
Black,firebomb,wall,White,nuke,heal
Black,firebomb,wall,White,nuke,reinforcements
Black,firebomb,wall,White,nuke,speed
Black,firebomb,wall,White,nuke,wall
Black,firebomb,wall,White,firebomb,heal
Black,firebomb,wall,White,firebomb,reinforcements
Black,firebomb,wall,White,firebomb,speed
Black,firebomb,wall,White,firebomb,wall
Black,firebomb,wall,White,snipe,heal
Black,firebomb,wall,White,snipe,reinforcements
Black,firebomb,wall,White,snipe,speed
Black,firebomb,wall,White,snipe,wall
Black,firebomb,wall,White,freeze,heal
Black,firebomb,wall,White,freeze,reinforcements
Black,firebomb,wall,White,freeze,speed
Black,firebomb,wall,White,freeze,wall
Black,firebomb,wall,Yellow,nuke,heal
Black,firebomb,wall,Yellow,nuke,reinforcements
Black,firebomb,wall,Yellow,nuke,speed
Black,firebomb,wall,Yellow,nuke,wall
Black,firebomb,wall,Yellow,firebomb,heal
Black,firebomb,wall,Yellow,firebomb,reinforcements
Black,firebomb,wall,Yellow,firebomb,speed
Black,firebomb,wall,Yellow,firebomb,wall
Black,firebomb,wall,Yellow,snipe,heal
Black,firebomb,wall,Yellow,snipe,reinforcements
Black,firebomb,wall,Yellow,snipe,speed
Black,firebomb,wall,Yellow,snipe,wall
Black,firebomb,wall,Yellow,freeze,heal
Black,firebomb,wall,Yellow,freeze,reinforcements
Black,firebomb,wall,Yellow,freeze,speed
Black,firebomb,wall,Yellow,freeze,wall
Black,snipe,heal,Black,nuke,heal
Black,snipe,heal,Black,nuke,reinforcements
Black,snipe,heal,Black,nuke,speed
Black,snipe,heal,Black,nuke,wall
Black,snipe,heal,Black,firebomb,heal
Black,snipe,heal,Black,firebomb,reinforcements
Black,snipe,heal,Black,firebomb,speed
Black,snipe,heal,Black,firebomb,wall
Black,snipe,heal,Black,snipe,heal
Black,snipe,heal,Black,snipe,reinforcements
Black,snipe,heal,Black,snipe,speed
Black,snipe,heal,Black,snipe,wall
Black,snipe,heal,Black,freeze,heal
Black,snipe,heal,Black,freeze,reinforcements
Black,snipe,heal,Black,freeze,speed
Black,snipe,heal,Black,freeze,wall
Black,snipe,heal,Blue,nuke,heal
Black,snipe,heal,Blue,nuke,reinforcements
Black,snipe,heal,Blue,nuke,speed
Black,snipe,heal,Blue,nuke,wall
Black,snipe,heal,Blue,firebomb,heal
Black,snipe,heal,Blue,firebomb,reinforcements
Black,snipe,heal,Blue,firebomb,speed
Black,snipe,heal,Blue,firebomb,wall
Black,snipe,heal,Blue,snipe,heal
Black,snipe,heal,Blue,snipe,reinforcements
Black,snipe,heal,Blue,snipe,speed
Black,snipe,heal,Blue,snipe,wall
Black,snipe,heal,Blue,freeze,heal
Black,snipe,heal,Blue,freeze,reinforcements
Black,snipe,heal,Blue,freeze,speed
Black,snipe,heal,Blue,freeze,wall
Black,snipe,heal,Green,nuke,heal
Black,snipe,heal,Green,nuke,reinforcements
Black,snipe,heal,Green,nuke,speed
Black,snipe,heal,Green,nuke,wall
Black,snipe,heal,Green,firebomb,heal
Black,snipe,heal,Green,firebomb,reinforcements
Black,snipe,heal,Green,firebomb,speed
Black,snipe,heal,Green,firebomb,wall
Black,snipe,heal,Green,snipe,heal
Black,snipe,heal,Green,snipe,reinforcements
Black,snipe,heal,Green,snipe,speed
Black,snipe,heal,Green,snipe,wall
Black,snipe,heal,Green,freeze,heal
Black,snipe,heal,Green,freeze,reinforcements
Black,snipe,heal,Green,freeze,speed
Black,snipe,heal,Green,freeze,wall
Black,snipe,heal,Orange,nuke,heal
Black,snipe,heal,Orange,nuke,reinforcements
Black,snipe,heal,Orange,nuke,speed
Black,snipe,heal,Orange,nuke,wall
Black,snipe,heal,Orange,firebomb,heal
Black,snipe,heal,Orange,firebomb,reinforcements
Black,snipe,heal,Orange,firebomb,speed
Black,snipe,heal,Orange,firebomb,wall
Black,snipe,heal,Orange,snipe,heal
Black,snipe,heal,Orange,snipe,reinforcements
Black,snipe,heal,Orange,snipe,speed
Black,snipe,heal,Orange,snipe,wall
Black,snipe,heal,Orange,freeze,heal
Black,snipe,heal,Orange,freeze,reinforcements
Black,snipe,heal,Orange,freeze,speed
Black,snipe,heal,Orange,freeze,wall
Black,snipe,heal,Purple,nuke,heal
Black,snipe,heal,Purple,nuke,reinforcements
Black,snipe,heal,Purple,nuke,speed
Black,snipe,heal,Purple,nuke,wall
Black,snipe,heal,Purple,firebomb,heal
Black,snipe,heal,Purple,firebomb,reinforcements
Black,snipe,heal,Purple,firebomb,speed
Black,snipe,heal,Purple,firebomb,wall
Black,snipe,heal,Purple,snipe,heal
Black,snipe,heal,Purple,snipe,reinforcements
Black,snipe,heal,Purple,snipe,speed
Black,snipe,heal,Purple,snipe,wall
Black,snipe,heal,Purple,freeze,heal
Black,snipe,heal,Purple,freeze,reinforcements
Black,snipe,heal,Purple,freeze,speed
Black,snipe,heal,Purple,freeze,wall
Black,snipe,heal,Red,nuke,heal
Black,snipe,heal,Red,nuke,reinforcements
Black,snipe,heal,Red,nuke,speed
Black,snipe,heal,Red,nuke,wall
Black,snipe,heal,Red,firebomb,heal
Black,snipe,heal,Red,firebomb,reinforcements
Black,snipe,heal,Red,firebomb,speed
Black,snipe,heal,Red,firebomb,wall
Black,snipe,heal,Red,snipe,heal
Black,snipe,heal,Red,snipe,reinforcements
Black,snipe,heal,Red,snipe,speed
Black,snipe,heal,Red,snipe,wall
Black,snipe,heal,Red,freeze,heal
Black,snipe,heal,Red,freeze,reinforcements
Black,snipe,heal,Red,freeze,speed
Black,snipe,heal,Red,freeze,wall
Black,snipe,heal,White,nuke,heal
Black,snipe,heal,White,nuke,reinforcements
Black,snipe,heal,White,nuke,speed
Black,snipe,heal,White,nuke,wall
Black,snipe,heal,White,firebomb,heal
Black,snipe,heal,White,firebomb,reinforcements
Black,snipe,heal,White,firebomb,speed
Black,snipe,heal,White,firebomb,wall
Black,snipe,heal,White,snipe,heal
Black,snipe,heal,White,snipe,reinforcements
Black,snipe,heal,White,snipe,speed
Black,snipe,heal,White,snipe,wall
Black,snipe,heal,White,freeze,heal
Black,snipe,heal,White,freeze,reinforcements
Black,snipe,heal,White,freeze,speed
Black,snipe,heal,White,freeze,wall
Black,snipe,heal,Yellow,nuke,heal
Black,snipe,heal,Yellow,nuke,reinforcements
Black,snipe,heal,Yellow,nuke,speed
Black,snipe,heal,Yellow,nuke,wall
Black,snipe,heal,Yellow,firebomb,heal
Black,snipe,heal,Yellow,firebomb,reinforcements
Black,snipe,heal,Yellow,firebomb,speed
Black,snipe,heal,Yellow,firebomb,wall
Black,snipe,heal,Yellow,snipe,heal
Black,snipe,heal,Yellow,snipe,reinforcements
Black,snipe,heal,Yellow,snipe,speed
Black,snipe,heal,Yellow,snipe,wall
Black,snipe,heal,Yellow,freeze,heal
Black,snipe,heal,Yellow,freeze,reinforcements
Black,snipe,heal,Yellow,freeze,speed
Black,snipe,heal,Yellow,freeze,wall
Black,snipe,reinforcements,Black,nuke,heal
Black,snipe,reinforcements,Black,nuke,reinforcements
Black,snipe,reinforcements,Black,nuke,speed
Black,snipe,reinforcements,Black,nuke,wall
Black,snipe,reinforcements,Black,firebomb,heal
Black,snipe,reinforcements,Black,firebomb,reinforcements
Black,snipe,reinforcements,Black,firebomb,speed
Black,snipe,reinforcements,Black,firebomb,wall
Black,snipe,reinforcements,Black,snipe,heal
Black,snipe,reinforcements,Black,snipe,reinforcements
Black,snipe,reinforcements,Black,snipe,speed
Black,snipe,reinforcements,Black,snipe,wall
Black,snipe,reinforcements,Black,freeze,heal
Black,snipe,reinforcements,Black,freeze,reinforcements
Black,snipe,reinforcements,Black,freeze,speed
Black,snipe,reinforcements,Black,freeze,wall
Black,snipe,reinforcements,Blue,nuke,heal
Black,snipe,reinforcements,Blue,nuke,reinforcements
Black,snipe,reinforcements,Blue,nuke,speed
Black,snipe,reinforcements,Blue,nuke,wall
Black,snipe,reinforcements,Blue,firebomb,heal
Black,snipe,reinforcements,Blue,firebomb,reinforcements
Black,snipe,reinforcements,Blue,firebomb,speed
Black,snipe,reinforcements,Blue,firebomb,wall
Black,snipe,reinforcements,Blue,snipe,heal
Black,snipe,reinforcements,Blue,snipe,reinforcements
Black,snipe,reinforcements,Blue,snipe,speed
Black,snipe,reinforcements,Blue,snipe,wall
Black,snipe,reinforcements,Blue,freeze,heal
Black,snipe,reinforcements,Blue,freeze,reinforcements
Black,snipe,reinforcements,Blue,freeze,speed
Black,snipe,reinforcements,Blue,freeze,wall
Black,snipe,reinforcements,Green,nuke,heal
Black,snipe,reinforcements,Green,nuke,reinforcements
Black,snipe,reinforcements,Green,nuke,speed
Black,snipe,reinforcements,Green,nuke,wall
Black,snipe,reinforcements,Green,firebomb,heal
Black,snipe,reinforcements,Green,firebomb,reinforcements
Black,snipe,reinforcements,Green,firebomb,speed
Black,snipe,reinforcements,Green,firebomb,wall
Black,snipe,reinforcements,Green,snipe,heal
Black,snipe,reinforcements,Green,snipe,reinforcements
Black,snipe,reinforcements,Green,snipe,speed
Black,snipe,reinforcements,Green,snipe,wall
Black,snipe,reinforcements,Green,freeze,heal
Black,snipe,reinforcements,Green,freeze,reinforcements
Black,snipe,reinforcements,Green,freeze,speed
Black,snipe,reinforcements,Green,freeze,wall
Black,snipe,reinforcements,Orange,nuke,heal
Black,snipe,reinforcements,Orange,nuke,reinforcements
Black,snipe,reinforcements,Orange,nuke,speed
Black,snipe,reinforcements,Orange,nuke,wall
Black,snipe,reinforcements,Orange,firebomb,heal
Black,snipe,reinforcements,Orange,firebomb,reinforcements
Black,snipe,reinforcements,Orange,firebomb,speed
Black,snipe,reinforcements,Orange,firebomb,wall
Black,snipe,reinforcements,Orange,snipe,heal
Black,snipe,reinforcements,Orange,snipe,reinforcements
Black,snipe,reinforcements,Orange,snipe,speed
Black,snipe,reinforcements,Orange,snipe,wall
Black,snipe,reinforcements,Orange,freeze,heal
Black,snipe,reinforcements,Orange,freeze,reinforcements
Black,snipe,reinforcements,Orange,freeze,speed
Black,snipe,reinforcements,Orange,freeze,wall
Black,snipe,reinforcements,Purple,nuke,heal
Black,snipe,reinforcements,Purple,nuke,reinforcements
Black,snipe,reinforcements,Purple,nuke,speed
Black,snipe,reinforcements,Purple,nuke,wall
Black,snipe,reinforcements,Purple,firebomb,heal
Black,snipe,reinforcements,Purple,firebomb,reinforcements
Black,snipe,reinforcements,Purple,firebomb,speed
Black,snipe,reinforcements,Purple,firebomb,wall
Black,snipe,reinforcements,Purple,snipe,heal
Black,snipe,reinforcements,Purple,snipe,reinforcements
Black,snipe,reinforcements,Purple,snipe,speed
Black,snipe,reinforcements,Purple,snipe,wall
Black,snipe,reinforcements,Purple,freeze,heal
Black,snipe,reinforcements,Purple,freeze,reinforcements
Black,snipe,reinforcements,Purple,freeze,speed
Black,snipe,reinforcements,Purple,freeze,wall
Black,snipe,reinforcements,Red,nuke,heal
Black,snipe,reinforcements,Red,nuke,reinforcements
Black,snipe,reinforcements,Red,nuke,speed
Black,snipe,reinforcements,Red,nuke,wall
Black,snipe,reinforcements,Red,firebomb,heal
Black,snipe,reinforcements,Red,firebomb,reinforcements
Black,snipe,reinforcements,Red,firebomb,speed
Black,snipe,reinforcements,Red,firebomb,wall
Black,snipe,reinforcements,Red,snipe,heal
Black,snipe,reinforcements,Red,snipe,reinforcements
Black,snipe,reinforcements,Red,snipe,speed
Black,snipe,reinforcements,Red,snipe,wall
Black,snipe,reinforcements,Red,freeze,heal
Black,snipe,reinforcements,Red,freeze,reinforcements
Black,snipe,reinforcements,Red,freeze,speed
Black,snipe,reinforcements,Red,freeze,wall
Black,snipe,reinforcements,White,nuke,heal
Black,snipe,reinforcements,White,nuke,reinforcements
Black,snipe,reinforcements,White,nuke,speed
Black,snipe,reinforcements,White,nuke,wall
Black,snipe,reinforcements,White,firebomb,heal
Black,snipe,reinforcements,White,firebomb,reinforcements
Black,snipe,reinforcements,White,firebomb,speed
Black,snipe,reinforcements,White,firebomb,wall
Black,snipe,reinforcements,White,snipe,heal
Black,snipe,reinforcements,White,snipe,reinforcements
Black,snipe,reinforcements,White,snipe,speed
Black,snipe,reinforcements,White,snipe,wall
Black,snipe,reinforcements,White,freeze,heal
Black,snipe,reinforcements,White,freeze,reinforcements
Black,snipe,reinforcements,White,freeze,speed
Black,snipe,reinforcements,White,freeze,wall
Black,snipe,reinforcements,Yellow,nuke,heal
Black,snipe,reinforcements,Yellow,nuke,reinforcements
Black,snipe,reinforcements,Yellow,nuke,speed
Black,snipe,reinforcements,Yellow,nuke,wall
Black,snipe,reinforcements,Yellow,firebomb,heal
Black,snipe,reinforcements,Yellow,firebomb,reinforcements
Black,snipe,reinforcements,Yellow,firebomb,speed
Black,snipe,reinforcements,Yellow,firebomb,wall
Black,snipe,reinforcements,Yellow,snipe,heal
Black,snipe,reinforcements,Yellow,snipe,reinforcements
Black,snipe,reinforcements,Yellow,snipe,speed
Black,snipe,reinforcements,Yellow,snipe,wall
Black,snipe,reinforcements,Yellow,freeze,heal
Black,snipe,reinforcements,Yellow,freeze,reinforcements
Black,snipe,reinforcements,Yellow,freeze,speed
Black,snipe,reinforcements,Yellow,freeze,wall
Black,snipe,speed,Black,nuke,heal
Black,snipe,speed,Black,nuke,reinforcements
Black,snipe,speed,Black,nuke,speed
Black,snipe,speed,Black,nuke,wall
Black,snipe,speed,Black,firebomb,heal
Black,snipe,speed,Black,firebomb,reinforcements
Black,snipe,speed,Black,firebomb,speed
Black,snipe,speed,Black,firebomb,wall
Black,snipe,speed,Black,snipe,heal
Black,snipe,speed,Black,snipe,reinforcements
Black,snipe,speed,Black,snipe,speed
Black,snipe,speed,Black,snipe,wall
Black,snipe,speed,Black,freeze,heal
Black,snipe,speed,Black,freeze,reinforcements
Black,snipe,speed,Black,freeze,speed
Black,snipe,speed,Black,freeze,wall
Black,snipe,speed,Blue,nuke,heal
Black,snipe,speed,Blue,nuke,reinforcements
Black,snipe,speed,Blue,nuke,speed
Black,snipe,speed,Blue,nuke,wall
Black,snipe,speed,Blue,firebomb,heal
Black,snipe,speed,Blue,firebomb,reinforcements
Black,snipe,speed,Blue,firebomb,speed
Black,snipe,speed,Blue,firebomb,wall
Black,snipe,speed,Blue,snipe,heal
Black,snipe,speed,Blue,snipe,reinforcements
Black,snipe,speed,Blue,snipe,speed
Black,snipe,speed,Blue,snipe,wall
Black,snipe,speed,Blue,freeze,heal
Black,snipe,speed,Blue,freeze,reinforcements
Black,snipe,speed,Blue,freeze,speed
Black,snipe,speed,Blue,freeze,wall
Black,snipe,speed,Green,nuke,heal
Black,snipe,speed,Green,nuke,reinforcements
Black,snipe,speed,Green,nuke,speed
Black,snipe,speed,Green,nuke,wall
Black,snipe,speed,Green,firebomb,heal
Black,snipe,speed,Green,firebomb,reinforcements
Black,snipe,speed,Green,firebomb,speed
Black,snipe,speed,Green,firebomb,wall
Black,snipe,speed,Green,snipe,heal
Black,snipe,speed,Green,snipe,reinforcements
Black,snipe,speed,Green,snipe,speed
Black,snipe,speed,Green,snipe,wall
Black,snipe,speed,Green,freeze,heal
Black,snipe,speed,Green,freeze,reinforcements
Black,snipe,speed,Green,freeze,speed
Black,snipe,speed,Green,freeze,wall
Black,snipe,speed,Orange,nuke,heal
Black,snipe,speed,Orange,nuke,reinforcements
Black,snipe,speed,Orange,nuke,speed
Black,snipe,speed,Orange,nuke,wall
Black,snipe,speed,Orange,firebomb,heal
Black,snipe,speed,Orange,firebomb,reinforcements
Black,snipe,speed,Orange,firebomb,speed
Black,snipe,speed,Orange,firebomb,wall
Black,snipe,speed,Orange,snipe,heal
Black,snipe,speed,Orange,snipe,reinforcements
Black,snipe,speed,Orange,snipe,speed
Black,snipe,speed,Orange,snipe,wall
Black,snipe,speed,Orange,freeze,heal
Black,snipe,speed,Orange,freeze,reinforcements
Black,snipe,speed,Orange,freeze,speed
Black,snipe,speed,Orange,freeze,wall
Black,snipe,speed,Purple,nuke,heal
Black,snipe,speed,Purple,nuke,reinforcements
Black,snipe,speed,Purple,nuke,speed
Black,snipe,speed,Purple,nuke,wall
Black,snipe,speed,Purple,firebomb,heal
Black,snipe,speed,Purple,firebomb,reinforcements
Black,snipe,speed,Purple,firebomb,speed
Black,snipe,speed,Purple,firebomb,wall
Black,snipe,speed,Purple,snipe,heal
Black,snipe,speed,Purple,snipe,reinforcements
Black,snipe,speed,Purple,snipe,speed
Black,snipe,speed,Purple,snipe,wall
Black,snipe,speed,Purple,freeze,heal
Black,snipe,speed,Purple,freeze,reinforcements
Black,snipe,speed,Purple,freeze,speed
Black,snipe,speed,Purple,freeze,wall
Black,snipe,speed,Red,nuke,heal
Black,snipe,speed,Red,nuke,reinforcements
Black,snipe,speed,Red,nuke,speed
Black,snipe,speed,Red,nuke,wall
Black,snipe,speed,Red,firebomb,heal
Black,snipe,speed,Red,firebomb,reinforcements
Black,snipe,speed,Red,firebomb,speed
Black,snipe,speed,Red,firebomb,wall
Black,snipe,speed,Red,snipe,heal
Black,snipe,speed,Red,snipe,reinforcements
Black,snipe,speed,Red,snipe,speed
Black,snipe,speed,Red,snipe,wall
Black,snipe,speed,Red,freeze,heal
Black,snipe,speed,Red,freeze,reinforcements
Black,snipe,speed,Red,freeze,speed
Black,snipe,speed,Red,freeze,wall
Black,snipe,speed,White,nuke,heal
Black,snipe,speed,White,nuke,reinforcements
Black,snipe,speed,White,nuke,speed
Black,snipe,speed,White,nuke,wall
Black,snipe,speed,White,firebomb,heal
Black,snipe,speed,White,firebomb,reinforcements
Black,snipe,speed,White,firebomb,speed
Black,snipe,speed,White,firebomb,wall
Black,snipe,speed,White,snipe,heal
Black,snipe,speed,White,snipe,reinforcements
Black,snipe,speed,White,snipe,speed
Black,snipe,speed,White,snipe,wall
Black,snipe,speed,White,freeze,heal
Black,snipe,speed,White,freeze,reinforcements
Black,snipe,speed,White,freeze,speed
Black,snipe,speed,White,freeze,wall
Black,snipe,speed,Yellow,nuke,heal
Black,snipe,speed,Yellow,nuke,reinforcements
Black,snipe,speed,Yellow,nuke,speed
Black,snipe,speed,Yellow,nuke,wall
Black,snipe,speed,Yellow,firebomb,heal
Black,snipe,speed,Yellow,firebomb,reinforcements
Black,snipe,speed,Yellow,firebomb,speed
Black,snipe,speed,Yellow,firebomb,wall
Black,snipe,speed,Yellow,snipe,heal
Black,snipe,speed,Yellow,snipe,reinforcements
Black,snipe,speed,Yellow,snipe,speed
Black,snipe,speed,Yellow,snipe,wall
Black,snipe,speed,Yellow,freeze,heal
Black,snipe,speed,Yellow,freeze,reinforcements
Black,snipe,speed,Yellow,freeze,speed
Black,snipe,speed,Yellow,freeze,wall
Black,snipe,wall,Black,nuke,heal
Black,snipe,wall,Black,nuke,reinforcements
Black,snipe,wall,Black,nuke,speed
Black,snipe,wall,Black,nuke,wall
Black,snipe,wall,Black,firebomb,heal
Black,snipe,wall,Black,firebomb,reinforcements
Black,snipe,wall,Black,firebomb,speed
Black,snipe,wall,Black,firebomb,wall
Black,snipe,wall,Black,snipe,heal
Black,snipe,wall,Black,snipe,reinforcements
Black,snipe,wall,Black,snipe,speed
Black,snipe,wall,Black,snipe,wall
Black,snipe,wall,Black,freeze,heal
Black,snipe,wall,Black,freeze,reinforcements
Black,snipe,wall,Black,freeze,speed
Black,snipe,wall,Black,freeze,wall
Black,snipe,wall,Blue,nuke,heal
Black,snipe,wall,Blue,nuke,reinforcements
Black,snipe,wall,Blue,nuke,speed
Black,snipe,wall,Blue,nuke,wall
Black,snipe,wall,Blue,firebomb,heal
Black,snipe,wall,Blue,firebomb,reinforcements
Black,snipe,wall,Blue,firebomb,speed
Black,snipe,wall,Blue,firebomb,wall
Black,snipe,wall,Blue,snipe,heal
Black,snipe,wall,Blue,snipe,reinforcements
Black,snipe,wall,Blue,snipe,speed
Black,snipe,wall,Blue,snipe,wall
Black,snipe,wall,Blue,freeze,heal
Black,snipe,wall,Blue,freeze,reinforcements
Black,snipe,wall,Blue,freeze,speed
Black,snipe,wall,Blue,freeze,wall
Black,snipe,wall,Green,nuke,heal
Black,snipe,wall,Green,nuke,reinforcements
Black,snipe,wall,Green,nuke,speed
Black,snipe,wall,Green,nuke,wall
Black,snipe,wall,Green,firebomb,heal
Black,snipe,wall,Green,firebomb,reinforcements
Black,snipe,wall,Green,firebomb,speed
Black,snipe,wall,Green,firebomb,wall
Black,snipe,wall,Green,snipe,heal
Black,snipe,wall,Green,snipe,reinforcements
Black,snipe,wall,Green,snipe,speed
Black,snipe,wall,Green,snipe,wall
Black,snipe,wall,Green,freeze,heal
Black,snipe,wall,Green,freeze,reinforcements
Black,snipe,wall,Green,freeze,speed
Black,snipe,wall,Green,freeze,wall
Black,snipe,wall,Orange,nuke,heal
Black,snipe,wall,Orange,nuke,reinforcements
Black,snipe,wall,Orange,nuke,speed
Black,snipe,wall,Orange,nuke,wall
Black,snipe,wall,Orange,firebomb,heal
Black,snipe,wall,Orange,firebomb,reinforcements
Black,snipe,wall,Orange,firebomb,speed
Black,snipe,wall,Orange,firebomb,wall
Black,snipe,wall,Orange,snipe,heal
Black,snipe,wall,Orange,snipe,reinforcements
Black,snipe,wall,Orange,snipe,speed
Black,snipe,wall,Orange,snipe,wall
Black,snipe,wall,Orange,freeze,heal
Black,snipe,wall,Orange,freeze,reinforcements
Black,snipe,wall,Orange,freeze,speed
Black,snipe,wall,Orange,freeze,wall
Black,snipe,wall,Purple,nuke,heal
Black,snipe,wall,Purple,nuke,reinforcements
Black,snipe,wall,Purple,nuke,speed
Black,snipe,wall,Purple,nuke,wall
Black,snipe,wall,Purple,firebomb,heal
Black,snipe,wall,Purple,firebomb,reinforcements
Black,snipe,wall,Purple,firebomb,speed
Black,snipe,wall,Purple,firebomb,wall
Black,snipe,wall,Purple,snipe,heal
Black,snipe,wall,Purple,snipe,reinforcements
Black,snipe,wall,Purple,snipe,speed
Black,snipe,wall,Purple,snipe,wall
Black,snipe,wall,Purple,freeze,heal
Black,snipe,wall,Purple,freeze,reinforcements
Black,snipe,wall,Purple,freeze,speed
Black,snipe,wall,Purple,freeze,wall
Black,snipe,wall,Red,nuke,heal
Black,snipe,wall,Red,nuke,reinforcements
Black,snipe,wall,Red,nuke,speed
Black,snipe,wall,Red,nuke,wall
Black,snipe,wall,Red,firebomb,heal
Black,snipe,wall,Red,firebomb,reinforcements
Black,snipe,wall,Red,firebomb,speed
Black,snipe,wall,Red,firebomb,wall
Black,snipe,wall,Red,snipe,heal
Black,snipe,wall,Red,snipe,reinforcements
Black,snipe,wall,Red,snipe,speed
Black,snipe,wall,Red,snipe,wall
Black,snipe,wall,Red,freeze,heal
Black,snipe,wall,Red,freeze,reinforcements
Black,snipe,wall,Red,freeze,speed
Black,snipe,wall,Red,freeze,wall
Black,snipe,wall,White,nuke,heal
Black,snipe,wall,White,nuke,reinforcements
Black,snipe,wall,White,nuke,speed
Black,snipe,wall,White,nuke,wall
Black,snipe,wall,White,firebomb,heal
Black,snipe,wall,White,firebomb,reinforcements
Black,snipe,wall,White,firebomb,speed
Black,snipe,wall,White,firebomb,wall
Black,snipe,wall,White,snipe,heal
Black,snipe,wall,White,snipe,reinforcements
Black,snipe,wall,White,snipe,speed
Black,snipe,wall,White,snipe,wall
Black,snipe,wall,White,freeze,heal
Black,snipe,wall,White,freeze,reinforcements
Black,snipe,wall,White,freeze,speed
Black,snipe,wall,White,freeze,wall
Black,snipe,wall,Yellow,nuke,heal
Black,snipe,wall,Yellow,nuke,reinforcements
Black,snipe,wall,Yellow,nuke,speed
Black,snipe,wall,Yellow,nuke,wall
Black,snipe,wall,Yellow,firebomb,heal
Black,snipe,wall,Yellow,firebomb,reinforcements
Black,snipe,wall,Yellow,firebomb,speed
Black,snipe,wall,Yellow,firebomb,wall
Black,snipe,wall,Yellow,snipe,heal
Black,snipe,wall,Yellow,snipe,reinforcements
Black,snipe,wall,Yellow,snipe,speed
Black,snipe,wall,Yellow,snipe,wall
Black,snipe,wall,Yellow,freeze,heal
Black,snipe,wall,Yellow,freeze,reinforcements
Black,snipe,wall,Yellow,freeze,speed
Black,snipe,wall,Yellow,freeze,wall
Black,freeze,heal,Black,nuke,heal
Black,freeze,heal,Black,nuke,reinforcements
Black,freeze,heal,Black,nuke,speed
Black,freeze,heal,Black,nuke,wall
Black,freeze,heal,Black,firebomb,heal
Black,freeze,heal,Black,firebomb,reinforcements
Black,freeze,heal,Black,firebomb,speed
Black,freeze,heal,Black,firebomb,wall
Black,freeze,heal,Black,snipe,heal
Black,freeze,heal,Black,snipe,reinforcements
Black,freeze,heal,Black,snipe,speed
Black,freeze,heal,Black,snipe,wall
Black,freeze,heal,Black,freeze,heal
Black,freeze,heal,Black,freeze,reinforcements
Black,freeze,heal,Black,freeze,speed
Black,freeze,heal,Black,freeze,wall
Black,freeze,heal,Blue,nuke,heal
Black,freeze,heal,Blue,nuke,reinforcements
Black,freeze,heal,Blue,nuke,speed
Black,freeze,heal,Blue,nuke,wall
Black,freeze,heal,Blue,firebomb,heal
Black,freeze,heal,Blue,firebomb,reinforcements
Black,freeze,heal,Blue,firebomb,speed
Black,freeze,heal,Blue,firebomb,wall
Black,freeze,heal,Blue,snipe,heal
Black,freeze,heal,Blue,snipe,reinforcements
Black,freeze,heal,Blue,snipe,speed
Black,freeze,heal,Blue,snipe,wall
Black,freeze,heal,Blue,freeze,heal
Black,freeze,heal,Blue,freeze,reinforcements
Black,freeze,heal,Blue,freeze,speed
Black,freeze,heal,Blue,freeze,wall
Black,freeze,heal,Green,nuke,heal
Black,freeze,heal,Green,nuke,reinforcements
Black,freeze,heal,Green,nuke,speed
Black,freeze,heal,Green,nuke,wall
Black,freeze,heal,Green,firebomb,heal
Black,freeze,heal,Green,firebomb,reinforcements
Black,freeze,heal,Green,firebomb,speed
Black,freeze,heal,Green,firebomb,wall
Black,freeze,heal,Green,snipe,heal
Black,freeze,heal,Green,snipe,reinforcements
Black,freeze,heal,Green,snipe,speed
Black,freeze,heal,Green,snipe,wall
Black,freeze,heal,Green,freeze,heal
Black,freeze,heal,Green,freeze,reinforcements
Black,freeze,heal,Green,freeze,speed
Black,freeze,heal,Green,freeze,wall
Black,freeze,heal,Orange,nuke,heal
Black,freeze,heal,Orange,nuke,reinforcements
Black,freeze,heal,Orange,nuke,speed
Black,freeze,heal,Orange,nuke,wall
Black,freeze,heal,Orange,firebomb,heal
Black,freeze,heal,Orange,firebomb,reinforcements
Black,freeze,heal,Orange,firebomb,speed
Black,freeze,heal,Orange,firebomb,wall
Black,freeze,heal,Orange,snipe,heal
Black,freeze,heal,Orange,snipe,reinforcements
Black,freeze,heal,Orange,snipe,speed
Black,freeze,heal,Orange,snipe,wall
Black,freeze,heal,Orange,freeze,heal
Black,freeze,heal,Orange,freeze,reinforcements
Black,freeze,heal,Orange,freeze,speed
Black,freeze,heal,Orange,freeze,wall
Black,freeze,heal,Purple,nuke,heal
Black,freeze,heal,Purple,nuke,reinforcements
Black,freeze,heal,Purple,nuke,speed
Black,freeze,heal,Purple,nuke,wall
Black,freeze,heal,Purple,firebomb,heal
Black,freeze,heal,Purple,firebomb,reinforcements
Black,freeze,heal,Purple,firebomb,speed
Black,freeze,heal,Purple,firebomb,wall
Black,freeze,heal,Purple,snipe,heal
Black,freeze,heal,Purple,snipe,reinforcements
Black,freeze,heal,Purple,snipe,speed
Black,freeze,heal,Purple,snipe,wall
Black,freeze,heal,Purple,freeze,heal
Black,freeze,heal,Purple,freeze,reinforcements
Black,freeze,heal,Purple,freeze,speed
Black,freeze,heal,Purple,freeze,wall
Black,freeze,heal,Red,nuke,heal
Black,freeze,heal,Red,nuke,reinforcements
Black,freeze,heal,Red,nuke,speed
Black,freeze,heal,Red,nuke,wall
Black,freeze,heal,Red,firebomb,heal
Black,freeze,heal,Red,firebomb,reinforcements
Black,freeze,heal,Red,firebomb,speed
Black,freeze,heal,Red,firebomb,wall
Black,freeze,heal,Red,snipe,heal
Black,freeze,heal,Red,snipe,reinforcements
Black,freeze,heal,Red,snipe,speed
Black,freeze,heal,Red,snipe,wall
Black,freeze,heal,Red,freeze,heal
Black,freeze,heal,Red,freeze,reinforcements
Black,freeze,heal,Red,freeze,speed
Black,freeze,heal,Red,freeze,wall
Black,freeze,heal,White,nuke,heal
Black,freeze,heal,White,nuke,reinforcements
Black,freeze,heal,White,nuke,speed
Black,freeze,heal,White,nuke,wall
Black,freeze,heal,White,firebomb,heal
Black,freeze,heal,White,firebomb,reinforcements
Black,freeze,heal,White,firebomb,speed
Black,freeze,heal,White,firebomb,wall
Black,freeze,heal,White,snipe,heal
Black,freeze,heal,White,snipe,reinforcements
Black,freeze,heal,White,snipe,speed
Black,freeze,heal,White,snipe,wall
Black,freeze,heal,White,freeze,heal
Black,freeze,heal,White,freeze,reinforcements
Black,freeze,heal,White,freeze,speed
Black,freeze,heal,White,freeze,wall
Black,freeze,heal,Yellow,nuke,heal
Black,freeze,heal,Yellow,nuke,reinforcements
Black,freeze,heal,Yellow,nuke,speed
Black,freeze,heal,Yellow,nuke,wall
Black,freeze,heal,Yellow,firebomb,heal
Black,freeze,heal,Yellow,firebomb,reinforcements
Black,freeze,heal,Yellow,firebomb,speed
Black,freeze,heal,Yellow,firebomb,wall
Black,freeze,heal,Yellow,snipe,heal
Black,freeze,heal,Yellow,snipe,reinforcements
Black,freeze,heal,Yellow,snipe,speed
Black,freeze,heal,Yellow,snipe,wall
Black,freeze,heal,Yellow,freeze,heal
Black,freeze,heal,Yellow,freeze,reinforcements
Black,freeze,heal,Yellow,freeze,speed
Black,freeze,heal,Yellow,freeze,wall
Black,freeze,reinforcements,Black,nuke,heal
Black,freeze,reinforcements,Black,nuke,reinforcements
Black,freeze,reinforcements,Black,nuke,speed
Black,freeze,reinforcements,Black,nuke,wall
Black,freeze,reinforcements,Black,firebomb,heal
Black,freeze,reinforcements,Black,firebomb,reinforcements
Black,freeze,reinforcements,Black,firebomb,speed
Black,freeze,reinforcements,Black,firebomb,wall
Black,freeze,reinforcements,Black,snipe,heal
Black,freeze,reinforcements,Black,snipe,reinforcements
Black,freeze,reinforcements,Black,snipe,speed
Black,freeze,reinforcements,Black,snipe,wall
Black,freeze,reinforcements,Black,freeze,heal
Black,freeze,reinforcements,Black,freeze,reinforcements
Black,freeze,reinforcements,Black,freeze,speed
Black,freeze,reinforcements,Black,freeze,wall
Black,freeze,reinforcements,Blue,nuke,heal
Black,freeze,reinforcements,Blue,nuke,reinforcements
Black,freeze,reinforcements,Blue,nuke,speed
Black,freeze,reinforcements,Blue,nuke,wall
Black,freeze,reinforcements,Blue,firebomb,heal
Black,freeze,reinforcements,Blue,firebomb,reinforcements
Black,freeze,reinforcements,Blue,firebomb,speed
Black,freeze,reinforcements,Blue,firebomb,wall
Black,freeze,reinforcements,Blue,snipe,heal
Black,freeze,reinforcements,Blue,snipe,reinforcements
Black,freeze,reinforcements,Blue,snipe,speed
Black,freeze,reinforcements,Blue,snipe,wall
Black,freeze,reinforcements,Blue,freeze,heal
Black,freeze,reinforcements,Blue,freeze,reinforcements
Black,freeze,reinforcements,Blue,freeze,speed
Black,freeze,reinforcements,Blue,freeze,wall
Black,freeze,reinforcements,Green,nuke,heal
Black,freeze,reinforcements,Green,nuke,reinforcements
Black,freeze,reinforcements,Green,nuke,speed
Black,freeze,reinforcements,Green,nuke,wall
Black,freeze,reinforcements,Green,firebomb,heal
Black,freeze,reinforcements,Green,firebomb,reinforcements
Black,freeze,reinforcements,Green,firebomb,speed
Black,freeze,reinforcements,Green,firebomb,wall
Black,freeze,reinforcements,Green,snipe,heal
Black,freeze,reinforcements,Green,snipe,reinforcements
Black,freeze,reinforcements,Green,snipe,speed
Black,freeze,reinforcements,Green,snipe,wall
Black,freeze,reinforcements,Green,freeze,heal
Black,freeze,reinforcements,Green,freeze,reinforcements
Black,freeze,reinforcements,Green,freeze,speed
Black,freeze,reinforcements,Green,freeze,wall
Black,freeze,reinforcements,Orange,nuke,heal
Black,freeze,reinforcements,Orange,nuke,reinforcements
Black,freeze,reinforcements,Orange,nuke,speed
Black,freeze,reinforcements,Orange,nuke,wall
Black,freeze,reinforcements,Orange,firebomb,heal
Black,freeze,reinforcements,Orange,firebomb,reinforcements
Black,freeze,reinforcements,Orange,firebomb,speed
Black,freeze,reinforcements,Orange,firebomb,wall
Black,freeze,reinforcements,Orange,snipe,heal
Black,freeze,reinforcements,Orange,snipe,reinforcements
Black,freeze,reinforcements,Orange,snipe,speed
Black,freeze,reinforcements,Orange,snipe,wall
Black,freeze,reinforcements,Orange,freeze,heal
Black,freeze,reinforcements,Orange,freeze,reinforcements
Black,freeze,reinforcements,Orange,freeze,speed
Black,freeze,reinforcements,Orange,freeze,wall
Black,freeze,reinforcements,Purple,nuke,heal
Black,freeze,reinforcements,Purple,nuke,reinforcements
Black,freeze,reinforcements,Purple,nuke,speed
Black,freeze,reinforcements,Purple,nuke,wall
Black,freeze,reinforcements,Purple,firebomb,heal
Black,freeze,reinforcements,Purple,firebomb,reinforcements
Black,freeze,reinforcements,Purple,firebomb,speed
Black,freeze,reinforcements,Purple,firebomb,wall
Black,freeze,reinforcements,Purple,snipe,heal
Black,freeze,reinforcements,Purple,snipe,reinforcements
Black,freeze,reinforcements,Purple,snipe,speed
Black,freeze,reinforcements,Purple,snipe,wall
Black,freeze,reinforcements,Purple,freeze,heal
Black,freeze,reinforcements,Purple,freeze,reinforcements
Black,freeze,reinforcements,Purple,freeze,speed
Black,freeze,reinforcements,Purple,freeze,wall
Black,freeze,reinforcements,Red,nuke,heal
Black,freeze,reinforcements,Red,nuke,reinforcements
Black,freeze,reinforcements,Red,nuke,speed
Black,freeze,reinforcements,Red,nuke,wall
Black,freeze,reinforcements,Red,firebomb,heal
Black,freeze,reinforcements,Red,firebomb,reinforcements
Black,freeze,reinforcements,Red,firebomb,speed
Black,freeze,reinforcements,Red,firebomb,wall
Black,freeze,reinforcements,Red,snipe,heal
Black,freeze,reinforcements,Red,snipe,reinforcements
Black,freeze,reinforcements,Red,snipe,speed
Black,freeze,reinforcements,Red,snipe,wall
Black,freeze,reinforcements,Red,freeze,heal
Black,freeze,reinforcements,Red,freeze,reinforcements
Black,freeze,reinforcements,Red,freeze,speed
Black,freeze,reinforcements,Red,freeze,wall
Black,freeze,reinforcements,White,nuke,heal
Black,freeze,reinforcements,White,nuke,reinforcements
Black,freeze,reinforcements,White,nuke,speed
Black,freeze,reinforcements,White,nuke,wall
Black,freeze,reinforcements,White,firebomb,heal
Black,freeze,reinforcements,White,firebomb,reinforcements
Black,freeze,reinforcements,White,firebomb,speed
Black,freeze,reinforcements,White,firebomb,wall
Black,freeze,reinforcements,White,snipe,heal
Black,freeze,reinforcements,White,snipe,reinforcements
Black,freeze,reinforcements,White,snipe,speed
Black,freeze,reinforcements,White,snipe,wall
Black,freeze,reinforcements,White,freeze,heal
Black,freeze,reinforcements,White,freeze,reinforcements
Black,freeze,reinforcements,White,freeze,speed
Black,freeze,reinforcements,White,freeze,wall
Black,freeze,reinforcements,Yellow,nuke,heal
Black,freeze,reinforcements,Yellow,nuke,reinforcements
Black,freeze,reinforcements,Yellow,nuke,speed
Black,freeze,reinforcements,Yellow,nuke,wall
Black,freeze,reinforcements,Yellow,firebomb,heal
Black,freeze,reinforcements,Yellow,firebomb,reinforcements
Black,freeze,reinforcements,Yellow,firebomb,speed
Black,freeze,reinforcements,Yellow,firebomb,wall
Black,freeze,reinforcements,Yellow,snipe,heal
Black,freeze,reinforcements,Yellow,snipe,reinforcements
Black,freeze,reinforcements,Yellow,snipe,speed
Black,freeze,reinforcements,Yellow,snipe,wall
Black,freeze,reinforcements,Yellow,freeze,heal
Black,freeze,reinforcements,Yellow,freeze,reinforcements
Black,freeze,reinforcements,Yellow,freeze,speed
Black,freeze,reinforcements,Yellow,freeze,wall
Black,freeze,speed,Black,nuke,heal
Black,freeze,speed,Black,nuke,reinforcements
Black,freeze,speed,Black,nuke,speed
Black,freeze,speed,Black,nuke,wall
Black,freeze,speed,Black,firebomb,heal
Black,freeze,speed,Black,firebomb,reinforcements
Black,freeze,speed,Black,firebomb,speed
Black,freeze,speed,Black,firebomb,wall
Black,freeze,speed,Black,snipe,heal
Black,freeze,speed,Black,snipe,reinforcements
Black,freeze,speed,Black,snipe,speed
Black,freeze,speed,Black,snipe,wall
Black,freeze,speed,Black,freeze,heal
Black,freeze,speed,Black,freeze,reinforcements
Black,freeze,speed,Black,freeze,speed
Black,freeze,speed,Black,freeze,wall
Black,freeze,speed,Blue,nuke,heal
Black,freeze,speed,Blue,nuke,reinforcements
Black,freeze,speed,Blue,nuke,speed
Black,freeze,speed,Blue,nuke,wall
Black,freeze,speed,Blue,firebomb,heal
Black,freeze,speed,Blue,firebomb,reinforcements
Black,freeze,speed,Blue,firebomb,speed
Black,freeze,speed,Blue,firebomb,wall
Black,freeze,speed,Blue,snipe,heal
Black,freeze,speed,Blue,snipe,reinforcements
Black,freeze,speed,Blue,snipe,speed
Black,freeze,speed,Blue,snipe,wall
Black,freeze,speed,Blue,freeze,heal
Black,freeze,speed,Blue,freeze,reinforcements
Black,freeze,speed,Blue,freeze,speed
Black,freeze,speed,Blue,freeze,wall
Black,freeze,speed,Green,nuke,heal
Black,freeze,speed,Green,nuke,reinforcements
Black,freeze,speed,Green,nuke,speed
Black,freeze,speed,Green,nuke,wall
Black,freeze,speed,Green,firebomb,heal
Black,freeze,speed,Green,firebomb,reinforcements
Black,freeze,speed,Green,firebomb,speed
Black,freeze,speed,Green,firebomb,wall
Black,freeze,speed,Green,snipe,heal
Black,freeze,speed,Green,snipe,reinforcements
Black,freeze,speed,Green,snipe,speed
Black,freeze,speed,Green,snipe,wall
Black,freeze,speed,Green,freeze,heal
Black,freeze,speed,Green,freeze,reinforcements
Black,freeze,speed,Green,freeze,speed
Black,freeze,speed,Green,freeze,wall
Black,freeze,speed,Orange,nuke,heal
Black,freeze,speed,Orange,nuke,reinforcements
Black,freeze,speed,Orange,nuke,speed
Black,freeze,speed,Orange,nuke,wall
Black,freeze,speed,Orange,firebomb,heal
Black,freeze,speed,Orange,firebomb,reinforcements
Black,freeze,speed,Orange,firebomb,speed
Black,freeze,speed,Orange,firebomb,wall
Black,freeze,speed,Orange,snipe,heal
Black,freeze,speed,Orange,snipe,reinforcements
Black,freeze,speed,Orange,snipe,speed
Black,freeze,speed,Orange,snipe,wall
Black,freeze,speed,Orange,freeze,heal
Black,freeze,speed,Orange,freeze,reinforcements
Black,freeze,speed,Orange,freeze,speed
Black,freeze,speed,Orange,freeze,wall
Black,freeze,speed,Purple,nuke,heal
Black,freeze,speed,Purple,nuke,reinforcements
Black,freeze,speed,Purple,nuke,speed
Black,freeze,speed,Purple,nuke,wall
Black,freeze,speed,Purple,firebomb,heal
Black,freeze,speed,Purple,firebomb,reinforcements
Black,freeze,speed,Purple,firebomb,speed
Black,freeze,speed,Purple,firebomb,wall
Black,freeze,speed,Purple,snipe,heal
Black,freeze,speed,Purple,snipe,reinforcements
Black,freeze,speed,Purple,snipe,speed
Black,freeze,speed,Purple,snipe,wall
Black,freeze,speed,Purple,freeze,heal
Black,freeze,speed,Purple,freeze,reinforcements
Black,freeze,speed,Purple,freeze,speed
Black,freeze,speed,Purple,freeze,wall
Black,freeze,speed,Red,nuke,heal
Black,freeze,speed,Red,nuke,reinforcements
Black,freeze,speed,Red,nuke,speed
Black,freeze,speed,Red,nuke,wall
Black,freeze,speed,Red,firebomb,heal
Black,freeze,speed,Red,firebomb,reinforcements
Black,freeze,speed,Red,firebomb,speed
Black,freeze,speed,Red,firebomb,wall
Black,freeze,speed,Red,snipe,heal
Black,freeze,speed,Red,snipe,reinforcements
Black,freeze,speed,Red,snipe,speed
Black,freeze,speed,Red,snipe,wall
Black,freeze,speed,Red,freeze,heal
Black,freeze,speed,Red,freeze,reinforcements
Black,freeze,speed,Red,freeze,speed
Black,freeze,speed,Red,freeze,wall
Black,freeze,speed,White,nuke,heal
Black,freeze,speed,White,nuke,reinforcements
Black,freeze,speed,White,nuke,speed
Black,freeze,speed,White,nuke,wall
Black,freeze,speed,White,firebomb,heal
Black,freeze,speed,White,firebomb,reinforcements
Black,freeze,speed,White,firebomb,speed
Black,freeze,speed,White,firebomb,wall
Black,freeze,speed,White,snipe,heal
Black,freeze,speed,White,snipe,reinforcements
Black,freeze,speed,White,snipe,speed
Black,freeze,speed,White,snipe,wall
Black,freeze,speed,White,freeze,heal
Black,freeze,speed,White,freeze,reinforcements
Black,freeze,speed,White,freeze,speed
Black,freeze,speed,White,freeze,wall
Black,freeze,speed,Yellow,nuke,heal
Black,freeze,speed,Yellow,nuke,reinforcements
Black,freeze,speed,Yellow,nuke,speed
Black,freeze,speed,Yellow,nuke,wall
Black,freeze,speed,Yellow,firebomb,heal
Black,freeze,speed,Yellow,firebomb,reinforcements
Black,freeze,speed,Yellow,firebomb,speed
Black,freeze,speed,Yellow,firebomb,wall
Black,freeze,speed,Yellow,snipe,heal
Black,freeze,speed,Yellow,snipe,reinforcements
Black,freeze,speed,Yellow,snipe,speed
Black,freeze,speed,Yellow,snipe,wall
Black,freeze,speed,Yellow,freeze,heal
Black,freeze,speed,Yellow,freeze,reinforcements
Black,freeze,speed,Yellow,freeze,speed
Black,freeze,speed,Yellow,freeze,wall
Black,freeze,wall,Black,nuke,heal
Black,freeze,wall,Black,nuke,reinforcements
Black,freeze,wall,Black,nuke,speed
Black,freeze,wall,Black,nuke,wall
Black,freeze,wall,Black,firebomb,heal
Black,freeze,wall,Black,firebomb,reinforcements
Black,freeze,wall,Black,firebomb,speed
Black,freeze,wall,Black,firebomb,wall
Black,freeze,wall,Black,snipe,heal
Black,freeze,wall,Black,snipe,reinforcements
Black,freeze,wall,Black,snipe,speed
Black,freeze,wall,Black,snipe,wall
Black,freeze,wall,Black,freeze,heal
Black,freeze,wall,Black,freeze,reinforcements
Black,freeze,wall,Black,freeze,speed
Black,freeze,wall,Black,freeze,wall
Black,freeze,wall,Blue,nuke,heal
Black,freeze,wall,Blue,nuke,reinforcements
Black,freeze,wall,Blue,nuke,speed
Black,freeze,wall,Blue,nuke,wall
Black,freeze,wall,Blue,firebomb,heal
Black,freeze,wall,Blue,firebomb,reinforcements
Black,freeze,wall,Blue,firebomb,speed
Black,freeze,wall,Blue,firebomb,wall
Black,freeze,wall,Blue,snipe,heal
Black,freeze,wall,Blue,snipe,reinforcements
Black,freeze,wall,Blue,snipe,speed
Black,freeze,wall,Blue,snipe,wall
Black,freeze,wall,Blue,freeze,heal
Black,freeze,wall,Blue,freeze,reinforcements
Black,freeze,wall,Blue,freeze,speed
Black,freeze,wall,Blue,freeze,wall
Black,freeze,wall,Green,nuke,heal
Black,freeze,wall,Green,nuke,reinforcements
Black,freeze,wall,Green,nuke,speed
Black,freeze,wall,Green,nuke,wall
Black,freeze,wall,Green,firebomb,heal
Black,freeze,wall,Green,firebomb,reinforcements
Black,freeze,wall,Green,firebomb,speed
Black,freeze,wall,Green,firebomb,wall
Black,freeze,wall,Green,snipe,heal
Black,freeze,wall,Green,snipe,reinforcements
Black,freeze,wall,Green,snipe,speed
Black,freeze,wall,Green,snipe,wall
Black,freeze,wall,Green,freeze,heal
Black,freeze,wall,Green,freeze,reinforcements
Black,freeze,wall,Green,freeze,speed
Black,freeze,wall,Green,freeze,wall
Black,freeze,wall,Orange,nuke,heal
Black,freeze,wall,Orange,nuke,reinforcements
Black,freeze,wall,Orange,nuke,speed
Black,freeze,wall,Orange,nuke,wall
Black,freeze,wall,Orange,firebomb,heal
Black,freeze,wall,Orange,firebomb,reinforcements
Black,freeze,wall,Orange,firebomb,speed
Black,freeze,wall,Orange,firebomb,wall
Black,freeze,wall,Orange,snipe,heal
Black,freeze,wall,Orange,snipe,reinforcements
Black,freeze,wall,Orange,snipe,speed
Black,freeze,wall,Orange,snipe,wall
Black,freeze,wall,Orange,freeze,heal
Black,freeze,wall,Orange,freeze,reinforcements
Black,freeze,wall,Orange,freeze,speed
Black,freeze,wall,Orange,freeze,wall
Black,freeze,wall,Purple,nuke,heal
Black,freeze,wall,Purple,nuke,reinforcements
Black,freeze,wall,Purple,nuke,speed
Black,freeze,wall,Purple,nuke,wall
Black,freeze,wall,Purple,firebomb,heal
Black,freeze,wall,Purple,firebomb,reinforcements
Black,freeze,wall,Purple,firebomb,speed
Black,freeze,wall,Purple,firebomb,wall
Black,freeze,wall,Purple,snipe,heal
Black,freeze,wall,Purple,snipe,reinforcements
Black,freeze,wall,Purple,snipe,speed
Black,freeze,wall,Purple,snipe,wall
Black,freeze,wall,Purple,freeze,heal
Black,freeze,wall,Purple,freeze,reinforcements
Black,freeze,wall,Purple,freeze,speed
Black,freeze,wall,Purple,freeze,wall
Black,freeze,wall,Red,nuke,heal
Black,freeze,wall,Red,nuke,reinforcements
Black,freeze,wall,Red,nuke,speed
Black,freeze,wall,Red,nuke,wall
Black,freeze,wall,Red,firebomb,heal
Black,freeze,wall,Red,firebomb,reinforcements
Black,freeze,wall,Red,firebomb,speed
Black,freeze,wall,Red,firebomb,wall
Black,freeze,wall,Red,snipe,heal
Black,freeze,wall,Red,snipe,reinforcements
Black,freeze,wall,Red,snipe,speed
Black,freeze,wall,Red,snipe,wall
Black,freeze,wall,Red,freeze,heal
Black,freeze,wall,Red,freeze,reinforcements
Black,freeze,wall,Red,freeze,speed
Black,freeze,wall,Red,freeze,wall
Black,freeze,wall,White,nuke,heal
Black,freeze,wall,White,nuke,reinforcements
Black,freeze,wall,White,nuke,speed
Black,freeze,wall,White,nuke,wall
Black,freeze,wall,White,firebomb,heal
Black,freeze,wall,White,firebomb,reinforcements
Black,freeze,wall,White,firebomb,speed
Black,freeze,wall,White,firebomb,wall
Black,freeze,wall,White,snipe,heal
Black,freeze,wall,White,snipe,reinforcements
Black,freeze,wall,White,snipe,speed
Black,freeze,wall,White,snipe,wall
Black,freeze,wall,White,freeze,heal
Black,freeze,wall,White,freeze,reinforcements
Black,freeze,wall,White,freeze,speed
Black,freeze,wall,White,freeze,wall
Black,freeze,wall,Yellow,nuke,heal
Black,freeze,wall,Yellow,nuke,reinforcements
Black,freeze,wall,Yellow,nuke,speed
Black,freeze,wall,Yellow,nuke,wall
Black,freeze,wall,Yellow,firebomb,heal
Black,freeze,wall,Yellow,firebomb,reinforcements
Black,freeze,wall,Yellow,firebomb,speed
Black,freeze,wall,Yellow,firebomb,wall
Black,freeze,wall,Yellow,snipe,heal
Black,freeze,wall,Yellow,snipe,reinforcements
Black,freeze,wall,Yellow,snipe,speed
Black,freeze,wall,Yellow,snipe,wall
Black,freeze,wall,Yellow,freeze,heal
Black,freeze,wall,Yellow,freeze,reinforcements
Black,freeze,wall,Yellow,freeze,speed
Black,freeze,wall,Yellow,freeze,wall
Blue,nuke,heal,Black,nuke,heal
Blue,nuke,heal,Black,nuke,reinforcements
Blue,nuke,heal,Black,nuke,speed
Blue,nuke,heal,Black,nuke,wall
Blue,nuke,heal,Black,firebomb,heal
Blue,nuke,heal,Black,firebomb,reinforcements
Blue,nuke,heal,Black,firebomb,speed
Blue,nuke,heal,Black,firebomb,wall
Blue,nuke,heal,Black,snipe,heal
Blue,nuke,heal,Black,snipe,reinforcements
Blue,nuke,heal,Black,snipe,speed
Blue,nuke,heal,Black,snipe,wall
Blue,nuke,heal,Black,freeze,heal
Blue,nuke,heal,Black,freeze,reinforcements
Blue,nuke,heal,Black,freeze,speed
Blue,nuke,heal,Black,freeze,wall
Blue,nuke,heal,Blue,nuke,heal
Blue,nuke,heal,Blue,nuke,reinforcements
Blue,nuke,heal,Blue,nuke,speed
Blue,nuke,heal,Blue,nuke,wall
Blue,nuke,heal,Blue,firebomb,heal
Blue,nuke,heal,Blue,firebomb,reinforcements
Blue,nuke,heal,Blue,firebomb,speed
Blue,nuke,heal,Blue,firebomb,wall
Blue,nuke,heal,Blue,snipe,heal
Blue,nuke,heal,Blue,snipe,reinforcements
Blue,nuke,heal,Blue,snipe,speed
Blue,nuke,heal,Blue,snipe,wall
Blue,nuke,heal,Blue,freeze,heal
Blue,nuke,heal,Blue,freeze,reinforcements
Blue,nuke,heal,Blue,freeze,speed
Blue,nuke,heal,Blue,freeze,wall
Blue,nuke,heal,Green,nuke,heal
Blue,nuke,heal,Green,nuke,reinforcements
Blue,nuke,heal,Green,nuke,speed
Blue,nuke,heal,Green,nuke,wall
Blue,nuke,heal,Green,firebomb,heal
Blue,nuke,heal,Green,firebomb,reinforcements
Blue,nuke,heal,Green,firebomb,speed
Blue,nuke,heal,Green,firebomb,wall
Blue,nuke,heal,Green,snipe,heal
Blue,nuke,heal,Green,snipe,reinforcements
Blue,nuke,heal,Green,snipe,speed
Blue,nuke,heal,Green,snipe,wall
Blue,nuke,heal,Green,freeze,heal
Blue,nuke,heal,Green,freeze,reinforcements
Blue,nuke,heal,Green,freeze,speed
Blue,nuke,heal,Green,freeze,wall
Blue,nuke,heal,Orange,nuke,heal
Blue,nuke,heal,Orange,nuke,reinforcements
Blue,nuke,heal,Orange,nuke,speed
Blue,nuke,heal,Orange,nuke,wall
Blue,nuke,heal,Orange,firebomb,heal
Blue,nuke,heal,Orange,firebomb,reinforcements
Blue,nuke,heal,Orange,firebomb,speed
Blue,nuke,heal,Orange,firebomb,wall
Blue,nuke,heal,Orange,snipe,heal
Blue,nuke,heal,Orange,snipe,reinforcements
Blue,nuke,heal,Orange,snipe,speed
Blue,nuke,heal,Orange,snipe,wall
Blue,nuke,heal,Orange,freeze,heal
Blue,nuke,heal,Orange,freeze,reinforcements
Blue,nuke,heal,Orange,freeze,speed
Blue,nuke,heal,Orange,freeze,wall
Blue,nuke,heal,Purple,nuke,heal
Blue,nuke,heal,Purple,nuke,reinforcements
Blue,nuke,heal,Purple,nuke,speed
Blue,nuke,heal,Purple,nuke,wall
Blue,nuke,heal,Purple,firebomb,heal
Blue,nuke,heal,Purple,firebomb,reinforcements
Blue,nuke,heal,Purple,firebomb,speed
Blue,nuke,heal,Purple,firebomb,wall
Blue,nuke,heal,Purple,snipe,heal
Blue,nuke,heal,Purple,snipe,reinforcements
Blue,nuke,heal,Purple,snipe,speed
Blue,nuke,heal,Purple,snipe,wall
Blue,nuke,heal,Purple,freeze,heal
Blue,nuke,heal,Purple,freeze,reinforcements
Blue,nuke,heal,Purple,freeze,speed
Blue,nuke,heal,Purple,freeze,wall
Blue,nuke,heal,Red,nuke,heal
Blue,nuke,heal,Red,nuke,reinforcements
Blue,nuke,heal,Red,nuke,speed
Blue,nuke,heal,Red,nuke,wall
Blue,nuke,heal,Red,firebomb,heal
Blue,nuke,heal,Red,firebomb,reinforcements
Blue,nuke,heal,Red,firebomb,speed
Blue,nuke,heal,Red,firebomb,wall
Blue,nuke,heal,Red,snipe,heal
Blue,nuke,heal,Red,snipe,reinforcements
Blue,nuke,heal,Red,snipe,speed
Blue,nuke,heal,Red,snipe,wall
Blue,nuke,heal,Red,freeze,heal
Blue,nuke,heal,Red,freeze,reinforcements
Blue,nuke,heal,Red,freeze,speed
Blue,nuke,heal,Red,freeze,wall
Blue,nuke,heal,White,nuke,heal
Blue,nuke,heal,White,nuke,reinforcements
Blue,nuke,heal,White,nuke,speed
Blue,nuke,heal,White,nuke,wall
Blue,nuke,heal,White,firebomb,heal
Blue,nuke,heal,White,firebomb,reinforcements
Blue,nuke,heal,White,firebomb,speed
Blue,nuke,heal,White,firebomb,wall
Blue,nuke,heal,White,snipe,heal
Blue,nuke,heal,White,snipe,reinforcements
Blue,nuke,heal,White,snipe,speed
Blue,nuke,heal,White,snipe,wall
Blue,nuke,heal,White,freeze,heal
Blue,nuke,heal,White,freeze,reinforcements
Blue,nuke,heal,White,freeze,speed
Blue,nuke,heal,White,freeze,wall
Blue,nuke,heal,Yellow,nuke,heal
Blue,nuke,heal,Yellow,nuke,reinforcements
Blue,nuke,heal,Yellow,nuke,speed
Blue,nuke,heal,Yellow,nuke,wall
Blue,nuke,heal,Yellow,firebomb,heal
Blue,nuke,heal,Yellow,firebomb,reinforcements
Blue,nuke,heal,Yellow,firebomb,speed
Blue,nuke,heal,Yellow,firebomb,wall
Blue,nuke,heal,Yellow,snipe,heal
Blue,nuke,heal,Yellow,snipe,reinforcements
Blue,nuke,heal,Yellow,snipe,speed
Blue,nuke,heal,Yellow,snipe,wall
Blue,nuke,heal,Yellow,freeze,heal
Blue,nuke,heal,Yellow,freeze,reinforcements
Blue,nuke,heal,Yellow,freeze,speed
Blue,nuke,heal,Yellow,freeze,wall
Blue,nuke,reinforcements,Black,nuke,heal
Blue,nuke,reinforcements,Black,nuke,reinforcements
Blue,nuke,reinforcements,Black,nuke,speed
Blue,nuke,reinforcements,Black,nuke,wall
Blue,nuke,reinforcements,Black,firebomb,heal
Blue,nuke,reinforcements,Black,firebomb,reinforcements
Blue,nuke,reinforcements,Black,firebomb,speed
Blue,nuke,reinforcements,Black,firebomb,wall
Blue,nuke,reinforcements,Black,snipe,heal
Blue,nuke,reinforcements,Black,snipe,reinforcements
Blue,nuke,reinforcements,Black,snipe,speed
Blue,nuke,reinforcements,Black,snipe,wall
Blue,nuke,reinforcements,Black,freeze,heal
Blue,nuke,reinforcements,Black,freeze,reinforcements
Blue,nuke,reinforcements,Black,freeze,speed
Blue,nuke,reinforcements,Black,freeze,wall
Blue,nuke,reinforcements,Blue,nuke,heal
Blue,nuke,reinforcements,Blue,nuke,reinforcements
Blue,nuke,reinforcements,Blue,nuke,speed
Blue,nuke,reinforcements,Blue,nuke,wall
Blue,nuke,reinforcements,Blue,firebomb,heal
Blue,nuke,reinforcements,Blue,firebomb,reinforcements
Blue,nuke,reinforcements,Blue,firebomb,speed
Blue,nuke,reinforcements,Blue,firebomb,wall
Blue,nuke,reinforcements,Blue,snipe,heal
Blue,nuke,reinforcements,Blue,snipe,reinforcements
Blue,nuke,reinforcements,Blue,snipe,speed
Blue,nuke,reinforcements,Blue,snipe,wall
Blue,nuke,reinforcements,Blue,freeze,heal
Blue,nuke,reinforcements,Blue,freeze,reinforcements
Blue,nuke,reinforcements,Blue,freeze,speed
Blue,nuke,reinforcements,Blue,freeze,wall
Blue,nuke,reinforcements,Green,nuke,heal
Blue,nuke,reinforcements,Green,nuke,reinforcements
Blue,nuke,reinforcements,Green,nuke,speed
Blue,nuke,reinforcements,Green,nuke,wall
Blue,nuke,reinforcements,Green,firebomb,heal
Blue,nuke,reinforcements,Green,firebomb,reinforcements
Blue,nuke,reinforcements,Green,firebomb,speed
Blue,nuke,reinforcements,Green,firebomb,wall
Blue,nuke,reinforcements,Green,snipe,heal
Blue,nuke,reinforcements,Green,snipe,reinforcements
Blue,nuke,reinforcements,Green,snipe,speed
Blue,nuke,reinforcements,Green,snipe,wall
Blue,nuke,reinforcements,Green,freeze,heal
Blue,nuke,reinforcements,Green,freeze,reinforcements
Blue,nuke,reinforcements,Green,freeze,speed
Blue,nuke,reinforcements,Green,freeze,wall
Blue,nuke,reinforcements,Orange,nuke,heal
Blue,nuke,reinforcements,Orange,nuke,reinforcements
Blue,nuke,reinforcements,Orange,nuke,speed
Blue,nuke,reinforcements,Orange,nuke,wall
Blue,nuke,reinforcements,Orange,firebomb,heal
Blue,nuke,reinforcements,Orange,firebomb,reinforcements
Blue,nuke,reinforcements,Orange,firebomb,speed
Blue,nuke,reinforcements,Orange,firebomb,wall
Blue,nuke,reinforcements,Orange,snipe,heal
Blue,nuke,reinforcements,Orange,snipe,reinforcements
Blue,nuke,reinforcements,Orange,snipe,speed
Blue,nuke,reinforcements,Orange,snipe,wall
Blue,nuke,reinforcements,Orange,freeze,heal
Blue,nuke,reinforcements,Orange,freeze,reinforcements
Blue,nuke,reinforcements,Orange,freeze,speed
Blue,nuke,reinforcements,Orange,freeze,wall
Blue,nuke,reinforcements,Purple,nuke,heal
Blue,nuke,reinforcements,Purple,nuke,reinforcements
Blue,nuke,reinforcements,Purple,nuke,speed
Blue,nuke,reinforcements,Purple,nuke,wall
Blue,nuke,reinforcements,Purple,firebomb,heal
Blue,nuke,reinforcements,Purple,firebomb,reinforcements
Blue,nuke,reinforcements,Purple,firebomb,speed
Blue,nuke,reinforcements,Purple,firebomb,wall
Blue,nuke,reinforcements,Purple,snipe,heal
Blue,nuke,reinforcements,Purple,snipe,reinforcements
Blue,nuke,reinforcements,Purple,snipe,speed
Blue,nuke,reinforcements,Purple,snipe,wall
Blue,nuke,reinforcements,Purple,freeze,heal
Blue,nuke,reinforcements,Purple,freeze,reinforcements
Blue,nuke,reinforcements,Purple,freeze,speed
Blue,nuke,reinforcements,Purple,freeze,wall
Blue,nuke,reinforcements,Red,nuke,heal
Blue,nuke,reinforcements,Red,nuke,reinforcements
Blue,nuke,reinforcements,Red,nuke,speed
Blue,nuke,reinforcements,Red,nuke,wall
Blue,nuke,reinforcements,Red,firebomb,heal
Blue,nuke,reinforcements,Red,firebomb,reinforcements
Blue,nuke,reinforcements,Red,firebomb,speed
Blue,nuke,reinforcements,Red,firebomb,wall
Blue,nuke,reinforcements,Red,snipe,heal
Blue,nuke,reinforcements,Red,snipe,reinforcements
Blue,nuke,reinforcements,Red,snipe,speed
Blue,nuke,reinforcements,Red,snipe,wall
Blue,nuke,reinforcements,Red,freeze,heal
Blue,nuke,reinforcements,Red,freeze,reinforcements
Blue,nuke,reinforcements,Red,freeze,speed
Blue,nuke,reinforcements,Red,freeze,wall
Blue,nuke,reinforcements,White,nuke,heal
Blue,nuke,reinforcements,White,nuke,reinforcements
Blue,nuke,reinforcements,White,nuke,speed
Blue,nuke,reinforcements,White,nuke,wall
Blue,nuke,reinforcements,White,firebomb,heal
Blue,nuke,reinforcements,White,firebomb,reinforcements
Blue,nuke,reinforcements,White,firebomb,speed
Blue,nuke,reinforcements,White,firebomb,wall
Blue,nuke,reinforcements,White,snipe,heal
Blue,nuke,reinforcements,White,snipe,reinforcements
Blue,nuke,reinforcements,White,snipe,speed
Blue,nuke,reinforcements,White,snipe,wall
Blue,nuke,reinforcements,White,freeze,heal
Blue,nuke,reinforcements,White,freeze,reinforcements
Blue,nuke,reinforcements,White,freeze,speed
Blue,nuke,reinforcements,White,freeze,wall
Blue,nuke,reinforcements,Yellow,nuke,heal
Blue,nuke,reinforcements,Yellow,nuke,reinforcements
Blue,nuke,reinforcements,Yellow,nuke,speed
Blue,nuke,reinforcements,Yellow,nuke,wall
Blue,nuke,reinforcements,Yellow,firebomb,heal
Blue,nuke,reinforcements,Yellow,firebomb,reinforcements
Blue,nuke,reinforcements,Yellow,firebomb,speed
Blue,nuke,reinforcements,Yellow,firebomb,wall
Blue,nuke,reinforcements,Yellow,snipe,heal
Blue,nuke,reinforcements,Yellow,snipe,reinforcements
Blue,nuke,reinforcements,Yellow,snipe,speed
Blue,nuke,reinforcements,Yellow,snipe,wall
Blue,nuke,reinforcements,Yellow,freeze,heal
Blue,nuke,reinforcements,Yellow,freeze,reinforcements
Blue,nuke,reinforcements,Yellow,freeze,speed
Blue,nuke,reinforcements,Yellow,freeze,wall
Blue,nuke,speed,Black,nuke,heal
Blue,nuke,speed,Black,nuke,reinforcements
Blue,nuke,speed,Black,nuke,speed
Blue,nuke,speed,Black,nuke,wall
Blue,nuke,speed,Black,firebomb,heal
Blue,nuke,speed,Black,firebomb,reinforcements
Blue,nuke,speed,Black,firebomb,speed
Blue,nuke,speed,Black,firebomb,wall
Blue,nuke,speed,Black,snipe,heal
Blue,nuke,speed,Black,snipe,reinforcements
Blue,nuke,speed,Black,snipe,speed
Blue,nuke,speed,Black,snipe,wall
Blue,nuke,speed,Black,freeze,heal
Blue,nuke,speed,Black,freeze,reinforcements
Blue,nuke,speed,Black,freeze,speed
Blue,nuke,speed,Black,freeze,wall
Blue,nuke,speed,Blue,nuke,heal
Blue,nuke,speed,Blue,nuke,reinforcements
Blue,nuke,speed,Blue,nuke,speed
Blue,nuke,speed,Blue,nuke,wall
Blue,nuke,speed,Blue,firebomb,heal
Blue,nuke,speed,Blue,firebomb,reinforcements
Blue,nuke,speed,Blue,firebomb,speed
Blue,nuke,speed,Blue,firebomb,wall
Blue,nuke,speed,Blue,snipe,heal
Blue,nuke,speed,Blue,snipe,reinforcements
Blue,nuke,speed,Blue,snipe,speed
Blue,nuke,speed,Blue,snipe,wall
Blue,nuke,speed,Blue,freeze,heal
Blue,nuke,speed,Blue,freeze,reinforcements
Blue,nuke,speed,Blue,freeze,speed
Blue,nuke,speed,Blue,freeze,wall
Blue,nuke,speed,Green,nuke,heal
Blue,nuke,speed,Green,nuke,reinforcements
Blue,nuke,speed,Green,nuke,speed
Blue,nuke,speed,Green,nuke,wall
Blue,nuke,speed,Green,firebomb,heal
Blue,nuke,speed,Green,firebomb,reinforcements
Blue,nuke,speed,Green,firebomb,speed
Blue,nuke,speed,Green,firebomb,wall
Blue,nuke,speed,Green,snipe,heal
Blue,nuke,speed,Green,snipe,reinforcements
Blue,nuke,speed,Green,snipe,speed
Blue,nuke,speed,Green,snipe,wall
Blue,nuke,speed,Green,freeze,heal
Blue,nuke,speed,Green,freeze,reinforcements
Blue,nuke,speed,Green,freeze,speed
Blue,nuke,speed,Green,freeze,wall
Blue,nuke,speed,Orange,nuke,heal
Blue,nuke,speed,Orange,nuke,reinforcements
Blue,nuke,speed,Orange,nuke,speed
Blue,nuke,speed,Orange,nuke,wall
Blue,nuke,speed,Orange,firebomb,heal
Blue,nuke,speed,Orange,firebomb,reinforcements
Blue,nuke,speed,Orange,firebomb,speed
Blue,nuke,speed,Orange,firebomb,wall
Blue,nuke,speed,Orange,snipe,heal
Blue,nuke,speed,Orange,snipe,reinforcements
Blue,nuke,speed,Orange,snipe,speed
Blue,nuke,speed,Orange,snipe,wall
Blue,nuke,speed,Orange,freeze,heal
Blue,nuke,speed,Orange,freeze,reinforcements
Blue,nuke,speed,Orange,freeze,speed
Blue,nuke,speed,Orange,freeze,wall
Blue,nuke,speed,Purple,nuke,heal
Blue,nuke,speed,Purple,nuke,reinforcements
Blue,nuke,speed,Purple,nuke,speed
Blue,nuke,speed,Purple,nuke,wall
Blue,nuke,speed,Purple,firebomb,heal
Blue,nuke,speed,Purple,firebomb,reinforcements
Blue,nuke,speed,Purple,firebomb,speed
Blue,nuke,speed,Purple,firebomb,wall
Blue,nuke,speed,Purple,snipe,heal
Blue,nuke,speed,Purple,snipe,reinforcements
Blue,nuke,speed,Purple,snipe,speed
Blue,nuke,speed,Purple,snipe,wall
Blue,nuke,speed,Purple,freeze,heal
Blue,nuke,speed,Purple,freeze,reinforcements
Blue,nuke,speed,Purple,freeze,speed
Blue,nuke,speed,Purple,freeze,wall
Blue,nuke,speed,Red,nuke,heal
Blue,nuke,speed,Red,nuke,reinforcements
Blue,nuke,speed,Red,nuke,speed
Blue,nuke,speed,Red,nuke,wall
Blue,nuke,speed,Red,firebomb,heal
Blue,nuke,speed,Red,firebomb,reinforcements
Blue,nuke,speed,Red,firebomb,speed
Blue,nuke,speed,Red,firebomb,wall
Blue,nuke,speed,Red,snipe,heal
Blue,nuke,speed,Red,snipe,reinforcements
Blue,nuke,speed,Red,snipe,speed
Blue,nuke,speed,Red,snipe,wall
Blue,nuke,speed,Red,freeze,heal
Blue,nuke,speed,Red,freeze,reinforcements
Blue,nuke,speed,Red,freeze,speed
Blue,nuke,speed,Red,freeze,wall
Blue,nuke,speed,White,nuke,heal
Blue,nuke,speed,White,nuke,reinforcements
Blue,nuke,speed,White,nuke,speed
Blue,nuke,speed,White,nuke,wall
Blue,nuke,speed,White,firebomb,heal
Blue,nuke,speed,White,firebomb,reinforcements
Blue,nuke,speed,White,firebomb,speed
Blue,nuke,speed,White,firebomb,wall
Blue,nuke,speed,White,snipe,heal
Blue,nuke,speed,White,snipe,reinforcements
Blue,nuke,speed,White,snipe,speed
Blue,nuke,speed,White,snipe,wall
Blue,nuke,speed,White,freeze,heal
Blue,nuke,speed,White,freeze,reinforcements
Blue,nuke,speed,White,freeze,speed
Blue,nuke,speed,White,freeze,wall
Blue,nuke,speed,Yellow,nuke,heal
Blue,nuke,speed,Yellow,nuke,reinforcements
Blue,nuke,speed,Yellow,nuke,speed
Blue,nuke,speed,Yellow,nuke,wall
Blue,nuke,speed,Yellow,firebomb,heal
Blue,nuke,speed,Yellow,firebomb,reinforcements
Blue,nuke,speed,Yellow,firebomb,speed
Blue,nuke,speed,Yellow,firebomb,wall
Blue,nuke,speed,Yellow,snipe,heal
Blue,nuke,speed,Yellow,snipe,reinforcements
Blue,nuke,speed,Yellow,snipe,speed
Blue,nuke,speed,Yellow,snipe,wall
Blue,nuke,speed,Yellow,freeze,heal
Blue,nuke,speed,Yellow,freeze,reinforcements
Blue,nuke,speed,Yellow,freeze,speed
Blue,nuke,speed,Yellow,freeze,wall
Blue,nuke,wall,Black,nuke,heal
Blue,nuke,wall,Black,nuke,reinforcements
Blue,nuke,wall,Black,nuke,speed
Blue,nuke,wall,Black,nuke,wall
Blue,nuke,wall,Black,firebomb,heal
Blue,nuke,wall,Black,firebomb,reinforcements
Blue,nuke,wall,Black,firebomb,speed
Blue,nuke,wall,Black,firebomb,wall
Blue,nuke,wall,Black,snipe,heal
Blue,nuke,wall,Black,snipe,reinforcements
Blue,nuke,wall,Black,snipe,speed
Blue,nuke,wall,Black,snipe,wall
Blue,nuke,wall,Black,freeze,heal
Blue,nuke,wall,Black,freeze,reinforcements
Blue,nuke,wall,Black,freeze,speed
Blue,nuke,wall,Black,freeze,wall
Blue,nuke,wall,Blue,nuke,heal
Blue,nuke,wall,Blue,nuke,reinforcements
Blue,nuke,wall,Blue,nuke,speed
Blue,nuke,wall,Blue,nuke,wall
Blue,nuke,wall,Blue,firebomb,heal
Blue,nuke,wall,Blue,firebomb,reinforcements
Blue,nuke,wall,Blue,firebomb,speed
Blue,nuke,wall,Blue,firebomb,wall
Blue,nuke,wall,Blue,snipe,heal
Blue,nuke,wall,Blue,snipe,reinforcements
Blue,nuke,wall,Blue,snipe,speed
Blue,nuke,wall,Blue,snipe,wall
Blue,nuke,wall,Blue,freeze,heal
Blue,nuke,wall,Blue,freeze,reinforcements
Blue,nuke,wall,Blue,freeze,speed
Blue,nuke,wall,Blue,freeze,wall
Blue,nuke,wall,Green,nuke,heal
Blue,nuke,wall,Green,nuke,reinforcements
Blue,nuke,wall,Green,nuke,speed
Blue,nuke,wall,Green,nuke,wall
Blue,nuke,wall,Green,firebomb,heal
Blue,nuke,wall,Green,firebomb,reinforcements
Blue,nuke,wall,Green,firebomb,speed
Blue,nuke,wall,Green,firebomb,wall
Blue,nuke,wall,Green,snipe,heal
Blue,nuke,wall,Green,snipe,reinforcements
Blue,nuke,wall,Green,snipe,speed
Blue,nuke,wall,Green,snipe,wall
Blue,nuke,wall,Green,freeze,heal
Blue,nuke,wall,Green,freeze,reinforcements
Blue,nuke,wall,Green,freeze,speed
Blue,nuke,wall,Green,freeze,wall
Blue,nuke,wall,Orange,nuke,heal
Blue,nuke,wall,Orange,nuke,reinforcements
Blue,nuke,wall,Orange,nuke,speed
Blue,nuke,wall,Orange,nuke,wall
Blue,nuke,wall,Orange,firebomb,heal
Blue,nuke,wall,Orange,firebomb,reinforcements
Blue,nuke,wall,Orange,firebomb,speed
Blue,nuke,wall,Orange,firebomb,wall
Blue,nuke,wall,Orange,snipe,heal
Blue,nuke,wall,Orange,snipe,reinforcements
Blue,nuke,wall,Orange,snipe,speed
Blue,nuke,wall,Orange,snipe,wall
Blue,nuke,wall,Orange,freeze,heal
Blue,nuke,wall,Orange,freeze,reinforcements
Blue,nuke,wall,Orange,freeze,speed
Blue,nuke,wall,Orange,freeze,wall
Blue,nuke,wall,Purple,nuke,heal
Blue,nuke,wall,Purple,nuke,reinforcements
Blue,nuke,wall,Purple,nuke,speed
Blue,nuke,wall,Purple,nuke,wall
Blue,nuke,wall,Purple,firebomb,heal
Blue,nuke,wall,Purple,firebomb,reinforcements
Blue,nuke,wall,Purple,firebomb,speed
Blue,nuke,wall,Purple,firebomb,wall
Blue,nuke,wall,Purple,snipe,heal
Blue,nuke,wall,Purple,snipe,reinforcements
Blue,nuke,wall,Purple,snipe,speed
Blue,nuke,wall,Purple,snipe,wall
Blue,nuke,wall,Purple,freeze,heal
Blue,nuke,wall,Purple,freeze,reinforcements
Blue,nuke,wall,Purple,freeze,speed
Blue,nuke,wall,Purple,freeze,wall
Blue,nuke,wall,Red,nuke,heal
Blue,nuke,wall,Red,nuke,reinforcements
Blue,nuke,wall,Red,nuke,speed
Blue,nuke,wall,Red,nuke,wall
Blue,nuke,wall,Red,firebomb,heal
Blue,nuke,wall,Red,firebomb,reinforcements
Blue,nuke,wall,Red,firebomb,speed
Blue,nuke,wall,Red,firebomb,wall
Blue,nuke,wall,Red,snipe,heal
Blue,nuke,wall,Red,snipe,reinforcements
Blue,nuke,wall,Red,snipe,speed
Blue,nuke,wall,Red,snipe,wall
Blue,nuke,wall,Red,freeze,heal
Blue,nuke,wall,Red,freeze,reinforcements
Blue,nuke,wall,Red,freeze,speed
Blue,nuke,wall,Red,freeze,wall
Blue,nuke,wall,White,nuke,heal
Blue,nuke,wall,White,nuke,reinforcements
Blue,nuke,wall,White,nuke,speed
Blue,nuke,wall,White,nuke,wall
Blue,nuke,wall,White,firebomb,heal
Blue,nuke,wall,White,firebomb,reinforcements
Blue,nuke,wall,White,firebomb,speed
Blue,nuke,wall,White,firebomb,wall
Blue,nuke,wall,White,snipe,heal
Blue,nuke,wall,White,snipe,reinforcements
Blue,nuke,wall,White,snipe,speed
Blue,nuke,wall,White,snipe,wall
Blue,nuke,wall,White,freeze,heal
Blue,nuke,wall,White,freeze,reinforcements
Blue,nuke,wall,White,freeze,speed
Blue,nuke,wall,White,freeze,wall
Blue,nuke,wall,Yellow,nuke,heal
Blue,nuke,wall,Yellow,nuke,reinforcements
Blue,nuke,wall,Yellow,nuke,speed
Blue,nuke,wall,Yellow,nuke,wall
Blue,nuke,wall,Yellow,firebomb,heal
Blue,nuke,wall,Yellow,firebomb,reinforcements
Blue,nuke,wall,Yellow,firebomb,speed
Blue,nuke,wall,Yellow,firebomb,wall
Blue,nuke,wall,Yellow,snipe,heal
Blue,nuke,wall,Yellow,snipe,reinforcements
Blue,nuke,wall,Yellow,snipe,speed
Blue,nuke,wall,Yellow,snipe,wall
Blue,nuke,wall,Yellow,freeze,heal
Blue,nuke,wall,Yellow,freeze,reinforcements
Blue,nuke,wall,Yellow,freeze,speed
Blue,nuke,wall,Yellow,freeze,wall
Blue,firebomb,heal,Black,nuke,heal
Blue,firebomb,heal,Black,nuke,reinforcements
Blue,firebomb,heal,Black,nuke,speed
Blue,firebomb,heal,Black,nuke,wall
Blue,firebomb,heal,Black,firebomb,heal
Blue,firebomb,heal,Black,firebomb,reinforcements
Blue,firebomb,heal,Black,firebomb,speed
Blue,firebomb,heal,Black,firebomb,wall
Blue,firebomb,heal,Black,snipe,heal
Blue,firebomb,heal,Black,snipe,reinforcements
Blue,firebomb,heal,Black,snipe,speed
Blue,firebomb,heal,Black,snipe,wall
Blue,firebomb,heal,Black,freeze,heal
Blue,firebomb,heal,Black,freeze,reinforcements
Blue,firebomb,heal,Black,freeze,speed
Blue,firebomb,heal,Black,freeze,wall
Blue,firebomb,heal,Blue,nuke,heal
Blue,firebomb,heal,Blue,nuke,reinforcements
Blue,firebomb,heal,Blue,nuke,speed
Blue,firebomb,heal,Blue,nuke,wall
Blue,firebomb,heal,Blue,firebomb,heal
Blue,firebomb,heal,Blue,firebomb,reinforcements
Blue,firebomb,heal,Blue,firebomb,speed
Blue,firebomb,heal,Blue,firebomb,wall
Blue,firebomb,heal,Blue,snipe,heal
Blue,firebomb,heal,Blue,snipe,reinforcements
Blue,firebomb,heal,Blue,snipe,speed
Blue,firebomb,heal,Blue,snipe,wall
Blue,firebomb,heal,Blue,freeze,heal
Blue,firebomb,heal,Blue,freeze,reinforcements
Blue,firebomb,heal,Blue,freeze,speed
Blue,firebomb,heal,Blue,freeze,wall
Blue,firebomb,heal,Green,nuke,heal
Blue,firebomb,heal,Green,nuke,reinforcements
Blue,firebomb,heal,Green,nuke,speed
Blue,firebomb,heal,Green,nuke,wall
Blue,firebomb,heal,Green,firebomb,heal
Blue,firebomb,heal,Green,firebomb,reinforcements
Blue,firebomb,heal,Green,firebomb,speed
Blue,firebomb,heal,Green,firebomb,wall
Blue,firebomb,heal,Green,snipe,heal
Blue,firebomb,heal,Green,snipe,reinforcements
Blue,firebomb,heal,Green,snipe,speed
Blue,firebomb,heal,Green,snipe,wall
Blue,firebomb,heal,Green,freeze,heal
Blue,firebomb,heal,Green,freeze,reinforcements
Blue,firebomb,heal,Green,freeze,speed
Blue,firebomb,heal,Green,freeze,wall
Blue,firebomb,heal,Orange,nuke,heal
Blue,firebomb,heal,Orange,nuke,reinforcements
Blue,firebomb,heal,Orange,nuke,speed
Blue,firebomb,heal,Orange,nuke,wall
Blue,firebomb,heal,Orange,firebomb,heal
Blue,firebomb,heal,Orange,firebomb,reinforcements
Blue,firebomb,heal,Orange,firebomb,speed
Blue,firebomb,heal,Orange,firebomb,wall
Blue,firebomb,heal,Orange,snipe,heal
Blue,firebomb,heal,Orange,snipe,reinforcements
Blue,firebomb,heal,Orange,snipe,speed
Blue,firebomb,heal,Orange,snipe,wall
Blue,firebomb,heal,Orange,freeze,heal
Blue,firebomb,heal,Orange,freeze,reinforcements
Blue,firebomb,heal,Orange,freeze,speed
Blue,firebomb,heal,Orange,freeze,wall
Blue,firebomb,heal,Purple,nuke,heal
Blue,firebomb,heal,Purple,nuke,reinforcements
Blue,firebomb,heal,Purple,nuke,speed
Blue,firebomb,heal,Purple,nuke,wall
Blue,firebomb,heal,Purple,firebomb,heal
Blue,firebomb,heal,Purple,firebomb,reinforcements
Blue,firebomb,heal,Purple,firebomb,speed
Blue,firebomb,heal,Purple,firebomb,wall
Blue,firebomb,heal,Purple,snipe,heal
Blue,firebomb,heal,Purple,snipe,reinforcements
Blue,firebomb,heal,Purple,snipe,speed
Blue,firebomb,heal,Purple,snipe,wall
Blue,firebomb,heal,Purple,freeze,heal
Blue,firebomb,heal,Purple,freeze,reinforcements
Blue,firebomb,heal,Purple,freeze,speed
Blue,firebomb,heal,Purple,freeze,wall
Blue,firebomb,heal,Red,nuke,heal
Blue,firebomb,heal,Red,nuke,reinforcements
Blue,firebomb,heal,Red,nuke,speed
Blue,firebomb,heal,Red,nuke,wall
Blue,firebomb,heal,Red,firebomb,heal
Blue,firebomb,heal,Red,firebomb,reinforcements
Blue,firebomb,heal,Red,firebomb,speed
Blue,firebomb,heal,Red,firebomb,wall
Blue,firebomb,heal,Red,snipe,heal
Blue,firebomb,heal,Red,snipe,reinforcements
Blue,firebomb,heal,Red,snipe,speed
Blue,firebomb,heal,Red,snipe,wall
Blue,firebomb,heal,Red,freeze,heal
Blue,firebomb,heal,Red,freeze,reinforcements
Blue,firebomb,heal,Red,freeze,speed
Blue,firebomb,heal,Red,freeze,wall
Blue,firebomb,heal,White,nuke,heal
Blue,firebomb,heal,White,nuke,reinforcements
Blue,firebomb,heal,White,nuke,speed
Blue,firebomb,heal,White,nuke,wall
Blue,firebomb,heal,White,firebomb,heal
Blue,firebomb,heal,White,firebomb,reinforcements
Blue,firebomb,heal,White,firebomb,speed
Blue,firebomb,heal,White,firebomb,wall
Blue,firebomb,heal,White,snipe,heal
Blue,firebomb,heal,White,snipe,reinforcements
Blue,firebomb,heal,White,snipe,speed
Blue,firebomb,heal,White,snipe,wall
Blue,firebomb,heal,White,freeze,heal
Blue,firebomb,heal,White,freeze,reinforcements
Blue,firebomb,heal,White,freeze,speed
Blue,firebomb,heal,White,freeze,wall
Blue,firebomb,heal,Yellow,nuke,heal
Blue,firebomb,heal,Yellow,nuke,reinforcements
Blue,firebomb,heal,Yellow,nuke,speed
Blue,firebomb,heal,Yellow,nuke,wall
Blue,firebomb,heal,Yellow,firebomb,heal
Blue,firebomb,heal,Yellow,firebomb,reinforcements
Blue,firebomb,heal,Yellow,firebomb,speed
Blue,firebomb,heal,Yellow,firebomb,wall
Blue,firebomb,heal,Yellow,snipe,heal
Blue,firebomb,heal,Yellow,snipe,reinforcements
Blue,firebomb,heal,Yellow,snipe,speed
Blue,firebomb,heal,Yellow,snipe,wall
Blue,firebomb,heal,Yellow,freeze,heal
Blue,firebomb,heal,Yellow,freeze,reinforcements
Blue,firebomb,heal,Yellow,freeze,speed
Blue,firebomb,heal,Yellow,freeze,wall
Blue,firebomb,reinforcements,Black,nuke,heal
Blue,firebomb,reinforcements,Black,nuke,reinforcements
Blue,firebomb,reinforcements,Black,nuke,speed
Blue,firebomb,reinforcements,Black,nuke,wall
Blue,firebomb,reinforcements,Black,firebomb,heal
Blue,firebomb,reinforcements,Black,firebomb,reinforcements
Blue,firebomb,reinforcements,Black,firebomb,speed
Blue,firebomb,reinforcements,Black,firebomb,wall
Blue,firebomb,reinforcements,Black,snipe,heal
Blue,firebomb,reinforcements,Black,snipe,reinforcements
Blue,firebomb,reinforcements,Black,snipe,speed
Blue,firebomb,reinforcements,Black,snipe,wall
Blue,firebomb,reinforcements,Black,freeze,heal
Blue,firebomb,reinforcements,Black,freeze,reinforcements
Blue,firebomb,reinforcements,Black,freeze,speed
Blue,firebomb,reinforcements,Black,freeze,wall
Blue,firebomb,reinforcements,Blue,nuke,heal
Blue,firebomb,reinforcements,Blue,nuke,reinforcements
Blue,firebomb,reinforcements,Blue,nuke,speed
Blue,firebomb,reinforcements,Blue,nuke,wall
Blue,firebomb,reinforcements,Blue,firebomb,heal
Blue,firebomb,reinforcements,Blue,firebomb,reinforcements
Blue,firebomb,reinforcements,Blue,firebomb,speed
Blue,firebomb,reinforcements,Blue,firebomb,wall
Blue,firebomb,reinforcements,Blue,snipe,heal
Blue,firebomb,reinforcements,Blue,snipe,reinforcements
Blue,firebomb,reinforcements,Blue,snipe,speed
Blue,firebomb,reinforcements,Blue,snipe,wall
Blue,firebomb,reinforcements,Blue,freeze,heal
Blue,firebomb,reinforcements,Blue,freeze,reinforcements
Blue,firebomb,reinforcements,Blue,freeze,speed
Blue,firebomb,reinforcements,Blue,freeze,wall
Blue,firebomb,reinforcements,Green,nuke,heal
Blue,firebomb,reinforcements,Green,nuke,reinforcements
Blue,firebomb,reinforcements,Green,nuke,speed
Blue,firebomb,reinforcements,Green,nuke,wall
Blue,firebomb,reinforcements,Green,firebomb,heal
Blue,firebomb,reinforcements,Green,firebomb,reinforcements
Blue,firebomb,reinforcements,Green,firebomb,speed
Blue,firebomb,reinforcements,Green,firebomb,wall
Blue,firebomb,reinforcements,Green,snipe,heal
Blue,firebomb,reinforcements,Green,snipe,reinforcements
Blue,firebomb,reinforcements,Green,snipe,speed
