attacker_team,tier,attacker_unit,force_size,escort_tier,escort_unit,blocker_team,blocker_unit,interval_ticks,attacker_seat,outcome,ticks,seconds,beyond_game_limit,blockers_spawned,blockers_lost,blocker_spend,peak_blockers,spend_at_force_death,escorts_spawned,attacker_spend,force_spend,big_units_alive,force_died_tick,deepest_progress,first_castle_hit_tick
Black,5,evilbirdo,0,4,evilnom,Black,evilminnow,0,1,castle_destroyed,762,25.40,False,0,0,0,0,0,26,650,0,0,-1,0.0000,132
Black,5,evilbirdo,0,4,evilnom,Black,evilminnow,1,1,survived_horizon,36000,1200.00,True,36000,35823,72000,185,0,1200,30000,0,0,-1,0.0000,-1
Black,5,evilbirdo,0,4,evilnom,Black,evilminnow,2,1,survived_horizon,36000,1200.00,True,18000,17993,36000,42,0,1200,30000,0,0,-1,0.0000,-1
Black,5,evilbirdo,0,4,evilnom,Black,evilminnow,3,1,castle_destroyed,15580,519.33,False,5194,5190,10388,28,0,520,13000,0,0,-1,0.0000,589
Black,5,evilbirdo,0,4,evilnom,Black,evilminnow,5,1,castle_destroyed,3680,122.67,False,736,734,1472,17,0,123,3075,0,0,-1,0.0000,324
Black,5,evilbirdo,0,4,evilnom,Black,evilminnow,10,1,castle_destroyed,1376,45.87,False,138,137,276,8,0,46,1150,0,0,-1,0.0000,174
Black,5,evilbirdo,0,4,evilnom,Black,evilminnow,15,1,castle_destroyed,1004,33.47,False,67,67,134,6,0,34,850,0,0,-1,0.0000,144
Black,5,evilbirdo,0,4,evilnom,Black,evilminnow,20,1,castle_destroyed,864,28.80,False,44,43,88,4,0,29,725,0,0,-1,0.0000,144
Black,5,evilbirdo,0,4,evilnom,Black,evilminnow,30,1,castle_destroyed,782,26.07,False,27,26,54,3,0,27,675,0,0,-1,0.0000,143
Black,5,evilbirdo,0,4,evilnom,Black,evilminnow,45,1,castle_destroyed,770,25.67,False,18,17,36,2,0,26,650,0,0,-1,0.0000,136
Black,5,evilbirdo,0,4,evilnom,Black,evilminnow,60,1,castle_destroyed,767,25.57,False,13,13,26,2,0,26,650,0,0,-1,0.0000,141
Black,5,evilbirdo,0,4,evilnom,Black,evilminnow,90,1,castle_destroyed,765,25.50,False,9,9,18,1,0,26,650,0,0,-1,0.0000,135
Black,5,evilbirdo,0,4,evilnom,Black,evilminnow,120,1,castle_destroyed,765,25.50,False,7,7,14,1,0,26,650,0,0,-1,0.0000,140
Black,5,evilbirdo,1,0,-,Black,evilminnow,0,1,castle_destroyed,5620,187.33,False,0,0,0,0,0,0,64,64,1,-1,1.0000,132
Black,5,evilbirdo,1,0,-,Black,evilminnow,1,1,force_destroyed,120,4.00,False,120,18,240,102,240,0,64,64,0,120,0.6000,-1
Black,5,evilbirdo,1,0,-,Black,evilminnow,2,1,force_destroyed,150,5.00,False,75,25,150,50,150,0,64,64,0,150,0.6000,-1
Black,5,evilbirdo,1,0,-,Black,evilminnow,3,1,force_destroyed,183,6.10,False,61,29,122,32,122,0,64,64,0,183,0.6288,-1
Black,5,evilbirdo,1,0,-,Black,evilminnow,5,1,force_destroyed,238,7.93,False,48,29,96,19,96,0,64,64,0,238,0.6800,-1
Black,5,evilbirdo,1,0,-,Black,evilminnow,10,1,force_destroyed,383,12.77,False,39,37,78,9,78,0,64,64,0,383,1.0000,-1
Black,5,evilbirdo,1,0,-,Black,evilminnow,15,1,force_destroyed,453,15.10,False,31,29,62,6,62,0,64,64,0,453,1.0000,-1
Black,5,evilbirdo,1,0,-,Black,evilminnow,20,1,force_destroyed,705,23.50,False,36,35,72,4,72,0,64,64,0,705,1.0000,368
Black,5,evilbirdo,1,0,-,Black,evilminnow,30,1,force_destroyed,1091,36.37,False,37,36,74,3,74,0,64,64,0,1091,1.0000,160
Black,5,evilbirdo,1,0,-,Black,evilminnow,45,1,force_destroyed,1683,56.10,False,38,37,76,2,76,0,64,64,0,1683,1.0000,136
Black,5,evilbirdo,1,0,-,Black,evilminnow,60,1,force_destroyed,1931,64.37,False,33,32,66,2,66,0,64,64,0,1931,1.0000,150
Black,5,evilbirdo,1,0,-,Black,evilminnow,90,1,force_destroyed,3071,102.37,False,35,35,70,1,70,0,64,64,0,3071,1.0000,136
Black,5,evilbirdo,1,0,-,Black,evilminnow,120,1,force_destroyed,4811,160.37,False,41,40,82,1,82,0,64,64,0,4811,1.0000,149
Black,5,evilbirdo,1,4,evilnom,Black,evilminnow,0,1,castle_destroyed,725,24.17,False,0,0,0,0,0,25,689,64,1,-1,1.0000,132
Black,5,evilbirdo,1,4,evilnom,Black,evilminnow,1,1,force_destroyed,206,6.87,False,140,109,280,91,280,5,189,64,0,140,0.6000,-1
Black,5,evilbirdo,1,4,evilnom,Black,evilminnow,2,1,castle_destroyed,2653,88.43,False,114,114,228,42,228,8,264,64,0,228,0.7118,315
Black,5,evilbirdo,1,4,evilnom,Black,evilminnow,3,1,castle_destroyed,1749,58.30,False,91,91,182,28,182,10,314,64,0,272,0.8294,324
Black,5,evilbirdo,1,4,evilnom,Black,evilminnow,5,1,castle_destroyed,1255,41.83,False,73,73,146,17,146,13,389,64,0,361,1.0000,257
Black,5,evilbirdo,1,4,evilnom,Black,evilminnow,10,1,castle_destroyed,1045,34.83,False,68,68,136,8,136,23,639,64,0,671,1.0000,165
Black,5,evilbirdo,1,4,evilnom,Black,evilminnow,15,1,castle_destroyed,912,30.40,False,61,61,122,6,0,31,839,64,1,-1,1.0000,143
Black,5,evilbirdo,1,4,evilnom,Black,evilminnow,20,1,castle_destroyed,801,26.70,False,41,40,82,4,0,27,739,64,1,-1,1.0000,144
Black,5,evilbirdo,1,4,evilnom,Black,evilminnow,30,1,castle_destroyed,744,24.80,False,25,25,50,3,0,25,689,64,1,-1,1.0000,143
Black,5,evilbirdo,1,4,evilnom,Black,evilminnow,45,1,castle_destroyed,734,24.47,False,17,17,34,2,0,25,689,64,1,-1,1.0000,136
Black,5,evilbirdo,1,4,evilnom,Black,evilminnow,60,1,castle_destroyed,732,24.40,False,13,13,26,2,0,25,689,64,1,-1,1.0000,141
Black,5,evilbirdo,1,4,evilnom,Black,evilminnow,90,1,castle_destroyed,728,24.27,False,9,8,18,1,0,25,689,64,1,-1,1.0000,135
Black,5,evilbirdo,1,4,evilnom,Black,evilminnow,120,1,castle_destroyed,729,24.30,False,7,6,14,1,0,25,689,64,1,-1,1.0000,140
Black,5,evilbirdo,2,0,-,Black,evilminnow,0,1,castle_destroyed,2884,96.13,False,0,0,0,0,0,0,128,128,2,-1,1.0000,132
Black,5,evilbirdo,2,0,-,Black,evilminnow,1,1,force_destroyed,161,5.37,False,161,64,322,97,322,0,128,128,0,161,0.6000,-1
Black,5,evilbirdo,2,0,-,Black,evilminnow,2,1,force_destroyed,201,6.70,False,101,48,202,53,202,0,128,128,0,201,0.6000,-1
Black,5,evilbirdo,2,0,-,Black,evilminnow,3,1,force_destroyed,251,8.37,False,84,61,168,31,168,0,128,128,0,251,0.6606,-1
Black,5,evilbirdo,2,0,-,Black,evilminnow,5,1,force_destroyed,332,11.07,False,67,59,134,18,134,0,128,128,0,332,0.8229,-1
Black,5,evilbirdo,2,0,-,Black,evilminnow,10,1,force_destroyed,641,21.37,False,65,63,130,9,130,0,128,128,0,641,1.0000,360
Black,5,evilbirdo,2,0,-,Black,evilminnow,15,1,force_destroyed,851,28.37,False,57,56,114,6,114,0,128,128,0,851,1.0000,198
Black,5,evilbirdo,2,0,-,Black,evilminnow,20,1,force_destroyed,1098,36.60,False,55,54,110,4,110,0,128,128,0,1098,1.0000,170
Black,5,evilbirdo,2,0,-,Black,evilminnow,30,1,force_destroyed,1481,49.37,False,50,49,100,3,100,0,128,128,0,1481,1.0000,160
Black,5,evilbirdo,2,0,-,Black,evilminnow,45,1,force_destroyed,2448,81.60,False,55,54,110,2,110,0,128,128,0,2448,1.0000,136
Black,5,evilbirdo,2,0,-,Black,evilminnow,60,1,force_destroyed,2711,90.37,False,46,45,92,2,92,0,128,128,0,2711,1.0000,150
Black,5,evilbirdo,2,0,-,Black,evilminnow,90,1,castle_destroyed,3154,105.13,False,36,35,72,1,0,0,128,128,2,-1,1.0000,136
Black,5,evilbirdo,2,0,-,Black,evilminnow,120,1,castle_destroyed,3090,103.00,False,26,26,52,1,0,0,128,128,2,-1,1.0000,149
Black,5,evilbirdo,2,4,evilnom,Black,evilminnow,0,1,castle_destroyed,692,23.07,False,0,0,0,0,0,24,728,128,2,-1,1.0000,132
Black,5,evilbirdo,2,4,evilnom,Black,evilminnow,1,1,force_destroyed,265,8.83,False,197,171,394,91,394,7,303,128,0,197,0.6000,-1
Black,5,evilbirdo,2,4,evilnom,Black,evilminnow,2,1,castle_destroyed,3856,128.53,False,135,135,270,42,270,9,353,128,0,269,0.7471,349
Black,5,evilbirdo,2,4,evilnom,Black,evilminnow,3,1,castle_destroyed,1778,59.27,False,104,104,208,28,208,11,403,128,0,312,0.8882,350
Black,5,evilbirdo,2,4,evilnom,Black,evilminnow,5,1,castle_destroyed,1266,42.20,False,85,85,170,17,170,15,503,128,0,421,1.0000,230
Black,5,evilbirdo,2,4,evilnom,Black,evilminnow,10,1,castle_destroyed,1040,34.67,False,84,84,168,8,168,28,828,128,0,831,1.0000,165
Black,5,evilbirdo,2,4,evilnom,Black,evilminnow,15,1,castle_destroyed,839,27.97,False,56,56,112,6,0,28,828,128,2,-1,1.0000,143
Black,5,evilbirdo,2,4,evilnom,Black,evilminnow,20,1,castle_destroyed,748,24.93,False,38,37,76,4,0,25,753,128,2,-1,1.0000,144
Black,5,evilbirdo,2,4,evilnom,Black,evilminnow,30,1,castle_destroyed,709,23.63,False,24,24,48,3,0,24,728,128,2,-1,1.0000,143
Black,5,evilbirdo,2,4,evilnom,Black,evilminnow,45,1,castle_destroyed,701,23.37,False,16,16,32,2,0,24,728,128,2,-1,1.0000,136
Black,5,evilbirdo,2,4,evilnom,Black,evilminnow,60,1,castle_destroyed,698,23.27,False,12,12,24,2,0,24,728,128,2,-1,1.0000,141
Black,5,evilbirdo,2,4,evilnom,Black,evilminnow,90,1,castle_destroyed,696,23.20,False,8,8,16,1,0,24,728,128,2,-1,1.0000,135
Black,5,evilbirdo,2,4,evilnom,Black,evilminnow,120,1,castle_destroyed,696,23.20,False,6,6,12,1,0,24,728,128,2,-1,1.0000,140
Black,5,evilbirdo,3,0,-,Black,evilminnow,0,1,castle_destroyed,1986,66.20,False,0,0,0,0,0,0,192,192,3,-1,1.0000,132
Black,5,evilbirdo,3,0,-,Black,evilminnow,1,1,force_destroyed,194,6.47,False,194,99,388,95,388,0,192,192,0,194,0.6000,-1
Black,5,evilbirdo,3,0,-,Black,evilminnow,2,1,force_destroyed,234,7.80,False,117,66,234,51,234,0,192,192,0,234,0.6235,-1
Black,5,evilbirdo,3,0,-,Black,evilminnow,3,1,force_destroyed,283,9.43,False,95,70,190,31,190,0,192,192,0,283,0.6918,-1
Black,5,evilbirdo,3,0,-,Black,evilminnow,5,1,force_destroyed,383,12.77,False,77,68,154,18,154,0,192,192,0,383,0.8900,-1
Black,5,evilbirdo,3,0,-,Black,evilminnow,10,1,force_destroyed,738,24.60,False,74,72,148,9,148,0,192,192,0,738,1.0000,216
Black,5,evilbirdo,3,0,-,Black,evilminnow,15,1,force_destroyed,956,31.87,False,64,63,128,6,128,0,192,192,0,956,1.0000,198
Black,5,evilbirdo,3,0,-,Black,evilminnow,20,1,force_destroyed,1198,39.93,False,60,59,120,4,120,0,192,192,0,1198,1.0000,170
Black,5,evilbirdo,3,0,-,Black,evilminnow,30,1,force_destroyed,1548,51.60,False,52,51,104,3,104,0,192,192,0,1548,1.0000,160
Black,5,evilbirdo,3,0,-,Black,evilminnow,45,1,castle_destroyed,2242,74.73,False,50,50,100,2,0,0,192,192,3,-1,1.0000,136
Black,5,evilbirdo,3,0,-,Black,evilminnow,60,1,castle_destroyed,2166,72.20,False,37,36,74,2,0,0,192,192,3,-1,1.0000,150
Black,5,evilbirdo,3,0,-,Black,evilminnow,90,1,castle_destroyed,2104,70.13,False,24,24,48,1,0,0,192,192,3,-1,1.0000,136
Black,5,evilbirdo,3,0,-,Black,evilminnow,120,1,castle_destroyed,2080,69.33,False,18,18,36,1,0,0,192,192,3,-1,1.0000,149
Black,5,evilbirdo,3,4,evilnom,Black,evilminnow,0,1,castle_destroyed,664,22.13,False,0,0,0,0,0,23,767,192,3,-1,1.0000,132
Black,5,evilbirdo,3,4,evilnom,Black,evilminnow,1,1,force_destroyed,295,9.83,False,227,201,454,91,454,8,392,192,0,227,0.6000,-1
Black,5,evilbirdo,3,4,evilnom,Black,evilminnow,2,1,castle_destroyed,2712,90.40,False,149,149,298,42,298,10,442,192,0,298,0.7588,374
Black,5,evilbirdo,3,4,evilnom,Black,evilminnow,3,1,castle_destroyed,1804,60.13,False,118,118,236,28,236,12,492,192,0,352,0.9547,375
Black,5,evilbirdo,3,4,evilnom,Black,evilminnow,5,1,castle_destroyed,1395,46.50,False,100,100,200,17,200,17,617,192,0,496,1.0000,230
Black,5,evilbirdo,3,4,evilnom,Black,evilminnow,10,1,castle_destroyed,984,32.80,False,87,87,174,8,174,29,917,192,0,861,1.0000,165
Black,5,evilbirdo,3,4,evilnom,Black,evilminnow,15,1,castle_destroyed,781,26.03,False,53,52,106,6,0,27,867,192,3,-1,1.0000,143
Black,5,evilbirdo,3,4,evilnom,Black,evilminnow,20,1,castle_destroyed,706,23.53,False,36,35,72,4,0,24,792,192,3,-1,1.0000,144
Black,5,evilbirdo,3,4,evilnom,Black,evilminnow,30,1,castle_destroyed,680,22.67,False,23,23,46,3,0,23,767,192,3,-1,1.0000,143
Black,5,evilbirdo,3,4,evilnom,Black,evilminnow,45,1,castle_destroyed,673,22.43,False,15,15,30,2,0,23,767,192,3,-1,1.0000,136
Black,5,evilbirdo,3,4,evilnom,Black,evilminnow,60,1,castle_destroyed,672,22.40,False,12,12,24,2,0,23,767,192,3,-1,1.0000,141
Black,5,evilbirdo,3,4,evilnom,Black,evilminnow,90,1,castle_destroyed,667,22.23,False,8,8,16,1,0,23,767,192,3,-1,1.0000,135
Black,5,evilbirdo,3,4,evilnom,Black,evilminnow,120,1,castle_destroyed,668,22.27,False,6,6,12,1,0,23,767,192,3,-1,1.0000,140
Black,5,evilbirdo,4,0,-,Black,evilminnow,0,1,castle_destroyed,1540,51.33,False,0,0,0,0,0,0,256,256,4,-1,1.0000,132
Black,5,evilbirdo,4,0,-,Black,evilminnow,1,1,force_destroyed,219,7.30,False,219,129,438,93,438,0,256,256,0,219,0.6000,-1
Black,5,evilbirdo,4,0,-,Black,evilminnow,2,1,force_destroyed,271,9.03,False,136,86,272,50,272,0,256,256,0,271,0.6235,-1
Black,5,evilbirdo,4,0,-,Black,evilminnow,3,1,force_destroyed,309,10.30,False,103,74,206,31,206,0,256,256,0,309,0.7353,-1
Black,5,evilbirdo,4,0,-,Black,evilminnow,5,1,force_destroyed,436,14.53,False,88,83,176,18,176,0,256,256,0,436,0.9859,-1
Black,5,evilbirdo,4,0,-,Black,evilminnow,10,1,force_destroyed,801,26.70,False,81,79,162,9,162,0,256,256,0,801,1.0000,216
Black,5,evilbirdo,4,0,-,Black,evilminnow,15,1,force_destroyed,1061,35.37,False,71,70,142,6,142,0,256,256,0,1061,1.0000,198
Black,5,evilbirdo,4,0,-,Black,evilminnow,20,1,force_destroyed,1311,43.70,False,66,65,132,4,132,0,256,256,0,1311,1.0000,170
Black,5,evilbirdo,4,0,-,Black,evilminnow,30,1,force_destroyed,1698,56.60,False,57,56,114,3,114,0,256,256,0,1698,1.0000,160
Black,5,evilbirdo,4,0,-,Black,evilminnow,45,1,castle_destroyed,1682,56.07,False,38,38,76,2,0,0,256,256,4,-1,1.0000,136
Black,5,evilbirdo,4,0,-,Black,evilminnow,60,1,castle_destroyed,1648,54.93,False,28,28,56,2,0,0,256,256,4,-1,1.0000,150
Black,5,evilbirdo,4,0,-,Black,evilminnow,90,1,castle_destroyed,1608,53.60,False,18,18,36,1,0,0,256,256,4,-1,1.0000,136
Black,5,evilbirdo,4,0,-,Black,evilminnow,120,1,castle_destroyed,1598,53.27,False,14,14,28,1,0,0,256,256,4,-1,1.0000,149
Black,5,evilbirdo,4,4,evilnom,Black,evilminnow,0,1,castle_destroyed,640,21.33,False,0,0,0,0,0,22,806,256,4,-1,1.0000,132
Black,5,evilbirdo,4,4,evilnom,Black,evilminnow,1,1,force_destroyed,325,10.83,False,257,231,514,91,514,9,481,256,0,257,0.6000,-1
Black,5,evilbirdo,4,4,evilnom,Black,evilminnow,2,1,castle_destroyed,2737,91.23,False,164,164,328,42,328,11,531,256,0,328,0.7941,392
Black,5,evilbirdo,4,4,evilnom,Black,evilminnow,3,1,castle_destroyed,1591,53.03,False,127,127,254,28,254,13,581,256,0,380,1.0000,379
Black,5,evilbirdo,4,4,evilnom,Black,evilminnow,5,1,castle_destroyed,1403,46.77,False,112,112,224,17,224,19,731,256,0,556,1.0000,230
Black,5,evilbirdo,4,4,evilnom,Black,evilminnow,10,1,castle_destroyed,908,30.27,False,90,90,180,8,180,30,1006,256,0,891,1.0000,165
Black,5,evilbirdo,4,4,evilnom,Black,evilminnow,15,1,castle_destroyed,734,24.47,False,49,49,98,6,0,25,881,256,4,-1,1.0000,143
Black,5,evilbirdo,4,4,evilnom,Black,evilminnow,20,1,castle_destroyed,673,22.43,False,34,34,68,4,0,23,831,256,4,-1,1.0000,144
Black,5,evilbirdo,4,4,evilnom,Black,evilminnow,30,1,castle_destroyed,654,21.80,False,22,22,44,3,0,22,806,256,4,-1,1.0000,143
Black,5,evilbirdo,4,4,evilnom,Black,evilminnow,45,1,castle_destroyed,648,21.60,False,15,15,30,2,0,22,806,256,4,-1,1.0000,136
Black,5,evilbirdo,4,4,evilnom,Black,evilminnow,60,1,castle_destroyed,645,21.50,False,11,11,22,2,0,22,806,256,4,-1,1.0000,141
Black,5,evilbirdo,4,4,evilnom,Black,evilminnow,90,1,castle_destroyed,642,21.40,False,8,8,16,1,0,22,806,256,4,-1,1.0000,135
Black,5,evilbirdo,4,4,evilnom,Black,evilminnow,120,1,castle_destroyed,642,21.40,False,6,6,12,1,0,22,806,256,4,-1,1.0000,140
Black,5,evilbirdo,5,0,-,Black,evilminnow,0,1,castle_destroyed,1282,42.73,False,0,0,0,0,0,0,320,320,5,-1,1.0000,132
Black,5,evilbirdo,5,0,-,Black,evilminnow,1,1,force_destroyed,251,8.37,False,251,161,502,93,502,0,320,320,0,251,0.6000,-1
Black,5,evilbirdo,5,0,-,Black,evilminnow,2,1,force_destroyed,301,10.03,False,151,103,302,48,302,0,320,320,0,301,0.6294,-1
Black,5,evilbirdo,5,0,-,Black,evilminnow,3,1,force_destroyed,366,12.20,False,122,104,244,31,244,0,320,320,0,366,0.7506,-1
Black,5,evilbirdo,5,0,-,Black,evilminnow,5,1,force_destroyed,503,16.77,False,101,97,202,18,202,0,320,320,0,503,1.0000,464
Black,5,evilbirdo,5,0,-,Black,evilminnow,10,1,force_destroyed,841,28.03,False,85,82,170,9,170,0,320,320,0,841,1.0000,216
Black,5,evilbirdo,5,0,-,Black,evilminnow,15,1,force_destroyed,1113,37.10,False,75,73,150,6,150,0,320,320,0,1113,1.0000,198
Black,5,evilbirdo,5,0,-,Black,evilminnow,20,1,force_destroyed,1371,45.70,False,69,68,138,4,138,0,320,320,0,1371,1.0000,170
Black,5,evilbirdo,5,0,-,Black,evilminnow,30,1,castle_destroyed,1457,48.57,False,49,49,98,3,0,0,320,320,5,-1,1.0000,160
Black,5,evilbirdo,5,0,-,Black,evilminnow,45,1,castle_destroyed,1374,45.80,False,31,31,62,2,0,0,320,320,5,-1,1.0000,136
Black,5,evilbirdo,5,0,-,Black,evilminnow,60,1,castle_destroyed,1350,45.00,False,23,23,46,2,0,0,320,320,5,-1,1.0000,150
Black,5,evilbirdo,5,0,-,Black,evilminnow,90,1,castle_destroyed,1326,44.20,False,15,15,30,1,0,0,320,320,5,-1,1.0000,136
Black,5,evilbirdo,5,0,-,Black,evilminnow,120,1,castle_destroyed,1314,43.80,False,11,11,22,1,0,0,320,320,5,-1,1.0000,149
Black,5,evilbirdo,5,4,evilnom,Black,evilminnow,0,1,castle_destroyed,618,20.60,False,0,0,0,0,0,21,845,320,5,-1,1.0000,132
Black,5,evilbirdo,5,4,evilnom,Black,evilminnow,1,1,force_destroyed,355,11.83,False,287,261,574,91,574,10,570,320,0,287,0.6000,-1
Black,5,evilbirdo,5,4,evilnom,Black,evilminnow,2,1,castle_destroyed,2198,73.27,False,182,182,364,42,364,13,645,320,0,363,0.8235,422
Black,5,evilbirdo,5,4,evilnom,Black,evilminnow,3,1,castle_destroyed,1630,54.33,False,142,142,284,28,284,15,695,320,0,425,1.0000,349
Black,5,evilbirdo,5,4,evilnom,Black,evilminnow,5,1,castle_destroyed,1301,43.37,False,122,122,244,17,244,21,845,320,0,606,1.0000,230
Black,5,evilbirdo,5,4,evilnom,Black,evilminnow,10,1,castle_destroyed,819,27.30,False,82,81,164,8,0,28,1020,320,4,-1,1.0000,165
Black,5,evilbirdo,5,4,evilnom,Black,evilminnow,15,1,castle_destroyed,698,23.27,False,47,46,94,6,0,24,920,320,5,-1,1.0000,143
Black,5,evilbirdo,5,4,evilnom,Black,evilminnow,20,1,castle_destroyed,646,21.53,False,33,32,66,4,0,22,870,320,5,-1,1.0000,144
Black,5,evilbirdo,5,4,evilnom,Black,evilminnow,30,1,castle_destroyed,631,21.03,False,22,21,44,3,0,22,870,320,5,-1,1.0000,143
Black,5,evilbirdo,5,4,evilnom,Black,evilminnow,45,1,castle_destroyed,625,20.83,False,14,14,28,2,0,21,845,320,5,-1,1.0000,136
Black,5,evilbirdo,5,4,evilnom,Black,evilminnow,60,1,castle_destroyed,624,20.80,False,11,11,22,2,0,21,845,320,5,-1,1.0000,141
Black,5,evilbirdo,5,4,evilnom,Black,evilminnow,90,1,castle_destroyed,620,20.67,False,7,7,14,1,0,21,845,320,5,-1,1.0000,135
Black,5,evilbirdo,5,4,evilnom,Black,evilminnow,120,1,castle_destroyed,622,20.73,False,6,6,12,1,0,21,845,320,5,-1,1.0000,140
Black,6,weirdo,0,4,evilnom,Black,evilminnow,0,1,castle_destroyed,762,25.40,False,0,0,0,0,0,26,650,0,0,-1,0.0000,132
Black,6,weirdo,0,4,evilnom,Black,evilminnow,1,1,survived_horizon,36000,1200.00,True,36000,35823,72000,185,0,1200,30000,0,0,-1,0.0000,-1
Black,6,weirdo,0,4,evilnom,Black,evilminnow,2,1,survived_horizon,36000,1200.00,True,18000,17993,36000,42,0,1200,30000,0,0,-1,0.0000,-1
Black,6,weirdo,0,4,evilnom,Black,evilminnow,3,1,castle_destroyed,15580,519.33,False,5194,5190,10388,28,0,520,13000,0,0,-1,0.0000,589
Black,6,weirdo,0,4,evilnom,Black,evilminnow,5,1,castle_destroyed,3680,122.67,False,736,734,1472,17,0,123,3075,0,0,-1,0.0000,324
Black,6,weirdo,0,4,evilnom,Black,evilminnow,10,1,castle_destroyed,1376,45.87,False,138,137,276,8,0,46,1150,0,0,-1,0.0000,174
Black,6,weirdo,0,4,evilnom,Black,evilminnow,15,1,castle_destroyed,1004,33.47,False,67,67,134,6,0,34,850,0,0,-1,0.0000,144
Black,6,weirdo,0,4,evilnom,Black,evilminnow,20,1,castle_destroyed,864,28.80,False,44,43,88,4,0,29,725,0,0,-1,0.0000,144
Black,6,weirdo,0,4,evilnom,Black,evilminnow,30,1,castle_destroyed,782,26.07,False,27,26,54,3,0,27,675,0,0,-1,0.0000,143
Black,6,weirdo,0,4,evilnom,Black,evilminnow,45,1,castle_destroyed,770,25.67,False,18,17,36,2,0,26,650,0,0,-1,0.0000,136
Black,6,weirdo,0,4,evilnom,Black,evilminnow,60,1,castle_destroyed,767,25.57,False,13,13,26,2,0,26,650,0,0,-1,0.0000,141
Black,6,weirdo,0,4,evilnom,Black,evilminnow,90,1,castle_destroyed,765,25.50,False,9,9,18,1,0,26,650,0,0,-1,0.0000,135
Black,6,weirdo,0,4,evilnom,Black,evilminnow,120,1,castle_destroyed,765,25.50,False,7,7,14,1,0,26,650,0,0,-1,0.0000,140
Black,6,weirdo,1,0,-,Black,evilminnow,0,1,castle_destroyed,1736,57.87,False,0,0,0,0,0,0,338,338,1,-1,1.0000,143
Black,6,weirdo,1,0,-,Black,evilminnow,1,1,force_destroyed,157,5.23,False,157,55,314,138,314,0,338,338,0,157,0.5788,-1
Black,6,weirdo,1,0,-,Black,evilminnow,2,1,force_destroyed,260,8.67,False,130,67,260,65,260,0,338,338,0,260,0.5882,-1
Black,6,weirdo,1,0,-,Black,evilminnow,3,1,force_destroyed,391,13.03,False,131,99,262,41,262,0,338,338,0,391,0.5882,-1
Black,6,weirdo,1,0,-,Black,evilminnow,5,1,force_destroyed,544,18.13,False,109,94,218,25,218,0,338,338,0,544,0.6788,-1
Black,6,weirdo,1,0,-,Black,evilminnow,10,1,force_destroyed,1014,33.80,False,102,98,204,11,204,0,338,338,0,1014,1.0000,-1
Black,6,weirdo,1,0,-,Black,evilminnow,15,1,force_destroyed,1473,49.10,False,99,97,198,7,198,0,338,338,0,1473,1.0000,-1
Black,6,weirdo,1,0,-,Black,evilminnow,20,1,force_destroyed,2132,71.07,False,107,105,214,5,214,0,338,338,0,2132,1.0000,-1
Black,6,weirdo,1,0,-,Black,evilminnow,30,1,force_destroyed,3235,107.83,False,108,107,216,3,216,0,338,338,0,3235,1.0000,578
Black,6,weirdo,1,0,-,Black,evilminnow,45,1,castle_destroyed,4406,146.87,False,98,98,196,2,0,0,338,338,1,-1,1.0000,218
Black,6,weirdo,1,0,-,Black,evilminnow,60,1,castle_destroyed,3116,103.87,False,52,52,104,2,0,0,338,338,1,-1,1.0000,166
Black,6,weirdo,1,0,-,Black,evilminnow,90,1,castle_destroyed,2439,81.30,False,28,27,56,1,0,0,338,338,1,-1,1.0000,152
Black,6,weirdo,1,0,-,Black,evilminnow,120,1,castle_destroyed,2217,73.90,False,19,19,38,1,0,0,338,338,1,-1,1.0000,165
Black,6,weirdo,1,4,evilnom,Black,evilminnow,0,1,castle_destroyed,649,21.63,False,0,0,0,0,0,22,888,338,1,-1,1.0000,132
Black,6,weirdo,1,4,evilnom,Black,evilminnow,1,1,force_destroyed,411,13.70,False,342,305,684,99,684,12,638,338,0,342,0.6000,-1
Black,6,weirdo,1,4,evilnom,Black,evilminnow,2,1,castle_destroyed,2168,72.27,False,368,368,736,42,736,25,963,338,0,735,1.0000,620
Black,6,weirdo,1,4,evilnom,Black,evilminnow,3,1,castle_destroyed,2140,71.33,False,364,364,728,28,728,37,1263,338,0,1091,1.0000,462
Black,6,weirdo,1,4,evilnom,Black,evilminnow,5,1,castle_destroyed,1702,56.73,False,324,324,648,17,648,54,1688,338,0,1616,1.0000,282
Black,6,weirdo,1,4,evilnom,Black,evilminnow,10,1,castle_destroyed,932,31.07,False,94,93,188,8,0,32,1138,338,1,-1,1.0000,185
Black,6,weirdo,1,4,evilnom,Black,evilminnow,15,1,castle_destroyed,765,25.50,False,51,51,102,6,0,26,988,338,1,-1,1.0000,143
Black,6,weirdo,1,4,evilnom,Black,evilminnow,20,1,castle_destroyed,686,22.87,False,35,34,70,4,0,23,913,338,1,-1,1.0000,143
Black,6,weirdo,1,4,evilnom,Black,evilminnow,30,1,castle_destroyed,669,22.30,False,23,22,46,3,0,23,913,338,1,-1,1.0000,143
Black,6,weirdo,1,4,evilnom,Black,evilminnow,45,1,castle_destroyed,656,21.87,False,15,15,30,2,0,22,888,338,1,-1,1.0000,136
Black,6,weirdo,1,4,evilnom,Black,evilminnow,60,1,castle_destroyed,656,21.87,False,11,11,22,2,0,22,888,338,1,-1,1.0000,141
Black,6,weirdo,1,4,evilnom,Black,evilminnow,90,1,castle_destroyed,652,21.73,False,8,8,16,1,0,22,888,338,1,-1,1.0000,135
Black,6,weirdo,1,4,evilnom,Black,evilminnow,120,1,castle_destroyed,656,21.87,False,6,6,12,1,0,22,888,338,1,-1,1.0000,140
Black,6,weirdo,2,0,-,Black,evilminnow,0,1,castle_destroyed,953,31.77,False,0,0,0,0,0,0,676,676,2,-1,1.0000,143
Black,6,weirdo,2,0,-,Black,evilminnow,1,1,force_destroyed,279,9.30,False,279,185,558,113,558,0,676,676,0,279,0.5788,-1
Black,6,weirdo,2,0,-,Black,evilminnow,2,1,force_destroyed,466,15.53,False,233,182,466,55,466,0,676,676,0,466,0.6059,-1
Black,6,weirdo,2,0,-,Black,evilminnow,3,1,force_destroyed,578,19.27,False,193,161,386,36,386,0,676,676,0,578,0.6376,-1
Black,6,weirdo,2,0,-,Black,evilminnow,5,1,force_destroyed,824,27.47,False,165,156,330,21,330,0,676,676,0,824,0.8941,-1
Black,6,weirdo,2,0,-,Black,evilminnow,10,1,force_destroyed,1591,53.03,False,160,157,320,10,320,0,676,676,0,1591,1.0000,1059
Black,6,weirdo,2,0,-,Black,evilminnow,15,1,force_destroyed,2383,79.43,False,159,156,318,7,318,0,676,676,0,2383,1.0000,670
Black,6,weirdo,2,0,-,Black,evilminnow,20,1,castle_destroyed,2844,94.80,False,143,142,286,5,0,0,676,676,2,-1,1.0000,284
Black,6,weirdo,2,0,-,Black,evilminnow,30,1,castle_destroyed,1677,55.90,False,56,56,112,3,0,0,676,676,2,-1,1.0000,187
Black,6,weirdo,2,0,-,Black,evilminnow,45,1,castle_destroyed,1307,43.57,False,30,29,60,2,0,0,676,676,2,-1,1.0000,173
Black,6,weirdo,2,0,-,Black,evilminnow,60,1,castle_destroyed,1192,39.73,False,20,20,40,2,0,0,676,676,2,-1,1.0000,166
Black,6,weirdo,2,0,-,Black,evilminnow,90,1,castle_destroyed,1097,36.57,False,13,13,26,1,0,0,676,676,2,-1,1.0000,152
Black,6,weirdo,2,0,-,Black,evilminnow,120,1,castle_destroyed,1056,35.20,False,9,9,18,1,0,0,676,676,2,-1,1.0000,165
Black,6,weirdo,2,4,evilnom,Black,evilminnow,0,1,castle_destroyed,564,18.80,False,0,0,0,0,0,19,1151,676,2,-1,1.0000,132
Black,6,weirdo,2,4,evilnom,Black,evilminnow,1,1,force_destroyed,501,16.70,False,435,401,870,95,870,15,1051,676,0,435,0.6000,-1
Black,6,weirdo,2,4,evilnom,Black,evilminnow,2,1,castle_destroyed,2198,73.27,False,383,383,766,42,766,26,1326,676,0,765,1.0000,648
Black,6,weirdo,2,4,evilnom,Black,evilminnow,3,1,castle_destroyed,2089,69.63,False,359,359,718,28,718,36,1576,676,0,1076,1.0000,451
Black,6,weirdo,2,4,evilnom,Black,evilminnow,5,1,castle_destroyed,1110,37.00,False,222,220,444,17,0,37,1601,676,2,-1,1.0000,230
Black,6,weirdo,2,4,evilnom,Black,evilminnow,10,1,castle_destroyed,730,24.33,False,73,72,146,8,0,25,1301,676,2,-1,1.0000,185
Black,6,weirdo,2,4,evilnom,Black,evilminnow,15,1,castle_destroyed,634,21.13,False,43,42,86,6,0,22,1226,676,2,-1,1.0000,143
Black,6,weirdo,2,4,evilnom,Black,evilminnow,20,1,castle_destroyed,589,19.63,False,30,29,60,4,0,20,1176,676,2,-1,1.0000,143
Black,6,weirdo,2,4,evilnom,Black,evilminnow,30,1,castle_destroyed,589,19.63,False,20,20,40,3,0,20,1176,676,2,-1,1.0000,143
Black,6,weirdo,2,4,evilnom,Black,evilminnow,45,1,castle_destroyed,579,19.30,False,13,13,26,2,0,20,1176,676,2,-1,1.0000,136
Black,6,weirdo,2,4,evilnom,Black,evilminnow,60,1,castle_destroyed,576,19.20,False,10,10,20,2,0,20,1176,676,2,-1,1.0000,141
Black,6,weirdo,2,4,evilnom,Black,evilminnow,90,1,castle_destroyed,575,19.17,False,7,7,14,1,0,20,1176,676,2,-1,1.0000,135
Black,6,weirdo,2,4,evilnom,Black,evilminnow,120,1,castle_destroyed,574,19.13,False,5,5,10,1,0,20,1176,676,2,-1,1.0000,140
Black,6,weirdo,3,0,-,Black,evilminnow,0,1,castle_destroyed,689,22.97,False,0,0,0,0,0,0,1014,1014,3,-1,1.0000,143
Black,6,weirdo,3,0,-,Black,evilminnow,1,1,force_destroyed,353,11.77,False,353,247,706,113,706,0,1014,1014,0,353,0.5788,-1
Black,6,weirdo,3,0,-,Black,evilminnow,2,1,force_destroyed,580,19.33,False,290,244,580,54,580,0,1014,1014,0,580,0.6765,-1
Black,6,weirdo,3,0,-,Black,evilminnow,3,1,force_destroyed,702,23.40,False,234,206,468,36,468,0,1014,1014,0,702,0.7588,-1
Black,6,weirdo,3,0,-,Black,evilminnow,5,1,force_destroyed,1056,35.20,False,212,209,424,21,424,0,1014,1014,0,1056,1.0000,773
Black,6,weirdo,3,0,-,Black,evilminnow,10,1,force_destroyed,2020,67.33,False,202,197,404,10,404,0,1014,1014,0,2020,1.0000,580
Black,6,weirdo,3,0,-,Black,evilminnow,15,1,castle_destroyed,1551,51.70,False,104,103,208,7,0,0,1014,1014,3,-1,1.0000,246
Black,6,weirdo,3,0,-,Black,evilminnow,20,1,castle_destroyed,1203,40.10,False,61,60,122,5,0,0,1014,1014,3,-1,1.0000,208
Black,6,weirdo,3,0,-,Black,evilminnow,30,1,castle_destroyed,955,31.83,False,32,32,64,3,0,0,1014,1014,3,-1,1.0000,187
Black,6,weirdo,3,0,-,Black,evilminnow,45,1,castle_destroyed,848,28.27,False,19,19,38,2,0,0,1014,1014,3,-1,1.0000,173
Black,6,weirdo,3,0,-,Black,evilminnow,60,1,castle_destroyed,797,26.57,False,14,14,28,2,0,0,1014,1014,3,-1,1.0000,166
Black,6,weirdo,3,0,-,Black,evilminnow,90,1,castle_destroyed,767,25.57,False,9,9,18,1,0,0,1014,1014,3,-1,1.0000,152
Black,6,weirdo,3,0,-,Black,evilminnow,120,1,castle_destroyed,743,24.77,False,7,7,14,1,0,0,1014,1014,3,-1,1.0000,165
Black,6,weirdo,3,4,evilnom,Black,evilminnow,0,1,castle_destroyed,500,16.67,False,0,0,0,0,0,17,1439,1014,3,-1,1.0000,132
Black,6,weirdo,3,4,evilnom,Black,evilminnow,1,1,force_destroyed,569,18.97,False,504,473,1008,93,1008,17,1439,1014,0,504,0.6000,-1
Black,6,weirdo,3,4,evilnom,Black,evilminnow,2,1,castle_destroyed,1997,66.57,False,406,406,812,42,812,28,1714,1014,0,811,1.0000,650
Black,6,weirdo,3,4,evilnom,Black,evilminnow,3,1,castle_destroyed,1779,59.30,False,371,371,742,28,742,38,1964,1014,0,1112,1.0000,433
Black,6,weirdo,3,4,evilnom,Black,evilminnow,5,1,castle_destroyed,904,30.13,False,181,179,362,17,0,31,1789,1014,3,-1,1.0000,230
Black,6,weirdo,3,4,evilnom,Black,evilminnow,10,1,castle_destroyed,616,20.53,False,62,61,124,8,0,21,1539,1014,3,-1,1.0000,185
Black,6,weirdo,3,4,evilnom,Black,evilminnow,15,1,castle_destroyed,562,18.73,False,38,37,76,6,0,19,1489,1014,3,-1,1.0000,143
Black,6,weirdo,3,4,evilnom,Black,evilminnow,20,1,castle_destroyed,524,17.47,False,27,26,54,4,0,18,1464,1014,3,-1,1.0000,143
Black,6,weirdo,3,4,evilnom,Black,evilminnow,30,1,castle_destroyed,524,17.47,False,18,18,36,3,0,18,1464,1014,3,-1,1.0000,143
Black,6,weirdo,3,4,evilnom,Black,evilminnow,45,1,castle_destroyed,521,17.37,False,12,12,24,2,0,18,1464,1014,3,-1,1.0000,136
Black,6,weirdo,3,4,evilnom,Black,evilminnow,60,1,castle_destroyed,519,17.30,False,9,9,18,2,0,18,1464,1014,3,-1,1.0000,141
Black,6,weirdo,3,4,evilnom,Black,evilminnow,90,1,castle_destroyed,507,16.90,False,6,6,12,1,0,17,1439,1014,3,-1,1.0000,135
Black,6,weirdo,3,4,evilnom,Black,evilminnow,120,1,castle_destroyed,508,16.93,False,5,5,10,1,0,17,1439,1014,3,-1,1.0000,140
Black,6,weirdo,4,0,-,Black,evilminnow,0,1,castle_destroyed,578,19.27,False,0,0,0,0,0,0,1352,1352,4,-1,1.0000,143
Black,6,weirdo,4,0,-,Black,evilminnow,1,1,force_destroyed,421,14.03,False,421,328,842,116,842,0,1352,1352,0,421,0.5788,-1
Black,6,weirdo,4,0,-,Black,evilminnow,2,1,force_destroyed,651,21.70,False,326,279,652,54,652,0,1352,1352,0,651,0.6882,-1
Black,6,weirdo,4,0,-,Black,evilminnow,3,1,force_destroyed,846,28.20,False,282,267,564,36,564,0,1352,1352,0,846,0.9447,-1
Black,6,weirdo,4,0,-,Black,evilminnow,5,1,force_destroyed,1261,42.03,False,253,246,506,21,506,0,1352,1352,0,1261,1.0000,568
Black,6,weirdo,4,0,-,Black,evilminnow,10,1,castle_destroyed,1285,42.83,False,129,128,258,10,0,0,1352,1352,4,-1,1.0000,309
Black,6,weirdo,4,0,-,Black,evilminnow,15,1,castle_destroyed,965,32.17,False,65,64,130,7,0,0,1352,1352,4,-1,1.0000,234
Black,6,weirdo,4,0,-,Black,evilminnow,20,1,castle_destroyed,827,27.57,False,42,41,84,5,0,0,1352,1352,4,-1,1.0000,208
Black,6,weirdo,4,0,-,Black,evilminnow,30,1,castle_destroyed,716,23.87,False,24,24,48,3,0,0,1352,1352,4,-1,1.0000,187
Black,6,weirdo,4,0,-,Black,evilminnow,45,1,castle_destroyed,662,22.07,False,15,15,30,2,0,0,1352,1352,4,-1,1.0000,173
Black,6,weirdo,4,0,-,Black,evilminnow,60,1,castle_destroyed,635,21.17,False,11,11,22,2,0,0,1352,1352,4,-1,1.0000,166
Black,6,weirdo,4,0,-,Black,evilminnow,90,1,castle_destroyed,611,20.37,False,7,7,14,1,0,0,1352,1352,4,-1,1.0000,152
Black,6,weirdo,4,0,-,Black,evilminnow,120,1,castle_destroyed,605,20.17,False,6,5,12,1,0,0,1352,1352,4,-1,1.0000,165
Black,6,weirdo,4,4,evilnom,Black,evilminnow,0,1,castle_destroyed,467,15.57,False,0,0,0,0,0,16,1752,1352,4,-1,1.0000,132
Black,6,weirdo,4,4,evilnom,Black,evilminnow,1,1,force_destroyed,599,19.97,False,533,503,1066,93,1066,18,1802,1352,0,533,0.6000,-1
Black,6,weirdo,4,4,evilnom,Black,evilminnow,2,1,castle_destroyed,2027,67.57,False,421,421,842,42,842,29,2077,1352,0,841,1.0000,658
Black,6,weirdo,4,4,evilnom,Black,evilminnow,3,1,castle_destroyed,1704,56.80,False,382,382,764,28,764,39,2327,1352,0,1145,1.0000,421
Black,6,weirdo,4,4,evilnom,Black,evilminnow,5,1,castle_destroyed,739,24.63,False,148,146,296,17,0,25,1977,1352,4,-1,1.0000,230
Black,6,weirdo,4,4,evilnom,Black,evilminnow,10,1,castle_destroyed,542,18.07,False,55,54,110,8,0,19,1827,1352,4,-1,1.0000,185
Black,6,weirdo,4,4,evilnom,Black,evilminnow,15,1,castle_destroyed,503,16.77,False,34,33,68,6,0,17,1777,1352,4,-1,1.0000,143
Black,6,weirdo,4,4,evilnom,Black,evilminnow,20,1,castle_destroyed,474,15.80,False,24,24,48,4,0,16,1752,1352,4,-1,1.0000,143
Black,6,weirdo,4,4,evilnom,Black,evilminnow,30,1,castle_destroyed,476,15.87,False,16,16,32,3,0,16,1752,1352,4,-1,1.0000,143
Black,6,weirdo,4,4,evilnom,Black,evilminnow,45,1,castle_destroyed,473,15.77,False,11,11,22,2,0,16,1752,1352,4,-1,1.0000,136
Black,6,weirdo,4,4,evilnom,Black,evilminnow,60,1,castle_destroyed,470,15.67,False,8,8,16,2,0,16,1752,1352,4,-1,1.0000,141
Black,6,weirdo,4,4,evilnom,Black,evilminnow,90,1,castle_destroyed,470,15.67,False,6,6,12,1,0,16,1752,1352,4,-1,1.0000,135
Black,6,weirdo,4,4,evilnom,Black,evilminnow,120,1,castle_destroyed,469,15.63,False,4,4,8,1,0,16,1752,1352,4,-1,1.0000,140
Black,6,weirdo,5,0,-,Black,evilminnow,0,1,castle_destroyed,506,16.87,False,0,0,0,0,0,0,1690,1690,5,-1,1.0000,143
Black,6,weirdo,5,0,-,Black,evilminnow,1,1,force_destroyed,460,15.33,False,460,353,920,116,920,0,1690,1690,0,460,0.5788,-1
Black,6,weirdo,5,0,-,Black,evilminnow,2,1,force_destroyed,720,24.00,False,360,329,720,54,720,0,1690,1690,0,720,0.7471,-1
Black,6,weirdo,5,0,-,Black,evilminnow,3,1,force_destroyed,944,31.47,False,315,309,630,36,630,0,1690,1690,0,944,1.0000,-1
Black,6,weirdo,5,0,-,Black,evilminnow,5,1,force_destroyed,1338,44.60,False,268,261,536,21,536,0,1690,1690,0,1338,1.0000,545
Black,6,weirdo,5,0,-,Black,evilminnow,10,1,castle_destroyed,928,30.93,False,93,92,186,10,0,0,1690,1690,5,-1,1.0000,277
Black,6,weirdo,5,0,-,Black,evilminnow,15,1,castle_destroyed,753,25.10,False,51,50,102,7,0,0,1690,1690,5,-1,1.0000,234
Black,6,weirdo,5,0,-,Black,evilminnow,20,1,castle_destroyed,665,22.17,False,34,33,68,5,0,0,1690,1690,5,-1,1.0000,208
Black,6,weirdo,5,0,-,Black,evilminnow,30,1,castle_destroyed,604,20.13,False,21,20,42,3,0,0,1690,1690,5,-1,1.0000,187
Black,6,weirdo,5,0,-,Black,evilminnow,45,1,castle_destroyed,569,18.97,False,13,13,26,2,0,0,1690,1690,5,-1,1.0000,173
Black,6,weirdo,5,0,-,Black,evilminnow,60,1,castle_destroyed,554,18.47,False,10,10,20,2,0,0,1690,1690,5,-1,1.0000,166
Black,6,weirdo,5,0,-,Black,evilminnow,90,1,castle_destroyed,530,17.67,False,6,6,12,1,0,0,1690,1690,5,-1,1.0000,152
Black,6,weirdo,5,0,-,Black,evilminnow,120,1,castle_destroyed,530,17.67,False,5,5,10,1,0,0,1690,1690,5,-1,1.0000,165
Black,6,weirdo,5,4,evilnom,Black,evilminnow,0,1,castle_destroyed,437,14.57,False,0,0,0,0,0,15,2065,1690,5,-1,1.0000,132
Black,6,weirdo,5,4,evilnom,Black,evilminnow,1,1,force_destroyed,629,20.97,False,559,533,1118,93,1118,19,2165,1690,0,559,0.6000,-1
Black,6,weirdo,5,4,evilnom,Black,evilminnow,2,1,castle_destroyed,2219,73.97,False,442,442,884,42,884,30,2440,1690,0,883,1.0000,552
Black,6,weirdo,5,4,evilnom,Black,evilminnow,3,1,castle_destroyed,1692,56.40,False,395,395,790,28,790,40,2690,1690,0,1184,1.0000,408
Black,6,weirdo,5,4,evilnom,Black,evilminnow,5,1,castle_destroyed,658,21.93,False,132,130,264,17,0,22,2240,1690,5,-1,1.0000,230
Black,6,weirdo,5,4,evilnom,Black,evilminnow,10,1,castle_destroyed,503,16.77,False,51,50,102,8,0,17,2115,1690,5,-1,1.0000,185
Black,6,weirdo,5,4,evilnom,Black,evilminnow,15,1,castle_destroyed,473,15.77,False,32,31,64,6,0,16,2090,1690,5,-1,1.0000,143
Black,6,weirdo,5,4,evilnom,Black,evilminnow,20,1,castle_destroyed,449,14.97,False,23,22,46,4,0,15,2065,1690,5,-1,1.0000,143
Black,6,weirdo,5,4,evilnom,Black,evilminnow,30,1,castle_destroyed,452,15.07,False,16,15,32,3,0,16,2090,1690,5,-1,1.0000,143
Black,6,weirdo,5,4,evilnom,Black,evilminnow,45,1,castle_destroyed,446,14.87,False,10,10,20,2,0,15,2065,1690,5,-1,1.0000,136
Black,6,weirdo,5,4,evilnom,Black,evilminnow,60,1,castle_destroyed,446,14.87,False,8,8,16,2,0,15,2065,1690,5,-1,1.0000,141
Black,6,weirdo,5,4,evilnom,Black,evilminnow,90,1,castle_destroyed,443,14.77,False,5,5,10,1,0,15,2065,1690,5,-1,1.0000,135
Black,6,weirdo,5,4,evilnom,Black,evilminnow,120,1,castle_destroyed,443,14.77,False,4,4,8,1,0,15,2065,1690,5,-1,1.0000,140
Black,7,gorillo,0,4,evilnom,Black,evilminnow,0,1,castle_destroyed,762,25.40,False,0,0,0,0,0,26,650,0,0,-1,0.0000,132
Black,7,gorillo,0,4,evilnom,Black,evilminnow,1,1,survived_horizon,36000,1200.00,True,36000,35823,72000,185,0,1200,30000,0,0,-1,0.0000,-1
Black,7,gorillo,0,4,evilnom,Black,evilminnow,2,1,survived_horizon,36000,1200.00,True,18000,17993,36000,42,0,1200,30000,0,0,-1,0.0000,-1
Black,7,gorillo,0,4,evilnom,Black,evilminnow,3,1,castle_destroyed,15580,519.33,False,5194,5190,10388,28,0,520,13000,0,0,-1,0.0000,589
Black,7,gorillo,0,4,evilnom,Black,evilminnow,5,1,castle_destroyed,3680,122.67,False,736,734,1472,17,0,123,3075,0,0,-1,0.0000,324
Black,7,gorillo,0,4,evilnom,Black,evilminnow,10,1,castle_destroyed,1376,45.87,False,138,137,276,8,0,46,1150,0,0,-1,0.0000,174
Black,7,gorillo,0,4,evilnom,Black,evilminnow,15,1,castle_destroyed,1004,33.47,False,67,67,134,6,0,34,850,0,0,-1,0.0000,144
Black,7,gorillo,0,4,evilnom,Black,evilminnow,20,1,castle_destroyed,864,28.80,False,44,43,88,4,0,29,725,0,0,-1,0.0000,144
Black,7,gorillo,0,4,evilnom,Black,evilminnow,30,1,castle_destroyed,782,26.07,False,27,26,54,3,0,27,675,0,0,-1,0.0000,143
Black,7,gorillo,0,4,evilnom,Black,evilminnow,45,1,castle_destroyed,770,25.67,False,18,17,36,2,0,26,650,0,0,-1,0.0000,136
Black,7,gorillo,0,4,evilnom,Black,evilminnow,60,1,castle_destroyed,767,25.57,False,13,13,26,2,0,26,650,0,0,-1,0.0000,141
Black,7,gorillo,0,4,evilnom,Black,evilminnow,90,1,castle_destroyed,765,25.50,False,9,9,18,1,0,26,650,0,0,-1,0.0000,135
Black,7,gorillo,0,4,evilnom,Black,evilminnow,120,1,castle_destroyed,765,25.50,False,7,7,14,1,0,26,650,0,0,-1,0.0000,140
Black,7,gorillo,1,0,-,Black,evilminnow,0,1,castle_destroyed,916,30.53,False,0,0,0,0,0,0,1183,1183,1,-1,1.0000,426
Black,7,gorillo,1,0,-,Black,evilminnow,1,1,force_destroyed,865,28.83,False,865,694,1730,268,1730,0,1183,1183,0,865,0.3035,-1
Black,7,gorillo,1,0,-,Black,evilminnow,2,1,force_destroyed,948,31.60,False,474,371,948,130,948,0,1183,1183,0,948,0.3059,-1
Black,7,gorillo,1,0,-,Black,evilminnow,3,1,force_destroyed,1336,44.53,False,446,381,892,84,892,0,1183,1183,0,1336,0.3059,-1
Black,7,gorillo,1,0,-,Black,evilminnow,5,1,force_destroyed,1957,65.23,False,392,354,784,42,784,0,1183,1183,0,1957,0.3176,-1
Black,7,gorillo,1,0,-,Black,evilminnow,10,1,force_destroyed,3604,120.13,False,361,345,722,20,722,0,1183,1183,0,3604,0.5206,-1
Black,7,gorillo,1,0,-,Black,evilminnow,15,1,force_destroyed,5158,171.93,False,344,341,688,13,688,0,1183,1183,0,5158,0.9829,-1
Black,7,gorillo,1,0,-,Black,evilminnow,20,1,force_destroyed,7932,264.40,False,397,394,794,9,794,0,1183,1183,0,7932,1.0000,-1
Black,7,gorillo,1,0,-,Black,evilminnow,30,1,force_destroyed,11507,383.57,False,384,382,768,6,768,0,1183,1183,0,11507,1.0000,-1
Black,7,gorillo,1,0,-,Black,evilminnow,45,1,force_destroyed,17897,596.57,False,398,397,796,4,796,0,1183,1183,0,17897,1.0000,-1
Black,7,gorillo,1,0,-,Black,evilminnow,60,1,castle_destroyed,3660,122.00,False,61,61,122,3,0,0,1183,1183,1,-1,1.0000,669
Black,7,gorillo,1,0,-,Black,evilminnow,90,1,castle_destroyed,1534,51.13,False,18,17,36,2,0,0,1183,1183,1,-1,1.0000,437
Black,7,gorillo,1,0,-,Black,evilminnow,120,1,castle_destroyed,1270,42.33,False,11,11,22,2,0,0,1183,1183,1,-1,1.0000,437
Black,7,gorillo,1,4,evilnom,Black,evilminnow,0,1,castle_destroyed,622,20.73,False,0,0,0,0,0,21,1708,1183,1,-1,1.0000,132
Black,7,gorillo,1,4,evilnom,Black,evilminnow,1,1,force_destroyed,1695,56.50,False,1676,1547,3352,157,3352,56,2583,1183,0,1676,0.4471,-1
Black,7,gorillo,1,4,evilnom,Black,evilminnow,2,1,castle_destroyed,6322,210.73,False,2443,2443,4886,42,4886,163,5258,1183,0,4885,1.0000,956
Black,7,gorillo,1,4,evilnom,Black,evilminnow,3,1,castle_destroyed,2479,82.63,False,827,823,1654,28,0,83,3258,1183,1,-1,1.0000,589
Black,7,gorillo,1,4,evilnom,Black,evilminnow,5,1,castle_destroyed,1027,34.23,False,206,204,412,17,0,35,2058,1183,1,-1,1.0000,324
Black,7,gorillo,1,4,evilnom,Black,evilminnow,10,1,castle_destroyed,736,24.53,False,74,73,148,8,0,25,1808,1183,1,-1,1.0000,174
Black,7,gorillo,1,4,evilnom,Black,evilminnow,15,1,castle_destroyed,661,22.03,False,45,44,90,6,0,23,1758,1183,1,-1,1.0000,144
Black,7,gorillo,1,4,evilnom,Black,evilminnow,20,1,castle_destroyed,622,20.73,False,32,31,64,4,0,21,1708,1183,1,-1,1.0000,144
Black,7,gorillo,1,4,evilnom,Black,evilminnow,30,1,castle_destroyed,622,20.73,False,21,21,42,3,0,21,1708,1183,1,-1,1.0000,143
Black,7,gorillo,1,4,evilnom,Black,evilminnow,45,1,castle_destroyed,622,20.73,False,14,14,28,2,0,21,1708,1183,1,-1,1.0000,136
Black,7,gorillo,1,4,evilnom,Black,evilminnow,60,1,castle_destroyed,622,20.73,False,11,11,22,2,0,21,1708,1183,1,-1,1.0000,141
Black,7,gorillo,1,4,evilnom,Black,evilminnow,90,1,castle_destroyed,622,20.73,False,7,7,14,1,0,21,1708,1183,1,-1,1.0000,135
Black,7,gorillo,1,4,evilnom,Black,evilminnow,120,1,castle_destroyed,622,20.73,False,6,6,12,1,0,21,1708,1183,1,-1,1.0000,140
Black,7,gorillo,2,0,-,Black,evilminnow,0,1,castle_destroyed,671,22.37,False,0,0,0,0,0,0,2366,2366,2,-1,1.0000,426
Black,7,gorillo,2,0,-,Black,evilminnow,1,1,force_destroyed,982,32.73,False,982,789,1964,256,1964,0,2366,2366,0,982,0.3035,-1
Black,7,gorillo,2,0,-,Black,evilminnow,2,1,force_destroyed,1313,43.77,False,657,561,1314,134,1314,0,2366,2366,0,1313,0.3059,-1
Black,7,gorillo,2,0,-,Black,evilminnow,3,1,force_destroyed,2165,72.17,False,722,656,1444,73,1444,0,2366,2366,0,2165,0.3106,-1
Black,7,gorillo,2,0,-,Black,evilminnow,5,1,force_destroyed,3416,113.87,False,684,658,1368,39,1368,0,2366,2366,0,3416,0.5471,-1
Black,7,gorillo,2,0,-,Black,evilminnow,10,1,force_destroyed,6788,226.27,False,679,674,1358,18,1358,0,2366,2366,0,6788,1.0000,4480
Black,7,gorillo,2,0,-,Black,evilminnow,15,1,castle_destroyed,3517,117.23,False,235,234,470,11,0,0,2366,2366,2,-1,1.0000,2889
Black,7,gorillo,2,0,-,Black,evilminnow,20,1,castle_destroyed,3549,118.30,False,178,177,356,9,0,0,2366,2366,2,-1,1.0000,907
Black,7,gorillo,2,0,-,Black,evilminnow,30,1,castle_destroyed,1446,48.20,False,49,48,98,5,0,0,2366,2366,2,-1,1.0000,730
Black,7,gorillo,2,0,-,Black,evilminnow,45,1,castle_destroyed,1018,33.93,False,23,23,46,3,0,0,2366,2366,2,-1,1.0000,479
Black,7,gorillo,2,0,-,Black,evilminnow,60,1,castle_destroyed,881,29.37,False,15,15,30,3,0,0,2366,2366,2,-1,1.0000,461
Black,7,gorillo,2,0,-,Black,evilminnow,90,1,castle_destroyed,780,26.00,False,9,9,18,2,0,0,2366,2366,2,-1,1.0000,437
Black,7,gorillo,2,0,-,Black,evilminnow,120,1,castle_destroyed,750,25.00,False,7,7,14,2,0,0,2366,2366,2,-1,1.0000,437
Black,7,gorillo,2,4,evilnom,Black,evilminnow,0,1,castle_destroyed,554,18.47,False,0,0,0,0,0,19,2841,2366,2,-1,1.0000,132
Black,7,gorillo,2,4,evilnom,Black,evilminnow,1,1,force_destroyed,2237,74.57,False,2217,2091,4434,154,4434,74,4216,2366,0,2217,0.4471,-1
Black,7,gorillo,2,4,evilnom,Black,evilminnow,2,1,castle_destroyed,4460,148.67,False,2230,2225,4460,42,0,149,6091,2366,2,-1,1.0000,634
Black,7,gorillo,2,4,evilnom,Black,evilminnow,3,1,castle_destroyed,1639,54.63,False,547,543,1094,28,0,55,3741,2366,2,-1,1.0000,589
Black,7,gorillo,2,4,evilnom,Black,evilminnow,5,1,castle_destroyed,795,26.50,False,159,157,318,17,0,27,3041,2366,2,-1,1.0000,324
Black,7,gorillo,2,4,evilnom,Black,evilminnow,10,1,castle_destroyed,603,20.10,False,61,60,122,8,0,21,2891,2366,2,-1,1.0000,174
Black,7,gorillo,2,4,evilnom,Black,evilminnow,15,1,castle_destroyed,573,19.10,False,39,38,78,6,0,20,2866,2366,2,-1,1.0000,144
Black,7,gorillo,2,4,evilnom,Black,evilminnow,20,1,castle_destroyed,558,18.60,False,28,28,56,4,0,19,2841,2366,2,-1,1.0000,144
Black,7,gorillo,2,4,evilnom,Black,evilminnow,30,1,castle_destroyed,554,18.47,False,19,19,38,3,0,19,2841,2366,2,-1,1.0000,143
Black,7,gorillo,2,4,evilnom,Black,evilminnow,45,1,castle_destroyed,554,18.47,False,13,13,26,2,0,19,2841,2366,2,-1,1.0000,136
Black,7,gorillo,2,4,evilnom,Black,evilminnow,60,1,castle_destroyed,554,18.47,False,10,10,20,2,0,19,2841,2366,2,-1,1.0000,141
Black,7,gorillo,2,4,evilnom,Black,evilminnow,90,1,castle_destroyed,554,18.47,False,7,7,14,1,0,19,2841,2366,2,-1,1.0000,135
Black,7,gorillo,2,4,evilnom,Black,evilminnow,120,1,castle_destroyed,554,18.47,False,5,5,10,1,0,19,2841,2366,2,-1,1.0000,140
Black,7,gorillo,3,0,-,Black,evilminnow,0,1,castle_destroyed,603,20.10,False,0,0,0,0,0,0,3549,3549,3,-1,1.0000,426
Black,7,gorillo,3,0,-,Black,evilminnow,1,1,force_destroyed,1204,40.13,False,1204,1010,2408,260,2408,0,3549,3549,0,1204,0.3035,-1
Black,7,gorillo,3,0,-,Black,evilminnow,2,1,force_destroyed,1568,52.27,False,784,693,1568,123,1568,0,3549,3549,0,1568,0.3059,-1
Black,7,gorillo,3,0,-,Black,evilminnow,3,1,force_destroyed,2899,96.63,False,967,924,1934,57,1934,0,3549,3549,0,2899,0.4341,-1
Black,7,gorillo,3,0,-,Black,evilminnow,5,1,force_destroyed,3826,127.53,False,766,742,1532,34,1532,0,3549,3549,0,3826,0.5788,-1
Black,7,gorillo,3,0,-,Black,evilminnow,10,1,castle_destroyed,3657,121.90,False,366,365,732,16,0,0,3549,3549,3,-1,1.0000,1896
Black,7,gorillo,3,0,-,Black,evilminnow,15,1,castle_destroyed,1549,51.63,False,104,103,208,11,0,0,3549,3549,3,-1,1.0000,835
Black,7,gorillo,3,0,-,Black,evilminnow,20,1,castle_destroyed,1584,52.80,False,80,79,160,8,0,0,3549,3549,3,-1,1.0000,810
Black,7,gorillo,3,0,-,Black,evilminnow,30,1,castle_destroyed,843,28.10,False,29,28,58,5,0,0,3549,3549,3,-1,1.0000,500
Black,7,gorillo,3,0,-,Black,evilminnow,45,1,castle_destroyed,724,24.13,False,17,16,34,3,0,0,3549,3549,3,-1,1.0000,479
Black,7,gorillo,3,0,-,Black,evilminnow,60,1,castle_destroyed,685,22.83,False,12,12,24,3,0,0,3549,3549,3,-1,1.0000,461
Black,7,gorillo,3,0,-,Black,evilminnow,90,1,castle_destroyed,682,22.73,False,8,8,16,2,0,0,3549,3549,3,-1,1.0000,437
Black,7,gorillo,3,0,-,Black,evilminnow,120,1,castle_destroyed,652,21.73,False,6,6,12,2,0,0,3549,3549,3,-1,1.0000,437
Black,7,gorillo,3,4,evilnom,Black,evilminnow,0,1,castle_destroyed,535,17.83,False,0,0,0,0,0,18,3999,3549,3,-1,1.0000,132
Black,7,gorillo,3,4,evilnom,Black,evilminnow,1,1,force_destroyed,2551,85.03,False,2502,2426,5004,119,5004,84,5649,3549,0,2502,0.4471,-1
Black,7,gorillo,3,4,evilnom,Black,evilminnow,2,1,castle_destroyed,4760,158.67,False,2380,2375,4760,42,0,159,7524,3549,3,-1,1.0000,584
Black,7,gorillo,3,4,evilnom,Black,evilminnow,3,1,castle_destroyed,1249,41.63,False,417,413,834,28,0,42,4599,3549,3,-1,1.0000,505
Black,7,gorillo,3,4,evilnom,Black,evilminnow,5,1,castle_destroyed,720,24.00,False,144,142,288,17,0,24,4149,3549,3,-1,1.0000,324
Black,7,gorillo,3,4,evilnom,Black,evilminnow,10,1,castle_destroyed,554,18.47,False,56,55,112,8,0,19,4024,3549,3,-1,1.0000,174
Black,7,gorillo,3,4,evilnom,Black,evilminnow,15,1,castle_destroyed,535,17.83,False,36,35,72,6,0,18,3999,3549,3,-1,1.0000,144
Black,7,gorillo,3,4,evilnom,Black,evilminnow,20,1,castle_destroyed,535,17.83,False,27,27,54,4,0,18,3999,3549,3,-1,1.0000,144
Black,7,gorillo,3,4,evilnom,Black,evilminnow,30,1,castle_destroyed,535,17.83,False,18,18,36,3,0,18,3999,3549,3,-1,1.0000,143
Black,7,gorillo,3,4,evilnom,Black,evilminnow,45,1,castle_destroyed,535,17.83,False,12,12,24,2,0,18,3999,3549,3,-1,1.0000,136
Black,7,gorillo,3,4,evilnom,Black,evilminnow,60,1,castle_destroyed,535,17.83,False,9,9,18,2,0,18,3999,3549,3,-1,1.0000,141
Black,7,gorillo,3,4,evilnom,Black,evilminnow,90,1,castle_destroyed,535,17.83,False,6,6,12,1,0,18,3999,3549,3,-1,1.0000,135
Black,7,gorillo,3,4,evilnom,Black,evilminnow,120,1,castle_destroyed,535,17.83,False,5,5,10,1,0,18,3999,3549,3,-1,1.0000,140
Black,7,gorillo,4,0,-,Black,evilminnow,0,1,castle_destroyed,573,19.10,False,0,0,0,0,0,0,4732,4732,4,-1,1.0000,426
Black,7,gorillo,4,0,-,Black,evilminnow,1,1,force_destroyed,1158,38.60,False,1158,967,2316,245,2316,0,4732,4732,0,1158,0.3035,-1
Black,7,gorillo,4,0,-,Black,evilminnow,2,1,force_destroyed,2188,72.93,False,1094,997,2188,107,2188,0,4732,4732,0,2188,0.3494,-1
Black,7,gorillo,4,0,-,Black,evilminnow,3,1,force_destroyed,2837,94.57,False,946,897,1892,53,1892,0,4732,4732,0,2837,0.4765,-1
Black,7,gorillo,4,0,-,Black,evilminnow,5,1,force_destroyed,5195,173.17,False,1039,1030,2078,34,2078,0,4732,4732,0,5195,1.0000,-1
Black,7,gorillo,4,0,-,Black,evilminnow,10,1,castle_destroyed,2390,79.67,False,239,238,478,16,0,0,4732,4732,4,-1,1.0000,1466
Black,7,gorillo,4,0,-,Black,evilminnow,15,1,castle_destroyed,1294,43.13,False,87,86,174,11,0,0,4732,4732,4,-1,1.0000,817
Black,7,gorillo,4,0,-,Black,evilminnow,20,1,castle_destroyed,857,28.57,False,43,43,86,8,0,0,4732,4732,4,-1,1.0000,539
Black,7,gorillo,4,0,-,Black,evilminnow,30,1,castle_destroyed,696,23.20,False,24,23,48,5,0,0,4732,4732,4,-1,1.0000,500
Black,7,gorillo,4,0,-,Black,evilminnow,45,1,castle_destroyed,633,21.10,False,15,14,30,3,0,0,4732,4732,4,-1,1.0000,479
Black,7,gorillo,4,0,-,Black,evilminnow,60,1,castle_destroyed,633,21.10,False,11,11,22,3,0,0,4732,4732,4,-1,1.0000,461
Black,7,gorillo,4,0,-,Black,evilminnow,90,1,castle_destroyed,614,20.47,False,7,7,14,2,0,0,4732,4732,4,-1,1.0000,437
Black,7,gorillo,4,0,-,Black,evilminnow,120,1,castle_destroyed,584,19.47,False,5,5,10,2,0,0,4732,4732,4,-1,1.0000,437
Black,7,gorillo,4,4,evilnom,Black,evilminnow,0,1,castle_destroyed,524,17.47,False,0,0,0,0,0,18,5182,4732,4,-1,1.0000,132
Black,7,gorillo,4,4,evilnom,Black,evilminnow,1,1,force_destroyed,2617,87.23,False,2559,2497,5118,119,5118,86,6882,4732,0,2559,0.4471,-1
Black,7,gorillo,4,4,evilnom,Black,evilminnow,2,1,castle_destroyed,3140,104.67,False,1570,1565,3140,42,0,105,7357,4732,4,-1,1.0000,740
Black,7,gorillo,4,4,evilnom,Black,evilminnow,3,1,castle_destroyed,1030,34.33,False,344,340,688,28,0,35,5607,4732,4,-1,1.0000,505
Black,7,gorillo,4,4,evilnom,Black,evilminnow,5,1,castle_destroyed,614,20.47,False,123,121,246,17,0,21,5257,4732,4,-1,1.0000,324
Black,7,gorillo,4,4,evilnom,Black,evilminnow,10,1,castle_destroyed,535,17.83,False,54,53,108,8,0,18,5182,4732,4,-1,1.0000,174
Black,7,gorillo,4,4,evilnom,Black,evilminnow,15,1,castle_destroyed,524,17.47,False,35,35,70,6,0,18,5182,4732,4,-1,1.0000,144
Black,7,gorillo,4,4,evilnom,Black,evilminnow,20,1,castle_destroyed,524,17.47,False,27,26,54,4,0,18,5182,4732,4,-1,1.0000,144
Black,7,gorillo,4,4,evilnom,Black,evilminnow,30,1,castle_destroyed,524,17.47,False,18,18,36,3,0,18,5182,4732,4,-1,1.0000,143
Black,7,gorillo,4,4,evilnom,Black,evilminnow,45,1,castle_destroyed,524,17.47,False,12,12,24,2,0,18,5182,4732,4,-1,1.0000,136
Black,7,gorillo,4,4,evilnom,Black,evilminnow,60,1,castle_destroyed,524,17.47,False,9,9,18,2,0,18,5182,4732,4,-1,1.0000,141
Black,7,gorillo,4,4,evilnom,Black,evilminnow,90,1,castle_destroyed,524,17.47,False,6,6,12,1,0,18,5182,4732,4,-1,1.0000,135
Black,7,gorillo,4,4,evilnom,Black,evilminnow,120,1,castle_destroyed,524,17.47,False,5,5,10,1,0,18,5182,4732,4,-1,1.0000,140
Black,7,gorillo,5,0,-,Black,evilminnow,0,1,castle_destroyed,565,18.83,False,0,0,0,0,0,0,5915,5915,5,-1,1.0000,426
Black,7,gorillo,5,0,-,Black,evilminnow,1,1,force_destroyed,1072,35.73,False,1072,855,2144,217,2144,0,5915,5915,0,1072,0.3035,-1
Black,7,gorillo,5,0,-,Black,evilminnow,2,1,force_destroyed,1980,66.00,False,990,900,1980,111,1980,0,5915,5915,0,1980,0.3341,-1
Black,7,gorillo,5,0,-,Black,evilminnow,3,1,force_destroyed,3277,109.23,False,1093,1053,2186,53,2186,0,5915,5915,0,3277,0.6153,-1
Black,7,gorillo,5,0,-,Black,evilminnow,5,1,force_destroyed,5098,169.93,False,1020,1017,2040,34,2040,0,5915,5915,0,5098,1.0000,4292
Black,7,gorillo,5,0,-,Black,evilminnow,10,1,castle_destroyed,1612,53.73,False,162,161,324,16,0,0,5915,5915,5,-1,1.0000,1282
Black,7,gorillo,5,0,-,Black,evilminnow,15,1,castle_destroyed,1039,34.63,False,70,69,140,11,0,0,5915,5915,5,-1,1.0000,745
Black,7,gorillo,5,0,-,Black,evilminnow,20,1,castle_destroyed,729,24.30,False,37,36,74,8,0,0,5915,5915,5,-1,1.0000,539
Black,7,gorillo,5,0,-,Black,evilminnow,30,1,castle_destroyed,647,21.57,False,22,22,44,5,0,0,5915,5915,5,-1,1.0000,500
Black,7,gorillo,5,0,-,Black,evilminnow,45,1,castle_destroyed,614,20.47,False,14,14,28,3,0,0,5915,5915,5,-1,1.0000,479
Black,7,gorillo,5,0,-,Black,evilminnow,60,1,castle_destroyed,595,19.83,False,10,10,20,3,0,0,5915,5915,5,-1,1.0000,461
Black,7,gorillo,5,0,-,Black,evilminnow,90,1,castle_destroyed,595,19.83,False,7,7,14,2,0,0,5915,5915,5,-1,1.0000,437
Black,7,gorillo,5,0,-,Black,evilminnow,120,1,castle_destroyed,584,19.47,False,5,5,10,2,0,0,5915,5915,5,-1,1.0000,437
Black,7,gorillo,5,4,evilnom,Black,evilminnow,0,1,castle_destroyed,524,17.47,False,0,0,0,0,0,18,6365,5915,5,-1,1.0000,132
Black,7,gorillo,5,4,evilnom,Black,evilminnow,1,1,force_destroyed,2707,90.23,False,2647,2582,5294,119,5294,89,8140,5915,0,2647,0.4471,-1
Black,7,gorillo,5,4,evilnom,Black,evilminnow,2,1,castle_destroyed,1706,56.87,False,853,848,1706,42,0,57,7340,5915,5,-1,1.0000,582
Black,7,gorillo,5,4,evilnom,Black,evilminnow,3,1,castle_destroyed,966,32.20,False,322,319,644,28,0,33,6740,5915,5,-1,1.0000,505
Black,7,gorillo,5,4,evilnom,Black,evilminnow,5,1,castle_destroyed,603,20.10,False,121,119,242,17,0,21,6440,5915,5,-1,1.0000,324
Black,7,gorillo,5,4,evilnom,Black,evilminnow,10,1,castle_destroyed,535,17.83,False,54,53,108,8,0,18,6365,5915,5,-1,1.0000,174
Black,7,gorillo,5,4,evilnom,Black,evilminnow,15,1,castle_destroyed,524,17.47,False,35,35,70,6,0,18,6365,5915,5,-1,1.0000,144
Black,7,gorillo,5,4,evilnom,Black,evilminnow,20,1,castle_destroyed,524,17.47,False,27,26,54,4,0,18,6365,5915,5,-1,1.0000,144
Black,7,gorillo,5,4,evilnom,Black,evilminnow,30,1,castle_destroyed,524,17.47,False,18,18,36,3,0,18,6365,5915,5,-1,1.0000,143
Black,7,gorillo,5,4,evilnom,Black,evilminnow,45,1,castle_destroyed,524,17.47,False,12,12,24,2,0,18,6365,5915,5,-1,1.0000,136
Black,7,gorillo,5,4,evilnom,Black,evilminnow,60,1,castle_destroyed,524,17.47,False,9,9,18,2,0,18,6365,5915,5,-1,1.0000,141
Black,7,gorillo,5,4,evilnom,Black,evilminnow,90,1,castle_destroyed,524,17.47,False,6,6,12,1,0,18,6365,5915,5,-1,1.0000,135
Black,7,gorillo,5,4,evilnom,Black,evilminnow,120,1,castle_destroyed,524,17.47,False,5,5,10,1,0,18,6365,5915,5,-1,1.0000,140
Black,8,evilguy,0,4,evilnom,Black,evilminnow,0,1,castle_destroyed,762,25.40,False,0,0,0,0,0,26,650,0,0,-1,0.0000,132
Black,8,evilguy,0,4,evilnom,Black,evilminnow,1,1,survived_horizon,36000,1200.00,True,36000,35823,72000,185,0,1200,30000,0,0,-1,0.0000,-1
Black,8,evilguy,0,4,evilnom,Black,evilminnow,2,1,survived_horizon,36000,1200.00,True,18000,17993,36000,42,0,1200,30000,0,0,-1,0.0000,-1
Black,8,evilguy,0,4,evilnom,Black,evilminnow,3,1,castle_destroyed,15580,519.33,False,5194,5190,10388,28,0,520,13000,0,0,-1,0.0000,589
Black,8,evilguy,0,4,evilnom,Black,evilminnow,5,1,castle_destroyed,3680,122.67,False,736,734,1472,17,0,123,3075,0,0,-1,0.0000,324
Black,8,evilguy,0,4,evilnom,Black,evilminnow,10,1,castle_destroyed,1376,45.87,False,138,137,276,8,0,46,1150,0,0,-1,0.0000,174
Black,8,evilguy,0,4,evilnom,Black,evilminnow,15,1,castle_destroyed,1004,33.47,False,67,67,134,6,0,34,850,0,0,-1,0.0000,144
Black,8,evilguy,0,4,evilnom,Black,evilminnow,20,1,castle_destroyed,864,28.80,False,44,43,88,4,0,29,725,0,0,-1,0.0000,144
Black,8,evilguy,0,4,evilnom,Black,evilminnow,30,1,castle_destroyed,782,26.07,False,27,26,54,3,0,27,675,0,0,-1,0.0000,143
Black,8,evilguy,0,4,evilnom,Black,evilminnow,45,1,castle_destroyed,770,25.67,False,18,17,36,2,0,26,650,0,0,-1,0.0000,136
Black,8,evilguy,0,4,evilnom,Black,evilminnow,60,1,castle_destroyed,767,25.57,False,13,13,26,2,0,26,650,0,0,-1,0.0000,141
Black,8,evilguy,0,4,evilnom,Black,evilminnow,90,1,castle_destroyed,765,25.50,False,9,9,18,1,0,26,650,0,0,-1,0.0000,135
Black,8,evilguy,0,4,evilnom,Black,evilminnow,120,1,castle_destroyed,765,25.50,False,7,7,14,1,0,26,650,0,0,-1,0.0000,140
Black,8,evilguy,1,0,-,Black,evilminnow,0,1,castle_destroyed,1001,33.37,False,0,0,0,0,0,0,14040,14040,1,-1,1.0000,851
Black,8,evilguy,1,0,-,Black,evilminnow,1,1,force_destroyed,2058,68.60,False,2058,1801,4116,299,4116,0,14040,14040,0,2058,0.1765,-1
Black,8,evilguy,1,0,-,Black,evilminnow,2,1,force_destroyed,3895,129.83,False,1948,1801,3896,149,3896,0,14040,14040,0,3895,0.1824,-1
Black,8,evilguy,1,0,-,Black,evilminnow,3,1,force_destroyed,5764,192.13,False,1922,1851,3844,99,3844,0,14040,14040,0,5764,0.1882,-1
Black,8,evilguy,1,0,-,Black,evilminnow,5,1,force_destroyed,9375,312.50,False,1875,1831,3750,59,3750,0,14040,14040,0,9375,0.2000,-1
Black,8,evilguy,1,0,-,Black,evilminnow,10,1,force_destroyed,17985,599.50,False,1799,1771,3598,29,3598,0,14040,14040,0,17985,0.2294,-1
Black,8,evilguy,1,0,-,Black,evilminnow,15,1,force_destroyed,26001,866.70,True,1734,1721,3468,19,3468,0,14040,14040,0,26001,0.2588,-1
Black,8,evilguy,1,0,-,Black,evilminnow,20,1,survived_horizon,36000,1200.00,True,1800,1793,3600,15,0,0,14040,14040,1,-1,1.0000,-1
Black,8,evilguy,1,0,-,Black,evilminnow,30,1,survived_horizon,36000,1200.00,True,1200,1191,2400,9,0,0,14040,14040,1,-1,0.3471,-1
Black,8,evilguy,1,0,-,Black,evilminnow,45,1,survived_horizon,36000,1200.00,True,800,797,1600,7,0,0,14040,14040,1,-1,1.0000,-1
Black,8,evilguy,1,0,-,Black,evilminnow,60,1,survived_horizon,36000,1200.00,True,600,598,1200,5,0,0,14040,14040,1,-1,1.0000,-1
Black,8,evilguy,1,0,-,Black,evilminnow,90,1,survived_horizon,36000,1200.00,True,400,399,800,3,0,0,14040,14040,1,-1,1.0000,-1
Black,8,evilguy,1,0,-,Black,evilminnow,120,1,survived_horizon,36000,1200.00,True,300,299,600,2,0,0,14040,14040,1,-1,1.0000,-1
Black,8,evilguy,1,4,evilnom,Black,evilminnow,0,1,castle_destroyed,762,25.40,False,0,0,0,0,0,26,14690,14040,1,-1,0.8965,132
Black,8,evilguy,1,4,evilnom,Black,evilminnow,1,1,force_destroyed,16436,547.87,False,16392,16299,32784,141,32784,547,27715,14040,0,16392,0.3224,-1
Black,8,evilguy,1,4,evilnom,Black,evilminnow,2,1,survived_horizon,36000,1200.00,True,18000,17993,36000,42,0,1200,44040,14040,1,-1,1.0000,852
Black,8,evilguy,1,4,evilnom,Black,evilminnow,3,1,castle_destroyed,14230,474.33,False,4744,4740,9488,28,0,475,25915,14040,1,-1,1.0000,589
Black,8,evilguy,1,4,evilnom,Black,evilminnow,5,1,castle_destroyed,3619,120.63,False,724,722,1448,17,0,121,17065,14040,1,-1,1.0000,324
Black,8,evilguy,1,4,evilnom,Black,evilminnow,10,1,castle_destroyed,1376,45.87,False,138,137,276,8,0,46,15190,14040,1,-1,1.0000,174
Black,8,evilguy,1,4,evilnom,Black,evilminnow,15,1,castle_destroyed,1004,33.47,False,67,67,134,6,0,34,14890,14040,1,-1,1.0000,144
Black,8,evilguy,1,4,evilnom,Black,evilminnow,20,1,castle_destroyed,864,28.80,False,44,43,88,4,0,29,14765,14040,1,-1,1.0000,144
Black,8,evilguy,1,4,evilnom,Black,evilminnow,30,1,castle_destroyed,782,26.07,False,27,26,54,3,0,27,14715,14040,1,-1,0.9200,143
Black,8,evilguy,1,4,evilnom,Black,evilminnow,45,1,castle_destroyed,770,25.67,False,18,17,36,2,0,26,14690,14040,1,-1,0.9059,136
Black,8,evilguy,1,4,evilnom,Black,evilminnow,60,1,castle_destroyed,767,25.57,False,13,13,26,2,0,26,14690,14040,1,-1,0.9024,141
Black,8,evilguy,1,4,evilnom,Black,evilminnow,90,1,castle_destroyed,765,25.50,False,9,9,18,1,0,26,14690,14040,1,-1,0.9000,135
Black,8,evilguy,1,4,evilnom,Black,evilminnow,120,1,castle_destroyed,765,25.50,False,7,7,14,1,0,26,14690,14040,1,-1,0.9000,140
Black,8,evilguy,2,0,-,Black,evilminnow,0,1,castle_destroyed,881,29.37,False,0,0,0,0,0,0,28080,28080,2,-1,1.0000,851
Black,8,evilguy,2,0,-,Black,evilminnow,1,1,force_destroyed,2891,96.37,False,2891,2731,5782,269,5782,0,28080,28080,0,2891,0.1765,-1
Black,8,evilguy,2,0,-,Black,evilminnow,2,1,force_destroyed,5501,183.37,False,2751,2641,5502,148,5502,0,28080,28080,0,5501,0.1824,-1
Black,8,evilguy,2,0,-,Black,evilminnow,3,1,force_destroyed,8253,275.10,False,2751,2667,5502,98,5502,0,28080,28080,0,8253,0.2824,-1
Black,8,evilguy,2,0,-,Black,evilminnow,5,1,force_destroyed,14020,467.33,False,2804,2780,5608,58,5608,0,28080,28080,0,14020,0.5682,-1
Black,8,evilguy,2,0,-,Black,evilminnow,10,1,force_destroyed,28792,959.73,True,2880,2868,5760,28,5760,0,28080,28080,0,28792,1.0000,-1
Black,8,evilguy,2,0,-,Black,evilminnow,15,1,survived_horizon,36000,1200.00,True,2400,2393,4800,18,0,0,28080,28080,2,-1,1.0000,-1
Black,8,evilguy,2,0,-,Black,evilminnow,20,1,survived_horizon,36000,1200.00,True,1800,1795,3600,13,0,0,28080,28080,2,-1,1.0000,-1
Black,8,evilguy,2,0,-,Black,evilminnow,30,1,survived_horizon,36000,1200.00,True,1200,1197,2400,8,0,0,28080,28080,2,-1,1.0000,-1
Black,8,evilguy,2,0,-,Black,evilminnow,45,1,survived_horizon,36000,1200.00,True,800,798,1600,5,0,0,28080,28080,2,-1,1.0000,-1
Black,8,evilguy,2,0,-,Black,evilminnow,60,1,survived_horizon,36000,1200.00,True,600,599,1200,4,0,0,28080,28080,2,-1,1.0000,-1
Black,8,evilguy,2,0,-,Black,evilminnow,90,1,castle_destroyed,1520,50.67,False,17,17,34,2,0,0,28080,28080,2,-1,1.0000,1070
Black,8,evilguy,2,0,-,Black,evilminnow,120,1,castle_destroyed,1057,35.23,False,9,9,18,2,0,0,28080,28080,2,-1,1.0000,907
Black,8,evilguy,2,4,evilnom,Black,evilminnow,0,1,castle_destroyed,762,25.40,False,0,0,0,0,0,26,28730,28080,2,-1,0.8965,132
Black,8,evilguy,2,4,evilnom,Black,evilminnow,1,1,force_destroyed,17244,574.80,False,17196,17102,34392,141,34392,574,42430,28080,0,17196,0.3224,-1
Black,8,evilguy,2,4,evilnom,Black,evilminnow,2,1,survived_horizon,36000,1200.00,True,18000,17993,36000,42,0,1200,58080,28080,2,-1,1.0000,852
Black,8,evilguy,2,4,evilnom,Black,evilminnow,3,1,castle_destroyed,13120,437.33,False,4374,4370,8748,28,0,438,39030,28080,2,-1,1.0000,589
Black,8,evilguy,2,4,evilnom,Black,evilminnow,5,1,castle_destroyed,3559,118.63,False,712,710,1424,17,0,119,31055,28080,2,-1,1.0000,324
Black,8,evilguy,2,4,evilnom,Black,evilminnow,10,1,castle_destroyed,1376,45.87,False,138,137,276,8,0,46,29230,28080,2,-1,1.0000,174
Black,8,evilguy,2,4,evilnom,Black,evilminnow,15,1,castle_destroyed,1004,33.47,False,67,67,134,6,0,34,28930,28080,2,-1,1.0000,144
Black,8,evilguy,2,4,evilnom,Black,evilminnow,20,1,castle_destroyed,864,28.80,False,44,43,88,4,0,29,28805,28080,2,-1,1.0000,144
Black,8,evilguy,2,4,evilnom,Black,evilminnow,30,1,castle_destroyed,782,26.07,False,27,26,54,3,0,27,28755,28080,2,-1,0.9200,143
Black,8,evilguy,2,4,evilnom,Black,evilminnow,45,1,castle_destroyed,770,25.67,False,18,17,36,2,0,26,28730,28080,2,-1,0.9059,136
Black,8,evilguy,2,4,evilnom,Black,evilminnow,60,1,castle_destroyed,767,25.57,False,13,13,26,2,0,26,28730,28080,2,-1,0.9024,141
Black,8,evilguy,2,4,evilnom,Black,evilminnow,90,1,castle_destroyed,765,25.50,False,9,9,18,1,0,26,28730,28080,2,-1,0.9000,135
Black,8,evilguy,2,4,evilnom,Black,evilminnow,120,1,castle_destroyed,765,25.50,False,7,7,14,1,0,26,28730,28080,2,-1,0.9000,140
Black,8,evilguy,3,0,-,Black,evilminnow,0,1,castle_destroyed,881,29.37,False,0,0,0,0,0,0,42120,42120,3,-1,1.0000,851
Black,8,evilguy,3,0,-,Black,evilminnow,1,1,force_destroyed,4205,140.17,False,4205,3961,8410,244,8410,0,42120,42120,0,4205,0.1765,-1
Black,8,evilguy,3,0,-,Black,evilminnow,2,1,force_destroyed,8355,278.50,False,4178,4089,8356,119,8356,0,42120,42120,0,8355,0.2694,-1
Black,8,evilguy,3,0,-,Black,evilminnow,3,1,force_destroyed,12453,415.10,False,4151,4088,8302,79,8302,0,42120,42120,0,12453,0.4671,-1
Black,8,evilguy,3,0,-,Black,evilminnow,5,1,force_destroyed,20956,698.53,True,4192,4181,8384,47,8384,0,42120,42120,0,20956,0.9953,-1
Black,8,evilguy,3,0,-,Black,evilminnow,10,1,survived_horizon,36000,1200.00,True,3600,3591,7200,23,0,0,42120,42120,3,-1,1.0000,-1
Black,8,evilguy,3,0,-,Black,evilminnow,15,1,survived_horizon,36000,1200.00,True,2400,2395,4800,15,0,0,42120,42120,3,-1,1.0000,-1
Black,8,evilguy,3,0,-,Black,evilminnow,20,1,survived_horizon,36000,1200.00,True,1800,1796,3600,11,0,0,42120,42120,3,-1,1.0000,-1
Black,8,evilguy,3,0,-,Black,evilminnow,30,1,survived_horizon,36000,1200.00,True,1200,1198,2400,6,0,0,42120,42120,3,-1,1.0000,-1
Black,8,evilguy,3,0,-,Black,evilminnow,45,1,survived_horizon,36000,1200.00,True,800,799,1600,5,0,0,42120,42120,3,-1,1.0000,-1
Black,8,evilguy,3,0,-,Black,evilminnow,60,1,castle_destroyed,1379,45.97,False,23,23,46,3,0,0,42120,42120,3,-1,1.0000,1079
Black,8,evilguy,3,0,-,Black,evilminnow,90,1,castle_destroyed,1439,47.97,False,16,16,32,2,0,0,42120,42120,3,-1,1.0000,989
Black,8,evilguy,3,0,-,Black,evilminnow,120,1,castle_destroyed,911,30.37,False,8,8,16,2,0,0,42120,42120,3,-1,1.0000,907
Black,8,evilguy,3,4,evilnom,Black,evilminnow,0,1,castle_destroyed,762,25.40,False,0,0,0,0,0,26,42770,42120,3,-1,0.8965,132
Black,8,evilguy,3,4,evilnom,Black,evilminnow,1,1,force_destroyed,18114,603.80,True,18077,17982,36154,141,36154,603,57195,42120,0,18077,0.3224,-1
Black,8,evilguy,3,4,evilnom,Black,evilminnow,2,1,survived_horizon,36000,1200.00,True,18000,17993,36000,42,0,1200,72120,42120,3,-1,1.0000,852
Black,8,evilguy,3,4,evilnom,Black,evilminnow,3,1,castle_destroyed,12162,405.40,False,4054,4051,8108,28,0,406,52270,42120,3,-1,1.0000,589
Black,8,evilguy,3,4,evilnom,Black,evilminnow,5,1,castle_destroyed,3500,116.67,False,700,698,1400,17,0,117,45045,42120,3,-1,1.0000,324
Black,8,evilguy,3,4,evilnom,Black,evilminnow,10,1,castle_destroyed,1376,45.87,False,138,137,276,8,0,46,43270,42120,3,-1,1.0000,174
Black,8,evilguy,3,4,evilnom,Black,evilminnow,15,1,castle_destroyed,1004,33.47,False,67,67,134,6,0,34,42970,42120,3,-1,1.0000,144
Black,8,evilguy,3,4,evilnom,Black,evilminnow,20,1,castle_destroyed,864,28.80,False,44,43,88,4,0,29,42845,42120,3,-1,1.0000,144
Black,8,evilguy,3,4,evilnom,Black,evilminnow,30,1,castle_destroyed,782,26.07,False,27,26,54,3,0,27,42795,42120,3,-1,0.9200,143
Black,8,evilguy,3,4,evilnom,Black,evilminnow,45,1,castle_destroyed,770,25.67,False,18,17,36,2,0,26,42770,42120,3,-1,0.9059,136
Black,8,evilguy,3,4,evilnom,Black,evilminnow,60,1,castle_destroyed,767,25.57,False,13,13,26,2,0,26,42770,42120,3,-1,0.9024,141
Black,8,evilguy,3,4,evilnom,Black,evilminnow,90,1,castle_destroyed,765,25.50,False,9,9,18,1,0,26,42770,42120,3,-1,0.9000,135
Black,8,evilguy,3,4,evilnom,Black,evilminnow,120,1,castle_destroyed,765,25.50,False,7,7,14,1,0,26,42770,42120,3,-1,0.9000,140
Black,8,evilguy,4,0,-,Black,evilminnow,0,1,castle_destroyed,881,29.37,False,0,0,0,0,0,0,56160,56160,4,-1,1.0000,851
Black,8,evilguy,4,0,-,Black,evilminnow,1,1,force_destroyed,6169,205.63,False,6169,5941,12338,228,12338,0,56160,56160,0,6169,0.1765,-1
Black,8,evilguy,4,0,-,Black,evilminnow,2,1,force_destroyed,12175,405.83,False,6088,5987,12176,104,12176,0,56160,56160,0,12175,0.3647,-1
Black,8,evilguy,4,0,-,Black,evilminnow,3,1,force_destroyed,18300,610.00,True,6100,6061,12200,69,12200,0,56160,56160,0,18300,0.7094,-1
Black,8,evilguy,4,0,-,Black,evilminnow,5,1,force_destroyed,30022,1000.73,True,6005,5987,12010,41,12010,0,56160,56160,0,30022,1.0000,-1
Black,8,evilguy,4,0,-,Black,evilminnow,10,1,survived_horizon,36000,1200.00,True,3600,3594,7200,20,0,0,56160,56160,4,-1,1.0000,-1
Black,8,evilguy,4,0,-,Black,evilminnow,15,1,survived_horizon,36000,1200.00,True,2400,2397,4800,13,0,0,56160,56160,4,-1,1.0000,-1
Black,8,evilguy,4,0,-,Black,evilminnow,20,1,survived_horizon,36000,1200.00,True,1800,1798,3600,10,0,0,56160,56160,4,-1,1.0000,-1
Black,8,evilguy,4,0,-,Black,evilminnow,30,1,castle_destroyed,2409,80.30,False,81,80,162,6,0,0,56160,56160,4,-1,1.0000,2259
Black,8,evilguy,4,0,-,Black,evilminnow,45,1,castle_destroyed,1311,43.70,False,30,29,60,4,0,0,56160,56160,4,-1,1.0000,1085
Black,8,evilguy,4,0,-,Black,evilminnow,60,1,castle_destroyed,1324,44.13,False,23,22,46,3,0,0,56160,56160,4,-1,1.0000,1024
Black,8,evilguy,4,0,-,Black,evilminnow,90,1,castle_destroyed,989,32.97,False,11,11,22,2,0,0,56160,56160,4,-1,1.0000,941
Black,8,evilguy,4,0,-,Black,evilminnow,120,1,castle_destroyed,911,30.37,False,8,8,16,2,0,0,56160,56160,4,-1,1.0000,907
Black,8,evilguy,4,4,evilnom,Black,evilminnow,0,1,castle_destroyed,762,25.40,False,0,0,0,0,0,26,56810,56160,4,-1,0.8965,132
Black,8,evilguy,4,4,evilnom,Black,evilminnow,1,1,force_destroyed,19074,635.80,True,19044,18942,38088,141,38088,635,72035,56160,0,19044,0.3224,-1
Black,8,evilguy,4,4,evilnom,Black,evilminnow,2,1,survived_horizon,36000,1200.00,True,18000,17993,36000,42,0,1200,86160,56160,4,-1,1.0000,852
Black,8,evilguy,4,4,evilnom,Black,evilminnow,3,1,castle_destroyed,11359,378.63,False,3787,3783,7574,28,0,379,65635,56160,4,-1,1.0000,589
Black,8,evilguy,4,4,evilnom,Black,evilminnow,5,1,castle_destroyed,3449,114.97,False,690,688,1380,17,0,115,59035,56160,4,-1,1.0000,324
Black,8,evilguy,4,4,evilnom,Black,evilminnow,10,1,castle_destroyed,1376,45.87,False,138,137,276,8,0,46,57310,56160,4,-1,1.0000,174
Black,8,evilguy,4,4,evilnom,Black,evilminnow,15,1,castle_destroyed,1004,33.47,False,67,67,134,6,0,34,57010,56160,4,-1,1.0000,144
Black,8,evilguy,4,4,evilnom,Black,evilminnow,20,1,castle_destroyed,864,28.80,False,44,43,88,4,0,29,56885,56160,4,-1,1.0000,144
Black,8,evilguy,4,4,evilnom,Black,evilminnow,30,1,castle_destroyed,782,26.07,False,27,26,54,3,0,27,56835,56160,4,-1,0.9200,143
Black,8,evilguy,4,4,evilnom,Black,evilminnow,45,1,castle_destroyed,770,25.67,False,18,17,36,2,0,26,56810,56160,4,-1,0.9059,136
Black,8,evilguy,4,4,evilnom,Black,evilminnow,60,1,castle_destroyed,767,25.57,False,13,13,26,2,0,26,56810,56160,4,-1,0.9024,141
Black,8,evilguy,4,4,evilnom,Black,evilminnow,90,1,castle_destroyed,765,25.50,False,9,9,18,1,0,26,56810,56160,4,-1,0.9000,135
Black,8,evilguy,4,4,evilnom,Black,evilminnow,120,1,castle_destroyed,765,25.50,False,7,7,14,1,0,26,56810,56160,4,-1,0.9000,140
Black,8,evilguy,5,0,-,Black,evilminnow,0,1,castle_destroyed,881,29.37,False,0,0,0,0,0,0,70200,70200,5,-1,1.0000,851
Black,8,evilguy,5,0,-,Black,evilminnow,1,1,force_destroyed,8128,270.93,False,8128,7921,16256,207,16256,0,70200,70200,0,8128,0.1765,-1
Black,8,evilguy,5,0,-,Black,evilminnow,2,1,force_destroyed,15929,530.97,False,7965,7887,15930,104,15930,0,70200,70200,0,15929,0.4847,-1
Black,8,evilguy,5,0,-,Black,evilminnow,3,1,force_destroyed,23738,791.27,True,7913,7888,15826,69,15826,0,70200,70200,0,23738,1.0000,-1
Black,8,evilguy,5,0,-,Black,evilminnow,5,1,survived_horizon,36000,1200.00,True,7200,7193,14400,41,0,0,70200,70200,5,-1,1.0000,-1
Black,8,evilguy,5,0,-,Black,evilminnow,10,1,survived_horizon,36000,1200.00,True,3600,3597,7200,20,0,0,70200,70200,5,-1,1.0000,-1
Black,8,evilguy,5,0,-,Black,evilminnow,15,1,survived_horizon,36000,1200.00,True,2400,2399,4800,13,0,0,70200,70200,5,-1,1.0000,-1
Black,8,evilguy,5,0,-,Black,evilminnow,20,1,castle_destroyed,2707,90.23,False,136,135,272,10,0,0,70200,70200,5,-1,1.0000,2407
Black,8,evilguy,5,0,-,Black,evilminnow,30,1,castle_destroyed,1690,56.33,False,57,56,114,6,0,0,70200,70200,5,-1,1.0000,1540
Black,8,evilguy,5,0,-,Black,evilminnow,45,1,castle_destroyed,1039,34.63,False,24,23,48,4,0,0,70200,70200,5,-1,1.0000,1039
Black,8,evilguy,5,0,-,Black,evilminnow,60,1,castle_destroyed,1323,44.10,False,23,22,46,3,0,0,70200,70200,5,-1,1.0000,1023
Black,8,evilguy,5,0,-,Black,evilminnow,90,1,castle_destroyed,971,32.37,False,11,11,22,2,0,0,70200,70200,5,-1,1.0000,941
Black,8,evilguy,5,0,-,Black,evilminnow,120,1,castle_destroyed,911,30.37,False,8,8,16,2,0,0,70200,70200,5,-1,1.0000,907
Black,8,evilguy,5,4,evilnom,Black,evilminnow,0,1,castle_destroyed,762,25.40,False,0,0,0,0,0,26,70850,70200,5,-1,0.8965,132
Black,8,evilguy,5,4,evilnom,Black,evilminnow,1,1,force_destroyed,20154,671.80,True,20120,20022,40240,141,40240,671,86975,70200,0,20120,0.3224,-1
Black,8,evilguy,5,4,evilnom,Black,evilminnow,2,1,castle_destroyed,30822,1027.40,True,15411,15406,30822,42,0,1028,95900,70200,5,-1,1.0000,852
Black,8,evilguy,5,4,evilnom,Black,evilminnow,3,1,castle_destroyed,10662,355.40,False,3554,3551,7108,28,0,356,79100,70200,5,-1,1.0000,589
Black,8,evilguy,5,4,evilnom,Black,evilminnow,5,1,castle_destroyed,3400,113.33,False,680,678,1360,17,0,114,73050,70200,5,-1,1.0000,324
Black,8,evilguy,5,4,evilnom,Black,evilminnow,10,1,castle_destroyed,1376,45.87,False,138,137,276,8,0,46,71350,70200,5,-1,1.0000,174
Black,8,evilguy,5,4,evilnom,Black,evilminnow,15,1,castle_destroyed,1004,33.47,False,67,67,134,6,0,34,71050,70200,5,-1,1.0000,144
Black,8,evilguy,5,4,evilnom,Black,evilminnow,20,1,castle_destroyed,864,28.80,False,44,43,88,4,0,29,70925,70200,5,-1,1.0000,144
Black,8,evilguy,5,4,evilnom,Black,evilminnow,30,1,castle_destroyed,782,26.07,False,27,26,54,3,0,27,70875,70200,5,-1,0.9200,143
Black,8,evilguy,5,4,evilnom,Black,evilminnow,45,1,castle_destroyed,770,25.67,False,18,17,36,2,0,26,70850,70200,5,-1,0.9059,136
Black,8,evilguy,5,4,evilnom,Black,evilminnow,60,1,castle_destroyed,767,25.57,False,13,13,26,2,0,26,70850,70200,5,-1,0.9024,141
Black,8,evilguy,5,4,evilnom,Black,evilminnow,90,1,castle_destroyed,765,25.50,False,9,9,18,1,0,26,70850,70200,5,-1,0.9000,135
Black,8,evilguy,5,4,evilnom,Black,evilminnow,120,1,castle_destroyed,765,25.50,False,7,7,14,1,0,26,70850,70200,5,-1,0.9000,140
Blue,5,squid,0,4,eel,Blue,fishy,0,1,castle_destroyed,858,28.60,False,0,0,0,0,0,29,667,0,0,-1,0.0000,123
Blue,5,squid,0,4,eel,Blue,fishy,1,1,survived_horizon,36000,1200.00,True,36000,35804,108000,204,0,1200,27600,0,0,-1,0.0000,-1
Blue,5,squid,0,4,eel,Blue,fishy,2,1,survived_horizon,36000,1200.00,True,18000,17991,54000,42,0,1200,27600,0,0,-1,0.0000,-1
Blue,5,squid,0,4,eel,Blue,fishy,3,1,castle_destroyed,20754,691.80,True,6918,6914,20754,28,0,692,15916,0,0,-1,0.0000,483
Blue,5,squid,0,4,eel,Blue,fishy,5,1,castle_destroyed,4356,145.20,False,872,869,2616,17,0,146,3358,0,0,-1,0.0000,280
Blue,5,squid,0,4,eel,Blue,fishy,10,1,castle_destroyed,1702,56.73,False,171,169,513,8,0,57,1311,0,0,-1,0.0000,168
Blue,5,squid,0,4,eel,Blue,fishy,15,1,castle_destroyed,1175,39.17,False,79,78,237,6,0,40,920,0,0,-1,0.0000,143
Blue,5,squid,0,4,eel,Blue,fishy,20,1,castle_destroyed,1010,33.67,False,51,50,153,4,0,34,782,0,0,-1,0.0000,141
Blue,5,squid,0,4,eel,Blue,fishy,30,1,castle_destroyed,885,29.50,False,30,30,90,3,0,30,690,0,0,-1,0.0000,128
Blue,5,squid,0,4,eel,Blue,fishy,45,1,castle_destroyed,867,28.90,False,20,19,60,2,0,29,667,0,0,-1,0.0000,127
Blue,5,squid,0,4,eel,Blue,fishy,60,1,castle_destroyed,867,28.90,False,15,15,45,2,0,29,667,0,0,-1,0.0000,125
Blue,5,squid,0,4,eel,Blue,fishy,90,1,castle_destroyed,863,28.77,False,10,10,30,1,0,29,667,0,0,-1,0.0000,126
Blue,5,squid,0,4,eel,Blue,fishy,120,1,castle_destroyed,862,28.73,False,8,8,24,1,0,29,667,0,0,-1,0.0000,124
Blue,5,squid,1,0,-,Blue,fishy,0,1,castle_destroyed,5957,198.57,False,0,0,0,0,0,0,62,62,1,-1,1.0000,143
Blue,5,squid,1,0,-,Blue,fishy,1,1,force_destroyed,133,4.43,False,133,20,399,113,399,0,62,62,0,133,0.6071,-1
Blue,5,squid,1,0,-,Blue,fishy,2,1,force_destroyed,161,5.37,False,81,21,243,60,243,0,62,62,0,161,0.6194,-1
Blue,5,squid,1,0,-,Blue,fishy,3,1,force_destroyed,212,7.07,False,71,37,213,38,213,0,62,62,0,212,0.6282,-1
Blue,5,squid,1,0,-,Blue,fishy,5,1,force_destroyed,278,9.27,False,56,41,168,23,168,0,62,62,0,278,0.6629,-1
Blue,5,squid,1,0,-,Blue,fishy,10,1,force_destroyed,412,13.73,False,42,33,126,11,126,0,62,62,0,412,0.7094,-1
Blue,5,squid,1,0,-,Blue,fishy,15,1,force_destroyed,643,21.43,False,43,41,129,7,129,0,62,62,0,643,1.0000,-1
Blue,5,squid,1,0,-,Blue,fishy,20,1,force_destroyed,627,20.90,False,32,29,96,5,96,0,62,62,0,627,0.8947,-1
Blue,5,squid,1,0,-,Blue,fishy,30,1,force_destroyed,1333,44.43,False,45,44,135,3,135,0,62,62,0,1333,1.0000,220
Blue,5,squid,1,0,-,Blue,fishy,45,1,force_destroyed,2038,67.93,False,46,45,138,2,138,0,62,62,0,2038,1.0000,146
Blue,5,squid,1,0,-,Blue,fishy,60,1,force_destroyed,2773,92.43,False,47,46,141,2,141,0,62,62,0,2773,1.0000,159
Blue,5,squid,1,0,-,Blue,fishy,90,1,force_destroyed,4070,135.67,False,46,45,138,1,138,0,62,62,0,4070,1.0000,145
Blue,5,squid,1,0,-,Blue,fishy,120,1,force_destroyed,5533,184.43,False,47,47,141,1,141,0,62,62,0,5533,1.0000,158
Blue,5,squid,1,4,eel,Blue,fishy,0,1,castle_destroyed,813,27.10,False,0,0,0,0,0,28,706,62,1,-1,1.0000,123
Blue,5,squid,1,4,eel,Blue,fishy,1,1,force_destroyed,273,9.10,False,208,183,624,88,624,7,223,62,0,208,0.6459,-1
Blue,5,squid,1,4,eel,Blue,fishy,2,1,castle_destroyed,3524,117.47,False,145,145,435,42,435,10,292,62,0,289,0.7941,360
Blue,5,squid,1,4,eel,Blue,fishy,3,1,castle_destroyed,2350,78.33,False,136,136,408,28,408,14,384,62,0,408,0.9876,423
Blue,5,squid,1,4,eel,Blue,fishy,5,1,castle_destroyed,1797,59.90,False,111,111,333,17,333,19,499,62,0,553,1.0000,217
Blue,5,squid,1,4,eel,Blue,fishy,10,1,castle_destroyed,1331,44.37,False,99,99,297,8,297,33,821,62,0,983,1.0000,166
Blue,5,squid,1,4,eel,Blue,fishy,15,1,castle_destroyed,1049,34.97,False,70,70,210,6,0,35,867,62,1,-1,1.0000,143
Blue,5,squid,1,4,eel,Blue,fishy,20,1,castle_destroyed,923,30.77,False,47,46,141,4,0,31,775,62,1,-1,1.0000,141
Blue,5,squid,1,4,eel,Blue,fishy,30,1,castle_destroyed,834,27.80,False,28,28,84,3,0,28,706,62,1,-1,1.0000,128
Blue,5,squid,1,4,eel,Blue,fishy,45,1,castle_destroyed,822,27.40,False,19,18,57,2,0,28,706,62,1,-1,1.0000,127
Blue,5,squid,1,4,eel,Blue,fishy,60,1,castle_destroyed,820,27.33,False,14,14,42,2,0,28,706,62,1,-1,1.0000,125
Blue,5,squid,1,4,eel,Blue,fishy,90,1,castle_destroyed,817,27.23,False,10,9,30,1,0,28,706,62,1,-1,1.0000,126
Blue,5,squid,1,4,eel,Blue,fishy,120,1,castle_destroyed,816,27.20,False,7,7,21,1,0,28,706,62,1,-1,1.0000,124
Blue,5,squid,2,0,-,Blue,fishy,0,1,castle_destroyed,3061,102.03,False,0,0,0,0,0,0,124,124,2,-1,1.0000,143
Blue,5,squid,2,0,-,Blue,fishy,1,1,force_destroyed,172,5.73,False,172,83,516,107,516,0,124,124,0,172,0.6071,-1
Blue,5,squid,2,0,-,Blue,fishy,2,1,force_destroyed,254,8.47,False,127,86,381,52,381,0,124,124,0,254,0.6406,-1
Blue,5,squid,2,0,-,Blue,fishy,3,1,force_destroyed,305,10.17,False,102,77,306,34,306,0,124,124,0,305,0.6688,-1
Blue,5,squid,2,0,-,Blue,fishy,5,1,force_destroyed,397,13.23,False,80,63,240,21,240,0,124,124,0,397,0.7200,-1
Blue,5,squid,2,0,-,Blue,fishy,10,1,force_destroyed,653,21.77,False,66,64,198,10,198,0,124,124,0,653,1.0000,299
Blue,5,squid,2,0,-,Blue,fishy,15,1,force_destroyed,928,30.93,False,62,61,186,7,186,0,124,124,0,928,1.0000,261
Blue,5,squid,2,0,-,Blue,fishy,20,1,force_destroyed,1473,49.10,False,74,73,222,5,222,0,124,124,0,1473,1.0000,190
Blue,5,squid,2,0,-,Blue,fishy,30,1,force_destroyed,2210,73.67,False,74,73,222,3,222,0,124,124,0,2210,1.0000,176
Blue,5,squid,2,0,-,Blue,fishy,45,1,force_destroyed,2990,99.67,False,67,67,201,2,201,0,124,124,0,2990,1.0000,146
Blue,5,squid,2,0,-,Blue,fishy,60,1,force_destroyed,3620,120.67,False,61,60,183,2,183,0,124,124,0,3620,1.0000,159
Blue,5,squid,2,0,-,Blue,fishy,90,1,castle_destroyed,3403,113.43,False,38,38,114,1,0,0,124,124,2,-1,1.0000,145
Blue,5,squid,2,0,-,Blue,fishy,120,1,castle_destroyed,3312,110.40,False,28,28,84,1,0,0,124,124,2,-1,1.0000,158
Blue,5,squid,2,4,eel,Blue,fishy,0,1,castle_destroyed,772,25.73,False,0,0,0,0,0,26,722,124,2,-1,1.0000,123
Blue,5,squid,2,4,eel,Blue,fishy,1,1,castle_destroyed,9849,328.30,False,241,241,723,86,723,9,331,124,0,241,0.6459,385
Blue,5,squid,2,4,eel,Blue,fishy,2,1,castle_destroyed,3552,118.40,False,160,160,480,42,480,11,377,124,0,319,0.8206,383
Blue,5,squid,2,4,eel,Blue,fishy,3,1,castle_destroyed,2023,67.43,False,137,137,411,28,411,14,446,124,0,409,1.0000,375
Blue,5,squid,2,4,eel,Blue,fishy,5,1,castle_destroyed,1623,54.10,False,122,122,366,17,366,21,607,124,0,608,1.0000,217
Blue,5,squid,2,4,eel,Blue,fishy,10,1,castle_destroyed,1259,41.97,False,109,109,327,8,327,37,975,124,0,1083,1.0000,166
Blue,5,squid,2,4,eel,Blue,fishy,15,1,castle_destroyed,955,31.83,False,64,63,192,6,0,32,860,124,2,-1,1.0000,143
Blue,5,squid,2,4,eel,Blue,fishy,20,1,castle_destroyed,857,28.57,False,43,43,129,4,0,29,791,124,2,-1,1.0000,141
Blue,5,squid,2,4,eel,Blue,fishy,30,1,castle_destroyed,790,26.33,False,27,26,81,3,0,27,745,124,2,-1,1.0000,128
Blue,5,squid,2,4,eel,Blue,fishy,45,1,castle_destroyed,782,26.07,False,18,18,54,2,0,27,745,124,2,-1,1.0000,127
Blue,5,squid,2,4,eel,Blue,fishy,60,1,castle_destroyed,781,26.03,False,14,13,42,2,0,27,745,124,2,-1,1.0000,125
Blue,5,squid,2,4,eel,Blue,fishy,90,1,castle_destroyed,778,25.93,False,9,9,27,1,0,26,722,124,2,-1,1.0000,126
Blue,5,squid,2,4,eel,Blue,fishy,120,1,castle_destroyed,776,25.87,False,7,7,21,1,0,26,722,124,2,-1,1.0000,124
Blue,5,squid,3,0,-,Blue,fishy,0,1,castle_destroyed,2103,70.10,False,0,0,0,0,0,0,186,186,3,-1,1.0000,143
Blue,5,squid,3,0,-,Blue,fishy,1,1,force_destroyed,231,7.70,False,231,131,693,104,693,0,186,186,0,231,0.6071,-1
Blue,5,squid,3,0,-,Blue,fishy,2,1,force_destroyed,298,9.93,False,149,110,447,52,447,0,186,186,0,298,0.6565,-1
Blue,5,squid,3,0,-,Blue,fishy,3,1,force_destroyed,368,12.27,False,123,98,369,34,369,0,186,186,0,368,0.7271,-1
Blue,5,squid,3,0,-,Blue,fishy,5,1,force_destroyed,483,16.10,False,97,86,291,20,291,0,186,186,0,483,0.8259,-1
Blue,5,squid,3,0,-,Blue,fishy,10,1,force_destroyed,793,26.43,False,80,78,240,10,240,0,186,186,0,793,1.0000,262
Blue,5,squid,3,0,-,Blue,fishy,15,1,force_destroyed,1333,44.43,False,89,88,267,7,267,0,186,186,0,1333,1.0000,214
Blue,5,squid,3,0,-,Blue,fishy,20,1,force_destroyed,1560,52.00,False,78,77,234,5,234,0,186,186,0,1560,1.0000,190
Blue,5,squid,3,0,-,Blue,fishy,30,1,force_destroyed,2503,83.43,False,84,83,252,3,252,0,186,186,0,2503,1.0000,176
Blue,5,squid,3,0,-,Blue,fishy,45,1,castle_destroyed,2610,87.00,False,58,58,174,2,0,0,186,186,3,-1,1.0000,146
Blue,5,squid,3,0,-,Blue,fishy,60,1,castle_destroyed,2339,77.97,False,39,39,117,2,0,0,186,186,3,-1,1.0000,159
Blue,5,squid,3,0,-,Blue,fishy,90,1,castle_destroyed,2254,75.13,False,26,25,78,1,0,0,186,186,3,-1,1.0000,145
Blue,5,squid,3,0,-,Blue,fishy,120,1,castle_destroyed,2217,73.90,False,19,19,57,1,0,0,186,186,3,-1,1.0000,158
Blue,5,squid,3,4,eel,Blue,fishy,0,1,castle_destroyed,737,24.57,False,0,0,0,0,0,25,761,186,3,-1,1.0000,123
Blue,5,squid,3,4,eel,Blue,fishy,1,1,force_destroyed,363,12.10,False,275,273,825,86,825,10,416,186,0,275,0.6459,-1
Blue,5,squid,3,4,eel,Blue,fishy,2,1,castle_destroyed,3580,119.33,False,177,177,531,42,531,12,462,186,0,354,0.8418,406
Blue,5,squid,3,4,eel,Blue,fishy,3,1,castle_destroyed,2061,68.70,False,154,154,462,28,462,16,554,186,0,460,1.0000,375
Blue,5,squid,3,4,eel,Blue,fishy,5,1,castle_destroyed,1596,53.20,False,133,133,399,17,399,23,715,186,0,663,1.0000,216
Blue,5,squid,3,4,eel,Blue,fishy,10,1,castle_destroyed,1135,37.83,False,112,112,336,8,336,38,1060,186,0,1113,1.0000,166
Blue,5,squid,3,4,eel,Blue,fishy,15,1,castle_destroyed,876,29.20,False,59,58,177,6,0,30,876,186,3,-1,1.0000,143
Blue,5,squid,3,4,eel,Blue,fishy,20,1,castle_destroyed,802,26.73,False,41,40,123,4,0,27,807,186,3,-1,1.0000,141
Blue,5,squid,3,4,eel,Blue,fishy,30,1,castle_destroyed,754,25.13,False,26,25,78,3,0,26,784,186,3,-1,1.0000,128
Blue,5,squid,3,4,eel,Blue,fishy,45,1,castle_destroyed,745,24.83,False,17,17,51,2,0,25,761,186,3,-1,1.0000,127
Blue,5,squid,3,4,eel,Blue,fishy,60,1,castle_destroyed,744,24.80,False,13,13,39,2,0,25,761,186,3,-1,1.0000,125
Blue,5,squid,3,4,eel,Blue,fishy,90,1,castle_destroyed,743,24.77,False,9,9,27,1,0,25,761,186,3,-1,1.0000,126
Blue,5,squid,3,4,eel,Blue,fishy,120,1,castle_destroyed,740,24.67,False,7,7,21,1,0,25,761,186,3,-1,1.0000,124
Blue,5,squid,4,0,-,Blue,fishy,0,1,castle_destroyed,1636,54.53,False,0,0,0,0,0,0,248,248,4,-1,1.0000,143
Blue,5,squid,4,0,-,Blue,fishy,1,1,force_destroyed,266,8.87,False,266,161,798,106,798,0,248,248,0,266,0.6071,-1
Blue,5,squid,4,0,-,Blue,fishy,2,1,force_destroyed,338,11.27,False,169,131,507,52,507,0,248,248,0,338,0.6671,-1
Blue,5,squid,4,0,-,Blue,fishy,3,1,force_destroyed,410,13.67,False,137,116,411,34,411,0,248,248,0,410,0.7553,-1
Blue,5,squid,4,0,-,Blue,fishy,5,1,force_destroyed,560,18.67,False,112,108,336,20,336,0,248,248,0,560,1.0000,-1
Blue,5,squid,4,0,-,Blue,fishy,10,1,force_destroyed,1013,33.77,False,102,101,306,10,306,0,248,248,0,1013,1.0000,241
Blue,5,squid,4,0,-,Blue,fishy,15,1,force_destroyed,1483,49.43,False,99,98,297,7,297,0,248,248,0,1483,1.0000,214
Blue,5,squid,4,0,-,Blue,fishy,20,1,force_destroyed,1953,65.10,False,98,97,294,5,294,0,248,248,0,1953,1.0000,190
Blue,5,squid,4,0,-,Blue,fishy,30,1,castle_destroyed,2037,67.90,False,68,68,204,3,0,0,248,248,4,-1,1.0000,176
Blue,5,squid,4,0,-,Blue,fishy,45,1,castle_destroyed,1902,63.40,False,43,42,129,2,0,0,248,248,4,-1,1.0000,146
Blue,5,squid,4,0,-,Blue,fishy,60,1,castle_destroyed,1769,58.97,False,30,30,90,2,0,0,248,248,4,-1,1.0000,159
Blue,5,squid,4,0,-,Blue,fishy,90,1,castle_destroyed,1715,57.17,False,20,19,60,1,0,0,248,248,4,-1,1.0000,145
Blue,5,squid,4,0,-,Blue,fishy,120,1,castle_destroyed,1697,56.57,False,15,15,45,1,0,0,248,248,4,-1,1.0000,158
Blue,5,squid,4,4,eel,Blue,fishy,0,1,castle_destroyed,707,23.57,False,0,0,0,0,0,24,800,248,4,-1,1.0000,123
Blue,5,squid,4,4,eel,Blue,fishy,1,1,force_destroyed,393,13.10,False,305,303,915,86,915,11,501,248,0,305,0.6459,-1
Blue,5,squid,4,4,eel,Blue,fishy,2,1,castle_destroyed,3608,120.27,False,193,193,579,42,579,13,547,248,0,386,0.8735,430
Blue,5,squid,4,4,eel,Blue,fishy,3,1,castle_destroyed,2090,69.67,False,162,162,486,28,486,17,639,248,0,484,1.0000,375
Blue,5,squid,4,4,eel,Blue,fishy,5,1,castle_destroyed,1678,55.93,False,141,141,423,17,423,24,800,248,0,703,1.0000,216
Blue,5,squid,4,4,eel,Blue,fishy,10,1,castle_destroyed,1004,33.47,False,101,100,303,8,0,34,1030,248,3,-1,1.0000,166
Blue,5,squid,4,4,eel,Blue,fishy,15,1,castle_destroyed,813,27.10,False,55,54,165,6,0,28,892,248,4,-1,1.0000,143
Blue,5,squid,4,4,eel,Blue,fishy,20,1,castle_destroyed,758,25.27,False,38,38,114,4,0,26,846,248,4,-1,1.0000,141
Blue,5,squid,4,4,eel,Blue,fishy,30,1,castle_destroyed,723,24.10,False,25,24,75,3,0,25,823,248,4,-1,1.0000,128
Blue,5,squid,4,4,eel,Blue,fishy,45,1,castle_destroyed,715,23.83,False,16,16,48,2,0,24,800,248,4,-1,1.0000,127
Blue,5,squid,4,4,eel,Blue,fishy,60,1,castle_destroyed,713,23.77,False,12,12,36,2,0,24,800,248,4,-1,1.0000,125
Blue,5,squid,4,4,eel,Blue,fishy,90,1,castle_destroyed,711,23.70,False,8,8,24,1,0,24,800,248,4,-1,1.0000,126
Blue,5,squid,4,4,eel,Blue,fishy,120,1,castle_destroyed,709,23.63,False,6,6,18,1,0,24,800,248,4,-1,1.0000,124
Blue,5,squid,5,0,-,Blue,fishy,0,1,castle_destroyed,1359,45.30,False,0,0,0,0,0,0,310,310,5,-1,1.0000,143
Blue,5,squid,5,0,-,Blue,fishy,1,1,force_destroyed,272,9.07,False,272,166,816,106,816,0,310,310,0,272,0.6071,-1
Blue,5,squid,5,0,-,Blue,fishy,2,1,force_destroyed,360,12.00,False,180,145,540,52,540,0,310,310,0,360,0.7041,-1
Blue,5,squid,5,0,-,Blue,fishy,3,1,force_destroyed,450,15.00,False,150,130,450,34,450,0,310,310,0,450,0.7818,-1
Blue,5,squid,5,0,-,Blue,fishy,5,1,force_destroyed,593,19.77,False,119,113,357,20,357,0,310,310,0,593,1.0000,442
Blue,5,squid,5,0,-,Blue,fishy,10,1,force_destroyed,1090,36.33,False,109,106,327,10,327,0,310,310,0,1090,1.0000,241
Blue,5,squid,5,0,-,Blue,fishy,15,1,force_destroyed,1573,52.43,False,105,104,315,7,315,0,310,310,0,1573,1.0000,214
Blue,5,squid,5,0,-,Blue,fishy,20,1,castle_destroyed,1683,56.10,False,85,84,255,5,0,0,310,310,4,-1,1.0000,190
Blue,5,squid,5,0,-,Blue,fishy,30,1,castle_destroyed,1612,53.73,False,54,54,162,3,0,0,310,310,5,-1,1.0000,176
Blue,5,squid,5,0,-,Blue,fishy,45,1,castle_destroyed,1525,50.83,False,34,34,102,2,0,0,310,310,5,-1,1.0000,146
Blue,5,squid,5,0,-,Blue,fishy,60,1,castle_destroyed,1441,48.03,False,25,24,75,2,0,0,310,310,5,-1,1.0000,159
Blue,5,squid,5,0,-,Blue,fishy,90,1,castle_destroyed,1411,47.03,False,16,16,48,1,0,0,310,310,5,-1,1.0000,145
Blue,5,squid,5,0,-,Blue,fishy,120,1,castle_destroyed,1400,46.67,False,12,12,36,1,0,0,310,310,5,-1,1.0000,158
Blue,5,squid,5,4,eel,Blue,fishy,0,1,castle_destroyed,680,22.67,False,0,0,0,0,0,23,839,310,5,-1,1.0000,123
Blue,5,squid,5,4,eel,Blue,fishy,1,1,force_destroyed,423,14.10,False,335,333,1005,86,1005,12,586,310,0,335,0.6459,-1
Blue,5,squid,5,4,eel,Blue,fishy,2,1,castle_destroyed,2382,79.40,False,212,212,636,42,636,15,655,310,0,423,0.9106,460
Blue,5,squid,5,4,eel,Blue,fishy,3,1,castle_destroyed,2093,69.77,False,172,172,516,28,516,18,724,310,0,514,1.0000,378
Blue,5,squid,5,4,eel,Blue,fishy,5,1,castle_destroyed,1621,54.03,False,147,147,441,17,441,25,885,310,0,733,1.0000,216
Blue,5,squid,5,4,eel,Blue,fishy,10,1,castle_destroyed,928,30.93,False,93,92,279,8,0,31,1023,310,5,-1,1.0000,166
Blue,5,squid,5,4,eel,Blue,fishy,15,1,castle_destroyed,767,25.57,False,52,51,156,6,0,26,908,310,5,-1,1.0000,143
Blue,5,squid,5,4,eel,Blue,fishy,20,1,castle_destroyed,723,24.10,False,37,36,111,4,0,25,885,310,5,-1,1.0000,141
Blue,5,squid,5,4,eel,Blue,fishy,30,1,castle_destroyed,694,23.13,False,24,23,72,3,0,24,862,310,5,-1,1.0000,128
Blue,5,squid,5,4,eel,Blue,fishy,45,1,castle_destroyed,689,22.97,False,16,16,48,2,0,23,839,310,5,-1,1.0000,127
Blue,5,squid,5,4,eel,Blue,fishy,60,1,castle_destroyed,687,22.90,False,12,12,36,2,0,23,839,310,5,-1,1.0000,125
Blue,5,squid,5,4,eel,Blue,fishy,90,1,castle_destroyed,686,22.87,False,8,8,24,1,0,23,839,310,5,-1,1.0000,126
Blue,5,squid,5,4,eel,Blue,fishy,120,1,castle_destroyed,683,22.77,False,6,6,18,1,0,23,839,310,5,-1,1.0000,124
Blue,6,judge,0,4,eel,Blue,fishy,0,1,castle_destroyed,858,28.60,False,0,0,0,0,0,29,667,0,0,-1,0.0000,123
Blue,6,judge,0,4,eel,Blue,fishy,1,1,survived_horizon,36000,1200.00,True,36000,35804,108000,204,0,1200,27600,0,0,-1,0.0000,-1
Blue,6,judge,0,4,eel,Blue,fishy,2,1,survived_horizon,36000,1200.00,True,18000,17991,54000,42,0,1200,27600,0,0,-1,0.0000,-1
Blue,6,judge,0,4,eel,Blue,fishy,3,1,castle_destroyed,20754,691.80,True,6918,6914,20754,28,0,692,15916,0,0,-1,0.0000,483
Blue,6,judge,0,4,eel,Blue,fishy,5,1,castle_destroyed,4356,145.20,False,872,869,2616,17,0,146,3358,0,0,-1,0.0000,280
Blue,6,judge,0,4,eel,Blue,fishy,10,1,castle_destroyed,1702,56.73,False,171,169,513,8,0,57,1311,0,0,-1,0.0000,168
Blue,6,judge,0,4,eel,Blue,fishy,15,1,castle_destroyed,1175,39.17,False,79,78,237,6,0,40,920,0,0,-1,0.0000,143
Blue,6,judge,0,4,eel,Blue,fishy,20,1,castle_destroyed,1010,33.67,False,51,50,153,4,0,34,782,0,0,-1,0.0000,141
Blue,6,judge,0,4,eel,Blue,fishy,30,1,castle_destroyed,885,29.50,False,30,30,90,3,0,30,690,0,0,-1,0.0000,128
Blue,6,judge,0,4,eel,Blue,fishy,45,1,castle_destroyed,867,28.90,False,20,19,60,2,0,29,667,0,0,-1,0.0000,127
Blue,6,judge,0,4,eel,Blue,fishy,60,1,castle_destroyed,867,28.90,False,15,15,45,2,0,29,667,0,0,-1,0.0000,125
Blue,6,judge,0,4,eel,Blue,fishy,90,1,castle_destroyed,863,28.77,False,10,10,30,1,0,29,667,0,0,-1,0.0000,126
Blue,6,judge,0,4,eel,Blue,fishy,120,1,castle_destroyed,862,28.73,False,8,8,24,1,0,29,667,0,0,-1,0.0000,124
Blue,6,judge,1,0,-,Blue,fishy,0,1,castle_destroyed,2989,99.63,False,0,0,0,0,0,0,376,376,1,-1,1.0000,244
Blue,6,judge,1,0,-,Blue,fishy,1,1,force_destroyed,299,9.97,False,299,111,897,188,897,0,376,376,0,299,0.4653,-1
Blue,6,judge,1,0,-,Blue,fishy,2,1,force_destroyed,475,15.83,False,238,148,714,97,714,0,376,376,0,475,0.4659,-1
Blue,6,judge,1,0,-,Blue,fishy,3,1,force_destroyed,627,20.90,False,209,156,627,62,627,0,376,376,0,627,0.4694,-1
Blue,6,judge,1,0,-,Blue,fishy,5,1,force_destroyed,857,28.57,False,172,147,516,38,516,0,376,376,0,857,0.4776,-1
Blue,6,judge,1,0,-,Blue,fishy,10,1,force_destroyed,1818,60.60,False,182,174,546,18,546,0,376,376,0,1818,0.7800,-1
Blue,6,judge,1,0,-,Blue,fishy,15,1,force_destroyed,2338,77.93,False,156,149,468,12,468,0,376,376,0,2338,0.5982,-1
Blue,6,judge,1,0,-,Blue,fishy,20,1,force_destroyed,3513,117.10,False,176,175,528,8,528,0,376,376,0,3513,1.0000,-1
Blue,6,judge,1,0,-,Blue,fishy,30,1,force_destroyed,5861,195.37,False,196,194,588,5,588,0,376,376,0,5861,1.0000,-1
Blue,6,judge,1,0,-,Blue,fishy,45,1,force_destroyed,9328,310.93,False,208,207,624,4,624,0,376,376,0,9328,1.0000,-1
Blue,6,judge,1,0,-,Blue,fishy,60,1,force_destroyed,11773,392.43,False,197,196,591,2,591,0,376,376,0,11773,1.0000,429
Blue,6,judge,1,0,-,Blue,fishy,90,1,castle_destroyed,5850,195.00,False,65,65,195,2,0,0,376,376,1,-1,1.0000,261
Blue,6,judge,1,0,-,Blue,fishy,120,1,castle_destroyed,4665,155.50,False,39,39,117,1,0,0,376,376,1,-1,1.0000,246
Blue,6,judge,1,4,eel,Blue,fishy,0,1,castle_destroyed,781,26.03,False,0,0,0,0,0,27,997,376,1,-1,1.0000,123
Blue,6,judge,1,4,eel,Blue,fishy,1,1,force_destroyed,1006,33.53,False,934,890,2802,116,2802,32,1112,376,0,934,0.6012,-1
Blue,6,judge,1,4,eel,Blue,fishy,2,1,castle_destroyed,3993,133.10,False,1061,1061,3183,42,3183,71,2009,376,0,2121,1.0000,970
Blue,6,judge,1,4,eel,Blue,fishy,3,1,castle_destroyed,3092,103.07,False,926,926,2778,28,2778,93,2515,376,0,2776,1.0000,453
Blue,6,judge,1,4,eel,Blue,fishy,5,1,castle_destroyed,2316,77.20,False,464,461,1392,17,0,78,2170,376,1,-1,1.0000,244
Blue,6,judge,1,4,eel,Blue,fishy,10,1,castle_destroyed,1194,39.80,False,120,119,360,8,0,40,1296,376,1,-1,1.0000,168
Blue,6,judge,1,4,eel,Blue,fishy,15,1,castle_destroyed,947,31.57,False,64,63,192,6,0,32,1112,376,1,-1,1.0000,143
Blue,6,judge,1,4,eel,Blue,fishy,20,1,castle_destroyed,859,28.63,False,43,43,129,4,0,29,1043,376,1,-1,1.0000,141
Blue,6,judge,1,4,eel,Blue,fishy,30,1,castle_destroyed,794,26.47,False,27,27,81,3,0,27,997,376,1,-1,1.0000,128
Blue,6,judge,1,4,eel,Blue,fishy,45,1,castle_destroyed,784,26.13,False,18,18,54,2,0,27,997,376,1,-1,1.0000,127
Blue,6,judge,1,4,eel,Blue,fishy,60,1,castle_destroyed,784,26.13,False,14,13,42,2,0,27,997,376,1,-1,1.0000,125
Blue,6,judge,1,4,eel,Blue,fishy,90,1,castle_destroyed,784,26.13,False,9,9,27,1,0,27,997,376,1,-1,1.0000,126
Blue,6,judge,1,4,eel,Blue,fishy,120,1,castle_destroyed,784,26.13,False,7,7,21,1,0,27,997,376,1,-1,1.0000,124
Blue,6,judge,2,0,-,Blue,fishy,0,1,castle_destroyed,1624,54.13,False,0,0,0,0,0,0,752,752,2,-1,1.0000,244
Blue,6,judge,2,0,-,Blue,fishy,1,1,force_destroyed,523,17.43,False,523,353,1569,189,1569,0,752,752,0,523,0.4653,-1
Blue,6,judge,2,0,-,Blue,fishy,2,1,force_destroyed,684,22.80,False,342,246,1026,102,1026,0,752,752,0,684,0.4659,-1
Blue,6,judge,2,0,-,Blue,fishy,3,1,force_destroyed,777,25.90,False,259,208,777,61,777,0,752,752,0,777,0.4694,-1
Blue,6,judge,2,0,-,Blue,fishy,5,1,force_destroyed,1694,56.47,False,339,308,1017,34,1017,0,752,752,0,1694,0.5082,-1
Blue,6,judge,2,0,-,Blue,fishy,10,1,force_destroyed,3258,108.60,False,326,321,978,15,978,0,752,752,0,3258,1.0000,-1
Blue,6,judge,2,0,-,Blue,fishy,15,1,force_destroyed,4183,139.43,False,279,276,837,9,837,0,752,752,0,4183,1.0000,784
Blue,6,judge,2,0,-,Blue,fishy,20,1,force_destroyed,6027,200.90,False,302,300,906,7,906,0,752,752,0,6027,1.0000,644
Blue,6,judge,2,0,-,Blue,fishy,30,1,force_destroyed,7820,260.67,False,261,260,783,5,783,0,752,752,0,7820,1.0000,478
Blue,6,judge,2,0,-,Blue,fishy,45,1,castle_destroyed,3070,102.33,False,69,68,207,3,0,0,752,752,2,-1,1.0000,280
Blue,6,judge,2,0,-,Blue,fishy,60,1,castle_destroyed,2934,97.80,False,49,49,147,2,0,0,752,752,2,-1,1.0000,429
Blue,6,judge,2,0,-,Blue,fishy,90,1,castle_destroyed,2119,70.63,False,24,24,72,2,0,0,752,752,2,-1,1.0000,261
Blue,6,judge,2,0,-,Blue,fishy,120,1,castle_destroyed,1956,65.20,False,17,17,51,1,0,0,752,752,2,-1,1.0000,246
Blue,6,judge,2,4,eel,Blue,fishy,0,1,castle_destroyed,717,23.90,False,0,0,0,0,0,24,1304,752,2,-1,1.0000,123
Blue,6,judge,2,4,eel,Blue,fishy,1,1,force_destroyed,1229,40.97,False,1166,1130,3498,97,3498,39,1649,752,0,1166,0.6012,-1
Blue,6,judge,2,4,eel,Blue,fishy,2,1,castle_destroyed,3862,128.73,False,1063,1063,3189,42,3189,71,2385,752,0,2125,1.0000,790
Blue,6,judge,2,4,eel,Blue,fishy,3,1,castle_destroyed,2990,99.67,False,931,931,2793,28,2793,94,2914,752,0,2791,1.0000,453
Blue,6,judge,2,4,eel,Blue,fishy,5,1,castle_destroyed,1819,60.63,False,364,362,1092,17,0,61,2155,752,2,-1,1.0000,244
Blue,6,judge,2,4,eel,Blue,fishy,10,1,castle_destroyed,954,31.80,False,96,95,288,8,0,32,1488,752,2,-1,1.0000,168
Blue,6,judge,2,4,eel,Blue,fishy,15,1,castle_destroyed,814,27.13,False,55,54,165,6,0,28,1396,752,2,-1,1.0000,143
Blue,6,judge,2,4,eel,Blue,fishy,20,1,castle_destroyed,761,25.37,False,39,38,117,4,0,26,1350,752,2,-1,1.0000,141
Blue,6,judge,2,4,eel,Blue,fishy,30,1,castle_destroyed,724,24.13,False,25,24,75,3,0,25,1327,752,2,-1,1.0000,128
Blue,6,judge,2,4,eel,Blue,fishy,45,1,castle_destroyed,724,24.13,False,17,16,51,2,0,25,1327,752,2,-1,1.0000,127
Blue,6,judge,2,4,eel,Blue,fishy,60,1,castle_destroyed,723,24.10,False,13,12,39,2,0,25,1327,752,2,-1,1.0000,125
Blue,6,judge,2,4,eel,Blue,fishy,90,1,castle_destroyed,721,24.03,False,9,8,27,1,0,25,1327,752,2,-1,1.0000,126
Blue,6,judge,2,4,eel,Blue,fishy,120,1,castle_destroyed,720,24.00,False,6,6,18,1,0,24,1304,752,2,-1,1.0000,124
Blue,6,judge,3,0,-,Blue,fishy,0,1,castle_destroyed,1174,39.13,False,0,0,0,0,0,0,1128,1128,3,-1,1.0000,244
Blue,6,judge,3,0,-,Blue,fishy,1,1,force_destroyed,678,22.60,False,678,514,2034,164,2034,0,1128,1128,0,678,0.4653,-1
Blue,6,judge,3,0,-,Blue,fishy,2,1,force_destroyed,843,28.10,False,422,351,1266,86,1266,0,1128,1128,0,843,0.4659,-1
Blue,6,judge,3,0,-,Blue,fishy,3,1,force_destroyed,1329,44.30,False,443,402,1329,59,1329,0,1128,1128,0,1329,0.5176,-1
Blue,6,judge,3,0,-,Blue,fishy,5,1,force_destroyed,2132,71.07,False,427,404,1281,30,1281,0,1128,1128,0,2132,0.6541,-1
Blue,6,judge,3,0,-,Blue,fishy,10,1,force_destroyed,3643,121.43,False,365,361,1095,14,1095,0,1128,1128,0,3643,1.0000,1102
Blue,6,judge,3,0,-,Blue,fishy,15,1,force_destroyed,6011,200.37,False,401,397,1203,9,1203,0,1128,1128,0,6011,1.0000,515
Blue,6,judge,3,0,-,Blue,fishy,20,1,castle_destroyed,3904,130.13,False,196,195,588,7,0,0,1128,1128,3,-1,1.0000,509
Blue,6,judge,3,0,-,Blue,fishy,30,1,castle_destroyed,2304,76.80,False,77,77,231,5,0,0,1128,1128,3,-1,1.0000,325
Blue,6,judge,3,0,-,Blue,fishy,45,1,castle_destroyed,1675,55.83,False,38,37,114,3,0,0,1128,1128,3,-1,1.0000,280
Blue,6,judge,3,0,-,Blue,fishy,60,1,castle_destroyed,1745,58.17,False,30,29,90,2,0,0,1128,1128,3,-1,1.0000,305
Blue,6,judge,3,0,-,Blue,fishy,90,1,castle_destroyed,1384,46.13,False,16,16,48,2,0,0,1128,1128,3,-1,1.0000,261
Blue,6,judge,3,0,-,Blue,fishy,120,1,castle_destroyed,1309,43.63,False,11,11,33,1,0,0,1128,1128,3,-1,1.0000,246
Blue,6,judge,3,4,eel,Blue,fishy,0,1,castle_destroyed,664,22.13,False,0,0,0,0,0,23,1657,1128,3,-1,1.0000,123
Blue,6,judge,3,4,eel,Blue,fishy,1,1,force_destroyed,1260,42.00,False,1195,1164,3585,95,3585,40,2048,1128,0,1195,0.6012,-1
Blue,6,judge,3,4,eel,Blue,fishy,2,1,castle_destroyed,3787,126.23,False,1089,1089,3267,42,3267,73,2807,1128,0,2177,1.0000,608
Blue,6,judge,3,4,eel,Blue,fishy,3,1,castle_destroyed,1869,62.30,False,623,619,1869,28,0,63,2577,1128,3,-1,1.0000,444
Blue,6,judge,3,4,eel,Blue,fishy,5,1,castle_destroyed,1454,48.47,False,291,289,873,17,0,49,2255,1128,3,-1,1.0000,244
Blue,6,judge,3,4,eel,Blue,fishy,10,1,castle_destroyed,819,27.30,False,82,81,246,8,0,28,1772,1128,3,-1,1.0000,168
Blue,6,judge,3,4,eel,Blue,fishy,15,1,castle_destroyed,724,24.13,False,49,48,147,6,0,25,1703,1128,3,-1,1.0000,143
Blue,6,judge,3,4,eel,Blue,fishy,20,1,castle_destroyed,694,23.13,False,35,35,105,4,0,24,1680,1128,3,-1,1.0000,141
Blue,6,judge,3,4,eel,Blue,fishy,30,1,castle_destroyed,675,22.50,False,23,23,69,3,0,23,1657,1128,3,-1,1.0000,128
Blue,6,judge,3,4,eel,Blue,fishy,45,1,castle_destroyed,670,22.33,False,15,15,45,2,0,23,1657,1128,3,-1,1.0000,127
Blue,6,judge,3,4,eel,Blue,fishy,60,1,castle_destroyed,668,22.27,False,12,11,36,2,0,23,1657,1128,3,-1,1.0000,125
Blue,6,judge,3,4,eel,Blue,fishy,90,1,castle_destroyed,666,22.20,False,8,8,24,1,0,23,1657,1128,3,-1,1.0000,126
Blue,6,judge,3,4,eel,Blue,fishy,120,1,castle_destroyed,665,22.17,False,6,6,18,1,0,23,1657,1128,3,-1,1.0000,124
Blue,6,judge,4,0,-,Blue,fishy,0,1,castle_destroyed,964,32.13,False,0,0,0,0,0,0,1504,1504,4,-1,1.0000,244
Blue,6,judge,4,0,-,Blue,fishy,1,1,force_destroyed,886,29.53,False,886,725,2658,161,2658,0,1504,1504,0,886,0.4653,-1
Blue,6,judge,4,0,-,Blue,fishy,2,1,force_destroyed,1067,35.57,False,534,457,1602,84,1602,0,1504,1504,0,1067,0.4659,-1
Blue,6,judge,4,0,-,Blue,fishy,3,1,force_destroyed,1655,55.17,False,552,512,1656,56,1656,0,1504,1504,0,1655,0.6553,-1
Blue,6,judge,4,0,-,Blue,fishy,5,1,force_destroyed,2595,86.50,False,519,507,1557,30,1557,0,1504,1504,0,2595,1.0000,1450
Blue,6,judge,4,0,-,Blue,fishy,10,1,force_destroyed,4667,155.57,False,467,464,1401,14,1401,0,1504,1504,0,4667,1.0000,922
Blue,6,judge,4,0,-,Blue,fishy,15,1,force_destroyed,8728,290.93,False,582,579,1746,9,1746,0,1504,1504,0,8728,1.0000,472
Blue,6,judge,4,0,-,Blue,fishy,20,1,castle_destroyed,1979,65.97,False,99,99,297,7,0,0,1504,1504,4,-1,1.0000,364
Blue,6,judge,4,0,-,Blue,fishy,30,1,castle_destroyed,1479,49.30,False,50,49,150,5,0,0,1504,1504,4,-1,1.0000,325
Blue,6,judge,4,0,-,Blue,fishy,45,1,castle_destroyed,1204,40.13,False,27,27,81,3,0,0,1504,1504,4,-1,1.0000,280
Blue,6,judge,4,0,-,Blue,fishy,60,1,castle_destroyed,1205,40.17,False,21,20,63,2,0,0,1504,1504,4,-1,1.0000,305
Blue,6,judge,4,0,-,Blue,fishy,90,1,castle_destroyed,1069,35.63,False,12,12,36,2,0,0,1504,1504,4,-1,1.0000,261
Blue,6,judge,4,0,-,Blue,fishy,120,1,castle_destroyed,1039,34.63,False,9,9,27,1,0,0,1504,1504,4,-1,1.0000,246
Blue,6,judge,4,4,eel,Blue,fishy,0,1,castle_destroyed,628,20.93,False,0,0,0,0,0,21,1987,1504,4,-1,1.0000,123
Blue,6,judge,4,4,eel,Blue,fishy,1,1,force_destroyed,1290,43.00,False,1224,1194,3672,95,3672,41,2447,1504,0,1224,0.6012,-1
Blue,6,judge,4,4,eel,Blue,fishy,2,1,castle_destroyed,3368,112.27,False,1093,1093,3279,42,3279,73,3183,1504,0,2185,1.0000,668
Blue,6,judge,4,4,eel,Blue,fishy,3,1,castle_destroyed,3088,102.93,False,950,950,2850,28,2850,95,3689,1504,0,2848,1.0000,431
Blue,6,judge,4,4,eel,Blue,fishy,5,1,castle_destroyed,1197,39.90,False,240,237,720,17,0,40,2424,1504,4,-1,1.0000,244
Blue,6,judge,4,4,eel,Blue,fishy,10,1,castle_destroyed,739,24.63,False,74,73,222,8,0,25,2079,1504,4,-1,1.0000,168
Blue,6,judge,4,4,eel,Blue,fishy,15,1,castle_destroyed,664,22.13,False,45,44,135,6,0,23,2033,1504,4,-1,1.0000,143
Blue,6,judge,4,4,eel,Blue,fishy,20,1,castle_destroyed,649,21.63,False,33,32,99,4,0,22,2010,1504,4,-1,1.0000,141
Blue,6,judge,4,4,eel,Blue,fishy,30,1,castle_destroyed,634,21.13,False,22,21,66,3,0,22,2010,1504,4,-1,1.0000,128
Blue,6,judge,4,4,eel,Blue,fishy,45,1,castle_destroyed,634,21.13,False,15,14,45,2,0,22,2010,1504,4,-1,1.0000,127
Blue,6,judge,4,4,eel,Blue,fishy,60,1,castle_destroyed,634,21.13,False,11,11,33,2,0,22,2010,1504,4,-1,1.0000,125
Blue,6,judge,4,4,eel,Blue,fishy,90,1,castle_destroyed,631,21.03,False,8,7,24,1,0,22,2010,1504,4,-1,1.0000,126
Blue,6,judge,4,4,eel,Blue,fishy,120,1,castle_destroyed,631,21.03,False,6,6,18,1,0,22,2010,1504,4,-1,1.0000,124
Blue,6,judge,5,0,-,Blue,fishy,0,1,castle_destroyed,829,27.63,False,0,0,0,0,0,0,1880,1880,5,-1,1.0000,244
Blue,6,judge,5,0,-,Blue,fishy,1,1,force_destroyed,878,29.27,False,878,710,2634,168,2634,0,1880,1880,0,878,0.4653,-1
Blue,6,judge,5,0,-,Blue,fishy,2,1,force_destroyed,1099,36.63,False,550,479,1650,83,1650,0,1880,1880,0,1099,0.4806,-1
Blue,6,judge,5,0,-,Blue,fishy,3,1,force_destroyed,1625,54.17,False,542,509,1626,56,1626,0,1880,1880,0,1625,0.6871,-1
Blue,6,judge,5,0,-,Blue,fishy,5,1,force_destroyed,2605,86.83,False,521,510,1563,30,1563,0,1880,1880,0,2605,1.0000,-1
Blue,6,judge,5,0,-,Blue,fishy,10,1,castle_destroyed,3469,115.63,False,347,346,1041,14,0,0,1880,1880,5,-1,1.0000,591
Blue,6,judge,5,0,-,Blue,fishy,15,1,castle_destroyed,3159,105.30,False,211,210,633,9,0,0,1880,1880,5,-1,1.0000,382
Blue,6,judge,5,0,-,Blue,fishy,20,1,castle_destroyed,1569,52.30,False,79,78,237,7,0,0,1880,1880,5,-1,1.0000,364
Blue,6,judge,5,0,-,Blue,fishy,30,1,castle_destroyed,1114,37.13,False,38,37,114,5,0,0,1880,1880,5,-1,1.0000,325
Blue,6,judge,5,0,-,Blue,fishy,45,1,castle_destroyed,994,33.13,False,23,22,69,3,0,0,1880,1880,5,-1,1.0000,280
Blue,6,judge,5,0,-,Blue,fishy,60,1,castle_destroyed,999,33.30,False,17,17,51,2,0,0,1880,1880,5,-1,1.0000,305
Blue,6,judge,5,0,-,Blue,fishy,90,1,castle_destroyed,904,30.13,False,11,10,33,2,0,0,1880,1880,5,-1,1.0000,261
Blue,6,judge,5,0,-,Blue,fishy,120,1,castle_destroyed,904,30.13,False,8,8,24,1,0,0,1880,1880,5,-1,1.0000,246
Blue,6,judge,5,4,eel,Blue,fishy,0,1,castle_destroyed,601,20.03,False,0,0,0,0,0,21,2363,1880,5,-1,1.0000,123
Blue,6,judge,5,4,eel,Blue,fishy,1,1,force_destroyed,1320,44.00,False,1259,1224,3777,95,3777,42,2846,1880,0,1259,0.6012,-1
Blue,6,judge,5,4,eel,Blue,fishy,2,1,castle_destroyed,3240,108.00,False,1105,1105,3315,42,3315,74,3582,1880,0,2209,1.0000,664
Blue,6,judge,5,4,eel,Blue,fishy,3,1,castle_destroyed,1845,61.50,False,615,611,1845,28,0,62,3306,1880,5,-1,1.0000,432
Blue,6,judge,5,4,eel,Blue,fishy,5,1,castle_destroyed,1000,33.33,False,200,198,600,17,0,34,2662,1880,5,-1,1.0000,244
Blue,6,judge,5,4,eel,Blue,fishy,10,1,castle_destroyed,679,22.63,False,68,67,204,8,0,23,2409,1880,5,-1,1.0000,168
Blue,6,judge,5,4,eel,Blue,fishy,15,1,castle_destroyed,633,21.10,False,43,42,129,6,0,22,2386,1880,5,-1,1.0000,143
Blue,6,judge,5,4,eel,Blue,fishy,20,1,castle_destroyed,609,20.30,False,31,30,93,4,0,21,2363,1880,5,-1,1.0000,141
Blue,6,judge,5,4,eel,Blue,fishy,30,1,castle_destroyed,604,20.13,False,21,20,63,3,0,21,2363,1880,5,-1,1.0000,128
Blue,6,judge,5,4,eel,Blue,fishy,45,1,castle_destroyed,604,20.13,False,14,14,42,2,0,21,2363,1880,5,-1,1.0000,127
Blue,6,judge,5,4,eel,Blue,fishy,60,1,castle_destroyed,604,20.13,False,11,10,33,2,0,21,2363,1880,5,-1,1.0000,125
Blue,6,judge,5,4,eel,Blue,fishy,90,1,castle_destroyed,604,20.13,False,7,7,21,1,0,21,2363,1880,5,-1,1.0000,126
Blue,6,judge,5,4,eel,Blue,fishy,120,1,castle_destroyed,603,20.10,False,6,5,18,1,0,21,2363,1880,5,-1,1.0000,124
Blue,7,octoboi,0,4,eel,Blue,fishy,0,1,castle_destroyed,858,28.60,False,0,0,0,0,0,29,667,0,0,-1,0.0000,123
Blue,7,octoboi,0,4,eel,Blue,fishy,1,1,survived_horizon,36000,1200.00,True,36000,35804,108000,204,0,1200,27600,0,0,-1,0.0000,-1
Blue,7,octoboi,0,4,eel,Blue,fishy,2,1,survived_horizon,36000,1200.00,True,18000,17991,54000,42,0,1200,27600,0,0,-1,0.0000,-1
Blue,7,octoboi,0,4,eel,Blue,fishy,3,1,castle_destroyed,20754,691.80,True,6918,6914,20754,28,0,692,15916,0,0,-1,0.0000,483
Blue,7,octoboi,0,4,eel,Blue,fishy,5,1,castle_destroyed,4356,145.20,False,872,869,2616,17,0,146,3358,0,0,-1,0.0000,280
Blue,7,octoboi,0,4,eel,Blue,fishy,10,1,castle_destroyed,1702,56.73,False,171,169,513,8,0,57,1311,0,0,-1,0.0000,168
Blue,7,octoboi,0,4,eel,Blue,fishy,15,1,castle_destroyed,1175,39.17,False,79,78,237,6,0,40,920,0,0,-1,0.0000,143
Blue,7,octoboi,0,4,eel,Blue,fishy,20,1,castle_destroyed,1010,33.67,False,51,50,153,4,0,34,782,0,0,-1,0.0000,141
Blue,7,octoboi,0,4,eel,Blue,fishy,30,1,castle_destroyed,885,29.50,False,30,30,90,3,0,30,690,0,0,-1,0.0000,128
Blue,7,octoboi,0,4,eel,Blue,fishy,45,1,castle_destroyed,867,28.90,False,20,19,60,2,0,29,667,0,0,-1,0.0000,127
Blue,7,octoboi,0,4,eel,Blue,fishy,60,1,castle_destroyed,867,28.90,False,15,15,45,2,0,29,667,0,0,-1,0.0000,125
Blue,7,octoboi,0,4,eel,Blue,fishy,90,1,castle_destroyed,863,28.77,False,10,10,30,1,0,29,667,0,0,-1,0.0000,126
Blue,7,octoboi,0,4,eel,Blue,fishy,120,1,castle_destroyed,862,28.73,False,8,8,24,1,0,29,667,0,0,-1,0.0000,124
Blue,7,octoboi,1,0,-,Blue,fishy,0,1,castle_destroyed,1184,39.47,False,0,0,0,0,0,0,1379,1379,1,-1,1.0000,568
Blue,7,octoboi,1,0,-,Blue,fishy,1,1,force_destroyed,796,26.53,False,796,589,2388,251,2388,0,1379,1379,0,796,0.2647,-1
Blue,7,octoboi,1,0,-,Blue,fishy,2,1,force_destroyed,3641,121.37,False,1821,1714,5463,141,5463,0,1379,1379,0,3641,0.2665,-1
Blue,7,octoboi,1,0,-,Blue,fishy,3,1,force_destroyed,3951,131.70,False,1317,1240,3951,97,3951,0,1379,1379,0,3951,0.2682,-1
Blue,7,octoboi,1,0,-,Blue,fishy,5,1,force_destroyed,4830,161.00,False,966,924,2898,58,2898,0,1379,1379,0,4830,0.2700,-1
Blue,7,octoboi,1,0,-,Blue,fishy,10,1,force_destroyed,5767,192.23,False,577,556,1731,27,1731,0,1379,1379,0,5767,0.2806,-1
Blue,7,octoboi,1,0,-,Blue,fishy,15,1,force_destroyed,7686,256.20,False,513,502,1539,17,1539,0,1379,1379,0,7686,0.2965,-1
Blue,7,octoboi,1,0,-,Blue,fishy,20,1,force_destroyed,12220,407.33,False,611,609,1833,11,1833,0,1379,1379,0,12220,1.0000,-1
Blue,7,octoboi,1,0,-,Blue,fishy,30,1,force_destroyed,17092,569.73,False,570,568,1710,8,1710,0,1379,1379,0,17092,1.0000,-1
Blue,7,octoboi,1,0,-,Blue,fishy,45,1,force_destroyed,24230,807.67,True,539,538,1617,5,1617,0,1379,1379,0,24230,1.0000,-1
Blue,7,octoboi,1,0,-,Blue,fishy,60,1,force_destroyed,33140,1104.67,True,553,552,1659,4,1659,0,1379,1379,0,33140,1.0000,-1
Blue,7,octoboi,1,0,-,Blue,fishy,90,1,castle_destroyed,4774,159.13,False,54,53,162,2,0,0,1379,1379,1,-1,1.0000,998
Blue,7,octoboi,1,0,-,Blue,fishy,120,1,castle_destroyed,2382,79.40,False,20,20,60,2,0,0,1379,1379,1,-1,1.0000,589
Blue,7,octoboi,1,4,eel,Blue,fishy,0,1,castle_destroyed,722,24.07,False,0,0,0,0,0,25,1954,1379,1,-1,1.0000,123
Blue,7,octoboi,1,4,eel,Blue,fishy,1,1,force_destroyed,4470,149.00,False,4452,4281,13356,197,13356,149,4806,1379,0,4452,0.4894,-1
Blue,7,octoboi,1,4,eel,Blue,fishy,2,1,castle_destroyed,4786,159.53,False,2393,2387,7179,42,0,160,5059,1379,1,-1,1.0000,796
Blue,7,octoboi,1,4,eel,Blue,fishy,3,1,castle_destroyed,2250,75.00,False,750,746,2250,28,0,75,3104,1379,1,-1,1.0000,483
Blue,7,octoboi,1,4,eel,Blue,fishy,5,1,castle_destroyed,1184,39.47,False,237,235,711,17,0,40,2299,1379,1,-1,1.0000,280
Blue,7,octoboi,1,4,eel,Blue,fishy,10,1,castle_destroyed,878,29.27,False,88,87,264,8,0,30,2069,1379,1,-1,1.0000,168
Blue,7,octoboi,1,4,eel,Blue,fishy,15,1,castle_destroyed,874,29.13,False,59,58,177,6,0,30,2069,1379,1,-1,1.0000,143
Blue,7,octoboi,1,4,eel,Blue,fishy,20,1,castle_destroyed,782,26.07,False,40,39,120,4,0,27,2000,1379,1,-1,1.0000,141
Blue,7,octoboi,1,4,eel,Blue,fishy,30,1,castle_destroyed,731,24.37,False,25,24,75,3,0,25,1954,1379,1,-1,1.0000,128
Blue,7,octoboi,1,4,eel,Blue,fishy,45,1,castle_destroyed,723,24.10,False,17,16,51,2,0,25,1954,1379,1,-1,1.0000,127
Blue,7,octoboi,1,4,eel,Blue,fishy,60,1,castle_destroyed,722,24.07,False,13,12,39,2,0,25,1954,1379,1,-1,1.0000,125
Blue,7,octoboi,1,4,eel,Blue,fishy,90,1,castle_destroyed,722,24.07,False,9,8,27,1,0,25,1954,1379,1,-1,1.0000,126
Blue,7,octoboi,1,4,eel,Blue,fishy,120,1,castle_destroyed,722,24.07,False,7,6,21,1,0,25,1954,1379,1,-1,1.0000,124
Blue,7,octoboi,2,0,-,Blue,fishy,0,1,castle_destroyed,876,29.20,False,0,0,0,0,0,0,2758,2758,2,-1,1.0000,568
Blue,7,octoboi,2,0,-,Blue,fishy,1,1,force_destroyed,1607,53.57,False,1607,1348,4821,265,4821,0,2758,2758,0,1607,0.2647,-1
Blue,7,octoboi,2,0,-,Blue,fishy,2,1,force_destroyed,3809,126.97,False,1905,1802,5715,141,5715,0,2758,2758,0,3809,0.2665,-1
Blue,7,octoboi,2,0,-,Blue,fishy,3,1,force_destroyed,4771,159.03,False,1591,1512,4773,97,4773,0,2758,2758,0,4771,0.2682,-1
Blue,7,octoboi,2,0,-,Blue,fishy,5,1,force_destroyed,4850,161.67,False,970,932,2910,60,2910,0,2758,2758,0,4850,0.2700,-1
Blue,7,octoboi,2,0,-,Blue,fishy,10,1,force_destroyed,10243,341.43,False,1025,1020,3075,23,3075,0,2758,2758,0,10243,1.0000,5739
Blue,7,octoboi,2,0,-,Blue,fishy,15,1,castle_destroyed,9161,305.37,False,611,610,1833,14,0,0,2758,2758,2,-1,1.0000,4388
Blue,7,octoboi,2,0,-,Blue,fishy,20,1,force_destroyed,13134,437.80,False,657,654,1971,10,1971,0,2758,2758,0,13134,1.0000,-1
Blue,7,octoboi,2,0,-,Blue,fishy,30,1,castle_destroyed,3607,120.23,False,121,120,363,7,0,0,2758,2758,2,-1,1.0000,1961
Blue,7,octoboi,2,0,-,Blue,fishy,45,1,castle_destroyed,1976,65.87,False,44,44,132,4,0,0,2758,2758,2,-1,1.0000,1084
Blue,7,octoboi,2,0,-,Blue,fishy,60,1,castle_destroyed,1492,49.73,False,25,25,75,3,0,0,2758,2758,2,-1,1.0000,645
Blue,7,octoboi,2,0,-,Blue,fishy,90,1,castle_destroyed,1140,38.00,False,13,13,39,2,0,0,2758,2758,2,-1,1.0000,601
Blue,7,octoboi,2,0,-,Blue,fishy,120,1,castle_destroyed,1051,35.03,False,9,9,27,2,0,0,2758,2758,2,-1,1.0000,589
Blue,7,octoboi,2,4,eel,Blue,fishy,0,1,castle_destroyed,675,22.50,False,0,0,0,0,0,23,3287,2758,2,-1,1.0000,123
Blue,7,octoboi,2,4,eel,Blue,fishy,1,1,force_destroyed,4955,165.17,False,4943,4772,14829,188,14829,165,6553,2758,0,4943,0.4894,-1
Blue,7,octoboi,2,4,eel,Blue,fishy,2,1,castle_destroyed,2866,95.53,False,1433,1427,4299,42,0,96,4966,2758,2,-1,1.0000,752
Blue,7,octoboi,2,4,eel,Blue,fishy,3,1,castle_destroyed,1599,53.30,False,533,529,1599,28,0,54,4000,2758,2,-1,1.0000,483
Blue,7,octoboi,2,4,eel,Blue,fishy,5,1,castle_destroyed,906,30.20,False,182,179,546,17,0,31,3471,2758,2,-1,1.0000,280
Blue,7,octoboi,2,4,eel,Blue,fishy,10,1,castle_destroyed,752,25.07,False,76,74,228,8,0,26,3356,2758,2,-1,1.0000,168
Blue,7,octoboi,2,4,eel,Blue,fishy,15,1,castle_destroyed,774,25.80,False,52,51,156,6,0,26,3356,2758,2,-1,1.0000,143
Blue,7,octoboi,2,4,eel,Blue,fishy,20,1,castle_destroyed,705,23.50,False,36,35,108,4,0,24,3310,2758,2,-1,1.0000,141
Blue,7,octoboi,2,4,eel,Blue,fishy,30,1,castle_destroyed,675,22.50,False,23,23,69,3,0,23,3287,2758,2,-1,1.0000,128
Blue,7,octoboi,2,4,eel,Blue,fishy,45,1,castle_destroyed,722,24.07,False,17,16,51,2,0,25,3333,2758,2,-1,1.0000,127
Blue,7,octoboi,2,4,eel,Blue,fishy,60,1,castle_destroyed,675,22.50,False,12,12,36,2,0,23,3287,2758,2,-1,1.0000,125
Blue,7,octoboi,2,4,eel,Blue,fishy,90,1,castle_destroyed,675,22.50,False,8,8,24,1,0,23,3287,2758,2,-1,1.0000,126
Blue,7,octoboi,2,4,eel,Blue,fishy,120,1,castle_destroyed,675,22.50,False,6,6,18,1,0,23,3287,2758,2,-1,1.0000,124
Blue,7,octoboi,3,0,-,Blue,fishy,0,1,castle_destroyed,782,26.07,False,0,0,0,0,0,0,4137,4137,3,-1,1.0000,568
Blue,7,octoboi,3,0,-,Blue,fishy,1,1,force_destroyed,2091,69.70,False,2091,1902,6273,277,6273,0,4137,4137,0,2091,0.2647,-1
Blue,7,octoboi,3,0,-,Blue,fishy,2,1,force_destroyed,4062,135.40,False,2031,1921,6093,144,6093,0,4137,4137,0,4062,0.2665,-1
Blue,7,octoboi,3,0,-,Blue,fishy,3,1,force_destroyed,4316,143.87,False,1439,1367,4317,97,4317,0,4137,4137,0,4316,0.2682,-1
Blue,7,octoboi,3,0,-,Blue,fishy,5,1,force_destroyed,4469,148.97,False,894,846,2682,61,2682,0,4137,4137,0,4469,0.3212,-1
Blue,7,octoboi,3,0,-,Blue,fishy,10,1,castle_destroyed,5189,172.97,False,519,518,1557,20,0,0,4137,4137,3,-1,1.0000,4451
Blue,7,octoboi,3,0,-,Blue,fishy,15,1,force_destroyed,11907,396.90,False,794,789,2382,13,2382,0,4137,4137,0,11907,1.0000,7627
Blue,7,octoboi,3,0,-,Blue,fishy,20,1,castle_destroyed,2484,82.80,False,125,124,375,10,0,0,4137,4137,3,-1,1.0000,1844
Blue,7,octoboi,3,0,-,Blue,fishy,30,1,castle_destroyed,2022,67.40,False,68,67,204,6,0,0,4137,4137,3,-1,1.0000,1177
Blue,7,octoboi,3,0,-,Blue,fishy,45,1,castle_destroyed,1112,37.07,False,25,25,75,4,0,0,4137,4137,3,-1,1.0000,638
Blue,7,octoboi,3,0,-,Blue,fishy,60,1,castle_destroyed,953,31.77,False,16,16,48,3,0,0,4137,4137,3,-1,1.0000,628
Blue,7,octoboi,3,0,-,Blue,fishy,90,1,castle_destroyed,872,29.07,False,10,10,30,2,0,0,4137,4137,3,-1,1.0000,601
Blue,7,octoboi,3,0,-,Blue,fishy,120,1,castle_destroyed,829,27.63,False,7,7,21,2,0,0,4137,4137,3,-1,1.0000,589
Blue,7,octoboi,3,4,eel,Blue,fishy,0,1,castle_destroyed,661,22.03,False,0,0,0,0,0,23,4666,4137,3,-1,1.0000,123
Blue,7,octoboi,3,4,eel,Blue,fishy,1,1,force_destroyed,5716,190.53,False,5643,5600,16929,116,16929,189,8484,4137,0,5643,0.4894,-1
Blue,7,octoboi,3,4,eel,Blue,fishy,2,1,castle_destroyed,1966,65.53,False,983,977,2949,42,0,66,5655,4137,3,-1,1.0000,752
Blue,7,octoboi,3,4,eel,Blue,fishy,3,1,castle_destroyed,1239,41.30,False,413,409,1239,28,0,42,5103,4137,3,-1,1.0000,483
Blue,7,octoboi,3,4,eel,Blue,fishy,5,1,castle_destroyed,829,27.63,False,166,164,498,17,0,28,4781,4137,3,-1,1.0000,280
Blue,7,octoboi,3,4,eel,Blue,fishy,10,1,castle_destroyed,712,23.73,False,72,70,216,8,0,24,4689,4137,3,-1,1.0000,168
Blue,7,octoboi,3,4,eel,Blue,fishy,15,1,castle_destroyed,752,25.07,False,51,50,153,6,0,26,4735,4137,3,-1,1.0000,143
Blue,7,octoboi,3,4,eel,Blue,fishy,20,1,castle_destroyed,675,22.50,False,34,34,102,4,0,23,4666,4137,3,-1,1.0000,141
Blue,7,octoboi,3,4,eel,Blue,fishy,30,1,castle_destroyed,672,22.40,False,23,22,69,3,0,23,4666,4137,3,-1,1.0000,128
Blue,7,octoboi,3,4,eel,Blue,fishy,45,1,castle_destroyed,675,22.50,False,15,15,45,2,0,23,4666,4137,3,-1,1.0000,127
Blue,7,octoboi,3,4,eel,Blue,fishy,60,1,castle_destroyed,666,22.20,False,12,11,36,2,0,23,4666,4137,3,-1,1.0000,125
Blue,7,octoboi,3,4,eel,Blue,fishy,90,1,castle_destroyed,665,22.17,False,8,8,24,1,0,23,4666,4137,3,-1,1.0000,126
Blue,7,octoboi,3,4,eel,Blue,fishy,120,1,castle_destroyed,663,22.10,False,6,6,18,1,0,23,4666,4137,3,-1,1.0000,124
Blue,7,octoboi,4,0,-,Blue,fishy,0,1,castle_destroyed,735,24.50,False,0,0,0,0,0,0,5516,5516,4,-1,1.0000,568
Blue,7,octoboi,4,0,-,Blue,fishy,1,1,force_destroyed,2798,93.27,False,2798,2533,8394,270,8394,0,5516,5516,0,2798,0.2647,-1
Blue,7,octoboi,4,0,-,Blue,fishy,2,1,force_destroyed,3678,122.60,False,1839,1743,5517,144,5517,0,5516,5516,0,3678,0.2665,-1
Blue,7,octoboi,4,0,-,Blue,fishy,3,1,force_destroyed,4119,137.30,False,1373,1298,4119,97,4119,0,5516,5516,0,4119,0.2682,-1
Blue,7,octoboi,4,0,-,Blue,fishy,5,1,force_destroyed,6485,216.17,False,1297,1265,3891,41,3891,0,5516,5516,0,6485,0.4871,-1
Blue,7,octoboi,4,0,-,Blue,fishy,10,1,force_destroyed,11823,394.10,False,1183,1176,3549,20,3549,0,5516,5516,0,11823,1.0000,3529
Blue,7,octoboi,4,0,-,Blue,fishy,15,1,castle_destroyed,1712,57.07,False,115,114,345,13,0,0,5516,5516,4,-1,1.0000,1254
Blue,7,octoboi,4,0,-,Blue,fishy,20,1,castle_destroyed,1803,60.10,False,91,90,273,10,0,0,5516,5516,4,-1,1.0000,1190
Blue,7,octoboi,4,0,-,Blue,fishy,30,1,castle_destroyed,1067,35.57,False,36,36,108,6,0,0,5516,5516,4,-1,1.0000,682
Blue,7,octoboi,4,0,-,Blue,fishy,45,1,castle_destroyed,889,29.63,False,20,20,60,4,0,0,5516,5516,4,-1,1.0000,638
Blue,7,octoboi,4,0,-,Blue,fishy,60,1,castle_destroyed,844,28.13,False,15,14,45,3,0,0,5516,5516,4,-1,1.0000,628
Blue,7,octoboi,4,0,-,Blue,fishy,90,1,castle_destroyed,795,26.50,False,9,9,27,2,0,0,5516,5516,4,-1,1.0000,601
Blue,7,octoboi,4,0,-,Blue,fishy,120,1,castle_destroyed,782,26.07,False,7,7,21,2,0,0,5516,5516,4,-1,1.0000,589
Blue,7,octoboi,4,4,eel,Blue,fishy,0,1,castle_destroyed,658,21.93,False,0,0,0,0,0,22,6022,5516,4,-1,1.0000,123
Blue,7,octoboi,4,4,eel,Blue,fishy,1,1,force_destroyed,5775,192.50,False,5704,5656,17112,116,17112,191,9909,5516,0,5704,0.4894,-1
Blue,7,octoboi,4,4,eel,Blue,fishy,2,1,castle_destroyed,1906,63.53,False,953,947,2859,42,0,64,6988,5516,4,-1,1.0000,752
Blue,7,octoboi,4,4,eel,Blue,fishy,3,1,castle_destroyed,1179,39.30,False,393,389,1179,28,0,40,6436,5516,4,-1,1.0000,483
Blue,7,octoboi,4,4,eel,Blue,fishy,5,1,castle_destroyed,799,26.63,False,160,158,480,17,0,27,6137,5516,4,-1,1.0000,280
Blue,7,octoboi,4,4,eel,Blue,fishy,10,1,castle_destroyed,705,23.50,False,71,70,213,8,0,24,6068,5516,4,-1,1.0000,168
Blue,7,octoboi,4,4,eel,Blue,fishy,15,1,castle_destroyed,735,24.50,False,49,49,147,6,0,25,6091,5516,4,-1,1.0000,143
Blue,7,octoboi,4,4,eel,Blue,fishy,20,1,castle_destroyed,658,21.93,False,33,33,99,4,0,22,6022,5516,4,-1,1.0000,141
Blue,7,octoboi,4,4,eel,Blue,fishy,30,1,castle_destroyed,658,21.93,False,22,22,66,3,0,22,6022,5516,4,-1,1.0000,128
Blue,7,octoboi,4,4,eel,Blue,fishy,45,1,castle_destroyed,668,22.27,False,15,15,45,2,0,23,6045,5516,4,-1,1.0000,127
Blue,7,octoboi,4,4,eel,Blue,fishy,60,1,castle_destroyed,658,21.93,False,11,11,33,2,0,22,6022,5516,4,-1,1.0000,125
Blue,7,octoboi,4,4,eel,Blue,fishy,90,1,castle_destroyed,658,21.93,False,8,8,24,1,0,22,6022,5516,4,-1,1.0000,126
Blue,7,octoboi,4,4,eel,Blue,fishy,120,1,castle_destroyed,658,21.93,False,6,6,18,1,0,22,6022,5516,4,-1,1.0000,124
Blue,7,octoboi,5,0,-,Blue,fishy,0,1,castle_destroyed,722,24.07,False,0,0,0,0,0,0,6895,6895,5,-1,1.0000,568
Blue,7,octoboi,5,0,-,Blue,fishy,1,1,force_destroyed,2769,92.30,False,2769,2513,8307,258,8307,0,6895,6895,0,2769,0.2647,-1
Blue,7,octoboi,5,0,-,Blue,fishy,2,1,force_destroyed,3690,123.00,False,1845,1733,5535,143,5535,0,6895,6895,0,3690,0.2665,-1
Blue,7,octoboi,5,0,-,Blue,fishy,3,1,force_destroyed,4560,152.00,False,1520,1457,4560,99,4560,0,6895,6895,0,4560,0.2894,-1
Blue,7,octoboi,5,0,-,Blue,fishy,5,1,force_destroyed,4233,141.10,False,847,803,2541,50,2541,0,6895,6895,0,4233,0.5647,-1
Blue,7,octoboi,5,0,-,Blue,fishy,10,1,force_destroyed,11029,367.63,False,1103,1096,3309,20,3309,0,6895,6895,0,11029,1.0000,4806
Blue,7,octoboi,5,0,-,Blue,fishy,15,1,castle_destroyed,1854,61.80,False,124,123,372,13,0,0,6895,6895,5,-1,1.0000,1315
Blue,7,octoboi,5,0,-,Blue,fishy,20,1,castle_destroyed,1242,41.40,False,63,62,189,10,0,0,6895,6895,5,-1,1.0000,766
Blue,7,octoboi,5,0,-,Blue,fishy,30,1,castle_destroyed,919,30.63,False,31,31,93,6,0,0,6895,6895,5,-1,1.0000,682
Blue,7,octoboi,5,0,-,Blue,fishy,45,1,castle_destroyed,812,27.07,False,19,18,57,4,0,0,6895,6895,5,-1,1.0000,638
Blue,7,octoboi,5,0,-,Blue,fishy,60,1,castle_destroyed,782,26.07,False,14,13,42,3,0,0,6895,6895,5,-1,1.0000,628
Blue,7,octoboi,5,0,-,Blue,fishy,90,1,castle_destroyed,765,25.50,False,9,9,27,2,0,0,6895,6895,5,-1,1.0000,601
Blue,7,octoboi,5,0,-,Blue,fishy,120,1,castle_destroyed,752,25.07,False,7,7,21,2,0,0,6895,6895,5,-1,1.0000,589
Blue,7,octoboi,5,4,eel,Blue,fishy,0,1,castle_destroyed,658,21.93,False,0,0,0,0,0,22,7401,6895,5,-1,1.0000,123
Blue,7,octoboi,5,4,eel,Blue,fishy,1,1,force_destroyed,5648,188.27,False,5590,5518,16770,129,16770,187,11196,6895,0,5590,0.4894,-1
Blue,7,octoboi,5,4,eel,Blue,fishy,2,1,castle_destroyed,1516,50.53,False,758,752,2274,42,0,51,8068,6895,5,-1,1.0000,752
Blue,7,octoboi,5,4,eel,Blue,fishy,3,1,castle_destroyed,1080,36.00,False,360,356,1080,28,0,36,7723,6895,5,-1,1.0000,483
Blue,7,octoboi,5,4,eel,Blue,fishy,5,1,castle_destroyed,782,26.07,False,157,154,471,17,0,27,7516,6895,5,-1,1.0000,280
Blue,7,octoboi,5,4,eel,Blue,fishy,10,1,castle_destroyed,688,22.93,False,69,68,207,8,0,23,7424,6895,5,-1,1.0000,168
Blue,7,octoboi,5,4,eel,Blue,fishy,15,1,castle_destroyed,735,24.50,False,49,49,147,6,0,25,7470,6895,5,-1,1.0000,143
Blue,7,octoboi,5,4,eel,Blue,fishy,20,1,castle_destroyed,658,21.93,False,33,33,99,4,0,22,7401,6895,5,-1,1.0000,141
Blue,7,octoboi,5,4,eel,Blue,fishy,30,1,castle_destroyed,658,21.93,False,22,22,66,3,0,22,7401,6895,5,-1,1.0000,128
Blue,7,octoboi,5,4,eel,Blue,fishy,45,1,castle_destroyed,668,22.27,False,15,15,45,2,0,23,7424,6895,5,-1,1.0000,127
Blue,7,octoboi,5,4,eel,Blue,fishy,60,1,castle_destroyed,658,21.93,False,11,11,33,2,0,22,7401,6895,5,-1,1.0000,125
Blue,7,octoboi,5,4,eel,Blue,fishy,90,1,castle_destroyed,658,21.93,False,8,8,24,1,0,22,7401,6895,5,-1,1.0000,126
Blue,7,octoboi,5,4,eel,Blue,fishy,120,1,castle_destroyed,658,21.93,False,6,6,18,1,0,22,7401,6895,5,-1,1.0000,124
Blue,8,lightningbear,0,4,eel,Blue,fishy,0,1,castle_destroyed,858,28.60,False,0,0,0,0,0,29,667,0,0,-1,0.0000,123
Blue,8,lightningbear,0,4,eel,Blue,fishy,1,1,survived_horizon,36000,1200.00,True,36000,35804,108000,204,0,1200,27600,0,0,-1,0.0000,-1
Blue,8,lightningbear,0,4,eel,Blue,fishy,2,1,survived_horizon,36000,1200.00,True,18000,17991,54000,42,0,1200,27600,0,0,-1,0.0000,-1
Blue,8,lightningbear,0,4,eel,Blue,fishy,3,1,castle_destroyed,20754,691.80,True,6918,6914,20754,28,0,692,15916,0,0,-1,0.0000,483
Blue,8,lightningbear,0,4,eel,Blue,fishy,5,1,castle_destroyed,4356,145.20,False,872,869,2616,17,0,146,3358,0,0,-1,0.0000,280
Blue,8,lightningbear,0,4,eel,Blue,fishy,10,1,castle_destroyed,1702,56.73,False,171,169,513,8,0,57,1311,0,0,-1,0.0000,168
Blue,8,lightningbear,0,4,eel,Blue,fishy,15,1,castle_destroyed,1175,39.17,False,79,78,237,6,0,40,920,0,0,-1,0.0000,143
Blue,8,lightningbear,0,4,eel,Blue,fishy,20,1,castle_destroyed,1010,33.67,False,51,50,153,4,0,34,782,0,0,-1,0.0000,141
Blue,8,lightningbear,0,4,eel,Blue,fishy,30,1,castle_destroyed,885,29.50,False,30,30,90,3,0,30,690,0,0,-1,0.0000,128
Blue,8,lightningbear,0,4,eel,Blue,fishy,45,1,castle_destroyed,867,28.90,False,20,19,60,2,0,29,667,0,0,-1,0.0000,127
Blue,8,lightningbear,0,4,eel,Blue,fishy,60,1,castle_destroyed,867,28.90,False,15,15,45,2,0,29,667,0,0,-1,0.0000,125
Blue,8,lightningbear,0,4,eel,Blue,fishy,90,1,castle_destroyed,863,28.77,False,10,10,30,1,0,29,667,0,0,-1,0.0000,126
Blue,8,lightningbear,0,4,eel,Blue,fishy,120,1,castle_destroyed,862,28.73,False,8,8,24,1,0,29,667,0,0,-1,0.0000,124
Blue,8,lightningbear,1,0,-,Blue,fishy,0,1,castle_destroyed,576,19.20,False,0,0,0,0,0,0,19416,19416,1,-1,1.0000,426
Blue,8,lightningbear,1,0,-,Blue,fishy,1,1,force_destroyed,2356,78.53,False,2356,2101,7068,288,7068,0,19416,19416,0,2356,0.3271,-1
Blue,8,lightningbear,1,0,-,Blue,fishy,2,1,force_destroyed,4507,150.23,False,2254,2176,6762,144,6762,0,19416,19416,0,4507,0.3282,-1
Blue,8,lightningbear,1,0,-,Blue,fishy,3,1,force_destroyed,6670,222.33,False,2224,2151,6672,96,6672,0,19416,19416,0,6670,0.3335,-1
Blue,8,lightningbear,1,0,-,Blue,fishy,5,1,force_destroyed,10872,362.40,False,2175,2131,6525,57,6525,0,19416,19416,0,10872,0.3441,-1
Blue,8,lightningbear,1,0,-,Blue,fishy,10,1,force_destroyed,20919,697.30,True,2092,2071,6276,28,6276,0,19416,19416,0,20919,0.3706,-1
Blue,8,lightningbear,1,0,-,Blue,fishy,15,1,force_destroyed,30204,1006.80,True,2014,2001,6042,19,6042,0,19416,19416,0,30204,0.3971,-1
Blue,8,lightningbear,1,0,-,Blue,fishy,20,1,survived_horizon,36000,1200.00,True,1800,1799,5400,14,0,0,19416,19416,1,-1,1.0000,-1
Blue,8,lightningbear,1,0,-,Blue,fishy,30,1,survived_horizon,36000,1200.00,True,1200,1196,3600,9,0,0,19416,19416,1,-1,0.4765,-1
Blue,8,lightningbear,1,0,-,Blue,fishy,45,1,survived_horizon,36000,1200.00,True,800,800,2400,6,0,0,19416,19416,1,-1,1.0000,-1
Blue,8,lightningbear,1,0,-,Blue,fishy,60,1,survived_horizon,36000,1200.00,True,600,600,1800,5,0,0,19416,19416,1,-1,1.0000,-1
Blue,8,lightningbear,1,0,-,Blue,fishy,90,1,survived_horizon,36000,1200.00,True,400,400,1200,3,0,0,19416,19416,1,-1,1.0000,-1
Blue,8,lightningbear,1,0,-,Blue,fishy,120,1,survived_horizon,36000,1200.00,True,300,300,900,2,0,0,19416,19416,1,-1,1.0000,-1
Blue,8,lightningbear,1,4,eel,Blue,fishy,0,1,castle_destroyed,426,14.20,False,0,0,0,0,0,15,19761,19416,1,-1,1.0000,123
Blue,8,lightningbear,1,4,eel,Blue,fishy,1,1,force_destroyed,23332,777.73,True,23272,23224,69816,107,69816,776,37264,19416,0,23272,0.5353,-1
Blue,8,lightningbear,1,4,eel,Blue,fishy,2,1,castle_destroyed,812,27.07,False,406,400,1218,42,0,28,20060,19416,1,-1,1.0000,662
Blue,8,lightningbear,1,4,eel,Blue,fishy,3,1,castle_destroyed,572,19.07,False,191,187,573,28,0,20,19876,19416,1,-1,1.0000,483
Blue,8,lightningbear,1,4,eel,Blue,fishy,5,1,castle_destroyed,426,14.20,False,86,83,258,17,0,15,19761,19416,1,-1,1.0000,280
Blue,8,lightningbear,1,4,eel,Blue,fishy,10,1,castle_destroyed,426,14.20,False,43,42,129,8,0,15,19761,19416,1,-1,1.0000,168
Blue,8,lightningbear,1,4,eel,Blue,fishy,15,1,castle_destroyed,426,14.20,False,29,28,87,6,0,15,19761,19416,1,-1,1.0000,143
Blue,8,lightningbear,1,4,eel,Blue,fishy,20,1,castle_destroyed,426,14.20,False,22,21,66,4,0,15,19761,19416,1,-1,1.0000,141
Blue,8,lightningbear,1,4,eel,Blue,fishy,30,1,castle_destroyed,426,14.20,False,15,14,45,3,0,15,19761,19416,1,-1,1.0000,128
Blue,8,lightningbear,1,4,eel,Blue,fishy,45,1,castle_destroyed,426,14.20,False,10,10,30,2,0,15,19761,19416,1,-1,1.0000,127
Blue,8,lightningbear,1,4,eel,Blue,fishy,60,1,castle_destroyed,426,14.20,False,8,7,24,2,0,15,19761,19416,1,-1,1.0000,125
Blue,8,lightningbear,1,4,eel,Blue,fishy,90,1,castle_destroyed,426,14.20,False,5,5,15,1,0,15,19761,19416,1,-1,1.0000,126
Blue,8,lightningbear,1,4,eel,Blue,fishy,120,1,castle_destroyed,426,14.20,False,4,4,12,1,0,15,19761,19416,1,-1,1.0000,124
Blue,8,lightningbear,2,0,-,Blue,fishy,0,1,castle_destroyed,456,15.20,False,0,0,0,0,0,0,38832,38832,2,-1,1.0000,426
Blue,8,lightningbear,2,0,-,Blue,fishy,1,1,force_destroyed,3336,111.20,False,3336,3181,10008,258,10008,0,38832,38832,0,3336,0.3271,-1
Blue,8,lightningbear,2,0,-,Blue,fishy,2,1,force_destroyed,6382,212.73,False,3191,3091,9573,143,9573,0,38832,38832,0,6382,0.3282,-1
Blue,8,lightningbear,2,0,-,Blue,fishy,3,1,force_destroyed,9591,319.70,False,3197,3124,9591,95,9591,0,38832,38832,0,9591,0.5288,-1
Blue,8,lightningbear,2,0,-,Blue,fishy,5,1,force_destroyed,16007,533.57,False,3202,3182,9606,56,9606,0,38832,38832,0,16007,1.0000,-1
Blue,8,lightningbear,2,0,-,Blue,fishy,10,1,force_destroyed,34031,1134.37,True,3404,3392,10212,27,10212,0,38832,38832,0,34031,1.0000,-1
Blue,8,lightningbear,2,0,-,Blue,fishy,15,1,survived_horizon,36000,1200.00,True,2400,2399,7200,18,0,0,38832,38832,2,-1,1.0000,-1
Blue,8,lightningbear,2,0,-,Blue,fishy,20,1,survived_horizon,36000,1200.00,True,1800,1799,5400,13,0,0,38832,38832,2,-1,1.0000,-1
Blue,8,lightningbear,2,0,-,Blue,fishy,30,1,survived_horizon,36000,1200.00,True,1200,1200,3600,8,0,0,38832,38832,2,-1,1.0000,-1
Blue,8,lightningbear,2,0,-,Blue,fishy,45,1,survived_horizon,36000,1200.00,True,800,800,2400,5,0,0,38832,38832,2,-1,1.0000,-1
Blue,8,lightningbear,2,0,-,Blue,fishy,60,1,survived_horizon,36000,1200.00,True,600,600,1800,4,0,0,38832,38832,2,-1,1.0000,-1
Blue,8,lightningbear,2,0,-,Blue,fishy,90,1,castle_destroyed,1340,44.67,False,15,15,45,2,0,0,38832,38832,2,-1,1.0000,890
Blue,8,lightningbear,2,0,-,Blue,fishy,120,1,castle_destroyed,702,23.40,False,6,6,18,2,0,0,38832,38832,2,-1,1.0000,466
Blue,8,lightningbear,2,4,eel,Blue,fishy,0,1,castle_destroyed,426,14.20,False,0,0,0,0,0,15,39177,38832,2,-1,1.0000,123
Blue,8,lightningbear,2,4,eel,Blue,fishy,1,1,force_destroyed,23362,778.73,True,23302,23254,69906,107,69906,777,56703,38832,0,23302,0.5353,-1
Blue,8,lightningbear,2,4,eel,Blue,fishy,2,1,castle_destroyed,812,27.07,False,406,400,1218,42,0,28,39476,38832,2,-1,1.0000,662
Blue,8,lightningbear,2,4,eel,Blue,fishy,3,1,castle_destroyed,572,19.07,False,191,187,573,28,0,20,39292,38832,2,-1,1.0000,483
Blue,8,lightningbear,2,4,eel,Blue,fishy,5,1,castle_destroyed,426,14.20,False,86,83,258,17,0,15,39177,38832,2,-1,1.0000,280
Blue,8,lightningbear,2,4,eel,Blue,fishy,10,1,castle_destroyed,426,14.20,False,43,42,129,8,0,15,39177,38832,2,-1,1.0000,168
Blue,8,lightningbear,2,4,eel,Blue,fishy,15,1,castle_destroyed,426,14.20,False,29,28,87,6,0,15,39177,38832,2,-1,1.0000,143
Blue,8,lightningbear,2,4,eel,Blue,fishy,20,1,castle_destroyed,426,14.20,False,22,21,66,4,0,15,39177,38832,2,-1,1.0000,141
Blue,8,lightningbear,2,4,eel,Blue,fishy,30,1,castle_destroyed,426,14.20,False,15,14,45,3,0,15,39177,38832,2,-1,1.0000,128
Blue,8,lightningbear,2,4,eel,Blue,fishy,45,1,castle_destroyed,426,14.20,False,10,10,30,2,0,15,39177,38832,2,-1,1.0000,127
Blue,8,lightningbear,2,4,eel,Blue,fishy,60,1,castle_destroyed,426,14.20,False,8,7,24,2,0,15,39177,38832,2,-1,1.0000,125
Blue,8,lightningbear,2,4,eel,Blue,fishy,90,1,castle_destroyed,426,14.20,False,5,5,15,1,0,15,39177,38832,2,-1,1.0000,126
Blue,8,lightningbear,2,4,eel,Blue,fishy,120,1,castle_destroyed,426,14.20,False,4,4,12,1,0,15,39177,38832,2,-1,1.0000,124
Blue,8,lightningbear,3,0,-,Blue,fishy,0,1,castle_destroyed,456,15.20,False,0,0,0,0,0,0,58248,58248,3,-1,1.0000,426
Blue,8,lightningbear,3,0,-,Blue,fishy,1,1,force_destroyed,4909,163.63,False,4909,4711,14727,228,14727,0,58248,58248,0,4909,0.3271,-1
Blue,8,lightningbear,3,0,-,Blue,fishy,2,1,force_destroyed,9687,322.90,False,4844,4772,14532,113,14532,0,58248,58248,0,9687,0.4971,-1
Blue,8,lightningbear,3,0,-,Blue,fishy,3,1,force_destroyed,14224,474.13,False,4742,4694,14226,76,14226,0,58248,58248,0,14224,0.6982,-1
Blue,8,lightningbear,3,0,-,Blue,fishy,5,1,force_destroyed,24742,824.73,True,4949,4929,14847,44,14847,0,58248,58248,0,24742,1.0000,-1
Blue,8,lightningbear,3,0,-,Blue,fishy,10,1,survived_horizon,36000,1200.00,True,3600,3598,10800,22,0,0,58248,58248,3,-1,1.0000,-1
Blue,8,lightningbear,3,0,-,Blue,fishy,15,1,survived_horizon,36000,1200.00,True,2400,2399,7200,14,0,0,58248,58248,3,-1,1.0000,-1
Blue,8,lightningbear,3,0,-,Blue,fishy,20,1,survived_horizon,36000,1200.00,True,1800,1799,5400,11,0,0,58248,58248,3,-1,1.0000,-1
Blue,8,lightningbear,3,0,-,Blue,fishy,30,1,survived_horizon,36000,1200.00,True,1200,1200,3600,7,0,0,58248,58248,3,-1,1.0000,-1
Blue,8,lightningbear,3,0,-,Blue,fishy,45,1,survived_horizon,36000,1200.00,True,800,800,2400,4,0,0,58248,58248,3,-1,1.0000,-1
Blue,8,lightningbear,3,0,-,Blue,fishy,60,1,castle_destroyed,1190,39.67,False,20,20,60,3,0,0,58248,58248,3,-1,1.0000,890
Blue,8,lightningbear,3,0,-,Blue,fishy,90,1,castle_destroyed,621,20.70,False,7,7,21,2,0,0,58248,58248,3,-1,1.0000,504
Blue,8,lightningbear,3,0,-,Blue,fishy,120,1,castle_destroyed,486,16.20,False,5,4,15,2,0,0,58248,58248,3,-1,1.0000,466
Blue,8,lightningbear,3,4,eel,Blue,fishy,0,1,castle_destroyed,426,14.20,False,0,0,0,0,0,15,58593,58248,3,-1,1.0000,123
Blue,8,lightningbear,3,4,eel,Blue,fishy,1,1,force_destroyed,23392,779.73,True,23332,23284,69996,107,69996,778,76142,58248,0,23332,0.5353,-1
Blue,8,lightningbear,3,4,eel,Blue,fishy,2,1,castle_destroyed,812,27.07,False,406,400,1218,42,0,28,58892,58248,3,-1,1.0000,662
Blue,8,lightningbear,3,4,eel,Blue,fishy,3,1,castle_destroyed,486,16.20,False,162,158,486,28,0,17,58639,58248,3,-1,1.0000,483
Blue,8,lightningbear,3,4,eel,Blue,fishy,5,1,castle_destroyed,426,14.20,False,86,83,258,17,0,15,58593,58248,3,-1,1.0000,280
Blue,8,lightningbear,3,4,eel,Blue,fishy,10,1,castle_destroyed,426,14.20,False,43,42,129,8,0,15,58593,58248,3,-1,1.0000,168
Blue,8,lightningbear,3,4,eel,Blue,fishy,15,1,castle_destroyed,426,14.20,False,29,28,87,6,0,15,58593,58248,3,-1,1.0000,143
Blue,8,lightningbear,3,4,eel,Blue,fishy,20,1,castle_destroyed,426,14.20,False,22,21,66,4,0,15,58593,58248,3,-1,1.0000,141
Blue,8,lightningbear,3,4,eel,Blue,fishy,30,1,castle_destroyed,426,14.20,False,15,14,45,3,0,15,58593,58248,3,-1,1.0000,128
Blue,8,lightningbear,3,4,eel,Blue,fishy,45,1,castle_destroyed,426,14.20,False,10,10,30,2,0,15,58593,58248,3,-1,1.0000,127
Blue,8,lightningbear,3,4,eel,Blue,fishy,60,1,castle_destroyed,426,14.20,False,8,7,24,2,0,15,58593,58248,3,-1,1.0000,125
Blue,8,lightningbear,3,4,eel,Blue,fishy,90,1,castle_destroyed,426,14.20,False,5,5,15,1,0,15,58593,58248,3,-1,1.0000,126
Blue,8,lightningbear,3,4,eel,Blue,fishy,120,1,castle_destroyed,426,14.20,False,4,4,12,1,0,15,58593,58248,3,-1,1.0000,124
Blue,8,lightningbear,4,0,-,Blue,fishy,0,1,castle_destroyed,456,15.20,False,0,0,0,0,0,0,77664,77664,4,-1,1.0000,426
Blue,8,lightningbear,4,0,-,Blue,fishy,1,1,force_destroyed,7190,239.67,False,7190,6991,21570,199,21570,0,77664,77664,0,7190,0.3271,-1
Blue,8,lightningbear,4,0,-,Blue,fishy,2,1,force_destroyed,14098,469.93,False,7049,6977,21147,112,21147,0,77664,77664,0,14098,0.6559,-1
Blue,8,lightningbear,4,0,-,Blue,fishy,3,1,force_destroyed,20851,695.03,True,6951,6923,20853,66,20853,0,77664,77664,0,20851,1.0000,-1
Blue,8,lightningbear,4,0,-,Blue,fishy,5,1,survived_horizon,36000,1200.00,True,7200,7196,21600,43,0,0,77664,77664,4,-1,1.0000,-1
Blue,8,lightningbear,4,0,-,Blue,fishy,10,1,survived_horizon,36000,1200.00,True,3600,3598,10800,19,0,0,77664,77664,4,-1,1.0000,-1
Blue,8,lightningbear,4,0,-,Blue,fishy,15,1,survived_horizon,36000,1200.00,True,2400,2399,7200,13,0,0,77664,77664,4,-1,1.0000,-1
Blue,8,lightningbear,4,0,-,Blue,fishy,20,1,survived_horizon,36000,1200.00,True,1800,1799,5400,9,0,0,77664,77664,4,-1,1.0000,-1
Blue,8,lightningbear,4,0,-,Blue,fishy,30,1,survived_horizon,36000,1200.00,True,1200,1200,3600,6,0,0,77664,77664,4,-1,1.0000,-1
Blue,8,lightningbear,4,0,-,Blue,fishy,45,1,castle_destroyed,1044,34.80,False,24,23,72,4,0,0,77664,77664,4,-1,1.0000,894
Blue,8,lightningbear,4,0,-,Blue,fishy,60,1,castle_destroyed,610,20.33,False,11,10,33,3,0,0,77664,77664,4,-1,1.0000,526
Blue,8,lightningbear,4,0,-,Blue,fishy,90,1,castle_destroyed,516,17.20,False,6,6,18,2,0,0,77664,77664,4,-1,1.0000,504
Blue,8,lightningbear,4,0,-,Blue,fishy,120,1,castle_destroyed,486,16.20,False,5,4,15,2,0,0,77664,77664,4,-1,1.0000,466
Blue,8,lightningbear,4,4,eel,Blue,fishy,0,1,castle_destroyed,426,14.20,False,0,0,0,0,0,15,78009,77664,4,-1,1.0000,123
Blue,8,lightningbear,4,4,eel,Blue,fishy,1,1,force_destroyed,23422,780.73,True,23362,23314,70086,107,70086,779,95581,77664,0,23362,0.5353,-1
Blue,8,lightningbear,4,4,eel,Blue,fishy,2,1,castle_destroyed,812,27.07,False,406,400,1218,42,0,28,78308,77664,4,-1,1.0000,662
Blue,8,lightningbear,4,4,eel,Blue,fishy,3,1,castle_destroyed,486,16.20,False,162,158,486,28,0,17,78055,77664,4,-1,1.0000,483
Blue,8,lightningbear,4,4,eel,Blue,fishy,5,1,castle_destroyed,426,14.20,False,86,83,258,17,0,15,78009,77664,4,-1,1.0000,280
Blue,8,lightningbear,4,4,eel,Blue,fishy,10,1,castle_destroyed,426,14.20,False,43,42,129,8,0,15,78009,77664,4,-1,1.0000,168
Blue,8,lightningbear,4,4,eel,Blue,fishy,15,1,castle_destroyed,426,14.20,False,29,28,87,6,0,15,78009,77664,4,-1,1.0000,143
Blue,8,lightningbear,4,4,eel,Blue,fishy,20,1,castle_destroyed,426,14.20,False,22,21,66,4,0,15,78009,77664,4,-1,1.0000,141
Blue,8,lightningbear,4,4,eel,Blue,fishy,30,1,castle_destroyed,426,14.20,False,15,14,45,3,0,15,78009,77664,4,-1,1.0000,128
Blue,8,lightningbear,4,4,eel,Blue,fishy,45,1,castle_destroyed,426,14.20,False,10,10,30,2,0,15,78009,77664,4,-1,1.0000,127
Blue,8,lightningbear,4,4,eel,Blue,fishy,60,1,castle_destroyed,426,14.20,False,8,7,24,2,0,15,78009,77664,4,-1,1.0000,125
Blue,8,lightningbear,4,4,eel,Blue,fishy,90,1,castle_destroyed,426,14.20,False,5,5,15,1,0,15,78009,77664,4,-1,1.0000,126
Blue,8,lightningbear,4,4,eel,Blue,fishy,120,1,castle_destroyed,426,14.20,False,4,4,12,1,0,15,78009,77664,4,-1,1.0000,124
Blue,8,lightningbear,5,0,-,Blue,fishy,0,1,castle_destroyed,456,15.20,False,0,0,0,0,0,0,97080,97080,5,-1,1.0000,426
Blue,8,lightningbear,5,0,-,Blue,fishy,1,1,force_destroyed,9456,315.20,False,9456,9271,28368,185,28368,0,97080,97080,0,9456,0.3271,-1
Blue,8,lightningbear,5,0,-,Blue,fishy,2,1,force_destroyed,18483,616.10,True,9242,9198,27726,98,27726,0,97080,97080,0,18483,0.9712,-1
Blue,8,lightningbear,5,0,-,Blue,fishy,3,1,force_destroyed,26885,896.17,True,8962,8933,26886,65,26886,0,97080,97080,0,26885,1.0000,-1
Blue,8,lightningbear,5,0,-,Blue,fishy,5,1,survived_horizon,36000,1200.00,True,7200,7196,21600,39,0,0,97080,97080,5,-1,1.0000,-1
Blue,8,lightningbear,5,0,-,Blue,fishy,10,1,survived_horizon,36000,1200.00,True,3600,3598,10800,19,0,0,97080,97080,5,-1,1.0000,-1
Blue,8,lightningbear,5,0,-,Blue,fishy,15,1,survived_horizon,36000,1200.00,True,2400,2399,7200,12,0,0,97080,97080,5,-1,1.0000,-1
Blue,8,lightningbear,5,0,-,Blue,fishy,20,1,castle_destroyed,1792,59.73,False,90,89,270,9,0,0,97080,97080,5,-1,1.0000,1492
Blue,8,lightningbear,5,0,-,Blue,fishy,30,1,castle_destroyed,1059,35.30,False,36,35,108,6,0,0,97080,97080,5,-1,1.0000,909
Blue,8,lightningbear,5,0,-,Blue,fishy,45,1,castle_destroyed,675,22.50,False,15,15,45,4,0,0,97080,97080,5,-1,1.0000,581
Blue,8,lightningbear,5,0,-,Blue,fishy,60,1,castle_destroyed,546,18.20,False,10,9,30,3,0,0,97080,97080,5,-1,1.0000,526
Blue,8,lightningbear,5,0,-,Blue,fishy,90,1,castle_destroyed,516,17.20,False,6,6,18,2,0,0,97080,97080,5,-1,1.0000,504
Blue,8,lightningbear,5,0,-,Blue,fishy,120,1,castle_destroyed,486,16.20,False,5,4,15,2,0,0,97080,97080,5,-1,1.0000,466
Blue,8,lightningbear,5,4,eel,Blue,fishy,0,1,castle_destroyed,426,14.20,False,0,0,0,0,0,15,97425,97080,5,-1,1.0000,123
Blue,8,lightningbear,5,4,eel,Blue,fishy,1,1,force_destroyed,23452,781.73,True,23392,23344,70176,107,70176,780,115020,97080,0,23392,0.5353,-1
Blue,8,lightningbear,5,4,eel,Blue,fishy,2,1,castle_destroyed,684,22.80,False,342,336,1026,42,0,23,97609,97080,5,-1,1.0000,662
Blue,8,lightningbear,5,4,eel,Blue,fishy,3,1,castle_destroyed,486,16.20,False,162,158,486,28,0,17,97471,97080,5,-1,1.0000,483
Blue,8,lightningbear,5,4,eel,Blue,fishy,5,1,castle_destroyed,426,14.20,False,86,83,258,17,0,15,97425,97080,5,-1,1.0000,280
Blue,8,lightningbear,5,4,eel,Blue,fishy,10,1,castle_destroyed,426,14.20,False,43,42,129,8,0,15,97425,97080,5,-1,1.0000,168
Blue,8,lightningbear,5,4,eel,Blue,fishy,15,1,castle_destroyed,426,14.20,False,29,28,87,6,0,15,97425,97080,5,-1,1.0000,143
Blue,8,lightningbear,5,4,eel,Blue,fishy,20,1,castle_destroyed,426,14.20,False,22,21,66,4,0,15,97425,97080,5,-1,1.0000,141
Blue,8,lightningbear,5,4,eel,Blue,fishy,30,1,castle_destroyed,426,14.20,False,15,14,45,3,0,15,97425,97080,5,-1,1.0000,128
Blue,8,lightningbear,5,4,eel,Blue,fishy,45,1,castle_destroyed,426,14.20,False,10,10,30,2,0,15,97425,97080,5,-1,1.0000,127
Blue,8,lightningbear,5,4,eel,Blue,fishy,60,1,castle_destroyed,426,14.20,False,8,7,24,2,0,15,97425,97080,5,-1,1.0000,125
Blue,8,lightningbear,5,4,eel,Blue,fishy,90,1,castle_destroyed,426,14.20,False,5,5,15,1,0,15,97425,97080,5,-1,1.0000,126
Blue,8,lightningbear,5,4,eel,Blue,fishy,120,1,castle_destroyed,426,14.20,False,4,4,12,1,0,15,97425,97080,5,-1,1.0000,124
Green,5,gecko,0,4,snecko,Green,minisnecko,0,1,castle_destroyed,940,31.33,False,0,0,0,0,0,32,672,0,0,-1,0.0000,156
Green,5,gecko,0,4,snecko,Green,minisnecko,1,1,survived_horizon,36000,1200.00,True,36000,35919,36000,84,0,1200,25200,0,0,-1,0.0000,-1
Green,5,gecko,0,4,snecko,Green,minisnecko,2,1,survived_horizon,36000,1200.00,True,18000,17994,18000,42,0,1200,25200,0,0,-1,0.0000,-1
Green,5,gecko,0,4,snecko,Green,minisnecko,3,1,castle_destroyed,6231,207.70,False,2077,2074,2077,28,0,208,4368,0,0,-1,0.0000,435
Green,5,gecko,0,4,snecko,Green,minisnecko,5,1,castle_destroyed,2316,77.20,False,464,462,464,17,0,78,1638,0,0,-1,0.0000,314
Green,5,gecko,0,4,snecko,Green,minisnecko,10,1,castle_destroyed,1253,41.77,False,126,125,126,8,0,42,882,0,0,-1,0.0000,203
Green,5,gecko,0,4,snecko,Green,minisnecko,15,1,castle_destroyed,1021,34.03,False,69,68,69,6,0,35,735,0,0,-1,0.0000,172
Green,5,gecko,0,4,snecko,Green,minisnecko,20,1,castle_destroyed,969,32.30,False,49,48,49,4,0,33,693,0,0,-1,0.0000,166
Green,5,gecko,0,4,snecko,Green,minisnecko,30,1,castle_destroyed,953,31.77,False,32,32,32,3,0,32,672,0,0,-1,0.0000,168
Green,5,gecko,0,4,snecko,Green,minisnecko,45,1,castle_destroyed,949,31.63,False,22,21,22,2,0,32,672,0,0,-1,0.0000,161
Green,5,gecko,0,4,snecko,Green,minisnecko,60,1,castle_destroyed,947,31.57,False,16,16,16,2,0,32,672,0,0,-1,0.0000,160
Green,5,gecko,0,4,snecko,Green,minisnecko,90,1,castle_destroyed,945,31.50,False,11,11,11,1,0,32,672,0,0,-1,0.0000,158
Green,5,gecko,0,4,snecko,Green,minisnecko,120,1,castle_destroyed,943,31.43,False,8,8,8,1,0,32,672,0,0,-1,0.0000,158
Green,5,gecko,1,0,-,Green,minisnecko,0,1,castle_destroyed,5978,199.27,False,0,0,0,0,0,0,46,46,1,-1,1.0000,143
Green,5,gecko,1,0,-,Green,minisnecko,1,1,force_destroyed,132,4.40,False,132,31,132,101,132,0,46,46,0,132,0.5294,-1
Green,5,gecko,1,0,-,Green,minisnecko,2,1,force_destroyed,179,5.97,False,90,49,90,52,90,0,46,46,0,179,0.5647,-1
Green,5,gecko,1,0,-,Green,minisnecko,3,1,force_destroyed,206,6.87,False,69,40,69,39,69,0,46,46,0,206,0.5435,-1
Green,5,gecko,1,0,-,Green,minisnecko,5,1,force_destroyed,301,10.03,False,61,46,61,23,61,0,46,46,0,301,0.5647,-1
Green,5,gecko,1,0,-,Green,minisnecko,10,1,force_destroyed,630,21.00,False,63,63,63,8,63,0,46,46,0,630,1.0000,-1
Green,5,gecko,1,0,-,Green,minisnecko,15,1,force_destroyed,591,19.70,False,40,36,40,7,40,0,46,46,0,591,0.7059,-1
Green,5,gecko,1,0,-,Green,minisnecko,20,1,force_destroyed,1330,44.33,False,67,67,67,4,67,0,46,46,0,1330,1.0000,286
Green,5,gecko,1,0,-,Green,minisnecko,30,1,force_destroyed,1487,49.57,False,50,49,50,3,50,0,46,46,0,1487,1.0000,153
Green,5,gecko,1,0,-,Green,minisnecko,45,1,force_destroyed,4420,147.33,False,99,98,99,2,99,0,46,46,0,4420,1.0000,160
Green,5,gecko,1,0,-,Green,minisnecko,60,1,force_destroyed,3017,100.57,False,51,50,51,2,51,0,46,46,0,3017,1.0000,152
Green,5,gecko,1,0,-,Green,minisnecko,90,1,castle_destroyed,7168,238.93,False,80,80,80,1,0,0,46,46,1,-1,1.0000,145
Green,5,gecko,1,0,-,Green,minisnecko,120,1,castle_destroyed,6835,227.83,False,57,57,57,1,0,0,46,46,1,-1,1.0000,152
Green,5,gecko,1,4,snecko,Green,minisnecko,0,1,castle_destroyed,887,29.57,False,0,0,0,0,0,30,676,46,1,-1,1.0000,143
Green,5,gecko,1,4,snecko,Green,minisnecko,1,1,castle_destroyed,11096,369.87,False,210,210,210,81,210,7,193,46,0,210,0.5294,365
Green,5,gecko,1,4,snecko,Green,minisnecko,2,1,castle_destroyed,2531,84.37,False,138,138,138,43,138,10,256,46,0,276,0.6847,368
Green,5,gecko,1,4,snecko,Green,minisnecko,3,1,castle_destroyed,1614,53.80,False,122,122,122,27,122,13,319,46,0,366,0.9600,385
Green,5,gecko,1,4,snecko,Green,minisnecko,5,1,castle_destroyed,1311,43.70,False,106,106,106,16,106,18,424,46,0,530,1.0000,224
Green,5,gecko,1,4,snecko,Green,minisnecko,10,1,castle_destroyed,1098,36.60,False,102,102,102,8,102,34,760,46,0,1020,1.0000,184
Green,5,gecko,1,4,snecko,Green,minisnecko,15,1,castle_destroyed,943,31.43,False,63,63,63,5,0,32,718,46,1,-1,1.0000,170
Green,5,gecko,1,4,snecko,Green,minisnecko,20,1,castle_destroyed,908,30.27,False,46,45,46,4,0,31,697,46,1,-1,1.0000,161
Green,5,gecko,1,4,snecko,Green,minisnecko,30,1,castle_destroyed,899,29.97,False,30,30,30,3,0,30,676,46,1,-1,1.0000,153
Green,5,gecko,1,4,snecko,Green,minisnecko,45,1,castle_destroyed,913,30.43,False,21,21,21,2,0,31,697,46,1,-1,1.0000,156
Green,5,gecko,1,4,snecko,Green,minisnecko,60,1,castle_destroyed,893,29.77,False,15,15,15,2,0,30,676,46,1,-1,1.0000,152
Green,5,gecko,1,4,snecko,Green,minisnecko,90,1,castle_destroyed,898,29.93,False,10,10,10,1,0,30,676,46,1,-1,1.0000,145
Green,5,gecko,1,4,snecko,Green,minisnecko,120,1,castle_destroyed,890,29.67,False,8,8,8,1,0,30,676,46,1,-1,1.0000,152
Green,5,gecko,2,0,-,Green,minisnecko,0,1,castle_destroyed,3068,102.27,False,0,0,0,0,0,0,92,92,2,-1,1.0000,143
Green,5,gecko,2,0,-,Green,minisnecko,1,1,force_destroyed,170,5.67,False,170,92,170,92,170,0,92,92,0,170,0.5294,-1
Green,5,gecko,2,0,-,Green,minisnecko,2,1,force_destroyed,268,8.93,False,134,101,134,44,134,0,92,92,0,268,0.6071,-1
Green,5,gecko,2,0,-,Green,minisnecko,3,1,force_destroyed,350,11.67,False,117,98,117,29,117,0,92,92,0,350,0.6635,-1
Green,5,gecko,2,0,-,Green,minisnecko,5,1,force_destroyed,458,15.27,False,92,86,92,17,92,0,92,92,0,458,0.8612,-1
Green,5,gecko,2,0,-,Green,minisnecko,10,1,force_destroyed,807,26.90,False,81,79,81,8,81,0,92,92,0,807,1.0000,286
Green,5,gecko,2,0,-,Green,minisnecko,15,1,force_destroyed,1585,52.83,False,106,105,106,5,106,0,92,92,0,1585,1.0000,187
Green,5,gecko,2,0,-,Green,minisnecko,20,1,force_destroyed,1577,52.57,False,79,78,79,4,79,0,92,92,0,1577,1.0000,177
Green,5,gecko,2,0,-,Green,minisnecko,30,1,force_destroyed,2410,80.33,False,81,80,81,3,81,0,92,92,0,2410,1.0000,153
Green,5,gecko,2,0,-,Green,minisnecko,45,1,castle_destroyed,3988,132.93,False,89,89,89,2,0,0,92,92,2,-1,1.0000,160
Green,5,gecko,2,0,-,Green,minisnecko,60,1,castle_destroyed,3523,117.43,False,59,59,59,2,0,0,92,92,2,-1,1.0000,152
Green,5,gecko,2,0,-,Green,minisnecko,90,1,castle_destroyed,3338,111.27,False,38,37,38,1,0,0,92,92,2,-1,1.0000,145
Green,5,gecko,2,0,-,Green,minisnecko,120,1,castle_destroyed,3298,109.93,False,28,28,28,1,0,0,92,92,2,-1,1.0000,152
Green,5,gecko,2,4,snecko,Green,minisnecko,0,1,castle_destroyed,839,27.97,False,0,0,0,0,0,28,680,92,2,-1,1.0000,143
Green,5,gecko,2,4,snecko,Green,minisnecko,1,1,castle_destroyed,11126,370.87,False,240,240,240,81,240,8,260,92,0,240,0.5294,395
Green,5,gecko,2,4,snecko,Green,minisnecko,2,1,castle_destroyed,2193,73.10,False,158,158,158,43,158,11,323,92,0,315,0.7906,387
Green,5,gecko,2,4,snecko,Green,minisnecko,3,1,castle_destroyed,1506,50.20,False,131,131,131,27,131,14,386,92,0,391,1.0000,369
Green,5,gecko,2,4,snecko,Green,minisnecko,5,1,castle_destroyed,1300,43.33,False,117,117,117,16,117,20,512,92,0,585,1.0000,234
Green,5,gecko,2,4,snecko,Green,minisnecko,10,1,castle_destroyed,993,33.10,False,100,99,100,8,0,34,806,92,2,-1,1.0000,179
Green,5,gecko,2,4,snecko,Green,minisnecko,15,1,castle_destroyed,878,29.27,False,59,58,59,5,0,30,722,92,2,-1,1.0000,170
Green,5,gecko,2,4,snecko,Green,minisnecko,20,1,castle_destroyed,859,28.63,False,43,43,43,4,0,29,701,92,2,-1,1.0000,161
Green,5,gecko,2,4,snecko,Green,minisnecko,30,1,castle_destroyed,849,28.30,False,29,28,29,3,0,29,701,92,2,-1,1.0000,153
Green,5,gecko,2,4,snecko,Green,minisnecko,45,1,castle_destroyed,863,28.77,False,20,19,20,2,0,29,701,92,2,-1,1.0000,156
Green,5,gecko,2,4,snecko,Green,minisnecko,60,1,castle_destroyed,844,28.13,False,15,14,15,2,0,29,701,92,2,-1,1.0000,152
Green,5,gecko,2,4,snecko,Green,minisnecko,90,1,castle_destroyed,850,28.33,False,10,10,10,1,0,29,701,92,2,-1,1.0000,145
Green,5,gecko,2,4,snecko,Green,minisnecko,120,1,castle_destroyed,842,28.07,False,8,7,8,1,0,29,701,92,2,-1,1.0000,152
Green,5,gecko,3,0,-,Green,minisnecko,0,1,castle_destroyed,2108,70.27,False,0,0,0,0,0,0,138,138,3,-1,1.0000,143
Green,5,gecko,3,0,-,Green,minisnecko,1,1,force_destroyed,242,8.07,False,242,152,242,92,242,0,138,138,0,242,0.5294,-1
Green,5,gecko,3,0,-,Green,minisnecko,2,1,force_destroyed,325,10.83,False,163,128,163,44,163,0,138,138,0,325,0.6494,-1
Green,5,gecko,3,0,-,Green,minisnecko,3,1,force_destroyed,389,12.97,False,130,111,130,29,130,0,138,138,0,389,0.7129,-1
Green,5,gecko,3,0,-,Green,minisnecko,5,1,force_destroyed,540,18.00,False,108,105,108,17,108,0,138,138,0,540,1.0000,359
Green,5,gecko,3,0,-,Green,minisnecko,10,1,force_destroyed,950,31.67,False,95,93,95,8,95,0,138,138,0,950,1.0000,286
Green,5,gecko,3,0,-,Green,minisnecko,15,1,force_destroyed,1705,56.83,False,114,113,114,5,114,0,138,138,0,1705,1.0000,187
Green,5,gecko,3,0,-,Green,minisnecko,20,1,force_destroyed,1657,55.23,False,83,82,83,4,83,0,138,138,0,1657,1.0000,177
Green,5,gecko,3,0,-,Green,minisnecko,30,1,force_destroyed,2440,81.33,False,82,81,82,3,82,0,138,138,0,2440,1.0000,153
Green,5,gecko,3,0,-,Green,minisnecko,45,1,castle_destroyed,2368,78.93,False,53,53,53,2,0,0,138,138,3,-1,1.0000,160
Green,5,gecko,3,0,-,Green,minisnecko,60,1,castle_destroyed,2383,79.43,False,40,40,40,2,0,0,138,138,3,-1,1.0000,152
Green,5,gecko,3,0,-,Green,minisnecko,90,1,castle_destroyed,2228,74.27,False,25,25,25,1,0,0,138,138,3,-1,1.0000,145
Green,5,gecko,3,0,-,Green,minisnecko,120,1,castle_destroyed,2198,73.27,False,19,19,19,1,0,0,138,138,3,-1,1.0000,152
Green,5,gecko,3,4,snecko,Green,minisnecko,0,1,castle_destroyed,798,26.60,False,0,0,0,0,0,27,705,138,3,-1,1.0000,143
Green,5,gecko,3,4,snecko,Green,minisnecko,1,1,castle_destroyed,11156,371.87,False,270,270,270,81,270,9,327,138,0,270,0.5294,425
Green,5,gecko,3,4,snecko,Green,minisnecko,2,1,castle_destroyed,2218,73.93,False,179,179,179,43,179,12,390,138,0,357,0.8329,409
Green,5,gecko,3,4,snecko,Green,minisnecko,3,1,castle_destroyed,1658,55.27,False,149,149,149,27,149,15,453,138,0,445,1.0000,341
Green,5,gecko,3,4,snecko,Green,minisnecko,5,1,castle_destroyed,1350,45.00,False,132,132,132,16,132,22,600,138,0,660,1.0000,232
Green,5,gecko,3,4,snecko,Green,minisnecko,10,1,castle_destroyed,913,30.43,False,92,91,92,8,0,31,789,138,3,-1,1.0000,179
Green,5,gecko,3,4,snecko,Green,minisnecko,15,1,castle_destroyed,827,27.57,False,56,55,56,5,0,28,726,138,3,-1,1.0000,170
Green,5,gecko,3,4,snecko,Green,minisnecko,20,1,castle_destroyed,816,27.20,False,41,41,41,4,0,28,726,138,3,-1,1.0000,161
Green,5,gecko,3,4,snecko,Green,minisnecko,30,1,castle_destroyed,806,26.87,False,27,27,27,3,0,27,705,138,3,-1,1.0000,153
Green,5,gecko,3,4,snecko,Green,minisnecko,45,1,castle_destroyed,818,27.27,False,19,18,19,2,0,28,726,138,3,-1,1.0000,156
Green,5,gecko,3,4,snecko,Green,minisnecko,60,1,castle_destroyed,803,26.77,False,14,14,14,2,0,27,705,138,3,-1,1.0000,152
Green,5,gecko,3,4,snecko,Green,minisnecko,90,1,castle_destroyed,806,26.87,False,9,9,9,1,0,27,705,138,3,-1,1.0000,145
Green,5,gecko,3,4,snecko,Green,minisnecko,120,1,castle_destroyed,800,26.67,False,7,7,7,1,0,27,705,138,3,-1,1.0000,152
Green,5,gecko,4,0,-,Green,minisnecko,0,1,castle_destroyed,1643,54.77,False,0,0,0,0,0,0,184,184,4,-1,1.0000,143
Green,5,gecko,4,0,-,Green,minisnecko,1,1,force_destroyed,277,9.23,False,277,188,277,89,277,0,184,184,0,277,0.5294,-1
Green,5,gecko,4,0,-,Green,minisnecko,2,1,force_destroyed,369,12.30,False,185,155,185,44,185,0,184,184,0,369,0.7059,-1
Green,5,gecko,4,0,-,Green,minisnecko,3,1,force_destroyed,465,15.50,False,155,141,155,29,155,0,184,184,0,465,0.7624,-1
Green,5,gecko,4,0,-,Green,minisnecko,5,1,force_destroyed,642,21.40,False,129,125,129,17,129,0,184,184,0,642,1.0000,328
Green,5,gecko,4,0,-,Green,minisnecko,10,1,force_destroyed,1017,33.90,False,102,100,102,8,102,0,184,184,0,1017,1.0000,286
Green,5,gecko,4,0,-,Green,minisnecko,15,1,force_destroyed,1735,57.83,False,116,115,116,5,116,0,184,184,0,1735,1.0000,187
Green,5,gecko,4,0,-,Green,minisnecko,20,1,force_destroyed,1910,63.67,False,96,95,96,4,96,0,184,184,0,1910,1.0000,177
Green,5,gecko,4,0,-,Green,minisnecko,30,1,castle_destroyed,2368,78.93,False,79,79,79,3,0,0,184,184,3,-1,1.0000,153
Green,5,gecko,4,0,-,Green,minisnecko,45,1,castle_destroyed,1778,59.27,False,40,40,40,2,0,0,184,184,4,-1,1.0000,160
Green,5,gecko,4,0,-,Green,minisnecko,60,1,castle_destroyed,1783,59.43,False,30,30,30,2,0,0,184,184,4,-1,1.0000,152
Green,5,gecko,4,0,-,Green,minisnecko,90,1,castle_destroyed,1703,56.77,False,19,19,19,1,0,0,184,184,4,-1,1.0000,145
Green,5,gecko,4,0,-,Green,minisnecko,120,1,castle_destroyed,1688,56.27,False,15,14,15,1,0,0,184,184,4,-1,1.0000,152
Green,5,gecko,4,4,snecko,Green,minisnecko,0,1,castle_destroyed,759,25.30,False,0,0,0,0,0,26,730,184,4,-1,1.0000,143
Green,5,gecko,4,4,snecko,Green,minisnecko,1,1,castle_destroyed,11186,372.87,False,300,300,300,81,300,10,394,184,0,300,0.5294,455
Green,5,gecko,4,4,snecko,Green,minisnecko,2,1,castle_destroyed,2005,66.83,False,196,196,196,43,196,14,478,184,0,392,0.8400,441
Green,5,gecko,4,4,snecko,Green,minisnecko,3,1,castle_destroyed,1677,55.90,False,165,165,165,27,165,17,541,184,0,493,1.0000,336
Green,5,gecko,4,4,snecko,Green,minisnecko,5,1,castle_destroyed,1278,42.60,False,151,151,151,16,151,26,730,184,0,755,1.0000,232
Green,5,gecko,4,4,snecko,Green,minisnecko,10,1,castle_destroyed,851,28.37,False,86,85,86,8,0,29,793,184,4,-1,1.0000,179
Green,5,gecko,4,4,snecko,Green,minisnecko,15,1,castle_destroyed,786,26.20,False,53,52,53,5,0,27,751,184,4,-1,1.0000,170
Green,5,gecko,4,4,snecko,Green,minisnecko,20,1,castle_destroyed,776,25.87,False,39,39,39,4,0,26,730,184,4,-1,1.0000,161
Green,5,gecko,4,4,snecko,Green,minisnecko,30,1,castle_destroyed,770,25.67,False,26,26,26,3,0,26,730,184,4,-1,1.0000,153
Green,5,gecko,4,4,snecko,Green,minisnecko,45,1,castle_destroyed,781,26.03,False,18,18,18,2,0,27,751,184,4,-1,1.0000,156
Green,5,gecko,4,4,snecko,Green,minisnecko,60,1,castle_destroyed,765,25.50,False,13,13,13,2,0,26,730,184,4,-1,1.0000,152
Green,5,gecko,4,4,snecko,Green,minisnecko,90,1,castle_destroyed,771,25.70,False,9,9,9,1,0,26,730,184,4,-1,1.0000,145
Green,5,gecko,4,4,snecko,Green,minisnecko,120,1,castle_destroyed,763,25.43,False,7,7,7,1,0,26,730,184,4,-1,1.0000,152
Green,5,gecko,5,0,-,Green,minisnecko,0,1,castle_destroyed,1358,45.27,False,0,0,0,0,0,0,230,230,5,-1,1.0000,143
Green,5,gecko,5,0,-,Green,minisnecko,1,1,force_destroyed,307,10.23,False,307,218,307,89,307,0,230,230,0,307,0.5294,-1
Green,5,gecko,5,0,-,Green,minisnecko,2,1,force_destroyed,408,13.60,False,204,178,204,44,204,0,230,230,0,408,0.7129,-1
Green,5,gecko,5,0,-,Green,minisnecko,3,1,force_destroyed,479,15.97,False,160,150,160,29,160,0,230,230,0,479,0.9459,-1
Green,5,gecko,5,0,-,Green,minisnecko,5,1,force_destroyed,677,22.57,False,136,131,136,17,136,0,230,230,0,677,1.0000,328
Green,5,gecko,5,0,-,Green,minisnecko,10,1,force_destroyed,1070,35.67,False,107,106,107,8,107,0,230,230,0,1070,1.0000,286
Green,5,gecko,5,0,-,Green,minisnecko,15,1,force_destroyed,1765,58.83,False,118,117,118,5,118,0,230,230,0,1765,1.0000,187
Green,5,gecko,5,0,-,Green,minisnecko,20,1,force_destroyed,1930,64.33,False,97,96,97,4,97,0,230,230,0,1930,1.0000,177
Green,5,gecko,5,0,-,Green,minisnecko,30,1,castle_destroyed,1858,61.93,False,62,62,62,3,0,0,230,230,5,-1,1.0000,153
Green,5,gecko,5,0,-,Green,minisnecko,45,1,castle_destroyed,1448,48.27,False,33,32,33,2,0,0,230,230,5,-1,1.0000,160
Green,5,gecko,5,0,-,Green,minisnecko,60,1,castle_destroyed,1433,47.77,False,24,24,24,2,0,0,230,230,5,-1,1.0000,152
Green,5,gecko,5,0,-,Green,minisnecko,90,1,castle_destroyed,1403,46.77,False,16,16,16,1,0,0,230,230,5,-1,1.0000,145
Green,5,gecko,5,0,-,Green,minisnecko,120,1,castle_destroyed,1397,46.57,False,12,12,12,1,0,0,230,230,5,-1,1.0000,152
Green,5,gecko,5,4,snecko,Green,minisnecko,0,1,castle_destroyed,728,24.27,False,0,0,0,0,0,25,755,230,5,-1,1.0000,143
Green,5,gecko,5,4,snecko,Green,minisnecko,1,1,castle_destroyed,11216,373.87,False,330,330,330,81,330,11,461,230,0,330,0.5294,485
Green,5,gecko,5,4,snecko,Green,minisnecko,2,1,castle_destroyed,2030,67.67,False,216,216,216,43,216,15,545,230,0,431,0.9459,457
Green,5,gecko,5,4,snecko,Green,minisnecko,3,1,castle_destroyed,1671,55.70,False,181,181,181,27,181,19,629,230,0,541,1.0000,326
Green,5,gecko,5,4,snecko,Green,minisnecko,5,1,castle_destroyed,1219,40.63,False,157,157,157,16,157,27,797,230,0,785,1.0000,232
Green,5,gecko,5,4,snecko,Green,minisnecko,10,1,castle_destroyed,803,26.77,False,81,80,81,8,0,27,797,230,5,-1,1.0000,179
Green,5,gecko,5,4,snecko,Green,minisnecko,15,1,castle_destroyed,748,24.93,False,50,50,50,5,0,25,755,230,5,-1,1.0000,170
Green,5,gecko,5,4,snecko,Green,minisnecko,20,1,castle_destroyed,743,24.77,False,38,37,38,4,0,25,755,230,5,-1,1.0000,161
Green,5,gecko,5,4,snecko,Green,minisnecko,30,1,castle_destroyed,738,24.60,False,25,25,25,3,0,25,755,230,5,-1,1.0000,153
Green,5,gecko,5,4,snecko,Green,minisnecko,45,1,castle_destroyed,746,24.87,False,17,17,17,2,0,25,755,230,5,-1,1.0000,156
Green,5,gecko,5,4,snecko,Green,minisnecko,60,1,castle_destroyed,733,24.43,False,13,13,13,2,0,25,755,230,5,-1,1.0000,152
Green,5,gecko,5,4,snecko,Green,minisnecko,90,1,castle_destroyed,739,24.63,False,9,9,9,1,0,25,755,230,5,-1,1.0000,145
Green,5,gecko,5,4,snecko,Green,minisnecko,120,1,castle_destroyed,731,24.37,False,7,7,7,1,0,25,755,230,5,-1,1.0000,152
Green,6,geico,0,4,snecko,Green,minisnecko,0,1,castle_destroyed,940,31.33,False,0,0,0,0,0,32,672,0,0,-1,0.0000,156
Green,6,geico,0,4,snecko,Green,minisnecko,1,1,survived_horizon,36000,1200.00,True,36000,35919,36000,84,0,1200,25200,0,0,-1,0.0000,-1
Green,6,geico,0,4,snecko,Green,minisnecko,2,1,survived_horizon,36000,1200.00,True,18000,17994,18000,42,0,1200,25200,0,0,-1,0.0000,-1
Green,6,geico,0,4,snecko,Green,minisnecko,3,1,castle_destroyed,6231,207.70,False,2077,2074,2077,28,0,208,4368,0,0,-1,0.0000,435
Green,6,geico,0,4,snecko,Green,minisnecko,5,1,castle_destroyed,2316,77.20,False,464,462,464,17,0,78,1638,0,0,-1,0.0000,314
Green,6,geico,0,4,snecko,Green,minisnecko,10,1,castle_destroyed,1253,41.77,False,126,125,126,8,0,42,882,0,0,-1,0.0000,203
Green,6,geico,0,4,snecko,Green,minisnecko,15,1,castle_destroyed,1021,34.03,False,69,68,69,6,0,35,735,0,0,-1,0.0000,172
Green,6,geico,0,4,snecko,Green,minisnecko,20,1,castle_destroyed,969,32.30,False,49,48,49,4,0,33,693,0,0,-1,0.0000,166
Green,6,geico,0,4,snecko,Green,minisnecko,30,1,castle_destroyed,953,31.77,False,32,32,32,3,0,32,672,0,0,-1,0.0000,168
Green,6,geico,0,4,snecko,Green,minisnecko,45,1,castle_destroyed,949,31.63,False,22,21,22,2,0,32,672,0,0,-1,0.0000,161
Green,6,geico,0,4,snecko,Green,minisnecko,60,1,castle_destroyed,947,31.57,False,16,16,16,2,0,32,672,0,0,-1,0.0000,160
Green,6,geico,0,4,snecko,Green,minisnecko,90,1,castle_destroyed,945,31.50,False,11,11,11,1,0,32,672,0,0,-1,0.0000,158
Green,6,geico,0,4,snecko,Green,minisnecko,120,1,castle_destroyed,943,31.43,False,8,8,8,1,0,32,672,0,0,-1,0.0000,158
Green,6,geico,1,0,-,Green,minisnecko,0,1,castle_destroyed,2944,98.13,False,0,0,0,0,0,0,212,212,1,-1,1.0000,244
Green,6,geico,1,0,-,Green,minisnecko,1,1,force_destroyed,240,8.00,False,240,117,240,166,240,0,212,212,0,240,0.3912,-1
Green,6,geico,1,0,-,Green,minisnecko,2,1,force_destroyed,312,10.40,False,156,70,156,89,156,0,212,212,0,312,0.3953,-1
Green,6,geico,1,0,-,Green,minisnecko,3,1,force_destroyed,491,16.37,False,164,115,164,60,164,0,212,212,0,491,0.3953,-1
Green,6,geico,1,0,-,Green,minisnecko,5,1,force_destroyed,744,24.80,False,149,124,149,33,149,0,212,212,0,744,0.4094,-1
Green,6,geico,1,0,-,Green,minisnecko,10,1,force_destroyed,1317,43.90,False,132,120,132,16,132,0,212,212,0,1317,0.4941,-1
Green,6,geico,1,0,-,Green,minisnecko,15,1,force_destroyed,1940,64.67,False,130,125,130,10,130,0,212,212,0,1940,0.8612,-1
Green,6,geico,1,0,-,Green,minisnecko,20,1,force_destroyed,2684,89.47,False,135,133,135,7,135,0,212,212,0,2684,1.0000,-1
Green,6,geico,1,0,-,Green,minisnecko,30,1,force_destroyed,4669,155.63,False,156,155,156,4,156,0,212,212,0,4669,1.0000,-1
Green,6,geico,1,0,-,Green,minisnecko,45,1,force_destroyed,6532,217.73,False,146,144,146,3,146,0,212,212,0,6532,1.0000,-1
Green,6,geico,1,0,-,Green,minisnecko,60,1,force_destroyed,8777,292.57,False,147,146,147,2,147,0,212,212,0,8777,1.0000,546
Green,6,geico,1,0,-,Green,minisnecko,90,1,castle_destroyed,6575,219.17,False,74,73,74,2,0,0,212,212,1,-1,1.0000,261
Green,6,geico,1,0,-,Green,minisnecko,120,1,castle_destroyed,5025,167.50,False,42,42,42,1,0,0,212,212,1,-1,1.0000,246
Green,6,geico,1,4,snecko,Green,minisnecko,0,1,castle_destroyed,844,28.13,False,0,0,0,0,0,29,821,212,1,-1,1.0000,156
Green,6,geico,1,4,snecko,Green,minisnecko,1,1,castle_destroyed,11869,395.63,False,979,979,979,84,979,33,905,212,0,979,0.5082,1138
Green,6,geico,1,4,snecko,Green,minisnecko,2,1,castle_destroyed,2964,98.80,False,846,846,846,42,846,57,1409,212,0,1692,1.0000,837
Green,6,geico,1,4,snecko,Green,minisnecko,3,1,castle_destroyed,2630,87.67,False,785,785,785,28,785,79,1871,212,0,2353,1.0000,435
Green,6,geico,1,4,snecko,Green,minisnecko,5,1,castle_destroyed,1488,49.60,False,298,296,298,17,0,50,1262,212,1,-1,1.0000,289
Green,6,geico,1,4,snecko,Green,minisnecko,10,1,castle_destroyed,994,33.13,False,100,99,100,8,0,34,926,212,1,-1,1.0000,203
Green,6,geico,1,4,snecko,Green,minisnecko,15,1,castle_destroyed,886,29.53,False,60,59,60,6,0,30,842,212,1,-1,1.0000,172
Green,6,geico,1,4,snecko,Green,minisnecko,20,1,castle_destroyed,861,28.70,False,44,43,44,4,0,29,821,212,1,-1,1.0000,166
Green,6,geico,1,4,snecko,Green,minisnecko,30,1,castle_destroyed,851,28.37,False,29,29,29,3,0,29,821,212,1,-1,1.0000,168
Green,6,geico,1,4,snecko,Green,minisnecko,45,1,castle_destroyed,847,28.23,False,19,19,19,2,0,29,821,212,1,-1,1.0000,161
Green,6,geico,1,4,snecko,Green,minisnecko,60,1,castle_destroyed,845,28.17,False,15,14,15,2,0,29,821,212,1,-1,1.0000,160
Green,6,geico,1,4,snecko,Green,minisnecko,90,1,castle_destroyed,844,28.13,False,10,10,10,1,0,29,821,212,1,-1,1.0000,158
Green,6,geico,1,4,snecko,Green,minisnecko,120,1,castle_destroyed,844,28.13,False,8,7,8,1,0,29,821,212,1,-1,1.0000,158
Green,6,geico,2,0,-,Green,minisnecko,0,1,castle_destroyed,1594,53.13,False,0,0,0,0,0,0,424,424,2,-1,1.0000,244
Green,6,geico,2,0,-,Green,minisnecko,1,1,force_destroyed,438,14.60,False,438,291,438,166,438,0,424,424,0,438,0.3912,-1
Green,6,geico,2,0,-,Green,minisnecko,2,1,force_destroyed,433,14.43,False,217,147,217,90,217,0,424,424,0,433,0.3953,-1
Green,6,geico,2,0,-,Green,minisnecko,3,1,force_destroyed,835,27.83,False,279,236,279,56,279,0,424,424,0,835,0.4165,-1
Green,6,geico,2,0,-,Green,minisnecko,5,1,force_destroyed,1207,40.23,False,242,217,242,33,242,0,424,424,0,1207,0.5012,-1
Green,6,geico,2,0,-,Green,minisnecko,10,1,force_destroyed,2200,73.33,False,220,217,220,13,220,0,424,424,0,2200,1.0000,-1
Green,6,geico,2,0,-,Green,minisnecko,15,1,force_destroyed,3347,111.57,False,224,220,224,9,224,0,424,424,0,3347,1.0000,1339
Green,6,geico,2,0,-,Green,minisnecko,20,1,force_destroyed,4537,151.23,False,227,225,227,7,227,0,424,424,0,4537,1.0000,868
Green,6,geico,2,0,-,Green,minisnecko,30,1,force_destroyed,6031,201.03,False,202,200,202,4,202,0,424,424,0,6031,1.0000,514
Green,6,geico,2,0,-,Green,minisnecko,45,1,castle_destroyed,3425,114.17,False,77,76,77,3,0,0,424,424,2,-1,1.0000,302
Green,6,geico,2,0,-,Green,minisnecko,60,1,castle_destroyed,2639,87.97,False,44,44,44,2,0,0,424,424,2,-1,1.0000,278
Green,6,geico,2,0,-,Green,minisnecko,90,1,castle_destroyed,2144,71.47,False,24,24,24,2,0,0,424,424,2,-1,1.0000,261
Green,6,geico,2,0,-,Green,minisnecko,120,1,castle_destroyed,1974,65.80,False,17,17,17,1,0,0,424,424,2,-1,1.0000,246
Green,6,geico,2,4,snecko,Green,minisnecko,0,1,castle_destroyed,768,25.60,False,0,0,0,0,0,26,970,424,2,-1,1.0000,156
Green,6,geico,2,4,snecko,Green,minisnecko,1,1,castle_destroyed,11899,396.63,False,1009,1009,1009,84,1009,34,1138,424,0,1009,0.5082,1168
Green,6,geico,2,4,snecko,Green,minisnecko,2,1,castle_destroyed,2866,95.53,False,847,847,847,42,847,57,1621,424,0,1694,1.0000,791
Green,6,geico,2,4,snecko,Green,minisnecko,3,1,castle_destroyed,1904,63.47,False,635,632,635,28,0,64,1768,424,2,-1,1.0000,423
Green,6,geico,2,4,snecko,Green,minisnecko,5,1,castle_destroyed,1119,37.30,False,224,222,224,17,0,38,1222,424,2,-1,1.0000,289
Green,6,geico,2,4,snecko,Green,minisnecko,10,1,castle_destroyed,848,28.27,False,85,84,85,8,0,29,1033,424,2,-1,1.0000,203
Green,6,geico,2,4,snecko,Green,minisnecko,15,1,castle_destroyed,793,26.43,False,53,53,53,6,0,27,991,424,2,-1,1.0000,172
Green,6,geico,2,4,snecko,Green,minisnecko,20,1,castle_destroyed,777,25.90,False,39,39,39,4,0,26,970,424,2,-1,1.0000,166
Green,6,geico,2,4,snecko,Green,minisnecko,30,1,castle_destroyed,774,25.80,False,26,26,26,3,0,26,970,424,2,-1,1.0000,168
Green,6,geico,2,4,snecko,Green,minisnecko,45,1,castle_destroyed,774,25.80,False,18,17,18,2,0,26,970,424,2,-1,1.0000,161
Green,6,geico,2,4,snecko,Green,minisnecko,60,1,castle_destroyed,773,25.77,False,13,13,13,2,0,26,970,424,2,-1,1.0000,160
Green,6,geico,2,4,snecko,Green,minisnecko,90,1,castle_destroyed,772,25.73,False,9,9,9,1,0,26,970,424,2,-1,1.0000,158
Green,6,geico,2,4,snecko,Green,minisnecko,120,1,castle_destroyed,770,25.67,False,7,7,7,1,0,26,970,424,2,-1,1.0000,158
Green,6,geico,3,0,-,Green,minisnecko,0,1,castle_destroyed,1154,38.47,False,0,0,0,0,0,0,636,636,3,-1,1.0000,244
Green,6,geico,3,0,-,Green,minisnecko,1,1,force_destroyed,501,16.70,False,501,380,501,158,501,0,636,636,0,501,0.3912,-1
Green,6,geico,3,0,-,Green,minisnecko,2,1,force_destroyed,864,28.80,False,432,364,432,75,432,0,636,636,0,864,0.4024,-1
Green,6,geico,3,0,-,Green,minisnecko,3,1,force_destroyed,1014,33.80,False,338,295,338,50,338,0,636,636,0,1014,0.5012,-1
Green,6,geico,3,0,-,Green,minisnecko,5,1,force_destroyed,1564,52.13,False,313,301,313,27,313,0,636,636,0,1564,0.7265,-1
Green,6,geico,3,0,-,Green,minisnecko,10,1,force_destroyed,2858,95.27,False,286,282,286,13,286,0,636,636,0,2858,1.0000,1098
Green,6,geico,3,0,-,Green,minisnecko,15,1,force_destroyed,3947,131.57,False,264,261,264,8,264,0,636,636,0,3947,1.0000,651
Green,6,geico,3,0,-,Green,minisnecko,20,1,castle_destroyed,3464,115.47,False,174,173,174,6,0,0,636,636,3,-1,1.0000,547
Green,6,geico,3,0,-,Green,minisnecko,30,1,castle_destroyed,2649,88.30,False,89,88,89,4,0,0,636,636,3,-1,1.0000,325
Green,6,geico,3,0,-,Green,minisnecko,45,1,castle_destroyed,1759,58.63,False,40,39,40,3,0,0,636,636,3,-1,1.0000,302
Green,6,geico,3,0,-,Green,minisnecko,60,1,castle_destroyed,1539,51.30,False,26,26,26,2,0,0,636,636,3,-1,1.0000,278
Green,6,geico,3,0,-,Green,minisnecko,90,1,castle_destroyed,1374,45.80,False,16,16,16,2,0,0,636,636,3,-1,1.0000,261
Green,6,geico,3,0,-,Green,minisnecko,120,1,castle_destroyed,1304,43.47,False,11,11,11,1,0,0,636,636,3,-1,1.0000,246
Green,6,geico,3,4,snecko,Green,minisnecko,0,1,castle_destroyed,704,23.47,False,0,0,0,0,0,24,1140,636,3,-1,1.0000,156
Green,6,geico,3,4,snecko,Green,minisnecko,1,1,castle_destroyed,11929,397.63,False,1039,1039,1039,84,1039,35,1371,636,0,1039,0.5082,1198
Green,6,geico,3,4,snecko,Green,minisnecko,2,1,castle_destroyed,2748,91.60,False,861,861,861,42,861,58,1854,636,0,1722,1.0000,791
Green,6,geico,3,4,snecko,Green,minisnecko,3,1,castle_destroyed,1514,50.47,False,505,502,505,28,0,51,1707,636,3,-1,1.0000,413
Green,6,geico,3,4,snecko,Green,minisnecko,5,1,castle_destroyed,928,30.93,False,186,184,186,17,0,31,1287,636,3,-1,1.0000,289
Green,6,geico,3,4,snecko,Green,minisnecko,10,1,castle_destroyed,754,25.13,False,76,75,76,8,0,26,1182,636,3,-1,1.0000,203
Green,6,geico,3,4,snecko,Green,minisnecko,15,1,castle_destroyed,724,24.13,False,49,48,49,6,0,25,1161,636,3,-1,1.0000,172
Green,6,geico,3,4,snecko,Green,minisnecko,20,1,castle_destroyed,717,23.90,False,36,36,36,4,0,24,1140,636,3,-1,1.0000,166
Green,6,geico,3,4,snecko,Green,minisnecko,30,1,castle_destroyed,709,23.63,False,24,24,24,3,0,24,1140,636,3,-1,1.0000,168
Green,6,geico,3,4,snecko,Green,minisnecko,45,1,castle_destroyed,706,23.53,False,16,16,16,2,0,24,1140,636,3,-1,1.0000,161
Green,6,geico,3,4,snecko,Green,minisnecko,60,1,castle_destroyed,704,23.47,False,12,12,12,2,0,24,1140,636,3,-1,1.0000,160
Green,6,geico,3,4,snecko,Green,minisnecko,90,1,castle_destroyed,704,23.47,False,8,8,8,1,0,24,1140,636,3,-1,1.0000,158
Green,6,geico,3,4,snecko,Green,minisnecko,120,1,castle_destroyed,704,23.47,False,6,6,6,1,0,24,1140,636,3,-1,1.0000,158
Green,6,geico,4,0,-,Green,minisnecko,0,1,castle_destroyed,944,31.47,False,0,0,0,0,0,0,848,848,4,-1,1.0000,244
Green,6,geico,4,0,-,Green,minisnecko,1,1,force_destroyed,549,18.30,False,549,393,549,156,549,0,848,848,0,549,0.3912,-1
Green,6,geico,4,0,-,Green,minisnecko,2,1,force_destroyed,882,29.40,False,441,359,441,82,441,0,848,848,0,882,0.3953,-1
Green,6,geico,4,0,-,Green,minisnecko,3,1,force_destroyed,1278,42.60,False,426,390,426,42,426,0,848,848,0,1278,0.5647,-1
Green,6,geico,4,0,-,Green,minisnecko,5,1,force_destroyed,1919,63.97,False,384,374,384,27,384,0,848,848,0,1919,0.9894,-1
Green,6,geico,4,0,-,Green,minisnecko,10,1,force_destroyed,3407,113.57,False,341,338,341,13,341,0,848,848,0,3407,1.0000,798
Green,6,geico,4,0,-,Green,minisnecko,15,1,castle_destroyed,3024,100.80,False,202,201,202,8,0,0,848,848,4,-1,1.0000,577
Green,6,geico,4,0,-,Green,minisnecko,20,1,castle_destroyed,2889,96.30,False,145,144,145,6,0,0,848,848,4,-1,1.0000,349
Green,6,geico,4,0,-,Green,minisnecko,30,1,castle_destroyed,1699,56.63,False,57,57,57,4,0,0,848,848,4,-1,1.0000,325
Green,6,geico,4,0,-,Green,minisnecko,45,1,castle_destroyed,1254,41.80,False,28,28,28,3,0,0,848,848,4,-1,1.0000,302
Green,6,geico,4,0,-,Green,minisnecko,60,1,castle_destroyed,1134,37.80,False,19,19,19,2,0,0,848,848,4,-1,1.0000,278
Green,6,geico,4,0,-,Green,minisnecko,90,1,castle_destroyed,1061,35.37,False,12,12,12,2,0,0,848,848,4,-1,1.0000,261
Green,6,geico,4,0,-,Green,minisnecko,120,1,castle_destroyed,1034,34.47,False,9,9,9,1,0,0,848,848,4,-1,1.0000,246
Green,6,geico,4,4,snecko,Green,minisnecko,0,1,castle_destroyed,655,21.83,False,0,0,0,0,0,22,1310,848,4,-1,1.0000,156
Green,6,geico,4,4,snecko,Green,minisnecko,1,1,castle_destroyed,11959,398.63,False,1069,1069,1069,84,1069,36,1604,848,0,1069,0.5082,1228
Green,6,geico,4,4,snecko,Green,minisnecko,2,1,castle_destroyed,3001,100.03,False,883,883,883,42,883,59,2087,848,0,1766,1.0000,717
Green,6,geico,4,4,snecko,Green,minisnecko,3,1,castle_destroyed,1319,43.97,False,440,437,440,28,0,44,1772,848,4,-1,1.0000,413
Green,6,geico,4,4,snecko,Green,minisnecko,5,1,castle_destroyed,823,27.43,False,165,163,165,17,0,28,1436,848,4,-1,1.0000,289
Green,6,geico,4,4,snecko,Green,minisnecko,10,1,castle_destroyed,694,23.13,False,70,69,70,8,0,24,1352,848,4,-1,1.0000,203
Green,6,geico,4,4,snecko,Green,minisnecko,15,1,castle_destroyed,674,22.47,False,45,45,45,6,0,23,1331,848,4,-1,1.0000,172
Green,6,geico,4,4,snecko,Green,minisnecko,20,1,castle_destroyed,672,22.40,False,34,34,34,4,0,23,1331,848,4,-1,1.0000,166
Green,6,geico,4,4,snecko,Green,minisnecko,30,1,castle_destroyed,664,22.13,False,23,22,23,3,0,23,1331,848,4,-1,1.0000,168
Green,6,geico,4,4,snecko,Green,minisnecko,45,1,castle_destroyed,662,22.07,False,15,15,15,2,0,23,1331,848,4,-1,1.0000,161
Green,6,geico,4,4,snecko,Green,minisnecko,60,1,castle_destroyed,660,22.00,False,11,11,11,2,0,22,1310,848,4,-1,1.0000,160
Green,6,geico,4,4,snecko,Green,minisnecko,90,1,castle_destroyed,659,21.97,False,8,8,8,1,0,22,1310,848,4,-1,1.0000,158
Green,6,geico,4,4,snecko,Green,minisnecko,120,1,castle_destroyed,657,21.90,False,6,6,6,1,0,22,1310,848,4,-1,1.0000,158
Green,6,geico,5,0,-,Green,minisnecko,0,1,castle_destroyed,824,27.47,False,0,0,0,0,0,0,1060,1060,5,-1,1.0000,244
Green,6,geico,5,0,-,Green,minisnecko,1,1,force_destroyed,657,21.90,False,657,515,657,160,657,0,1060,1060,0,657,0.3912,-1
Green,6,geico,5,0,-,Green,minisnecko,2,1,force_destroyed,1091,36.37,False,546,488,546,75,546,0,1060,1060,0,1091,0.4276,-1
Green,6,geico,5,0,-,Green,minisnecko,3,1,force_destroyed,1407,46.90,False,469,440,469,43,469,0,1060,1060,0,1407,0.6112,-1
Green,6,geico,5,0,-,Green,minisnecko,5,1,force_destroyed,2166,72.20,False,434,424,434,27,434,0,1060,1060,0,2166,1.0000,1579
Green,6,geico,5,0,-,Green,minisnecko,10,1,force_destroyed,3748,124.93,False,375,370,375,13,375,0,1060,1060,0,3748,1.0000,676
Green,6,geico,5,0,-,Green,minisnecko,15,1,castle_destroyed,2749,91.63,False,184,183,184,8,0,0,1060,1060,5,-1,1.0000,577
Green,6,geico,5,0,-,Green,minisnecko,20,1,castle_destroyed,1649,54.97,False,83,82,83,6,0,0,1060,1060,5,-1,1.0000,349
Green,6,geico,5,0,-,Green,minisnecko,30,1,castle_destroyed,1414,47.13,False,48,47,48,4,0,0,1060,1060,5,-1,1.0000,325
Green,6,geico,5,0,-,Green,minisnecko,45,1,castle_destroyed,1004,33.47,False,23,23,23,3,0,0,1060,1060,5,-1,1.0000,302
Green,6,geico,5,0,-,Green,minisnecko,60,1,castle_destroyed,954,31.80,False,16,16,16,2,0,0,1060,1060,5,-1,1.0000,278
Green,6,geico,5,0,-,Green,minisnecko,90,1,castle_destroyed,904,30.13,False,11,10,11,2,0,0,1060,1060,5,-1,1.0000,261
Green,6,geico,5,0,-,Green,minisnecko,120,1,castle_destroyed,884,29.47,False,8,8,8,1,0,0,1060,1060,5,-1,1.0000,246
Green,6,geico,5,4,snecko,Green,minisnecko,0,1,castle_destroyed,624,20.80,False,0,0,0,0,0,21,1501,1060,5,-1,1.0000,156
Green,6,geico,5,4,snecko,Green,minisnecko,1,1,castle_destroyed,11989,399.63,False,1099,1099,1099,84,1099,37,1837,1060,0,1099,0.5082,1258
Green,6,geico,5,4,snecko,Green,minisnecko,2,1,castle_destroyed,2625,87.50,False,887,887,887,42,887,60,2320,1060,0,1774,1.0000,733
Green,6,geico,5,4,snecko,Green,minisnecko,3,1,castle_destroyed,1179,39.30,False,393,390,393,28,0,40,1900,1060,5,-1,1.0000,402
Green,6,geico,5,4,snecko,Green,minisnecko,5,1,castle_destroyed,753,25.10,False,151,149,151,17,0,26,1606,1060,5,-1,1.0000,289
Green,6,geico,5,4,snecko,Green,minisnecko,10,1,castle_destroyed,654,21.80,False,66,65,66,8,0,22,1522,1060,5,-1,1.0000,203
Green,6,geico,5,4,snecko,Green,minisnecko,15,1,castle_destroyed,634,21.13,False,43,42,43,6,0,22,1522,1060,5,-1,1.0000,172
Green,6,geico,5,4,snecko,Green,minisnecko,20,1,castle_destroyed,634,21.13,False,32,32,32,4,0,22,1522,1060,5,-1,1.0000,166
Green,6,geico,5,4,snecko,Green,minisnecko,30,1,castle_destroyed,629,20.97,False,21,21,21,3,0,21,1501,1060,5,-1,1.0000,168
Green,6,geico,5,4,snecko,Green,minisnecko,45,1,castle_destroyed,626,20.87,False,14,14,14,2,0,21,1501,1060,5,-1,1.0000,161
Green,6,geico,5,4,snecko,Green,minisnecko,60,1,castle_destroyed,625,20.83,False,11,11,11,2,0,21,1501,1060,5,-1,1.0000,160
Green,6,geico,5,4,snecko,Green,minisnecko,90,1,castle_destroyed,624,20.80,False,7,7,7,1,0,21,1501,1060,5,-1,1.0000,158
Green,6,geico,5,4,snecko,Green,minisnecko,120,1,castle_destroyed,624,20.80,False,6,6,6,1,0,21,1501,1060,5,-1,1.0000,158
Green,7,nom,0,4,snecko,Green,minisnecko,0,1,castle_destroyed,940,31.33,False,0,0,0,0,0,32,672,0,0,-1,0.0000,156
Green,7,nom,0,4,snecko,Green,minisnecko,1,1,survived_horizon,36000,1200.00,True,36000,35919,36000,84,0,1200,25200,0,0,-1,0.0000,-1
Green,7,nom,0,4,snecko,Green,minisnecko,2,1,survived_horizon,36000,1200.00,True,18000,17994,18000,42,0,1200,25200,0,0,-1,0.0000,-1
Green,7,nom,0,4,snecko,Green,minisnecko,3,1,castle_destroyed,6231,207.70,False,2077,2074,2077,28,0,208,4368,0,0,-1,0.0000,435
Green,7,nom,0,4,snecko,Green,minisnecko,5,1,castle_destroyed,2316,77.20,False,464,462,464,17,0,78,1638,0,0,-1,0.0000,314
Green,7,nom,0,4,snecko,Green,minisnecko,10,1,castle_destroyed,1253,41.77,False,126,125,126,8,0,42,882,0,0,-1,0.0000,203
Green,7,nom,0,4,snecko,Green,minisnecko,15,1,castle_destroyed,1021,34.03,False,69,68,69,6,0,35,735,0,0,-1,0.0000,172
Green,7,nom,0,4,snecko,Green,minisnecko,20,1,castle_destroyed,969,32.30,False,49,48,49,4,0,33,693,0,0,-1,0.0000,166
Green,7,nom,0,4,snecko,Green,minisnecko,30,1,castle_destroyed,953,31.77,False,32,32,32,3,0,32,672,0,0,-1,0.0000,168
Green,7,nom,0,4,snecko,Green,minisnecko,45,1,castle_destroyed,949,31.63,False,22,21,22,2,0,32,672,0,0,-1,0.0000,161
Green,7,nom,0,4,snecko,Green,minisnecko,60,1,castle_destroyed,947,31.57,False,16,16,16,2,0,32,672,0,0,-1,0.0000,160
Green,7,nom,0,4,snecko,Green,minisnecko,90,1,castle_destroyed,945,31.50,False,11,11,11,1,0,32,672,0,0,-1,0.0000,158
Green,7,nom,0,4,snecko,Green,minisnecko,120,1,castle_destroyed,943,31.43,False,8,8,8,1,0,32,672,0,0,-1,0.0000,158
Green,7,nom,1,0,-,Green,minisnecko,0,1,castle_destroyed,332,11.07,False,0,0,0,0,0,0,707,707,1,-1,1.0000,156
Green,7,nom,1,0,-,Green,minisnecko,1,1,force_destroyed,401,13.37,False,401,280,401,130,401,0,707,707,0,401,0.5082,-1
Green,7,nom,1,0,-,Green,minisnecko,2,1,force_destroyed,762,25.40,False,381,332,381,63,381,0,707,707,0,762,0.5082,-1
Green,7,nom,1,0,-,Green,minisnecko,3,1,force_destroyed,1190,39.67,False,397,371,397,39,397,0,707,707,0,1190,0.6112,-1
Green,7,nom,1,0,-,Green,minisnecko,5,1,force_destroyed,1777,59.23,False,356,347,356,22,356,0,707,707,0,1777,1.0000,-1
Green,7,nom,1,0,-,Green,minisnecko,10,1,force_destroyed,4110,137.00,False,411,409,411,9,411,0,707,707,0,4110,1.0000,-1
Green,7,nom,1,0,-,Green,minisnecko,15,1,force_destroyed,5710,190.33,False,381,380,381,6,381,0,707,707,0,5710,1.0000,-1
Green,7,nom,1,0,-,Green,minisnecko,20,1,castle_destroyed,1406,46.87,False,71,70,71,4,0,0,707,707,1,-1,1.0000,368
Green,7,nom,1,0,-,Green,minisnecko,30,1,castle_destroyed,545,18.17,False,19,18,19,3,0,0,707,707,1,-1,1.0000,177
Green,7,nom,1,0,-,Green,minisnecko,45,1,castle_destroyed,440,14.67,False,10,10,10,2,0,0,707,707,1,-1,1.0000,168
Green,7,nom,1,0,-,Green,minisnecko,60,1,castle_destroyed,400,13.33,False,7,7,7,2,0,0,707,707,1,-1,1.0000,160
Green,7,nom,1,0,-,Green,minisnecko,90,1,castle_destroyed,366,12.20,False,5,4,5,1,0,0,707,707,1,-1,1.0000,158
Green,7,nom,1,0,-,Green,minisnecko,120,1,castle_destroyed,351,11.70,False,3,3,3,1,0,0,707,707,1,-1,1.0000,159
Green,7,nom,1,4,snecko,Green,minisnecko,0,1,castle_destroyed,326,10.87,False,0,0,0,0,0,11,938,707,1,-1,1.0000,156
Green,7,nom,1,4,snecko,Green,minisnecko,1,1,castle_destroyed,11996,399.87,False,1104,1104,1104,84,1104,37,1484,707,0,1104,0.5082,1265
Green,7,nom,1,4,snecko,Green,minisnecko,2,1,castle_destroyed,1325,44.17,False,663,658,663,42,0,45,1652,707,1,-1,1.0000,727
Green,7,nom,1,4,snecko,Green,minisnecko,3,1,castle_destroyed,875,29.17,False,292,289,292,28,0,30,1337,707,1,-1,1.0000,426
Green,7,nom,1,4,snecko,Green,minisnecko,5,1,castle_destroyed,517,17.23,False,104,102,104,17,0,18,1085,707,1,-1,1.0000,251
Green,7,nom,1,4,snecko,Green,minisnecko,10,1,castle_destroyed,355,11.83,False,36,35,36,8,0,12,959,707,1,-1,1.0000,187
Green,7,nom,1,4,snecko,Green,minisnecko,15,1,castle_destroyed,357,11.90,False,24,24,24,6,0,12,959,707,1,-1,1.0000,172
Green,7,nom,1,4,snecko,Green,minisnecko,20,1,castle_destroyed,374,12.47,False,19,19,19,4,0,13,980,707,1,-1,1.0000,166
Green,7,nom,1,4,snecko,Green,minisnecko,30,1,castle_destroyed,353,11.77,False,12,12,12,3,0,12,959,707,1,-1,1.0000,168
Green,7,nom,1,4,snecko,Green,minisnecko,45,1,castle_destroyed,344,11.47,False,8,8,8,2,0,12,959,707,1,-1,1.0000,161
Green,7,nom,1,4,snecko,Green,minisnecko,60,1,castle_destroyed,336,11.20,False,6,6,6,2,0,12,959,707,1,-1,1.0000,160
Green,7,nom,1,4,snecko,Green,minisnecko,90,1,castle_destroyed,334,11.13,False,4,4,4,1,0,12,959,707,1,-1,1.0000,158
Green,7,nom,1,4,snecko,Green,minisnecko,120,1,castle_destroyed,327,10.90,False,3,3,3,1,0,11,938,707,1,-1,1.0000,158
Green,7,nom,2,0,-,Green,minisnecko,0,1,castle_destroyed,252,8.40,False,0,0,0,0,0,0,1414,1414,2,-1,1.0000,156
Green,7,nom,2,0,-,Green,minisnecko,1,1,force_destroyed,692,23.07,False,692,575,692,122,692,0,1414,1414,0,692,0.5082,-1
Green,7,nom,2,0,-,Green,minisnecko,2,1,force_destroyed,1142,38.07,False,571,520,571,58,571,0,1414,1414,0,1142,0.5082,-1
Green,7,nom,2,0,-,Green,minisnecko,3,1,force_destroyed,1780,59.33,False,594,588,594,31,594,0,1414,1414,0,1780,1.0000,-1
Green,7,nom,2,0,-,Green,minisnecko,5,1,castle_destroyed,2099,69.97,False,420,418,420,19,0,0,1414,1414,2,-1,1.0000,769
Green,7,nom,2,0,-,Green,minisnecko,10,1,castle_destroyed,655,21.83,False,66,65,66,9,0,0,1414,1414,2,-1,1.0000,368
Green,7,nom,2,0,-,Green,minisnecko,15,1,castle_destroyed,396,13.20,False,27,26,27,6,0,0,1414,1414,2,-1,1.0000,204
Green,7,nom,2,0,-,Green,minisnecko,20,1,castle_destroyed,340,11.33,False,17,17,17,4,0,0,1414,1414,2,-1,1.0000,196
Green,7,nom,2,0,-,Green,minisnecko,30,1,castle_destroyed,298,9.93,False,10,10,10,3,0,0,1414,1414,2,-1,1.0000,177
Green,7,nom,2,0,-,Green,minisnecko,45,1,castle_destroyed,282,9.40,False,7,7,7,2,0,0,1414,1414,2,-1,1.0000,168
Green,7,nom,2,0,-,Green,minisnecko,60,1,castle_destroyed,272,9.07,False,5,5,5,2,0,0,1414,1414,2,-1,1.0000,160
Green,7,nom,2,0,-,Green,minisnecko,90,1,castle_destroyed,266,8.87,False,3,3,3,1,0,0,1414,1414,2,-1,1.0000,158
Green,7,nom,2,0,-,Green,minisnecko,120,1,castle_destroyed,266,8.87,False,3,3,3,1,0,0,1414,1414,2,-1,1.0000,159
Green,7,nom,2,4,snecko,Green,minisnecko,0,1,castle_destroyed,252,8.40,False,0,0,0,0,0,9,1603,1414,2,-1,1.0000,156
Green,7,nom,2,4,snecko,Green,minisnecko,1,1,castle_destroyed,12012,400.40,False,1126,1126,1126,84,1126,38,2212,1414,0,1126,0.5082,1281
Green,7,nom,2,4,snecko,Green,minisnecko,2,1,castle_destroyed,1325,44.17,False,663,658,663,42,0,45,2359,1414,2,-1,1.0000,709
Green,7,nom,2,4,snecko,Green,minisnecko,3,1,castle_destroyed,633,21.10,False,211,208,211,28,0,22,1876,1414,2,-1,1.0000,366
Green,7,nom,2,4,snecko,Green,minisnecko,5,1,castle_destroyed,442,14.73,False,89,87,89,17,0,15,1729,1414,2,-1,1.0000,318
Green,7,nom,2,4,snecko,Green,minisnecko,10,1,castle_destroyed,279,9.30,False,28,27,28,8,0,10,1624,1414,2,-1,1.0000,187
Green,7,nom,2,4,snecko,Green,minisnecko,15,1,castle_destroyed,277,9.23,False,19,18,19,6,0,10,1624,1414,2,-1,1.0000,172
Green,7,nom,2,4,snecko,Green,minisnecko,20,1,castle_destroyed,282,9.40,False,15,14,15,4,0,10,1624,1414,2,-1,1.0000,166
Green,7,nom,2,4,snecko,Green,minisnecko,30,1,castle_destroyed,282,9.40,False,10,10,10,3,0,10,1624,1414,2,-1,1.0000,168
Green,7,nom,2,4,snecko,Green,minisnecko,45,1,castle_destroyed,264,8.80,False,6,6,6,2,0,9,1603,1414,2,-1,1.0000,161
Green,7,nom,2,4,snecko,Green,minisnecko,60,1,castle_destroyed,272,9.07,False,5,5,5,2,0,10,1624,1414,2,-1,1.0000,160
Green,7,nom,2,4,snecko,Green,minisnecko,90,1,castle_destroyed,266,8.87,False,3,3,3,1,0,9,1603,1414,2,-1,1.0000,158
Green,7,nom,2,4,snecko,Green,minisnecko,120,1,castle_destroyed,266,8.87,False,3,3,3,1,0,9,1603,1414,2,-1,1.0000,158
Green,7,nom,3,0,-,Green,minisnecko,0,1,castle_destroyed,236,7.87,False,0,0,0,0,0,0,2121,2121,3,-1,1.0000,156
Green,7,nom,3,0,-,Green,minisnecko,1,1,force_destroyed,942,31.40,False,942,831,942,111,942,0,2121,2121,0,942,0.5082,-1
Green,7,nom,3,0,-,Green,minisnecko,2,1,force_destroyed,1554,51.80,False,777,736,777,47,777,0,2121,2121,0,1554,0.6565,-1
Green,7,nom,3,0,-,Green,minisnecko,3,1,castle_destroyed,2088,69.60,False,696,693,696,31,0,0,2121,2121,3,-1,1.0000,978
Green,7,nom,3,0,-,Green,minisnecko,5,1,castle_destroyed,659,21.97,False,132,130,132,19,0,0,2121,2121,3,-1,1.0000,547
Green,7,nom,3,0,-,Green,minisnecko,10,1,castle_destroyed,364,12.13,False,37,36,37,9,0,0,2121,2121,3,-1,1.0000,236
Green,7,nom,3,0,-,Green,minisnecko,15,1,castle_destroyed,300,10.00,False,20,20,20,6,0,0,2121,2121,3,-1,1.0000,204
Green,7,nom,3,0,-,Green,minisnecko,20,1,castle_destroyed,280,9.33,False,14,14,14,4,0,0,2121,2121,3,-1,1.0000,196
Green,7,nom,3,0,-,Green,minisnecko,30,1,castle_destroyed,264,8.80,False,9,9,9,3,0,0,2121,2121,3,-1,1.0000,177
Green,7,nom,3,0,-,Green,minisnecko,45,1,castle_destroyed,264,8.80,False,6,6,6,2,0,0,2121,2121,3,-1,1.0000,168
Green,7,nom,3,0,-,Green,minisnecko,60,1,castle_destroyed,248,8.27,False,5,4,5,2,0,0,2121,2121,3,-1,1.0000,160
Green,7,nom,3,0,-,Green,minisnecko,90,1,castle_destroyed,248,8.27,False,3,3,3,1,0,0,2121,2121,3,-1,1.0000,158
Green,7,nom,3,0,-,Green,minisnecko,120,1,castle_destroyed,239,7.97,False,2,2,2,1,0,0,2121,2121,3,-1,1.0000,159
Green,7,nom,3,4,snecko,Green,minisnecko,0,1,castle_destroyed,236,7.87,False,0,0,0,0,0,8,2289,2121,3,-1,1.0000,156
Green,7,nom,3,4,snecko,Green,minisnecko,1,1,castle_destroyed,12042,401.40,False,1156,1156,1156,84,1156,39,2940,2121,0,1156,0.5082,1311
Green,7,nom,3,4,snecko,Green,minisnecko,2,1,castle_destroyed,877,29.23,False,439,434,439,42,0,30,2751,2121,3,-1,1.0000,755
Green,7,nom,3,4,snecko,Green,minisnecko,3,1,castle_destroyed,513,17.10,False,171,168,171,28,0,18,2499,2121,3,-1,1.0000,345
Green,7,nom,3,4,snecko,Green,minisnecko,5,1,castle_destroyed,394,13.13,False,79,77,79,17,0,14,2415,2121,3,-1,1.0000,318
Green,7,nom,3,4,snecko,Green,minisnecko,10,1,castle_destroyed,251,8.37,False,26,25,26,8,0,9,2310,2121,3,-1,1.0000,187
Green,7,nom,3,4,snecko,Green,minisnecko,15,1,castle_destroyed,248,8.27,False,17,16,17,6,0,9,2310,2121,3,-1,1.0000,172
Green,7,nom,3,4,snecko,Green,minisnecko,20,1,castle_destroyed,262,8.73,False,14,13,14,4,0,9,2310,2121,3,-1,1.0000,166
Green,7,nom,3,4,snecko,Green,minisnecko,30,1,castle_destroyed,257,8.57,False,9,9,9,3,0,9,2310,2121,3,-1,1.0000,168
Green,7,nom,3,4,snecko,Green,minisnecko,45,1,castle_destroyed,248,8.27,False,6,6,6,2,0,9,2310,2121,3,-1,1.0000,161
Green,7,nom,3,4,snecko,Green,minisnecko,60,1,castle_destroyed,248,8.27,False,5,4,5,2,0,9,2310,2121,3,-1,1.0000,160
Green,7,nom,3,4,snecko,Green,minisnecko,90,1,castle_destroyed,248,8.27,False,3,3,3,1,0,9,2310,2121,3,-1,1.0000,158
Green,7,nom,3,4,snecko,Green,minisnecko,120,1,castle_destroyed,239,7.97,False,2,2,2,1,0,8,2289,2121,3,-1,1.0000,158
Green,7,nom,4,0,-,Green,minisnecko,0,1,castle_destroyed,236,7.87,False,0,0,0,0,0,0,2828,2828,4,-1,1.0000,156
Green,7,nom,4,0,-,Green,minisnecko,1,1,force_destroyed,1075,35.83,False,1075,977,1075,98,1075,0,2828,2828,0,1075,0.5082,-1
Green,7,nom,4,0,-,Green,minisnecko,2,1,force_destroyed,1751,58.37,False,876,860,876,47,876,0,2828,2828,0,1751,0.8400,-1
Green,7,nom,4,0,-,Green,minisnecko,3,1,castle_destroyed,1181,39.37,False,394,391,394,31,0,0,2828,2828,4,-1,1.0000,810
Green,7,nom,4,0,-,Green,minisnecko,5,1,castle_destroyed,726,24.20,False,146,144,146,19,0,0,2828,2828,4,-1,1.0000,529
Green,7,nom,4,0,-,Green,minisnecko,10,1,castle_destroyed,312,10.40,False,32,31,32,9,0,0,2828,2828,4,-1,1.0000,236
Green,7,nom,4,0,-,Green,minisnecko,15,1,castle_destroyed,278,9.27,False,19,18,19,6,0,0,2828,2828,4,-1,1.0000,204
Green,7,nom,4,0,-,Green,minisnecko,20,1,castle_destroyed,264,8.80,False,14,13,14,4,0,0,2828,2828,4,-1,1.0000,196
Green,7,nom,4,0,-,Green,minisnecko,30,1,castle_destroyed,257,8.57,False,9,9,9,3,0,0,2828,2828,4,-1,1.0000,177
Green,7,nom,4,0,-,Green,minisnecko,45,1,castle_destroyed,248,8.27,False,6,6,6,2,0,0,2828,2828,4,-1,1.0000,168
Green,7,nom,4,0,-,Green,minisnecko,60,1,castle_destroyed,246,8.20,False,5,4,5,2,0,0,2828,2828,4,-1,1.0000,160
Green,7,nom,4,0,-,Green,minisnecko,90,1,castle_destroyed,246,8.20,False,3,3,3,1,0,0,2828,2828,4,-1,1.0000,158
Green,7,nom,4,0,-,Green,minisnecko,120,1,castle_destroyed,239,7.97,False,2,2,2,1,0,0,2828,2828,4,-1,1.0000,159
Green,7,nom,4,4,snecko,Green,minisnecko,0,1,castle_destroyed,236,7.87,False,0,0,0,0,0,8,2996,2828,4,-1,1.0000,156
Green,7,nom,4,4,snecko,Green,minisnecko,1,1,castle_destroyed,12072,402.40,False,1186,1186,1186,84,1186,40,3668,2828,0,1186,0.5082,1341
Green,7,nom,4,4,snecko,Green,minisnecko,2,1,castle_destroyed,845,28.17,False,423,418,423,42,0,29,3437,2828,4,-1,1.0000,717
Green,7,nom,4,4,snecko,Green,minisnecko,3,1,castle_destroyed,471,15.70,False,157,154,157,28,0,16,3164,2828,4,-1,1.0000,357
Green,7,nom,4,4,snecko,Green,minisnecko,5,1,castle_destroyed,378,12.60,False,76,74,76,17,0,13,3101,2828,4,-1,1.0000,303
Green,7,nom,4,4,snecko,Green,minisnecko,10,1,castle_destroyed,248,8.27,False,25,24,25,8,0,9,3017,2828,4,-1,1.0000,187
Green,7,nom,4,4,snecko,Green,minisnecko,15,1,castle_destroyed,246,8.20,False,17,16,17,6,0,9,3017,2828,4,-1,1.0000,172
Green,7,nom,4,4,snecko,Green,minisnecko,20,1,castle_destroyed,248,8.27,False,13,12,13,4,0,9,3017,2828,4,-1,1.0000,166
Green,7,nom,4,4,snecko,Green,minisnecko,30,1,castle_destroyed,248,8.27,False,9,8,9,3,0,9,3017,2828,4,-1,1.0000,168
Green,7,nom,4,4,snecko,Green,minisnecko,45,1,castle_destroyed,246,8.20,False,6,6,6,2,0,9,3017,2828,4,-1,1.0000,161
Green,7,nom,4,4,snecko,Green,minisnecko,60,1,castle_destroyed,246,8.20,False,5,4,5,2,0,9,3017,2828,4,-1,1.0000,160
Green,7,nom,4,4,snecko,Green,minisnecko,90,1,castle_destroyed,246,8.20,False,3,3,3,1,0,9,3017,2828,4,-1,1.0000,158
Green,7,nom,4,4,snecko,Green,minisnecko,120,1,castle_destroyed,239,7.97,False,2,2,2,1,0,8,2996,2828,4,-1,1.0000,158
Green,7,nom,5,0,-,Green,minisnecko,0,1,castle_destroyed,236,7.87,False,0,0,0,0,0,0,3535,3535,5,-1,1.0000,156
Green,7,nom,5,0,-,Green,minisnecko,1,1,force_destroyed,1035,34.50,False,1035,930,1035,105,1035,0,3535,3535,0,1035,0.5082,-1
Green,7,nom,5,0,-,Green,minisnecko,2,1,castle_destroyed,1711,57.03,False,856,851,856,47,0,0,3535,3535,5,-1,1.0000,1397
Green,7,nom,5,0,-,Green,minisnecko,3,1,castle_destroyed,1008,33.60,False,336,333,336,31,0,0,3535,3535,5,-1,1.0000,801
Green,7,nom,5,0,-,Green,minisnecko,5,1,castle_destroyed,584,19.47,False,117,115,117,19,0,0,3535,3535,5,-1,1.0000,469
Green,7,nom,5,0,-,Green,minisnecko,10,1,castle_destroyed,296,9.87,False,30,29,30,9,0,0,3535,3535,5,-1,1.0000,236
Green,7,nom,5,0,-,Green,minisnecko,15,1,castle_destroyed,276,9.20,False,19,18,19,6,0,0,3535,3535,5,-1,1.0000,204
Green,7,nom,5,0,-,Green,minisnecko,20,1,castle_destroyed,264,8.80,False,14,13,14,4,0,0,3535,3535,5,-1,1.0000,196
Green,7,nom,5,0,-,Green,minisnecko,30,1,castle_destroyed,257,8.57,False,9,9,9,3,0,0,3535,3535,5,-1,1.0000,177
Green,7,nom,5,0,-,Green,minisnecko,45,1,castle_destroyed,248,8.27,False,6,6,6,2,0,0,3535,3535,5,-1,1.0000,168
Green,7,nom,5,0,-,Green,minisnecko,60,1,castle_destroyed,246,8.20,False,5,4,5,2,0,0,3535,3535,5,-1,1.0000,160
Green,7,nom,5,0,-,Green,minisnecko,90,1,castle_destroyed,246,8.20,False,3,3,3,1,0,0,3535,3535,5,-1,1.0000,158
Green,7,nom,5,0,-,Green,minisnecko,120,1,castle_destroyed,239,7.97,False,2,2,2,1,0,0,3535,3535,5,-1,1.0000,159
Green,7,nom,5,4,snecko,Green,minisnecko,0,1,castle_destroyed,236,7.87,False,0,0,0,0,0,8,3703,3535,5,-1,1.0000,156
Green,7,nom,5,4,snecko,Green,minisnecko,1,1,castle_destroyed,12102,403.40,False,1216,1216,1216,84,1216,41,4396,3535,0,1216,0.5082,1371
Green,7,nom,5,4,snecko,Green,minisnecko,2,1,castle_destroyed,769,25.63,False,385,380,385,42,0,26,4081,3535,5,-1,1.0000,657
Green,7,nom,5,4,snecko,Green,minisnecko,3,1,castle_destroyed,471,15.70,False,157,154,157,28,0,16,3871,3535,5,-1,1.0000,357
Green,7,nom,5,4,snecko,Green,minisnecko,5,1,castle_destroyed,356,11.87,False,72,70,72,17,0,12,3787,3535,5,-1,1.0000,297
Green,7,nom,5,4,snecko,Green,minisnecko,10,1,castle_destroyed,248,8.27,False,25,24,25,8,0,9,3724,3535,5,-1,1.0000,187
Green,7,nom,5,4,snecko,Green,minisnecko,15,1,castle_destroyed,246,8.20,False,17,16,17,6,0,9,3724,3535,5,-1,1.0000,172
Green,7,nom,5,4,snecko,Green,minisnecko,20,1,castle_destroyed,248,8.27,False,13,12,13,4,0,9,3724,3535,5,-1,1.0000,166
Green,7,nom,5,4,snecko,Green,minisnecko,30,1,castle_destroyed,248,8.27,False,9,8,9,3,0,9,3724,3535,5,-1,1.0000,168
Green,7,nom,5,4,snecko,Green,minisnecko,45,1,castle_destroyed,246,8.20,False,6,6,6,2,0,9,3724,3535,5,-1,1.0000,161
Green,7,nom,5,4,snecko,Green,minisnecko,60,1,castle_destroyed,246,8.20,False,5,4,5,2,0,9,3724,3535,5,-1,1.0000,160
Green,7,nom,5,4,snecko,Green,minisnecko,90,1,castle_destroyed,246,8.20,False,3,3,3,1,0,9,3724,3535,5,-1,1.0000,158
Green,7,nom,5,4,snecko,Green,minisnecko,120,1,castle_destroyed,239,7.97,False,2,2,2,1,0,8,3703,3535,5,-1,1.0000,158
Green,8,trogdor,0,4,snecko,Green,minisnecko,0,1,castle_destroyed,940,31.33,False,0,0,0,0,0,32,672,0,0,-1,0.0000,156
Green,8,trogdor,0,4,snecko,Green,minisnecko,1,1,survived_horizon,36000,1200.00,True,36000,35919,36000,84,0,1200,25200,0,0,-1,0.0000,-1
Green,8,trogdor,0,4,snecko,Green,minisnecko,2,1,survived_horizon,36000,1200.00,True,18000,17994,18000,42,0,1200,25200,0,0,-1,0.0000,-1
Green,8,trogdor,0,4,snecko,Green,minisnecko,3,1,castle_destroyed,6231,207.70,False,2077,2074,2077,28,0,208,4368,0,0,-1,0.0000,435
Green,8,trogdor,0,4,snecko,Green,minisnecko,5,1,castle_destroyed,2316,77.20,False,464,462,464,17,0,78,1638,0,0,-1,0.0000,314
Green,8,trogdor,0,4,snecko,Green,minisnecko,10,1,castle_destroyed,1253,41.77,False,126,125,126,8,0,42,882,0,0,-1,0.0000,203
Green,8,trogdor,0,4,snecko,Green,minisnecko,15,1,castle_destroyed,1021,34.03,False,69,68,69,6,0,35,735,0,0,-1,0.0000,172
Green,8,trogdor,0,4,snecko,Green,minisnecko,20,1,castle_destroyed,969,32.30,False,49,48,49,4,0,33,693,0,0,-1,0.0000,166
Green,8,trogdor,0,4,snecko,Green,minisnecko,30,1,castle_destroyed,953,31.77,False,32,32,32,3,0,32,672,0,0,-1,0.0000,168
Green,8,trogdor,0,4,snecko,Green,minisnecko,45,1,castle_destroyed,949,31.63,False,22,21,22,2,0,32,672,0,0,-1,0.0000,161
Green,8,trogdor,0,4,snecko,Green,minisnecko,60,1,castle_destroyed,947,31.57,False,16,16,16,2,0,32,672,0,0,-1,0.0000,160
Green,8,trogdor,0,4,snecko,Green,minisnecko,90,1,castle_destroyed,945,31.50,False,11,11,11,1,0,32,672,0,0,-1,0.0000,158
Green,8,trogdor,0,4,snecko,Green,minisnecko,120,1,castle_destroyed,943,31.43,False,8,8,8,1,0,32,672,0,0,-1,0.0000,158
Green,8,trogdor,1,0,-,Green,minisnecko,0,1,castle_destroyed,491,16.37,False,0,0,0,0,0,0,17880,17880,1,-1,1.0000,341
Green,8,trogdor,1,0,-,Green,minisnecko,1,1,force_destroyed,3253,108.43,False,3253,3001,3253,255,3253,0,17880,17880,0,3253,0.3118,-1
Green,8,trogdor,1,0,-,Green,minisnecko,2,1,force_destroyed,6376,212.53,False,3188,3076,3188,127,3188,0,17880,17880,0,6376,0.3176,-1
Green,8,trogdor,1,0,-,Green,minisnecko,3,1,force_destroyed,9453,315.10,False,3151,3101,3151,85,3151,0,17880,17880,0,9453,0.3247,-1
Green,8,trogdor,1,0,-,Green,minisnecko,5,1,force_destroyed,15484,516.13,False,3097,3061,3097,51,3097,0,17880,17880,0,15484,0.3388,-1
Green,8,trogdor,1,0,-,Green,minisnecko,10,1,force_destroyed,29884,996.13,True,2989,2971,2989,25,2989,0,17880,17880,0,29884,0.3741,-1
Green,8,trogdor,1,0,-,Green,minisnecko,15,1,survived_horizon,36000,1200.00,True,2400,2391,2400,17,0,0,17880,17880,1,-1,0.4094,-1
Green,8,trogdor,1,0,-,Green,minisnecko,20,1,survived_horizon,36000,1200.00,True,1800,1798,1800,13,0,0,17880,17880,1,-1,1.0000,-1
Green,8,trogdor,1,0,-,Green,minisnecko,30,1,survived_horizon,36000,1200.00,True,1200,1196,1200,8,0,0,17880,17880,1,-1,0.5153,-1
Green,8,trogdor,1,0,-,Green,minisnecko,45,1,survived_horizon,36000,1200.00,True,800,799,800,6,0,0,17880,17880,1,-1,1.0000,-1
Green,8,trogdor,1,0,-,Green,minisnecko,60,1,survived_horizon,36000,1200.00,True,600,600,600,4,0,0,17880,17880,1,-1,1.0000,-1
Green,8,trogdor,1,0,-,Green,minisnecko,90,1,survived_horizon,36000,1200.00,True,400,400,400,3,0,0,17880,17880,1,-1,1.0000,-1
Green,8,trogdor,1,0,-,Green,minisnecko,120,1,survived_horizon,36000,1200.00,True,300,300,300,2,0,0,17880,17880,1,-1,1.0000,-1
Green,8,trogdor,1,4,snecko,Green,minisnecko,0,1,castle_destroyed,341,11.37,False,0,0,0,0,0,12,18132,17880,1,-1,1.0000,156
Green,8,trogdor,1,4,snecko,Green,minisnecko,1,1,force_destroyed_horizon,36000,1200.00,True,35428,35428,35428,84,35428,1181,42681,17880,0,35428,0.5082,35585
Green,8,trogdor,1,4,snecko,Green,minisnecko,2,1,survived_horizon,36000,1200.00,True,18000,17994,18000,42,0,1200,43080,17880,1,-1,1.0000,787
Green,8,trogdor,1,4,snecko,Green,minisnecko,3,1,castle_destroyed,548,18.27,False,183,180,183,28,0,19,18279,17880,1,-1,1.0000,435
Green,8,trogdor,1,4,snecko,Green,minisnecko,5,1,castle_destroyed,491,16.37,False,99,97,99,17,0,17,18237,17880,1,-1,1.0000,314
Green,8,trogdor,1,4,snecko,Green,minisnecko,10,1,castle_destroyed,491,16.37,False,50,49,50,8,0,17,18237,17880,1,-1,1.0000,203
Green,8,trogdor,1,4,snecko,Green,minisnecko,15,1,castle_destroyed,341,11.37,False,23,23,23,6,0,12,18132,17880,1,-1,1.0000,172
Green,8,trogdor,1,4,snecko,Green,minisnecko,20,1,castle_destroyed,341,11.37,False,18,17,18,4,0,12,18132,17880,1,-1,1.0000,166
Green,8,trogdor,1,4,snecko,Green,minisnecko,30,1,castle_destroyed,341,11.37,False,12,12,12,3,0,12,18132,17880,1,-1,1.0000,168
Green,8,trogdor,1,4,snecko,Green,minisnecko,45,1,castle_destroyed,341,11.37,False,8,8,8,2,0,12,18132,17880,1,-1,1.0000,161
Green,8,trogdor,1,4,snecko,Green,minisnecko,60,1,castle_destroyed,341,11.37,False,6,6,6,2,0,12,18132,17880,1,-1,1.0000,160
Green,8,trogdor,1,4,snecko,Green,minisnecko,90,1,castle_destroyed,341,11.37,False,4,4,4,1,0,12,18132,17880,1,-1,1.0000,158
Green,8,trogdor,1,4,snecko,Green,minisnecko,120,1,castle_destroyed,341,11.37,False,3,3,3,1,0,12,18132,17880,1,-1,1.0000,158
Green,8,trogdor,2,0,-,Green,minisnecko,0,1,castle_destroyed,371,12.37,False,0,0,0,0,0,0,35760,35760,2,-1,1.0000,341
Green,8,trogdor,2,0,-,Green,minisnecko,1,1,force_destroyed,4684,156.13,False,4684,4531,4684,225,4684,0,35760,35760,0,4684,0.3118,-1
Green,8,trogdor,2,0,-,Green,minisnecko,2,1,force_destroyed,9061,302.03,False,4531,4441,4531,126,4531,0,35760,35760,0,9061,0.3176,-1
Green,8,trogdor,2,0,-,Green,minisnecko,3,1,force_destroyed,13717,457.23,False,4573,4529,4573,84,4573,0,35760,35760,0,13717,0.6988,-1
Green,8,trogdor,2,0,-,Green,minisnecko,5,1,force_destroyed,22738,757.93,True,4548,4526,4548,50,4548,0,35760,35760,0,22738,1.0000,-1
Green,8,trogdor,2,0,-,Green,minisnecko,10,1,survived_horizon,36000,1200.00,True,3600,3599,3600,24,0,0,35760,35760,2,-1,1.0000,-1
Green,8,trogdor,2,0,-,Green,minisnecko,15,1,survived_horizon,36000,1200.00,True,2400,2400,2400,16,0,0,35760,35760,2,-1,1.0000,-1
Green,8,trogdor,2,0,-,Green,minisnecko,20,1,survived_horizon,36000,1200.00,True,1800,1800,1800,11,0,0,35760,35760,2,-1,1.0000,-1
Green,8,trogdor,2,0,-,Green,minisnecko,30,1,survived_horizon,36000,1200.00,True,1200,1199,1200,7,0,0,35760,35760,2,-1,1.0000,-1
Green,8,trogdor,2,0,-,Green,minisnecko,45,1,survived_horizon,36000,1200.00,True,800,799,800,4,0,0,35760,35760,2,-1,1.0000,-1
Green,8,trogdor,2,0,-,Green,minisnecko,60,1,survived_horizon,36000,1200.00,True,600,600,600,3,0,0,35760,35760,2,-1,1.0000,-1
Green,8,trogdor,2,0,-,Green,minisnecko,90,1,castle_destroyed,1157,38.57,False,13,13,13,2,0,0,35760,35760,2,-1,1.0000,707
Green,8,trogdor,2,0,-,Green,minisnecko,120,1,castle_destroyed,586,19.53,False,5,5,5,1,0,0,35760,35760,2,-1,1.0000,436
Green,8,trogdor,2,4,snecko,Green,minisnecko,0,1,castle_destroyed,341,11.37,False,0,0,0,0,0,12,36012,35760,2,-1,1.0000,156
Green,8,trogdor,2,4,snecko,Green,minisnecko,1,1,force_destroyed_horizon,36000,1200.00,True,35458,35458,35458,84,35458,1182,60582,35760,0,35458,0.5082,35615
Green,8,trogdor,2,4,snecko,Green,minisnecko,2,1,survived_horizon,36000,1200.00,True,18000,17994,18000,42,0,1200,60960,35760,2,-1,1.0000,787
Green,8,trogdor,2,4,snecko,Green,minisnecko,3,1,castle_destroyed,548,18.27,False,183,180,183,28,0,19,36159,35760,2,-1,1.0000,435
Green,8,trogdor,2,4,snecko,Green,minisnecko,5,1,castle_destroyed,371,12.37,False,75,73,75,17,0,13,36033,35760,2,-1,1.0000,314
Green,8,trogdor,2,4,snecko,Green,minisnecko,10,1,castle_destroyed,371,12.37,False,38,37,38,8,0,13,36033,35760,2,-1,1.0000,203
Green,8,trogdor,2,4,snecko,Green,minisnecko,15,1,castle_destroyed,341,11.37,False,23,23,23,6,0,12,36012,35760,2,-1,1.0000,172
Green,8,trogdor,2,4,snecko,Green,minisnecko,20,1,castle_destroyed,341,11.37,False,18,17,18,4,0,12,36012,35760,2,-1,1.0000,166
Green,8,trogdor,2,4,snecko,Green,minisnecko,30,1,castle_destroyed,341,11.37,False,12,12,12,3,0,12,36012,35760,2,-1,1.0000,168
Green,8,trogdor,2,4,snecko,Green,minisnecko,45,1,castle_destroyed,341,11.37,False,8,8,8,2,0,12,36012,35760,2,-1,1.0000,161
Green,8,trogdor,2,4,snecko,Green,minisnecko,60,1,castle_destroyed,341,11.37,False,6,6,6,2,0,12,36012,35760,2,-1,1.0000,160
Green,8,trogdor,2,4,snecko,Green,minisnecko,90,1,castle_destroyed,341,11.37,False,4,4,4,1,0,12,36012,35760,2,-1,1.0000,158
Green,8,trogdor,2,4,snecko,Green,minisnecko,120,1,castle_destroyed,341,11.37,False,3,3,3,1,0,12,36012,35760,2,-1,1.0000,158
Green,8,trogdor,3,0,-,Green,minisnecko,0,1,castle_destroyed,371,12.37,False,0,0,0,0,0,0,53640,53640,3,-1,1.0000,341
Green,8,trogdor,3,0,-,Green,minisnecko,1,1,force_destroyed,6867,228.90,False,6867,6661,6867,206,6867,0,53640,53640,0,6867,0.3118,-1
Green,8,trogdor,3,0,-,Green,minisnecko,2,1,force_destroyed,13743,458.10,False,6872,6804,6872,97,6872,0,53640,53640,0,13743,0.6341,-1
Green,8,trogdor,3,0,-,Green,minisnecko,3,1,force_destroyed,20936,697.87,True,6979,6954,6979,64,6979,0,53640,53640,0,20936,1.0000,-1
Green,8,trogdor,3,0,-,Green,minisnecko,5,1,force_destroyed,35500,1183.33,True,7100,7083,7100,39,7100,0,53640,53640,0,35500,1.0000,-1
Green,8,trogdor,3,0,-,Green,minisnecko,10,1,survived_horizon,36000,1200.00,True,3600,3599,3600,18,0,0,53640,53640,3,-1,1.0000,-1
Green,8,trogdor,3,0,-,Green,minisnecko,15,1,survived_horizon,36000,1200.00,True,2400,2400,2400,13,0,0,53640,53640,3,-1,1.0000,-1
Green,8,trogdor,3,0,-,Green,minisnecko,20,1,survived_horizon,36000,1200.00,True,1800,1800,1800,8,0,0,53640,53640,3,-1,1.0000,-1
Green,8,trogdor,3,0,-,Green,minisnecko,30,1,survived_horizon,36000,1200.00,True,1200,1199,1200,6,0,0,53640,53640,3,-1,1.0000,-1
Green,8,trogdor,3,0,-,Green,minisnecko,45,1,survived_horizon,36000,1200.00,True,800,799,800,4,0,0,53640,53640,3,-1,1.0000,-1
Green,8,trogdor,3,0,-,Green,minisnecko,60,1,castle_destroyed,1007,33.57,False,17,17,17,2,0,0,53640,53640,3,-1,1.0000,707
Green,8,trogdor,3,0,-,Green,minisnecko,90,1,castle_destroyed,529,17.63,False,6,6,6,2,0,0,53640,53640,3,-1,1.0000,407
Green,8,trogdor,3,0,-,Green,minisnecko,120,1,castle_destroyed,436,14.53,False,4,4,4,1,0,0,53640,53640,3,-1,1.0000,401
Green,8,trogdor,3,4,snecko,Green,minisnecko,0,1,castle_destroyed,341,11.37,False,0,0,0,0,0,12,53892,53640,3,-1,1.0000,156
Green,8,trogdor,3,4,snecko,Green,minisnecko,1,1,force_destroyed_horizon,36000,1200.00,True,35488,35488,35488,84,35488,1183,78483,53640,0,35488,0.5082,35645
Green,8,trogdor,3,4,snecko,Green,minisnecko,2,1,survived_horizon,36000,1200.00,True,18000,17994,18000,42,0,1200,78840,53640,3,-1,1.0000,787
Green,8,trogdor,3,4,snecko,Green,minisnecko,3,1,castle_destroyed,548,18.27,False,183,180,183,28,0,19,54039,53640,3,-1,1.0000,432
Green,8,trogdor,3,4,snecko,Green,minisnecko,5,1,castle_destroyed,371,12.37,False,75,73,75,17,0,13,53913,53640,3,-1,1.0000,314
Green,8,trogdor,3,4,snecko,Green,minisnecko,10,1,castle_destroyed,371,12.37,False,38,37,38,8,0,13,53913,53640,3,-1,1.0000,203
Green,8,trogdor,3,4,snecko,Green,minisnecko,15,1,castle_destroyed,341,11.37,False,23,23,23,6,0,12,53892,53640,3,-1,1.0000,172
Green,8,trogdor,3,4,snecko,Green,minisnecko,20,1,castle_destroyed,341,11.37,False,18,17,18,4,0,12,53892,53640,3,-1,1.0000,166
Green,8,trogdor,3,4,snecko,Green,minisnecko,30,1,castle_destroyed,341,11.37,False,12,12,12,3,0,12,53892,53640,3,-1,1.0000,168
Green,8,trogdor,3,4,snecko,Green,minisnecko,45,1,castle_destroyed,341,11.37,False,8,8,8,2,0,12,53892,53640,3,-1,1.0000,161
Green,8,trogdor,3,4,snecko,Green,minisnecko,60,1,castle_destroyed,341,11.37,False,6,6,6,2,0,12,53892,53640,3,-1,1.0000,160
Green,8,trogdor,3,4,snecko,Green,minisnecko,90,1,castle_destroyed,341,11.37,False,4,4,4,1,0,12,53892,53640,3,-1,1.0000,158
Green,8,trogdor,3,4,snecko,Green,minisnecko,120,1,castle_destroyed,341,11.37,False,3,3,3,1,0,12,53892,53640,3,-1,1.0000,158
Green,8,trogdor,4,0,-,Green,minisnecko,0,1,castle_destroyed,371,12.37,False,0,0,0,0,0,0,71520,71520,4,-1,1.0000,341
Green,8,trogdor,4,0,-,Green,minisnecko,1,1,force_destroyed,10169,338.97,False,10169,9991,10169,178,10169,0,71520,71520,0,10169,0.3118,-1
Green,8,trogdor,4,0,-,Green,minisnecko,2,1,force_destroyed,20208,673.60,True,10104,10066,10104,82,10104,0,71520,71520,0,20208,0.9447,-1
Green,8,trogdor,4,0,-,Green,minisnecko,3,1,force_destroyed,30732,1024.40,True,10244,10214,10244,63,10244,0,71520,71520,0,30732,1.0000,-1
Green,8,trogdor,4,0,-,Green,minisnecko,5,1,survived_horizon,36000,1200.00,True,7200,7196,7200,33,0,0,71520,71520,4,-1,1.0000,-1
Green,8,trogdor,4,0,-,Green,minisnecko,10,1,survived_horizon,36000,1200.00,True,3600,3599,3600,17,0,0,71520,71520,4,-1,1.0000,-1
Green,8,trogdor,4,0,-,Green,minisnecko,15,1,survived_horizon,36000,1200.00,True,2400,2400,2400,11,0,0,71520,71520,4,-1,1.0000,-1
Green,8,trogdor,4,0,-,Green,minisnecko,20,1,survived_horizon,36000,1200.00,True,1800,1800,1800,7,0,0,71520,71520,4,-1,1.0000,-1
Green,8,trogdor,4,0,-,Green,minisnecko,30,1,survived_horizon,36000,1200.00,True,1200,1199,1200,5,0,0,71520,71520,4,-1,1.0000,-1
Green,8,trogdor,4,0,-,Green,minisnecko,45,1,castle_destroyed,863,28.77,False,20,19,20,3,0,0,71520,71520,4,-1,1.0000,713
Green,8,trogdor,4,0,-,Green,minisnecko,60,1,castle_destroyed,539,17.97,False,9,9,9,2,0,0,71520,71520,4,-1,1.0000,469
Green,8,trogdor,4,0,-,Green,minisnecko,90,1,castle_destroyed,431,14.37,False,5,5,5,2,0,0,71520,71520,4,-1,1.0000,407
Green,8,trogdor,4,0,-,Green,minisnecko,120,1,castle_destroyed,431,14.37,False,4,4,4,1,0,0,71520,71520,4,-1,1.0000,401
Green,8,trogdor,4,4,snecko,Green,minisnecko,0,1,castle_destroyed,341,11.37,False,0,0,0,0,0,12,71772,71520,4,-1,1.0000,156
Green,8,trogdor,4,4,snecko,Green,minisnecko,1,1,force_destroyed_horizon,36000,1200.00,True,35518,35518,35518,84,35518,1184,96384,71520,0,35518,0.5082,35675
Green,8,trogdor,4,4,snecko,Green,minisnecko,2,1,castle_destroyed,803,26.77,False,402,397,402,42,0,27,72087,71520,4,-1,1.0000,775
Green,8,trogdor,4,4,snecko,Green,minisnecko,3,1,castle_destroyed,432,14.40,False,144,141,144,28,0,15,71835,71520,4,-1,1.0000,431
Green,8,trogdor,4,4,snecko,Green,minisnecko,5,1,castle_destroyed,371,12.37,False,75,73,75,17,0,13,71793,71520,4,-1,1.0000,314
Green,8,trogdor,4,4,snecko,Green,minisnecko,10,1,castle_destroyed,371,12.37,False,38,37,38,8,0,13,71793,71520,4,-1,1.0000,203
Green,8,trogdor,4,4,snecko,Green,minisnecko,15,1,castle_destroyed,341,11.37,False,23,23,23,6,0,12,71772,71520,4,-1,1.0000,172
Green,8,trogdor,4,4,snecko,Green,minisnecko,20,1,castle_destroyed,341,11.37,False,18,17,18,4,0,12,71772,71520,4,-1,1.0000,166
Green,8,trogdor,4,4,snecko,Green,minisnecko,30,1,castle_destroyed,341,11.37,False,12,12,12,3,0,12,71772,71520,4,-1,1.0000,168
Green,8,trogdor,4,4,snecko,Green,minisnecko,45,1,castle_destroyed,341,11.37,False,8,8,8,2,0,12,71772,71520,4,-1,1.0000,161
Green,8,trogdor,4,4,snecko,Green,minisnecko,60,1,castle_destroyed,341,11.37,False,6,6,6,2,0,12,71772,71520,4,-1,1.0000,160
Green,8,trogdor,4,4,snecko,Green,minisnecko,90,1,castle_destroyed,341,11.37,False,4,4,4,1,0,12,71772,71520,4,-1,1.0000,158
Green,8,trogdor,4,4,snecko,Green,minisnecko,120,1,castle_destroyed,341,11.37,False,3,3,3,1,0,12,71772,71520,4,-1,1.0000,158
Green,8,trogdor,5,0,-,Green,minisnecko,0,1,castle_destroyed,371,12.37,False,0,0,0,0,0,0,89400,89400,5,-1,1.0000,341
Green,8,trogdor,5,0,-,Green,minisnecko,1,1,force_destroyed,13450,448.33,False,13450,13321,13450,135,13450,0,89400,89400,0,13450,0.3118,-1
Green,8,trogdor,5,0,-,Green,minisnecko,2,1,force_destroyed,26556,885.20,True,13278,13235,13278,82,13278,0,89400,89400,0,26556,1.0000,-1
Green,8,trogdor,5,0,-,Green,minisnecko,3,1,survived_horizon,36000,1200.00,True,12000,11993,12000,54,0,0,89400,89400,5,-1,1.0000,-1
Green,8,trogdor,5,0,-,Green,minisnecko,5,1,survived_horizon,36000,1200.00,True,7200,7196,7200,32,0,0,89400,89400,5,-1,1.0000,-1
Green,8,trogdor,5,0,-,Green,minisnecko,10,1,survived_horizon,36000,1200.00,True,3600,3599,3600,16,0,0,89400,89400,5,-1,1.0000,-1
Green,8,trogdor,5,0,-,Green,minisnecko,15,1,survived_horizon,36000,1200.00,True,2400,2400,2400,10,0,0,89400,89400,5,-1,1.0000,-1
Green,8,trogdor,5,0,-,Green,minisnecko,20,1,castle_destroyed,1468,48.93,False,74,73,74,7,0,0,89400,89400,5,-1,1.0000,1168
Green,8,trogdor,5,0,-,Green,minisnecko,30,1,castle_destroyed,878,29.27,False,30,29,30,5,0,0,89400,89400,5,-1,1.0000,728
Green,8,trogdor,5,0,-,Green,minisnecko,45,1,castle_destroyed,580,19.33,False,13,13,13,3,0,0,89400,89400,5,-1,1.0000,484
Green,8,trogdor,5,0,-,Green,minisnecko,60,1,castle_destroyed,469,15.63,False,8,8,8,2,0,0,89400,89400,5,-1,1.0000,461
Green,8,trogdor,5,0,-,Green,minisnecko,90,1,castle_destroyed,431,14.37,False,5,5,5,2,0,0,89400,89400,5,-1,1.0000,407
Green,8,trogdor,5,0,-,Green,minisnecko,120,1,castle_destroyed,431,14.37,False,4,4,4,1,0,0,89400,89400,5,-1,1.0000,401
Green,8,trogdor,5,4,snecko,Green,minisnecko,0,1,castle_destroyed,341,11.37,False,0,0,0,0,0,12,89652,89400,5,-1,1.0000,156
Green,8,trogdor,5,4,snecko,Green,minisnecko,1,1,force_destroyed_horizon,36000,1200.00,True,35548,35548,35548,84,35548,1185,114285,89400,0,35548,0.5082,35705
Green,8,trogdor,5,4,snecko,Green,minisnecko,2,1,castle_destroyed,803,26.77,False,402,397,402,42,0,27,89967,89400,5,-1,1.0000,775
Green,8,trogdor,5,4,snecko,Green,minisnecko,3,1,castle_destroyed,432,14.40,False,144,141,144,28,0,15,89715,89400,5,-1,1.0000,431
Green,8,trogdor,5,4,snecko,Green,minisnecko,5,1,castle_destroyed,371,12.37,False,75,73,75,17,0,13,89673,89400,5,-1,1.0000,314
Green,8,trogdor,5,4,snecko,Green,minisnecko,10,1,castle_destroyed,371,12.37,False,38,37,38,8,0,13,89673,89400,5,-1,1.0000,203
Green,8,trogdor,5,4,snecko,Green,minisnecko,15,1,castle_destroyed,341,11.37,False,23,23,23,6,0,12,89652,89400,5,-1,1.0000,172
Green,8,trogdor,5,4,snecko,Green,minisnecko,20,1,castle_destroyed,341,11.37,False,18,17,18,4,0,12,89652,89400,5,-1,1.0000,166
Green,8,trogdor,5,4,snecko,Green,minisnecko,30,1,castle_destroyed,341,11.37,False,12,12,12,3,0,12,89652,89400,5,-1,1.0000,168
Green,8,trogdor,5,4,snecko,Green,minisnecko,45,1,castle_destroyed,341,11.37,False,8,8,8,2,0,12,89652,89400,5,-1,1.0000,161
Green,8,trogdor,5,4,snecko,Green,minisnecko,60,1,castle_destroyed,341,11.37,False,6,6,6,2,0,12,89652,89400,5,-1,1.0000,160
Green,8,trogdor,5,4,snecko,Green,minisnecko,90,1,castle_destroyed,341,11.37,False,4,4,4,1,0,12,89652,89400,5,-1,1.0000,158
Green,8,trogdor,5,4,snecko,Green,minisnecko,120,1,castle_destroyed,341,11.37,False,3,3,3,1,0,12,89652,89400,5,-1,1.0000,158
Orange,5,scott,0,4,basketball,Orange,phil,0,1,castle_destroyed,534,17.80,False,0,0,0,0,0,18,270,0,0,-1,0.0000,75
Orange,5,scott,0,4,basketball,Orange,phil,1,1,survived_horizon,36000,1200.00,True,36000,35795,144000,212,0,1200,18000,0,0,-1,0.0000,-1
Orange,5,scott,0,4,basketball,Orange,phil,2,1,survived_horizon,36000,1200.00,True,18000,17897,72000,109,0,1200,18000,0,0,-1,0.0000,-1
Orange,5,scott,0,4,basketball,Orange,phil,3,1,survived_horizon,36000,1200.00,True,12000,11934,48000,71,0,1200,18000,0,0,-1,0.0000,-1
Orange,5,scott,0,4,basketball,Orange,phil,5,1,survived_horizon,36000,1200.00,True,7200,7163,28800,43,0,1200,18000,0,0,-1,0.0000,-1
Orange,5,scott,0,4,basketball,Orange,phil,10,1,castle_destroyed,4545,151.50,False,455,454,1820,8,0,152,2280,0,0,-1,0.0000,314
Orange,5,scott,0,4,basketball,Orange,phil,15,1,castle_destroyed,1489,49.63,False,100,99,400,5,0,50,750,0,0,-1,0.0000,160
Orange,5,scott,0,4,basketball,Orange,phil,20,1,castle_destroyed,1704,56.80,False,86,85,344,4,0,57,855,0,0,-1,0.0000,147
Orange,5,scott,0,4,basketball,Orange,phil,30,1,castle_destroyed,875,29.17,False,30,29,120,2,0,30,450,0,0,-1,0.0000,117
Orange,5,scott,0,4,basketball,Orange,phil,45,1,castle_destroyed,775,25.83,False,18,17,72,2,0,26,390,0,0,-1,0.0000,116
Orange,5,scott,0,4,basketball,Orange,phil,60,1,castle_destroyed,784,26.13,False,14,13,56,1,0,27,405,0,0,-1,0.0000,109
Orange,5,scott,0,4,basketball,Orange,phil,90,1,castle_destroyed,622,20.73,False,7,7,28,1,0,21,315,0,0,-1,0.0000,109
Orange,5,scott,0,4,basketball,Orange,phil,120,1,castle_destroyed,594,19.80,False,5,5,20,1,0,20,300,0,0,-1,0.0000,105
Orange,5,scott,1,0,-,Orange,phil,0,1,castle_destroyed,5477,182.57,False,0,0,0,0,0,0,25,25,1,-1,1.0000,115
Orange,5,scott,1,0,-,Orange,phil,1,1,force_destroyed,97,3.23,False,97,22,388,81,388,0,25,25,0,97,0.6618,-1
Orange,5,scott,1,0,-,Orange,phil,2,1,force_destroyed,113,3.77,False,57,21,228,40,228,0,25,25,0,113,0.6935,-1
Orange,5,scott,1,0,-,Orange,phil,3,1,force_destroyed,132,4.40,False,44,22,176,27,176,0,25,25,0,132,0.7024,-1
Orange,5,scott,1,0,-,Orange,phil,5,1,force_destroyed,149,4.97,False,30,21,120,16,120,0,25,25,0,149,0.8365,-1
Orange,5,scott,1,0,-,Orange,phil,10,1,force_destroyed,223,7.43,False,23,22,92,8,92,0,25,25,0,223,1.0000,-1
Orange,5,scott,1,0,-,Orange,phil,15,1,force_destroyed,328,10.93,False,22,22,88,5,88,0,25,25,0,328,1.0000,132
Orange,5,scott,1,0,-,Orange,phil,20,1,force_destroyed,433,14.43,False,22,22,88,4,88,0,25,25,0,433,1.0000,125
Orange,5,scott,1,0,-,Orange,phil,30,1,force_destroyed,643,21.43,False,22,21,88,3,88,0,25,25,0,643,1.0000,119
Orange,5,scott,1,0,-,Orange,phil,45,1,force_destroyed,958,31.93,False,22,21,88,2,88,0,25,25,0,958,1.0000,119
Orange,5,scott,1,0,-,Orange,phil,60,1,force_destroyed,1273,42.43,False,22,22,88,2,88,0,25,25,0,1273,1.0000,118
Orange,5,scott,1,0,-,Orange,phil,90,1,force_destroyed,1903,63.43,False,22,22,88,1,88,0,25,25,0,1903,1.0000,118
Orange,5,scott,1,0,-,Orange,phil,120,1,force_destroyed,2533,84.43,False,22,21,88,1,88,0,25,25,0,2533,1.0000,116
Orange,5,scott,1,4,basketball,Orange,phil,0,1,castle_destroyed,516,17.20,False,0,0,0,0,0,18,295,25,1,-1,1.0000,75
Orange,5,scott,1,4,basketball,Orange,phil,1,1,force_destroyed,141,4.70,False,94,33,376,76,376,4,85,25,0,94,0.6882,-1
Orange,5,scott,1,4,basketball,Orange,phil,2,1,force_destroyed,156,5.20,False,55,36,220,39,220,4,85,25,0,109,0.7200,-1
Orange,5,scott,1,4,basketball,Orange,phil,3,1,force_destroyed,187,6.23,False,41,33,164,26,164,5,100,25,0,123,0.7624,-1
Orange,5,scott,1,4,basketball,Orange,phil,5,1,castle_destroyed,1476,49.20,False,32,32,128,16,128,6,115,25,0,156,0.9000,195
Orange,5,scott,1,4,basketball,Orange,phil,10,1,castle_destroyed,816,27.20,False,28,28,112,8,112,10,175,25,0,273,1.0000,147
Orange,5,scott,1,4,basketball,Orange,phil,15,1,castle_destroyed,807,26.90,False,28,28,112,5,112,14,235,25,0,418,1.0000,128
Orange,5,scott,1,4,basketball,Orange,phil,20,1,castle_destroyed,834,27.80,False,26,26,104,4,104,18,295,25,0,513,1.0000,121
Orange,5,scott,1,4,basketball,Orange,phil,30,1,castle_destroyed,772,25.73,False,25,25,100,2,100,25,400,25,0,733,1.0000,116
Orange,5,scott,1,4,basketball,Orange,phil,45,1,castle_destroyed,705,23.50,False,16,16,64,2,0,24,385,25,1,-1,1.0000,115
Orange,5,scott,1,4,basketball,Orange,phil,60,1,castle_destroyed,724,24.13,False,13,12,52,1,0,25,400,25,1,-1,1.0000,109
Orange,5,scott,1,4,basketball,Orange,phil,90,1,castle_destroyed,604,20.13,False,7,7,28,1,0,21,340,25,1,-1,1.0000,109
Orange,5,scott,1,4,basketball,Orange,phil,120,1,castle_destroyed,571,19.03,False,5,5,20,1,0,20,325,25,1,-1,1.0000,105
Orange,5,scott,2,0,-,Orange,phil,0,1,castle_destroyed,2810,93.67,False,0,0,0,0,0,0,50,50,2,-1,1.0000,115
Orange,5,scott,2,0,-,Orange,phil,1,1,force_destroyed,124,4.13,False,124,44,496,86,496,0,50,50,0,124,0.6618,-1
Orange,5,scott,2,0,-,Orange,phil,2,1,force_destroyed,147,4.90,False,74,40,296,40,296,0,50,50,0,147,0.7200,-1
Orange,5,scott,2,0,-,Orange,phil,3,1,force_destroyed,163,5.43,False,55,33,220,27,220,0,50,50,0,163,0.7447,-1
Orange,5,scott,2,0,-,Orange,phil,5,1,force_destroyed,197,6.57,False,40,34,160,16,160,0,50,50,0,197,0.9265,-1
Orange,5,scott,2,0,-,Orange,phil,10,1,force_destroyed,303,10.10,False,31,29,124,8,124,0,50,50,0,303,1.0000,152
Orange,5,scott,2,0,-,Orange,phil,15,1,force_destroyed,463,15.43,False,31,30,124,5,124,0,50,50,0,463,1.0000,132
Orange,5,scott,2,0,-,Orange,phil,20,1,force_destroyed,573,19.10,False,29,28,116,4,116,0,50,50,0,573,1.0000,125
Orange,5,scott,2,0,-,Orange,phil,30,1,force_destroyed,793,26.43,False,27,26,108,3,108,0,50,50,0,793,1.0000,119
Orange,5,scott,2,0,-,Orange,phil,45,1,force_destroyed,1093,36.43,False,25,24,100,2,100,0,50,50,0,1093,1.0000,119
Orange,5,scott,2,0,-,Orange,phil,60,1,force_destroyed,1453,48.43,False,25,24,100,2,100,0,50,50,0,1453,1.0000,118
Orange,5,scott,2,0,-,Orange,phil,90,1,force_destroyed,2083,69.43,False,24,23,96,1,96,0,50,50,0,2083,1.0000,118
Orange,5,scott,2,0,-,Orange,phil,120,1,force_destroyed,2773,92.43,False,24,23,96,1,96,0,50,50,0,2773,1.0000,116
Orange,5,scott,2,4,basketball,Orange,phil,0,1,castle_destroyed,501,16.70,False,0,0,0,0,0,17,305,50,2,-1,1.0000,75
Orange,5,scott,2,4,basketball,Orange,phil,1,1,force_destroyed,169,5.63,False,124,56,496,82,496,5,125,50,0,124,0.6882,-1
Orange,5,scott,2,4,basketball,Orange,phil,2,1,force_destroyed,173,5.77,False,75,52,300,39,300,5,125,50,0,149,0.7465,-1
Orange,5,scott,2,4,basketball,Orange,phil,3,1,force_destroyed,224,7.47,False,57,50,228,26,228,6,140,50,0,171,0.7941,-1
Orange,5,scott,2,4,basketball,Orange,phil,5,1,castle_destroyed,1021,34.03,False,47,47,188,16,188,8,170,50,0,233,1.0000,200
Orange,5,scott,2,4,basketball,Orange,phil,10,1,castle_destroyed,872,29.07,False,37,37,148,8,148,13,245,50,0,363,1.0000,146
Orange,5,scott,2,4,basketball,Orange,phil,15,1,castle_destroyed,766,25.53,False,31,31,124,5,124,16,290,50,0,463,1.0000,128
Orange,5,scott,2,4,basketball,Orange,phil,20,1,castle_destroyed,840,28.00,False,29,29,116,4,116,20,350,50,0,573,1.0000,121
Orange,5,scott,2,4,basketball,Orange,phil,30,1,castle_destroyed,724,24.13,False,25,24,100,2,0,25,425,50,2,-1,1.0000,116
Orange,5,scott,2,4,basketball,Orange,phil,45,1,castle_destroyed,658,21.93,False,15,15,60,2,0,22,380,50,2,-1,1.0000,115
Orange,5,scott,2,4,basketball,Orange,phil,60,1,castle_destroyed,693,23.10,False,12,12,48,1,0,24,410,50,2,-1,1.0000,109
Orange,5,scott,2,4,basketball,Orange,phil,90,1,castle_destroyed,586,19.53,False,7,7,28,1,0,20,350,50,2,-1,1.0000,109
Orange,5,scott,2,4,basketball,Orange,phil,120,1,castle_destroyed,558,18.60,False,5,5,20,1,0,19,335,50,2,-1,1.0000,105
Orange,5,scott,3,0,-,Orange,phil,0,1,castle_destroyed,1930,64.33,False,0,0,0,0,0,0,75,75,3,-1,1.0000,115
Orange,5,scott,3,0,-,Orange,phil,1,1,force_destroyed,151,5.03,False,151,66,604,91,604,0,75,75,0,151,0.6618,-1
Orange,5,scott,3,0,-,Orange,phil,2,1,force_destroyed,180,6.00,False,90,59,360,40,360,0,75,75,0,180,0.7465,-1
Orange,5,scott,3,0,-,Orange,phil,3,1,force_destroyed,202,6.73,False,68,49,272,27,272,0,75,75,0,202,0.7765,-1
Orange,5,scott,3,0,-,Orange,phil,5,1,force_destroyed,233,7.77,False,47,45,188,16,188,0,75,75,0,233,0.9953,-1
Orange,5,scott,3,0,-,Orange,phil,10,1,force_destroyed,393,13.10,False,40,38,160,8,160,0,75,75,0,393,1.0000,152
Orange,5,scott,3,0,-,Orange,phil,15,1,force_destroyed,493,16.43,False,33,32,132,5,132,0,75,75,0,493,1.0000,132
Orange,5,scott,3,0,-,Orange,phil,20,1,force_destroyed,613,20.43,False,31,30,124,4,124,0,75,75,0,613,1.0000,125
Orange,5,scott,3,0,-,Orange,phil,30,1,force_destroyed,823,27.43,False,28,27,112,3,112,0,75,75,0,823,1.0000,119
Orange,5,scott,3,0,-,Orange,phil,45,1,force_destroyed,1138,37.93,False,26,25,104,2,104,0,75,75,0,1138,1.0000,119
Orange,5,scott,3,0,-,Orange,phil,60,1,force_destroyed,1453,48.43,False,25,24,100,2,100,0,75,75,0,1453,1.0000,118
Orange,5,scott,3,0,-,Orange,phil,90,1,castle_destroyed,2016,67.20,False,23,23,92,1,0,0,75,75,2,-1,1.0000,118
Orange,5,scott,3,0,-,Orange,phil,120,1,castle_destroyed,1967,65.57,False,17,17,68,1,0,0,75,75,3,-1,1.0000,116
Orange,5,scott,3,4,basketball,Orange,phil,0,1,castle_destroyed,486,16.20,False,0,0,0,0,0,17,330,75,3,-1,1.0000,75
Orange,5,scott,3,4,basketball,Orange,phil,1,1,force_destroyed,197,6.57,False,153,80,612,88,612,6,165,75,0,153,0.6882,-1
Orange,5,scott,3,4,basketball,Orange,phil,2,1,force_destroyed,246,8.20,False,92,80,368,39,368,7,180,75,0,183,0.7729,-1
Orange,5,scott,3,4,basketball,Orange,phil,3,1,force_destroyed,255,8.50,False,70,65,280,26,280,7,180,75,0,209,0.8347,-1
Orange,5,scott,3,4,basketball,Orange,phil,5,1,castle_destroyed,1245,41.50,False,58,58,232,16,232,10,225,75,0,288,1.0000,184
Orange,5,scott,3,4,basketball,Orange,phil,10,1,castle_destroyed,875,29.17,False,40,40,160,8,160,14,285,75,0,393,1.0000,146
Orange,5,scott,3,4,basketball,Orange,phil,15,1,castle_destroyed,760,25.33,False,33,33,132,5,132,17,330,75,0,493,1.0000,128
Orange,5,scott,3,4,basketball,Orange,phil,20,1,castle_destroyed,822,27.40,False,31,31,124,4,124,21,390,75,0,613,1.0000,121
Orange,5,scott,3,4,basketball,Orange,phil,30,1,castle_destroyed,676,22.53,False,23,23,92,2,0,23,420,75,3,-1,1.0000,116
Orange,5,scott,3,4,basketball,Orange,phil,45,1,castle_destroyed,622,20.73,False,14,14,56,2,0,21,390,75,3,-1,1.0000,115
Orange,5,scott,3,4,basketball,Orange,phil,60,1,castle_destroyed,651,21.70,False,11,11,44,1,0,22,405,75,3,-1,1.0000,109
Orange,5,scott,3,4,basketball,Orange,phil,90,1,castle_destroyed,543,18.10,False,7,6,28,1,0,19,360,75,3,-1,1.0000,109
Orange,5,scott,3,4,basketball,Orange,phil,120,1,castle_destroyed,544,18.13,False,5,5,20,1,0,19,360,75,3,-1,1.0000,105
Orange,5,scott,4,0,-,Orange,phil,0,1,castle_destroyed,1498,49.93,False,0,0,0,0,0,0,100,100,4,-1,1.0000,115
Orange,5,scott,4,0,-,Orange,phil,1,1,force_destroyed,178,5.93,False,178,88,712,96,712,0,100,100,0,178,0.6618,-1
Orange,5,scott,4,0,-,Orange,phil,2,1,force_destroyed,213,7.10,False,107,78,428,40,428,0,100,100,0,213,0.7729,-1
Orange,5,scott,4,0,-,Orange,phil,3,1,force_destroyed,233,7.77,False,78,61,312,27,312,0,100,100,0,233,0.8029,-1
Orange,5,scott,4,0,-,Orange,phil,5,1,force_destroyed,298,9.93,False,60,57,240,16,240,0,100,100,0,298,1.0000,227
Orange,5,scott,4,0,-,Orange,phil,10,1,force_destroyed,423,14.10,False,43,41,172,8,172,0,100,100,0,423,1.0000,152
Orange,5,scott,4,0,-,Orange,phil,15,1,force_destroyed,523,17.43,False,35,34,140,5,140,0,100,100,0,523,1.0000,132
Orange,5,scott,4,0,-,Orange,phil,20,1,force_destroyed,633,21.10,False,32,31,128,4,128,0,100,100,0,633,1.0000,125
Orange,5,scott,4,0,-,Orange,phil,30,1,force_destroyed,853,28.43,False,29,28,116,3,116,0,100,100,0,853,1.0000,119
Orange,5,scott,4,0,-,Orange,phil,45,1,force_destroyed,1183,39.43,False,27,26,108,2,108,0,100,100,0,1183,1.0000,119
Orange,5,scott,4,0,-,Orange,phil,60,1,force_destroyed,1513,50.43,False,26,25,104,2,104,0,100,100,0,1513,1.0000,118
Orange,5,scott,4,0,-,Orange,phil,90,1,castle_destroyed,1525,50.83,False,17,17,68,1,0,0,100,100,4,-1,1.0000,118
Orange,5,scott,4,0,-,Orange,phil,120,1,castle_destroyed,1519,50.63,False,13,13,52,1,0,0,100,100,4,-1,1.0000,116
Orange,5,scott,4,4,basketball,Orange,phil,0,1,castle_destroyed,474,15.80,False,0,0,0,0,0,16,340,100,4,-1,1.0000,75
Orange,5,scott,4,4,basketball,Orange,phil,1,1,force_destroyed,194,6.47,False,180,102,720,93,720,6,190,100,0,180,0.6882,-1
Orange,5,scott,4,4,basketball,Orange,phil,2,1,force_destroyed,278,9.27,False,108,98,432,39,432,8,220,100,0,216,0.7994,-1
Orange,5,scott,4,4,basketball,Orange,phil,3,1,castle_destroyed,4143,138.10,False,80,80,320,26,320,8,220,100,0,240,0.8735,318
Orange,5,scott,4,4,basketball,Orange,phil,5,1,castle_destroyed,1257,41.90,False,63,63,252,16,252,11,265,100,0,313,1.0000,184
Orange,5,scott,4,4,basketball,Orange,phil,10,1,castle_destroyed,875,29.17,False,43,43,172,8,172,15,325,100,0,423,1.0000,146
Orange,5,scott,4,4,basketball,Orange,phil,15,1,castle_destroyed,757,25.23,False,35,35,140,5,140,18,370,100,0,523,1.0000,128
Orange,5,scott,4,4,basketball,Orange,phil,20,1,castle_destroyed,810,27.00,False,32,32,128,4,128,22,430,100,0,633,1.0000,121
Orange,5,scott,4,4,basketball,Orange,phil,30,1,castle_destroyed,646,21.53,False,22,22,88,2,0,22,430,100,4,-1,1.0000,116
Orange,5,scott,4,4,basketball,Orange,phil,45,1,castle_destroyed,586,19.53,False,14,13,56,2,0,20,400,100,4,-1,1.0000,115
Orange,5,scott,4,4,basketball,Orange,phil,60,1,castle_destroyed,604,20.13,False,11,10,44,1,0,21,415,100,4,-1,1.0000,109
Orange,5,scott,4,4,basketball,Orange,phil,90,1,castle_destroyed,532,17.73,False,6,6,24,1,0,18,370,100,4,-1,1.0000,109
Orange,5,scott,4,4,basketball,Orange,phil,120,1,castle_destroyed,527,17.57,False,5,5,20,1,0,18,370,100,4,-1,1.0000,105
Orange,5,scott,5,0,-,Orange,phil,0,1,castle_destroyed,1244,41.47,False,0,0,0,0,0,0,125,125,5,-1,1.0000,115
Orange,5,scott,5,0,-,Orange,phil,1,1,force_destroyed,205,6.83,False,205,110,820,101,820,0,125,125,0,205,0.6618,-1
Orange,5,scott,5,0,-,Orange,phil,2,1,force_destroyed,246,8.20,False,123,97,492,40,492,0,125,125,0,246,0.7994,-1
Orange,5,scott,5,0,-,Orange,phil,3,1,force_destroyed,266,8.87,False,89,75,356,27,356,0,125,125,0,266,0.8312,-1
Orange,5,scott,5,0,-,Orange,phil,5,1,force_destroyed,343,11.43,False,69,66,276,16,276,0,125,125,0,343,1.0000,227
Orange,5,scott,5,0,-,Orange,phil,10,1,force_destroyed,453,15.10,False,46,44,184,8,184,0,125,125,0,453,1.0000,152
Orange,5,scott,5,0,-,Orange,phil,15,1,force_destroyed,553,18.43,False,37,36,148,5,148,0,125,125,0,553,1.0000,132
Orange,5,scott,5,0,-,Orange,phil,20,1,force_destroyed,673,22.43,False,34,33,136,4,136,0,125,125,0,673,1.0000,125
Orange,5,scott,5,0,-,Orange,phil,30,1,force_destroyed,883,29.43,False,30,29,120,3,120,0,125,125,0,883,1.0000,119
Orange,5,scott,5,0,-,Orange,phil,45,1,force_destroyed,1183,39.43,False,27,26,108,2,108,0,125,125,0,1183,1.0000,119
Orange,5,scott,5,0,-,Orange,phil,60,1,castle_destroyed,1272,42.40,False,22,21,88,2,0,0,125,125,5,-1,1.0000,118
Orange,5,scott,5,0,-,Orange,phil,90,1,castle_destroyed,1262,42.07,False,15,14,60,1,0,0,125,125,5,-1,1.0000,118
Orange,5,scott,5,0,-,Orange,phil,120,1,castle_destroyed,1262,42.07,False,11,11,44,1,0,0,125,125,5,-1,1.0000,116
Orange,5,scott,5,4,basketball,Orange,phil,0,1,castle_destroyed,465,15.50,False,0,0,0,0,0,16,365,125,5,-1,1.0000,75
Orange,5,scott,5,4,basketball,Orange,phil,1,1,force_destroyed,222,7.40,False,208,126,832,96,832,7,230,125,0,208,0.6882,-1
Orange,5,scott,5,4,basketball,Orange,phil,2,1,force_destroyed,307,10.23,False,125,113,500,39,500,9,260,125,0,250,0.8206,-1
Orange,5,scott,5,4,basketball,Orange,phil,3,1,castle_destroyed,2243,74.77,False,91,91,364,26,364,10,275,125,0,273,0.9106,317
Orange,5,scott,5,4,basketball,Orange,phil,5,1,castle_destroyed,1266,42.20,False,69,69,276,16,276,12,305,125,0,343,1.0000,184
Orange,5,scott,5,4,basketball,Orange,phil,10,1,castle_destroyed,872,29.07,False,46,46,184,8,184,16,365,125,0,453,1.0000,146
Orange,5,scott,5,4,basketball,Orange,phil,15,1,castle_destroyed,751,25.03,False,37,37,148,5,148,19,410,125,0,553,1.0000,128
Orange,5,scott,5,4,basketball,Orange,phil,20,1,castle_destroyed,792,26.40,False,34,34,136,4,136,23,470,125,0,673,1.0000,121
Orange,5,scott,5,4,basketball,Orange,phil,30,1,castle_destroyed,616,20.53,False,21,21,84,2,0,21,440,125,5,-1,1.0000,116
Orange,5,scott,5,4,basketball,Orange,phil,45,1,castle_destroyed,564,18.80,False,13,13,52,2,0,19,410,125,5,-1,1.0000,115
Orange,5,scott,5,4,basketball,Orange,phil,60,1,castle_destroyed,595,19.83,False,10,10,40,1,0,20,425,125,5,-1,1.0000,109
Orange,5,scott,5,4,basketball,Orange,phil,90,1,castle_destroyed,523,17.43,False,6,6,24,1,0,18,395,125,5,-1,1.0000,109
Orange,5,scott,5,4,basketball,Orange,phil,120,1,castle_destroyed,511,17.03,False,5,5,20,1,0,18,395,125,5,-1,1.0000,105
Orange,6,zander,0,4,basketball,Orange,phil,0,1,castle_destroyed,534,17.80,False,0,0,0,0,0,18,270,0,0,-1,0.0000,75
Orange,6,zander,0,4,basketball,Orange,phil,1,1,survived_horizon,36000,1200.00,True,36000,35795,144000,212,0,1200,18000,0,0,-1,0.0000,-1
Orange,6,zander,0,4,basketball,Orange,phil,2,1,survived_horizon,36000,1200.00,True,18000,17897,72000,109,0,1200,18000,0,0,-1,0.0000,-1
Orange,6,zander,0,4,basketball,Orange,phil,3,1,survived_horizon,36000,1200.00,True,12000,11934,48000,71,0,1200,18000,0,0,-1,0.0000,-1
Orange,6,zander,0,4,basketball,Orange,phil,5,1,survived_horizon,36000,1200.00,True,7200,7163,28800,43,0,1200,18000,0,0,-1,0.0000,-1
Orange,6,zander,0,4,basketball,Orange,phil,10,1,castle_destroyed,4545,151.50,False,455,454,1820,8,0,152,2280,0,0,-1,0.0000,314
Orange,6,zander,0,4,basketball,Orange,phil,15,1,castle_destroyed,1489,49.63,False,100,99,400,5,0,50,750,0,0,-1,0.0000,160
Orange,6,zander,0,4,basketball,Orange,phil,20,1,castle_destroyed,1704,56.80,False,86,85,344,4,0,57,855,0,0,-1,0.0000,147
Orange,6,zander,0,4,basketball,Orange,phil,30,1,castle_destroyed,875,29.17,False,30,29,120,2,0,30,450,0,0,-1,0.0000,117
Orange,6,zander,0,4,basketball,Orange,phil,45,1,castle_destroyed,775,25.83,False,18,17,72,2,0,26,390,0,0,-1,0.0000,116
Orange,6,zander,0,4,basketball,Orange,phil,60,1,castle_destroyed,784,26.13,False,14,13,56,1,0,27,405,0,0,-1,0.0000,109
Orange,6,zander,0,4,basketball,Orange,phil,90,1,castle_destroyed,622,20.73,False,7,7,28,1,0,21,315,0,0,-1,0.0000,109
Orange,6,zander,0,4,basketball,Orange,phil,120,1,castle_destroyed,594,19.80,False,5,5,20,1,0,20,300,0,0,-1,0.0000,105
Orange,6,zander,1,0,-,Orange,phil,0,1,castle_destroyed,4470,149.00,False,0,0,0,0,0,0,146,146,1,-1,1.0000,123
Orange,6,zander,1,0,-,Orange,phil,1,1,force_destroyed,255,8.50,False,255,156,1020,108,1020,0,146,146,0,255,0.6459,-1
Orange,6,zander,1,0,-,Orange,phil,2,1,force_destroyed,376,12.53,False,188,161,752,51,752,0,146,146,0,376,0.7888,-1
Orange,6,zander,1,0,-,Orange,phil,3,1,force_destroyed,569,18.97,False,190,182,760,31,760,0,146,146,0,569,0.9453,-1
Orange,6,zander,1,0,-,Orange,phil,5,1,force_destroyed,938,31.27,False,188,185,752,17,752,0,146,146,0,938,1.0000,-1
Orange,6,zander,1,0,-,Orange,phil,10,1,force_destroyed,2013,67.10,False,202,200,808,8,808,0,146,146,0,2013,1.0000,241
Orange,6,zander,1,0,-,Orange,phil,15,1,force_destroyed,3058,101.93,False,204,203,816,6,816,0,146,146,0,3058,1.0000,143
Orange,6,zander,1,0,-,Orange,phil,20,1,force_destroyed,4133,137.77,False,207,206,828,4,828,0,146,146,0,4133,1.0000,141
Orange,6,zander,1,0,-,Orange,phil,30,1,castle_destroyed,5883,196.10,False,197,196,788,3,0,0,146,146,1,-1,1.0000,128
Orange,6,zander,1,0,-,Orange,phil,45,1,castle_destroyed,5342,178.07,False,119,119,476,2,0,0,146,146,1,-1,1.0000,127
Orange,6,zander,1,0,-,Orange,phil,60,1,castle_destroyed,5082,169.40,False,85,85,340,2,0,0,146,146,1,-1,1.0000,125
Orange,6,zander,1,0,-,Orange,phil,90,1,castle_destroyed,4867,162.23,False,55,54,220,1,0,0,146,146,1,-1,1.0000,126
Orange,6,zander,1,0,-,Orange,phil,120,1,castle_destroyed,4744,158.13,False,40,40,160,1,0,0,146,146,1,-1,1.0000,124
Orange,6,zander,1,4,basketball,Orange,phil,0,1,castle_destroyed,513,17.10,False,0,0,0,0,0,18,416,146,1,-1,1.0000,75
Orange,6,zander,1,4,basketball,Orange,phil,1,1,force_destroyed,310,10.33,False,275,209,1100,98,1100,10,296,146,0,275,0.6753,-1
Orange,6,zander,1,4,basketball,Orange,phil,2,1,force_destroyed,525,17.50,False,239,232,956,40,956,16,386,146,0,478,0.9000,-1
Orange,6,zander,1,4,basketball,Orange,phil,3,1,castle_destroyed,1686,56.20,False,235,235,940,27,940,24,506,146,0,703,1.0000,564
Orange,6,zander,1,4,basketball,Orange,phil,5,1,castle_destroyed,1926,64.20,False,259,259,1036,16,1036,44,806,146,0,1293,1.0000,199
Orange,6,zander,1,4,basketball,Orange,phil,10,1,castle_destroyed,2246,74.87,False,225,224,900,8,0,75,1271,146,1,-1,1.0000,147
Orange,6,zander,1,4,basketball,Orange,phil,15,1,castle_destroyed,1182,39.40,False,79,78,316,5,0,40,746,146,1,-1,1.0000,130
Orange,6,zander,1,4,basketball,Orange,phil,20,1,castle_destroyed,1286,42.87,False,65,64,260,4,0,43,791,146,1,-1,1.0000,126
Orange,6,zander,1,4,basketball,Orange,phil,30,1,castle_destroyed,766,25.53,False,26,26,104,2,0,26,536,146,1,-1,1.0000,117
Orange,6,zander,1,4,basketball,Orange,phil,45,1,castle_destroyed,685,22.83,False,16,15,64,2,0,23,491,146,1,-1,1.0000,116
Orange,6,zander,1,4,basketball,Orange,phil,60,1,castle_destroyed,724,24.13,False,13,12,52,1,0,25,521,146,1,-1,1.0000,109
Orange,6,zander,1,4,basketball,Orange,phil,90,1,castle_destroyed,595,19.83,False,7,7,28,1,0,20,446,146,1,-1,1.0000,109
Orange,6,zander,1,4,basketball,Orange,phil,120,1,castle_destroyed,571,19.03,False,5,5,20,1,0,20,446,146,1,-1,1.0000,105
Orange,6,zander,2,0,-,Orange,phil,0,1,castle_destroyed,2309,76.97,False,0,0,0,0,0,0,292,292,2,-1,1.0000,123
Orange,6,zander,2,0,-,Orange,phil,1,1,force_destroyed,404,13.47,False,404,311,1616,93,1616,0,292,292,0,404,0.6459,-1
Orange,6,zander,2,0,-,Orange,phil,2,1,force_destroyed,625,20.83,False,313,307,1252,42,1252,0,292,292,0,625,1.0000,-1
Orange,6,zander,2,0,-,Orange,phil,3,1,force_destroyed,823,27.43,False,275,270,1100,28,1100,0,292,292,0,823,1.0000,627
Orange,6,zander,2,0,-,Orange,phil,5,1,force_destroyed,1265,42.17,False,253,248,1012,17,1012,0,292,292,0,1265,1.0000,241
Orange,6,zander,2,0,-,Orange,phil,10,1,force_destroyed,2413,80.43,False,242,240,968,8,968,0,292,292,0,2413,1.0000,168
Orange,6,zander,2,0,-,Orange,phil,15,1,castle_destroyed,3145,104.83,False,210,209,840,6,0,0,292,292,2,-1,1.0000,143
Orange,6,zander,2,0,-,Orange,phil,20,1,castle_destroyed,3248,108.27,False,163,162,652,4,0,0,292,292,2,-1,1.0000,141
Orange,6,zander,2,0,-,Orange,phil,30,1,castle_destroyed,2639,87.97,False,88,88,352,3,0,0,292,292,2,-1,1.0000,128
Orange,6,zander,2,0,-,Orange,phil,45,1,castle_destroyed,2526,84.20,False,57,56,228,2,0,0,292,292,2,-1,1.0000,127
Orange,6,zander,2,0,-,Orange,phil,60,1,castle_destroyed,2603,86.77,False,44,44,176,2,0,0,292,292,2,-1,1.0000,125
Orange,6,zander,2,0,-,Orange,phil,90,1,castle_destroyed,2400,80.00,False,27,27,108,1,0,0,292,292,2,-1,1.0000,126
Orange,6,zander,2,0,-,Orange,phil,120,1,castle_destroyed,2378,79.27,False,20,20,80,1,0,0,292,292,2,-1,1.0000,124
Orange,6,zander,2,4,basketball,Orange,phil,0,1,castle_destroyed,495,16.50,False,0,0,0,0,0,17,547,292,2,-1,1.0000,75
Orange,6,zander,2,4,basketball,Orange,phil,1,1,force_destroyed,468,15.60,False,425,355,1700,84,1700,15,517,292,0,425,0.6753,-1
Orange,6,zander,2,4,basketball,Orange,phil,2,1,castle_destroyed,2579,85.97,False,311,311,1244,40,1244,21,607,292,0,621,1.0000,586
Orange,6,zander,2,4,basketball,Orange,phil,3,1,castle_destroyed,1803,60.10,False,281,281,1124,27,1124,29,727,292,0,841,1.0000,360
Orange,6,zander,2,4,basketball,Orange,phil,5,1,castle_destroyed,1818,60.60,False,271,271,1084,16,1084,46,982,292,0,1353,1.0000,181
Orange,6,zander,2,4,basketball,Orange,phil,10,1,castle_destroyed,1646,54.87,False,165,164,660,8,0,55,1117,292,2,-1,1.0000,147
Orange,6,zander,2,4,basketball,Orange,phil,15,1,castle_destroyed,1000,33.33,False,67,66,268,5,0,34,802,292,2,-1,1.0000,130
Orange,6,zander,2,4,basketball,Orange,phil,20,1,castle_destroyed,1044,34.80,False,53,52,212,4,0,35,817,292,2,-1,1.0000,126
Orange,6,zander,2,4,basketball,Orange,phil,30,1,castle_destroyed,705,23.50,False,24,24,96,2,0,24,652,292,2,-1,1.0000,117
Orange,6,zander,2,4,basketball,Orange,phil,45,1,castle_destroyed,640,21.33,False,15,14,60,2,0,22,622,292,2,-1,1.0000,116
Orange,6,zander,2,4,basketball,Orange,phil,60,1,castle_destroyed,664,22.13,False,12,11,48,1,0,23,637,292,2,-1,1.0000,109
Orange,6,zander,2,4,basketball,Orange,phil,90,1,castle_destroyed,550,18.33,False,7,6,28,1,0,19,577,292,2,-1,1.0000,109
Orange,6,zander,2,4,basketball,Orange,phil,120,1,castle_destroyed,553,18.43,False,5,5,20,1,0,19,577,292,2,-1,1.0000,105
Orange,6,zander,3,0,-,Orange,phil,0,1,castle_destroyed,1600,53.33,False,0,0,0,0,0,0,438,438,3,-1,1.0000,123
Orange,6,zander,3,0,-,Orange,phil,1,1,force_destroyed,434,14.47,False,434,341,1736,93,1736,0,438,438,0,434,0.6459,-1
Orange,6,zander,3,0,-,Orange,phil,2,1,force_destroyed,659,21.97,False,330,322,1320,42,1320,0,438,438,0,659,1.0000,-1
Orange,6,zander,3,0,-,Orange,phil,3,1,force_destroyed,874,29.13,False,292,287,1168,28,1168,0,438,438,0,874,1.0000,426
Orange,6,zander,3,0,-,Orange,phil,5,1,force_destroyed,1325,44.17,False,265,260,1060,17,1060,0,438,438,0,1325,1.0000,241
Orange,6,zander,3,0,-,Orange,phil,10,1,force_destroyed,2513,83.77,False,252,250,1008,8,1008,0,438,438,0,2513,1.0000,168
Orange,6,zander,3,0,-,Orange,phil,15,1,castle_destroyed,1981,66.03,False,133,132,532,6,0,0,438,438,3,-1,1.0000,143
Orange,6,zander,3,0,-,Orange,phil,20,1,castle_destroyed,1899,63.30,False,95,95,380,4,0,0,438,438,3,-1,1.0000,141
Orange,6,zander,3,0,-,Orange,phil,30,1,castle_destroyed,1762,58.73,False,59,59,236,3,0,0,438,438,3,-1,1.0000,128
Orange,6,zander,3,0,-,Orange,phil,45,1,castle_destroyed,1702,56.73,False,38,38,152,2,0,0,438,438,3,-1,1.0000,127
Orange,6,zander,3,0,-,Orange,phil,60,1,castle_destroyed,1707,56.90,False,29,29,116,2,0,0,438,438,3,-1,1.0000,125
Orange,6,zander,3,0,-,Orange,phil,90,1,castle_destroyed,1639,54.63,False,19,19,76,1,0,0,438,438,3,-1,1.0000,126
Orange,6,zander,3,0,-,Orange,phil,120,1,castle_destroyed,1630,54.33,False,14,14,56,1,0,0,438,438,3,-1,1.0000,124
Orange,6,zander,3,4,basketball,Orange,phil,0,1,castle_destroyed,477,15.90,False,0,0,0,0,0,16,678,438,3,-1,1.0000,75
Orange,6,zander,3,4,basketball,Orange,phil,1,1,force_destroyed,504,16.80,False,456,389,1824,83,1824,16,678,438,0,456,0.6753,-1
Orange,6,zander,3,4,basketball,Orange,phil,2,1,castle_destroyed,2616,87.20,False,331,331,1324,40,1324,23,783,438,0,661,1.0000,526
Orange,6,zander,3,4,basketball,Orange,phil,3,1,castle_destroyed,1728,57.60,False,295,295,1180,27,1180,30,888,438,0,883,1.0000,300
Orange,6,zander,3,4,basketball,Orange,phil,5,1,castle_destroyed,1743,58.10,False,282,282,1128,16,1128,47,1143,438,0,1408,1.0000,181
Orange,6,zander,3,4,basketball,Orange,phil,10,1,castle_destroyed,1261,42.03,False,127,125,508,8,0,43,1083,438,3,-1,1.0000,147
Orange,6,zander,3,4,basketball,Orange,phil,15,1,castle_destroyed,859,28.63,False,58,57,232,5,0,29,873,438,3,-1,1.0000,130
Orange,6,zander,3,4,basketball,Orange,phil,20,1,castle_destroyed,884,29.47,False,45,44,180,4,0,30,888,438,3,-1,1.0000,126
Orange,6,zander,3,4,basketball,Orange,phil,30,1,castle_destroyed,655,21.83,False,22,22,88,2,0,22,768,438,3,-1,1.0000,117
Orange,6,zander,3,4,basketball,Orange,phil,45,1,castle_destroyed,595,19.83,False,14,13,56,2,0,20,738,438,3,-1,1.0000,116
Orange,6,zander,3,4,basketball,Orange,phil,60,1,castle_destroyed,624,20.80,False,11,11,44,1,0,21,753,438,3,-1,1.0000,109
Orange,6,zander,3,4,basketball,Orange,phil,90,1,castle_destroyed,533,17.77,False,6,6,24,1,0,18,708,438,3,-1,1.0000,109
Orange,6,zander,3,4,basketball,Orange,phil,120,1,castle_destroyed,535,17.83,False,5,5,20,1,0,18,708,438,3,-1,1.0000,105
Orange,6,zander,4,0,-,Orange,phil,0,1,castle_destroyed,1252,41.73,False,0,0,0,0,0,0,584,584,4,-1,1.0000,123
Orange,6,zander,4,0,-,Orange,phil,1,1,force_destroyed,464,15.47,False,464,371,1856,93,1856,0,584,584,0,464,0.6459,-1
Orange,6,zander,4,0,-,Orange,phil,2,1,force_destroyed,679,22.63,False,340,331,1360,42,1360,0,584,584,0,679,1.0000,572
Orange,6,zander,4,0,-,Orange,phil,3,1,force_destroyed,922,30.73,False,308,302,1232,28,1232,0,584,584,0,922,1.0000,351
Orange,6,zander,4,0,-,Orange,phil,5,1,force_destroyed,1385,46.17,False,277,272,1108,17,1108,0,584,584,0,1385,1.0000,241
Orange,6,zander,4,0,-,Orange,phil,10,1,castle_destroyed,1702,56.73,False,171,169,684,8,0,0,584,584,4,-1,1.0000,168
Orange,6,zander,4,0,-,Orange,phil,15,1,castle_destroyed,1486,49.53,False,100,99,400,6,0,0,584,584,4,-1,1.0000,143
Orange,6,zander,4,0,-,Orange,phil,20,1,castle_destroyed,1425,47.50,False,72,71,288,4,0,0,584,584,4,-1,1.0000,141
Orange,6,zander,4,0,-,Orange,phil,30,1,castle_destroyed,1324,44.13,False,45,44,180,3,0,0,584,584,4,-1,1.0000,128
Orange,6,zander,4,0,-,Orange,phil,45,1,castle_destroyed,1310,43.67,False,30,29,120,2,0,0,584,584,4,-1,1.0000,127
Orange,6,zander,4,0,-,Orange,phil,60,1,castle_destroyed,1303,43.43,False,22,22,88,2,0,0,584,584,4,-1,1.0000,125
Orange,6,zander,4,0,-,Orange,phil,90,1,castle_destroyed,1275,42.50,False,15,15,60,1,0,0,584,584,4,-1,1.0000,126
Orange,6,zander,4,0,-,Orange,phil,120,1,castle_destroyed,1270,42.33,False,11,11,44,1,0,0,584,584,4,-1,1.0000,124
Orange,6,zander,4,4,basketball,Orange,phil,0,1,castle_destroyed,465,15.50,False,0,0,0,0,0,16,824,584,4,-1,1.0000,75
Orange,6,zander,4,4,basketball,Orange,phil,1,1,force_destroyed,534,17.80,False,486,419,1944,83,1944,17,839,584,0,486,0.6753,-1
Orange,6,zander,4,4,basketball,Orange,phil,2,1,castle_destroyed,2610,87.00,False,350,350,1400,40,1400,24,944,584,0,699,1.0000,504
Orange,6,zander,4,4,basketball,Orange,phil,3,1,castle_destroyed,2007,66.90,False,310,310,1240,27,1240,31,1049,584,0,928,1.0000,282
Orange,6,zander,4,4,basketball,Orange,phil,5,1,castle_destroyed,1539,51.30,False,288,288,1152,16,1152,48,1304,584,0,1438,1.0000,181
Orange,6,zander,4,4,basketball,Orange,phil,10,1,castle_destroyed,1027,34.23,False,103,102,412,8,0,35,1109,584,4,-1,1.0000,147
Orange,6,zander,4,4,basketball,Orange,phil,15,1,castle_destroyed,771,25.70,False,52,51,208,5,0,26,974,584,4,-1,1.0000,130
Orange,6,zander,4,4,basketball,Orange,phil,20,1,castle_destroyed,786,26.20,False,40,39,160,4,0,27,989,584,4,-1,1.0000,126
Orange,6,zander,4,4,basketball,Orange,phil,30,1,castle_destroyed,616,20.53,False,21,21,84,2,0,21,899,584,4,-1,1.0000,117
Orange,6,zander,4,4,basketball,Orange,phil,45,1,castle_destroyed,566,18.87,False,13,13,52,2,0,19,869,584,4,-1,1.0000,116
Orange,6,zander,4,4,basketball,Orange,phil,60,1,castle_destroyed,595,19.83,False,10,10,40,1,0,20,884,584,4,-1,1.0000,109
Orange,6,zander,4,4,basketball,Orange,phil,90,1,castle_destroyed,523,17.43,False,6,6,24,1,0,18,854,584,4,-1,1.0000,109
Orange,6,zander,4,4,basketball,Orange,phil,120,1,castle_destroyed,508,16.93,False,5,5,20,1,0,17,839,584,4,-1,1.0000,105
Orange,6,zander,5,0,-,Orange,phil,0,1,castle_destroyed,1049,34.97,False,0,0,0,0,0,0,730,730,5,-1,1.0000,123
Orange,6,zander,5,0,-,Orange,phil,1,1,force_destroyed,494,16.47,False,494,401,1976,93,1976,0,730,730,0,494,0.6459,-1
Orange,6,zander,5,0,-,Orange,phil,2,1,force_destroyed,717,23.90,False,359,352,1436,42,1436,0,730,730,0,717,1.0000,564
Orange,6,zander,5,0,-,Orange,phil,3,1,force_destroyed,943,31.43,False,315,309,1260,28,1260,0,730,730,0,943,1.0000,311
Orange,6,zander,5,0,-,Orange,phil,5,1,force_destroyed,1435,47.83,False,287,282,1148,17,1148,0,730,730,0,1435,1.0000,241
Orange,6,zander,5,0,-,Orange,phil,10,1,castle_destroyed,1296,43.20,False,130,129,520,8,0,0,730,730,5,-1,1.0000,168
Orange,6,zander,5,0,-,Orange,phil,15,1,castle_destroyed,1205,40.17,False,81,80,324,6,0,0,730,730,5,-1,1.0000,143
Orange,6,zander,5,0,-,Orange,phil,20,1,castle_destroyed,1146,38.20,False,58,57,232,4,0,0,730,730,5,-1,1.0000,141
Orange,6,zander,5,0,-,Orange,phil,30,1,castle_destroyed,1097,36.57,False,37,37,148,3,0,0,730,730,5,-1,1.0000,128
Orange,6,zander,5,0,-,Orange,phil,45,1,castle_destroyed,1086,36.20,False,25,24,100,2,0,0,730,730,5,-1,1.0000,127
Orange,6,zander,5,0,-,Orange,phil,60,1,castle_destroyed,1077,35.90,False,18,18,72,2,0,0,730,730,5,-1,1.0000,125
Orange,6,zander,5,0,-,Orange,phil,90,1,castle_destroyed,1064,35.47,False,12,12,48,1,0,0,730,730,5,-1,1.0000,126
Orange,6,zander,5,0,-,Orange,phil,120,1,castle_destroyed,1063,35.43,False,9,9,36,1,0,0,730,730,5,-1,1.0000,124
Orange,6,zander,5,4,basketball,Orange,phil,0,1,castle_destroyed,453,15.10,False,0,0,0,0,0,16,970,730,5,-1,1.0000,75
Orange,6,zander,5,4,basketball,Orange,phil,1,1,force_destroyed,564,18.80,False,516,449,2064,83,2064,18,1000,730,0,516,0.6753,-1
Orange,6,zander,5,4,basketball,Orange,phil,2,1,castle_destroyed,1983,66.10,False,367,367,1468,40,1468,25,1105,730,0,733,1.0000,504
Orange,6,zander,5,4,basketball,Orange,phil,3,1,castle_destroyed,1899,63.30,False,330,330,1320,27,1320,33,1225,730,0,988,1.0000,282
Orange,6,zander,5,4,basketball,Orange,phil,5,1,castle_destroyed,1227,40.90,False,246,243,984,16,0,41,1345,730,5,-1,1.0000,181
Orange,6,zander,5,4,basketball,Orange,phil,10,1,castle_destroyed,885,29.50,False,89,88,356,8,0,30,1180,730,5,-1,1.0000,147
Orange,6,zander,5,4,basketball,Orange,phil,15,1,castle_destroyed,709,23.63,False,48,47,192,5,0,24,1090,730,5,-1,1.0000,130
Orange,6,zander,5,4,basketball,Orange,phil,20,1,castle_destroyed,717,23.90,False,36,36,144,4,0,24,1090,730,5,-1,1.0000,126
Orange,6,zander,5,4,basketball,Orange,phil,30,1,castle_destroyed,586,19.53,False,20,20,80,2,0,20,1030,730,5,-1,1.0000,117
Orange,6,zander,5,4,basketball,Orange,phil,45,1,castle_destroyed,541,18.03,False,13,12,52,2,0,19,1015,730,5,-1,1.0000,116
Orange,6,zander,5,4,basketball,Orange,phil,60,1,castle_destroyed,563,18.77,False,10,10,40,1,0,19,1015,730,5,-1,1.0000,109
Orange,6,zander,5,4,basketball,Orange,phil,90,1,castle_destroyed,505,16.83,False,6,6,24,1,0,17,985,730,5,-1,1.0000,109
Orange,6,zander,5,4,basketball,Orange,phil,120,1,castle_destroyed,486,16.20,False,5,4,20,1,0,17,985,730,5,-1,1.0000,105
Orange,7,tiger,0,4,basketball,Orange,phil,0,1,castle_destroyed,534,17.80,False,0,0,0,0,0,18,270,0,0,-1,0.0000,75
Orange,7,tiger,0,4,basketball,Orange,phil,1,1,survived_horizon,36000,1200.00,True,36000,35795,144000,212,0,1200,18000,0,0,-1,0.0000,-1
Orange,7,tiger,0,4,basketball,Orange,phil,2,1,survived_horizon,36000,1200.00,True,18000,17897,72000,109,0,1200,18000,0,0,-1,0.0000,-1
Orange,7,tiger,0,4,basketball,Orange,phil,3,1,survived_horizon,36000,1200.00,True,12000,11934,48000,71,0,1200,18000,0,0,-1,0.0000,-1
Orange,7,tiger,0,4,basketball,Orange,phil,5,1,survived_horizon,36000,1200.00,True,7200,7163,28800,43,0,1200,18000,0,0,-1,0.0000,-1
Orange,7,tiger,0,4,basketball,Orange,phil,10,1,castle_destroyed,4545,151.50,False,455,454,1820,8,0,152,2280,0,0,-1,0.0000,314
Orange,7,tiger,0,4,basketball,Orange,phil,15,1,castle_destroyed,1489,49.63,False,100,99,400,5,0,50,750,0,0,-1,0.0000,160
Orange,7,tiger,0,4,basketball,Orange,phil,20,1,castle_destroyed,1704,56.80,False,86,85,344,4,0,57,855,0,0,-1,0.0000,147
Orange,7,tiger,0,4,basketball,Orange,phil,30,1,castle_destroyed,875,29.17,False,30,29,120,2,0,30,450,0,0,-1,0.0000,117
Orange,7,tiger,0,4,basketball,Orange,phil,45,1,castle_destroyed,775,25.83,False,18,17,72,2,0,26,390,0,0,-1,0.0000,116
Orange,7,tiger,0,4,basketball,Orange,phil,60,1,castle_destroyed,784,26.13,False,14,13,56,1,0,27,405,0,0,-1,0.0000,109
Orange,7,tiger,0,4,basketball,Orange,phil,90,1,castle_destroyed,622,20.73,False,7,7,28,1,0,21,315,0,0,-1,0.0000,109
Orange,7,tiger,0,4,basketball,Orange,phil,120,1,castle_destroyed,594,19.80,False,5,5,20,1,0,20,300,0,0,-1,0.0000,105
Orange,7,tiger,1,0,-,Orange,phil,0,1,castle_destroyed,888,29.60,False,0,0,0,0,0,0,1673,1673,1,-1,1.0000,426
Orange,7,tiger,1,0,-,Orange,phil,1,1,force_destroyed,1498,49.93,False,1498,1289,5992,284,5992,0,1673,1673,0,1498,0.3271,-1
Orange,7,tiger,1,0,-,Orange,phil,2,1,force_destroyed,1628,54.27,False,814,705,3256,145,3256,0,1673,1673,0,1628,0.3282,-1
Orange,7,tiger,1,0,-,Orange,phil,3,1,force_destroyed,2116,70.53,False,706,631,2824,96,2824,0,1673,1673,0,2116,0.3294,-1
Orange,7,tiger,1,0,-,Orange,phil,5,1,force_destroyed,2417,80.57,False,484,439,1936,60,1936,0,1673,1673,0,2417,0.3335,-1
Orange,7,tiger,1,0,-,Orange,phil,10,1,force_destroyed,4134,137.80,False,414,396,1656,22,1656,0,1673,1673,0,4134,0.3441,-1
Orange,7,tiger,1,0,-,Orange,phil,15,1,force_destroyed,6702,223.40,False,447,444,1788,14,1788,0,1673,1673,0,6702,0.9953,-1
Orange,7,tiger,1,0,-,Orange,phil,20,1,force_destroyed,8155,271.83,False,408,404,1632,10,1632,0,1673,1673,0,8155,1.0000,-1
Orange,7,tiger,1,0,-,Orange,phil,30,1,force_destroyed,13795,459.83,False,460,458,1840,7,1840,0,1673,1673,0,13795,1.0000,-1
Orange,7,tiger,1,0,-,Orange,phil,45,1,force_destroyed,20232,674.40,True,450,449,1800,5,1800,0,1673,1673,0,20232,1.0000,-1
Orange,7,tiger,1,0,-,Orange,phil,60,1,force_destroyed,27295,909.83,True,455,454,1820,3,1820,0,1673,1673,0,27295,1.0000,-1
Orange,7,tiger,1,0,-,Orange,phil,90,1,castle_destroyed,2252,75.07,False,26,25,104,2,0,0,1673,1673,1,-1,1.0000,536
Orange,7,tiger,1,0,-,Orange,phil,120,1,castle_destroyed,1532,51.07,False,13,13,52,2,0,0,1673,1673,1,-1,1.0000,456
Orange,7,tiger,1,4,basketball,Orange,phil,0,1,castle_destroyed,492,16.40,False,0,0,0,0,0,17,1928,1673,1,-1,1.0000,75
Orange,7,tiger,1,4,basketball,Orange,phil,1,1,force_destroyed,1874,62.47,False,1859,1685,7436,216,7436,62,2603,1673,0,1859,0.3624,-1
Orange,7,tiger,1,4,basketball,Orange,phil,2,1,force_destroyed,2732,91.07,False,1363,1273,5452,100,5452,91,3038,1673,0,2725,0.3918,-1
Orange,7,tiger,1,4,basketball,Orange,phil,3,1,force_destroyed,5084,169.47,False,1683,1647,6732,51,6732,169,4208,1673,0,5048,0.4500,-1
Orange,7,tiger,1,4,basketball,Orange,phil,5,1,castle_destroyed,4742,158.07,False,949,946,3796,28,0,159,4058,1673,1,-1,1.0000,1486
Orange,7,tiger,1,4,basketball,Orange,phil,10,1,castle_destroyed,822,27.40,False,83,81,332,8,0,28,2093,1673,1,-1,1.0000,314
Orange,7,tiger,1,4,basketball,Orange,phil,15,1,castle_destroyed,690,23.00,False,46,46,184,5,0,23,2018,1673,1,-1,1.0000,160
Orange,7,tiger,1,4,basketball,Orange,phil,20,1,castle_destroyed,726,24.20,False,37,36,148,4,0,25,2048,1673,1,-1,1.0000,147
Orange,7,tiger,1,4,basketball,Orange,phil,30,1,castle_destroyed,624,20.80,False,21,21,84,2,0,21,1988,1673,1,-1,1.0000,117
Orange,7,tiger,1,4,basketball,Orange,phil,45,1,castle_destroyed,568,18.93,False,13,13,52,2,0,19,1958,1673,1,-1,1.0000,116
Orange,7,tiger,1,4,basketball,Orange,phil,60,1,castle_destroyed,594,19.80,False,10,10,40,1,0,20,1973,1673,1,-1,1.0000,109
Orange,7,tiger,1,4,basketball,Orange,phil,90,1,castle_destroyed,540,18.00,False,6,6,24,1,0,18,1943,1673,1,-1,1.0000,109
Orange,7,tiger,1,4,basketball,Orange,phil,120,1,castle_destroyed,535,17.83,False,5,5,20,1,0,18,1943,1673,1,-1,1.0000,105
Orange,7,tiger,2,0,-,Orange,phil,0,1,castle_destroyed,654,21.80,False,0,0,0,0,0,0,3346,3346,2,-1,1.0000,426
Orange,7,tiger,2,0,-,Orange,phil,1,1,force_destroyed,1443,48.10,False,1443,1240,5772,284,5772,0,3346,3346,0,1443,0.3271,-1
Orange,7,tiger,2,0,-,Orange,phil,2,1,force_destroyed,2062,68.73,False,1031,916,4124,141,4124,0,3346,3346,0,2062,0.3282,-1
Orange,7,tiger,2,0,-,Orange,phil,3,1,force_destroyed,2177,72.57,False,726,658,2904,97,2904,0,3346,3346,0,2177,0.3294,-1
Orange,7,tiger,2,0,-,Orange,phil,5,1,force_destroyed,3178,105.93,False,636,589,2544,51,2544,0,3346,3346,0,3178,0.3335,-1
Orange,7,tiger,2,0,-,Orange,phil,10,1,force_destroyed,7088,236.27,False,709,706,2836,20,2836,0,3346,3346,0,7088,1.0000,4349
Orange,7,tiger,2,0,-,Orange,phil,15,1,castle_destroyed,5014,167.13,False,335,334,1340,12,0,0,3346,3346,2,-1,1.0000,2742
Orange,7,tiger,2,0,-,Orange,phil,20,1,castle_destroyed,4802,160.07,False,241,240,964,9,0,0,3346,3346,2,-1,1.0000,2522
Orange,7,tiger,2,0,-,Orange,phil,30,1,castle_destroyed,2042,68.07,False,69,68,276,6,0,0,3346,3346,2,-1,1.0000,1143
Orange,7,tiger,2,0,-,Orange,phil,45,1,castle_destroyed,1288,42.93,False,29,29,116,4,0,0,3346,3346,2,-1,1.0000,596
Orange,7,tiger,2,0,-,Orange,phil,60,1,castle_destroyed,970,32.33,False,17,16,68,3,0,0,3346,3346,2,-1,1.0000,466
Orange,7,tiger,2,0,-,Orange,phil,90,1,castle_destroyed,800,26.67,False,9,9,36,2,0,0,3346,3346,2,-1,1.0000,457
Orange,7,tiger,2,0,-,Orange,phil,120,1,castle_destroyed,852,28.40,False,8,7,32,2,0,0,3346,3346,2,-1,1.0000,456
Orange,7,tiger,2,4,basketball,Orange,phil,0,1,castle_destroyed,468,15.60,False,0,0,0,0,0,16,3586,3346,2,-1,1.0000,75
Orange,7,tiger,2,4,basketball,Orange,phil,1,1,force_destroyed,2053,68.43,False,2023,1862,8092,215,8092,68,4366,3346,0,2023,0.3624,-1
Orange,7,tiger,2,4,basketball,Orange,phil,2,1,force_destroyed,4311,143.70,False,2133,2092,8532,77,8532,143,5491,3346,0,4265,0.5794,-1
Orange,7,tiger,2,4,basketball,Orange,phil,3,1,castle_destroyed,5936,197.87,False,1979,1975,7916,50,0,198,6316,3346,2,-1,1.0000,3285
Orange,7,tiger,2,4,basketball,Orange,phil,5,1,castle_destroyed,2542,84.73,False,509,506,2036,27,0,85,4621,3346,2,-1,1.0000,1210
Orange,7,tiger,2,4,basketball,Orange,phil,10,1,castle_destroyed,654,21.80,False,66,65,264,8,0,22,3676,3346,2,-1,1.0000,314
Orange,7,tiger,2,4,basketball,Orange,phil,15,1,castle_destroyed,588,19.60,False,40,39,160,5,0,20,3646,3346,2,-1,1.0000,160
Orange,7,tiger,2,4,basketball,Orange,phil,20,1,castle_destroyed,588,19.60,False,30,29,120,4,0,20,3646,3346,2,-1,1.0000,147
Orange,7,tiger,2,4,basketball,Orange,phil,30,1,castle_destroyed,556,18.53,False,19,19,76,2,0,19,3631,3346,2,-1,1.0000,117
Orange,7,tiger,2,4,basketball,Orange,phil,45,1,castle_destroyed,522,17.40,False,12,12,48,2,0,18,3616,3346,2,-1,1.0000,116
Orange,7,tiger,2,4,basketball,Orange,phil,60,1,castle_destroyed,526,17.53,False,9,9,36,1,0,18,3616,3346,2,-1,1.0000,109
Orange,7,tiger,2,4,basketball,Orange,phil,90,1,castle_destroyed,505,16.83,False,6,6,24,1,0,17,3601,3346,2,-1,1.0000,109
Orange,7,tiger,2,4,basketball,Orange,phil,120,1,castle_destroyed,492,16.40,False,5,4,20,1,0,17,3601,3346,2,-1,1.0000,105
Orange,7,tiger,3,0,-,Orange,phil,0,1,castle_destroyed,588,19.60,False,0,0,0,0,0,0,5019,5019,3,-1,1.0000,426
Orange,7,tiger,3,0,-,Orange,phil,1,1,force_destroyed,1580,52.67,False,1580,1381,6320,276,6320,0,5019,5019,0,1580,0.3271,-1
Orange,7,tiger,3,0,-,Orange,phil,2,1,force_destroyed,1904,63.47,False,952,840,3808,141,3808,0,5019,5019,0,1904,0.3282,-1
Orange,7,tiger,3,0,-,Orange,phil,3,1,force_destroyed,2682,89.40,False,894,816,3576,97,3576,0,5019,5019,0,2682,0.3294,-1
Orange,7,tiger,3,0,-,Orange,phil,5,1,force_destroyed,3917,130.57,False,784,755,3136,39,3136,0,5019,5019,0,3917,0.4571,-1
Orange,7,tiger,3,0,-,Orange,phil,10,1,castle_destroyed,7162,238.73,False,717,715,2868,20,0,0,5019,5019,3,-1,1.0000,3069
Orange,7,tiger,3,0,-,Orange,phil,15,1,castle_destroyed,3030,101.00,False,202,202,808,12,0,0,5019,5019,3,-1,1.0000,1388
Orange,7,tiger,3,0,-,Orange,phil,20,1,castle_destroyed,1749,58.30,False,88,87,352,9,0,0,5019,5019,3,-1,1.0000,1089
Orange,7,tiger,3,0,-,Orange,phil,30,1,castle_destroyed,1149,38.30,False,39,38,156,6,0,0,5019,5019,3,-1,1.0000,602
Orange,7,tiger,3,0,-,Orange,phil,45,1,castle_destroyed,770,25.67,False,18,17,72,4,0,0,5019,5019,3,-1,1.0000,493
Orange,7,tiger,3,0,-,Orange,phil,60,1,castle_destroyed,706,23.53,False,12,12,48,3,0,0,5019,5019,3,-1,1.0000,466
Orange,7,tiger,3,0,-,Orange,phil,90,1,castle_destroyed,668,22.27,False,8,8,32,2,0,0,5019,5019,3,-1,1.0000,457
Orange,7,tiger,3,0,-,Orange,phil,120,1,castle_destroyed,654,21.80,False,6,6,24,2,0,0,5019,5019,3,-1,1.0000,456
Orange,7,tiger,3,4,basketball,Orange,phil,0,1,castle_destroyed,468,15.60,False,0,0,0,0,0,16,5259,5019,3,-1,1.0000,75
Orange,7,tiger,3,4,basketball,Orange,phil,1,1,force_destroyed,2683,89.43,False,2669,2494,10676,213,10676,89,6354,5019,0,2669,0.3624,-1
Orange,7,tiger,3,4,basketball,Orange,phil,2,1,force_destroyed,4399,146.63,False,2190,2141,8760,77,8760,146,7209,5019,0,4380,0.5771,-1
Orange,7,tiger,3,4,basketball,Orange,phil,3,1,castle_destroyed,3416,113.87,False,1139,1135,4556,50,0,114,6729,5019,3,-1,1.0000,2598
Orange,7,tiger,3,4,basketball,Orange,phil,5,1,castle_destroyed,1590,53.00,False,318,316,1272,27,0,53,5814,5019,3,-1,1.0000,1011
Orange,7,tiger,3,4,basketball,Orange,phil,10,1,castle_destroyed,588,19.60,False,59,58,236,8,0,20,5319,5019,3,-1,1.0000,314
Orange,7,tiger,3,4,basketball,Orange,phil,15,1,castle_destroyed,552,18.40,False,37,36,148,5,0,19,5304,5019,3,-1,1.0000,160
Orange,7,tiger,3,4,basketball,Orange,phil,20,1,castle_destroyed,552,18.40,False,28,27,112,4,0,19,5304,5019,3,-1,1.0000,147
Orange,7,tiger,3,4,basketball,Orange,phil,30,1,castle_destroyed,522,17.40,False,18,17,72,2,0,18,5289,5019,3,-1,1.0000,117
Orange,7,tiger,3,4,basketball,Orange,phil,45,1,castle_destroyed,496,16.53,False,12,11,48,2,0,17,5274,5019,3,-1,1.0000,116
Orange,7,tiger,3,4,basketball,Orange,phil,60,1,castle_destroyed,522,17.40,False,9,9,36,1,0,18,5289,5019,3,-1,1.0000,109
Orange,7,tiger,3,4,basketball,Orange,phil,90,1,castle_destroyed,492,16.40,False,6,6,24,1,0,17,5274,5019,3,-1,1.0000,109
Orange,7,tiger,3,4,basketball,Orange,phil,120,1,castle_destroyed,486,16.20,False,5,4,20,1,0,17,5274,5019,3,-1,1.0000,105
Orange,7,tiger,4,0,-,Orange,phil,0,1,castle_destroyed,558,18.60,False,0,0,0,0,0,0,6692,6692,4,-1,1.0000,426
Orange,7,tiger,4,0,-,Orange,phil,1,1,force_destroyed,1484,49.47,False,1484,1266,5936,250,5936,0,6692,6692,0,1484,0.3271,-1
Orange,7,tiger,4,0,-,Orange,phil,2,1,force_destroyed,2390,79.67,False,1195,1087,4780,140,4780,0,6692,6692,0,2390,0.3282,-1
Orange,7,tiger,4,0,-,Orange,phil,3,1,force_destroyed,2695,89.83,False,899,820,3596,87,3596,0,6692,6692,0,2695,0.3294,-1
Orange,7,tiger,4,0,-,Orange,phil,5,1,force_destroyed,4452,148.40,False,891,860,3564,39,3564,0,6692,6692,0,4452,0.6688,-1
Orange,7,tiger,4,0,-,Orange,phil,10,1,castle_destroyed,2799,93.30,False,280,279,1120,19,0,0,6692,6692,4,-1,1.0000,2170
Orange,7,tiger,4,0,-,Orange,phil,15,1,castle_destroyed,1734,57.80,False,116,115,464,12,0,0,6692,6692,4,-1,1.0000,1122
Orange,7,tiger,4,0,-,Orange,phil,20,1,castle_destroyed,1309,43.63,False,66,65,264,9,0,0,6692,6692,4,-1,1.0000,839
Orange,7,tiger,4,0,-,Orange,phil,30,1,castle_destroyed,788,26.27,False,27,26,108,6,0,0,6692,6692,4,-1,1.0000,528
Orange,7,tiger,4,0,-,Orange,phil,45,1,castle_destroyed,670,22.33,False,15,15,60,4,0,0,6692,6692,4,-1,1.0000,493
Orange,7,tiger,4,0,-,Orange,phil,60,1,castle_destroyed,640,21.33,False,11,11,44,3,0,0,6692,6692,4,-1,1.0000,466
Orange,7,tiger,4,0,-,Orange,phil,90,1,castle_destroyed,602,20.07,False,7,7,28,2,0,0,6692,6692,4,-1,1.0000,457
Orange,7,tiger,4,0,-,Orange,phil,120,1,castle_destroyed,588,19.60,False,5,5,20,2,0,0,6692,6692,4,-1,1.0000,456
Orange,7,tiger,4,4,basketball,Orange,phil,0,1,castle_destroyed,468,15.60,False,0,0,0,0,0,16,6932,6692,4,-1,1.0000,75
Orange,7,tiger,4,4,basketball,Orange,phil,1,1,force_destroyed,2353,78.43,False,2325,2164,9300,215,9300,78,7862,6692,0,2325,0.3624,-1
Orange,7,tiger,4,4,basketball,Orange,phil,2,1,force_destroyed,4441,148.03,False,2201,2171,8804,77,8804,147,8897,6692,0,4402,0.7353,-1
Orange,7,tiger,4,4,basketball,Orange,phil,3,1,castle_destroyed,3858,128.60,False,1286,1282,5144,50,0,129,8627,6692,4,-1,1.0000,2205
Orange,7,tiger,4,4,basketball,Orange,phil,5,1,castle_destroyed,1480,49.33,False,296,294,1184,27,0,50,7442,6692,4,-1,1.0000,889
Orange,7,tiger,4,4,basketball,Orange,phil,10,1,castle_destroyed,558,18.60,False,56,55,224,8,0,19,6977,6692,4,-1,1.0000,314
Orange,7,tiger,4,4,basketball,Orange,phil,15,1,castle_destroyed,522,17.40,False,35,34,140,5,0,18,6962,6692,4,-1,1.0000,160
Orange,7,tiger,4,4,basketball,Orange,phil,20,1,castle_destroyed,522,17.40,False,27,26,108,4,0,18,6962,6692,4,-1,1.0000,147
Orange,7,tiger,4,4,basketball,Orange,phil,30,1,castle_destroyed,516,17.20,False,18,17,72,2,0,18,6962,6692,4,-1,1.0000,117
Orange,7,tiger,4,4,basketball,Orange,phil,45,1,castle_destroyed,496,16.53,False,12,11,48,2,0,17,6947,6692,4,-1,1.0000,116
Orange,7,tiger,4,4,basketball,Orange,phil,60,1,castle_destroyed,516,17.20,False,9,9,36,1,0,18,6962,6692,4,-1,1.0000,109
Orange,7,tiger,4,4,basketball,Orange,phil,90,1,castle_destroyed,492,16.40,False,6,6,24,1,0,17,6947,6692,4,-1,1.0000,109
Orange,7,tiger,4,4,basketball,Orange,phil,120,1,castle_destroyed,486,16.20,False,5,4,20,1,0,17,6947,6692,4,-1,1.0000,105
Orange,7,tiger,5,0,-,Orange,phil,0,1,castle_destroyed,552,18.40,False,0,0,0,0,0,0,8365,8365,5,-1,1.0000,426
Orange,7,tiger,5,0,-,Orange,phil,1,1,force_destroyed,1775,59.17,False,1775,1586,7100,278,7100,0,8365,8365,0,1775,0.3271,-1
Orange,7,tiger,5,0,-,Orange,phil,2,1,force_destroyed,2753,91.77,False,1377,1262,5508,139,5508,0,8365,8365,0,2753,0.3282,-1
Orange,7,tiger,5,0,-,Orange,phil,3,1,force_destroyed,2729,90.97,False,910,832,3640,96,3640,0,8365,8365,0,2729,0.3600,-1
Orange,7,tiger,5,0,-,Orange,phil,5,1,force_destroyed,4186,139.53,False,838,805,3352,39,3352,0,8365,8365,0,4186,0.6035,-1
Orange,7,tiger,5,0,-,Orange,phil,10,1,castle_destroyed,2542,84.73,False,255,253,1020,19,0,0,8365,8365,5,-1,1.0000,1371
Orange,7,tiger,5,0,-,Orange,phil,15,1,castle_destroyed,1285,42.83,False,86,85,344,12,0,0,8365,8365,5,-1,1.0000,955
Orange,7,tiger,5,0,-,Orange,phil,20,1,castle_destroyed,830,27.67,False,42,41,168,9,0,0,8365,8365,5,-1,1.0000,566
Orange,7,tiger,5,0,-,Orange,phil,30,1,castle_destroyed,680,22.67,False,23,23,92,6,0,0,8365,8365,5,-1,1.0000,528
Orange,7,tiger,5,0,-,Orange,phil,45,1,castle_destroyed,625,20.83,False,14,14,56,4,0,0,8365,8365,5,-1,1.0000,493
Orange,7,tiger,5,0,-,Orange,phil,60,1,castle_destroyed,598,19.93,False,10,10,40,3,0,0,8365,8365,5,-1,1.0000,466
Orange,7,tiger,5,0,-,Orange,phil,90,1,castle_destroyed,589,19.63,False,7,7,28,2,0,0,8365,8365,5,-1,1.0000,457
Orange,7,tiger,5,0,-,Orange,phil,120,1,castle_destroyed,582,19.40,False,5,5,20,2,0,0,8365,8365,5,-1,1.0000,456
Orange,7,tiger,5,4,basketball,Orange,phil,0,1,castle_destroyed,468,15.60,False,0,0,0,0,0,16,8605,8365,5,-1,1.0000,75
Orange,7,tiger,5,4,basketball,Orange,phil,1,1,force_destroyed,2474,82.47,False,2436,2285,9744,215,9744,82,9595,8365,0,2436,0.3624,-1
Orange,7,tiger,5,4,basketball,Orange,phil,2,1,castle_destroyed,8574,285.80,False,2583,2583,10332,77,10332,173,10960,8365,0,5166,1.0000,5026
Orange,7,tiger,5,4,basketball,Orange,phil,3,1,castle_destroyed,2747,91.57,False,916,912,3664,50,0,92,9745,8365,5,-1,1.0000,2058
Orange,7,tiger,5,4,basketball,Orange,phil,5,1,castle_destroyed,1151,38.37,False,231,228,924,27,0,39,8950,8365,5,-1,1.0000,852
Orange,7,tiger,5,4,basketball,Orange,phil,10,1,castle_destroyed,552,18.40,False,56,54,224,8,0,19,8650,8365,5,-1,1.0000,314
Orange,7,tiger,5,4,basketball,Orange,phil,15,1,castle_destroyed,522,17.40,False,35,34,140,5,0,18,8635,8365,5,-1,1.0000,160
Orange,7,tiger,5,4,basketball,Orange,phil,20,1,castle_destroyed,522,17.40,False,27,26,108,4,0,18,8635,8365,5,-1,1.0000,147
Orange,7,tiger,5,4,basketball,Orange,phil,30,1,castle_destroyed,516,17.20,False,18,17,72,2,0,18,8635,8365,5,-1,1.0000,117
Orange,7,tiger,5,4,basketball,Orange,phil,45,1,castle_destroyed,496,16.53,False,12,11,48,2,0,17,8620,8365,5,-1,1.0000,116
Orange,7,tiger,5,4,basketball,Orange,phil,60,1,castle_destroyed,516,17.20,False,9,9,36,1,0,18,8635,8365,5,-1,1.0000,109
Orange,7,tiger,5,4,basketball,Orange,phil,90,1,castle_destroyed,492,16.40,False,6,6,24,1,0,17,8620,8365,5,-1,1.0000,109
Orange,7,tiger,5,4,basketball,Orange,phil,120,1,castle_destroyed,486,16.20,False,5,4,20,1,0,17,8620,8365,5,-1,1.0000,105
Orange,8,hwy,0,4,basketball,Orange,phil,0,1,castle_destroyed,534,17.80,False,0,0,0,0,0,18,270,0,0,-1,0.0000,75
Orange,8,hwy,0,4,basketball,Orange,phil,1,1,survived_horizon,36000,1200.00,True,36000,35795,144000,212,0,1200,18000,0,0,-1,0.0000,-1
Orange,8,hwy,0,4,basketball,Orange,phil,2,1,survived_horizon,36000,1200.00,True,18000,17897,72000,109,0,1200,18000,0,0,-1,0.0000,-1
Orange,8,hwy,0,4,basketball,Orange,phil,3,1,survived_horizon,36000,1200.00,True,12000,11934,48000,71,0,1200,18000,0,0,-1,0.0000,-1
Orange,8,hwy,0,4,basketball,Orange,phil,5,1,survived_horizon,36000,1200.00,True,7200,7163,28800,43,0,1200,18000,0,0,-1,0.0000,-1
Orange,8,hwy,0,4,basketball,Orange,phil,10,1,castle_destroyed,4545,151.50,False,455,454,1820,8,0,152,2280,0,0,-1,0.0000,314
Orange,8,hwy,0,4,basketball,Orange,phil,15,1,castle_destroyed,1489,49.63,False,100,99,400,5,0,50,750,0,0,-1,0.0000,160
Orange,8,hwy,0,4,basketball,Orange,phil,20,1,castle_destroyed,1704,56.80,False,86,85,344,4,0,57,855,0,0,-1,0.0000,147
Orange,8,hwy,0,4,basketball,Orange,phil,30,1,castle_destroyed,875,29.17,False,30,29,120,2,0,30,450,0,0,-1,0.0000,117
Orange,8,hwy,0,4,basketball,Orange,phil,45,1,castle_destroyed,775,25.83,False,18,17,72,2,0,26,390,0,0,-1,0.0000,116
Orange,8,hwy,0,4,basketball,Orange,phil,60,1,castle_destroyed,784,26.13,False,14,13,56,1,0,27,405,0,0,-1,0.0000,109
Orange,8,hwy,0,4,basketball,Orange,phil,90,1,castle_destroyed,622,20.73,False,7,7,28,1,0,21,315,0,0,-1,0.0000,109
Orange,8,hwy,0,4,basketball,Orange,phil,120,1,castle_destroyed,594,19.80,False,5,5,20,1,0,20,300,0,0,-1,0.0000,105
Orange,8,hwy,1,0,-,Orange,phil,0,1,castle_destroyed,718,23.93,False,0,0,0,0,0,0,19928,19928,1,-1,1.0000,568
Orange,8,hwy,1,0,-,Orange,phil,1,1,force_destroyed,1798,59.93,False,1798,1501,7192,299,7192,0,19928,19928,0,1798,0.2647,-1
Orange,8,hwy,1,0,-,Orange,phil,2,1,force_destroyed,3434,114.47,False,1717,1576,6868,149,6868,0,19928,19928,0,3434,0.2700,-1
Orange,8,hwy,1,0,-,Orange,phil,3,1,force_destroyed,5058,168.60,False,1686,1601,6744,99,6744,0,19928,19928,0,5058,0.2753,-1
Orange,8,hwy,1,0,-,Orange,phil,5,1,force_destroyed,8212,273.73,False,1643,1591,6572,59,6572,0,19928,19928,0,8212,0.2859,-1
Orange,8,hwy,1,0,-,Orange,phil,10,1,force_destroyed,15741,524.70,False,1575,1546,6300,29,6300,0,19928,19928,0,15741,0.3124,-1
Orange,8,hwy,1,0,-,Orange,phil,15,1,force_destroyed,22743,758.10,True,1517,1501,6068,19,6068,0,19928,19928,0,22743,0.3388,-1
Orange,8,hwy,1,0,-,Orange,phil,20,1,force_destroyed,31736,1057.87,True,1587,1582,6348,15,6348,0,19928,19928,0,31736,1.0000,-1
Orange,8,hwy,1,0,-,Orange,phil,30,1,survived_horizon,36000,1200.00,True,1200,1191,4800,9,0,0,19928,19928,1,-1,0.4182,-1
Orange,8,hwy,1,0,-,Orange,phil,45,1,survived_horizon,36000,1200.00,True,800,797,3200,6,0,0,19928,19928,1,-1,1.0000,-1
Orange,8,hwy,1,0,-,Orange,phil,60,1,survived_horizon,36000,1200.00,True,600,598,2400,5,0,0,19928,19928,1,-1,1.0000,-1
Orange,8,hwy,1,0,-,Orange,phil,90,1,survived_horizon,36000,1200.00,True,400,399,1600,3,0,0,19928,19928,1,-1,1.0000,-1
Orange,8,hwy,1,0,-,Orange,phil,120,1,survived_horizon,36000,1200.00,True,300,299,1200,2,0,0,19928,19928,1,-1,1.0000,-1
Orange,8,hwy,1,4,basketball,Orange,phil,0,1,castle_destroyed,534,17.80,False,0,0,0,0,0,18,20198,19928,1,-1,0.9424,75
Orange,8,hwy,1,4,basketball,Orange,phil,1,1,force_destroyed,9038,301.27,False,9028,8885,36112,173,36112,301,24443,19928,0,9028,0.2981,-1
Orange,8,hwy,1,4,basketball,Orange,phil,2,1,force_destroyed,16513,550.43,False,8237,8184,32948,84,32948,550,28178,19928,0,16474,0.4200,-1
Orange,8,hwy,1,4,basketball,Orange,phil,3,1,force_destroyed_horizon,36000,1200.00,True,11647,11647,46588,55,46588,1165,37403,19928,0,34939,1.0000,34974
Orange,8,hwy,1,4,basketball,Orange,phil,5,1,survived_horizon,36000,1200.00,True,7200,7198,28800,31,0,1200,37928,19928,1,-1,1.0000,1611
Orange,8,hwy,1,4,basketball,Orange,phil,10,1,castle_destroyed,568,18.93,False,57,56,228,8,0,19,20213,19928,1,-1,1.0000,314
Orange,8,hwy,1,4,basketball,Orange,phil,15,1,castle_destroyed,1489,49.63,False,100,99,400,5,0,50,20678,19928,1,-1,1.0000,160
Orange,8,hwy,1,4,basketball,Orange,phil,20,1,castle_destroyed,568,18.93,False,29,28,116,4,0,19,20213,19928,1,-1,1.0000,147
Orange,8,hwy,1,4,basketball,Orange,phil,30,1,castle_destroyed,568,18.93,False,19,19,76,2,0,19,20213,19928,1,-1,1.0000,117
Orange,8,hwy,1,4,basketball,Orange,phil,45,1,castle_destroyed,568,18.93,False,13,13,52,2,0,19,20213,19928,1,-1,1.0000,116
Orange,8,hwy,1,4,basketball,Orange,phil,60,1,castle_destroyed,568,18.93,False,10,10,40,1,0,19,20213,19928,1,-1,1.0000,109
Orange,8,hwy,1,4,basketball,Orange,phil,90,1,castle_destroyed,568,18.93,False,7,7,28,1,0,19,20213,19928,1,-1,1.0000,109
Orange,8,hwy,1,4,basketball,Orange,phil,120,1,castle_destroyed,568,18.93,False,5,5,20,1,0,19,20213,19928,1,-1,1.0000,105
Orange,8,hwy,2,0,-,Orange,phil,0,1,castle_destroyed,598,19.93,False,0,0,0,0,0,0,39856,39856,2,-1,1.0000,568
Orange,8,hwy,2,0,-,Orange,phil,1,1,force_destroyed,2540,84.67,False,2540,2281,10160,269,10160,0,39856,39856,0,2540,0.2647,-1
Orange,8,hwy,2,0,-,Orange,phil,2,1,force_destroyed,4797,159.90,False,2399,2266,9596,148,9596,0,39856,39856,0,4797,0.2700,-1
Orange,8,hwy,2,0,-,Orange,phil,3,1,force_destroyed,7272,242.40,False,2424,2370,9696,98,9696,0,39856,39856,0,7272,0.4147,-1
Orange,8,hwy,2,0,-,Orange,phil,5,1,force_destroyed,12285,409.50,False,2457,2423,9828,53,9828,0,39856,39856,0,12285,0.6935,-1
Orange,8,hwy,2,0,-,Orange,phil,10,1,force_destroyed,25028,834.27,True,2503,2493,10012,28,10012,0,39856,39856,0,25028,1.0000,-1
Orange,8,hwy,2,0,-,Orange,phil,15,1,survived_horizon,36000,1200.00,True,2400,2392,9600,18,0,0,39856,39856,2,-1,1.0000,-1
Orange,8,hwy,2,0,-,Orange,phil,20,1,survived_horizon,36000,1200.00,True,1800,1795,7200,13,0,0,39856,39856,2,-1,1.0000,-1
Orange,8,hwy,2,0,-,Orange,phil,30,1,survived_horizon,36000,1200.00,True,1200,1197,4800,8,0,0,39856,39856,2,-1,1.0000,-1
Orange,8,hwy,2,0,-,Orange,phil,45,1,survived_horizon,36000,1200.00,True,800,798,3200,5,0,0,39856,39856,2,-1,1.0000,-1
Orange,8,hwy,2,0,-,Orange,phil,60,1,survived_horizon,36000,1200.00,True,600,599,2400,4,0,0,39856,39856,2,-1,1.0000,-1
Orange,8,hwy,2,0,-,Orange,phil,90,1,castle_destroyed,1351,45.03,False,16,15,64,2,0,0,39856,39856,2,-1,1.0000,901
Orange,8,hwy,2,0,-,Orange,phil,120,1,castle_destroyed,819,27.30,False,7,7,28,2,0,0,39856,39856,2,-1,1.0000,601
Orange,8,hwy,2,4,basketball,Orange,phil,0,1,castle_destroyed,534,17.80,False,0,0,0,0,0,18,40126,39856,2,-1,0.9424,75
Orange,8,hwy,2,4,basketball,Orange,phil,1,1,force_destroyed,9149,304.97,False,9142,9002,36568,171,36568,305,44431,39856,0,9142,0.2981,-1
Orange,8,hwy,2,4,basketball,Orange,phil,2,1,force_destroyed,18049,601.63,True,9015,8954,36060,84,36060,601,48871,39856,0,18030,0.3971,-1
Orange,8,hwy,2,4,basketball,Orange,phil,3,1,survived_horizon,36000,1200.00,True,12000,11981,48000,53,0,1200,57856,39856,2,-1,0.8365,-1
Orange,8,hwy,2,4,basketball,Orange,phil,5,1,castle_destroyed,14206,473.53,False,2842,2839,11368,30,0,474,46966,39856,2,-1,1.0000,1457
Orange,8,hwy,2,4,basketball,Orange,phil,10,1,castle_destroyed,568,18.93,False,57,56,228,8,0,19,40141,39856,2,-1,1.0000,314
Orange,8,hwy,2,4,basketball,Orange,phil,15,1,castle_destroyed,1489,49.63,False,100,99,400,5,0,50,40606,39856,2,-1,1.0000,160
Orange,8,hwy,2,4,basketball,Orange,phil,20,1,castle_destroyed,568,18.93,False,29,28,116,4,0,19,40141,39856,2,-1,1.0000,147
Orange,8,hwy,2,4,basketball,Orange,phil,30,1,castle_destroyed,568,18.93,False,19,19,76,2,0,19,40141,39856,2,-1,1.0000,117
Orange,8,hwy,2,4,basketball,Orange,phil,45,1,castle_destroyed,568,18.93,False,13,13,52,2,0,19,40141,39856,2,-1,1.0000,116
Orange,8,hwy,2,4,basketball,Orange,phil,60,1,castle_destroyed,568,18.93,False,10,10,40,1,0,19,40141,39856,2,-1,1.0000,109
Orange,8,hwy,2,4,basketball,Orange,phil,90,1,castle_destroyed,568,18.93,False,7,7,28,1,0,19,40141,39856,2,-1,1.0000,109
Orange,8,hwy,2,4,basketball,Orange,phil,120,1,castle_destroyed,568,18.93,False,5,5,20,1,0,19,40141,39856,2,-1,1.0000,105
Orange,8,hwy,3,0,-,Orange,phil,0,1,castle_destroyed,598,19.93,False,0,0,0,0,0,0,59784,59784,3,-1,1.0000,568
Orange,8,hwy,3,0,-,Orange,phil,1,1,force_destroyed,3733,124.43,False,3733,3511,14932,239,14932,0,59784,59784,0,3733,0.2647,-1
Orange,8,hwy,3,0,-,Orange,phil,2,1,force_destroyed,7321,244.03,False,3661,3568,14644,119,14644,0,59784,59784,0,7321,0.3918,-1
Orange,8,hwy,3,0,-,Orange,phil,3,1,force_destroyed,10956,365.20,False,3652,3607,14608,79,14608,0,59784,59784,0,10956,0.8294,-1
Orange,8,hwy,3,0,-,Orange,phil,5,1,force_destroyed,18277,609.23,True,3656,3641,14624,47,14624,0,59784,59784,0,18277,1.0000,-1
Orange,8,hwy,3,0,-,Orange,phil,10,1,survived_horizon,36000,1200.00,True,3600,3591,14400,23,0,0,59784,59784,3,-1,1.0000,-1
Orange,8,hwy,3,0,-,Orange,phil,15,1,survived_horizon,36000,1200.00,True,2400,2394,9600,15,0,0,59784,59784,3,-1,1.0000,-1
Orange,8,hwy,3,0,-,Orange,phil,20,1,survived_horizon,36000,1200.00,True,1800,1796,7200,10,0,0,59784,59784,3,-1,1.0000,-1
Orange,8,hwy,3,0,-,Orange,phil,30,1,survived_horizon,36000,1200.00,True,1200,1198,4800,7,0,0,59784,59784,3,-1,1.0000,-1
Orange,8,hwy,3,0,-,Orange,phil,45,1,survived_horizon,36000,1200.00,True,800,799,3200,5,0,0,59784,59784,3,-1,1.0000,-1
Orange,8,hwy,3,0,-,Orange,phil,60,1,castle_destroyed,1028,34.27,False,18,17,72,3,0,0,59784,59784,3,-1,1.0000,901
Orange,8,hwy,3,0,-,Orange,phil,90,1,castle_destroyed,722,24.07,False,9,8,36,2,0,0,59784,59784,3,-1,1.0000,632
Orange,8,hwy,3,0,-,Orange,phil,120,1,castle_destroyed,669,22.30,False,6,6,24,2,0,0,59784,59784,3,-1,1.0000,601
Orange,8,hwy,3,4,basketball,Orange,phil,0,1,castle_destroyed,534,17.80,False,0,0,0,0,0,18,60054,59784,3,-1,0.9424,75
Orange,8,hwy,3,4,basketball,Orange,phil,1,1,force_destroyed,9280,309.33,False,9263,9122,37052,171,37052,309,64419,59784,0,9263,0.2981,-1
Orange,8,hwy,3,4,basketball,Orange,phil,2,1,force_destroyed,18117,603.90,True,9046,8991,36184,84,36184,604,68844,59784,0,18091,0.3971,-1
Orange,8,hwy,3,4,basketball,Orange,phil,3,1,castle_destroyed,4916,163.87,False,1639,1635,6556,53,0,164,62244,59784,3,-1,1.0000,4766
Orange,8,hwy,3,4,basketball,Orange,phil,5,1,castle_destroyed,1456,48.53,False,292,289,1168,30,0,49,60519,59784,3,-1,1.0000,1426
Orange,8,hwy,3,4,basketball,Orange,phil,10,1,castle_destroyed,568,18.93,False,57,56,228,8,0,19,60069,59784,3,-1,1.0000,314
Orange,8,hwy,3,4,basketball,Orange,phil,15,1,castle_destroyed,1489,49.63,False,100,99,400,5,0,50,60534,59784,3,-1,1.0000,160
Orange,8,hwy,3,4,basketball,Orange,phil,20,1,castle_destroyed,568,18.93,False,29,28,116,4,0,19,60069,59784,3,-1,1.0000,147
Orange,8,hwy,3,4,basketball,Orange,phil,30,1,castle_destroyed,568,18.93,False,19,19,76,2,0,19,60069,59784,3,-1,1.0000,117
Orange,8,hwy,3,4,basketball,Orange,phil,45,1,castle_destroyed,568,18.93,False,13,13,52,2,0,19,60069,59784,3,-1,1.0000,116
Orange,8,hwy,3,4,basketball,Orange,phil,60,1,castle_destroyed,568,18.93,False,10,10,40,1,0,19,60069,59784,3,-1,1.0000,109
Orange,8,hwy,3,4,basketball,Orange,phil,90,1,castle_destroyed,568,18.93,False,7,7,28,1,0,19,60069,59784,3,-1,1.0000,109
Orange,8,hwy,3,4,basketball,Orange,phil,120,1,castle_destroyed,568,18.93,False,5,5,20,1,0,19,60069,59784,3,-1,1.0000,105
Orange,8,hwy,4,0,-,Orange,phil,0,1,castle_destroyed,598,19.93,False,0,0,0,0,0,0,79712,79712,4,-1,1.0000,568
Orange,8,hwy,4,0,-,Orange,phil,1,1,force_destroyed,5420,180.67,False,5420,5191,21680,229,21680,0,79712,79712,0,5420,0.2647,-1
Orange,8,hwy,4,0,-,Orange,phil,2,1,force_destroyed,10667,355.57,False,5334,5244,21336,104,21336,0,79712,79712,0,10667,0.5118,-1
Orange,8,hwy,4,0,-,Orange,phil,3,1,force_destroyed,16032,534.40,False,5344,5327,21376,69,21376,0,79712,79712,0,16032,1.0000,-1
Orange,8,hwy,4,0,-,Orange,phil,5,1,force_destroyed,27008,900.27,True,5402,5387,21608,41,21608,0,79712,79712,0,27008,1.0000,-1
Orange,8,hwy,4,0,-,Orange,phil,10,1,survived_horizon,36000,1200.00,True,3600,3594,14400,20,0,0,79712,79712,4,-1,1.0000,-1
Orange,8,hwy,4,0,-,Orange,phil,15,1,survived_horizon,36000,1200.00,True,2400,2396,9600,13,0,0,79712,79712,4,-1,1.0000,-1
Orange,8,hwy,4,0,-,Orange,phil,20,1,survived_horizon,36000,1200.00,True,1800,1798,7200,10,0,0,79712,79712,4,-1,1.0000,-1
Orange,8,hwy,4,0,-,Orange,phil,30,1,survived_horizon,36000,1200.00,True,1200,1199,4800,6,0,0,79712,79712,4,-1,1.0000,-1
Orange,8,hwy,4,0,-,Orange,phil,45,1,castle_destroyed,1214,40.47,False,27,27,108,4,0,0,79712,79712,4,-1,1.0000,1047
Orange,8,hwy,4,0,-,Orange,phil,60,1,castle_destroyed,1028,34.27,False,18,17,72,3,0,0,79712,79712,4,-1,1.0000,901
Orange,8,hwy,4,0,-,Orange,phil,90,1,castle_destroyed,658,21.93,False,8,8,32,2,0,0,79712,79712,4,-1,1.0000,632
Orange,8,hwy,4,0,-,Orange,phil,120,1,castle_destroyed,658,21.93,False,6,6,24,2,0,0,79712,79712,4,-1,1.0000,601
Orange,8,hwy,4,4,basketball,Orange,phil,0,1,castle_destroyed,534,17.80,False,0,0,0,0,0,18,79982,79712,4,-1,0.9424,75
Orange,8,hwy,4,4,basketball,Orange,phil,1,1,force_destroyed,9388,312.93,False,9378,9237,37512,171,37512,313,84407,79712,0,9378,0.2981,-1
Orange,8,hwy,4,4,basketball,Orange,phil,2,1,castle_destroyed,23806,793.53,True,11903,11897,47612,82,0,794,91622,79712,4,-1,1.0000,7876
Orange,8,hwy,4,4,basketball,Orange,phil,3,1,castle_destroyed,3717,123.90,False,1239,1235,4956,53,0,124,81572,79712,4,-1,1.0000,3567
Orange,8,hwy,4,4,basketball,Orange,phil,5,1,castle_destroyed,22170,739.00,True,4434,4432,17736,30,0,739,90797,79712,4,-1,1.0000,1247
Orange,8,hwy,4,4,basketball,Orange,phil,10,1,castle_destroyed,568,18.93,False,57,56,228,8,0,19,79997,79712,4,-1,1.0000,314
Orange,8,hwy,4,4,basketball,Orange,phil,15,1,castle_destroyed,1489,49.63,False,100,99,400,5,0,50,80462,79712,4,-1,1.0000,160
Orange,8,hwy,4,4,basketball,Orange,phil,20,1,castle_destroyed,568,18.93,False,29,28,116,4,0,19,79997,79712,4,-1,1.0000,147
Orange,8,hwy,4,4,basketball,Orange,phil,30,1,castle_destroyed,568,18.93,False,19,19,76,2,0,19,79997,79712,4,-1,1.0000,117
Orange,8,hwy,4,4,basketball,Orange,phil,45,1,castle_destroyed,568,18.93,False,13,13,52,2,0,19,79997,79712,4,-1,1.0000,116
Orange,8,hwy,4,4,basketball,Orange,phil,60,1,castle_destroyed,568,18.93,False,10,10,40,1,0,19,79997,79712,4,-1,1.0000,109
Orange,8,hwy,4,4,basketball,Orange,phil,90,1,castle_destroyed,568,18.93,False,7,7,28,1,0,19,79997,79712,4,-1,1.0000,109
Orange,8,hwy,4,4,basketball,Orange,phil,120,1,castle_destroyed,568,18.93,False,5,5,20,1,0,19,79997,79712,4,-1,1.0000,105
Orange,8,hwy,5,0,-,Orange,phil,0,1,castle_destroyed,598,19.93,False,0,0,0,0,0,0,99640,99640,5,-1,1.0000,568
Orange,8,hwy,5,0,-,Orange,phil,1,1,force_destroyed,7188,239.60,False,7188,7021,28752,179,28752,0,99640,99640,0,7188,0.2647,-1
Orange,8,hwy,5,0,-,Orange,phil,2,1,force_destroyed,13982,466.07,False,6991,6932,27964,104,27964,0,99640,99640,0,13982,0.7518,-1
Orange,8,hwy,5,0,-,Orange,phil,3,1,force_destroyed,20590,686.33,True,6864,6837,27456,69,27456,0,99640,99640,0,20590,1.0000,-1
Orange,8,hwy,5,0,-,Orange,phil,5,1,force_destroyed,35438,1181.27,True,7088,7073,28352,36,28352,0,99640,99640,0,35438,1.0000,-1
Orange,8,hwy,5,0,-,Orange,phil,10,1,survived_horizon,36000,1200.00,True,3600,3597,14400,20,0,0,99640,99640,5,-1,1.0000,-1
Orange,8,hwy,5,0,-,Orange,phil,15,1,survived_horizon,36000,1200.00,True,2400,2398,9600,13,0,0,99640,99640,5,-1,1.0000,-1
Orange,8,hwy,5,0,-,Orange,phil,20,1,survived_horizon,36000,1200.00,True,1800,1798,7200,10,0,0,99640,99640,5,-1,1.0000,-1
Orange,8,hwy,5,0,-,Orange,phil,30,1,survived_horizon,36000,1200.00,True,1200,1199,4800,6,0,0,99640,99640,5,-1,1.0000,-1
Orange,8,hwy,5,0,-,Orange,phil,45,1,castle_destroyed,772,25.73,False,18,17,72,4,0,0,99640,99640,5,-1,1.0000,704
Orange,8,hwy,5,0,-,Orange,phil,60,1,castle_destroyed,1028,34.27,False,18,17,72,3,0,0,99640,99640,5,-1,1.0000,901
Orange,8,hwy,5,0,-,Orange,phil,90,1,castle_destroyed,658,21.93,False,8,8,32,2,0,0,99640,99640,5,-1,1.0000,632
Orange,8,hwy,5,0,-,Orange,phil,120,1,castle_destroyed,658,21.93,False,6,6,24,2,0,0,99640,99640,5,-1,1.0000,601
Orange,8,hwy,5,4,basketball,Orange,phil,0,1,castle_destroyed,534,17.80,False,0,0,0,0,0,18,99910,99640,5,-1,0.9424,75
Orange,8,hwy,5,4,basketball,Orange,phil,1,1,force_destroyed,9509,316.97,False,9500,9359,38000,171,38000,317,104395,99640,0,9500,0.2981,-1
Orange,8,hwy,5,4,basketball,Orange,phil,2,1,force_destroyed,16960,565.33,False,8447,8441,33788,82,33788,564,108100,99640,0,16893,0.8629,-1
Orange,8,hwy,5,4,basketball,Orange,phil,3,1,castle_destroyed,3716,123.87,False,1239,1235,4956,53,0,124,101500,99640,5,-1,1.0000,3566
Orange,8,hwy,5,4,basketball,Orange,phil,5,1,castle_destroyed,22170,739.00,True,4434,4432,17736,30,0,739,110725,99640,5,-1,1.0000,1247
Orange,8,hwy,5,4,basketball,Orange,phil,10,1,castle_destroyed,568,18.93,False,57,56,228,8,0,19,99925,99640,5,-1,1.0000,314
Orange,8,hwy,5,4,basketball,Orange,phil,15,1,castle_destroyed,1489,49.63,False,100,99,400,5,0,50,100390,99640,5,-1,1.0000,160
Orange,8,hwy,5,4,basketball,Orange,phil,20,1,castle_destroyed,568,18.93,False,29,28,116,4,0,19,99925,99640,5,-1,1.0000,147
Orange,8,hwy,5,4,basketball,Orange,phil,30,1,castle_destroyed,568,18.93,False,19,19,76,2,0,19,99925,99640,5,-1,1.0000,117
Orange,8,hwy,5,4,basketball,Orange,phil,45,1,castle_destroyed,568,18.93,False,13,13,52,2,0,19,99925,99640,5,-1,1.0000,116
Orange,8,hwy,5,4,basketball,Orange,phil,60,1,castle_destroyed,568,18.93,False,10,10,40,1,0,19,99925,99640,5,-1,1.0000,109
Orange,8,hwy,5,4,basketball,Orange,phil,90,1,castle_destroyed,568,18.93,False,7,7,28,1,0,19,99925,99640,5,-1,1.0000,109
Orange,8,hwy,5,4,basketball,Orange,phil,120,1,castle_destroyed,568,18.93,False,5,5,20,1,0,19,99925,99640,5,-1,1.0000,105
Purple,5,bit,0,4,spike,Purple,cant,0,1,castle_destroyed,1094,36.47,False,0,0,0,0,0,37,925,0,0,-1,0.0000,244
Purple,5,bit,0,4,spike,Purple,cant,1,1,survived_horizon,36000,1200.00,True,36000,35844,36000,171,0,1200,30000,0,0,-1,0.0000,-1
Purple,5,bit,0,4,spike,Purple,cant,2,1,survived_horizon,36000,1200.00,True,18000,17950,18000,60,0,1200,30000,0,0,-1,0.0000,-1
Purple,5,bit,0,4,spike,Purple,cant,3,1,survived_horizon,36000,1200.00,True,12000,11997,12000,40,0,1200,30000,0,0,-1,0.0000,-1
Purple,5,bit,0,4,spike,Purple,cant,5,1,survived_horizon,36000,1200.00,True,7200,7198,7200,23,0,1200,30000,0,0,-1,0.0000,1024
Purple,5,bit,0,4,spike,Purple,cant,10,1,castle_destroyed,3069,102.30,False,307,306,307,11,0,103,2575,0,0,-1,0.0000,424
Purple,5,bit,0,4,spike,Purple,cant,15,1,castle_destroyed,1684,56.13,False,113,112,113,7,0,57,1425,0,0,-1,0.0000,324
Purple,5,bit,0,4,spike,Purple,cant,20,1,castle_destroyed,1399,46.63,False,70,70,70,6,0,47,1175,0,0,-1,0.0000,304
Purple,5,bit,0,4,spike,Purple,cant,30,1,castle_destroyed,1179,39.30,False,40,39,40,4,0,40,1000,0,0,-1,0.0000,286
Purple,5,bit,0,4,spike,Purple,cant,45,1,castle_destroyed,1134,37.80,False,26,25,26,3,0,38,950,0,0,-1,0.0000,266
Purple,5,bit,0,4,spike,Purple,cant,60,1,castle_destroyed,1129,37.63,False,19,19,19,2,0,38,950,0,0,-1,0.0000,249
Purple,5,bit,0,4,spike,Purple,cant,90,1,castle_destroyed,1114,37.13,False,13,13,13,2,0,38,950,0,0,-1,0.0000,248
Purple,5,bit,0,4,spike,Purple,cant,120,1,castle_destroyed,1109,36.97,False,10,10,10,1,0,37,925,0,0,-1,0.0000,246
Purple,5,bit,1,0,-,Purple,cant,0,1,castle_destroyed,5923,197.43,False,0,0,0,0,0,0,91,91,1,-1,1.0000,143
Purple,5,bit,1,0,-,Purple,cant,1,1,force_destroyed,106,3.53,False,106,1,106,105,106,0,91,91,0,106,0.5294,-1
Purple,5,bit,1,0,-,Purple,cant,2,1,force_destroyed,138,4.60,False,69,18,69,54,69,0,91,91,0,138,0.5365,-1
Purple,5,bit,1,0,-,Purple,cant,3,1,force_destroyed,150,5.00,False,50,12,50,38,50,0,91,91,0,150,0.5365,-1
Purple,5,bit,1,0,-,Purple,cant,5,1,force_destroyed,191,6.37,False,39,15,39,24,39,0,91,91,0,191,0.5647,-1
Purple,5,bit,1,0,-,Purple,cant,10,1,force_destroyed,294,9.80,False,30,20,30,12,30,0,91,91,0,294,0.6212,-1
Purple,5,bit,1,0,-,Purple,cant,15,1,force_destroyed,397,13.23,False,27,22,27,7,27,0,91,91,0,397,0.7482,-1
Purple,5,bit,1,0,-,Purple,cant,20,1,force_destroyed,524,17.47,False,27,25,27,5,27,0,91,91,0,524,1.0000,-1
Purple,5,bit,1,0,-,Purple,cant,30,1,force_destroyed,700,23.33,False,24,23,24,3,24,0,91,91,0,700,1.0000,-1
Purple,5,bit,1,0,-,Purple,cant,45,1,force_destroyed,1239,41.30,False,28,27,28,2,28,0,91,91,0,1239,1.0000,314
Purple,5,bit,1,0,-,Purple,cant,60,1,force_destroyed,1598,53.27,False,27,27,27,2,27,0,91,91,0,1598,1.0000,178
Purple,5,bit,1,0,-,Purple,cant,90,1,force_destroyed,2440,81.33,False,28,27,28,1,28,0,91,91,0,2440,1.0000,156
Purple,5,bit,1,0,-,Purple,cant,120,1,force_destroyed,3017,100.57,False,26,25,26,1,26,0,91,91,0,3017,1.0000,171
Purple,5,bit,1,4,spike,Purple,cant,0,1,castle_destroyed,1024,34.13,False,0,0,0,0,0,35,966,91,1,-1,1.0000,143
Purple,5,bit,1,4,spike,Purple,cant,1,1,force_destroyed,182,6.07,False,106,65,106,105,106,4,191,91,0,106,0.5294,-1
Purple,5,bit,1,4,spike,Purple,cant,2,1,castle_destroyed,6739,224.63,False,72,72,72,54,72,5,216,91,0,144,0.5365,359
Purple,5,bit,1,4,spike,Purple,cant,3,1,castle_destroyed,3599,119.97,False,73,73,73,36,73,8,291,91,0,217,0.5576,395
Purple,5,bit,1,4,spike,Purple,cant,5,1,castle_destroyed,2264,75.47,False,59,59,59,21,59,10,341,91,0,292,0.6635,416
Purple,5,bit,1,4,spike,Purple,cant,10,1,castle_destroyed,1319,43.97,False,61,61,61,10,61,21,616,91,0,610,1.0000,344
Purple,5,bit,1,4,spike,Purple,cant,15,1,castle_destroyed,1269,42.30,False,63,63,63,7,63,32,891,91,0,940,1.0000,291
Purple,5,bit,1,4,spike,Purple,cant,20,1,castle_destroyed,1254,41.80,False,62,62,62,5,62,41,1116,91,0,1230,1.0000,289
Purple,5,bit,1,4,spike,Purple,cant,30,1,castle_destroyed,1099,36.63,False,37,37,37,3,0,37,1016,91,1,-1,1.0000,247
Purple,5,bit,1,4,spike,Purple,cant,45,1,castle_destroyed,1084,36.13,False,25,24,25,2,0,37,1016,91,1,-1,1.0000,246
Purple,5,bit,1,4,spike,Purple,cant,60,1,castle_destroyed,1062,35.40,False,18,18,18,2,0,36,991,91,1,-1,1.0000,178
Purple,5,bit,1,4,spike,Purple,cant,90,1,castle_destroyed,1049,34.97,False,12,12,12,1,0,35,966,91,1,-1,1.0000,156
Purple,5,bit,1,4,spike,Purple,cant,120,1,castle_destroyed,1039,34.63,False,9,9,9,1,0,35,966,91,1,-1,1.0000,171
Purple,5,bit,2,0,-,Purple,cant,0,1,castle_destroyed,3033,101.10,False,0,0,0,0,0,0,182,182,2,-1,1.0000,143
Purple,5,bit,2,0,-,Purple,cant,1,1,force_destroyed,137,4.57,False,137,26,137,111,137,0,182,182,0,137,0.5294,-1
Purple,5,bit,2,0,-,Purple,cant,2,1,force_destroyed,191,6.37,False,96,49,96,53,96,0,182,182,0,191,0.5435,-1
Purple,5,bit,2,0,-,Purple,cant,3,1,force_destroyed,226,7.53,False,76,42,76,35,76,0,182,182,0,226,0.5500,-1
Purple,5,bit,2,0,-,Purple,cant,5,1,force_destroyed,281,9.37,False,57,40,57,21,57,0,182,182,0,281,0.6000,-1
Purple,5,bit,2,0,-,Purple,cant,10,1,force_destroyed,397,13.23,False,40,33,40,11,40,0,182,182,0,397,0.7412,-1
Purple,5,bit,2,0,-,Purple,cant,15,1,force_destroyed,624,20.80,False,42,40,42,7,42,0,182,182,0,624,1.0000,319
Purple,5,bit,2,0,-,Purple,cant,20,1,force_destroyed,831,27.70,False,42,42,42,5,42,0,182,182,0,831,1.0000,429
Purple,5,bit,2,0,-,Purple,cant,30,1,force_destroyed,1397,46.57,False,47,46,47,3,47,0,182,182,0,1397,1.0000,212
Purple,5,bit,2,0,-,Purple,cant,45,1,force_destroyed,1810,60.33,False,41,40,41,2,41,0,182,182,0,1810,1.0000,314
Purple,5,bit,2,0,-,Purple,cant,60,1,force_destroyed,1997,66.57,False,34,33,34,2,34,0,182,182,0,1997,1.0000,173
Purple,5,bit,2,0,-,Purple,cant,90,1,force_destroyed,3700,123.33,False,42,41,42,1,42,0,182,182,0,3700,1.0000,156
Purple,5,bit,2,0,-,Purple,cant,120,1,castle_destroyed,3554,118.47,False,30,30,30,1,0,0,182,182,2,-1,1.0000,171
Purple,5,bit,2,4,spike,Purple,cant,0,1,castle_destroyed,959,31.97,False,0,0,0,0,0,32,982,182,2,-1,1.0000,143
Purple,5,bit,2,4,spike,Purple,cant,1,1,force_destroyed,245,8.17,False,153,130,153,104,153,6,332,182,0,153,0.5294,-1
Purple,5,bit,2,4,spike,Purple,cant,2,1,castle_destroyed,4679,155.97,False,108,108,108,53,108,8,382,182,0,215,0.5435,419
Purple,5,bit,2,4,spike,Purple,cant,3,1,castle_destroyed,3004,100.13,False,91,91,91,35,91,10,432,182,0,271,0.6141,426
Purple,5,bit,2,4,spike,Purple,cant,5,1,castle_destroyed,1764,58.80,False,74,74,74,21,74,13,507,182,0,370,0.8188,439
Purple,5,bit,2,4,spike,Purple,cant,10,1,castle_destroyed,1324,44.13,False,68,68,68,10,68,23,757,182,0,680,1.0000,352
Purple,5,bit,2,4,spike,Purple,cant,15,1,castle_destroyed,1279,42.63,False,75,75,75,7,75,38,1132,182,0,1120,1.0000,262
Purple,5,bit,2,4,spike,Purple,cant,20,1,castle_destroyed,1115,37.17,False,56,56,56,5,0,38,1132,182,2,-1,1.0000,246
Purple,5,bit,2,4,spike,Purple,cant,30,1,castle_destroyed,1039,34.63,False,35,35,35,3,0,35,1057,182,2,-1,1.0000,212
Purple,5,bit,2,4,spike,Purple,cant,45,1,castle_destroyed,1029,34.30,False,23,23,23,2,0,35,1057,182,2,-1,1.0000,246
Purple,5,bit,2,4,spike,Purple,cant,60,1,castle_destroyed,994,33.13,False,17,17,17,2,0,34,1032,182,2,-1,1.0000,173
Purple,5,bit,2,4,spike,Purple,cant,90,1,castle_destroyed,984,32.80,False,11,11,11,1,0,33,1007,182,2,-1,1.0000,156
Purple,5,bit,2,4,spike,Purple,cant,120,1,castle_destroyed,979,32.63,False,9,9,9,1,0,33,1007,182,2,-1,1.0000,171
Purple,5,bit,3,0,-,Purple,cant,0,1,castle_destroyed,2081,69.37,False,0,0,0,0,0,0,273,273,3,-1,1.0000,143
Purple,5,bit,3,0,-,Purple,cant,1,1,force_destroyed,177,5.90,False,177,74,177,108,177,0,273,273,0,177,0.5294,-1
Purple,5,bit,3,0,-,Purple,cant,2,1,force_destroyed,210,7.00,False,105,56,105,53,105,0,273,273,0,210,0.5576,-1
Purple,5,bit,3,0,-,Purple,cant,3,1,force_destroyed,258,8.60,False,86,53,86,35,86,0,273,273,0,258,0.5506,-1
Purple,5,bit,3,0,-,Purple,cant,5,1,force_destroyed,323,10.77,False,65,49,65,21,65,0,273,273,0,323,0.6494,-1
Purple,5,bit,3,0,-,Purple,cant,10,1,force_destroyed,530,17.67,False,53,52,53,10,53,0,273,273,0,530,1.0000,-1
Purple,5,bit,3,0,-,Purple,cant,15,1,force_destroyed,835,27.83,False,56,54,56,7,56,0,273,273,0,835,1.0000,318
Purple,5,bit,3,0,-,Purple,cant,20,1,force_destroyed,1184,39.47,False,60,58,60,5,60,0,273,273,0,1184,1.0000,225
Purple,5,bit,3,0,-,Purple,cant,30,1,force_destroyed,1621,54.03,False,55,53,55,3,55,0,273,273,0,1621,1.0000,203
Purple,5,bit,3,0,-,Purple,cant,45,1,force_destroyed,2056,68.53,False,46,45,46,2,46,0,273,273,0,2056,1.0000,212
Purple,5,bit,3,0,-,Purple,cant,60,1,castle_destroyed,2580,86.00,False,43,43,43,2,0,0,273,273,3,-1,1.0000,173
Purple,5,bit,3,0,-,Purple,cant,90,1,castle_destroyed,2379,79.30,False,27,27,27,1,0,0,273,273,3,-1,1.0000,156
Purple,5,bit,3,0,-,Purple,cant,120,1,castle_destroyed,2281,76.03,False,20,19,20,1,0,0,273,273,3,-1,1.0000,171
Purple,5,bit,3,4,spike,Purple,cant,0,1,castle_destroyed,904,30.13,False,0,0,0,0,0,31,1048,273,3,-1,1.0000,143
Purple,5,bit,3,4,spike,Purple,cant,1,1,force_destroyed,280,9.33,False,202,168,202,102,202,7,448,273,0,202,0.5294,-1
Purple,5,bit,3,4,spike,Purple,cant,2,1,castle_destroyed,4734,157.80,False,142,142,142,53,142,10,523,273,0,284,0.6000,455
Purple,5,bit,3,4,spike,Purple,cant,3,1,castle_destroyed,3044,101.47,False,107,107,107,35,107,11,548,273,0,321,0.6635,474
Purple,5,bit,3,4,spike,Purple,cant,5,1,castle_destroyed,1494,49.80,False,88,88,88,21,88,15,648,273,0,437,0.9812,453
Purple,5,bit,3,4,spike,Purple,cant,10,1,castle_destroyed,1344,44.80,False,78,78,78,10,78,26,923,273,0,780,1.0000,346
Purple,5,bit,3,4,spike,Purple,cant,15,1,castle_destroyed,1174,39.13,False,79,78,79,7,0,40,1273,273,2,-1,1.0000,246
Purple,5,bit,3,4,spike,Purple,cant,20,1,castle_destroyed,1039,34.63,False,52,52,52,5,0,35,1148,273,3,-1,1.0000,225
Purple,5,bit,3,4,spike,Purple,cant,30,1,castle_destroyed,976,32.53,False,33,33,33,3,0,33,1098,273,3,-1,1.0000,203
Purple,5,bit,3,4,spike,Purple,cant,45,1,castle_destroyed,974,32.47,False,22,22,22,2,0,33,1098,273,3,-1,1.0000,212
Purple,5,bit,3,4,spike,Purple,cant,60,1,castle_destroyed,934,31.13,False,16,16,16,2,0,32,1073,273,3,-1,1.0000,173
Purple,5,bit,3,4,spike,Purple,cant,90,1,castle_destroyed,929,30.97,False,11,11,11,1,0,31,1048,273,3,-1,1.0000,156
Purple,5,bit,3,4,spike,Purple,cant,120,1,castle_destroyed,919,30.63,False,8,8,8,1,0,31,1048,273,3,-1,1.0000,171
Purple,5,bit,4,0,-,Purple,cant,0,1,castle_destroyed,1627,54.23,False,0,0,0,0,0,0,364,364,4,-1,1.0000,143
Purple,5,bit,4,0,-,Purple,cant,1,1,force_destroyed,201,6.70,False,201,99,201,107,201,0,364,364,0,201,0.5294,-1
Purple,5,bit,4,0,-,Purple,cant,2,1,force_destroyed,254,8.47,False,127,74,127,53,127,0,364,364,0,254,0.5647,-1
Purple,5,bit,4,0,-,Purple,cant,3,1,force_destroyed,299,9.97,False,100,68,100,35,100,0,364,364,0,299,0.5929,-1
Purple,5,bit,4,0,-,Purple,cant,5,1,force_destroyed,356,11.87,False,72,58,72,21,72,0,364,364,0,356,0.6847,-1
Purple,5,bit,4,0,-,Purple,cant,10,1,force_destroyed,647,21.57,False,65,61,65,10,65,0,364,364,0,647,1.0000,379
Purple,5,bit,4,0,-,Purple,cant,15,1,force_destroyed,976,32.53,False,66,63,66,7,66,0,364,364,0,976,1.0000,246
Purple,5,bit,4,0,-,Purple,cant,20,1,force_destroyed,1257,41.90,False,63,62,63,5,63,0,364,364,0,1257,1.0000,225
Purple,5,bit,4,0,-,Purple,cant,30,1,force_destroyed,1720,57.33,False,58,57,58,3,58,0,364,364,0,1720,1.0000,203
Purple,5,bit,4,0,-,Purple,cant,45,1,castle_destroyed,2196,73.20,False,49,49,49,2,0,0,364,364,3,-1,1.0000,212
Purple,5,bit,4,0,-,Purple,cant,60,1,castle_destroyed,1869,62.30,False,32,31,32,2,0,0,364,364,4,-1,1.0000,173
Purple,5,bit,4,0,-,Purple,cant,90,1,castle_destroyed,1771,59.03,False,20,20,20,1,0,0,364,364,4,-1,1.0000,156
Purple,5,bit,4,0,-,Purple,cant,120,1,castle_destroyed,1735,57.83,False,15,15,15,1,0,0,364,364,4,-1,1.0000,171
Purple,5,bit,4,4,spike,Purple,cant,0,1,castle_destroyed,853,28.43,False,0,0,0,0,0,29,1089,364,4,-1,1.0000,143
Purple,5,bit,4,4,spike,Purple,cant,1,1,force_destroyed,310,10.33,False,232,198,232,102,232,8,564,364,0,232,0.5294,-1
Purple,5,bit,4,4,spike,Purple,cant,2,1,castle_destroyed,6915,230.50,False,158,158,158,53,158,11,639,364,0,315,0.6141,515
Purple,5,bit,4,4,spike,Purple,cant,3,1,castle_destroyed,2655,88.50,False,122,122,122,35,122,13,689,364,0,364,0.6988,505
Purple,5,bit,4,4,spike,Purple,cant,5,1,castle_destroyed,1569,52.30,False,103,103,103,21,103,18,814,364,0,515,1.0000,428
Purple,5,bit,4,4,spike,Purple,cant,10,1,castle_destroyed,1364,45.47,False,92,92,92,10,92,31,1139,364,0,920,1.0000,317
Purple,5,bit,4,4,spike,Purple,cant,15,1,castle_destroyed,1056,35.20,False,71,70,71,7,0,36,1264,364,3,-1,1.0000,234
Purple,5,bit,4,4,spike,Purple,cant,20,1,castle_destroyed,964,32.13,False,49,48,49,5,0,33,1189,364,4,-1,1.0000,225
Purple,5,bit,4,4,spike,Purple,cant,30,1,castle_destroyed,919,30.63,False,31,31,31,3,0,31,1139,364,4,-1,1.0000,203
Purple,5,bit,4,4,spike,Purple,cant,45,1,castle_destroyed,915,30.50,False,21,21,21,2,0,31,1139,364,4,-1,1.0000,212
Purple,5,bit,4,4,spike,Purple,cant,60,1,castle_destroyed,884,29.47,False,15,15,15,2,0,30,1114,364,4,-1,1.0000,173
Purple,5,bit,4,4,spike,Purple,cant,90,1,castle_destroyed,879,29.30,False,10,10,10,1,0,30,1114,364,4,-1,1.0000,156
Purple,5,bit,4,4,spike,Purple,cant,120,1,castle_destroyed,869,28.97,False,8,8,8,1,0,29,1089,364,4,-1,1.0000,171
Purple,5,bit,5,0,-,Purple,cant,0,1,castle_destroyed,1351,45.03,False,0,0,0,0,0,0,455,455,5,-1,1.0000,143
Purple,5,bit,5,0,-,Purple,cant,1,1,force_destroyed,215,7.17,False,215,99,215,116,215,0,455,455,0,215,0.5294,-1
Purple,5,bit,5,0,-,Purple,cant,2,1,force_destroyed,282,9.40,False,141,94,141,53,141,0,455,455,0,282,0.5788,-1
Purple,5,bit,5,0,-,Purple,cant,3,1,force_destroyed,331,11.03,False,111,81,111,35,111,0,455,455,0,331,0.5929,-1
Purple,5,bit,5,0,-,Purple,cant,5,1,force_destroyed,393,13.10,False,79,66,79,21,79,0,455,455,0,393,0.7271,-1
Purple,5,bit,5,0,-,Purple,cant,10,1,force_destroyed,750,25.00,False,75,73,75,10,75,0,455,455,0,750,1.0000,317
Purple,5,bit,5,0,-,Purple,cant,15,1,force_destroyed,1089,36.30,False,73,71,73,7,73,0,455,455,0,1089,1.0000,246
Purple,5,bit,5,0,-,Purple,cant,20,1,force_destroyed,1457,48.57,False,73,72,73,5,73,0,455,455,0,1457,1.0000,225
Purple,5,bit,5,0,-,Purple,cant,30,1,castle_destroyed,1779,59.30,False,60,59,60,3,0,0,455,455,3,-1,1.0000,203
Purple,5,bit,5,0,-,Purple,cant,45,1,castle_destroyed,1661,55.37,False,37,37,37,2,0,0,455,455,5,-1,1.0000,212
Purple,5,bit,5,0,-,Purple,cant,60,1,castle_destroyed,1499,49.97,False,25,25,25,2,0,0,455,455,5,-1,1.0000,173
Purple,5,bit,5,0,-,Purple,cant,90,1,castle_destroyed,1448,48.27,False,17,16,17,1,0,0,455,455,5,-1,1.0000,156
Purple,5,bit,5,0,-,Purple,cant,120,1,castle_destroyed,1423,47.43,False,12,12,12,1,0,0,455,455,5,-1,1.0000,171
Purple,5,bit,5,4,spike,Purple,cant,0,1,castle_destroyed,811,27.03,False,0,0,0,0,0,28,1155,455,5,-1,1.0000,143
Purple,5,bit,5,4,spike,Purple,cant,1,1,force_destroyed,340,11.33,False,262,228,262,102,262,9,680,455,0,262,0.5294,-1
Purple,5,bit,5,4,spike,Purple,cant,2,1,castle_destroyed,3719,123.97,False,175,175,175,53,175,12,755,455,0,349,0.6212,510
Purple,5,bit,5,4,spike,Purple,cant,3,1,castle_destroyed,2369,78.97,False,133,133,133,35,133,14,805,455,0,399,0.7271,508
Purple,5,bit,5,4,spike,Purple,cant,5,1,castle_destroyed,1684,56.13,False,114,114,114,21,114,19,930,455,0,570,1.0000,426
Purple,5,bit,5,4,spike,Purple,cant,10,1,castle_destroyed,1339,44.63,False,101,101,101,10,101,34,1305,455,0,1010,1.0000,288
Purple,5,bit,5,4,spike,Purple,cant,15,1,castle_destroyed,982,32.73,False,66,65,66,7,0,33,1280,455,5,-1,1.0000,234
Purple,5,bit,5,4,spike,Purple,cant,20,1,castle_destroyed,909,30.30,False,46,45,46,5,0,31,1230,455,5,-1,1.0000,225
Purple,5,bit,5,4,spike,Purple,cant,30,1,castle_destroyed,874,29.13,False,30,29,30,3,0,30,1205,455,5,-1,1.0000,203
Purple,5,bit,5,4,spike,Purple,cant,45,1,castle_destroyed,864,28.80,False,20,19,20,2,0,29,1180,455,5,-1,1.0000,212
Purple,5,bit,5,4,spike,Purple,cant,60,1,castle_destroyed,841,28.03,False,15,14,15,2,0,29,1180,455,5,-1,1.0000,173
Purple,5,bit,5,4,spike,Purple,cant,90,1,castle_destroyed,836,27.87,False,10,10,10,1,0,28,1155,455,5,-1,1.0000,156
Purple,5,bit,5,4,spike,Purple,cant,120,1,castle_destroyed,819,27.30,False,7,7,7,1,0,28,1155,455,5,-1,1.0000,171
Purple,6,cube,0,4,spike,Purple,cant,0,1,castle_destroyed,1094,36.47,False,0,0,0,0,0,37,925,0,0,-1,0.0000,244
Purple,6,cube,0,4,spike,Purple,cant,1,1,survived_horizon,36000,1200.00,True,36000,35844,36000,171,0,1200,30000,0,0,-1,0.0000,-1
Purple,6,cube,0,4,spike,Purple,cant,2,1,survived_horizon,36000,1200.00,True,18000,17950,18000,60,0,1200,30000,0,0,-1,0.0000,-1
Purple,6,cube,0,4,spike,Purple,cant,3,1,survived_horizon,36000,1200.00,True,12000,11997,12000,40,0,1200,30000,0,0,-1,0.0000,-1
Purple,6,cube,0,4,spike,Purple,cant,5,1,survived_horizon,36000,1200.00,True,7200,7198,7200,23,0,1200,30000,0,0,-1,0.0000,1024
Purple,6,cube,0,4,spike,Purple,cant,10,1,castle_destroyed,3069,102.30,False,307,306,307,11,0,103,2575,0,0,-1,0.0000,424
Purple,6,cube,0,4,spike,Purple,cant,15,1,castle_destroyed,1684,56.13,False,113,112,113,7,0,57,1425,0,0,-1,0.0000,324
Purple,6,cube,0,4,spike,Purple,cant,20,1,castle_destroyed,1399,46.63,False,70,70,70,6,0,47,1175,0,0,-1,0.0000,304
Purple,6,cube,0,4,spike,Purple,cant,30,1,castle_destroyed,1179,39.30,False,40,39,40,4,0,40,1000,0,0,-1,0.0000,286
Purple,6,cube,0,4,spike,Purple,cant,45,1,castle_destroyed,1134,37.80,False,26,25,26,3,0,38,950,0,0,-1,0.0000,266
Purple,6,cube,0,4,spike,Purple,cant,60,1,castle_destroyed,1129,37.63,False,19,19,19,2,0,38,950,0,0,-1,0.0000,249
Purple,6,cube,0,4,spike,Purple,cant,90,1,castle_destroyed,1114,37.13,False,13,13,13,2,0,38,950,0,0,-1,0.0000,248
Purple,6,cube,0,4,spike,Purple,cant,120,1,castle_destroyed,1109,36.97,False,10,10,10,1,0,37,925,0,0,-1,0.0000,246
Purple,6,cube,1,0,-,Purple,cant,0,1,castle_destroyed,1131,37.70,False,0,0,0,0,0,0,348,348,1,-1,1.0000,91
Purple,6,cube,1,0,-,Purple,cant,1,1,force_destroyed,119,3.97,False,119,22,119,97,119,0,348,348,0,119,0.6494,-1
Purple,6,cube,1,0,-,Purple,cant,2,1,force_destroyed,173,5.77,False,87,52,87,51,87,0,348,348,0,173,0.6494,-1
Purple,6,cube,1,0,-,Purple,cant,3,1,force_destroyed,238,7.93,False,80,57,80,33,80,0,348,348,0,238,0.6776,-1
Purple,6,cube,1,0,-,Purple,cant,5,1,force_destroyed,359,11.97,False,72,58,72,20,72,0,348,348,0,359,0.6706,-1
Purple,6,cube,1,0,-,Purple,cant,10,1,force_destroyed,610,20.33,False,61,55,61,9,61,0,348,348,0,610,0.7412,-1
Purple,6,cube,1,0,-,Purple,cant,15,1,force_destroyed,1135,37.83,False,76,75,76,5,76,0,348,348,0,1135,1.0000,-1
Purple,6,cube,1,0,-,Purple,cant,20,1,force_destroyed,975,32.50,False,49,47,49,5,49,0,348,348,0,975,0.9176,-1
Purple,6,cube,1,0,-,Purple,cant,30,1,force_destroyed,2770,92.33,False,93,92,93,2,93,0,348,348,0,2770,1.0000,180
Purple,6,cube,1,0,-,Purple,cant,45,1,castle_destroyed,2025,67.50,False,45,45,45,2,0,0,348,348,1,-1,1.0000,120
Purple,6,cube,1,0,-,Purple,cant,60,1,castle_destroyed,1680,56.00,False,28,28,28,1,0,0,348,348,1,-1,1.0000,104
Purple,6,cube,1,0,-,Purple,cant,90,1,castle_destroyed,1433,47.77,False,16,16,16,1,0,0,348,348,1,-1,1.0000,93
Purple,6,cube,1,0,-,Purple,cant,120,1,castle_destroyed,1353,45.10,False,12,12,12,1,0,0,348,348,1,-1,1.0000,93
Purple,6,cube,1,4,spike,Purple,cant,0,1,castle_destroyed,749,24.97,False,0,0,0,0,0,25,973,348,1,-1,1.0000,91
Purple,6,cube,1,4,spike,Purple,cant,1,1,force_destroyed,199,6.63,False,119,91,119,97,119,4,448,348,0,119,0.6494,-1
Purple,6,cube,1,4,spike,Purple,cant,2,1,castle_destroyed,4619,153.97,False,90,90,90,51,90,6,498,348,0,179,0.6494,360
Purple,6,cube,1,4,spike,Purple,cant,3,1,castle_destroyed,2534,84.47,False,87,87,87,32,87,9,573,348,0,261,0.7059,384
Purple,6,cube,1,4,spike,Purple,cant,5,1,castle_destroyed,1659,55.30,False,118,118,118,16,118,20,848,348,0,590,1.0000,474
Purple,6,cube,1,4,spike,Purple,cant,10,1,castle_destroyed,1334,44.47,False,127,127,127,7,127,43,1423,348,0,1270,1.0000,339
Purple,6,cube,1,4,spike,Purple,cant,15,1,castle_destroyed,1014,33.80,False,68,67,68,5,0,34,1198,348,1,-1,1.0000,285
Purple,6,cube,1,4,spike,Purple,cant,20,1,castle_destroyed,884,29.47,False,45,44,45,3,0,30,1098,348,1,-1,1.0000,247
Purple,6,cube,1,4,spike,Purple,cant,30,1,castle_destroyed,900,30.00,False,30,30,30,2,0,30,1098,348,1,-1,1.0000,180
Purple,6,cube,1,4,spike,Purple,cant,45,1,castle_destroyed,829,27.63,False,19,19,19,2,0,28,1048,348,1,-1,1.0000,120
Purple,6,cube,1,4,spike,Purple,cant,60,1,castle_destroyed,784,26.13,False,14,13,14,1,0,27,1023,348,1,-1,1.0000,104
Purple,6,cube,1,4,spike,Purple,cant,90,1,castle_destroyed,794,26.47,False,9,9,9,1,0,27,1023,348,1,-1,1.0000,93
Purple,6,cube,1,4,spike,Purple,cant,120,1,castle_destroyed,793,26.43,False,7,7,7,1,0,27,1023,348,1,-1,1.0000,93
Purple,6,cube,2,0,-,Purple,cant,0,1,castle_destroyed,621,20.70,False,0,0,0,0,0,0,696,696,2,-1,1.0000,91
Purple,6,cube,2,0,-,Purple,cant,1,1,force_destroyed,211,7.03,False,211,133,211,78,211,0,696,696,0,211,0.6494,-1
Purple,6,cube,2,0,-,Purple,cant,2,1,force_destroyed,308,10.27,False,154,116,154,39,154,0,696,696,0,308,0.6988,-1
Purple,6,cube,2,0,-,Purple,cant,3,1,force_destroyed,402,13.40,False,134,112,134,26,134,0,696,696,0,402,0.7482,-1
Purple,6,cube,2,0,-,Purple,cant,5,1,force_destroyed,588,19.60,False,118,110,118,15,118,0,696,696,0,588,0.8682,-1
Purple,6,cube,2,0,-,Purple,cant,10,1,force_destroyed,1180,39.33,False,118,116,118,7,118,0,696,696,0,1180,1.0000,454
Purple,6,cube,2,0,-,Purple,cant,15,1,force_destroyed,1517,50.57,False,102,100,102,5,102,0,696,696,0,1517,1.0000,200
Purple,6,cube,2,0,-,Purple,cant,20,1,castle_destroyed,1242,41.40,False,63,62,63,3,0,0,696,696,2,-1,1.0000,144
Purple,6,cube,2,0,-,Purple,cant,30,1,castle_destroyed,902,30.07,False,31,30,31,2,0,0,696,696,2,-1,1.0000,122
Purple,6,cube,2,0,-,Purple,cant,45,1,castle_destroyed,781,26.03,False,18,18,18,2,0,0,696,696,2,-1,1.0000,120
Purple,6,cube,2,0,-,Purple,cant,60,1,castle_destroyed,724,24.13,False,13,12,13,1,0,0,696,696,2,-1,1.0000,104
Purple,6,cube,2,0,-,Purple,cant,90,1,castle_destroyed,693,23.10,False,8,8,8,1,0,0,696,696,2,-1,1.0000,93
Purple,6,cube,2,0,-,Purple,cant,120,1,castle_destroyed,673,22.43,False,6,6,6,1,0,0,696,696,2,-1,1.0000,93
Purple,6,cube,2,4,spike,Purple,cant,0,1,castle_destroyed,549,18.30,False,0,0,0,0,0,19,1171,696,2,-1,1.0000,91
Purple,6,cube,2,4,spike,Purple,cant,1,1,castle_destroyed,13256,441.87,False,235,235,235,82,235,8,896,696,0,235,0.6494,481
Purple,6,cube,2,4,spike,Purple,cant,2,1,castle_destroyed,3714,123.80,False,179,179,179,39,179,12,996,696,0,358,0.7271,485
Purple,6,cube,2,4,spike,Purple,cant,3,1,castle_destroyed,1959,65.30,False,146,146,146,26,146,15,1071,696,0,438,0.9247,477
Purple,6,cube,2,4,spike,Purple,cant,5,1,castle_destroyed,1659,55.30,False,144,144,144,15,144,24,1296,696,0,720,1.0000,366
Purple,6,cube,2,4,spike,Purple,cant,10,1,castle_destroyed,1719,57.30,False,149,149,149,7,149,50,1946,696,0,1490,1.0000,244
Purple,6,cube,2,4,spike,Purple,cant,15,1,castle_destroyed,787,26.23,False,53,52,53,5,0,27,1371,696,2,-1,1.0000,200
Purple,6,cube,2,4,spike,Purple,cant,20,1,castle_destroyed,644,21.47,False,33,32,33,3,0,22,1246,696,2,-1,1.0000,144
Purple,6,cube,2,4,spike,Purple,cant,30,1,castle_destroyed,655,21.83,False,22,22,22,2,0,22,1246,696,2,-1,1.0000,122
Purple,6,cube,2,4,spike,Purple,cant,45,1,castle_destroyed,600,20.00,False,14,14,14,2,0,20,1196,696,2,-1,1.0000,120
Purple,6,cube,2,4,spike,Purple,cant,60,1,castle_destroyed,581,19.37,False,10,10,10,1,0,20,1196,696,2,-1,1.0000,104
Purple,6,cube,2,4,spike,Purple,cant,90,1,castle_destroyed,589,19.63,False,7,7,7,1,0,20,1196,696,2,-1,1.0000,93
Purple,6,cube,2,4,spike,Purple,cant,120,1,castle_destroyed,573,19.10,False,5,5,5,1,0,20,1196,696,2,-1,1.0000,93
Purple,6,cube,3,0,-,Purple,cant,0,1,castle_destroyed,461,15.37,False,0,0,0,0,0,0,1044,1044,3,-1,1.0000,91
Purple,6,cube,3,0,-,Purple,cant,1,1,force_destroyed,261,8.70,False,261,189,261,80,261,0,1044,1044,0,261,0.6494,-1
Purple,6,cube,3,0,-,Purple,cant,2,1,force_destroyed,368,12.27,False,184,152,184,39,184,0,1044,1044,0,368,0.7482,-1
Purple,6,cube,3,0,-,Purple,cant,3,1,force_destroyed,481,16.03,False,161,146,161,26,161,0,1044,1044,0,481,0.8541,-1
Purple,6,cube,3,0,-,Purple,cant,5,1,force_destroyed,670,22.33,False,134,129,134,15,134,0,1044,1044,0,670,1.0000,309
Purple,6,cube,3,0,-,Purple,cant,10,1,force_destroyed,1280,42.67,False,128,126,128,7,128,0,1044,1044,0,1280,1.0000,209
Purple,6,cube,3,0,-,Purple,cant,15,1,castle_destroyed,977,32.57,False,66,65,66,5,0,0,1044,1044,3,-1,1.0000,159
Purple,6,cube,3,0,-,Purple,cant,20,1,castle_destroyed,664,22.13,False,34,33,34,3,0,0,1044,1044,3,-1,1.0000,144
Purple,6,cube,3,0,-,Purple,cant,30,1,castle_destroyed,575,19.17,False,20,19,20,2,0,0,1044,1044,3,-1,1.0000,122
Purple,6,cube,3,0,-,Purple,cant,45,1,castle_destroyed,531,17.70,False,12,12,12,2,0,0,1044,1044,3,-1,1.0000,120
Purple,6,cube,3,0,-,Purple,cant,60,1,castle_destroyed,511,17.03,False,9,9,9,1,0,0,1044,1044,3,-1,1.0000,104
Purple,6,cube,3,0,-,Purple,cant,90,1,castle_destroyed,493,16.43,False,6,6,6,1,0,0,1044,1044,3,-1,1.0000,93
Purple,6,cube,3,0,-,Purple,cant,120,1,castle_destroyed,481,16.03,False,5,4,5,1,0,0,1044,1044,3,-1,1.0000,93
Purple,6,cube,3,4,spike,Purple,cant,0,1,castle_destroyed,441,14.70,False,0,0,0,0,0,15,1419,1044,3,-1,1.0000,91
Purple,6,cube,3,4,spike,Purple,cant,1,1,castle_destroyed,6886,229.53,False,271,271,271,78,271,10,1294,1044,0,271,0.6494,486
Purple,6,cube,3,4,spike,Purple,cant,2,1,castle_destroyed,3094,103.13,False,193,193,193,39,193,13,1369,1044,0,385,0.7553,510
Purple,6,cube,3,4,spike,Purple,cant,3,1,castle_destroyed,1849,61.63,False,180,180,180,26,180,18,1494,1044,0,538,1.0000,456
Purple,6,cube,3,4,spike,Purple,cant,5,1,castle_destroyed,1729,57.63,False,170,170,170,15,170,29,1769,1044,0,850,1.0000,308
Purple,6,cube,3,4,spike,Purple,cant,10,1,castle_destroyed,1294,43.13,False,130,129,130,7,0,44,2144,1044,3,-1,1.0000,209
Purple,6,cube,3,4,spike,Purple,cant,15,1,castle_destroyed,624,20.80,False,42,41,42,5,0,21,1569,1044,3,-1,1.0000,159
Purple,6,cube,3,4,spike,Purple,cant,20,1,castle_destroyed,579,19.30,False,29,29,29,3,0,20,1544,1044,3,-1,1.0000,144
Purple,6,cube,3,4,spike,Purple,cant,30,1,castle_destroyed,524,17.47,False,18,18,18,2,0,18,1494,1044,3,-1,1.0000,122
Purple,6,cube,3,4,spike,Purple,cant,45,1,castle_destroyed,480,16.00,False,11,11,11,2,0,16,1444,1044,3,-1,1.0000,120
Purple,6,cube,3,4,spike,Purple,cant,60,1,castle_destroyed,474,15.80,False,8,8,8,1,0,16,1444,1044,3,-1,1.0000,104
Purple,6,cube,3,4,spike,Purple,cant,90,1,castle_destroyed,471,15.70,False,6,6,6,1,0,16,1444,1044,3,-1,1.0000,93
Purple,6,cube,3,4,spike,Purple,cant,120,1,castle_destroyed,453,15.10,False,4,4,4,1,0,16,1444,1044,3,-1,1.0000,93
Purple,6,cube,4,0,-,Purple,cant,0,1,castle_destroyed,391,13.03,False,0,0,0,0,0,0,1392,1392,4,-1,1.0000,91
Purple,6,cube,4,0,-,Purple,cant,1,1,force_destroyed,290,9.67,False,290,224,290,77,290,0,1392,1392,0,290,0.6494,-1
Purple,6,cube,4,0,-,Purple,cant,2,1,force_destroyed,410,13.67,False,205,176,205,39,205,0,1392,1392,0,410,0.7765,-1
Purple,6,cube,4,0,-,Purple,cant,3,1,force_destroyed,538,17.93,False,180,175,180,26,180,0,1392,1392,0,538,1.0000,-1
Purple,6,cube,4,0,-,Purple,cant,5,1,force_destroyed,765,25.50,False,153,148,153,15,153,0,1392,1392,0,765,1.0000,308
Purple,6,cube,4,0,-,Purple,cant,10,1,force_destroyed,1570,52.33,False,157,155,157,7,157,0,1392,1392,0,1570,1.0000,189
Purple,6,cube,4,0,-,Purple,cant,15,1,castle_destroyed,559,18.63,False,38,37,38,5,0,0,1392,1392,4,-1,1.0000,159
Purple,6,cube,4,0,-,Purple,cant,20,1,castle_destroyed,501,16.70,False,26,25,26,3,0,0,1392,1392,4,-1,1.0000,144
Purple,6,cube,4,0,-,Purple,cant,30,1,castle_destroyed,455,15.17,False,16,15,16,2,0,0,1392,1392,4,-1,1.0000,122
Purple,6,cube,4,0,-,Purple,cant,45,1,castle_destroyed,431,14.37,False,10,10,10,2,0,0,1392,1392,4,-1,1.0000,120
Purple,6,cube,4,0,-,Purple,cant,60,1,castle_destroyed,421,14.03,False,8,7,8,1,0,0,1392,1392,4,-1,1.0000,104
Purple,6,cube,4,0,-,Purple,cant,90,1,castle_destroyed,413,13.77,False,5,5,5,1,0,0,1392,1392,4,-1,1.0000,93
Purple,6,cube,4,0,-,Purple,cant,120,1,castle_destroyed,401,13.37,False,4,4,4,1,0,0,1392,1392,4,-1,1.0000,93
Purple,6,cube,4,4,spike,Purple,cant,0,1,castle_destroyed,381,12.70,False,0,0,0,0,0,13,1717,1392,4,-1,1.0000,91
Purple,6,cube,4,4,spike,Purple,cant,1,1,castle_destroyed,6916,230.53,False,305,305,305,77,305,11,1667,1392,0,305,0.6494,516
Purple,6,cube,4,4,spike,Purple,cant,2,1,castle_destroyed,2714,90.47,False,225,225,225,39,225,15,1767,1392,0,450,0.8118,540
Purple,6,cube,4,4,spike,Purple,cant,3,1,castle_destroyed,1759,58.63,False,203,203,203,26,203,21,1917,1392,0,607,1.0000,384
Purple,6,cube,4,4,spike,Purple,cant,5,1,castle_destroyed,1654,55.13,False,178,178,178,15,178,30,2142,1392,0,890,1.0000,283
Purple,6,cube,4,4,spike,Purple,cant,10,1,castle_destroyed,593,19.77,False,60,59,60,7,0,20,1892,1392,4,-1,1.0000,189
Purple,6,cube,4,4,spike,Purple,cant,15,1,castle_destroyed,499,16.63,False,34,33,34,5,0,17,1817,1392,4,-1,1.0000,159
Purple,6,cube,4,4,spike,Purple,cant,20,1,castle_destroyed,474,15.80,False,24,24,24,3,0,16,1792,1392,4,-1,1.0000,144
Purple,6,cube,4,4,spike,Purple,cant,30,1,castle_destroyed,441,14.70,False,15,15,15,2,0,15,1767,1392,4,-1,1.0000,122
Purple,6,cube,4,4,spike,Purple,cant,45,1,castle_destroyed,411,13.70,False,10,9,10,2,0,14,1742,1392,4,-1,1.0000,120
Purple,6,cube,4,4,spike,Purple,cant,60,1,castle_destroyed,404,13.47,False,7,7,7,1,0,14,1742,1392,4,-1,1.0000,104
Purple,6,cube,4,4,spike,Purple,cant,90,1,castle_destroyed,401,13.37,False,5,5,5,1,0,14,1742,1392,4,-1,1.0000,93
Purple,6,cube,4,4,spike,Purple,cant,120,1,castle_destroyed,393,13.10,False,4,4,4,1,0,14,1742,1392,4,-1,1.0000,93
Purple,6,cube,5,0,-,Purple,cant,0,1,castle_destroyed,351,11.70,False,0,0,0,0,0,0,1740,1740,5,-1,1.0000,91
Purple,6,cube,5,0,-,Purple,cant,1,1,force_destroyed,320,10.67,False,320,239,320,81,320,0,1740,1740,0,320,0.6494,-1
Purple,6,cube,5,0,-,Purple,cant,2,1,force_destroyed,473,15.77,False,237,214,237,39,237,0,1740,1740,0,473,0.8259,-1
Purple,6,cube,5,0,-,Purple,cant,3,1,force_destroyed,587,19.57,False,196,188,196,26,196,0,1740,1740,0,587,1.0000,432
Purple,6,cube,5,0,-,Purple,cant,5,1,force_destroyed,827,27.57,False,166,164,166,15,166,0,1740,1740,0,827,1.0000,262
Purple,6,cube,5,0,-,Purple,cant,10,1,castle_destroyed,553,18.43,False,56,55,56,7,0,0,1740,1740,5,-1,1.0000,189
Purple,6,cube,5,0,-,Purple,cant,15,1,castle_destroyed,459,15.30,False,31,30,31,5,0,0,1740,1740,5,-1,1.0000,159
Purple,6,cube,5,0,-,Purple,cant,20,1,castle_destroyed,501,16.70,False,26,25,26,3,0,0,1740,1740,5,-1,1.0000,144
Purple,6,cube,5,0,-,Purple,cant,30,1,castle_destroyed,411,13.70,False,14,14,14,2,0,0,1740,1740,5,-1,1.0000,122
Purple,6,cube,5,0,-,Purple,cant,45,1,castle_destroyed,391,13.03,False,9,9,9,2,0,0,1740,1740,5,-1,1.0000,120
Purple,6,cube,5,0,-,Purple,cant,60,1,castle_destroyed,384,12.80,False,7,7,7,1,0,0,1740,1740,5,-1,1.0000,104
Purple,6,cube,5,0,-,Purple,cant,90,1,castle_destroyed,373,12.43,False,5,5,5,1,0,0,1740,1740,5,-1,1.0000,93
Purple,6,cube,5,0,-,Purple,cant,120,1,castle_destroyed,361,12.03,False,4,3,4,1,0,0,1740,1740,5,-1,1.0000,93
Purple,6,cube,5,4,spike,Purple,cant,0,1,castle_destroyed,351,11.70,False,0,0,0,0,0,12,2040,1740,5,-1,1.0000,91
Purple,6,cube,5,4,spike,Purple,cant,1,1,castle_destroyed,6946,231.53,False,335,335,335,77,335,12,2040,1740,0,335,0.6494,546
Purple,6,cube,5,4,spike,Purple,cant,2,1,castle_destroyed,2449,81.63,False,242,242,242,39,242,17,2165,1740,0,484,0.8259,570
Purple,6,cube,5,4,spike,Purple,cant,3,1,castle_destroyed,1884,62.80,False,215,215,215,26,215,22,2290,1740,0,644,1.0000,396
Purple,6,cube,5,4,spike,Purple,cant,5,1,castle_destroyed,1574,52.47,False,190,190,190,15,190,32,2540,1740,0,950,1.0000,246
Purple,6,cube,5,4,spike,Purple,cant,10,1,castle_destroyed,497,16.57,False,50,49,50,7,0,17,2165,1740,5,-1,1.0000,189
Purple,6,cube,5,4,spike,Purple,cant,15,1,castle_destroyed,434,14.47,False,29,29,29,5,0,15,2115,1740,5,-1,1.0000,159
Purple,6,cube,5,4,spike,Purple,cant,20,1,castle_destroyed,474,15.80,False,24,24,24,3,0,16,2140,1740,5,-1,1.0000,144
Purple,6,cube,5,4,spike,Purple,cant,30,1,castle_destroyed,402,13.40,False,14,14,14,2,0,14,2090,1740,5,-1,1.0000,122
Purple,6,cube,5,4,spike,Purple,cant,45,1,castle_destroyed,369,12.30,False,9,8,9,2,0,13,2065,1740,5,-1,1.0000,120
Purple,6,cube,5,4,spike,Purple,cant,60,1,castle_destroyed,381,12.70,False,7,7,7,1,0,13,2065,1740,5,-1,1.0000,104
Purple,6,cube,5,4,spike,Purple,cant,90,1,castle_destroyed,361,12.03,False,5,4,5,1,0,13,2065,1740,5,-1,1.0000,93
Purple,6,cube,5,4,spike,Purple,cant,120,1,castle_destroyed,361,12.03,False,4,3,4,1,0,13,2065,1740,5,-1,1.0000,93
Purple,7,monky,0,4,spike,Purple,cant,0,1,castle_destroyed,1094,36.47,False,0,0,0,0,0,37,925,0,0,-1,0.0000,244
Purple,7,monky,0,4,spike,Purple,cant,1,1,survived_horizon,36000,1200.00,True,36000,35844,36000,171,0,1200,30000,0,0,-1,0.0000,-1
Purple,7,monky,0,4,spike,Purple,cant,2,1,survived_horizon,36000,1200.00,True,18000,17950,18000,60,0,1200,30000,0,0,-1,0.0000,-1
Purple,7,monky,0,4,spike,Purple,cant,3,1,survived_horizon,36000,1200.00,True,12000,11997,12000,40,0,1200,30000,0,0,-1,0.0000,-1
Purple,7,monky,0,4,spike,Purple,cant,5,1,survived_horizon,36000,1200.00,True,7200,7198,7200,23,0,1200,30000,0,0,-1,0.0000,1024
Purple,7,monky,0,4,spike,Purple,cant,10,1,castle_destroyed,3069,102.30,False,307,306,307,11,0,103,2575,0,0,-1,0.0000,424
Purple,7,monky,0,4,spike,Purple,cant,15,1,castle_destroyed,1684,56.13,False,113,112,113,7,0,57,1425,0,0,-1,0.0000,324
Purple,7,monky,0,4,spike,Purple,cant,20,1,castle_destroyed,1399,46.63,False,70,70,70,6,0,47,1175,0,0,-1,0.0000,304
Purple,7,monky,0,4,spike,Purple,cant,30,1,castle_destroyed,1179,39.30,False,40,39,40,4,0,40,1000,0,0,-1,0.0000,286
Purple,7,monky,0,4,spike,Purple,cant,45,1,castle_destroyed,1134,37.80,False,26,25,26,3,0,38,950,0,0,-1,0.0000,266
Purple,7,monky,0,4,spike,Purple,cant,60,1,castle_destroyed,1129,37.63,False,19,19,19,2,0,38,950,0,0,-1,0.0000,249
Purple,7,monky,0,4,spike,Purple,cant,90,1,castle_destroyed,1114,37.13,False,13,13,13,2,0,38,950,0,0,-1,0.0000,248
Purple,7,monky,0,4,spike,Purple,cant,120,1,castle_destroyed,1109,36.97,False,10,10,10,1,0,37,925,0,0,-1,0.0000,246
Purple,7,monky,1,0,-,Purple,cant,0,1,castle_destroyed,881,29.37,False,0,0,0,0,0,0,1918,1918,1,-1,1.0000,426
Purple,7,monky,1,0,-,Purple,cant,1,1,force_destroyed,556,18.53,False,556,391,556,196,556,0,1918,1918,0,556,0.2659,-1
Purple,7,monky,1,0,-,Purple,cant,2,1,force_destroyed,904,30.13,False,452,350,452,102,452,0,1918,1918,0,904,0.2776,-1
Purple,7,monky,1,0,-,Purple,cant,3,1,force_destroyed,1307,43.57,False,436,373,436,71,436,0,1918,1918,0,1307,0.2965,-1
Purple,7,monky,1,0,-,Purple,cant,5,1,force_destroyed,1940,64.67,False,388,351,388,45,388,0,1918,1918,0,1940,0.2894,-1
Purple,7,monky,1,0,-,Purple,cant,10,1,force_destroyed,4024,134.13,False,403,389,403,18,403,0,1918,1918,0,4024,0.5694,-1
Purple,7,monky,1,0,-,Purple,cant,15,1,force_destroyed,6329,210.97,False,422,418,422,12,422,0,1918,1918,0,6329,1.0000,-1
Purple,7,monky,1,0,-,Purple,cant,20,1,force_destroyed,8350,278.33,False,418,417,418,9,418,0,1918,1918,0,8350,1.0000,-1
Purple,7,monky,1,0,-,Purple,cant,30,1,force_destroyed,12430,414.33,False,415,413,415,6,415,0,1918,1918,0,12430,1.0000,-1
Purple,7,monky,1,0,-,Purple,cant,45,1,force_destroyed,19042,634.73,True,424,422,424,4,424,0,1918,1918,0,19042,1.0000,-1
Purple,7,monky,1,0,-,Purple,cant,60,1,force_destroyed,25605,853.50,True,427,426,427,3,427,0,1918,1918,0,25605,1.0000,-1
Purple,7,monky,1,0,-,Purple,cant,90,1,castle_destroyed,2075,69.17,False,24,23,24,2,0,0,1918,1918,1,-1,1.0000,450
Purple,7,monky,1,0,-,Purple,cant,120,1,castle_destroyed,1425,47.50,False,12,12,12,1,0,0,1918,1918,1,-1,1.0000,450
Purple,7,monky,1,4,spike,Purple,cant,0,1,castle_destroyed,739,24.63,False,0,0,0,0,0,25,2543,1918,1,-1,1.0000,244
Purple,7,monky,1,4,spike,Purple,cant,1,1,force_destroyed,1442,48.07,False,1423,1284,1423,171,1423,48,3118,1918,0,1423,0.3200,-1
Purple,7,monky,1,4,spike,Purple,cant,2,1,castle_destroyed,9409,313.63,False,1402,1402,1402,68,1402,94,4268,1918,0,2804,0.4871,3029
Purple,7,monky,1,4,spike,Purple,cant,3,1,castle_destroyed,6544,218.13,False,1740,1740,1740,40,1740,174,6268,1918,0,5218,1.0000,3156
Purple,7,monky,1,4,spike,Purple,cant,5,1,castle_destroyed,12704,423.47,False,2401,2401,2401,23,2401,401,11943,1918,0,12005,1.0000,1039
Purple,7,monky,1,4,spike,Purple,cant,10,1,castle_destroyed,1076,35.87,False,108,107,108,11,0,36,2818,1918,1,-1,1.0000,424
Purple,7,monky,1,4,spike,Purple,cant,15,1,castle_destroyed,816,27.20,False,55,54,55,7,0,28,2618,1918,1,-1,1.0000,324
Purple,7,monky,1,4,spike,Purple,cant,20,1,castle_destroyed,844,28.13,False,43,42,43,6,0,29,2643,1918,1,-1,1.0000,304
Purple,7,monky,1,4,spike,Purple,cant,30,1,castle_destroyed,774,25.80,False,26,26,26,4,0,26,2568,1918,1,-1,1.0000,286
Purple,7,monky,1,4,spike,Purple,cant,45,1,castle_destroyed,764,25.47,False,17,17,17,3,0,26,2568,1918,1,-1,1.0000,266
Purple,7,monky,1,4,spike,Purple,cant,60,1,castle_destroyed,764,25.47,False,13,13,13,2,0,26,2568,1918,1,-1,1.0000,249
Purple,7,monky,1,4,spike,Purple,cant,90,1,castle_destroyed,751,25.03,False,9,9,9,2,0,26,2568,1918,1,-1,1.0000,248
Purple,7,monky,1,4,spike,Purple,cant,120,1,castle_destroyed,751,25.03,False,7,7,7,1,0,26,2568,1918,1,-1,1.0000,246
Purple,7,monky,2,0,-,Purple,cant,0,1,castle_destroyed,651,21.70,False,0,0,0,0,0,0,3836,3836,2,-1,1.0000,426
Purple,7,monky,2,0,-,Purple,cant,1,1,force_destroyed,1014,33.80,False,1014,829,1014,189,1014,0,3836,3836,0,1014,0.2659,-1
Purple,7,monky,2,0,-,Purple,cant,2,1,force_destroyed,1541,51.37,False,771,674,771,99,771,0,3836,3836,0,1541,0.2941,-1
Purple,7,monky,2,0,-,Purple,cant,3,1,force_destroyed,2094,69.80,False,698,640,698,68,698,0,3836,3836,0,2094,0.3953,-1
Purple,7,monky,2,0,-,Purple,cant,5,1,force_destroyed,3324,110.80,False,665,634,665,37,665,0,3836,3836,0,3324,0.4918,-1
Purple,7,monky,2,0,-,Purple,cant,10,1,force_destroyed,7203,240.10,False,721,714,721,16,721,0,3836,3836,0,7203,1.0000,-1
Purple,7,monky,2,0,-,Purple,cant,15,1,force_destroyed,8522,284.07,False,569,566,569,10,569,0,3836,3836,0,8522,1.0000,5839
Purple,7,monky,2,0,-,Purple,cant,20,1,castle_destroyed,9167,305.57,False,459,458,459,8,0,0,3836,3836,2,-1,1.0000,7082
Purple,7,monky,2,0,-,Purple,cant,30,1,castle_destroyed,2136,71.20,False,72,71,72,5,0,0,3836,3836,2,-1,1.0000,901
Purple,7,monky,2,0,-,Purple,cant,45,1,castle_destroyed,1346,44.87,False,30,30,30,3,0,0,3836,3836,2,-1,1.0000,501
Purple,7,monky,2,0,-,Purple,cant,60,1,castle_destroyed,958,31.93,False,16,16,16,2,0,0,3836,3836,2,-1,1.0000,462
Purple,7,monky,2,0,-,Purple,cant,90,1,castle_destroyed,781,26.03,False,9,9,9,2,0,0,3836,3836,2,-1,1.0000,450
Purple,7,monky,2,0,-,Purple,cant,120,1,castle_destroyed,716,23.87,False,6,6,6,1,0,0,3836,3836,2,-1,1.0000,450
Purple,7,monky,2,4,spike,Purple,cant,0,1,castle_destroyed,621,20.70,False,0,0,0,0,0,21,4361,3836,2,-1,1.0000,244
Purple,7,monky,2,4,spike,Purple,cant,1,1,force_destroyed,1750,58.33,False,1713,1603,1713,145,1713,58,5286,3836,0,1713,0.3200,-1
Purple,7,monky,2,4,spike,Purple,cant,2,1,castle_destroyed,7859,261.97,False,1698,1698,1698,60,1698,114,6686,3836,0,3395,0.5665,3600
Purple,7,monky,2,4,spike,Purple,cant,3,1,castle_destroyed,6264,208.80,False,1967,1967,1967,40,1967,197,8761,3836,0,5901,1.0000,2256
Purple,7,monky,2,4,spike,Purple,cant,5,1,castle_destroyed,12509,416.97,False,2416,2416,2416,23,2416,403,13911,3836,0,12080,1.0000,774
Purple,7,monky,2,4,spike,Purple,cant,10,1,castle_destroyed,816,27.20,False,82,81,82,11,0,28,4536,3836,2,-1,1.0000,424
Purple,7,monky,2,4,spike,Purple,cant,15,1,castle_destroyed,651,21.70,False,44,43,44,7,0,22,4386,3836,2,-1,1.0000,324
Purple,7,monky,2,4,spike,Purple,cant,20,1,castle_destroyed,686,22.87,False,35,34,35,6,0,23,4411,3836,2,-1,1.0000,304
Purple,7,monky,2,4,spike,Purple,cant,30,1,castle_destroyed,659,21.97,False,22,22,22,4,0,22,4386,3836,2,-1,1.0000,286
Purple,7,monky,2,4,spike,Purple,cant,45,1,castle_destroyed,621,20.70,False,14,14,14,3,0,21,4361,3836,2,-1,1.0000,266
Purple,7,monky,2,4,spike,Purple,cant,60,1,castle_destroyed,651,21.70,False,11,11,11,2,0,22,4386,3836,2,-1,1.0000,249
Purple,7,monky,2,4,spike,Purple,cant,90,1,castle_destroyed,621,20.70,False,7,7,7,2,0,21,4361,3836,2,-1,1.0000,248
Purple,7,monky,2,4,spike,Purple,cant,120,1,castle_destroyed,644,21.47,False,6,6,6,1,0,22,4386,3836,2,-1,1.0000,246
Purple,7,monky,3,0,-,Purple,cant,0,1,castle_destroyed,586,19.53,False,0,0,0,0,0,0,5754,5754,3,-1,1.0000,426
Purple,7,monky,3,0,-,Purple,cant,1,1,force_destroyed,1284,42.80,False,1284,1124,1284,193,1284,0,5754,5754,0,1284,0.2659,-1
Purple,7,monky,3,0,-,Purple,cant,2,1,force_destroyed,1879,62.63,False,940,849,940,97,940,0,5754,5754,0,1879,0.3553,-1
Purple,7,monky,3,0,-,Purple,cant,3,1,force_destroyed,2630,87.67,False,877,819,877,59,877,0,5754,5754,0,2630,0.4188,-1
Purple,7,monky,3,0,-,Purple,cant,5,1,force_destroyed,4172,139.07,False,835,810,835,34,835,0,5754,5754,0,4172,0.6918,-1
Purple,7,monky,3,0,-,Purple,cant,10,1,castle_destroyed,2459,81.97,False,246,245,246,16,0,0,5754,5754,3,-1,1.0000,1549
Purple,7,monky,3,0,-,Purple,cant,15,1,castle_destroyed,8507,283.57,False,568,567,568,10,0,0,5754,5754,3,-1,1.0000,7824
Purple,7,monky,3,0,-,Purple,cant,20,1,castle_destroyed,11667,388.90,False,584,583,584,7,0,0,5754,5754,3,-1,1.0000,10587
Purple,7,monky,3,0,-,Purple,cant,30,1,castle_destroyed,1059,35.30,False,36,35,36,5,0,0,5754,5754,3,-1,1.0000,539
Purple,7,monky,3,0,-,Purple,cant,45,1,castle_destroyed,1084,36.13,False,25,24,25,3,0,0,5754,5754,3,-1,1.0000,499
Purple,7,monky,3,0,-,Purple,cant,60,1,castle_destroyed,698,23.27,False,12,12,12,2,0,0,5754,5754,3,-1,1.0000,462
Purple,7,monky,3,0,-,Purple,cant,90,1,castle_destroyed,651,21.70,False,8,8,8,2,0,0,5754,5754,3,-1,1.0000,450
Purple,7,monky,3,0,-,Purple,cant,120,1,castle_destroyed,645,21.50,False,6,6,6,1,0,0,5754,5754,3,-1,1.0000,450
Purple,7,monky,3,4,spike,Purple,cant,0,1,castle_destroyed,556,18.53,False,0,0,0,0,0,19,6229,5754,3,-1,1.0000,244
Purple,7,monky,3,4,spike,Purple,cant,1,1,force_destroyed,1603,53.43,False,1569,1460,1569,149,1569,53,7079,5754,0,1569,0.3200,-1
Purple,7,monky,3,4,spike,Purple,cant,2,1,castle_destroyed,8099,269.97,False,1830,1830,1830,60,1830,122,8804,5754,0,3659,0.6747,3839
Purple,7,monky,3,4,spike,Purple,cant,3,1,castle_destroyed,2586,86.20,False,862,859,862,40,0,87,7929,5754,3,-1,1.0000,2001
Purple,7,monky,3,4,spike,Purple,cant,5,1,castle_destroyed,12369,412.30,False,2420,2420,2420,23,2420,404,15854,5754,0,12100,1.0000,889
Purple,7,monky,3,4,spike,Purple,cant,10,1,castle_destroyed,716,23.87,False,72,71,72,11,0,24,6354,5754,3,-1,1.0000,424
Purple,7,monky,3,4,spike,Purple,cant,15,1,castle_destroyed,616,20.53,False,42,41,42,7,0,21,6279,5754,3,-1,1.0000,324
Purple,7,monky,3,4,spike,Purple,cant,20,1,castle_destroyed,616,20.53,False,31,31,31,6,0,21,6279,5754,3,-1,1.0000,304
Purple,7,monky,3,4,spike,Purple,cant,30,1,castle_destroyed,621,20.70,False,21,21,21,4,0,21,6279,5754,3,-1,1.0000,286
Purple,7,monky,3,4,spike,Purple,cant,45,1,castle_destroyed,586,19.53,False,14,13,14,3,0,20,6254,5754,3,-1,1.0000,266
Purple,7,monky,3,4,spike,Purple,cant,60,1,castle_destroyed,616,20.53,False,11,11,11,2,0,21,6279,5754,3,-1,1.0000,249
Purple,7,monky,3,4,spike,Purple,cant,90,1,castle_destroyed,586,19.53,False,7,7,7,2,0,20,6254,5754,3,-1,1.0000,248
Purple,7,monky,3,4,spike,Purple,cant,120,1,castle_destroyed,586,19.53,False,5,5,5,1,0,20,6254,5754,3,-1,1.0000,246
Purple,7,monky,4,0,-,Purple,cant,0,1,castle_destroyed,556,18.53,False,0,0,0,0,0,0,7672,7672,4,-1,1.0000,426
Purple,7,monky,4,0,-,Purple,cant,1,1,force_destroyed,1255,41.83,False,1255,1074,1255,183,1255,0,7672,7672,0,1255,0.2659,-1
Purple,7,monky,4,0,-,Purple,cant,2,1,force_destroyed,1894,63.13,False,947,857,947,97,947,0,7672,7672,0,1894,0.3694,-1
Purple,7,monky,4,0,-,Purple,cant,3,1,force_destroyed,3104,103.47,False,1035,987,1035,54,1035,0,7672,7672,0,3104,0.4259,-1
Purple,7,monky,4,0,-,Purple,cant,5,1,force_destroyed,4665,155.50,False,933,931,933,34,933,0,7672,7672,0,4665,1.0000,-1
Purple,7,monky,4,0,-,Purple,cant,10,1,castle_destroyed,1975,65.83,False,198,197,198,16,0,0,7672,7672,4,-1,1.0000,1546
Purple,7,monky,4,0,-,Purple,cant,15,1,castle_destroyed,1552,51.73,False,104,103,104,10,0,0,7672,7672,4,-1,1.0000,894
Purple,7,monky,4,0,-,Purple,cant,20,1,castle_destroyed,1144,38.13,False,58,57,58,7,0,0,7672,7672,4,-1,1.0000,689
Purple,7,monky,4,0,-,Purple,cant,30,1,castle_destroyed,994,33.13,False,34,33,34,5,0,0,7672,7672,4,-1,1.0000,539
Purple,7,monky,4,0,-,Purple,cant,45,1,castle_destroyed,711,23.70,False,16,16,16,3,0,0,7672,7672,4,-1,1.0000,499
Purple,7,monky,4,0,-,Purple,cant,60,1,castle_destroyed,633,21.10,False,11,11,11,2,0,0,7672,7672,4,-1,1.0000,462
Purple,7,monky,4,0,-,Purple,cant,90,1,castle_destroyed,586,19.53,False,7,7,7,2,0,0,7672,7672,4,-1,1.0000,450
Purple,7,monky,4,0,-,Purple,cant,120,1,castle_destroyed,581,19.37,False,5,5,5,1,0,0,7672,7672,4,-1,1.0000,450
Purple,7,monky,4,4,spike,Purple,cant,0,1,castle_destroyed,551,18.37,False,0,0,0,0,0,19,8147,7672,4,-1,1.0000,244
Purple,7,monky,4,4,spike,Purple,cant,1,1,force_destroyed,2047,68.23,False,2010,1916,2010,137,2010,67,9347,7672,0,2010,0.3200,-1
Purple,7,monky,4,4,spike,Purple,cant,2,1,castle_destroyed,5989,199.63,False,2140,2140,2140,60,2140,143,11247,7672,0,4279,0.9359,4324
Purple,7,monky,4,4,spike,Purple,cant,3,1,castle_destroyed,2550,85.00,False,850,847,850,40,0,85,9797,7672,4,-1,1.0000,2030
Purple,7,monky,4,4,spike,Purple,cant,5,1,castle_destroyed,6574,219.13,False,1315,1313,1315,23,0,220,13172,7672,4,-1,1.0000,734
Purple,7,monky,4,4,spike,Purple,cant,10,1,castle_destroyed,646,21.53,False,65,64,65,11,0,22,8222,7672,4,-1,1.0000,424
Purple,7,monky,4,4,spike,Purple,cant,15,1,castle_destroyed,581,19.37,False,39,39,39,7,0,20,8172,7672,4,-1,1.0000,324
Purple,7,monky,4,4,spike,Purple,cant,20,1,castle_destroyed,581,19.37,False,30,29,30,6,0,20,8172,7672,4,-1,1.0000,304
Purple,7,monky,4,4,spike,Purple,cant,30,1,castle_destroyed,586,19.53,False,20,20,20,4,0,20,8172,7672,4,-1,1.0000,286
Purple,7,monky,4,4,spike,Purple,cant,45,1,castle_destroyed,556,18.53,False,13,13,13,3,0,19,8147,7672,4,-1,1.0000,266
Purple,7,monky,4,4,spike,Purple,cant,60,1,castle_destroyed,581,19.37,False,10,10,10,2,0,20,8172,7672,4,-1,1.0000,249
Purple,7,monky,4,4,spike,Purple,cant,90,1,castle_destroyed,556,18.53,False,7,7,7,2,0,19,8147,7672,4,-1,1.0000,248
Purple,7,monky,4,4,spike,Purple,cant,120,1,castle_destroyed,556,18.53,False,5,5,5,1,0,19,8147,7672,4,-1,1.0000,246
Purple,7,monky,5,0,-,Purple,cant,0,1,castle_destroyed,551,18.37,False,0,0,0,0,0,0,9590,9590,5,-1,1.0000,426
Purple,7,monky,5,0,-,Purple,cant,1,1,force_destroyed,1432,47.73,False,1432,1254,1432,187,1432,0,9590,9590,0,1432,0.2659,-1
Purple,7,monky,5,0,-,Purple,cant,2,1,force_destroyed,2051,68.37,False,1026,941,1026,92,1026,0,9590,9590,0,2051,0.3835,-1
Purple,7,monky,5,0,-,Purple,cant,3,1,force_destroyed,3929,130.97,False,1310,1272,1310,47,1310,0,9590,9590,0,3929,0.6612,-1
Purple,7,monky,5,0,-,Purple,cant,5,1,force_destroyed,4751,158.37,False,951,942,951,34,951,0,9590,9590,0,4751,1.0000,-1
Purple,7,monky,5,0,-,Purple,cant,10,1,castle_destroyed,1975,65.83,False,198,197,198,16,0,0,9590,9590,5,-1,1.0000,1546
Purple,7,monky,5,0,-,Purple,cant,15,1,castle_destroyed,1265,42.17,False,85,84,85,10,0,0,9590,9590,5,-1,1.0000,833
Purple,7,monky,5,0,-,Purple,cant,20,1,castle_destroyed,949,31.63,False,48,47,48,7,0,0,9590,9590,5,-1,1.0000,689
Purple,7,monky,5,0,-,Purple,cant,30,1,castle_destroyed,692,23.07,False,24,23,24,5,0,0,9590,9590,5,-1,1.0000,539
Purple,7,monky,5,0,-,Purple,cant,45,1,castle_destroyed,663,22.10,False,15,15,15,3,0,0,9590,9590,5,-1,1.0000,499
Purple,7,monky,5,0,-,Purple,cant,60,1,castle_destroyed,592,19.73,False,10,10,10,2,0,0,9590,9590,5,-1,1.0000,462
Purple,7,monky,5,0,-,Purple,cant,90,1,castle_destroyed,581,19.37,False,7,7,7,2,0,0,9590,9590,5,-1,1.0000,450
Purple,7,monky,5,0,-,Purple,cant,120,1,castle_destroyed,580,19.33,False,5,5,5,1,0,0,9590,9590,5,-1,1.0000,450
Purple,7,monky,5,4,spike,Purple,cant,0,1,castle_destroyed,546,18.20,False,0,0,0,0,0,19,10065,9590,5,-1,1.0000,244
Purple,7,monky,5,4,spike,Purple,cant,1,1,force_destroyed,1953,65.10,False,1932,1794,1932,162,1932,65,11215,9590,0,1932,0.3200,-1
Purple,7,monky,5,4,spike,Purple,cant,2,1,castle_destroyed,5839,194.63,False,2057,2057,2057,60,2057,138,13040,9590,0,4114,0.9006,4169
Purple,7,monky,5,4,spike,Purple,cant,3,1,castle_destroyed,2130,71.00,False,710,707,710,40,0,71,11365,9590,5,-1,1.0000,1776
Purple,7,monky,5,4,spike,Purple,cant,5,1,castle_destroyed,5134,171.13,False,1027,1025,1027,23,0,172,13890,9590,5,-1,1.0000,724
Purple,7,monky,5,4,spike,Purple,cant,10,1,castle_destroyed,611,20.37,False,62,61,62,11,0,21,10115,9590,5,-1,1.0000,424
Purple,7,monky,5,4,spike,Purple,cant,15,1,castle_destroyed,564,18.80,False,38,37,38,7,0,19,10065,9590,5,-1,1.0000,324
Purple,7,monky,5,4,spike,Purple,cant,20,1,castle_destroyed,556,18.53,False,28,28,28,6,0,19,10065,9590,5,-1,1.0000,304
Purple,7,monky,5,4,spike,Purple,cant,30,1,castle_destroyed,581,19.37,False,20,20,20,4,0,20,10090,9590,5,-1,1.0000,286
Purple,7,monky,5,4,spike,Purple,cant,45,1,castle_destroyed,546,18.20,False,13,12,13,3,0,19,10065,9590,5,-1,1.0000,266
Purple,7,monky,5,4,spike,Purple,cant,60,1,castle_destroyed,556,18.53,False,10,10,10,2,0,19,10065,9590,5,-1,1.0000,249
Purple,7,monky,5,4,spike,Purple,cant,90,1,castle_destroyed,546,18.20,False,7,6,7,2,0,19,10065,9590,5,-1,1.0000,248
Purple,7,monky,5,4,spike,Purple,cant,120,1,castle_destroyed,551,18.37,False,5,5,5,1,0,19,10065,9590,5,-1,1.0000,246
Purple,8,bigblobbo,0,4,spike,Purple,cant,0,1,castle_destroyed,1094,36.47,False,0,0,0,0,0,37,925,0,0,-1,0.0000,244
Purple,8,bigblobbo,0,4,spike,Purple,cant,1,1,survived_horizon,36000,1200.00,True,36000,35844,36000,171,0,1200,30000,0,0,-1,0.0000,-1
Purple,8,bigblobbo,0,4,spike,Purple,cant,2,1,survived_horizon,36000,1200.00,True,18000,17950,18000,60,0,1200,30000,0,0,-1,0.0000,-1
Purple,8,bigblobbo,0,4,spike,Purple,cant,3,1,survived_horizon,36000,1200.00,True,12000,11997,12000,40,0,1200,30000,0,0,-1,0.0000,-1
Purple,8,bigblobbo,0,4,spike,Purple,cant,5,1,survived_horizon,36000,1200.00,True,7200,7198,7200,23,0,1200,30000,0,0,-1,0.0000,1024
Purple,8,bigblobbo,0,4,spike,Purple,cant,10,1,castle_destroyed,3069,102.30,False,307,306,307,11,0,103,2575,0,0,-1,0.0000,424
Purple,8,bigblobbo,0,4,spike,Purple,cant,15,1,castle_destroyed,1684,56.13,False,113,112,113,7,0,57,1425,0,0,-1,0.0000,324
Purple,8,bigblobbo,0,4,spike,Purple,cant,20,1,castle_destroyed,1399,46.63,False,70,70,70,6,0,47,1175,0,0,-1,0.0000,304
Purple,8,bigblobbo,0,4,spike,Purple,cant,30,1,castle_destroyed,1179,39.30,False,40,39,40,4,0,40,1000,0,0,-1,0.0000,286
Purple,8,bigblobbo,0,4,spike,Purple,cant,45,1,castle_destroyed,1134,37.80,False,26,25,26,3,0,38,950,0,0,-1,0.0000,266
Purple,8,bigblobbo,0,4,spike,Purple,cant,60,1,castle_destroyed,1129,37.63,False,19,19,19,2,0,38,950,0,0,-1,0.0000,249
Purple,8,bigblobbo,0,4,spike,Purple,cant,90,1,castle_destroyed,1114,37.13,False,13,13,13,2,0,38,950,0,0,-1,0.0000,248
Purple,8,bigblobbo,0,4,spike,Purple,cant,120,1,castle_destroyed,1109,36.97,False,10,10,10,1,0,37,925,0,0,-1,0.0000,246
Purple,8,bigblobbo,1,0,-,Purple,cant,0,1,castle_destroyed,1001,33.37,False,0,0,0,0,0,0,12760,12760,1,-1,1.0000,851
Purple,8,bigblobbo,1,0,-,Purple,cant,1,1,force_destroyed,1588,52.93,False,1588,1351,1588,278,1588,0,12760,12760,0,1588,0.1518,-1
Purple,8,bigblobbo,1,0,-,Purple,cant,2,1,force_destroyed,2977,99.23,False,1489,1351,1489,139,1489,0,12760,12760,0,2977,0.1553,-1
Purple,8,bigblobbo,1,0,-,Purple,cant,3,1,force_destroyed,4415,147.17,False,1472,1401,1472,92,1472,0,12760,12760,0,4415,0.1624,-1
Purple,8,bigblobbo,1,0,-,Purple,cant,5,1,force_destroyed,7155,238.50,False,1431,1381,1431,55,1431,0,12760,12760,0,7155,0.1765,-1
Purple,8,bigblobbo,1,0,-,Purple,cant,10,1,force_destroyed,13749,458.30,False,1375,1351,1375,27,1375,0,12760,12760,0,13749,0.2118,-1
Purple,8,bigblobbo,1,0,-,Purple,cant,15,1,force_destroyed,19871,662.37,True,1325,1311,1325,18,1325,0,12760,12760,0,19871,0.2471,-1
Purple,8,bigblobbo,1,0,-,Purple,cant,20,1,force_destroyed,29495,983.17,True,1475,1469,1475,14,1475,0,12760,12760,0,29495,1.0000,-1
Purple,8,bigblobbo,1,0,-,Purple,cant,30,1,survived_horizon,36000,1200.00,True,1200,1196,1200,9,0,0,12760,12760,1,-1,0.3529,-1
Purple,8,bigblobbo,1,0,-,Purple,cant,45,1,survived_horizon,36000,1200.00,True,800,800,800,6,0,0,12760,12760,1,-1,1.0000,-1
Purple,8,bigblobbo,1,0,-,Purple,cant,60,1,survived_horizon,36000,1200.00,True,600,600,600,5,0,0,12760,12760,1,-1,1.0000,-1
Purple,8,bigblobbo,1,0,-,Purple,cant,90,1,survived_horizon,36000,1200.00,True,400,400,400,3,0,0,12760,12760,1,-1,1.0000,-1
Purple,8,bigblobbo,1,0,-,Purple,cant,120,1,survived_horizon,36000,1200.00,True,300,300,300,2,0,0,12760,12760,1,-1,1.0000,-1
Purple,8,bigblobbo,1,4,spike,Purple,cant,0,1,castle_destroyed,851,28.37,False,0,0,0,0,0,29,13485,12760,1,-1,1.0000,244
Purple,8,bigblobbo,1,4,spike,Purple,cant,1,1,force_destroyed,6748,224.93,False,6713,6613,6713,147,6713,224,18360,12760,0,6713,0.2259,-1
Purple,8,bigblobbo,1,4,spike,Purple,cant,2,1,castle_destroyed,17424,580.80,False,7860,7860,7860,69,7860,524,25860,12760,0,15719,1.0000,15754
Purple,8,bigblobbo,1,4,spike,Purple,cant,3,1,castle_destroyed,4115,137.17,False,1372,1369,1372,40,0,138,16210,12760,1,-1,1.0000,3965
Purple,8,bigblobbo,1,4,spike,Purple,cant,5,1,survived_horizon,36000,1200.00,True,7200,7198,7200,23,0,1200,42760,12760,1,-1,1.0000,1049
Purple,8,bigblobbo,1,4,spike,Purple,cant,10,1,castle_destroyed,2929,97.63,False,293,292,293,11,0,98,15210,12760,1,-1,1.0000,424
Purple,8,bigblobbo,1,4,spike,Purple,cant,15,1,castle_destroyed,1644,54.80,False,110,109,110,7,0,55,14135,12760,1,-1,1.0000,324
Purple,8,bigblobbo,1,4,spike,Purple,cant,20,1,castle_destroyed,1001,33.37,False,51,50,51,6,0,34,13610,12760,1,-1,1.0000,304
Purple,8,bigblobbo,1,4,spike,Purple,cant,30,1,castle_destroyed,1169,38.97,False,39,39,39,4,0,39,13735,12760,1,-1,1.0000,286
Purple,8,bigblobbo,1,4,spike,Purple,cant,45,1,castle_destroyed,851,28.37,False,19,19,19,3,0,29,13485,12760,1,-1,1.0000,266
Purple,8,bigblobbo,1,4,spike,Purple,cant,60,1,castle_destroyed,1001,33.37,False,17,17,17,2,0,34,13610,12760,1,-1,1.0000,249
Purple,8,bigblobbo,1,4,spike,Purple,cant,90,1,castle_destroyed,851,28.37,False,10,10,10,2,0,29,13485,12760,1,-1,1.0000,248
Purple,8,bigblobbo,1,4,spike,Purple,cant,120,1,castle_destroyed,1001,33.37,False,9,9,9,1,0,34,13610,12760,1,-1,1.0000,246
Purple,8,bigblobbo,2,0,-,Purple,cant,0,1,castle_destroyed,881,29.37,False,0,0,0,0,0,0,25520,25520,2,-1,1.0000,851
Purple,8,bigblobbo,2,0,-,Purple,cant,1,1,force_destroyed,2215,73.83,False,2215,1981,2215,248,2215,0,25520,25520,0,2215,0.1518,-1
Purple,8,bigblobbo,2,0,-,Purple,cant,2,1,force_destroyed,4171,139.03,False,2086,1966,2086,138,2086,0,25520,25520,0,4171,0.1553,-1
Purple,8,bigblobbo,2,0,-,Purple,cant,3,1,force_destroyed,6283,209.43,False,2095,2015,2095,91,2095,0,25520,25520,0,6283,0.2365,-1
Purple,8,bigblobbo,2,0,-,Purple,cant,5,1,force_destroyed,10736,357.87,False,2148,2115,2148,49,2148,0,25520,25520,0,10736,0.4306,-1
Purple,8,bigblobbo,2,0,-,Purple,cant,10,1,force_destroyed,21848,728.27,True,2185,2176,2185,26,2185,0,25520,25520,0,21848,1.0000,-1
Purple,8,bigblobbo,2,0,-,Purple,cant,15,1,force_destroyed,33946,1131.53,True,2264,2261,2264,17,2264,0,25520,25520,0,33946,1.0000,-1
Purple,8,bigblobbo,2,0,-,Purple,cant,20,1,survived_horizon,36000,1200.00,True,1800,1799,1800,12,0,0,25520,25520,2,-1,1.0000,-1
Purple,8,bigblobbo,2,0,-,Purple,cant,30,1,survived_horizon,36000,1200.00,True,1200,1200,1200,8,0,0,25520,25520,2,-1,1.0000,-1
Purple,8,bigblobbo,2,0,-,Purple,cant,45,1,survived_horizon,36000,1200.00,True,800,800,800,5,0,0,25520,25520,2,-1,1.0000,-1
Purple,8,bigblobbo,2,0,-,Purple,cant,60,1,survived_horizon,36000,1200.00,True,600,600,600,4,0,0,25520,25520,2,-1,1.0000,-1
Purple,8,bigblobbo,2,0,-,Purple,cant,90,1,castle_destroyed,1435,47.83,False,16,16,16,2,0,0,25520,25520,2,-1,1.0000,985
Purple,8,bigblobbo,2,0,-,Purple,cant,120,1,castle_destroyed,1052,35.07,False,9,9,9,2,0,0,25520,25520,2,-1,1.0000,902
Purple,8,bigblobbo,2,4,spike,Purple,cant,0,1,castle_destroyed,851,28.37,False,0,0,0,0,0,29,26245,25520,2,-1,1.0000,244
Purple,8,bigblobbo,2,4,spike,Purple,cant,1,1,force_destroyed,7375,245.83,False,7339,7237,7339,147,7339,245,31645,25520,0,7339,0.2259,-1
Purple,8,bigblobbo,2,4,spike,Purple,cant,2,1,castle_destroyed,18459,615.30,True,8461,8461,8461,65,8461,565,39645,25520,0,16922,1.0000,16954
Purple,8,bigblobbo,2,4,spike,Purple,cant,3,1,castle_destroyed,3516,117.20,False,1172,1169,1172,40,0,118,28470,25520,2,-1,1.0000,3366
Purple,8,bigblobbo,2,4,spike,Purple,cant,5,1,castle_destroyed,1118,37.27,False,224,222,224,23,0,38,26470,25520,2,-1,1.0000,1017
Purple,8,bigblobbo,2,4,spike,Purple,cant,10,1,castle_destroyed,2804,93.47,False,281,280,281,11,0,94,27870,25520,2,-1,1.0000,424
Purple,8,bigblobbo,2,4,spike,Purple,cant,15,1,castle_destroyed,1609,53.63,False,108,107,108,7,0,54,26870,25520,2,-1,1.0000,324
Purple,8,bigblobbo,2,4,spike,Purple,cant,20,1,castle_destroyed,881,29.37,False,45,44,45,6,0,30,26270,25520,2,-1,1.0000,304
Purple,8,bigblobbo,2,4,spike,Purple,cant,30,1,castle_destroyed,1159,38.63,False,39,39,39,4,0,39,26495,25520,2,-1,1.0000,286
Purple,8,bigblobbo,2,4,spike,Purple,cant,45,1,castle_destroyed,851,28.37,False,19,19,19,3,0,29,26245,25520,2,-1,1.0000,266
Purple,8,bigblobbo,2,4,spike,Purple,cant,60,1,castle_destroyed,881,29.37,False,15,15,15,2,0,30,26270,25520,2,-1,1.0000,249
Purple,8,bigblobbo,2,4,spike,Purple,cant,90,1,castle_destroyed,851,28.37,False,10,10,10,2,0,29,26245,25520,2,-1,1.0000,248
Purple,8,bigblobbo,2,4,spike,Purple,cant,120,1,castle_destroyed,881,29.37,False,8,8,8,1,0,30,26270,25520,2,-1,1.0000,246
Purple,8,bigblobbo,3,0,-,Purple,cant,0,1,castle_destroyed,881,29.37,False,0,0,0,0,0,0,38280,38280,3,-1,1.0000,851
Purple,8,bigblobbo,3,0,-,Purple,cant,1,1,force_destroyed,3257,108.57,False,3257,3061,3257,218,3257,0,38280,38280,0,3257,0.1518,-1
Purple,8,bigblobbo,3,0,-,Purple,cant,2,1,force_destroyed,6395,213.17,False,3198,3112,3198,109,3198,0,38280,38280,0,6395,0.2271,-1
Purple,8,bigblobbo,3,0,-,Purple,cant,3,1,force_destroyed,9568,318.93,False,3190,3134,3190,72,3190,0,38280,38280,0,9568,0.4153,-1
Purple,8,bigblobbo,3,0,-,Purple,cant,5,1,force_destroyed,15735,524.50,False,3147,3120,3147,43,3147,0,38280,38280,0,15735,0.7588,-1
Purple,8,bigblobbo,3,0,-,Purple,cant,10,1,force_destroyed,31899,1063.30,True,3190,3184,3190,21,3190,0,38280,38280,0,31899,1.0000,-1
Purple,8,bigblobbo,3,0,-,Purple,cant,15,1,survived_horizon,36000,1200.00,True,2400,2399,2400,14,0,0,38280,38280,3,-1,1.0000,-1
Purple,8,bigblobbo,3,0,-,Purple,cant,20,1,survived_horizon,36000,1200.00,True,1800,1799,1800,10,0,0,38280,38280,3,-1,1.0000,-1
Purple,8,bigblobbo,3,0,-,Purple,cant,30,1,survived_horizon,36000,1200.00,True,1200,1200,1200,7,0,0,38280,38280,3,-1,1.0000,-1
Purple,8,bigblobbo,3,0,-,Purple,cant,45,1,survived_horizon,36000,1200.00,True,800,800,800,4,0,0,38280,38280,3,-1,1.0000,-1
Purple,8,bigblobbo,3,0,-,Purple,cant,60,1,castle_destroyed,1318,43.93,False,22,22,22,3,0,0,38280,38280,3,-1,1.0000,1018
Purple,8,bigblobbo,3,0,-,Purple,cant,90,1,castle_destroyed,1433,47.77,False,16,16,16,2,0,0,38280,38280,3,-1,1.0000,983
Purple,8,bigblobbo,3,0,-,Purple,cant,120,1,castle_destroyed,911,30.37,False,8,8,8,2,0,0,38280,38280,3,-1,1.0000,902
Purple,8,bigblobbo,3,4,spike,Purple,cant,0,1,castle_destroyed,851,28.37,False,0,0,0,0,0,29,39005,38280,3,-1,1.0000,244
Purple,8,bigblobbo,3,4,spike,Purple,cant,1,1,force_destroyed,8125,270.83,False,8089,7987,8089,147,8089,270,45030,38280,0,8089,0.2259,-1
Purple,8,bigblobbo,3,4,spike,Purple,cant,2,1,castle_destroyed,19929,664.30,True,9204,9204,9204,64,9204,614,53630,38280,0,18408,1.0000,18424
Purple,8,bigblobbo,3,4,spike,Purple,cant,3,1,castle_destroyed,32494,1083.13,True,10374,10374,10374,40,10374,1038,64230,38280,0,31120,1.0000,31139
Purple,8,bigblobbo,3,4,spike,Purple,cant,5,1,castle_destroyed,1059,35.30,False,212,210,212,23,0,36,39180,38280,3,-1,1.0000,1019
Purple,8,bigblobbo,3,4,spike,Purple,cant,10,1,castle_destroyed,2689,89.63,False,269,268,269,11,0,90,40530,38280,3,-1,1.0000,424
Purple,8,bigblobbo,3,4,spike,Purple,cant,15,1,castle_destroyed,1579,52.63,False,106,105,106,7,0,53,39605,38280,3,-1,1.0000,324
Purple,8,bigblobbo,3,4,spike,Purple,cant,20,1,castle_destroyed,881,29.37,False,45,44,45,6,0,30,39030,38280,3,-1,1.0000,304
Purple,8,bigblobbo,3,4,spike,Purple,cant,30,1,castle_destroyed,1154,38.47,False,39,39,39,4,0,39,39255,38280,3,-1,1.0000,286
Purple,8,bigblobbo,3,4,spike,Purple,cant,45,1,castle_destroyed,851,28.37,False,19,19,19,3,0,29,39005,38280,3,-1,1.0000,266
Purple,8,bigblobbo,3,4,spike,Purple,cant,60,1,castle_destroyed,881,29.37,False,15,15,15,2,0,30,39030,38280,3,-1,1.0000,249
Purple,8,bigblobbo,3,4,spike,Purple,cant,90,1,castle_destroyed,851,28.37,False,10,10,10,2,0,29,39005,38280,3,-1,1.0000,248
Purple,8,bigblobbo,3,4,spike,Purple,cant,120,1,castle_destroyed,881,29.37,False,8,8,8,1,0,30,39030,38280,3,-1,1.0000,246
Purple,8,bigblobbo,4,0,-,Purple,cant,0,1,castle_destroyed,881,29.37,False,0,0,0,0,0,0,51040,51040,4,-1,1.0000,851
Purple,8,bigblobbo,4,0,-,Purple,cant,1,1,force_destroyed,4769,158.97,False,4769,4591,4769,188,4769,0,51040,51040,0,4769,0.1518,-1
Purple,8,bigblobbo,4,0,-,Purple,cant,2,1,force_destroyed,9308,310.27,False,4654,4558,4654,96,4654,0,51040,51040,0,9308,0.3224,-1
Purple,8,bigblobbo,4,0,-,Purple,cant,3,1,force_destroyed,13948,464.93,False,4650,4600,4650,62,4650,0,51040,51040,0,13948,0.5412,-1
Purple,8,bigblobbo,4,0,-,Purple,cant,5,1,force_destroyed,22921,764.03,True,4585,4573,4585,37,4585,0,51040,51040,0,22921,1.0000,-1
Purple,8,bigblobbo,4,0,-,Purple,cant,10,1,survived_horizon,36000,1200.00,True,3600,3598,3600,18,0,0,51040,51040,4,-1,1.0000,-1
Purple,8,bigblobbo,4,0,-,Purple,cant,15,1,survived_horizon,36000,1200.00,True,2400,2399,2400,12,0,0,51040,51040,4,-1,1.0000,-1
Purple,8,bigblobbo,4,0,-,Purple,cant,20,1,survived_horizon,36000,1200.00,True,1800,1799,1800,9,0,0,51040,51040,4,-1,1.0000,-1
Purple,8,bigblobbo,4,0,-,Purple,cant,30,1,survived_horizon,36000,1200.00,True,1200,1200,1200,6,0,0,51040,51040,4,-1,1.0000,-1
Purple,8,bigblobbo,4,0,-,Purple,cant,45,1,castle_destroyed,1224,40.80,False,28,27,28,4,0,0,51040,51040,4,-1,1.0000,1035
Purple,8,bigblobbo,4,0,-,Purple,cant,60,1,castle_destroyed,1264,42.13,False,22,21,22,3,0,0,51040,51040,4,-1,1.0000,964
Purple,8,bigblobbo,4,0,-,Purple,cant,90,1,castle_destroyed,983,32.77,False,11,11,11,2,0,0,51040,51040,4,-1,1.0000,941
Purple,8,bigblobbo,4,0,-,Purple,cant,120,1,castle_destroyed,911,30.37,False,8,8,8,2,0,0,51040,51040,4,-1,1.0000,902
Purple,8,bigblobbo,4,4,spike,Purple,cant,0,1,castle_destroyed,851,28.37,False,0,0,0,0,0,29,51765,51040,4,-1,1.0000,244
Purple,8,bigblobbo,4,4,spike,Purple,cant,1,1,force_destroyed,9051,301.70,False,9002,8909,9002,147,9002,301,58565,51040,0,9002,0.2259,-1
Purple,8,bigblobbo,4,4,spike,Purple,cant,2,1,castle_destroyed,21114,703.80,True,9704,9704,9704,64,9704,647,67215,51040,0,19408,1.0000,19444
Purple,8,bigblobbo,4,4,spike,Purple,cant,3,1,castle_destroyed,2765,92.17,False,922,919,922,40,0,93,53365,51040,4,-1,1.0000,2661
Purple,8,bigblobbo,4,4,spike,Purple,cant,5,1,castle_destroyed,1059,35.30,False,212,210,212,23,0,36,51940,51040,4,-1,1.0000,1019
Purple,8,bigblobbo,4,4,spike,Purple,cant,10,1,castle_destroyed,2594,86.47,False,260,259,260,11,0,87,53215,51040,4,-1,1.0000,424
Purple,8,bigblobbo,4,4,spike,Purple,cant,15,1,castle_destroyed,1549,51.63,False,104,103,104,7,0,52,52340,51040,4,-1,1.0000,324
Purple,8,bigblobbo,4,4,spike,Purple,cant,20,1,castle_destroyed,881,29.37,False,45,44,45,6,0,30,51790,51040,4,-1,1.0000,304
Purple,8,bigblobbo,4,4,spike,Purple,cant,30,1,castle_destroyed,1144,38.13,False,39,38,39,4,0,39,52015,51040,4,-1,1.0000,286
Purple,8,bigblobbo,4,4,spike,Purple,cant,45,1,castle_destroyed,851,28.37,False,19,19,19,3,0,29,51765,51040,4,-1,1.0000,266
Purple,8,bigblobbo,4,4,spike,Purple,cant,60,1,castle_destroyed,881,29.37,False,15,15,15,2,0,30,51790,51040,4,-1,1.0000,249
Purple,8,bigblobbo,4,4,spike,Purple,cant,90,1,castle_destroyed,851,28.37,False,10,10,10,2,0,29,51765,51040,4,-1,1.0000,248
Purple,8,bigblobbo,4,4,spike,Purple,cant,120,1,castle_destroyed,881,29.37,False,8,8,8,1,0,30,51790,51040,4,-1,1.0000,246
Purple,8,bigblobbo,5,0,-,Purple,cant,0,1,castle_destroyed,881,29.37,False,0,0,0,0,0,0,63800,63800,5,-1,1.0000,851
Purple,8,bigblobbo,5,0,-,Purple,cant,1,1,force_destroyed,6268,208.93,False,6268,6121,6268,158,6268,0,63800,63800,0,6268,0.1518,-1
Purple,8,bigblobbo,5,0,-,Purple,cant,2,1,force_destroyed,12179,405.97,False,6090,6006,6090,93,6090,0,63800,63800,0,12179,0.4329,-1
Purple,8,bigblobbo,5,0,-,Purple,cant,3,1,force_destroyed,18025,600.83,True,6009,5971,6009,62,6009,0,63800,63800,0,18025,0.7824,-1
Purple,8,bigblobbo,5,0,-,Purple,cant,5,1,force_destroyed,29397,979.90,True,5880,5869,5880,32,5880,0,63800,63800,0,29397,1.0000,-1
Purple,8,bigblobbo,5,0,-,Purple,cant,10,1,survived_horizon,36000,1200.00,True,3600,3598,3600,18,0,0,63800,63800,5,-1,1.0000,-1
Purple,8,bigblobbo,5,0,-,Purple,cant,15,1,survived_horizon,36000,1200.00,True,2400,2399,2400,12,0,0,63800,63800,5,-1,1.0000,-1
Purple,8,bigblobbo,5,0,-,Purple,cant,20,1,castle_destroyed,2387,79.57,False,120,119,120,9,0,0,63800,63800,5,-1,1.0000,2087
Purple,8,bigblobbo,5,0,-,Purple,cant,30,1,castle_destroyed,2046,68.20,False,69,68,69,6,0,0,63800,63800,5,-1,1.0000,1896
Purple,8,bigblobbo,5,0,-,Purple,cant,45,1,castle_destroyed,1222,40.73,False,28,27,28,4,0,0,63800,63800,5,-1,1.0000,997
Purple,8,bigblobbo,5,0,-,Purple,cant,60,1,castle_destroyed,1016,33.87,False,17,17,17,3,0,0,63800,63800,5,-1,1.0000,964
Purple,8,bigblobbo,5,0,-,Purple,cant,90,1,castle_destroyed,971,32.37,False,11,11,11,2,0,0,63800,63800,5,-1,1.0000,941
Purple,8,bigblobbo,5,0,-,Purple,cant,120,1,castle_destroyed,911,30.37,False,8,8,8,2,0,0,63800,63800,5,-1,1.0000,902
Purple,8,bigblobbo,5,4,spike,Purple,cant,0,1,castle_destroyed,851,28.37,False,0,0,0,0,0,29,64525,63800,5,-1,1.0000,244
Purple,8,bigblobbo,5,4,spike,Purple,cant,1,1,force_destroyed,10160,338.67,False,10114,10019,10114,147,10114,338,72250,63800,0,10114,0.2259,-1
Purple,8,bigblobbo,5,4,spike,Purple,cant,2,1,castle_destroyed,6509,216.97,False,3255,3250,3255,62,0,217,69225,63800,5,-1,1.0000,6419
Purple,8,bigblobbo,5,4,spike,Purple,cant,3,1,castle_destroyed,2544,84.80,False,848,845,848,40,0,85,65925,63800,5,-1,1.0000,2460
Purple,8,bigblobbo,5,4,spike,Purple,cant,5,1,castle_destroyed,1059,35.30,False,212,210,212,23,0,36,64700,63800,5,-1,1.0000,1019
Purple,8,bigblobbo,5,4,spike,Purple,cant,10,1,castle_destroyed,2509,83.63,False,251,250,251,11,0,84,65900,63800,5,-1,1.0000,424
Purple,8,bigblobbo,5,4,spike,Purple,cant,15,1,castle_destroyed,1524,50.80,False,102,101,102,7,0,51,65075,63800,5,-1,1.0000,324
Purple,8,bigblobbo,5,4,spike,Purple,cant,20,1,castle_destroyed,881,29.37,False,45,44,45,6,0,30,64550,63800,5,-1,1.0000,304
Purple,8,bigblobbo,5,4,spike,Purple,cant,30,1,castle_destroyed,1139,37.97,False,38,38,38,4,0,38,64750,63800,5,-1,1.0000,286
Purple,8,bigblobbo,5,4,spike,Purple,cant,45,1,castle_destroyed,851,28.37,False,19,19,19,3,0,29,64525,63800,5,-1,1.0000,266
Purple,8,bigblobbo,5,4,spike,Purple,cant,60,1,castle_destroyed,881,29.37,False,15,15,15,2,0,30,64550,63800,5,-1,1.0000,249
Purple,8,bigblobbo,5,4,spike,Purple,cant,90,1,castle_destroyed,851,28.37,False,10,10,10,2,0,29,64525,63800,5,-1,1.0000,248
Purple,8,bigblobbo,5,4,spike,Purple,cant,120,1,castle_destroyed,881,29.37,False,8,8,8,1,0,30,64550,63800,5,-1,1.0000,246
Red,5,birdo,0,4,lobbo,Red,derpyberd,0,1,castle_destroyed,901,30.03,False,0,0,0,0,0,31,403,0,0,-1,0.0000,143
Red,5,birdo,0,4,lobbo,Red,derpyberd,1,1,survived_horizon,36000,1200.00,True,36000,35751,36000,251,0,1200,15600,0,0,-1,0.0000,-1
Red,5,birdo,0,4,lobbo,Red,derpyberd,2,1,survived_horizon,36000,1200.00,True,18000,17993,18000,50,0,1200,15600,0,0,-1,0.0000,-1
Red,5,birdo,0,4,lobbo,Red,derpyberd,3,1,castle_destroyed,22110,737.00,True,7370,7365,7370,33,0,737,9581,0,0,-1,0.0000,564
Red,5,birdo,0,4,lobbo,Red,derpyberd,5,1,castle_destroyed,4235,141.17,False,847,844,847,20,0,142,1846,0,0,-1,0.0000,275
Red,5,birdo,0,4,lobbo,Red,derpyberd,10,1,castle_destroyed,1770,59.00,False,177,176,177,10,0,59,767,0,0,-1,0.0000,188
Red,5,birdo,0,4,lobbo,Red,derpyberd,15,1,castle_destroyed,1255,41.83,False,84,83,84,7,0,42,546,0,0,-1,0.0000,173
Red,5,birdo,0,4,lobbo,Red,derpyberd,20,1,castle_destroyed,1064,35.47,False,54,53,54,5,0,36,468,0,0,-1,0.0000,151
Red,5,birdo,0,4,lobbo,Red,derpyberd,30,1,castle_destroyed,928,30.93,False,31,31,31,4,0,31,403,0,0,-1,0.0000,151
Red,5,birdo,0,4,lobbo,Red,derpyberd,45,1,castle_destroyed,910,30.33,False,21,20,21,3,0,31,403,0,0,-1,0.0000,147
Red,5,birdo,0,4,lobbo,Red,derpyberd,60,1,castle_destroyed,908,30.27,False,16,15,16,2,0,31,403,0,0,-1,0.0000,149
Red,5,birdo,0,4,lobbo,Red,derpyberd,90,1,castle_destroyed,905,30.17,False,11,10,11,2,0,31,403,0,0,-1,0.0000,145
Red,5,birdo,0,4,lobbo,Red,derpyberd,120,1,castle_destroyed,905,30.17,False,8,8,8,1,0,31,403,0,0,-1,0.0000,148
Red,5,birdo,1,0,-,Red,derpyberd,0,1,castle_destroyed,5983,199.43,False,0,0,0,0,0,0,51,51,1,-1,1.0000,143
Red,5,birdo,1,0,-,Red,derpyberd,1,1,force_destroyed,150,5.00,False,150,17,150,133,150,0,51,51,0,150,0.6706,-1
Red,5,birdo,1,0,-,Red,derpyberd,2,1,force_destroyed,192,6.40,False,96,44,96,67,96,0,51,51,0,192,0.6718,-1
Red,5,birdo,1,0,-,Red,derpyberd,3,1,force_destroyed,258,8.60,False,86,57,86,41,86,0,51,51,0,258,0.6953,-1
Red,5,birdo,1,0,-,Red,derpyberd,5,1,force_destroyed,360,12.00,False,72,54,72,24,72,0,51,51,0,360,0.7500,-1
Red,5,birdo,1,0,-,Red,derpyberd,10,1,force_destroyed,646,21.53,False,65,62,65,11,65,0,51,51,0,646,1.0000,-1
Red,5,birdo,1,0,-,Red,derpyberd,15,1,force_destroyed,871,29.03,False,59,57,59,7,59,0,51,51,0,871,1.0000,-1
Red,5,birdo,1,0,-,Red,derpyberd,20,1,force_destroyed,1237,41.23,False,62,60,62,5,62,0,51,51,0,1237,1.0000,432
Red,5,birdo,1,0,-,Red,derpyberd,30,1,force_destroyed,1996,66.53,False,67,66,67,4,67,0,51,51,0,1996,1.0000,192
Red,5,birdo,1,0,-,Red,derpyberd,45,1,force_destroyed,2782,92.73,False,62,61,62,3,62,0,51,51,0,2782,1.0000,147
Red,5,birdo,1,0,-,Red,derpyberd,60,1,force_destroyed,3577,119.23,False,60,59,60,2,60,0,51,51,0,3577,1.0000,158
Red,5,birdo,1,0,-,Red,derpyberd,90,1,force_destroyed,5437,181.23,False,61,60,61,2,61,0,51,51,0,5437,1.0000,146
Red,5,birdo,1,0,-,Red,derpyberd,120,1,castle_destroyed,6914,230.47,False,58,58,58,1,0,0,51,51,1,-1,1.0000,157
Red,5,birdo,1,4,lobbo,Red,derpyberd,0,1,castle_destroyed,852,28.40,False,0,0,0,0,0,29,428,51,1,-1,1.0000,143
Red,5,birdo,1,4,lobbo,Red,derpyberd,1,1,force_destroyed,288,9.60,False,206,177,206,106,206,7,142,51,0,206,0.6706,-1
Red,5,birdo,1,4,lobbo,Red,derpyberd,2,1,castle_destroyed,3771,125.70,False,161,161,161,50,161,11,194,51,0,322,0.8035,404
Red,5,birdo,1,4,lobbo,Red,derpyberd,3,1,castle_destroyed,2517,83.90,False,149,149,149,33,149,15,246,51,0,445,0.9629,472
Red,5,birdo,1,4,lobbo,Red,derpyberd,5,1,castle_destroyed,1775,59.17,False,126,126,126,20,126,21,324,51,0,626,1.0000,264
Red,5,birdo,1,4,lobbo,Red,derpyberd,10,1,castle_destroyed,1402,46.73,False,116,116,116,10,116,39,558,51,0,1156,1.0000,180
Red,5,birdo,1,4,lobbo,Red,derpyberd,15,1,castle_destroyed,1109,36.97,False,74,73,74,7,0,37,532,51,1,-1,1.0000,157
Red,5,birdo,1,4,lobbo,Red,derpyberd,20,1,castle_destroyed,985,32.83,False,50,49,50,5,0,33,480,51,1,-1,1.0000,151
Red,5,birdo,1,4,lobbo,Red,derpyberd,30,1,castle_destroyed,876,29.20,False,30,29,30,4,0,30,441,51,1,-1,1.0000,151
Red,5,birdo,1,4,lobbo,Red,derpyberd,45,1,castle_destroyed,863,28.77,False,20,19,20,3,0,29,428,51,1,-1,1.0000,147
Red,5,birdo,1,4,lobbo,Red,derpyberd,60,1,castle_destroyed,860,28.67,False,15,15,15,2,0,29,428,51,1,-1,1.0000,149
Red,5,birdo,1,4,lobbo,Red,derpyberd,90,1,castle_destroyed,858,28.60,False,10,10,10,2,0,29,428,51,1,-1,1.0000,145
Red,5,birdo,1,4,lobbo,Red,derpyberd,120,1,castle_destroyed,857,28.57,False,8,8,8,1,0,29,428,51,1,-1,1.0000,148
Red,5,birdo,2,0,-,Red,derpyberd,0,1,castle_destroyed,3071,102.37,False,0,0,0,0,0,0,102,102,2,-1,1.0000,143
Red,5,birdo,2,0,-,Red,derpyberd,1,1,force_destroyed,228,7.60,False,228,129,228,112,228,0,102,102,0,228,0.6706,-1
Red,5,birdo,2,0,-,Red,derpyberd,2,1,force_destroyed,296,9.87,False,148,96,148,55,148,0,102,102,0,296,0.6759,-1
Red,5,birdo,2,0,-,Red,derpyberd,3,1,force_destroyed,348,11.60,False,116,90,116,36,116,0,102,102,0,348,0.7571,-1
Red,5,birdo,2,0,-,Red,derpyberd,5,1,force_destroyed,478,15.93,False,96,86,96,22,96,0,102,102,0,478,0.8859,-1
Red,5,birdo,2,0,-,Red,derpyberd,10,1,force_destroyed,796,26.53,False,80,78,80,11,80,0,102,102,0,796,1.0000,-1
Red,5,birdo,2,0,-,Red,derpyberd,15,1,force_destroyed,1439,47.97,False,96,93,96,7,96,0,102,102,0,1439,1.0000,224
Red,5,birdo,2,0,-,Red,derpyberd,20,1,force_destroyed,2111,70.37,False,106,103,106,5,106,0,102,102,0,2111,1.0000,188
Red,5,birdo,2,0,-,Red,derpyberd,30,1,force_destroyed,2686,89.53,False,90,90,90,4,90,0,102,102,0,2686,1.0000,176
Red,5,birdo,2,0,-,Red,derpyberd,45,1,force_destroyed,3616,120.53,False,81,80,81,3,81,0,102,102,0,3616,1.0000,147
Red,5,birdo,2,0,-,Red,derpyberd,60,1,castle_destroyed,3573,119.10,False,60,60,60,2,0,0,102,102,2,-1,1.0000,158
Red,5,birdo,2,0,-,Red,derpyberd,90,1,castle_destroyed,3362,112.07,False,38,38,38,2,0,0,102,102,2,-1,1.0000,146
Red,5,birdo,2,0,-,Red,derpyberd,120,1,castle_destroyed,3533,117.77,False,30,30,30,1,0,0,102,102,2,-1,1.0000,157
Red,5,birdo,2,4,lobbo,Red,derpyberd,0,1,castle_destroyed,809,26.97,False,0,0,0,0,0,27,453,102,2,-1,1.0000,143
Red,5,birdo,2,4,lobbo,Red,derpyberd,1,1,force_destroyed,350,11.67,False,265,242,265,103,265,9,219,102,0,265,0.6706,-1
Red,5,birdo,2,4,lobbo,Red,derpyberd,2,1,castle_destroyed,3800,126.67,False,178,178,178,50,178,12,258,102,0,356,0.8159,433
Red,5,birdo,2,4,lobbo,Red,derpyberd,3,1,castle_destroyed,2172,72.40,False,149,149,149,33,149,15,297,102,0,445,1.0000,426
Red,5,birdo,2,4,lobbo,Red,derpyberd,5,1,castle_destroyed,1755,58.50,False,138,138,138,20,138,23,401,102,0,686,1.0000,263
Red,5,birdo,2,4,lobbo,Red,derpyberd,10,1,castle_destroyed,1305,43.50,False,128,128,128,10,128,43,661,102,0,1276,1.0000,180
Red,5,birdo,2,4,lobbo,Red,derpyberd,15,1,castle_destroyed,1008,33.60,False,68,67,68,7,0,34,544,102,2,-1,1.0000,157
Red,5,birdo,2,4,lobbo,Red,derpyberd,20,1,castle_destroyed,906,30.20,False,46,45,46,5,0,31,505,102,2,-1,1.0000,151
Red,5,birdo,2,4,lobbo,Red,derpyberd,30,1,castle_destroyed,829,27.63,False,28,28,28,4,0,28,466,102,2,-1,1.0000,151
Red,5,birdo,2,4,lobbo,Red,derpyberd,45,1,castle_destroyed,819,27.30,False,19,18,19,3,0,28,466,102,2,-1,1.0000,147
Red,5,birdo,2,4,lobbo,Red,derpyberd,60,1,castle_destroyed,814,27.13,False,14,14,14,2,0,28,466,102,2,-1,1.0000,149
Red,5,birdo,2,4,lobbo,Red,derpyberd,90,1,castle_destroyed,813,27.10,False,10,9,10,2,0,28,466,102,2,-1,1.0000,145
Red,5,birdo,2,4,lobbo,Red,derpyberd,120,1,castle_destroyed,813,27.10,False,7,7,7,1,0,28,466,102,2,-1,1.0000,148
Red,5,birdo,3,0,-,Red,derpyberd,0,1,castle_destroyed,2111,70.37,False,0,0,0,0,0,0,153,153,3,-1,1.0000,143
Red,5,birdo,3,0,-,Red,derpyberd,1,1,force_destroyed,272,9.07,False,272,175,272,110,272,0,153,153,0,272,0.6706,-1
Red,5,birdo,3,0,-,Red,derpyberd,2,1,force_destroyed,343,11.43,False,172,124,172,55,172,0,153,153,0,343,0.7253,-1
Red,5,birdo,3,0,-,Red,derpyberd,3,1,force_destroyed,400,13.33,False,134,108,134,36,134,0,153,153,0,400,0.8065,-1
Red,5,birdo,3,0,-,Red,derpyberd,5,1,force_destroyed,524,17.47,False,105,98,105,22,105,0,153,153,0,524,0.9559,-1
Red,5,birdo,3,0,-,Red,derpyberd,10,1,force_destroyed,1100,36.67,False,110,106,110,11,110,0,153,153,0,1100,1.0000,240
Red,5,birdo,3,0,-,Red,derpyberd,15,1,force_destroyed,1709,56.97,False,114,111,114,7,114,0,153,153,0,1709,1.0000,206
Red,5,birdo,3,0,-,Red,derpyberd,20,1,force_destroyed,2256,75.20,False,113,112,113,5,113,0,153,153,0,2256,1.0000,188
Red,5,birdo,3,0,-,Red,derpyberd,30,1,force_destroyed,2806,93.53,False,94,93,94,4,94,0,153,153,0,2806,1.0000,176
Red,5,birdo,3,0,-,Red,derpyberd,45,1,castle_destroyed,2427,80.90,False,54,54,54,3,0,0,153,153,3,-1,1.0000,147
Red,5,birdo,3,0,-,Red,derpyberd,60,1,castle_destroyed,2341,78.03,False,40,39,40,2,0,0,153,153,3,-1,1.0000,158
Red,5,birdo,3,0,-,Red,derpyberd,90,1,castle_destroyed,2237,74.57,False,25,25,25,2,0,0,153,153,3,-1,1.0000,146
Red,5,birdo,3,0,-,Red,derpyberd,120,1,castle_destroyed,2205,73.50,False,19,19,19,1,0,0,153,153,3,-1,1.0000,157
Red,5,birdo,3,4,lobbo,Red,derpyberd,0,1,castle_destroyed,769,25.63,False,0,0,0,0,0,26,491,153,3,-1,1.0000,143
Red,5,birdo,3,4,lobbo,Red,derpyberd,1,1,force_destroyed,380,12.67,False,295,272,295,103,295,10,283,153,0,295,0.6706,-1
Red,5,birdo,3,4,lobbo,Red,derpyberd,2,1,castle_destroyed,3005,100.17,False,196,196,196,50,196,14,335,153,0,392,0.8324,464
Red,5,birdo,3,4,lobbo,Red,derpyberd,3,1,castle_destroyed,2190,73.00,False,160,160,160,33,160,16,361,153,0,478,1.0000,402
Red,5,birdo,3,4,lobbo,Red,derpyberd,5,1,castle_destroyed,1733,57.77,False,151,151,151,20,151,26,491,153,0,751,1.0000,263
Red,5,birdo,3,4,lobbo,Red,derpyberd,10,1,castle_destroyed,1121,37.37,False,113,111,113,10,0,38,647,153,3,-1,1.0000,180
Red,5,birdo,3,4,lobbo,Red,derpyberd,15,1,castle_destroyed,921,30.70,False,62,61,62,7,0,31,556,153,3,-1,1.0000,157
Red,5,birdo,3,4,lobbo,Red,derpyberd,20,1,castle_destroyed,842,28.07,False,43,42,43,5,0,29,530,153,3,-1,1.0000,151
Red,5,birdo,3,4,lobbo,Red,derpyberd,30,1,castle_destroyed,788,26.27,False,27,26,27,4,0,27,504,153,3,-1,1.0000,151
Red,5,birdo,3,4,lobbo,Red,derpyberd,45,1,castle_destroyed,779,25.97,False,18,17,18,3,0,26,491,153,3,-1,1.0000,147
Red,5,birdo,3,4,lobbo,Red,derpyberd,60,1,castle_destroyed,777,25.90,False,13,13,13,2,0,26,491,153,3,-1,1.0000,149
Red,5,birdo,3,4,lobbo,Red,derpyberd,90,1,castle_destroyed,774,25.80,False,9,9,9,2,0,26,491,153,3,-1,1.0000,145
Red,5,birdo,3,4,lobbo,Red,derpyberd,120,1,castle_destroyed,773,25.77,False,7,7,7,1,0,26,491,153,3,-1,1.0000,148
Red,5,birdo,4,0,-,Red,derpyberd,0,1,castle_destroyed,1643,54.77,False,0,0,0,0,0,0,204,204,4,-1,1.0000,143
Red,5,birdo,4,0,-,Red,derpyberd,1,1,force_destroyed,305,10.17,False,305,202,305,110,305,0,204,204,0,305,0.6706,-1
Red,5,birdo,4,0,-,Red,derpyberd,2,1,force_destroyed,388,12.93,False,194,146,194,55,194,0,204,204,0,388,0.7253,-1
Red,5,birdo,4,0,-,Red,derpyberd,3,1,force_destroyed,449,14.97,False,150,129,150,36,150,0,204,204,0,449,0.8476,-1
Red,5,birdo,4,0,-,Red,derpyberd,5,1,force_destroyed,564,18.80,False,113,109,113,22,113,0,204,204,0,564,1.0000,484
Red,5,birdo,4,0,-,Red,derpyberd,10,1,force_destroyed,1239,41.30,False,124,120,124,11,124,0,204,204,0,1239,1.0000,233
Red,5,birdo,4,0,-,Red,derpyberd,15,1,force_destroyed,1756,58.53,False,118,116,118,7,118,0,204,204,0,1756,1.0000,206
Red,5,birdo,4,0,-,Red,derpyberd,20,1,castle_destroyed,2125,70.83,False,107,106,107,5,0,0,204,204,4,-1,1.0000,188
Red,5,birdo,4,0,-,Red,derpyberd,30,1,castle_destroyed,1939,64.63,False,65,65,65,4,0,0,204,204,4,-1,1.0000,176
Red,5,birdo,4,0,-,Red,derpyberd,45,1,castle_destroyed,1789,59.63,False,40,40,40,3,0,0,204,204,4,-1,1.0000,147
Red,5,birdo,4,0,-,Red,derpyberd,60,1,castle_destroyed,1753,58.43,False,30,29,30,2,0,0,204,204,4,-1,1.0000,158
Red,5,birdo,4,0,-,Red,derpyberd,90,1,castle_destroyed,1709,56.97,False,19,19,19,2,0,0,204,204,4,-1,1.0000,146
Red,5,birdo,4,0,-,Red,derpyberd,120,1,castle_destroyed,1693,56.43,False,15,14,15,1,0,0,204,204,4,-1,1.0000,157
Red,5,birdo,4,4,lobbo,Red,derpyberd,0,1,castle_destroyed,735,24.50,False,0,0,0,0,0,25,529,204,4,-1,1.0000,143
Red,5,birdo,4,4,lobbo,Red,derpyberd,1,1,force_destroyed,410,13.67,False,325,302,325,103,325,11,347,204,0,325,0.6706,-1
Red,5,birdo,4,4,lobbo,Red,derpyberd,2,1,castle_destroyed,3858,128.60,False,210,210,210,50,210,14,386,204,0,420,0.8488,486
Red,5,birdo,4,4,lobbo,Red,derpyberd,3,1,castle_destroyed,2228,74.27,False,176,176,176,33,176,18,438,204,0,526,1.0000,413
Red,5,birdo,4,4,lobbo,Red,derpyberd,5,1,castle_destroyed,1683,56.10,False,162,162,162,20,162,27,555,204,0,806,1.0000,255
Red,5,birdo,4,4,lobbo,Red,derpyberd,10,1,castle_destroyed,1009,33.63,False,101,100,101,10,0,34,646,204,4,-1,1.0000,180
Red,5,birdo,4,4,lobbo,Red,derpyberd,15,1,castle_destroyed,857,28.57,False,58,57,58,7,0,29,581,204,4,-1,1.0000,157
Red,5,birdo,4,4,lobbo,Red,derpyberd,20,1,castle_destroyed,790,26.33,False,40,39,40,5,0,27,555,204,4,-1,1.0000,151
Red,5,birdo,4,4,lobbo,Red,derpyberd,30,1,castle_destroyed,752,25.07,False,26,25,26,4,0,26,542,204,4,-1,1.0000,151
Red,5,birdo,4,4,lobbo,Red,derpyberd,45,1,castle_destroyed,747,24.90,False,17,17,17,3,0,25,529,204,4,-1,1.0000,147
Red,5,birdo,4,4,lobbo,Red,derpyberd,60,1,castle_destroyed,743,24.77,False,13,13,13,2,0,25,529,204,4,-1,1.0000,149
Red,5,birdo,4,4,lobbo,Red,derpyberd,90,1,castle_destroyed,740,24.67,False,9,9,9,2,0,25,529,204,4,-1,1.0000,145
Red,5,birdo,4,4,lobbo,Red,derpyberd,120,1,castle_destroyed,739,24.63,False,7,7,7,1,0,25,529,204,4,-1,1.0000,148
Red,5,birdo,5,0,-,Red,derpyberd,0,1,castle_destroyed,1367,45.57,False,0,0,0,0,0,0,255,255,5,-1,1.0000,143
Red,5,birdo,5,0,-,Red,derpyberd,1,1,force_destroyed,333,11.10,False,333,230,333,110,333,0,255,255,0,333,0.6706,-1
Red,5,birdo,5,0,-,Red,derpyberd,2,1,force_destroyed,418,13.93,False,209,161,209,55,209,0,255,255,0,418,0.7253,-1
Red,5,birdo,5,0,-,Red,derpyberd,3,1,force_destroyed,493,16.43,False,165,147,165,36,165,0,255,255,0,493,0.9135,-1
Red,5,birdo,5,0,-,Red,derpyberd,5,1,force_destroyed,663,22.10,False,133,127,133,22,133,0,255,255,0,663,1.0000,484
Red,5,birdo,5,0,-,Red,derpyberd,10,1,force_destroyed,1220,40.67,False,122,119,122,11,122,0,255,255,0,1220,1.0000,233
Red,5,birdo,5,0,-,Red,derpyberd,15,1,force_destroyed,1786,59.53,False,120,118,120,7,120,0,255,255,0,1786,1.0000,206
Red,5,birdo,5,0,-,Red,derpyberd,20,1,castle_destroyed,1693,56.43,False,85,84,85,5,0,0,255,255,5,-1,1.0000,188
Red,5,birdo,5,0,-,Red,derpyberd,30,1,castle_destroyed,1543,51.43,False,52,51,52,4,0,0,255,255,5,-1,1.0000,176
Red,5,birdo,5,0,-,Red,derpyberd,45,1,castle_destroyed,1463,48.77,False,33,33,33,3,0,0,255,255,5,-1,1.0000,147
Red,5,birdo,5,0,-,Red,derpyberd,60,1,castle_destroyed,1435,47.83,False,24,24,24,2,0,0,255,255,5,-1,1.0000,158
Red,5,birdo,5,0,-,Red,derpyberd,90,1,castle_destroyed,1410,47.00,False,16,16,16,2,0,0,255,255,5,-1,1.0000,146
Red,5,birdo,5,0,-,Red,derpyberd,120,1,castle_destroyed,1401,46.70,False,12,12,12,1,0,0,255,255,5,-1,1.0000,157
Red,5,birdo,5,4,lobbo,Red,derpyberd,0,1,castle_destroyed,707,23.57,False,0,0,0,0,0,24,567,255,5,-1,1.0000,143
Red,5,birdo,5,4,lobbo,Red,derpyberd,1,1,force_destroyed,440,14.67,False,359,333,359,103,359,12,411,255,0,359,0.6706,-1
Red,5,birdo,5,4,lobbo,Red,derpyberd,2,1,castle_destroyed,2551,85.03,False,226,226,226,50,226,16,463,255,0,452,0.8653,511
Red,5,birdo,5,4,lobbo,Red,derpyberd,3,1,castle_destroyed,2237,74.57,False,200,200,200,33,200,20,515,255,0,598,1.0000,377
Red,5,birdo,5,4,lobbo,Red,derpyberd,5,1,castle_destroyed,1657,55.23,False,176,176,176,20,176,30,645,255,0,876,1.0000,255
Red,5,birdo,5,4,lobbo,Red,derpyberd,10,1,castle_destroyed,929,30.97,False,93,92,93,10,0,31,658,255,5,-1,1.0000,180
Red,5,birdo,5,4,lobbo,Red,derpyberd,15,1,castle_destroyed,803,26.77,False,54,53,54,7,0,27,606,255,5,-1,1.0000,157
Red,5,birdo,5,4,lobbo,Red,derpyberd,20,1,castle_destroyed,749,24.97,False,38,37,38,5,0,25,580,255,5,-1,1.0000,151
Red,5,birdo,5,4,lobbo,Red,derpyberd,30,1,castle_destroyed,720,24.00,False,24,24,24,4,0,24,567,255,5,-1,1.0000,151
Red,5,birdo,5,4,lobbo,Red,derpyberd,45,1,castle_destroyed,716,23.87,False,16,16,16,3,0,24,567,255,5,-1,1.0000,147
Red,5,birdo,5,4,lobbo,Red,derpyberd,60,1,castle_destroyed,713,23.77,False,12,12,12,2,0,24,567,255,5,-1,1.0000,149
Red,5,birdo,5,4,lobbo,Red,derpyberd,90,1,castle_destroyed,711,23.70,False,8,8,8,2,0,24,567,255,5,-1,1.0000,145
Red,5,birdo,5,4,lobbo,Red,derpyberd,120,1,castle_destroyed,711,23.70,False,6,6,6,1,0,24,567,255,5,-1,1.0000,148
Red,6,the_puncher,0,4,lobbo,Red,derpyberd,0,1,castle_destroyed,901,30.03,False,0,0,0,0,0,31,403,0,0,-1,0.0000,143
Red,6,the_puncher,0,4,lobbo,Red,derpyberd,1,1,survived_horizon,36000,1200.00,True,36000,35751,36000,251,0,1200,15600,0,0,-1,0.0000,-1
Red,6,the_puncher,0,4,lobbo,Red,derpyberd,2,1,survived_horizon,36000,1200.00,True,18000,17993,18000,50,0,1200,15600,0,0,-1,0.0000,-1
Red,6,the_puncher,0,4,lobbo,Red,derpyberd,3,1,castle_destroyed,22110,737.00,True,7370,7365,7370,33,0,737,9581,0,0,-1,0.0000,564
Red,6,the_puncher,0,4,lobbo,Red,derpyberd,5,1,castle_destroyed,4235,141.17,False,847,844,847,20,0,142,1846,0,0,-1,0.0000,275
Red,6,the_puncher,0,4,lobbo,Red,derpyberd,10,1,castle_destroyed,1770,59.00,False,177,176,177,10,0,59,767,0,0,-1,0.0000,188
Red,6,the_puncher,0,4,lobbo,Red,derpyberd,15,1,castle_destroyed,1255,41.83,False,84,83,84,7,0,42,546,0,0,-1,0.0000,173
Red,6,the_puncher,0,4,lobbo,Red,derpyberd,20,1,castle_destroyed,1064,35.47,False,54,53,54,5,0,36,468,0,0,-1,0.0000,151
Red,6,the_puncher,0,4,lobbo,Red,derpyberd,30,1,castle_destroyed,928,30.93,False,31,31,31,4,0,31,403,0,0,-1,0.0000,151
Red,6,the_puncher,0,4,lobbo,Red,derpyberd,45,1,castle_destroyed,910,30.33,False,21,20,21,3,0,31,403,0,0,-1,0.0000,147
Red,6,the_puncher,0,4,lobbo,Red,derpyberd,60,1,castle_destroyed,908,30.27,False,16,15,16,2,0,31,403,0,0,-1,0.0000,149
Red,6,the_puncher,0,4,lobbo,Red,derpyberd,90,1,castle_destroyed,905,30.17,False,11,10,11,2,0,31,403,0,0,-1,0.0000,145
Red,6,the_puncher,0,4,lobbo,Red,derpyberd,120,1,castle_destroyed,905,30.17,False,8,8,8,1,0,31,403,0,0,-1,0.0000,148
Red,6,the_puncher,1,0,-,Red,derpyberd,0,1,castle_destroyed,1403,46.77,False,0,0,0,0,0,0,324,324,1,-1,1.0000,115
Red,6,the_puncher,1,0,-,Red,derpyberd,1,1,force_destroyed,207,6.90,False,207,83,207,138,207,0,324,324,0,207,0.7235,-1
Red,6,the_puncher,1,0,-,Red,derpyberd,2,1,force_destroyed,362,12.07,False,181,114,181,67,181,0,324,324,0,362,0.7253,-1
Red,6,the_puncher,1,0,-,Red,derpyberd,3,1,force_destroyed,507,16.90,False,169,130,169,44,169,0,324,324,0,507,0.7665,-1
Red,6,the_puncher,1,0,-,Red,derpyberd,5,1,force_destroyed,821,27.37,False,165,152,165,24,165,0,324,324,0,821,0.8447,-1
Red,6,the_puncher,1,0,-,Red,derpyberd,10,1,force_destroyed,1380,46.00,False,138,135,138,10,138,0,324,324,0,1380,1.0000,-1
Red,6,the_puncher,1,0,-,Red,derpyberd,15,1,force_destroyed,2182,72.73,False,146,143,146,7,146,0,324,324,0,2182,1.0000,-1
Red,6,the_puncher,1,0,-,Red,derpyberd,20,1,force_destroyed,3396,113.20,False,170,169,170,5,170,0,324,324,0,3396,1.0000,-1
Red,6,the_puncher,1,0,-,Red,derpyberd,30,1,force_destroyed,4726,157.53,False,158,157,158,3,158,0,324,324,0,4726,1.0000,885
Red,6,the_puncher,1,0,-,Red,derpyberd,45,1,castle_destroyed,3697,123.23,False,83,82,83,2,0,0,324,324,1,-1,1.0000,195
Red,6,the_puncher,1,0,-,Red,derpyberd,60,1,castle_destroyed,2594,86.47,False,44,43,44,2,0,0,324,324,1,-1,1.0000,167
Red,6,the_puncher,1,0,-,Red,derpyberd,90,1,castle_destroyed,2029,67.63,False,23,23,23,1,0,0,324,324,1,-1,1.0000,141
Red,6,the_puncher,1,0,-,Red,derpyberd,120,1,castle_destroyed,1796,59.87,False,15,15,15,1,0,0,324,324,1,-1,1.0000,116
Red,6,the_puncher,1,4,lobbo,Red,derpyberd,0,1,castle_destroyed,701,23.37,False,0,0,0,0,0,24,636,324,1,-1,1.0000,115
Red,6,the_puncher,1,4,lobbo,Red,derpyberd,1,1,force_destroyed,619,20.63,False,520,510,520,104,520,18,558,324,0,520,0.7235,-1
Red,6,the_puncher,1,4,lobbo,Red,derpyberd,2,1,castle_destroyed,2766,92.20,False,514,514,514,53,514,35,779,324,0,1028,1.0000,773
Red,6,the_puncher,1,4,lobbo,Red,derpyberd,3,1,castle_destroyed,2820,94.00,False,486,486,486,35,486,49,961,324,0,1456,1.0000,474
Red,6,the_puncher,1,4,lobbo,Red,derpyberd,5,1,castle_destroyed,1538,51.27,False,308,305,308,20,0,52,1000,324,1,-1,1.0000,229
Red,6,the_puncher,1,4,lobbo,Red,derpyberd,10,1,castle_destroyed,988,32.93,False,99,98,99,10,0,33,753,324,1,-1,1.0000,195
Red,6,the_puncher,1,4,lobbo,Red,derpyberd,15,1,castle_destroyed,858,28.60,False,58,57,58,7,0,29,701,324,1,-1,1.0000,163
Red,6,the_puncher,1,4,lobbo,Red,derpyberd,20,1,castle_destroyed,741,24.70,False,38,37,38,5,0,25,649,324,1,-1,1.0000,147
Red,6,the_puncher,1,4,lobbo,Red,derpyberd,30,1,castle_destroyed,729,24.30,False,25,24,25,3,0,25,649,324,1,-1,1.0000,146
Red,6,the_puncher,1,4,lobbo,Red,derpyberd,45,1,castle_destroyed,730,24.33,False,17,16,17,2,0,25,649,324,1,-1,1.0000,142
Red,6,the_puncher,1,4,lobbo,Red,derpyberd,60,1,castle_destroyed,717,23.90,False,12,12,12,2,0,24,636,324,1,-1,1.0000,143
Red,6,the_puncher,1,4,lobbo,Red,derpyberd,90,1,castle_destroyed,715,23.83,False,8,8,8,1,0,24,636,324,1,-1,1.0000,141
Red,6,the_puncher,1,4,lobbo,Red,derpyberd,120,1,castle_destroyed,704,23.47,False,6,6,6,1,0,24,636,324,1,-1,1.0000,116
Red,6,the_puncher,2,0,-,Red,derpyberd,0,1,castle_destroyed,761,25.37,False,0,0,0,0,0,0,648,648,2,-1,1.0000,115
Red,6,the_puncher,2,0,-,Red,derpyberd,1,1,force_destroyed,399,13.30,False,399,268,399,131,399,0,648,648,0,399,0.7235,-1
Red,6,the_puncher,2,0,-,Red,derpyberd,2,1,force_destroyed,578,19.27,False,289,236,289,57,289,0,648,648,0,578,0.7459,-1
Red,6,the_puncher,2,0,-,Red,derpyberd,3,1,force_destroyed,836,27.87,False,279,255,279,36,279,0,648,648,0,836,0.9229,-1
Red,6,the_puncher,2,0,-,Red,derpyberd,5,1,force_destroyed,1143,38.10,False,229,222,229,23,229,0,648,648,0,1143,0.9988,-1
Red,6,the_puncher,2,0,-,Red,derpyberd,10,1,force_destroyed,2373,79.10,False,238,234,238,10,238,0,648,648,0,2373,1.0000,704
Red,6,the_puncher,2,0,-,Red,derpyberd,15,1,castle_destroyed,2526,84.20,False,169,168,169,7,0,0,648,648,2,-1,1.0000,344
Red,6,the_puncher,2,0,-,Red,derpyberd,20,1,castle_destroyed,1889,62.97,False,95,94,95,5,0,0,648,648,2,-1,1.0000,251
Red,6,the_puncher,2,0,-,Red,derpyberd,30,1,castle_destroyed,1440,48.00,False,48,48,48,3,0,0,648,648,2,-1,1.0000,182
Red,6,the_puncher,2,0,-,Red,derpyberd,45,1,castle_destroyed,1089,36.30,False,25,24,25,2,0,0,648,648,2,-1,1.0000,146
Red,6,the_puncher,2,0,-,Red,derpyberd,60,1,castle_destroyed,985,32.83,False,17,17,17,2,0,0,648,648,2,-1,1.0000,145
Red,6,the_puncher,2,0,-,Red,derpyberd,90,1,castle_destroyed,897,29.90,False,10,10,10,1,0,0,648,648,2,-1,1.0000,141
Red,6,the_puncher,2,0,-,Red,derpyberd,120,1,castle_destroyed,845,28.17,False,8,7,8,1,0,0,648,648,2,-1,1.0000,116
Red,6,the_puncher,2,4,lobbo,Red,derpyberd,0,1,castle_destroyed,563,18.77,False,0,0,0,0,0,19,895,648,2,-1,1.0000,115
Red,6,the_puncher,2,4,lobbo,Red,derpyberd,1,1,castle_destroyed,10877,362.57,False,675,675,675,102,675,23,947,648,0,675,0.7235,818
Red,6,the_puncher,2,4,lobbo,Red,derpyberd,2,1,castle_destroyed,2755,91.83,False,547,547,547,53,547,37,1129,648,0,1094,1.0000,705
Red,6,the_puncher,2,4,lobbo,Red,derpyberd,3,1,castle_destroyed,2291,76.37,False,514,514,514,35,514,52,1324,648,0,1540,1.0000,354
Red,6,the_puncher,2,4,lobbo,Red,derpyberd,5,1,castle_destroyed,1022,34.07,False,205,202,205,20,0,35,1103,648,2,-1,1.0000,225
Red,6,the_puncher,2,4,lobbo,Red,derpyberd,10,1,castle_destroyed,764,25.47,False,77,75,77,10,0,26,986,648,2,-1,1.0000,174
Red,6,the_puncher,2,4,lobbo,Red,derpyberd,15,1,castle_destroyed,653,21.77,False,44,43,44,7,0,22,934,648,2,-1,1.0000,158
Red,6,the_puncher,2,4,lobbo,Red,derpyberd,20,1,castle_destroyed,590,19.67,False,30,29,30,5,0,20,908,648,2,-1,1.0000,147
Red,6,the_puncher,2,4,lobbo,Red,derpyberd,30,1,castle_destroyed,597,19.90,False,20,20,20,3,0,20,908,648,2,-1,1.0000,145
Red,6,the_puncher,2,4,lobbo,Red,derpyberd,45,1,castle_destroyed,581,19.37,False,13,13,13,2,0,20,908,648,2,-1,1.0000,142
Red,6,the_puncher,2,4,lobbo,Red,derpyberd,60,1,castle_destroyed,587,19.57,False,10,10,10,2,0,20,908,648,2,-1,1.0000,143
Red,6,the_puncher,2,4,lobbo,Red,derpyberd,90,1,castle_destroyed,578,19.27,False,7,7,7,1,0,20,908,648,2,-1,1.0000,141
Red,6,the_puncher,2,4,lobbo,Red,derpyberd,120,1,castle_destroyed,565,18.83,False,5,5,5,1,0,19,895,648,2,-1,1.0000,116
Red,6,the_puncher,3,0,-,Red,derpyberd,0,1,castle_destroyed,565,18.83,False,0,0,0,0,0,0,972,972,3,-1,1.0000,115
Red,6,the_puncher,3,0,-,Red,derpyberd,1,1,force_destroyed,444,14.80,False,444,335,444,112,444,0,972,972,0,444,0.7235,-1
Red,6,the_puncher,3,0,-,Red,derpyberd,2,1,force_destroyed,749,24.97,False,375,325,375,54,375,0,972,972,0,749,0.7500,-1
Red,6,the_puncher,3,0,-,Red,derpyberd,3,1,force_destroyed,1001,33.37,False,334,324,334,36,334,0,972,972,0,1001,1.0000,-1
Red,6,the_puncher,3,0,-,Red,derpyberd,5,1,force_destroyed,1538,51.27,False,308,297,308,21,308,0,972,972,0,1538,1.0000,599
Red,6,the_puncher,3,0,-,Red,derpyberd,10,1,castle_destroyed,1990,66.33,False,199,198,199,10,0,0,972,972,3,-1,1.0000,285
Red,6,the_puncher,3,0,-,Red,derpyberd,15,1,castle_destroyed,1369,45.63,False,92,91,92,7,0,0,972,972,3,-1,1.0000,223
Red,6,the_puncher,3,0,-,Red,derpyberd,20,1,castle_destroyed,1037,34.57,False,52,52,52,5,0,0,972,972,3,-1,1.0000,193
Red,6,the_puncher,3,0,-,Red,derpyberd,30,1,castle_destroyed,791,26.37,False,27,26,27,3,0,0,972,972,3,-1,1.0000,175
Red,6,the_puncher,3,0,-,Red,derpyberd,45,1,castle_destroyed,706,23.53,False,16,16,16,2,0,0,972,972,3,-1,1.0000,146
Red,6,the_puncher,3,0,-,Red,derpyberd,60,1,castle_destroyed,651,21.70,False,11,11,11,2,0,0,972,972,3,-1,1.0000,145
Red,6,the_puncher,3,0,-,Red,derpyberd,90,1,castle_destroyed,621,20.70,False,7,7,7,1,0,0,972,972,3,-1,1.0000,141
Red,6,the_puncher,3,0,-,Red,derpyberd,120,1,castle_destroyed,595,19.83,False,5,5,5,1,0,0,972,972,3,-1,1.0000,116
Red,6,the_puncher,3,4,lobbo,Red,derpyberd,0,1,castle_destroyed,479,15.97,False,0,0,0,0,0,16,1180,972,3,-1,1.0000,115
Red,6,the_puncher,3,4,lobbo,Red,derpyberd,1,1,castle_destroyed,10907,363.57,False,704,704,704,102,704,24,1284,972,0,704,0.7235,848
Red,6,the_puncher,3,4,lobbo,Red,derpyberd,2,1,castle_destroyed,3113,103.77,False,567,567,567,53,567,38,1466,972,0,1134,1.0000,705
Red,6,the_puncher,3,4,lobbo,Red,derpyberd,3,1,castle_destroyed,2252,75.07,False,529,529,529,35,529,53,1661,972,0,1585,1.0000,354
Red,6,the_puncher,3,4,lobbo,Red,derpyberd,5,1,castle_destroyed,792,26.40,False,159,156,159,20,0,27,1323,972,3,-1,1.0000,214
Red,6,the_puncher,3,4,lobbo,Red,derpyberd,10,1,castle_destroyed,595,19.83,False,60,58,60,10,0,20,1232,972,3,-1,1.0000,174
Red,6,the_puncher,3,4,lobbo,Red,derpyberd,15,1,castle_destroyed,546,18.20,False,37,36,37,7,0,19,1219,972,3,-1,1.0000,158
Red,6,the_puncher,3,4,lobbo,Red,derpyberd,20,1,castle_destroyed,506,16.87,False,26,25,26,5,0,17,1193,972,3,-1,1.0000,147
Red,6,the_puncher,3,4,lobbo,Red,derpyberd,30,1,castle_destroyed,509,16.97,False,17,17,17,3,0,17,1193,972,3,-1,1.0000,145
Red,6,the_puncher,3,4,lobbo,Red,derpyberd,45,1,castle_destroyed,502,16.73,False,12,11,12,2,0,17,1193,972,3,-1,1.0000,142
Red,6,the_puncher,3,4,lobbo,Red,derpyberd,60,1,castle_destroyed,501,16.70,False,9,9,9,2,0,17,1193,972,3,-1,1.0000,143
Red,6,the_puncher,3,4,lobbo,Red,derpyberd,90,1,castle_destroyed,499,16.63,False,6,6,6,1,0,17,1193,972,3,-1,1.0000,141
Red,6,the_puncher,3,4,lobbo,Red,derpyberd,120,1,castle_destroyed,481,16.03,False,5,4,5,1,0,17,1193,972,3,-1,1.0000,116
Red,6,the_puncher,4,0,-,Red,derpyberd,0,1,castle_destroyed,479,15.97,False,0,0,0,0,0,0,1296,1296,4,-1,1.0000,115
Red,6,the_puncher,4,0,-,Red,derpyberd,1,1,force_destroyed,525,17.50,False,525,424,525,112,525,0,1296,1296,0,525,0.7235,-1
Red,6,the_puncher,4,0,-,Red,derpyberd,2,1,force_destroyed,853,28.43,False,427,395,427,54,427,0,1296,1296,0,853,0.8529,-1
Red,6,the_puncher,4,0,-,Red,derpyberd,3,1,force_destroyed,1035,34.50,False,345,332,345,36,345,0,1296,1296,0,1035,1.0000,824
Red,6,the_puncher,4,0,-,Red,derpyberd,5,1,force_destroyed,1810,60.33,False,362,354,362,21,362,0,1296,1296,0,1810,1.0000,508
Red,6,the_puncher,4,0,-,Red,derpyberd,10,1,castle_destroyed,1174,39.13,False,118,116,118,10,0,0,1296,1296,4,-1,1.0000,275
Red,6,the_puncher,4,0,-,Red,derpyberd,15,1,castle_destroyed,854,28.47,False,57,56,57,7,0,0,1296,1296,4,-1,1.0000,206
Red,6,the_puncher,4,0,-,Red,derpyberd,20,1,castle_destroyed,685,22.83,False,35,34,35,5,0,0,1296,1296,4,-1,1.0000,193
Red,6,the_puncher,4,0,-,Red,derpyberd,30,1,castle_destroyed,597,19.90,False,20,20,20,3,0,0,1296,1296,4,-1,1.0000,175
Red,6,the_puncher,4,0,-,Red,derpyberd,45,1,castle_destroyed,541,18.03,False,13,12,13,2,0,0,1296,1296,4,-1,1.0000,146
Red,6,the_puncher,4,0,-,Red,derpyberd,60,1,castle_destroyed,531,17.70,False,9,9,9,2,0,0,1296,1296,4,-1,1.0000,145
Red,6,the_puncher,4,0,-,Red,derpyberd,90,1,castle_destroyed,509,16.97,False,6,6,6,1,0,0,1296,1296,4,-1,1.0000,141
Red,6,the_puncher,4,0,-,Red,derpyberd,120,1,castle_destroyed,485,16.17,False,5,4,5,1,0,0,1296,1296,4,-1,1.0000,116
Red,6,the_puncher,4,4,lobbo,Red,derpyberd,0,1,castle_destroyed,425,14.17,False,0,0,0,0,0,15,1491,1296,4,-1,1.0000,115
Red,6,the_puncher,4,4,lobbo,Red,derpyberd,1,1,castle_destroyed,10967,365.57,False,753,753,753,102,753,26,1634,1296,0,753,0.7235,908
Red,6,the_puncher,4,4,lobbo,Red,derpyberd,2,1,castle_destroyed,2734,91.13,False,593,593,593,53,593,40,1816,1296,0,1186,1.0000,705
Red,6,the_puncher,4,4,lobbo,Red,derpyberd,3,1,castle_destroyed,1160,38.67,False,387,382,387,35,0,39,1803,1296,4,-1,1.0000,378
Red,6,the_puncher,4,4,lobbo,Red,derpyberd,5,1,castle_destroyed,660,22.00,False,132,129,132,20,0,22,1582,1296,4,-1,1.0000,214
Red,6,the_puncher,4,4,lobbo,Red,derpyberd,10,1,castle_destroyed,512,17.07,False,52,50,52,10,0,18,1530,1296,4,-1,1.0000,174
Red,6,the_puncher,4,4,lobbo,Red,derpyberd,15,1,castle_destroyed,483,16.10,False,33,32,33,7,0,17,1517,1296,4,-1,1.0000,158
Red,6,the_puncher,4,4,lobbo,Red,derpyberd,20,1,castle_destroyed,450,15.00,False,23,22,23,5,0,15,1491,1296,4,-1,1.0000,147
Red,6,the_puncher,4,4,lobbo,Red,derpyberd,30,1,castle_destroyed,455,15.17,False,16,15,16,3,0,16,1504,1296,4,-1,1.0000,145
Red,6,the_puncher,4,4,lobbo,Red,derpyberd,45,1,castle_destroyed,445,14.83,False,10,10,10,2,0,15,1491,1296,4,-1,1.0000,142
Red,6,the_puncher,4,4,lobbo,Red,derpyberd,60,1,castle_destroyed,447,14.90,False,8,8,8,2,0,15,1491,1296,4,-1,1.0000,143
Red,6,the_puncher,4,4,lobbo,Red,derpyberd,90,1,castle_destroyed,443,14.77,False,5,5,5,1,0,15,1491,1296,4,-1,1.0000,141
Red,6,the_puncher,4,4,lobbo,Red,derpyberd,120,1,castle_destroyed,427,14.23,False,4,4,4,1,0,15,1491,1296,4,-1,1.0000,116
Red,6,the_puncher,5,0,-,Red,derpyberd,0,1,castle_destroyed,425,14.17,False,0,0,0,0,0,0,1620,1620,5,-1,1.0000,115
Red,6,the_puncher,5,0,-,Red,derpyberd,1,1,force_destroyed,600,20.00,False,600,495,600,112,600,0,1620,1620,0,600,0.7235,-1
Red,6,the_puncher,5,0,-,Red,derpyberd,2,1,force_destroyed,957,31.90,False,479,446,479,54,479,0,1620,1620,0,957,0.8776,-1
Red,6,the_puncher,5,0,-,Red,derpyberd,3,1,force_destroyed,1286,42.87,False,429,418,429,36,429,0,1620,1620,0,1286,1.0000,759
Red,6,the_puncher,5,0,-,Red,derpyberd,5,1,castle_destroyed,1685,56.17,False,337,334,337,21,0,0,1620,1620,5,-1,1.0000,425
Red,6,the_puncher,5,0,-,Red,derpyberd,10,1,castle_destroyed,872,29.07,False,88,86,88,10,0,0,1620,1620,5,-1,1.0000,251
Red,6,the_puncher,5,0,-,Red,derpyberd,15,1,castle_destroyed,626,20.87,False,42,41,42,7,0,0,1620,1620,5,-1,1.0000,206
Red,6,the_puncher,5,0,-,Red,derpyberd,20,1,castle_destroyed,562,18.73,False,29,28,29,5,0,0,1620,1620,5,-1,1.0000,193
Red,6,the_puncher,5,0,-,Red,derpyberd,30,1,castle_destroyed,511,17.03,False,18,17,18,3,0,0,1620,1620,5,-1,1.0000,175
Red,6,the_puncher,5,0,-,Red,derpyberd,45,1,castle_destroyed,482,16.07,False,11,11,11,2,0,0,1620,1620,5,-1,1.0000,146
Red,6,the_puncher,5,0,-,Red,derpyberd,60,1,castle_destroyed,457,15.23,False,8,8,8,2,0,0,1620,1620,5,-1,1.0000,145
Red,6,the_puncher,5,0,-,Red,derpyberd,90,1,castle_destroyed,449,14.97,False,5,5,5,1,0,0,1620,1620,5,-1,1.0000,141
Red,6,the_puncher,5,0,-,Red,derpyberd,120,1,castle_destroyed,431,14.37,False,4,4,4,1,0,0,1620,1620,5,-1,1.0000,116
Red,6,the_puncher,5,4,lobbo,Red,derpyberd,0,1,castle_destroyed,397,13.23,False,0,0,0,0,0,14,1802,1620,5,-1,1.0000,115
Red,6,the_puncher,5,4,lobbo,Red,derpyberd,1,1,force_destroyed,867,28.90,False,778,772,778,102,778,26,1958,1620,0,778,0.7235,-1
Red,6,the_puncher,5,4,lobbo,Red,derpyberd,2,1,castle_destroyed,2653,88.43,False,602,602,602,53,602,41,2153,1620,0,1204,1.0000,705
Red,6,the_puncher,5,4,lobbo,Red,derpyberd,3,1,castle_destroyed,1109,36.97,False,370,365,370,35,0,37,2101,1620,5,-1,1.0000,336
Red,6,the_puncher,5,4,lobbo,Red,derpyberd,5,1,castle_destroyed,578,19.27,False,116,113,116,20,0,20,1880,1620,5,-1,1.0000,214
Red,6,the_puncher,5,4,lobbo,Red,derpyberd,10,1,castle_destroyed,455,15.17,False,46,44,46,10,0,16,1828,1620,5,-1,1.0000,174
Red,6,the_puncher,5,4,lobbo,Red,derpyberd,15,1,castle_destroyed,450,15.00,False,30,29,30,7,0,15,1815,1620,5,-1,1.0000,158
Red,6,the_puncher,5,4,lobbo,Red,derpyberd,20,1,castle_destroyed,409,13.63,False,21,20,21,5,0,14,1802,1620,5,-1,1.0000,147
Red,6,the_puncher,5,4,lobbo,Red,derpyberd,30,1,castle_destroyed,426,14.20,False,15,14,15,3,0,15,1815,1620,5,-1,1.0000,145
Red,6,the_puncher,5,4,lobbo,Red,derpyberd,45,1,castle_destroyed,401,13.37,False,9,9,9,2,0,14,1802,1620,5,-1,1.0000,142
Red,6,the_puncher,5,4,lobbo,Red,derpyberd,60,1,castle_destroyed,403,13.43,False,7,7,7,2,0,14,1802,1620,5,-1,1.0000,143
Red,6,the_puncher,5,4,lobbo,Red,derpyberd,90,1,castle_destroyed,401,13.37,False,5,5,5,1,0,14,1802,1620,5,-1,1.0000,141
Red,6,the_puncher,5,4,lobbo,Red,derpyberd,120,1,castle_destroyed,398,13.27,False,4,4,4,1,0,14,1802,1620,5,-1,1.0000,116
Red,7,caw,0,4,lobbo,Red,derpyberd,0,1,castle_destroyed,901,30.03,False,0,0,0,0,0,31,403,0,0,-1,0.0000,143
Red,7,caw,0,4,lobbo,Red,derpyberd,1,1,survived_horizon,36000,1200.00,True,36000,35751,36000,251,0,1200,15600,0,0,-1,0.0000,-1
Red,7,caw,0,4,lobbo,Red,derpyberd,2,1,survived_horizon,36000,1200.00,True,18000,17993,18000,50,0,1200,15600,0,0,-1,0.0000,-1
Red,7,caw,0,4,lobbo,Red,derpyberd,3,1,castle_destroyed,22110,737.00,True,7370,7365,7370,33,0,737,9581,0,0,-1,0.0000,564
Red,7,caw,0,4,lobbo,Red,derpyberd,5,1,castle_destroyed,4235,141.17,False,847,844,847,20,0,142,1846,0,0,-1,0.0000,275
Red,7,caw,0,4,lobbo,Red,derpyberd,10,1,castle_destroyed,1770,59.00,False,177,176,177,10,0,59,767,0,0,-1,0.0000,188
Red,7,caw,0,4,lobbo,Red,derpyberd,15,1,castle_destroyed,1255,41.83,False,84,83,84,7,0,42,546,0,0,-1,0.0000,173
Red,7,caw,0,4,lobbo,Red,derpyberd,20,1,castle_destroyed,1064,35.47,False,54,53,54,5,0,36,468,0,0,-1,0.0000,151
Red,7,caw,0,4,lobbo,Red,derpyberd,30,1,castle_destroyed,928,30.93,False,31,31,31,4,0,31,403,0,0,-1,0.0000,151
Red,7,caw,0,4,lobbo,Red,derpyberd,45,1,castle_destroyed,910,30.33,False,21,20,21,3,0,31,403,0,0,-1,0.0000,147
Red,7,caw,0,4,lobbo,Red,derpyberd,60,1,castle_destroyed,908,30.27,False,16,15,16,2,0,31,403,0,0,-1,0.0000,149
Red,7,caw,0,4,lobbo,Red,derpyberd,90,1,castle_destroyed,905,30.17,False,11,10,11,2,0,31,403,0,0,-1,0.0000,145
Red,7,caw,0,4,lobbo,Red,derpyberd,120,1,castle_destroyed,905,30.17,False,8,8,8,1,0,31,403,0,0,-1,0.0000,148
Red,7,caw,1,0,-,Red,derpyberd,0,1,castle_destroyed,526,17.53,False,0,0,0,0,0,0,2361,2361,1,-1,1.0000,244
Red,7,caw,1,0,-,Red,derpyberd,1,1,force_destroyed,2181,72.70,False,2181,1938,2181,330,2181,0,2361,2361,0,2181,0.5312,-1
Red,7,caw,1,0,-,Red,derpyberd,2,1,force_destroyed,2442,81.40,False,1221,1090,1221,166,1221,0,2361,2361,0,2442,0.5318,-1
Red,7,caw,1,0,-,Red,derpyberd,3,1,force_destroyed,3138,104.60,False,1046,976,1046,82,1046,0,2361,2361,0,3138,0.5353,-1
Red,7,caw,1,0,-,Red,derpyberd,5,1,force_destroyed,4149,138.30,False,830,792,830,40,830,0,2361,2361,0,4149,0.5394,-1
Red,7,caw,1,0,-,Red,derpyberd,10,1,force_destroyed,9189,306.30,False,919,912,919,19,919,0,2361,2361,0,9189,1.0000,-1
Red,7,caw,1,0,-,Red,derpyberd,15,1,force_destroyed,13334,444.47,False,889,886,889,13,889,0,2361,2361,0,13334,1.0000,-1
Red,7,caw,1,0,-,Red,derpyberd,20,1,force_destroyed,20470,682.33,True,1024,1023,1024,9,1024,0,2361,2361,0,20470,1.0000,-1
Red,7,caw,1,0,-,Red,derpyberd,30,1,force_destroyed,28417,947.23,True,948,946,948,5,948,0,2361,2361,0,28417,1.0000,-1
Red,7,caw,1,0,-,Red,derpyberd,45,1,survived_horizon,36000,1200.00,True,800,800,800,4,0,0,2361,2361,1,-1,1.0000,-1
Red,7,caw,1,0,-,Red,derpyberd,60,1,castle_destroyed,1930,64.33,False,33,32,33,3,0,0,2361,2361,1,-1,1.0000,553
Red,7,caw,1,0,-,Red,derpyberd,90,1,castle_destroyed,882,29.40,False,10,10,10,2,0,0,2361,2361,1,-1,1.0000,271
Red,7,caw,1,0,-,Red,derpyberd,120,1,castle_destroyed,717,23.90,False,6,6,6,2,0,0,2361,2361,1,-1,1.0000,247
Red,7,caw,1,4,lobbo,Red,derpyberd,0,1,castle_destroyed,467,15.57,False,0,0,0,0,0,16,2569,2361,1,-1,1.0000,143
Red,7,caw,1,4,lobbo,Red,derpyberd,1,1,force_destroyed,4892,163.07,False,4884,4648,4884,251,4884,163,4480,2361,0,4884,0.6353,-1
Red,7,caw,1,4,lobbo,Red,derpyberd,2,1,castle_destroyed,3991,133.03,False,1996,1988,1996,50,0,134,4103,2361,1,-1,1.0000,905
Red,7,caw,1,4,lobbo,Red,derpyberd,3,1,castle_destroyed,1160,38.67,False,387,382,387,33,0,39,2868,2361,1,-1,1.0000,525
Red,7,caw,1,4,lobbo,Red,derpyberd,5,1,castle_destroyed,749,24.97,False,150,147,150,20,0,25,2686,2361,1,-1,1.0000,269
Red,7,caw,1,4,lobbo,Red,derpyberd,10,1,castle_destroyed,479,15.97,False,48,47,48,10,0,16,2569,2361,1,-1,1.0000,188
Red,7,caw,1,4,lobbo,Red,derpyberd,15,1,castle_destroyed,479,15.97,False,32,31,32,7,0,16,2569,2361,1,-1,1.0000,173
Red,7,caw,1,4,lobbo,Red,derpyberd,20,1,castle_destroyed,479,15.97,False,24,24,24,5,0,16,2569,2361,1,-1,1.0000,151
Red,7,caw,1,4,lobbo,Red,derpyberd,30,1,castle_destroyed,475,15.83,False,16,16,16,4,0,16,2569,2361,1,-1,1.0000,151
Red,7,caw,1,4,lobbo,Red,derpyberd,45,1,castle_destroyed,473,15.77,False,11,11,11,3,0,16,2569,2361,1,-1,1.0000,147
Red,7,caw,1,4,lobbo,Red,derpyberd,60,1,castle_destroyed,471,15.70,False,8,8,8,2,0,16,2569,2361,1,-1,1.0000,149
Red,7,caw,1,4,lobbo,Red,derpyberd,90,1,castle_destroyed,471,15.70,False,6,6,6,2,0,16,2569,2361,1,-1,1.0000,145
Red,7,caw,1,4,lobbo,Red,derpyberd,120,1,castle_destroyed,469,15.63,False,4,4,4,1,0,16,2569,2361,1,-1,1.0000,148
Red,7,caw,2,0,-,Red,derpyberd,0,1,castle_destroyed,385,12.83,False,0,0,0,0,0,0,4722,4722,2,-1,1.0000,244
Red,7,caw,2,0,-,Red,derpyberd,1,1,force_destroyed,2086,69.53,False,2086,1838,2086,322,2086,0,4722,4722,0,2086,0.5312,-1
Red,7,caw,2,0,-,Red,derpyberd,2,1,force_destroyed,3268,108.93,False,1634,1513,1634,163,1634,0,4722,4722,0,3268,0.5318,-1
Red,7,caw,2,0,-,Red,derpyberd,3,1,force_destroyed,5211,173.70,False,1737,1694,1737,69,1737,0,4722,4722,0,5211,0.7047,-1
Red,7,caw,2,0,-,Red,derpyberd,5,1,force_destroyed,8924,297.47,False,1785,1775,1785,35,1785,0,4722,4722,0,8924,1.0000,-1
Red,7,caw,2,0,-,Red,derpyberd,10,1,force_destroyed,16519,550.63,False,1652,1644,1652,16,1652,0,4722,4722,0,16519,1.0000,-1
Red,7,caw,2,0,-,Red,derpyberd,15,1,castle_destroyed,2530,84.33,False,169,168,169,11,0,0,4722,4722,2,-1,1.0000,1529
Red,7,caw,2,0,-,Red,derpyberd,20,1,force_destroyed,34724,1157.47,True,1737,1734,1737,8,1737,0,4722,4722,0,34724,1.0000,772
Red,7,caw,2,0,-,Red,derpyberd,30,1,castle_destroyed,1177,39.23,False,40,39,40,5,0,0,4722,4722,2,-1,1.0000,519
Red,7,caw,2,0,-,Red,derpyberd,45,1,castle_destroyed,600,20.00,False,14,13,14,3,0,0,4722,4722,2,-1,1.0000,318
Red,7,caw,2,0,-,Red,derpyberd,60,1,castle_destroyed,518,17.27,False,9,9,9,3,0,0,4722,4722,2,-1,1.0000,283
Red,7,caw,2,0,-,Red,derpyberd,90,1,castle_destroyed,459,15.30,False,6,5,6,2,0,0,4722,4722,2,-1,1.0000,271
Red,7,caw,2,0,-,Red,derpyberd,120,1,castle_destroyed,435,14.50,False,4,4,4,2,0,0,4722,4722,2,-1,1.0000,247
Red,7,caw,2,4,lobbo,Red,derpyberd,0,1,castle_destroyed,368,12.27,False,0,0,0,0,0,13,4891,4722,2,-1,1.0000,143
Red,7,caw,2,4,lobbo,Red,derpyberd,1,1,force_destroyed,5543,184.77,False,5481,5385,5481,154,5481,183,7101,4722,0,5481,0.6353,-1
Red,7,caw,2,4,lobbo,Red,derpyberd,2,1,castle_destroyed,2549,84.97,False,1275,1267,1275,50,0,85,5827,4722,2,-1,1.0000,905
Red,7,caw,2,4,lobbo,Red,derpyberd,3,1,castle_destroyed,14407,480.23,False,4681,4681,4681,33,4681,469,10819,4722,0,14041,1.0000,525
Red,7,caw,2,4,lobbo,Red,derpyberd,5,1,castle_destroyed,514,17.13,False,103,100,103,20,0,18,4956,4722,2,-1,1.0000,269
Red,7,caw,2,4,lobbo,Red,derpyberd,10,1,castle_destroyed,368,12.27,False,37,36,37,10,0,13,4891,4722,2,-1,1.0000,188
Red,7,caw,2,4,lobbo,Red,derpyberd,15,1,castle_destroyed,368,12.27,False,25,24,25,7,0,13,4891,4722,2,-1,1.0000,173
Red,7,caw,2,4,lobbo,Red,derpyberd,20,1,castle_destroyed,368,12.27,False,19,18,19,5,0,13,4891,4722,2,-1,1.0000,151
Red,7,caw,2,4,lobbo,Red,derpyberd,30,1,castle_destroyed,368,12.27,False,13,12,13,4,0,13,4891,4722,2,-1,1.0000,151
Red,7,caw,2,4,lobbo,Red,derpyberd,45,1,castle_destroyed,368,12.27,False,9,8,9,3,0,13,4891,4722,2,-1,1.0000,147
Red,7,caw,2,4,lobbo,Red,derpyberd,60,1,castle_destroyed,368,12.27,False,7,6,7,2,0,13,4891,4722,2,-1,1.0000,149
Red,7,caw,2,4,lobbo,Red,derpyberd,90,1,castle_destroyed,368,12.27,False,5,4,5,2,0,13,4891,4722,2,-1,1.0000,145
Red,7,caw,2,4,lobbo,Red,derpyberd,120,1,castle_destroyed,368,12.27,False,4,3,4,1,0,13,4891,4722,2,-1,1.0000,148
Red,7,caw,3,0,-,Red,derpyberd,0,1,castle_destroyed,351,11.70,False,0,0,0,0,0,0,7083,7083,3,-1,1.0000,244
Red,7,caw,3,0,-,Red,derpyberd,1,1,force_destroyed,2435,81.17,False,2435,2176,2435,328,2435,0,7083,7083,0,2435,0.5312,-1
Red,7,caw,3,0,-,Red,derpyberd,2,1,force_destroyed,5362,178.73,False,2681,2660,2681,91,2681,0,7083,7083,0,5362,1.0000,-1
Red,7,caw,3,0,-,Red,derpyberd,3,1,force_destroyed,5641,188.03,False,1881,1853,1881,61,1881,0,7083,7083,0,5641,0.8735,-1
Red,7,caw,3,0,-,Red,derpyberd,5,1,force_destroyed,7953,265.10,False,1591,1576,1591,34,1591,0,7083,7083,0,7953,1.0000,2089
Red,7,caw,3,0,-,Red,derpyberd,10,1,castle_destroyed,2404,80.13,False,241,239,241,16,0,0,7083,7083,3,-1,1.0000,1304
Red,7,caw,3,0,-,Red,derpyberd,15,1,castle_destroyed,1048,34.93,False,70,69,70,11,0,0,7083,7083,3,-1,1.0000,624
Red,7,caw,3,0,-,Red,derpyberd,20,1,castle_destroyed,874,29.13,False,44,43,44,8,0,0,7083,7083,3,-1,1.0000,584
Red,7,caw,3,0,-,Red,derpyberd,30,1,castle_destroyed,524,17.47,False,18,17,18,5,0,0,7083,7083,3,-1,1.0000,336
Red,7,caw,3,0,-,Red,derpyberd,45,1,castle_destroyed,445,14.83,False,10,10,10,3,0,0,7083,7083,3,-1,1.0000,304
Red,7,caw,3,0,-,Red,derpyberd,60,1,castle_destroyed,407,13.57,False,7,7,7,3,0,0,7083,7083,3,-1,1.0000,283
Red,7,caw,3,0,-,Red,derpyberd,90,1,castle_destroyed,368,12.27,False,5,4,5,2,0,0,7083,7083,3,-1,1.0000,271
Red,7,caw,3,0,-,Red,derpyberd,120,1,castle_destroyed,368,12.27,False,4,3,4,2,0,0,7083,7083,3,-1,1.0000,247
Red,7,caw,3,4,lobbo,Red,derpyberd,0,1,castle_destroyed,338,11.27,False,0,0,0,0,0,12,7239,7083,3,-1,1.0000,143
Red,7,caw,3,4,lobbo,Red,derpyberd,1,1,force_destroyed,5746,191.53,False,5668,5631,5668,111,5668,189,9540,7083,0,5668,0.6353,-1
Red,7,caw,3,4,lobbo,Red,derpyberd,2,1,castle_destroyed,1831,61.03,False,916,908,916,50,0,62,7889,7083,3,-1,1.0000,871
Red,7,caw,3,4,lobbo,Red,derpyberd,3,1,castle_destroyed,1191,39.70,False,397,392,397,33,0,40,7603,7083,3,-1,1.0000,525
Red,7,caw,3,4,lobbo,Red,derpyberd,5,1,castle_destroyed,445,14.83,False,89,86,89,20,0,15,7278,7083,3,-1,1.0000,269
Red,7,caw,3,4,lobbo,Red,derpyberd,10,1,castle_destroyed,338,11.27,False,34,33,34,10,0,12,7239,7083,3,-1,1.0000,188
Red,7,caw,3,4,lobbo,Red,derpyberd,15,1,castle_destroyed,338,11.27,False,23,22,23,7,0,12,7239,7083,3,-1,1.0000,173
Red,7,caw,3,4,lobbo,Red,derpyberd,20,1,castle_destroyed,338,11.27,False,17,17,17,5,0,12,7239,7083,3,-1,1.0000,151
Red,7,caw,3,4,lobbo,Red,derpyberd,30,1,castle_destroyed,338,11.27,False,12,11,12,4,0,12,7239,7083,3,-1,1.0000,151
Red,7,caw,3,4,lobbo,Red,derpyberd,45,1,castle_destroyed,338,11.27,False,8,8,8,3,0,12,7239,7083,3,-1,1.0000,147
Red,7,caw,3,4,lobbo,Red,derpyberd,60,1,castle_destroyed,338,11.27,False,6,6,6,2,0,12,7239,7083,3,-1,1.0000,149
Red,7,caw,3,4,lobbo,Red,derpyberd,90,1,castle_destroyed,338,11.27,False,4,4,4,2,0,12,7239,7083,3,-1,1.0000,145
Red,7,caw,3,4,lobbo,Red,derpyberd,120,1,castle_destroyed,338,11.27,False,3,3,3,1,0,12,7239,7083,3,-1,1.0000,148
Red,7,caw,4,0,-,Red,derpyberd,0,1,castle_destroyed,338,11.27,False,0,0,0,0,0,0,9444,9444,4,-1,1.0000,244
Red,7,caw,4,0,-,Red,derpyberd,1,1,force_destroyed,2586,86.20,False,2586,2323,2586,326,2586,0,9444,9444,0,2586,0.5312,-1
Red,7,caw,4,0,-,Red,derpyberd,2,1,force_destroyed,4104,136.80,False,2052,1942,2052,121,2052,0,9444,9444,0,4104,0.5729,-1
Red,7,caw,4,0,-,Red,derpyberd,3,1,force_destroyed,6832,227.73,False,2278,2261,2278,61,2278,0,9444,9444,0,6832,1.0000,-1
Red,7,caw,4,0,-,Red,derpyberd,5,1,castle_destroyed,2419,80.63,False,484,481,484,34,0,0,9444,9444,4,-1,1.0000,1649
Red,7,caw,4,0,-,Red,derpyberd,10,1,castle_destroyed,1134,37.80,False,114,112,114,16,0,0,9444,9444,4,-1,1.0000,694
Red,7,caw,4,0,-,Red,derpyberd,15,1,castle_destroyed,763,25.43,False,51,50,51,11,0,0,9444,9444,4,-1,1.0000,611
Red,7,caw,4,0,-,Red,derpyberd,20,1,castle_destroyed,549,18.30,False,28,27,28,8,0,0,9444,9444,4,-1,1.0000,371
Red,7,caw,4,0,-,Red,derpyberd,30,1,castle_destroyed,430,14.33,False,15,14,15,5,0,0,9444,9444,4,-1,1.0000,334
Red,7,caw,4,0,-,Red,derpyberd,45,1,castle_destroyed,398,13.27,False,9,9,9,3,0,0,9444,9444,4,-1,1.0000,304
Red,7,caw,4,0,-,Red,derpyberd,60,1,castle_destroyed,381,12.70,False,7,7,7,3,0,0,9444,9444,4,-1,1.0000,283
Red,7,caw,4,0,-,Red,derpyberd,90,1,castle_destroyed,365,12.17,False,5,4,5,2,0,0,9444,9444,4,-1,1.0000,271
Red,7,caw,4,0,-,Red,derpyberd,120,1,castle_destroyed,351,11.70,False,3,3,3,2,0,0,9444,9444,4,-1,1.0000,247
Red,7,caw,4,4,lobbo,Red,derpyberd,0,1,castle_destroyed,334,11.13,False,0,0,0,0,0,12,9600,9444,4,-1,1.0000,143
Red,7,caw,4,4,lobbo,Red,derpyberd,1,1,force_destroyed,5805,193.50,False,5708,5687,5708,111,5708,191,11927,9444,0,5708,0.6353,-1
Red,7,caw,4,4,lobbo,Red,derpyberd,2,1,castle_destroyed,1589,52.97,False,795,787,795,50,0,53,10133,9444,4,-1,1.0000,751
Red,7,caw,4,4,lobbo,Red,derpyberd,3,1,castle_destroyed,696,23.20,False,232,227,232,33,0,24,9756,9444,4,-1,1.0000,503
Red,7,caw,4,4,lobbo,Red,derpyberd,5,1,castle_destroyed,439,14.63,False,88,85,88,20,0,15,9639,9444,4,-1,1.0000,269
Red,7,caw,4,4,lobbo,Red,derpyberd,10,1,castle_destroyed,334,11.13,False,34,32,34,10,0,12,9600,9444,4,-1,1.0000,188
Red,7,caw,4,4,lobbo,Red,derpyberd,15,1,castle_destroyed,334,11.13,False,23,22,23,7,0,12,9600,9444,4,-1,1.0000,173
Red,7,caw,4,4,lobbo,Red,derpyberd,20,1,castle_destroyed,334,11.13,False,17,16,17,5,0,12,9600,9444,4,-1,1.0000,151
Red,7,caw,4,4,lobbo,Red,derpyberd,30,1,castle_destroyed,334,11.13,False,12,11,12,4,0,12,9600,9444,4,-1,1.0000,151
Red,7,caw,4,4,lobbo,Red,derpyberd,45,1,castle_destroyed,334,11.13,False,8,8,8,3,0,12,9600,9444,4,-1,1.0000,147
Red,7,caw,4,4,lobbo,Red,derpyberd,60,1,castle_destroyed,334,11.13,False,6,6,6,2,0,12,9600,9444,4,-1,1.0000,149
Red,7,caw,4,4,lobbo,Red,derpyberd,90,1,castle_destroyed,334,11.13,False,4,4,4,2,0,12,9600,9444,4,-1,1.0000,145
Red,7,caw,4,4,lobbo,Red,derpyberd,120,1,castle_destroyed,334,11.13,False,3,3,3,1,0,12,9600,9444,4,-1,1.0000,148
Red,7,caw,5,0,-,Red,derpyberd,0,1,castle_destroyed,338,11.27,False,0,0,0,0,0,0,11805,11805,5,-1,1.0000,244
Red,7,caw,5,0,-,Red,derpyberd,1,1,force_destroyed,3816,127.20,False,3816,3598,3816,239,3816,0,11805,11805,0,3816,0.5312,-1
Red,7,caw,5,0,-,Red,derpyberd,2,1,force_destroyed,4501,150.03,False,2251,2163,2251,107,2251,0,11805,11805,0,4501,0.5729,-1
Red,7,caw,5,0,-,Red,derpyberd,3,1,force_destroyed,5523,184.10,False,1841,1825,1841,61,1841,0,11805,11805,0,5523,1.0000,-1
Red,7,caw,5,0,-,Red,derpyberd,5,1,castle_destroyed,6554,218.47,False,1311,1308,1311,34,0,0,11805,11805,5,-1,1.0000,1698
Red,7,caw,5,0,-,Red,derpyberd,10,1,castle_destroyed,784,26.13,False,79,77,79,16,0,0,11805,11805,5,-1,1.0000,644
Red,7,caw,5,0,-,Red,derpyberd,15,1,castle_destroyed,581,19.37,False,39,38,39,11,0,0,11805,11805,5,-1,1.0000,430
Red,7,caw,5,0,-,Red,derpyberd,20,1,castle_destroyed,465,15.50,False,24,23,24,8,0,0,11805,11805,5,-1,1.0000,366
Red,7,caw,5,0,-,Red,derpyberd,30,1,castle_destroyed,418,13.93,False,14,14,14,5,0,0,11805,11805,5,-1,1.0000,334
Red,7,caw,5,0,-,Red,derpyberd,45,1,castle_destroyed,385,12.83,False,9,9,9,3,0,0,11805,11805,5,-1,1.0000,304
Red,7,caw,5,0,-,Red,derpyberd,60,1,castle_destroyed,364,12.13,False,7,6,7,3,0,0,11805,11805,5,-1,1.0000,283
Red,7,caw,5,0,-,Red,derpyberd,90,1,castle_destroyed,364,12.13,False,5,4,5,2,0,0,11805,11805,5,-1,1.0000,271
Red,7,caw,5,0,-,Red,derpyberd,120,1,castle_destroyed,351,11.70,False,3,3,3,2,0,0,11805,11805,5,-1,1.0000,247
Red,7,caw,5,4,lobbo,Red,derpyberd,0,1,castle_destroyed,334,11.13,False,0,0,0,0,0,12,11961,11805,5,-1,1.0000,143
Red,7,caw,5,4,lobbo,Red,derpyberd,1,1,force_destroyed,5863,195.43,False,5782,5744,5782,113,5782,193,14314,11805,0,5782,0.6353,-1
Red,7,caw,5,4,lobbo,Red,derpyberd,2,1,castle_destroyed,1351,45.03,False,676,668,676,50,0,46,12403,11805,5,-1,1.0000,751
Red,7,caw,5,4,lobbo,Red,derpyberd,3,1,castle_destroyed,689,22.97,False,230,225,230,33,0,23,12104,11805,5,-1,1.0000,495
Red,7,caw,5,4,lobbo,Red,derpyberd,5,1,castle_destroyed,428,14.27,False,86,83,86,20,0,15,12000,11805,5,-1,1.0000,269
Red,7,caw,5,4,lobbo,Red,derpyberd,10,1,castle_destroyed,334,11.13,False,34,32,34,10,0,12,11961,11805,5,-1,1.0000,188
Red,7,caw,5,4,lobbo,Red,derpyberd,15,1,castle_destroyed,334,11.13,False,23,22,23,7,0,12,11961,11805,5,-1,1.0000,173
Red,7,caw,5,4,lobbo,Red,derpyberd,20,1,castle_destroyed,334,11.13,False,17,16,17,5,0,12,11961,11805,5,-1,1.0000,151
Red,7,caw,5,4,lobbo,Red,derpyberd,30,1,castle_destroyed,334,11.13,False,12,11,12,4,0,12,11961,11805,5,-1,1.0000,151
Red,7,caw,5,4,lobbo,Red,derpyberd,45,1,castle_destroyed,334,11.13,False,8,8,8,3,0,12,11961,11805,5,-1,1.0000,147
Red,7,caw,5,4,lobbo,Red,derpyberd,60,1,castle_destroyed,334,11.13,False,6,6,6,2,0,12,11961,11805,5,-1,1.0000,149
Red,7,caw,5,4,lobbo,Red,derpyberd,90,1,castle_destroyed,334,11.13,False,4,4,4,2,0,12,11961,11805,5,-1,1.0000,145
Red,7,caw,5,4,lobbo,Red,derpyberd,120,1,castle_destroyed,334,11.13,False,3,3,3,1,0,12,11961,11805,5,-1,1.0000,148
Red,8,draggo,0,4,lobbo,Red,derpyberd,0,1,castle_destroyed,901,30.03,False,0,0,0,0,0,31,403,0,0,-1,0.0000,143
Red,8,draggo,0,4,lobbo,Red,derpyberd,1,1,survived_horizon,36000,1200.00,True,36000,35751,36000,251,0,1200,15600,0,0,-1,0.0000,-1
Red,8,draggo,0,4,lobbo,Red,derpyberd,2,1,survived_horizon,36000,1200.00,True,18000,17993,18000,50,0,1200,15600,0,0,-1,0.0000,-1
Red,8,draggo,0,4,lobbo,Red,derpyberd,3,1,castle_destroyed,22110,737.00,True,7370,7365,7370,33,0,737,9581,0,0,-1,0.0000,564
Red,8,draggo,0,4,lobbo,Red,derpyberd,5,1,castle_destroyed,4235,141.17,False,847,844,847,20,0,142,1846,0,0,-1,0.0000,275
Red,8,draggo,0,4,lobbo,Red,derpyberd,10,1,castle_destroyed,1770,59.00,False,177,176,177,10,0,59,767,0,0,-1,0.0000,188
Red,8,draggo,0,4,lobbo,Red,derpyberd,15,1,castle_destroyed,1255,41.83,False,84,83,84,7,0,42,546,0,0,-1,0.0000,173
Red,8,draggo,0,4,lobbo,Red,derpyberd,20,1,castle_destroyed,1064,35.47,False,54,53,54,5,0,36,468,0,0,-1,0.0000,151
Red,8,draggo,0,4,lobbo,Red,derpyberd,30,1,castle_destroyed,928,30.93,False,31,31,31,4,0,31,403,0,0,-1,0.0000,151
Red,8,draggo,0,4,lobbo,Red,derpyberd,45,1,castle_destroyed,910,30.33,False,21,20,21,3,0,31,403,0,0,-1,0.0000,147
Red,8,draggo,0,4,lobbo,Red,derpyberd,60,1,castle_destroyed,908,30.27,False,16,15,16,2,0,31,403,0,0,-1,0.0000,149
Red,8,draggo,0,4,lobbo,Red,derpyberd,90,1,castle_destroyed,905,30.17,False,11,10,11,2,0,31,403,0,0,-1,0.0000,145
Red,8,draggo,0,4,lobbo,Red,derpyberd,120,1,castle_destroyed,905,30.17,False,8,8,8,1,0,31,403,0,0,-1,0.0000,148
Red,8,draggo,1,0,-,Red,derpyberd,0,1,castle_destroyed,1001,33.37,False,0,0,0,0,0,0,18904,18904,1,-1,1.0000,851
Red,8,draggo,1,0,-,Red,derpyberd,1,1,force_destroyed,4510,150.33,False,4510,4201,4510,349,4510,0,18904,18904,0,4510,0.2353,-1
Red,8,draggo,1,0,-,Red,derpyberd,2,1,force_destroyed,8730,291.00,False,4365,4201,4365,174,4365,0,18904,18904,0,8730,0.2394,-1
Red,8,draggo,1,0,-,Red,derpyberd,3,1,force_destroyed,12920,430.67,False,4307,4201,4307,116,4307,0,18904,18904,0,12920,0.2435,-1
Red,8,draggo,1,0,-,Red,derpyberd,5,1,force_destroyed,21139,704.63,True,4228,4171,4228,69,4228,0,18904,18904,0,21139,0.2518,-1
Red,8,draggo,1,0,-,Red,derpyberd,10,1,survived_horizon,36000,1200.00,True,3600,3571,3600,34,0,0,18904,18904,1,-1,0.2724,-1
Red,8,draggo,1,0,-,Red,derpyberd,15,1,survived_horizon,36000,1200.00,True,2400,2381,2400,23,0,0,18904,18904,1,-1,0.2929,-1
Red,8,draggo,1,0,-,Red,derpyberd,20,1,survived_horizon,36000,1200.00,True,1800,1795,1800,17,0,0,18904,18904,1,-1,1.0000,-1
Red,8,draggo,1,0,-,Red,derpyberd,30,1,survived_horizon,36000,1200.00,True,1200,1191,1200,11,0,0,18904,18904,1,-1,0.3547,-1
Red,8,draggo,1,0,-,Red,derpyberd,45,1,survived_horizon,36000,1200.00,True,800,798,800,8,0,0,18904,18904,1,-1,1.0000,-1
Red,8,draggo,1,0,-,Red,derpyberd,60,1,survived_horizon,36000,1200.00,True,600,599,600,6,0,0,18904,18904,1,-1,1.0000,-1
Red,8,draggo,1,0,-,Red,derpyberd,90,1,survived_horizon,36000,1200.00,True,400,399,400,4,0,0,18904,18904,1,-1,1.0000,-1
Red,8,draggo,1,0,-,Red,derpyberd,120,1,survived_horizon,36000,1200.00,True,300,300,300,3,0,0,18904,18904,1,-1,1.0000,-1
Red,8,draggo,1,4,lobbo,Red,derpyberd,0,1,castle_destroyed,851,28.37,False,0,0,0,0,0,29,19281,18904,1,-1,1.0000,143
Red,8,draggo,1,4,lobbo,Red,derpyberd,1,1,survived_horizon,36000,1200.00,True,36000,35856,36000,151,0,1200,34504,18904,1,-1,0.4712,-1
Red,8,draggo,1,4,lobbo,Red,derpyberd,2,1,survived_horizon,36000,1200.00,True,18000,17993,18000,50,0,1200,34504,18904,1,-1,1.0000,-1
Red,8,draggo,1,4,lobbo,Red,derpyberd,3,1,castle_destroyed,20181,672.70,True,6727,6722,6727,33,0,673,27653,18904,1,-1,1.0000,564
Red,8,draggo,1,4,lobbo,Red,derpyberd,5,1,castle_destroyed,4173,139.10,False,835,832,835,20,0,140,20724,18904,1,-1,1.0000,275
Red,8,draggo,1,4,lobbo,Red,derpyberd,10,1,castle_destroyed,851,28.37,False,86,84,86,10,0,29,19281,18904,1,-1,1.0000,188
Red,8,draggo,1,4,lobbo,Red,derpyberd,15,1,castle_destroyed,851,28.37,False,57,56,57,7,0,29,19281,18904,1,-1,1.0000,173
Red,8,draggo,1,4,lobbo,Red,derpyberd,20,1,castle_destroyed,851,28.37,False,43,42,43,5,0,29,19281,18904,1,-1,1.0000,151
Red,8,draggo,1,4,lobbo,Red,derpyberd,30,1,castle_destroyed,851,28.37,False,29,28,29,4,0,29,19281,18904,1,-1,1.0000,151
Red,8,draggo,1,4,lobbo,Red,derpyberd,45,1,castle_destroyed,851,28.37,False,19,19,19,3,0,29,19281,18904,1,-1,1.0000,147
Red,8,draggo,1,4,lobbo,Red,derpyberd,60,1,castle_destroyed,851,28.37,False,15,14,15,2,0,29,19281,18904,1,-1,1.0000,149
Red,8,draggo,1,4,lobbo,Red,derpyberd,90,1,castle_destroyed,851,28.37,False,10,10,10,2,0,29,19281,18904,1,-1,1.0000,145
Red,8,draggo,1,4,lobbo,Red,derpyberd,120,1,castle_destroyed,851,28.37,False,8,7,8,1,0,29,19281,18904,1,-1,1.0000,148
Red,8,draggo,2,0,-,Red,derpyberd,0,1,castle_destroyed,881,29.37,False,0,0,0,0,0,0,37808,37808,2,-1,1.0000,851
Red,8,draggo,2,0,-,Red,derpyberd,1,1,force_destroyed,6414,213.80,False,6414,6181,6414,319,6414,0,37808,37808,0,6414,0.2353,-1
Red,8,draggo,2,0,-,Red,derpyberd,2,1,force_destroyed,12401,413.37,False,6201,6091,6201,173,6201,0,37808,37808,0,12401,0.2394,-1
Red,8,draggo,2,0,-,Red,derpyberd,3,1,force_destroyed,18772,625.73,True,6258,6181,6258,115,6258,0,37808,37808,0,18772,0.4882,-1
Red,8,draggo,2,0,-,Red,derpyberd,5,1,force_destroyed,31656,1055.20,True,6332,6312,6332,68,6332,0,37808,37808,0,31656,0.9559,-1
Red,8,draggo,2,0,-,Red,derpyberd,10,1,survived_horizon,36000,1200.00,True,3600,3593,3600,31,0,0,37808,37808,2,-1,1.0000,-1
Red,8,draggo,2,0,-,Red,derpyberd,15,1,survived_horizon,36000,1200.00,True,2400,2396,2400,22,0,0,37808,37808,2,-1,1.0000,-1
Red,8,draggo,2,0,-,Red,derpyberd,20,1,survived_horizon,36000,1200.00,True,1800,1797,1800,16,0,0,37808,37808,2,-1,1.0000,-1
Red,8,draggo,2,0,-,Red,derpyberd,30,1,survived_horizon,36000,1200.00,True,1200,1198,1200,10,0,0,37808,37808,2,-1,1.0000,-1
Red,8,draggo,2,0,-,Red,derpyberd,45,1,survived_horizon,36000,1200.00,True,800,799,800,7,0,0,37808,37808,2,-1,1.0000,-1
Red,8,draggo,2,0,-,Red,derpyberd,60,1,survived_horizon,36000,1200.00,True,600,600,600,5,0,0,37808,37808,2,-1,1.0000,-1
Red,8,draggo,2,0,-,Red,derpyberd,90,1,castle_destroyed,1701,56.70,False,19,19,19,3,0,0,37808,37808,2,-1,1.0000,1251
Red,8,draggo,2,0,-,Red,derpyberd,120,1,castle_destroyed,1069,35.63,False,9,9,9,2,0,0,37808,37808,2,-1,1.0000,919
Red,8,draggo,2,4,lobbo,Red,derpyberd,0,1,castle_destroyed,851,28.37,False,0,0,0,0,0,29,38185,37808,2,-1,1.0000,143
Red,8,draggo,2,4,lobbo,Red,derpyberd,1,1,survived_horizon,36000,1200.00,True,36000,35856,36000,151,0,1200,53408,37808,2,-1,0.4712,-1
Red,8,draggo,2,4,lobbo,Red,derpyberd,2,1,survived_horizon,36000,1200.00,True,18000,17993,18000,50,0,1200,53408,37808,2,-1,1.0000,-1
Red,8,draggo,2,4,lobbo,Red,derpyberd,3,1,castle_destroyed,18561,618.70,True,6187,6182,6187,33,0,619,45855,37808,2,-1,1.0000,564
Red,8,draggo,2,4,lobbo,Red,derpyberd,5,1,castle_destroyed,4115,137.17,False,823,820,823,20,0,138,39602,37808,2,-1,1.0000,275
Red,8,draggo,2,4,lobbo,Red,derpyberd,10,1,castle_destroyed,851,28.37,False,86,84,86,10,0,29,38185,37808,2,-1,1.0000,188
Red,8,draggo,2,4,lobbo,Red,derpyberd,15,1,castle_destroyed,851,28.37,False,57,56,57,7,0,29,38185,37808,2,-1,1.0000,173
Red,8,draggo,2,4,lobbo,Red,derpyberd,20,1,castle_destroyed,851,28.37,False,43,42,43,5,0,29,38185,37808,2,-1,1.0000,151
Red,8,draggo,2,4,lobbo,Red,derpyberd,30,1,castle_destroyed,851,28.37,False,29,28,29,4,0,29,38185,37808,2,-1,1.0000,151
Red,8,draggo,2,4,lobbo,Red,derpyberd,45,1,castle_destroyed,851,28.37,False,19,19,19,3,0,29,38185,37808,2,-1,1.0000,147
Red,8,draggo,2,4,lobbo,Red,derpyberd,60,1,castle_destroyed,851,28.37,False,15,14,15,2,0,29,38185,37808,2,-1,1.0000,149
Red,8,draggo,2,4,lobbo,Red,derpyberd,90,1,castle_destroyed,851,28.37,False,10,10,10,2,0,29,38185,37808,2,-1,1.0000,145
Red,8,draggo,2,4,lobbo,Red,derpyberd,120,1,castle_destroyed,851,28.37,False,8,7,8,1,0,29,38185,37808,2,-1,1.0000,148
Red,8,draggo,3,0,-,Red,derpyberd,0,1,castle_destroyed,881,29.37,False,0,0,0,0,0,0,56712,56712,3,-1,1.0000,851
Red,8,draggo,3,0,-,Red,derpyberd,1,1,force_destroyed,9461,315.37,False,9461,9211,9461,289,9461,0,56712,56712,0,9461,0.2353,-1
Red,8,draggo,3,0,-,Red,derpyberd,2,1,force_destroyed,18793,626.43,True,9397,9281,9397,144,9397,0,56712,56712,0,18793,0.4394,-1
Red,8,draggo,3,0,-,Red,derpyberd,3,1,force_destroyed,28250,941.67,True,9417,9374,9417,96,9417,0,56712,56712,0,28250,0.8935,-1
Red,8,draggo,3,0,-,Red,derpyberd,5,1,survived_horizon,36000,1200.00,True,7200,7190,7200,56,0,0,56712,56712,3,-1,1.0000,-1
Red,8,draggo,3,0,-,Red,derpyberd,10,1,survived_horizon,36000,1200.00,True,3600,3596,3600,28,0,0,56712,56712,3,-1,1.0000,-1
Red,8,draggo,3,0,-,Red,derpyberd,15,1,survived_horizon,36000,1200.00,True,2400,2398,2400,19,0,0,56712,56712,3,-1,1.0000,-1
Red,8,draggo,3,0,-,Red,derpyberd,20,1,survived_horizon,36000,1200.00,True,1800,1799,1800,14,0,0,56712,56712,3,-1,1.0000,-1
Red,8,draggo,3,0,-,Red,derpyberd,30,1,survived_horizon,36000,1200.00,True,1200,1199,1200,9,0,0,56712,56712,3,-1,1.0000,-1
Red,8,draggo,3,0,-,Red,derpyberd,45,1,survived_horizon,36000,1200.00,True,800,799,800,6,0,0,56712,56712,3,-1,1.0000,-1
Red,8,draggo,3,0,-,Red,derpyberd,60,1,castle_destroyed,1559,51.97,False,26,26,26,4,0,0,56712,56712,3,-1,1.0000,1259
Red,8,draggo,3,0,-,Red,derpyberd,90,1,castle_destroyed,996,33.20,False,12,11,12,3,0,0,56712,56712,3,-1,1.0000,926
Red,8,draggo,3,0,-,Red,derpyberd,120,1,castle_destroyed,919,30.63,False,8,8,8,2,0,0,56712,56712,3,-1,1.0000,911
Red,8,draggo,3,4,lobbo,Red,derpyberd,0,1,castle_destroyed,851,28.37,False,0,0,0,0,0,29,57089,56712,3,-1,1.0000,143
Red,8,draggo,3,4,lobbo,Red,derpyberd,1,1,survived_horizon,36000,1200.00,True,36000,35856,36000,151,0,1200,72312,56712,3,-1,0.4712,-1
Red,8,draggo,3,4,lobbo,Red,derpyberd,2,1,survived_horizon,36000,1200.00,True,18000,17993,18000,50,0,1200,72312,56712,3,-1,1.0000,-1
Red,8,draggo,3,4,lobbo,Red,derpyberd,3,1,castle_destroyed,17202,573.40,False,5734,5729,5734,33,0,574,64174,56712,3,-1,1.0000,564
Red,8,draggo,3,4,lobbo,Red,derpyberd,5,1,castle_destroyed,4058,135.27,False,812,809,812,20,0,136,58480,56712,3,-1,1.0000,275
Red,8,draggo,3,4,lobbo,Red,derpyberd,10,1,castle_destroyed,851,28.37,False,86,84,86,10,0,29,57089,56712,3,-1,1.0000,188
Red,8,draggo,3,4,lobbo,Red,derpyberd,15,1,castle_destroyed,851,28.37,False,57,56,57,7,0,29,57089,56712,3,-1,1.0000,173
Red,8,draggo,3,4,lobbo,Red,derpyberd,20,1,castle_destroyed,851,28.37,False,43,42,43,5,0,29,57089,56712,3,-1,1.0000,151
Red,8,draggo,3,4,lobbo,Red,derpyberd,30,1,castle_destroyed,851,28.37,False,29,28,29,4,0,29,57089,56712,3,-1,1.0000,151
Red,8,draggo,3,4,lobbo,Red,derpyberd,45,1,castle_destroyed,851,28.37,False,19,19,19,3,0,29,57089,56712,3,-1,1.0000,147
Red,8,draggo,3,4,lobbo,Red,derpyberd,60,1,castle_destroyed,851,28.37,False,15,14,15,2,0,29,57089,56712,3,-1,1.0000,149
Red,8,draggo,3,4,lobbo,Red,derpyberd,90,1,castle_destroyed,851,28.37,False,10,10,10,2,0,29,57089,56712,3,-1,1.0000,145
Red,8,draggo,3,4,lobbo,Red,derpyberd,120,1,castle_destroyed,851,28.37,False,8,7,8,1,0,29,57089,56712,3,-1,1.0000,148
Red,8,draggo,4,0,-,Red,derpyberd,0,1,castle_destroyed,881,29.37,False,0,0,0,0,0,0,75616,75616,4,-1,1.0000,851
Red,8,draggo,4,0,-,Red,derpyberd,1,1,force_destroyed,13872,462.40,False,13872,13591,13872,281,13872,0,75616,75616,0,13872,0.2353,-1
Red,8,draggo,4,0,-,Red,derpyberd,2,1,force_destroyed,27668,922.27,True,13834,13757,13834,129,13834,0,75616,75616,0,27668,0.7359,-1
Red,8,draggo,4,0,-,Red,derpyberd,3,1,survived_horizon,36000,1200.00,True,12000,11993,12000,86,0,0,75616,75616,4,-1,1.0000,-1
Red,8,draggo,4,0,-,Red,derpyberd,5,1,survived_horizon,36000,1200.00,True,7200,7197,7200,55,0,0,75616,75616,4,-1,1.0000,-1
Red,8,draggo,4,0,-,Red,derpyberd,10,1,survived_horizon,36000,1200.00,True,3600,3599,3600,25,0,0,75616,75616,4,-1,1.0000,-1
Red,8,draggo,4,0,-,Red,derpyberd,15,1,survived_horizon,36000,1200.00,True,2400,2398,2400,17,0,0,75616,75616,4,-1,1.0000,-1
Red,8,draggo,4,0,-,Red,derpyberd,20,1,survived_horizon,36000,1200.00,True,1800,1799,1800,12,0,0,75616,75616,4,-1,1.0000,-1
Red,8,draggo,4,0,-,Red,derpyberd,30,1,survived_horizon,36000,1200.00,True,1200,1199,1200,8,0,0,75616,75616,4,-1,1.0000,-1
Red,8,draggo,4,0,-,Red,derpyberd,45,1,castle_destroyed,1570,52.33,False,35,35,35,5,0,0,75616,75616,4,-1,1.0000,1270
Red,8,draggo,4,0,-,Red,derpyberd,60,1,castle_destroyed,1028,34.27,False,18,17,18,4,0,0,75616,75616,4,-1,1.0000,957
Red,8,draggo,4,0,-,Red,derpyberd,90,1,castle_destroyed,941,31.37,False,11,11,11,3,0,0,75616,75616,4,-1,1.0000,926
Red,8,draggo,4,0,-,Red,derpyberd,120,1,castle_destroyed,919,30.63,False,8,8,8,2,0,0,75616,75616,4,-1,1.0000,911
Red,8,draggo,4,4,lobbo,Red,derpyberd,0,1,castle_destroyed,851,28.37,False,0,0,0,0,0,29,75993,75616,4,-1,1.0000,143
Red,8,draggo,4,4,lobbo,Red,derpyberd,1,1,survived_horizon,36000,1200.00,True,36000,35856,36000,151,0,1200,91216,75616,4,-1,0.4712,-1
Red,8,draggo,4,4,lobbo,Red,derpyberd,2,1,survived_horizon,36000,1200.00,True,18000,17993,18000,50,0,1200,91216,75616,4,-1,1.0000,-1
Red,8,draggo,4,4,lobbo,Red,derpyberd,3,1,castle_destroyed,16032,534.40,False,5344,5339,5344,33,0,535,82571,75616,4,-1,1.0000,564
Red,8,draggo,4,4,lobbo,Red,derpyberd,5,1,castle_destroyed,4004,133.47,False,801,798,801,20,0,134,77358,75616,4,-1,1.0000,275
Red,8,draggo,4,4,lobbo,Red,derpyberd,10,1,castle_destroyed,851,28.37,False,86,84,86,10,0,29,75993,75616,4,-1,1.0000,188
Red,8,draggo,4,4,lobbo,Red,derpyberd,15,1,castle_destroyed,851,28.37,False,57,56,57,7,0,29,75993,75616,4,-1,1.0000,173
Red,8,draggo,4,4,lobbo,Red,derpyberd,20,1,castle_destroyed,851,28.37,False,43,42,43,5,0,29,75993,75616,4,-1,1.0000,151
Red,8,draggo,4,4,lobbo,Red,derpyberd,30,1,castle_destroyed,851,28.37,False,29,28,29,4,0,29,75993,75616,4,-1,1.0000,151
Red,8,draggo,4,4,lobbo,Red,derpyberd,45,1,castle_destroyed,851,28.37,False,19,19,19,3,0,29,75993,75616,4,-1,1.0000,147
Red,8,draggo,4,4,lobbo,Red,derpyberd,60,1,castle_destroyed,851,28.37,False,15,14,15,2,0,29,75993,75616,4,-1,1.0000,149
Red,8,draggo,4,4,lobbo,Red,derpyberd,90,1,castle_destroyed,851,28.37,False,10,10,10,2,0,29,75993,75616,4,-1,1.0000,145
Red,8,draggo,4,4,lobbo,Red,derpyberd,120,1,castle_destroyed,851,28.37,False,8,7,8,1,0,29,75993,75616,4,-1,1.0000,148
Red,8,draggo,5,0,-,Red,derpyberd,0,1,castle_destroyed,881,29.37,False,0,0,0,0,0,0,94520,94520,5,-1,1.0000,851
Red,8,draggo,5,0,-,Red,derpyberd,1,1,force_destroyed,18336,611.20,True,18336,18121,18336,229,18336,0,94520,94520,0,18336,0.2353,-1
Red,8,draggo,5,0,-,Red,derpyberd,2,1,survived_horizon,36000,1200.00,True,18000,17975,18000,129,0,0,94520,94520,3,-1,0.8882,-1
Red,8,draggo,5,0,-,Red,derpyberd,3,1,survived_horizon,36000,1200.00,True,12000,11993,12000,86,0,0,94520,94520,5,-1,1.0000,-1
Red,8,draggo,5,0,-,Red,derpyberd,5,1,survived_horizon,36000,1200.00,True,7200,7197,7200,51,0,0,94520,94520,5,-1,1.0000,-1
Red,8,draggo,5,0,-,Red,derpyberd,10,1,survived_horizon,36000,1200.00,True,3600,3599,3600,23,0,0,94520,94520,5,-1,1.0000,-1
Red,8,draggo,5,0,-,Red,derpyberd,15,1,survived_horizon,36000,1200.00,True,2400,2398,2400,17,0,0,94520,94520,5,-1,1.0000,-1
Red,8,draggo,5,0,-,Red,derpyberd,20,1,castle_destroyed,3354,111.80,False,168,167,168,12,0,0,94520,94520,5,-1,1.0000,3054
Red,8,draggo,5,0,-,Red,derpyberd,30,1,castle_destroyed,2353,78.43,False,79,78,79,8,0,0,94520,94520,5,-1,1.0000,2203
Red,8,draggo,5,0,-,Red,derpyberd,45,1,castle_destroyed,1046,34.87,False,24,23,24,5,0,0,94520,94520,5,-1,1.0000,988
Red,8,draggo,5,0,-,Red,derpyberd,60,1,castle_destroyed,971,32.37,False,17,16,17,4,0,0,94520,94520,5,-1,1.0000,957
Red,8,draggo,5,0,-,Red,derpyberd,90,1,castle_destroyed,941,31.37,False,11,11,11,3,0,0,94520,94520,5,-1,1.0000,926
Red,8,draggo,5,0,-,Red,derpyberd,120,1,castle_destroyed,919,30.63,False,8,8,8,2,0,0,94520,94520,5,-1,1.0000,911
Red,8,draggo,5,4,lobbo,Red,derpyberd,0,1,castle_destroyed,851,28.37,False,0,0,0,0,0,29,94897,94520,5,-1,1.0000,143
Red,8,draggo,5,4,lobbo,Red,derpyberd,1,1,survived_horizon,36000,1200.00,True,36000,35856,36000,151,0,1200,110120,94520,5,-1,0.4712,-1
Red,8,draggo,5,4,lobbo,Red,derpyberd,2,1,survived_horizon,36000,1200.00,True,18000,17993,18000,50,0,1200,110120,94520,5,-1,1.0000,-1
Red,8,draggo,5,4,lobbo,Red,derpyberd,3,1,castle_destroyed,15021,500.70,False,5007,5002,5007,33,0,501,101033,94520,5,-1,1.0000,564
Red,8,draggo,5,4,lobbo,Red,derpyberd,5,1,castle_destroyed,3953,131.77,False,791,788,791,20,0,132,96236,94520,5,-1,1.0000,275
Red,8,draggo,5,4,lobbo,Red,derpyberd,10,1,castle_destroyed,851,28.37,False,86,84,86,10,0,29,94897,94520,5,-1,1.0000,188
Red,8,draggo,5,4,lobbo,Red,derpyberd,15,1,castle_destroyed,851,28.37,False,57,56,57,7,0,29,94897,94520,5,-1,1.0000,173
Red,8,draggo,5,4,lobbo,Red,derpyberd,20,1,castle_destroyed,851,28.37,False,43,42,43,5,0,29,94897,94520,5,-1,1.0000,151
Red,8,draggo,5,4,lobbo,Red,derpyberd,30,1,castle_destroyed,851,28.37,False,29,28,29,4,0,29,94897,94520,5,-1,1.0000,151
Red,8,draggo,5,4,lobbo,Red,derpyberd,45,1,castle_destroyed,851,28.37,False,19,19,19,3,0,29,94897,94520,5,-1,1.0000,147
Red,8,draggo,5,4,lobbo,Red,derpyberd,60,1,castle_destroyed,851,28.37,False,15,14,15,2,0,29,94897,94520,5,-1,1.0000,149
Red,8,draggo,5,4,lobbo,Red,derpyberd,90,1,castle_destroyed,851,28.37,False,10,10,10,2,0,29,94897,94520,5,-1,1.0000,145
Red,8,draggo,5,4,lobbo,Red,derpyberd,120,1,castle_destroyed,851,28.37,False,8,7,8,1,0,29,94897,94520,5,-1,1.0000,148
White,5,alpacco,0,4,ringo,White,doggo,0,1,castle_destroyed,916,30.53,False,0,0,0,0,0,31,558,0,0,-1,0.0000,132
White,5,alpacco,0,4,ringo,White,doggo,1,1,survived_horizon,36000,1200.00,True,36000,35750,108000,258,0,1200,21600,0,0,-1,0.0000,-1
White,5,alpacco,0,4,ringo,White,doggo,2,1,survived_horizon,36000,1200.00,True,18000,17991,54000,48,0,1200,21600,0,0,-1,0.0000,-1
White,5,alpacco,0,4,ringo,White,doggo,3,1,castle_destroyed,23523,784.10,True,7841,7836,23523,32,0,785,14130,0,0,-1,0.0000,530
White,5,alpacco,0,4,ringo,White,doggo,5,1,castle_destroyed,6059,201.97,False,1212,1209,3636,19,0,202,3636,0,0,-1,0.0000,274
White,5,alpacco,0,4,ringo,White,doggo,10,1,castle_destroyed,2198,73.27,False,220,219,660,9,0,74,1332,0,0,-1,0.0000,201
White,5,alpacco,0,4,ringo,White,doggo,15,1,castle_destroyed,1515,50.50,False,101,100,303,6,0,51,918,0,0,-1,0.0000,161
White,5,alpacco,0,4,ringo,White,doggo,20,1,castle_destroyed,1225,40.83,False,62,61,186,5,0,41,738,0,0,-1,0.0000,146
White,5,alpacco,0,4,ringo,White,doggo,30,1,castle_destroyed,1001,33.37,False,34,33,102,3,0,34,612,0,0,-1,0.0000,144
White,5,alpacco,0,4,ringo,White,doggo,45,1,castle_destroyed,930,31.00,False,21,21,63,2,0,31,558,0,0,-1,0.0000,137
White,5,alpacco,0,4,ringo,White,doggo,60,1,castle_destroyed,924,30.80,False,16,16,48,2,0,31,558,0,0,-1,0.0000,134
White,5,alpacco,0,4,ringo,White,doggo,90,1,castle_destroyed,921,30.70,False,11,11,33,1,0,31,558,0,0,-1,0.0000,135
White,5,alpacco,0,4,ringo,White,doggo,120,1,castle_destroyed,919,30.63,False,8,8,24,1,0,31,558,0,0,-1,0.0000,133
White,5,alpacco,1,0,-,White,doggo,0,1,castle_destroyed,7299,243.30,False,0,0,0,0,0,0,81,81,1,-1,1.0000,171
White,5,alpacco,1,0,-,White,doggo,1,1,force_destroyed,150,5.00,False,150,1,450,149,450,0,81,81,0,150,0.6235,-1
White,5,alpacco,1,0,-,White,doggo,2,1,force_destroyed,194,6.47,False,97,39,291,77,291,0,81,81,0,194,0.6306,-1
White,5,alpacco,1,0,-,White,doggo,3,1,force_destroyed,258,8.60,False,86,42,258,49,258,0,81,81,0,258,0.6306,-1
White,5,alpacco,1,0,-,White,doggo,5,1,force_destroyed,346,11.53,False,70,45,210,30,210,0,81,81,0,346,0.6671,-1
White,5,alpacco,1,0,-,White,doggo,10,1,force_destroyed,551,18.37,False,56,48,168,13,168,0,81,81,0,551,0.7876,-1
White,5,alpacco,1,0,-,White,doggo,15,1,force_destroyed,714,23.80,False,48,44,144,8,144,0,81,81,0,714,0.9147,-1
White,5,alpacco,1,0,-,White,doggo,20,1,force_destroyed,1103,36.77,False,56,54,168,6,168,0,81,81,0,1103,1.0000,-1
White,5,alpacco,1,0,-,White,doggo,30,1,force_destroyed,1186,39.53,False,40,39,120,4,120,0,81,81,0,1186,1.0000,1004
White,5,alpacco,1,0,-,White,doggo,45,1,force_destroyed,2377,79.23,False,53,52,159,3,159,0,81,81,0,2377,1.0000,269
White,5,alpacco,1,0,-,White,doggo,60,1,force_destroyed,3383,112.77,False,57,56,171,2,171,0,81,81,0,3383,1.0000,188
White,5,alpacco,1,0,-,White,doggo,90,1,force_destroyed,4516,150.53,False,51,50,153,2,153,0,81,81,0,4516,1.0000,174
White,5,alpacco,1,0,-,White,doggo,120,1,force_destroyed,6616,220.53,False,56,55,168,1,168,0,81,81,0,6616,1.0000,184
White,5,alpacco,1,4,ringo,White,doggo,0,1,castle_destroyed,874,29.13,False,0,0,0,0,0,30,621,81,1,-1,1.0000,132
White,5,alpacco,1,4,ringo,White,doggo,1,1,force_destroyed,305,10.17,False,236,187,708,113,708,8,225,81,0,236,0.6706,-1
White,5,alpacco,1,4,ringo,White,doggo,2,1,castle_destroyed,3195,106.50,False,217,217,651,48,651,15,351,81,0,434,0.8653,493
White,5,alpacco,1,4,ringo,White,doggo,3,1,castle_destroyed,2436,81.20,False,204,204,612,32,612,21,459,81,0,610,1.0000,471
White,5,alpacco,1,4,ringo,White,doggo,5,1,castle_destroyed,2203,73.43,False,180,180,540,19,540,30,621,81,0,896,1.0000,259
White,5,alpacco,1,4,ringo,White,doggo,10,1,castle_destroyed,1790,59.67,False,165,165,495,9,495,55,1071,81,0,1646,1.0000,213
White,5,alpacco,1,4,ringo,White,doggo,15,1,castle_destroyed,1317,43.90,False,88,87,264,6,0,44,873,81,1,-1,1.0000,161
White,5,alpacco,1,4,ringo,White,doggo,20,1,castle_destroyed,1107,36.90,False,56,55,168,5,0,37,747,81,1,-1,1.0000,146
White,5,alpacco,1,4,ringo,White,doggo,30,1,castle_destroyed,935,31.17,False,32,31,96,3,0,32,657,81,1,-1,1.0000,144
White,5,alpacco,1,4,ringo,White,doggo,45,1,castle_destroyed,886,29.53,False,20,20,60,2,0,30,621,81,1,-1,1.0000,137
White,5,alpacco,1,4,ringo,White,doggo,60,1,castle_destroyed,881,29.37,False,15,15,45,2,0,30,621,81,1,-1,1.0000,134
White,5,alpacco,1,4,ringo,White,doggo,90,1,castle_destroyed,878,29.27,False,10,10,30,1,0,30,621,81,1,-1,1.0000,135
White,5,alpacco,1,4,ringo,White,doggo,120,1,castle_destroyed,878,29.27,False,8,8,24,1,0,30,621,81,1,-1,1.0000,133
White,5,alpacco,2,0,-,White,doggo,0,1,castle_destroyed,3738,124.60,False,0,0,0,0,0,0,162,162,2,-1,1.0000,171
White,5,alpacco,2,0,-,White,doggo,1,1,force_destroyed,217,7.23,False,217,103,651,140,651,0,162,162,0,217,0.6235,-1
White,5,alpacco,2,0,-,White,doggo,2,1,force_destroyed,266,8.87,False,133,69,399,66,399,0,162,162,0,266,0.6347,-1
White,5,alpacco,2,0,-,White,doggo,3,1,force_destroyed,384,12.80,False,128,89,384,44,384,0,162,162,0,384,0.6471,-1
White,5,alpacco,2,0,-,White,doggo,5,1,force_destroyed,546,18.20,False,110,96,330,26,330,0,162,162,0,546,0.7782,-1
White,5,alpacco,2,0,-,White,doggo,10,1,force_destroyed,831,27.70,False,84,80,252,13,252,0,162,162,0,831,0.9671,-1
White,5,alpacco,2,0,-,White,doggo,15,1,force_destroyed,1290,43.00,False,86,84,258,8,258,0,162,162,0,1290,1.0000,839
White,5,alpacco,2,0,-,White,doggo,20,1,force_destroyed,1710,57.00,False,86,85,258,6,258,0,162,162,0,1710,1.0000,334
White,5,alpacco,2,0,-,White,doggo,30,1,force_destroyed,2896,96.53,False,97,96,291,4,291,0,162,162,0,2896,1.0000,220
White,5,alpacco,2,0,-,White,doggo,45,1,force_destroyed,4028,134.27,False,90,89,270,3,270,0,162,162,0,4028,1.0000,210
White,5,alpacco,2,0,-,White,doggo,60,1,castle_destroyed,4861,162.03,False,82,81,246,2,0,0,162,162,2,-1,1.0000,188
White,5,alpacco,2,0,-,White,doggo,90,1,castle_destroyed,4733,157.77,False,53,53,159,2,0,0,162,162,2,-1,1.0000,174
White,5,alpacco,2,0,-,White,doggo,120,1,castle_destroyed,4214,140.47,False,36,35,108,1,0,0,162,162,2,-1,1.0000,184
White,5,alpacco,2,4,ringo,White,doggo,0,1,castle_destroyed,838,27.93,False,0,0,0,0,0,28,666,162,2,-1,1.0000,132
White,5,alpacco,2,4,ringo,White,doggo,1,1,force_destroyed,387,12.90,False,315,260,945,110,945,11,360,162,0,315,0.6706,-1
White,5,alpacco,2,4,ringo,White,doggo,2,1,castle_destroyed,3224,107.47,False,232,232,696,48,696,16,450,162,0,464,0.8818,519
White,5,alpacco,2,4,ringo,White,doggo,3,1,castle_destroyed,2789,92.97,False,209,209,627,32,627,21,540,162,0,625,1.0000,474
White,5,alpacco,2,4,ringo,White,doggo,5,1,castle_destroyed,2105,70.17,False,185,185,555,19,555,31,720,162,0,921,1.0000,257
White,5,alpacco,2,4,ringo,White,doggo,10,1,castle_destroyed,1570,52.33,False,157,156,471,9,0,53,1116,162,2,-1,1.0000,213
White,5,alpacco,2,4,ringo,White,doggo,15,1,castle_destroyed,1173,39.10,False,79,78,237,6,0,40,882,162,2,-1,1.0000,161
White,5,alpacco,2,4,ringo,White,doggo,20,1,castle_destroyed,1018,33.93,False,51,51,153,5,0,34,774,162,2,-1,1.0000,146
White,5,alpacco,2,4,ringo,White,doggo,30,1,castle_destroyed,880,29.33,False,30,29,90,3,0,30,702,162,2,-1,1.0000,144
White,5,alpacco,2,4,ringo,White,doggo,45,1,castle_destroyed,846,28.20,False,19,19,57,2,0,29,684,162,2,-1,1.0000,137
White,5,alpacco,2,4,ringo,White,doggo,60,1,castle_destroyed,844,28.13,False,15,14,45,2,0,29,684,162,2,-1,1.0000,134
White,5,alpacco,2,4,ringo,White,doggo,90,1,castle_destroyed,842,28.07,False,10,10,30,1,0,29,684,162,2,-1,1.0000,135
White,5,alpacco,2,4,ringo,White,doggo,120,1,castle_destroyed,841,28.03,False,8,7,24,1,0,29,684,162,2,-1,1.0000,133
White,5,alpacco,3,0,-,White,doggo,0,1,castle_destroyed,2574,85.80,False,0,0,0,0,0,0,243,243,3,-1,1.0000,171
White,5,alpacco,3,0,-,White,doggo,1,1,force_destroyed,269,8.97,False,269,145,807,136,807,0,243,243,0,269,0.6235,-1
White,5,alpacco,3,0,-,White,doggo,2,1,force_destroyed,344,11.47,False,172,105,516,67,516,0,243,243,0,344,0.6512,-1
White,5,alpacco,3,0,-,White,doggo,3,1,force_destroyed,420,14.00,False,140,99,420,44,420,0,243,243,0,420,0.6876,-1
White,5,alpacco,3,0,-,White,doggo,5,1,force_destroyed,616,20.53,False,124,109,372,26,372,0,243,243,0,616,0.8424,-1
White,5,alpacco,3,0,-,White,doggo,10,1,force_destroyed,986,32.87,False,99,97,297,13,297,0,243,243,0,986,1.0000,795
White,5,alpacco,3,0,-,White,doggo,15,1,force_destroyed,1448,48.27,False,97,94,291,8,291,0,243,243,0,1448,1.0000,296
White,5,alpacco,3,0,-,White,doggo,20,1,force_destroyed,1923,64.10,False,97,95,291,6,291,0,243,243,0,1923,1.0000,334
White,5,alpacco,3,0,-,White,doggo,30,1,force_destroyed,3127,104.23,False,105,103,315,4,315,0,243,243,0,3127,1.0000,220
White,5,alpacco,3,0,-,White,doggo,45,1,castle_destroyed,3455,115.17,False,77,77,231,3,0,0,243,243,3,-1,1.0000,210
White,5,alpacco,3,0,-,White,doggo,60,1,castle_destroyed,3056,101.87,False,51,51,153,2,0,0,243,243,3,-1,1.0000,188
White,5,alpacco,3,0,-,White,doggo,90,1,castle_destroyed,3122,104.07,False,35,35,105,2,0,0,243,243,3,-1,1.0000,174
White,5,alpacco,3,0,-,White,doggo,120,1,castle_destroyed,2766,92.20,False,24,23,72,1,0,0,243,243,3,-1,1.0000,184
White,5,alpacco,3,4,ringo,White,doggo,0,1,castle_destroyed,804,26.80,False,0,0,0,0,0,27,729,243,3,-1,1.0000,132
White,5,alpacco,3,4,ringo,White,doggo,1,1,force_destroyed,417,13.90,False,345,290,1035,109,1035,12,459,243,0,345,0.6706,-1
White,5,alpacco,3,4,ringo,White,doggo,2,1,castle_destroyed,3253,108.43,False,250,250,750,48,750,17,549,243,0,500,0.9147,544
White,5,alpacco,3,4,ringo,White,doggo,3,1,castle_destroyed,2455,81.83,False,224,224,672,32,672,23,657,243,0,670,1.0000,462
White,5,alpacco,3,4,ringo,White,doggo,5,1,castle_destroyed,2028,67.60,False,196,196,588,19,588,33,837,243,0,976,1.0000,257
White,5,alpacco,3,4,ringo,White,doggo,10,1,castle_destroyed,1384,46.13,False,139,137,417,9,0,47,1089,243,3,-1,1.0000,213
White,5,alpacco,3,4,ringo,White,doggo,15,1,castle_destroyed,1064,35.47,False,71,70,213,6,0,36,891,243,3,-1,1.0000,161
White,5,alpacco,3,4,ringo,White,doggo,20,1,castle_destroyed,949,31.63,False,48,47,144,5,0,32,819,243,3,-1,1.0000,146
White,5,alpacco,3,4,ringo,White,doggo,30,1,castle_destroyed,836,27.87,False,28,28,84,3,0,28,747,243,3,-1,1.0000,144
White,5,alpacco,3,4,ringo,White,doggo,45,1,castle_destroyed,812,27.07,False,19,18,57,2,0,28,747,243,3,-1,1.0000,137
White,5,alpacco,3,4,ringo,White,doggo,60,1,castle_destroyed,810,27.00,False,14,14,42,2,0,27,729,243,3,-1,1.0000,134
White,5,alpacco,3,4,ringo,White,doggo,90,1,castle_destroyed,807,26.90,False,9,9,27,1,0,27,729,243,3,-1,1.0000,135
White,5,alpacco,3,4,ringo,White,doggo,120,1,castle_destroyed,806,26.87,False,7,7,21,1,0,27,729,243,3,-1,1.0000,133
White,5,alpacco,4,0,-,White,doggo,0,1,castle_destroyed,1986,66.20,False,0,0,0,0,0,0,324,324,4,-1,1.0000,171
White,5,alpacco,4,0,-,White,doggo,1,1,force_destroyed,295,9.83,False,295,170,885,134,885,0,324,324,0,295,0.6235,-1
White,5,alpacco,4,0,-,White,doggo,2,1,force_destroyed,395,13.17,False,198,126,594,72,594,0,324,324,0,395,0.6635,-1
White,5,alpacco,4,0,-,White,doggo,3,1,force_destroyed,527,17.57,False,176,137,528,44,528,0,324,324,0,527,0.7124,-1
White,5,alpacco,4,0,-,White,doggo,5,1,force_destroyed,710,23.67,False,142,130,426,26,426,0,324,324,0,710,0.9000,-1
White,5,alpacco,4,0,-,White,doggo,10,1,force_destroyed,1283,42.77,False,129,125,387,13,387,0,324,324,0,1283,1.0000,373
White,5,alpacco,4,0,-,White,doggo,15,1,force_destroyed,1546,51.53,False,104,102,312,8,312,0,324,324,0,1546,1.0000,296
White,5,alpacco,4,0,-,White,doggo,20,1,force_destroyed,2276,75.87,False,114,113,342,6,342,0,324,324,0,2276,1.0000,271
White,5,alpacco,4,0,-,White,doggo,30,1,castle_destroyed,2591,86.37,False,87,86,261,4,0,0,324,324,4,-1,1.0000,220
White,5,alpacco,4,0,-,White,doggo,45,1,castle_destroyed,2411,80.37,False,54,54,162,3,0,0,324,324,4,-1,1.0000,210
White,5,alpacco,4,0,-,White,doggo,60,1,castle_destroyed,2226,74.20,False,38,37,114,2,0,0,324,324,4,-1,1.0000,188
White,5,alpacco,4,0,-,White,doggo,90,1,castle_destroyed,2253,75.10,False,26,25,78,2,0,0,324,324,4,-1,1.0000,174
White,5,alpacco,4,0,-,White,doggo,120,1,castle_destroyed,2097,69.90,False,18,18,54,1,0,0,324,324,4,-1,1.0000,184
White,5,alpacco,4,4,ringo,White,doggo,0,1,castle_destroyed,774,25.80,False,0,0,0,0,0,26,792,324,4,-1,1.0000,132
White,5,alpacco,4,4,ringo,White,doggo,1,1,force_destroyed,447,14.90,False,375,320,1125,109,1125,13,558,324,0,375,0.6706,-1
White,5,alpacco,4,4,ringo,White,doggo,2,1,castle_destroyed,3282,109.40,False,269,269,807,48,807,18,648,324,0,538,0.9394,573
White,5,alpacco,4,4,ringo,White,doggo,3,1,castle_destroyed,2491,83.03,False,233,233,699,32,699,24,756,324,0,697,1.0000,462
White,5,alpacco,4,4,ringo,White,doggo,5,1,castle_destroyed,1951,65.03,False,205,205,615,19,615,35,954,324,0,1021,1.0000,257
White,5,alpacco,4,4,ringo,White,doggo,10,1,castle_destroyed,1229,40.97,False,123,122,369,9,0,41,1062,324,4,-1,1.0000,213
White,5,alpacco,4,4,ringo,White,doggo,15,1,castle_destroyed,979,32.63,False,66,65,198,6,0,33,918,324,4,-1,1.0000,161
White,5,alpacco,4,4,ringo,White,doggo,20,1,castle_destroyed,890,29.67,False,45,44,135,5,0,30,864,324,4,-1,1.0000,146
White,5,alpacco,4,4,ringo,White,doggo,30,1,castle_destroyed,798,26.60,False,27,27,81,3,0,27,810,324,4,-1,1.0000,144
White,5,alpacco,4,4,ringo,White,doggo,45,1,castle_destroyed,782,26.07,False,18,18,54,2,0,27,810,324,4,-1,1.0000,137
White,5,alpacco,4,4,ringo,White,doggo,60,1,castle_destroyed,779,25.97,False,13,13,39,2,0,26,792,324,4,-1,1.0000,134
White,5,alpacco,4,4,ringo,White,doggo,90,1,castle_destroyed,777,25.90,False,9,9,27,1,0,26,792,324,4,-1,1.0000,135
White,5,alpacco,4,4,ringo,White,doggo,120,1,castle_destroyed,776,25.87,False,7,7,21,1,0,26,792,324,4,-1,1.0000,133
White,5,alpacco,5,0,-,White,doggo,0,1,castle_destroyed,1641,54.70,False,0,0,0,0,0,0,405,405,5,-1,1.0000,171
White,5,alpacco,5,0,-,White,doggo,1,1,force_destroyed,335,11.17,False,335,212,1005,136,1005,0,405,405,0,335,0.6235,-1
White,5,alpacco,5,0,-,White,doggo,2,1,force_destroyed,425,14.17,False,213,146,639,67,639,0,405,405,0,425,0.6676,-1
White,5,alpacco,5,0,-,White,doggo,3,1,force_destroyed,581,19.37,False,194,161,582,44,582,0,405,405,0,581,0.7829,-1
White,5,alpacco,5,0,-,White,doggo,5,1,force_destroyed,776,25.87,False,156,149,468,26,468,0,405,405,0,776,1.0000,584
White,5,alpacco,5,0,-,White,doggo,10,1,force_destroyed,1320,44.00,False,132,128,396,13,396,0,405,405,0,1320,1.0000,315
White,5,alpacco,5,0,-,White,doggo,15,1,force_destroyed,1950,65.00,False,130,128,390,8,390,0,405,405,0,1950,1.0000,292
White,5,alpacco,5,0,-,White,doggo,20,1,force_destroyed,2257,75.23,False,113,111,339,6,339,0,405,405,0,2257,1.0000,271
White,5,alpacco,5,0,-,White,doggo,30,1,castle_destroyed,2114,70.47,False,71,70,213,4,0,0,405,405,5,-1,1.0000,220
White,5,alpacco,5,0,-,White,doggo,45,1,castle_destroyed,1857,61.90,False,42,41,126,3,0,0,405,405,5,-1,1.0000,210
White,5,alpacco,5,0,-,White,doggo,60,1,castle_destroyed,1797,59.90,False,30,30,90,2,0,0,405,405,5,-1,1.0000,188
White,5,alpacco,5,0,-,White,doggo,90,1,castle_destroyed,1803,60.10,False,21,20,63,2,0,0,405,405,5,-1,1.0000,174
White,5,alpacco,5,0,-,White,doggo,120,1,castle_destroyed,1719,57.30,False,15,15,45,1,0,0,405,405,5,-1,1.0000,184
White,5,alpacco,5,4,ringo,White,doggo,0,1,castle_destroyed,748,24.93,False,0,0,0,0,0,25,855,405,5,-1,1.0000,132
White,5,alpacco,5,4,ringo,White,doggo,1,1,force_destroyed,477,15.90,False,405,350,1215,109,1215,14,657,405,0,405,0.6706,-1
White,5,alpacco,5,4,ringo,White,doggo,2,1,castle_destroyed,3311,110.37,False,283,283,849,48,849,19,747,405,0,565,0.9518,597
White,5,alpacco,5,4,ringo,White,doggo,3,1,castle_destroyed,2479,82.63,False,247,247,741,32,741,25,855,405,0,739,1.0000,465
White,5,alpacco,5,4,ringo,White,doggo,5,1,castle_destroyed,1856,61.87,False,211,211,633,19,633,36,1053,405,0,1051,1.0000,257
White,5,alpacco,5,4,ringo,White,doggo,10,1,castle_destroyed,1130,37.67,False,113,112,339,9,0,38,1089,405,5,-1,1.0000,213
White,5,alpacco,5,4,ringo,White,doggo,15,1,castle_destroyed,910,30.33,False,61,60,183,6,0,31,963,405,5,-1,1.0000,161
White,5,alpacco,5,4,ringo,White,doggo,20,1,castle_destroyed,846,28.20,False,43,42,129,5,0,29,927,405,5,-1,1.0000,146
White,5,alpacco,5,4,ringo,White,doggo,30,1,castle_destroyed,768,25.60,False,26,26,78,3,0,26,873,405,5,-1,1.0000,144
White,5,alpacco,5,4,ringo,White,doggo,45,1,castle_destroyed,754,25.13,False,17,17,51,2,0,26,873,405,5,-1,1.0000,137
White,5,alpacco,5,4,ringo,White,doggo,60,1,castle_destroyed,753,25.10,False,13,13,39,2,0,26,873,405,5,-1,1.0000,134
White,5,alpacco,5,4,ringo,White,doggo,90,1,castle_destroyed,751,25.03,False,9,9,27,1,0,26,873,405,5,-1,1.0000,135
White,5,alpacco,5,4,ringo,White,doggo,120,1,castle_destroyed,750,25.00,False,7,7,21,1,0,25,855,405,5,-1,1.0000,133
White,6,bread,0,4,ringo,White,doggo,0,1,castle_destroyed,916,30.53,False,0,0,0,0,0,31,558,0,0,-1,0.0000,132
White,6,bread,0,4,ringo,White,doggo,1,1,survived_horizon,36000,1200.00,True,36000,35750,108000,258,0,1200,21600,0,0,-1,0.0000,-1
White,6,bread,0,4,ringo,White,doggo,2,1,survived_horizon,36000,1200.00,True,18000,17991,54000,48,0,1200,21600,0,0,-1,0.0000,-1
White,6,bread,0,4,ringo,White,doggo,3,1,castle_destroyed,23523,784.10,True,7841,7836,23523,32,0,785,14130,0,0,-1,0.0000,530
White,6,bread,0,4,ringo,White,doggo,5,1,castle_destroyed,6059,201.97,False,1212,1209,3636,19,0,202,3636,0,0,-1,0.0000,274
White,6,bread,0,4,ringo,White,doggo,10,1,castle_destroyed,2198,73.27,False,220,219,660,9,0,74,1332,0,0,-1,0.0000,201
White,6,bread,0,4,ringo,White,doggo,15,1,castle_destroyed,1515,50.50,False,101,100,303,6,0,51,918,0,0,-1,0.0000,161
White,6,bread,0,4,ringo,White,doggo,20,1,castle_destroyed,1225,40.83,False,62,61,186,5,0,41,738,0,0,-1,0.0000,146
White,6,bread,0,4,ringo,White,doggo,30,1,castle_destroyed,1001,33.37,False,34,33,102,3,0,34,612,0,0,-1,0.0000,144
White,6,bread,0,4,ringo,White,doggo,45,1,castle_destroyed,930,31.00,False,21,21,63,2,0,31,558,0,0,-1,0.0000,137
White,6,bread,0,4,ringo,White,doggo,60,1,castle_destroyed,924,30.80,False,16,16,48,2,0,31,558,0,0,-1,0.0000,134
White,6,bread,0,4,ringo,White,doggo,90,1,castle_destroyed,921,30.70,False,11,11,33,1,0,31,558,0,0,-1,0.0000,135
White,6,bread,0,4,ringo,White,doggo,120,1,castle_destroyed,919,30.63,False,8,8,24,1,0,31,558,0,0,-1,0.0000,133
White,6,bread,1,0,-,White,doggo,0,1,castle_destroyed,2662,88.73,False,0,0,0,0,0,0,338,338,1,-1,1.0000,214
White,6,bread,1,0,-,White,doggo,1,1,force_destroyed,303,10.10,False,303,155,909,173,909,0,338,338,0,303,0.5647,-1
White,6,bread,1,0,-,White,doggo,2,1,force_destroyed,419,13.97,False,210,135,630,94,630,0,338,338,0,419,0.5688,-1
White,6,bread,1,0,-,White,doggo,3,1,force_destroyed,531,17.70,False,177,127,531,64,531,0,338,338,0,531,0.5729,-1
White,6,bread,1,0,-,White,doggo,5,1,force_destroyed,850,28.33,False,170,140,510,35,510,0,338,338,0,850,0.5906,-1
White,6,bread,1,0,-,White,doggo,10,1,force_destroyed,1559,51.97,False,156,147,468,15,468,0,338,338,0,1559,0.9065,-1
White,6,bread,1,0,-,White,doggo,15,1,force_destroyed,2491,83.03,False,167,164,501,10,501,0,338,338,0,2491,1.0000,-1
White,6,bread,1,0,-,White,doggo,20,1,force_destroyed,3150,105.00,False,158,155,474,7,474,0,338,338,0,3150,1.0000,-1
White,6,bread,1,0,-,White,doggo,30,1,force_destroyed,5100,170.00,False,170,169,510,5,510,0,338,338,0,5100,1.0000,-1
White,6,bread,1,0,-,White,doggo,45,1,force_destroyed,7531,251.03,False,168,167,504,3,504,0,338,338,0,7531,1.0000,553
White,6,bread,1,0,-,White,doggo,60,1,castle_destroyed,6554,218.47,False,110,109,330,2,0,0,338,338,1,-1,1.0000,301
White,6,bread,1,0,-,White,doggo,90,1,castle_destroyed,4416,147.20,False,50,49,150,2,0,0,338,338,1,-1,1.0000,243
White,6,bread,1,0,-,White,doggo,120,1,castle_destroyed,3734,124.47,False,32,31,96,1,0,0,338,338,1,-1,1.0000,216
White,6,bread,1,4,ringo,White,doggo,0,1,castle_destroyed,809,26.97,False,0,0,0,0,0,27,824,338,1,-1,1.0000,132
White,6,bread,1,4,ringo,White,doggo,1,1,force_destroyed,682,22.73,False,621,545,1863,135,1863,21,716,338,0,621,0.6400,-1
White,6,bread,1,4,ringo,White,doggo,2,1,castle_destroyed,3686,122.87,False,763,763,2289,48,2289,51,1256,338,0,1526,1.0000,793
White,6,bread,1,4,ringo,White,doggo,3,1,castle_destroyed,3755,125.17,False,729,729,2187,32,2187,73,1652,338,0,2185,1.0000,522
White,6,bread,1,4,ringo,White,doggo,5,1,castle_destroyed,2513,83.77,False,503,500,1509,19,0,84,1850,338,1,-1,1.0000,255
White,6,bread,1,4,ringo,White,doggo,10,1,castle_destroyed,1458,48.60,False,146,145,438,9,0,49,1220,338,1,-1,1.0000,201
White,6,bread,1,4,ringo,White,doggo,15,1,castle_destroyed,1122,37.40,False,75,74,225,6,0,38,1022,338,1,-1,1.0000,161
White,6,bread,1,4,ringo,White,doggo,20,1,castle_destroyed,945,31.50,False,48,47,144,5,0,32,914,338,1,-1,1.0000,146
White,6,bread,1,4,ringo,White,doggo,30,1,castle_destroyed,868,28.93,False,29,29,87,3,0,29,860,338,1,-1,1.0000,144
White,6,bread,1,4,ringo,White,doggo,45,1,castle_destroyed,839,27.97,False,19,19,57,2,0,28,842,338,1,-1,1.0000,137
White,6,bread,1,4,ringo,White,doggo,60,1,castle_destroyed,816,27.20,False,14,14,42,2,0,28,842,338,1,-1,1.0000,134
White,6,bread,1,4,ringo,White,doggo,90,1,castle_destroyed,834,27.80,False,10,10,30,1,0,28,842,338,1,-1,1.0000,135
White,6,bread,1,4,ringo,White,doggo,120,1,castle_destroyed,812,27.07,False,7,7,21,1,0,28,842,338,1,-1,1.0000,133
White,6,bread,2,0,-,White,doggo,0,1,castle_destroyed,1438,47.93,False,0,0,0,0,0,0,676,676,2,-1,1.0000,214
White,6,bread,2,0,-,White,doggo,1,1,force_destroyed,439,14.63,False,439,279,1317,185,1317,0,676,676,0,439,0.5647,-1
White,6,bread,2,0,-,White,doggo,2,1,force_destroyed,590,19.67,False,295,219,885,98,885,0,676,676,0,590,0.5688,-1
White,6,bread,2,0,-,White,doggo,3,1,force_destroyed,970,32.33,False,324,268,972,56,972,0,676,676,0,970,0.5935,-1
White,6,bread,2,0,-,White,doggo,5,1,force_destroyed,1478,49.27,False,296,279,888,33,888,0,676,676,0,1478,0.8488,-1
White,6,bread,2,0,-,White,doggo,10,1,force_destroyed,2623,87.43,False,263,258,789,15,789,0,676,676,0,2623,1.0000,1192
White,6,bread,2,0,-,White,doggo,15,1,force_destroyed,3495,116.50,False,233,230,699,10,699,0,676,676,0,3495,1.0000,628
White,6,bread,2,0,-,White,doggo,20,1,force_destroyed,5277,175.90,False,264,262,792,7,792,0,676,676,0,5277,1.0000,455
White,6,bread,2,0,-,White,doggo,30,1,castle_destroyed,3546,118.20,False,119,118,357,5,0,0,676,676,2,-1,1.0000,312
White,6,bread,2,0,-,White,doggo,45,1,castle_destroyed,2340,78.00,False,52,52,156,3,0,0,676,676,2,-1,1.0000,259
White,6,bread,2,0,-,White,doggo,60,1,castle_destroyed,1989,66.30,False,34,33,102,2,0,0,676,676,2,-1,1.0000,245
White,6,bread,2,0,-,White,doggo,90,1,castle_destroyed,1782,59.40,False,20,20,60,2,0,0,676,676,2,-1,1.0000,243
White,6,bread,2,0,-,White,doggo,120,1,castle_destroyed,1656,55.20,False,14,14,42,1,0,0,676,676,2,-1,1.0000,216
White,6,bread,2,4,ringo,White,doggo,0,1,castle_destroyed,723,24.10,False,0,0,0,0,0,25,1126,676,2,-1,1.0000,132
White,6,bread,2,4,ringo,White,doggo,1,1,force_destroyed,868,28.93,False,800,740,2400,127,2400,27,1162,676,0,800,0.6400,-1
White,6,bread,2,4,ringo,White,doggo,2,1,castle_destroyed,3736,124.53,False,782,782,2346,48,2346,53,1630,676,0,1564,1.0000,793
White,6,bread,2,4,ringo,White,doggo,3,1,castle_destroyed,3683,122.77,False,730,730,2190,32,2190,73,1990,676,0,2188,1.0000,483
White,6,bread,2,4,ringo,White,doggo,5,1,castle_destroyed,1644,54.80,False,329,326,987,19,0,55,1666,676,2,-1,1.0000,255
White,6,bread,2,4,ringo,White,doggo,10,1,castle_destroyed,1114,37.13,False,112,110,336,9,0,38,1360,676,2,-1,1.0000,201
White,6,bread,2,4,ringo,White,doggo,15,1,castle_destroyed,934,31.13,False,63,62,189,6,0,32,1252,676,2,-1,1.0000,161
White,6,bread,2,4,ringo,White,doggo,20,1,castle_destroyed,820,27.33,False,41,41,123,5,0,28,1180,676,2,-1,1.0000,146
White,6,bread,2,4,ringo,White,doggo,30,1,castle_destroyed,780,26.00,False,26,26,78,3,0,26,1144,676,2,-1,1.0000,144
White,6,bread,2,4,ringo,White,doggo,45,1,castle_destroyed,748,24.93,False,17,17,51,2,0,25,1126,676,2,-1,1.0000,137
White,6,bread,2,4,ringo,White,doggo,60,1,castle_destroyed,748,24.93,False,13,13,39,2,0,25,1126,676,2,-1,1.0000,134
White,6,bread,2,4,ringo,White,doggo,90,1,castle_destroyed,748,24.93,False,9,9,27,1,0,25,1126,676,2,-1,1.0000,135
White,6,bread,2,4,ringo,White,doggo,120,1,castle_destroyed,733,24.43,False,7,6,21,1,0,25,1126,676,2,-1,1.0000,133
White,6,bread,3,0,-,White,doggo,0,1,castle_destroyed,1042,34.73,False,0,0,0,0,0,0,1014,1014,3,-1,1.0000,214
White,6,bread,3,0,-,White,doggo,1,1,force_destroyed,663,22.10,False,663,500,1989,163,1989,0,1014,1014,0,663,0.5647,-1
White,6,bread,3,0,-,White,doggo,2,1,force_destroyed,890,29.67,False,445,377,1335,87,1335,0,1014,1014,0,890,0.6224,-1
White,6,bread,3,0,-,White,doggo,3,1,force_destroyed,1209,40.30,False,403,358,1209,50,1209,0,1014,1014,0,1209,0.6882,-1
White,6,bread,3,0,-,White,doggo,5,1,force_destroyed,1806,60.20,False,362,348,1086,30,1086,0,1014,1014,0,1806,1.0000,-1
White,6,bread,3,0,-,White,doggo,10,1,force_destroyed,3474,115.80,False,348,342,1044,15,1044,0,1014,1014,0,3474,1.0000,638
White,6,bread,3,0,-,White,doggo,15,1,castle_destroyed,3189,106.30,False,213,212,639,10,0,0,1014,1014,3,-1,1.0000,564
White,6,bread,3,0,-,White,doggo,20,1,castle_destroyed,2326,77.53,False,117,116,351,7,0,0,1014,1014,3,-1,1.0000,346
White,6,bread,3,0,-,White,doggo,30,1,castle_destroyed,1650,55.00,False,55,55,165,5,0,0,1014,1014,3,-1,1.0000,280
White,6,bread,3,0,-,White,doggo,45,1,castle_destroyed,1361,45.37,False,31,30,93,3,0,0,1014,1014,3,-1,1.0000,259
White,6,bread,3,0,-,White,doggo,60,1,castle_destroyed,1269,42.30,False,22,21,66,2,0,0,1014,1014,3,-1,1.0000,245
White,6,bread,3,0,-,White,doggo,90,1,castle_destroyed,1179,39.30,False,14,13,42,2,0,0,1014,1014,3,-1,1.0000,243
White,6,bread,3,0,-,White,doggo,120,1,castle_destroyed,1144,38.13,False,10,10,30,1,0,0,1014,1014,3,-1,1.0000,216
White,6,bread,3,4,ringo,White,doggo,0,1,castle_destroyed,666,22.20,False,0,0,0,0,0,23,1428,1014,3,-1,1.0000,132
White,6,bread,3,4,ringo,White,doggo,1,1,force_destroyed,962,32.07,False,900,839,2700,118,2700,30,1554,1014,0,900,0.6400,-1
White,6,bread,3,4,ringo,White,doggo,2,1,castle_destroyed,3584,119.47,False,801,801,2403,48,2403,54,1986,1014,0,1602,1.0000,717
White,6,bread,3,4,ringo,White,doggo,3,1,castle_destroyed,2735,91.17,False,739,739,2217,32,2217,74,2346,1014,0,2215,1.0000,482
White,6,bread,3,4,ringo,White,doggo,5,1,castle_destroyed,1292,43.07,False,259,256,777,19,0,44,1806,1014,3,-1,1.0000,255
White,6,bread,3,4,ringo,White,doggo,10,1,castle_destroyed,934,31.13,False,94,92,282,9,0,32,1590,1014,3,-1,1.0000,201
White,6,bread,3,4,ringo,White,doggo,15,1,castle_destroyed,806,26.87,False,54,53,162,6,0,27,1500,1014,3,-1,1.0000,161
White,6,bread,3,4,ringo,White,doggo,20,1,castle_destroyed,718,23.93,False,36,36,108,5,0,24,1446,1014,3,-1,1.0000,146
White,6,bread,3,4,ringo,White,doggo,30,1,castle_destroyed,718,23.93,False,24,24,72,3,0,24,1446,1014,3,-1,1.0000,144
White,6,bread,3,4,ringo,White,doggo,45,1,castle_destroyed,681,22.70,False,16,15,48,2,0,23,1428,1014,3,-1,1.0000,137
White,6,bread,3,4,ringo,White,doggo,60,1,castle_destroyed,680,22.67,False,12,12,36,2,0,23,1428,1014,3,-1,1.0000,134
White,6,bread,3,4,ringo,White,doggo,90,1,castle_destroyed,678,22.60,False,8,8,24,1,0,23,1428,1014,3,-1,1.0000,135
White,6,bread,3,4,ringo,White,doggo,120,1,castle_destroyed,670,22.33,False,6,6,18,1,0,23,1428,1014,3,-1,1.0000,133
White,6,bread,4,0,-,White,doggo,0,1,castle_destroyed,856,28.53,False,0,0,0,0,0,0,1352,1352,4,-1,1.0000,214
White,6,bread,4,0,-,White,doggo,1,1,force_destroyed,746,24.87,False,746,585,2238,161,2238,0,1352,1352,0,746,0.5647,-1
White,6,bread,4,0,-,White,doggo,2,1,force_destroyed,1038,34.60,False,519,464,1557,87,1557,0,1352,1352,0,1038,0.6882,-1
White,6,bread,4,0,-,White,doggo,3,1,force_destroyed,1304,43.47,False,435,403,1305,50,1305,0,1352,1352,0,1304,0.7829,-1
White,6,bread,4,0,-,White,doggo,5,1,force_destroyed,2047,68.23,False,410,400,1230,30,1230,0,1352,1352,0,2047,1.0000,1313
White,6,bread,4,0,-,White,doggo,10,1,castle_destroyed,2825,94.17,False,283,281,849,15,0,0,1352,1352,4,-1,1.0000,565
White,6,bread,4,0,-,White,doggo,15,1,castle_destroyed,1956,65.20,False,131,130,393,10,0,0,1352,1352,4,-1,1.0000,461
White,6,bread,4,0,-,White,doggo,20,1,castle_destroyed,1542,51.40,False,78,77,234,7,0,0,1352,1352,4,-1,1.0000,345
White,6,bread,4,0,-,White,doggo,30,1,castle_destroyed,1384,46.13,False,47,46,141,5,0,0,1352,1352,4,-1,1.0000,280
White,6,bread,4,0,-,White,doggo,45,1,castle_destroyed,1030,34.33,False,23,23,69,3,0,0,1352,1352,4,-1,1.0000,259
White,6,bread,4,0,-,White,doggo,60,1,castle_destroyed,988,32.93,False,17,17,51,2,0,0,1352,1352,4,-1,1.0000,245
White,6,bread,4,0,-,White,doggo,90,1,castle_destroyed,928,30.93,False,11,11,33,2,0,0,1352,1352,4,-1,1.0000,243
White,6,bread,4,0,-,White,doggo,120,1,castle_destroyed,916,30.53,False,8,8,24,1,0,0,1352,1352,4,-1,1.0000,216
White,6,bread,4,4,ringo,White,doggo,0,1,castle_destroyed,612,20.40,False,0,0,0,0,0,21,1730,1352,4,-1,1.0000,132
White,6,bread,4,4,ringo,White,doggo,1,1,force_destroyed,1021,34.03,False,948,896,2844,117,2844,32,1928,1352,0,948,0.6400,-1
White,6,bread,4,4,ringo,White,doggo,2,1,castle_destroyed,3638,121.27,False,816,816,2448,48,2448,55,2342,1352,0,1632,1.0000,709
White,6,bread,4,4,ringo,White,doggo,3,1,castle_destroyed,2742,91.40,False,746,746,2238,32,2238,75,2702,1352,0,2236,1.0000,447
White,6,bread,4,4,ringo,White,doggo,5,1,castle_destroyed,1060,35.33,False,212,209,636,19,0,36,2000,1352,4,-1,1.0000,255
White,6,bread,4,4,ringo,White,doggo,10,1,castle_destroyed,820,27.33,False,82,81,246,9,0,28,1856,1352,4,-1,1.0000,201
White,6,bread,4,4,ringo,White,doggo,15,1,castle_destroyed,734,24.47,False,49,48,147,6,0,25,1802,1352,4,-1,1.0000,161
White,6,bread,4,4,ringo,White,doggo,20,1,castle_destroyed,664,22.13,False,34,33,102,5,0,23,1766,1352,4,-1,1.0000,146
White,6,bread,4,4,ringo,White,doggo,30,1,castle_destroyed,664,22.13,False,23,22,69,3,0,23,1766,1352,4,-1,1.0000,144
White,6,bread,4,4,ringo,White,doggo,45,1,castle_destroyed,638,21.27,False,15,14,45,2,0,22,1748,1352,4,-1,1.0000,137
White,6,bread,4,4,ringo,White,doggo,60,1,castle_destroyed,637,21.23,False,11,11,33,2,0,22,1748,1352,4,-1,1.0000,134
White,6,bread,4,4,ringo,White,doggo,90,1,castle_destroyed,634,21.13,False,8,7,24,1,0,22,1748,1352,4,-1,1.0000,135
White,6,bread,4,4,ringo,White,doggo,120,1,castle_destroyed,628,20.93,False,6,6,18,1,0,21,1730,1352,4,-1,1.0000,133
White,6,bread,5,0,-,White,doggo,0,1,castle_destroyed,748,24.93,False,0,0,0,0,0,0,1690,1690,5,-1,1.0000,214
White,6,bread,5,0,-,White,doggo,1,1,force_destroyed,807,26.90,False,807,665,2421,153,2421,0,1690,1690,0,807,0.5647,-1
White,6,bread,5,0,-,White,doggo,2,1,force_destroyed,1014,33.80,False,507,434,1521,87,1521,0,1690,1690,0,1014,0.6429,-1
White,6,bread,5,0,-,White,doggo,3,1,force_destroyed,1435,47.83,False,479,460,1437,50,1437,0,1690,1690,0,1435,0.9065,-1
White,6,bread,5,0,-,White,doggo,5,1,force_destroyed,2323,77.43,False,465,457,1395,30,1395,0,1690,1690,0,2323,1.0000,900
White,6,bread,5,0,-,White,doggo,10,1,castle_destroyed,1961,65.37,False,197,195,591,15,0,0,1690,1690,5,-1,1.0000,463
White,6,bread,5,0,-,White,doggo,15,1,castle_destroyed,1421,47.37,False,95,94,285,10,0,0,1690,1690,5,-1,1.0000,373
White,6,bread,5,0,-,White,doggo,20,1,castle_destroyed,1170,39.00,False,59,58,177,7,0,0,1690,1690,5,-1,1.0000,334
White,6,bread,5,0,-,White,doggo,30,1,castle_destroyed,973,32.43,False,33,32,99,5,0,0,1690,1690,5,-1,1.0000,280
White,6,bread,5,0,-,White,doggo,45,1,castle_destroyed,857,28.57,False,20,19,60,3,0,0,1690,1690,5,-1,1.0000,259
White,6,bread,5,0,-,White,doggo,60,1,castle_destroyed,837,27.90,False,14,14,42,2,0,0,1690,1690,5,-1,1.0000,245
White,6,bread,5,0,-,White,doggo,90,1,castle_destroyed,802,26.73,False,9,9,27,2,0,0,1690,1690,5,-1,1.0000,243
White,6,bread,5,0,-,White,doggo,120,1,castle_destroyed,784,26.13,False,7,7,21,1,0,0,1690,1690,5,-1,1.0000,216
White,6,bread,5,4,ringo,White,doggo,0,1,castle_destroyed,583,19.43,False,0,0,0,0,0,20,2050,1690,5,-1,1.0000,132
White,6,bread,5,4,ringo,White,doggo,1,1,force_destroyed,1047,34.90,False,979,920,2937,124,2937,33,2284,1690,0,979,0.6400,-1
White,6,bread,5,4,ringo,White,doggo,2,1,castle_destroyed,2990,99.67,False,826,826,2478,48,2478,56,2698,1690,0,1652,1.0000,753
White,6,bread,5,4,ringo,White,doggo,3,1,castle_destroyed,1908,63.60,False,636,631,1908,32,0,64,2842,1690,5,-1,1.0000,447
White,6,bread,5,4,ringo,White,doggo,5,1,castle_destroyed,940,31.33,False,188,185,564,19,0,32,2266,1690,5,-1,1.0000,255
White,6,bread,5,4,ringo,White,doggo,10,1,castle_destroyed,735,24.50,False,74,72,222,9,0,25,2140,1690,5,-1,1.0000,201
White,6,bread,5,4,ringo,White,doggo,15,1,castle_destroyed,670,22.33,False,45,44,135,6,0,23,2104,1690,5,-1,1.0000,161
White,6,bread,5,4,ringo,White,doggo,20,1,castle_destroyed,612,20.40,False,31,30,93,5,0,21,2068,1690,5,-1,1.0000,146
White,6,bread,5,4,ringo,White,doggo,30,1,castle_destroyed,628,20.93,False,21,21,63,3,0,21,2068,1690,5,-1,1.0000,144
White,6,bread,5,4,ringo,White,doggo,45,1,castle_destroyed,599,19.97,False,14,13,42,2,0,20,2050,1690,5,-1,1.0000,137
White,6,bread,5,4,ringo,White,doggo,60,1,castle_destroyed,598,19.93,False,10,10,30,2,0,20,2050,1690,5,-1,1.0000,134
White,6,bread,5,4,ringo,White,doggo,90,1,castle_destroyed,598,19.93,False,7,7,21,1,0,20,2050,1690,5,-1,1.0000,135
White,6,bread,5,4,ringo,White,doggo,120,1,castle_destroyed,592,19.73,False,5,5,15,1,0,20,2050,1690,5,-1,1.0000,133
White,7,eggo,0,4,ringo,White,doggo,0,1,castle_destroyed,916,30.53,False,0,0,0,0,0,31,558,0,0,-1,0.0000,132
White,7,eggo,0,4,ringo,White,doggo,1,1,survived_horizon,36000,1200.00,True,36000,35750,108000,258,0,1200,21600,0,0,-1,0.0000,-1
White,7,eggo,0,4,ringo,White,doggo,2,1,survived_horizon,36000,1200.00,True,18000,17991,54000,48,0,1200,21600,0,0,-1,0.0000,-1
White,7,eggo,0,4,ringo,White,doggo,3,1,castle_destroyed,23523,784.10,True,7841,7836,23523,32,0,785,14130,0,0,-1,0.0000,530
White,7,eggo,0,4,ringo,White,doggo,5,1,castle_destroyed,6059,201.97,False,1212,1209,3636,19,0,202,3636,0,0,-1,0.0000,274
White,7,eggo,0,4,ringo,White,doggo,10,1,castle_destroyed,2198,73.27,False,220,219,660,9,0,74,1332,0,0,-1,0.0000,201
White,7,eggo,0,4,ringo,White,doggo,15,1,castle_destroyed,1515,50.50,False,101,100,303,6,0,51,918,0,0,-1,0.0000,161
White,7,eggo,0,4,ringo,White,doggo,20,1,castle_destroyed,1225,40.83,False,62,61,186,5,0,41,738,0,0,-1,0.0000,146
White,7,eggo,0,4,ringo,White,doggo,30,1,castle_destroyed,1001,33.37,False,34,33,102,3,0,34,612,0,0,-1,0.0000,144
White,7,eggo,0,4,ringo,White,doggo,45,1,castle_destroyed,930,31.00,False,21,21,63,2,0,31,558,0,0,-1,0.0000,137
White,7,eggo,0,4,ringo,White,doggo,60,1,castle_destroyed,924,30.80,False,16,16,48,2,0,31,558,0,0,-1,0.0000,134
White,7,eggo,0,4,ringo,White,doggo,90,1,castle_destroyed,921,30.70,False,11,11,33,1,0,31,558,0,0,-1,0.0000,135
White,7,eggo,0,4,ringo,White,doggo,120,1,castle_destroyed,919,30.63,False,8,8,24,1,0,31,558,0,0,-1,0.0000,133
White,7,eggo,1,0,-,White,doggo,0,1,castle_destroyed,355,11.83,False,0,0,0,0,0,0,2066,2066,1,-1,1.0000,171
White,7,eggo,1,0,-,White,doggo,1,1,force_destroyed,503,16.77,False,503,284,1509,219,1509,0,2066,2066,0,503,0.6235,-1
White,7,eggo,1,0,-,White,doggo,2,1,force_destroyed,911,30.37,False,456,354,1368,120,1368,0,2066,2066,0,911,0.6265,-1
White,7,eggo,1,0,-,White,doggo,3,1,force_destroyed,1305,43.50,False,435,377,1305,62,1305,0,2066,2066,0,1305,0.6294,-1
White,7,eggo,1,0,-,White,doggo,5,1,force_destroyed,1739,57.97,False,348,313,1044,38,1044,0,2066,2066,0,1739,0.6347,-1
White,7,eggo,1,0,-,White,doggo,10,1,force_destroyed,3797,126.57,False,380,375,1140,16,1140,0,2066,2066,0,3797,1.0000,-1
White,7,eggo,1,0,-,White,doggo,15,1,force_destroyed,5506,183.53,False,368,364,1104,10,1104,0,2066,2066,0,5506,1.0000,-1
White,7,eggo,1,0,-,White,doggo,20,1,force_destroyed,8103,270.10,False,406,403,1218,8,1218,0,2066,2066,0,8103,1.0000,-1
White,7,eggo,1,0,-,White,doggo,30,1,force_destroyed,13380,446.00,False,446,445,1338,5,1338,0,2066,2066,0,13380,1.0000,-1
White,7,eggo,1,0,-,White,doggo,45,1,force_destroyed,20041,668.03,True,446,445,1338,3,1338,0,2066,2066,0,20041,1.0000,-1
White,7,eggo,1,0,-,White,doggo,60,1,castle_destroyed,1327,44.23,False,23,22,69,2,0,0,2066,2066,1,-1,1.0000,429
White,7,eggo,1,0,-,White,doggo,90,1,castle_destroyed,613,20.43,False,7,7,21,2,0,0,2066,2066,1,-1,1.0000,245
White,7,eggo,1,0,-,White,doggo,120,1,castle_destroyed,479,15.97,False,4,4,12,1,0,0,2066,2066,1,-1,1.0000,203
White,7,eggo,1,4,ringo,White,doggo,0,1,castle_destroyed,355,11.83,False,0,0,0,0,0,12,2282,2066,1,-1,1.0000,132
White,7,eggo,1,4,ringo,White,doggo,1,1,force_destroyed,1564,52.13,False,1521,1395,4563,175,4563,51,2984,2066,0,1521,0.6706,-1
White,7,eggo,1,4,ringo,White,doggo,2,1,castle_destroyed,3073,102.43,False,1537,1529,4611,48,0,103,3920,2066,1,-1,1.0000,1153
White,7,eggo,1,4,ringo,White,doggo,3,1,castle_destroyed,6845,228.17,False,1869,1869,5607,32,5607,187,5432,2066,0,5605,1.0000,552
White,7,eggo,1,4,ringo,White,doggo,5,1,castle_destroyed,663,22.10,False,133,130,399,19,0,23,2480,2066,1,-1,1.0000,255
White,7,eggo,1,4,ringo,White,doggo,10,1,castle_destroyed,428,14.27,False,43,42,129,9,0,15,2336,2066,1,-1,1.0000,198
White,7,eggo,1,4,ringo,White,doggo,15,1,castle_destroyed,355,11.83,False,24,23,72,6,0,12,2282,2066,1,-1,1.0000,161
White,7,eggo,1,4,ringo,White,doggo,20,1,castle_destroyed,355,11.83,False,18,17,54,5,0,12,2282,2066,1,-1,1.0000,146
White,7,eggo,1,4,ringo,White,doggo,30,1,castle_destroyed,355,11.83,False,12,12,36,3,0,12,2282,2066,1,-1,1.0000,144
White,7,eggo,1,4,ringo,White,doggo,45,1,castle_destroyed,355,11.83,False,8,8,24,2,0,12,2282,2066,1,-1,1.0000,137
White,7,eggo,1,4,ringo,White,doggo,60,1,castle_destroyed,355,11.83,False,6,6,18,2,0,12,2282,2066,1,-1,1.0000,134
White,7,eggo,1,4,ringo,White,doggo,90,1,castle_destroyed,355,11.83,False,4,4,12,1,0,12,2282,2066,1,-1,1.0000,135
White,7,eggo,1,4,ringo,White,doggo,120,1,castle_destroyed,355,11.83,False,3,3,9,1,0,12,2282,2066,1,-1,1.0000,133
White,7,eggo,2,0,-,White,doggo,0,1,castle_destroyed,263,8.77,False,0,0,0,0,0,0,4132,4132,2,-1,1.0000,171
White,7,eggo,2,0,-,White,doggo,1,1,force_destroyed,777,25.90,False,777,551,2331,254,2331,0,4132,4132,0,777,0.6235,-1
White,7,eggo,2,0,-,White,doggo,2,1,force_destroyed,1289,42.97,False,645,525,1935,120,1935,0,4132,4132,0,1289,0.6265,-1
White,7,eggo,2,0,-,White,doggo,3,1,force_destroyed,1709,56.97,False,570,516,1710,63,1710,0,4132,4132,0,1709,0.6294,-1
White,7,eggo,2,0,-,White,doggo,5,1,force_destroyed,3005,100.17,False,601,588,1803,34,1803,0,4132,4132,0,3005,0.9765,-1
White,7,eggo,2,0,-,White,doggo,10,1,castle_destroyed,2083,69.43,False,209,207,627,14,0,0,4132,4132,2,-1,1.0000,1243
White,7,eggo,2,0,-,White,doggo,15,1,castle_destroyed,1170,39.00,False,78,77,234,9,0,0,4132,4132,2,-1,1.0000,552
White,7,eggo,2,0,-,White,doggo,20,1,castle_destroyed,826,27.53,False,42,41,126,7,0,0,4132,4132,2,-1,1.0000,550
White,7,eggo,2,0,-,White,doggo,30,1,castle_destroyed,764,25.47,False,26,25,78,4,0,0,4132,4132,2,-1,1.0000,392
White,7,eggo,2,0,-,White,doggo,45,1,castle_destroyed,441,14.70,False,10,10,30,3,0,0,4132,4132,2,-1,1.0000,257
White,7,eggo,2,0,-,White,doggo,60,1,castle_destroyed,361,12.03,False,7,6,21,2,0,0,4132,4132,2,-1,1.0000,223
White,7,eggo,2,0,-,White,doggo,90,1,castle_destroyed,337,11.23,False,4,4,12,2,0,0,4132,4132,2,-1,1.0000,201
White,7,eggo,2,0,-,White,doggo,120,1,castle_destroyed,295,9.83,False,3,3,9,1,0,0,4132,4132,2,-1,1.0000,201
White,7,eggo,2,4,ringo,White,doggo,0,1,castle_destroyed,263,8.77,False,0,0,0,0,0,9,4294,4132,2,-1,1.0000,132
White,7,eggo,2,4,ringo,White,doggo,1,1,force_destroyed,1988,66.27,False,1924,1824,5772,151,5772,65,5302,4132,0,1924,0.6706,-1
White,7,eggo,2,4,ringo,White,doggo,2,1,castle_destroyed,1513,50.43,False,757,749,2271,48,0,51,5050,4132,2,-1,1.0000,733
White,7,eggo,2,4,ringo,White,doggo,3,1,castle_destroyed,861,28.70,False,287,282,861,32,0,29,4654,4132,2,-1,1.0000,471
White,7,eggo,2,4,ringo,White,doggo,5,1,castle_destroyed,362,12.07,False,73,70,219,19,0,13,4366,4132,2,-1,1.0000,255
White,7,eggo,2,4,ringo,White,doggo,10,1,castle_destroyed,293,9.77,False,30,28,90,9,0,10,4312,4132,2,-1,1.0000,198
White,7,eggo,2,4,ringo,White,doggo,15,1,castle_destroyed,263,8.77,False,18,17,54,6,0,9,4294,4132,2,-1,1.0000,161
White,7,eggo,2,4,ringo,White,doggo,20,1,castle_destroyed,263,8.77,False,14,13,42,5,0,9,4294,4132,2,-1,1.0000,146
White,7,eggo,2,4,ringo,White,doggo,30,1,castle_destroyed,263,8.77,False,9,9,27,3,0,9,4294,4132,2,-1,1.0000,144
White,7,eggo,2,4,ringo,White,doggo,45,1,castle_destroyed,263,8.77,False,6,6,18,2,0,9,4294,4132,2,-1,1.0000,137
White,7,eggo,2,4,ringo,White,doggo,60,1,castle_destroyed,263,8.77,False,5,5,15,2,0,9,4294,4132,2,-1,1.0000,134
White,7,eggo,2,4,ringo,White,doggo,90,1,castle_destroyed,263,8.77,False,3,3,9,1,0,9,4294,4132,2,-1,1.0000,135
White,7,eggo,2,4,ringo,White,doggo,120,1,castle_destroyed,263,8.77,False,3,3,9,1,0,9,4294,4132,2,-1,1.0000,133
White,7,eggo,3,0,-,White,doggo,0,1,castle_destroyed,247,8.23,False,0,0,0,0,0,0,6198,6198,3,-1,1.0000,171
White,7,eggo,3,0,-,White,doggo,1,1,force_destroyed,1296,43.20,False,1296,1113,3888,184,3888,0,6198,6198,0,1296,0.6235,-1
White,7,eggo,3,0,-,White,doggo,2,1,force_destroyed,1649,54.97,False,825,730,2475,98,2475,0,6198,6198,0,1649,0.6265,-1
White,7,eggo,3,0,-,White,doggo,3,1,force_destroyed,2758,91.93,False,920,901,2760,54,2760,0,6198,6198,0,2758,0.9476,-1
White,7,eggo,3,0,-,White,doggo,5,1,force_destroyed,3867,128.90,False,774,764,2322,29,2322,0,6198,6198,0,3867,1.0000,1580
White,7,eggo,3,0,-,White,doggo,10,1,castle_destroyed,1134,37.80,False,114,112,342,14,0,0,6198,6198,3,-1,1.0000,824
White,7,eggo,3,0,-,White,doggo,15,1,castle_destroyed,675,22.50,False,45,44,135,9,0,0,6198,6198,3,-1,1.0000,491
White,7,eggo,3,0,-,White,doggo,20,1,castle_destroyed,751,25.03,False,38,37,114,7,0,0,6198,6198,3,-1,1.0000,513
White,7,eggo,3,0,-,White,doggo,30,1,castle_destroyed,393,13.10,False,14,13,42,4,0,0,6198,6198,3,-1,1.0000,255
White,7,eggo,3,0,-,White,doggo,45,1,castle_destroyed,323,10.77,False,8,7,24,3,0,0,6198,6198,3,-1,1.0000,231
White,7,eggo,3,0,-,White,doggo,60,1,castle_destroyed,292,9.73,False,5,5,15,2,0,0,6198,6198,3,-1,1.0000,223
White,7,eggo,3,0,-,White,doggo,90,1,castle_destroyed,277,9.23,False,4,3,12,2,0,0,6198,6198,3,-1,1.0000,201
White,7,eggo,3,0,-,White,doggo,120,1,castle_destroyed,249,8.30,False,3,2,9,1,0,0,6198,6198,3,-1,1.0000,201
White,7,eggo,3,4,ringo,White,doggo,0,1,castle_destroyed,247,8.23,False,0,0,0,0,0,9,6360,6198,3,-1,1.0000,132
White,7,eggo,3,4,ringo,White,doggo,1,1,force_destroyed,2220,74.00,False,2147,2102,6441,110,6441,72,7494,6198,0,2147,0.6706,-1
White,7,eggo,3,4,ringo,White,doggo,2,1,castle_destroyed,1483,49.43,False,742,734,2226,48,0,50,7098,6198,3,-1,1.0000,913
White,7,eggo,3,4,ringo,White,doggo,3,1,castle_destroyed,6340,211.33,False,1905,1905,5715,32,5715,191,9636,6198,0,5713,1.0000,441
White,7,eggo,3,4,ringo,White,doggo,5,1,castle_destroyed,313,10.43,False,63,60,189,19,0,11,6396,6198,3,-1,1.0000,255
White,7,eggo,3,4,ringo,White,doggo,10,1,castle_destroyed,290,9.67,False,29,28,87,9,0,10,6378,6198,3,-1,1.0000,198
White,7,eggo,3,4,ringo,White,doggo,15,1,castle_destroyed,247,8.23,False,17,16,51,6,0,9,6360,6198,3,-1,1.0000,161
White,7,eggo,3,4,ringo,White,doggo,20,1,castle_destroyed,247,8.23,False,13,12,39,5,0,9,6360,6198,3,-1,1.0000,146
White,7,eggo,3,4,ringo,White,doggo,30,1,castle_destroyed,247,8.23,False,9,8,27,3,0,9,6360,6198,3,-1,1.0000,144
White,7,eggo,3,4,ringo,White,doggo,45,1,castle_destroyed,247,8.23,False,6,6,18,2,0,9,6360,6198,3,-1,1.0000,137
White,7,eggo,3,4,ringo,White,doggo,60,1,castle_destroyed,247,8.23,False,5,4,15,2,0,9,6360,6198,3,-1,1.0000,134
White,7,eggo,3,4,ringo,White,doggo,90,1,castle_destroyed,247,8.23,False,3,3,9,1,0,9,6360,6198,3,-1,1.0000,135
White,7,eggo,3,4,ringo,White,doggo,120,1,castle_destroyed,247,8.23,False,3,2,9,1,0,9,6360,6198,3,-1,1.0000,133
White,7,eggo,4,0,-,White,doggo,0,1,castle_destroyed,247,8.23,False,0,0,0,0,0,0,8264,8264,4,-1,1.0000,171
White,7,eggo,4,0,-,White,doggo,1,1,force_destroyed,1671,55.70,False,1671,1499,5013,172,5013,0,8264,8264,0,1671,0.6235,-1
White,7,eggo,4,0,-,White,doggo,2,1,force_destroyed,2332,77.73,False,1166,1125,3498,80,3498,0,8264,8264,0,2332,0.9147,-1
White,7,eggo,4,0,-,White,doggo,3,1,force_destroyed,3108,103.60,False,1036,1020,3108,54,3108,0,8264,8264,0,3108,0.9929,-1
White,7,eggo,4,0,-,White,doggo,5,1,castle_destroyed,2163,72.10,False,433,430,1299,29,0,0,8264,8264,4,-1,1.0000,1534
White,7,eggo,4,0,-,White,doggo,10,1,castle_destroyed,1345,44.83,False,135,133,405,14,0,0,8264,8264,4,-1,1.0000,1075
White,7,eggo,4,0,-,White,doggo,15,1,castle_destroyed,627,20.90,False,42,41,126,9,0,0,8264,8264,4,-1,1.0000,465
White,7,eggo,4,0,-,White,doggo,20,1,castle_destroyed,429,14.30,False,22,21,66,7,0,0,8264,8264,4,-1,1.0000,314
White,7,eggo,4,0,-,White,doggo,30,1,castle_destroyed,334,11.13,False,12,11,36,4,0,0,8264,8264,4,-1,1.0000,255
White,7,eggo,4,0,-,White,doggo,45,1,castle_destroyed,303,10.10,False,7,7,21,3,0,0,8264,8264,4,-1,1.0000,231
White,7,eggo,4,0,-,White,doggo,60,1,castle_destroyed,277,9.23,False,5,5,15,2,0,0,8264,8264,4,-1,1.0000,223
White,7,eggo,4,0,-,White,doggo,90,1,castle_destroyed,261,8.70,False,3,3,9,2,0,0,8264,8264,4,-1,1.0000,201
White,7,eggo,4,0,-,White,doggo,120,1,castle_destroyed,249,8.30,False,3,2,9,1,0,0,8264,8264,4,-1,1.0000,201
White,7,eggo,4,4,ringo,White,doggo,0,1,castle_destroyed,247,8.23,False,0,0,0,0,0,9,8426,8264,4,-1,1.0000,132
White,7,eggo,4,4,ringo,White,doggo,1,1,force_destroyed,2282,76.07,False,2211,2164,6633,110,6633,74,9596,8264,0,2211,0.6706,-1
White,7,eggo,4,4,ringo,White,doggo,2,1,castle_destroyed,1273,42.43,False,637,629,1911,48,0,43,9038,8264,4,-1,1.0000,793
White,7,eggo,4,4,ringo,White,doggo,3,1,castle_destroyed,761,25.37,False,254,249,762,32,0,26,8732,8264,4,-1,1.0000,441
White,7,eggo,4,4,ringo,White,doggo,5,1,castle_destroyed,313,10.43,False,63,60,189,19,0,11,8462,8264,4,-1,1.0000,255
White,7,eggo,4,4,ringo,White,doggo,10,1,castle_destroyed,261,8.70,False,27,25,81,9,0,9,8426,8264,4,-1,1.0000,198
White,7,eggo,4,4,ringo,White,doggo,15,1,castle_destroyed,247,8.23,False,17,16,51,6,0,9,8426,8264,4,-1,1.0000,161
White,7,eggo,4,4,ringo,White,doggo,20,1,castle_destroyed,247,8.23,False,13,12,39,5,0,9,8426,8264,4,-1,1.0000,146
White,7,eggo,4,4,ringo,White,doggo,30,1,castle_destroyed,247,8.23,False,9,8,27,3,0,9,8426,8264,4,-1,1.0000,144
White,7,eggo,4,4,ringo,White,doggo,45,1,castle_destroyed,247,8.23,False,6,6,18,2,0,9,8426,8264,4,-1,1.0000,137
White,7,eggo,4,4,ringo,White,doggo,60,1,castle_destroyed,247,8.23,False,5,4,15,2,0,9,8426,8264,4,-1,1.0000,134
White,7,eggo,4,4,ringo,White,doggo,90,1,castle_destroyed,247,8.23,False,3,3,9,1,0,9,8426,8264,4,-1,1.0000,135
White,7,eggo,4,4,ringo,White,doggo,120,1,castle_destroyed,247,8.23,False,3,2,9,1,0,9,8426,8264,4,-1,1.0000,133
White,7,eggo,5,0,-,White,doggo,0,1,castle_destroyed,247,8.23,False,0,0,0,0,0,0,10330,10330,5,-1,1.0000,171
White,7,eggo,5,0,-,White,doggo,1,1,force_destroyed,1866,62.20,False,1866,1711,5598,155,5598,0,10330,10330,0,1866,0.6235,-1
White,7,eggo,5,0,-,White,doggo,2,1,force_destroyed,1981,66.03,False,991,923,2973,88,2973,0,10330,10330,0,1981,0.6718,-1
White,7,eggo,5,0,-,White,doggo,3,1,force_destroyed,3300,110.00,False,1100,1083,3300,54,3300,0,10330,10330,0,3300,1.0000,2484
White,7,eggo,5,0,-,White,doggo,5,1,castle_destroyed,1554,51.80,False,311,308,933,29,0,0,10330,10330,5,-1,1.0000,1224
White,7,eggo,5,0,-,White,doggo,10,1,castle_destroyed,735,24.50,False,74,72,222,14,0,0,10330,10330,5,-1,1.0000,551
White,7,eggo,5,0,-,White,doggo,15,1,castle_destroyed,443,14.77,False,30,29,90,9,0,0,10330,10330,5,-1,1.0000,351
White,7,eggo,5,0,-,White,doggo,20,1,castle_destroyed,369,12.30,False,19,18,57,7,0,0,10330,10330,5,-1,1.0000,293
White,7,eggo,5,0,-,White,doggo,30,1,castle_destroyed,307,10.23,False,11,10,33,4,0,0,10330,10330,5,-1,1.0000,255
White,7,eggo,5,0,-,White,doggo,45,1,castle_destroyed,303,10.10,False,7,7,21,3,0,0,10330,10330,5,-1,1.0000,231
White,7,eggo,5,0,-,White,doggo,60,1,castle_destroyed,277,9.23,False,5,5,15,2,0,0,10330,10330,5,-1,1.0000,223
White,7,eggo,5,0,-,White,doggo,90,1,castle_destroyed,261,8.70,False,3,3,9,2,0,0,10330,10330,5,-1,1.0000,201
White,7,eggo,5,0,-,White,doggo,120,1,castle_destroyed,249,8.30,False,3,2,9,1,0,0,10330,10330,5,-1,1.0000,201
White,7,eggo,5,4,ringo,White,doggo,0,1,castle_destroyed,247,8.23,False,0,0,0,0,0,9,10492,10330,5,-1,1.0000,132
White,7,eggo,5,4,ringo,White,doggo,1,1,force_destroyed,2368,78.93,False,2292,2240,6876,110,6876,77,11716,10330,0,2292,0.6706,-1
White,7,eggo,5,4,ringo,White,doggo,2,1,castle_destroyed,1009,33.63,False,505,497,1515,48,0,34,10942,10330,5,-1,1.0000,673
White,7,eggo,5,4,ringo,White,doggo,3,1,castle_destroyed,543,18.10,False,181,176,543,32,0,19,10672,10330,5,-1,1.0000,453
White,7,eggo,5,4,ringo,White,doggo,5,1,castle_destroyed,313,10.43,False,63,60,189,19,0,11,10528,10330,5,-1,1.0000,255
White,7,eggo,5,4,ringo,White,doggo,10,1,castle_destroyed,261,8.70,False,27,25,81,9,0,9,10492,10330,5,-1,1.0000,198
White,7,eggo,5,4,ringo,White,doggo,15,1,castle_destroyed,247,8.23,False,17,16,51,6,0,9,10492,10330,5,-1,1.0000,161
White,7,eggo,5,4,ringo,White,doggo,20,1,castle_destroyed,247,8.23,False,13,12,39,5,0,9,10492,10330,5,-1,1.0000,146
White,7,eggo,5,4,ringo,White,doggo,30,1,castle_destroyed,247,8.23,False,9,8,27,3,0,9,10492,10330,5,-1,1.0000,144
White,7,eggo,5,4,ringo,White,doggo,45,1,castle_destroyed,247,8.23,False,6,6,18,2,0,9,10492,10330,5,-1,1.0000,137
White,7,eggo,5,4,ringo,White,doggo,60,1,castle_destroyed,247,8.23,False,5,4,15,2,0,9,10492,10330,5,-1,1.0000,134
White,7,eggo,5,4,ringo,White,doggo,90,1,castle_destroyed,247,8.23,False,3,3,9,1,0,9,10492,10330,5,-1,1.0000,135
White,7,eggo,5,4,ringo,White,doggo,120,1,castle_destroyed,247,8.23,False,3,2,9,1,0,9,10492,10330,5,-1,1.0000,133
White,8,corn,0,4,ringo,White,doggo,0,1,castle_destroyed,916,30.53,False,0,0,0,0,0,31,558,0,0,-1,0.0000,132
White,8,corn,0,4,ringo,White,doggo,1,1,survived_horizon,36000,1200.00,True,36000,35750,108000,258,0,1200,21600,0,0,-1,0.0000,-1
White,8,corn,0,4,ringo,White,doggo,2,1,survived_horizon,36000,1200.00,True,18000,17991,54000,48,0,1200,21600,0,0,-1,0.0000,-1
White,8,corn,0,4,ringo,White,doggo,3,1,castle_destroyed,23523,784.10,True,7841,7836,23523,32,0,785,14130,0,0,-1,0.0000,530
White,8,corn,0,4,ringo,White,doggo,5,1,castle_destroyed,6059,201.97,False,1212,1209,3636,19,0,202,3636,0,0,-1,0.0000,274
White,8,corn,0,4,ringo,White,doggo,10,1,castle_destroyed,2198,73.27,False,220,219,660,9,0,74,1332,0,0,-1,0.0000,201
White,8,corn,0,4,ringo,White,doggo,15,1,castle_destroyed,1515,50.50,False,101,100,303,6,0,51,918,0,0,-1,0.0000,161
White,8,corn,0,4,ringo,White,doggo,20,1,castle_destroyed,1225,40.83,False,62,61,186,5,0,41,738,0,0,-1,0.0000,146
White,8,corn,0,4,ringo,White,doggo,30,1,castle_destroyed,1001,33.37,False,34,33,102,3,0,34,612,0,0,-1,0.0000,144
White,8,corn,0,4,ringo,White,doggo,45,1,castle_destroyed,930,31.00,False,21,21,63,2,0,31,558,0,0,-1,0.0000,137
White,8,corn,0,4,ringo,White,doggo,60,1,castle_destroyed,924,30.80,False,16,16,48,2,0,31,558,0,0,-1,0.0000,134
White,8,corn,0,4,ringo,White,doggo,90,1,castle_destroyed,921,30.70,False,11,11,33,1,0,31,558,0,0,-1,0.0000,135
White,8,corn,0,4,ringo,White,doggo,120,1,castle_destroyed,919,30.63,False,8,8,24,1,0,31,558,0,0,-1,0.0000,133
White,8,corn,1,0,-,White,doggo,0,1,castle_destroyed,1851,61.70,False,0,0,0,0,0,0,23000,23000,1,-1,1.0000,1701
White,8,corn,1,0,-,White,doggo,1,1,force_destroyed,3373,112.43,False,3373,3001,10119,374,10119,0,23000,23000,0,3373,0.1324,-1
White,8,corn,1,0,-,White,doggo,2,1,force_destroyed,6503,216.77,False,3252,3076,9756,187,9756,0,23000,23000,0,6503,0.1365,-1
White,8,corn,1,0,-,White,doggo,3,1,force_destroyed,9601,320.03,False,3201,3101,9603,124,9603,0,23000,23000,0,9601,0.1406,-1
White,8,corn,1,0,-,White,doggo,5,1,force_destroyed,15637,521.23,False,3128,3061,9384,74,9384,0,23000,23000,0,15637,0.1488,-1
White,8,corn,1,0,-,White,doggo,10,1,force_destroyed,30068,1002.27,True,3007,2971,9021,37,9021,0,23000,23000,0,30068,0.1694,-1
White,8,corn,1,0,-,White,doggo,15,1,survived_horizon,36000,1200.00,True,2400,2381,7200,24,0,0,23000,23000,1,-1,0.1900,-1
White,8,corn,1,0,-,White,doggo,20,1,survived_horizon,36000,1200.00,True,1800,1796,5400,19,0,0,23000,23000,1,-1,1.0000,-1
White,8,corn,1,0,-,White,doggo,30,1,survived_horizon,36000,1200.00,True,1200,1191,3600,12,0,0,23000,23000,1,-1,0.2518,-1
White,8,corn,1,0,-,White,doggo,45,1,survived_horizon,36000,1200.00,True,800,799,2400,8,0,0,23000,23000,1,-1,1.0000,-1
White,8,corn,1,0,-,White,doggo,60,1,survived_horizon,36000,1200.00,True,600,599,1800,6,0,0,23000,23000,1,-1,1.0000,-1
White,8,corn,1,0,-,White,doggo,90,1,survived_horizon,36000,1200.00,True,400,400,1200,4,0,0,23000,23000,1,-1,1.0000,-1
White,8,corn,1,0,-,White,doggo,120,1,survived_horizon,36000,1200.00,True,300,300,900,3,0,0,23000,23000,1,-1,1.0000,-1
White,8,corn,1,4,ringo,White,doggo,0,1,castle_destroyed,916,30.53,False,0,0,0,0,0,31,23558,23000,1,-1,0.5388,132
White,8,corn,1,4,ringo,White,doggo,1,1,force_destroyed,26983,899.43,True,26966,26777,80898,219,80898,899,39182,23000,0,26966,0.2218,-1
White,8,corn,1,4,ringo,White,doggo,2,1,survived_horizon,36000,1200.00,True,18000,17991,54000,48,0,1200,44600,23000,1,-1,1.0000,-1
White,8,corn,1,4,ringo,White,doggo,3,1,castle_destroyed,1701,56.70,False,567,562,1701,32,0,57,24026,23000,1,-1,1.0000,530
White,8,corn,1,4,ringo,White,doggo,5,1,castle_destroyed,5950,198.33,False,1190,1187,3570,19,0,199,26582,23000,1,-1,1.0000,274
White,8,corn,1,4,ringo,White,doggo,10,1,castle_destroyed,1701,56.70,False,171,169,513,9,0,57,24026,23000,1,-1,1.0000,201
White,8,corn,1,4,ringo,White,doggo,15,1,castle_destroyed,1515,50.50,False,101,100,303,6,0,51,23918,23000,1,-1,0.8912,161
White,8,corn,1,4,ringo,White,doggo,20,1,castle_destroyed,1225,40.83,False,62,61,186,5,0,41,23738,23000,1,-1,0.7206,146
White,8,corn,1,4,ringo,White,doggo,30,1,castle_destroyed,1001,33.37,False,34,33,102,3,0,34,23612,23000,1,-1,0.5888,144
White,8,corn,1,4,ringo,White,doggo,45,1,castle_destroyed,930,31.00,False,21,21,63,2,0,31,23558,23000,1,-1,0.5471,137
White,8,corn,1,4,ringo,White,doggo,60,1,castle_destroyed,924,30.80,False,16,16,48,2,0,31,23558,23000,1,-1,0.5435,134
White,8,corn,1,4,ringo,White,doggo,90,1,castle_destroyed,921,30.70,False,11,11,33,1,0,31,23558,23000,1,-1,0.5418,135
White,8,corn,1,4,ringo,White,doggo,120,1,castle_destroyed,919,30.63,False,8,8,24,1,0,31,23558,23000,1,-1,0.5406,133
White,8,corn,2,0,-,White,doggo,0,1,castle_destroyed,1731,57.70,False,0,0,0,0,0,0,46000,46000,2,-1,1.0000,1701
White,8,corn,2,0,-,White,doggo,1,1,force_destroyed,4806,160.20,False,4806,4531,14418,344,14418,0,46000,46000,0,4806,0.1324,-1
White,8,corn,2,0,-,White,doggo,2,1,force_destroyed,9188,306.27,False,4594,4441,13782,186,13782,0,46000,46000,0,9188,0.1365,-1
White,8,corn,2,0,-,White,doggo,3,1,force_destroyed,13858,461.93,False,4620,4518,13860,123,13860,0,46000,46000,0,13858,0.2188,-1
White,8,corn,2,0,-,White,doggo,5,1,force_destroyed,23455,781.83,True,4691,4643,14073,73,14073,0,46000,46000,0,23455,0.4518,-1
White,8,corn,2,0,-,White,doggo,10,1,survived_horizon,36000,1200.00,True,3600,3595,10800,36,0,0,46000,46000,2,-1,1.0000,-1
White,8,corn,2,0,-,White,doggo,15,1,survived_horizon,36000,1200.00,True,2400,2397,7200,23,0,0,46000,46000,2,-1,1.0000,-1
White,8,corn,2,0,-,White,doggo,20,1,survived_horizon,36000,1200.00,True,1800,1798,5400,17,0,0,46000,46000,2,-1,1.0000,-1
White,8,corn,2,0,-,White,doggo,30,1,survived_horizon,36000,1200.00,True,1200,1199,3600,11,0,0,46000,46000,2,-1,1.0000,-1
White,8,corn,2,0,-,White,doggo,45,1,survived_horizon,36000,1200.00,True,800,800,2400,7,0,0,46000,46000,2,-1,1.0000,-1
White,8,corn,2,0,-,White,doggo,60,1,survived_horizon,36000,1200.00,True,600,599,1800,5,0,0,46000,46000,2,-1,1.0000,-1
White,8,corn,2,0,-,White,doggo,90,1,castle_destroyed,2253,75.10,False,26,25,78,3,0,0,46000,46000,2,-1,1.0000,1803
White,8,corn,2,0,-,White,doggo,120,1,castle_destroyed,1897,63.23,False,16,16,48,2,0,0,46000,46000,2,-1,1.0000,1747
White,8,corn,2,4,ringo,White,doggo,0,1,castle_destroyed,916,30.53,False,0,0,0,0,0,31,46558,46000,2,-1,0.5388,132
White,8,corn,2,4,ringo,White,doggo,1,1,force_destroyed,27851,928.37,True,27817,27638,83451,219,83451,928,62704,46000,0,27817,0.2218,-1
White,8,corn,2,4,ringo,White,doggo,2,1,survived_horizon,36000,1200.00,True,18000,17991,54000,48,0,1200,67600,46000,2,-1,1.0000,-1
White,8,corn,2,4,ringo,White,doggo,3,1,castle_destroyed,1701,56.70,False,567,562,1701,32,0,57,47026,46000,2,-1,1.0000,530
White,8,corn,2,4,ringo,White,doggo,5,1,castle_destroyed,5849,194.97,False,1170,1167,3510,19,0,195,49510,46000,2,-1,1.0000,274
White,8,corn,2,4,ringo,White,doggo,10,1,castle_destroyed,1701,56.70,False,171,169,513,9,0,57,47026,46000,2,-1,1.0000,201
White,8,corn,2,4,ringo,White,doggo,15,1,castle_destroyed,1515,50.50,False,101,100,303,6,0,51,46918,46000,2,-1,0.8912,161
White,8,corn,2,4,ringo,White,doggo,20,1,castle_destroyed,1225,40.83,False,62,61,186,5,0,41,46738,46000,2,-1,0.7206,146
White,8,corn,2,4,ringo,White,doggo,30,1,castle_destroyed,1001,33.37,False,34,33,102,3,0,34,46612,46000,2,-1,0.5888,144
White,8,corn,2,4,ringo,White,doggo,45,1,castle_destroyed,930,31.00,False,21,21,63,2,0,31,46558,46000,2,-1,0.5471,137
White,8,corn,2,4,ringo,White,doggo,60,1,castle_destroyed,924,30.80,False,16,16,48,2,0,31,46558,46000,2,-1,0.5435,134
White,8,corn,2,4,ringo,White,doggo,90,1,castle_destroyed,921,30.70,False,11,11,33,1,0,31,46558,46000,2,-1,0.5418,135
White,8,corn,2,4,ringo,White,doggo,120,1,castle_destroyed,919,30.63,False,8,8,24,1,0,31,46558,46000,2,-1,0.5406,133
White,8,corn,3,0,-,White,doggo,0,1,castle_destroyed,1731,57.70,False,0,0,0,0,0,0,69000,69000,3,-1,1.0000,1701
White,8,corn,3,0,-,White,doggo,1,1,force_destroyed,7019,233.97,False,7019,6751,21057,314,21057,0,69000,69000,0,7019,0.1324,-1
White,8,corn,3,0,-,White,doggo,2,1,force_destroyed,13879,462.63,False,6940,6790,20820,157,20820,0,69000,69000,0,13879,0.2076,-1
White,8,corn,3,0,-,White,doggo,3,1,force_destroyed,20891,696.37,True,6964,6888,20892,104,20892,0,69000,69000,0,20891,0.3459,-1
White,8,corn,3,0,-,White,doggo,5,1,force_destroyed,34979,1165.97,True,6996,6976,20988,62,20988,0,69000,69000,0,34979,0.8147,-1
White,8,corn,3,0,-,White,doggo,10,1,survived_horizon,36000,1200.00,True,3600,3598,10800,31,0,0,69000,69000,3,-1,1.0000,-1
White,8,corn,3,0,-,White,doggo,15,1,survived_horizon,36000,1200.00,True,2400,2399,7200,20,0,0,69000,69000,3,-1,1.0000,-1
White,8,corn,3,0,-,White,doggo,20,1,survived_horizon,36000,1200.00,True,1800,1798,5400,15,0,0,69000,69000,3,-1,1.0000,-1
White,8,corn,3,0,-,White,doggo,30,1,survived_horizon,36000,1200.00,True,1200,1199,3600,10,0,0,69000,69000,3,-1,1.0000,-1
White,8,corn,3,0,-,White,doggo,45,1,survived_horizon,36000,1200.00,True,800,800,2400,6,0,0,69000,69000,3,-1,1.0000,-1
White,8,corn,3,0,-,White,doggo,60,1,castle_destroyed,2162,72.07,False,37,36,111,5,0,0,69000,69000,3,-1,1.0000,1862
White,8,corn,3,0,-,White,doggo,90,1,castle_destroyed,1803,60.10,False,21,20,63,3,0,0,69000,69000,3,-1,1.0000,1803
White,8,corn,3,0,-,White,doggo,120,1,castle_destroyed,1761,58.70,False,15,15,45,2,0,0,69000,69000,3,-1,1.0000,1747
White,8,corn,3,4,ringo,White,doggo,0,1,castle_destroyed,916,30.53,False,0,0,0,0,0,31,69558,69000,3,-1,0.5388,132
White,8,corn,3,4,ringo,White,doggo,1,1,force_destroyed,28750,958.33,True,28728,28533,86184,219,86184,958,86244,69000,0,28728,0.2218,-1
White,8,corn,3,4,ringo,White,doggo,2,1,survived_horizon,36000,1200.00,True,18000,17991,54000,48,0,1200,90600,69000,3,-1,1.0000,-1
White,8,corn,3,4,ringo,White,doggo,3,1,castle_destroyed,1701,56.70,False,567,562,1701,32,0,57,70026,69000,3,-1,1.0000,530
White,8,corn,3,4,ringo,White,doggo,5,1,castle_destroyed,5752,191.73,False,1151,1148,3453,19,0,192,72456,69000,3,-1,1.0000,274
White,8,corn,3,4,ringo,White,doggo,10,1,castle_destroyed,1701,56.70,False,171,169,513,9,0,57,70026,69000,3,-1,1.0000,201
White,8,corn,3,4,ringo,White,doggo,15,1,castle_destroyed,1515,50.50,False,101,100,303,6,0,51,69918,69000,3,-1,0.8912,161
White,8,corn,3,4,ringo,White,doggo,20,1,castle_destroyed,1225,40.83,False,62,61,186,5,0,41,69738,69000,3,-1,0.7206,146
White,8,corn,3,4,ringo,White,doggo,30,1,castle_destroyed,1001,33.37,False,34,33,102,3,0,34,69612,69000,3,-1,0.5888,144
White,8,corn,3,4,ringo,White,doggo,45,1,castle_destroyed,930,31.00,False,21,21,63,2,0,31,69558,69000,3,-1,0.5471,137
White,8,corn,3,4,ringo,White,doggo,60,1,castle_destroyed,924,30.80,False,16,16,48,2,0,31,69558,69000,3,-1,0.5435,134
White,8,corn,3,4,ringo,White,doggo,90,1,castle_destroyed,921,30.70,False,11,11,33,1,0,31,69558,69000,3,-1,0.5418,135
White,8,corn,3,4,ringo,White,doggo,120,1,castle_destroyed,919,30.63,False,8,8,24,1,0,31,69558,69000,3,-1,0.5406,133
White,8,corn,4,0,-,White,doggo,0,1,castle_destroyed,1731,57.70,False,0,0,0,0,0,0,92000,92000,4,-1,1.0000,1701
White,8,corn,4,0,-,White,doggo,1,1,force_destroyed,10290,343.00,False,10290,9991,30870,299,30870,0,92000,92000,0,10290,0.1324,-1
White,8,corn,4,0,-,White,doggo,2,1,force_destroyed,20357,678.57,True,10179,10040,30537,142,30537,0,92000,92000,0,20357,0.2900,-1
White,8,corn,4,0,-,White,doggo,3,1,force_destroyed,30540,1018.00,True,10180,10115,30540,94,30540,0,92000,92000,0,30540,0.5488,-1
White,8,corn,4,0,-,White,doggo,5,1,survived_horizon,36000,1200.00,True,7200,7193,21600,56,0,0,92000,92000,4,-1,0.9547,-1
White,8,corn,4,0,-,White,doggo,10,1,survived_horizon,36000,1200.00,True,3600,3598,10800,28,0,0,92000,92000,4,-1,1.0000,-1
White,8,corn,4,0,-,White,doggo,15,1,survived_horizon,36000,1200.00,True,2400,2399,7200,18,0,0,92000,92000,4,-1,1.0000,-1
White,8,corn,4,0,-,White,doggo,20,1,survived_horizon,36000,1200.00,True,1800,1798,5400,14,0,0,92000,92000,4,-1,1.0000,-1
White,8,corn,4,0,-,White,doggo,30,1,survived_horizon,36000,1200.00,True,1200,1199,3600,9,0,0,92000,92000,4,-1,1.0000,-1
White,8,corn,4,0,-,White,doggo,45,1,castle_destroyed,2082,69.40,False,47,46,141,6,0,0,92000,92000,4,-1,1.0000,1892
White,8,corn,4,0,-,White,doggo,60,1,castle_destroyed,2161,72.03,False,37,36,111,5,0,0,92000,92000,4,-1,1.0000,1861
White,8,corn,4,0,-,White,doggo,90,1,castle_destroyed,1803,60.10,False,21,20,63,3,0,0,92000,92000,4,-1,1.0000,1791
White,8,corn,4,0,-,White,doggo,120,1,castle_destroyed,1761,58.70,False,15,15,45,2,0,0,92000,92000,4,-1,1.0000,1747
White,8,corn,4,4,ringo,White,doggo,0,1,castle_destroyed,916,30.53,False,0,0,0,0,0,31,92558,92000,4,-1,0.5388,132
White,8,corn,4,4,ringo,White,doggo,1,1,force_destroyed,29709,990.30,True,29689,29494,89067,219,89067,990,109820,92000,0,29689,0.2218,-1
White,8,corn,4,4,ringo,White,doggo,2,1,survived_horizon,36000,1200.00,True,18000,17991,54000,48,0,1200,113600,92000,4,-1,1.0000,-1
White,8,corn,4,4,ringo,White,doggo,3,1,castle_destroyed,1701,56.70,False,567,562,1701,32,0,57,93026,92000,4,-1,1.0000,530
White,8,corn,4,4,ringo,White,doggo,5,1,castle_destroyed,5659,188.63,False,1132,1129,3396,19,0,189,95402,92000,4,-1,1.0000,274
White,8,corn,4,4,ringo,White,doggo,10,1,castle_destroyed,1701,56.70,False,171,169,513,9,0,57,93026,92000,4,-1,1.0000,201
White,8,corn,4,4,ringo,White,doggo,15,1,castle_destroyed,1515,50.50,False,101,100,303,6,0,51,92918,92000,4,-1,0.8912,161
White,8,corn,4,4,ringo,White,doggo,20,1,castle_destroyed,1225,40.83,False,62,61,186,5,0,41,92738,92000,4,-1,0.7206,146
White,8,corn,4,4,ringo,White,doggo,30,1,castle_destroyed,1001,33.37,False,34,33,102,3,0,34,92612,92000,4,-1,0.5888,144
White,8,corn,4,4,ringo,White,doggo,45,1,castle_destroyed,930,31.00,False,21,21,63,2,0,31,92558,92000,4,-1,0.5471,137
White,8,corn,4,4,ringo,White,doggo,60,1,castle_destroyed,924,30.80,False,16,16,48,2,0,31,92558,92000,4,-1,0.5435,134
White,8,corn,4,4,ringo,White,doggo,90,1,castle_destroyed,921,30.70,False,11,11,33,1,0,31,92558,92000,4,-1,0.5418,135
White,8,corn,4,4,ringo,White,doggo,120,1,castle_destroyed,919,30.63,False,8,8,24,1,0,31,92558,92000,4,-1,0.5406,133
White,8,corn,5,0,-,White,doggo,0,1,castle_destroyed,1731,57.70,False,0,0,0,0,0,0,115000,115000,5,-1,1.0000,1701
White,8,corn,5,0,-,White,doggo,1,1,force_destroyed,13574,452.47,False,13574,13321,40722,254,40722,0,115000,115000,0,13574,0.1324,-1
White,8,corn,5,0,-,White,doggo,2,1,force_destroyed,26638,887.93,True,13319,13215,39957,141,39957,0,115000,115000,0,26638,0.3735,-1
White,8,corn,5,0,-,White,doggo,3,1,survived_horizon,36000,1200.00,True,12000,11969,36000,94,0,0,115000,115000,5,-1,0.7229,-1
White,8,corn,5,0,-,White,doggo,5,1,survived_horizon,36000,1200.00,True,7200,7195,21600,56,0,0,115000,115000,5,-1,1.0000,-1
White,8,corn,5,0,-,White,doggo,10,1,survived_horizon,36000,1200.00,True,3600,3598,10800,28,0,0,115000,115000,5,-1,1.0000,-1
White,8,corn,5,0,-,White,doggo,15,1,survived_horizon,36000,1200.00,True,2400,2399,7200,18,0,0,115000,115000,5,-1,1.0000,-1
White,8,corn,5,0,-,White,doggo,20,1,survived_horizon,36000,1200.00,True,1800,1798,5400,14,0,0,115000,115000,5,-1,1.0000,-1
White,8,corn,5,0,-,White,doggo,30,1,castle_destroyed,3643,121.43,False,122,121,366,9,0,0,115000,115000,5,-1,1.0000,3493
White,8,corn,5,0,-,White,doggo,45,1,castle_destroyed,1857,61.90,False,42,41,126,6,0,0,115000,115000,5,-1,1.0000,1857
White,8,corn,5,0,-,White,doggo,60,1,castle_destroyed,1861,62.03,False,32,31,96,5,0,0,115000,115000,5,-1,1.0000,1861
White,8,corn,5,0,-,White,doggo,90,1,castle_destroyed,1803,60.10,False,21,20,63,3,0,0,115000,115000,5,-1,1.0000,1791
White,8,corn,5,0,-,White,doggo,120,1,castle_destroyed,1761,58.70,False,15,15,45,2,0,0,115000,115000,5,-1,1.0000,1747
White,8,corn,5,4,ringo,White,doggo,0,1,castle_destroyed,916,30.53,False,0,0,0,0,0,31,115558,115000,5,-1,0.5388,132
White,8,corn,5,4,ringo,White,doggo,1,1,force_destroyed,30736,1024.53,True,30720,30530,92160,219,92160,1024,133432,115000,0,30720,0.2218,-1
White,8,corn,5,4,ringo,White,doggo,2,1,survived_horizon,36000,1200.00,True,18000,17991,54000,48,0,1200,136600,115000,5,-1,1.0000,-1
White,8,corn,5,4,ringo,White,doggo,3,1,castle_destroyed,1701,56.70,False,567,562,1701,32,0,57,116026,115000,5,-1,1.0000,530
White,8,corn,5,4,ringo,White,doggo,5,1,castle_destroyed,5572,185.73,False,1115,1112,3345,19,0,186,118348,115000,5,-1,1.0000,274
White,8,corn,5,4,ringo,White,doggo,10,1,castle_destroyed,1701,56.70,False,171,169,513,9,0,57,116026,115000,5,-1,1.0000,201
White,8,corn,5,4,ringo,White,doggo,15,1,castle_destroyed,1515,50.50,False,101,100,303,6,0,51,115918,115000,5,-1,0.8912,161
White,8,corn,5,4,ringo,White,doggo,20,1,castle_destroyed,1225,40.83,False,62,61,186,5,0,41,115738,115000,5,-1,0.7206,146
White,8,corn,5,4,ringo,White,doggo,30,1,castle_destroyed,1001,33.37,False,34,33,102,3,0,34,115612,115000,5,-1,0.5888,144
White,8,corn,5,4,ringo,White,doggo,45,1,castle_destroyed,930,31.00,False,21,21,63,2,0,31,115558,115000,5,-1,0.5471,137
White,8,corn,5,4,ringo,White,doggo,60,1,castle_destroyed,924,30.80,False,16,16,48,2,0,31,115558,115000,5,-1,0.5435,134
White,8,corn,5,4,ringo,White,doggo,90,1,castle_destroyed,921,30.70,False,11,11,33,1,0,31,115558,115000,5,-1,0.5418,135
White,8,corn,5,4,ringo,White,doggo,120,1,castle_destroyed,919,30.63,False,8,8,24,1,0,31,115558,115000,5,-1,0.5406,133
Yellow,5,jig,0,4,doc,Yellow,minnow,0,1,castle_destroyed,901,30.03,False,0,0,0,0,0,31,527,0,0,-1,0.0000,143
Yellow,5,jig,0,4,doc,Yellow,minnow,1,1,survived_horizon,36000,1200.00,True,36000,35852,72000,157,0,1200,20400,0,0,-1,0.0000,-1
Yellow,5,jig,0,4,doc,Yellow,minnow,2,1,survived_horizon,36000,1200.00,True,18000,17996,36000,40,0,1200,20400,0,0,-1,0.0000,-1
Yellow,5,jig,0,4,doc,Yellow,minnow,3,1,castle_destroyed,22131,737.70,True,7377,7374,14754,27,0,738,12546,0,0,-1,0.0000,564
Yellow,5,jig,0,4,doc,Yellow,minnow,5,1,castle_destroyed,5728,190.93,False,1146,1144,2292,16,0,191,3247,0,0,-1,0.0000,299
Yellow,5,jig,0,4,doc,Yellow,minnow,10,1,castle_destroyed,1935,64.50,False,194,193,388,8,0,65,1105,0,0,-1,0.0000,182
Yellow,5,jig,0,4,doc,Yellow,minnow,15,1,castle_destroyed,1395,46.50,False,93,93,186,5,0,47,799,0,0,-1,0.0000,155
Yellow,5,jig,0,4,doc,Yellow,minnow,20,1,castle_destroyed,1142,38.07,False,58,57,116,4,0,39,663,0,0,-1,0.0000,157
Yellow,5,jig,0,4,doc,Yellow,minnow,30,1,castle_destroyed,959,31.97,False,32,32,64,3,0,32,544,0,0,-1,0.0000,148
Yellow,5,jig,0,4,doc,Yellow,minnow,45,1,castle_destroyed,914,30.47,False,21,21,42,2,0,31,527,0,0,-1,0.0000,152
Yellow,5,jig,0,4,doc,Yellow,minnow,60,1,castle_destroyed,908,30.27,False,16,15,32,2,0,31,527,0,0,-1,0.0000,146
Yellow,5,jig,0,4,doc,Yellow,minnow,90,1,castle_destroyed,906,30.20,False,11,10,22,1,0,31,527,0,0,-1,0.0000,145
Yellow,5,jig,0,4,doc,Yellow,minnow,120,1,castle_destroyed,905,30.17,False,8,8,16,1,0,31,527,0,0,-1,0.0000,145
Yellow,5,jig,1,0,-,Yellow,minnow,0,1,castle_destroyed,4860,162.00,False,0,0,0,0,0,0,60,60,1,-1,1.0000,115
Yellow,5,jig,1,0,-,Yellow,minnow,1,1,force_destroyed,115,3.83,False,115,27,230,88,230,0,60,60,0,115,0.5912,-1
Yellow,5,jig,1,0,-,Yellow,minnow,2,1,force_destroyed,156,5.20,False,78,36,156,42,156,0,60,60,0,156,0.6212,-1
Yellow,5,jig,1,0,-,Yellow,minnow,3,1,force_destroyed,187,6.23,False,63,33,126,30,126,0,60,60,0,187,0.6353,-1
Yellow,5,jig,1,0,-,Yellow,minnow,5,1,force_destroyed,259,8.63,False,52,37,104,15,104,0,60,60,0,259,0.7765,-1
Yellow,5,jig,1,0,-,Yellow,minnow,10,1,force_destroyed,372,12.40,False,38,34,76,8,76,0,60,60,0,372,0.8965,-1
Yellow,5,jig,1,0,-,Yellow,minnow,15,1,force_destroyed,535,17.83,False,36,35,72,5,72,0,60,60,0,535,1.0000,534
Yellow,5,jig,1,0,-,Yellow,minnow,20,1,force_destroyed,950,31.67,False,48,47,96,4,96,0,60,60,0,950,1.0000,185
Yellow,5,jig,1,0,-,Yellow,minnow,30,1,force_destroyed,1330,44.33,False,45,44,90,3,90,0,60,60,0,1330,1.0000,123
Yellow,5,jig,1,0,-,Yellow,minnow,45,1,force_destroyed,2132,71.07,False,48,47,96,2,96,0,60,60,0,2132,1.0000,123
Yellow,5,jig,1,0,-,Yellow,minnow,60,1,force_destroyed,2710,90.33,False,46,45,92,2,92,0,60,60,0,2710,1.0000,117
Yellow,5,jig,1,0,-,Yellow,minnow,90,1,force_destroyed,3887,129.57,False,44,43,88,1,88,0,60,60,0,3887,1.0000,122
Yellow,5,jig,1,0,-,Yellow,minnow,120,1,force_destroyed,5290,176.33,False,45,45,90,1,90,0,60,60,0,5290,1.0000,116
Yellow,5,jig,1,4,doc,Yellow,minnow,0,1,castle_destroyed,839,27.97,False,0,0,0,0,0,28,536,60,1,-1,1.0000,115
Yellow,5,jig,1,4,doc,Yellow,minnow,1,1,force_destroyed,208,6.93,False,143,123,286,82,286,5,145,60,0,143,0.5912,-1
Yellow,5,jig,1,4,doc,Yellow,minnow,2,1,castle_destroyed,3676,122.53,False,109,109,218,39,218,8,196,60,0,217,0.7200,300
Yellow,5,jig,1,4,doc,Yellow,minnow,3,1,castle_destroyed,2857,95.23,False,90,90,180,26,180,9,213,60,0,270,0.8400,319
Yellow,5,jig,1,4,doc,Yellow,minnow,5,1,castle_destroyed,1631,54.37,False,75,75,150,15,150,13,281,60,0,375,1.0000,233
Yellow,5,jig,1,4,doc,Yellow,minnow,10,1,castle_destroyed,1307,43.57,False,70,70,140,7,140,24,468,60,0,700,1.0000,173
Yellow,5,jig,1,4,doc,Yellow,minnow,15,1,castle_destroyed,1161,38.70,False,70,70,140,5,140,35,655,60,0,1045,1.0000,151
Yellow,5,jig,1,4,doc,Yellow,minnow,20,1,castle_destroyed,995,33.17,False,50,50,100,4,0,34,638,60,1,-1,1.0000,144
Yellow,5,jig,1,4,doc,Yellow,minnow,30,1,castle_destroyed,872,29.07,False,30,29,60,3,0,30,570,60,1,-1,1.0000,123
Yellow,5,jig,1,4,doc,Yellow,minnow,45,1,castle_destroyed,850,28.33,False,19,19,38,2,0,29,553,60,1,-1,1.0000,123
Yellow,5,jig,1,4,doc,Yellow,minnow,60,1,castle_destroyed,845,28.17,False,15,14,30,2,0,29,553,60,1,-1,1.0000,117
Yellow,5,jig,1,4,doc,Yellow,minnow,90,1,castle_destroyed,845,28.17,False,10,10,20,1,0,29,553,60,1,-1,1.0000,122
Yellow,5,jig,1,4,doc,Yellow,minnow,120,1,castle_destroyed,844,28.13,False,8,7,16,1,0,29,553,60,1,-1,1.0000,116
Yellow,5,jig,2,0,-,Yellow,minnow,0,1,castle_destroyed,2498,83.27,False,0,0,0,0,0,0,120,120,2,-1,1.0000,115
Yellow,5,jig,2,0,-,Yellow,minnow,1,1,force_destroyed,147,4.90,False,147,69,294,82,294,0,120,120,0,147,0.5912,-1
Yellow,5,jig,2,0,-,Yellow,minnow,2,1,force_destroyed,199,6.63,False,100,54,200,46,200,0,120,120,0,199,0.6494,-1
Yellow,5,jig,2,0,-,Yellow,minnow,3,1,force_destroyed,285,9.50,False,95,80,190,26,190,0,120,120,0,285,0.7324,-1
Yellow,5,jig,2,0,-,Yellow,minnow,5,1,force_destroyed,356,11.87,False,72,64,144,15,144,0,120,120,0,356,0.8824,-1
Yellow,5,jig,2,0,-,Yellow,minnow,10,1,force_destroyed,670,22.33,False,67,66,134,8,134,0,120,120,0,670,1.0000,213
Yellow,5,jig,2,0,-,Yellow,minnow,15,1,force_destroyed,985,32.83,False,66,65,132,5,132,0,120,120,0,985,1.0000,154
Yellow,5,jig,2,0,-,Yellow,minnow,20,1,force_destroyed,1310,43.67,False,66,65,132,4,132,0,120,120,0,1310,1.0000,148
Yellow,5,jig,2,0,-,Yellow,minnow,30,1,force_destroyed,1877,62.57,False,63,62,126,3,126,0,120,120,0,1877,1.0000,123
Yellow,5,jig,2,0,-,Yellow,minnow,45,1,force_destroyed,2800,93.33,False,63,62,126,2,126,0,120,120,0,2800,1.0000,123
Yellow,5,jig,2,0,-,Yellow,minnow,60,1,castle_destroyed,2824,94.13,False,48,47,96,2,0,0,120,120,2,-1,1.0000,117
Yellow,5,jig,2,0,-,Yellow,minnow,90,1,castle_destroyed,2683,89.43,False,30,30,60,1,0,0,120,120,2,-1,1.0000,122
Yellow,5,jig,2,0,-,Yellow,minnow,120,1,castle_destroyed,2638,87.93,False,22,22,44,1,0,0,120,120,2,-1,1.0000,116
Yellow,5,jig,2,4,doc,Yellow,minnow,0,1,castle_destroyed,784,26.13,False,0,0,0,0,0,27,579,120,2,-1,1.0000,115
Yellow,5,jig,2,4,doc,Yellow,minnow,1,1,force_destroyed,239,7.97,False,180,155,360,79,360,6,222,120,0,180,0.5912,-1
Yellow,5,jig,2,4,doc,Yellow,minnow,2,1,castle_destroyed,3706,123.53,False,129,129,258,39,258,9,273,120,0,257,0.7482,329
Yellow,5,jig,2,4,doc,Yellow,minnow,3,1,castle_destroyed,2049,68.30,False,101,101,202,26,202,11,307,120,0,302,0.9247,329
Yellow,5,jig,2,4,doc,Yellow,minnow,5,1,castle_destroyed,1821,60.70,False,89,89,178,15,178,15,375,120,0,445,1.0000,213
Yellow,5,jig,2,4,doc,Yellow,minnow,10,1,castle_destroyed,1238,41.27,False,80,80,160,7,160,27,579,120,0,800,1.0000,162
Yellow,5,jig,2,4,doc,Yellow,minnow,15,1,castle_destroyed,1016,33.87,False,68,68,136,5,0,34,698,120,2,-1,1.0000,151
Yellow,5,jig,2,4,doc,Yellow,minnow,20,1,castle_destroyed,889,29.63,False,45,44,90,4,0,30,630,120,2,-1,1.0000,144
Yellow,5,jig,2,4,doc,Yellow,minnow,30,1,castle_destroyed,808,26.93,False,27,27,54,3,0,27,579,120,2,-1,1.0000,123
Yellow,5,jig,2,4,doc,Yellow,minnow,45,1,castle_destroyed,795,26.50,False,18,18,36,2,0,27,579,120,2,-1,1.0000,123
Yellow,5,jig,2,4,doc,Yellow,minnow,60,1,castle_destroyed,793,26.43,False,14,14,28,2,0,27,579,120,2,-1,1.0000,117
Yellow,5,jig,2,4,doc,Yellow,minnow,90,1,castle_destroyed,791,26.37,False,9,9,18,1,0,27,579,120,2,-1,1.0000,122
Yellow,5,jig,2,4,doc,Yellow,minnow,120,1,castle_destroyed,791,26.37,False,7,7,14,1,0,27,579,120,2,-1,1.0000,116
Yellow,5,jig,3,0,-,Yellow,minnow,0,1,castle_destroyed,1722,57.40,False,0,0,0,0,0,0,180,180,3,-1,1.0000,115
Yellow,5,jig,3,0,-,Yellow,minnow,1,1,force_destroyed,190,6.33,False,190,101,380,89,380,0,180,180,0,190,0.5912,-1
Yellow,5,jig,3,0,-,Yellow,minnow,2,1,force_destroyed,270,9.00,False,135,104,270,39,270,0,180,180,0,270,0.6776,-1
Yellow,5,jig,3,0,-,Yellow,minnow,3,1,force_destroyed,334,11.13,False,112,95,224,26,224,0,180,180,0,334,0.7959,-1
Yellow,5,jig,3,0,-,Yellow,minnow,5,1,force_destroyed,455,15.17,False,91,88,182,15,182,0,180,180,0,455,1.0000,-1
Yellow,5,jig,3,0,-,Yellow,minnow,10,1,force_destroyed,800,26.67,False,80,79,160,8,160,0,180,180,0,800,1.0000,183
Yellow,5,jig,3,0,-,Yellow,minnow,15,1,force_destroyed,1127,37.57,False,76,74,152,5,152,0,180,180,0,1127,1.0000,154
Yellow,5,jig,3,0,-,Yellow,minnow,20,1,force_destroyed,1397,46.57,False,70,69,140,4,140,0,180,180,0,1397,1.0000,148
Yellow,5,jig,3,0,-,Yellow,minnow,30,1,force_destroyed,2020,67.33,False,68,67,136,3,136,0,180,180,0,2020,1.0000,123
Yellow,5,jig,3,0,-,Yellow,minnow,45,1,castle_destroyed,1956,65.20,False,44,44,88,2,0,0,180,180,3,-1,1.0000,123
Yellow,5,jig,3,0,-,Yellow,minnow,60,1,castle_destroyed,1848,61.60,False,31,31,62,2,0,0,180,180,3,-1,1.0000,117
Yellow,5,jig,3,0,-,Yellow,minnow,90,1,castle_destroyed,1800,60.00,False,20,20,40,1,0,0,180,180,3,-1,1.0000,122
Yellow,5,jig,3,0,-,Yellow,minnow,120,1,castle_destroyed,1783,59.43,False,15,15,30,1,0,0,180,180,3,-1,1.0000,116
Yellow,5,jig,3,4,doc,Yellow,minnow,0,1,castle_destroyed,738,24.60,False,0,0,0,0,0,25,605,180,3,-1,1.0000,115
Yellow,5,jig,3,4,doc,Yellow,minnow,1,1,force_destroyed,296,9.87,False,225,208,450,79,450,8,316,180,0,225,0.5912,-1
Yellow,5,jig,3,4,doc,Yellow,minnow,2,1,castle_destroyed,2888,96.27,False,144,144,288,39,288,10,350,180,0,287,0.7906,353
Yellow,5,jig,3,4,doc,Yellow,minnow,3,1,castle_destroyed,2079,69.30,False,117,117,234,26,234,12,384,180,0,349,1.0000,330
Yellow,5,jig,3,4,doc,Yellow,minnow,5,1,castle_destroyed,1779,59.30,False,102,102,204,15,204,17,469,180,0,510,1.0000,204
Yellow,5,jig,3,4,doc,Yellow,minnow,10,1,castle_destroyed,1161,38.70,False,89,89,178,7,178,30,690,180,0,890,1.0000,162
Yellow,5,jig,3,4,doc,Yellow,minnow,15,1,castle_destroyed,905,30.17,False,61,60,122,5,0,31,707,180,3,-1,1.0000,151
Yellow,5,jig,3,4,doc,Yellow,minnow,20,1,castle_destroyed,812,27.07,False,41,41,82,4,0,28,656,180,3,-1,1.0000,144
Yellow,5,jig,3,4,doc,Yellow,minnow,30,1,castle_destroyed,754,25.13,False,26,25,52,3,0,26,622,180,3,-1,1.0000,123
Yellow,5,jig,3,4,doc,Yellow,minnow,45,1,castle_destroyed,747,24.90,False,17,17,34,2,0,25,605,180,3,-1,1.0000,123
Yellow,5,jig,3,4,doc,Yellow,minnow,60,1,castle_destroyed,745,24.83,False,13,13,26,2,0,25,605,180,3,-1,1.0000,117
Yellow,5,jig,3,4,doc,Yellow,minnow,90,1,castle_destroyed,744,24.80,False,9,9,18,1,0,25,605,180,3,-1,1.0000,122
Yellow,5,jig,3,4,doc,Yellow,minnow,120,1,castle_destroyed,743,24.77,False,7,7,14,1,0,25,605,180,3,-1,1.0000,116
Yellow,5,jig,4,0,-,Yellow,minnow,0,1,castle_destroyed,1341,44.70,False,0,0,0,0,0,0,240,240,4,-1,1.0000,115
Yellow,5,jig,4,0,-,Yellow,minnow,1,1,force_destroyed,222,7.40,False,222,135,444,87,444,0,240,240,0,222,0.5912,-1
Yellow,5,jig,4,0,-,Yellow,minnow,2,1,force_destroyed,293,9.77,False,147,118,294,39,294,0,240,240,0,293,0.6988,-1
Yellow,5,jig,4,0,-,Yellow,minnow,3,1,force_destroyed,370,12.33,False,124,109,248,26,248,0,240,240,0,370,0.8276,-1
Yellow,5,jig,4,0,-,Yellow,minnow,5,1,force_destroyed,485,16.17,False,97,95,194,15,194,0,240,240,0,485,1.0000,382
Yellow,5,jig,4,0,-,Yellow,minnow,10,1,force_destroyed,880,29.33,False,88,87,176,8,176,0,240,240,0,880,1.0000,183
Yellow,5,jig,4,0,-,Yellow,minnow,15,1,force_destroyed,1172,39.07,False,79,77,158,5,158,0,240,240,0,1172,1.0000,154
Yellow,5,jig,4,0,-,Yellow,minnow,20,1,force_destroyed,1497,49.90,False,75,74,150,4,150,0,240,240,0,1497,1.0000,148
Yellow,5,jig,4,0,-,Yellow,minnow,30,1,castle_destroyed,1549,51.63,False,52,52,104,3,0,0,240,240,4,-1,1.0000,123
Yellow,5,jig,4,0,-,Yellow,minnow,45,1,castle_destroyed,1466,48.87,False,33,33,66,2,0,0,240,240,4,-1,1.0000,123
Yellow,5,jig,4,0,-,Yellow,minnow,60,1,castle_destroyed,1414,47.13,False,24,24,48,2,0,0,240,240,4,-1,1.0000,117
Yellow,5,jig,4,0,-,Yellow,minnow,90,1,castle_destroyed,1388,46.27,False,16,16,32,1,0,0,240,240,4,-1,1.0000,122
Yellow,5,jig,4,0,-,Yellow,minnow,120,1,castle_destroyed,1377,45.90,False,12,12,24,1,0,0,240,240,4,-1,1.0000,116
Yellow,5,jig,4,4,doc,Yellow,minnow,0,1,castle_destroyed,697,23.23,False,0,0,0,0,0,24,648,240,4,-1,1.0000,115
Yellow,5,jig,4,4,doc,Yellow,minnow,1,1,force_destroyed,326,10.87,False,255,238,510,79,510,9,393,240,0,255,0.5912,-1
Yellow,5,jig,4,4,doc,Yellow,minnow,2,1,castle_destroyed,2915,97.17,False,161,161,322,39,322,11,427,240,0,322,0.8400,374
Yellow,5,jig,4,4,doc,Yellow,minnow,3,1,castle_destroyed,2096,69.87,False,127,127,254,26,254,13,461,240,0,379,1.0000,330
Yellow,5,jig,4,4,doc,Yellow,minnow,5,1,castle_destroyed,1617,53.90,False,115,115,230,15,230,20,580,240,0,575,1.0000,204
Yellow,5,jig,4,4,doc,Yellow,minnow,10,1,castle_destroyed,1057,35.23,False,92,92,184,7,184,31,767,240,0,920,1.0000,162
Yellow,5,jig,4,4,doc,Yellow,minnow,15,1,castle_destroyed,825,27.50,False,55,55,110,5,0,28,716,240,4,-1,1.0000,151
Yellow,5,jig,4,4,doc,Yellow,minnow,20,1,castle_destroyed,755,25.17,False,38,38,76,4,0,26,682,240,4,-1,1.0000,144
Yellow,5,jig,4,4,doc,Yellow,minnow,30,1,castle_destroyed,711,23.70,False,24,24,48,3,0,24,648,240,4,-1,1.0000,123
Yellow,5,jig,4,4,doc,Yellow,minnow,45,1,castle_destroyed,708,23.60,False,16,16,32,2,0,24,648,240,4,-1,1.0000,123
Yellow,5,jig,4,4,doc,Yellow,minnow,60,1,castle_destroyed,702,23.40,False,12,12,24,2,0,24,648,240,4,-1,1.0000,117
Yellow,5,jig,4,4,doc,Yellow,minnow,90,1,castle_destroyed,702,23.40,False,8,8,16,1,0,24,648,240,4,-1,1.0000,122
Yellow,5,jig,4,4,doc,Yellow,minnow,120,1,castle_destroyed,701,23.37,False,6,6,12,1,0,24,648,240,4,-1,1.0000,116
Yellow,5,jig,5,0,-,Yellow,minnow,0,1,castle_destroyed,1119,37.30,False,0,0,0,0,0,0,300,300,5,-1,1.0000,115
Yellow,5,jig,5,0,-,Yellow,minnow,1,1,force_destroyed,234,7.80,False,234,147,468,87,468,0,300,300,0,234,0.5912,-1
Yellow,5,jig,5,0,-,Yellow,minnow,2,1,force_destroyed,340,11.33,False,170,141,340,39,340,0,300,300,0,340,0.7129,-1
Yellow,5,jig,5,0,-,Yellow,minnow,3,1,force_destroyed,403,13.43,False,135,124,270,26,270,0,300,300,0,403,0.9212,-1
Yellow,5,jig,5,0,-,Yellow,minnow,5,1,force_destroyed,522,17.40,False,105,103,210,15,210,0,300,300,0,522,1.0000,347
Yellow,5,jig,5,0,-,Yellow,minnow,10,1,force_destroyed,930,31.00,False,93,92,186,8,186,0,300,300,0,930,1.0000,183
Yellow,5,jig,5,0,-,Yellow,minnow,15,1,force_destroyed,1262,42.07,False,85,83,170,5,170,0,300,300,0,1262,1.0000,154
Yellow,5,jig,5,0,-,Yellow,minnow,20,1,castle_destroyed,1300,43.33,False,65,65,130,4,0,0,300,300,5,-1,1.0000,148
Yellow,5,jig,5,0,-,Yellow,minnow,30,1,castle_destroyed,1249,41.63,False,42,42,84,3,0,0,300,300,5,-1,1.0000,123
Yellow,5,jig,5,0,-,Yellow,minnow,45,1,castle_destroyed,1202,40.07,False,27,27,54,2,0,0,300,300,5,-1,1.0000,123
Yellow,5,jig,5,0,-,Yellow,minnow,60,1,castle_destroyed,1167,38.90,False,20,20,40,2,0,0,300,300,5,-1,1.0000,117
Yellow,5,jig,5,0,-,Yellow,minnow,90,1,castle_destroyed,1149,38.30,False,13,13,26,1,0,0,300,300,5,-1,1.0000,122
Yellow,5,jig,5,0,-,Yellow,minnow,120,1,castle_destroyed,1143,38.10,False,10,10,20,1,0,0,300,300,5,-1,1.0000,116
Yellow,5,jig,5,4,doc,Yellow,minnow,0,1,castle_destroyed,663,22.10,False,0,0,0,0,0,23,691,300,5,-1,1.0000,115
Yellow,5,jig,5,4,doc,Yellow,minnow,1,1,force_destroyed,356,11.87,False,285,268,570,79,570,10,470,300,0,285,0.5912,-1
Yellow,5,jig,5,4,doc,Yellow,minnow,2,1,castle_destroyed,2456,81.87,False,181,181,362,39,362,13,521,300,0,362,0.8965,404
Yellow,5,jig,5,4,doc,Yellow,minnow,3,1,castle_destroyed,1887,62.90,False,144,144,288,26,288,15,555,300,0,430,1.0000,297
Yellow,5,jig,5,4,doc,Yellow,minnow,5,1,castle_destroyed,1572,52.40,False,121,121,242,15,242,21,657,300,0,605,1.0000,204
Yellow,5,jig,5,4,doc,Yellow,minnow,10,1,castle_destroyed,912,30.40,False,92,91,184,7,0,31,827,300,2,-1,1.0000,162
Yellow,5,jig,5,4,doc,Yellow,minnow,15,1,castle_destroyed,762,25.40,False,51,51,102,5,0,26,742,300,5,-1,1.0000,151
Yellow,5,jig,5,4,doc,Yellow,minnow,20,1,castle_destroyed,705,23.50,False,36,35,72,4,0,24,708,300,5,-1,1.0000,144
Yellow,5,jig,5,4,doc,Yellow,minnow,30,1,castle_destroyed,677,22.57,False,23,23,46,3,0,23,691,300,5,-1,1.0000,123
Yellow,5,jig,5,4,doc,Yellow,minnow,45,1,castle_destroyed,672,22.40,False,15,15,30,2,0,23,691,300,5,-1,1.0000,123
Yellow,5,jig,5,4,doc,Yellow,minnow,60,1,castle_destroyed,669,22.30,False,12,11,24,2,0,23,691,300,5,-1,1.0000,117
Yellow,5,jig,5,4,doc,Yellow,minnow,90,1,castle_destroyed,668,22.27,False,8,8,16,1,0,23,691,300,5,-1,1.0000,122
Yellow,5,jig,5,4,doc,Yellow,minnow,120,1,castle_destroyed,667,22.23,False,6,6,12,1,0,23,691,300,5,-1,1.0000,116
Yellow,6,bub,0,4,doc,Yellow,minnow,0,1,castle_destroyed,901,30.03,False,0,0,0,0,0,31,527,0,0,-1,0.0000,143
Yellow,6,bub,0,4,doc,Yellow,minnow,1,1,survived_horizon,36000,1200.00,True,36000,35852,72000,157,0,1200,20400,0,0,-1,0.0000,-1
Yellow,6,bub,0,4,doc,Yellow,minnow,2,1,survived_horizon,36000,1200.00,True,18000,17996,36000,40,0,1200,20400,0,0,-1,0.0000,-1
Yellow,6,bub,0,4,doc,Yellow,minnow,3,1,castle_destroyed,22131,737.70,True,7377,7374,14754,27,0,738,12546,0,0,-1,0.0000,564
Yellow,6,bub,0,4,doc,Yellow,minnow,5,1,castle_destroyed,5728,190.93,False,1146,1144,2292,16,0,191,3247,0,0,-1,0.0000,299
Yellow,6,bub,0,4,doc,Yellow,minnow,10,1,castle_destroyed,1935,64.50,False,194,193,388,8,0,65,1105,0,0,-1,0.0000,182
Yellow,6,bub,0,4,doc,Yellow,minnow,15,1,castle_destroyed,1395,46.50,False,93,93,186,5,0,47,799,0,0,-1,0.0000,155
Yellow,6,bub,0,4,doc,Yellow,minnow,20,1,castle_destroyed,1142,38.07,False,58,57,116,4,0,39,663,0,0,-1,0.0000,157
Yellow,6,bub,0,4,doc,Yellow,minnow,30,1,castle_destroyed,959,31.97,False,32,32,64,3,0,32,544,0,0,-1,0.0000,148
Yellow,6,bub,0,4,doc,Yellow,minnow,45,1,castle_destroyed,914,30.47,False,21,21,42,2,0,31,527,0,0,-1,0.0000,152
Yellow,6,bub,0,4,doc,Yellow,minnow,60,1,castle_destroyed,908,30.27,False,16,15,32,2,0,31,527,0,0,-1,0.0000,146
Yellow,6,bub,0,4,doc,Yellow,minnow,90,1,castle_destroyed,906,30.20,False,11,10,22,1,0,31,527,0,0,-1,0.0000,145
Yellow,6,bub,0,4,doc,Yellow,minnow,120,1,castle_destroyed,905,30.17,False,8,8,16,1,0,31,527,0,0,-1,0.0000,145
Yellow,6,bub,1,0,-,Yellow,minnow,0,1,castle_destroyed,5244,174.80,False,0,0,0,0,0,0,136,136,1,-1,1.0000,426
Yellow,6,bub,1,0,-,Yellow,minnow,1,1,force_destroyed,209,6.97,False,209,72,418,185,418,0,136,136,0,209,0.2659,-1
Yellow,6,bub,1,0,-,Yellow,minnow,2,1,force_destroyed,299,9.97,False,150,70,300,95,300,0,136,136,0,299,0.2682,-1
Yellow,6,bub,1,0,-,Yellow,minnow,3,1,force_destroyed,354,11.80,False,118,52,236,67,236,0,136,136,0,354,0.2682,-1
Yellow,6,bub,1,0,-,Yellow,minnow,5,1,force_destroyed,456,15.20,False,92,55,184,42,184,0,136,136,0,456,0.2729,-1
Yellow,6,bub,1,0,-,Yellow,minnow,10,1,force_destroyed,893,29.77,False,90,74,180,19,180,0,136,136,0,893,0.2912,-1
Yellow,6,bub,1,0,-,Yellow,minnow,15,1,force_destroyed,1257,41.90,False,84,74,168,14,168,0,136,136,0,1257,0.4306,-1
Yellow,6,bub,1,0,-,Yellow,minnow,20,1,force_destroyed,1588,52.93,False,80,74,160,9,160,0,136,136,0,1588,0.5441,-1
Yellow,6,bub,1,0,-,Yellow,minnow,30,1,force_destroyed,2126,70.87,False,71,68,142,6,142,0,136,136,0,2126,0.7129,-1
Yellow,6,bub,1,0,-,Yellow,minnow,45,1,force_destroyed,3541,118.03,False,79,78,158,4,158,0,136,136,0,3541,1.0000,-1
Yellow,6,bub,1,0,-,Yellow,minnow,60,1,force_destroyed,4531,151.03,False,76,75,152,3,152,0,136,136,0,4531,1.0000,-1
Yellow,6,bub,1,0,-,Yellow,minnow,90,1,force_destroyed,6947,231.57,False,78,77,156,2,156,0,136,136,0,6947,1.0000,625
Yellow,6,bub,1,0,-,Yellow,minnow,120,1,force_destroyed,9186,306.20,False,77,76,154,1,154,0,136,136,0,9186,1.0000,458
Yellow,6,bub,1,4,doc,Yellow,minnow,0,1,castle_destroyed,864,28.80,False,0,0,0,0,0,29,629,136,1,-1,1.0000,143
Yellow,6,bub,1,4,doc,Yellow,minnow,1,1,force_destroyed,593,19.77,False,554,479,1108,123,1108,19,459,136,0,554,0.3906,-1
Yellow,6,bub,1,4,doc,Yellow,minnow,2,1,castle_destroyed,3805,126.83,False,870,870,1740,40,1740,58,1122,136,0,1740,1.0000,741
Yellow,6,bub,1,4,doc,Yellow,minnow,3,1,castle_destroyed,3322,110.73,False,672,672,1344,27,1344,68,1292,136,0,2014,1.0000,564
Yellow,6,bub,1,4,doc,Yellow,minnow,5,1,castle_destroyed,3236,107.87,False,585,585,1170,16,1170,98,1802,136,0,2925,1.0000,299
Yellow,6,bub,1,4,doc,Yellow,minnow,10,1,castle_destroyed,1559,51.97,False,156,155,312,8,0,52,1020,136,1,-1,1.0000,182
Yellow,6,bub,1,4,doc,Yellow,minnow,15,1,castle_destroyed,1212,40.40,False,81,81,162,5,0,41,833,136,1,-1,1.0000,155
Yellow,6,bub,1,4,doc,Yellow,minnow,20,1,castle_destroyed,1044,34.80,False,53,52,106,4,0,35,731,136,1,-1,1.0000,157
Yellow,6,bub,1,4,doc,Yellow,minnow,30,1,castle_destroyed,903,30.10,False,31,30,62,3,0,31,663,136,1,-1,1.0000,148
Yellow,6,bub,1,4,doc,Yellow,minnow,45,1,castle_destroyed,869,28.97,False,20,20,40,2,0,29,629,136,1,-1,1.0000,152
Yellow,6,bub,1,4,doc,Yellow,minnow,60,1,castle_destroyed,867,28.90,False,15,15,30,2,0,29,629,136,1,-1,1.0000,146
Yellow,6,bub,1,4,doc,Yellow,minnow,90,1,castle_destroyed,864,28.80,False,10,10,20,1,0,29,629,136,1,-1,1.0000,145
Yellow,6,bub,1,4,doc,Yellow,minnow,120,1,castle_destroyed,864,28.80,False,8,8,16,1,0,29,629,136,1,-1,1.0000,145
Yellow,6,bub,2,0,-,Yellow,minnow,0,1,castle_destroyed,2835,94.50,False,0,0,0,0,0,0,272,272,2,-1,1.0000,426
Yellow,6,bub,2,0,-,Yellow,minnow,1,1,force_destroyed,331,11.03,False,331,169,662,162,662,0,272,272,0,331,0.2659,-1
Yellow,6,bub,2,0,-,Yellow,minnow,2,1,force_destroyed,434,14.47,False,217,122,434,95,434,0,272,272,0,434,0.2682,-1
Yellow,6,bub,2,0,-,Yellow,minnow,3,1,force_destroyed,529,17.63,False,177,122,354,68,354,0,272,272,0,529,0.2682,-1
Yellow,6,bub,2,0,-,Yellow,minnow,5,1,force_destroyed,528,17.60,False,106,78,212,42,212,0,272,272,0,528,0.2729,-1
Yellow,6,bub,2,0,-,Yellow,minnow,10,1,force_destroyed,1254,41.80,False,126,114,252,18,252,0,272,272,0,1254,0.3694,-1
Yellow,6,bub,2,0,-,Yellow,minnow,15,1,force_destroyed,2085,69.50,False,139,135,278,10,278,0,272,272,0,2085,0.7976,-1
Yellow,6,bub,2,0,-,Yellow,minnow,20,1,force_destroyed,2792,93.07,False,140,135,280,8,280,0,272,272,0,2792,1.0000,2243
Yellow,6,bub,2,0,-,Yellow,minnow,30,1,force_destroyed,3728,124.27,False,125,123,250,5,250,0,272,272,0,3728,1.0000,1479
Yellow,6,bub,2,0,-,Yellow,minnow,45,1,force_destroyed,5708,190.27,False,127,126,254,3,254,0,272,272,0,5708,1.0000,632
Yellow,6,bub,2,0,-,Yellow,minnow,60,1,force_destroyed,5713,190.43,False,96,94,192,3,192,0,272,272,0,5713,1.0000,821
Yellow,6,bub,2,0,-,Yellow,minnow,90,1,castle_destroyed,5069,168.97,False,57,57,114,2,0,0,272,272,2,-1,1.0000,625
Yellow,6,bub,2,0,-,Yellow,minnow,120,1,castle_destroyed,3926,130.87,False,33,33,66,1,0,0,272,272,2,-1,1.0000,456
Yellow,6,bub,2,4,doc,Yellow,minnow,0,1,castle_destroyed,828,27.60,False,0,0,0,0,0,28,748,272,2,-1,1.0000,143
Yellow,6,bub,2,4,doc,Yellow,minnow,1,1,force_destroyed,745,24.83,False,697,627,1394,117,1394,24,680,272,0,697,0.3906,-1
Yellow,6,bub,2,4,doc,Yellow,minnow,2,1,castle_destroyed,3431,114.37,False,876,876,1752,40,1752,59,1275,272,0,1752,1.0000,741
Yellow,6,bub,2,4,doc,Yellow,minnow,3,1,castle_destroyed,3150,105.00,False,684,684,1368,27,1368,69,1445,272,0,2050,1.0000,534
Yellow,6,bub,2,4,doc,Yellow,minnow,5,1,castle_destroyed,2754,91.80,False,551,549,1102,16,0,92,1836,272,2,-1,1.0000,299
Yellow,6,bub,2,4,doc,Yellow,minnow,10,1,castle_destroyed,1358,45.27,False,136,135,272,8,0,46,1054,272,2,-1,1.0000,182
Yellow,6,bub,2,4,doc,Yellow,minnow,15,1,castle_destroyed,1083,36.10,False,73,72,146,5,0,37,901,272,2,-1,1.0000,155
Yellow,6,bub,2,4,doc,Yellow,minnow,20,1,castle_destroyed,959,31.97,False,48,48,96,4,0,32,816,272,2,-1,1.0000,157
Yellow,6,bub,2,4,doc,Yellow,minnow,30,1,castle_destroyed,863,28.77,False,29,29,58,3,0,29,765,272,2,-1,1.0000,148
Yellow,6,bub,2,4,doc,Yellow,minnow,45,1,castle_destroyed,837,27.90,False,19,19,38,2,0,28,748,272,2,-1,1.0000,152
Yellow,6,bub,2,4,doc,Yellow,minnow,60,1,castle_destroyed,834,27.80,False,14,14,28,2,0,28,748,272,2,-1,1.0000,146
Yellow,6,bub,2,4,doc,Yellow,minnow,90,1,castle_destroyed,833,27.77,False,10,10,20,1,0,28,748,272,2,-1,1.0000,145
Yellow,6,bub,2,4,doc,Yellow,minnow,120,1,castle_destroyed,831,27.70,False,7,7,14,1,0,28,748,272,2,-1,1.0000,145
Yellow,6,bub,3,0,-,Yellow,minnow,0,1,castle_destroyed,2032,67.73,False,0,0,0,0,0,0,408,408,3,-1,1.0000,426
Yellow,6,bub,3,0,-,Yellow,minnow,1,1,force_destroyed,474,15.80,False,474,301,948,173,948,0,408,408,0,474,0.2659,-1
Yellow,6,bub,3,0,-,Yellow,minnow,2,1,force_destroyed,579,19.30,False,290,222,580,90,580,0,408,408,0,579,0.2682,-1
Yellow,6,bub,3,0,-,Yellow,minnow,3,1,force_destroyed,584,19.47,False,195,136,390,65,390,0,408,408,0,584,0.2753,-1
Yellow,6,bub,3,0,-,Yellow,minnow,5,1,force_destroyed,1141,38.03,False,229,198,458,35,458,0,408,408,0,1141,0.3918,-1
Yellow,6,bub,3,0,-,Yellow,minnow,10,1,force_destroyed,1793,59.77,False,180,172,360,17,360,0,408,408,0,1793,0.7835,-1
Yellow,6,bub,3,0,-,Yellow,minnow,15,1,force_destroyed,2597,86.57,False,174,169,348,10,348,0,408,408,0,2597,1.0000,2148
Yellow,6,bub,3,0,-,Yellow,minnow,20,1,force_destroyed,2977,99.23,False,149,146,298,8,298,0,408,408,0,2977,1.0000,1277
Yellow,6,bub,3,0,-,Yellow,minnow,30,1,force_destroyed,4374,145.80,False,146,145,292,5,292,0,408,408,0,4374,1.0000,698
Yellow,6,bub,3,0,-,Yellow,minnow,45,1,castle_destroyed,3922,130.73,False,88,87,176,3,0,0,408,408,3,-1,1.0000,492
Yellow,6,bub,3,0,-,Yellow,minnow,60,1,castle_destroyed,3383,112.77,False,57,57,114,3,0,0,408,408,3,-1,1.0000,519
Yellow,6,bub,3,0,-,Yellow,minnow,90,1,castle_destroyed,2696,89.87,False,30,30,60,2,0,0,408,408,3,-1,1.0000,486
Yellow,6,bub,3,0,-,Yellow,minnow,120,1,castle_destroyed,2483,82.77,False,21,21,42,1,0,0,408,408,3,-1,1.0000,456
Yellow,6,bub,3,4,doc,Yellow,minnow,0,1,castle_destroyed,801,26.70,False,0,0,0,0,0,27,867,408,3,-1,1.0000,143
Yellow,6,bub,3,4,doc,Yellow,minnow,1,1,force_destroyed,840,28.00,False,792,727,1584,110,1584,27,867,408,0,792,0.3906,-1
Yellow,6,bub,3,4,doc,Yellow,minnow,2,1,castle_destroyed,3376,112.53,False,865,865,1730,40,1730,58,1394,408,0,1730,1.0000,667
Yellow,6,bub,3,4,doc,Yellow,minnow,3,1,castle_destroyed,3229,107.63,False,697,697,1394,27,1394,70,1598,408,0,2089,1.0000,534
Yellow,6,bub,3,4,doc,Yellow,minnow,5,1,castle_destroyed,2133,71.10,False,427,425,854,16,0,72,1632,408,3,-1,1.0000,299
Yellow,6,bub,3,4,doc,Yellow,minnow,10,1,castle_destroyed,1216,40.53,False,122,121,244,8,0,41,1105,408,3,-1,1.0000,182
Yellow,6,bub,3,4,doc,Yellow,minnow,15,1,castle_destroyed,997,33.23,False,67,66,134,5,0,34,986,408,3,-1,1.0000,155
Yellow,6,bub,3,4,doc,Yellow,minnow,20,1,castle_destroyed,898,29.93,False,45,45,90,4,0,30,918,408,3,-1,1.0000,157
Yellow,6,bub,3,4,doc,Yellow,minnow,30,1,castle_destroyed,823,27.43,False,28,28,56,3,0,28,884,408,3,-1,1.0000,148
Yellow,6,bub,3,4,doc,Yellow,minnow,45,1,castle_destroyed,810,27.00,False,18,18,36,2,0,27,867,408,3,-1,1.0000,152
Yellow,6,bub,3,4,doc,Yellow,minnow,60,1,castle_destroyed,808,26.93,False,14,14,28,2,0,27,867,408,3,-1,1.0000,146
Yellow,6,bub,3,4,doc,Yellow,minnow,90,1,castle_destroyed,805,26.83,False,9,9,18,1,0,27,867,408,3,-1,1.0000,145
Yellow,6,bub,3,4,doc,Yellow,minnow,120,1,castle_destroyed,804,26.80,False,7,7,14,1,0,27,867,408,3,-1,1.0000,145
Yellow,6,bub,4,0,-,Yellow,minnow,0,1,castle_destroyed,1654,55.13,False,0,0,0,0,0,0,544,544,4,-1,1.0000,426
Yellow,6,bub,4,0,-,Yellow,minnow,1,1,force_destroyed,557,18.57,False,557,410,1114,165,1114,0,544,544,0,557,0.2659,-1
Yellow,6,bub,4,0,-,Yellow,minnow,2,1,force_destroyed,561,18.70,False,281,197,562,96,562,0,544,544,0,561,0.2682,-1
Yellow,6,bub,4,0,-,Yellow,minnow,3,1,force_destroyed,782,26.07,False,261,206,522,65,522,0,544,544,0,782,0.2941,-1
Yellow,6,bub,4,0,-,Yellow,minnow,5,1,force_destroyed,1256,41.87,False,252,228,504,34,504,0,544,544,0,1256,0.4235,-1
Yellow,6,bub,4,0,-,Yellow,minnow,10,1,force_destroyed,2268,75.60,False,227,222,454,16,454,0,544,544,0,2268,1.0000,1967
Yellow,6,bub,4,0,-,Yellow,minnow,15,1,force_destroyed,3046,101.53,False,204,200,408,10,408,0,544,544,0,3046,1.0000,1722
Yellow,6,bub,4,0,-,Yellow,minnow,20,1,force_destroyed,3780,126.00,False,189,189,378,8,378,0,544,544,0,3780,1.0000,919
Yellow,6,bub,4,0,-,Yellow,minnow,30,1,castle_destroyed,3211,107.03,False,108,107,216,5,0,0,544,544,4,-1,1.0000,528
Yellow,6,bub,4,0,-,Yellow,minnow,45,1,castle_destroyed,2572,85.73,False,58,57,116,3,0,0,544,544,4,-1,1.0000,492
Yellow,6,bub,4,0,-,Yellow,minnow,60,1,castle_destroyed,2268,75.60,False,38,38,76,3,0,0,544,544,4,-1,1.0000,516
Yellow,6,bub,4,0,-,Yellow,minnow,90,1,castle_destroyed,2049,68.30,False,23,23,46,2,0,0,544,544,4,-1,1.0000,486
Yellow,6,bub,4,0,-,Yellow,minnow,120,1,castle_destroyed,1873,62.43,False,16,16,32,1,0,0,544,544,4,-1,1.0000,456
Yellow,6,bub,4,4,doc,Yellow,minnow,0,1,castle_destroyed,780,26.00,False,0,0,0,0,0,26,986,544,4,-1,1.0000,143
Yellow,6,bub,4,4,doc,Yellow,minnow,1,1,force_destroyed,899,29.97,False,845,784,1690,110,1690,29,1037,544,0,845,0.3906,-1
Yellow,6,bub,4,4,doc,Yellow,minnow,2,1,castle_destroyed,3611,120.37,False,867,867,1734,40,1734,58,1530,544,0,1734,1.0000,795
Yellow,6,bub,4,4,doc,Yellow,minnow,3,1,castle_destroyed,2893,96.43,False,702,702,1404,27,1404,71,1751,544,0,2104,1.0000,534
Yellow,6,bub,4,4,doc,Yellow,minnow,5,1,castle_destroyed,1853,61.77,False,371,369,742,16,0,62,1598,544,4,-1,1.0000,299
Yellow,6,bub,4,4,doc,Yellow,minnow,10,1,castle_destroyed,1113,37.10,False,112,111,224,8,0,38,1190,544,4,-1,1.0000,182
Yellow,6,bub,4,4,doc,Yellow,minnow,15,1,castle_destroyed,937,31.23,False,63,62,126,5,0,32,1088,544,4,-1,1.0000,155
Yellow,6,bub,4,4,doc,Yellow,minnow,20,1,castle_destroyed,862,28.73,False,44,43,88,4,0,29,1037,544,4,-1,1.0000,157
Yellow,6,bub,4,4,doc,Yellow,minnow,30,1,castle_destroyed,799,26.63,False,27,27,54,3,0,27,1003,544,4,-1,1.0000,148
Yellow,6,bub,4,4,doc,Yellow,minnow,45,1,castle_destroyed,789,26.30,False,18,18,36,2,0,27,1003,544,4,-1,1.0000,152
Yellow,6,bub,4,4,doc,Yellow,minnow,60,1,castle_destroyed,786,26.20,False,14,13,28,2,0,27,1003,544,4,-1,1.0000,146
Yellow,6,bub,4,4,doc,Yellow,minnow,90,1,castle_destroyed,785,26.17,False,9,9,18,1,0,27,1003,544,4,-1,1.0000,145
Yellow,6,bub,4,4,doc,Yellow,minnow,120,1,castle_destroyed,784,26.13,False,7,7,14,1,0,27,1003,544,4,-1,1.0000,145
Yellow,6,bub,5,0,-,Yellow,minnow,0,1,castle_destroyed,1422,47.40,False,0,0,0,0,0,0,680,680,5,-1,1.0000,426
Yellow,6,bub,5,0,-,Yellow,minnow,1,1,force_destroyed,565,18.83,False,565,417,1130,177,1130,0,680,680,0,565,0.2659,-1
Yellow,6,bub,5,0,-,Yellow,minnow,2,1,force_destroyed,613,20.43,False,307,209,614,98,614,0,680,680,0,613,0.2682,-1
Yellow,6,bub,5,0,-,Yellow,minnow,3,1,force_destroyed,1113,37.10,False,371,329,742,49,742,0,680,680,0,1113,0.3812,-1
Yellow,6,bub,5,0,-,Yellow,minnow,5,1,force_destroyed,1259,41.97,False,252,226,504,34,504,0,680,680,0,1259,0.4494,-1
Yellow,6,bub,5,0,-,Yellow,minnow,10,1,force_destroyed,2782,92.73,False,279,272,558,16,558,0,680,680,0,2782,1.0000,2273
Yellow,6,bub,5,0,-,Yellow,minnow,15,1,force_destroyed,3593,119.77,False,240,236,480,10,480,0,680,680,0,3593,1.0000,1032
Yellow,6,bub,5,0,-,Yellow,minnow,20,1,castle_destroyed,2869,95.63,False,144,143,288,8,0,0,680,680,5,-1,1.0000,582
Yellow,6,bub,5,0,-,Yellow,minnow,30,1,castle_destroyed,2677,89.23,False,90,89,180,5,0,0,680,680,5,-1,1.0000,528
Yellow,6,bub,5,0,-,Yellow,minnow,45,1,castle_destroyed,2049,68.30,False,46,46,92,3,0,0,680,680,5,-1,1.0000,492
Yellow,6,bub,5,0,-,Yellow,minnow,60,1,castle_destroyed,1787,59.57,False,30,30,60,3,0,0,680,680,5,-1,1.0000,516
Yellow,6,bub,5,0,-,Yellow,minnow,90,1,castle_destroyed,1654,55.13,False,19,19,38,2,0,0,680,680,5,-1,1.0000,486
Yellow,6,bub,5,0,-,Yellow,minnow,120,1,castle_destroyed,1553,51.77,False,13,13,26,1,0,0,680,680,5,-1,1.0000,456
Yellow,6,bub,5,4,doc,Yellow,minnow,0,1,castle_destroyed,765,25.50,False,0,0,0,0,0,26,1122,680,5,-1,1.0000,143
Yellow,6,bub,5,4,doc,Yellow,minnow,1,1,force_destroyed,933,31.10,False,889,823,1778,110,1778,30,1190,680,0,889,0.3906,-1
Yellow,6,bub,5,4,doc,Yellow,minnow,2,1,castle_destroyed,3302,110.07,False,886,886,1772,40,1772,60,1700,680,0,1772,1.0000,661
Yellow,6,bub,5,4,doc,Yellow,minnow,3,1,castle_destroyed,2871,95.70,False,717,717,1434,27,1434,72,1904,680,0,2149,1.0000,534
Yellow,6,bub,5,4,doc,Yellow,minnow,5,1,castle_destroyed,1573,52.43,False,315,313,630,16,0,53,1581,680,5,-1,1.0000,299
Yellow,6,bub,5,4,doc,Yellow,minnow,10,1,castle_destroyed,1007,33.57,False,101,100,202,8,0,34,1258,680,5,-1,1.0000,182
Yellow,6,bub,5,4,doc,Yellow,minnow,15,1,castle_destroyed,893,29.77,False,60,59,120,5,0,30,1190,680,5,-1,1.0000,155
Yellow,6,bub,5,4,doc,Yellow,minnow,20,1,castle_destroyed,824,27.47,False,42,41,84,4,0,28,1156,680,5,-1,1.0000,157
Yellow,6,bub,5,4,doc,Yellow,minnow,30,1,castle_destroyed,778,25.93,False,26,26,52,3,0,26,1122,680,5,-1,1.0000,148
Yellow,6,bub,5,4,doc,Yellow,minnow,45,1,castle_destroyed,767,25.57,False,18,17,36,2,0,26,1122,680,5,-1,1.0000,152
Yellow,6,bub,5,4,doc,Yellow,minnow,60,1,castle_destroyed,765,25.50,False,13,13,26,2,0,26,1122,680,5,-1,1.0000,146
Yellow,6,bub,5,4,doc,Yellow,minnow,90,1,castle_destroyed,765,25.50,False,9,9,18,1,0,26,1122,680,5,-1,1.0000,145
Yellow,6,bub,5,4,doc,Yellow,minnow,120,1,castle_destroyed,765,25.50,False,7,7,14,1,0,26,1122,680,5,-1,1.0000,145
Yellow,7,deus,0,4,doc,Yellow,minnow,0,1,castle_destroyed,901,30.03,False,0,0,0,0,0,31,527,0,0,-1,0.0000,143
Yellow,7,deus,0,4,doc,Yellow,minnow,1,1,survived_horizon,36000,1200.00,True,36000,35852,72000,157,0,1200,20400,0,0,-1,0.0000,-1
Yellow,7,deus,0,4,doc,Yellow,minnow,2,1,survived_horizon,36000,1200.00,True,18000,17996,36000,40,0,1200,20400,0,0,-1,0.0000,-1
Yellow,7,deus,0,4,doc,Yellow,minnow,3,1,castle_destroyed,22131,737.70,True,7377,7374,14754,27,0,738,12546,0,0,-1,0.0000,564
Yellow,7,deus,0,4,doc,Yellow,minnow,5,1,castle_destroyed,5728,190.93,False,1146,1144,2292,16,0,191,3247,0,0,-1,0.0000,299
Yellow,7,deus,0,4,doc,Yellow,minnow,10,1,castle_destroyed,1935,64.50,False,194,193,388,8,0,65,1105,0,0,-1,0.0000,182
Yellow,7,deus,0,4,doc,Yellow,minnow,15,1,castle_destroyed,1395,46.50,False,93,93,186,5,0,47,799,0,0,-1,0.0000,155
Yellow,7,deus,0,4,doc,Yellow,minnow,20,1,castle_destroyed,1142,38.07,False,58,57,116,4,0,39,663,0,0,-1,0.0000,157
Yellow,7,deus,0,4,doc,Yellow,minnow,30,1,castle_destroyed,959,31.97,False,32,32,64,3,0,32,544,0,0,-1,0.0000,148
Yellow,7,deus,0,4,doc,Yellow,minnow,45,1,castle_destroyed,914,30.47,False,21,21,42,2,0,31,527,0,0,-1,0.0000,152
Yellow,7,deus,0,4,doc,Yellow,minnow,60,1,castle_destroyed,908,30.27,False,16,15,32,2,0,31,527,0,0,-1,0.0000,146
Yellow,7,deus,0,4,doc,Yellow,minnow,90,1,castle_destroyed,906,30.20,False,11,10,22,1,0,31,527,0,0,-1,0.0000,145
Yellow,7,deus,0,4,doc,Yellow,minnow,120,1,castle_destroyed,905,30.17,False,8,8,16,1,0,31,527,0,0,-1,0.0000,145
Yellow,7,deus,1,0,-,Yellow,minnow,0,1,castle_destroyed,930,31.00,False,0,0,0,0,0,0,1281,1281,1,-1,1.0000,426
Yellow,7,deus,1,0,-,Yellow,minnow,1,1,force_destroyed,1697,56.57,False,1697,1542,3394,229,3394,0,1281,1281,0,1697,0.2659,-1
Yellow,7,deus,1,0,-,Yellow,minnow,2,1,force_destroyed,1900,63.33,False,950,874,1900,117,1900,0,1281,1281,0,1900,0.2682,-1
Yellow,7,deus,1,0,-,Yellow,minnow,3,1,force_destroyed,2477,82.57,False,826,766,1652,68,1652,0,1281,1281,0,2477,0.2706,-1
Yellow,7,deus,1,0,-,Yellow,minnow,5,1,force_destroyed,3549,118.30,False,710,683,1420,35,1420,0,1281,1281,0,3549,0.2753,-1
Yellow,7,deus,1,0,-,Yellow,minnow,10,1,force_destroyed,5880,196.00,False,588,585,1176,17,1176,0,1281,1281,0,5880,0.8188,-1
Yellow,7,deus,1,0,-,Yellow,minnow,15,1,force_destroyed,10037,334.57,False,670,668,1340,10,1340,0,1281,1281,0,10037,1.0000,-1
Yellow,7,deus,1,0,-,Yellow,minnow,20,1,force_destroyed,11898,396.60,False,595,592,1190,8,1190,0,1281,1281,0,11898,1.0000,-1
Yellow,7,deus,1,0,-,Yellow,minnow,30,1,force_destroyed,19729,657.63,True,658,656,1316,5,1316,0,1281,1281,0,19729,1.0000,-1
Yellow,7,deus,1,0,-,Yellow,minnow,45,1,castle_destroyed,9863,328.77,False,220,219,440,3,0,0,1281,1281,1,-1,1.0000,1359
Yellow,7,deus,1,0,-,Yellow,minnow,60,1,castle_destroyed,2164,72.13,False,37,36,74,2,0,0,1281,1281,1,-1,1.0000,473
Yellow,7,deus,1,0,-,Yellow,minnow,90,1,castle_destroyed,1355,45.17,False,16,15,32,2,0,0,1281,1281,1,-1,1.0000,431
Yellow,7,deus,1,0,-,Yellow,minnow,120,1,castle_destroyed,1186,39.53,False,10,10,20,1,0,0,1281,1281,1,-1,1.0000,430
Yellow,7,deus,1,4,doc,Yellow,minnow,0,1,castle_destroyed,678,22.60,False,0,0,0,0,0,23,1672,1281,1,-1,1.0000,143
Yellow,7,deus,1,4,doc,Yellow,minnow,1,1,force_destroyed,2728,90.93,False,2728,2582,5456,157,5456,91,2828,1281,0,2728,0.3906,-1
Yellow,7,deus,1,4,doc,Yellow,minnow,2,1,castle_destroyed,8591,286.37,False,3446,3446,6892,40,6892,230,5191,1281,0,6892,1.0000,713
Yellow,7,deus,1,4,doc,Yellow,minnow,3,1,castle_destroyed,10087,336.23,False,3060,3060,6120,27,6120,306,6483,1281,0,9178,1.0000,534
Yellow,7,deus,1,4,doc,Yellow,minnow,5,1,castle_destroyed,972,32.40,False,195,193,390,16,0,33,1842,1281,1,-1,1.0000,299
Yellow,7,deus,1,4,doc,Yellow,minnow,10,1,castle_destroyed,846,28.20,False,85,84,170,8,0,29,1774,1281,1,-1,1.0000,182
Yellow,7,deus,1,4,doc,Yellow,minnow,15,1,castle_destroyed,720,24.00,False,48,48,96,5,0,24,1689,1281,1,-1,1.0000,155
Yellow,7,deus,1,4,doc,Yellow,minnow,20,1,castle_destroyed,720,24.00,False,36,36,72,4,0,24,1689,1281,1,-1,1.0000,157
Yellow,7,deus,1,4,doc,Yellow,minnow,30,1,castle_destroyed,678,22.60,False,23,23,46,3,0,23,1672,1281,1,-1,1.0000,148
Yellow,7,deus,1,4,doc,Yellow,minnow,45,1,castle_destroyed,678,22.60,False,16,15,32,2,0,23,1672,1281,1,-1,1.0000,152
Yellow,7,deus,1,4,doc,Yellow,minnow,60,1,castle_destroyed,678,22.60,False,12,12,24,2,0,23,1672,1281,1,-1,1.0000,146
Yellow,7,deus,1,4,doc,Yellow,minnow,90,1,castle_destroyed,678,22.60,False,8,8,16,1,0,23,1672,1281,1,-1,1.0000,145
Yellow,7,deus,1,4,doc,Yellow,minnow,120,1,castle_destroyed,678,22.60,False,6,6,12,1,0,23,1672,1281,1,-1,1.0000,145
Yellow,7,deus,2,0,-,Yellow,minnow,0,1,castle_destroyed,678,22.60,False,0,0,0,0,0,0,2562,2562,2,-1,1.0000,426
Yellow,7,deus,2,0,-,Yellow,minnow,1,1,force_destroyed,2154,71.80,False,2154,2012,4308,234,4308,0,2562,2562,0,2154,0.2659,-1
Yellow,7,deus,2,0,-,Yellow,minnow,2,1,force_destroyed,2522,84.07,False,1261,1175,2522,115,2522,0,2562,2562,0,2522,0.2682,-1
Yellow,7,deus,2,0,-,Yellow,minnow,3,1,force_destroyed,3664,122.13,False,1222,1169,2444,66,2444,0,2562,2562,0,3664,0.2706,-1
Yellow,7,deus,2,0,-,Yellow,minnow,5,1,force_destroyed,5821,194.03,False,1165,1156,2330,33,2330,0,2562,2562,0,5821,0.9247,-1
Yellow,7,deus,2,0,-,Yellow,minnow,10,1,castle_destroyed,9675,322.50,False,968,967,1936,15,0,0,2562,2562,2,-1,1.0000,2255
Yellow,7,deus,2,0,-,Yellow,minnow,15,1,castle_destroyed,3167,105.57,False,212,211,424,10,0,0,2562,2562,2,-1,1.0000,2123
Yellow,7,deus,2,0,-,Yellow,minnow,20,1,castle_destroyed,3362,112.07,False,169,168,338,7,0,0,2562,2562,2,-1,1.0000,1325
Yellow,7,deus,2,0,-,Yellow,minnow,30,1,castle_destroyed,1317,43.90,False,44,44,88,5,0,0,2562,2562,2,-1,1.0000,484
Yellow,7,deus,2,0,-,Yellow,minnow,45,1,castle_destroyed,931,31.03,False,21,21,42,3,0,0,2562,2562,2,-1,1.0000,469
Yellow,7,deus,2,0,-,Yellow,minnow,60,1,castle_destroyed,834,27.80,False,14,14,28,2,0,0,2562,2562,2,-1,1.0000,456
Yellow,7,deus,2,0,-,Yellow,minnow,90,1,castle_destroyed,767,25.57,False,9,9,18,2,0,0,2562,2562,2,-1,1.0000,431
Yellow,7,deus,2,0,-,Yellow,minnow,120,1,castle_destroyed,724,24.13,False,7,6,14,1,0,0,2562,2562,2,-1,1.0000,430
Yellow,7,deus,2,4,doc,Yellow,minnow,0,1,castle_destroyed,582,19.40,False,0,0,0,0,0,20,2902,2562,2,-1,1.0000,143
Yellow,7,deus,2,4,doc,Yellow,minnow,1,1,force_destroyed,3087,102.90,False,3076,2942,6152,157,6152,103,4313,2562,0,3076,0.3906,-1
Yellow,7,deus,2,4,doc,Yellow,minnow,2,1,castle_destroyed,8530,284.33,False,3430,3430,6860,40,6860,229,6455,2562,0,6860,1.0000,833
Yellow,7,deus,2,4,doc,Yellow,minnow,3,1,castle_destroyed,1356,45.20,False,452,449,904,27,0,46,3344,2562,2,-1,1.0000,516
Yellow,7,deus,2,4,doc,Yellow,minnow,5,1,castle_destroyed,708,23.60,False,142,140,284,16,0,24,2970,2562,2,-1,1.0000,299
Yellow,7,deus,2,4,doc,Yellow,minnow,10,1,castle_destroyed,666,22.20,False,67,66,134,8,0,23,2953,2562,2,-1,1.0000,182
Yellow,7,deus,2,4,doc,Yellow,minnow,15,1,castle_destroyed,594,19.80,False,40,39,80,5,0,20,2902,2562,2,-1,1.0000,155
Yellow,7,deus,2,4,doc,Yellow,minnow,20,1,castle_destroyed,615,20.50,False,31,31,62,4,0,21,2919,2562,2,-1,1.0000,157
Yellow,7,deus,2,4,doc,Yellow,minnow,30,1,castle_destroyed,593,19.77,False,20,20,40,3,0,20,2902,2562,2,-1,1.0000,148
Yellow,7,deus,2,4,doc,Yellow,minnow,45,1,castle_destroyed,589,19.63,False,14,13,28,2,0,20,2902,2562,2,-1,1.0000,152
Yellow,7,deus,2,4,doc,Yellow,minnow,60,1,castle_destroyed,587,19.57,False,10,10,20,2,0,20,2902,2562,2,-1,1.0000,146
Yellow,7,deus,2,4,doc,Yellow,minnow,90,1,castle_destroyed,586,19.53,False,7,7,14,1,0,20,2902,2562,2,-1,1.0000,145
Yellow,7,deus,2,4,doc,Yellow,minnow,120,1,castle_destroyed,584,19.47,False,5,5,10,1,0,20,2902,2562,2,-1,1.0000,145
Yellow,7,deus,3,0,-,Yellow,minnow,0,1,castle_destroyed,612,20.40,False,0,0,0,0,0,0,3843,3843,3,-1,1.0000,426
Yellow,7,deus,3,0,-,Yellow,minnow,1,1,force_destroyed,1882,62.73,False,1882,1727,3764,211,3764,0,3843,3843,0,1882,0.2659,-1
Yellow,7,deus,3,0,-,Yellow,minnow,2,1,force_destroyed,2925,97.50,False,1463,1384,2926,114,2926,0,3843,3843,0,2925,0.2682,-1
Yellow,7,deus,3,0,-,Yellow,minnow,3,1,force_destroyed,4725,157.50,False,1575,1550,3150,50,3150,0,3843,3843,0,4725,0.6024,-1
Yellow,7,deus,3,0,-,Yellow,minnow,5,1,force_destroyed,6981,232.70,False,1397,1394,2794,30,2794,0,3843,3843,0,6981,1.0000,-1
Yellow,7,deus,3,0,-,Yellow,minnow,10,1,castle_destroyed,2489,82.97,False,249,248,498,14,0,0,3843,3843,3,-1,1.0000,1373
Yellow,7,deus,3,0,-,Yellow,minnow,15,1,castle_destroyed,1830,61.00,False,122,122,244,10,0,0,3843,3843,3,-1,1.0000,1103
Yellow,7,deus,3,0,-,Yellow,minnow,20,1,castle_destroyed,973,32.43,False,49,49,98,7,0,0,3843,3843,3,-1,1.0000,522
Yellow,7,deus,3,0,-,Yellow,minnow,30,1,castle_destroyed,780,26.00,False,26,26,52,5,0,0,3843,3843,3,-1,1.0000,484
Yellow,7,deus,3,0,-,Yellow,minnow,45,1,castle_destroyed,713,23.77,False,16,16,32,3,0,0,3843,3843,3,-1,1.0000,469
Yellow,7,deus,3,0,-,Yellow,minnow,60,1,castle_destroyed,666,22.20,False,12,11,24,2,0,0,3843,3843,3,-1,1.0000,456
Yellow,7,deus,3,0,-,Yellow,minnow,90,1,castle_destroyed,654,21.80,False,8,8,16,2,0,0,3843,3843,3,-1,1.0000,431
Yellow,7,deus,3,0,-,Yellow,minnow,120,1,castle_destroyed,640,21.33,False,6,6,12,1,0,0,3843,3843,3,-1,1.0000,430
Yellow,7,deus,3,4,doc,Yellow,minnow,0,1,castle_destroyed,552,18.40,False,0,0,0,0,0,19,4166,3843,3,-1,1.0000,143
Yellow,7,deus,3,4,doc,Yellow,minnow,1,1,force_destroyed,3252,108.40,False,3234,3127,6468,135,6468,108,5679,3843,0,3234,0.3906,-1
Yellow,7,deus,3,4,doc,Yellow,minnow,2,1,castle_destroyed,3749,124.97,False,1875,1870,3750,40,0,125,5968,3843,3,-1,1.0000,667
Yellow,7,deus,3,4,doc,Yellow,minnow,3,1,castle_destroyed,1356,45.20,False,452,449,904,27,0,46,4625,3843,3,-1,1.0000,516
Yellow,7,deus,3,4,doc,Yellow,minnow,5,1,castle_destroyed,636,21.20,False,128,126,256,16,0,22,4217,3843,3,-1,1.0000,299
Yellow,7,deus,3,4,doc,Yellow,minnow,10,1,castle_destroyed,612,20.40,False,62,61,124,8,0,21,4200,3843,3,-1,1.0000,182
Yellow,7,deus,3,4,doc,Yellow,minnow,15,1,castle_destroyed,570,19.00,False,38,38,76,5,0,19,4166,3843,3,-1,1.0000,155
Yellow,7,deus,3,4,doc,Yellow,minnow,20,1,castle_destroyed,582,19.40,False,30,29,60,4,0,20,4183,3843,3,-1,1.0000,157
Yellow,7,deus,3,4,doc,Yellow,minnow,30,1,castle_destroyed,552,18.40,False,19,19,38,3,0,19,4166,3843,3,-1,1.0000,148
Yellow,7,deus,3,4,doc,Yellow,minnow,45,1,castle_destroyed,552,18.40,False,13,13,26,2,0,19,4166,3843,3,-1,1.0000,152
Yellow,7,deus,3,4,doc,Yellow,minnow,60,1,castle_destroyed,552,18.40,False,10,10,20,2,0,19,4166,3843,3,-1,1.0000,146
Yellow,7,deus,3,4,doc,Yellow,minnow,90,1,castle_destroyed,552,18.40,False,7,7,14,1,0,19,4166,3843,3,-1,1.0000,145
Yellow,7,deus,3,4,doc,Yellow,minnow,120,1,castle_destroyed,552,18.40,False,5,5,10,1,0,19,4166,3843,3,-1,1.0000,145
Yellow,7,deus,4,0,-,Yellow,minnow,0,1,castle_destroyed,582,19.40,False,0,0,0,0,0,0,5124,5124,4,-1,1.0000,426
Yellow,7,deus,4,0,-,Yellow,minnow,1,1,force_destroyed,2227,74.23,False,2227,2065,4454,211,4454,0,5124,5124,0,2227,0.2659,-1
Yellow,7,deus,4,0,-,Yellow,minnow,2,1,force_destroyed,3133,104.43,False,1567,1485,3134,89,3134,0,5124,5124,0,3133,0.2753,-1
Yellow,7,deus,4,0,-,Yellow,minnow,3,1,force_destroyed,4632,154.40,False,1544,1513,3088,49,3088,0,5124,5124,0,4632,0.6541,-1
Yellow,7,deus,4,0,-,Yellow,minnow,5,1,force_destroyed,6217,207.23,False,1244,1235,2488,29,2488,0,5124,5124,0,6217,1.0000,2634
Yellow,7,deus,4,0,-,Yellow,minnow,10,1,castle_destroyed,1637,54.57,False,164,163,328,14,0,0,5124,5124,4,-1,1.0000,1038
Yellow,7,deus,4,0,-,Yellow,minnow,15,1,castle_destroyed,893,29.77,False,60,59,120,10,0,0,5124,5124,4,-1,1.0000,639
Yellow,7,deus,4,0,-,Yellow,minnow,20,1,castle_destroyed,787,26.23,False,40,39,80,7,0,0,5124,5124,4,-1,1.0000,516
Yellow,7,deus,4,0,-,Yellow,minnow,30,1,castle_destroyed,684,22.80,False,23,23,46,5,0,0,5124,5124,4,-1,1.0000,484
Yellow,7,deus,4,0,-,Yellow,minnow,45,1,castle_destroyed,637,21.23,False,15,14,30,3,0,0,5124,5124,4,-1,1.0000,469
Yellow,7,deus,4,0,-,Yellow,minnow,60,1,castle_destroyed,624,20.80,False,11,11,22,2,0,0,5124,5124,4,-1,1.0000,456
Yellow,7,deus,4,0,-,Yellow,minnow,90,1,castle_destroyed,600,20.00,False,7,7,14,2,0,0,5124,5124,4,-1,1.0000,431
Yellow,7,deus,4,0,-,Yellow,minnow,120,1,castle_destroyed,598,19.93,False,5,5,10,1,0,0,5124,5124,4,-1,1.0000,430
Yellow,7,deus,4,4,doc,Yellow,minnow,0,1,castle_destroyed,540,18.00,False,0,0,0,0,0,18,5430,5124,4,-1,1.0000,143
Yellow,7,deus,4,4,doc,Yellow,minnow,1,1,force_destroyed,3500,116.67,False,3468,3384,6936,122,6936,116,7096,5124,0,3468,0.3906,-1
Yellow,7,deus,4,4,doc,Yellow,minnow,2,1,castle_destroyed,2191,73.03,False,1096,1091,2192,40,0,74,6382,5124,4,-1,1.0000,653
Yellow,7,deus,4,4,doc,Yellow,minnow,3,1,castle_destroyed,875,29.17,False,292,289,584,27,0,30,5634,5124,4,-1,1.0000,516
Yellow,7,deus,4,4,doc,Yellow,minnow,5,1,castle_destroyed,612,20.40,False,123,121,246,16,0,21,5481,5124,4,-1,1.0000,299
Yellow,7,deus,4,4,doc,Yellow,minnow,10,1,castle_destroyed,582,19.40,False,59,58,118,8,0,20,5464,5124,4,-1,1.0000,182
Yellow,7,deus,4,4,doc,Yellow,minnow,15,1,castle_destroyed,552,18.40,False,37,37,74,5,0,19,5447,5124,4,-1,1.0000,155
Yellow,7,deus,4,4,doc,Yellow,minnow,20,1,castle_destroyed,552,18.40,False,28,28,56,4,0,19,5447,5124,4,-1,1.0000,157
Yellow,7,deus,4,4,doc,Yellow,minnow,30,1,castle_destroyed,540,18.00,False,18,18,36,3,0,18,5430,5124,4,-1,1.0000,148
Yellow,7,deus,4,4,doc,Yellow,minnow,45,1,castle_destroyed,540,18.00,False,12,12,24,2,0,18,5430,5124,4,-1,1.0000,152
Yellow,7,deus,4,4,doc,Yellow,minnow,60,1,castle_destroyed,540,18.00,False,9,9,18,2,0,18,5430,5124,4,-1,1.0000,146
Yellow,7,deus,4,4,doc,Yellow,minnow,90,1,castle_destroyed,540,18.00,False,6,6,12,1,0,18,5430,5124,4,-1,1.0000,145
Yellow,7,deus,4,4,doc,Yellow,minnow,120,1,castle_destroyed,540,18.00,False,5,5,10,1,0,18,5430,5124,4,-1,1.0000,145
Yellow,7,deus,5,0,-,Yellow,minnow,0,1,castle_destroyed,570,19.00,False,0,0,0,0,0,0,6405,6405,5,-1,1.0000,426
Yellow,7,deus,5,0,-,Yellow,minnow,1,1,force_destroyed,2386,79.53,False,2386,2220,4772,229,4772,0,6405,6405,0,2386,0.2659,-1
Yellow,7,deus,5,0,-,Yellow,minnow,2,1,force_destroyed,2988,99.60,False,1494,1423,2988,117,2988,0,6405,6405,0,2988,0.2706,-1
Yellow,7,deus,5,0,-,Yellow,minnow,3,1,force_destroyed,4515,150.50,False,1505,1475,3010,47,3010,0,6405,6405,0,4515,0.6282,-1
Yellow,7,deus,5,0,-,Yellow,minnow,5,1,castle_destroyed,3847,128.23,False,770,768,1540,29,0,0,6405,6405,5,-1,1.0000,1788
Yellow,7,deus,5,0,-,Yellow,minnow,10,1,castle_destroyed,1309,43.63,False,131,130,262,14,0,0,6405,6405,5,-1,1.0000,866
Yellow,7,deus,5,0,-,Yellow,minnow,15,1,castle_destroyed,852,28.40,False,57,57,114,10,0,0,6405,6405,5,-1,1.0000,639
Yellow,7,deus,5,0,-,Yellow,minnow,20,1,castle_destroyed,684,22.80,False,35,34,70,7,0,0,6405,6405,5,-1,1.0000,516
Yellow,7,deus,5,0,-,Yellow,minnow,30,1,castle_destroyed,633,21.10,False,22,21,44,5,0,0,6405,6405,5,-1,1.0000,484
Yellow,7,deus,5,0,-,Yellow,minnow,45,1,castle_destroyed,612,20.40,False,14,14,28,3,0,0,6405,6405,5,-1,1.0000,469
Yellow,7,deus,5,0,-,Yellow,minnow,60,1,castle_destroyed,599,19.97,False,10,10,20,2,0,0,6405,6405,5,-1,1.0000,456
Yellow,7,deus,5,0,-,Yellow,minnow,90,1,castle_destroyed,588,19.60,False,7,7,14,2,0,0,6405,6405,5,-1,1.0000,431
Yellow,7,deus,5,0,-,Yellow,minnow,120,1,castle_destroyed,582,19.40,False,5,5,10,1,0,0,6405,6405,5,-1,1.0000,430
Yellow,7,deus,5,4,doc,Yellow,minnow,0,1,castle_destroyed,540,18.00,False,0,0,0,0,0,18,6711,6405,5,-1,1.0000,143
Yellow,7,deus,5,4,doc,Yellow,minnow,1,1,force_destroyed,3561,118.70,False,3522,3445,7044,124,7044,118,8411,6405,0,3522,0.3906,-1
Yellow,7,deus,5,4,doc,Yellow,minnow,2,1,castle_destroyed,3301,110.03,False,1651,1646,3302,40,0,111,8292,6405,5,-1,1.0000,653
Yellow,7,deus,5,4,doc,Yellow,minnow,3,1,castle_destroyed,833,27.77,False,278,275,556,27,0,28,6881,6405,5,-1,1.0000,516
Yellow,7,deus,5,4,doc,Yellow,minnow,5,1,castle_destroyed,588,19.60,False,118,116,236,16,0,20,6745,6405,5,-1,1.0000,299
Yellow,7,deus,5,4,doc,Yellow,minnow,10,1,castle_destroyed,579,19.30,False,58,57,116,8,0,20,6745,6405,5,-1,1.0000,182
Yellow,7,deus,5,4,doc,Yellow,minnow,15,1,castle_destroyed,546,18.20,False,37,36,74,5,0,19,6728,6405,5,-1,1.0000,155
Yellow,7,deus,5,4,doc,Yellow,minnow,20,1,castle_destroyed,548,18.27,False,28,27,56,4,0,19,6728,6405,5,-1,1.0000,157
Yellow,7,deus,5,4,doc,Yellow,minnow,30,1,castle_destroyed,540,18.00,False,18,18,36,3,0,18,6711,6405,5,-1,1.0000,148
Yellow,7,deus,5,4,doc,Yellow,minnow,45,1,castle_destroyed,540,18.00,False,12,12,24,2,0,18,6711,6405,5,-1,1.0000,152
Yellow,7,deus,5,4,doc,Yellow,minnow,60,1,castle_destroyed,540,18.00,False,9,9,18,2,0,18,6711,6405,5,-1,1.0000,146
Yellow,7,deus,5,4,doc,Yellow,minnow,90,1,castle_destroyed,540,18.00,False,6,6,12,1,0,18,6711,6405,5,-1,1.0000,145
Yellow,7,deus,5,4,doc,Yellow,minnow,120,1,castle_destroyed,540,18.00,False,5,5,10,1,0,18,6711,6405,5,-1,1.0000,145
Yellow,8,lyon,0,4,doc,Yellow,minnow,0,1,castle_destroyed,901,30.03,False,0,0,0,0,0,31,527,0,0,-1,0.0000,143
Yellow,8,lyon,0,4,doc,Yellow,minnow,1,1,survived_horizon,36000,1200.00,True,36000,35852,72000,157,0,1200,20400,0,0,-1,0.0000,-1
Yellow,8,lyon,0,4,doc,Yellow,minnow,2,1,survived_horizon,36000,1200.00,True,18000,17996,36000,40,0,1200,20400,0,0,-1,0.0000,-1
Yellow,8,lyon,0,4,doc,Yellow,minnow,3,1,castle_destroyed,22131,737.70,True,7377,7374,14754,27,0,738,12546,0,0,-1,0.0000,564
Yellow,8,lyon,0,4,doc,Yellow,minnow,5,1,castle_destroyed,5728,190.93,False,1146,1144,2292,16,0,191,3247,0,0,-1,0.0000,299
Yellow,8,lyon,0,4,doc,Yellow,minnow,10,1,castle_destroyed,1935,64.50,False,194,193,388,8,0,65,1105,0,0,-1,0.0000,182
Yellow,8,lyon,0,4,doc,Yellow,minnow,15,1,castle_destroyed,1395,46.50,False,93,93,186,5,0,47,799,0,0,-1,0.0000,155
Yellow,8,lyon,0,4,doc,Yellow,minnow,20,1,castle_destroyed,1142,38.07,False,58,57,116,4,0,39,663,0,0,-1,0.0000,157
Yellow,8,lyon,0,4,doc,Yellow,minnow,30,1,castle_destroyed,959,31.97,False,32,32,64,3,0,32,544,0,0,-1,0.0000,148
Yellow,8,lyon,0,4,doc,Yellow,minnow,45,1,castle_destroyed,914,30.47,False,21,21,42,2,0,31,527,0,0,-1,0.0000,152
Yellow,8,lyon,0,4,doc,Yellow,minnow,60,1,castle_destroyed,908,30.27,False,16,15,32,2,0,31,527,0,0,-1,0.0000,146
Yellow,8,lyon,0,4,doc,Yellow,minnow,90,1,castle_destroyed,906,30.20,False,11,10,22,1,0,31,527,0,0,-1,0.0000,145
Yellow,8,lyon,0,4,doc,Yellow,minnow,120,1,castle_destroyed,905,30.17,False,8,8,16,1,0,31,527,0,0,-1,0.0000,145
Yellow,8,lyon,1,0,-,Yellow,minnow,0,1,castle_destroyed,1001,33.37,False,0,0,0,0,0,0,13272,13272,1,-1,1.0000,851
Yellow,8,lyon,1,0,-,Yellow,minnow,1,1,force_destroyed,1865,62.17,False,1865,1651,3730,278,3730,0,13272,13272,0,1865,0.1518,-1
Yellow,8,lyon,1,0,-,Yellow,minnow,2,1,force_destroyed,3540,118.00,False,1770,1651,3540,139,3540,0,13272,13272,0,3540,0.1553,-1
Yellow,8,lyon,1,0,-,Yellow,minnow,3,1,force_destroyed,5203,173.43,False,1735,1651,3470,92,3470,0,13272,13272,0,5203,0.1624,-1
Yellow,8,lyon,1,0,-,Yellow,minnow,5,1,force_destroyed,8485,282.83,False,1697,1651,3394,55,3394,0,13272,13272,0,8485,0.1765,-1
Yellow,8,lyon,1,0,-,Yellow,minnow,10,1,force_destroyed,16305,543.50,False,1631,1606,3262,27,3262,0,13272,13272,0,16305,0.2118,-1
Yellow,8,lyon,1,0,-,Yellow,minnow,15,1,force_destroyed,23567,785.57,True,1572,1561,3144,18,3144,0,13272,13272,0,23567,0.2471,-1
Yellow,8,lyon,1,0,-,Yellow,minnow,20,1,force_destroyed,35213,1173.77,True,1761,1754,3522,14,3522,0,13272,13272,0,35213,1.0000,-1
Yellow,8,lyon,1,0,-,Yellow,minnow,30,1,survived_horizon,36000,1200.00,True,1200,1196,2400,9,0,0,13272,13272,1,-1,0.3529,-1
Yellow,8,lyon,1,0,-,Yellow,minnow,45,1,survived_horizon,36000,1200.00,True,800,800,1600,6,0,0,13272,13272,1,-1,1.0000,-1
Yellow,8,lyon,1,0,-,Yellow,minnow,60,1,survived_horizon,36000,1200.00,True,600,600,1200,5,0,0,13272,13272,1,-1,1.0000,-1
Yellow,8,lyon,1,0,-,Yellow,minnow,90,1,survived_horizon,36000,1200.00,True,400,400,800,3,0,0,13272,13272,1,-1,1.0000,-1
Yellow,8,lyon,1,0,-,Yellow,minnow,120,1,survived_horizon,36000,1200.00,True,300,300,600,2,0,0,13272,13272,1,-1,1.0000,-1
Yellow,8,lyon,1,4,doc,Yellow,minnow,0,1,castle_destroyed,851,28.37,False,0,0,0,0,0,29,13765,13272,1,-1,1.0000,143
Yellow,8,lyon,1,4,doc,Yellow,minnow,1,1,force_destroyed,14360,478.67,False,14325,14241,28650,126,28650,478,21398,13272,0,14325,0.2753,-1
Yellow,8,lyon,1,4,doc,Yellow,minnow,2,1,survived_horizon,36000,1200.00,True,18000,17996,36000,40,0,1200,33672,13272,1,-1,1.0000,-1
Yellow,8,lyon,1,4,doc,Yellow,minnow,3,1,castle_destroyed,20190,673.00,True,6730,6727,13460,27,0,673,24713,13272,1,-1,1.0000,564
Yellow,8,lyon,1,4,doc,Yellow,minnow,5,1,castle_destroyed,851,28.37,False,171,169,342,16,0,29,13765,13272,1,-1,1.0000,299
Yellow,8,lyon,1,4,doc,Yellow,minnow,10,1,castle_destroyed,851,28.37,False,86,85,172,8,0,29,13765,13272,1,-1,1.0000,182
Yellow,8,lyon,1,4,doc,Yellow,minnow,15,1,castle_destroyed,851,28.37,False,57,57,114,5,0,29,13765,13272,1,-1,1.0000,155
Yellow,8,lyon,1,4,doc,Yellow,minnow,20,1,castle_destroyed,851,28.37,False,43,43,86,4,0,29,13765,13272,1,-1,1.0000,157
Yellow,8,lyon,1,4,doc,Yellow,minnow,30,1,castle_destroyed,851,28.37,False,29,29,58,3,0,29,13765,13272,1,-1,1.0000,148
Yellow,8,lyon,1,4,doc,Yellow,minnow,45,1,castle_destroyed,851,28.37,False,19,19,38,2,0,29,13765,13272,1,-1,1.0000,152
Yellow,8,lyon,1,4,doc,Yellow,minnow,60,1,castle_destroyed,851,28.37,False,15,15,30,2,0,29,13765,13272,1,-1,1.0000,146
Yellow,8,lyon,1,4,doc,Yellow,minnow,90,1,castle_destroyed,851,28.37,False,10,10,20,1,0,29,13765,13272,1,-1,1.0000,145
Yellow,8,lyon,1,4,doc,Yellow,minnow,120,1,castle_destroyed,851,28.37,False,8,8,16,1,0,29,13765,13272,1,-1,1.0000,145
Yellow,8,lyon,2,0,-,Yellow,minnow,0,1,castle_destroyed,881,29.37,False,0,0,0,0,0,0,26544,26544,2,-1,1.0000,851
Yellow,8,lyon,2,0,-,Yellow,minnow,1,1,force_destroyed,2628,87.60,False,2628,2431,5256,248,5256,0,26544,26544,0,2628,0.1518,-1
Yellow,8,lyon,2,0,-,Yellow,minnow,2,1,force_destroyed,4931,164.37,False,2466,2341,4932,138,4932,0,26544,26544,0,4931,0.1553,-1
Yellow,8,lyon,2,0,-,Yellow,minnow,3,1,force_destroyed,7470,249.00,False,2490,2416,4980,91,4980,0,26544,26544,0,7470,0.2518,-1
Yellow,8,lyon,2,0,-,Yellow,minnow,5,1,force_destroyed,12714,423.80,False,2543,2507,5086,49,5086,0,26544,26544,0,12714,0.4859,-1
Yellow,8,lyon,2,0,-,Yellow,minnow,10,1,force_destroyed,26000,866.67,True,2600,2596,5200,26,5200,0,26544,26544,0,26000,1.0000,-1
Yellow,8,lyon,2,0,-,Yellow,minnow,15,1,survived_horizon,36000,1200.00,True,2400,2399,4800,17,0,0,26544,26544,2,-1,1.0000,-1
Yellow,8,lyon,2,0,-,Yellow,minnow,20,1,survived_horizon,36000,1200.00,True,1800,1799,3600,12,0,0,26544,26544,2,-1,1.0000,-1
Yellow,8,lyon,2,0,-,Yellow,minnow,30,1,survived_horizon,36000,1200.00,True,1200,1200,2400,8,0,0,26544,26544,2,-1,1.0000,-1
Yellow,8,lyon,2,0,-,Yellow,minnow,45,1,survived_horizon,36000,1200.00,True,800,800,1600,5,0,0,26544,26544,2,-1,1.0000,-1
Yellow,8,lyon,2,0,-,Yellow,minnow,60,1,survived_horizon,36000,1200.00,True,600,600,1200,4,0,0,26544,26544,2,-1,1.0000,-1
Yellow,8,lyon,2,0,-,Yellow,minnow,90,1,castle_destroyed,1435,47.83,False,16,16,32,2,0,0,26544,26544,2,-1,1.0000,985
Yellow,8,lyon,2,0,-,Yellow,minnow,120,1,castle_destroyed,1052,35.07,False,9,9,18,2,0,0,26544,26544,2,-1,1.0000,902
Yellow,8,lyon,2,4,doc,Yellow,minnow,0,1,castle_destroyed,851,28.37,False,0,0,0,0,0,29,27037,26544,2,-1,1.0000,143
Yellow,8,lyon,2,4,doc,Yellow,minnow,1,1,force_destroyed,14540,484.67,False,14496,14417,28992,126,28992,484,34772,26544,0,14496,0.2753,-1
Yellow,8,lyon,2,4,doc,Yellow,minnow,2,1,survived_horizon,36000,1200.00,True,18000,17996,36000,40,0,1200,46944,26544,2,-1,1.0000,-1
Yellow,8,lyon,2,4,doc,Yellow,minnow,3,1,castle_destroyed,18570,619.00,True,6190,6187,12380,27,0,619,37067,26544,2,-1,1.0000,564
Yellow,8,lyon,2,4,doc,Yellow,minnow,5,1,castle_destroyed,851,28.37,False,171,169,342,16,0,29,27037,26544,2,-1,1.0000,299
Yellow,8,lyon,2,4,doc,Yellow,minnow,10,1,castle_destroyed,851,28.37,False,86,85,172,8,0,29,27037,26544,2,-1,1.0000,182
Yellow,8,lyon,2,4,doc,Yellow,minnow,15,1,castle_destroyed,851,28.37,False,57,57,114,5,0,29,27037,26544,2,-1,1.0000,155
Yellow,8,lyon,2,4,doc,Yellow,minnow,20,1,castle_destroyed,851,28.37,False,43,43,86,4,0,29,27037,26544,2,-1,1.0000,157
Yellow,8,lyon,2,4,doc,Yellow,minnow,30,1,castle_destroyed,851,28.37,False,29,29,58,3,0,29,27037,26544,2,-1,1.0000,148
Yellow,8,lyon,2,4,doc,Yellow,minnow,45,1,castle_destroyed,851,28.37,False,19,19,38,2,0,29,27037,26544,2,-1,1.0000,152
Yellow,8,lyon,2,4,doc,Yellow,minnow,60,1,castle_destroyed,851,28.37,False,15,15,30,2,0,29,27037,26544,2,-1,1.0000,146
Yellow,8,lyon,2,4,doc,Yellow,minnow,90,1,castle_destroyed,851,28.37,False,10,10,20,1,0,29,27037,26544,2,-1,1.0000,145
Yellow,8,lyon,2,4,doc,Yellow,minnow,120,1,castle_destroyed,851,28.37,False,8,8,16,1,0,29,27037,26544,2,-1,1.0000,145
Yellow,8,lyon,3,0,-,Yellow,minnow,0,1,castle_destroyed,881,29.37,False,0,0,0,0,0,0,39816,39816,3,-1,1.0000,851
Yellow,8,lyon,3,0,-,Yellow,minnow,1,1,force_destroyed,3846,128.20,False,3846,3661,7692,218,7692,0,39816,39816,0,3846,0.1518,-1
Yellow,8,lyon,3,0,-,Yellow,minnow,2,1,force_destroyed,7498,249.93,False,3749,3637,7498,112,7498,0,39816,39816,0,7498,0.2376,-1
Yellow,8,lyon,3,0,-,Yellow,minnow,3,1,force_destroyed,11357,378.57,False,3786,3736,7572,72,7572,0,39816,39816,0,11357,0.4659,-1
Yellow,8,lyon,3,0,-,Yellow,minnow,5,1,force_destroyed,18719,623.97,True,3744,3724,7488,43,7488,0,39816,39816,0,18719,0.8835,-1
Yellow,8,lyon,3,0,-,Yellow,minnow,10,1,survived_horizon,36000,1200.00,True,3600,3598,7200,21,0,0,39816,39816,3,-1,1.0000,-1
Yellow,8,lyon,3,0,-,Yellow,minnow,15,1,survived_horizon,36000,1200.00,True,2400,2399,4800,14,0,0,39816,39816,3,-1,1.0000,-1
Yellow,8,lyon,3,0,-,Yellow,minnow,20,1,survived_horizon,36000,1200.00,True,1800,1799,3600,10,0,0,39816,39816,3,-1,1.0000,-1
Yellow,8,lyon,3,0,-,Yellow,minnow,30,1,survived_horizon,36000,1200.00,True,1200,1200,2400,7,0,0,39816,39816,3,-1,1.0000,-1
Yellow,8,lyon,3,0,-,Yellow,minnow,45,1,survived_horizon,36000,1200.00,True,800,800,1600,4,0,0,39816,39816,3,-1,1.0000,-1
Yellow,8,lyon,3,0,-,Yellow,minnow,60,1,castle_destroyed,1318,43.93,False,22,22,44,3,0,0,39816,39816,3,-1,1.0000,1018
Yellow,8,lyon,3,0,-,Yellow,minnow,90,1,castle_destroyed,1433,47.77,False,16,16,32,2,0,0,39816,39816,3,-1,1.0000,983
Yellow,8,lyon,3,0,-,Yellow,minnow,120,1,castle_destroyed,911,30.37,False,8,8,16,2,0,0,39816,39816,3,-1,1.0000,902
Yellow,8,lyon,3,4,doc,Yellow,minnow,0,1,castle_destroyed,851,28.37,False,0,0,0,0,0,29,40309,39816,3,-1,1.0000,143
Yellow,8,lyon,3,4,doc,Yellow,minnow,1,1,force_destroyed,14689,489.63,False,14670,14568,29340,126,29340,489,48129,39816,0,14670,0.2753,-1
Yellow,8,lyon,3,4,doc,Yellow,minnow,2,1,survived_horizon,36000,1200.00,True,18000,17996,36000,40,0,1200,60216,39816,3,-1,1.0000,-1
Yellow,8,lyon,3,4,doc,Yellow,minnow,3,1,castle_destroyed,17211,573.70,False,5737,5734,11474,27,0,574,49574,39816,3,-1,1.0000,564
Yellow,8,lyon,3,4,doc,Yellow,minnow,5,1,castle_destroyed,851,28.37,False,171,169,342,16,0,29,40309,39816,3,-1,1.0000,299
Yellow,8,lyon,3,4,doc,Yellow,minnow,10,1,castle_destroyed,851,28.37,False,86,85,172,8,0,29,40309,39816,3,-1,1.0000,182
Yellow,8,lyon,3,4,doc,Yellow,minnow,15,1,castle_destroyed,851,28.37,False,57,57,114,5,0,29,40309,39816,3,-1,1.0000,155
Yellow,8,lyon,3,4,doc,Yellow,minnow,20,1,castle_destroyed,851,28.37,False,43,43,86,4,0,29,40309,39816,3,-1,1.0000,157
Yellow,8,lyon,3,4,doc,Yellow,minnow,30,1,castle_destroyed,851,28.37,False,29,29,58,3,0,29,40309,39816,3,-1,1.0000,148
Yellow,8,lyon,3,4,doc,Yellow,minnow,45,1,castle_destroyed,851,28.37,False,19,19,38,2,0,29,40309,39816,3,-1,1.0000,152
Yellow,8,lyon,3,4,doc,Yellow,minnow,60,1,castle_destroyed,851,28.37,False,15,15,30,2,0,29,40309,39816,3,-1,1.0000,146
Yellow,8,lyon,3,4,doc,Yellow,minnow,90,1,castle_destroyed,851,28.37,False,10,10,20,1,0,29,40309,39816,3,-1,1.0000,145
Yellow,8,lyon,3,4,doc,Yellow,minnow,120,1,castle_destroyed,851,28.37,False,8,8,16,1,0,29,40309,39816,3,-1,1.0000,145
Yellow,8,lyon,4,0,-,Yellow,minnow,0,1,castle_destroyed,881,29.37,False,0,0,0,0,0,0,53088,53088,4,-1,1.0000,851
Yellow,8,lyon,4,0,-,Yellow,minnow,1,1,force_destroyed,5646,188.20,False,5646,5491,11292,188,11292,0,53088,53088,0,5646,0.1518,-1
Yellow,8,lyon,4,0,-,Yellow,minnow,2,1,force_destroyed,11089,369.63,False,5545,5461,11090,94,11090,0,53088,53088,0,11089,0.3576,-1
Yellow,8,lyon,4,0,-,Yellow,minnow,3,1,force_destroyed,16609,553.63,False,5537,5503,11074,62,11074,0,53088,53088,0,16609,0.6141,-1
Yellow,8,lyon,4,0,-,Yellow,minnow,5,1,force_destroyed,27265,908.83,True,5453,5443,10906,37,10906,0,53088,53088,0,27265,1.0000,-1
Yellow,8,lyon,4,0,-,Yellow,minnow,10,1,survived_horizon,36000,1200.00,True,3600,3598,7200,18,0,0,53088,53088,4,-1,1.0000,-1
Yellow,8,lyon,4,0,-,Yellow,minnow,15,1,survived_horizon,36000,1200.00,True,2400,2399,4800,12,0,0,53088,53088,4,-1,1.0000,-1
Yellow,8,lyon,4,0,-,Yellow,minnow,20,1,survived_horizon,36000,1200.00,True,1800,1799,3600,9,0,0,53088,53088,4,-1,1.0000,-1
Yellow,8,lyon,4,0,-,Yellow,minnow,30,1,survived_horizon,36000,1200.00,True,1200,1200,2400,6,0,0,53088,53088,4,-1,1.0000,-1
Yellow,8,lyon,4,0,-,Yellow,minnow,45,1,castle_destroyed,1224,40.80,False,28,27,56,4,0,0,53088,53088,4,-1,1.0000,1035
Yellow,8,lyon,4,0,-,Yellow,minnow,60,1,castle_destroyed,1264,42.13,False,22,21,44,3,0,0,53088,53088,4,-1,1.0000,964
Yellow,8,lyon,4,0,-,Yellow,minnow,90,1,castle_destroyed,983,32.77,False,11,11,22,2,0,0,53088,53088,4,-1,1.0000,941
Yellow,8,lyon,4,0,-,Yellow,minnow,120,1,castle_destroyed,911,30.37,False,8,8,16,2,0,0,53088,53088,4,-1,1.0000,902
Yellow,8,lyon,4,4,doc,Yellow,minnow,0,1,castle_destroyed,851,28.37,False,0,0,0,0,0,29,53581,53088,4,-1,1.0000,143
Yellow,8,lyon,4,4,doc,Yellow,minnow,1,1,force_destroyed,14870,495.67,False,14843,14751,29686,126,29686,495,61503,53088,0,14843,0.2753,-1
Yellow,8,lyon,4,4,doc,Yellow,minnow,2,1,survived_horizon,36000,1200.00,True,18000,17996,36000,40,0,1200,73488,53088,4,-1,1.0000,-1
Yellow,8,lyon,4,4,doc,Yellow,minnow,3,1,castle_destroyed,16041,534.70,False,5347,5344,10694,27,0,535,62183,53088,4,-1,1.0000,564
Yellow,8,lyon,4,4,doc,Yellow,minnow,5,1,castle_destroyed,851,28.37,False,171,169,342,16,0,29,53581,53088,4,-1,1.0000,299
Yellow,8,lyon,4,4,doc,Yellow,minnow,10,1,castle_destroyed,851,28.37,False,86,85,172,8,0,29,53581,53088,4,-1,1.0000,182
Yellow,8,lyon,4,4,doc,Yellow,minnow,15,1,castle_destroyed,851,28.37,False,57,57,114,5,0,29,53581,53088,4,-1,1.0000,155
Yellow,8,lyon,4,4,doc,Yellow,minnow,20,1,castle_destroyed,851,28.37,False,43,43,86,4,0,29,53581,53088,4,-1,1.0000,157
Yellow,8,lyon,4,4,doc,Yellow,minnow,30,1,castle_destroyed,851,28.37,False,29,29,58,3,0,29,53581,53088,4,-1,1.0000,148
Yellow,8,lyon,4,4,doc,Yellow,minnow,45,1,castle_destroyed,851,28.37,False,19,19,38,2,0,29,53581,53088,4,-1,1.0000,152
Yellow,8,lyon,4,4,doc,Yellow,minnow,60,1,castle_destroyed,851,28.37,False,15,15,30,2,0,29,53581,53088,4,-1,1.0000,146
Yellow,8,lyon,4,4,doc,Yellow,minnow,90,1,castle_destroyed,851,28.37,False,10,10,20,1,0,29,53581,53088,4,-1,1.0000,145
Yellow,8,lyon,4,4,doc,Yellow,minnow,120,1,castle_destroyed,851,28.37,False,8,8,16,1,0,29,53581,53088,4,-1,1.0000,145
Yellow,8,lyon,5,0,-,Yellow,minnow,0,1,castle_destroyed,881,29.37,False,0,0,0,0,0,0,66360,66360,5,-1,1.0000,851
Yellow,8,lyon,5,0,-,Yellow,minnow,1,1,force_destroyed,7358,245.27,False,7358,7171,14716,187,14716,0,66360,66360,0,7358,0.1518,-1
Yellow,8,lyon,5,0,-,Yellow,minnow,2,1,force_destroyed,14542,484.73,False,7271,7210,14542,93,14542,0,66360,66360,0,14542,0.4894,-1
Yellow,8,lyon,5,0,-,Yellow,minnow,3,1,force_destroyed,21455,715.17,True,7152,7127,14304,62,14304,0,66360,66360,0,21455,0.9035,-1
Yellow,8,lyon,5,0,-,Yellow,minnow,5,1,force_destroyed,34950,1165.00,True,6990,6979,13980,32,13980,0,66360,66360,0,34950,1.0000,-1
Yellow,8,lyon,5,0,-,Yellow,minnow,10,1,survived_horizon,36000,1200.00,True,3600,3598,7200,18,0,0,66360,66360,5,-1,1.0000,-1
Yellow,8,lyon,5,0,-,Yellow,minnow,15,1,survived_horizon,36000,1200.00,True,2400,2399,4800,12,0,0,66360,66360,5,-1,1.0000,-1
Yellow,8,lyon,5,0,-,Yellow,minnow,20,1,castle_destroyed,2387,79.57,False,120,119,240,9,0,0,66360,66360,5,-1,1.0000,2087
Yellow,8,lyon,5,0,-,Yellow,minnow,30,1,castle_destroyed,2046,68.20,False,69,68,138,6,0,0,66360,66360,5,-1,1.0000,1896
Yellow,8,lyon,5,0,-,Yellow,minnow,45,1,castle_destroyed,1222,40.73,False,28,27,56,4,0,0,66360,66360,5,-1,1.0000,997
Yellow,8,lyon,5,0,-,Yellow,minnow,60,1,castle_destroyed,1016,33.87,False,17,17,34,3,0,0,66360,66360,5,-1,1.0000,964
Yellow,8,lyon,5,0,-,Yellow,minnow,90,1,castle_destroyed,971,32.37,False,11,11,22,2,0,0,66360,66360,5,-1,1.0000,941
Yellow,8,lyon,5,0,-,Yellow,minnow,120,1,castle_destroyed,911,30.37,False,8,8,16,2,0,0,66360,66360,5,-1,1.0000,902
Yellow,8,lyon,5,4,doc,Yellow,minnow,0,1,castle_destroyed,851,28.37,False,0,0,0,0,0,29,66853,66360,5,-1,1.0000,143
Yellow,8,lyon,5,4,doc,Yellow,minnow,1,1,force_destroyed,15050,501.67,False,15020,14931,30040,126,30040,501,74877,66360,0,15020,0.2753,-1
Yellow,8,lyon,5,4,doc,Yellow,minnow,2,1,survived_horizon,36000,1200.00,True,18000,17996,36000,40,0,1200,86760,66360,5,-1,1.0000,-1
Yellow,8,lyon,5,4,doc,Yellow,minnow,3,1,castle_destroyed,15030,501.00,False,5010,5007,10020,27,0,501,74877,66360,5,-1,1.0000,564
Yellow,8,lyon,5,4,doc,Yellow,minnow,5,1,castle_destroyed,851,28.37,False,171,169,342,16,0,29,66853,66360,5,-1,1.0000,299
Yellow,8,lyon,5,4,doc,Yellow,minnow,10,1,castle_destroyed,851,28.37,False,86,85,172,8,0,29,66853,66360,5,-1,1.0000,182
Yellow,8,lyon,5,4,doc,Yellow,minnow,15,1,castle_destroyed,851,28.37,False,57,57,114,5,0,29,66853,66360,5,-1,1.0000,155
Yellow,8,lyon,5,4,doc,Yellow,minnow,20,1,castle_destroyed,851,28.37,False,43,43,86,4,0,29,66853,66360,5,-1,1.0000,157
Yellow,8,lyon,5,4,doc,Yellow,minnow,30,1,castle_destroyed,851,28.37,False,29,29,58,3,0,29,66853,66360,5,-1,1.0000,148
Yellow,8,lyon,5,4,doc,Yellow,minnow,45,1,castle_destroyed,851,28.37,False,19,19,38,2,0,29,66853,66360,5,-1,1.0000,152
Yellow,8,lyon,5,4,doc,Yellow,minnow,60,1,castle_destroyed,851,28.37,False,15,15,30,2,0,29,66853,66360,5,-1,1.0000,146
Yellow,8,lyon,5,4,doc,Yellow,minnow,90,1,castle_destroyed,851,28.37,False,10,10,20,1,0,29,66853,66360,5,-1,1.0000,145
Yellow,8,lyon,5,4,doc,Yellow,minnow,120,1,castle_destroyed,851,28.37,False,8,8,16,1,0,29,66853,66360,5,-1,1.0000,145
