attacker_team,tier,attacker_unit,force_size,escort_tier,escort_unit,blocker_team,blocker_unit,interval_ticks,attacker_seat,outcome,ticks,seconds,beyond_game_limit,blockers_spawned,blockers_lost,blocker_spend,peak_blockers,spend_at_force_death,escorts_spawned,attacker_spend,force_spend,big_units_alive,force_died_tick,deepest_progress,first_castle_hit_tick
Black,5,evilbirdo,1,0,-,Black,evilminnow,0,1,castle_destroyed,5620,187.33,False,0,0,0,0,0,0,64,64,1,-1,1.0000,132
Black,5,evilbirdo,1,0,-,Black,evilminnow,1,1,defender_won,633,21.10,False,120,18,240,102,240,0,64,64,0,120,0.6000,-1
Black,5,evilbirdo,1,0,-,Black,evilminnow,2,1,defender_won,1074,35.80,False,75,25,150,50,150,0,64,64,0,150,0.6000,-1
Black,5,evilbirdo,1,0,-,Black,evilminnow,3,1,defender_won,1561,52.03,False,61,29,122,32,122,0,64,64,0,183,0.6288,-1
Black,5,evilbirdo,1,0,-,Black,evilminnow,5,1,defender_won,2480,82.67,False,48,29,96,19,96,0,64,64,0,238,0.6800,-1
Black,5,evilbirdo,1,0,-,Black,evilminnow,10,1,defender_won,20668,688.93,True,39,37,78,9,78,0,64,64,0,383,1.0000,-1
Black,5,evilbirdo,1,0,-,Black,evilminnow,15,1,defender_won,20739,691.30,True,31,29,62,6,62,0,64,64,0,453,1.0000,-1
Black,5,evilbirdo,1,0,-,Black,evilminnow,30,1,force_destroyed_horizon,36000,1200.00,True,37,36,74,3,74,0,64,64,0,1091,1.0000,160
Black,5,evilbirdo,1,4,evilnom,Black,evilminnow,0,1,castle_destroyed,725,24.17,False,0,0,0,0,0,25,689,64,1,-1,1.0000,132
Black,5,evilbirdo,1,4,evilnom,Black,evilminnow,1,1,defender_won,1590,53.00,False,140,109,280,91,280,5,189,64,0,140,0.6000,-1
Black,5,evilbirdo,1,4,evilnom,Black,evilminnow,2,1,castle_destroyed,2653,88.43,False,114,114,228,42,228,8,264,64,0,228,0.7118,315
Black,5,evilbirdo,1,4,evilnom,Black,evilminnow,3,1,castle_destroyed,1749,58.30,False,91,91,182,28,182,10,314,64,0,272,0.8294,324
Black,5,evilbirdo,1,4,evilnom,Black,evilminnow,5,1,castle_destroyed,1255,41.83,False,73,73,146,17,146,13,389,64,0,361,1.0000,257
Black,5,evilbirdo,1,4,evilnom,Black,evilminnow,10,1,castle_destroyed,1045,34.83,False,68,68,136,8,136,23,639,64,0,671,1.0000,165
Black,5,evilbirdo,1,4,evilnom,Black,evilminnow,15,1,castle_destroyed,912,30.40,False,61,61,122,6,0,31,839,64,1,-1,1.0000,143
Black,5,evilbirdo,1,4,evilnom,Black,evilminnow,30,1,castle_destroyed,744,24.80,False,25,25,50,3,0,25,689,64,1,-1,1.0000,143
Black,5,evilbirdo,3,0,-,Black,evilminnow,0,1,castle_destroyed,1986,66.20,False,0,0,0,0,0,0,192,192,3,-1,1.0000,132
Black,5,evilbirdo,3,0,-,Black,evilminnow,1,1,defender_won,739,24.63,False,194,99,388,95,388,0,192,192,0,194,0.6000,-1
Black,5,evilbirdo,3,0,-,Black,evilminnow,2,1,defender_won,1141,38.03,False,117,66,234,51,234,0,192,192,0,234,0.6235,-1
Black,5,evilbirdo,3,0,-,Black,evilminnow,3,1,defender_won,2024,67.47,False,95,70,190,31,190,0,192,192,0,283,0.6918,-1
Black,5,evilbirdo,3,0,-,Black,evilminnow,5,1,defender_won,5002,166.73,False,77,68,154,18,154,0,192,192,0,383,0.8900,-1
Black,5,evilbirdo,3,0,-,Black,evilminnow,10,1,defender_won,21019,700.63,True,74,72,148,9,148,0,192,192,0,738,1.0000,216
Black,5,evilbirdo,3,0,-,Black,evilminnow,15,1,force_destroyed_horizon,36000,1200.00,True,64,63,128,6,128,0,192,192,0,956,1.0000,198
Black,5,evilbirdo,3,0,-,Black,evilminnow,30,1,force_destroyed_horizon,36000,1200.00,True,52,51,104,3,104,0,192,192,0,1548,1.0000,160
Black,5,evilbirdo,3,4,evilnom,Black,evilminnow,0,1,castle_destroyed,664,22.13,False,0,0,0,0,0,23,767,192,3,-1,1.0000,132
Black,5,evilbirdo,3,4,evilnom,Black,evilminnow,1,1,defender_won,1929,64.30,False,227,201,454,91,454,8,392,192,0,227,0.6000,-1
Black,5,evilbirdo,3,4,evilnom,Black,evilminnow,2,1,castle_destroyed,2712,90.40,False,149,149,298,42,298,10,442,192,0,298,0.7588,374
Black,5,evilbirdo,3,4,evilnom,Black,evilminnow,3,1,castle_destroyed,1804,60.13,False,118,118,236,28,236,12,492,192,0,352,0.9547,375
Black,5,evilbirdo,3,4,evilnom,Black,evilminnow,5,1,castle_destroyed,1395,46.50,False,100,100,200,17,200,17,617,192,0,496,1.0000,230
Black,5,evilbirdo,3,4,evilnom,Black,evilminnow,10,1,castle_destroyed,984,32.80,False,87,87,174,8,174,29,917,192,0,861,1.0000,165
Black,5,evilbirdo,3,4,evilnom,Black,evilminnow,15,1,castle_destroyed,781,26.03,False,53,52,106,6,0,27,867,192,3,-1,1.0000,143
Black,5,evilbirdo,3,4,evilnom,Black,evilminnow,30,1,castle_destroyed,680,22.67,False,23,23,46,3,0,23,767,192,3,-1,1.0000,143
Black,5,evilbirdo,5,0,-,Black,evilminnow,0,1,castle_destroyed,1282,42.73,False,0,0,0,0,0,0,320,320,5,-1,1.0000,132
Black,5,evilbirdo,5,0,-,Black,evilminnow,1,1,defender_won,821,27.37,False,251,161,502,93,502,0,320,320,0,251,0.6000,-1
Black,5,evilbirdo,5,0,-,Black,evilminnow,2,1,defender_won,1261,42.03,False,151,103,302,48,302,0,320,320,0,301,0.6294,-1
Black,5,evilbirdo,5,0,-,Black,evilminnow,3,1,defender_won,2741,91.37,False,122,104,244,31,244,0,320,320,0,366,0.7506,-1
Black,5,evilbirdo,5,0,-,Black,evilminnow,5,1,defender_won,10723,357.43,False,101,97,202,18,202,0,320,320,0,503,1.0000,464
Black,5,evilbirdo,5,0,-,Black,evilminnow,10,1,defender_won,14416,480.53,False,85,82,170,9,170,0,320,320,0,841,1.0000,216
Black,5,evilbirdo,5,0,-,Black,evilminnow,15,1,defender_won,21399,713.30,True,75,73,150,6,150,0,320,320,0,1113,1.0000,198
Black,5,evilbirdo,5,0,-,Black,evilminnow,30,1,castle_destroyed,1457,48.57,False,49,49,98,3,0,0,320,320,5,-1,1.0000,160
Black,5,evilbirdo,5,4,evilnom,Black,evilminnow,0,1,castle_destroyed,618,20.60,False,0,0,0,0,0,21,845,320,5,-1,1.0000,132
Black,5,evilbirdo,5,4,evilnom,Black,evilminnow,1,1,defender_won,1989,66.30,False,287,261,574,91,574,10,570,320,0,287,0.6000,-1
Black,5,evilbirdo,5,4,evilnom,Black,evilminnow,2,1,castle_destroyed,2198,73.27,False,182,182,364,42,364,13,645,320,0,363,0.8235,422
Black,5,evilbirdo,5,4,evilnom,Black,evilminnow,3,1,castle_destroyed,1630,54.33,False,142,142,284,28,284,15,695,320,0,425,1.0000,349
Black,5,evilbirdo,5,4,evilnom,Black,evilminnow,5,1,castle_destroyed,1301,43.37,False,122,122,244,17,244,21,845,320,0,606,1.0000,230
Black,5,evilbirdo,5,4,evilnom,Black,evilminnow,10,1,castle_destroyed,819,27.30,False,82,81,164,8,0,28,1020,320,4,-1,1.0000,165
Black,5,evilbirdo,5,4,evilnom,Black,evilminnow,15,1,castle_destroyed,698,23.27,False,47,46,94,6,0,24,920,320,5,-1,1.0000,143
Black,5,evilbirdo,5,4,evilnom,Black,evilminnow,30,1,castle_destroyed,631,21.03,False,22,21,44,3,0,22,870,320,5,-1,1.0000,143
Black,6,weirdo,1,0,-,Black,evilminnow,0,1,castle_destroyed,1736,57.87,False,0,0,0,0,0,0,338,338,1,-1,1.0000,143
Black,6,weirdo,1,0,-,Black,evilminnow,1,1,defender_won,670,22.33,False,157,55,314,138,314,0,338,338,0,157,0.5788,-1
Black,6,weirdo,1,0,-,Black,evilminnow,2,1,defender_won,1010,33.67,False,130,67,260,65,260,0,338,338,0,260,0.5882,-1
Black,6,weirdo,1,0,-,Black,evilminnow,3,1,defender_won,1769,58.97,False,131,99,262,41,262,0,338,338,0,391,0.5882,-1
Black,6,weirdo,1,0,-,Black,evilminnow,5,1,defender_won,3357,111.90,False,109,94,218,25,218,0,338,338,0,544,0.6788,-1
Black,6,weirdo,1,0,-,Black,evilminnow,10,1,defender_won,11232,374.40,False,102,98,204,11,204,0,338,338,0,1014,1.0000,-1
Black,6,weirdo,1,0,-,Black,evilminnow,15,1,defender_won,21759,725.30,True,99,97,198,7,198,0,338,338,0,1473,1.0000,-1
Black,6,weirdo,1,0,-,Black,evilminnow,30,1,force_destroyed_horizon,36000,1200.00,True,108,107,216,3,216,0,338,338,0,3235,1.0000,578
Black,6,weirdo,1,4,evilnom,Black,evilminnow,0,1,castle_destroyed,649,21.63,False,0,0,0,0,0,22,888,338,1,-1,1.0000,132
Black,6,weirdo,1,4,evilnom,Black,evilminnow,1,1,defender_won,1579,52.63,False,342,305,684,99,684,12,638,338,0,342,0.6000,-1
Black,6,weirdo,1,4,evilnom,Black,evilminnow,2,1,castle_destroyed,2168,72.27,False,368,368,736,42,736,25,963,338,0,735,1.0000,620
Black,6,weirdo,1,4,evilnom,Black,evilminnow,3,1,castle_destroyed,2140,71.33,False,364,364,728,28,728,37,1263,338,0,1091,1.0000,462
Black,6,weirdo,1,4,evilnom,Black,evilminnow,5,1,castle_destroyed,1702,56.73,False,324,324,648,17,648,54,1688,338,0,1616,1.0000,282
Black,6,weirdo,1,4,evilnom,Black,evilminnow,10,1,castle_destroyed,932,31.07,False,94,93,188,8,0,32,1138,338,1,-1,1.0000,185
Black,6,weirdo,1,4,evilnom,Black,evilminnow,15,1,castle_destroyed,765,25.50,False,51,51,102,6,0,26,988,338,1,-1,1.0000,143
Black,6,weirdo,1,4,evilnom,Black,evilminnow,30,1,castle_destroyed,669,22.30,False,23,22,46,3,0,23,913,338,1,-1,1.0000,143
Black,6,weirdo,3,0,-,Black,evilminnow,0,1,castle_destroyed,689,22.97,False,0,0,0,0,0,0,1014,1014,3,-1,1.0000,143
Black,6,weirdo,3,0,-,Black,evilminnow,1,1,defender_won,848,28.27,False,353,247,706,113,706,0,1014,1014,0,353,0.5788,-1
Black,6,weirdo,3,0,-,Black,evilminnow,2,1,defender_won,1580,52.67,False,290,244,580,54,580,0,1014,1014,0,580,0.6765,-1
Black,6,weirdo,3,0,-,Black,evilminnow,3,1,defender_won,2270,75.67,False,234,206,468,36,468,0,1014,1014,0,702,0.7588,-1
Black,6,weirdo,3,0,-,Black,evilminnow,5,1,defender_won,14633,487.77,False,212,209,424,21,424,0,1014,1014,0,1056,1.0000,773
Black,6,weirdo,3,0,-,Black,evilminnow,10,1,defender_won,10224,340.80,False,202,197,404,10,404,0,1014,1014,0,2020,1.0000,580
Black,6,weirdo,3,0,-,Black,evilminnow,15,1,castle_destroyed,1551,51.70,False,104,103,208,7,0,0,1014,1014,3,-1,1.0000,246
Black,6,weirdo,3,0,-,Black,evilminnow,30,1,castle_destroyed,955,31.83,False,32,32,64,3,0,0,1014,1014,3,-1,1.0000,187
Black,6,weirdo,3,4,evilnom,Black,evilminnow,0,1,castle_destroyed,500,16.67,False,0,0,0,0,0,17,1439,1014,3,-1,1.0000,132
Black,6,weirdo,3,4,evilnom,Black,evilminnow,1,1,defender_won,1954,65.13,False,504,473,1008,93,1008,17,1439,1014,0,504,0.6000,-1
Black,6,weirdo,3,4,evilnom,Black,evilminnow,2,1,castle_destroyed,1997,66.57,False,406,406,812,42,812,28,1714,1014,0,811,1.0000,650
Black,6,weirdo,3,4,evilnom,Black,evilminnow,3,1,castle_destroyed,1779,59.30,False,371,371,742,28,742,38,1964,1014,0,1112,1.0000,433
Black,6,weirdo,3,4,evilnom,Black,evilminnow,5,1,castle_destroyed,904,30.13,False,181,179,362,17,0,31,1789,1014,3,-1,1.0000,230
Black,6,weirdo,3,4,evilnom,Black,evilminnow,10,1,castle_destroyed,616,20.53,False,62,61,124,8,0,21,1539,1014,3,-1,1.0000,185
Black,6,weirdo,3,4,evilnom,Black,evilminnow,15,1,castle_destroyed,562,18.73,False,38,37,76,6,0,19,1489,1014,3,-1,1.0000,143
Black,6,weirdo,3,4,evilnom,Black,evilminnow,30,1,castle_destroyed,524,17.47,False,18,18,36,3,0,18,1464,1014,3,-1,1.0000,143
Black,6,weirdo,5,0,-,Black,evilminnow,0,1,castle_destroyed,506,16.87,False,0,0,0,0,0,0,1690,1690,5,-1,1.0000,143
Black,6,weirdo,5,0,-,Black,evilminnow,1,1,defender_won,951,31.70,False,460,353,920,116,920,0,1690,1690,0,460,0.5788,-1
Black,6,weirdo,5,0,-,Black,evilminnow,2,1,defender_won,2154,71.80,False,360,329,720,54,720,0,1690,1690,0,720,0.7471,-1
Black,6,weirdo,5,0,-,Black,evilminnow,3,1,defender_won,7811,260.37,False,315,309,630,36,630,0,1690,1690,0,944,1.0000,-1
Black,6,weirdo,5,0,-,Black,evilminnow,5,1,defender_won,7246,241.53,False,268,261,536,21,536,0,1690,1690,0,1338,1.0000,545
Black,6,weirdo,5,0,-,Black,evilminnow,10,1,castle_destroyed,928,30.93,False,93,92,186,10,0,0,1690,1690,5,-1,1.0000,277
Black,6,weirdo,5,0,-,Black,evilminnow,15,1,castle_destroyed,753,25.10,False,51,50,102,7,0,0,1690,1690,5,-1,1.0000,234
Black,6,weirdo,5,0,-,Black,evilminnow,30,1,castle_destroyed,604,20.13,False,21,20,42,3,0,0,1690,1690,5,-1,1.0000,187
Black,6,weirdo,5,4,evilnom,Black,evilminnow,0,1,castle_destroyed,437,14.57,False,0,0,0,0,0,15,2065,1690,5,-1,1.0000,132
Black,6,weirdo,5,4,evilnom,Black,evilminnow,1,1,defender_won,2262,75.40,False,559,533,1118,93,1118,19,2165,1690,0,559,0.6000,-1
Black,6,weirdo,5,4,evilnom,Black,evilminnow,2,1,castle_destroyed,2219,73.97,False,442,442,884,42,884,30,2440,1690,0,883,1.0000,552
Black,6,weirdo,5,4,evilnom,Black,evilminnow,3,1,castle_destroyed,1692,56.40,False,395,395,790,28,790,40,2690,1690,0,1184,1.0000,408
Black,6,weirdo,5,4,evilnom,Black,evilminnow,5,1,castle_destroyed,658,21.93,False,132,130,264,17,0,22,2240,1690,5,-1,1.0000,230
Black,6,weirdo,5,4,evilnom,Black,evilminnow,10,1,castle_destroyed,503,16.77,False,51,50,102,8,0,17,2115,1690,5,-1,1.0000,185
Black,6,weirdo,5,4,evilnom,Black,evilminnow,15,1,castle_destroyed,473,15.77,False,32,31,64,6,0,16,2090,1690,5,-1,1.0000,143
Black,6,weirdo,5,4,evilnom,Black,evilminnow,30,1,castle_destroyed,452,15.07,False,16,15,32,3,0,16,2090,1690,5,-1,1.0000,143
Black,7,gorillo,1,0,-,Black,evilminnow,0,1,castle_destroyed,916,30.53,False,0,0,0,0,0,0,1183,1183,1,-1,1.0000,426
Black,7,gorillo,1,0,-,Black,evilminnow,1,1,defender_won,1088,36.27,False,865,694,1730,268,1730,0,1183,1183,0,865,0.3035,-1
Black,7,gorillo,1,0,-,Black,evilminnow,2,1,defender_won,1367,45.57,False,474,371,948,130,948,0,1183,1183,0,948,0.3059,-1
Black,7,gorillo,1,0,-,Black,evilminnow,3,1,defender_won,2014,67.13,False,446,381,892,84,892,0,1183,1183,0,1336,0.3059,-1
Black,7,gorillo,1,0,-,Black,evilminnow,5,1,defender_won,3095,103.17,False,392,354,784,42,784,0,1183,1183,0,1957,0.3176,-1
Black,7,gorillo,1,0,-,Black,evilminnow,10,1,defender_won,6222,207.40,False,361,345,722,20,722,0,1183,1183,0,3604,0.5206,-1
Black,7,gorillo,1,0,-,Black,evilminnow,15,1,defender_won,18729,624.30,True,344,341,688,13,688,0,1183,1183,0,5158,0.9829,-1
Black,7,gorillo,1,0,-,Black,evilminnow,30,1,defender_won,31786,1059.53,True,384,382,768,6,768,0,1183,1183,0,11507,1.0000,-1
Black,7,gorillo,1,4,evilnom,Black,evilminnow,0,1,castle_destroyed,622,20.73,False,0,0,0,0,0,21,1708,1183,1,-1,1.0000,132
Black,7,gorillo,1,4,evilnom,Black,evilminnow,1,1,defender_won,2091,69.70,False,1676,1547,3352,157,3352,56,2583,1183,0,1676,0.4471,-1
Black,7,gorillo,1,4,evilnom,Black,evilminnow,2,1,castle_destroyed,6322,210.73,False,2443,2443,4886,42,4886,163,5258,1183,0,4885,1.0000,956
Black,7,gorillo,1,4,evilnom,Black,evilminnow,3,1,castle_destroyed,2479,82.63,False,827,823,1654,28,0,83,3258,1183,1,-1,1.0000,589
Black,7,gorillo,1,4,evilnom,Black,evilminnow,5,1,castle_destroyed,1027,34.23,False,206,204,412,17,0,35,2058,1183,1,-1,1.0000,324
Black,7,gorillo,1,4,evilnom,Black,evilminnow,10,1,castle_destroyed,736,24.53,False,74,73,148,8,0,25,1808,1183,1,-1,1.0000,174
Black,7,gorillo,1,4,evilnom,Black,evilminnow,15,1,castle_destroyed,661,22.03,False,45,44,90,6,0,23,1758,1183,1,-1,1.0000,144
Black,7,gorillo,1,4,evilnom,Black,evilminnow,30,1,castle_destroyed,622,20.73,False,21,21,42,3,0,21,1708,1183,1,-1,1.0000,143
Black,7,gorillo,3,0,-,Black,evilminnow,0,1,castle_destroyed,603,20.10,False,0,0,0,0,0,0,3549,3549,3,-1,1.0000,426
Black,7,gorillo,3,0,-,Black,evilminnow,1,1,defender_won,1457,48.57,False,1204,1010,2408,260,2408,0,3549,3549,0,1204,0.3035,-1
Black,7,gorillo,3,0,-,Black,evilminnow,2,1,defender_won,2075,69.17,False,784,693,1568,123,1568,0,3549,3549,0,1568,0.3059,-1
Black,7,gorillo,3,0,-,Black,evilminnow,3,1,defender_won,3939,131.30,False,967,924,1934,57,1934,0,3549,3549,0,2899,0.4341,-1
Black,7,gorillo,3,0,-,Black,evilminnow,5,1,defender_won,5617,187.23,False,766,742,1532,34,1532,0,3549,3549,0,3826,0.5788,-1
Black,7,gorillo,3,0,-,Black,evilminnow,10,1,castle_destroyed,3657,121.90,False,366,365,732,16,0,0,3549,3549,3,-1,1.0000,1896
Black,7,gorillo,3,0,-,Black,evilminnow,15,1,castle_destroyed,1549,51.63,False,104,103,208,11,0,0,3549,3549,3,-1,1.0000,835
Black,7,gorillo,3,0,-,Black,evilminnow,30,1,castle_destroyed,843,28.10,False,29,28,58,5,0,0,3549,3549,3,-1,1.0000,500
Black,7,gorillo,3,4,evilnom,Black,evilminnow,0,1,castle_destroyed,535,17.83,False,0,0,0,0,0,18,3999,3549,3,-1,1.0000,132
Black,7,gorillo,3,4,evilnom,Black,evilminnow,1,1,defender_won,3161,105.37,False,2502,2426,5004,119,5004,84,5649,3549,0,2502,0.4471,-1
Black,7,gorillo,3,4,evilnom,Black,evilminnow,2,1,castle_destroyed,4760,158.67,False,2380,2375,4760,42,0,159,7524,3549,3,-1,1.0000,584
Black,7,gorillo,3,4,evilnom,Black,evilminnow,3,1,castle_destroyed,1249,41.63,False,417,413,834,28,0,42,4599,3549,3,-1,1.0000,505
Black,7,gorillo,3,4,evilnom,Black,evilminnow,5,1,castle_destroyed,720,24.00,False,144,142,288,17,0,24,4149,3549,3,-1,1.0000,324
Black,7,gorillo,3,4,evilnom,Black,evilminnow,10,1,castle_destroyed,554,18.47,False,56,55,112,8,0,19,4024,3549,3,-1,1.0000,174
Black,7,gorillo,3,4,evilnom,Black,evilminnow,15,1,castle_destroyed,535,17.83,False,36,35,72,6,0,18,3999,3549,3,-1,1.0000,144
Black,7,gorillo,3,4,evilnom,Black,evilminnow,30,1,castle_destroyed,535,17.83,False,18,18,36,3,0,18,3999,3549,3,-1,1.0000,143
Black,7,gorillo,5,0,-,Black,evilminnow,0,1,castle_destroyed,565,18.83,False,0,0,0,0,0,0,5915,5915,5,-1,1.0000,426
Black,7,gorillo,5,0,-,Black,evilminnow,1,1,defender_won,1323,44.10,False,1072,855,2144,217,2144,0,5915,5915,0,1072,0.3035,-1
Black,7,gorillo,5,0,-,Black,evilminnow,2,1,defender_won,2506,83.53,False,990,900,1980,111,1980,0,5915,5915,0,1980,0.3341,-1
Black,7,gorillo,5,0,-,Black,evilminnow,3,1,defender_won,4400,146.67,False,1093,1053,2186,53,2186,0,5915,5915,0,3277,0.6153,-1
Black,7,gorillo,5,0,-,Black,evilminnow,5,1,defender_won,18673,622.43,True,1020,1017,2040,34,2040,0,5915,5915,0,5098,1.0000,4292
Black,7,gorillo,5,0,-,Black,evilminnow,10,1,castle_destroyed,1612,53.73,False,162,161,324,16,0,0,5915,5915,5,-1,1.0000,1282
Black,7,gorillo,5,0,-,Black,evilminnow,15,1,castle_destroyed,1039,34.63,False,70,69,140,11,0,0,5915,5915,5,-1,1.0000,745
Black,7,gorillo,5,0,-,Black,evilminnow,30,1,castle_destroyed,647,21.57,False,22,22,44,5,0,0,5915,5915,5,-1,1.0000,500
Black,7,gorillo,5,4,evilnom,Black,evilminnow,0,1,castle_destroyed,524,17.47,False,0,0,0,0,0,18,6365,5915,5,-1,1.0000,132
Black,7,gorillo,5,4,evilnom,Black,evilminnow,1,1,defender_won,3401,113.37,False,2647,2582,5294,119,5294,89,8140,5915,0,2647,0.4471,-1
Black,7,gorillo,5,4,evilnom,Black,evilminnow,2,1,castle_destroyed,1706,56.87,False,853,848,1706,42,0,57,7340,5915,5,-1,1.0000,582
Black,7,gorillo,5,4,evilnom,Black,evilminnow,3,1,castle_destroyed,966,32.20,False,322,319,644,28,0,33,6740,5915,5,-1,1.0000,505
Black,7,gorillo,5,4,evilnom,Black,evilminnow,5,1,castle_destroyed,603,20.10,False,121,119,242,17,0,21,6440,5915,5,-1,1.0000,324
Black,7,gorillo,5,4,evilnom,Black,evilminnow,10,1,castle_destroyed,535,17.83,False,54,53,108,8,0,18,6365,5915,5,-1,1.0000,174
Black,7,gorillo,5,4,evilnom,Black,evilminnow,15,1,castle_destroyed,524,17.47,False,35,35,70,6,0,18,6365,5915,5,-1,1.0000,144
Black,7,gorillo,5,4,evilnom,Black,evilminnow,30,1,castle_destroyed,524,17.47,False,18,18,36,3,0,18,6365,5915,5,-1,1.0000,143
Black,8,evilguy,1,0,-,Black,evilminnow,0,1,castle_destroyed,1001,33.37,False,0,0,0,0,0,0,14040,14040,1,-1,1.0000,851
Black,8,evilguy,1,0,-,Black,evilminnow,1,1,defender_won,2275,75.83,False,2058,1801,4116,299,4116,0,14040,14040,0,2058,0.1765,-1
Black,8,evilguy,1,0,-,Black,evilminnow,2,1,defender_won,4225,140.83,False,1948,1801,3896,149,3896,0,14040,14040,0,3895,0.1824,-1
Black,8,evilguy,1,0,-,Black,evilminnow,3,1,defender_won,6403,213.43,False,1922,1851,3844,99,3844,0,14040,14040,0,5764,0.1882,-1
Black,8,evilguy,1,0,-,Black,evilminnow,5,1,defender_won,10359,345.30,False,1875,1831,3750,59,3750,0,14040,14040,0,9375,0.2000,-1
Black,8,evilguy,1,0,-,Black,evilminnow,10,1,defender_won,19485,649.50,True,1799,1771,3598,29,3598,0,14040,14040,0,17985,0.2294,-1
Black,8,evilguy,1,0,-,Black,evilminnow,15,1,defender_won,29177,972.57,True,1734,1721,3468,19,3468,0,14040,14040,0,26001,0.2588,-1
Black,8,evilguy,1,0,-,Black,evilminnow,30,1,survived_horizon,36000,1200.00,True,1200,1191,2400,9,0,0,14040,14040,1,-1,0.3471,-1
Black,8,evilguy,1,4,evilnom,Black,evilminnow,0,1,castle_destroyed,762,25.40,False,0,0,0,0,0,26,14690,14040,1,-1,0.8965,132
Black,8,evilguy,1,4,evilnom,Black,evilminnow,1,1,defender_won,16945,564.83,False,16392,16299,32784,141,32784,547,27715,14040,0,16392,0.3224,-1
Black,8,evilguy,1,4,evilnom,Black,evilminnow,2,1,survived_horizon,36000,1200.00,True,18000,17993,36000,42,0,1200,44040,14040,1,-1,1.0000,852
Black,8,evilguy,1,4,evilnom,Black,evilminnow,3,1,castle_destroyed,14230,474.33,False,4744,4740,9488,28,0,475,25915,14040,1,-1,1.0000,589
Black,8,evilguy,1,4,evilnom,Black,evilminnow,5,1,castle_destroyed,3619,120.63,False,724,722,1448,17,0,121,17065,14040,1,-1,1.0000,324
Black,8,evilguy,1,4,evilnom,Black,evilminnow,10,1,castle_destroyed,1376,45.87,False,138,137,276,8,0,46,15190,14040,1,-1,1.0000,174
Black,8,evilguy,1,4,evilnom,Black,evilminnow,15,1,castle_destroyed,1004,33.47,False,67,67,134,6,0,34,14890,14040,1,-1,1.0000,144
Black,8,evilguy,1,4,evilnom,Black,evilminnow,30,1,castle_destroyed,782,26.07,False,27,26,54,3,0,27,14715,14040,1,-1,0.9200,143
Black,8,evilguy,3,0,-,Black,evilminnow,0,1,castle_destroyed,881,29.37,False,0,0,0,0,0,0,42120,42120,3,-1,1.0000,851
Black,8,evilguy,3,0,-,Black,evilminnow,1,1,defender_won,4434,147.80,False,4205,3961,8410,244,8410,0,42120,42120,0,4205,0.1765,-1
Black,8,evilguy,3,0,-,Black,evilminnow,2,1,defender_won,8891,296.37,False,4178,4089,8356,119,8356,0,42120,42120,0,8355,0.2694,-1
Black,8,evilguy,3,0,-,Black,evilminnow,3,1,defender_won,13185,439.50,False,4151,4088,8302,79,8302,0,42120,42120,0,12453,0.4671,-1
Black,8,evilguy,3,0,-,Black,evilminnow,5,1,defender_won,24771,825.70,True,4192,4181,8384,47,8384,0,42120,42120,0,20956,0.9953,-1
Black,8,evilguy,3,0,-,Black,evilminnow,10,1,survived_horizon,36000,1200.00,True,3600,3591,7200,23,0,0,42120,42120,3,-1,1.0000,-1
Black,8,evilguy,3,0,-,Black,evilminnow,15,1,survived_horizon,36000,1200.00,True,2400,2395,4800,15,0,0,42120,42120,3,-1,1.0000,-1
Black,8,evilguy,3,0,-,Black,evilminnow,30,1,survived_horizon,36000,1200.00,True,1200,1198,2400,6,0,0,42120,42120,3,-1,1.0000,-1
Black,8,evilguy,3,4,evilnom,Black,evilminnow,0,1,castle_destroyed,762,25.40,False,0,0,0,0,0,26,42770,42120,3,-1,0.8965,132
Black,8,evilguy,3,4,evilnom,Black,evilminnow,1,1,defender_won,18620,620.67,True,18077,17982,36154,141,36154,603,57195,42120,0,18077,0.3224,-1
Black,8,evilguy,3,4,evilnom,Black,evilminnow,2,1,survived_horizon,36000,1200.00,True,18000,17993,36000,42,0,1200,72120,42120,3,-1,1.0000,852
Black,8,evilguy,3,4,evilnom,Black,evilminnow,3,1,castle_destroyed,12162,405.40,False,4054,4051,8108,28,0,406,52270,42120,3,-1,1.0000,589
Black,8,evilguy,3,4,evilnom,Black,evilminnow,5,1,castle_destroyed,3500,116.67,False,700,698,1400,17,0,117,45045,42120,3,-1,1.0000,324
Black,8,evilguy,3,4,evilnom,Black,evilminnow,10,1,castle_destroyed,1376,45.87,False,138,137,276,8,0,46,43270,42120,3,-1,1.0000,174
Black,8,evilguy,3,4,evilnom,Black,evilminnow,15,1,castle_destroyed,1004,33.47,False,67,67,134,6,0,34,42970,42120,3,-1,1.0000,144
Black,8,evilguy,3,4,evilnom,Black,evilminnow,30,1,castle_destroyed,782,26.07,False,27,26,54,3,0,27,42795,42120,3,-1,0.9200,143
Black,8,evilguy,5,0,-,Black,evilminnow,0,1,castle_destroyed,881,29.37,False,0,0,0,0,0,0,70200,70200,5,-1,1.0000,851
Black,8,evilguy,5,0,-,Black,evilminnow,1,1,defender_won,8394,279.80,False,8128,7921,16256,207,16256,0,70200,70200,0,8128,0.1765,-1
Black,8,evilguy,5,0,-,Black,evilminnow,2,1,defender_won,16546,551.53,False,7965,7887,15930,104,15930,0,70200,70200,0,15929,0.4847,-1
Black,8,evilguy,5,0,-,Black,evilminnow,3,1,defender_won,25509,850.30,True,7913,7888,15826,69,15826,0,70200,70200,0,23738,1.0000,-1
Black,8,evilguy,5,0,-,Black,evilminnow,5,1,survived_horizon,36000,1200.00,True,7200,7193,14400,41,0,0,70200,70200,5,-1,1.0000,-1
Black,8,evilguy,5,0,-,Black,evilminnow,10,1,survived_horizon,36000,1200.00,True,3600,3597,7200,20,0,0,70200,70200,5,-1,1.0000,-1
Black,8,evilguy,5,0,-,Black,evilminnow,15,1,survived_horizon,36000,1200.00,True,2400,2399,4800,13,0,0,70200,70200,5,-1,1.0000,-1
Black,8,evilguy,5,0,-,Black,evilminnow,30,1,castle_destroyed,1690,56.33,False,57,56,114,6,0,0,70200,70200,5,-1,1.0000,1540
Black,8,evilguy,5,4,evilnom,Black,evilminnow,0,1,castle_destroyed,762,25.40,False,0,0,0,0,0,26,70850,70200,5,-1,0.8965,132
Black,8,evilguy,5,4,evilnom,Black,evilminnow,1,1,defender_won,20649,688.30,True,20120,20022,40240,141,40240,671,86975,70200,0,20120,0.3224,-1
Black,8,evilguy,5,4,evilnom,Black,evilminnow,2,1,castle_destroyed,30822,1027.40,True,15411,15406,30822,42,0,1028,95900,70200,5,-1,1.0000,852
Black,8,evilguy,5,4,evilnom,Black,evilminnow,3,1,castle_destroyed,10662,355.40,False,3554,3551,7108,28,0,356,79100,70200,5,-1,1.0000,589
Black,8,evilguy,5,4,evilnom,Black,evilminnow,5,1,castle_destroyed,3400,113.33,False,680,678,1360,17,0,114,73050,70200,5,-1,1.0000,324
Black,8,evilguy,5,4,evilnom,Black,evilminnow,10,1,castle_destroyed,1376,45.87,False,138,137,276,8,0,46,71350,70200,5,-1,1.0000,174
Black,8,evilguy,5,4,evilnom,Black,evilminnow,15,1,castle_destroyed,1004,33.47,False,67,67,134,6,0,34,71050,70200,5,-1,1.0000,144
Black,8,evilguy,5,4,evilnom,Black,evilminnow,30,1,castle_destroyed,782,26.07,False,27,26,54,3,0,27,70875,70200,5,-1,0.9200,143
Blue,5,squid,1,0,-,Blue,fishy,0,1,castle_destroyed,5957,198.57,False,0,0,0,0,0,0,62,62,1,-1,1.0000,143
Blue,5,squid,1,0,-,Blue,fishy,1,1,defender_won,740,24.67,False,133,20,399,113,399,0,62,62,0,133,0.6071,-1
Blue,5,squid,1,0,-,Blue,fishy,2,1,defender_won,1187,39.57,False,81,21,243,60,243,0,62,62,0,161,0.6194,-1
Blue,5,squid,1,0,-,Blue,fishy,3,1,defender_won,1928,64.27,False,71,37,213,38,213,0,62,62,0,212,0.6282,-1
Blue,5,squid,1,0,-,Blue,fishy,5,1,defender_won,4004,133.47,False,56,41,168,23,168,0,62,62,0,278,0.6629,-1
Blue,5,squid,1,0,-,Blue,fishy,10,1,defender_won,6521,217.37,False,42,33,126,11,126,0,62,62,0,412,0.7094,-1
Blue,5,squid,1,0,-,Blue,fishy,15,1,defender_won,27653,921.77,True,43,41,129,7,129,0,62,62,0,643,1.0000,-1
Blue,5,squid,1,0,-,Blue,fishy,30,1,force_destroyed_horizon,36000,1200.00,True,45,44,135,3,135,0,62,62,0,1333,1.0000,220
Blue,5,squid,1,4,eel,Blue,fishy,0,1,castle_destroyed,813,27.10,False,0,0,0,0,0,28,706,62,1,-1,1.0000,123
Blue,5,squid,1,4,eel,Blue,fishy,1,1,defender_won,2528,84.27,False,208,183,624,88,624,7,223,62,0,208,0.6459,-1
Blue,5,squid,1,4,eel,Blue,fishy,2,1,castle_destroyed,3524,117.47,False,145,145,435,42,435,10,292,62,0,289,0.7941,360
Blue,5,squid,1,4,eel,Blue,fishy,3,1,castle_destroyed,2350,78.33,False,136,136,408,28,408,14,384,62,0,408,0.9876,423
Blue,5,squid,1,4,eel,Blue,fishy,5,1,castle_destroyed,1797,59.90,False,111,111,333,17,333,19,499,62,0,553,1.0000,217
Blue,5,squid,1,4,eel,Blue,fishy,10,1,castle_destroyed,1331,44.37,False,99,99,297,8,297,33,821,62,0,983,1.0000,166
Blue,5,squid,1,4,eel,Blue,fishy,15,1,castle_destroyed,1049,34.97,False,70,70,210,6,0,35,867,62,1,-1,1.0000,143
Blue,5,squid,1,4,eel,Blue,fishy,30,1,castle_destroyed,834,27.80,False,28,28,84,3,0,28,706,62,1,-1,1.0000,128
Blue,5,squid,3,0,-,Blue,fishy,0,1,castle_destroyed,2103,70.10,False,0,0,0,0,0,0,186,186,3,-1,1.0000,143
Blue,5,squid,3,0,-,Blue,fishy,1,1,defender_won,905,30.17,False,231,131,693,104,693,0,186,186,0,231,0.6071,-1
Blue,5,squid,3,0,-,Blue,fishy,2,1,defender_won,1821,60.70,False,149,110,447,52,447,0,186,186,0,298,0.6565,-1
Blue,5,squid,3,0,-,Blue,fishy,3,1,defender_won,2665,88.83,False,123,98,369,34,369,0,186,186,0,368,0.7271,-1
Blue,5,squid,3,0,-,Blue,fishy,5,1,defender_won,5521,184.03,False,97,86,291,20,291,0,186,186,0,483,0.8259,-1
Blue,5,squid,3,0,-,Blue,fishy,10,1,defender_won,27804,926.80,True,80,78,240,10,240,0,186,186,0,793,1.0000,262
Blue,5,squid,3,0,-,Blue,fishy,15,1,force_destroyed_horizon,36000,1200.00,True,89,88,267,7,267,0,186,186,0,1333,1.0000,214
Blue,5,squid,3,0,-,Blue,fishy,30,1,force_destroyed_horizon,36000,1200.00,True,84,83,252,3,252,0,186,186,0,2503,1.0000,176
Blue,5,squid,3,4,eel,Blue,fishy,0,1,castle_destroyed,737,24.57,False,0,0,0,0,0,25,761,186,3,-1,1.0000,123
Blue,5,squid,3,4,eel,Blue,fishy,1,1,defender_won,27295,909.83,True,275,273,825,86,825,10,416,186,0,275,0.6459,-1
Blue,5,squid,3,4,eel,Blue,fishy,2,1,castle_destroyed,3580,119.33,False,177,177,531,42,531,12,462,186,0,354,0.8418,406
Blue,5,squid,3,4,eel,Blue,fishy,3,1,castle_destroyed,2061,68.70,False,154,154,462,28,462,16,554,186,0,460,1.0000,375
Blue,5,squid,3,4,eel,Blue,fishy,5,1,castle_destroyed,1596,53.20,False,133,133,399,17,399,23,715,186,0,663,1.0000,216
Blue,5,squid,3,4,eel,Blue,fishy,10,1,castle_destroyed,1135,37.83,False,112,112,336,8,336,38,1060,186,0,1113,1.0000,166
Blue,5,squid,3,4,eel,Blue,fishy,15,1,castle_destroyed,876,29.20,False,59,58,177,6,0,30,876,186,3,-1,1.0000,143
Blue,5,squid,3,4,eel,Blue,fishy,30,1,castle_destroyed,754,25.13,False,26,25,78,3,0,26,784,186,3,-1,1.0000,128
Blue,5,squid,5,0,-,Blue,fishy,0,1,castle_destroyed,1359,45.30,False,0,0,0,0,0,0,310,310,5,-1,1.0000,143
Blue,5,squid,5,0,-,Blue,fishy,1,1,defender_won,913,30.43,False,272,166,816,106,816,0,310,310,0,272,0.6071,-1
Blue,5,squid,5,0,-,Blue,fishy,2,1,defender_won,2044,68.13,False,180,145,540,52,540,0,310,310,0,360,0.7041,-1
Blue,5,squid,5,0,-,Blue,fishy,3,1,defender_won,3289,109.63,False,150,130,450,34,450,0,310,310,0,450,0.7818,-1
Blue,5,squid,5,0,-,Blue,fishy,5,1,defender_won,9714,323.80,False,119,113,357,20,357,0,310,310,0,593,1.0000,442
Blue,5,squid,5,0,-,Blue,fishy,10,1,defender_won,19154,638.47,True,109,106,327,10,327,0,310,310,0,1090,1.0000,241
Blue,5,squid,5,0,-,Blue,fishy,15,1,force_destroyed_horizon,36000,1200.00,True,105,104,315,7,315,0,310,310,0,1573,1.0000,214
Blue,5,squid,5,0,-,Blue,fishy,30,1,castle_destroyed,1612,53.73,False,54,54,162,3,0,0,310,310,5,-1,1.0000,176
Blue,5,squid,5,4,eel,Blue,fishy,0,1,castle_destroyed,680,22.67,False,0,0,0,0,0,23,839,310,5,-1,1.0000,123
Blue,5,squid,5,4,eel,Blue,fishy,1,1,defender_won,27355,911.83,True,335,333,1005,86,1005,12,586,310,0,335,0.6459,-1
Blue,5,squid,5,4,eel,Blue,fishy,2,1,castle_destroyed,2382,79.40,False,212,212,636,42,636,15,655,310,0,423,0.9106,460
Blue,5,squid,5,4,eel,Blue,fishy,3,1,castle_destroyed,2093,69.77,False,172,172,516,28,516,18,724,310,0,514,1.0000,378
Blue,5,squid,5,4,eel,Blue,fishy,5,1,castle_destroyed,1621,54.03,False,147,147,441,17,441,25,885,310,0,733,1.0000,216
Blue,5,squid,5,4,eel,Blue,fishy,10,1,castle_destroyed,928,30.93,False,93,92,279,8,0,31,1023,310,5,-1,1.0000,166
Blue,5,squid,5,4,eel,Blue,fishy,15,1,castle_destroyed,767,25.57,False,52,51,156,6,0,26,908,310,5,-1,1.0000,143
Blue,5,squid,5,4,eel,Blue,fishy,30,1,castle_destroyed,694,23.13,False,24,23,72,3,0,24,862,310,5,-1,1.0000,128
Blue,6,judge,1,0,-,Blue,fishy,0,1,castle_destroyed,2989,99.63,False,0,0,0,0,0,0,376,376,1,-1,1.0000,244
Blue,6,judge,1,0,-,Blue,fishy,1,1,defender_won,683,22.77,False,299,111,897,188,897,0,376,376,0,299,0.4653,-1
Blue,6,judge,1,0,-,Blue,fishy,2,1,defender_won,1172,39.07,False,238,148,714,97,714,0,376,376,0,475,0.4659,-1
Blue,6,judge,1,0,-,Blue,fishy,3,1,defender_won,1750,58.33,False,209,156,627,62,627,0,376,376,0,627,0.4694,-1
Blue,6,judge,1,0,-,Blue,fishy,5,1,defender_won,3128,104.27,False,172,147,516,38,516,0,376,376,0,857,0.4776,-1
Blue,6,judge,1,0,-,Blue,fishy,10,1,defender_won,8675,289.17,False,182,174,546,18,546,0,376,376,0,1818,0.7800,-1
Blue,6,judge,1,0,-,Blue,fishy,15,1,defender_won,10135,337.83,False,156,149,468,12,468,0,376,376,0,2338,0.5982,-1
Blue,6,judge,1,0,-,Blue,fishy,30,1,defender_won,32871,1095.70,True,196,194,588,5,588,0,376,376,0,5861,1.0000,-1
Blue,6,judge,1,4,eel,Blue,fishy,0,1,castle_destroyed,781,26.03,False,0,0,0,0,0,27,997,376,1,-1,1.0000,123
Blue,6,judge,1,4,eel,Blue,fishy,1,1,defender_won,2318,77.27,False,934,890,2802,116,2802,32,1112,376,0,934,0.6012,-1
Blue,6,judge,1,4,eel,Blue,fishy,2,1,castle_destroyed,3993,133.10,False,1061,1061,3183,42,3183,71,2009,376,0,2121,1.0000,970
Blue,6,judge,1,4,eel,Blue,fishy,3,1,castle_destroyed,3092,103.07,False,926,926,2778,28,2778,93,2515,376,0,2776,1.0000,453
Blue,6,judge,1,4,eel,Blue,fishy,5,1,castle_destroyed,2316,77.20,False,464,461,1392,17,0,78,2170,376,1,-1,1.0000,244
Blue,6,judge,1,4,eel,Blue,fishy,10,1,castle_destroyed,1194,39.80,False,120,119,360,8,0,40,1296,376,1,-1,1.0000,168
Blue,6,judge,1,4,eel,Blue,fishy,15,1,castle_destroyed,947,31.57,False,64,63,192,6,0,32,1112,376,1,-1,1.0000,143
Blue,6,judge,1,4,eel,Blue,fishy,30,1,castle_destroyed,794,26.47,False,27,27,81,3,0,27,997,376,1,-1,1.0000,128
Blue,6,judge,3,0,-,Blue,fishy,0,1,castle_destroyed,1174,39.13,False,0,0,0,0,0,0,1128,1128,3,-1,1.0000,244
Blue,6,judge,3,0,-,Blue,fishy,1,1,defender_won,1113,37.10,False,678,514,2034,164,2034,0,1128,1128,0,678,0.4653,-1
Blue,6,judge,3,0,-,Blue,fishy,2,1,defender_won,1715,57.17,False,422,351,1266,86,1266,0,1128,1128,0,843,0.4659,-1
Blue,6,judge,3,0,-,Blue,fishy,3,1,defender_won,2763,92.10,False,443,402,1329,59,1329,0,1128,1128,0,1329,0.5176,-1
Blue,6,judge,3,0,-,Blue,fishy,5,1,defender_won,4601,153.37,False,427,404,1281,30,1281,0,1128,1128,0,2132,0.6541,-1
Blue,6,judge,3,0,-,Blue,fishy,10,1,defender_won,17235,574.50,False,365,361,1095,14,1095,0,1128,1128,0,3643,1.0000,1102
Blue,6,judge,3,0,-,Blue,fishy,15,1,defender_won,19599,653.30,True,401,397,1203,9,1203,0,1128,1128,0,6011,1.0000,515
Blue,6,judge,3,0,-,Blue,fishy,30,1,castle_destroyed,2304,76.80,False,77,77,231,5,0,0,1128,1128,3,-1,1.0000,325
Blue,6,judge,3,4,eel,Blue,fishy,0,1,castle_destroyed,664,22.13,False,0,0,0,0,0,23,1657,1128,3,-1,1.0000,123
Blue,6,judge,3,4,eel,Blue,fishy,1,1,defender_won,3097,103.23,False,1195,1164,3585,95,3585,40,2048,1128,0,1195,0.6012,-1
Blue,6,judge,3,4,eel,Blue,fishy,2,1,castle_destroyed,3787,126.23,False,1089,1089,3267,42,3267,73,2807,1128,0,2177,1.0000,608
Blue,6,judge,3,4,eel,Blue,fishy,3,1,castle_destroyed,1869,62.30,False,623,619,1869,28,0,63,2577,1128,3,-1,1.0000,444
Blue,6,judge,3,4,eel,Blue,fishy,5,1,castle_destroyed,1454,48.47,False,291,289,873,17,0,49,2255,1128,3,-1,1.0000,244
Blue,6,judge,3,4,eel,Blue,fishy,10,1,castle_destroyed,819,27.30,False,82,81,246,8,0,28,1772,1128,3,-1,1.0000,168
Blue,6,judge,3,4,eel,Blue,fishy,15,1,castle_destroyed,724,24.13,False,49,48,147,6,0,25,1703,1128,3,-1,1.0000,143
Blue,6,judge,3,4,eel,Blue,fishy,30,1,castle_destroyed,675,22.50,False,23,23,69,3,0,23,1657,1128,3,-1,1.0000,128
Blue,6,judge,5,0,-,Blue,fishy,0,1,castle_destroyed,829,27.63,False,0,0,0,0,0,0,1880,1880,5,-1,1.0000,244
Blue,6,judge,5,0,-,Blue,fishy,1,1,defender_won,1303,43.43,False,878,710,2634,168,2634,0,1880,1880,0,878,0.4653,-1
Blue,6,judge,5,0,-,Blue,fishy,2,1,defender_won,1972,65.73,False,550,479,1650,83,1650,0,1880,1880,0,1099,0.4806,-1
Blue,6,judge,5,0,-,Blue,fishy,3,1,defender_won,3392,113.07,False,542,509,1626,56,1626,0,1880,1880,0,1625,0.6871,-1
Blue,6,judge,5,0,-,Blue,fishy,5,1,defender_won,7660,255.33,False,521,510,1563,30,1563,0,1880,1880,0,2605,1.0000,-1
Blue,6,judge,5,0,-,Blue,fishy,10,1,castle_destroyed,3469,115.63,False,347,346,1041,14,0,0,1880,1880,5,-1,1.0000,591
Blue,6,judge,5,0,-,Blue,fishy,15,1,castle_destroyed,3159,105.30,False,211,210,633,9,0,0,1880,1880,5,-1,1.0000,382
Blue,6,judge,5,0,-,Blue,fishy,30,1,castle_destroyed,1114,37.13,False,38,37,114,5,0,0,1880,1880,5,-1,1.0000,325
Blue,6,judge,5,4,eel,Blue,fishy,0,1,castle_destroyed,601,20.03,False,0,0,0,0,0,21,2363,1880,5,-1,1.0000,123
Blue,6,judge,5,4,eel,Blue,fishy,1,1,defender_won,2961,98.70,False,1259,1224,3777,95,3777,42,2846,1880,0,1259,0.6012,-1
Blue,6,judge,5,4,eel,Blue,fishy,2,1,castle_destroyed,3240,108.00,False,1105,1105,3315,42,3315,74,3582,1880,0,2209,1.0000,664
Blue,6,judge,5,4,eel,Blue,fishy,3,1,castle_destroyed,1845,61.50,False,615,611,1845,28,0,62,3306,1880,5,-1,1.0000,432
Blue,6,judge,5,4,eel,Blue,fishy,5,1,castle_destroyed,1000,33.33,False,200,198,600,17,0,34,2662,1880,5,-1,1.0000,244
Blue,6,judge,5,4,eel,Blue,fishy,10,1,castle_destroyed,679,22.63,False,68,67,204,8,0,23,2409,1880,5,-1,1.0000,168
Blue,6,judge,5,4,eel,Blue,fishy,15,1,castle_destroyed,633,21.10,False,43,42,129,6,0,22,2386,1880,5,-1,1.0000,143
Blue,6,judge,5,4,eel,Blue,fishy,30,1,castle_destroyed,604,20.13,False,21,20,63,3,0,21,2363,1880,5,-1,1.0000,128
Blue,7,octoboi,1,0,-,Blue,fishy,0,1,castle_destroyed,1184,39.47,False,0,0,0,0,0,0,1379,1379,1,-1,1.0000,568
Blue,7,octoboi,1,0,-,Blue,fishy,1,1,defender_won,1140,38.00,False,796,589,2388,251,2388,0,1379,1379,0,796,0.2647,-1
Blue,7,octoboi,1,0,-,Blue,fishy,2,1,defender_won,3612,120.40,False,1806,1673,5418,141,0,0,1379,1379,1,-1,0.2665,-1
Blue,7,octoboi,1,0,-,Blue,fishy,3,1,defender_won,4232,141.07,False,1317,1240,3951,97,3951,0,1379,1379,0,3951,0.2682,-1
Blue,7,octoboi,1,0,-,Blue,fishy,5,1,defender_won,5579,185.97,False,966,924,2898,58,2898,0,1379,1379,0,4830,0.2700,-1
Blue,7,octoboi,1,0,-,Blue,fishy,10,1,defender_won,8407,280.23,False,577,556,1731,27,1731,0,1379,1379,0,5767,0.2806,-1
Blue,7,octoboi,1,0,-,Blue,fishy,15,1,defender_won,12671,422.37,False,513,502,1539,17,1539,0,1379,1379,0,7686,0.2965,-1
Blue,7,octoboi,1,0,-,Blue,fishy,30,1,force_destroyed_horizon,36000,1200.00,True,570,568,1710,8,1710,0,1379,1379,0,17092,1.0000,-1
Blue,7,octoboi,1,4,eel,Blue,fishy,0,1,castle_destroyed,722,24.07,False,0,0,0,0,0,25,1954,1379,1,-1,1.0000,123
Blue,7,octoboi,1,4,eel,Blue,fishy,1,1,defender_won,4861,162.03,False,4452,4281,13356,197,13356,149,4806,1379,0,4452,0.4894,-1
Blue,7,octoboi,1,4,eel,Blue,fishy,2,1,castle_destroyed,4786,159.53,False,2393,2387,7179,42,0,160,5059,1379,1,-1,1.0000,796
Blue,7,octoboi,1,4,eel,Blue,fishy,3,1,castle_destroyed,2250,75.00,False,750,746,2250,28,0,75,3104,1379,1,-1,1.0000,483
Blue,7,octoboi,1,4,eel,Blue,fishy,5,1,castle_destroyed,1184,39.47,False,237,235,711,17,0,40,2299,1379,1,-1,1.0000,280
Blue,7,octoboi,1,4,eel,Blue,fishy,10,1,castle_destroyed,878,29.27,False,88,87,264,8,0,30,2069,1379,1,-1,1.0000,168
Blue,7,octoboi,1,4,eel,Blue,fishy,15,1,castle_destroyed,874,29.13,False,59,58,177,6,0,30,2069,1379,1,-1,1.0000,143
Blue,7,octoboi,1,4,eel,Blue,fishy,30,1,castle_destroyed,731,24.37,False,25,24,75,3,0,25,1954,1379,1,-1,1.0000,128
Blue,7,octoboi,3,0,-,Blue,fishy,0,1,castle_destroyed,782,26.07,False,0,0,0,0,0,0,4137,4137,3,-1,1.0000,568
Blue,7,octoboi,3,0,-,Blue,fishy,1,1,defender_won,2368,78.93,False,2091,1902,6273,277,6273,0,4137,4137,0,2091,0.2647,-1
Blue,7,octoboi,3,0,-,Blue,fishy,2,1,defender_won,4180,139.33,False,2031,1921,6093,144,6093,0,4137,4137,0,4062,0.2665,-1
Blue,7,octoboi,3,0,-,Blue,fishy,3,1,defender_won,4627,154.23,False,1439,1367,4317,97,4317,0,4137,4137,0,4316,0.2682,-1
Blue,7,octoboi,3,0,-,Blue,fishy,5,1,defender_won,5377,179.23,False,894,846,2682,61,2682,0,4137,4137,0,4469,0.3212,-1
Blue,7,octoboi,3,0,-,Blue,fishy,10,1,castle_destroyed,5189,172.97,False,519,518,1557,20,0,0,4137,4137,3,-1,1.0000,4451
Blue,7,octoboi,3,0,-,Blue,fishy,15,1,defender_won,22817,760.57,True,794,789,2382,13,2382,0,4137,4137,0,11907,1.0000,7627
Blue,7,octoboi,3,0,-,Blue,fishy,30,1,castle_destroyed,2022,67.40,False,68,67,204,6,0,0,4137,4137,3,-1,1.0000,1177
Blue,7,octoboi,3,4,eel,Blue,fishy,0,1,castle_destroyed,661,22.03,False,0,0,0,0,0,23,4666,4137,3,-1,1.0000,123
Blue,7,octoboi,3,4,eel,Blue,fishy,1,1,defender_won,7056,235.20,False,5643,5600,16929,116,16929,189,8484,4137,0,5643,0.4894,-1
Blue,7,octoboi,3,4,eel,Blue,fishy,2,1,castle_destroyed,1966,65.53,False,983,977,2949,42,0,66,5655,4137,3,-1,1.0000,752
Blue,7,octoboi,3,4,eel,Blue,fishy,3,1,castle_destroyed,1239,41.30,False,413,409,1239,28,0,42,5103,4137,3,-1,1.0000,483
Blue,7,octoboi,3,4,eel,Blue,fishy,5,1,castle_destroyed,829,27.63,False,166,164,498,17,0,28,4781,4137,3,-1,1.0000,280
Blue,7,octoboi,3,4,eel,Blue,fishy,10,1,castle_destroyed,712,23.73,False,72,70,216,8,0,24,4689,4137,3,-1,1.0000,168
Blue,7,octoboi,3,4,eel,Blue,fishy,15,1,castle_destroyed,752,25.07,False,51,50,153,6,0,26,4735,4137,3,-1,1.0000,143
Blue,7,octoboi,3,4,eel,Blue,fishy,30,1,castle_destroyed,672,22.40,False,23,22,69,3,0,23,4666,4137,3,-1,1.0000,128
Blue,7,octoboi,5,0,-,Blue,fishy,0,1,castle_destroyed,722,24.07,False,0,0,0,0,0,0,6895,6895,5,-1,1.0000,568
Blue,7,octoboi,5,0,-,Blue,fishy,1,1,defender_won,3019,100.63,False,2769,2513,8307,258,8307,0,6895,6895,0,2769,0.2647,-1
Blue,7,octoboi,5,0,-,Blue,fishy,2,1,defender_won,3841,128.03,False,1845,1733,5535,143,5535,0,6895,6895,0,3690,0.2665,-1
Blue,7,octoboi,5,0,-,Blue,fishy,3,1,defender_won,4948,164.93,False,1520,1457,4560,99,4560,0,6895,6895,0,4560,0.2894,-1
Blue,7,octoboi,5,0,-,Blue,fishy,5,1,defender_won,5537,184.57,False,847,803,2541,50,2541,0,6895,6895,0,4233,0.5647,-1
Blue,7,octoboi,5,0,-,Blue,fishy,10,1,defender_won,18873,629.10,True,1103,1096,3309,20,3309,0,6895,6895,0,11029,1.0000,4806
Blue,7,octoboi,5,0,-,Blue,fishy,15,1,castle_destroyed,1854,61.80,False,124,123,372,13,0,0,6895,6895,5,-1,1.0000,1315
Blue,7,octoboi,5,0,-,Blue,fishy,30,1,castle_destroyed,919,30.63,False,31,31,93,6,0,0,6895,6895,5,-1,1.0000,682
Blue,7,octoboi,5,4,eel,Blue,fishy,0,1,castle_destroyed,658,21.93,False,0,0,0,0,0,22,7401,6895,5,-1,1.0000,123
Blue,7,octoboi,5,4,eel,Blue,fishy,1,1,defender_won,6485,216.17,False,5590,5518,16770,129,16770,187,11196,6895,0,5590,0.4894,-1
Blue,7,octoboi,5,4,eel,Blue,fishy,2,1,castle_destroyed,1516,50.53,False,758,752,2274,42,0,51,8068,6895,5,-1,1.0000,752
Blue,7,octoboi,5,4,eel,Blue,fishy,3,1,castle_destroyed,1080,36.00,False,360,356,1080,28,0,36,7723,6895,5,-1,1.0000,483
Blue,7,octoboi,5,4,eel,Blue,fishy,5,1,castle_destroyed,782,26.07,False,157,154,471,17,0,27,7516,6895,5,-1,1.0000,280
Blue,7,octoboi,5,4,eel,Blue,fishy,10,1,castle_destroyed,688,22.93,False,69,68,207,8,0,23,7424,6895,5,-1,1.0000,168
Blue,7,octoboi,5,4,eel,Blue,fishy,15,1,castle_destroyed,735,24.50,False,49,49,147,6,0,25,7470,6895,5,-1,1.0000,143
Blue,7,octoboi,5,4,eel,Blue,fishy,30,1,castle_destroyed,658,21.93,False,22,22,66,3,0,22,7401,6895,5,-1,1.0000,128
Blue,8,lightningbear,1,0,-,Blue,fishy,0,1,castle_destroyed,576,19.20,False,0,0,0,0,0,0,19416,19416,1,-1,1.0000,426
Blue,8,lightningbear,1,0,-,Blue,fishy,1,1,defender_won,2653,88.43,False,2356,2101,7068,288,7068,0,19416,19416,0,2356,0.3271,-1
Blue,8,lightningbear,1,0,-,Blue,fishy,2,1,defender_won,5305,176.83,False,2254,2176,6762,144,6762,0,19416,19416,0,4507,0.3282,-1
Blue,8,lightningbear,1,0,-,Blue,fishy,3,1,defender_won,7499,249.97,False,2224,2151,6672,96,6672,0,19416,19416,0,6670,0.3335,-1
Blue,8,lightningbear,1,0,-,Blue,fishy,5,1,defender_won,12186,406.20,False,2175,2131,6525,57,6525,0,19416,19416,0,10872,0.3441,-1
Blue,8,lightningbear,1,0,-,Blue,fishy,10,1,defender_won,23569,785.63,True,2092,2071,6276,28,6276,0,19416,19416,0,20919,0.3706,-1
Blue,8,lightningbear,1,0,-,Blue,fishy,15,1,defender_won,34434,1147.80,True,2014,2001,6042,19,6042,0,19416,19416,0,30204,0.3971,-1
Blue,8,lightningbear,1,0,-,Blue,fishy,30,1,survived_horizon,36000,1200.00,True,1200,1196,3600,9,0,0,19416,19416,1,-1,0.4765,-1
Blue,8,lightningbear,1,4,eel,Blue,fishy,0,1,castle_destroyed,426,14.20,False,0,0,0,0,0,15,19761,19416,1,-1,1.0000,123
Blue,8,lightningbear,1,4,eel,Blue,fishy,1,1,defender_won,24552,818.40,True,23272,23224,69816,107,69816,776,37264,19416,0,23272,0.5353,-1
Blue,8,lightningbear,1,4,eel,Blue,fishy,2,1,castle_destroyed,812,27.07,False,406,400,1218,42,0,28,20060,19416,1,-1,1.0000,662
Blue,8,lightningbear,1,4,eel,Blue,fishy,3,1,castle_destroyed,572,19.07,False,191,187,573,28,0,20,19876,19416,1,-1,1.0000,483
Blue,8,lightningbear,1,4,eel,Blue,fishy,5,1,castle_destroyed,426,14.20,False,86,83,258,17,0,15,19761,19416,1,-1,1.0000,280
Blue,8,lightningbear,1,4,eel,Blue,fishy,10,1,castle_destroyed,426,14.20,False,43,42,129,8,0,15,19761,19416,1,-1,1.0000,168
Blue,8,lightningbear,1,4,eel,Blue,fishy,15,1,castle_destroyed,426,14.20,False,29,28,87,6,0,15,19761,19416,1,-1,1.0000,143
Blue,8,lightningbear,1,4,eel,Blue,fishy,30,1,castle_destroyed,426,14.20,False,15,14,45,3,0,15,19761,19416,1,-1,1.0000,128
Blue,8,lightningbear,3,0,-,Blue,fishy,0,1,castle_destroyed,456,15.20,False,0,0,0,0,0,0,58248,58248,3,-1,1.0000,426
Blue,8,lightningbear,3,0,-,Blue,fishy,1,1,defender_won,5276,175.87,False,4909,4711,14727,228,14727,0,58248,58248,0,4909,0.3271,-1
Blue,8,lightningbear,3,0,-,Blue,fishy,2,1,defender_won,10552,351.73,False,4844,4772,14532,113,14532,0,58248,58248,0,9687,0.4971,-1
Blue,8,lightningbear,3,0,-,Blue,fishy,3,1,defender_won,15477,515.90,False,4742,4694,14226,76,14226,0,58248,58248,0,14224,0.6982,-1
Blue,8,lightningbear,3,0,-,Blue,fishy,5,1,defender_won,27602,920.07,True,4949,4929,14847,44,14847,0,58248,58248,0,24742,1.0000,-1
Blue,8,lightningbear,3,0,-,Blue,fishy,10,1,survived_horizon,36000,1200.00,True,3600,3598,10800,22,0,0,58248,58248,3,-1,1.0000,-1
Blue,8,lightningbear,3,0,-,Blue,fishy,15,1,survived_horizon,36000,1200.00,True,2400,2399,7200,14,0,0,58248,58248,3,-1,1.0000,-1
Blue,8,lightningbear,3,0,-,Blue,fishy,30,1,survived_horizon,36000,1200.00,True,1200,1200,3600,7,0,0,58248,58248,3,-1,1.0000,-1
Blue,8,lightningbear,3,4,eel,Blue,fishy,0,1,castle_destroyed,426,14.20,False,0,0,0,0,0,15,58593,58248,3,-1,1.0000,123
Blue,8,lightningbear,3,4,eel,Blue,fishy,1,1,defender_won,24612,820.40,True,23332,23284,69996,107,69996,778,76142,58248,0,23332,0.5353,-1
Blue,8,lightningbear,3,4,eel,Blue,fishy,2,1,castle_destroyed,812,27.07,False,406,400,1218,42,0,28,58892,58248,3,-1,1.0000,662
Blue,8,lightningbear,3,4,eel,Blue,fishy,3,1,castle_destroyed,486,16.20,False,162,158,486,28,0,17,58639,58248,3,-1,1.0000,483
Blue,8,lightningbear,3,4,eel,Blue,fishy,5,1,castle_destroyed,426,14.20,False,86,83,258,17,0,15,58593,58248,3,-1,1.0000,280
Blue,8,lightningbear,3,4,eel,Blue,fishy,10,1,castle_destroyed,426,14.20,False,43,42,129,8,0,15,58593,58248,3,-1,1.0000,168
Blue,8,lightningbear,3,4,eel,Blue,fishy,15,1,castle_destroyed,426,14.20,False,29,28,87,6,0,15,58593,58248,3,-1,1.0000,143
Blue,8,lightningbear,3,4,eel,Blue,fishy,30,1,castle_destroyed,426,14.20,False,15,14,45,3,0,15,58593,58248,3,-1,1.0000,128
Blue,8,lightningbear,5,0,-,Blue,fishy,0,1,castle_destroyed,456,15.20,False,0,0,0,0,0,0,97080,97080,5,-1,1.0000,426
Blue,8,lightningbear,5,0,-,Blue,fishy,1,1,defender_won,9845,328.17,False,9456,9271,28368,185,28368,0,97080,97080,0,9456,0.3271,-1
Blue,8,lightningbear,5,0,-,Blue,fishy,2,1,defender_won,19875,662.50,True,9242,9198,27726,98,27726,0,97080,97080,0,18483,0.9712,-1
Blue,8,lightningbear,5,0,-,Blue,fishy,3,1,defender_won,28912,963.73,True,8962,8933,26886,65,26886,0,97080,97080,0,26885,1.0000,-1
Blue,8,lightningbear,5,0,-,Blue,fishy,5,1,survived_horizon,36000,1200.00,True,7200,7196,21600,39,0,0,97080,97080,5,-1,1.0000,-1
Blue,8,lightningbear,5,0,-,Blue,fishy,10,1,survived_horizon,36000,1200.00,True,3600,3598,10800,19,0,0,97080,97080,5,-1,1.0000,-1
Blue,8,lightningbear,5,0,-,Blue,fishy,15,1,survived_horizon,36000,1200.00,True,2400,2399,7200,12,0,0,97080,97080,5,-1,1.0000,-1
Blue,8,lightningbear,5,0,-,Blue,fishy,30,1,castle_destroyed,1059,35.30,False,36,35,108,6,0,0,97080,97080,5,-1,1.0000,909
Blue,8,lightningbear,5,4,eel,Blue,fishy,0,1,castle_destroyed,426,14.20,False,0,0,0,0,0,15,97425,97080,5,-1,1.0000,123
Blue,8,lightningbear,5,4,eel,Blue,fishy,1,1,defender_won,24672,822.40,True,23392,23344,70176,107,70176,780,115020,97080,0,23392,0.5353,-1
Blue,8,lightningbear,5,4,eel,Blue,fishy,2,1,castle_destroyed,684,22.80,False,342,336,1026,42,0,23,97609,97080,5,-1,1.0000,662
Blue,8,lightningbear,5,4,eel,Blue,fishy,3,1,castle_destroyed,486,16.20,False,162,158,486,28,0,17,97471,97080,5,-1,1.0000,483
Blue,8,lightningbear,5,4,eel,Blue,fishy,5,1,castle_destroyed,426,14.20,False,86,83,258,17,0,15,97425,97080,5,-1,1.0000,280
Blue,8,lightningbear,5,4,eel,Blue,fishy,10,1,castle_destroyed,426,14.20,False,43,42,129,8,0,15,97425,97080,5,-1,1.0000,168
Blue,8,lightningbear,5,4,eel,Blue,fishy,15,1,castle_destroyed,426,14.20,False,29,28,87,6,0,15,97425,97080,5,-1,1.0000,143
Blue,8,lightningbear,5,4,eel,Blue,fishy,30,1,castle_destroyed,426,14.20,False,15,14,45,3,0,15,97425,97080,5,-1,1.0000,128
Green,5,gecko,1,0,-,Green,minisnecko,0,1,castle_destroyed,5978,199.27,False,0,0,0,0,0,0,46,46,1,-1,1.0000,143
Green,5,gecko,1,0,-,Green,minisnecko,1,1,defender_won,1020,34.00,False,132,31,132,101,132,0,46,46,0,132,0.5294,-1
Green,5,gecko,1,0,-,Green,minisnecko,2,1,defender_won,2241,74.70,False,90,49,90,52,90,0,46,46,0,179,0.5647,-1
Green,5,gecko,1,0,-,Green,minisnecko,3,1,defender_won,3078,102.60,False,69,40,69,39,69,0,46,46,0,206,0.5435,-1
Green,5,gecko,1,0,-,Green,minisnecko,5,1,defender_won,5771,192.37,False,61,46,61,23,61,0,46,46,0,301,0.5647,-1
Green,5,gecko,1,0,-,Green,minisnecko,10,1,force_destroyed_horizon,36000,1200.00,True,63,63,63,8,63,0,46,46,0,630,1.0000,-1
Green,5,gecko,1,0,-,Green,minisnecko,15,1,defender_won,20825,694.17,True,40,36,40,7,40,0,46,46,0,591,0.7059,-1
Green,5,gecko,1,0,-,Green,minisnecko,30,1,force_destroyed_horizon,36000,1200.00,True,50,49,50,3,50,0,46,46,0,1487,1.0000,153
Green,5,gecko,1,4,snecko,Green,minisnecko,0,1,castle_destroyed,887,29.57,False,0,0,0,0,0,30,676,46,1,-1,1.0000,143
Green,5,gecko,1,4,snecko,Green,minisnecko,1,1,castle_destroyed,11096,369.87,False,210,210,210,81,210,7,193,46,0,210,0.5294,365
Green,5,gecko,1,4,snecko,Green,minisnecko,2,1,castle_destroyed,2531,84.37,False,138,138,138,43,138,10,256,46,0,276,0.6847,368
Green,5,gecko,1,4,snecko,Green,minisnecko,3,1,castle_destroyed,1614,53.80,False,122,122,122,27,122,13,319,46,0,366,0.9600,385
Green,5,gecko,1,4,snecko,Green,minisnecko,5,1,castle_destroyed,1311,43.70,False,106,106,106,16,106,18,424,46,0,530,1.0000,224
Green,5,gecko,1,4,snecko,Green,minisnecko,10,1,castle_destroyed,1098,36.60,False,102,102,102,8,102,34,760,46,0,1020,1.0000,184
Green,5,gecko,1,4,snecko,Green,minisnecko,15,1,castle_destroyed,943,31.43,False,63,63,63,5,0,32,718,46,1,-1,1.0000,170
Green,5,gecko,1,4,snecko,Green,minisnecko,30,1,castle_destroyed,899,29.97,False,30,30,30,3,0,30,676,46,1,-1,1.0000,153
Green,5,gecko,3,0,-,Green,minisnecko,0,1,castle_destroyed,2108,70.27,False,0,0,0,0,0,0,138,138,3,-1,1.0000,143
Green,5,gecko,3,0,-,Green,minisnecko,1,1,defender_won,1232,41.07,False,242,152,242,92,242,0,138,138,0,242,0.5294,-1
Green,5,gecko,3,0,-,Green,minisnecko,2,1,defender_won,2730,91.00,False,163,128,163,44,163,0,138,138,0,325,0.6494,-1
Green,5,gecko,3,0,-,Green,minisnecko,3,1,defender_won,4737,157.90,False,130,111,130,29,130,0,138,138,0,389,0.7129,-1
Green,5,gecko,3,0,-,Green,minisnecko,5,1,defender_won,27506,916.87,True,108,105,108,17,108,0,138,138,0,540,1.0000,359
Green,5,gecko,3,0,-,Green,minisnecko,10,1,force_destroyed_horizon,36000,1200.00,True,95,93,95,8,95,0,138,138,0,950,1.0000,286
Green,5,gecko,3,0,-,Green,minisnecko,15,1,force_destroyed_horizon,36000,1200.00,True,114,113,114,5,114,0,138,138,0,1705,1.0000,187
Green,5,gecko,3,0,-,Green,minisnecko,30,1,force_destroyed_horizon,36000,1200.00,True,82,81,82,3,82,0,138,138,0,2440,1.0000,153
Green,5,gecko,3,4,snecko,Green,minisnecko,0,1,castle_destroyed,798,26.60,False,0,0,0,0,0,27,705,138,3,-1,1.0000,143
Green,5,gecko,3,4,snecko,Green,minisnecko,1,1,castle_destroyed,11156,371.87,False,270,270,270,81,270,9,327,138,0,270,0.5294,425
Green,5,gecko,3,4,snecko,Green,minisnecko,2,1,castle_destroyed,2218,73.93,False,179,179,179,43,179,12,390,138,0,357,0.8329,409
Green,5,gecko,3,4,snecko,Green,minisnecko,3,1,castle_destroyed,1658,55.27,False,149,149,149,27,149,15,453,138,0,445,1.0000,341
Green,5,gecko,3,4,snecko,Green,minisnecko,5,1,castle_destroyed,1350,45.00,False,132,132,132,16,132,22,600,138,0,660,1.0000,232
Green,5,gecko,3,4,snecko,Green,minisnecko,10,1,castle_destroyed,913,30.43,False,92,91,92,8,0,31,789,138,3,-1,1.0000,179
Green,5,gecko,3,4,snecko,Green,minisnecko,15,1,castle_destroyed,827,27.57,False,56,55,56,5,0,28,726,138,3,-1,1.0000,170
Green,5,gecko,3,4,snecko,Green,minisnecko,30,1,castle_destroyed,806,26.87,False,27,27,27,3,0,27,705,138,3,-1,1.0000,153
Green,5,gecko,5,0,-,Green,minisnecko,0,1,castle_destroyed,1358,45.27,False,0,0,0,0,0,0,230,230,5,-1,1.0000,143
Green,5,gecko,5,0,-,Green,minisnecko,1,1,defender_won,1307,43.57,False,307,218,307,89,307,0,230,230,0,307,0.5294,-1
Green,5,gecko,5,0,-,Green,minisnecko,2,1,defender_won,3617,120.57,False,204,178,204,44,204,0,230,230,0,408,0.7129,-1
Green,5,gecko,5,0,-,Green,minisnecko,3,1,defender_won,8656,288.53,False,160,150,160,29,160,0,230,230,0,479,0.9459,-1
Green,5,gecko,5,0,-,Green,minisnecko,5,1,defender_won,16911,563.70,False,136,131,136,17,136,0,230,230,0,677,1.0000,328
Green,5,gecko,5,0,-,Green,minisnecko,10,1,force_destroyed_horizon,36000,1200.00,True,107,106,107,8,107,0,230,230,0,1070,1.0000,286
Green,5,gecko,5,0,-,Green,minisnecko,15,1,force_destroyed_horizon,36000,1200.00,True,118,117,118,5,118,0,230,230,0,1765,1.0000,187
Green,5,gecko,5,0,-,Green,minisnecko,30,1,castle_destroyed,1858,61.93,False,62,62,62,3,0,0,230,230,5,-1,1.0000,153
Green,5,gecko,5,4,snecko,Green,minisnecko,0,1,castle_destroyed,728,24.27,False,0,0,0,0,0,25,755,230,5,-1,1.0000,143
Green,5,gecko,5,4,snecko,Green,minisnecko,1,1,castle_destroyed,11216,373.87,False,330,330,330,81,330,11,461,230,0,330,0.5294,485
Green,5,gecko,5,4,snecko,Green,minisnecko,2,1,castle_destroyed,2030,67.67,False,216,216,216,43,216,15,545,230,0,431,0.9459,457
Green,5,gecko,5,4,snecko,Green,minisnecko,3,1,castle_destroyed,1671,55.70,False,181,181,181,27,181,19,629,230,0,541,1.0000,326
Green,5,gecko,5,4,snecko,Green,minisnecko,5,1,castle_destroyed,1219,40.63,False,157,157,157,16,157,27,797,230,0,785,1.0000,232
Green,5,gecko,5,4,snecko,Green,minisnecko,10,1,castle_destroyed,803,26.77,False,81,80,81,8,0,27,797,230,5,-1,1.0000,179
Green,5,gecko,5,4,snecko,Green,minisnecko,15,1,castle_destroyed,748,24.93,False,50,50,50,5,0,25,755,230,5,-1,1.0000,170
Green,5,gecko,5,4,snecko,Green,minisnecko,30,1,castle_destroyed,738,24.60,False,25,25,25,3,0,25,755,230,5,-1,1.0000,153
Green,6,geico,1,0,-,Green,minisnecko,0,1,castle_destroyed,2944,98.13,False,0,0,0,0,0,0,212,212,1,-1,1.0000,244
Green,6,geico,1,0,-,Green,minisnecko,1,1,defender_won,973,32.43,False,240,117,240,166,240,0,212,212,0,240,0.3912,-1
Green,6,geico,1,0,-,Green,minisnecko,2,1,defender_won,1315,43.83,False,156,70,156,89,156,0,212,212,0,312,0.3953,-1
Green,6,geico,1,0,-,Green,minisnecko,3,1,defender_won,2205,73.50,False,164,115,164,60,164,0,212,212,0,491,0.3953,-1
Green,6,geico,1,0,-,Green,minisnecko,5,1,defender_won,4043,134.77,False,149,124,149,33,149,0,212,212,0,744,0.4094,-1
Green,6,geico,1,0,-,Green,minisnecko,10,1,defender_won,8110,270.33,False,132,120,132,16,132,0,212,212,0,1317,0.4941,-1
Green,6,geico,1,0,-,Green,minisnecko,15,1,defender_won,18156,605.20,True,130,125,130,10,130,0,212,212,0,1940,0.8612,-1
Green,6,geico,1,0,-,Green,minisnecko,30,1,force_destroyed_horizon,36000,1200.00,True,156,155,156,4,156,0,212,212,0,4669,1.0000,-1
Green,6,geico,1,4,snecko,Green,minisnecko,0,1,castle_destroyed,844,28.13,False,0,0,0,0,0,29,821,212,1,-1,1.0000,156
Green,6,geico,1,4,snecko,Green,minisnecko,1,1,castle_destroyed,11869,395.63,False,979,979,979,84,979,33,905,212,0,979,0.5082,1138
Green,6,geico,1,4,snecko,Green,minisnecko,2,1,castle_destroyed,2964,98.80,False,846,846,846,42,846,57,1409,212,0,1692,1.0000,837
Green,6,geico,1,4,snecko,Green,minisnecko,3,1,castle_destroyed,2630,87.67,False,785,785,785,28,785,79,1871,212,0,2353,1.0000,435
Green,6,geico,1,4,snecko,Green,minisnecko,5,1,castle_destroyed,1488,49.60,False,298,296,298,17,0,50,1262,212,1,-1,1.0000,289
Green,6,geico,1,4,snecko,Green,minisnecko,10,1,castle_destroyed,994,33.13,False,100,99,100,8,0,34,926,212,1,-1,1.0000,203
Green,6,geico,1,4,snecko,Green,minisnecko,15,1,castle_destroyed,886,29.53,False,60,59,60,6,0,30,842,212,1,-1,1.0000,172
Green,6,geico,1,4,snecko,Green,minisnecko,30,1,castle_destroyed,851,28.37,False,29,29,29,3,0,29,821,212,1,-1,1.0000,168
Green,6,geico,3,0,-,Green,minisnecko,0,1,castle_destroyed,1154,38.47,False,0,0,0,0,0,0,636,636,3,-1,1.0000,244
Green,6,geico,3,0,-,Green,minisnecko,1,1,defender_won,1246,41.53,False,501,380,501,158,501,0,636,636,0,501,0.3912,-1
Green,6,geico,3,0,-,Green,minisnecko,2,1,defender_won,2124,70.80,False,432,364,432,75,432,0,636,636,0,864,0.4024,-1
Green,6,geico,3,0,-,Green,minisnecko,3,1,defender_won,2969,98.97,False,338,295,338,50,338,0,636,636,0,1014,0.5012,-1
Green,6,geico,3,0,-,Green,minisnecko,5,1,defender_won,8381,279.37,False,313,301,313,27,313,0,636,636,0,1564,0.7265,-1
Green,6,geico,3,0,-,Green,minisnecko,10,1,defender_won,23111,770.37,True,286,282,286,13,286,0,636,636,0,2858,1.0000,1098
Green,6,geico,3,0,-,Green,minisnecko,15,1,defender_won,30913,1030.43,True,264,261,264,8,264,0,636,636,0,3947,1.0000,651
Green,6,geico,3,0,-,Green,minisnecko,30,1,castle_destroyed,2649,88.30,False,89,88,89,4,0,0,636,636,3,-1,1.0000,325
Green,6,geico,3,4,snecko,Green,minisnecko,0,1,castle_destroyed,704,23.47,False,0,0,0,0,0,24,1140,636,3,-1,1.0000,156
Green,6,geico,3,4,snecko,Green,minisnecko,1,1,castle_destroyed,11929,397.63,False,1039,1039,1039,84,1039,35,1371,636,0,1039,0.5082,1198
Green,6,geico,3,4,snecko,Green,minisnecko,2,1,castle_destroyed,2748,91.60,False,861,861,861,42,861,58,1854,636,0,1722,1.0000,791
Green,6,geico,3,4,snecko,Green,minisnecko,3,1,castle_destroyed,1514,50.47,False,505,502,505,28,0,51,1707,636,3,-1,1.0000,413
Green,6,geico,3,4,snecko,Green,minisnecko,5,1,castle_destroyed,928,30.93,False,186,184,186,17,0,31,1287,636,3,-1,1.0000,289
Green,6,geico,3,4,snecko,Green,minisnecko,10,1,castle_destroyed,754,25.13,False,76,75,76,8,0,26,1182,636,3,-1,1.0000,203
Green,6,geico,3,4,snecko,Green,minisnecko,15,1,castle_destroyed,724,24.13,False,49,48,49,6,0,25,1161,636,3,-1,1.0000,172
Green,6,geico,3,4,snecko,Green,minisnecko,30,1,castle_destroyed,709,23.63,False,24,24,24,3,0,24,1140,636,3,-1,1.0000,168
Green,6,geico,5,0,-,Green,minisnecko,0,1,castle_destroyed,824,27.47,False,0,0,0,0,0,0,1060,1060,5,-1,1.0000,244
Green,6,geico,5,0,-,Green,minisnecko,1,1,defender_won,1297,43.23,False,657,515,657,160,657,0,1060,1060,0,657,0.3912,-1
Green,6,geico,5,0,-,Green,minisnecko,2,1,defender_won,2564,85.47,False,546,488,546,75,546,0,1060,1060,0,1091,0.4276,-1
Green,6,geico,5,0,-,Green,minisnecko,3,1,defender_won,4280,142.67,False,469,440,469,43,469,0,1060,1060,0,1407,0.6112,-1
Green,6,geico,5,0,-,Green,minisnecko,5,1,defender_won,10349,344.97,False,434,424,434,27,434,0,1060,1060,0,2166,1.0000,1579
Green,6,geico,5,0,-,Green,minisnecko,10,1,defender_won,19976,665.87,True,375,370,375,13,375,0,1060,1060,0,3748,1.0000,676
Green,6,geico,5,0,-,Green,minisnecko,15,1,castle_destroyed,2749,91.63,False,184,183,184,8,0,0,1060,1060,5,-1,1.0000,577
Green,6,geico,5,0,-,Green,minisnecko,30,1,castle_destroyed,1414,47.13,False,48,47,48,4,0,0,1060,1060,5,-1,1.0000,325
Green,6,geico,5,4,snecko,Green,minisnecko,0,1,castle_destroyed,624,20.80,False,0,0,0,0,0,21,1501,1060,5,-1,1.0000,156
Green,6,geico,5,4,snecko,Green,minisnecko,1,1,castle_destroyed,11989,399.63,False,1099,1099,1099,84,1099,37,1837,1060,0,1099,0.5082,1258
Green,6,geico,5,4,snecko,Green,minisnecko,2,1,castle_destroyed,2625,87.50,False,887,887,887,42,887,60,2320,1060,0,1774,1.0000,733
Green,6,geico,5,4,snecko,Green,minisnecko,3,1,castle_destroyed,1179,39.30,False,393,390,393,28,0,40,1900,1060,5,-1,1.0000,402
Green,6,geico,5,4,snecko,Green,minisnecko,5,1,castle_destroyed,753,25.10,False,151,149,151,17,0,26,1606,1060,5,-1,1.0000,289
Green,6,geico,5,4,snecko,Green,minisnecko,10,1,castle_destroyed,654,21.80,False,66,65,66,8,0,22,1522,1060,5,-1,1.0000,203
Green,6,geico,5,4,snecko,Green,minisnecko,15,1,castle_destroyed,634,21.13,False,43,42,43,6,0,22,1522,1060,5,-1,1.0000,172
Green,6,geico,5,4,snecko,Green,minisnecko,30,1,castle_destroyed,629,20.97,False,21,21,21,3,0,21,1501,1060,5,-1,1.0000,168
Green,7,nom,1,0,-,Green,minisnecko,0,1,castle_destroyed,332,11.07,False,0,0,0,0,0,0,707,707,1,-1,1.0000,156
Green,7,nom,1,0,-,Green,minisnecko,1,1,defender_won,1147,38.23,False,401,280,401,130,401,0,707,707,0,401,0.5082,-1
Green,7,nom,1,0,-,Green,minisnecko,2,1,defender_won,2495,83.17,False,381,332,381,63,381,0,707,707,0,762,0.5082,-1
Green,7,nom,1,0,-,Green,minisnecko,3,1,defender_won,4387,146.23,False,397,371,397,39,397,0,707,707,0,1190,0.6112,-1
Green,7,nom,1,0,-,Green,minisnecko,5,1,defender_won,10850,361.67,False,356,347,356,22,356,0,707,707,0,1777,1.0000,-1
Green,7,nom,1,0,-,Green,minisnecko,10,1,force_destroyed_horizon,36000,1200.00,True,411,409,411,9,411,0,707,707,0,4110,1.0000,-1
Green,7,nom,1,0,-,Green,minisnecko,15,1,force_destroyed_horizon,36000,1200.00,True,381,380,381,6,381,0,707,707,0,5710,1.0000,-1
Green,7,nom,1,0,-,Green,minisnecko,30,1,castle_destroyed,545,18.17,False,19,18,19,3,0,0,707,707,1,-1,1.0000,177
Green,7,nom,1,4,snecko,Green,minisnecko,0,1,castle_destroyed,326,10.87,False,0,0,0,0,0,11,938,707,1,-1,1.0000,156
Green,7,nom,1,4,snecko,Green,minisnecko,1,1,castle_destroyed,11996,399.87,False,1104,1104,1104,84,1104,37,1484,707,0,1104,0.5082,1265
Green,7,nom,1,4,snecko,Green,minisnecko,2,1,castle_destroyed,1325,44.17,False,663,658,663,42,0,45,1652,707,1,-1,1.0000,727
Green,7,nom,1,4,snecko,Green,minisnecko,3,1,castle_destroyed,875,29.17,False,292,289,292,28,0,30,1337,707,1,-1,1.0000,426
Green,7,nom,1,4,snecko,Green,minisnecko,5,1,castle_destroyed,517,17.23,False,104,102,104,17,0,18,1085,707,1,-1,1.0000,251
Green,7,nom,1,4,snecko,Green,minisnecko,10,1,castle_destroyed,355,11.83,False,36,35,36,8,0,12,959,707,1,-1,1.0000,187
Green,7,nom,1,4,snecko,Green,minisnecko,15,1,castle_destroyed,357,11.90,False,24,24,24,6,0,12,959,707,1,-1,1.0000,172
Green,7,nom,1,4,snecko,Green,minisnecko,30,1,castle_destroyed,353,11.77,False,12,12,12,3,0,12,959,707,1,-1,1.0000,168
Green,7,nom,3,0,-,Green,minisnecko,0,1,castle_destroyed,236,7.87,False,0,0,0,0,0,0,2121,2121,3,-1,1.0000,156
Green,7,nom,3,0,-,Green,minisnecko,1,1,defender_won,1754,58.47,False,942,831,942,111,942,0,2121,2121,0,942,0.5082,-1
Green,7,nom,3,0,-,Green,minisnecko,2,1,defender_won,3619,120.63,False,777,736,777,47,777,0,2121,2121,0,1554,0.6565,-1
Green,7,nom,3,0,-,Green,minisnecko,3,1,castle_destroyed,2088,69.60,False,696,693,696,31,0,0,2121,2121,3,-1,1.0000,978
Green,7,nom,3,0,-,Green,minisnecko,5,1,castle_destroyed,659,21.97,False,132,130,132,19,0,0,2121,2121,3,-1,1.0000,547
Green,7,nom,3,0,-,Green,minisnecko,10,1,castle_destroyed,364,12.13,False,37,36,37,9,0,0,2121,2121,3,-1,1.0000,236
Green,7,nom,3,0,-,Green,minisnecko,15,1,castle_destroyed,300,10.00,False,20,20,20,6,0,0,2121,2121,3,-1,1.0000,204
Green,7,nom,3,0,-,Green,minisnecko,30,1,castle_destroyed,264,8.80,False,9,9,9,3,0,0,2121,2121,3,-1,1.0000,177
Green,7,nom,3,4,snecko,Green,minisnecko,0,1,castle_destroyed,236,7.87,False,0,0,0,0,0,8,2289,2121,3,-1,1.0000,156
Green,7,nom,3,4,snecko,Green,minisnecko,1,1,castle_destroyed,12042,401.40,False,1156,1156,1156,84,1156,39,2940,2121,0,1156,0.5082,1311
Green,7,nom,3,4,snecko,Green,minisnecko,2,1,castle_destroyed,877,29.23,False,439,434,439,42,0,30,2751,2121,3,-1,1.0000,755
Green,7,nom,3,4,snecko,Green,minisnecko,3,1,castle_destroyed,513,17.10,False,171,168,171,28,0,18,2499,2121,3,-1,1.0000,345
Green,7,nom,3,4,snecko,Green,minisnecko,5,1,castle_destroyed,394,13.13,False,79,77,79,17,0,14,2415,2121,3,-1,1.0000,318
Green,7,nom,3,4,snecko,Green,minisnecko,10,1,castle_destroyed,251,8.37,False,26,25,26,8,0,9,2310,2121,3,-1,1.0000,187
Green,7,nom,3,4,snecko,Green,minisnecko,15,1,castle_destroyed,248,8.27,False,17,16,17,6,0,9,2310,2121,3,-1,1.0000,172
Green,7,nom,3,4,snecko,Green,minisnecko,30,1,castle_destroyed,257,8.57,False,9,9,9,3,0,9,2310,2121,3,-1,1.0000,168
Green,7,nom,5,0,-,Green,minisnecko,0,1,castle_destroyed,236,7.87,False,0,0,0,0,0,0,3535,3535,5,-1,1.0000,156
Green,7,nom,5,0,-,Green,minisnecko,1,1,defender_won,1891,63.03,False,1035,930,1035,105,1035,0,3535,3535,0,1035,0.5082,-1
Green,7,nom,5,0,-,Green,minisnecko,2,1,castle_destroyed,1711,57.03,False,856,851,856,47,0,0,3535,3535,5,-1,1.0000,1397
Green,7,nom,5,0,-,Green,minisnecko,3,1,castle_destroyed,1008,33.60,False,336,333,336,31,0,0,3535,3535,5,-1,1.0000,801
Green,7,nom,5,0,-,Green,minisnecko,5,1,castle_destroyed,584,19.47,False,117,115,117,19,0,0,3535,3535,5,-1,1.0000,469
Green,7,nom,5,0,-,Green,minisnecko,10,1,castle_destroyed,296,9.87,False,30,29,30,9,0,0,3535,3535,5,-1,1.0000,236
Green,7,nom,5,0,-,Green,minisnecko,15,1,castle_destroyed,276,9.20,False,19,18,19,6,0,0,3535,3535,5,-1,1.0000,204
Green,7,nom,5,0,-,Green,minisnecko,30,1,castle_destroyed,257,8.57,False,9,9,9,3,0,0,3535,3535,5,-1,1.0000,177
Green,7,nom,5,4,snecko,Green,minisnecko,0,1,castle_destroyed,236,7.87,False,0,0,0,0,0,8,3703,3535,5,-1,1.0000,156
Green,7,nom,5,4,snecko,Green,minisnecko,1,1,castle_destroyed,12102,403.40,False,1216,1216,1216,84,1216,41,4396,3535,0,1216,0.5082,1371
Green,7,nom,5,4,snecko,Green,minisnecko,2,1,castle_destroyed,769,25.63,False,385,380,385,42,0,26,4081,3535,5,-1,1.0000,657
Green,7,nom,5,4,snecko,Green,minisnecko,3,1,castle_destroyed,471,15.70,False,157,154,157,28,0,16,3871,3535,5,-1,1.0000,357
Green,7,nom,5,4,snecko,Green,minisnecko,5,1,castle_destroyed,356,11.87,False,72,70,72,17,0,12,3787,3535,5,-1,1.0000,297
Green,7,nom,5,4,snecko,Green,minisnecko,10,1,castle_destroyed,248,8.27,False,25,24,25,8,0,9,3724,3535,5,-1,1.0000,187
Green,7,nom,5,4,snecko,Green,minisnecko,15,1,castle_destroyed,246,8.20,False,17,16,17,6,0,9,3724,3535,5,-1,1.0000,172
Green,7,nom,5,4,snecko,Green,minisnecko,30,1,castle_destroyed,248,8.27,False,9,8,9,3,0,9,3724,3535,5,-1,1.0000,168
Green,8,trogdor,1,0,-,Green,minisnecko,0,1,castle_destroyed,491,16.37,False,0,0,0,0,0,0,17880,17880,1,-1,1.0000,341
Green,8,trogdor,1,0,-,Green,minisnecko,1,1,defender_won,3626,120.87,False,3253,3001,3253,255,3253,0,17880,17880,0,3253,0.3118,-1
Green,8,trogdor,1,0,-,Green,minisnecko,2,1,defender_won,7154,238.47,False,3188,3076,3188,127,3188,0,17880,17880,0,6376,0.3176,-1
Green,8,trogdor,1,0,-,Green,minisnecko,3,1,defender_won,11133,371.10,False,3151,3101,3151,85,3151,0,17880,17880,0,9453,0.3247,-1
Green,8,trogdor,1,0,-,Green,minisnecko,5,1,defender_won,17786,592.87,False,3097,3061,3097,51,3097,0,17880,17880,0,15484,0.3388,-1
Green,8,trogdor,1,0,-,Green,minisnecko,10,1,defender_won,34424,1147.47,True,2989,2971,2989,25,2989,0,17880,17880,0,29884,0.3741,-1
Green,8,trogdor,1,0,-,Green,minisnecko,15,1,survived_horizon,36000,1200.00,True,2400,2391,2400,17,0,0,17880,17880,1,-1,0.4094,-1
Green,8,trogdor,1,0,-,Green,minisnecko,30,1,survived_horizon,36000,1200.00,True,1200,1196,1200,8,0,0,17880,17880,1,-1,0.5153,-1
Green,8,trogdor,1,4,snecko,Green,minisnecko,0,1,castle_destroyed,341,11.37,False,0,0,0,0,0,12,18132,17880,1,-1,1.0000,156
Green,8,trogdor,1,4,snecko,Green,minisnecko,1,1,force_destroyed_horizon,36000,1200.00,True,35428,35428,35428,84,35428,1181,42681,17880,0,35428,0.5082,35585
Green,8,trogdor,1,4,snecko,Green,minisnecko,2,1,survived_horizon,36000,1200.00,True,18000,17994,18000,42,0,1200,43080,17880,1,-1,1.0000,787
Green,8,trogdor,1,4,snecko,Green,minisnecko,3,1,castle_destroyed,548,18.27,False,183,180,183,28,0,19,18279,17880,1,-1,1.0000,435
Green,8,trogdor,1,4,snecko,Green,minisnecko,5,1,castle_destroyed,491,16.37,False,99,97,99,17,0,17,18237,17880,1,-1,1.0000,314
Green,8,trogdor,1,4,snecko,Green,minisnecko,10,1,castle_destroyed,491,16.37,False,50,49,50,8,0,17,18237,17880,1,-1,1.0000,203
Green,8,trogdor,1,4,snecko,Green,minisnecko,15,1,castle_destroyed,341,11.37,False,23,23,23,6,0,12,18132,17880,1,-1,1.0000,172
Green,8,trogdor,1,4,snecko,Green,minisnecko,30,1,castle_destroyed,341,11.37,False,12,12,12,3,0,12,18132,17880,1,-1,1.0000,168
Green,8,trogdor,3,0,-,Green,minisnecko,0,1,castle_destroyed,371,12.37,False,0,0,0,0,0,0,53640,53640,3,-1,1.0000,341
Green,8,trogdor,3,0,-,Green,minisnecko,1,1,defender_won,7317,243.90,False,6867,6661,6867,206,6867,0,53640,53640,0,6867,0.3118,-1
Green,8,trogdor,3,0,-,Green,minisnecko,2,1,defender_won,15019,500.63,False,6872,6804,6872,97,6872,0,53640,53640,0,13743,0.6341,-1
Green,8,trogdor,3,0,-,Green,minisnecko,3,1,defender_won,24290,809.67,True,6979,6954,6979,64,6979,0,53640,53640,0,20936,1.0000,-1
Green,8,trogdor,3,0,-,Green,minisnecko,5,1,force_destroyed_horizon,36000,1200.00,True,7100,7083,7100,39,7100,0,53640,53640,0,35500,1.0000,-1
Green,8,trogdor,3,0,-,Green,minisnecko,10,1,survived_horizon,36000,1200.00,True,3600,3599,3600,18,0,0,53640,53640,3,-1,1.0000,-1
Green,8,trogdor,3,0,-,Green,minisnecko,15,1,survived_horizon,36000,1200.00,True,2400,2400,2400,13,0,0,53640,53640,3,-1,1.0000,-1
Green,8,trogdor,3,0,-,Green,minisnecko,30,1,survived_horizon,36000,1200.00,True,1200,1199,1200,6,0,0,53640,53640,3,-1,1.0000,-1
Green,8,trogdor,3,4,snecko,Green,minisnecko,0,1,castle_destroyed,341,11.37,False,0,0,0,0,0,12,53892,53640,3,-1,1.0000,156
Green,8,trogdor,3,4,snecko,Green,minisnecko,1,1,force_destroyed_horizon,36000,1200.00,True,35488,35488,35488,84,35488,1183,78483,53640,0,35488,0.5082,35645
Green,8,trogdor,3,4,snecko,Green,minisnecko,2,1,survived_horizon,36000,1200.00,True,18000,17994,18000,42,0,1200,78840,53640,3,-1,1.0000,787
Green,8,trogdor,3,4,snecko,Green,minisnecko,3,1,castle_destroyed,548,18.27,False,183,180,183,28,0,19,54039,53640,3,-1,1.0000,432
Green,8,trogdor,3,4,snecko,Green,minisnecko,5,1,castle_destroyed,371,12.37,False,75,73,75,17,0,13,53913,53640,3,-1,1.0000,314
Green,8,trogdor,3,4,snecko,Green,minisnecko,10,1,castle_destroyed,371,12.37,False,38,37,38,8,0,13,53913,53640,3,-1,1.0000,203
Green,8,trogdor,3,4,snecko,Green,minisnecko,15,1,castle_destroyed,341,11.37,False,23,23,23,6,0,12,53892,53640,3,-1,1.0000,172
Green,8,trogdor,3,4,snecko,Green,minisnecko,30,1,castle_destroyed,341,11.37,False,12,12,12,3,0,12,53892,53640,3,-1,1.0000,168
Green,8,trogdor,5,0,-,Green,minisnecko,0,1,castle_destroyed,371,12.37,False,0,0,0,0,0,0,89400,89400,5,-1,1.0000,341
Green,8,trogdor,5,0,-,Green,minisnecko,1,1,defender_won,14151,471.70,False,13450,13321,13450,135,13450,0,89400,89400,0,13450,0.3118,-1
Green,8,trogdor,5,0,-,Green,minisnecko,2,1,defender_won,28560,952.00,True,13278,13235,13278,82,13278,0,89400,89400,0,26556,1.0000,-1
Green,8,trogdor,5,0,-,Green,minisnecko,3,1,survived_horizon,36000,1200.00,True,12000,11993,12000,54,0,0,89400,89400,5,-1,1.0000,-1
Green,8,trogdor,5,0,-,Green,minisnecko,5,1,survived_horizon,36000,1200.00,True,7200,7196,7200,32,0,0,89400,89400,5,-1,1.0000,-1
Green,8,trogdor,5,0,-,Green,minisnecko,10,1,survived_horizon,36000,1200.00,True,3600,3599,3600,16,0,0,89400,89400,5,-1,1.0000,-1
Green,8,trogdor,5,0,-,Green,minisnecko,15,1,survived_horizon,36000,1200.00,True,2400,2400,2400,10,0,0,89400,89400,5,-1,1.0000,-1
Green,8,trogdor,5,0,-,Green,minisnecko,30,1,castle_destroyed,878,29.27,False,30,29,30,5,0,0,89400,89400,5,-1,1.0000,728
Green,8,trogdor,5,4,snecko,Green,minisnecko,0,1,castle_destroyed,341,11.37,False,0,0,0,0,0,12,89652,89400,5,-1,1.0000,156
Green,8,trogdor,5,4,snecko,Green,minisnecko,1,1,force_destroyed_horizon,36000,1200.00,True,35548,35548,35548,84,35548,1185,114285,89400,0,35548,0.5082,35705
Green,8,trogdor,5,4,snecko,Green,minisnecko,2,1,castle_destroyed,803,26.77,False,402,397,402,42,0,27,89967,89400,5,-1,1.0000,775
Green,8,trogdor,5,4,snecko,Green,minisnecko,3,1,castle_destroyed,432,14.40,False,144,141,144,28,0,15,89715,89400,5,-1,1.0000,431
Green,8,trogdor,5,4,snecko,Green,minisnecko,5,1,castle_destroyed,371,12.37,False,75,73,75,17,0,13,89673,89400,5,-1,1.0000,314
Green,8,trogdor,5,4,snecko,Green,minisnecko,10,1,castle_destroyed,371,12.37,False,38,37,38,8,0,13,89673,89400,5,-1,1.0000,203
Green,8,trogdor,5,4,snecko,Green,minisnecko,15,1,castle_destroyed,341,11.37,False,23,23,23,6,0,12,89652,89400,5,-1,1.0000,172
Green,8,trogdor,5,4,snecko,Green,minisnecko,30,1,castle_destroyed,341,11.37,False,12,12,12,3,0,12,89652,89400,5,-1,1.0000,168
Orange,5,scott,1,0,-,Orange,phil,0,1,castle_destroyed,5477,182.57,False,0,0,0,0,0,0,25,25,1,-1,1.0000,115
Orange,5,scott,1,0,-,Orange,phil,1,1,defender_won,782,26.07,False,97,22,388,81,388,0,25,25,0,97,0.6618,-1
Orange,5,scott,1,0,-,Orange,phil,2,1,defender_won,1381,46.03,False,57,21,228,40,228,0,25,25,0,113,0.6935,-1
Orange,5,scott,1,0,-,Orange,phil,3,1,defender_won,2113,70.43,False,44,22,176,27,176,0,25,25,0,132,0.7024,-1
Orange,5,scott,1,0,-,Orange,phil,5,1,defender_won,4783,159.43,False,30,21,120,16,120,0,25,25,0,149,0.8365,-1
Orange,5,scott,1,0,-,Orange,phil,10,1,force_destroyed_horizon,36000,1200.00,True,23,22,92,8,92,0,25,25,0,223,1.0000,-1
Orange,5,scott,1,0,-,Orange,phil,15,1,force_destroyed_horizon,36000,1200.00,True,22,22,88,5,88,0,25,25,0,328,1.0000,132
Orange,5,scott,1,0,-,Orange,phil,30,1,force_destroyed_horizon,36000,1200.00,True,22,21,88,3,88,0,25,25,0,643,1.0000,119
Orange,5,scott,1,4,basketball,Orange,phil,0,1,castle_destroyed,516,17.20,False,0,0,0,0,0,18,295,25,1,-1,1.0000,75
Orange,5,scott,1,4,basketball,Orange,phil,1,1,defender_won,909,30.30,False,94,33,376,76,376,4,85,25,0,94,0.6882,-1
Orange,5,scott,1,4,basketball,Orange,phil,2,1,defender_won,2396,79.87,False,55,36,220,39,220,4,85,25,0,109,0.7200,-1
Orange,5,scott,1,4,basketball,Orange,phil,3,1,defender_won,5330,177.67,False,41,33,164,26,164,5,100,25,0,123,0.7624,-1
Orange,5,scott,1,4,basketball,Orange,phil,5,1,castle_destroyed,1476,49.20,False,32,32,128,16,128,6,115,25,0,156,0.9000,195
Orange,5,scott,1,4,basketball,Orange,phil,10,1,castle_destroyed,816,27.20,False,28,28,112,8,112,10,175,25,0,273,1.0000,147
Orange,5,scott,1,4,basketball,Orange,phil,15,1,castle_destroyed,807,26.90,False,28,28,112,5,112,14,235,25,0,418,1.0000,128
Orange,5,scott,1,4,basketball,Orange,phil,30,1,castle_destroyed,772,25.73,False,25,25,100,2,100,25,400,25,0,733,1.0000,116
Orange,5,scott,3,0,-,Orange,phil,0,1,castle_destroyed,1930,64.33,False,0,0,0,0,0,0,75,75,3,-1,1.0000,115
Orange,5,scott,3,0,-,Orange,phil,1,1,defender_won,768,25.60,False,151,66,604,91,604,0,75,75,0,151,0.6618,-1
Orange,5,scott,3,0,-,Orange,phil,2,1,defender_won,1633,54.43,False,90,59,360,40,360,0,75,75,0,180,0.7465,-1
Orange,5,scott,3,0,-,Orange,phil,3,1,defender_won,2479,82.63,False,68,49,272,27,272,0,75,75,0,202,0.7765,-1
Orange,5,scott,3,0,-,Orange,phil,5,1,defender_won,20538,684.60,True,47,45,188,16,188,0,75,75,0,233,0.9953,-1
Orange,5,scott,3,0,-,Orange,phil,10,1,defender_won,20697,689.90,True,40,38,160,8,160,0,75,75,0,393,1.0000,152
Orange,5,scott,3,0,-,Orange,phil,15,1,force_destroyed_horizon,36000,1200.00,True,33,32,132,5,132,0,75,75,0,493,1.0000,132
Orange,5,scott,3,0,-,Orange,phil,30,1,force_destroyed_horizon,36000,1200.00,True,28,27,112,3,112,0,75,75,0,823,1.0000,119
Orange,5,scott,3,4,basketball,Orange,phil,0,1,castle_destroyed,486,16.20,False,0,0,0,0,0,17,330,75,3,-1,1.0000,75
Orange,5,scott,3,4,basketball,Orange,phil,1,1,defender_won,854,28.47,False,153,80,612,88,612,6,165,75,0,153,0.6882,-1
Orange,5,scott,3,4,basketball,Orange,phil,2,1,defender_won,3712,123.73,False,92,80,368,39,368,7,180,75,0,183,0.7729,-1
Orange,5,scott,3,4,basketball,Orange,phil,3,1,defender_won,8440,281.33,False,70,65,280,26,280,7,180,75,0,209,0.8347,-1
Orange,5,scott,3,4,basketball,Orange,phil,5,1,castle_destroyed,1245,41.50,False,58,58,232,16,232,10,225,75,0,288,1.0000,184
Orange,5,scott,3,4,basketball,Orange,phil,10,1,castle_destroyed,875,29.17,False,40,40,160,8,160,14,285,75,0,393,1.0000,146
Orange,5,scott,3,4,basketball,Orange,phil,15,1,castle_destroyed,760,25.33,False,33,33,132,5,132,17,330,75,0,493,1.0000,128
Orange,5,scott,3,4,basketball,Orange,phil,30,1,castle_destroyed,676,22.53,False,23,23,92,2,0,23,420,75,3,-1,1.0000,116
Orange,5,scott,5,0,-,Orange,phil,0,1,castle_destroyed,1244,41.47,False,0,0,0,0,0,0,125,125,5,-1,1.0000,115
Orange,5,scott,5,0,-,Orange,phil,1,1,defender_won,767,25.57,False,205,110,820,101,820,0,125,125,0,205,0.6618,-1
Orange,5,scott,5,0,-,Orange,phil,2,1,defender_won,1954,65.13,False,123,97,492,40,492,0,125,125,0,246,0.7994,-1
Orange,5,scott,5,0,-,Orange,phil,3,1,defender_won,3306,110.20,False,89,75,356,27,356,0,125,125,0,266,0.8312,-1
Orange,5,scott,5,0,-,Orange,phil,5,1,defender_won,13937,464.57,False,69,66,276,16,276,0,125,125,0,343,1.0000,227
Orange,5,scott,5,0,-,Orange,phil,10,1,defender_won,20757,691.90,True,46,44,184,8,184,0,125,125,0,453,1.0000,152
Orange,5,scott,5,0,-,Orange,phil,15,1,force_destroyed_horizon,36000,1200.00,True,37,36,148,5,148,0,125,125,0,553,1.0000,132
Orange,5,scott,5,0,-,Orange,phil,30,1,force_destroyed_horizon,36000,1200.00,True,30,29,120,3,120,0,125,125,0,883,1.0000,119
Orange,5,scott,5,4,basketball,Orange,phil,0,1,castle_destroyed,465,15.50,False,0,0,0,0,0,16,365,125,5,-1,1.0000,75
Orange,5,scott,5,4,basketball,Orange,phil,1,1,defender_won,844,28.13,False,208,126,832,96,832,7,230,125,0,208,0.6882,-1
Orange,5,scott,5,4,basketball,Orange,phil,2,1,defender_won,3778,125.93,False,125,113,500,39,500,9,260,125,0,250,0.8206,-1
Orange,5,scott,5,4,basketball,Orange,phil,3,1,castle_destroyed,2243,74.77,False,91,91,364,26,364,10,275,125,0,273,0.9106,317
Orange,5,scott,5,4,basketball,Orange,phil,5,1,castle_destroyed,1266,42.20,False,69,69,276,16,276,12,305,125,0,343,1.0000,184
Orange,5,scott,5,4,basketball,Orange,phil,10,1,castle_destroyed,872,29.07,False,46,46,184,8,184,16,365,125,0,453,1.0000,146
Orange,5,scott,5,4,basketball,Orange,phil,15,1,castle_destroyed,751,25.03,False,37,37,148,5,148,19,410,125,0,553,1.0000,128
Orange,5,scott,5,4,basketball,Orange,phil,30,1,castle_destroyed,616,20.53,False,21,21,84,2,0,21,440,125,5,-1,1.0000,116
Orange,6,zander,1,0,-,Orange,phil,0,1,castle_destroyed,4470,149.00,False,0,0,0,0,0,0,146,146,1,-1,1.0000,123
Orange,6,zander,1,0,-,Orange,phil,1,1,defender_won,799,26.63,False,255,156,1020,108,1020,0,146,146,0,255,0.6459,-1
Orange,6,zander,1,0,-,Orange,phil,2,1,defender_won,2025,67.50,False,188,161,752,51,752,0,146,146,0,376,0.7888,-1
Orange,6,zander,1,0,-,Orange,phil,3,1,defender_won,5774,192.47,False,190,182,760,31,760,0,146,146,0,569,0.9453,-1
Orange,6,zander,1,0,-,Orange,phil,5,1,defender_won,14532,484.40,False,188,185,752,17,752,0,146,146,0,938,1.0000,-1
Orange,6,zander,1,0,-,Orange,phil,10,1,defender_won,22317,743.90,True,202,200,808,8,808,0,146,146,0,2013,1.0000,241
Orange,6,zander,1,0,-,Orange,phil,15,1,force_destroyed_horizon,36000,1200.00,True,204,203,816,6,816,0,146,146,0,3058,1.0000,143
Orange,6,zander,1,0,-,Orange,phil,30,1,castle_destroyed,5883,196.10,False,197,196,788,3,0,0,146,146,1,-1,1.0000,128
Orange,6,zander,1,4,basketball,Orange,phil,0,1,castle_destroyed,513,17.10,False,0,0,0,0,0,18,416,146,1,-1,1.0000,75
Orange,6,zander,1,4,basketball,Orange,phil,1,1,defender_won,1038,34.60,False,275,209,1100,98,1100,10,296,146,0,275,0.6753,-1
Orange,6,zander,1,4,basketball,Orange,phil,2,1,defender_won,6406,213.53,False,239,232,956,40,956,16,386,146,0,478,0.9000,-1
Orange,6,zander,1,4,basketball,Orange,phil,3,1,castle_destroyed,1686,56.20,False,235,235,940,27,940,24,506,146,0,703,1.0000,564
Orange,6,zander,1,4,basketball,Orange,phil,5,1,castle_destroyed,1926,64.20,False,259,259,1036,16,1036,44,806,146,0,1293,1.0000,199
Orange,6,zander,1,4,basketball,Orange,phil,10,1,castle_destroyed,2246,74.87,False,225,224,900,8,0,75,1271,146,1,-1,1.0000,147
Orange,6,zander,1,4,basketball,Orange,phil,15,1,castle_destroyed,1182,39.40,False,79,78,316,5,0,40,746,146,1,-1,1.0000,130
Orange,6,zander,1,4,basketball,Orange,phil,30,1,castle_destroyed,766,25.53,False,26,26,104,2,0,26,536,146,1,-1,1.0000,117
Orange,6,zander,3,0,-,Orange,phil,0,1,castle_destroyed,1600,53.33,False,0,0,0,0,0,0,438,438,3,-1,1.0000,123
Orange,6,zander,3,0,-,Orange,phil,1,1,defender_won,1007,33.57,False,434,341,1736,93,1736,0,438,438,0,434,0.6459,-1
Orange,6,zander,3,0,-,Orange,phil,2,1,defender_won,5870,195.67,False,330,322,1320,42,1320,0,438,438,0,659,1.0000,-1
Orange,6,zander,3,0,-,Orange,phil,3,1,defender_won,9103,303.43,False,292,287,1168,28,1168,0,438,438,0,874,1.0000,426
Orange,6,zander,3,0,-,Orange,phil,5,1,defender_won,9551,318.37,False,265,260,1060,17,1060,0,438,438,0,1325,1.0000,241
Orange,6,zander,3,0,-,Orange,phil,10,1,defender_won,22817,760.57,True,252,250,1008,8,1008,0,438,438,0,2513,1.0000,168
Orange,6,zander,3,0,-,Orange,phil,15,1,castle_destroyed,1981,66.03,False,133,132,532,6,0,0,438,438,3,-1,1.0000,143
Orange,6,zander,3,0,-,Orange,phil,30,1,castle_destroyed,1762,58.73,False,59,59,236,3,0,0,438,438,3,-1,1.0000,128
Orange,6,zander,3,4,basketball,Orange,phil,0,1,castle_destroyed,477,15.90,False,0,0,0,0,0,16,678,438,3,-1,1.0000,75
Orange,6,zander,3,4,basketball,Orange,phil,1,1,defender_won,1209,40.30,False,456,389,1824,83,1824,16,678,438,0,456,0.6753,-1
Orange,6,zander,3,4,basketball,Orange,phil,2,1,castle_destroyed,2616,87.20,False,331,331,1324,40,1324,23,783,438,0,661,1.0000,526
Orange,6,zander,3,4,basketball,Orange,phil,3,1,castle_destroyed,1728,57.60,False,295,295,1180,27,1180,30,888,438,0,883,1.0000,300
Orange,6,zander,3,4,basketball,Orange,phil,5,1,castle_destroyed,1743,58.10,False,282,282,1128,16,1128,47,1143,438,0,1408,1.0000,181
Orange,6,zander,3,4,basketball,Orange,phil,10,1,castle_destroyed,1261,42.03,False,127,125,508,8,0,43,1083,438,3,-1,1.0000,147
Orange,6,zander,3,4,basketball,Orange,phil,15,1,castle_destroyed,859,28.63,False,58,57,232,5,0,29,873,438,3,-1,1.0000,130
Orange,6,zander,3,4,basketball,Orange,phil,30,1,castle_destroyed,655,21.83,False,22,22,88,2,0,22,768,438,3,-1,1.0000,117
Orange,6,zander,5,0,-,Orange,phil,0,1,castle_destroyed,1049,34.97,False,0,0,0,0,0,0,730,730,5,-1,1.0000,123
Orange,6,zander,5,0,-,Orange,phil,1,1,defender_won,1067,35.57,False,494,401,1976,93,1976,0,730,730,0,494,0.6459,-1
Orange,6,zander,5,0,-,Orange,phil,2,1,defender_won,6646,221.53,False,359,352,1436,42,1436,0,730,730,0,717,1.0000,564
Orange,6,zander,5,0,-,Orange,phil,3,1,defender_won,7829,260.97,False,315,309,1260,28,1260,0,730,730,0,943,1.0000,311
Orange,6,zander,5,0,-,Orange,phil,5,1,defender_won,9661,322.03,False,287,282,1148,17,1148,0,730,730,0,1435,1.0000,241
Orange,6,zander,5,0,-,Orange,phil,10,1,castle_destroyed,1296,43.20,False,130,129,520,8,0,0,730,730,5,-1,1.0000,168
Orange,6,zander,5,0,-,Orange,phil,15,1,castle_destroyed,1205,40.17,False,81,80,324,6,0,0,730,730,5,-1,1.0000,143
Orange,6,zander,5,0,-,Orange,phil,30,1,castle_destroyed,1097,36.57,False,37,37,148,3,0,0,730,730,5,-1,1.0000,128
Orange,6,zander,5,4,basketball,Orange,phil,0,1,castle_destroyed,453,15.10,False,0,0,0,0,0,16,970,730,5,-1,1.0000,75
Orange,6,zander,5,4,basketball,Orange,phil,1,1,defender_won,1269,42.30,False,516,449,2064,83,2064,18,1000,730,0,516,0.6753,-1
Orange,6,zander,5,4,basketball,Orange,phil,2,1,castle_destroyed,1983,66.10,False,367,367,1468,40,1468,25,1105,730,0,733,1.0000,504
Orange,6,zander,5,4,basketball,Orange,phil,3,1,castle_destroyed,1899,63.30,False,330,330,1320,27,1320,33,1225,730,0,988,1.0000,282
Orange,6,zander,5,4,basketball,Orange,phil,5,1,castle_destroyed,1227,40.90,False,246,243,984,16,0,41,1345,730,5,-1,1.0000,181
Orange,6,zander,5,4,basketball,Orange,phil,10,1,castle_destroyed,885,29.50,False,89,88,356,8,0,30,1180,730,5,-1,1.0000,147
Orange,6,zander,5,4,basketball,Orange,phil,15,1,castle_destroyed,709,23.63,False,48,47,192,5,0,24,1090,730,5,-1,1.0000,130
Orange,6,zander,5,4,basketball,Orange,phil,30,1,castle_destroyed,586,19.53,False,20,20,80,2,0,20,1030,730,5,-1,1.0000,117
Orange,7,tiger,1,0,-,Orange,phil,0,1,castle_destroyed,888,29.60,False,0,0,0,0,0,0,1673,1673,1,-1,1.0000,426
Orange,7,tiger,1,0,-,Orange,phil,1,1,defender_won,1573,52.43,False,1498,1289,5992,284,5992,0,1673,1673,0,1498,0.3271,-1
Orange,7,tiger,1,0,-,Orange,phil,2,1,defender_won,1945,64.83,False,814,705,3256,145,3256,0,1673,1673,0,1628,0.3282,-1
Orange,7,tiger,1,0,-,Orange,phil,3,1,defender_won,2550,85.00,False,706,631,2824,96,2824,0,1673,1673,0,2116,0.3294,-1
Orange,7,tiger,1,0,-,Orange,phil,5,1,defender_won,3244,108.13,False,484,439,1936,60,1936,0,1673,1673,0,2417,0.3335,-1
Orange,7,tiger,1,0,-,Orange,phil,10,1,defender_won,6472,215.73,False,414,396,1656,22,1656,0,1673,1673,0,4134,0.3441,-1
Orange,7,tiger,1,0,-,Orange,phil,15,1,defender_won,20290,676.33,True,447,444,1788,14,1788,0,1673,1673,0,6702,0.9953,-1
Orange,7,tiger,1,0,-,Orange,phil,30,1,defender_won,34089,1136.30,True,460,458,1840,7,1840,0,1673,1673,0,13795,1.0000,-1
Orange,7,tiger,1,4,basketball,Orange,phil,0,1,castle_destroyed,492,16.40,False,0,0,0,0,0,17,1928,1673,1,-1,1.0000,75
Orange,7,tiger,1,4,basketball,Orange,phil,1,1,defender_won,2164,72.13,False,1859,1685,7436,216,7436,62,2603,1673,0,1859,0.3624,-1
Orange,7,tiger,1,4,basketball,Orange,phil,2,1,defender_won,3269,108.97,False,1363,1273,5452,100,5452,91,3038,1673,0,2725,0.3918,-1
Orange,7,tiger,1,4,basketball,Orange,phil,3,1,defender_won,6298,209.93,False,1683,1647,6732,51,6732,169,4208,1673,0,5048,0.4500,-1
Orange,7,tiger,1,4,basketball,Orange,phil,5,1,castle_destroyed,4742,158.07,False,949,946,3796,28,0,159,4058,1673,1,-1,1.0000,1486
Orange,7,tiger,1,4,basketball,Orange,phil,10,1,castle_destroyed,822,27.40,False,83,81,332,8,0,28,2093,1673,1,-1,1.0000,314
Orange,7,tiger,1,4,basketball,Orange,phil,15,1,castle_destroyed,690,23.00,False,46,46,184,5,0,23,2018,1673,1,-1,1.0000,160
Orange,7,tiger,1,4,basketball,Orange,phil,30,1,castle_destroyed,624,20.80,False,21,21,84,2,0,21,1988,1673,1,-1,1.0000,117
Orange,7,tiger,3,0,-,Orange,phil,0,1,castle_destroyed,588,19.60,False,0,0,0,0,0,0,5019,5019,3,-1,1.0000,426
Orange,7,tiger,3,0,-,Orange,phil,1,1,defender_won,1778,59.27,False,1580,1381,6320,276,6320,0,5019,5019,0,1580,0.3271,-1
Orange,7,tiger,3,0,-,Orange,phil,2,1,defender_won,2229,74.30,False,952,840,3808,141,3808,0,5019,5019,0,1904,0.3282,-1
Orange,7,tiger,3,0,-,Orange,phil,3,1,defender_won,3135,104.50,False,894,816,3576,97,3576,0,5019,5019,0,2682,0.3294,-1
Orange,7,tiger,3,0,-,Orange,phil,5,1,defender_won,5420,180.67,False,784,755,3136,39,3136,0,5019,5019,0,3917,0.4571,-1
Orange,7,tiger,3,0,-,Orange,phil,10,1,castle_destroyed,7162,238.73,False,717,715,2868,20,0,0,5019,5019,3,-1,1.0000,3069
Orange,7,tiger,3,0,-,Orange,phil,15,1,castle_destroyed,3030,101.00,False,202,202,808,12,0,0,5019,5019,3,-1,1.0000,1388
Orange,7,tiger,3,0,-,Orange,phil,30,1,castle_destroyed,1149,38.30,False,39,38,156,6,0,0,5019,5019,3,-1,1.0000,602
Orange,7,tiger,3,4,basketball,Orange,phil,0,1,castle_destroyed,468,15.60,False,0,0,0,0,0,16,5259,5019,3,-1,1.0000,75
Orange,7,tiger,3,4,basketball,Orange,phil,1,1,defender_won,2966,98.87,False,2669,2494,10676,213,10676,89,6354,5019,0,2669,0.3624,-1
Orange,7,tiger,3,4,basketball,Orange,phil,2,1,defender_won,5338,177.93,False,2190,2141,8760,77,8760,146,7209,5019,0,4380,0.5771,-1
Orange,7,tiger,3,4,basketball,Orange,phil,3,1,castle_destroyed,3416,113.87,False,1139,1135,4556,50,0,114,6729,5019,3,-1,1.0000,2598
Orange,7,tiger,3,4,basketball,Orange,phil,5,1,castle_destroyed,1590,53.00,False,318,316,1272,27,0,53,5814,5019,3,-1,1.0000,1011
Orange,7,tiger,3,4,basketball,Orange,phil,10,1,castle_destroyed,588,19.60,False,59,58,236,8,0,20,5319,5019,3,-1,1.0000,314
Orange,7,tiger,3,4,basketball,Orange,phil,15,1,castle_destroyed,552,18.40,False,37,36,148,5,0,19,5304,5019,3,-1,1.0000,160
Orange,7,tiger,3,4,basketball,Orange,phil,30,1,castle_destroyed,522,17.40,False,18,17,72,2,0,18,5289,5019,3,-1,1.0000,117
Orange,7,tiger,5,0,-,Orange,phil,0,1,castle_destroyed,552,18.40,False,0,0,0,0,0,0,8365,8365,5,-1,1.0000,426
Orange,7,tiger,5,0,-,Orange,phil,1,1,defender_won,1940,64.67,False,1775,1586,7100,278,7100,0,8365,8365,0,1775,0.3271,-1
Orange,7,tiger,5,0,-,Orange,phil,2,1,defender_won,2947,98.23,False,1377,1262,5508,139,5508,0,8365,8365,0,2753,0.3282,-1
Orange,7,tiger,5,0,-,Orange,phil,3,1,defender_won,3281,109.37,False,910,832,3640,96,3640,0,8365,8365,0,2729,0.3600,-1
Orange,7,tiger,5,0,-,Orange,phil,5,1,defender_won,5522,184.07,False,838,805,3352,39,3352,0,8365,8365,0,4186,0.6035,-1
Orange,7,tiger,5,0,-,Orange,phil,10,1,castle_destroyed,2542,84.73,False,255,253,1020,19,0,0,8365,8365,5,-1,1.0000,1371
Orange,7,tiger,5,0,-,Orange,phil,15,1,castle_destroyed,1285,42.83,False,86,85,344,12,0,0,8365,8365,5,-1,1.0000,955
Orange,7,tiger,5,0,-,Orange,phil,30,1,castle_destroyed,680,22.67,False,23,23,92,6,0,0,8365,8365,5,-1,1.0000,528
Orange,7,tiger,5,4,basketball,Orange,phil,0,1,castle_destroyed,468,15.60,False,0,0,0,0,0,16,8605,8365,5,-1,1.0000,75
Orange,7,tiger,5,4,basketball,Orange,phil,1,1,defender_won,2785,92.83,False,2436,2285,9744,215,9744,82,9595,8365,0,2436,0.3624,-1
Orange,7,tiger,5,4,basketball,Orange,phil,2,1,castle_destroyed,8574,285.80,False,2583,2583,10332,77,10332,173,10960,8365,0,5166,1.0000,5026
Orange,7,tiger,5,4,basketball,Orange,phil,3,1,castle_destroyed,2747,91.57,False,916,912,3664,50,0,92,9745,8365,5,-1,1.0000,2058
Orange,7,tiger,5,4,basketball,Orange,phil,5,1,castle_destroyed,1151,38.37,False,231,228,924,27,0,39,8950,8365,5,-1,1.0000,852
Orange,7,tiger,5,4,basketball,Orange,phil,10,1,castle_destroyed,552,18.40,False,56,54,224,8,0,19,8650,8365,5,-1,1.0000,314
Orange,7,tiger,5,4,basketball,Orange,phil,15,1,castle_destroyed,522,17.40,False,35,34,140,5,0,18,8635,8365,5,-1,1.0000,160
Orange,7,tiger,5,4,basketball,Orange,phil,30,1,castle_destroyed,516,17.20,False,18,17,72,2,0,18,8635,8365,5,-1,1.0000,117
Orange,8,hwy,1,0,-,Orange,phil,0,1,castle_destroyed,718,23.93,False,0,0,0,0,0,0,19928,19928,1,-1,1.0000,568
Orange,8,hwy,1,0,-,Orange,phil,1,1,defender_won,2006,66.87,False,1798,1501,7192,299,7192,0,19928,19928,0,1798,0.2647,-1
Orange,8,hwy,1,0,-,Orange,phil,2,1,defender_won,3797,126.57,False,1717,1576,6868,149,6868,0,19928,19928,0,3434,0.2700,-1
Orange,8,hwy,1,0,-,Orange,phil,3,1,defender_won,5611,187.03,False,1686,1601,6744,99,6744,0,19928,19928,0,5058,0.2753,-1
Orange,8,hwy,1,0,-,Orange,phil,5,1,defender_won,9068,302.27,False,1643,1591,6572,59,6572,0,19928,19928,0,8212,0.2859,-1
Orange,8,hwy,1,0,-,Orange,phil,10,1,defender_won,17211,573.70,False,1575,1546,6300,29,6300,0,19928,19928,0,15741,0.3124,-1
Orange,8,hwy,1,0,-,Orange,phil,15,1,defender_won,25351,845.03,True,1517,1501,6068,19,6068,0,19928,19928,0,22743,0.3388,-1
Orange,8,hwy,1,0,-,Orange,phil,30,1,survived_horizon,36000,1200.00,True,1200,1191,4800,9,0,0,19928,19928,1,-1,0.4182,-1
Orange,8,hwy,1,4,basketball,Orange,phil,0,1,castle_destroyed,534,17.80,False,0,0,0,0,0,18,20198,19928,1,-1,0.9424,75
Orange,8,hwy,1,4,basketball,Orange,phil,1,1,defender_won,9424,314.13,False,9028,8885,36112,173,36112,301,24443,19928,0,9028,0.2981,-1
Orange,8,hwy,1,4,basketball,Orange,phil,2,1,defender_won,17366,578.87,False,8237,8184,32948,84,32948,550,28178,19928,0,16474,0.4200,-1
Orange,8,hwy,1,4,basketball,Orange,phil,3,1,force_destroyed_horizon,36000,1200.00,True,11647,11647,46588,55,46588,1165,37403,19928,0,34939,1.0000,34974
Orange,8,hwy,1,4,basketball,Orange,phil,5,1,survived_horizon,36000,1200.00,True,7200,7198,28800,31,0,1200,37928,19928,1,-1,1.0000,1611
Orange,8,hwy,1,4,basketball,Orange,phil,10,1,castle_destroyed,568,18.93,False,57,56,228,8,0,19,20213,19928,1,-1,1.0000,314
Orange,8,hwy,1,4,basketball,Orange,phil,15,1,castle_destroyed,1489,49.63,False,100,99,400,5,0,50,20678,19928,1,-1,1.0000,160
Orange,8,hwy,1,4,basketball,Orange,phil,30,1,castle_destroyed,568,18.93,False,19,19,76,2,0,19,20213,19928,1,-1,1.0000,117
Orange,8,hwy,3,0,-,Orange,phil,0,1,castle_destroyed,598,19.93,False,0,0,0,0,0,0,59784,59784,3,-1,1.0000,568
Orange,8,hwy,3,0,-,Orange,phil,1,1,defender_won,4001,133.37,False,3733,3511,14932,239,14932,0,59784,59784,0,3733,0.2647,-1
Orange,8,hwy,3,0,-,Orange,phil,2,1,defender_won,7857,261.90,False,3661,3568,14644,119,14644,0,59784,59784,0,7321,0.3918,-1
Orange,8,hwy,3,0,-,Orange,phil,3,1,defender_won,11999,399.97,False,3652,3607,14608,79,14608,0,59784,59784,0,10956,0.8294,-1
Orange,8,hwy,3,0,-,Orange,phil,5,1,defender_won,21137,704.57,True,3656,3641,14624,47,14624,0,59784,59784,0,18277,1.0000,-1
Orange,8,hwy,3,0,-,Orange,phil,10,1,survived_horizon,36000,1200.00,True,3600,3591,14400,23,0,0,59784,59784,3,-1,1.0000,-1
Orange,8,hwy,3,0,-,Orange,phil,15,1,survived_horizon,36000,1200.00,True,2400,2394,9600,15,0,0,59784,59784,3,-1,1.0000,-1
Orange,8,hwy,3,0,-,Orange,phil,30,1,survived_horizon,36000,1200.00,True,1200,1198,4800,7,0,0,59784,59784,3,-1,1.0000,-1
Orange,8,hwy,3,4,basketball,Orange,phil,0,1,castle_destroyed,534,17.80,False,0,0,0,0,0,18,60054,59784,3,-1,0.9424,75
Orange,8,hwy,3,4,basketball,Orange,phil,1,1,defender_won,9664,322.13,False,9263,9122,37052,171,37052,309,64419,59784,0,9263,0.2981,-1
Orange,8,hwy,3,4,basketball,Orange,phil,2,1,defender_won,18954,631.80,True,9046,8991,36184,84,36184,604,68844,59784,0,18091,0.3971,-1
Orange,8,hwy,3,4,basketball,Orange,phil,3,1,castle_destroyed,4916,163.87,False,1639,1635,6556,53,0,164,62244,59784,3,-1,1.0000,4766
Orange,8,hwy,3,4,basketball,Orange,phil,5,1,castle_destroyed,1456,48.53,False,292,289,1168,30,0,49,60519,59784,3,-1,1.0000,1426
Orange,8,hwy,3,4,basketball,Orange,phil,10,1,castle_destroyed,568,18.93,False,57,56,228,8,0,19,60069,59784,3,-1,1.0000,314
Orange,8,hwy,3,4,basketball,Orange,phil,15,1,castle_destroyed,1489,49.63,False,100,99,400,5,0,50,60534,59784,3,-1,1.0000,160
Orange,8,hwy,3,4,basketball,Orange,phil,30,1,castle_destroyed,568,18.93,False,19,19,76,2,0,19,60069,59784,3,-1,1.0000,117
Orange,8,hwy,5,0,-,Orange,phil,0,1,castle_destroyed,598,19.93,False,0,0,0,0,0,0,99640,99640,5,-1,1.0000,568
Orange,8,hwy,5,0,-,Orange,phil,1,1,defender_won,7532,251.07,False,7188,7021,28752,179,28752,0,99640,99640,0,7188,0.2647,-1
Orange,8,hwy,5,0,-,Orange,phil,2,1,defender_won,14807,493.57,False,6991,6932,27964,104,27964,0,99640,99640,0,13982,0.7518,-1
Orange,8,hwy,5,0,-,Orange,phil,3,1,defender_won,22260,742.00,True,6864,6837,27456,69,27456,0,99640,99640,0,20590,1.0000,-1
Orange,8,hwy,5,0,-,Orange,phil,5,1,force_destroyed_horizon,36000,1200.00,True,7088,7073,28352,36,28352,0,99640,99640,0,35438,1.0000,-1
Orange,8,hwy,5,0,-,Orange,phil,10,1,survived_horizon,36000,1200.00,True,3600,3597,14400,20,0,0,99640,99640,5,-1,1.0000,-1
Orange,8,hwy,5,0,-,Orange,phil,15,1,survived_horizon,36000,1200.00,True,2400,2398,9600,13,0,0,99640,99640,5,-1,1.0000,-1
Orange,8,hwy,5,0,-,Orange,phil,30,1,survived_horizon,36000,1200.00,True,1200,1199,4800,6,0,0,99640,99640,5,-1,1.0000,-1
Orange,8,hwy,5,4,basketball,Orange,phil,0,1,castle_destroyed,534,17.80,False,0,0,0,0,0,18,99910,99640,5,-1,0.9424,75
Orange,8,hwy,5,4,basketball,Orange,phil,1,1,defender_won,9901,330.03,False,9500,9359,38000,171,38000,317,104395,99640,0,9500,0.2981,-1
Orange,8,hwy,5,4,basketball,Orange,phil,2,1,defender_won,23781,792.70,True,8447,8441,33788,82,33788,564,108100,99640,0,16893,0.8629,-1
Orange,8,hwy,5,4,basketball,Orange,phil,3,1,castle_destroyed,3716,123.87,False,1239,1235,4956,53,0,124,101500,99640,5,-1,1.0000,3566
Orange,8,hwy,5,4,basketball,Orange,phil,5,1,castle_destroyed,22170,739.00,True,4434,4432,17736,30,0,739,110725,99640,5,-1,1.0000,1247
Orange,8,hwy,5,4,basketball,Orange,phil,10,1,castle_destroyed,568,18.93,False,57,56,228,8,0,19,99925,99640,5,-1,1.0000,314
Orange,8,hwy,5,4,basketball,Orange,phil,15,1,castle_destroyed,1489,49.63,False,100,99,400,5,0,50,100390,99640,5,-1,1.0000,160
Orange,8,hwy,5,4,basketball,Orange,phil,30,1,castle_destroyed,568,18.93,False,19,19,76,2,0,19,99925,99640,5,-1,1.0000,117
Purple,5,bit,1,0,-,Purple,cant,0,1,castle_destroyed,5923,197.43,False,0,0,0,0,0,0,91,91,1,-1,1.0000,143
Purple,5,bit,1,0,-,Purple,cant,1,1,defender_won,502,16.73,False,106,1,106,105,106,0,91,91,0,106,0.5294,-1
Purple,5,bit,1,0,-,Purple,cant,2,1,defender_won,861,28.70,False,69,18,69,54,69,0,91,91,0,138,0.5365,-1
Purple,5,bit,1,0,-,Purple,cant,3,1,defender_won,1085,36.17,False,50,12,50,38,50,0,91,91,0,150,0.5365,-1
Purple,5,bit,1,0,-,Purple,cant,5,1,defender_won,1622,54.07,False,39,15,39,24,39,0,91,91,0,191,0.5647,-1
Purple,5,bit,1,0,-,Purple,cant,10,1,defender_won,3610,120.33,False,30,20,30,12,30,0,91,91,0,294,0.6212,-1
Purple,5,bit,1,0,-,Purple,cant,15,1,defender_won,6944,231.47,False,27,22,27,7,27,0,91,91,0,397,0.7482,-1
Purple,5,bit,1,0,-,Purple,cant,30,1,defender_won,33028,1100.93,True,24,23,24,3,24,0,91,91,0,700,1.0000,-1
Purple,5,bit,1,4,spike,Purple,cant,0,1,castle_destroyed,1024,34.13,False,0,0,0,0,0,35,966,91,1,-1,1.0000,143
Purple,5,bit,1,4,spike,Purple,cant,1,1,defender_won,1012,33.73,False,106,65,106,105,106,4,191,91,0,106,0.5294,-1
Purple,5,bit,1,4,spike,Purple,cant,2,1,castle_destroyed,6739,224.63,False,72,72,72,54,72,5,216,91,0,144,0.5365,359
Purple,5,bit,1,4,spike,Purple,cant,3,1,castle_destroyed,3599,119.97,False,73,73,73,36,73,8,291,91,0,217,0.5576,395
Purple,5,bit,1,4,spike,Purple,cant,5,1,castle_destroyed,2264,75.47,False,59,59,59,21,59,10,341,91,0,292,0.6635,416
Purple,5,bit,1,4,spike,Purple,cant,10,1,castle_destroyed,1319,43.97,False,61,61,61,10,61,21,616,91,0,610,1.0000,344
Purple,5,bit,1,4,spike,Purple,cant,15,1,castle_destroyed,1269,42.30,False,63,63,63,7,63,32,891,91,0,940,1.0000,291
Purple,5,bit,1,4,spike,Purple,cant,30,1,castle_destroyed,1099,36.63,False,37,37,37,3,0,37,1016,91,1,-1,1.0000,247
Purple,5,bit,3,0,-,Purple,cant,0,1,castle_destroyed,2081,69.37,False,0,0,0,0,0,0,273,273,3,-1,1.0000,143
Purple,5,bit,3,0,-,Purple,cant,1,1,defender_won,578,19.27,False,177,74,177,108,177,0,273,273,0,177,0.5294,-1
Purple,5,bit,3,0,-,Purple,cant,2,1,defender_won,959,31.97,False,105,56,105,53,105,0,273,273,0,210,0.5576,-1
Purple,5,bit,3,0,-,Purple,cant,3,1,defender_won,1326,44.20,False,86,53,86,35,86,0,273,273,0,258,0.5506,-1
Purple,5,bit,3,0,-,Purple,cant,5,1,defender_won,2438,81.27,False,65,49,65,21,65,0,273,273,0,323,0.6494,-1
Purple,5,bit,3,0,-,Purple,cant,10,1,defender_won,32858,1095.27,True,53,52,53,10,53,0,273,273,0,530,1.0000,-1
Purple,5,bit,3,0,-,Purple,cant,15,1,defender_won,17063,568.77,False,56,54,56,7,56,0,273,273,0,835,1.0000,318
Purple,5,bit,3,0,-,Purple,cant,30,1,defender_won,17856,595.20,False,55,53,55,3,55,0,273,273,0,1621,1.0000,203
Purple,5,bit,3,4,spike,Purple,cant,0,1,castle_destroyed,904,30.13,False,0,0,0,0,0,31,1048,273,3,-1,1.0000,143
Purple,5,bit,3,4,spike,Purple,cant,1,1,defender_won,1274,42.47,False,202,168,202,102,202,7,448,273,0,202,0.5294,-1
Purple,5,bit,3,4,spike,Purple,cant,2,1,castle_destroyed,4734,157.80,False,142,142,142,53,142,10,523,273,0,284,0.6000,455
Purple,5,bit,3,4,spike,Purple,cant,3,1,castle_destroyed,3044,101.47,False,107,107,107,35,107,11,548,273,0,321,0.6635,474
Purple,5,bit,3,4,spike,Purple,cant,5,1,castle_destroyed,1494,49.80,False,88,88,88,21,88,15,648,273,0,437,0.9812,453
Purple,5,bit,3,4,spike,Purple,cant,10,1,castle_destroyed,1344,44.80,False,78,78,78,10,78,26,923,273,0,780,1.0000,346
Purple,5,bit,3,4,spike,Purple,cant,15,1,castle_destroyed,1174,39.13,False,79,78,79,7,0,40,1273,273,2,-1,1.0000,246
Purple,5,bit,3,4,spike,Purple,cant,30,1,castle_destroyed,976,32.53,False,33,33,33,3,0,33,1098,273,3,-1,1.0000,203
Purple,5,bit,5,0,-,Purple,cant,0,1,castle_destroyed,1351,45.03,False,0,0,0,0,0,0,455,455,5,-1,1.0000,143
Purple,5,bit,5,0,-,Purple,cant,1,1,defender_won,578,19.27,False,215,99,215,116,215,0,455,455,0,215,0.5294,-1
Purple,5,bit,5,0,-,Purple,cant,2,1,defender_won,1062,35.40,False,141,94,141,53,141,0,455,455,0,282,0.5788,-1
Purple,5,bit,5,0,-,Purple,cant,3,1,defender_won,1502,50.07,False,111,81,111,35,111,0,455,455,0,331,0.5929,-1
Purple,5,bit,5,0,-,Purple,cant,5,1,defender_won,2979,99.30,False,79,66,79,21,79,0,455,455,0,393,0.7271,-1
Purple,5,bit,5,0,-,Purple,cant,10,1,defender_won,16978,565.93,False,75,73,75,10,75,0,455,455,0,750,1.0000,317
Purple,5,bit,5,0,-,Purple,cant,15,1,defender_won,17317,577.23,False,73,71,73,7,73,0,455,455,0,1089,1.0000,246
Purple,5,bit,5,0,-,Purple,cant,30,1,castle_destroyed,1779,59.30,False,60,59,60,3,0,0,455,455,3,-1,1.0000,203
Purple,5,bit,5,4,spike,Purple,cant,0,1,castle_destroyed,811,27.03,False,0,0,0,0,0,28,1155,455,5,-1,1.0000,143
Purple,5,bit,5,4,spike,Purple,cant,1,1,defender_won,1334,44.47,False,262,228,262,102,262,9,680,455,0,262,0.5294,-1
Purple,5,bit,5,4,spike,Purple,cant,2,1,castle_destroyed,3719,123.97,False,175,175,175,53,175,12,755,455,0,349,0.6212,510
Purple,5,bit,5,4,spike,Purple,cant,3,1,castle_destroyed,2369,78.97,False,133,133,133,35,133,14,805,455,0,399,0.7271,508
Purple,5,bit,5,4,spike,Purple,cant,5,1,castle_destroyed,1684,56.13,False,114,114,114,21,114,19,930,455,0,570,1.0000,426
Purple,5,bit,5,4,spike,Purple,cant,10,1,castle_destroyed,1339,44.63,False,101,101,101,10,101,34,1305,455,0,1010,1.0000,288
Purple,5,bit,5,4,spike,Purple,cant,15,1,castle_destroyed,982,32.73,False,66,65,66,7,0,33,1280,455,5,-1,1.0000,234
Purple,5,bit,5,4,spike,Purple,cant,30,1,castle_destroyed,874,29.13,False,30,29,30,3,0,30,1205,455,5,-1,1.0000,203
Purple,6,cube,1,0,-,Purple,cant,0,1,castle_destroyed,1131,37.70,False,0,0,0,0,0,0,348,348,1,-1,1.0000,91
Purple,6,cube,1,0,-,Purple,cant,1,1,defender_won,549,18.30,False,119,22,119,97,119,0,348,348,0,119,0.6494,-1
Purple,6,cube,1,0,-,Purple,cant,2,1,defender_won,1198,39.93,False,87,52,87,51,87,0,348,348,0,173,0.6494,-1
Purple,6,cube,1,0,-,Purple,cant,3,1,defender_won,1745,58.17,False,80,57,80,33,80,0,348,348,0,238,0.6776,-1
Purple,6,cube,1,0,-,Purple,cant,5,1,defender_won,2763,92.10,False,72,58,72,20,72,0,348,348,0,359,0.6706,-1
Purple,6,cube,1,0,-,Purple,cant,10,1,defender_won,6084,202.80,False,61,55,61,9,61,0,348,348,0,610,0.7412,-1
Purple,6,cube,1,0,-,Purple,cant,15,1,defender_won,33463,1115.43,True,76,75,76,5,76,0,348,348,0,1135,1.0000,-1
Purple,6,cube,1,0,-,Purple,cant,30,1,defender_won,35098,1169.93,True,93,92,93,2,93,0,348,348,0,2770,1.0000,180
Purple,6,cube,1,4,spike,Purple,cant,0,1,castle_destroyed,749,24.97,False,0,0,0,0,0,25,973,348,1,-1,1.0000,91
Purple,6,cube,1,4,spike,Purple,cant,1,1,defender_won,1396,46.53,False,119,91,119,97,119,4,448,348,0,119,0.6494,-1
Purple,6,cube,1,4,spike,Purple,cant,2,1,castle_destroyed,4619,153.97,False,90,90,90,51,90,6,498,348,0,179,0.6494,360
Purple,6,cube,1,4,spike,Purple,cant,3,1,castle_destroyed,2534,84.47,False,87,87,87,32,87,9,573,348,0,261,0.7059,384
Purple,6,cube,1,4,spike,Purple,cant,5,1,castle_destroyed,1659,55.30,False,118,118,118,16,118,20,848,348,0,590,1.0000,474
Purple,6,cube,1,4,spike,Purple,cant,10,1,castle_destroyed,1334,44.47,False,127,127,127,7,127,43,1423,348,0,1270,1.0000,339
Purple,6,cube,1,4,spike,Purple,cant,15,1,castle_destroyed,1014,33.80,False,68,67,68,5,0,34,1198,348,1,-1,1.0000,285
Purple,6,cube,1,4,spike,Purple,cant,30,1,castle_destroyed,900,30.00,False,30,30,30,2,0,30,1098,348,1,-1,1.0000,180
Purple,6,cube,3,0,-,Purple,cant,0,1,castle_destroyed,461,15.37,False,0,0,0,0,0,0,1044,1044,3,-1,1.0000,91
Purple,6,cube,3,0,-,Purple,cant,1,1,defender_won,812,27.07,False,261,189,261,80,261,0,1044,1044,0,261,0.6494,-1
Purple,6,cube,3,0,-,Purple,cant,2,1,defender_won,1483,49.43,False,184,152,184,39,184,0,1044,1044,0,368,0.7482,-1
Purple,6,cube,3,0,-,Purple,cant,3,1,defender_won,2748,91.60,False,161,146,161,26,161,0,1044,1044,0,481,0.8541,-1
Purple,6,cube,3,0,-,Purple,cant,5,1,defender_won,7241,241.37,False,134,129,134,15,134,0,1044,1044,0,670,1.0000,309
Purple,6,cube,3,0,-,Purple,cant,10,1,defender_won,17508,583.60,False,128,126,128,7,128,0,1044,1044,0,1280,1.0000,209
Purple,6,cube,3,0,-,Purple,cant,15,1,castle_destroyed,977,32.57,False,66,65,66,5,0,0,1044,1044,3,-1,1.0000,159
Purple,6,cube,3,0,-,Purple,cant,30,1,castle_destroyed,575,19.17,False,20,19,20,2,0,0,1044,1044,3,-1,1.0000,122
Purple,6,cube,3,4,spike,Purple,cant,0,1,castle_destroyed,441,14.70,False,0,0,0,0,0,15,1419,1044,3,-1,1.0000,91
Purple,6,cube,3,4,spike,Purple,cant,1,1,castle_destroyed,6886,229.53,False,271,271,271,78,271,10,1294,1044,0,271,0.6494,486
Purple,6,cube,3,4,spike,Purple,cant,2,1,castle_destroyed,3094,103.13,False,193,193,193,39,193,13,1369,1044,0,385,0.7553,510
Purple,6,cube,3,4,spike,Purple,cant,3,1,castle_destroyed,1849,61.63,False,180,180,180,26,180,18,1494,1044,0,538,1.0000,456
Purple,6,cube,3,4,spike,Purple,cant,5,1,castle_destroyed,1729,57.63,False,170,170,170,15,170,29,1769,1044,0,850,1.0000,308
Purple,6,cube,3,4,spike,Purple,cant,10,1,castle_destroyed,1294,43.13,False,130,129,130,7,0,44,2144,1044,3,-1,1.0000,209
Purple,6,cube,3,4,spike,Purple,cant,15,1,castle_destroyed,624,20.80,False,42,41,42,5,0,21,1569,1044,3,-1,1.0000,159
Purple,6,cube,3,4,spike,Purple,cant,30,1,castle_destroyed,524,17.47,False,18,18,18,2,0,18,1494,1044,3,-1,1.0000,122
Purple,6,cube,5,0,-,Purple,cant,0,1,castle_destroyed,351,11.70,False,0,0,0,0,0,0,1740,1740,5,-1,1.0000,91
Purple,6,cube,5,0,-,Purple,cant,1,1,defender_won,819,27.30,False,320,239,320,81,320,0,1740,1740,0,320,0.6494,-1
Purple,6,cube,5,0,-,Purple,cant,2,1,defender_won,1990,66.33,False,237,214,237,39,237,0,1740,1740,0,473,0.8259,-1
Purple,6,cube,5,0,-,Purple,cant,3,1,defender_won,4746,158.20,False,196,188,196,26,196,0,1740,1740,0,587,1.0000,432
Purple,6,cube,5,0,-,Purple,cant,5,1,defender_won,17061,568.70,False,166,164,166,15,166,0,1740,1740,0,827,1.0000,262
Purple,6,cube,5,0,-,Purple,cant,10,1,castle_destroyed,553,18.43,False,56,55,56,7,0,0,1740,1740,5,-1,1.0000,189
Purple,6,cube,5,0,-,Purple,cant,15,1,castle_destroyed,459,15.30,False,31,30,31,5,0,0,1740,1740,5,-1,1.0000,159
Purple,6,cube,5,0,-,Purple,cant,30,1,castle_destroyed,411,13.70,False,14,14,14,2,0,0,1740,1740,5,-1,1.0000,122
Purple,6,cube,5,4,spike,Purple,cant,0,1,castle_destroyed,351,11.70,False,0,0,0,0,0,12,2040,1740,5,-1,1.0000,91
Purple,6,cube,5,4,spike,Purple,cant,1,1,castle_destroyed,6946,231.53,False,335,335,335,77,335,12,2040,1740,0,335,0.6494,546
Purple,6,cube,5,4,spike,Purple,cant,2,1,castle_destroyed,2449,81.63,False,242,242,242,39,242,17,2165,1740,0,484,0.8259,570
Purple,6,cube,5,4,spike,Purple,cant,3,1,castle_destroyed,1884,62.80,False,215,215,215,26,215,22,2290,1740,0,644,1.0000,396
Purple,6,cube,5,4,spike,Purple,cant,5,1,castle_destroyed,1574,52.47,False,190,190,190,15,190,32,2540,1740,0,950,1.0000,246
Purple,6,cube,5,4,spike,Purple,cant,10,1,castle_destroyed,497,16.57,False,50,49,50,7,0,17,2165,1740,5,-1,1.0000,189
Purple,6,cube,5,4,spike,Purple,cant,15,1,castle_destroyed,434,14.47,False,29,29,29,5,0,15,2115,1740,5,-1,1.0000,159
Purple,6,cube,5,4,spike,Purple,cant,30,1,castle_destroyed,402,13.40,False,14,14,14,2,0,14,2090,1740,5,-1,1.0000,122
Purple,7,monky,1,0,-,Purple,cant,0,1,castle_destroyed,881,29.37,False,0,0,0,0,0,0,1918,1918,1,-1,1.0000,426
Purple,7,monky,1,0,-,Purple,cant,1,1,defender_won,812,27.07,False,556,391,556,196,556,0,1918,1918,0,556,0.2659,-1
Purple,7,monky,1,0,-,Purple,cant,2,1,defender_won,1270,42.33,False,452,350,452,102,452,0,1918,1918,0,904,0.2776,-1
Purple,7,monky,1,0,-,Purple,cant,3,1,defender_won,1870,62.33,False,436,373,436,71,436,0,1918,1918,0,1307,0.2965,-1
Purple,7,monky,1,0,-,Purple,cant,5,1,defender_won,2862,95.40,False,388,351,388,45,388,0,1918,1918,0,1940,0.2894,-1
Purple,7,monky,1,0,-,Purple,cant,10,1,defender_won,6412,213.73,False,403,389,403,18,403,0,1918,1918,0,4024,0.5694,-1
Purple,7,monky,1,0,-,Purple,cant,15,1,defender_won,14505,483.50,False,422,418,422,12,422,0,1918,1918,0,6329,1.0000,-1
Purple,7,monky,1,0,-,Purple,cant,30,1,defender_won,28658,955.27,True,415,413,415,6,415,0,1918,1918,0,12430,1.0000,-1
Purple,7,monky,1,4,spike,Purple,cant,0,1,castle_destroyed,739,24.63,False,0,0,0,0,0,25,2543,1918,1,-1,1.0000,244
Purple,7,monky,1,4,spike,Purple,cant,1,1,defender_won,1712,57.07,False,1423,1284,1423,171,1423,48,3118,1918,0,1423,0.3200,-1
Purple,7,monky,1,4,spike,Purple,cant,2,1,castle_destroyed,9409,313.63,False,1402,1402,1402,68,1402,94,4268,1918,0,2804,0.4871,3029
Purple,7,monky,1,4,spike,Purple,cant,3,1,castle_destroyed,6544,218.13,False,1740,1740,1740,40,1740,174,6268,1918,0,5218,1.0000,3156
Purple,7,monky,1,4,spike,Purple,cant,5,1,castle_destroyed,12704,423.47,False,2401,2401,2401,23,2401,401,11943,1918,0,12005,1.0000,1039
Purple,7,monky,1,4,spike,Purple,cant,10,1,castle_destroyed,1076,35.87,False,108,107,108,11,0,36,2818,1918,1,-1,1.0000,424
Purple,7,monky,1,4,spike,Purple,cant,15,1,castle_destroyed,816,27.20,False,55,54,55,7,0,28,2618,1918,1,-1,1.0000,324
Purple,7,monky,1,4,spike,Purple,cant,30,1,castle_destroyed,774,25.80,False,26,26,26,4,0,26,2568,1918,1,-1,1.0000,286
Purple,7,monky,3,0,-,Purple,cant,0,1,castle_destroyed,586,19.53,False,0,0,0,0,0,0,5754,5754,3,-1,1.0000,426
Purple,7,monky,3,0,-,Purple,cant,1,1,defender_won,1546,51.53,False,1284,1124,1284,193,1284,0,5754,5754,0,1284,0.2659,-1
Purple,7,monky,3,0,-,Purple,cant,2,1,defender_won,2289,76.30,False,940,849,940,97,940,0,5754,5754,0,1879,0.3553,-1
Purple,7,monky,3,0,-,Purple,cant,3,1,defender_won,3250,108.33,False,877,819,877,59,877,0,5754,5754,0,2630,0.4188,-1
Purple,7,monky,3,0,-,Purple,cant,5,1,defender_won,5555,185.17,False,835,810,835,34,835,0,5754,5754,0,4172,0.6918,-1
Purple,7,monky,3,0,-,Purple,cant,10,1,castle_destroyed,2459,81.97,False,246,245,246,16,0,0,5754,5754,3,-1,1.0000,1549
Purple,7,monky,3,0,-,Purple,cant,15,1,castle_destroyed,8507,283.57,False,568,567,568,10,0,0,5754,5754,3,-1,1.0000,7824
Purple,7,monky,3,0,-,Purple,cant,30,1,castle_destroyed,1059,35.30,False,36,35,36,5,0,0,5754,5754,3,-1,1.0000,539
Purple,7,monky,3,4,spike,Purple,cant,0,1,castle_destroyed,556,18.53,False,0,0,0,0,0,19,6229,5754,3,-1,1.0000,244
Purple,7,monky,3,4,spike,Purple,cant,1,1,defender_won,1950,65.00,False,1569,1460,1569,149,1569,53,7079,5754,0,1569,0.3200,-1
Purple,7,monky,3,4,spike,Purple,cant,2,1,castle_destroyed,8099,269.97,False,1830,1830,1830,60,1830,122,8804,5754,0,3659,0.6747,3839
Purple,7,monky,3,4,spike,Purple,cant,3,1,castle_destroyed,2586,86.20,False,862,859,862,40,0,87,7929,5754,3,-1,1.0000,2001
Purple,7,monky,3,4,spike,Purple,cant,5,1,castle_destroyed,12369,412.30,False,2420,2420,2420,23,2420,404,15854,5754,0,12100,1.0000,889
Purple,7,monky,3,4,spike,Purple,cant,10,1,castle_destroyed,716,23.87,False,72,71,72,11,0,24,6354,5754,3,-1,1.0000,424
Purple,7,monky,3,4,spike,Purple,cant,15,1,castle_destroyed,616,20.53,False,42,41,42,7,0,21,6279,5754,3,-1,1.0000,324
Purple,7,monky,3,4,spike,Purple,cant,30,1,castle_destroyed,621,20.70,False,21,21,21,4,0,21,6279,5754,3,-1,1.0000,286
Purple,7,monky,5,0,-,Purple,cant,0,1,castle_destroyed,551,18.37,False,0,0,0,0,0,0,9590,9590,5,-1,1.0000,426
Purple,7,monky,5,0,-,Purple,cant,1,1,defender_won,1668,55.60,False,1432,1254,1432,187,1432,0,9590,9590,0,1432,0.2659,-1
Purple,7,monky,5,0,-,Purple,cant,2,1,defender_won,2492,83.07,False,1026,941,1026,92,1026,0,9590,9590,0,2051,0.3835,-1
Purple,7,monky,5,0,-,Purple,cant,3,1,defender_won,4873,162.43,False,1310,1272,1310,47,1310,0,9590,9590,0,3929,0.6612,-1
Purple,7,monky,5,0,-,Purple,cant,5,1,defender_won,8458,281.93,False,951,942,951,34,951,0,9590,9590,0,4751,1.0000,-1
Purple,7,monky,5,0,-,Purple,cant,10,1,castle_destroyed,1975,65.83,False,198,197,198,16,0,0,9590,9590,5,-1,1.0000,1546
Purple,7,monky,5,0,-,Purple,cant,15,1,castle_destroyed,1265,42.17,False,85,84,85,10,0,0,9590,9590,5,-1,1.0000,833
Purple,7,monky,5,0,-,Purple,cant,30,1,castle_destroyed,692,23.07,False,24,23,24,5,0,0,9590,9590,5,-1,1.0000,539
Purple,7,monky,5,4,spike,Purple,cant,0,1,castle_destroyed,546,18.20,False,0,0,0,0,0,19,10065,9590,5,-1,1.0000,244
Purple,7,monky,5,4,spike,Purple,cant,1,1,defender_won,2236,74.53,False,1932,1794,1932,162,1932,65,11215,9590,0,1932,0.3200,-1
Purple,7,monky,5,4,spike,Purple,cant,2,1,castle_destroyed,5839,194.63,False,2057,2057,2057,60,2057,138,13040,9590,0,4114,0.9006,4169
Purple,7,monky,5,4,spike,Purple,cant,3,1,castle_destroyed,2130,71.00,False,710,707,710,40,0,71,11365,9590,5,-1,1.0000,1776
Purple,7,monky,5,4,spike,Purple,cant,5,1,castle_destroyed,5134,171.13,False,1027,1025,1027,23,0,172,13890,9590,5,-1,1.0000,724
Purple,7,monky,5,4,spike,Purple,cant,10,1,castle_destroyed,611,20.37,False,62,61,62,11,0,21,10115,9590,5,-1,1.0000,424
Purple,7,monky,5,4,spike,Purple,cant,15,1,castle_destroyed,564,18.80,False,38,37,38,7,0,19,10065,9590,5,-1,1.0000,324
Purple,7,monky,5,4,spike,Purple,cant,30,1,castle_destroyed,581,19.37,False,20,20,20,4,0,20,10090,9590,5,-1,1.0000,286
Purple,8,bigblobbo,1,0,-,Purple,cant,0,1,castle_destroyed,1001,33.37,False,0,0,0,0,0,0,12760,12760,1,-1,1.0000,851
Purple,8,bigblobbo,1,0,-,Purple,cant,1,1,defender_won,1771,59.03,False,1588,1351,1588,278,1588,0,12760,12760,0,1588,0.1518,-1
Purple,8,bigblobbo,1,0,-,Purple,cant,2,1,defender_won,3251,108.37,False,1489,1351,1489,139,1489,0,12760,12760,0,2977,0.1553,-1
Purple,8,bigblobbo,1,0,-,Purple,cant,3,1,defender_won,4919,163.97,False,1472,1401,1472,92,1472,0,12760,12760,0,4415,0.1624,-1
Purple,8,bigblobbo,1,0,-,Purple,cant,5,1,defender_won,7845,261.50,False,1431,1381,1431,55,1431,0,12760,12760,0,7155,0.1765,-1
Purple,8,bigblobbo,1,0,-,Purple,cant,10,1,defender_won,15137,504.57,False,1375,1351,1375,27,1375,0,12760,12760,0,13749,0.2118,-1
Purple,8,bigblobbo,1,0,-,Purple,cant,15,1,defender_won,22223,740.77,True,1325,1311,1325,18,1325,0,12760,12760,0,19871,0.2471,-1
Purple,8,bigblobbo,1,0,-,Purple,cant,30,1,survived_horizon,36000,1200.00,True,1200,1196,1200,9,0,0,12760,12760,1,-1,0.3529,-1
Purple,8,bigblobbo,1,4,spike,Purple,cant,0,1,castle_destroyed,851,28.37,False,0,0,0,0,0,29,13485,12760,1,-1,1.0000,244
Purple,8,bigblobbo,1,4,spike,Purple,cant,1,1,defender_won,7125,237.50,False,6713,6613,6713,147,6713,224,18360,12760,0,6713,0.2259,-1
Purple,8,bigblobbo,1,4,spike,Purple,cant,2,1,castle_destroyed,17424,580.80,False,7860,7860,7860,69,7860,524,25860,12760,0,15719,1.0000,15754
Purple,8,bigblobbo,1,4,spike,Purple,cant,3,1,castle_destroyed,4115,137.17,False,1372,1369,1372,40,0,138,16210,12760,1,-1,1.0000,3965
Purple,8,bigblobbo,1,4,spike,Purple,cant,5,1,survived_horizon,36000,1200.00,True,7200,7198,7200,23,0,1200,42760,12760,1,-1,1.0000,1049
Purple,8,bigblobbo,1,4,spike,Purple,cant,10,1,castle_destroyed,2929,97.63,False,293,292,293,11,0,98,15210,12760,1,-1,1.0000,424
Purple,8,bigblobbo,1,4,spike,Purple,cant,15,1,castle_destroyed,1644,54.80,False,110,109,110,7,0,55,14135,12760,1,-1,1.0000,324
Purple,8,bigblobbo,1,4,spike,Purple,cant,30,1,castle_destroyed,1169,38.97,False,39,39,39,4,0,39,13735,12760,1,-1,1.0000,286
Purple,8,bigblobbo,3,0,-,Purple,cant,0,1,castle_destroyed,881,29.37,False,0,0,0,0,0,0,38280,38280,3,-1,1.0000,851
Purple,8,bigblobbo,3,0,-,Purple,cant,1,1,defender_won,3475,115.83,False,3257,3061,3257,218,3257,0,38280,38280,0,3257,0.1518,-1
Purple,8,bigblobbo,3,0,-,Purple,cant,2,1,defender_won,6832,227.73,False,3198,3112,3198,109,3198,0,38280,38280,0,6395,0.2271,-1
Purple,8,bigblobbo,3,0,-,Purple,cant,3,1,defender_won,10215,340.50,False,3190,3134,3190,72,3190,0,38280,38280,0,9568,0.4153,-1
Purple,8,bigblobbo,3,0,-,Purple,cant,5,1,defender_won,17033,567.77,False,3147,3120,3147,43,3147,0,38280,38280,0,15735,0.7588,-1
Purple,8,bigblobbo,3,0,-,Purple,cant,10,1,force_destroyed_horizon,36000,1200.00,True,3190,3184,3190,21,3190,0,38280,38280,0,31899,1.0000,-1
Purple,8,bigblobbo,3,0,-,Purple,cant,15,1,survived_horizon,36000,1200.00,True,2400,2399,2400,14,0,0,38280,38280,3,-1,1.0000,-1
Purple,8,bigblobbo,3,0,-,Purple,cant,30,1,survived_horizon,36000,1200.00,True,1200,1200,1200,7,0,0,38280,38280,3,-1,1.0000,-1
Purple,8,bigblobbo,3,4,spike,Purple,cant,0,1,castle_destroyed,851,28.37,False,0,0,0,0,0,29,39005,38280,3,-1,1.0000,244
Purple,8,bigblobbo,3,4,spike,Purple,cant,1,1,defender_won,8493,283.10,False,8089,7987,8089,147,8089,270,45030,38280,0,8089,0.2259,-1
Purple,8,bigblobbo,3,4,spike,Purple,cant,2,1,castle_destroyed,19929,664.30,True,9204,9204,9204,64,9204,614,53630,38280,0,18408,1.0000,18424
Purple,8,bigblobbo,3,4,spike,Purple,cant,3,1,castle_destroyed,32494,1083.13,True,10374,10374,10374,40,10374,1038,64230,38280,0,31120,1.0000,31139
Purple,8,bigblobbo,3,4,spike,Purple,cant,5,1,castle_destroyed,1059,35.30,False,212,210,212,23,0,36,39180,38280,3,-1,1.0000,1019
Purple,8,bigblobbo,3,4,spike,Purple,cant,10,1,castle_destroyed,2689,89.63,False,269,268,269,11,0,90,40530,38280,3,-1,1.0000,424
Purple,8,bigblobbo,3,4,spike,Purple,cant,15,1,castle_destroyed,1579,52.63,False,106,105,106,7,0,53,39605,38280,3,-1,1.0000,324
Purple,8,bigblobbo,3,4,spike,Purple,cant,30,1,castle_destroyed,1154,38.47,False,39,39,39,4,0,39,39255,38280,3,-1,1.0000,286
Purple,8,bigblobbo,5,0,-,Purple,cant,0,1,castle_destroyed,881,29.37,False,0,0,0,0,0,0,63800,63800,5,-1,1.0000,851
Purple,8,bigblobbo,5,0,-,Purple,cant,1,1,defender_won,6554,218.47,False,6268,6121,6268,158,6268,0,63800,63800,0,6268,0.1518,-1
Purple,8,bigblobbo,5,0,-,Purple,cant,2,1,defender_won,12637,421.23,False,6090,6006,6090,93,6090,0,63800,63800,0,12179,0.4329,-1
Purple,8,bigblobbo,5,0,-,Purple,cant,3,1,defender_won,18980,632.67,True,6009,5971,6009,62,6009,0,63800,63800,0,18025,0.7824,-1
Purple,8,bigblobbo,5,0,-,Purple,cant,5,1,defender_won,32458,1081.93,True,5880,5869,5880,32,5880,0,63800,63800,0,29397,1.0000,-1
Purple,8,bigblobbo,5,0,-,Purple,cant,10,1,survived_horizon,36000,1200.00,True,3600,3598,3600,18,0,0,63800,63800,5,-1,1.0000,-1
Purple,8,bigblobbo,5,0,-,Purple,cant,15,1,survived_horizon,36000,1200.00,True,2400,2399,2400,12,0,0,63800,63800,5,-1,1.0000,-1
Purple,8,bigblobbo,5,0,-,Purple,cant,30,1,castle_destroyed,2046,68.20,False,69,68,69,6,0,0,63800,63800,5,-1,1.0000,1896
Purple,8,bigblobbo,5,4,spike,Purple,cant,0,1,castle_destroyed,851,28.37,False,0,0,0,0,0,29,64525,63800,5,-1,1.0000,244
Purple,8,bigblobbo,5,4,spike,Purple,cant,1,1,defender_won,10546,351.53,False,10114,10019,10114,147,10114,338,72250,63800,0,10114,0.2259,-1
Purple,8,bigblobbo,5,4,spike,Purple,cant,2,1,castle_destroyed,6509,216.97,False,3255,3250,3255,62,0,217,69225,63800,5,-1,1.0000,6419
Purple,8,bigblobbo,5,4,spike,Purple,cant,3,1,castle_destroyed,2544,84.80,False,848,845,848,40,0,85,65925,63800,5,-1,1.0000,2460
Purple,8,bigblobbo,5,4,spike,Purple,cant,5,1,castle_destroyed,1059,35.30,False,212,210,212,23,0,36,64700,63800,5,-1,1.0000,1019
Purple,8,bigblobbo,5,4,spike,Purple,cant,10,1,castle_destroyed,2509,83.63,False,251,250,251,11,0,84,65900,63800,5,-1,1.0000,424
Purple,8,bigblobbo,5,4,spike,Purple,cant,15,1,castle_destroyed,1524,50.80,False,102,101,102,7,0,51,65075,63800,5,-1,1.0000,324
Purple,8,bigblobbo,5,4,spike,Purple,cant,30,1,castle_destroyed,1139,37.97,False,38,38,38,4,0,38,64750,63800,5,-1,1.0000,286
Red,5,birdo,1,0,-,Red,derpyberd,0,1,castle_destroyed,5983,199.43,False,0,0,0,0,0,0,51,51,1,-1,1.0000,143
Red,5,birdo,1,0,-,Red,derpyberd,1,1,defender_won,932,31.07,False,150,17,150,133,150,0,51,51,0,150,0.6706,-1
Red,5,birdo,1,0,-,Red,derpyberd,2,1,defender_won,1928,64.27,False,96,44,96,67,96,0,51,51,0,192,0.6718,-1
Red,5,birdo,1,0,-,Red,derpyberd,3,1,defender_won,3229,107.63,False,86,57,86,41,86,0,51,51,0,258,0.6953,-1
Red,5,birdo,1,0,-,Red,derpyberd,5,1,defender_won,5027,167.57,False,72,54,72,24,72,0,51,51,0,360,0.7500,-1
Red,5,birdo,1,0,-,Red,derpyberd,10,1,defender_won,27707,923.57,True,65,62,65,11,65,0,51,51,0,646,1.0000,-1
Red,5,birdo,1,0,-,Red,derpyberd,15,1,force_destroyed_horizon,36000,1200.00,True,59,57,59,7,59,0,51,51,0,871,1.0000,-1
Red,5,birdo,1,0,-,Red,derpyberd,30,1,force_destroyed_horizon,36000,1200.00,True,67,66,67,4,67,0,51,51,0,1996,1.0000,192
Red,5,birdo,1,4,lobbo,Red,derpyberd,0,1,castle_destroyed,852,28.40,False,0,0,0,0,0,29,428,51,1,-1,1.0000,143
Red,5,birdo,1,4,lobbo,Red,derpyberd,1,1,defender_won,3207,106.90,False,206,177,206,106,206,7,142,51,0,206,0.6706,-1
Red,5,birdo,1,4,lobbo,Red,derpyberd,2,1,castle_destroyed,3771,125.70,False,161,161,161,50,161,11,194,51,0,322,0.8035,404
Red,5,birdo,1,4,lobbo,Red,derpyberd,3,1,castle_destroyed,2517,83.90,False,149,149,149,33,149,15,246,51,0,445,0.9629,472
Red,5,birdo,1,4,lobbo,Red,derpyberd,5,1,castle_destroyed,1775,59.17,False,126,126,126,20,126,21,324,51,0,626,1.0000,264
Red,5,birdo,1,4,lobbo,Red,derpyberd,10,1,castle_destroyed,1402,46.73,False,116,116,116,10,116,39,558,51,0,1156,1.0000,180
Red,5,birdo,1,4,lobbo,Red,derpyberd,15,1,castle_destroyed,1109,36.97,False,74,73,74,7,0,37,532,51,1,-1,1.0000,157
Red,5,birdo,1,4,lobbo,Red,derpyberd,30,1,castle_destroyed,876,29.20,False,30,29,30,4,0,30,441,51,1,-1,1.0000,151
Red,5,birdo,3,0,-,Red,derpyberd,0,1,castle_destroyed,2111,70.37,False,0,0,0,0,0,0,153,153,3,-1,1.0000,143
Red,5,birdo,3,0,-,Red,derpyberd,1,1,defender_won,1293,43.10,False,272,175,272,110,272,0,153,153,0,272,0.6706,-1
Red,5,birdo,3,0,-,Red,derpyberd,2,1,defender_won,2214,73.80,False,172,124,172,55,172,0,153,153,0,343,0.7253,-1
Red,5,birdo,3,0,-,Red,derpyberd,3,1,defender_won,3699,123.30,False,134,108,134,36,134,0,153,153,0,400,0.8065,-1
Red,5,birdo,3,0,-,Red,derpyberd,5,1,defender_won,12246,408.20,False,105,98,105,22,105,0,153,153,0,524,0.9559,-1
Red,5,birdo,3,0,-,Red,derpyberd,10,1,defender_won,21451,715.03,True,110,106,110,11,110,0,153,153,0,1100,1.0000,240
Red,5,birdo,3,0,-,Red,derpyberd,15,1,defender_won,28766,958.87,True,114,111,114,7,114,0,153,153,0,1709,1.0000,206
Red,5,birdo,3,0,-,Red,derpyberd,30,1,force_destroyed_horizon,36000,1200.00,True,94,93,94,4,94,0,153,153,0,2806,1.0000,176
Red,5,birdo,3,4,lobbo,Red,derpyberd,0,1,castle_destroyed,769,25.63,False,0,0,0,0,0,26,491,153,3,-1,1.0000,143
Red,5,birdo,3,4,lobbo,Red,derpyberd,1,1,defender_won,4023,134.10,False,295,272,295,103,295,10,283,153,0,295,0.6706,-1
Red,5,birdo,3,4,lobbo,Red,derpyberd,2,1,castle_destroyed,3005,100.17,False,196,196,196,50,196,14,335,153,0,392,0.8324,464
Red,5,birdo,3,4,lobbo,Red,derpyberd,3,1,castle_destroyed,2190,73.00,False,160,160,160,33,160,16,361,153,0,478,1.0000,402
Red,5,birdo,3,4,lobbo,Red,derpyberd,5,1,castle_destroyed,1733,57.77,False,151,151,151,20,151,26,491,153,0,751,1.0000,263
Red,5,birdo,3,4,lobbo,Red,derpyberd,10,1,castle_destroyed,1121,37.37,False,113,111,113,10,0,38,647,153,3,-1,1.0000,180
Red,5,birdo,3,4,lobbo,Red,derpyberd,15,1,castle_destroyed,921,30.70,False,62,61,62,7,0,31,556,153,3,-1,1.0000,157
Red,5,birdo,3,4,lobbo,Red,derpyberd,30,1,castle_destroyed,788,26.27,False,27,26,27,4,0,27,504,153,3,-1,1.0000,151
Red,5,birdo,5,0,-,Red,derpyberd,0,1,castle_destroyed,1367,45.57,False,0,0,0,0,0,0,255,255,5,-1,1.0000,143
Red,5,birdo,5,0,-,Red,derpyberd,1,1,defender_won,1303,43.43,False,333,230,333,110,333,0,255,255,0,333,0.6706,-1
Red,5,birdo,5,0,-,Red,derpyberd,2,1,defender_won,2288,76.27,False,209,161,209,55,209,0,255,255,0,418,0.7253,-1
Red,5,birdo,5,0,-,Red,derpyberd,3,1,defender_won,5181,172.70,False,165,147,165,36,165,0,255,255,0,493,0.9135,-1
Red,5,birdo,5,0,-,Red,derpyberd,5,1,defender_won,14308,476.93,False,133,127,133,22,133,0,255,255,0,663,1.0000,484
Red,5,birdo,5,0,-,Red,derpyberd,10,1,defender_won,28277,942.57,True,122,119,122,11,122,0,255,255,0,1220,1.0000,233
Red,5,birdo,5,0,-,Red,derpyberd,15,1,force_destroyed_horizon,36000,1200.00,True,120,118,120,7,120,0,255,255,0,1786,1.0000,206
Red,5,birdo,5,0,-,Red,derpyberd,30,1,castle_destroyed,1543,51.43,False,52,51,52,4,0,0,255,255,5,-1,1.0000,176
Red,5,birdo,5,4,lobbo,Red,derpyberd,0,1,castle_destroyed,707,23.57,False,0,0,0,0,0,24,567,255,5,-1,1.0000,143
Red,5,birdo,5,4,lobbo,Red,derpyberd,1,1,defender_won,3682,122.73,False,359,333,359,103,359,12,411,255,0,359,0.6706,-1
Red,5,birdo,5,4,lobbo,Red,derpyberd,2,1,castle_destroyed,2551,85.03,False,226,226,226,50,226,16,463,255,0,452,0.8653,511
Red,5,birdo,5,4,lobbo,Red,derpyberd,3,1,castle_destroyed,2237,74.57,False,200,200,200,33,200,20,515,255,0,598,1.0000,377
Red,5,birdo,5,4,lobbo,Red,derpyberd,5,1,castle_destroyed,1657,55.23,False,176,176,176,20,176,30,645,255,0,876,1.0000,255
Red,5,birdo,5,4,lobbo,Red,derpyberd,10,1,castle_destroyed,929,30.97,False,93,92,93,10,0,31,658,255,5,-1,1.0000,180
Red,5,birdo,5,4,lobbo,Red,derpyberd,15,1,castle_destroyed,803,26.77,False,54,53,54,7,0,27,606,255,5,-1,1.0000,157
Red,5,birdo,5,4,lobbo,Red,derpyberd,30,1,castle_destroyed,720,24.00,False,24,24,24,4,0,24,567,255,5,-1,1.0000,151
Red,6,the_puncher,1,0,-,Red,derpyberd,0,1,castle_destroyed,1403,46.77,False,0,0,0,0,0,0,324,324,1,-1,1.0000,115
Red,6,the_puncher,1,0,-,Red,derpyberd,1,1,defender_won,1040,34.67,False,207,83,207,138,207,0,324,324,0,207,0.7235,-1
Red,6,the_puncher,1,0,-,Red,derpyberd,2,1,defender_won,1743,58.10,False,181,114,181,67,181,0,324,324,0,362,0.7253,-1
Red,6,the_puncher,1,0,-,Red,derpyberd,3,1,defender_won,2760,92.00,False,169,130,169,44,169,0,324,324,0,507,0.7665,-1
Red,6,the_puncher,1,0,-,Red,derpyberd,5,1,defender_won,7223,240.77,False,165,152,165,24,165,0,324,324,0,821,0.8447,-1
Red,6,the_puncher,1,0,-,Red,derpyberd,10,1,defender_won,28441,948.03,True,138,135,138,10,138,0,324,324,0,1380,1.0000,-1
Red,6,the_puncher,1,0,-,Red,derpyberd,15,1,defender_won,29243,974.77,True,146,143,146,7,146,0,324,324,0,2182,1.0000,-1
Red,6,the_puncher,1,0,-,Red,derpyberd,30,1,force_destroyed_horizon,36000,1200.00,True,158,157,158,3,158,0,324,324,0,4726,1.0000,885
Red,6,the_puncher,1,4,lobbo,Red,derpyberd,0,1,castle_destroyed,701,23.37,False,0,0,0,0,0,24,636,324,1,-1,1.0000,115
Red,6,the_puncher,1,4,lobbo,Red,derpyberd,1,1,defender_won,8805,293.50,False,520,510,520,104,520,18,558,324,0,520,0.7235,-1
Red,6,the_puncher,1,4,lobbo,Red,derpyberd,2,1,castle_destroyed,2766,92.20,False,514,514,514,53,514,35,779,324,0,1028,1.0000,773
Red,6,the_puncher,1,4,lobbo,Red,derpyberd,3,1,castle_destroyed,2820,94.00,False,486,486,486,35,486,49,961,324,0,1456,1.0000,474
Red,6,the_puncher,1,4,lobbo,Red,derpyberd,5,1,castle_destroyed,1538,51.27,False,308,305,308,20,0,52,1000,324,1,-1,1.0000,229
Red,6,the_puncher,1,4,lobbo,Red,derpyberd,10,1,castle_destroyed,988,32.93,False,99,98,99,10,0,33,753,324,1,-1,1.0000,195
Red,6,the_puncher,1,4,lobbo,Red,derpyberd,15,1,castle_destroyed,858,28.60,False,58,57,58,7,0,29,701,324,1,-1,1.0000,163
Red,6,the_puncher,1,4,lobbo,Red,derpyberd,30,1,castle_destroyed,729,24.30,False,25,24,25,3,0,25,649,324,1,-1,1.0000,146
Red,6,the_puncher,3,0,-,Red,derpyberd,0,1,castle_destroyed,565,18.83,False,0,0,0,0,0,0,972,972,3,-1,1.0000,115
Red,6,the_puncher,3,0,-,Red,derpyberd,1,1,defender_won,1370,45.67,False,444,335,444,112,444,0,972,972,0,444,0.7235,-1
Red,6,the_puncher,3,0,-,Red,derpyberd,2,1,defender_won,2553,85.10,False,375,325,375,54,375,0,972,972,0,749,0.7500,-1
Red,6,the_puncher,3,0,-,Red,derpyberd,3,1,defender_won,9279,309.30,False,334,324,334,36,334,0,972,972,0,1001,1.0000,-1
Red,6,the_puncher,3,0,-,Red,derpyberd,5,1,defender_won,9079,302.63,False,308,297,308,21,308,0,972,972,0,1538,1.0000,599
Red,6,the_puncher,3,0,-,Red,derpyberd,10,1,castle_destroyed,1990,66.33,False,199,198,199,10,0,0,972,972,3,-1,1.0000,285
Red,6,the_puncher,3,0,-,Red,derpyberd,15,1,castle_destroyed,1369,45.63,False,92,91,92,7,0,0,972,972,3,-1,1.0000,223
Red,6,the_puncher,3,0,-,Red,derpyberd,30,1,castle_destroyed,791,26.37,False,27,26,27,3,0,0,972,972,3,-1,1.0000,175
Red,6,the_puncher,3,4,lobbo,Red,derpyberd,0,1,castle_destroyed,479,15.97,False,0,0,0,0,0,16,1180,972,3,-1,1.0000,115
Red,6,the_puncher,3,4,lobbo,Red,derpyberd,1,1,castle_destroyed,10907,363.57,False,704,704,704,102,704,24,1284,972,0,704,0.7235,848
Red,6,the_puncher,3,4,lobbo,Red,derpyberd,2,1,castle_destroyed,3113,103.77,False,567,567,567,53,567,38,1466,972,0,1134,1.0000,705
Red,6,the_puncher,3,4,lobbo,Red,derpyberd,3,1,castle_destroyed,2252,75.07,False,529,529,529,35,529,53,1661,972,0,1585,1.0000,354
Red,6,the_puncher,3,4,lobbo,Red,derpyberd,5,1,castle_destroyed,792,26.40,False,159,156,159,20,0,27,1323,972,3,-1,1.0000,214
Red,6,the_puncher,3,4,lobbo,Red,derpyberd,10,1,castle_destroyed,595,19.83,False,60,58,60,10,0,20,1232,972,3,-1,1.0000,174
Red,6,the_puncher,3,4,lobbo,Red,derpyberd,15,1,castle_destroyed,546,18.20,False,37,36,37,7,0,19,1219,972,3,-1,1.0000,158
Red,6,the_puncher,3,4,lobbo,Red,derpyberd,30,1,castle_destroyed,509,16.97,False,17,17,17,3,0,17,1193,972,3,-1,1.0000,145
Red,6,the_puncher,5,0,-,Red,derpyberd,0,1,castle_destroyed,425,14.17,False,0,0,0,0,0,0,1620,1620,5,-1,1.0000,115
Red,6,the_puncher,5,0,-,Red,derpyberd,1,1,defender_won,1557,51.90,False,600,495,600,112,600,0,1620,1620,0,600,0.7235,-1
Red,6,the_puncher,5,0,-,Red,derpyberd,2,1,defender_won,3606,120.20,False,479,446,479,54,479,0,1620,1620,0,957,0.8776,-1
Red,6,the_puncher,5,0,-,Red,derpyberd,3,1,defender_won,8831,294.37,False,429,418,429,36,429,0,1620,1620,0,1286,1.0000,759
Red,6,the_puncher,5,0,-,Red,derpyberd,5,1,castle_destroyed,1685,56.17,False,337,334,337,21,0,0,1620,1620,5,-1,1.0000,425
Red,6,the_puncher,5,0,-,Red,derpyberd,10,1,castle_destroyed,872,29.07,False,88,86,88,10,0,0,1620,1620,5,-1,1.0000,251
Red,6,the_puncher,5,0,-,Red,derpyberd,15,1,castle_destroyed,626,20.87,False,42,41,42,7,0,0,1620,1620,5,-1,1.0000,206
Red,6,the_puncher,5,0,-,Red,derpyberd,30,1,castle_destroyed,511,17.03,False,18,17,18,3,0,0,1620,1620,5,-1,1.0000,175
Red,6,the_puncher,5,4,lobbo,Red,derpyberd,0,1,castle_destroyed,397,13.23,False,0,0,0,0,0,14,1802,1620,5,-1,1.0000,115
Red,6,the_puncher,5,4,lobbo,Red,derpyberd,1,1,defender_won,14431,481.03,False,778,772,778,102,778,26,1958,1620,0,778,0.7235,-1
Red,6,the_puncher,5,4,lobbo,Red,derpyberd,2,1,castle_destroyed,2653,88.43,False,602,602,602,53,602,41,2153,1620,0,1204,1.0000,705
Red,6,the_puncher,5,4,lobbo,Red,derpyberd,3,1,castle_destroyed,1109,36.97,False,370,365,370,35,0,37,2101,1620,5,-1,1.0000,336
Red,6,the_puncher,5,4,lobbo,Red,derpyberd,5,1,castle_destroyed,578,19.27,False,116,113,116,20,0,20,1880,1620,5,-1,1.0000,214
Red,6,the_puncher,5,4,lobbo,Red,derpyberd,10,1,castle_destroyed,455,15.17,False,46,44,46,10,0,16,1828,1620,5,-1,1.0000,174
Red,6,the_puncher,5,4,lobbo,Red,derpyberd,15,1,castle_destroyed,450,15.00,False,30,29,30,7,0,15,1815,1620,5,-1,1.0000,158
Red,6,the_puncher,5,4,lobbo,Red,derpyberd,30,1,castle_destroyed,426,14.20,False,15,14,15,3,0,15,1815,1620,5,-1,1.0000,145
Red,7,caw,1,0,-,Red,derpyberd,0,1,castle_destroyed,526,17.53,False,0,0,0,0,0,0,2361,2361,1,-1,1.0000,244
Red,7,caw,1,0,-,Red,derpyberd,1,1,defender_won,2423,80.77,False,2181,1938,2181,330,2181,0,2361,2361,0,2181,0.5312,-1
Red,7,caw,1,0,-,Red,derpyberd,2,1,defender_won,3014,100.47,False,1221,1090,1221,166,1221,0,2361,2361,0,2442,0.5318,-1
Red,7,caw,1,0,-,Red,derpyberd,3,1,defender_won,4422,147.40,False,1046,976,1046,82,1046,0,2361,2361,0,3138,0.5353,-1
Red,7,caw,1,0,-,Red,derpyberd,5,1,defender_won,6421,214.03,False,830,792,830,40,830,0,2361,2361,0,4149,0.5394,-1
Red,7,caw,1,0,-,Red,derpyberd,10,1,defender_won,20911,697.03,True,919,912,919,19,919,0,2361,2361,0,9189,1.0000,-1
Red,7,caw,1,0,-,Red,derpyberd,15,1,force_destroyed_horizon,36000,1200.00,True,889,886,889,13,889,0,2361,2361,0,13334,1.0000,-1
Red,7,caw,1,0,-,Red,derpyberd,30,1,force_destroyed_horizon,36000,1200.00,True,948,946,948,5,948,0,2361,2361,0,28417,1.0000,-1
Red,7,caw,1,4,lobbo,Red,derpyberd,0,1,castle_destroyed,467,15.57,False,0,0,0,0,0,16,2569,2361,1,-1,1.0000,143
Red,7,caw,1,4,lobbo,Red,derpyberd,1,1,defender_won,5344,178.13,False,4884,4648,4884,251,4884,163,4480,2361,0,4884,0.6353,-1
Red,7,caw,1,4,lobbo,Red,derpyberd,2,1,castle_destroyed,3991,133.03,False,1996,1988,1996,50,0,134,4103,2361,1,-1,1.0000,905
Red,7,caw,1,4,lobbo,Red,derpyberd,3,1,castle_destroyed,1160,38.67,False,387,382,387,33,0,39,2868,2361,1,-1,1.0000,525
Red,7,caw,1,4,lobbo,Red,derpyberd,5,1,castle_destroyed,749,24.97,False,150,147,150,20,0,25,2686,2361,1,-1,1.0000,269
Red,7,caw,1,4,lobbo,Red,derpyberd,10,1,castle_destroyed,479,15.97,False,48,47,48,10,0,16,2569,2361,1,-1,1.0000,188
Red,7,caw,1,4,lobbo,Red,derpyberd,15,1,castle_destroyed,479,15.97,False,32,31,32,7,0,16,2569,2361,1,-1,1.0000,173
Red,7,caw,1,4,lobbo,Red,derpyberd,30,1,castle_destroyed,475,15.83,False,16,16,16,4,0,16,2569,2361,1,-1,1.0000,151
Red,7,caw,3,0,-,Red,derpyberd,0,1,castle_destroyed,351,11.70,False,0,0,0,0,0,0,7083,7083,3,-1,1.0000,244
Red,7,caw,3,0,-,Red,derpyberd,1,1,defender_won,2732,91.07,False,2435,2176,2435,328,2435,0,7083,7083,0,2435,0.5312,-1
Red,7,caw,3,0,-,Red,derpyberd,2,1,defender_won,9416,313.87,False,2681,2660,2681,91,2681,0,7083,7083,0,5362,1.0000,-1
Red,7,caw,3,0,-,Red,derpyberd,3,1,defender_won,8718,290.60,False,1881,1853,1881,61,1881,0,7083,7083,0,5641,0.8735,-1
Red,7,caw,3,0,-,Red,derpyberd,5,1,defender_won,13542,451.40,False,1591,1576,1591,34,1591,0,7083,7083,0,7953,1.0000,2089
Red,7,caw,3,0,-,Red,derpyberd,10,1,castle_destroyed,2404,80.13,False,241,239,241,16,0,0,7083,7083,3,-1,1.0000,1304
Red,7,caw,3,0,-,Red,derpyberd,15,1,castle_destroyed,1048,34.93,False,70,69,70,11,0,0,7083,7083,3,-1,1.0000,624
Red,7,caw,3,0,-,Red,derpyberd,30,1,castle_destroyed,524,17.47,False,18,17,18,5,0,0,7083,7083,3,-1,1.0000,336
Red,7,caw,3,4,lobbo,Red,derpyberd,0,1,castle_destroyed,338,11.27,False,0,0,0,0,0,12,7239,7083,3,-1,1.0000,143
Red,7,caw,3,4,lobbo,Red,derpyberd,1,1,defender_won,8065,268.83,False,5668,5631,5668,111,5668,189,9540,7083,0,5668,0.6353,-1
Red,7,caw,3,4,lobbo,Red,derpyberd,2,1,castle_destroyed,1831,61.03,False,916,908,916,50,0,62,7889,7083,3,-1,1.0000,871
Red,7,caw,3,4,lobbo,Red,derpyberd,3,1,castle_destroyed,1191,39.70,False,397,392,397,33,0,40,7603,7083,3,-1,1.0000,525
Red,7,caw,3,4,lobbo,Red,derpyberd,5,1,castle_destroyed,445,14.83,False,89,86,89,20,0,15,7278,7083,3,-1,1.0000,269
Red,7,caw,3,4,lobbo,Red,derpyberd,10,1,castle_destroyed,338,11.27,False,34,33,34,10,0,12,7239,7083,3,-1,1.0000,188
Red,7,caw,3,4,lobbo,Red,derpyberd,15,1,castle_destroyed,338,11.27,False,23,22,23,7,0,12,7239,7083,3,-1,1.0000,173
Red,7,caw,3,4,lobbo,Red,derpyberd,30,1,castle_destroyed,338,11.27,False,12,11,12,4,0,12,7239,7083,3,-1,1.0000,151
Red,7,caw,5,0,-,Red,derpyberd,0,1,castle_destroyed,338,11.27,False,0,0,0,0,0,0,11805,11805,5,-1,1.0000,244
Red,7,caw,5,0,-,Red,derpyberd,1,1,defender_won,4319,143.97,False,3816,3598,3816,239,3816,0,11805,11805,0,3816,0.5312,-1
Red,7,caw,5,0,-,Red,derpyberd,2,1,defender_won,5573,185.77,False,2251,2163,2251,107,2251,0,11805,11805,0,4501,0.5729,-1
Red,7,caw,5,0,-,Red,derpyberd,3,1,defender_won,10770,359.00,False,1841,1825,1841,61,1841,0,11805,11805,0,5523,1.0000,-1
Red,7,caw,5,0,-,Red,derpyberd,5,1,castle_destroyed,6554,218.47,False,1311,1308,1311,34,0,0,11805,11805,5,-1,1.0000,1698
Red,7,caw,5,0,-,Red,derpyberd,10,1,castle_destroyed,784,26.13,False,79,77,79,16,0,0,11805,11805,5,-1,1.0000,644
Red,7,caw,5,0,-,Red,derpyberd,15,1,castle_destroyed,581,19.37,False,39,38,39,11,0,0,11805,11805,5,-1,1.0000,430
Red,7,caw,5,0,-,Red,derpyberd,30,1,castle_destroyed,418,13.93,False,14,14,14,5,0,0,11805,11805,5,-1,1.0000,334
Red,7,caw,5,4,lobbo,Red,derpyberd,0,1,castle_destroyed,334,11.13,False,0,0,0,0,0,12,11961,11805,5,-1,1.0000,143
Red,7,caw,5,4,lobbo,Red,derpyberd,1,1,defender_won,8121,270.70,False,5782,5744,5782,113,5782,193,14314,11805,0,5782,0.6353,-1
Red,7,caw,5,4,lobbo,Red,derpyberd,2,1,castle_destroyed,1351,45.03,False,676,668,676,50,0,46,12403,11805,5,-1,1.0000,751
Red,7,caw,5,4,lobbo,Red,derpyberd,3,1,castle_destroyed,689,22.97,False,230,225,230,33,0,23,12104,11805,5,-1,1.0000,495
Red,7,caw,5,4,lobbo,Red,derpyberd,5,1,castle_destroyed,428,14.27,False,86,83,86,20,0,15,12000,11805,5,-1,1.0000,269
Red,7,caw,5,4,lobbo,Red,derpyberd,10,1,castle_destroyed,334,11.13,False,34,32,34,10,0,12,11961,11805,5,-1,1.0000,188
Red,7,caw,5,4,lobbo,Red,derpyberd,15,1,castle_destroyed,334,11.13,False,23,22,23,7,0,12,11961,11805,5,-1,1.0000,173
Red,7,caw,5,4,lobbo,Red,derpyberd,30,1,castle_destroyed,334,11.13,False,12,11,12,4,0,12,11961,11805,5,-1,1.0000,151
Red,8,draggo,1,0,-,Red,derpyberd,0,1,castle_destroyed,1001,33.37,False,0,0,0,0,0,0,18904,18904,1,-1,1.0000,851
Red,8,draggo,1,0,-,Red,derpyberd,1,1,defender_won,4876,162.53,False,4510,4201,4510,349,4510,0,18904,18904,0,4510,0.2353,-1
Red,8,draggo,1,0,-,Red,derpyberd,2,1,defender_won,9321,310.70,False,4365,4201,4365,174,4365,0,18904,18904,0,8730,0.2394,-1
Red,8,draggo,1,0,-,Red,derpyberd,3,1,defender_won,13784,459.47,False,4307,4201,4307,116,4307,0,18904,18904,0,12920,0.2435,-1
Red,8,draggo,1,0,-,Red,derpyberd,5,1,defender_won,22663,755.43,True,4228,4171,4228,69,4228,0,18904,18904,0,21139,0.2518,-1
Red,8,draggo,1,0,-,Red,derpyberd,10,1,survived_horizon,36000,1200.00,True,3600,3571,3600,34,0,0,18904,18904,1,-1,0.2724,-1
Red,8,draggo,1,0,-,Red,derpyberd,15,1,survived_horizon,36000,1200.00,True,2400,2381,2400,23,0,0,18904,18904,1,-1,0.2929,-1
Red,8,draggo,1,0,-,Red,derpyberd,30,1,survived_horizon,36000,1200.00,True,1200,1191,1200,11,0,0,18904,18904,1,-1,0.3547,-1
Red,8,draggo,1,4,lobbo,Red,derpyberd,0,1,castle_destroyed,851,28.37,False,0,0,0,0,0,29,19281,18904,1,-1,1.0000,143
Red,8,draggo,1,4,lobbo,Red,derpyberd,1,1,survived_horizon,36000,1200.00,True,36000,35856,36000,151,0,1200,34504,18904,1,-1,0.4712,-1
Red,8,draggo,1,4,lobbo,Red,derpyberd,2,1,survived_horizon,36000,1200.00,True,18000,17993,18000,50,0,1200,34504,18904,1,-1,1.0000,-1
Red,8,draggo,1,4,lobbo,Red,derpyberd,3,1,castle_destroyed,20181,672.70,True,6727,6722,6727,33,0,673,27653,18904,1,-1,1.0000,564
Red,8,draggo,1,4,lobbo,Red,derpyberd,5,1,castle_destroyed,4173,139.10,False,835,832,835,20,0,140,20724,18904,1,-1,1.0000,275
Red,8,draggo,1,4,lobbo,Red,derpyberd,10,1,castle_destroyed,851,28.37,False,86,84,86,10,0,29,19281,18904,1,-1,1.0000,188
Red,8,draggo,1,4,lobbo,Red,derpyberd,15,1,castle_destroyed,851,28.37,False,57,56,57,7,0,29,19281,18904,1,-1,1.0000,173
Red,8,draggo,1,4,lobbo,Red,derpyberd,30,1,castle_destroyed,851,28.37,False,29,28,29,4,0,29,19281,18904,1,-1,1.0000,151
Red,8,draggo,3,0,-,Red,derpyberd,0,1,castle_destroyed,881,29.37,False,0,0,0,0,0,0,56712,56712,3,-1,1.0000,851
Red,8,draggo,3,0,-,Red,derpyberd,1,1,defender_won,9904,330.13,False,9461,9211,9461,289,9461,0,56712,56712,0,9461,0.2353,-1
Red,8,draggo,3,0,-,Red,derpyberd,2,1,defender_won,19626,654.20,True,9397,9281,9397,144,9397,0,56712,56712,0,18793,0.4394,-1
Red,8,draggo,3,0,-,Red,derpyberd,3,1,defender_won,30330,1011.00,True,9417,9374,9417,96,9417,0,56712,56712,0,28250,0.8935,-1
Red,8,draggo,3,0,-,Red,derpyberd,5,1,survived_horizon,36000,1200.00,True,7200,7190,7200,56,0,0,56712,56712,3,-1,1.0000,-1
Red,8,draggo,3,0,-,Red,derpyberd,10,1,survived_horizon,36000,1200.00,True,3600,3596,3600,28,0,0,56712,56712,3,-1,1.0000,-1
Red,8,draggo,3,0,-,Red,derpyberd,15,1,survived_horizon,36000,1200.00,True,2400,2398,2400,19,0,0,56712,56712,3,-1,1.0000,-1
Red,8,draggo,3,0,-,Red,derpyberd,30,1,survived_horizon,36000,1200.00,True,1200,1199,1200,9,0,0,56712,56712,3,-1,1.0000,-1
Red,8,draggo,3,4,lobbo,Red,derpyberd,0,1,castle_destroyed,851,28.37,False,0,0,0,0,0,29,57089,56712,3,-1,1.0000,143
Red,8,draggo,3,4,lobbo,Red,derpyberd,1,1,survived_horizon,36000,1200.00,True,36000,35856,36000,151,0,1200,72312,56712,3,-1,0.4712,-1
Red,8,draggo,3,4,lobbo,Red,derpyberd,2,1,survived_horizon,36000,1200.00,True,18000,17993,18000,50,0,1200,72312,56712,3,-1,1.0000,-1
Red,8,draggo,3,4,lobbo,Red,derpyberd,3,1,castle_destroyed,17202,573.40,False,5734,5729,5734,33,0,574,64174,56712,3,-1,1.0000,564
Red,8,draggo,3,4,lobbo,Red,derpyberd,5,1,castle_destroyed,4058,135.27,False,812,809,812,20,0,136,58480,56712,3,-1,1.0000,275
Red,8,draggo,3,4,lobbo,Red,derpyberd,10,1,castle_destroyed,851,28.37,False,86,84,86,10,0,29,57089,56712,3,-1,1.0000,188
Red,8,draggo,3,4,lobbo,Red,derpyberd,15,1,castle_destroyed,851,28.37,False,57,56,57,7,0,29,57089,56712,3,-1,1.0000,173
Red,8,draggo,3,4,lobbo,Red,derpyberd,30,1,castle_destroyed,851,28.37,False,29,28,29,4,0,29,57089,56712,3,-1,1.0000,151
Red,8,draggo,5,0,-,Red,derpyberd,0,1,castle_destroyed,881,29.37,False,0,0,0,0,0,0,94520,94520,5,-1,1.0000,851
Red,8,draggo,5,0,-,Red,derpyberd,1,1,defender_won,18843,628.10,True,18336,18121,18336,229,18336,0,94520,94520,0,18336,0.2353,-1
Red,8,draggo,5,0,-,Red,derpyberd,2,1,survived_horizon,36000,1200.00,True,18000,17975,18000,129,0,0,94520,94520,3,-1,0.8882,-1
Red,8,draggo,5,0,-,Red,derpyberd,3,1,survived_horizon,36000,1200.00,True,12000,11993,12000,86,0,0,94520,94520,5,-1,1.0000,-1
Red,8,draggo,5,0,-,Red,derpyberd,5,1,survived_horizon,36000,1200.00,True,7200,7197,7200,51,0,0,94520,94520,5,-1,1.0000,-1
Red,8,draggo,5,0,-,Red,derpyberd,10,1,survived_horizon,36000,1200.00,True,3600,3599,3600,23,0,0,94520,94520,5,-1,1.0000,-1
Red,8,draggo,5,0,-,Red,derpyberd,15,1,survived_horizon,36000,1200.00,True,2400,2398,2400,17,0,0,94520,94520,5,-1,1.0000,-1
Red,8,draggo,5,0,-,Red,derpyberd,30,1,castle_destroyed,2353,78.43,False,79,78,79,8,0,0,94520,94520,5,-1,1.0000,2203
Red,8,draggo,5,4,lobbo,Red,derpyberd,0,1,castle_destroyed,851,28.37,False,0,0,0,0,0,29,94897,94520,5,-1,1.0000,143
Red,8,draggo,5,4,lobbo,Red,derpyberd,1,1,survived_horizon,36000,1200.00,True,36000,35856,36000,151,0,1200,110120,94520,5,-1,0.4712,-1
Red,8,draggo,5,4,lobbo,Red,derpyberd,2,1,survived_horizon,36000,1200.00,True,18000,17993,18000,50,0,1200,110120,94520,5,-1,1.0000,-1
Red,8,draggo,5,4,lobbo,Red,derpyberd,3,1,castle_destroyed,15021,500.70,False,5007,5002,5007,33,0,501,101033,94520,5,-1,1.0000,564
Red,8,draggo,5,4,lobbo,Red,derpyberd,5,1,castle_destroyed,3953,131.77,False,791,788,791,20,0,132,96236,94520,5,-1,1.0000,275
Red,8,draggo,5,4,lobbo,Red,derpyberd,10,1,castle_destroyed,851,28.37,False,86,84,86,10,0,29,94897,94520,5,-1,1.0000,188
Red,8,draggo,5,4,lobbo,Red,derpyberd,15,1,castle_destroyed,851,28.37,False,57,56,57,7,0,29,94897,94520,5,-1,1.0000,173
Red,8,draggo,5,4,lobbo,Red,derpyberd,30,1,castle_destroyed,851,28.37,False,29,28,29,4,0,29,94897,94520,5,-1,1.0000,151
White,5,alpacco,1,0,-,White,doggo,0,1,castle_destroyed,7299,243.30,False,0,0,0,0,0,0,81,81,1,-1,1.0000,171
White,5,alpacco,1,0,-,White,doggo,1,1,defender_won,681,22.70,False,150,1,450,149,450,0,81,81,0,150,0.6235,-1
White,5,alpacco,1,0,-,White,doggo,2,1,defender_won,1301,43.37,False,97,39,291,77,291,0,81,81,0,194,0.6306,-1
White,5,alpacco,1,0,-,White,doggo,3,1,defender_won,1654,55.13,False,86,42,258,49,258,0,81,81,0,258,0.6306,-1
White,5,alpacco,1,0,-,White,doggo,5,1,defender_won,2675,89.17,False,70,45,210,30,210,0,81,81,0,346,0.6671,-1
White,5,alpacco,1,0,-,White,doggo,10,1,defender_won,7464,248.80,False,56,48,168,13,168,0,81,81,0,551,0.7876,-1
White,5,alpacco,1,0,-,White,doggo,15,1,defender_won,14345,478.17,False,48,44,144,8,144,0,81,81,0,714,0.9147,-1
White,5,alpacco,1,0,-,White,doggo,30,1,force_destroyed_horizon,36000,1200.00,True,40,39,120,4,120,0,81,81,0,1186,1.0000,1004
White,5,alpacco,1,4,ringo,White,doggo,0,1,castle_destroyed,874,29.13,False,0,0,0,0,0,30,621,81,1,-1,1.0000,132
White,5,alpacco,1,4,ringo,White,doggo,1,1,defender_won,1547,51.57,False,236,187,708,113,708,8,225,81,0,236,0.6706,-1
White,5,alpacco,1,4,ringo,White,doggo,2,1,castle_destroyed,3195,106.50,False,217,217,651,48,651,15,351,81,0,434,0.8653,493
White,5,alpacco,1,4,ringo,White,doggo,3,1,castle_destroyed,2436,81.20,False,204,204,612,32,612,21,459,81,0,610,1.0000,471
White,5,alpacco,1,4,ringo,White,doggo,5,1,castle_destroyed,2203,73.43,False,180,180,540,19,540,30,621,81,0,896,1.0000,259
White,5,alpacco,1,4,ringo,White,doggo,10,1,castle_destroyed,1790,59.67,False,165,165,495,9,495,55,1071,81,0,1646,1.0000,213
White,5,alpacco,1,4,ringo,White,doggo,15,1,castle_destroyed,1317,43.90,False,88,87,264,6,0,44,873,81,1,-1,1.0000,161
White,5,alpacco,1,4,ringo,White,doggo,30,1,castle_destroyed,935,31.17,False,32,31,96,3,0,32,657,81,1,-1,1.0000,144
White,5,alpacco,3,0,-,White,doggo,0,1,castle_destroyed,2574,85.80,False,0,0,0,0,0,0,243,243,3,-1,1.0000,171
White,5,alpacco,3,0,-,White,doggo,1,1,defender_won,880,29.33,False,269,145,807,136,807,0,243,243,0,269,0.6235,-1
White,5,alpacco,3,0,-,White,doggo,2,1,defender_won,1321,44.03,False,172,105,516,67,516,0,243,243,0,344,0.6512,-1
White,5,alpacco,3,0,-,White,doggo,3,1,defender_won,1911,63.70,False,140,99,420,44,420,0,243,243,0,420,0.6876,-1
White,5,alpacco,3,0,-,White,doggo,5,1,defender_won,4401,146.70,False,124,109,372,26,372,0,243,243,0,616,0.8424,-1
White,5,alpacco,3,0,-,White,doggo,10,1,defender_won,28048,934.93,True,99,97,297,13,297,0,243,243,0,986,1.0000,795
White,5,alpacco,3,0,-,White,doggo,15,1,defender_won,19563,652.10,True,97,94,291,8,291,0,243,243,0,1448,1.0000,296
White,5,alpacco,3,0,-,White,doggo,30,1,defender_won,30188,1006.27,True,105,103,315,4,315,0,243,243,0,3127,1.0000,220
White,5,alpacco,3,4,ringo,White,doggo,0,1,castle_destroyed,804,26.80,False,0,0,0,0,0,27,729,243,3,-1,1.0000,132
White,5,alpacco,3,4,ringo,White,doggo,1,1,defender_won,1533,51.10,False,345,290,1035,109,1035,12,459,243,0,345,0.6706,-1
White,5,alpacco,3,4,ringo,White,doggo,2,1,castle_destroyed,3253,108.43,False,250,250,750,48,750,17,549,243,0,500,0.9147,544
White,5,alpacco,3,4,ringo,White,doggo,3,1,castle_destroyed,2455,81.83,False,224,224,672,32,672,23,657,243,0,670,1.0000,462
White,5,alpacco,3,4,ringo,White,doggo,5,1,castle_destroyed,2028,67.60,False,196,196,588,19,588,33,837,243,0,976,1.0000,257
White,5,alpacco,3,4,ringo,White,doggo,10,1,castle_destroyed,1384,46.13,False,139,137,417,9,0,47,1089,243,3,-1,1.0000,213
White,5,alpacco,3,4,ringo,White,doggo,15,1,castle_destroyed,1064,35.47,False,71,70,213,6,0,36,891,243,3,-1,1.0000,161
White,5,alpacco,3,4,ringo,White,doggo,30,1,castle_destroyed,836,27.87,False,28,28,84,3,0,28,747,243,3,-1,1.0000,144
White,5,alpacco,5,0,-,White,doggo,0,1,castle_destroyed,1641,54.70,False,0,0,0,0,0,0,405,405,5,-1,1.0000,171
White,5,alpacco,5,0,-,White,doggo,1,1,defender_won,950,31.67,False,335,212,1005,136,1005,0,405,405,0,335,0.6235,-1
White,5,alpacco,5,0,-,White,doggo,2,1,defender_won,1404,46.80,False,213,146,639,67,639,0,405,405,0,425,0.6676,-1
White,5,alpacco,5,0,-,White,doggo,3,1,defender_won,2403,80.10,False,194,161,582,44,582,0,405,405,0,581,0.7829,-1
White,5,alpacco,5,0,-,White,doggo,5,1,defender_won,8671,289.03,False,156,149,468,26,468,0,405,405,0,776,1.0000,584
White,5,alpacco,5,0,-,White,doggo,10,1,defender_won,14962,498.73,False,132,128,396,13,396,0,405,405,0,1320,1.0000,315
White,5,alpacco,5,0,-,White,doggo,15,1,defender_won,29011,967.03,True,130,128,390,8,390,0,405,405,0,1950,1.0000,292
White,5,alpacco,5,0,-,White,doggo,30,1,castle_destroyed,2114,70.47,False,71,70,213,4,0,0,405,405,5,-1,1.0000,220
White,5,alpacco,5,4,ringo,White,doggo,0,1,castle_destroyed,748,24.93,False,0,0,0,0,0,25,855,405,5,-1,1.0000,132
White,5,alpacco,5,4,ringo,White,doggo,1,1,defender_won,1593,53.10,False,405,350,1215,109,1215,14,657,405,0,405,0.6706,-1
White,5,alpacco,5,4,ringo,White,doggo,2,1,castle_destroyed,3311,110.37,False,283,283,849,48,849,19,747,405,0,565,0.9518,597
White,5,alpacco,5,4,ringo,White,doggo,3,1,castle_destroyed,2479,82.63,False,247,247,741,32,741,25,855,405,0,739,1.0000,465
White,5,alpacco,5,4,ringo,White,doggo,5,1,castle_destroyed,1856,61.87,False,211,211,633,19,633,36,1053,405,0,1051,1.0000,257
White,5,alpacco,5,4,ringo,White,doggo,10,1,castle_destroyed,1130,37.67,False,113,112,339,9,0,38,1089,405,5,-1,1.0000,213
White,5,alpacco,5,4,ringo,White,doggo,15,1,castle_destroyed,910,30.33,False,61,60,183,6,0,31,963,405,5,-1,1.0000,161
White,5,alpacco,5,4,ringo,White,doggo,30,1,castle_destroyed,768,25.60,False,26,26,78,3,0,26,873,405,5,-1,1.0000,144
White,6,bread,1,0,-,White,doggo,0,1,castle_destroyed,2662,88.73,False,0,0,0,0,0,0,338,338,1,-1,1.0000,214
White,6,bread,1,0,-,White,doggo,1,1,defender_won,833,27.77,False,303,155,909,173,909,0,338,338,0,303,0.5647,-1
White,6,bread,1,0,-,White,doggo,2,1,defender_won,1301,43.37,False,210,135,630,94,630,0,338,338,0,419,0.5688,-1
White,6,bread,1,0,-,White,doggo,3,1,defender_won,1769,58.97,False,177,127,531,64,531,0,338,338,0,531,0.5729,-1
White,6,bread,1,0,-,White,doggo,5,1,defender_won,2806,93.53,False,170,140,510,35,510,0,338,338,0,850,0.5906,-1
White,6,bread,1,0,-,White,doggo,10,1,defender_won,7728,257.60,False,156,147,468,15,468,0,338,338,0,1559,0.9065,-1
White,6,bread,1,0,-,White,doggo,15,1,defender_won,20612,687.07,True,167,164,501,10,501,0,338,338,0,2491,1.0000,-1
White,6,bread,1,0,-,White,doggo,30,1,force_destroyed_horizon,36000,1200.00,True,170,169,510,5,510,0,338,338,0,5100,1.0000,-1
White,6,bread,1,4,ringo,White,doggo,0,1,castle_destroyed,809,26.97,False,0,0,0,0,0,27,824,338,1,-1,1.0000,132
White,6,bread,1,4,ringo,White,doggo,1,1,defender_won,1529,50.97,False,621,545,1863,135,1863,21,716,338,0,621,0.6400,-1
White,6,bread,1,4,ringo,White,doggo,2,1,castle_destroyed,3686,122.87,False,763,763,2289,48,2289,51,1256,338,0,1526,1.0000,793
White,6,bread,1,4,ringo,White,doggo,3,1,castle_destroyed,3755,125.17,False,729,729,2187,32,2187,73,1652,338,0,2185,1.0000,522
White,6,bread,1,4,ringo,White,doggo,5,1,castle_destroyed,2513,83.77,False,503,500,1509,19,0,84,1850,338,1,-1,1.0000,255
White,6,bread,1,4,ringo,White,doggo,10,1,castle_destroyed,1458,48.60,False,146,145,438,9,0,49,1220,338,1,-1,1.0000,201
White,6,bread,1,4,ringo,White,doggo,15,1,castle_destroyed,1122,37.40,False,75,74,225,6,0,38,1022,338,1,-1,1.0000,161
White,6,bread,1,4,ringo,White,doggo,30,1,castle_destroyed,868,28.93,False,29,29,87,3,0,29,860,338,1,-1,1.0000,144
White,6,bread,3,0,-,White,doggo,0,1,castle_destroyed,1042,34.73,False,0,0,0,0,0,0,1014,1014,3,-1,1.0000,214
White,6,bread,3,0,-,White,doggo,1,1,defender_won,1153,38.43,False,663,500,1989,163,1989,0,1014,1014,0,663,0.5647,-1
White,6,bread,3,0,-,White,doggo,2,1,defender_won,1853,61.77,False,445,377,1335,87,1335,0,1014,1014,0,890,0.6224,-1
White,6,bread,3,0,-,White,doggo,3,1,defender_won,2579,85.97,False,403,358,1209,50,1209,0,1014,1014,0,1209,0.6882,-1
White,6,bread,3,0,-,White,doggo,5,1,defender_won,5864,195.47,False,362,348,1086,30,1086,0,1014,1014,0,1806,1.0000,-1
White,6,bread,3,0,-,White,doggo,10,1,defender_won,12646,421.53,False,348,342,1044,15,1044,0,1014,1014,0,3474,1.0000,638
White,6,bread,3,0,-,White,doggo,15,1,castle_destroyed,3189,106.30,False,213,212,639,10,0,0,1014,1014,3,-1,1.0000,564
White,6,bread,3,0,-,White,doggo,30,1,castle_destroyed,1650,55.00,False,55,55,165,5,0,0,1014,1014,3,-1,1.0000,280
White,6,bread,3,4,ringo,White,doggo,0,1,castle_destroyed,666,22.20,False,0,0,0,0,0,23,1428,1014,3,-1,1.0000,132
White,6,bread,3,4,ringo,White,doggo,1,1,defender_won,1990,66.33,False,900,839,2700,118,2700,30,1554,1014,0,900,0.6400,-1
White,6,bread,3,4,ringo,White,doggo,2,1,castle_destroyed,3584,119.47,False,801,801,2403,48,2403,54,1986,1014,0,1602,1.0000,717
White,6,bread,3,4,ringo,White,doggo,3,1,castle_destroyed,2735,91.17,False,739,739,2217,32,2217,74,2346,1014,0,2215,1.0000,482
White,6,bread,3,4,ringo,White,doggo,5,1,castle_destroyed,1292,43.07,False,259,256,777,19,0,44,1806,1014,3,-1,1.0000,255
White,6,bread,3,4,ringo,White,doggo,10,1,castle_destroyed,934,31.13,False,94,92,282,9,0,32,1590,1014,3,-1,1.0000,201
White,6,bread,3,4,ringo,White,doggo,15,1,castle_destroyed,806,26.87,False,54,53,162,6,0,27,1500,1014,3,-1,1.0000,161
White,6,bread,3,4,ringo,White,doggo,30,1,castle_destroyed,718,23.93,False,24,24,72,3,0,24,1446,1014,3,-1,1.0000,144
White,6,bread,5,0,-,White,doggo,0,1,castle_destroyed,748,24.93,False,0,0,0,0,0,0,1690,1690,5,-1,1.0000,214
White,6,bread,5,0,-,White,doggo,1,1,defender_won,1355,45.17,False,807,665,2421,153,2421,0,1690,1690,0,807,0.5647,-1
White,6,bread,5,0,-,White,doggo,2,1,defender_won,1920,64.00,False,507,434,1521,87,1521,0,1690,1690,0,1014,0.6429,-1
White,6,bread,5,0,-,White,doggo,3,1,defender_won,4476,149.20,False,479,460,1437,50,1437,0,1690,1690,0,1435,0.9065,-1
White,6,bread,5,0,-,White,doggo,5,1,defender_won,9259,308.63,False,465,457,1395,30,1395,0,1690,1690,0,2323,1.0000,900
White,6,bread,5,0,-,White,doggo,10,1,castle_destroyed,1961,65.37,False,197,195,591,15,0,0,1690,1690,5,-1,1.0000,463
White,6,bread,5,0,-,White,doggo,15,1,castle_destroyed,1421,47.37,False,95,94,285,10,0,0,1690,1690,5,-1,1.0000,373
White,6,bread,5,0,-,White,doggo,30,1,castle_destroyed,973,32.43,False,33,32,99,5,0,0,1690,1690,5,-1,1.0000,280
White,6,bread,5,4,ringo,White,doggo,0,1,castle_destroyed,583,19.43,False,0,0,0,0,0,20,2050,1690,5,-1,1.0000,132
White,6,bread,5,4,ringo,White,doggo,1,1,defender_won,2099,69.97,False,979,920,2937,124,2937,33,2284,1690,0,979,0.6400,-1
White,6,bread,5,4,ringo,White,doggo,2,1,castle_destroyed,2990,99.67,False,826,826,2478,48,2478,56,2698,1690,0,1652,1.0000,753
White,6,bread,5,4,ringo,White,doggo,3,1,castle_destroyed,1908,63.60,False,636,631,1908,32,0,64,2842,1690,5,-1,1.0000,447
White,6,bread,5,4,ringo,White,doggo,5,1,castle_destroyed,940,31.33,False,188,185,564,19,0,32,2266,1690,5,-1,1.0000,255
White,6,bread,5,4,ringo,White,doggo,10,1,castle_destroyed,735,24.50,False,74,72,222,9,0,25,2140,1690,5,-1,1.0000,201
White,6,bread,5,4,ringo,White,doggo,15,1,castle_destroyed,670,22.33,False,45,44,135,6,0,23,2104,1690,5,-1,1.0000,161
White,6,bread,5,4,ringo,White,doggo,30,1,castle_destroyed,628,20.93,False,21,21,63,3,0,21,2068,1690,5,-1,1.0000,144
White,7,eggo,1,0,-,White,doggo,0,1,castle_destroyed,355,11.83,False,0,0,0,0,0,0,2066,2066,1,-1,1.0000,171
White,7,eggo,1,0,-,White,doggo,1,1,defender_won,883,29.43,False,503,284,1509,219,1509,0,2066,2066,0,503,0.6235,-1
White,7,eggo,1,0,-,White,doggo,2,1,defender_won,1577,52.57,False,456,354,1368,120,1368,0,2066,2066,0,911,0.6265,-1
White,7,eggo,1,0,-,White,doggo,3,1,defender_won,2388,79.60,False,435,377,1305,62,1305,0,2066,2066,0,1305,0.6294,-1
White,7,eggo,1,0,-,White,doggo,5,1,defender_won,3432,114.40,False,348,313,1044,38,1044,0,2066,2066,0,1739,0.6347,-1
White,7,eggo,1,0,-,White,doggo,10,1,defender_won,14758,491.93,False,380,375,1140,16,1140,0,2066,2066,0,3797,1.0000,-1
White,7,eggo,1,0,-,White,doggo,15,1,defender_won,19154,638.47,True,368,364,1104,10,1104,0,2066,2066,0,5506,1.0000,-1
White,7,eggo,1,0,-,White,doggo,30,1,force_destroyed_horizon,36000,1200.00,True,446,445,1338,5,1338,0,2066,2066,0,13380,1.0000,-1
White,7,eggo,1,4,ringo,White,doggo,0,1,castle_destroyed,355,11.83,False,0,0,0,0,0,12,2282,2066,1,-1,1.0000,132
White,7,eggo,1,4,ringo,White,doggo,1,1,defender_won,2124,70.80,False,1521,1395,4563,175,4563,51,2984,2066,0,1521,0.6706,-1
White,7,eggo,1,4,ringo,White,doggo,2,1,castle_destroyed,3073,102.43,False,1537,1529,4611,48,0,103,3920,2066,1,-1,1.0000,1153
White,7,eggo,1,4,ringo,White,doggo,3,1,castle_destroyed,6845,228.17,False,1869,1869,5607,32,5607,187,5432,2066,0,5605,1.0000,552
White,7,eggo,1,4,ringo,White,doggo,5,1,castle_destroyed,663,22.10,False,133,130,399,19,0,23,2480,2066,1,-1,1.0000,255
White,7,eggo,1,4,ringo,White,doggo,10,1,castle_destroyed,428,14.27,False,43,42,129,9,0,15,2336,2066,1,-1,1.0000,198
White,7,eggo,1,4,ringo,White,doggo,15,1,castle_destroyed,355,11.83,False,24,23,72,6,0,12,2282,2066,1,-1,1.0000,161
White,7,eggo,1,4,ringo,White,doggo,30,1,castle_destroyed,355,11.83,False,12,12,36,3,0,12,2282,2066,1,-1,1.0000,144
White,7,eggo,3,0,-,White,doggo,0,1,castle_destroyed,247,8.23,False,0,0,0,0,0,0,6198,6198,3,-1,1.0000,171
White,7,eggo,3,0,-,White,doggo,1,1,defender_won,1742,58.07,False,1296,1113,3888,184,3888,0,6198,6198,0,1296,0.6235,-1
White,7,eggo,3,0,-,White,doggo,2,1,defender_won,2364,78.80,False,825,730,2475,98,2475,0,6198,6198,0,1649,0.6265,-1
White,7,eggo,3,0,-,White,doggo,3,1,defender_won,5799,193.30,False,920,901,2760,54,2760,0,6198,6198,0,2758,0.9476,-1
White,7,eggo,3,0,-,White,doggo,5,1,defender_won,9461,315.37,False,774,764,2322,29,2322,0,6198,6198,0,3867,1.0000,1580
White,7,eggo,3,0,-,White,doggo,10,1,castle_destroyed,1134,37.80,False,114,112,342,14,0,0,6198,6198,3,-1,1.0000,824
White,7,eggo,3,0,-,White,doggo,15,1,castle_destroyed,675,22.50,False,45,44,135,9,0,0,6198,6198,3,-1,1.0000,491
White,7,eggo,3,0,-,White,doggo,30,1,castle_destroyed,393,13.10,False,14,13,42,4,0,0,6198,6198,3,-1,1.0000,255
White,7,eggo,3,4,ringo,White,doggo,0,1,castle_destroyed,247,8.23,False,0,0,0,0,0,9,6360,6198,3,-1,1.0000,132
White,7,eggo,3,4,ringo,White,doggo,1,1,defender_won,3557,118.57,False,2147,2102,6441,110,6441,72,7494,6198,0,2147,0.6706,-1
White,7,eggo,3,4,ringo,White,doggo,2,1,castle_destroyed,1483,49.43,False,742,734,2226,48,0,50,7098,6198,3,-1,1.0000,913
White,7,eggo,3,4,ringo,White,doggo,3,1,castle_destroyed,6340,211.33,False,1905,1905,5715,32,5715,191,9636,6198,0,5713,1.0000,441
White,7,eggo,3,4,ringo,White,doggo,5,1,castle_destroyed,313,10.43,False,63,60,189,19,0,11,6396,6198,3,-1,1.0000,255
White,7,eggo,3,4,ringo,White,doggo,10,1,castle_destroyed,290,9.67,False,29,28,87,9,0,10,6378,6198,3,-1,1.0000,198
White,7,eggo,3,4,ringo,White,doggo,15,1,castle_destroyed,247,8.23,False,17,16,51,6,0,9,6360,6198,3,-1,1.0000,161
White,7,eggo,3,4,ringo,White,doggo,30,1,castle_destroyed,247,8.23,False,9,8,27,3,0,9,6360,6198,3,-1,1.0000,144
White,7,eggo,5,0,-,White,doggo,0,1,castle_destroyed,247,8.23,False,0,0,0,0,0,0,10330,10330,5,-1,1.0000,171
White,7,eggo,5,0,-,White,doggo,1,1,defender_won,2379,79.30,False,1866,1711,5598,155,5598,0,10330,10330,0,1866,0.6235,-1
White,7,eggo,5,0,-,White,doggo,2,1,defender_won,2944,98.13,False,991,923,2973,88,2973,0,10330,10330,0,1981,0.6718,-1
White,7,eggo,5,0,-,White,doggo,3,1,defender_won,6683,222.77,False,1100,1083,3300,54,3300,0,10330,10330,0,3300,1.0000,2484
White,7,eggo,5,0,-,White,doggo,5,1,castle_destroyed,1554,51.80,False,311,308,933,29,0,0,10330,10330,5,-1,1.0000,1224
White,7,eggo,5,0,-,White,doggo,10,1,castle_destroyed,735,24.50,False,74,72,222,14,0,0,10330,10330,5,-1,1.0000,551
White,7,eggo,5,0,-,White,doggo,15,1,castle_destroyed,443,14.77,False,30,29,90,9,0,0,10330,10330,5,-1,1.0000,351
White,7,eggo,5,0,-,White,doggo,30,1,castle_destroyed,307,10.23,False,11,10,33,4,0,0,10330,10330,5,-1,1.0000,255
White,7,eggo,5,4,ringo,White,doggo,0,1,castle_destroyed,247,8.23,False,0,0,0,0,0,9,10492,10330,5,-1,1.0000,132
White,7,eggo,5,4,ringo,White,doggo,1,1,defender_won,3539,117.97,False,2292,2240,6876,110,6876,77,11716,10330,0,2292,0.6706,-1
White,7,eggo,5,4,ringo,White,doggo,2,1,castle_destroyed,1009,33.63,False,505,497,1515,48,0,34,10942,10330,5,-1,1.0000,673
White,7,eggo,5,4,ringo,White,doggo,3,1,castle_destroyed,543,18.10,False,181,176,543,32,0,19,10672,10330,5,-1,1.0000,453
White,7,eggo,5,4,ringo,White,doggo,5,1,castle_destroyed,313,10.43,False,63,60,189,19,0,11,10528,10330,5,-1,1.0000,255
White,7,eggo,5,4,ringo,White,doggo,10,1,castle_destroyed,261,8.70,False,27,25,81,9,0,9,10492,10330,5,-1,1.0000,198
White,7,eggo,5,4,ringo,White,doggo,15,1,castle_destroyed,247,8.23,False,17,16,51,6,0,9,10492,10330,5,-1,1.0000,161
White,7,eggo,5,4,ringo,White,doggo,30,1,castle_destroyed,247,8.23,False,9,8,27,3,0,9,10492,10330,5,-1,1.0000,144
White,8,corn,1,0,-,White,doggo,0,1,castle_destroyed,1851,61.70,False,0,0,0,0,0,0,23000,23000,1,-1,1.0000,1701
White,8,corn,1,0,-,White,doggo,1,1,defender_won,3602,120.07,False,3373,3001,10119,374,10119,0,23000,23000,0,3373,0.1324,-1
White,8,corn,1,0,-,White,doggo,2,1,defender_won,6895,229.83,False,3252,3076,9756,187,9756,0,23000,23000,0,6503,0.1365,-1
White,8,corn,1,0,-,White,doggo,3,1,defender_won,10238,341.27,False,3201,3101,9603,124,9603,0,23000,23000,0,9601,0.1406,-1
White,8,corn,1,0,-,White,doggo,5,1,defender_won,16530,551.00,False,3128,3061,9384,74,9384,0,23000,23000,0,15637,0.1488,-1
White,8,corn,1,0,-,White,doggo,10,1,defender_won,31646,1054.87,True,3007,2971,9021,37,9021,0,23000,23000,0,30068,0.1694,-1
White,8,corn,1,0,-,White,doggo,15,1,survived_horizon,36000,1200.00,True,2400,2381,7200,24,0,0,23000,23000,1,-1,0.1900,-1
White,8,corn,1,0,-,White,doggo,30,1,survived_horizon,36000,1200.00,True,1200,1191,3600,12,0,0,23000,23000,1,-1,0.2518,-1
White,8,corn,1,4,ringo,White,doggo,0,1,castle_destroyed,916,30.53,False,0,0,0,0,0,31,23558,23000,1,-1,0.5388,132
White,8,corn,1,4,ringo,White,doggo,1,1,defender_won,27395,913.17,True,26966,26777,80898,219,80898,899,39182,23000,0,26966,0.2218,-1
White,8,corn,1,4,ringo,White,doggo,2,1,survived_horizon,36000,1200.00,True,18000,17991,54000,48,0,1200,44600,23000,1,-1,1.0000,-1
White,8,corn,1,4,ringo,White,doggo,3,1,castle_destroyed,1701,56.70,False,567,562,1701,32,0,57,24026,23000,1,-1,1.0000,530
White,8,corn,1,4,ringo,White,doggo,5,1,castle_destroyed,5950,198.33,False,1190,1187,3570,19,0,199,26582,23000,1,-1,1.0000,274
White,8,corn,1,4,ringo,White,doggo,10,1,castle_destroyed,1701,56.70,False,171,169,513,9,0,57,24026,23000,1,-1,1.0000,201
White,8,corn,1,4,ringo,White,doggo,15,1,castle_destroyed,1515,50.50,False,101,100,303,6,0,51,23918,23000,1,-1,0.8912,161
White,8,corn,1,4,ringo,White,doggo,30,1,castle_destroyed,1001,33.37,False,34,33,102,3,0,34,23612,23000,1,-1,0.5888,144
White,8,corn,3,0,-,White,doggo,0,1,castle_destroyed,1731,57.70,False,0,0,0,0,0,0,69000,69000,3,-1,1.0000,1701
White,8,corn,3,0,-,White,doggo,1,1,defender_won,7329,244.30,False,7019,6751,21057,314,21057,0,69000,69000,0,7019,0.1324,-1
White,8,corn,3,0,-,White,doggo,2,1,defender_won,14343,478.10,False,6940,6790,20820,157,20820,0,69000,69000,0,13879,0.2076,-1
White,8,corn,3,0,-,White,doggo,3,1,defender_won,21730,724.33,True,6964,6888,20892,104,20892,0,69000,69000,0,20891,0.3459,-1
White,8,corn,3,0,-,White,doggo,5,1,force_destroyed_horizon,36000,1200.00,True,6996,6976,20988,62,20988,0,69000,69000,0,34979,0.8147,-1
White,8,corn,3,0,-,White,doggo,10,1,survived_horizon,36000,1200.00,True,3600,3598,10800,31,0,0,69000,69000,3,-1,1.0000,-1
White,8,corn,3,0,-,White,doggo,15,1,survived_horizon,36000,1200.00,True,2400,2399,7200,20,0,0,69000,69000,3,-1,1.0000,-1
White,8,corn,3,0,-,White,doggo,30,1,survived_horizon,36000,1200.00,True,1200,1199,3600,10,0,0,69000,69000,3,-1,1.0000,-1
White,8,corn,3,4,ringo,White,doggo,0,1,castle_destroyed,916,30.53,False,0,0,0,0,0,31,69558,69000,3,-1,0.5388,132
White,8,corn,3,4,ringo,White,doggo,1,1,defender_won,29146,971.53,True,28728,28533,86184,219,86184,958,86244,69000,0,28728,0.2218,-1
White,8,corn,3,4,ringo,White,doggo,2,1,survived_horizon,36000,1200.00,True,18000,17991,54000,48,0,1200,90600,69000,3,-1,1.0000,-1
White,8,corn,3,4,ringo,White,doggo,3,1,castle_destroyed,1701,56.70,False,567,562,1701,32,0,57,70026,69000,3,-1,1.0000,530
White,8,corn,3,4,ringo,White,doggo,5,1,castle_destroyed,5752,191.73,False,1151,1148,3453,19,0,192,72456,69000,3,-1,1.0000,274
White,8,corn,3,4,ringo,White,doggo,10,1,castle_destroyed,1701,56.70,False,171,169,513,9,0,57,70026,69000,3,-1,1.0000,201
White,8,corn,3,4,ringo,White,doggo,15,1,castle_destroyed,1515,50.50,False,101,100,303,6,0,51,69918,69000,3,-1,0.8912,161
White,8,corn,3,4,ringo,White,doggo,30,1,castle_destroyed,1001,33.37,False,34,33,102,3,0,34,69612,69000,3,-1,0.5888,144
White,8,corn,5,0,-,White,doggo,0,1,castle_destroyed,1731,57.70,False,0,0,0,0,0,0,115000,115000,5,-1,1.0000,1701
White,8,corn,5,0,-,White,doggo,1,1,defender_won,13901,463.37,False,13574,13321,40722,254,40722,0,115000,115000,0,13574,0.1324,-1
White,8,corn,5,0,-,White,doggo,2,1,defender_won,27294,909.80,True,13319,13215,39957,141,39957,0,115000,115000,0,26638,0.3735,-1
White,8,corn,5,0,-,White,doggo,3,1,survived_horizon,36000,1200.00,True,12000,11969,36000,94,0,0,115000,115000,5,-1,0.7229,-1
White,8,corn,5,0,-,White,doggo,5,1,survived_horizon,36000,1200.00,True,7200,7195,21600,56,0,0,115000,115000,5,-1,1.0000,-1
White,8,corn,5,0,-,White,doggo,10,1,survived_horizon,36000,1200.00,True,3600,3598,10800,28,0,0,115000,115000,5,-1,1.0000,-1
White,8,corn,5,0,-,White,doggo,15,1,survived_horizon,36000,1200.00,True,2400,2399,7200,18,0,0,115000,115000,5,-1,1.0000,-1
White,8,corn,5,0,-,White,doggo,30,1,castle_destroyed,3643,121.43,False,122,121,366,9,0,0,115000,115000,5,-1,1.0000,3493
White,8,corn,5,4,ringo,White,doggo,0,1,castle_destroyed,916,30.53,False,0,0,0,0,0,31,115558,115000,5,-1,0.5388,132
White,8,corn,5,4,ringo,White,doggo,1,1,defender_won,31148,1038.27,True,30720,30530,92160,219,92160,1024,133432,115000,0,30720,0.2218,-1
White,8,corn,5,4,ringo,White,doggo,2,1,survived_horizon,36000,1200.00,True,18000,17991,54000,48,0,1200,136600,115000,5,-1,1.0000,-1
White,8,corn,5,4,ringo,White,doggo,3,1,castle_destroyed,1701,56.70,False,567,562,1701,32,0,57,116026,115000,5,-1,1.0000,530
White,8,corn,5,4,ringo,White,doggo,5,1,castle_destroyed,5572,185.73,False,1115,1112,3345,19,0,186,118348,115000,5,-1,1.0000,274
White,8,corn,5,4,ringo,White,doggo,10,1,castle_destroyed,1701,56.70,False,171,169,513,9,0,57,116026,115000,5,-1,1.0000,201
White,8,corn,5,4,ringo,White,doggo,15,1,castle_destroyed,1515,50.50,False,101,100,303,6,0,51,115918,115000,5,-1,0.8912,161
White,8,corn,5,4,ringo,White,doggo,30,1,castle_destroyed,1001,33.37,False,34,33,102,3,0,34,115612,115000,5,-1,0.5888,144
Yellow,5,jig,1,0,-,Yellow,minnow,0,1,castle_destroyed,4860,162.00,False,0,0,0,0,0,0,60,60,1,-1,1.0000,115
Yellow,5,jig,1,0,-,Yellow,minnow,1,1,defender_won,822,27.40,False,115,27,230,88,230,0,60,60,0,115,0.5912,-1
Yellow,5,jig,1,0,-,Yellow,minnow,2,1,defender_won,1533,51.10,False,78,36,156,42,156,0,60,60,0,156,0.6212,-1
Yellow,5,jig,1,0,-,Yellow,minnow,3,1,defender_won,2074,69.13,False,63,33,126,30,126,0,60,60,0,187,0.6353,-1
Yellow,5,jig,1,0,-,Yellow,minnow,5,1,defender_won,3944,131.47,False,52,37,104,15,104,0,60,60,0,259,0.7765,-1
Yellow,5,jig,1,0,-,Yellow,minnow,10,1,defender_won,13912,463.73,False,38,34,76,8,76,0,60,60,0,372,0.8965,-1
Yellow,5,jig,1,0,-,Yellow,minnow,15,1,force_destroyed_horizon,36000,1200.00,True,36,35,72,5,72,0,60,60,0,535,1.0000,534
Yellow,5,jig,1,0,-,Yellow,minnow,30,1,force_destroyed_horizon,36000,1200.00,True,45,44,90,3,90,0,60,60,0,1330,1.0000,123
Yellow,5,jig,1,4,doc,Yellow,minnow,0,1,castle_destroyed,839,27.97,False,0,0,0,0,0,28,536,60,1,-1,1.0000,115
Yellow,5,jig,1,4,doc,Yellow,minnow,1,1,defender_won,2956,98.53,False,143,123,286,82,286,5,145,60,0,143,0.5912,-1
Yellow,5,jig,1,4,doc,Yellow,minnow,2,1,castle_destroyed,3676,122.53,False,109,109,218,39,218,8,196,60,0,217,0.7200,300
Yellow,5,jig,1,4,doc,Yellow,minnow,3,1,castle_destroyed,2857,95.23,False,90,90,180,26,180,9,213,60,0,270,0.8400,319
Yellow,5,jig,1,4,doc,Yellow,minnow,5,1,castle_destroyed,1631,54.37,False,75,75,150,15,150,13,281,60,0,375,1.0000,233
Yellow,5,jig,1,4,doc,Yellow,minnow,10,1,castle_destroyed,1307,43.57,False,70,70,140,7,140,24,468,60,0,700,1.0000,173
Yellow,5,jig,1,4,doc,Yellow,minnow,15,1,castle_destroyed,1161,38.70,False,70,70,140,5,140,35,655,60,0,1045,1.0000,151
Yellow,5,jig,1,4,doc,Yellow,minnow,30,1,castle_destroyed,872,29.07,False,30,29,60,3,0,30,570,60,1,-1,1.0000,123
Yellow,5,jig,3,0,-,Yellow,minnow,0,1,castle_destroyed,1722,57.40,False,0,0,0,0,0,0,180,180,3,-1,1.0000,115
Yellow,5,jig,3,0,-,Yellow,minnow,1,1,defender_won,890,29.67,False,190,101,380,89,380,0,180,180,0,190,0.5912,-1
Yellow,5,jig,3,0,-,Yellow,minnow,2,1,defender_won,2109,70.30,False,135,104,270,39,270,0,180,180,0,270,0.6776,-1
Yellow,5,jig,3,0,-,Yellow,minnow,3,1,defender_won,3607,120.23,False,112,95,224,26,224,0,180,180,0,334,0.7959,-1
Yellow,5,jig,3,0,-,Yellow,minnow,5,1,defender_won,18475,615.83,True,91,88,182,15,182,0,180,180,0,455,1.0000,-1
Yellow,5,jig,3,0,-,Yellow,minnow,10,1,force_destroyed_horizon,36000,1200.00,True,80,79,160,8,160,0,180,180,0,800,1.0000,183
Yellow,5,jig,3,0,-,Yellow,minnow,15,1,defender_won,28093,936.43,True,76,74,152,5,152,0,180,180,0,1127,1.0000,154
Yellow,5,jig,3,0,-,Yellow,minnow,30,1,force_destroyed_horizon,36000,1200.00,True,68,67,136,3,136,0,180,180,0,2020,1.0000,123
Yellow,5,jig,3,4,doc,Yellow,minnow,0,1,castle_destroyed,738,24.60,False,0,0,0,0,0,25,605,180,3,-1,1.0000,115
Yellow,5,jig,3,4,doc,Yellow,minnow,1,1,defender_won,3513,117.10,False,225,208,450,79,450,8,316,180,0,225,0.5912,-1
Yellow,5,jig,3,4,doc,Yellow,minnow,2,1,castle_destroyed,2888,96.27,False,144,144,288,39,288,10,350,180,0,287,0.7906,353
Yellow,5,jig,3,4,doc,Yellow,minnow,3,1,castle_destroyed,2079,69.30,False,117,117,234,26,234,12,384,180,0,349,1.0000,330
Yellow,5,jig,3,4,doc,Yellow,minnow,5,1,castle_destroyed,1779,59.30,False,102,102,204,15,204,17,469,180,0,510,1.0000,204
Yellow,5,jig,3,4,doc,Yellow,minnow,10,1,castle_destroyed,1161,38.70,False,89,89,178,7,178,30,690,180,0,890,1.0000,162
Yellow,5,jig,3,4,doc,Yellow,minnow,15,1,castle_destroyed,905,30.17,False,61,60,122,5,0,31,707,180,3,-1,1.0000,151
Yellow,5,jig,3,4,doc,Yellow,minnow,30,1,castle_destroyed,754,25.13,False,26,25,52,3,0,26,622,180,3,-1,1.0000,123
Yellow,5,jig,5,0,-,Yellow,minnow,0,1,castle_destroyed,1119,37.30,False,0,0,0,0,0,0,300,300,5,-1,1.0000,115
Yellow,5,jig,5,0,-,Yellow,minnow,1,1,defender_won,948,31.60,False,234,147,468,87,468,0,300,300,0,234,0.5912,-1
Yellow,5,jig,5,0,-,Yellow,minnow,2,1,defender_won,2301,76.70,False,170,141,340,39,340,0,300,300,0,340,0.7129,-1
Yellow,5,jig,5,0,-,Yellow,minnow,3,1,defender_won,5407,180.23,False,135,124,270,26,270,0,300,300,0,403,0.9212,-1
Yellow,5,jig,5,0,-,Yellow,minnow,5,1,defender_won,27489,916.30,True,105,103,210,15,210,0,300,300,0,522,1.0000,347
Yellow,5,jig,5,0,-,Yellow,minnow,10,1,force_destroyed_horizon,36000,1200.00,True,93,92,186,8,186,0,300,300,0,930,1.0000,183
Yellow,5,jig,5,0,-,Yellow,minnow,15,1,defender_won,28228,940.93,True,85,83,170,5,170,0,300,300,0,1262,1.0000,154
Yellow,5,jig,5,0,-,Yellow,minnow,30,1,castle_destroyed,1249,41.63,False,42,42,84,3,0,0,300,300,5,-1,1.0000,123
Yellow,5,jig,5,4,doc,Yellow,minnow,0,1,castle_destroyed,663,22.10,False,0,0,0,0,0,23,691,300,5,-1,1.0000,115
Yellow,5,jig,5,4,doc,Yellow,minnow,1,1,defender_won,3573,119.10,False,285,268,570,79,570,10,470,300,0,285,0.5912,-1
Yellow,5,jig,5,4,doc,Yellow,minnow,2,1,castle_destroyed,2456,81.87,False,181,181,362,39,362,13,521,300,0,362,0.8965,404
Yellow,5,jig,5,4,doc,Yellow,minnow,3,1,castle_destroyed,1887,62.90,False,144,144,288,26,288,15,555,300,0,430,1.0000,297
Yellow,5,jig,5,4,doc,Yellow,minnow,5,1,castle_destroyed,1572,52.40,False,121,121,242,15,242,21,657,300,0,605,1.0000,204
Yellow,5,jig,5,4,doc,Yellow,minnow,10,1,castle_destroyed,912,30.40,False,92,91,184,7,0,31,827,300,2,-1,1.0000,162
Yellow,5,jig,5,4,doc,Yellow,minnow,15,1,castle_destroyed,762,25.40,False,51,51,102,5,0,26,742,300,5,-1,1.0000,151
Yellow,5,jig,5,4,doc,Yellow,minnow,30,1,castle_destroyed,677,22.57,False,23,23,46,3,0,23,691,300,5,-1,1.0000,123
Yellow,6,bub,1,0,-,Yellow,minnow,0,1,castle_destroyed,5244,174.80,False,0,0,0,0,0,0,136,136,1,-1,1.0000,426
Yellow,6,bub,1,0,-,Yellow,minnow,1,1,defender_won,673,22.43,False,209,72,418,185,418,0,136,136,0,209,0.2659,-1
Yellow,6,bub,1,0,-,Yellow,minnow,2,1,defender_won,1035,34.50,False,150,70,300,95,300,0,136,136,0,299,0.2682,-1
Yellow,6,bub,1,0,-,Yellow,minnow,3,1,defender_won,1220,40.67,False,118,52,236,67,236,0,136,136,0,354,0.2682,-1
Yellow,6,bub,1,0,-,Yellow,minnow,5,1,defender_won,1965,65.50,False,92,55,184,42,184,0,136,136,0,456,0.2729,-1
Yellow,6,bub,1,0,-,Yellow,minnow,10,1,defender_won,4315,143.83,False,90,74,180,19,180,0,136,136,0,893,0.2912,-1
Yellow,6,bub,1,0,-,Yellow,minnow,15,1,defender_won,6697,223.23,False,84,74,168,14,168,0,136,136,0,1257,0.4306,-1
Yellow,6,bub,1,0,-,Yellow,minnow,30,1,defender_won,20110,670.33,True,71,68,142,6,142,0,136,136,0,2126,0.7129,-1
Yellow,6,bub,1,4,doc,Yellow,minnow,0,1,castle_destroyed,864,28.80,False,0,0,0,0,0,29,629,136,1,-1,1.0000,143
Yellow,6,bub,1,4,doc,Yellow,minnow,1,1,defender_won,1371,45.70,False,554,479,1108,123,1108,19,459,136,0,554,0.3906,-1
Yellow,6,bub,1,4,doc,Yellow,minnow,2,1,castle_destroyed,3805,126.83,False,870,870,1740,40,1740,58,1122,136,0,1740,1.0000,741
Yellow,6,bub,1,4,doc,Yellow,minnow,3,1,castle_destroyed,3322,110.73,False,672,672,1344,27,1344,68,1292,136,0,2014,1.0000,564
Yellow,6,bub,1,4,doc,Yellow,minnow,5,1,castle_destroyed,3236,107.87,False,585,585,1170,16,1170,98,1802,136,0,2925,1.0000,299
Yellow,6,bub,1,4,doc,Yellow,minnow,10,1,castle_destroyed,1559,51.97,False,156,155,312,8,0,52,1020,136,1,-1,1.0000,182
Yellow,6,bub,1,4,doc,Yellow,minnow,15,1,castle_destroyed,1212,40.40,False,81,81,162,5,0,41,833,136,1,-1,1.0000,155
Yellow,6,bub,1,4,doc,Yellow,minnow,30,1,castle_destroyed,903,30.10,False,31,30,62,3,0,31,663,136,1,-1,1.0000,148
Yellow,6,bub,3,0,-,Yellow,minnow,0,1,castle_destroyed,2032,67.73,False,0,0,0,0,0,0,408,408,3,-1,1.0000,426
Yellow,6,bub,3,0,-,Yellow,minnow,1,1,defender_won,844,28.13,False,474,301,948,173,948,0,408,408,0,474,0.2659,-1
Yellow,6,bub,3,0,-,Yellow,minnow,2,1,defender_won,1441,48.03,False,290,222,580,90,580,0,408,408,0,579,0.2682,-1
Yellow,6,bub,3,0,-,Yellow,minnow,3,1,defender_won,1552,51.73,False,195,136,390,65,390,0,408,408,0,584,0.2753,-1
Yellow,6,bub,3,0,-,Yellow,minnow,5,1,defender_won,2947,98.23,False,229,198,458,35,458,0,408,408,0,1141,0.3918,-1
Yellow,6,bub,3,0,-,Yellow,minnow,10,1,defender_won,8611,287.03,False,180,172,360,17,360,0,408,408,0,1793,0.7835,-1
Yellow,6,bub,3,0,-,Yellow,minnow,15,1,defender_won,13461,448.70,False,174,169,348,10,348,0,408,408,0,2597,1.0000,2148
Yellow,6,bub,3,0,-,Yellow,minnow,30,1,force_destroyed_horizon,36000,1200.00,True,146,145,292,5,292,0,408,408,0,4374,1.0000,698
Yellow,6,bub,3,4,doc,Yellow,minnow,0,1,castle_destroyed,801,26.70,False,0,0,0,0,0,27,867,408,3,-1,1.0000,143
Yellow,6,bub,3,4,doc,Yellow,minnow,1,1,defender_won,1724,57.47,False,792,727,1584,110,1584,27,867,408,0,792,0.3906,-1
Yellow,6,bub,3,4,doc,Yellow,minnow,2,1,castle_destroyed,3376,112.53,False,865,865,1730,40,1730,58,1394,408,0,1730,1.0000,667
Yellow,6,bub,3,4,doc,Yellow,minnow,3,1,castle_destroyed,3229,107.63,False,697,697,1394,27,1394,70,1598,408,0,2089,1.0000,534
Yellow,6,bub,3,4,doc,Yellow,minnow,5,1,castle_destroyed,2133,71.10,False,427,425,854,16,0,72,1632,408,3,-1,1.0000,299
Yellow,6,bub,3,4,doc,Yellow,minnow,10,1,castle_destroyed,1216,40.53,False,122,121,244,8,0,41,1105,408,3,-1,1.0000,182
Yellow,6,bub,3,4,doc,Yellow,minnow,15,1,castle_destroyed,997,33.23,False,67,66,134,5,0,34,986,408,3,-1,1.0000,155
Yellow,6,bub,3,4,doc,Yellow,minnow,30,1,castle_destroyed,823,27.43,False,28,28,56,3,0,28,884,408,3,-1,1.0000,148
Yellow,6,bub,5,0,-,Yellow,minnow,0,1,castle_destroyed,1422,47.40,False,0,0,0,0,0,0,680,680,5,-1,1.0000,426
Yellow,6,bub,5,0,-,Yellow,minnow,1,1,defender_won,995,33.17,False,565,417,1130,177,1130,0,680,680,0,565,0.2659,-1
Yellow,6,bub,5,0,-,Yellow,minnow,2,1,defender_won,1215,40.50,False,307,209,614,98,614,0,680,680,0,613,0.2682,-1
Yellow,6,bub,5,0,-,Yellow,minnow,3,1,defender_won,2469,82.30,False,371,329,742,49,742,0,680,680,0,1113,0.3812,-1
Yellow,6,bub,5,0,-,Yellow,minnow,5,1,defender_won,3403,113.43,False,252,226,504,34,504,0,680,680,0,1259,0.4494,-1
Yellow,6,bub,5,0,-,Yellow,minnow,10,1,defender_won,10580,352.67,False,279,272,558,16,558,0,680,680,0,2782,1.0000,2273
Yellow,6,bub,5,0,-,Yellow,minnow,15,1,defender_won,17140,571.33,False,240,236,480,10,480,0,680,680,0,3593,1.0000,1032
Yellow,6,bub,5,0,-,Yellow,minnow,30,1,castle_destroyed,2677,89.23,False,90,89,180,5,0,0,680,680,5,-1,1.0000,528
Yellow,6,bub,5,4,doc,Yellow,minnow,0,1,castle_destroyed,765,25.50,False,0,0,0,0,0,26,1122,680,5,-1,1.0000,143
Yellow,6,bub,5,4,doc,Yellow,minnow,1,1,defender_won,1808,60.27,False,889,823,1778,110,1778,30,1190,680,0,889,0.3906,-1
Yellow,6,bub,5,4,doc,Yellow,minnow,2,1,castle_destroyed,3302,110.07,False,886,886,1772,40,1772,60,1700,680,0,1772,1.0000,661
Yellow,6,bub,5,4,doc,Yellow,minnow,3,1,castle_destroyed,2871,95.70,False,717,717,1434,27,1434,72,1904,680,0,2149,1.0000,534
Yellow,6,bub,5,4,doc,Yellow,minnow,5,1,castle_destroyed,1573,52.43,False,315,313,630,16,0,53,1581,680,5,-1,1.0000,299
Yellow,6,bub,5,4,doc,Yellow,minnow,10,1,castle_destroyed,1007,33.57,False,101,100,202,8,0,34,1258,680,5,-1,1.0000,182
Yellow,6,bub,5,4,doc,Yellow,minnow,15,1,castle_destroyed,893,29.77,False,60,59,120,5,0,30,1190,680,5,-1,1.0000,155
Yellow,6,bub,5,4,doc,Yellow,minnow,30,1,castle_destroyed,778,25.93,False,26,26,52,3,0,26,1122,680,5,-1,1.0000,148
Yellow,7,deus,1,0,-,Yellow,minnow,0,1,castle_destroyed,930,31.00,False,0,0,0,0,0,0,1281,1281,1,-1,1.0000,426
Yellow,7,deus,1,0,-,Yellow,minnow,1,1,defender_won,1798,59.93,False,1697,1542,3394,229,3394,0,1281,1281,0,1697,0.2659,-1
Yellow,7,deus,1,0,-,Yellow,minnow,2,1,defender_won,2530,84.33,False,950,874,1900,117,1900,0,1281,1281,0,1900,0.2682,-1
Yellow,7,deus,1,0,-,Yellow,minnow,3,1,defender_won,3324,110.80,False,826,766,1652,68,1652,0,1281,1281,0,2477,0.2706,-1
Yellow,7,deus,1,0,-,Yellow,minnow,5,1,defender_won,5609,186.97,False,710,683,1420,35,1420,0,1281,1281,0,3549,0.2753,-1
Yellow,7,deus,1,0,-,Yellow,minnow,10,1,defender_won,23888,796.27,True,588,585,1176,17,1176,0,1281,1281,0,5880,0.8188,-1
Yellow,7,deus,1,0,-,Yellow,minnow,15,1,force_destroyed_horizon,36000,1200.00,True,670,668,1340,10,1340,0,1281,1281,0,10037,1.0000,-1
Yellow,7,deus,1,0,-,Yellow,minnow,30,1,force_destroyed_horizon,36000,1200.00,True,658,656,1316,5,1316,0,1281,1281,0,19729,1.0000,-1
Yellow,7,deus,1,4,doc,Yellow,minnow,0,1,castle_destroyed,678,22.60,False,0,0,0,0,0,23,1672,1281,1,-1,1.0000,143
Yellow,7,deus,1,4,doc,Yellow,minnow,1,1,defender_won,3148,104.93,False,2728,2582,5456,157,5456,91,2828,1281,0,2728,0.3906,-1
Yellow,7,deus,1,4,doc,Yellow,minnow,2,1,castle_destroyed,8591,286.37,False,3446,3446,6892,40,6892,230,5191,1281,0,6892,1.0000,713
Yellow,7,deus,1,4,doc,Yellow,minnow,3,1,castle_destroyed,10087,336.23,False,3060,3060,6120,27,6120,306,6483,1281,0,9178,1.0000,534
Yellow,7,deus,1,4,doc,Yellow,minnow,5,1,castle_destroyed,972,32.40,False,195,193,390,16,0,33,1842,1281,1,-1,1.0000,299
Yellow,7,deus,1,4,doc,Yellow,minnow,10,1,castle_destroyed,846,28.20,False,85,84,170,8,0,29,1774,1281,1,-1,1.0000,182
Yellow,7,deus,1,4,doc,Yellow,minnow,15,1,castle_destroyed,720,24.00,False,48,48,96,5,0,24,1689,1281,1,-1,1.0000,155
Yellow,7,deus,1,4,doc,Yellow,minnow,30,1,castle_destroyed,678,22.60,False,23,23,46,3,0,23,1672,1281,1,-1,1.0000,148
Yellow,7,deus,3,0,-,Yellow,minnow,0,1,castle_destroyed,612,20.40,False,0,0,0,0,0,0,3843,3843,3,-1,1.0000,426
Yellow,7,deus,3,0,-,Yellow,minnow,1,1,defender_won,2213,73.77,False,1882,1727,3764,211,3764,0,3843,3843,0,1882,0.2659,-1
Yellow,7,deus,3,0,-,Yellow,minnow,2,1,defender_won,3604,120.13,False,1463,1384,2926,114,2926,0,3843,3843,0,2925,0.2682,-1
Yellow,7,deus,3,0,-,Yellow,minnow,3,1,defender_won,6973,232.43,False,1575,1550,3150,50,3150,0,3843,3843,0,4725,0.6024,-1
Yellow,7,deus,3,0,-,Yellow,minnow,5,1,defender_won,25003,833.43,True,1397,1394,2794,30,2794,0,3843,3843,0,6981,1.0000,-1
Yellow,7,deus,3,0,-,Yellow,minnow,10,1,castle_destroyed,2489,82.97,False,249,248,498,14,0,0,3843,3843,3,-1,1.0000,1373
Yellow,7,deus,3,0,-,Yellow,minnow,15,1,castle_destroyed,1830,61.00,False,122,122,244,10,0,0,3843,3843,3,-1,1.0000,1103
Yellow,7,deus,3,0,-,Yellow,minnow,30,1,castle_destroyed,780,26.00,False,26,26,52,5,0,0,3843,3843,3,-1,1.0000,484
Yellow,7,deus,3,4,doc,Yellow,minnow,0,1,castle_destroyed,552,18.40,False,0,0,0,0,0,19,4166,3843,3,-1,1.0000,143
Yellow,7,deus,3,4,doc,Yellow,minnow,1,1,defender_won,3821,127.37,False,3234,3127,6468,135,6468,108,5679,3843,0,3234,0.3906,-1
Yellow,7,deus,3,4,doc,Yellow,minnow,2,1,castle_destroyed,3749,124.97,False,1875,1870,3750,40,0,125,5968,3843,3,-1,1.0000,667
Yellow,7,deus,3,4,doc,Yellow,minnow,3,1,castle_destroyed,1356,45.20,False,452,449,904,27,0,46,4625,3843,3,-1,1.0000,516
Yellow,7,deus,3,4,doc,Yellow,minnow,5,1,castle_destroyed,636,21.20,False,128,126,256,16,0,22,4217,3843,3,-1,1.0000,299
Yellow,7,deus,3,4,doc,Yellow,minnow,10,1,castle_destroyed,612,20.40,False,62,61,124,8,0,21,4200,3843,3,-1,1.0000,182
Yellow,7,deus,3,4,doc,Yellow,minnow,15,1,castle_destroyed,570,19.00,False,38,38,76,5,0,19,4166,3843,3,-1,1.0000,155
Yellow,7,deus,3,4,doc,Yellow,minnow,30,1,castle_destroyed,552,18.40,False,19,19,38,3,0,19,4166,3843,3,-1,1.0000,148
Yellow,7,deus,5,0,-,Yellow,minnow,0,1,castle_destroyed,570,19.00,False,0,0,0,0,0,0,6405,6405,5,-1,1.0000,426
Yellow,7,deus,5,0,-,Yellow,minnow,1,1,defender_won,2545,84.83,False,2386,2220,4772,229,4772,0,6405,6405,0,2386,0.2659,-1
Yellow,7,deus,5,0,-,Yellow,minnow,2,1,defender_won,3762,125.40,False,1494,1423,2988,117,2988,0,6405,6405,0,2988,0.2706,-1
Yellow,7,deus,5,0,-,Yellow,minnow,3,1,defender_won,6398,213.27,False,1505,1475,3010,47,3010,0,6405,6405,0,4515,0.6282,-1
Yellow,7,deus,5,0,-,Yellow,minnow,5,1,castle_destroyed,3847,128.23,False,770,768,1540,29,0,0,6405,6405,5,-1,1.0000,1788
Yellow,7,deus,5,0,-,Yellow,minnow,10,1,castle_destroyed,1309,43.63,False,131,130,262,14,0,0,6405,6405,5,-1,1.0000,866
Yellow,7,deus,5,0,-,Yellow,minnow,15,1,castle_destroyed,852,28.40,False,57,57,114,10,0,0,6405,6405,5,-1,1.0000,639
Yellow,7,deus,5,0,-,Yellow,minnow,30,1,castle_destroyed,633,21.10,False,22,21,44,5,0,0,6405,6405,5,-1,1.0000,484
Yellow,7,deus,5,4,doc,Yellow,minnow,0,1,castle_destroyed,540,18.00,False,0,0,0,0,0,18,6711,6405,5,-1,1.0000,143
Yellow,7,deus,5,4,doc,Yellow,minnow,1,1,defender_won,4319,143.97,False,3522,3445,7044,124,7044,118,8411,6405,0,3522,0.3906,-1
Yellow,7,deus,5,4,doc,Yellow,minnow,2,1,castle_destroyed,3301,110.03,False,1651,1646,3302,40,0,111,8292,6405,5,-1,1.0000,653
Yellow,7,deus,5,4,doc,Yellow,minnow,3,1,castle_destroyed,833,27.77,False,278,275,556,27,0,28,6881,6405,5,-1,1.0000,516
Yellow,7,deus,5,4,doc,Yellow,minnow,5,1,castle_destroyed,588,19.60,False,118,116,236,16,0,20,6745,6405,5,-1,1.0000,299
Yellow,7,deus,5,4,doc,Yellow,minnow,10,1,castle_destroyed,579,19.30,False,58,57,116,8,0,20,6745,6405,5,-1,1.0000,182
Yellow,7,deus,5,4,doc,Yellow,minnow,15,1,castle_destroyed,546,18.20,False,37,36,74,5,0,19,6728,6405,5,-1,1.0000,155
Yellow,7,deus,5,4,doc,Yellow,minnow,30,1,castle_destroyed,540,18.00,False,18,18,36,3,0,18,6711,6405,5,-1,1.0000,148
Yellow,8,lyon,1,0,-,Yellow,minnow,0,1,castle_destroyed,1001,33.37,False,0,0,0,0,0,0,13272,13272,1,-1,1.0000,851
Yellow,8,lyon,1,0,-,Yellow,minnow,1,1,defender_won,2166,72.20,False,1865,1651,3730,278,3730,0,13272,13272,0,1865,0.1518,-1
Yellow,8,lyon,1,0,-,Yellow,minnow,2,1,defender_won,4038,134.60,False,1770,1651,3540,139,3540,0,13272,13272,0,3540,0.1553,-1
Yellow,8,lyon,1,0,-,Yellow,minnow,3,1,defender_won,5886,196.20,False,1735,1651,3470,92,3470,0,13272,13272,0,5203,0.1624,-1
Yellow,8,lyon,1,0,-,Yellow,minnow,5,1,defender_won,9700,323.33,False,1697,1651,3394,55,3394,0,13272,13272,0,8485,0.1765,-1
Yellow,8,lyon,1,0,-,Yellow,minnow,10,1,defender_won,18498,616.60,True,1631,1606,3262,27,3262,0,13272,13272,0,16305,0.2118,-1
Yellow,8,lyon,1,0,-,Yellow,minnow,15,1,defender_won,28515,950.50,True,1572,1561,3144,18,3144,0,13272,13272,0,23567,0.2471,-1
Yellow,8,lyon,1,0,-,Yellow,minnow,30,1,survived_horizon,36000,1200.00,True,1200,1196,2400,9,0,0,13272,13272,1,-1,0.3529,-1
Yellow,8,lyon,1,4,doc,Yellow,minnow,0,1,castle_destroyed,851,28.37,False,0,0,0,0,0,29,13765,13272,1,-1,1.0000,143
Yellow,8,lyon,1,4,doc,Yellow,minnow,1,1,defender_won,15061,502.03,False,14325,14241,28650,126,28650,478,21398,13272,0,14325,0.2753,-1
Yellow,8,lyon,1,4,doc,Yellow,minnow,2,1,survived_horizon,36000,1200.00,True,18000,17996,36000,40,0,1200,33672,13272,1,-1,1.0000,-1
Yellow,8,lyon,1,4,doc,Yellow,minnow,3,1,castle_destroyed,20190,673.00,True,6730,6727,13460,27,0,673,24713,13272,1,-1,1.0000,564
Yellow,8,lyon,1,4,doc,Yellow,minnow,5,1,castle_destroyed,851,28.37,False,171,169,342,16,0,29,13765,13272,1,-1,1.0000,299
Yellow,8,lyon,1,4,doc,Yellow,minnow,10,1,castle_destroyed,851,28.37,False,86,85,172,8,0,29,13765,13272,1,-1,1.0000,182
Yellow,8,lyon,1,4,doc,Yellow,minnow,15,1,castle_destroyed,851,28.37,False,57,57,114,5,0,29,13765,13272,1,-1,1.0000,155
Yellow,8,lyon,1,4,doc,Yellow,minnow,30,1,castle_destroyed,851,28.37,False,29,29,58,3,0,29,13765,13272,1,-1,1.0000,148
Yellow,8,lyon,3,0,-,Yellow,minnow,0,1,castle_destroyed,881,29.37,False,0,0,0,0,0,0,39816,39816,3,-1,1.0000,851
Yellow,8,lyon,3,0,-,Yellow,minnow,1,1,defender_won,4191,139.70,False,3846,3661,7692,218,7692,0,39816,39816,0,3846,0.1518,-1
Yellow,8,lyon,3,0,-,Yellow,minnow,2,1,defender_won,8029,267.63,False,3749,3637,7498,112,7498,0,39816,39816,0,7498,0.2376,-1
Yellow,8,lyon,3,0,-,Yellow,minnow,3,1,defender_won,12508,416.93,False,3786,3736,7572,72,7572,0,39816,39816,0,11357,0.4659,-1
Yellow,8,lyon,3,0,-,Yellow,minnow,5,1,defender_won,21518,717.27,True,3744,3724,7488,43,7488,0,39816,39816,0,18719,0.8835,-1
Yellow,8,lyon,3,0,-,Yellow,minnow,10,1,survived_horizon,36000,1200.00,True,3600,3598,7200,21,0,0,39816,39816,3,-1,1.0000,-1
Yellow,8,lyon,3,0,-,Yellow,minnow,15,1,survived_horizon,36000,1200.00,True,2400,2399,4800,14,0,0,39816,39816,3,-1,1.0000,-1
Yellow,8,lyon,3,0,-,Yellow,minnow,30,1,survived_horizon,36000,1200.00,True,1200,1200,2400,7,0,0,39816,39816,3,-1,1.0000,-1
Yellow,8,lyon,3,4,doc,Yellow,minnow,0,1,castle_destroyed,851,28.37,False,0,0,0,0,0,29,40309,39816,3,-1,1.0000,143
Yellow,8,lyon,3,4,doc,Yellow,minnow,1,1,defender_won,15284,509.47,False,14670,14568,29340,126,29340,489,48129,39816,0,14670,0.2753,-1
Yellow,8,lyon,3,4,doc,Yellow,minnow,2,1,survived_horizon,36000,1200.00,True,18000,17996,36000,40,0,1200,60216,39816,3,-1,1.0000,-1
Yellow,8,lyon,3,4,doc,Yellow,minnow,3,1,castle_destroyed,17211,573.70,False,5737,5734,11474,27,0,574,49574,39816,3,-1,1.0000,564
Yellow,8,lyon,3,4,doc,Yellow,minnow,5,1,castle_destroyed,851,28.37,False,171,169,342,16,0,29,40309,39816,3,-1,1.0000,299
Yellow,8,lyon,3,4,doc,Yellow,minnow,10,1,castle_destroyed,851,28.37,False,86,85,172,8,0,29,40309,39816,3,-1,1.0000,182
Yellow,8,lyon,3,4,doc,Yellow,minnow,15,1,castle_destroyed,851,28.37,False,57,57,114,5,0,29,40309,39816,3,-1,1.0000,155
Yellow,8,lyon,3,4,doc,Yellow,minnow,30,1,castle_destroyed,851,28.37,False,29,29,58,3,0,29,40309,39816,3,-1,1.0000,148
Yellow,8,lyon,5,0,-,Yellow,minnow,0,1,castle_destroyed,881,29.37,False,0,0,0,0,0,0,66360,66360,5,-1,1.0000,851
Yellow,8,lyon,5,0,-,Yellow,minnow,1,1,defender_won,7701,256.70,False,7358,7171,14716,187,14716,0,66360,66360,0,7358,0.1518,-1
Yellow,8,lyon,5,0,-,Yellow,minnow,2,1,defender_won,15507,516.90,False,7271,7210,14542,93,14542,0,66360,66360,0,14542,0.4894,-1
Yellow,8,lyon,5,0,-,Yellow,minnow,3,1,defender_won,23724,790.80,True,7152,7127,14304,62,14304,0,66360,66360,0,21455,0.9035,-1
Yellow,8,lyon,5,0,-,Yellow,minnow,5,1,force_destroyed_horizon,36000,1200.00,True,6990,6979,13980,32,13980,0,66360,66360,0,34950,1.0000,-1
Yellow,8,lyon,5,0,-,Yellow,minnow,10,1,survived_horizon,36000,1200.00,True,3600,3598,7200,18,0,0,66360,66360,5,-1,1.0000,-1
Yellow,8,lyon,5,0,-,Yellow,minnow,15,1,survived_horizon,36000,1200.00,True,2400,2399,4800,12,0,0,66360,66360,5,-1,1.0000,-1
Yellow,8,lyon,5,0,-,Yellow,minnow,30,1,castle_destroyed,2046,68.20,False,69,68,138,6,0,0,66360,66360,5,-1,1.0000,1896
Yellow,8,lyon,5,4,doc,Yellow,minnow,0,1,castle_destroyed,851,28.37,False,0,0,0,0,0,29,66853,66360,5,-1,1.0000,143
Yellow,8,lyon,5,4,doc,Yellow,minnow,1,1,defender_won,15718,523.93,False,15020,14931,30040,126,30040,501,74877,66360,0,15020,0.2753,-1
Yellow,8,lyon,5,4,doc,Yellow,minnow,2,1,survived_horizon,36000,1200.00,True,18000,17996,36000,40,0,1200,86760,66360,5,-1,1.0000,-1
Yellow,8,lyon,5,4,doc,Yellow,minnow,3,1,castle_destroyed,15030,501.00,False,5010,5007,10020,27,0,501,74877,66360,5,-1,1.0000,564
Yellow,8,lyon,5,4,doc,Yellow,minnow,5,1,castle_destroyed,851,28.37,False,171,169,342,16,0,29,66853,66360,5,-1,1.0000,299
Yellow,8,lyon,5,4,doc,Yellow,minnow,10,1,castle_destroyed,851,28.37,False,86,85,172,8,0,29,66853,66360,5,-1,1.0000,182
Yellow,8,lyon,5,4,doc,Yellow,minnow,15,1,castle_destroyed,851,28.37,False,57,57,114,5,0,29,66853,66360,5,-1,1.0000,155
Yellow,8,lyon,5,4,doc,Yellow,minnow,30,1,castle_destroyed,851,28.37,False,29,29,58,3,0,29,66853,66360,5,-1,1.0000,148
