tick,hp,maxhp,money,inv,own,enemy,p2hp,p2maxhp,p2money,p2inv,p1income,p2income,p1spent,p2spent,p1act,p2act
1,2000,2000,0,0,0,0,2000,2000,0,0,2,2,0,0,0,0
2,2000,2000,0,0,0,0,2000,2000,0,0,2,2,0,0,0,0
3,2000,2000,0,0,0,0,2000,2000,0,0,2,2,0,0,0,0
4,2000,2000,0,0,0,0,2000,2000,0,0,2,2,0,0,0,0
5,2000,2000,0,0,0,0,2000,2000,0,0,2,2,0,0,0,0
6,2000,2000,0,0,0,0,2000,2000,0,0,2,2,0,0,0,0
7,2000,2000,0,0,0,0,2000,2000,0,0,2,2,0,0,0,0
8,2000,2000,0,0,0,0,2000,2000,0,0,2,2,0,0,0,0
9,2000,2000,0,0,0,0,2000,2000,0,0,2,2,0,0,0,0
10,2000,2000,0,0,0,0,2000,2000,0,0,2,2,0,0,0,0
11,2000,2000,0,0,0,0,2000,2000,0,0,2,2,0,0,0,0
12,2000,2000,0,0,0,0,2000,2000,0,0,2,2,0,0,0,0
13,2000,2000,0,0,0,0,2000,2000,0,0,2,2,0,0,0,0
14,2000,2000,0,0,0,0,2000,2000,0,0,2,2,0,0,0,0
15,2000,2000,0,0,0,0,2000,2000,0,0,2,2,0,0,0,0
16,2000,2000,0,0,0,0,2000,2000,0,0,2,2,0,0,0,0
17,2000,2000,0,0,0,0,2000,2000,0,0,2,2,0,0,0,0
18,2000,2000,0,0,0,0,2000,2000,0,0,2,2,0,0,0,0
19,2000,2000,0,0,0,0,2000,2000,0,0,2,2,0,0,0,0
20,2000,2000,0,0,0,0,2000,2000,0,0,2,2,0,0,0,0
21,2000,2000,0,0,0,0,2000,2000,0,0,2,2,0,0,0,0
22,2000,2000,0,0,0,0,2000,2000,0,0,2,2,0,0,0,0
23,2000,2000,0,0,0,0,2000,2000,0,0,2,2,0,0,0,0
24,2000,2000,0,0,0,0,2000,2000,0,0,2,2,0,0,0,0
25,2000,2000,0,0,0,0,2000,2000,0,0,2,2,0,0,0,0
26,2000,2000,0,0,0,0,2000,2000,0,0,2,2,0,0,0,0
27,2000,2000,0,0,0,0,2000,2000,0,0,2,2,0,0,0,0
28,2000,2000,0,0,0,0,2000,2000,0,0,2,2,0,0,0,0
29,2000,2000,0,0,0,0,2000,2000,0,0,2,2,0,0,0,0
30,2000,2000,2,0,0,0,2000,2000,2,0,2,2,0,0,0,0
31,2000,2000,2,0,0,0,2000,2000,2,0,2,2,0,0,0,0
32,2000,2000,2,0,0,0,2000,2000,2,0,2,2,0,0,0,0
33,2000,2000,2,0,0,0,2000,2000,2,0,2,2,0,0,0,0
34,2000,2000,2,0,0,0,2000,2000,2,0,2,2,0,0,0,0
35,2000,2000,2,0,0,0,2000,2000,2,0,2,2,0,0,0,0
36,2000,2000,2,0,0,0,2000,2000,2,0,2,2,0,0,0,0
37,2000,2000,2,0,0,0,2000,2000,2,0,2,2,0,0,0,0
38,2000,2000,2,0,0,0,2000,2000,2,0,2,2,0,0,0,0
39,2000,2000,2,0,0,0,2000,2000,2,0,2,2,0,0,0,0
40,2000,2000,2,0,0,0,2000,2000,2,0,2,2,0,0,0,0
41,2000,2000,2,0,0,0,2000,2000,2,0,2,2,0,0,0,0
42,2000,2000,2,0,0,0,2000,2000,2,0,2,2,0,0,0,0
43,2000,2000,2,0,0,0,2000,2000,2,0,2,2,0,0,0,0
44,2000,2000,2,0,0,0,2000,2000,2,0,2,2,0,0,0,0
45,2000,2000,2,0,0,0,2000,2000,2,0,2,2,0,0,0,0
46,2000,2000,2,0,0,0,2000,2000,2,0,2,2,0,0,0,0
47,2000,2000,2,0,0,0,2000,2000,2,0,2,2,0,0,0,0
48,2000,2000,2,0,0,0,2000,2000,2,0,2,2,0,0,0,0
49,2000,2000,2,0,0,0,2000,2000,2,0,2,2,0,0,0,0
50,2000,2000,2,0,0,0,2000,2000,2,0,2,2,0,0,0,0
51,2000,2000,2,0,0,0,2000,2000,2,0,2,2,0,0,0,0
52,2000,2000,2,0,0,0,2000,2000,2,0,2,2,0,0,0,0
53,2000,2000,2,0,0,0,2000,2000,2,0,2,2,0,0,0,0
54,2000,2000,2,0,0,0,2000,2000,2,0,2,2,0,0,0,0
55,2000,2000,2,0,0,0,2000,2000,2,0,2,2,0,0,0,0
56,2000,2000,2,0,0,0,2000,2000,2,0,2,2,0,0,0,0
57,2000,2000,2,0,0,0,2000,2000,2,0,2,2,0,0,0,0
58,2000,2000,2,0,0,0,2000,2000,2,0,2,2,0,0,0,0
59,2000,2000,2,0,0,0,2000,2000,2,0,2,2,0,0,0,0
60,2000,2000,4,0,0,0,2000,2000,4,0,2,2,0,0,0,0
61,2000,2000,4,0,0,0,2000,2000,4,0,2,2,0,0,0,0
62,2000,2000,4,0,0,0,2000,2000,4,0,2,2,0,0,0,0
63,2000,2000,4,0,0,0,2000,2000,4,0,2,2,0,0,0,0
64,2000,2000,4,0,0,0,2000,2000,4,0,2,2,0,0,0,0
65,2000,2000,4,0,0,0,2000,2000,4,0,2,2,0,0,0,0
66,2000,2000,4,0,0,0,2000,2000,4,0,2,2,0,0,0,0
67,2000,2000,4,0,0,0,2000,2000,4,0,2,2,0,0,0,0
68,2000,2000,4,0,0,0,2000,2000,4,0,2,2,0,0,0,0
69,2000,2000,4,0,0,0,2000,2000,4,0,2,2,0,0,0,0
70,2000,2000,4,0,0,0,2000,2000,4,0,2,2,0,0,0,0
71,2000,2000,4,0,0,0,2000,2000,4,0,2,2,0,0,0,0
72,2000,2000,4,0,0,0,2000,2000,4,0,2,2,0,0,0,0
73,2000,2000,4,0,0,0,2000,2000,4,0,2,2,0,0,0,0
74,2000,2000,4,0,0,0,2000,2000,4,0,2,2,0,0,0,0
75,2000,2000,4,0,0,0,2000,2000,4,0,2,2,0,0,0,0
76,2000,2000,4,0,0,0,2000,2000,4,0,2,2,0,0,0,0
77,2000,2000,4,0,0,0,2000,2000,4,0,2,2,0,0,0,0
78,2000,2000,4,0,0,0,2000,2000,4,0,2,2,0,0,0,0
79,2000,2000,4,0,0,0,2000,2000,4,0,2,2,0,0,0,0
80,2000,2000,4,0,0,0,2000,2000,4,0,2,2,0,0,0,0
81,2000,2000,4,0,0,0,2000,2000,4,0,2,2,0,0,0,0
82,2000,2000,4,0,0,0,2000,2000,4,0,2,2,0,0,0,0
83,2000,2000,4,0,0,0,2000,2000,4,0,2,2,0,0,0,0
84,2000,2000,4,0,0,0,2000,2000,4,0,2,2,0,0,0,0
85,2000,2000,4,0,0,0,2000,2000,4,0,2,2,0,0,0,0
86,2000,2000,4,0,0,0,2000,2000,4,0,2,2,0,0,0,0
87,2000,2000,4,0,0,0,2000,2000,4,0,2,2,0,0,0,0
88,2000,2000,4,0,0,0,2000,2000,4,0,2,2,0,0,0,0
89,2000,2000,4,0,0,0,2000,2000,4,0,2,2,0,0,0,0
90,2000,2000,6,0,0,0,2000,2000,6,0,2,2,0,0,0,0
91,2000,2000,6,0,0,0,2000,2000,6,0,2,2,0,0,0,0
92,2000,2000,6,0,0,0,2000,2000,6,0,2,2,0,0,0,0
93,2000,2000,6,0,0,0,2000,2000,6,0,2,2,0,0,0,0
94,2000,2000,6,0,0,0,2000,2000,6,0,2,2,0,0,0,0
95,2000,2000,6,0,0,0,2000,2000,6,0,2,2,0,0,0,0
96,2000,2000,6,0,0,0,2000,2000,6,0,2,2,0,0,0,0
97,2000,2000,6,0,0,0,2000,2000,6,0,2,2,0,0,0,0
98,2000,2000,6,0,0,0,2000,2000,6,0,2,2,0,0,0,0
99,2000,2000,6,0,0,0,2000,2000,6,0,2,2,0,0,0,0
100,2000,2000,6,0,0,0,2000,2000,6,0,2,2,0,0,0,0
101,2000,2000,6,0,0,0,2000,2000,6,0,2,2,0,0,0,0
102,2000,2000,6,0,0,0,2000,2000,6,0,2,2,0,0,0,0
103,2000,2000,6,0,0,0,2000,2000,6,0,2,2,0,0,0,0
104,2000,2000,6,0,0,0,2000,2000,6,0,2,2,0,0,0,0
105,2000,2000,6,0,0,0,2000,2000,6,0,2,2,0,0,0,0
106,2000,2000,6,0,0,0,2000,2000,6,0,2,2,0,0,0,0
107,2000,2000,6,0,0,0,2000,2000,6,0,2,2,0,0,0,0
108,2000,2000,6,0,0,0,2000,2000,6,0,2,2,0,0,0,0
109,2000,2000,6,0,0,0,2000,2000,6,0,2,2,0,0,0,0
110,2000,2000,6,0,0,0,2000,2000,6,0,2,2,0,0,0,0
111,2000,2000,6,0,0,0,2000,2000,6,0,2,2,0,0,0,0
112,2000,2000,6,0,0,0,2000,2000,6,0,2,2,0,0,0,0
113,2000,2000,6,0,0,0,2000,2000,6,0,2,2,0,0,0,0
114,2000,2000,6,0,0,0,2000,2000,6,0,2,2,0,0,0,0
115,2000,2000,6,0,0,0,2000,2000,6,0,2,2,0,0,0,0
116,2000,2000,6,0,0,0,2000,2000,6,0,2,2,0,0,0,0
117,2000,2000,6,0,0,0,2000,2000,6,0,2,2,0,0,0,0
118,2000,2000,6,0,0,0,2000,2000,6,0,2,2,0,0,0,0
119,2000,2000,6,0,0,0,2000,2000,6,0,2,2,0,0,0,0
120,2000,2000,8,0,0,0,2000,2000,8,0,2,2,0,0,0,0
121,2000,2000,8,0,0,0,2000,2000,8,0,2,2,0,0,0,0
122,2000,2000,8,0,0,0,2000,2000,8,0,2,2,0,0,0,0
123,2000,2000,8,0,0,0,2000,2000,8,0,2,2,0,0,0,0
124,2000,2000,8,0,0,0,2000,2000,8,0,2,2,0,0,0,0
125,2000,2000,8,0,0,0,2000,2000,8,0,2,2,0,0,0,0
126,2000,2000,8,0,0,0,2000,2000,8,0,2,2,0,0,0,0
127,2000,2000,8,0,0,0,2000,2000,8,0,2,2,0,0,0,0
128,2000,2000,8,0,0,0,2000,2000,8,0,2,2,0,0,0,0
129,2000,2000,8,0,0,0,2000,2000,8,0,2,2,0,0,0,0
130,2000,2000,8,0,0,0,2000,2000,8,0,2,2,0,0,0,0
131,2000,2000,8,0,0,0,2000,2000,8,0,2,2,0,0,0,0
132,2000,2000,8,0,0,0,2000,2000,8,0,2,2,0,0,0,0
133,2000,2000,8,0,0,0,2000,2000,8,0,2,2,0,0,0,0
134,2000,2000,8,0,0,0,2000,2000,8,0,2,2,0,0,0,0
135,2000,2000,8,0,0,0,2000,2000,8,0,2,2,0,0,0,0
136,2000,2000,8,0,0,0,2000,2000,8,0,2,2,0,0,0,0
137,2000,2000,8,0,0,0,2000,2000,8,0,2,2,0,0,0,0
138,2000,2000,8,0,0,0,2000,2000,8,0,2,2,0,0,0,0
139,2000,2000,8,0,0,0,2000,2000,8,0,2,2,0,0,0,0
140,2000,2000,8,0,0,0,2000,2000,8,0,2,2,0,0,0,0
141,2000,2000,8,0,0,0,2000,2000,8,0,2,2,0,0,0,0
142,2000,2000,8,0,0,0,2000,2000,8,0,2,2,0,0,0,0
143,2000,2000,8,0,0,0,2000,2000,8,0,2,2,0,0,0,0
144,2000,2000,8,0,0,0,2000,2000,8,0,2,2,0,0,0,0
145,2000,2000,8,0,0,0,2000,2000,8,0,2,2,0,0,0,0
146,2000,2000,8,0,0,0,2000,2000,8,0,2,2,0,0,0,0
147,2000,2000,8,0,0,0,2000,2000,8,0,2,2,0,0,0,0
148,2000,2000,8,0,0,0,2000,2000,8,0,2,2,0,0,0,0
149,2000,2000,8,0,0,0,2000,2000,8,0,2,2,0,0,0,0
150,2000,2000,10,0,0,0,2000,2000,10,0,2,2,0,0,0,0
151,2000,2000,10,0,0,0,2000,2000,10,0,2,2,0,0,0,0
152,2000,2000,10,0,0,0,2000,2000,10,0,2,2,0,0,0,0
153,2000,2000,10,0,0,0,2000,2000,10,0,2,2,0,0,0,0
154,2000,2000,10,0,0,0,2000,2000,10,0,2,2,0,0,0,0
155,2000,2000,10,0,0,0,2000,2000,10,0,2,2,0,0,0,0
156,2000,2000,10,0,0,0,2000,2000,10,0,2,2,0,0,0,0
157,2000,2000,10,0,0,0,2000,2000,10,0,2,2,0,0,0,0
158,2000,2000,10,0,0,0,2000,2000,10,0,2,2,0,0,0,0
159,2000,2000,10,0,0,0,2000,2000,10,0,2,2,0,0,0,0
160,2000,2000,10,0,0,0,2000,2000,10,0,2,2,0,0,0,0
161,2000,2000,10,0,0,0,2000,2000,10,0,2,2,0,0,0,0
162,2000,2000,10,0,0,0,2000,2000,10,0,2,2,0,0,0,0
163,2000,2000,10,0,0,0,2000,2000,10,0,2,2,0,0,0,0
164,2000,2000,10,0,0,0,2000,2000,10,0,2,2,0,0,0,0
165,2000,2000,10,0,0,0,2000,2000,10,0,2,2,0,0,0,0
166,2000,2000,10,0,0,0,2000,2000,10,0,2,2,0,0,0,0
167,2000,2000,10,0,0,0,2000,2000,10,0,2,2,0,0,0,0
168,2000,2000,10,0,0,0,2000,2000,10,0,2,2,0,0,0,0
169,2000,2000,10,0,0,0,2000,2000,10,0,2,2,0,0,0,0
170,2000,2000,10,0,0,0,2000,2000,10,0,2,2,0,0,0,0
171,2000,2000,10,0,0,0,2000,2000,10,0,2,2,0,0,0,0
172,2000,2000,10,0,0,0,2000,2000,10,0,2,2,0,0,0,0
173,2000,2000,10,0,0,0,2000,2000,10,0,2,2,0,0,0,0
174,2000,2000,10,0,0,0,2000,2000,10,0,2,2,0,0,0,0
175,2000,2000,10,0,0,0,2000,2000,10,0,2,2,0,0,0,0
176,2000,2000,10,0,0,0,2000,2000,10,0,2,2,0,0,0,0
177,2000,2000,10,0,0,0,2000,2000,10,0,2,2,0,0,0,0
178,2000,2000,10,0,0,0,2000,2000,10,0,2,2,0,0,0,0
179,2000,2000,10,0,0,0,2000,2000,10,0,2,2,0,0,0,0
180,2000,2000,12,0,0,0,2000,2000,12,0,2,2,0,0,0,0
181,2000,2000,12,0,0,0,2000,2000,12,0,2,2,0,0,0,0
182,2000,2000,12,0,0,0,2000,2000,12,0,2,2,0,0,0,0
183,2000,2000,12,0,0,0,2000,2000,12,0,2,2,0,0,0,0
184,2000,2000,12,0,0,0,2000,2000,12,0,2,2,0,0,0,0
185,2000,2000,12,0,0,0,2000,2000,12,0,2,2,0,0,0,0
186,2000,2000,12,0,0,0,2000,2000,12,0,2,2,0,0,0,0
187,2000,2000,12,0,0,0,2000,2000,12,0,2,2,0,0,0,0
188,2000,2000,12,0,0,0,2000,2000,12,0,2,2,0,0,0,0
189,2000,2000,12,0,0,0,2000,2000,12,0,2,2,0,0,0,0
190,2000,2000,12,0,0,0,2000,2000,12,0,2,2,0,0,0,0
191,2000,2000,12,0,0,0,2000,2000,12,0,2,2,0,0,0,0
192,2000,2000,12,0,0,0,2000,2000,12,0,2,2,0,0,0,0
193,2000,2000,12,0,0,0,2000,2000,12,0,2,2,0,0,0,0
194,2000,2000,12,0,0,0,2000,2000,12,0,2,2,0,0,0,0
195,2000,2000,12,0,0,0,2000,2000,12,0,2,2,0,0,0,0
196,2000,2000,12,0,0,0,2000,2000,12,0,2,2,0,0,0,0
197,2000,2000,12,0,0,0,2000,2000,12,0,2,2,0,0,0,0
198,2000,2000,12,0,0,0,2000,2000,12,0,2,2,0,0,0,0
199,2000,2000,12,0,0,0,2000,2000,12,0,2,2,0,0,0,0
200,2000,2000,12,0,0,0,2000,2000,12,0,2,2,0,0,0,0
201,2000,2000,12,0,0,0,2000,2000,12,0,2,2,0,0,0,0
202,2000,2000,12,0,0,0,2000,2000,12,0,2,2,0,0,0,0
203,2000,2000,12,0,0,0,2000,2000,12,0,2,2,0,0,0,0
204,2000,2000,12,0,0,0,2000,2000,12,0,2,2,0,0,0,0
205,2000,2000,12,0,0,0,2000,2000,12,0,2,2,0,0,0,0
206,2000,2000,12,0,0,0,2000,2000,12,0,2,2,0,0,0,0
207,2000,2000,12,0,0,0,2000,2000,12,0,2,2,0,0,0,0
208,2000,2000,12,0,0,0,2000,2000,12,0,2,2,0,0,0,0
209,2000,2000,12,0,0,0,2000,2000,12,0,2,2,0,0,0,0
210,2000,2000,14,0,0,0,2000,2000,14,0,2,2,0,0,0,0
211,2000,2000,14,0,0,0,2000,2000,14,0,2,2,0,0,0,0
212,2000,2000,14,0,0,0,2000,2000,14,0,2,2,0,0,0,0
213,2000,2000,14,0,0,0,2000,2000,14,0,2,2,0,0,0,0
214,2000,2000,14,0,0,0,2000,2000,14,0,2,2,0,0,0,0
215,2000,2000,14,0,0,0,2000,2000,14,0,2,2,0,0,0,0
216,2000,2000,14,0,0,0,2000,2000,14,0,2,2,0,0,0,0
217,2000,2000,14,0,0,0,2000,2000,14,0,2,2,0,0,0,0
218,2000,2000,14,0,0,0,2000,2000,14,0,2,2,0,0,0,0
219,2000,2000,14,0,0,0,2000,2000,14,0,2,2,0,0,0,0
220,2000,2000,14,0,0,0,2000,2000,14,0,2,2,0,0,0,0
221,2000,2000,14,0,0,0,2000,2000,14,0,2,2,0,0,0,0
222,2000,2000,14,0,0,0,2000,2000,14,0,2,2,0,0,0,0
223,2000,2000,14,0,0,0,2000,2000,14,0,2,2,0,0,0,0
224,2000,2000,14,0,0,0,2000,2000,14,0,2,2,0,0,0,0
225,2000,2000,14,0,0,0,2000,2000,14,0,2,2,0,0,0,0
226,2000,2000,14,0,0,0,2000,2000,14,0,2,2,0,0,0,0
227,2000,2000,14,0,0,0,2000,2000,14,0,2,2,0,0,0,0
228,2000,2000,14,0,0,0,2000,2000,14,0,2,2,0,0,0,0
229,2000,2000,14,0,0,0,2000,2000,14,0,2,2,0,0,0,0
230,2000,2000,14,0,0,0,2000,2000,14,0,2,2,0,0,0,0
231,2000,2000,14,0,0,0,2000,2000,14,0,2,2,0,0,0,0
232,2000,2000,14,0,0,0,2000,2000,14,0,2,2,0,0,0,0
233,2000,2000,14,0,0,0,2000,2000,14,0,2,2,0,0,0,0
234,2000,2000,14,0,0,0,2000,2000,14,0,2,2,0,0,0,0
235,2000,2000,14,0,0,0,2000,2000,14,0,2,2,0,0,0,0
236,2000,2000,14,0,0,0,2000,2000,14,0,2,2,0,0,0,0
237,2000,2000,14,0,0,0,2000,2000,14,0,2,2,0,0,0,0
238,2000,2000,14,0,0,0,2000,2000,14,0,2,2,0,0,0,0
239,2000,2000,14,0,0,0,2000,2000,14,0,2,2,0,0,0,0
240,2000,2000,16,0,0,0,2000,2000,16,0,2,2,0,0,0,0
241,2000,2000,16,0,0,0,2000,2000,16,0,2,2,0,0,0,0
242,2000,2000,16,0,0,0,2000,2000,16,0,2,2,0,0,0,0
243,2000,2000,16,0,0,0,2000,2000,16,0,2,2,0,0,0,0
244,2000,2000,16,0,0,0,2000,2000,16,0,2,2,0,0,0,0
245,2000,2000,16,0,0,0,2000,2000,16,0,2,2,0,0,0,0
246,2000,2000,16,0,0,0,2000,2000,16,0,2,2,0,0,0,0
247,2000,2000,16,0,0,0,2000,2000,16,0,2,2,0,0,0,0
248,2000,2000,16,0,0,0,2000,2000,16,0,2,2,0,0,0,0
249,2000,2000,16,0,0,0,2000,2000,16,0,2,2,0,0,0,0
250,2000,2000,16,0,0,0,2000,2000,16,0,2,2,0,0,0,0
251,2000,2000,16,0,0,0,2000,2000,16,0,2,2,0,0,0,0
252,2000,2000,16,0,0,0,2000,2000,16,0,2,2,0,0,0,0
253,2000,2000,16,0,0,0,2000,2000,16,0,2,2,0,0,0,0
254,2000,2000,16,0,0,0,2000,2000,16,0,2,2,0,0,0,0
255,2000,2000,16,0,0,0,2000,2000,16,0,2,2,0,0,0,0
256,2000,2000,16,0,0,0,2000,2000,16,0,2,2,0,0,0,0
257,2000,2000,16,0,0,0,2000,2000,16,0,2,2,0,0,0,0
258,2000,2000,16,0,0,0,2000,2000,16,0,2,2,0,0,0,0
259,2000,2000,16,0,0,0,2000,2000,16,0,2,2,0,0,0,0
260,2000,2000,16,0,0,0,2000,2000,16,0,2,2,0,0,0,0
261,2000,2000,16,0,0,0,2000,2000,16,0,2,2,0,0,0,0
262,2000,2000,16,0,0,0,2000,2000,16,0,2,2,0,0,0,0
263,2000,2000,16,0,0,0,2000,2000,16,0,2,2,0,0,0,0
264,2000,2000,16,0,0,0,2000,2000,16,0,2,2,0,0,0,0
265,2000,2000,16,0,0,0,2000,2000,16,0,2,2,0,0,0,0
266,2000,2000,16,0,0,0,2000,2000,16,0,2,2,0,0,0,0
267,2000,2000,16,0,0,0,2000,2000,16,0,2,2,0,0,0,0
268,2000,2000,16,0,0,0,2000,2000,16,0,2,2,0,0,0,0
269,2000,2000,16,0,0,0,2000,2000,16,0,2,2,0,0,0,0
270,2000,2000,18,0,0,0,2000,2000,18,0,2,2,0,0,0,0
271,2000,2000,18,0,0,0,2000,2000,0,1,2,3,0,0,0,9
272,2000,2000,18,0,0,0,2000,2000,0,1,2,3,0,0,0,0
273,2000,2000,18,0,0,0,2000,2000,0,1,2,3,0,0,0,0
274,2000,2000,18,0,0,0,2000,2000,0,1,2,3,0,0,0,0
275,2000,2000,0,1,0,0,2000,2000,0,1,3,3,0,0,9,0
276,2000,2000,0,1,0,0,2000,2000,0,1,3,3,0,0,0,0
277,2000,2000,0,1,0,0,2000,2000,0,1,3,3,0,0,0,0
278,2000,2000,0,1,0,0,2000,2000,0,1,3,3,0,0,0,0
279,2000,2000,0,1,0,0,2000,2000,0,1,3,3,0,0,0,0
280,2000,2000,0,1,0,0,2000,2000,0,1,3,3,0,0,0,0
281,2000,2000,0,1,0,0,2000,2000,0,1,3,3,0,0,0,0
282,2000,2000,0,1,0,0,2000,2000,0,1,3,3,0,0,0,0
283,2000,2000,0,1,0,0,2000,2000,0,1,3,3,0,0,0,0
284,2000,2000,0,1,0,0,2000,2000,0,1,3,3,0,0,0,0
285,2000,2000,0,1,0,0,2000,2000,0,1,3,3,0,0,0,0
286,2000,2000,0,1,0,0,2000,2000,0,1,3,3,0,0,0,0
287,2000,2000,0,1,0,0,2000,2000,0,1,3,3,0,0,0,0
288,2000,2000,0,1,0,0,2000,2000,0,1,3,3,0,0,0,0
289,2000,2000,0,1,0,0,2000,2000,0,1,3,3,0,0,0,0
290,2000,2000,0,1,0,0,2000,2000,0,1,3,3,0,0,0,0
291,2000,2000,0,1,0,0,2000,2000,0,1,3,3,0,0,0,0
292,2000,2000,0,1,0,0,2000,2000,0,1,3,3,0,0,0,0
293,2000,2000,0,1,0,0,2000,2000,0,1,3,3,0,0,0,0
294,2000,2000,0,1,0,0,2000,2000,0,1,3,3,0,0,0,0
295,2000,2000,0,1,0,0,2000,2000,0,1,3,3,0,0,0,0
296,2000,2000,0,1,0,0,2000,2000,0,1,3,3,0,0,0,0
297,2000,2000,0,1,0,0,2000,2000,0,1,3,3,0,0,0,0
298,2000,2000,0,1,0,0,2000,2000,0,1,3,3,0,0,0,0
299,2000,2000,0,1,0,0,2000,2000,0,1,3,3,0,0,0,0
300,2000,2000,3,1,0,0,2000,2000,3,1,3,3,0,0,0,0
301,2000,2000,3,1,0,0,2000,2000,3,1,3,3,0,0,0,0
302,2000,2000,3,1,0,0,2000,2000,3,1,3,3,0,0,0,0
303,2000,2000,3,1,0,0,2000,2000,3,1,3,3,0,0,0,0
304,2000,2000,3,1,0,0,2000,2000,3,1,3,3,0,0,0,0
305,2000,2000,3,1,0,0,2000,2000,3,1,3,3,0,0,0,0
306,2000,2000,3,1,0,0,2000,2000,3,1,3,3,0,0,0,0
307,2000,2000,3,1,0,0,2000,2000,3,1,3,3,0,0,0,0
308,2000,2000,3,1,0,0,2000,2000,3,1,3,3,0,0,0,0
309,2000,2000,3,1,0,0,2000,2000,3,1,3,3,0,0,0,0
310,2000,2000,3,1,0,0,2000,2000,3,1,3,3,0,0,0,0
311,2000,2000,3,1,0,0,2000,2000,3,1,3,3,0,0,0,0
312,2000,2000,3,1,0,0,2000,2000,3,1,3,3,0,0,0,0
313,2000,2000,3,1,0,0,2000,2000,3,1,3,3,0,0,0,0
314,2000,2000,3,1,0,0,2000,2000,3,1,3,3,0,0,0,0
315,2000,2000,3,1,0,0,2000,2000,3,1,3,3,0,0,0,0
316,2000,2000,3,1,0,0,2000,2000,3,1,3,3,0,0,0,0
317,2000,2000,3,1,0,0,2000,2000,3,1,3,3,0,0,0,0
318,2000,2000,3,1,0,0,2000,2000,3,1,3,3,0,0,0,0
319,2000,2000,3,1,0,0,2000,2000,3,1,3,3,0,0,0,0
320,2000,2000,3,1,0,0,2000,2000,3,1,3,3,0,0,0,0
321,2000,2000,3,1,0,0,2000,2000,3,1,3,3,0,0,0,0
322,2000,2000,3,1,0,0,2000,2000,3,1,3,3,0,0,0,0
323,2000,2000,3,1,0,0,2000,2000,3,1,3,3,0,0,0,0
324,2000,2000,3,1,0,0,2000,2000,3,1,3,3,0,0,0,0
325,2000,2000,3,1,0,0,2000,2000,3,1,3,3,0,0,0,0
326,2000,2000,3,1,0,0,2000,2000,3,1,3,3,0,0,0,0
327,2000,2000,3,1,0,0,2000,2000,3,1,3,3,0,0,0,0
328,2000,2000,3,1,0,0,2000,2000,3,1,3,3,0,0,0,0
329,2000,2000,3,1,0,0,2000,2000,3,1,3,3,0,0,0,0
330,2000,2000,5,1,0,0,2000,2000,5,1,3,3,0,0,0,0
331,2000,2000,5,1,0,0,2000,2000,5,1,3,3,0,0,0,0
332,2000,2000,5,1,0,0,2000,2000,5,1,3,3,0,0,0,0
333,2000,2000,5,1,0,0,2000,2000,5,1,3,3,0,0,0,0
334,2000,2000,5,1,0,0,2000,2000,5,1,3,3,0,0,0,0
335,2000,2000,5,1,0,0,2000,2000,5,1,3,3,0,0,0,0
336,2000,2000,5,1,0,0,2000,2000,5,1,3,3,0,0,0,0
337,2000,2000,5,1,0,0,2000,2000,5,1,3,3,0,0,0,0
338,2000,2000,5,1,0,0,2000,2000,5,1,3,3,0,0,0,0
339,2000,2000,5,1,0,0,2000,2000,5,1,3,3,0,0,0,0
340,2000,2000,5,1,0,0,2000,2000,5,1,3,3,0,0,0,0
341,2000,2000,5,1,0,0,2000,2000,5,1,3,3,0,0,0,0
342,2000,2000,5,1,0,0,2000,2000,5,1,3,3,0,0,0,0
343,2000,2000,5,1,0,0,2000,2000,5,1,3,3,0,0,0,0
344,2000,2000,5,1,0,0,2000,2000,5,1,3,3,0,0,0,0
345,2000,2000,5,1,0,0,2000,2000,5,1,3,3,0,0,0,0
346,2000,2000,5,1,0,0,2000,2000,5,1,3,3,0,0,0,0
347,2000,2000,5,1,0,0,2000,2000,5,1,3,3,0,0,0,0
348,2000,2000,5,1,0,0,2000,2000,5,1,3,3,0,0,0,0
349,2000,2000,5,1,0,0,2000,2000,5,1,3,3,0,0,0,0
350,2000,2000,5,1,0,0,2000,2000,5,1,3,3,0,0,0,0
351,2000,2000,5,1,0,0,2000,2000,5,1,3,3,0,0,0,0
352,2000,2000,5,1,0,0,2000,2000,5,1,3,3,0,0,0,0
353,2000,2000,5,1,0,0,2000,2000,5,1,3,3,0,0,0,0
354,2000,2000,5,1,0,0,2000,2000,5,1,3,3,0,0,0,0
355,2000,2000,5,1,0,0,2000,2000,5,1,3,3,0,0,0,0
356,2000,2000,5,1,0,0,2000,2000,5,1,3,3,0,0,0,0
357,2000,2000,5,1,0,0,2000,2000,5,1,3,3,0,0,0,0
358,2000,2000,5,1,0,0,2000,2000,5,1,3,3,0,0,0,0
359,2000,2000,5,1,0,0,2000,2000,5,1,3,3,0,0,0,0
360,2000,2000,8,1,0,0,2000,2000,8,1,3,3,0,0,0,0
361,2000,2000,8,1,0,0,2000,2000,8,1,3,3,0,0,0,0
362,2000,2000,8,1,0,0,2000,2000,8,1,3,3,0,0,0,0
363,2000,2000,8,1,0,0,2000,2000,8,1,3,3,0,0,0,0
364,2000,2000,8,1,0,0,2000,2000,8,1,3,3,0,0,0,0
365,2000,2000,8,1,0,0,2000,2000,8,1,3,3,0,0,0,0
366,2000,2000,8,1,0,0,2000,2000,8,1,3,3,0,0,0,0
367,2000,2000,8,1,0,0,2000,2000,8,1,3,3,0,0,0,0
368,2000,2000,8,1,0,0,2000,2000,8,1,3,3,0,0,0,0
369,2000,2000,8,1,0,0,2000,2000,8,1,3,3,0,0,0,0
370,2000,2000,8,1,0,0,2000,2000,8,1,3,3,0,0,0,0
371,2000,2000,8,1,0,0,2000,2000,8,1,3,3,0,0,0,0
372,2000,2000,8,1,0,0,2000,2000,8,1,3,3,0,0,0,0
373,2000,2000,8,1,0,0,2000,2000,8,1,3,3,0,0,0,0
374,2000,2000,8,1,0,0,2000,2000,8,1,3,3,0,0,0,0
375,2000,2000,8,1,0,0,2000,2000,8,1,3,3,0,0,0,0
376,2000,2000,8,1,0,0,2000,2000,8,1,3,3,0,0,0,0
377,2000,2000,8,1,0,0,2000,2000,8,1,3,3,0,0,0,0
378,2000,2000,8,1,0,0,2000,2000,8,1,3,3,0,0,0,0
379,2000,2000,8,1,0,0,2000,2000,8,1,3,3,0,0,0,0
380,2000,2000,8,1,0,0,2000,2000,8,1,3,3,0,0,0,0
381,2000,2000,8,1,0,0,2000,2000,8,1,3,3,0,0,0,0
382,2000,2000,8,1,0,0,2000,2000,8,1,3,3,0,0,0,0
383,2000,2000,8,1,0,0,2000,2000,8,1,3,3,0,0,0,0
384,2000,2000,8,1,0,0,2000,2000,8,1,3,3,0,0,0,0
385,2000,2000,8,1,0,0,2000,2000,8,1,3,3,0,0,0,0
386,2000,2000,8,1,0,0,2000,2000,8,1,3,3,0,0,0,0
387,2000,2000,8,1,0,0,2000,2000,8,1,3,3,0,0,0,0
388,2000,2000,8,1,0,0,2000,2000,8,1,3,3,0,0,0,0
389,2000,2000,8,1,0,0,2000,2000,8,1,3,3,0,0,0,0
390,2000,2000,11,1,0,0,2000,2000,11,1,3,3,0,0,0,0
391,2000,2000,11,1,0,0,2000,2000,11,1,3,3,0,0,0,0
392,2000,2000,11,1,0,0,2000,2000,11,1,3,3,0,0,0,0
393,2000,2000,11,1,0,0,2000,2000,11,1,3,3,0,0,0,0
394,2000,2000,11,1,0,0,2000,2000,11,1,3,3,0,0,0,0
395,2000,2000,11,1,0,0,2000,2000,11,1,3,3,0,0,0,0
396,2000,2000,11,1,0,0,2000,2000,11,1,3,3,0,0,0,0
397,2000,2000,11,1,0,0,2000,2000,11,1,3,3,0,0,0,0
398,2000,2000,11,1,0,0,2000,2000,11,1,3,3,0,0,0,0
399,2000,2000,11,1,0,0,2000,2000,11,1,3,3,0,0,0,0
400,2000,2000,11,1,0,0,2000,2000,11,1,3,3,0,0,0,0
401,2000,2000,11,1,0,0,2000,2000,11,1,3,3,0,0,0,0
402,2000,2000,11,1,0,0,2000,2000,11,1,3,3,0,0,0,0
403,2000,2000,11,1,0,0,2000,2000,11,1,3,3,0,0,0,0
404,2000,2000,11,1,0,0,2000,2000,11,1,3,3,0,0,0,0
405,2000,2000,11,1,0,0,2000,2000,11,1,3,3,0,0,0,0
406,2000,2000,11,1,0,0,2000,2000,11,1,3,3,0,0,0,0
407,2000,2000,11,1,0,0,2000,2000,11,1,3,3,0,0,0,0
408,2000,2000,11,1,0,0,2000,2000,11,1,3,3,0,0,0,0
409,2000,2000,11,1,0,0,2000,2000,11,1,3,3,0,0,0,0
410,2000,2000,11,1,0,0,2000,2000,11,1,3,3,0,0,0,0
411,2000,2000,11,1,0,0,2000,2000,11,1,3,3,0,0,0,0
412,2000,2000,11,1,0,0,2000,2000,11,1,3,3,0,0,0,0
413,2000,2000,11,1,0,0,2000,2000,11,1,3,3,0,0,0,0
414,2000,2000,11,1,0,0,2000,2000,11,1,3,3,0,0,0,0
415,2000,2000,11,1,0,0,2000,2000,11,1,3,3,0,0,0,0
416,2000,2000,11,1,0,0,2000,2000,11,1,3,3,0,0,0,0
417,2000,2000,11,1,0,0,2000,2000,11,1,3,3,0,0,0,0
418,2000,2000,11,1,0,0,2000,2000,11,1,3,3,0,0,0,0
419,2000,2000,11,1,0,0,2000,2000,11,1,3,3,0,0,0,0
420,2000,2000,13,1,0,0,2000,2000,13,1,3,3,0,0,0,0
421,2000,2000,13,1,0,0,2000,2000,13,1,3,3,0,0,0,0
422,2000,2000,13,1,0,0,2000,2000,13,1,3,3,0,0,0,0
423,2000,2000,13,1,0,0,2000,2000,13,1,3,3,0,0,0,0
424,2000,2000,13,1,0,0,2000,2000,13,1,3,3,0,0,0,0
425,2000,2000,13,1,0,0,2000,2000,13,1,3,3,0,0,0,0
426,2000,2000,13,1,0,0,2000,2000,13,1,3,3,0,0,0,0
427,2000,2000,13,1,0,0,2000,2000,13,1,3,3,0,0,0,0
428,2000,2000,13,1,0,0,2000,2000,13,1,3,3,0,0,0,0
429,2000,2000,13,1,0,0,2000,2000,13,1,3,3,0,0,0,0
430,2000,2000,13,1,0,0,2000,2000,13,1,3,3,0,0,0,0
431,2000,2000,13,1,0,0,2000,2000,13,1,3,3,0,0,0,0
432,2000,2000,13,1,0,0,2000,2000,13,1,3,3,0,0,0,0
433,2000,2000,13,1,0,0,2000,2000,13,1,3,3,0,0,0,0
434,2000,2000,13,1,0,0,2000,2000,13,1,3,3,0,0,0,0
435,2000,2000,13,1,0,0,2000,2000,13,1,3,3,0,0,0,0
436,2000,2000,13,1,0,0,2000,2000,13,1,3,3,0,0,0,0
437,2000,2000,13,1,0,0,2000,2000,13,1,3,3,0,0,0,0
438,2000,2000,13,1,0,0,2000,2000,13,1,3,3,0,0,0,0
439,2000,2000,13,1,0,0,2000,2000,13,1,3,3,0,0,0,0
440,2000,2000,13,1,0,0,2000,2000,13,1,3,3,0,0,0,0
441,2000,2000,13,1,0,0,2000,2000,13,1,3,3,0,0,0,0
442,2000,2000,13,1,0,0,2000,2000,13,1,3,3,0,0,0,0
443,2000,2000,13,1,0,0,2000,2000,13,1,3,3,0,0,0,0
444,2000,2000,13,1,0,0,2000,2000,13,1,3,3,0,0,0,0
445,2000,2000,13,1,0,0,2000,2000,13,1,3,3,0,0,0,0
446,2000,2000,13,1,0,0,2000,2000,13,1,3,3,0,0,0,0
447,2000,2000,13,1,0,0,2000,2000,13,1,3,3,0,0,0,0
448,2000,2000,13,1,0,0,2000,2000,13,1,3,3,0,0,0,0
449,2000,2000,13,1,0,0,2000,2000,13,1,3,3,0,0,0,0
450,2000,2000,16,1,0,0,2000,2000,16,1,3,3,0,0,0,0
451,2000,2000,16,1,0,0,2000,2000,16,1,3,3,0,0,0,0
452,2000,2000,16,1,0,0,2000,2000,16,1,3,3,0,0,0,0
453,2000,2000,16,1,0,0,2000,2000,16,1,3,3,0,0,0,0
454,2000,2000,16,1,0,0,2000,2000,16,1,3,3,0,0,0,0
455,2000,2000,16,1,0,0,2000,2000,16,1,3,3,0,0,0,0
456,2000,2000,16,1,0,0,2000,2000,16,1,3,3,0,0,0,0
457,2000,2000,16,1,0,0,2000,2000,16,1,3,3,0,0,0,0
458,2000,2000,16,1,0,0,2000,2000,16,1,3,3,0,0,0,0
459,2000,2000,16,1,0,0,2000,2000,16,1,3,3,0,0,0,0
460,2000,2000,16,1,0,0,2000,2000,16,1,3,3,0,0,0,0
461,2000,2000,16,1,0,0,2000,2000,16,1,3,3,0,0,0,0
462,2000,2000,16,1,0,0,2000,2000,16,1,3,3,0,0,0,0
463,2000,2000,16,1,0,0,2000,2000,16,1,3,3,0,0,0,0
464,2000,2000,16,1,0,0,2000,2000,16,1,3,3,0,0,0,0
465,2000,2000,16,1,0,0,2000,2000,16,1,3,3,0,0,0,0
466,2000,2000,16,1,0,0,2000,2000,16,1,3,3,0,0,0,0
467,2000,2000,16,1,0,0,2000,2000,16,1,3,3,0,0,0,0
468,2000,2000,16,1,0,0,2000,2000,16,1,3,3,0,0,0,0
469,2000,2000,16,1,0,0,2000,2000,16,1,3,3,0,0,0,0
470,2000,2000,16,1,0,0,2000,2000,16,1,3,3,0,0,0,0
471,2000,2000,16,1,0,0,2000,2000,16,1,3,3,0,0,0,0
472,2000,2000,16,1,0,0,2000,2000,16,1,3,3,0,0,0,0
473,2000,2000,16,1,0,0,2000,2000,16,1,3,3,0,0,0,0
474,2000,2000,16,1,0,0,2000,2000,16,1,3,3,0,0,0,0
475,2000,2000,16,1,0,0,2000,2000,16,1,3,3,0,0,0,0
476,2000,2000,16,1,0,0,2000,2000,16,1,3,3,0,0,0,0
477,2000,2000,16,1,0,0,2000,2000,16,1,3,3,0,0,0,0
478,2000,2000,16,1,0,0,2000,2000,16,1,3,3,0,0,0,0
479,2000,2000,16,1,0,0,2000,2000,16,1,3,3,0,0,0,0
480,2000,2000,19,1,0,0,2000,2000,19,1,3,3,0,0,0,0
481,2000,2000,19,1,0,0,2000,2000,19,1,3,3,0,0,0,0
482,2000,2000,19,1,0,0,2000,2000,19,1,3,3,0,0,0,0
483,2000,2000,19,1,0,0,2000,2000,19,1,3,3,0,0,0,0
484,2000,2000,19,1,0,0,2000,2000,19,1,3,3,0,0,0,0
485,2000,2000,19,1,0,0,2000,2000,19,1,3,3,0,0,0,0
486,2000,2000,19,1,0,0,2000,2000,19,1,3,3,0,0,0,0
487,2000,2000,19,1,0,0,2000,2000,19,1,3,3,0,0,0,0
488,2000,2000,19,1,0,0,2000,2000,19,1,3,3,0,0,0,0
489,2000,2000,19,1,0,0,2000,2000,19,1,3,3,0,0,0,0
490,2000,2000,19,1,0,0,2000,2000,19,1,3,3,0,0,0,0
491,2000,2000,19,1,0,0,2000,2000,19,1,3,3,0,0,0,0
492,2000,2000,19,1,0,0,2000,2000,19,1,3,3,0,0,0,0
493,2000,2000,19,1,0,0,2000,2000,19,1,3,3,0,0,0,0
494,2000,2000,19,1,0,0,2000,2000,19,1,3,3,0,0,0,0
495,2000,2000,19,1,0,0,2000,2000,19,1,3,3,0,0,0,0
496,2000,2000,19,1,0,0,2000,2000,19,1,3,3,0,0,0,0
497,2000,2000,19,1,0,0,2000,2000,19,1,3,3,0,0,0,0
498,2000,2000,19,1,0,0,2000,2000,19,1,3,3,0,0,0,0
499,2000,2000,19,1,0,0,2000,2000,19,1,3,3,0,0,0,0
500,2000,2000,19,1,0,0,2000,2000,19,1,3,3,0,0,0,0
501,2000,2000,19,1,0,0,2000,2000,19,1,3,3,0,0,0,0
502,2000,2000,19,1,0,0,2000,2000,19,1,3,3,0,0,0,0
503,2000,2000,19,1,0,0,2000,2000,19,1,3,3,0,0,0,0
504,2000,2000,19,1,0,0,2000,2000,19,1,3,3,0,0,0,0
505,2000,2000,19,1,0,0,2000,2000,19,1,3,3,0,0,0,0
506,2000,2000,19,1,0,0,2000,2000,19,1,3,3,0,0,0,0
507,2000,2000,19,1,0,0,2000,2000,19,1,3,3,0,0,0,0
508,2000,2000,19,1,0,0,2000,2000,19,1,3,3,0,0,0,0
509,2000,2000,19,1,0,0,2000,2000,19,1,3,3,0,0,0,0
510,2000,2000,21,1,0,0,2000,2000,21,1,3,3,0,0,0,0
511,2000,2000,21,1,0,0,2000,2000,21,1,3,3,0,0,0,0
512,2000,2000,21,1,0,0,2000,2000,21,1,3,3,0,0,0,0
513,2000,2000,21,1,0,0,2000,2000,21,1,3,3,0,0,0,0
514,2000,2000,21,1,0,0,2000,2000,21,1,3,3,0,0,0,0
515,2000,2000,21,1,0,0,2000,2000,21,1,3,3,0,0,0,0
516,2000,2000,21,1,0,0,2000,2000,21,1,3,3,0,0,0,0
517,2000,2000,21,1,0,0,2000,2000,21,1,3,3,0,0,0,0
518,2000,2000,21,1,0,0,2000,2000,21,1,3,3,0,0,0,0
519,2000,2000,21,1,0,0,2000,2000,21,1,3,3,0,0,0,0
520,2000,2000,21,1,0,0,2000,2000,21,1,3,3,0,0,0,0
521,2000,2000,21,1,0,0,2000,2000,21,1,3,3,0,0,0,0
522,2000,2000,21,1,0,0,2000,2000,21,1,3,3,0,0,0,0
523,2000,2000,21,1,0,0,2000,2000,21,1,3,3,0,0,0,0
524,2000,2000,21,1,0,0,2000,2000,21,1,3,3,0,0,0,0
525,2000,2000,21,1,0,0,2000,2000,21,1,3,3,0,0,0,0
526,2000,2000,21,1,0,0,2000,2000,21,1,3,3,0,0,0,0
527,2000,2000,21,1,0,0,2000,2000,21,1,3,3,0,0,0,0
528,2000,2000,21,1,0,0,2000,2000,21,1,3,3,0,0,0,0
529,2000,2000,21,1,0,0,2000,2000,21,1,3,3,0,0,0,0
530,2000,2000,21,1,0,0,2000,2000,21,1,3,3,0,0,0,0
531,2000,2000,21,1,0,0,2000,2000,21,1,3,3,0,0,0,0
532,2000,2000,21,1,0,0,2000,2000,21,1,3,3,0,0,0,0
533,2000,2000,21,1,0,0,2000,2000,21,1,3,3,0,0,0,0
534,2000,2000,21,1,0,0,2000,2000,21,1,3,3,0,0,0,0
535,2000,2000,21,1,0,0,2000,2000,21,1,3,3,0,0,0,0
536,2000,2000,21,1,0,0,2000,2000,21,1,3,3,0,0,0,0
537,2000,2000,21,1,0,0,2000,2000,21,1,3,3,0,0,0,0
538,2000,2000,21,1,0,0,2000,2000,21,1,3,3,0,0,0,0
539,2000,2000,21,1,0,0,2000,2000,21,1,3,3,0,0,0,0
540,2000,2000,24,1,0,0,2000,2000,24,1,3,3,0,0,0,0
541,2000,2000,24,1,0,0,2000,2000,24,1,3,3,0,0,0,0
542,2000,2000,24,1,0,0,2000,2000,24,1,3,3,0,0,0,0
543,2000,2000,24,1,0,0,2000,2000,24,1,3,3,0,0,0,0
544,2000,2000,24,1,0,0,2000,2000,24,1,3,3,0,0,0,0
545,2000,2000,24,1,0,0,2000,2000,24,1,3,3,0,0,0,0
546,2000,2000,24,1,0,0,2000,2000,24,1,3,3,0,0,0,0
547,2000,2000,24,1,0,0,2000,2000,24,1,3,3,0,0,0,0
548,2000,2000,24,1,0,0,2000,2000,24,1,3,3,0,0,0,0
549,2000,2000,24,1,0,0,2000,2000,24,1,3,3,0,0,0,0
550,2000,2000,24,1,0,0,2000,2000,24,1,3,3,0,0,0,0
551,2000,2000,24,1,0,0,2000,2000,24,1,3,3,0,0,0,0
552,2000,2000,24,1,0,0,2000,2000,24,1,3,3,0,0,0,0
553,2000,2000,24,1,0,0,2000,2000,24,1,3,3,0,0,0,0
554,2000,2000,24,1,0,0,2000,2000,24,1,3,3,0,0,0,0
555,2000,2000,24,1,0,0,2000,2000,24,1,3,3,0,0,0,0
556,2000,2000,24,1,0,0,2000,2000,24,1,3,3,0,0,0,0
557,2000,2000,24,1,0,0,2000,2000,24,1,3,3,0,0,0,0
558,2000,2000,24,1,0,0,2000,2000,24,1,3,3,0,0,0,0
559,2000,2000,24,1,0,0,2000,2000,24,1,3,3,0,0,0,0
560,2000,2000,24,1,0,0,2000,2000,24,1,3,3,0,0,0,0
561,2000,2000,24,1,0,0,2000,2000,24,1,3,3,0,0,0,0
562,2000,2000,24,1,0,0,2000,2000,24,1,3,3,0,0,0,0
563,2000,2000,24,1,0,0,2000,2000,24,1,3,3,0,0,0,0
564,2000,2000,24,1,0,0,2000,2000,24,1,3,3,0,0,0,0
565,2000,2000,24,1,0,0,2000,2000,24,1,3,3,0,0,0,0
566,2000,2000,24,1,0,0,2000,2000,24,1,3,3,0,0,0,0
567,2000,2000,24,1,0,0,2000,2000,24,1,3,3,0,0,0,0
568,2000,2000,24,1,0,0,2000,2000,24,1,3,3,0,0,0,0
569,2000,2000,24,1,0,0,2000,2000,24,1,3,3,0,0,0,0
570,2000,2000,26,1,0,0,2000,2000,26,1,3,3,0,0,0,0
571,2000,2000,26,1,0,0,2000,2000,26,1,3,3,0,0,0,0
572,2000,2000,26,1,0,0,2000,2000,26,1,3,3,0,0,0,0
573,2000,2000,26,1,0,0,2000,2000,26,1,3,3,0,0,0,0
574,2000,2000,26,1,0,0,2000,2000,26,1,3,3,0,0,0,0
575,2000,2000,26,1,0,0,2000,2000,26,1,3,3,0,0,0,0
576,2000,2000,26,1,0,0,2000,2000,26,1,3,3,0,0,0,0
577,2000,2000,26,1,0,0,2000,2000,26,1,3,3,0,0,0,0
578,2000,2000,26,1,0,0,2000,2000,26,1,3,3,0,0,0,0
579,2000,2000,26,1,0,0,2000,2000,26,1,3,3,0,0,0,0
580,2000,2000,26,1,0,0,2000,2000,26,1,3,3,0,0,0,0
581,2000,2000,26,1,0,0,2000,2000,26,1,3,3,0,0,0,0
582,2000,2000,26,1,0,0,2000,2000,26,1,3,3,0,0,0,0
583,2000,2000,26,1,0,0,2000,2000,26,1,3,3,0,0,0,0
584,2000,2000,26,1,0,0,2000,2000,26,1,3,3,0,0,0,0
585,2000,2000,26,1,0,0,2000,2000,26,1,3,3,0,0,0,0
586,2000,2000,26,1,0,0,2000,2000,26,1,3,3,0,0,0,0
587,2000,2000,26,1,0,0,2000,2000,26,1,3,3,0,0,0,0
588,2000,2000,26,1,0,0,2000,2000,26,1,3,3,0,0,0,0
589,2000,2000,26,1,0,0,2000,2000,26,1,3,3,0,0,0,0
590,2000,2000,26,1,0,0,2000,2000,26,1,3,3,0,0,0,0
591,2000,2000,26,1,0,0,2000,2000,26,1,3,3,0,0,0,0
592,2000,2000,26,1,0,0,2000,2000,26,1,3,3,0,0,0,0
593,2000,2000,26,1,0,0,2000,2000,26,1,3,3,0,0,0,0
594,2000,2000,26,1,0,0,2000,2000,26,1,3,3,0,0,0,0
595,2000,2000,26,1,0,0,2000,2000,26,1,3,3,0,0,0,0
596,2000,2000,26,1,0,0,2000,2000,26,1,3,3,0,0,0,0
597,2000,2000,26,1,0,0,2000,2000,26,1,3,3,0,0,0,0
598,2000,2000,26,1,0,0,2000,2000,26,1,3,3,0,0,0,0
599,2000,2000,26,1,0,0,2000,2000,26,1,3,3,0,0,0,0
600,2000,2000,29,1,0,0,2000,2000,29,1,3,3,0,0,0,0
601,2000,2000,29,1,0,0,2000,2000,29,1,3,3,0,0,0,0
602,2000,2000,29,1,0,0,2000,2000,29,1,3,3,0,0,0,0
603,2000,2000,29,1,0,0,2000,2000,29,1,3,3,0,0,0,0
604,2000,2000,29,1,0,0,2000,2000,29,1,3,3,0,0,0,0
605,2000,2000,29,1,0,0,2000,2000,29,1,3,3,0,0,0,0
606,2000,2000,29,1,0,0,2000,2000,29,1,3,3,0,0,0,0
607,2000,2000,29,1,0,0,2000,2000,29,1,3,3,0,0,0,0
608,2000,2000,29,1,0,0,2000,2000,29,1,3,3,0,0,0,0
609,2000,2000,29,1,0,0,2000,2000,29,1,3,3,0,0,0,0
610,2000,2000,29,1,0,0,2000,2000,29,1,3,3,0,0,0,0
611,2000,2000,29,1,0,0,2000,2000,29,1,3,3,0,0,0,0
612,2000,2000,29,1,0,0,2000,2000,29,1,3,3,0,0,0,0
613,2000,2000,29,1,0,0,2000,2000,29,1,3,3,0,0,0,0
614,2000,2000,29,1,0,0,2000,2000,29,1,3,3,0,0,0,0
615,2000,2000,29,1,0,0,2000,2000,29,1,3,3,0,0,0,0
616,2000,2000,29,1,0,0,2000,2000,29,1,3,3,0,0,0,0
617,2000,2000,29,1,0,0,2000,2000,29,1,3,3,0,0,0,0
618,2000,2000,29,1,0,0,2000,2000,29,1,3,3,0,0,0,0
619,2000,2000,29,1,0,0,2000,2000,29,1,3,3,0,0,0,0
620,2000,2000,29,1,0,0,2000,2000,29,1,3,3,0,0,0,0
621,2000,2000,29,1,0,0,2000,2000,29,1,3,3,0,0,0,0
622,2000,2000,29,1,0,0,2000,2000,29,1,3,3,0,0,0,0
623,2000,2000,29,1,0,0,2000,2000,29,1,3,3,0,0,0,0
624,2000,2000,29,1,0,0,2000,2000,29,1,3,3,0,0,0,0
625,2000,2000,29,1,0,0,2000,2000,29,1,3,3,0,0,0,0
626,2000,2000,29,1,0,0,2000,2000,29,1,3,3,0,0,0,0
627,2000,2000,29,1,0,0,2000,2000,29,1,3,3,0,0,0,0
628,2000,2000,29,1,0,0,2000,2000,29,1,3,3,0,0,0,0
629,2000,2000,29,1,0,0,2000,2000,29,1,3,3,0,0,0,0
630,2000,2000,32,1,0,0,2000,2000,32,1,3,3,0,0,0,0
631,2000,2000,32,1,0,0,2000,2000,0,2,3,4,0,0,0,9
632,2000,2000,32,1,0,0,2000,2000,0,2,3,4,0,0,0,0
633,2000,2000,32,1,0,0,2000,2000,0,2,3,4,0,0,0,0
634,2000,2000,32,1,0,0,2000,2000,0,2,3,4,0,0,0,0
635,2000,2000,32,1,0,0,2000,2000,0,2,3,4,0,0,0,0
636,2000,2000,32,1,0,0,2000,2000,0,2,3,4,0,0,0,0
637,2000,2000,32,1,0,0,2000,2000,0,2,3,4,0,0,0,0
638,2000,2000,32,1,0,0,2000,2000,0,2,3,4,0,0,0,0
639,2000,2000,32,1,0,0,2000,2000,0,2,3,4,0,0,0,0
640,2000,2000,32,1,0,0,2000,2000,0,2,3,4,0,0,0,0
641,2000,2000,32,1,0,0,2000,2000,0,2,3,4,0,0,0,0
642,2000,2000,32,1,0,0,2000,2000,0,2,3,4,0,0,0,0
643,2000,2000,32,1,0,0,2000,2000,0,2,3,4,0,0,0,0
644,2000,2000,32,1,0,0,2000,2000,0,2,3,4,0,0,0,0
645,2000,2000,32,1,0,0,2000,2000,0,2,3,4,0,0,0,0
646,2000,2000,32,1,0,0,2000,2000,0,2,3,4,0,0,0,0
647,2000,2000,32,1,0,0,2000,2000,0,2,3,4,0,0,0,0
648,2000,2000,0,2,0,0,2000,2000,0,2,4,4,0,0,9,0
649,2000,2000,0,2,0,0,2000,2000,0,2,4,4,0,0,0,0
650,2000,2000,0,2,0,0,2000,2000,0,2,4,4,0,0,0,0
651,2000,2000,0,2,0,0,2000,2000,0,2,4,4,0,0,0,0
652,2000,2000,0,2,0,0,2000,2000,0,2,4,4,0,0,0,0
653,2000,2000,0,2,0,0,2000,2000,0,2,4,4,0,0,0,0
654,2000,2000,0,2,0,0,2000,2000,0,2,4,4,0,0,0,0
655,2000,2000,0,2,0,0,2000,2000,0,2,4,4,0,0,0,0
656,2000,2000,0,2,0,0,2000,2000,0,2,4,4,0,0,0,0
657,2000,2000,0,2,0,0,2000,2000,0,2,4,4,0,0,0,0
658,2000,2000,0,2,0,0,2000,2000,0,2,4,4,0,0,0,0
659,2000,2000,0,2,0,0,2000,2000,0,2,4,4,0,0,0,0
660,2000,2000,4,2,0,0,2000,2000,4,2,4,4,0,0,0,0
661,2000,2000,4,2,0,0,2000,2000,4,2,4,4,0,0,0,0
662,2000,2000,4,2,0,0,2000,2000,4,2,4,4,0,0,0,0
663,2000,2000,4,2,0,0,2000,2000,4,2,4,4,0,0,0,0
664,2000,2000,4,2,0,0,2000,2000,4,2,4,4,0,0,0,0
665,2000,2000,4,2,0,0,2000,2000,4,2,4,4,0,0,0,0
666,2000,2000,4,2,0,0,2000,2000,4,2,4,4,0,0,0,0
667,2000,2000,4,2,0,0,2000,2000,4,2,4,4,0,0,0,0
668,2000,2000,4,2,0,0,2000,2000,4,2,4,4,0,0,0,0
669,2000,2000,4,2,0,0,2000,2000,4,2,4,4,0,0,0,0
670,2000,2000,4,2,0,0,2000,2000,4,2,4,4,0,0,0,0
671,2000,2000,4,2,0,0,2000,2000,4,2,4,4,0,0,0,0
672,2000,2000,4,2,0,0,2000,2000,4,2,4,4,0,0,0,0
673,2000,2000,4,2,0,0,2000,2000,4,2,4,4,0,0,0,0
674,2000,2000,4,2,0,0,2000,2000,4,2,4,4,0,0,0,0
675,2000,2000,4,2,0,0,2000,2000,4,2,4,4,0,0,0,0
676,2000,2000,4,2,0,0,2000,2000,4,2,4,4,0,0,0,0
677,2000,2000,4,2,0,0,2000,2000,4,2,4,4,0,0,0,0
678,2000,2000,4,2,0,0,2000,2000,4,2,4,4,0,0,0,0
679,2000,2000,4,2,0,0,2000,2000,4,2,4,4,0,0,0,0
680,2000,2000,4,2,0,0,2000,2000,4,2,4,4,0,0,0,0
681,2000,2000,4,2,0,0,2000,2000,4,2,4,4,0,0,0,0
682,2000,2000,4,2,0,0,2000,2000,4,2,4,4,0,0,0,0
683,2000,2000,4,2,0,0,2000,2000,4,2,4,4,0,0,0,0
684,2000,2000,4,2,0,0,2000,2000,4,2,4,4,0,0,0,0
685,2000,2000,4,2,0,0,2000,2000,4,2,4,4,0,0,0,0
686,2000,2000,4,2,0,0,2000,2000,4,2,4,4,0,0,0,0
687,2000,2000,4,2,0,0,2000,2000,4,2,4,4,0,0,0,0
688,2000,2000,4,2,0,0,2000,2000,4,2,4,4,0,0,0,0
689,2000,2000,4,2,0,0,2000,2000,4,2,4,4,0,0,0,0
690,2000,2000,9,2,0,0,2000,2000,9,2,4,4,0,0,0,0
691,2000,2000,9,2,0,0,2000,2000,9,2,4,4,0,0,0,0
692,2000,2000,9,2,0,0,2000,2000,9,2,4,4,0,0,0,0
693,2000,2000,9,2,0,0,2000,2000,9,2,4,4,0,0,0,0
694,2000,2000,9,2,0,0,2000,2000,9,2,4,4,0,0,0,0
695,2000,2000,9,2,0,0,2000,2000,9,2,4,4,0,0,0,0
696,2000,2000,9,2,0,0,2000,2000,9,2,4,4,0,0,0,0
697,2000,2000,9,2,0,0,2000,2000,9,2,4,4,0,0,0,0
698,2000,2000,9,2,0,0,2000,2000,9,2,4,4,0,0,0,0
699,2000,2000,9,2,0,0,2000,2000,9,2,4,4,0,0,0,0
700,2000,2000,9,2,0,0,2000,2000,9,2,4,4,0,0,0,0
701,2000,2000,9,2,0,0,2000,2000,9,2,4,4,0,0,0,0
702,2000,2000,9,2,0,0,2000,2000,9,2,4,4,0,0,0,0
703,2000,2000,9,2,0,0,2000,2000,9,2,4,4,0,0,0,0
704,2000,2000,9,2,0,0,2000,2000,9,2,4,4,0,0,0,0
705,2000,2000,9,2,0,0,2000,2000,9,2,4,4,0,0,0,0
706,2000,2000,9,2,0,0,2000,2000,9,2,4,4,0,0,0,0
707,2000,2000,9,2,0,0,2000,2000,9,2,4,4,0,0,0,0
708,2000,2000,9,2,0,0,2000,2000,9,2,4,4,0,0,0,0
709,2000,2000,9,2,0,0,2000,2000,9,2,4,4,0,0,0,0
710,2000,2000,9,2,0,0,2000,2000,9,2,4,4,0,0,0,0
711,2000,2000,9,2,0,0,2000,2000,9,2,4,4,0,0,0,0
712,2000,2000,9,2,0,0,2000,2000,9,2,4,4,0,0,0,0
713,2000,2000,9,2,0,0,2000,2000,9,2,4,4,0,0,0,0
714,2000,2000,9,2,0,0,2000,2000,9,2,4,4,0,0,0,0
715,2000,2000,9,2,0,0,2000,2000,9,2,4,4,0,0,0,0
716,2000,2000,9,2,0,0,2000,2000,9,2,4,4,0,0,0,0
717,2000,2000,9,2,0,0,2000,2000,9,2,4,4,0,0,0,0
718,2000,2000,9,2,0,0,2000,2000,9,2,4,4,0,0,0,0
719,2000,2000,9,2,0,0,2000,2000,9,2,4,4,0,0,0,0
720,2000,2000,13,2,0,0,2000,2000,13,2,4,4,0,0,0,0
721,2000,2000,13,2,0,0,2000,2000,13,2,4,4,0,0,0,0
722,2000,2000,13,2,0,0,2000,2000,13,2,4,4,0,0,0,0
723,2000,2000,13,2,0,0,2000,2000,13,2,4,4,0,0,0,0
724,2000,2000,13,2,0,0,2000,2000,13,2,4,4,0,0,0,0
725,2000,2000,13,2,0,0,2000,2000,13,2,4,4,0,0,0,0
726,2000,2000,13,2,0,0,2000,2000,13,2,4,4,0,0,0,0
727,2000,2000,13,2,0,0,2000,2000,13,2,4,4,0,0,0,0
728,2000,2000,13,2,0,0,2000,2000,13,2,4,4,0,0,0,0
729,2000,2000,13,2,0,0,2000,2000,13,2,4,4,0,0,0,0
730,2000,2000,13,2,0,0,2000,2000,13,2,4,4,0,0,0,0
731,2000,2000,13,2,0,0,2000,2000,13,2,4,4,0,0,0,0
732,2000,2000,13,2,0,0,2000,2000,13,2,4,4,0,0,0,0
733,2000,2000,13,2,0,0,2000,2000,13,2,4,4,0,0,0,0
734,2000,2000,13,2,0,0,2000,2000,13,2,4,4,0,0,0,0
735,2000,2000,1,2,1,0,2000,2000,13,2,4,4,0,0,12,0
736,2000,2000,1,2,1,0,2000,2000,13,2,4,4,0,0,0,0
737,2000,2000,1,2,1,0,2000,2000,13,2,4,4,0,0,0,0
738,2000,2000,1,2,1,0,2000,2000,13,2,4,4,0,0,0,0
739,2000,2000,1,2,1,0,2000,2000,13,2,4,4,0,0,0,0
740,2000,2000,1,2,1,0,2000,2000,13,2,4,4,0,0,0,0
741,2000,2000,1,2,1,0,2000,2000,13,2,4,4,0,0,0,0
742,2000,2000,1,2,1,0,2000,2000,13,2,4,4,0,0,0,0
743,2000,2000,1,2,1,0,2000,2000,13,2,4,4,0,0,0,0
744,2000,2000,1,2,1,0,2000,2000,13,2,4,4,0,0,0,0
745,2000,2000,1,2,2,0,2000,2000,13,2,4,4,0,0,0,0
746,2000,2000,1,2,2,0,2000,2000,13,2,4,4,0,0,0,0
747,2000,2000,1,2,2,0,2000,2000,13,2,4,4,0,0,0,0
748,2000,2000,1,2,2,0,2000,2000,13,2,4,4,0,0,0,0
749,2000,2000,1,2,2,0,2000,2000,13,2,4,4,0,0,0,0
750,2000,2000,6,2,2,0,2000,2000,18,2,4,4,0,0,0,0
751,2000,2000,6,2,2,0,2000,2000,18,2,4,4,0,0,0,0
752,2000,2000,6,2,2,0,2000,2000,18,2,4,4,0,0,0,0
753,2000,2000,6,2,2,0,2000,2000,18,2,4,4,0,0,0,0
754,2000,2000,6,2,2,0,2000,2000,18,2,4,4,0,0,0,0
755,2000,2000,6,2,3,0,2000,2000,18,2,4,4,0,0,0,0
756,2000,2000,6,2,3,0,2000,2000,18,2,4,4,0,0,0,0
757,2000,2000,6,2,3,0,2000,2000,18,2,4,4,0,0,0,0
758,2000,2000,6,2,3,0,2000,2000,18,2,4,4,0,0,0,0
759,2000,2000,6,2,3,0,2000,2000,18,2,4,4,0,0,0,0
760,2000,2000,6,2,3,0,2000,2000,18,2,4,4,0,0,0,0
761,2000,2000,6,2,3,0,2000,2000,18,2,4,4,0,0,0,0
762,2000,2000,6,2,3,0,2000,2000,18,2,4,4,0,0,0,0
763,2000,2000,6,2,3,0,2000,2000,18,2,4,4,0,0,0,0
764,2000,2000,6,2,3,0,2000,2000,18,2,4,4,0,0,0,0
765,2000,2000,6,2,4,0,2000,2000,18,2,4,4,0,0,0,0
766,2000,2000,6,2,4,0,2000,2000,18,2,4,4,0,0,0,0
767,2000,2000,6,2,4,0,2000,2000,18,2,4,4,0,0,0,0
768,2000,2000,6,2,4,0,2000,2000,18,2,4,4,0,0,0,0
769,2000,2000,6,2,4,0,2000,2000,18,2,4,4,0,0,0,0
770,2000,2000,6,2,4,0,2000,2000,18,2,4,4,0,0,0,0
771,2000,2000,6,2,4,0,2000,2000,18,2,4,4,0,0,0,0
772,2000,2000,6,2,4,0,2000,2000,18,2,4,4,0,0,0,0
773,2000,2000,6,2,4,0,2000,2000,18,2,4,4,0,0,0,0
774,2000,2000,6,2,4,0,2000,2000,18,2,4,4,0,0,0,0
775,2000,2000,6,2,5,0,2000,2000,18,2,4,4,0,0,0,0
776,2000,2000,6,2,5,0,2000,2000,18,2,4,4,0,0,0,0
777,2000,2000,6,2,5,0,2000,2000,18,2,4,4,0,0,0,0
778,2000,2000,6,2,5,0,2000,2000,18,2,4,4,0,0,0,0
779,2000,2000,6,2,5,0,2000,2000,18,2,4,4,0,0,0,0
780,2000,2000,10,2,5,0,2000,2000,22,2,4,4,0,0,0,0
781,2000,2000,10,2,5,0,2000,2000,22,2,4,4,0,0,0,0
782,2000,2000,10,2,5,0,2000,2000,22,2,4,4,0,0,0,0
783,2000,2000,10,2,5,0,2000,2000,22,2,4,4,0,0,0,0
784,2000,2000,10,2,5,0,2000,2000,22,2,4,4,0,0,0,0
785,2000,2000,10,2,5,0,2000,2000,22,2,4,4,0,0,0,0
786,2000,2000,10,2,5,0,2000,2000,22,2,4,4,0,0,0,0
787,2000,2000,10,2,5,0,2000,2000,22,2,4,4,0,0,0,0
788,2000,2000,10,2,5,0,2000,2000,22,2,4,4,0,0,0,0
789,2000,2000,10,2,5,0,2000,2000,22,2,4,4,0,0,0,0
790,2000,2000,10,2,5,0,2000,2000,22,2,4,4,0,0,0,0
791,2000,2000,10,2,5,0,2000,2000,22,2,4,4,0,0,0,0
792,2000,2000,10,2,5,0,2000,2000,22,2,4,4,0,0,0,0
793,2000,2000,10,2,5,0,2000,2000,22,2,4,4,0,0,0,0
794,2000,2000,10,2,5,0,2000,2000,22,2,4,4,0,0,0,0
795,2000,2000,10,2,5,0,2000,2000,22,2,4,4,0,0,0,0
796,2000,2000,10,2,5,0,2000,2000,22,2,4,4,0,0,0,0
797,2000,2000,10,2,5,0,2000,2000,22,2,4,4,0,0,0,0
798,2000,2000,10,2,5,0,2000,2000,22,2,4,4,0,0,0,0
799,2000,2000,10,2,5,0,2000,2000,22,2,4,4,0,0,0,0
800,2000,2000,10,2,5,0,2000,2000,22,2,4,4,0,0,0,0
801,2000,2000,10,2,5,0,2000,2000,22,2,4,4,0,0,0,0
802,2000,2000,10,2,5,0,2000,2000,22,2,4,4,0,0,0,0
803,2000,2000,10,2,5,0,2000,2000,22,2,4,4,0,0,0,0
804,2000,2000,10,2,5,0,2000,2000,22,2,4,4,0,0,0,0
805,2000,2000,10,2,5,0,2000,2000,22,2,4,4,0,0,0,0
806,2000,2000,10,2,5,0,2000,2000,22,2,4,4,0,0,0,0
807,2000,2000,10,2,5,0,2000,2000,22,2,4,4,0,0,0,0
808,2000,2000,10,2,5,0,2000,2000,22,2,4,4,0,0,0,0
809,2000,2000,10,2,5,0,2000,2000,22,2,4,4,0,0,0,0
810,2000,2000,15,2,5,0,2000,2000,27,2,4,4,0,0,0,0
811,2000,2000,15,2,5,0,2000,2000,27,2,4,4,0,0,0,0
812,2000,2000,15,2,5,0,2000,2000,27,2,4,4,0,0,0,0
813,2000,2000,15,2,5,0,2000,2000,27,2,4,4,0,0,0,0
814,2000,2000,15,2,5,0,2000,2000,27,2,4,4,0,0,0,0
815,2000,2000,15,2,5,0,2000,2000,27,2,4,4,0,0,0,0
816,2000,2000,15,2,5,0,2000,2000,27,2,4,4,0,0,0,0
817,2000,2000,15,2,5,0,2000,2000,27,2,4,4,0,0,0,0
818,2000,2000,15,2,5,0,2000,2000,27,2,4,4,0,0,0,0
819,2000,2000,15,2,5,0,2000,2000,27,2,4,4,0,0,0,0
820,2000,2000,15,2,5,0,2000,2000,27,2,4,4,0,0,0,0
821,2000,2000,15,2,5,0,2000,2000,27,2,4,4,0,0,0,0
822,2000,2000,15,2,5,0,2000,2000,27,2,4,4,0,0,0,0
823,2000,2000,15,2,5,0,2000,2000,27,2,4,4,0,0,0,0
824,2000,2000,15,2,5,0,2000,2000,27,2,4,4,0,0,0,0
825,2000,2000,15,2,5,0,2000,2000,27,2,4,4,0,0,0,0
826,2000,2000,15,2,5,0,2000,2000,27,2,4,4,0,0,0,0
827,2000,2000,15,2,5,0,2000,2000,27,2,4,4,0,0,0,0
828,2000,2000,15,2,5,0,2000,2000,27,2,4,4,0,0,0,0
829,2000,2000,15,2,5,0,2000,2000,27,2,4,4,0,0,0,0
830,2000,2000,15,2,5,0,2000,2000,27,2,4,4,0,0,0,0
831,2000,2000,15,2,5,0,2000,2000,27,2,4,4,0,0,0,0
832,2000,2000,15,2,5,0,2000,2000,27,2,4,4,0,0,0,0
833,2000,2000,15,2,5,0,2000,2000,27,2,4,4,0,0,0,0
834,2000,2000,15,2,5,0,2000,2000,27,2,4,4,0,0,0,0
835,2000,2000,15,2,5,0,2000,2000,27,2,4,4,0,0,0,0
836,2000,2000,15,2,5,0,2000,2000,27,2,4,4,0,0,0,0
837,2000,2000,15,2,5,0,2000,2000,27,2,4,4,0,0,0,0
838,2000,2000,15,2,5,0,2000,2000,27,2,4,4,0,0,0,0
839,2000,2000,15,2,5,0,2000,2000,27,2,4,4,0,0,0,0
840,2000,2000,19,2,5,0,2000,2000,31,2,4,4,0,0,0,0
841,2000,2000,19,2,5,0,2000,2000,31,2,4,4,0,0,0,0
842,2000,2000,19,2,5,0,2000,2000,31,2,4,4,0,0,0,0
843,2000,2000,19,2,5,0,2000,2000,31,2,4,4,0,0,0,0
844,2000,2000,19,2,5,0,2000,2000,31,2,4,4,0,0,0,0
845,2000,2000,19,2,5,0,2000,2000,31,2,4,4,0,0,0,0
846,2000,2000,19,2,5,0,2000,2000,31,2,4,4,0,0,0,0
847,2000,2000,19,2,5,0,2000,2000,31,2,4,4,0,0,0,0
848,2000,2000,19,2,5,0,2000,2000,31,2,4,4,0,0,0,0
849,2000,2000,19,2,5,0,2000,2000,31,2,4,4,0,0,0,0
850,2000,2000,19,2,5,0,2000,2000,31,2,4,4,0,0,0,0
851,2000,2000,19,2,5,0,2000,2000,31,2,4,4,0,0,0,0
852,2000,2000,19,2,5,0,2000,2000,31,2,4,4,0,0,0,0
853,2000,2000,19,2,5,0,2000,2000,31,2,4,4,0,0,0,0
854,2000,2000,19,2,5,0,2000,2000,31,2,4,4,0,0,0,0
855,2000,2000,19,2,5,0,2000,2000,31,2,4,4,0,0,0,0
856,2000,2000,19,2,5,0,2000,2000,31,2,4,4,0,0,0,0
857,2000,2000,19,2,5,0,2000,2000,31,2,4,4,0,0,0,0
858,2000,2000,19,2,5,0,2000,2000,31,2,4,4,0,0,0,0
859,2000,2000,19,2,5,0,2000,2000,31,2,4,4,0,0,0,0
860,2000,2000,19,2,5,0,2000,2000,31,2,4,4,0,0,0,0
861,2000,2000,19,2,5,0,2000,2000,31,2,4,4,0,0,0,0
862,2000,2000,19,2,5,0,2000,2000,31,2,4,4,0,0,0,0
863,2000,2000,19,2,5,0,2000,2000,31,2,4,4,0,0,0,0
864,2000,2000,19,2,5,0,2000,2000,31,2,4,4,0,0,0,0
865,2000,2000,19,2,5,0,2000,2000,31,2,4,4,0,0,0,0
866,2000,2000,19,2,5,0,2000,2000,31,2,4,4,0,0,0,0
867,2000,2000,19,2,5,0,2000,2000,31,2,4,4,0,0,0,0
868,2000,2000,19,2,5,0,2000,2000,31,2,4,4,0,0,0,0
869,2000,2000,19,2,5,0,2000,2000,31,2,4,4,0,0,0,0
870,2000,2000,23,2,5,0,2000,2000,35,2,4,4,0,0,0,0
871,2000,2000,23,2,5,0,2000,2000,35,2,4,4,0,0,0,0
872,2000,2000,23,2,5,0,2000,2000,35,2,4,4,0,0,0,0
873,2000,2000,23,2,5,0,2000,2000,35,2,4,4,0,0,0,0
874,2000,2000,23,2,5,0,2000,2000,35,2,4,4,0,0,0,0
875,2000,2000,23,2,5,0,2000,2000,35,2,4,4,0,0,0,0
876,2000,2000,23,2,5,0,2000,2000,35,2,4,4,0,0,0,0
877,2000,2000,23,2,5,0,2000,2000,35,2,4,4,0,0,0,0
878,2000,2000,23,2,5,0,2000,2000,35,2,4,4,0,0,0,0
879,2000,2000,23,2,5,0,2000,2000,35,2,4,4,0,0,0,0
880,2000,2000,23,2,5,0,2000,2000,35,2,4,4,0,0,0,0
881,2000,2000,23,2,5,0,2000,2000,35,2,4,4,0,0,0,0
882,2000,2000,23,2,5,0,2000,2000,35,2,4,4,0,0,0,0
883,2000,2000,23,2,5,0,2000,2000,35,2,4,4,0,0,0,0
884,2000,2000,23,2,5,0,2000,2000,35,2,4,4,0,0,0,0
885,2000,2000,23,2,5,0,2000,2000,35,2,4,4,0,0,0,0
886,2000,2000,23,2,5,0,2000,2000,35,2,4,4,0,0,0,0
887,2000,2000,23,2,5,0,2000,2000,35,2,4,4,0,0,0,0
888,2000,2000,23,2,5,0,2000,2000,35,2,4,4,0,0,0,0
889,2000,2000,23,2,5,0,2000,2000,35,2,4,4,0,0,0,0
890,2000,2000,23,2,5,0,2000,2000,35,2,4,4,0,0,0,0
891,2000,2000,23,2,5,0,2000,2000,35,2,4,4,0,0,0,0
892,2000,2000,23,2,5,0,2000,2000,35,2,4,4,0,0,0,0
893,2000,2000,23,2,5,0,2000,2000,35,2,4,4,0,0,0,0
894,2000,2000,23,2,5,0,2000,2000,35,2,4,4,0,0,0,0
895,2000,2000,23,2,5,0,2000,2000,35,2,4,4,0,0,0,0
896,2000,2000,23,2,5,0,2000,2000,35,2,4,4,0,0,0,0
897,2000,2000,23,2,5,0,2000,2000,35,2,4,4,0,0,0,0
898,2000,2000,23,2,5,0,2000,2000,35,2,4,4,0,0,0,0
899,2000,2000,23,2,5,0,2000,2000,35,2,4,4,0,0,0,0
900,2000,2000,28,2,5,0,2000,2000,40,2,4,4,0,0,0,0
901,2000,2000,28,2,5,0,2000,2000,40,2,4,4,0,0,0,0
902,2000,2000,28,2,5,0,2000,2000,40,2,4,4,0,0,0,0
903,2000,2000,28,2,5,0,2000,2000,40,2,4,4,0,0,0,0
904,2000,2000,28,2,5,0,2000,2000,40,2,4,4,0,0,0,0
905,2000,2000,28,2,5,0,2000,2000,40,2,4,4,0,0,0,0
906,2000,2000,28,2,5,0,2000,2000,40,2,4,4,0,0,0,0
907,2000,2000,28,2,5,0,2000,2000,40,2,4,4,0,0,0,0
908,2000,2000,28,2,5,0,2000,2000,40,2,4,4,0,0,0,0
909,2000,2000,28,2,5,0,2000,2000,40,2,4,4,0,0,0,0
910,2000,2000,28,2,5,0,2000,2000,40,2,4,4,0,0,0,0
911,2000,2000,28,2,5,0,2000,2000,40,2,4,4,0,0,0,0
912,2000,2000,28,2,5,0,2000,2000,40,2,4,4,0,0,0,0
913,2000,2000,28,2,5,0,2000,2000,40,2,4,4,0,0,0,0
914,2000,2000,28,2,5,0,2000,2000,40,2,4,4,0,0,0,0
915,2000,2000,28,2,5,0,2000,2000,40,2,4,4,0,0,0,0
916,2000,2000,28,2,5,0,2000,2000,40,2,4,4,0,0,0,0
917,2000,2000,28,2,5,0,2000,2000,40,2,4,4,0,0,0,0
918,2000,2000,28,2,5,0,2000,2000,40,2,4,4,0,0,0,0
919,2000,2000,28,2,5,0,2000,2000,40,2,4,4,0,0,0,0
920,2000,2000,28,2,5,0,2000,2000,40,2,4,4,0,0,0,0
921,2000,2000,28,2,5,0,2000,2000,40,2,4,4,0,0,0,0
922,2000,2000,28,2,5,0,2000,2000,40,2,4,4,0,0,0,0
923,2000,2000,28,2,5,0,2000,2000,40,2,4,4,0,0,0,0
924,2000,2000,28,2,5,0,2000,2000,40,2,4,4,0,0,0,0
925,2000,2000,28,2,5,0,2000,2000,40,2,4,4,0,0,0,0
926,2000,2000,28,2,5,0,2000,2000,40,2,4,4,0,0,0,0
927,2000,2000,28,2,5,0,2000,2000,40,2,4,4,0,0,0,0
928,2000,2000,28,2,5,0,2000,2000,40,2,4,4,0,0,0,0
929,2000,2000,28,2,5,0,2000,2000,40,2,4,4,0,0,0,0
930,2000,2000,32,2,5,0,2000,2000,44,2,4,4,0,0,0,0
931,2000,2000,32,2,5,0,2000,2000,44,2,4,4,0,0,0,0
932,2000,2000,32,2,5,0,2000,2000,44,2,4,4,0,0,0,0
933,2000,2000,32,2,5,0,2000,2000,44,2,4,4,0,0,0,0
934,2000,2000,32,2,5,0,2000,2000,44,2,4,4,0,0,0,0
935,2000,2000,32,2,5,0,2000,2000,44,2,4,4,0,0,0,0
936,2000,2000,32,2,5,0,2000,2000,44,2,4,4,0,0,0,0
937,2000,2000,32,2,5,0,2000,2000,44,2,4,4,0,0,0,0
938,2000,2000,32,2,5,0,2000,2000,44,2,4,4,0,0,0,0
939,2000,2000,32,2,5,0,2000,2000,44,2,4,4,0,0,0,0
940,2000,2000,32,2,5,0,2000,2000,44,2,4,4,0,0,0,0
941,2000,2000,32,2,5,0,2000,2000,44,2,4,4,0,0,0,0
942,2000,2000,32,2,5,0,2000,2000,44,2,4,4,0,0,0,0
943,2000,2000,32,2,5,0,2000,2000,44,2,4,4,0,0,0,0
944,2000,2000,32,2,5,0,2000,2000,44,2,4,4,0,0,0,0
945,2000,2000,32,2,5,0,2000,2000,44,2,4,4,0,0,0,0
946,2000,2000,32,2,5,0,2000,2000,44,2,4,4,0,0,0,0
947,2000,2000,32,2,5,0,2000,2000,44,2,4,4,0,0,0,0
948,2000,2000,32,2,5,0,2000,2000,44,2,4,4,0,0,0,0
949,2000,2000,32,2,5,0,2000,2000,44,2,4,4,0,0,0,0
950,2000,2000,32,2,5,0,2000,2000,44,2,4,4,0,0,0,0
951,2000,2000,32,2,5,0,2000,2000,44,2,4,4,0,0,0,0
952,2000,2000,32,2,5,0,2000,2000,44,2,4,4,0,0,0,0
953,2000,2000,32,2,5,0,2000,2000,44,2,4,4,0,0,0,0
954,2000,2000,32,2,5,0,2000,2000,44,2,4,4,0,0,0,0
955,2000,2000,32,2,5,0,2000,2000,44,2,4,4,0,0,0,0
956,2000,2000,32,2,5,0,2000,2000,44,2,4,4,0,0,0,0
957,2000,2000,32,2,5,0,2000,2000,44,2,4,4,0,0,0,0
958,2000,2000,32,2,5,0,2000,2000,44,2,4,4,0,0,0,0
959,2000,2000,32,2,5,0,2000,2000,44,2,4,4,0,0,0,0
960,2000,2000,37,2,5,0,2000,2000,49,2,4,4,0,0,0,0
961,2000,2000,37,2,5,0,2000,2000,49,2,4,4,0,0,0,0
962,2000,2000,37,2,5,0,2000,2000,49,2,4,4,0,0,0,0
963,2000,2000,37,2,5,0,2000,2000,49,2,4,4,0,0,0,0
964,2000,2000,37,2,5,0,2000,2000,49,2,4,4,0,0,0,0
965,2000,2000,37,2,5,0,2000,2000,49,2,4,4,0,0,0,0
966,2000,2000,37,2,5,0,2000,2000,49,2,4,4,0,0,0,0
967,2000,2000,37,2,5,0,2000,2000,49,2,4,4,0,0,0,0
968,2000,2000,37,2,5,0,2000,2000,49,2,4,4,0,0,0,0
969,2000,2000,37,2,5,0,2000,2000,49,2,4,4,0,0,0,0
970,2000,2000,37,2,5,0,2000,2000,49,2,4,4,0,0,0,0
971,2000,2000,37,2,5,0,2000,2000,49,2,4,4,0,0,0,0
972,2000,2000,37,2,5,0,2000,2000,49,2,4,4,0,0,0,0
973,2000,2000,37,2,5,0,2000,2000,49,2,4,4,0,0,0,0
974,2000,2000,37,2,5,0,2000,2000,49,2,4,4,0,0,0,0
975,2000,2000,37,2,5,0,2000,2000,49,2,4,4,0,0,0,0
976,2000,2000,37,2,5,0,2000,2000,49,2,4,4,0,0,0,0
977,2000,2000,37,2,5,0,2000,2000,49,2,4,4,0,0,0,0
978,2000,2000,37,2,5,0,1997,2000,49,2,4,4,0,0,0,0
979,2000,2000,37,2,5,0,1997,2000,49,2,4,4,0,0,0,0
980,2000,2000,37,2,5,0,1997,2000,49,2,4,4,0,0,0,0
981,2000,2000,37,2,5,0,1997,2000,49,2,4,4,0,0,0,0
982,2000,2000,37,2,5,0,1997,2000,49,2,4,4,0,0,0,0
983,2000,2000,37,2,5,0,1997,2000,49,2,4,4,0,0,0,0
984,2000,2000,37,2,5,0,1997,2000,49,2,4,4,0,0,0,0
985,2000,2000,37,2,5,0,1994,2000,49,2,4,4,0,0,0,0
986,2000,2000,37,2,5,0,1994,2000,49,2,4,4,0,0,0,0
987,2000,2000,37,2,5,0,1994,2000,49,2,4,4,0,0,0,0
988,2000,2000,37,2,5,0,1991,2000,49,2,4,4,0,0,0,0
989,2000,2000,37,2,5,0,1991,2000,49,2,4,4,0,0,0,0
990,2000,2000,41,2,5,0,1991,2000,53,2,4,4,0,0,0,0
991,2000,2000,41,2,5,0,1991,2000,53,2,4,4,0,0,0,0
992,2000,2000,41,2,5,0,1988,2000,53,2,4,4,0,0,0,0
993,2000,2000,41,2,5,0,1988,2000,53,2,4,4,0,0,0,0
994,2000,2000,41,2,5,0,1988,2000,53,2,4,4,0,0,0,0
995,2000,2000,41,2,5,0,1985,2000,53,2,4,4,0,0,0,0
996,2000,2000,41,2,5,0,1985,2000,53,2,4,4,0,0,0,0
997,2000,2000,41,2,5,0,1985,2000,53,2,4,4,0,0,0,0
998,2000,2000,41,2,5,0,1982,2000,53,2,4,4,0,0,0,0
999,2000,2000,41,2,5,0,1979,2000,53,2,4,4,0,0,0,0
1000,2000,2000,41,2,5,0,1979,2000,53,2,4,4,0,0,0,0
1001,2000,2000,41,2,5,0,1979,2000,53,2,4,4,0,0,0,0
1002,2000,2000,41,2,5,0,1976,2000,53,2,4,4,0,0,0,0
1003,2000,2000,41,2,5,0,1976,2000,53,2,4,4,0,0,0,0
1004,2000,2000,41,2,5,0,1976,2000,53,2,4,4,0,0,0,0
1005,2000,2000,41,2,5,0,1973,2000,53,2,4,4,0,0,0,0
1006,2000,2000,41,2,5,0,1970,2000,53,2,4,4,0,0,0,0
1007,2000,2000,41,2,5,0,1970,2000,53,2,4,4,0,0,0,0
1008,2000,2000,41,2,5,0,1967,2000,53,2,4,4,0,0,0,0
1009,2000,2000,41,2,5,0,1964,2000,53,2,4,4,0,0,0,0
1010,2000,2000,41,2,5,0,1964,2000,53,2,4,4,0,0,0,0
1011,2000,2000,41,2,5,0,1964,2000,53,2,4,4,0,0,0,0
1012,2000,2000,41,2,5,0,1961,2000,53,2,4,4,0,0,0,0
1013,2000,2000,41,2,5,0,1958,2000,53,2,4,4,0,0,0,0
1014,2000,2000,41,2,5,0,1958,2000,53,2,4,4,0,0,0,0
1015,2000,2000,41,2,5,0,1955,2000,53,2,4,4,0,0,0,0
1016,2000,2000,41,2,5,0,1952,2000,53,2,4,4,0,0,0,0
1017,2000,2000,41,2,5,0,1952,2000,53,2,4,4,0,0,0,0
1018,2000,2000,41,2,5,0,1949,2000,53,2,4,4,0,0,0,0
1019,2000,2000,41,2,5,0,1946,2000,53,2,4,4,0,0,0,0
1020,2000,2000,46,2,5,0,1943,2000,58,2,4,4,0,0,0,0
1021,2000,2000,46,2,5,0,1943,2000,58,2,4,4,0,0,0,0
1022,2000,2000,46,2,5,0,1940,2000,58,2,4,4,0,0,0,0
1023,2000,2000,46,2,5,0,1937,2000,58,2,4,4,0,0,0,0
1024,2000,2000,46,2,5,0,1937,2000,58,2,4,4,0,0,0,0
1025,2000,2000,46,2,5,0,1934,2000,58,2,4,4,0,0,0,0
1026,2000,2000,46,2,5,0,1931,2000,58,2,4,4,0,0,0,0
1027,2000,2000,46,2,5,0,1928,2000,58,2,4,4,0,0,0,0
1028,2000,2000,46,2,5,0,1928,2000,58,2,4,4,0,0,0,0
1029,2000,2000,46,2,5,0,1925,2000,58,2,4,4,0,0,0,0
1030,2000,2000,46,2,5,0,1922,2000,58,2,4,4,0,0,0,0
1031,2000,2000,46,2,5,0,1922,2000,58,2,4,4,0,0,0,0
1032,2000,2000,46,2,5,0,1919,2000,58,2,4,4,0,0,0,0
1033,2000,2000,46,2,5,0,1916,2000,58,2,4,4,0,0,0,0
1034,2000,2000,46,2,5,0,1913,2000,58,2,4,4,0,0,0,0
1035,2000,2000,46,2,5,0,1913,2000,58,2,4,4,0,0,0,0
1036,2000,2000,46,2,5,0,1910,2000,58,2,4,4,0,0,0,0
1037,2000,2000,46,2,5,0,1907,2000,58,2,4,4,0,0,0,0
1038,2000,2000,46,2,5,0,1907,2000,58,2,4,4,0,0,0,0
1039,2000,2000,46,2,5,0,1904,2000,58,2,4,4,0,0,0,0
1040,2000,2000,46,2,5,0,1901,2000,58,2,4,4,0,0,0,0
1041,2000,2000,46,2,5,0,1898,2000,58,2,4,4,0,0,0,0
1042,2000,2000,46,2,5,0,1898,2000,58,2,4,4,0,0,0,0
1043,2000,2000,46,2,5,0,1895,2000,58,2,4,4,0,0,0,0
1044,2000,2000,46,2,5,0,1892,2000,58,2,4,4,0,0,0,0
1045,2000,2000,46,2,5,0,1892,2000,58,2,4,4,0,0,0,0
1046,2000,2000,46,2,5,0,1889,2000,58,2,4,4,0,0,0,0
1047,2000,2000,46,2,5,0,1886,2000,58,2,4,4,0,0,0,0
1048,2000,2000,46,2,5,0,1883,2000,58,2,4,4,0,0,0,0
1049,2000,2000,46,2,5,0,1883,2000,58,2,4,4,0,0,0,0
1050,2000,2000,50,2,5,0,1880,2000,62,2,4,4,0,0,0,0
1051,2000,2000,50,2,5,0,1877,2000,62,2,4,4,0,0,0,0
1052,2000,2000,50,2,5,0,1877,2000,62,2,4,4,0,0,0,0
1053,2000,2000,50,2,5,0,1874,2000,62,2,4,4,0,0,0,0
1054,2000,2000,50,2,5,0,1871,2000,62,2,4,4,0,0,0,0
1055,2000,2000,50,2,5,0,1868,2000,62,2,4,4,0,0,0,0
1056,2000,2000,50,2,5,0,1868,2000,62,2,4,4,0,0,0,0
1057,2000,2000,50,2,5,0,1865,2000,62,2,4,4,0,0,0,0
1058,2000,2000,50,2,5,0,1862,2000,62,2,4,4,0,0,0,0
1059,2000,2000,50,2,5,0,1862,2000,62,2,4,4,0,0,0,0
1060,2000,2000,50,2,5,0,1859,2000,62,2,4,4,0,0,0,0
1061,2000,2000,50,2,5,0,1856,2000,62,2,4,4,0,0,0,0
1062,2000,2000,50,2,5,0,1853,2000,62,2,4,4,0,0,0,0
1063,2000,2000,50,2,5,0,1853,2000,62,2,4,4,0,0,0,0
1064,2000,2000,50,2,5,0,1850,2000,62,2,4,4,0,0,0,0
1065,2000,2000,50,2,5,0,1847,2000,62,2,4,4,0,0,0,0
1066,2000,2000,50,2,5,0,1847,2000,62,2,4,4,0,0,0,0
1067,2000,2000,50,2,5,0,1844,2000,62,2,4,4,0,0,0,0
1068,2000,2000,50,2,5,0,1841,2000,62,2,4,4,0,0,0,0
1069,2000,2000,50,2,5,0,1838,2000,62,2,4,4,0,0,0,0
1070,2000,2000,50,2,5,0,1838,2000,62,2,4,4,0,0,0,0
1071,2000,2000,50,2,5,0,1835,2000,62,2,4,4,0,0,0,0
1072,2000,2000,50,2,5,0,1832,2000,62,2,4,4,0,0,0,0
1073,2000,2000,50,2,5,0,1832,2000,62,2,4,4,0,0,0,0
1074,2000,2000,50,2,5,0,1829,2000,62,2,4,4,0,0,0,0
1075,2000,2000,50,2,5,0,1826,2000,62,2,4,4,0,0,0,0
1076,2000,2000,50,2,5,0,1823,2000,62,2,4,4,0,0,0,0
1077,2000,2000,50,2,5,0,1823,2000,62,2,4,4,0,0,0,0
1078,2000,2000,50,2,5,0,1820,2000,62,2,4,4,0,0,0,0
1079,2000,2000,50,2,5,0,1817,2000,62,2,4,4,0,0,0,0
1080,2000,2000,54,2,5,0,1817,2000,66,2,4,4,0,0,0,0
1081,2000,2000,54,2,5,0,1814,2000,1,2,4,4,0,0,0,13
1082,2000,2000,54,2,5,0,1811,2000,1,2,4,4,0,0,0,0
1083,2000,2000,54,2,5,0,1808,2000,1,2,4,4,0,0,0,0
1084,2000,2000,54,2,5,0,1808,2000,1,2,4,4,0,0,0,0
1085,2000,2000,54,2,5,0,1805,2000,1,2,4,4,0,0,0,0
1086,2000,2000,54,2,5,0,1802,2000,1,2,4,4,0,0,0,0
1087,2000,2000,54,2,5,0,1802,2000,1,2,4,4,0,0,0,0
1088,2000,2000,54,2,5,0,1799,2000,1,2,4,4,0,0,0,0
1089,2000,2000,54,2,5,0,1796,2000,1,2,4,4,0,0,0,0
1090,2000,2000,54,2,5,0,1793,2000,1,2,4,4,0,0,0,0
1091,2000,2000,54,2,5,0,1793,2000,1,2,4,4,0,0,0,0
1092,2000,2000,54,2,5,0,1790,2000,1,2,4,4,0,0,0,0
1093,2000,2000,54,2,5,0,1787,2000,1,2,4,4,0,0,0,0
1094,2000,2000,54,2,5,0,1787,2000,1,2,4,4,0,0,0,0
1095,2000,2000,54,2,5,0,1784,2000,1,2,4,4,0,0,0,0
1096,2000,2000,54,2,5,0,1781,2000,1,2,4,4,0,0,0,0
1097,2000,2000,54,2,5,0,1778,2000,1,2,4,4,0,0,0,0
1098,2000,2000,54,2,5,0,1778,2000,1,2,4,4,0,0,0,0
1099,2000,2000,54,2,5,0,1775,2000,1,2,4,4,0,0,0,0
1100,2000,2000,54,2,5,0,1772,2000,1,2,4,4,0,0,0,0
1101,2000,2000,54,2,5,0,1772,2000,1,2,4,4,0,0,0,0
1102,2000,2000,54,2,5,0,1769,2000,1,2,4,4,0,0,0,0
1103,2000,2000,54,2,5,0,1766,2000,1,2,4,4,0,0,0,0
1104,2000,2000,54,2,5,0,1763,2000,1,2,4,4,0,0,0,0
1105,2000,2000,54,2,5,0,1763,2000,1,2,4,4,0,0,0,0
1106,2000,2000,54,2,5,0,1760,2000,1,2,4,4,0,0,0,0
1107,2000,2000,54,2,5,0,1757,2000,1,2,4,4,0,0,0,0
1108,2000,2000,54,2,5,0,1757,2000,1,2,4,4,0,0,0,0
1109,2000,2000,54,2,5,0,1754,2000,1,2,4,4,0,0,0,0
1110,2000,2000,59,2,5,0,1751,2000,6,2,4,4,0,0,0,0
1111,2000,2000,59,2,5,0,1748,2000,6,2,4,4,0,0,0,0
1112,2000,2000,59,2,5,0,1748,2000,6,2,4,4,0,0,0,0
1113,2000,2000,59,2,5,0,1745,2000,6,2,4,4,0,0,0,0
1114,2000,2000,59,2,5,0,1742,2000,6,2,4,4,0,0,0,0
1115,2000,2000,59,2,5,0,1742,2000,6,2,4,4,0,0,0,0
1116,2000,2000,59,2,5,0,1739,2000,6,2,4,4,0,0,0,0
1117,2000,2000,59,2,5,0,1736,2000,6,2,4,4,0,0,0,0
1118,2000,2000,59,2,5,0,1733,2000,6,2,4,4,0,0,0,0
1119,2000,2000,59,2,5,0,1733,2000,6,2,4,4,0,0,0,0
1120,2000,2000,59,2,5,0,1730,2000,6,2,4,4,0,0,0,0
1121,2000,2000,59,2,5,0,1727,2000,6,2,4,4,0,0,0,0
1122,2000,2000,59,2,5,0,1727,2000,6,2,4,4,0,0,0,0
1123,2000,2000,59,2,5,0,1724,2000,6,2,4,4,0,0,0,0
1124,2000,2000,59,2,5,0,1721,2000,6,2,4,4,0,0,0,0
1125,2000,2000,59,2,5,0,1718,2000,6,2,4,4,0,0,0,0
1126,2000,2000,59,2,5,0,1718,2000,6,2,4,4,0,0,0,0
1127,2000,2000,59,2,5,0,1715,2000,6,2,4,4,0,0,0,0
1128,2000,2000,59,2,5,0,1712,2000,6,2,4,4,0,0,0,0
1129,2000,2000,59,2,5,0,1712,2000,106,2,4,4,0,0,0,0
1130,2000,2000,59,2,5,0,1709,2000,106,2,4,4,0,0,0,0
1131,2000,2000,59,2,5,0,1706,2000,35,3,4,8,0,0,0,9
1132,2000,2000,59,2,5,0,1703,2000,35,3,4,8,0,0,0,0
1133,2000,2000,59,2,5,0,1703,2000,35,3,4,8,0,0,0,0
1134,2000,2000,59,2,5,0,1700,2000,35,3,4,8,0,0,0,0
1135,2000,2000,59,2,5,0,1697,2000,35,3,4,8,0,0,0,0
1136,2000,2000,59,2,5,1,1697,2000,23,3,4,8,0,0,0,12
1137,2000,2000,59,2,5,1,1694,2000,23,3,4,8,0,0,0,0
1138,2000,2000,59,2,5,1,1691,2000,23,3,4,8,0,0,0,0
1139,2000,2000,59,2,5,1,1688,2000,23,3,4,8,0,0,0,0
1140,2000,2000,63,2,5,1,1688,2000,31,3,4,8,0,0,0,0
1141,2000,2000,63,2,5,1,1685,2000,31,3,4,8,0,0,0,0
1142,2000,2000,63,2,5,1,1682,2000,31,3,4,8,0,0,0,0
1143,2000,2000,63,2,5,1,1682,2000,31,3,4,8,0,0,0,0
1144,2000,2000,63,2,5,1,1679,2000,31,3,4,8,0,0,0,0
1145,2000,2000,63,2,5,1,1676,2000,31,3,4,8,0,0,0,0
1146,2000,2000,63,2,5,2,1673,2000,31,3,4,8,0,0,0,0
1147,2000,2000,63,2,5,2,1673,2000,31,3,4,8,0,0,0,0
1148,2000,2000,63,2,5,2,1670,2000,31,3,4,8,0,0,0,0
1149,2000,2000,63,2,5,2,1667,2000,31,3,4,8,0,0,0,0
1150,2000,2000,63,2,5,2,1667,2000,31,3,4,8,0,0,0,0
1151,2000,2000,63,2,5,2,1667,2000,31,3,4,8,0,0,0,0
1152,2000,2000,63,2,5,2,1667,2000,31,3,4,8,0,0,0,0
1153,2000,2000,63,2,5,2,1667,2000,31,3,4,8,0,0,0,0
1154,2000,2000,63,2,5,2,1667,2000,31,3,4,8,0,0,0,0
1155,2000,2000,63,2,5,2,1667,2000,31,3,4,8,0,0,0,0
1156,2000,2000,63,2,5,3,1667,2000,31,3,4,8,0,0,0,0
1157,2000,2000,63,2,5,3,1667,2000,31,3,4,8,0,0,0,0
1158,2000,2000,63,2,5,3,1667,2000,31,3,4,8,0,0,0,0
1159,2000,2000,63,2,5,3,1667,2000,31,3,4,8,0,0,0,0
1160,2000,2000,63,2,5,3,1667,2000,31,3,4,8,0,0,0,0
1161,2000,2000,63,2,5,3,1667,2000,31,3,4,8,0,0,0,0
1162,2000,2000,63,2,5,3,1667,2000,31,3,4,8,0,0,0,0
1163,2000,2000,63,2,5,3,1667,2000,31,3,4,8,0,0,0,0
1164,2000,2000,63,2,5,3,1667,2000,31,3,4,8,0,0,0,0
1165,2000,2000,63,2,5,3,1667,2000,31,3,4,8,0,0,0,0
1166,2000,2000,63,2,5,4,1667,2000,31,3,4,8,0,0,0,0
1167,2000,2000,63,2,5,4,1667,2000,31,3,4,8,0,0,0,0
1168,2000,2000,63,2,5,4,1667,2000,31,3,4,8,0,0,0,0
1169,2000,2000,63,2,5,4,1667,2000,31,3,4,8,0,0,0,0
1170,2000,2000,68,2,5,4,1667,2000,40,3,4,8,0,0,0,0
1171,2000,2000,68,2,5,4,1667,2000,40,3,4,8,0,0,0,0
1172,2000,2000,68,2,5,4,1667,2000,40,3,4,8,0,0,0,0
1173,2000,2000,68,2,5,4,1667,2000,40,3,4,8,0,0,0,0
1174,2000,2000,68,2,5,4,1667,2000,40,3,4,8,0,0,0,0
1175,2000,2000,68,2,5,4,1667,2000,40,3,4,8,0,0,0,0
1176,2000,2000,68,2,5,5,1667,2000,40,3,4,8,0,0,0,0
1177,2000,2000,68,2,5,5,1667,2000,40,3,4,8,0,0,0,0
1178,2000,2000,68,2,5,5,1667,2000,40,3,4,8,0,0,0,0
1179,2000,2000,68,2,5,5,1667,2000,40,3,4,8,0,0,0,0
1180,2000,2000,68,2,5,5,1667,2000,40,3,4,8,0,0,0,0
1181,2000,2000,68,2,5,5,1667,2000,40,3,4,8,0,0,0,0
1182,2000,2000,68,2,5,5,1667,2000,40,3,4,8,0,0,0,0
1183,2000,2000,3,2,5,5,1667,2000,40,3,4,8,0,0,13,0
1184,2000,2000,3,2,5,5,1667,2000,40,3,4,8,0,0,0,0
1185,2000,2000,3,2,5,4,1667,2000,40,3,4,8,0,0,0,0
1186,2000,2000,3,2,5,4,1667,2000,40,3,4,8,0,0,0,0
1187,2000,2000,3,2,5,4,1667,2000,40,3,4,8,0,0,0,0
1188,2000,2000,3,2,5,4,1667,2000,40,3,4,8,0,0,0,0
1189,2000,2000,3,2,5,4,1667,2000,40,3,4,8,0,0,0,0
1190,2000,2000,3,2,5,4,1667,2000,40,3,4,8,0,0,0,0
1191,2000,2000,3,2,5,5,1667,2000,37,3,4,8,0,3,0,1
1192,2000,2000,3,2,5,4,1667,2000,37,3,4,8,0,3,0,0
1193,2000,2000,3,2,5,4,1667,2000,37,3,4,8,0,3,0,0
1194,2000,2000,3,2,5,4,1667,2000,37,3,4,8,0,3,0,0
1195,2000,2000,3,2,5,4,1667,2000,37,3,4,8,0,3,0,0
1196,2000,2000,3,2,0,4,1667,2000,37,3,4,8,0,3,0,0
1197,2000,2000,3,2,0,4,1667,2000,37,3,4,8,0,3,0,0
1198,2000,2000,3,2,0,4,1667,2000,37,3,4,8,0,3,0,0
1199,2000,2000,3,2,0,4,1667,2000,37,3,4,8,0,3,0,0
1200,2000,2000,7,2,0,4,1667,2000,45,3,4,8,0,3,0,0
1201,2000,2000,7,2,0,4,1667,2000,45,3,4,8,0,3,0,0
1202,2000,2000,7,2,0,4,1667,2000,45,3,4,8,0,3,0,0
1203,2000,2000,7,2,0,4,1667,2000,45,3,4,8,0,3,0,0
1204,2000,2000,7,2,0,4,1667,2000,45,3,4,8,0,3,0,0
1205,2000,2000,7,2,0,4,1667,2000,45,3,4,8,0,3,0,0
1206,2000,2000,7,2,0,4,1667,2000,45,3,4,8,0,3,0,0
1207,2000,2000,7,2,0,4,1667,2000,45,3,4,8,0,3,0,0
1208,2000,2000,7,2,0,4,1667,2000,45,3,4,8,0,3,0,0
1209,2000,2000,7,2,0,4,1667,2000,45,3,4,8,0,3,0,0
1210,2000,2000,7,2,0,4,1667,2000,45,3,4,8,0,3,0,0
1211,2000,2000,7,2,0,4,1667,2000,45,3,4,8,0,3,0,0
1212,2000,2000,7,2,0,4,1667,2000,45,3,4,8,0,3,0,0
1213,2000,2000,7,2,0,4,1667,2000,45,3,4,8,0,3,0,0
1214,2000,2000,7,2,0,4,1667,2000,45,3,4,8,0,3,0,0
1215,2000,2000,7,2,0,4,1667,2000,45,3,4,8,0,3,0,0
1216,2000,2000,7,2,0,4,1667,2000,45,3,4,8,0,3,0,0
1217,2000,2000,7,2,0,4,1667,2000,45,3,4,8,0,3,0,0
1218,2000,2000,7,2,0,4,1667,2000,45,3,4,8,0,3,0,0
1219,2000,2000,7,2,0,4,1667,2000,45,3,4,8,0,3,0,0
1220,2000,2000,7,2,0,4,1667,2000,45,3,4,8,0,3,0,0
1221,2000,2000,7,2,0,4,1667,2000,45,3,4,8,0,3,0,0
1222,2000,2000,7,2,0,4,1667,2000,45,3,4,8,0,3,0,0
1223,2000,2000,7,2,0,4,1667,2000,45,3,4,8,0,3,0,0
1224,2000,2000,7,2,0,4,1667,2000,45,3,4,8,0,3,0,0
1225,2000,2000,7,2,0,4,1667,2000,45,3,4,8,0,3,0,0
1226,2000,2000,7,2,0,4,1667,2000,45,3,4,8,0,3,0,0
1227,2000,2000,7,2,0,4,1667,2000,45,3,4,8,0,3,0,0
1228,2000,2000,7,2,0,4,1667,2000,45,3,4,8,0,3,0,0
1229,2000,2000,7,2,0,4,1667,2000,45,3,4,8,0,3,0,0
1230,2000,2000,12,2,0,4,1667,2000,54,3,4,8,0,3,0,0
1231,2000,2000,112,2,0,4,1667,2000,54,3,4,8,0,3,0,0
1232,2000,2000,112,2,0,4,1667,2000,54,3,4,8,0,3,0,0
1233,2000,2000,112,2,0,4,1667,2000,54,3,4,8,0,3,0,0
1234,2000,2000,112,2,0,4,1667,2000,54,3,4,8,0,3,0,0
1235,2000,2000,112,2,0,4,1667,2000,54,3,4,8,0,3,0,0
1236,2000,2000,112,2,0,4,1667,2000,54,3,4,8,0,3,0,0
1237,2000,2000,41,3,0,4,1667,2000,54,3,8,8,0,3,9,0
1238,2000,2000,41,3,0,4,1667,2000,54,3,8,8,0,3,0,0
1239,2000,2000,41,3,0,4,1667,2000,54,3,8,8,0,3,0,0
1240,2000,2000,41,3,0,4,1667,2000,54,3,8,8,0,3,0,0
1241,2000,2000,41,3,0,4,1667,2000,54,3,8,8,0,3,0,0
1242,2000,2000,41,3,0,4,1667,2000,54,3,8,8,0,3,0,0
1243,2000,2000,41,3,0,4,1667,2000,54,3,8,8,0,3,0,0
1244,2000,2000,41,3,0,4,1667,2000,54,3,8,8,0,3,0,0
1245,2000,2000,41,3,0,4,1667,2000,54,3,8,8,0,3,0,0
1246,2000,2000,41,3,0,4,1667,2000,54,3,8,8,0,3,0,0
1247,2000,2000,41,3,0,4,1667,2000,54,3,8,8,0,3,0,0
1248,2000,2000,41,3,0,4,1667,2000,54,3,8,8,0,3,0,0
1249,2000,2000,41,3,0,4,1667,2000,54,3,8,8,0,3,0,0
1250,2000,2000,41,3,0,4,1667,2000,54,3,8,8,0,3,0,0
1251,2000,2000,41,3,0,4,1667,2000,54,3,8,8,0,3,0,0
1252,2000,2000,41,3,0,4,1667,2000,54,3,8,8,0,3,0,0
1253,2000,2000,41,3,0,4,1667,2000,54,3,8,8,0,3,0,0
1254,2000,2000,41,3,0,4,1667,2000,54,3,8,8,0,3,0,0
1255,2000,2000,41,3,0,4,1667,2000,54,3,8,8,0,3,0,0
1256,2000,2000,41,3,0,4,1667,2000,54,3,8,8,0,3,0,0
1257,2000,2000,41,3,0,4,1667,2000,54,3,8,8,0,3,0,0
1258,2000,2000,29,3,1,4,1667,2000,54,3,8,8,0,3,12,0
1259,2000,2000,29,3,1,4,1667,2000,54,3,8,8,0,3,0,0
1260,2000,2000,37,3,1,4,1667,2000,62,3,8,8,0,3,0,0
1261,2000,2000,37,3,1,4,1667,2000,62,3,8,8,0,3,0,0
1262,2000,2000,37,3,1,4,1667,2000,62,3,8,8,0,3,0,0
1263,2000,2000,37,3,1,4,1667,2000,62,3,8,8,0,3,0,0
1264,2000,2000,37,3,1,4,1667,2000,62,3,8,8,0,3,0,0
1265,2000,2000,37,3,1,4,1667,2000,62,3,8,8,0,3,0,0
1266,2000,2000,37,3,1,4,1667,2000,62,3,8,8,0,3,0,0
1267,2000,2000,37,3,1,4,1667,2000,62,3,8,8,0,3,0,0
1268,2000,2000,37,3,2,4,1667,2000,62,3,8,8,0,3,0,0
1269,2000,2000,37,3,2,4,1667,2000,62,3,8,8,0,3,0,0
1270,2000,2000,37,3,2,4,1667,2000,62,3,8,8,0,3,0,0
1271,2000,2000,37,3,2,4,1667,2000,62,3,8,8,0,3,0,0
1272,2000,2000,37,3,2,4,1667,2000,62,3,8,8,0,3,0,0
1273,2000,2000,37,3,2,4,1667,2000,62,3,8,8,0,3,0,0
1274,2000,2000,37,3,2,4,1667,2000,62,3,8,8,0,3,0,0
1275,2000,2000,37,3,2,4,1667,2000,62,3,8,8,0,3,0,0
1276,2000,2000,37,3,2,4,1667,2000,62,3,8,8,0,3,0,0
1277,2000,2000,37,3,2,4,1667,2000,62,3,8,8,0,3,0,0
1278,2000,2000,37,3,3,4,1667,2000,62,3,8,8,0,3,0,0
1279,2000,2000,37,3,3,4,1667,2000,62,3,8,8,0,3,0,0
1280,2000,2000,37,3,3,4,1667,2000,62,3,8,8,0,3,0,0
1281,2000,2000,37,3,3,4,1667,2000,62,3,8,8,0,3,0,0
1282,2000,2000,37,3,3,4,1667,2000,62,3,8,8,0,3,0,0
1283,2000,2000,37,3,3,4,1667,2000,62,3,8,8,0,3,0,0
1284,2000,2000,37,3,3,4,1667,2000,62,3,8,8,0,3,0,0
1285,2000,2000,37,3,3,4,1667,2000,62,3,8,8,0,3,0,0
1286,2000,2000,37,3,3,4,1667,2000,62,3,8,8,0,3,0,0
1287,2000,2000,37,3,3,4,1667,2000,62,3,8,8,0,3,0,0
1288,2000,2000,37,3,4,4,1667,2000,62,3,8,8,0,3,0,0
1289,2000,2000,37,3,4,4,1667,2000,62,3,8,8,0,3,0,0
1290,2000,2000,46,3,4,4,1667,2000,71,3,8,8,0,3,0,0
1291,2000,2000,46,3,4,4,1667,2000,71,3,8,8,0,3,0,0
1292,2000,2000,46,3,4,4,1667,2000,71,3,8,8,0,3,0,0
1293,2000,2000,46,3,4,4,1667,2000,71,3,8,8,0,3,0,0
1294,2000,2000,46,3,4,4,1667,2000,71,3,8,8,0,3,0,0
1295,2000,2000,46,3,4,4,1667,2000,71,3,8,8,0,3,0,0
1296,2000,2000,46,3,4,4,1667,2000,71,3,8,8,0,3,0,0
1297,2000,2000,46,3,4,4,1667,2000,71,3,8,8,0,3,0,0
1298,2000,2000,46,3,5,4,1667,2000,71,3,8,8,0,3,0,0
1299,2000,2000,46,3,5,4,1667,2000,71,3,8,8,0,3,0,0
1300,2000,2000,46,3,5,4,1667,2000,71,3,8,8,0,3,0,0
1301,2000,2000,46,3,5,4,1667,2000,71,3,8,8,0,3,0,0
1302,2000,2000,46,3,5,4,1667,2000,71,3,8,8,0,3,0,0
1303,2000,2000,46,3,5,4,1667,2000,71,3,8,8,0,3,0,0
1304,2000,2000,46,3,5,4,1667,2000,71,3,8,8,0,3,0,0
1305,2000,2000,46,3,5,4,1667,2000,71,3,8,8,0,3,0,0
1306,2000,2000,46,3,5,4,1667,2000,71,3,8,8,0,3,0,0
1307,2000,2000,46,3,5,4,1667,2000,71,3,8,8,0,3,0,0
1308,2000,2000,46,3,5,4,1667,2000,71,3,8,8,0,3,0,0
1309,2000,2000,46,3,5,4,1667,2000,71,3,8,8,0,3,0,0
1310,2000,2000,46,3,5,4,1667,2000,71,3,8,8,0,3,0,0
1311,2000,2000,46,3,5,4,1667,2000,71,3,8,8,0,3,0,0
1312,2000,2000,46,3,5,4,1667,2000,71,3,8,8,0,3,0,0
1313,2000,2000,46,3,5,4,1667,2000,71,3,8,8,0,3,0,0
1314,2000,2000,46,3,5,4,1667,2000,71,3,8,8,0,3,0,0
1315,2000,2000,46,3,5,4,1667,2000,71,3,8,8,0,3,0,0
1316,2000,2000,46,3,5,4,1667,2000,71,3,8,8,0,3,0,0
1317,2000,2000,46,3,5,4,1667,2000,71,3,8,8,0,3,0,0
1318,2000,2000,46,3,5,4,1667,2000,71,3,8,8,0,3,0,0
1319,2000,2000,46,3,5,4,1667,2000,71,3,8,8,0,3,0,0
1320,2000,2000,54,3,5,4,1667,2000,79,3,8,8,0,3,0,0
1321,2000,2000,54,3,5,5,1667,2000,67,3,8,8,0,3,0,12
1322,2000,2000,54,3,5,5,1667,2000,67,3,8,8,0,3,0,0
1323,2000,2000,54,3,5,5,1667,2000,67,3,8,8,0,3,0,0
1324,2000,2000,54,3,5,5,1667,2000,67,3,8,8,0,3,0,0
1325,2000,2000,54,3,5,5,1667,2000,67,3,8,8,0,3,0,0
1326,2000,2000,54,3,5,5,1667,2000,67,3,8,8,0,3,0,0
1327,2000,2000,54,3,5,5,1667,2000,67,3,8,8,0,3,0,0
1328,2000,2000,54,3,5,5,1667,2000,67,3,8,8,0,3,0,0
1329,2000,2000,54,3,5,5,1667,2000,67,3,8,8,0,3,0,0
1330,2000,2000,54,3,5,5,1667,2000,67,3,8,8,0,3,0,0
1331,2000,2000,54,3,5,6,1667,2000,67,3,8,8,0,3,0,0
1332,2000,2000,54,3,5,6,1667,2000,67,3,8,8,0,3,0,0
1333,2000,2000,54,3,5,6,1667,2000,67,3,8,8,0,3,0,0
1334,2000,2000,54,3,5,6,1667,2000,67,3,8,8,0,3,0,0
1335,2000,2000,54,3,5,6,1667,2000,67,3,8,8,0,3,0,0
1336,2000,2000,54,3,5,6,1667,2000,67,3,8,8,0,3,0,0
1337,2000,2000,54,3,5,6,1667,2000,67,3,8,8,0,3,0,0
1338,2000,2000,54,3,5,6,1667,2000,67,3,8,8,0,3,0,0
1339,2000,2000,54,3,5,6,1667,2000,67,3,8,8,0,3,0,0
1340,2000,2000,54,3,5,6,1667,2000,67,3,8,8,0,3,0,0
1341,2000,2000,54,3,5,7,1667,2000,67,3,8,8,0,3,0,0
1342,2000,2000,54,3,5,7,1667,2000,67,3,8,8,0,3,0,0
1343,2000,2000,54,3,5,7,1667,2000,67,3,8,8,0,3,0,0
1344,2000,2000,54,3,5,7,1667,2000,67,3,8,8,0,3,0,0
1345,2000,2000,54,3,5,7,1667,2000,67,3,8,8,0,3,0,0
1346,2000,2000,54,3,5,7,1667,2000,67,3,8,8,0,3,0,0
1347,2000,2000,54,3,5,7,1667,2000,67,3,8,8,0,3,0,0
1348,2000,2000,54,3,5,7,1667,2000,67,3,8,8,0,3,0,0
1349,2000,2000,54,3,5,7,1667,2000,67,3,8,8,0,3,0,0
1350,2000,2000,63,3,5,7,1667,2000,76,3,8,8,0,3,0,0
1351,2000,2000,63,3,5,8,1667,2000,76,3,8,8,0,3,0,0
1352,2000,2000,63,3,5,8,1667,2000,76,3,8,8,0,3,0,0
1353,2000,2000,63,3,5,8,1667,2000,76,3,8,8,0,3,0,0
1354,2000,2000,63,3,5,8,1667,2000,76,3,8,8,0,3,0,0
1355,2000,2000,63,3,5,8,1667,2000,76,3,8,8,0,3,0,0
1356,2000,2000,63,3,5,8,1667,2000,76,3,8,8,0,3,0,0
1357,2000,2000,63,3,5,8,1667,2000,76,3,8,8,0,3,0,0
1358,2000,2000,63,3,5,8,1667,2000,76,3,8,8,0,3,0,0
1359,2000,2000,63,3,5,8,1667,2000,76,3,8,8,0,3,0,0
1360,2000,2000,63,3,5,8,1667,2000,76,3,8,8,0,3,0,0
1361,2000,2000,63,3,5,9,1667,2000,76,3,8,8,0,3,0,0
1362,2000,2000,63,3,5,9,1667,2000,76,3,8,8,0,3,0,0
1363,2000,2000,63,3,5,9,1667,2000,76,3,8,8,0,3,0,0
1364,2000,2000,63,3,5,9,1667,2000,76,3,8,8,0,3,0,0
1365,2000,2000,63,3,5,9,1667,2000,76,3,8,8,0,3,0,0
1366,2000,2000,63,3,5,9,1667,2000,76,3,8,8,0,3,0,0
1367,2000,2000,63,3,5,9,1667,2000,76,3,8,8,0,3,0,0
1368,2000,2000,63,3,5,9,1667,2000,76,3,8,8,0,3,0,0
1369,2000,2000,63,3,5,9,1667,2000,76,3,8,8,0,3,0,0
1370,2000,2000,63,3,5,9,1667,2000,76,3,8,8,0,3,0,0
1371,2000,2000,63,3,5,9,1667,2000,76,3,8,8,0,3,0,0
1372,2000,2000,63,3,5,9,1667,2000,76,3,8,8,0,3,0,0
1373,2000,2000,63,3,5,9,1667,2000,76,3,8,8,0,3,0,0
1374,2000,2000,63,3,5,9,1667,2000,76,3,8,8,0,3,0,0
1375,2000,2000,63,3,5,9,1667,2000,76,3,8,8,0,3,0,0
1376,2000,2000,63,3,5,9,1667,2000,76,3,8,8,0,3,0,0
1377,2000,2000,63,3,5,9,1667,2000,76,3,8,8,0,3,0,0
1378,2000,2000,63,3,5,9,1667,2000,76,3,8,8,0,3,0,0
1379,2000,2000,63,3,5,9,1667,2000,76,3,8,8,0,3,0,0
1380,2000,2000,71,3,5,9,1667,2000,84,3,8,8,0,3,0,0
1381,2000,2000,71,3,5,9,1667,2000,84,3,8,8,0,3,0,0
1382,2000,2000,71,3,5,9,1667,2000,84,3,8,8,0,3,0,0
1383,2000,2000,71,3,5,9,1667,2000,84,3,8,8,0,3,0,0
1384,2000,2000,71,3,5,9,1667,2000,84,3,8,8,0,3,0,0
1385,2000,2000,71,3,5,9,1667,2000,84,3,8,8,0,3,0,0
1386,2000,2000,71,3,5,9,1667,2000,84,3,8,8,0,3,0,0
1387,2000,2000,71,3,5,9,1667,2000,84,3,8,8,0,3,0,0
1388,2000,2000,71,3,5,9,1667,2000,84,3,8,8,0,3,0,0
1389,2000,2000,71,3,5,9,1667,2000,84,3,8,8,0,3,0,0
1390,2000,2000,71,3,5,9,1667,2000,84,3,8,8,0,3,0,0
1391,2000,2000,71,3,5,9,1667,2000,84,3,8,8,0,3,0,0
1392,2000,2000,71,3,5,9,1667,2000,84,3,8,8,0,3,0,0
1393,2000,2000,71,3,5,9,1667,2000,84,3,8,8,0,3,0,0
1394,2000,2000,71,3,5,9,1667,2000,84,3,8,8,0,3,0,0
1395,2000,2000,71,3,5,9,1667,2000,84,3,8,8,0,3,0,0
1396,2000,2000,71,3,5,9,1667,2000,84,3,8,8,0,3,0,0
1397,2000,2000,71,3,5,9,1667,2000,84,3,8,8,0,3,0,0
1398,2000,2000,71,3,5,8,1667,2000,84,3,8,8,0,3,0,0
1399,2000,2000,71,3,5,8,1667,2000,84,3,8,8,0,3,0,0
1400,2000,2000,71,3,5,8,1667,2000,84,3,8,8,0,3,0,0
1401,2000,2000,71,3,5,8,1667,2000,84,3,8,8,0,3,0,0
1402,2000,2000,71,3,5,8,1667,2000,84,3,8,8,0,3,0,0
1403,2000,2000,71,3,5,8,1667,2000,84,3,8,8,0,3,0,0
1404,2000,2000,71,3,5,8,1667,2000,84,3,8,8,0,3,0,0
1405,2000,2000,71,3,5,8,1667,2000,84,3,8,8,0,3,0,0
1406,2000,2000,71,3,5,8,1667,2000,84,3,8,8,0,3,0,0
1407,2000,2000,71,3,5,8,1667,2000,84,3,8,8,0,3,0,0
1408,2000,2000,71,3,4,8,1667,2000,84,3,8,8,0,3,0,0
1409,2000,2000,71,3,4,8,1667,2000,84,3,8,8,0,3,0,0
1410,2000,2000,80,3,4,8,1667,2000,93,3,8,8,0,3,0,0
1411,2000,2000,80,3,4,8,1667,2000,93,3,8,8,0,3,0,0
1412,2000,2000,80,3,4,8,1667,2000,93,3,8,8,0,3,0,0
1413,2000,2000,80,3,4,8,1667,2000,93,3,8,8,0,3,0,0
1414,2000,2000,80,3,4,8,1667,2000,93,3,8,8,0,3,0,0
1415,2000,2000,80,3,4,8,1667,2000,93,3,8,8,0,3,0,0
1416,2000,2000,80,3,4,8,1667,2000,93,3,8,8,0,3,0,0
1417,2000,2000,80,3,4,8,1667,2000,93,3,8,8,0,3,0,0
1418,2000,2000,80,3,4,8,1667,2000,93,3,8,8,0,3,0,0
1419,2000,2000,80,3,4,8,1667,2000,93,3,8,8,0,3,0,0
1420,2000,2000,80,3,4,8,1667,2000,93,3,8,8,0,3,0,0
1421,2000,2000,80,3,3,7,1667,2000,93,3,8,8,0,3,0,0
1422,2000,2000,80,3,3,7,1667,2000,93,3,8,8,0,3,0,0
1423,2000,2000,80,3,3,7,1667,2000,93,3,8,8,0,3,0,0
1424,2000,2000,80,3,3,7,1667,2000,93,3,8,8,0,3,0,0
1425,2000,2000,80,3,3,7,1667,2000,93,3,8,8,0,3,0,0
1426,2000,2000,80,3,3,7,1667,2000,93,3,8,8,0,3,0,0
1427,2000,2000,80,3,3,7,1667,2000,93,3,8,8,0,3,0,0
1428,2000,2000,80,3,2,6,1667,2000,93,3,8,8,0,3,0,0
1429,2000,2000,80,3,2,6,1667,2000,93,3,8,8,0,3,0,0
1430,2000,2000,80,3,2,6,1667,2000,93,3,8,8,0,3,0,0
1431,2000,2000,80,3,2,6,1667,2000,93,3,8,8,0,3,0,0
1432,2000,2000,80,3,2,6,1667,2000,93,3,8,8,0,3,0,0
1433,2000,2000,80,3,2,6,1667,2000,93,3,8,8,0,3,0,0
1434,2000,2000,80,3,2,6,1667,2000,93,3,8,8,0,3,0,0
1435,2000,2000,80,3,2,6,1667,2000,93,3,8,8,0,3,0,0
1436,2000,2000,80,3,2,6,1667,2000,93,3,8,8,0,3,0,0
1437,2000,2000,80,3,2,6,1667,2000,93,3,8,8,0,3,0,0
1438,2000,2000,80,3,2,6,1667,2000,93,3,8,8,0,3,0,0
1439,2000,2000,80,3,2,6,1667,2000,93,3,8,8,0,3,0,0
1440,2000,2000,88,3,2,6,1667,2000,101,3,8,8,0,3,0,0
1441,2000,2000,88,3,2,6,1667,2000,101,3,8,8,0,3,0,0
1442,2000,2000,88,3,2,6,1667,2000,101,3,8,8,0,3,0,0
1443,2000,2000,88,3,2,6,1667,2000,101,3,8,8,0,3,0,0
1444,2000,2000,88,3,2,6,1667,2000,101,3,8,8,0,3,0,0
1445,2000,2000,88,3,2,6,1667,2000,101,3,8,8,0,3,0,0
1446,2000,2000,88,3,2,6,1667,2000,101,3,8,8,0,3,0,0
1447,2000,2000,88,3,2,6,1667,2000,101,3,8,8,0,3,0,0
1448,2000,2000,88,3,2,6,1667,2000,101,3,8,8,0,3,0,0
1449,2000,2000,88,3,2,6,1667,2000,101,3,8,8,0,3,0,0
1450,2000,2000,88,3,2,6,1667,2000,101,3,8,8,0,3,0,0
1451,2000,2000,88,3,2,6,1667,2000,101,3,8,8,0,3,0,0
1452,2000,2000,76,3,3,5,1667,2000,101,3,8,8,0,3,12,0
1453,2000,2000,76,3,3,5,1667,2000,101,3,8,8,0,3,0,0
1454,2000,2000,76,3,3,5,1667,2000,101,3,8,8,0,3,0,0
1455,2000,2000,76,3,3,5,1667,2000,101,3,8,8,0,3,0,0
1456,2000,2000,76,3,3,5,1667,2000,101,3,8,8,0,3,0,0
1457,2000,2000,76,3,3,5,1667,2000,101,3,8,8,0,3,0,0
1458,2000,2000,76,3,3,5,1667,2000,101,3,8,8,0,3,0,0
1459,2000,2000,76,3,3,5,1667,2000,101,3,8,8,0,3,0,0
1460,2000,2000,76,3,3,5,1667,2000,101,3,8,8,0,3,0,0
1461,2000,2000,76,3,3,5,1667,2000,101,3,8,8,0,3,0,0
1462,2000,2000,76,3,4,5,1667,2000,101,3,8,8,0,3,0,0
1463,2000,2000,76,3,4,5,1667,2000,101,3,8,8,0,3,0,0
1464,2000,2000,76,3,4,5,1667,2000,101,3,8,8,0,3,0,0
1465,2000,2000,76,3,4,5,1667,2000,101,3,8,8,0,3,0,0
1466,2000,2000,76,3,4,5,1667,2000,101,3,8,8,0,3,0,0
1467,2000,2000,76,3,4,5,1667,2000,101,3,8,8,0,3,0,0
1468,2000,2000,76,3,4,5,1667,2000,101,3,8,8,0,3,0,0
1469,2000,2000,76,3,4,5,1667,2000,101,3,8,8,0,3,0,0
1470,2000,2000,84,3,4,5,1667,2000,110,3,8,8,0,3,0,0
1471,2000,2000,84,3,4,5,1667,2000,110,3,8,8,0,3,0,0
1472,2000,2000,84,3,5,5,1667,2000,110,3,8,8,0,3,0,0
1473,2000,2000,84,3,5,5,1667,2000,110,3,8,8,0,3,0,0
1474,2000,2000,84,3,5,5,1667,2000,110,3,8,8,0,3,0,0
1475,2000,2000,84,3,5,5,1667,2000,110,3,8,8,0,3,0,0
1476,2000,2000,84,3,5,5,1667,2000,110,3,8,8,0,3,0,0
1477,2000,2000,84,3,5,5,1667,2000,110,3,8,8,0,3,0,0
1478,2000,2000,84,3,5,5,1667,2000,110,3,8,8,0,3,0,0
1479,2000,2000,84,3,5,5,1667,2000,110,3,8,8,0,3,0,0
1480,2000,2000,84,3,5,5,1667,2000,110,3,8,8,0,3,0,0
1481,2000,2000,84,3,5,5,1667,2000,110,3,8,8,0,3,0,0
1482,2000,2000,84,3,6,5,1667,2000,110,3,8,8,0,3,0,0
1483,2000,2000,84,3,6,5,1667,2000,110,3,8,8,0,3,0,0
1484,2000,2000,84,3,6,5,1667,2000,110,3,8,8,0,3,0,0
1485,2000,2000,84,3,6,5,1667,2000,110,3,8,8,0,3,0,0
1486,2000,2000,84,3,6,5,1667,2000,110,3,8,8,0,3,0,0
1487,2000,2000,84,3,6,5,1667,2000,110,3,8,8,0,3,0,0
1488,2000,2000,84,3,6,5,1667,2000,110,3,8,8,0,3,0,0
1489,2000,2000,84,3,6,5,1667,2000,110,3,8,8,0,3,0,0
1490,2000,2000,84,3,6,5,1667,2000,110,3,8,8,0,3,0,0
1491,2000,2000,84,3,6,5,1667,2000,110,3,8,8,0,3,0,0
1492,2000,2000,84,3,7,5,1667,2000,110,3,8,8,0,3,0,0
1493,2000,2000,84,3,7,5,1667,2000,110,3,8,8,0,3,0,0
1494,2000,2000,84,3,7,5,1667,2000,110,3,8,8,0,3,0,0
1495,2000,2000,84,3,6,5,1667,2000,110,3,8,8,0,3,0,0
1496,2000,2000,84,3,6,5,1667,2000,110,3,8,8,0,3,0,0
1497,2000,2000,84,3,6,5,1667,2000,110,3,8,8,0,3,0,0
1498,2000,2000,84,3,6,5,1667,2000,110,3,8,8,0,3,0,0
1499,2000,2000,84,3,6,5,1667,2000,110,3,8,8,0,3,0,0
1500,2000,2000,93,3,6,5,1667,2000,118,3,8,8,0,3,0,0
1501,2000,2000,93,3,6,5,1667,2000,118,3,8,8,0,3,0,0
1502,2000,2000,93,3,6,5,1667,2000,118,3,8,8,0,3,0,0
1503,2000,2000,93,3,6,5,1667,2000,118,3,8,8,0,3,0,0
1504,2000,2000,93,3,6,5,1667,2000,118,3,8,8,0,3,0,0
1505,2000,2000,93,3,6,5,1667,2000,118,3,8,8,0,3,0,0
1506,2000,2000,93,3,6,6,1667,2000,106,3,8,8,0,3,0,12
1507,2000,2000,93,3,6,6,1667,2000,106,3,8,8,0,3,0,0
1508,2000,2000,93,3,6,6,1667,2000,106,3,8,8,0,3,0,0
1509,2000,2000,93,3,6,6,1667,2000,106,3,8,8,0,3,0,0
1510,2000,2000,93,3,5,6,1667,2000,106,3,8,8,0,3,0,0
1511,2000,2000,93,3,5,6,1667,2000,106,3,8,8,0,3,0,0
1512,2000,2000,93,3,5,6,1667,2000,106,3,8,8,0,3,0,0
1513,2000,2000,93,3,5,6,1667,2000,106,3,8,8,0,3,0,0
1514,2000,2000,93,3,5,6,1667,2000,106,3,8,8,0,3,0,0
1515,2000,2000,93,3,5,6,1667,2000,106,3,8,8,0,3,0,0
1516,2000,2000,93,3,5,7,1667,2000,106,3,8,8,0,3,0,0
1517,2000,2000,93,3,5,7,1667,2000,106,3,8,8,0,3,0,0
1518,2000,2000,93,3,5,7,1667,2000,106,3,8,8,0,3,0,0
1519,2000,2000,93,3,5,7,1667,2000,106,3,8,8,0,3,0,0
1520,2000,2000,93,3,5,7,1667,2000,106,3,8,8,0,3,0,0
1521,2000,2000,93,3,5,7,1667,2000,106,3,8,8,0,3,0,0
1522,2000,2000,93,3,5,7,1667,2000,106,3,8,8,0,3,0,0
1523,2000,2000,93,3,5,7,1667,2000,106,3,8,8,0,3,0,0
1524,2000,2000,93,3,5,7,1667,2000,106,3,8,8,0,3,0,0
1525,2000,2000,93,3,5,7,1667,2000,106,3,8,8,0,3,0,0
1526,2000,2000,93,3,5,8,1667,2000,106,3,8,8,0,3,0,0
1527,2000,2000,93,3,5,8,1667,2000,106,3,8,8,0,3,0,0
1528,2000,2000,93,3,5,8,1667,2000,106,3,8,8,0,3,0,0
1529,2000,2000,93,3,5,8,1667,2000,106,3,8,8,0,3,0,0
1530,2000,2000,101,3,5,8,1667,2000,115,3,8,8,0,3,0,0
1531,2000,2000,101,3,5,8,1667,2000,115,3,8,8,0,3,0,0
1532,2000,2000,101,3,5,8,1667,2000,115,3,8,8,0,3,0,0
1533,2000,2000,101,3,5,8,1667,2000,115,3,8,8,0,3,0,0
1534,2000,2000,101,3,5,8,1667,2000,115,3,8,8,0,3,0,0
1535,2000,2000,101,3,5,8,1667,2000,115,3,8,8,0,3,0,0
1536,2000,2000,101,3,5,9,1667,2000,50,3,8,8,0,3,0,13
1537,2000,2000,101,3,5,9,1667,2000,50,3,8,8,0,3,0,0
1538,2000,2000,101,3,5,9,1667,2000,50,3,8,8,0,3,0,0
1539,2000,2000,101,3,5,9,1667,2000,50,3,8,8,0,3,0,0
1540,2000,2000,101,3,5,9,1667,2000,50,3,8,8,0,3,0,0
1541,2000,2000,101,3,5,9,1667,2000,50,3,8,8,0,3,0,0
1542,2000,2000,101,3,5,9,1667,2000,50,3,8,8,0,3,0,0
1543,2000,2000,101,3,5,9,1667,2000,50,3,8,8,0,3,0,0
1544,2000,2000,101,3,5,9,1667,2000,50,3,8,8,0,3,0,0
1545,2000,2000,101,3,5,9,1667,2000,50,3,8,8,0,3,0,0
1546,2000,2000,101,3,5,10,1667,2000,50,3,8,8,0,3,0,0
1547,2000,2000,101,3,5,10,1667,2000,50,3,8,8,0,3,0,0
1548,2000,2000,101,3,5,10,1667,2000,50,3,8,8,0,3,0,0
1549,2000,2000,101,3,5,10,1667,2000,50,3,8,8,0,3,0,0
1550,2000,2000,101,3,5,10,1667,2000,50,3,8,8,0,3,0,0
1551,2000,2000,101,3,5,10,1667,2000,50,3,8,8,0,3,0,0
1552,2000,2000,101,3,5,10,1667,2000,50,3,8,8,0,3,0,0
1553,2000,2000,101,3,5,10,1667,2000,50,3,8,8,0,3,0,0
1554,2000,2000,101,3,5,10,1667,2000,50,3,8,8,0,3,0,0
1555,2000,2000,101,3,5,10,1667,2000,50,3,8,8,0,3,0,0
1556,2000,2000,101,3,5,10,1667,2000,50,3,8,8,0,3,0,0
1557,2000,2000,101,3,5,10,1667,2000,50,3,8,8,0,3,0,0
1558,2000,2000,101,3,5,10,1667,2000,50,3,8,8,0,3,0,0
1559,2000,2000,101,3,5,10,1667,2000,50,3,8,8,0,3,0,0
1560,2000,2000,110,3,5,10,1667,2000,58,3,8,8,0,3,0,0
1561,2000,2000,110,3,5,10,1667,2000,58,3,8,8,0,3,0,0
1562,2000,2000,110,3,5,10,1667,2000,58,3,8,8,0,3,0,0
1563,2000,2000,110,3,5,10,1667,2000,58,3,8,8,0,3,0,0
1564,2000,2000,110,3,5,10,1667,2000,58,3,8,8,0,3,0,0
1565,2000,2000,110,3,5,10,1667,2000,58,3,8,8,0,3,0,0
1566,2000,2000,110,3,5,10,1667,2000,58,3,8,8,0,3,0,0
1567,2000,2000,110,3,5,10,1667,2000,58,3,8,8,0,3,0,0
1568,2000,2000,110,3,5,10,1667,2000,58,3,8,8,0,3,0,0
1569,2000,2000,110,3,5,10,1667,2000,58,3,8,8,0,3,0,0
1570,2000,2000,110,3,5,10,1667,2000,58,3,8,8,0,3,0,0
1571,2000,2000,110,3,5,10,1667,2000,58,3,8,8,0,3,0,0
1572,2000,2000,110,3,5,10,1667,2000,58,3,8,8,0,3,0,0
1573,2000,2000,110,3,5,10,1667,2000,58,3,8,8,0,3,0,0
1574,2000,2000,110,3,5,10,1667,2000,58,3,8,8,0,3,0,0
1575,2000,2000,110,3,5,10,1667,2000,58,3,8,8,0,3,0,0
1576,2000,2000,110,3,5,10,1667,2000,58,3,8,8,0,3,0,0
1577,2000,2000,110,3,5,10,1667,2000,58,3,8,8,0,3,0,0
1578,2000,2000,110,3,5,10,1667,2000,58,3,8,8,0,3,0,0
1579,2000,2000,110,3,5,10,1667,2000,58,3,8,8,0,3,0,0
1580,2000,2000,110,3,5,10,1667,2000,58,3,8,8,0,3,0,0
1581,2000,2000,110,3,5,10,1667,2000,58,3,8,8,0,3,0,0
1582,2000,2000,110,3,5,10,1667,2000,58,3,8,8,0,3,0,0
1583,2000,2000,110,3,5,10,1667,2000,58,3,8,8,0,3,0,0
1584,2000,2000,110,3,5,10,1667,2000,158,3,8,8,0,3,0,0
1585,2000,2000,110,3,5,10,1667,2000,158,3,8,8,0,3,0,0
1586,2000,2000,110,3,5,10,1667,2000,158,3,8,8,0,3,0,0
1587,2000,2000,110,3,5,10,1667,2000,158,3,8,8,0,3,0,0
1588,2000,2000,110,3,5,10,1667,2000,158,3,8,8,0,3,0,0
1589,2000,2000,110,3,5,10,1667,2000,158,3,8,8,0,3,0,0
1590,2000,2000,118,3,5,10,1667,2000,166,3,8,8,0,3,0,0
1591,2000,2000,118,3,5,10,1667,2000,166,3,8,8,0,3,0,0
1592,2000,2000,118,3,5,10,1667,2000,166,3,8,8,0,3,0,0
1593,2000,2000,118,3,5,10,1667,2000,166,3,8,8,0,3,0,0
1594,2000,2000,118,3,5,10,1667,2000,166,3,8,8,0,3,0,0
1595,2000,2000,118,3,5,10,1667,2000,166,3,8,8,0,3,0,0
1596,2000,2000,118,3,5,10,1667,2000,166,3,8,8,0,3,0,0
1597,2000,2000,118,3,5,10,1667,2000,166,3,8,8,0,3,0,0
1598,2000,2000,118,3,5,10,1667,2000,166,3,8,8,0,3,0,0
1599,2000,2000,118,3,5,10,1667,2000,166,3,8,8,0,3,0,0
1600,2000,2000,118,3,5,10,1667,2000,166,3,8,8,0,3,0,0
1601,2000,2000,118,3,5,10,1667,2000,166,3,8,8,0,3,0,0
1602,2000,2000,118,3,5,10,1667,2000,166,3,8,8,0,3,0,0
1603,2000,2000,118,3,5,10,1667,2000,166,3,8,8,0,3,0,0
1604,2000,2000,118,3,5,10,1667,2000,166,3,8,8,0,3,0,0
1605,2000,2000,118,3,5,10,1667,2000,166,3,8,8,0,3,0,0
1606,2000,2000,118,3,5,10,1667,2000,166,3,8,8,0,3,0,0
1607,2000,2000,118,3,5,10,1667,2000,166,3,8,8,0,3,0,0
1608,2000,2000,118,3,5,10,1667,2000,166,3,8,8,0,3,0,0
1609,2000,2000,118,3,5,10,1667,2000,166,3,8,8,0,3,0,0
1610,2000,2000,118,3,5,10,1667,2000,166,3,8,8,0,3,0,0
1611,2000,2000,118,3,5,10,1667,2000,166,3,8,8,0,3,0,0
1612,2000,2000,118,3,5,10,1667,2000,166,3,8,8,0,3,0,0
1613,2000,2000,118,3,5,9,1667,2000,166,3,8,8,0,3,0,0
1614,2000,2000,118,3,5,9,1667,2000,166,3,8,8,0,3,0,0
1615,2000,2000,118,3,5,9,1667,2000,166,3,8,8,0,3,0,0
1616,2000,2000,118,3,5,9,1667,2000,166,3,8,8,0,3,0,0
1617,2000,2000,118,3,5,9,1667,2000,166,3,8,8,0,3,0,0
1618,2000,2000,118,3,5,9,1667,2000,166,3,8,8,0,3,0,0
1619,2000,2000,118,3,5,9,1667,2000,166,3,8,8,0,3,0,0
1620,2000,2000,127,3,5,9,1667,2000,175,3,8,8,0,3,0,0
1621,2000,2000,127,3,5,9,1667,2000,6,4,8,20,0,3,0,9
1622,2000,2000,127,3,5,9,1667,2000,6,4,8,20,0,3,0,0
1623,2000,2000,127,3,5,8,1667,2000,6,4,8,20,0,3,0,0
1624,2000,2000,127,3,5,8,1667,2000,6,4,8,20,0,3,0,0
1625,2000,2000,127,3,5,8,1667,2000,6,4,8,20,0,3,0,0
1626,2000,2000,127,3,5,8,1667,2000,6,4,8,20,0,3,0,0
1627,2000,2000,127,3,5,8,1667,2000,6,4,8,20,0,3,0,0
1628,2000,2000,127,3,5,8,1667,2000,6,4,8,20,0,3,0,0
1629,2000,2000,127,3,5,8,1667,2000,6,4,8,20,0,3,0,0
1630,2000,2000,127,3,5,8,1667,2000,6,4,8,20,0,3,0,0
1631,2000,2000,127,3,5,8,1667,2000,6,4,8,20,0,3,0,0
1632,2000,2000,127,3,5,8,1667,2000,6,4,8,20,0,3,0,0
1633,2000,2000,127,3,5,7,1667,2000,6,4,8,20,0,3,0,0
1634,2000,2000,127,3,5,7,1667,2000,6,4,8,20,0,3,0,0
1635,2000,2000,127,3,5,7,1667,2000,6,4,8,20,0,3,0,0
1636,2000,2000,127,3,5,7,1667,2000,6,4,8,20,0,3,0,0
1637,2000,2000,127,3,5,7,1667,2000,6,4,8,20,0,3,0,0
1638,2000,2000,127,3,5,7,1667,2000,6,4,8,20,0,3,0,0
1639,2000,2000,127,3,5,7,1667,2000,6,4,8,20,0,3,0,0
1640,2000,2000,127,3,5,7,1667,2000,6,4,8,20,0,3,0,0
1641,2000,2000,127,3,5,7,1667,2000,6,4,8,20,0,3,0,0
1642,2000,2000,127,3,5,7,1667,2000,6,4,8,20,0,3,0,0
1643,2000,2000,127,3,5,7,1667,2000,6,4,8,20,0,3,0,0
1644,2000,2000,127,3,5,7,1667,2000,6,4,8,20,0,3,0,0
1645,2000,2000,127,3,5,7,1667,2000,6,4,8,20,0,3,0,0
1646,2000,2000,127,3,4,6,1667,2000,6,4,8,20,0,3,0,0
1647,2000,2000,127,3,4,6,1667,2000,6,4,8,20,0,3,0,0
1648,2000,2000,127,3,4,6,1667,2000,6,4,8,20,0,3,0,0
1649,2000,2000,127,3,4,6,1667,2000,6,4,8,20,0,3,0,0
1650,2000,2000,135,3,4,6,1667,2000,25,4,8,20,0,3,0,0
1651,2000,2000,135,3,4,6,1667,2000,25,4,8,20,0,3,0,0
1652,2000,2000,135,3,4,6,1667,2000,25,4,8,20,0,3,0,0
1653,2000,2000,135,3,4,6,1667,2000,25,4,8,20,0,3,0,0
1654,2000,2000,123,3,5,6,1667,2000,25,4,8,20,0,3,12,0
1655,2000,2000,123,3,5,6,1667,2000,25,4,8,20,0,3,0,0
1656,2000,2000,123,3,4,5,1667,2000,25,4,8,20,0,3,0,0
1657,2000,2000,123,3,4,5,1667,2000,25,4,8,20,0,3,0,0
1658,2000,2000,123,3,4,5,1667,2000,25,4,8,20,0,3,0,0
1659,2000,2000,123,3,4,5,1667,2000,25,4,8,20,0,3,0,0
1660,2000,2000,123,3,4,5,1667,2000,25,4,8,20,0,3,0,0
1661,2000,2000,123,3,4,5,1667,2000,25,4,8,20,0,3,0,0
1662,2000,2000,123,3,4,5,1667,2000,25,4,8,20,0,3,0,0
1663,2000,2000,123,3,4,5,1667,2000,25,4,8,20,0,3,0,0
1664,2000,2000,123,3,5,5,1667,2000,25,4,8,20,0,3,0,0
1665,2000,2000,123,3,5,5,1667,2000,25,4,8,20,0,3,0,0
1666,2000,2000,123,3,5,5,1667,2000,25,4,8,20,0,3,0,0
1667,2000,2000,123,3,5,5,1667,2000,25,4,8,20,0,3,0,0
1668,2000,2000,123,3,5,5,1667,2000,25,4,8,20,0,3,0,0
1669,2000,2000,123,3,5,5,1667,2000,25,4,8,20,0,3,0,0
1670,2000,2000,58,3,5,5,1667,2000,25,4,8,20,0,3,13,0
1671,2000,2000,58,3,5,5,1667,2000,25,4,8,20,0,3,0,0
1672,2000,2000,58,3,5,5,1667,2000,25,4,8,20,0,3,0,0
1673,2000,2000,58,3,5,5,1667,2000,25,4,8,20,0,3,0,0
1674,2000,2000,58,3,6,5,1667,2000,25,4,8,20,0,3,0,0
1675,2000,2000,58,3,5,5,1667,2000,25,4,8,20,0,3,0,0
1676,2000,2000,58,3,5,5,1667,2000,25,4,8,20,0,3,0,0
1677,2000,2000,58,3,5,5,1667,2000,25,4,8,20,0,3,0,0
1678,2000,2000,58,3,5,5,1667,2000,25,4,8,20,0,3,0,0
1679,2000,2000,58,3,5,5,1667,2000,25,4,8,20,0,3,0,0
1680,2000,2000,67,3,5,5,1667,2000,45,4,8,20,0,3,0,0
1681,2000,2000,67,3,5,5,1667,2000,45,4,8,20,0,3,0,0
1682,2000,2000,67,3,5,5,1667,2000,45,4,8,20,0,3,0,0
1683,2000,2000,67,3,5,5,1667,2000,45,4,8,20,0,3,0,0
1684,2000,2000,67,3,6,5,1667,2000,45,4,8,20,0,3,0,0
1685,2000,2000,67,3,6,5,1667,2000,45,4,8,20,0,3,0,0
1686,2000,2000,67,3,5,5,1667,2000,45,4,8,20,0,3,0,0
1687,2000,2000,67,3,5,5,1667,2000,45,4,8,20,0,3,0,0
1688,2000,2000,67,3,5,5,1667,2000,45,4,8,20,0,3,0,0
1689,2000,2000,67,3,5,5,1667,2000,45,4,8,20,0,3,0,0
1690,2000,2000,67,3,5,5,1667,2000,45,4,8,20,0,3,0,0
1691,2000,2000,67,3,5,6,1667,2000,33,4,8,20,0,3,0,12
1692,2000,2000,67,3,5,6,1667,2000,33,4,8,20,0,3,0,0
1693,2000,2000,67,3,5,6,1667,2000,33,4,8,20,0,3,0,0
1694,2000,2000,67,3,6,6,1667,2000,33,4,8,20,0,3,0,0
1695,2000,2000,67,3,5,6,1667,2000,33,4,8,20,0,3,0,0
1696,2000,2000,67,3,5,6,1667,2000,33,4,8,20,0,3,0,0
1697,2000,2000,67,3,5,6,1667,2000,33,4,8,20,0,3,0,0
1698,2000,2000,67,3,5,6,1667,2000,33,4,8,20,0,3,0,0
1699,2000,2000,67,3,5,6,1667,2000,33,4,8,20,0,3,0,0
1700,2000,2000,67,3,5,6,1667,2000,33,4,8,20,0,3,0,0
1701,2000,2000,67,3,5,7,1667,2000,33,4,8,20,0,3,0,0
1702,2000,2000,67,3,5,7,1667,2000,33,4,8,20,0,3,0,0
1703,2000,2000,67,3,5,7,1667,2000,33,4,8,20,0,3,0,0
1704,2000,2000,67,3,5,7,1667,2000,33,4,8,20,0,3,0,0
1705,2000,2000,67,3,5,7,1667,2000,33,4,8,20,0,3,0,0
1706,2000,2000,67,3,5,7,1667,2000,33,4,8,20,0,3,0,0
1707,2000,2000,67,3,5,7,1667,2000,33,4,8,20,0,3,0,0
1708,2000,2000,67,3,5,7,1667,2000,33,4,8,20,0,3,0,0
1709,2000,2000,67,3,5,7,1667,2000,33,4,8,20,0,3,0,0
1710,2000,2000,75,3,5,7,1667,2000,53,4,8,20,0,3,0,0
1711,2000,2000,75,3,5,8,1667,2000,53,4,8,20,0,3,0,0
1712,2000,2000,75,3,5,8,1667,2000,53,4,8,20,0,3,0,0
1713,2000,2000,75,3,5,8,1667,2000,53,4,8,20,0,3,0,0
1714,2000,2000,75,3,5,8,1667,2000,53,4,8,20,0,3,0,0
1715,2000,2000,75,3,5,8,1667,2000,53,4,8,20,0,3,0,0
1716,2000,2000,75,3,5,8,1667,2000,53,4,8,20,0,3,0,0
1717,2000,2000,75,3,5,8,1667,2000,53,4,8,20,0,3,0,0
1718,2000,2000,175,3,5,8,1667,2000,53,4,8,20,0,3,0,0
1719,2000,2000,175,3,5,8,1667,2000,53,4,8,20,0,3,0,0
1720,2000,2000,175,3,5,8,1667,2000,53,4,8,20,0,3,0,0
1721,2000,2000,175,3,5,9,1667,2000,53,4,8,20,0,3,0,0
1722,2000,2000,175,3,5,9,1667,2000,53,4,8,20,0,3,0,0
1723,2000,2000,175,3,5,9,1667,2000,53,4,8,20,0,3,0,0
1724,2000,2000,175,3,5,9,1667,2000,53,4,8,20,0,3,0,0
1725,2000,2000,175,3,5,9,1667,2000,53,4,8,20,0,3,0,0
1726,2000,2000,6,4,5,9,1667,2000,53,4,20,20,0,3,9,0
1727,2000,2000,6,4,5,9,1667,2000,53,4,20,20,0,3,0,0
1728,2000,2000,6,4,5,9,1667,2000,53,4,20,20,0,3,0,0
1729,2000,2000,6,4,5,9,1667,2000,53,4,20,20,0,3,0,0
1730,2000,2000,6,4,5,9,1667,2000,53,4,20,20,0,3,0,0
1731,2000,2000,6,4,5,10,1667,2000,53,4,20,20,0,3,0,0
1732,2000,2000,6,4,5,10,1667,2000,53,4,20,20,0,3,0,0
1733,2000,2000,6,4,5,10,1667,2000,53,4,20,20,0,3,0,0
1734,2000,2000,6,4,5,10,1667,2000,53,4,20,20,0,3,0,0
1735,2000,2000,6,4,5,10,1667,2000,53,4,20,20,0,3,0,0
1736,2000,2000,6,4,5,10,1667,2000,53,4,20,20,0,3,0,0
1737,2000,2000,6,4,5,10,1667,2000,53,4,20,20,0,3,0,0
1738,2000,2000,6,4,5,10,1667,2000,53,4,20,20,0,3,0,0
1739,2000,2000,6,4,5,10,1667,2000,53,4,20,20,0,3,0,0
1740,2000,2000,26,4,5,10,1667,2000,73,4,20,20,0,3,0,0
1741,2000,2000,26,4,5,10,1667,2000,73,4,20,20,0,3,0,0
1742,2000,2000,26,4,5,10,1667,2000,73,4,20,20,0,3,0,0
1743,2000,2000,26,4,5,10,1667,2000,73,4,20,20,0,3,0,0
1744,2000,2000,26,4,5,10,1667,2000,73,4,20,20,0,3,0,0
1745,2000,2000,26,4,5,10,1667,2000,73,4,20,20,0,3,0,0
1746,2000,2000,26,4,5,10,1667,2000,73,4,20,20,0,3,0,0
1747,2000,2000,26,4,5,10,1667,2000,73,4,20,20,0,3,0,0
1748,2000,2000,26,4,5,10,1667,2000,73,4,20,20,0,3,0,0
1749,2000,2000,26,4,5,10,1667,2000,73,4,20,20,0,3,0,0
1750,2000,2000,26,4,5,10,1667,2000,73,4,20,20,0,3,0,0
1751,2000,2000,26,4,5,10,1667,2000,73,4,20,20,0,3,0,0
1752,2000,2000,26,4,5,10,1667,2000,73,4,20,20,0,3,0,0
1753,2000,2000,26,4,5,10,1667,2000,73,4,20,20,0,3,0,0
1754,2000,2000,26,4,5,10,1667,2000,73,4,20,20,0,3,0,0
1755,2000,2000,26,4,5,10,1667,2000,73,4,20,20,0,3,0,0
1756,2000,2000,26,4,5,10,1667,2000,73,4,20,20,0,3,0,0
1757,2000,2000,26,4,5,10,1667,2000,73,4,20,20,0,3,0,0
1758,2000,2000,26,4,5,10,1667,2000,73,4,20,20,0,3,0,0
1759,2000,2000,26,4,5,10,1667,2000,73,4,20,20,0,3,0,0
1760,2000,2000,26,4,5,10,1667,2000,73,4,20,20,0,3,0,0
1761,2000,2000,26,4,5,10,1667,2000,73,4,20,20,0,3,0,0
1762,2000,2000,26,4,5,10,1667,2000,73,4,20,20,0,3,0,0
1763,2000,2000,26,4,5,10,1667,2000,73,4,20,20,0,3,0,0
1764,2000,2000,26,4,5,10,1667,2000,73,4,20,20,0,3,0,0
1765,2000,2000,26,4,5,10,1667,2000,73,4,20,20,0,3,0,0
1766,2000,2000,26,4,5,10,1667,2000,73,4,20,20,0,3,0,0
1767,2000,2000,26,4,5,10,1667,2000,73,4,20,20,0,3,0,0
1768,2000,2000,26,4,5,10,1667,2000,73,4,20,20,0,3,0,0
1769,2000,2000,26,4,5,10,1667,2000,73,4,20,20,0,3,0,0
1770,2000,2000,45,4,5,10,1667,2000,92,4,20,20,0,3,0,0
1771,2000,2000,45,4,5,10,1667,2000,92,4,20,20,0,3,0,0
1772,2000,2000,45,4,5,10,1667,2000,92,4,20,20,0,3,0,0
1773,2000,2000,45,4,5,10,1667,2000,92,4,20,20,0,3,0,0
1774,2000,2000,45,4,5,10,1667,2000,92,4,20,20,0,3,0,0
1775,2000,2000,45,4,5,10,1667,2000,92,4,20,20,0,3,0,0
1776,2000,2000,45,4,5,10,1667,2000,92,4,20,20,0,3,0,0
1777,2000,2000,45,4,5,10,1667,2000,92,4,20,20,0,3,0,0
1778,2000,2000,45,4,5,10,1667,2000,92,4,20,20,0,3,0,0
1779,2000,2000,45,4,5,10,1667,2000,92,4,20,20,0,3,0,0
1780,2000,2000,45,4,5,10,1667,2000,92,4,20,20,0,3,0,0
1781,2000,2000,45,4,5,10,1667,2000,92,4,20,20,0,3,0,0
1782,2000,2000,45,4,5,10,1667,2000,92,4,20,20,0,3,0,0
1783,2000,2000,45,4,5,10,1667,2000,92,4,20,20,0,3,0,0
1784,2000,2000,45,4,5,10,1667,2000,92,4,20,20,0,3,0,0
1785,2000,2000,45,4,5,10,1667,2000,92,4,20,20,0,3,0,0
1786,2000,2000,45,4,4,9,1667,2000,92,4,20,20,0,3,0,0
1787,2000,2000,45,4,4,9,1667,2000,92,4,20,20,0,3,0,0
1788,2000,2000,45,4,4,9,1667,2000,92,4,20,20,0,3,0,0
1789,2000,2000,45,4,4,9,1667,2000,92,4,20,20,0,3,0,0
1790,2000,2000,45,4,4,9,1667,2000,92,4,20,20,0,3,0,0
1791,2000,2000,45,4,4,9,1667,2000,92,4,20,20,0,3,0,0
1792,2000,2000,45,4,4,9,1667,2000,92,4,20,20,0,3,0,0
1793,2000,2000,45,4,4,9,1667,2000,92,4,20,20,0,3,0,0
1794,2000,2000,45,4,4,9,1667,2000,92,4,20,20,0,3,0,0
1795,2000,2000,45,4,4,9,1667,2000,92,4,20,20,0,3,0,0
1796,2000,2000,45,4,4,9,1667,2000,92,4,20,20,0,3,0,0
1797,2000,2000,45,4,4,9,1667,2000,92,4,20,20,0,3,0,0
1798,2000,2000,45,4,4,9,1667,2000,92,4,20,20,0,3,0,0
1799,2000,2000,45,4,4,9,1667,2000,92,4,20,20,0,3,0,0
1800,2000,2000,65,4,4,9,1667,2000,112,4,20,20,0,3,0,0
1801,2000,2000,65,4,4,9,1667,2000,112,4,20,20,0,3,0,0
1802,2000,2000,65,4,4,9,1667,2000,112,4,20,20,0,3,0,0
1803,2000,2000,65,4,4,9,1667,2000,112,4,20,20,0,3,0,0
1804,2000,2000,65,4,4,9,1667,2000,112,4,20,20,0,3,0,0
1805,2000,2000,65,4,4,9,1667,2000,112,4,20,20,0,3,0,0
1806,2000,2000,65,4,4,9,1667,2000,112,4,20,20,0,3,0,0
1807,2000,2000,65,4,4,9,1667,2000,112,4,20,20,0,3,0,0
1808,2000,2000,65,4,4,8,1667,2000,112,4,20,20,0,3,0,0
1809,2000,2000,65,4,4,8,1667,2000,112,4,20,20,0,3,0,0
1810,2000,2000,65,4,4,8,1667,2000,112,4,20,20,0,3,0,0
1811,2000,2000,65,4,4,8,1667,2000,112,4,20,20,0,3,0,0
1812,2000,2000,65,4,4,8,1667,2000,112,4,20,20,0,3,0,0
1813,2000,2000,65,4,4,8,1667,2000,112,4,20,20,0,3,0,0
1814,2000,2000,65,4,4,8,1667,2000,112,4,20,20,0,3,0,0
1815,2000,2000,65,4,4,7,1667,2000,112,4,20,20,0,3,0,0
1816,2000,2000,65,4,4,7,1667,2000,112,4,20,20,0,3,0,0
1817,2000,2000,65,4,4,7,1667,2000,112,4,20,20,0,3,0,0
1818,2000,2000,65,4,4,6,1667,2000,112,4,20,20,0,3,0,0
1819,2000,2000,65,4,4,6,1667,2000,112,4,20,20,0,3,0,0
1820,2000,2000,65,4,4,6,1667,2000,112,4,20,20,0,3,0,0
1821,2000,2000,65,4,4,6,1667,2000,112,4,20,20,0,3,0,0
1822,2000,2000,65,4,4,6,1667,2000,112,4,20,20,0,3,0,0
1823,2000,2000,65,4,4,6,1667,2000,112,4,20,20,0,3,0,0
1824,2000,2000,65,4,4,6,1667,2000,112,4,20,20,0,3,0,0
1825,2000,2000,65,4,4,6,1667,2000,112,4,20,20,0,3,0,0
1826,2000,2000,65,4,4,6,1667,2000,112,4,20,20,0,3,0,0
1827,2000,2000,65,4,4,6,1667,2000,112,4,20,20,0,3,0,0
1828,2000,2000,65,4,4,6,1667,2000,112,4,20,20,0,3,0,0
1829,2000,2000,65,4,4,6,1667,2000,112,4,20,20,0,3,0,0
1830,2000,2000,85,4,4,6,1667,2000,132,4,20,20,0,3,0,0
1831,2000,2000,85,4,4,6,1667,2000,132,4,20,20,0,3,0,0
1832,2000,2000,85,4,3,5,1667,2000,132,4,20,20,0,3,0,0
1833,2000,2000,85,4,3,5,1667,2000,132,4,20,20,0,3,0,0
1834,2000,2000,85,4,3,5,1667,2000,132,4,20,20,0,3,0,0
1835,2000,2000,85,4,3,5,1667,2000,132,4,20,20,0,3,0,0
1836,2000,2000,85,4,3,5,1667,2000,132,4,20,20,0,3,0,0
1837,2000,2000,85,4,3,5,1667,2000,132,4,20,20,0,3,0,0
1838,2000,2000,85,4,3,5,1667,2000,132,4,20,20,0,3,0,0
1839,2000,2000,85,4,3,5,1667,2000,132,4,20,20,0,3,0,0
1840,2000,2000,85,4,3,5,1667,2000,132,4,20,20,0,3,0,0
1841,2000,2000,85,4,3,5,1667,2000,132,4,20,20,0,3,0,0
1842,2000,2000,85,4,3,5,1667,2000,132,4,20,20,0,3,0,0
1843,2000,2000,85,4,3,5,1667,2000,132,4,20,20,0,3,0,0
1844,2000,2000,85,4,3,5,1667,2000,132,4,20,20,0,3,0,0
1845,2000,2000,85,4,3,5,1667,2000,132,4,20,20,0,3,0,0
1846,2000,2000,73,4,4,5,1667,2000,132,4,20,20,0,3,12,0
1847,2000,2000,73,4,4,5,1667,2000,132,4,20,20,0,3,0,0
1848,2000,2000,73,4,4,5,1667,2000,132,4,20,20,0,3,0,0
1849,2000,2000,73,4,4,5,1667,2000,132,4,20,20,0,3,0,0
1850,2000,2000,73,4,4,5,1667,2000,132,4,20,20,0,3,0,0
1851,2000,2000,73,4,4,5,1667,2000,132,4,20,20,0,3,0,0
1852,2000,2000,73,4,4,5,1667,2000,132,4,20,20,0,3,0,0
1853,2000,2000,73,4,4,5,1667,2000,132,4,20,20,0,3,0,0
1854,2000,2000,73,4,4,5,1667,2000,132,4,20,20,0,3,0,0
1855,2000,2000,73,4,4,5,1667,2000,132,4,20,20,0,3,0,0
1856,2000,2000,73,4,5,5,1667,2000,132,4,20,20,0,3,0,0
1857,2000,2000,73,4,5,5,1667,2000,132,4,20,20,0,3,0,0
1858,2000,2000,73,4,5,5,1667,2000,132,4,20,20,0,3,0,0
1859,2000,2000,73,4,5,5,1667,2000,132,4,20,20,0,3,0,0
1860,2000,2000,93,4,5,5,1667,2000,151,4,20,20,0,3,0,0
1861,2000,2000,93,4,5,5,1667,2000,151,4,20,20,0,3,0,0
1862,2000,2000,93,4,5,5,1667,2000,151,4,20,20,0,3,0,0
1863,2000,2000,93,4,5,5,1667,2000,151,4,20,20,0,3,0,0
1864,2000,2000,93,4,5,5,1667,2000,151,4,20,20,0,3,0,0
1865,2000,2000,93,4,4,5,1667,2000,151,4,20,20,0,3,0,0
1866,2000,2000,93,4,5,5,1667,2000,151,4,20,20,0,3,0,0
1867,2000,2000,93,4,5,5,1667,2000,151,4,20,20,0,3,0,0
1868,2000,2000,93,4,5,5,1667,2000,151,4,20,20,0,3,0,0
1869,2000,2000,93,4,5,5,1667,2000,151,4,20,20,0,3,0,0
1870,2000,2000,93,4,5,5,1667,2000,151,4,20,20,0,3,0,0
1871,2000,2000,93,4,5,5,1667,2000,151,4,20,20,0,3,0,0
1872,2000,2000,93,4,5,5,1667,2000,151,4,20,20,0,3,0,0
1873,2000,2000,93,4,5,5,1667,2000,151,4,20,20,0,3,0,0
1874,2000,2000,93,4,5,5,1667,2000,151,4,20,20,0,3,0,0
1875,2000,2000,93,4,5,5,1667,2000,151,4,20,20,0,3,0,0
1876,2000,2000,93,4,6,6,1667,2000,139,4,20,20,0,3,0,12
1877,2000,2000,93,4,5,6,1667,2000,139,4,20,20,0,3,0,0
1878,2000,2000,93,4,5,6,1667,2000,139,4,20,20,0,3,0,0
1879,2000,2000,93,4,5,6,1667,2000,139,4,20,20,0,3,0,0
1880,2000,2000,93,4,5,6,1667,2000,139,4,20,20,0,3,0,0
1881,2000,2000,93,4,5,6,1667,2000,139,4,20,20,0,3,0,0
1882,2000,2000,93,4,5,6,1667,2000,139,4,20,20,0,3,0,0
1883,2000,2000,93,4,5,6,1667,2000,139,4,20,20,0,3,0,0
1884,2000,2000,93,4,5,6,1667,2000,139,4,20,20,0,3,0,0
1885,2000,2000,93,4,5,6,1667,2000,139,4,20,20,0,3,0,0
1886,2000,2000,93,4,6,7,1667,2000,139,4,20,20,0,3,0,0
1887,2000,2000,93,4,6,7,1667,2000,139,4,20,20,0,3,0,0
1888,2000,2000,93,4,6,7,1667,2000,139,4,20,20,0,3,0,0
1889,2000,2000,93,4,6,7,1667,2000,139,4,20,20,0,3,0,0
1890,2000,2000,112,4,6,7,1667,2000,159,4,20,20,0,3,0,0
1891,2000,2000,112,4,5,7,1667,2000,159,4,20,20,0,3,0,0
1892,2000,2000,112,4,5,7,1667,2000,159,4,20,20,0,3,0,0
1893,2000,2000,112,4,5,7,1667,2000,159,4,20,20,0,3,0,0
1894,2000,2000,112,4,5,7,1667,2000,159,4,20,20,0,3,0,0
1895,2000,2000,112,4,5,7,1667,2000,159,4,20,20,0,3,0,0
1896,2000,2000,112,4,5,8,1667,2000,159,4,20,20,0,3,0,0
1897,2000,2000,112,4,5,8,1667,2000,159,4,20,20,0,3,0,0
1898,2000,2000,112,4,5,8,1667,2000,159,4,20,20,0,3,0,0
1899,2000,2000,112,4,5,8,1667,2000,159,4,20,20,0,3,0,0
1900,2000,2000,112,4,5,8,1667,2000,159,4,20,20,0,3,0,0
1901,2000,2000,112,4,5,8,1667,2000,159,4,20,20,0,3,0,0
1902,2000,2000,112,4,5,8,1667,2000,159,4,20,20,0,3,0,0
1903,2000,2000,112,4,5,8,1667,2000,159,4,20,20,0,3,0,0
1904,2000,2000,112,4,5,8,1667,2000,159,4,20,20,0,3,0,0
1905,2000,2000,112,4,5,8,1667,2000,159,4,20,20,0,3,0,0
1906,2000,2000,112,4,5,9,1667,2000,159,4,20,20,0,3,0,0
1907,2000,2000,112,4,5,9,1667,2000,159,4,20,20,0,3,0,0
1908,2000,2000,112,4,5,9,1667,2000,159,4,20,20,0,3,0,0
1909,2000,2000,112,4,5,9,1667,2000,159,4,20,20,0,3,0,0
1910,2000,2000,112,4,5,9,1667,2000,159,4,20,20,0,3,0,0
1911,2000,2000,112,4,5,9,1667,2000,159,4,20,20,0,3,0,0
1912,2000,2000,112,4,5,9,1667,2000,159,4,20,20,0,3,0,0
1913,2000,2000,112,4,5,9,1667,2000,159,4,20,20,0,3,0,0
1914,2000,2000,112,4,5,9,1667,2000,159,4,20,20,0,3,0,0
1915,2000,2000,112,4,5,9,1667,2000,159,4,20,20,0,3,0,0
1916,2000,2000,112,4,5,10,1667,2000,159,4,20,20,0,3,0,0
1917,2000,2000,112,4,5,10,1667,2000,159,4,20,20,0,3,0,0
1918,2000,2000,112,4,5,10,1667,2000,159,4,20,20,0,3,0,0
1919,2000,2000,112,4,5,10,1667,2000,159,4,20,20,0,3,0,0
1920,2000,2000,132,4,5,10,1667,2000,179,4,20,20,0,3,0,0
1921,2000,2000,132,4,5,10,1667,2000,179,4,20,20,0,3,0,0
1922,2000,2000,132,4,5,10,1667,2000,179,4,20,20,0,3,0,0
1923,2000,2000,132,4,5,10,1667,2000,179,4,20,20,0,3,0,0
1924,2000,2000,132,4,5,10,1667,2000,179,4,20,20,0,3,0,0
1925,2000,2000,132,4,5,10,1667,2000,179,4,20,20,0,3,0,0
1926,2000,2000,132,4,5,10,1667,2000,179,4,20,20,0,3,0,0
1927,2000,2000,132,4,5,10,1667,2000,179,4,20,20,0,3,0,0
1928,2000,2000,132,4,5,10,1667,2000,179,4,20,20,0,3,0,0
1929,2000,2000,132,4,5,10,1667,2000,179,4,20,20,0,3,0,0
1930,2000,2000,132,4,5,10,1667,2000,179,4,20,20,0,3,0,0
1931,2000,2000,132,4,5,10,1667,2000,179,4,20,20,0,3,0,0
1932,2000,2000,132,4,5,10,1667,2000,179,4,20,20,0,3,0,0
1933,2000,2000,132,4,5,10,1667,2000,179,4,20,20,0,3,0,0
1934,2000,2000,132,4,5,10,1667,2000,179,4,20,20,0,3,0,0
1935,2000,2000,132,4,5,10,1667,2000,179,4,20,20,0,3,0,0
1936,2000,2000,132,4,5,10,1667,2000,179,4,20,20,0,3,0,0
1937,2000,2000,132,4,5,10,1667,2000,179,4,20,20,0,3,0,0
1938,2000,2000,132,4,5,10,1667,2000,179,4,20,20,0,3,0,0
1939,2000,2000,132,4,5,10,1667,2000,179,4,20,20,0,3,0,0
1940,2000,2000,132,4,5,10,1667,2000,179,4,20,20,0,3,0,0
1941,2000,2000,132,4,5,10,1667,2000,179,4,20,20,0,3,0,0
1942,2000,2000,132,4,5,10,1667,2000,179,4,20,20,0,3,0,0
1943,2000,2000,132,4,5,10,1667,2000,179,4,20,20,0,3,0,0
1944,2000,2000,132,4,5,10,1667,2000,179,4,20,20,0,3,0,0
1945,2000,2000,132,4,5,10,1667,2000,179,4,20,20,0,3,0,0
1946,2000,2000,132,4,5,10,1667,2000,179,4,20,20,0,3,0,0
1947,2000,2000,132,4,5,10,1667,2000,179,4,20,20,0,3,0,0
1948,2000,2000,132,4,5,10,1667,2000,179,4,20,20,0,3,0,0
1949,2000,2000,132,4,5,10,1667,2000,179,4,20,20,0,3,0,0
1950,2000,2000,152,4,5,10,1667,2000,199,4,20,20,0,3,0,0
1951,2000,2000,152,4,5,10,1667,2000,199,4,20,20,0,3,0,0
1952,2000,2000,152,4,5,10,1667,2000,199,4,20,20,0,3,0,0
1953,2000,2000,152,4,5,10,1667,2000,199,4,20,20,0,3,0,0
1954,2000,2000,152,4,5,10,1667,2000,199,4,20,20,0,3,0,0
1955,2000,2000,152,4,5,10,1667,2000,199,4,20,20,0,3,0,0
1956,2000,2000,152,4,5,10,1667,2000,199,4,20,20,0,3,0,0
1957,2000,2000,152,4,5,10,1667,2000,199,4,20,20,0,3,0,0
1958,2000,2000,152,4,5,10,1667,2000,199,4,20,20,0,3,0,0
1959,2000,2000,152,4,5,10,1667,2000,199,4,20,20,0,3,0,0
1960,2000,2000,152,4,5,10,1667,2000,199,4,20,20,0,3,0,0
1961,2000,2000,152,4,5,10,1667,2000,199,4,20,20,0,3,0,0
1962,2000,2000,152,4,5,10,1667,2000,199,4,20,20,0,3,0,0
1963,2000,2000,152,4,5,10,1667,2000,199,4,20,20,0,3,0,0
1964,2000,2000,152,4,5,10,1667,2000,199,4,20,20,0,3,0,0
1965,2000,2000,152,4,5,10,1667,2000,199,4,20,20,0,3,0,0
1966,2000,2000,152,4,5,10,1667,2000,199,4,20,20,0,3,0,0
1967,2000,2000,152,4,5,10,1667,2000,199,4,20,20,0,3,0,0
1968,2000,2000,152,4,5,10,1667,2000,199,4,20,20,0,3,0,0
1969,2000,2000,152,4,5,10,1667,2000,199,4,20,20,0,3,0,0
1970,2000,2000,152,4,5,10,1667,2000,199,4,20,20,0,3,0,0
1971,2000,2000,152,4,5,10,1667,2000,199,4,20,20,0,3,0,0
1972,2000,2000,152,4,5,10,1667,2000,199,4,20,20,0,3,0,0
1973,2000,2000,152,4,5,10,1667,2000,199,4,20,20,0,3,0,0
1974,2000,2000,152,4,5,10,1667,2000,199,4,20,20,0,3,0,0
1975,2000,2000,152,4,5,10,1667,2000,199,4,20,20,0,3,0,0
1976,2000,2000,152,4,5,10,1667,2000,199,4,20,20,0,3,0,0
1977,2000,2000,152,4,5,10,1667,2000,199,4,20,20,0,3,0,0
1978,2000,2000,152,4,5,10,1667,2000,199,4,20,20,0,3,0,0
1979,2000,2000,152,4,5,10,1667,2000,199,4,20,20,0,3,0,0
1980,2000,2000,171,4,5,10,1667,2000,218,4,20,20,0,3,0,0
1981,2000,2000,171,4,5,10,1667,2000,218,4,20,20,0,3,0,0
1982,2000,2000,171,4,5,10,1667,2000,218,4,20,20,0,3,0,0
1983,2000,2000,171,4,5,10,1667,2000,218,4,20,20,0,3,0,0
1984,2000,2000,171,4,5,10,1667,2000,218,4,20,20,0,3,0,0
1985,2000,2000,171,4,5,10,1667,2000,218,4,20,20,0,3,0,0
1986,2000,2000,171,4,5,10,1667,2000,218,4,20,20,0,3,0,0
1987,2000,2000,171,4,5,10,1667,2000,218,4,20,20,0,3,0,0
1988,2000,2000,171,4,5,10,1667,2000,218,4,20,20,0,3,0,0
1989,2000,2000,171,4,5,10,1667,2000,218,4,20,20,0,3,0,0
1990,2000,2000,171,4,5,10,1667,2000,218,4,20,20,0,3,0,0
1991,2000,2000,171,4,5,10,1667,2000,153,4,20,20,0,3,0,13
1992,2000,2000,171,4,5,10,1667,2000,153,4,20,20,0,3,0,0
1993,2000,2000,171,4,5,9,1667,2000,153,4,20,20,0,3,0,0
1994,2000,2000,171,4,5,9,1667,2000,153,4,20,20,0,3,0,0
1995,2000,2000,171,4,5,9,1667,2000,153,4,20,20,0,3,0,0
1996,2000,2000,171,4,5,9,1667,2000,153,4,20,20,0,3,0,0
1997,2000,2000,171,4,5,9,1667,2000,153,4,20,20,0,3,0,0
1998,2000,2000,171,4,5,9,1667,2000,153,4,20,20,0,3,0,0
1999,2000,2000,171,4,5,9,1667,2000,153,4,20,20,0,3,0,0
2000,2000,2000,171,4,5,9,1667,2000,153,4,20,20,0,3,0,0
2001,2000,2000,171,4,5,9,1667,2000,153,4,20,20,0,3,0,0
2002,2000,2000,171,4,5,9,1667,2000,153,4,20,20,0,3,0,0
2003,2000,2000,171,4,5,8,1667,2000,153,4,20,20,0,3,0,0
2004,2000,2000,171,4,4,8,1667,2000,153,4,20,20,0,3,0,0
2005,2000,2000,171,4,4,8,1667,2000,153,4,20,20,0,3,0,0
2006,2000,2000,171,4,4,8,1667,2000,153,4,20,20,0,3,0,0
2007,2000,2000,171,4,4,8,1667,2000,153,4,20,20,0,3,0,0
2008,2000,2000,171,4,4,8,1667,2000,153,4,20,20,0,3,0,0
2009,2000,2000,171,4,4,8,1667,2000,153,4,20,20,0,3,0,0
2010,2000,2000,191,4,4,8,1667,2000,173,4,20,20,0,3,0,0
2011,2000,2000,191,4,4,8,1667,2000,173,4,20,20,0,3,0,0
2012,2000,2000,191,4,4,8,1667,2000,173,4,20,20,0,3,0,0
2013,2000,2000,191,4,4,8,1667,2000,173,4,20,20,0,3,0,0
2014,2000,2000,191,4,4,7,1667,2000,173,4,20,20,0,3,0,0
2015,2000,2000,191,4,4,7,1667,2000,173,4,20,20,0,3,0,0
2016,2000,2000,191,4,4,7,1667,2000,173,4,20,20,0,3,0,0
2017,2000,2000,191,4,4,7,1667,2000,173,4,20,20,0,3,0,0
2018,2000,2000,191,4,4,7,1667,2000,173,4,20,20,0,3,0,0
2019,2000,2000,191,4,4,7,1667,2000,173,4,20,20,0,3,0,0
2020,2000,2000,191,4,4,7,1667,2000,173,4,20,20,0,3,0,0
2021,2000,2000,191,4,4,7,1667,2000,173,4,20,20,0,3,0,0
2022,2000,2000,191,4,4,7,1667,2000,173,4,20,20,0,3,0,0
2023,2000,2000,191,4,4,7,1667,2000,173,4,20,20,0,3,0,0
2024,2000,2000,191,4,4,7,1667,2000,173,4,20,20,0,3,0,0
2025,2000,2000,191,4,4,7,1667,2000,173,4,20,20,0,3,0,0
2026,2000,2000,191,4,4,7,1667,2000,173,4,20,20,0,3,0,0
2027,2000,2000,191,4,3,6,1667,2000,173,4,20,20,0,3,0,0
2028,2000,2000,191,4,3,6,1667,2000,173,4,20,20,0,3,0,0
2029,2000,2000,191,4,3,6,1667,2000,173,4,20,20,0,3,0,0
2030,2000,2000,191,4,3,6,1667,2000,173,4,20,20,0,3,0,0
2031,2000,2000,191,4,3,6,1667,2000,173,4,20,20,0,3,0,0
2032,2000,2000,191,4,3,6,1667,2000,173,4,20,20,0,3,0,0
2033,2000,2000,191,4,3,6,1667,2000,173,4,20,20,0,3,0,0
2034,2000,2000,191,4,3,6,1667,2000,173,4,20,20,0,3,0,0
2035,2000,2000,191,4,3,6,1667,2000,173,4,20,20,0,3,0,0
2036,2000,2000,191,4,2,5,1667,2000,173,4,20,20,0,3,0,0
2037,2000,2000,191,4,2,5,1667,2000,173,4,20,20,0,3,0,0
2038,2000,2000,191,4,2,5,1667,2000,173,4,20,20,0,3,0,0
2039,2000,2000,179,4,3,5,1667,2000,273,4,20,20,0,3,12,0
2040,2000,2000,199,4,3,5,1667,2000,293,4,20,20,0,3,0,0
2041,2000,2000,199,4,3,5,1667,2000,293,4,20,20,0,3,0,0
2042,2000,2000,199,4,3,5,1667,2000,293,4,20,20,0,3,0,0
2043,2000,2000,199,4,3,5,1667,2000,293,4,20,20,0,3,0,0
2044,2000,2000,199,4,3,5,1667,2000,293,4,20,20,0,3,0,0
2045,2000,2000,199,4,3,5,1667,2000,293,4,20,20,0,3,0,0
2046,2000,2000,199,4,3,5,1667,2000,293,4,20,20,0,3,0,0
2047,2000,2000,199,4,3,5,1667,2000,293,4,20,20,0,3,0,0
2048,2000,2000,199,4,3,5,1667,2000,293,4,20,20,0,3,0,0
2049,2000,2000,199,4,4,5,1667,2000,293,4,20,20,0,3,0,0
2050,2000,2000,199,4,4,5,1667,2000,293,4,20,20,0,3,0,0
2051,2000,2000,199,4,4,5,1667,2000,293,4,20,20,0,3,0,0
2052,2000,2000,199,4,4,5,1667,2000,293,4,20,20,0,3,0,0
2053,2000,2000,199,4,4,5,1667,2000,293,4,20,20,0,3,0,0
2054,2000,2000,199,4,4,5,1667,2000,293,4,20,20,0,3,0,0
2055,2000,2000,199,4,4,5,1667,2000,293,4,20,20,0,3,0,0
2056,2000,2000,199,4,4,5,1667,2000,293,4,20,20,0,3,0,0
2057,2000,2000,199,4,3,5,1667,2000,293,4,20,20,0,3,0,0
2058,2000,2000,199,4,3,5,1667,2000,293,4,20,20,0,3,0,0
2059,2000,2000,199,4,4,5,1667,2000,293,4,20,20,0,3,0,0
2060,2000,2000,199,4,4,5,1667,2000,293,4,20,20,0,3,0,0
2061,2000,2000,199,4,4,6,1667,2000,281,4,20,20,0,3,0,12
2062,2000,2000,199,4,4,6,1667,2000,281,4,20,20,0,3,0,0
2063,2000,2000,199,4,4,6,1667,2000,281,4,20,20,0,3,0,0
2064,2000,2000,199,4,4,6,1667,2000,281,4,20,20,0,3,0,0
2065,2000,2000,199,4,4,6,1667,2000,281,4,20,20,0,3,0,0
2066,2000,2000,199,4,4,6,1667,2000,281,4,20,20,0,3,0,0
2067,2000,2000,199,4,4,6,1667,2000,281,4,20,20,0,3,0,0
2068,2000,2000,199,4,4,6,1667,2000,281,4,20,20,0,3,0,0
2069,2000,2000,199,4,5,6,1667,2000,281,4,20,20,0,3,0,0
2070,2000,2000,219,4,5,6,1667,2000,301,4,20,20,0,3,0,0
2071,2000,2000,219,4,4,7,1667,2000,301,4,20,20,0,3,0,0
2072,2000,2000,219,4,4,7,1667,2000,301,4,20,20,0,3,0,0
2073,2000,2000,219,4,4,7,1667,2000,301,4,20,20,0,3,0,0
2074,2000,2000,219,4,4,7,1667,2000,301,4,20,20,0,3,0,0
2075,2000,2000,219,4,4,7,1667,2000,301,4,20,20,0,3,0,0
2076,2000,2000,219,4,4,7,1667,2000,301,4,20,20,0,3,0,0
2077,2000,2000,219,4,4,7,1667,2000,301,4,20,20,0,3,0,0
2078,2000,2000,219,4,4,7,1667,2000,301,4,20,20,0,3,0,0
2079,2000,2000,219,4,5,7,1667,2000,301,4,20,20,0,3,0,0
2080,2000,2000,219,4,5,7,1667,2000,301,4,20,20,0,3,0,0
2081,2000,2000,219,4,5,8,1667,2000,301,4,20,20,0,3,0,0
2082,2000,2000,219,4,5,8,1667,2000,301,4,20,20,0,3,0,0
2083,2000,2000,219,4,5,8,1667,2000,301,4,20,20,0,3,0,0
2084,2000,2000,219,4,5,8,1667,2000,301,4,20,20,0,3,0,0
2085,2000,2000,219,4,5,8,1667,2000,301,4,20,20,0,3,0,0
2086,2000,2000,219,4,5,8,1667,2000,301,4,20,20,0,3,0,0
2087,2000,2000,219,4,5,8,1667,2000,301,4,20,20,0,3,0,0
2088,2000,2000,219,4,5,8,1667,2000,301,4,20,20,0,3,0,0
2089,2000,2000,219,4,5,8,1667,2000,301,4,20,20,0,3,0,0
2090,2000,2000,219,4,5,8,1667,2000,301,4,20,20,0,3,0,0
2091,2000,2000,219,4,5,9,1667,2000,301,4,20,20,0,3,0,0
2092,2000,2000,219,4,5,9,1667,2000,301,4,20,20,0,3,0,0
2093,2000,2000,219,4,5,9,1667,2000,301,4,20,20,0,3,0,0
2094,2000,2000,219,4,5,9,1667,2000,301,4,20,20,0,3,0,0
2095,2000,2000,219,4,5,9,1667,2000,301,4,20,20,0,3,0,0
2096,2000,2000,219,4,5,9,1667,2000,301,4,20,20,0,3,0,0
2097,2000,2000,219,4,5,9,1667,2000,301,4,20,20,0,3,0,0
2098,2000,2000,219,4,5,9,1667,2000,301,4,20,20,0,3,0,0
2099,2000,2000,219,4,5,9,1667,2000,301,4,20,20,0,3,0,0
2100,2000,2000,238,4,5,9,1667,2000,320,4,20,20,0,3,0,0
2101,2000,2000,238,4,5,10,1667,2000,320,4,20,20,0,3,0,0
2102,2000,2000,238,4,5,10,1667,2000,320,4,20,20,0,3,0,0
2103,2000,2000,238,4,5,10,1667,2000,320,4,20,20,0,3,0,0
2104,2000,2000,238,4,5,10,1667,2000,320,4,20,20,0,3,0,0
2105,2000,2000,238,4,5,10,1667,2000,320,4,20,20,0,3,0,0
2106,2000,2000,238,4,5,10,1667,2000,320,4,20,20,0,3,0,0
2107,2000,2000,238,4,5,10,1667,2000,320,4,20,20,0,3,0,0
2108,2000,2000,238,4,5,10,1667,2000,320,4,20,20,0,3,0,0
2109,2000,2000,238,4,5,10,1667,2000,320,4,20,20,0,3,0,0
2110,2000,2000,238,4,5,10,1667,2000,320,4,20,20,0,3,0,0
2111,2000,2000,238,4,5,10,1667,2000,320,4,20,20,0,3,0,0
2112,2000,2000,238,4,5,10,1667,2000,320,4,20,20,0,3,0,0
2113,2000,2000,238,4,5,10,1667,2000,320,4,20,20,0,3,0,0
2114,2000,2000,238,4,5,10,1667,2000,320,4,20,20,0,3,0,0
2115,2000,2000,238,4,5,10,1667,2000,320,4,20,20,0,3,0,0
2116,2000,2000,238,4,5,10,1667,2000,320,4,20,20,0,3,0,0
2117,2000,2000,238,4,5,10,1667,2000,320,4,20,20,0,3,0,0
2118,2000,2000,238,4,5,10,1667,2000,320,4,20,20,0,3,0,0
2119,2000,2000,238,4,5,10,1667,2000,320,4,20,20,0,3,0,0
2120,2000,2000,238,4,5,10,1667,2000,320,4,20,20,0,3,0,0
2121,2000,2000,238,4,5,10,1667,2000,320,4,20,20,0,3,0,0
2122,2000,2000,238,4,5,10,1667,2000,320,4,20,20,0,3,0,0
2123,2000,2000,238,4,5,10,1667,2000,320,4,20,20,0,3,0,0
2124,2000,2000,238,4,5,10,1667,2000,320,4,20,20,0,3,0,0
2125,2000,2000,238,4,5,10,1667,2000,320,4,20,20,0,3,0,0
2126,2000,2000,238,4,5,10,1667,2000,320,4,20,20,0,3,0,0
2127,2000,2000,238,4,5,10,1667,2000,320,4,20,20,0,3,0,0
2128,2000,2000,238,4,5,10,1667,2000,320,4,20,20,0,3,0,0
2129,2000,2000,238,4,5,10,1667,2000,320,4,20,20,0,3,0,0
2130,2000,2000,258,4,5,10,1667,2000,340,4,20,20,0,3,0,0
2131,2000,2000,258,4,5,10,1667,2000,340,4,20,20,0,3,0,0
2132,2000,2000,258,4,5,10,1667,2000,340,4,20,20,0,3,0,0
2133,2000,2000,258,4,5,10,1667,2000,340,4,20,20,0,3,0,0
2134,2000,2000,258,4,5,10,1667,2000,340,4,20,20,0,3,0,0
2135,2000,2000,193,4,5,10,1667,2000,340,4,20,20,0,3,13,0
2136,2000,2000,193,4,5,10,1667,2000,340,4,20,20,0,3,0,0
2137,2000,2000,193,4,5,10,1667,2000,340,4,20,20,0,3,0,0
2138,2000,2000,193,4,5,10,1667,2000,340,4,20,20,0,3,0,0
2139,2000,2000,193,4,5,10,1667,2000,340,4,20,20,0,3,0,0
2140,2000,2000,193,4,5,10,1667,2000,340,4,20,20,0,3,0,0
2141,2000,2000,193,4,5,10,1667,2000,340,4,20,20,0,3,0,0
2142,2000,2000,193,4,5,10,1667,2000,340,4,20,20,0,3,0,0
2143,2000,2000,193,4,5,10,1667,2000,340,4,20,20,0,3,0,0
2144,2000,2000,193,4,5,10,1667,2000,340,4,20,20,0,3,0,0
2145,2000,2000,193,4,5,10,1667,2000,340,4,20,20,0,3,0,0
2146,2000,2000,193,4,5,10,1667,2000,340,4,20,20,0,3,0,0
2147,2000,2000,193,4,5,10,1667,2000,340,4,20,20,0,3,0,0
2148,2000,2000,193,4,5,10,1667,2000,340,4,20,20,0,3,0,0
2149,2000,2000,193,4,5,10,1667,2000,340,4,20,20,0,3,0,0
2150,2000,2000,193,4,5,10,1667,2000,340,4,20,20,0,3,0,0
2151,2000,2000,193,4,5,10,1667,2000,340,4,20,20,0,3,0,0
2152,2000,2000,193,4,5,10,1667,2000,340,4,20,20,0,3,0,0
2153,2000,2000,193,4,5,10,1667,2000,340,4,20,20,0,3,0,0
2154,2000,2000,193,4,5,10,1667,2000,340,4,20,20,0,3,0,0
2155,2000,2000,193,4,5,10,1667,2000,340,4,20,20,0,3,0,0
2156,2000,2000,193,4,5,10,1667,2000,340,4,20,20,0,3,0,0
2157,2000,2000,193,4,5,10,1667,2000,340,4,20,20,0,3,0,0
2158,2000,2000,193,4,5,10,1667,2000,340,4,20,20,0,3,0,0
2159,2000,2000,193,4,5,10,1667,2000,340,4,20,20,0,3,0,0
2160,2000,2000,213,4,5,10,1667,2000,360,4,20,20,0,3,0,0
2161,2000,2000,213,4,5,10,1667,2000,360,4,20,20,0,3,0,0
2162,2000,2000,213,4,5,10,1667,2000,360,4,20,20,0,3,0,0
2163,2000,2000,213,4,5,10,1667,2000,360,4,20,20,0,3,0,0
2164,2000,2000,213,4,5,10,1667,2000,360,4,20,20,0,3,0,0
2165,2000,2000,213,4,5,10,1667,2000,360,4,20,20,0,3,0,0
2166,2000,2000,213,4,5,10,1667,2000,360,4,20,20,0,3,0,0
2167,2000,2000,213,4,5,10,1667,2000,360,4,20,20,0,3,0,0
2168,2000,2000,213,4,5,10,1667,2000,360,4,20,20,0,3,0,0
2169,2000,2000,213,4,5,10,1667,2000,360,4,20,20,0,3,0,0
2170,2000,2000,213,4,5,10,1667,2000,360,4,20,20,0,3,0,0
2171,2000,2000,213,4,5,10,1667,2000,360,4,20,20,0,3,0,0
2172,2000,2000,213,4,5,10,1667,2000,360,4,20,20,0,3,0,0
2173,2000,2000,213,4,5,10,1667,2000,360,4,20,20,0,3,0,0
2174,2000,2000,213,4,5,10,1667,2000,360,4,20,20,0,3,0,0
2175,2000,2000,213,4,5,10,1667,2000,360,4,20,20,0,3,0,0
2176,2000,2000,213,4,5,10,1667,2000,360,4,20,20,0,3,0,0
2177,2000,2000,213,4,5,10,1667,2000,360,4,20,20,0,3,0,0
2178,2000,2000,213,4,5,9,1667,2000,360,4,20,20,0,3,0,0
2179,2000,2000,213,4,5,9,1667,2000,360,4,20,20,0,3,0,0
2180,2000,2000,213,4,5,9,1667,2000,360,4,20,20,0,3,0,0
2181,2000,2000,213,4,5,9,1667,2000,360,4,20,20,0,3,0,0
2182,2000,2000,213,4,5,9,1667,2000,360,4,20,20,0,3,0,0
2183,2000,2000,313,4,5,9,1667,2000,360,4,20,20,0,3,0,0
2184,2000,2000,313,4,5,9,1667,2000,360,4,20,20,0,3,0,0
2185,2000,2000,313,4,5,9,1667,2000,360,4,20,20,0,3,0,0
2186,2000,2000,313,4,5,9,1667,2000,360,4,20,20,0,3,0,0
2187,2000,2000,313,4,5,9,1667,2000,360,4,20,20,0,3,0,0
2188,2000,2000,313,4,4,9,1667,2000,360,4,20,20,0,3,0,0
2189,2000,2000,313,4,4,9,1667,2000,360,4,20,20,0,3,0,0
2190,2000,2000,333,4,4,8,1667,2000,380,4,20,20,0,3,0,0
2191,2000,2000,333,4,4,8,1667,2000,380,4,20,20,0,3,0,0
2192,2000,2000,333,4,4,8,1667,2000,380,4,20,20,0,3,0,0
2193,2000,2000,333,4,4,8,1667,2000,380,4,20,20,0,3,0,0
2194,2000,2000,333,4,4,8,1667,2000,380,4,20,20,0,3,0,0
2195,2000,2000,333,4,4,8,1667,2000,380,4,20,20,0,3,0,0
2196,2000,2000,333,4,4,8,1667,2000,380,4,20,20,0,3,0,0
2197,2000,2000,333,4,4,8,1667,2000,380,4,20,20,0,3,0,0
2198,2000,2000,333,4,4,8,1667,2000,380,4,20,20,0,3,0,0
2199,2000,2000,333,4,4,8,1667,2000,380,4,20,20,0,3,0,0
2200,2000,2000,333,4,4,8,1667,2000,380,4,20,20,0,3,0,0
2201,2000,2000,333,4,4,8,1667,2000,380,4,20,20,0,3,0,0
2202,2000,2000,333,4,4,8,1667,2000,380,4,20,20,0,3,0,0
2203,2000,2000,333,4,4,8,1667,2000,380,4,20,20,0,3,0,0
2204,2000,2000,333,4,4,8,1667,2000,380,4,20,20,0,3,0,0
2205,2000,2000,333,4,4,8,1667,2000,380,4,20,20,0,3,0,0
2206,2000,2000,333,4,4,8,1667,2000,380,4,20,20,0,3,0,0
2207,2000,2000,333,4,3,7,1667,2000,380,4,20,20,0,3,0,0
2208,2000,2000,333,4,3,7,1667,2000,380,4,20,20,0,3,0,0
2209,2000,2000,333,4,3,7,1667,2000,380,4,20,20,0,3,0,0
2210,2000,2000,333,4,3,7,1667,2000,380,4,20,20,0,3,0,0
2211,2000,2000,333,4,3,7,1667,2000,380,4,20,20,0,3,0,0
2212,2000,2000,333,4,3,7,1667,2000,380,4,20,20,0,3,0,0
2213,2000,2000,333,4,3,7,1667,2000,380,4,20,20,0,3,0,0
2214,2000,2000,333,4,3,7,1667,2000,380,4,20,20,0,3,0,0
2215,2000,2000,333,4,3,7,1667,2000,380,4,20,20,0,3,0,0
2216,2000,2000,333,4,2,6,1667,2000,380,4,20,20,0,3,0,0
2217,2000,2000,333,4,2,6,1667,2000,380,4,20,20,0,3,0,0
2218,2000,2000,333,4,2,6,1667,2000,380,4,20,20,0,3,0,0
2219,2000,2000,333,4,2,6,1667,2000,380,4,20,20,0,3,0,0
2220,2000,2000,352,4,2,6,1667,2000,399,4,20,20,0,3,0,0
2221,2000,2000,352,4,2,6,1667,2000,399,4,20,20,0,3,0,0
2222,2000,2000,352,4,2,6,1667,2000,399,4,20,20,0,3,0,0
2223,2000,2000,352,4,2,6,1667,2000,399,4,20,20,0,3,0,0
2224,2000,2000,352,4,2,6,1667,2000,399,4,20,20,0,3,0,0
2225,2000,2000,352,4,2,6,1667,2000,399,4,20,20,0,3,0,0
2226,2000,2000,352,4,1,5,1667,2000,399,4,20,20,0,3,0,0
2227,2000,2000,352,4,1,5,1667,2000,399,4,20,20,0,3,0,0
2228,2000,2000,352,4,1,5,1667,2000,399,4,20,20,0,3,0,0
2229,2000,2000,352,4,1,5,1667,2000,399,4,20,20,0,3,0,0
2230,2000,2000,352,4,1,5,1667,2000,399,4,20,20,0,3,0,0
2231,2000,2000,352,4,1,5,1667,2000,399,4,20,20,0,3,0,0
2232,2000,2000,352,4,1,5,1667,2000,399,4,20,20,0,3,0,0
2233,2000,2000,352,4,1,5,1667,2000,399,4,20,20,0,3,0,0
2234,2000,2000,352,4,1,5,1667,2000,399,4,20,20,0,3,0,0
2235,2000,2000,352,4,1,5,1667,2000,399,4,20,20,0,3,0,0
2236,2000,2000,352,4,1,5,1667,2000,399,4,20,20,0,3,0,0
2237,2000,2000,352,4,1,5,1667,2000,399,4,20,20,0,3,0,0
2238,2000,2000,352,4,1,5,1667,2000,399,4,20,20,0,3,0,0
2239,2000,2000,352,4,1,5,1667,2000,399,4,20,20,0,3,0,0
2240,2000,2000,352,4,1,5,1667,2000,399,4,20,20,0,3,0,0
2241,2000,2000,352,4,1,5,1667,2000,399,4,20,20,0,3,0,0
2242,2000,2000,352,4,1,5,1667,2000,399,4,20,20,0,3,0,0
2243,2000,2000,352,4,1,5,1667,2000,399,4,20,20,0,3,0,0
2244,2000,2000,352,4,1,5,1667,2000,399,4,20,20,0,3,0,0
2245,2000,2000,352,4,1,5,1667,2000,399,4,20,20,0,3,0,0
2246,2000,2000,352,4,1,5,1667,2000,399,4,20,20,0,3,0,0
2247,2000,2000,352,4,1,5,1667,2000,399,4,20,20,0,3,0,0
2248,2000,2000,352,4,1,5,1667,2000,399,4,20,20,0,3,0,0
2249,2000,2000,352,4,1,5,1667,2000,399,4,20,20,0,3,0,0
2250,2000,2000,372,4,1,5,1667,2000,419,4,20,20,0,3,0,0
2251,2000,2000,372,4,1,5,1667,2000,419,4,20,20,0,3,0,0
2252,2000,2000,372,4,1,5,1667,2000,419,4,20,20,0,3,0,0
2253,2000,2000,372,4,1,5,1667,2000,419,4,20,20,0,3,0,0
2254,2000,2000,372,4,1,5,1667,2000,419,4,20,20,0,3,0,0
2255,2000,2000,372,4,0,5,1667,2000,419,4,20,20,0,3,0,0
2256,2000,2000,372,4,0,5,1667,2000,419,4,20,20,0,3,0,0
2257,2000,2000,372,4,0,5,1667,2000,419,4,20,20,0,3,0,0
2258,2000,2000,372,4,0,5,1667,2000,419,4,20,20,0,3,0,0
2259,2000,2000,372,4,0,5,1667,2000,419,4,20,20,0,3,0,0
2260,2000,2000,372,4,0,5,1667,2000,419,4,20,20,0,3,0,0
2261,2000,2000,372,4,0,5,1667,2000,419,4,20,20,0,3,0,0
2262,2000,2000,372,4,0,5,1667,2000,419,4,20,20,0,3,0,0
2263,2000,2000,372,4,0,5,1667,2000,419,4,20,20,0,3,0,0
2264,2000,2000,372,4,0,5,1667,2000,419,4,20,20,0,3,0,0
2265,2000,2000,372,4,0,5,1667,2000,419,4,20,20,0,3,0,0
2266,2000,2000,372,4,0,5,1667,2000,419,4,20,20,0,3,0,0
2267,2000,2000,372,4,0,5,1667,2000,419,4,20,20,0,3,0,0
2268,2000,2000,372,4,0,5,1667,2000,419,4,20,20,0,3,0,0
2269,2000,2000,372,4,0,5,1667,2000,419,4,20,20,0,3,0,0
2270,2000,2000,372,4,0,5,1667,2000,419,4,20,20,0,3,0,0
2271,2000,2000,372,4,0,5,1667,2000,419,4,20,20,0,3,0,0
2272,2000,2000,372,4,0,5,1667,2000,419,4,20,20,0,3,0,0
2273,2000,2000,372,4,0,5,1667,2000,419,4,20,20,0,3,0,0
2274,2000,2000,372,4,0,5,1667,2000,419,4,20,20,0,3,0,0
2275,2000,2000,372,4,0,5,1667,2000,419,4,20,20,0,3,0,0
2276,2000,2000,372,4,0,5,1667,2000,419,4,20,20,0,3,0,0
2277,2000,2000,372,4,0,5,1667,2000,419,4,20,20,0,3,0,0
2278,2000,2000,372,4,0,5,1667,2000,419,4,20,20,0,3,0,0
2279,2000,2000,372,4,0,5,1667,2000,419,4,20,20,0,3,0,0
2280,2000,2000,392,4,0,5,1667,2000,439,4,20,20,0,3,0,0
2281,2000,2000,392,4,0,5,1667,2000,439,4,20,20,0,3,0,0
2282,2000,2000,392,4,0,5,1667,2000,439,4,20,20,0,3,0,0
2283,2000,2000,392,4,0,5,1667,2000,439,4,20,20,0,3,0,0
2284,2000,2000,392,4,0,5,1667,2000,439,4,20,20,0,3,0,0
2285,2000,2000,392,4,0,5,1667,2000,439,4,20,20,0,3,0,0
2286,2000,2000,392,4,0,5,1667,2000,439,4,20,20,0,3,0,0
2287,2000,2000,392,4,0,5,1667,2000,439,4,20,20,0,3,0,0
2288,2000,2000,392,4,0,5,1667,2000,439,4,20,20,0,3,0,0
2289,2000,2000,392,4,0,5,1667,2000,439,4,20,20,0,3,0,0
2290,2000,2000,392,4,0,5,1667,2000,439,4,20,20,0,3,0,0
2291,2000,2000,392,4,0,5,1667,2000,439,4,20,20,0,3,0,0
2292,2000,2000,392,4,0,5,1667,2000,439,4,20,20,0,3,0,0
2293,2000,2000,392,4,0,5,1667,2000,439,4,20,20,0,3,0,0
2294,2000,2000,392,4,0,5,1667,2000,439,4,20,20,0,3,0,0
2295,2000,2000,392,4,0,5,1667,2000,439,4,20,20,0,3,0,0
2296,2000,2000,392,4,0,5,1667,2000,439,4,20,20,0,3,0,0
2297,2000,2000,392,4,0,5,1667,2000,439,4,20,20,0,3,0,0
2298,2000,2000,392,4,0,5,1667,2000,439,4,20,20,0,3,0,0
2299,2000,2000,392,4,0,5,1667,2000,439,4,20,20,0,3,0,0
2300,2000,2000,392,4,0,5,1667,2000,439,4,20,20,0,3,0,0
2301,2000,2000,392,4,0,5,1667,2000,439,4,20,20,0,3,0,0
2302,2000,2000,392,4,0,5,1667,2000,439,4,20,20,0,3,0,0
2303,2000,2000,392,4,0,5,1667,2000,439,4,20,20,0,3,0,0
2304,2000,2000,392,4,0,5,1667,2000,439,4,20,20,0,3,0,0
2305,2000,2000,392,4,0,5,1667,2000,439,4,20,20,0,3,0,0
2306,2000,2000,392,4,0,5,1667,2000,439,4,20,20,0,3,0,0
2307,2000,2000,392,4,0,5,1667,2000,439,4,20,20,0,3,0,0
2308,2000,2000,392,4,0,5,1667,2000,439,4,20,20,0,3,0,0
2309,2000,2000,392,4,0,5,1667,2000,439,4,20,20,0,3,0,0
2310,2000,2000,412,4,0,5,1667,2000,459,4,20,20,0,3,0,0
2311,2000,2000,412,4,0,5,1667,2000,459,4,20,20,0,3,0,0
2312,2000,2000,412,4,0,5,1667,2000,459,4,20,20,0,3,0,0
2313,2000,2000,412,4,0,5,1667,2000,459,4,20,20,0,3,0,0
2314,1997,2000,412,4,0,5,1667,2000,459,4,20,20,0,3,0,0
2315,1997,2000,412,4,0,5,1667,2000,459,4,20,20,0,3,0,0
2316,1997,2000,412,4,0,5,1667,2000,459,4,20,20,0,3,0,0
2317,1997,2000,412,4,0,5,1667,2000,459,4,20,20,0,3,0,0
2318,1997,2000,412,4,0,5,1667,2000,459,4,20,20,0,3,0,0
2319,1997,2000,412,4,0,5,1667,2000,459,4,20,20,0,3,0,0
2320,1997,2000,412,4,0,5,1667,2000,459,4,20,20,0,3,0,0
2321,1994,2000,412,4,0,5,1667,2000,459,4,20,20,0,3,0,0
2322,1994,2000,412,4,0,5,1667,2000,459,4,20,20,0,3,0,0
2323,1994,2000,412,4,0,5,1667,2000,459,4,20,20,0,3,0,0
2324,1991,2000,412,4,0,5,1667,2000,459,4,20,20,0,3,0,0
2325,1991,2000,412,4,0,5,1667,2000,459,4,20,20,0,3,0,0
2326,1991,2000,412,4,0,5,1667,2000,459,4,20,20,0,3,0,0
2327,1991,2000,412,4,0,5,1667,2000,459,4,20,20,0,3,0,0
2328,1988,2000,412,4,0,5,1667,2000,459,4,20,20,0,3,0,0
2329,1988,2000,412,4,0,5,1667,2000,459,4,20,20,0,3,0,0
2330,1988,2000,412,4,0,5,1667,2000,459,4,20,20,0,3,0,0
2331,1985,2000,412,4,0,5,1667,2000,459,4,20,20,0,3,0,0
2332,1985,2000,412,4,0,5,1667,2000,459,4,20,20,0,3,0,0
2333,1985,2000,412,4,0,5,1667,2000,459,4,20,20,0,3,0,0
2334,1982,2000,412,4,0,5,1667,2000,459,4,20,20,0,3,0,0
2335,1979,2000,412,4,0,5,1667,2000,459,4,20,20,0,3,0,0
2336,1979,2000,412,4,0,5,1667,2000,459,4,20,20,0,3,0,0
2337,1979,2000,412,4,0,5,1667,2000,459,4,20,20,0,3,0,0
2338,1976,2000,412,4,0,5,1667,2000,459,4,20,20,0,3,0,0
2339,1976,2000,412,4,0,5,1667,2000,459,4,20,20,0,3,0,0
2340,1976,2000,431,4,0,5,1667,2000,478,4,20,20,0,3,0,0
2341,1973,2000,431,4,0,5,1667,2000,5,5,20,60,0,3,0,9
2342,1970,2000,431,4,0,5,1667,2000,5,5,20,60,0,3,0,0
2343,1970,2000,431,4,0,5,1667,2000,5,5,20,60,0,3,0,0
2344,1967,2000,431,4,0,5,1667,2000,5,5,20,60,0,3,0,0
2345,1964,2000,431,4,0,5,1667,2000,5,5,20,60,0,3,0,0
2346,1964,2000,431,4,0,5,1667,2000,5,5,20,60,0,3,0,0
2347,1964,2000,431,4,0,5,1667,2000,5,5,20,60,0,3,0,0
2348,1961,2000,431,4,0,5,1667,2000,5,5,20,60,0,3,0,0
2349,1958,2000,431,4,0,5,1667,2000,5,5,20,60,0,3,0,0
2350,1958,2000,431,4,0,5,1667,2000,5,5,20,60,0,3,0,0
2351,1955,2000,431,4,0,5,1667,2000,5,5,20,60,0,3,0,0
2352,1952,2000,431,4,0,5,1667,2000,5,5,20,60,0,3,0,0
2353,1952,2000,431,4,0,5,1667,2000,5,5,20,60,0,3,0,0
2354,1952,2000,431,4,0,5,1667,2000,5,5,20,60,0,3,0,0
2355,1946,2000,431,4,0,5,1667,2000,5,5,20,60,0,3,0,0
2356,1943,2000,431,4,0,5,1667,2000,5,5,20,60,0,3,0,0
2357,1943,2000,431,4,0,5,1667,2000,5,5,20,60,0,3,0,0
2358,1940,2000,431,4,0,5,1667,2000,5,5,20,60,0,3,0,0
2359,1937,2000,431,4,0,5,1667,2000,5,5,20,60,0,3,0,0
2360,1937,2000,431,4,0,5,1667,2000,5,5,20,60,0,3,0,0
2361,1937,2000,431,4,0,5,1667,2000,5,5,20,60,0,3,0,0
2362,1931,2000,431,4,0,5,1667,2000,5,5,20,60,0,3,0,0
2363,1928,2000,431,4,0,5,1667,2000,5,5,20,60,0,3,0,0
2364,1928,2000,431,4,0,5,1667,2000,5,5,20,60,0,3,0,0
2365,1925,2000,431,4,0,5,1667,2000,5,5,20,60,0,3,0,0
2366,1922,2000,431,4,0,5,1667,2000,5,5,20,60,0,3,0,0
2367,1922,2000,431,4,0,5,1667,2000,5,5,20,60,0,3,0,0
2368,1922,2000,431,4,0,5,1667,2000,5,5,20,60,0,3,0,0
2369,1916,2000,431,4,0,5,1667,2000,5,5,20,60,0,3,0,0
2370,1913,2000,451,4,0,5,1667,2000,64,5,20,60,0,3,0,0
2371,1913,2000,451,4,0,5,1667,2000,64,5,20,60,0,3,0,0
2372,1910,2000,451,4,0,5,1667,2000,64,5,20,60,0,3,0,0
2373,1907,2000,451,4,0,5,1667,2000,64,5,20,60,0,3,0,0
2374,1907,2000,451,4,0,5,1667,2000,64,5,20,60,0,3,0,0
2375,1907,2000,451,4,0,5,1667,2000,64,5,20,60,0,3,0,0
2376,1901,2000,451,4,0,5,1667,2000,64,5,20,60,0,3,0,0
2377,1898,2000,451,4,0,5,1667,2000,64,5,20,60,0,3,0,0
2378,1898,2000,451,4,0,5,1667,2000,64,5,20,60,0,3,0,0
2379,1895,2000,451,4,0,5,1667,2000,64,5,20,60,0,3,0,0
2380,1892,2000,451,4,0,5,1667,2000,64,5,20,60,0,3,0,0
2381,1892,2000,451,4,0,5,1667,2000,64,5,20,60,0,3,0,0
2382,1892,2000,451,4,0,5,1667,2000,64,5,20,60,0,3,0,0
2383,1886,2000,451,4,0,5,1667,2000,64,5,20,60,0,3,0,0
2384,1883,2000,451,4,0,5,1667,2000,64,5,20,60,0,3,0,0
2385,1883,2000,451,4,0,5,1667,2000,64,5,20,60,0,3,0,0
2386,1880,2000,451,4,0,5,1667,2000,64,5,20,60,0,3,0,0
2387,1877,2000,451,4,0,5,1667,2000,64,5,20,60,0,3,0,0
2388,1877,2000,451,4,0,5,1667,2000,64,5,20,60,0,3,0,0
2389,1877,2000,451,4,0,5,1667,2000,64,5,20,60,0,3,0,0
2390,1871,2000,451,4,0,5,1667,2000,64,5,20,60,0,3,0,0
2391,1868,2000,451,4,0,5,1667,2000,64,5,20,60,0,3,0,0
2392,1868,2000,451,4,0,5,1667,2000,64,5,20,60,0,3,0,0
2393,1865,2000,451,4,0,5,1667,2000,64,5,20,60,0,3,0,0
2394,1862,2000,451,4,0,5,1667,2000,64,5,20,60,0,3,0,0
2395,1862,2000,451,4,0,5,1667,2000,64,5,20,60,0,3,0,0
2396,1862,2000,451,4,0,5,1667,2000,64,5,20,60,0,3,0,0
2397,1856,2000,451,4,0,5,1667,2000,64,5,20,60,0,3,0,0
2398,1853,2000,451,4,0,5,1667,2000,64,5,20,60,0,3,0,0
2399,1853,2000,451,4,0,5,1667,2000,64,5,20,60,0,3,0,0
2400,1850,2000,471,4,0,5,1667,2000,124,5,20,60,0,3,0,0
2401,1847,2000,471,4,0,5,1667,2000,124,5,20,60,0,3,0,0
2402,1847,2000,471,4,0,5,1667,2000,124,5,20,60,0,3,0,0
2403,1847,2000,471,4,0,5,1667,2000,124,5,20,60,0,3,0,0
2404,1841,2000,471,4,0,5,1667,2000,124,5,20,60,0,3,0,0
2405,1838,2000,471,4,0,5,1667,2000,124,5,20,60,0,3,0,0
2406,1838,2000,471,4,0,5,1667,2000,124,5,20,60,0,3,0,0
2407,1835,2000,471,4,0,5,1667,2000,124,5,20,60,0,3,0,0
2408,1832,2000,471,4,0,5,1667,2000,124,5,20,60,0,3,0,0
2409,1832,2000,471,4,0,5,1667,2000,124,5,20,60,0,3,0,0
2410,1832,2000,471,4,0,5,1667,2000,124,5,20,60,0,3,0,0
2411,1826,2000,471,4,0,5,1667,2000,124,5,20,60,0,3,0,0
2412,1823,2000,471,4,0,5,1667,2000,124,5,20,60,0,3,0,0
2413,1823,2000,471,4,0,5,1667,2000,124,5,20,60,0,3,0,0
2414,1820,2000,471,4,0,5,1667,2000,124,5,20,60,0,3,0,0
2415,1817,2000,471,4,0,5,1667,2000,124,5,20,60,0,3,0,0
2416,1817,2000,471,4,0,5,1667,2000,124,5,20,60,0,3,0,0
2417,1817,2000,471,4,0,5,1667,2000,124,5,20,60,0,3,0,0
2418,1811,2000,471,4,0,5,1667,2000,124,5,20,60,0,3,0,0
2419,1808,2000,471,4,0,5,1667,2000,124,5,20,60,0,3,0,0
2420,1808,2000,471,4,0,5,1667,2000,124,5,20,60,0,3,0,0
2421,1805,2000,471,4,0,5,1667,2000,124,5,20,60,0,3,0,0
2422,1802,2000,471,4,0,5,1667,2000,124,5,20,60,0,3,0,0
2423,1802,2000,471,4,0,5,1667,2000,124,5,20,60,0,3,0,0
2424,1802,2000,471,4,0,5,1667,2000,124,5,20,60,0,3,0,0
2425,1796,2000,471,4,0,5,1667,2000,124,5,20,60,0,3,0,0
2426,1793,2000,471,4,0,5,1667,2000,124,5,20,60,0,3,0,0
2427,1793,2000,471,4,0,5,1667,2000,124,5,20,60,0,3,0,0
2428,1790,2000,471,4,0,5,1667,2000,124,5,20,60,0,3,0,0
2429,1787,2000,471,4,0,5,1667,2000,124,5,20,60,0,3,0,0
2430,1787,2000,490,4,0,5,1667,2000,184,5,20,60,0,3,0,0
2431,1787,2000,490,4,0,6,1667,2000,4,5,20,60,0,3,0,12
2432,1781,2000,490,4,0,6,1667,2000,4,5,20,60,0,3,0,0
2433,1778,2000,490,4,0,6,1667,2000,4,5,20,60,0,3,0,0
2434,1778,2000,490,4,0,6,1667,2000,4,5,20,60,0,3,0,0
2435,1775,2000,490,4,0,6,1667,2000,4,5,20,60,0,3,0,0
2436,1772,2000,490,4,0,6,1667,2000,4,5,20,60,0,3,0,0
2437,1772,2000,17,5,0,6,1667,2000,4,5,60,60,0,3,9,0
2438,1772,2000,17,5,0,6,1667,2000,4,5,60,60,0,3,0,0
2439,1766,2000,17,5,0,6,1667,2000,4,5,60,60,0,3,0,0
2440,1763,2000,17,5,0,6,1667,2000,4,5,60,60,0,3,0,0
2441,1763,2000,17,5,0,7,1667,2000,4,5,60,60,0,3,0,0
2442,1760,2000,17,5,0,7,1667,2000,4,5,60,60,0,3,0,0
2443,1757,2000,17,5,0,7,1667,2000,4,5,60,60,0,3,0,0
2444,1757,2000,17,5,0,7,1667,2000,4,5,60,60,0,3,0,0
2445,1757,2000,17,5,0,7,1667,2000,4,5,60,60,0,3,0,0
2446,1751,2000,17,5,0,7,1667,2000,4,5,60,60,0,3,0,0
2447,1748,2000,17,5,0,7,1667,2000,4,5,60,60,0,3,0,0
2448,1748,2000,17,5,0,7,1667,2000,4,5,60,60,0,3,0,0
2449,1745,2000,17,5,0,7,1667,2000,4,5,60,60,0,3,0,0
2450,1742,2000,17,5,0,7,1667,2000,4,5,60,60,0,3,0,0
2451,1742,2000,17,5,0,8,1667,2000,4,5,60,60,0,3,0,0
2452,1742,2000,17,5,0,8,1667,2000,4,5,60,60,0,3,0,0
2453,1736,2000,17,5,0,8,1667,2000,4,5,60,60,0,3,0,0
2454,1733,2000,17,5,0,8,1667,2000,4,5,60,60,0,3,0,0
2455,1733,2000,17,5,0,8,1667,2000,4,5,60,60,0,3,0,0
2456,1730,2000,17,5,0,8,1667,2000,4,5,60,60,0,3,0,0
2457,1727,2000,17,5,0,8,1667,2000,4,5,60,60,0,3,0,0
2458,1727,2000,17,5,0,8,1667,2000,4,5,60,60,0,3,0,0
2459,1727,2000,17,5,0,8,1667,2000,4,5,60,60,0,3,0,0
2460,1721,2000,77,5,0,8,1667,2000,64,5,60,60,0,3,0,0
2461,1718,2000,77,5,0,9,1667,2000,64,5,60,60,0,3,0,0
2462,1718,2000,77,5,0,9,1667,2000,64,5,60,60,0,3,0,0
2463,1715,2000,77,5,0,9,1667,2000,64,5,60,60,0,3,0,0
2464,1712,2000,77,5,0,9,1667,2000,64,5,60,60,0,3,0,0
2465,1712,2000,77,5,0,9,1667,2000,64,5,60,60,0,3,0,0
2466,1712,2000,77,5,0,9,1667,2000,64,5,60,60,0,3,0,0
2467,1706,2000,77,5,0,9,1667,2000,64,5,60,60,0,3,0,0
2468,1703,2000,77,5,0,9,1667,2000,64,5,60,60,0,3,0,0
2469,1703,2000,77,5,0,9,1667,2000,64,5,60,60,0,3,0,0
2470,1700,2000,77,5,0,9,1667,2000,64,5,60,60,0,3,0,0
2471,1697,2000,77,5,0,10,1667,2000,64,5,60,60,0,3,0,0
2472,1697,2000,77,5,0,10,1667,2000,64,5,60,60,0,3,0,0
2473,1697,2000,77,5,0,10,1667,2000,64,5,60,60,0,3,0,0
2474,1691,2000,77,5,0,10,1667,2000,64,5,60,60,0,3,0,0
2475,1688,2000,77,5,0,10,1667,2000,64,5,60,60,0,3,0,0
2476,1688,2000,77,5,0,10,1667,2000,64,5,60,60,0,3,0,0
2477,1685,2000,77,5,0,10,1667,2000,64,5,60,60,0,3,0,0
2478,1682,2000,77,5,0,10,1667,2000,64,5,60,60,0,3,0,0
2479,1682,2000,77,5,0,10,1667,2000,64,5,60,60,0,3,0,0
2480,1682,2000,77,5,0,10,1667,2000,64,5,60,60,0,3,0,0
2481,1676,2000,77,5,0,10,1667,2000,64,5,60,60,0,3,0,0
2482,1673,2000,77,5,0,10,1667,2000,64,5,60,60,0,3,0,0
2483,1673,2000,77,5,0,10,1667,2000,64,5,60,60,0,3,0,0
2484,1670,2000,77,5,0,10,1667,2000,64,5,60,60,0,3,0,0
2485,1667,2000,77,5,0,10,1667,2000,64,5,60,60,0,3,0,0
2486,1667,2000,77,5,0,10,1667,2000,64,5,60,60,0,3,0,0
2487,1667,2000,77,5,0,10,1667,2000,64,5,60,60,0,3,0,0
2488,1661,2000,77,5,0,10,1667,2000,64,5,60,60,0,3,0,0
2489,1658,2000,77,5,0,10,1667,2000,64,5,60,60,0,3,0,0
2490,1658,2000,137,5,0,10,1667,2000,124,5,60,60,0,3,0,0
2491,1655,2000,137,5,0,10,1667,2000,59,5,60,60,0,3,0,13
2492,1652,2000,137,5,0,10,1667,2000,59,5,60,60,0,3,0,0
2493,1652,2000,137,5,0,10,1667,2000,59,5,60,60,0,3,0,0
2494,1652,2000,137,5,0,10,1667,2000,59,5,60,60,0,3,0,0
2495,1646,2000,137,5,0,10,1667,2000,59,5,60,60,0,3,0,0
2496,1643,2000,137,5,0,10,1667,2000,59,5,60,60,0,3,0,0
2497,1643,2000,137,5,0,10,1667,2000,59,5,60,60,0,3,0,0
2498,1640,2000,137,5,0,10,1667,2000,59,5,60,60,0,3,0,0
2499,1637,2000,137,5,0,10,1667,2000,59,5,60,60,0,3,0,0
2500,1637,2000,137,5,0,10,1667,2000,59,5,60,60,0,3,0,0
2501,1637,2000,137,5,0,10,1667,2000,59,5,60,60,0,3,0,0
2502,1631,2000,137,5,0,10,1667,2000,59,5,60,60,0,3,0,0
2503,1628,2000,137,5,0,10,1667,2000,59,5,60,60,0,3,0,0
2504,1628,2000,137,5,0,10,1667,2000,59,5,60,60,0,3,0,0
2505,1625,2000,137,5,0,10,1667,2000,59,5,60,60,0,3,0,0
2506,1622,2000,137,5,0,10,1667,2000,59,5,60,60,0,3,0,0
2507,1622,2000,137,5,0,10,1667,2000,59,5,60,60,0,3,0,0
2508,1622,2000,137,5,0,10,1667,2000,59,5,60,60,0,3,0,0
2509,1616,2000,137,5,0,10,1667,2000,59,5,60,60,0,3,0,0
2510,1613,2000,137,5,0,10,1667,2000,59,5,60,60,0,3,0,0
2511,1613,2000,137,5,0,10,1667,2000,59,5,60,60,0,3,0,0
2512,1610,2000,137,5,0,10,1667,2000,59,5,60,60,0,3,0,0
2513,1607,2000,137,5,0,10,1667,2000,59,5,60,60,0,3,0,0
2514,1607,2000,137,5,0,10,1667,2000,59,5,60,60,0,3,0,0
2515,1607,2000,137,5,0,10,1667,2000,59,5,60,60,0,3,0,0
2516,1601,2000,137,5,0,10,1667,2000,59,5,60,60,0,3,0,0
2517,1598,2000,137,5,0,10,1667,2000,59,5,60,60,0,3,0,0
2518,1598,2000,137,5,0,10,1667,2000,59,5,60,60,0,3,0,0
2519,1595,2000,137,5,0,10,1667,2000,59,5,60,60,0,3,0,0
2520,1592,2000,196,5,0,10,1667,2000,119,5,60,60,0,3,0,0
2521,1592,2000,196,5,0,10,1667,2000,119,5,60,60,0,3,0,0
2522,1592,2000,196,5,0,10,1667,2000,119,5,60,60,0,3,0,0
2523,1586,2000,196,5,0,10,1667,2000,119,5,60,60,0,3,0,0
2524,1583,2000,196,5,0,10,1667,2000,119,5,60,60,0,3,0,0
2525,1583,2000,196,5,0,10,1667,2000,119,5,60,60,0,3,0,0
2526,1580,2000,196,5,0,10,1667,2000,119,5,60,60,0,3,0,0
2527,1577,2000,196,5,0,10,1667,2000,119,5,60,60,0,3,0,0
2528,1577,2000,196,5,0,10,1667,2000,119,5,60,60,0,3,0,0
2529,1577,2000,196,5,0,10,1667,2000,119,5,60,60,0,3,0,0
2530,1571,2000,196,5,0,10,1667,2000,119,5,60,60,0,3,0,0
2531,1568,2000,196,5,0,10,1667,2000,119,5,60,60,0,3,0,0
2532,1568,2000,196,5,0,10,1667,2000,119,5,60,60,0,3,0,0
2533,1565,2000,16,5,1,10,1667,2000,119,5,60,60,0,3,12,0
2534,1562,2000,16,5,1,10,1667,2000,119,5,60,60,0,3,0,0
2535,1562,2000,16,5,1,10,1667,2000,119,5,60,60,0,3,0,0
2536,1562,2000,16,5,1,10,1667,2000,119,5,60,60,0,3,0,0
2537,1556,2000,16,5,1,10,1667,2000,119,5,60,60,0,3,0,0
2538,1553,2000,16,5,1,10,1667,2000,119,5,60,60,0,3,0,0
2539,1553,2000,16,5,1,10,1667,2000,219,5,60,60,0,3,0,0
2540,1550,2000,16,5,1,10,1667,2000,219,5,60,60,0,3,0,0
2541,1547,2000,16,5,1,10,1667,2000,219,5,60,60,0,3,0,0
2542,1547,2000,16,5,1,10,1667,2000,219,5,60,60,0,3,0,0
2543,1547,2000,16,5,2,5,1667,2000,219,5,60,60,0,3,0,0
2544,1547,2000,16,5,2,5,1667,2000,219,5,60,60,0,3,0,0
2545,1547,2000,16,5,2,5,1667,2000,219,5,60,60,0,3,0,0
2546,1547,2000,16,5,2,5,1667,2000,219,5,60,60,0,3,0,0
2547,1547,2000,16,5,2,5,1667,2000,219,5,60,60,0,3,0,0
2548,1547,2000,16,5,2,5,1667,2000,219,5,60,60,0,3,0,0
2549,1547,2000,16,5,2,5,1667,2000,219,5,60,60,0,3,0,0
2550,1547,2000,76,5,2,5,1667,2000,279,5,60,60,0,3,0,0
2551,1547,2000,76,5,2,5,1667,2000,279,5,60,60,0,3,0,0
2552,1547,2000,76,5,2,5,1667,2000,279,5,60,60,0,3,0,0
2553,1547,2000,76,5,3,5,1667,2000,279,5,60,60,0,3,0,0
2554,1547,2000,76,5,3,5,1667,2000,279,5,60,60,0,3,0,0
2555,1547,2000,76,5,3,5,1667,2000,279,5,60,60,0,3,0,0
2556,1547,2000,76,5,3,5,1667,2000,279,5,60,60,0,3,0,0
2557,1547,2000,76,5,3,5,1667,2000,279,5,60,60,0,3,0,0
2558,1547,2000,76,5,3,5,1667,2000,279,5,60,60,0,3,0,0
2559,1547,2000,76,5,3,5,1667,2000,279,5,60,60,0,3,0,0
2560,1547,2000,76,5,3,5,1667,2000,279,5,60,60,0,3,0,0
2561,1547,2000,76,5,3,5,1667,2000,279,5,60,60,0,3,0,0
2562,1547,2000,76,5,3,5,1667,2000,279,5,60,60,0,3,0,0
2563,1547,2000,76,5,4,5,1667,2000,279,5,60,60,0,3,0,0
2564,1547,2000,76,5,4,5,1667,2000,279,5,60,60,0,3,0,0
2565,1547,2000,76,5,4,5,1667,2000,279,5,60,60,0,3,0,0
2566,1547,2000,76,5,4,5,1667,2000,279,5,60,60,0,3,0,0
2567,1547,2000,76,5,4,5,1667,2000,279,5,60,60,0,3,0,0
2568,1547,2000,76,5,4,5,1667,2000,279,5,60,60,0,3,0,0
2569,1547,2000,76,5,4,5,1667,2000,279,5,60,60,0,3,0,0
2570,1547,2000,76,5,4,5,1667,2000,279,5,60,60,0,3,0,0
2571,1547,2000,76,5,4,5,1667,2000,279,5,60,60,0,3,0,0
2572,1547,2000,76,5,4,5,1667,2000,279,5,60,60,0,3,0,0
2573,1547,2000,76,5,5,5,1667,2000,279,5,60,60,0,3,0,0
2574,1547,2000,76,5,5,5,1667,2000,279,5,60,60,0,3,0,0
2575,1547,2000,76,5,5,5,1667,2000,279,5,60,60,0,3,0,0
2576,1547,2000,76,5,5,5,1667,2000,279,5,60,60,0,3,0,0
2577,1547,2000,76,5,5,5,1667,2000,279,5,60,60,0,3,0,0
2578,1547,2000,76,5,5,5,1667,2000,279,5,60,60,0,3,0,0
2579,1547,2000,76,5,5,5,1667,2000,279,5,60,60,0,3,0,0
2580,1547,2000,136,5,5,5,1667,2000,339,5,60,60,0,3,0,0
2581,1547,2000,136,5,5,5,1667,2000,339,5,60,60,0,3,0,0
2582,1547,2000,136,5,5,5,1667,2000,339,5,60,60,0,3,0,0
2583,1547,2000,136,5,5,5,1667,2000,339,5,60,60,0,3,0,0
2584,1547,2000,136,5,5,5,1667,2000,339,5,60,60,0,3,0,0
2585,1547,2000,136,5,5,5,1667,2000,339,5,60,60,0,3,0,0
2586,1547,2000,136,5,5,5,1667,2000,339,5,60,60,0,3,0,0
2587,1547,2000,136,5,5,5,1667,2000,339,5,60,60,0,3,0,0
2588,1547,2000,136,5,5,5,1667,2000,339,5,60,60,0,3,0,0
2589,1547,2000,136,5,5,5,1667,2000,339,5,60,60,0,3,0,0
2590,1547,2000,136,5,5,5,1667,2000,339,5,60,60,0,3,0,0
2591,1547,2000,136,5,5,5,1667,2000,339,5,60,60,0,3,0,0
2592,1547,2000,136,5,5,5,1667,2000,339,5,60,60,0,3,0,0
2593,1547,2000,136,5,5,5,1667,2000,339,5,60,60,0,3,0,0
2594,1547,2000,136,5,5,5,1667,2000,339,5,60,60,0,3,0,0
2595,1547,2000,136,5,5,5,1667,2000,339,5,60,60,0,3,0,0
2596,1547,2000,136,5,5,5,1667,2000,339,5,60,60,0,3,0,0
2597,1547,2000,136,5,5,5,1667,2000,339,5,60,60,0,3,0,0
2598,1547,2000,136,5,5,5,1667,2000,339,5,60,60,0,3,0,0
2599,1547,2000,136,5,5,5,1667,2000,339,5,60,60,0,3,0,0
2600,1547,2000,136,5,5,5,1667,2000,339,5,60,60,0,3,0,0
2601,1547,2000,71,5,5,5,1667,2000,339,5,60,60,0,3,13,0
2602,1547,2000,71,5,5,5,1667,2000,339,5,60,60,0,3,0,0
2603,1547,2000,71,5,5,5,1667,2000,339,5,60,60,0,3,0,0
2604,1547,2000,71,5,5,5,1667,2000,339,5,60,60,0,3,0,0
2605,1547,2000,71,5,5,5,1667,2000,339,5,60,60,0,3,0,0
2606,1547,2000,71,5,5,5,1667,2000,339,5,60,60,0,3,0,0
2607,1547,2000,71,5,5,5,1667,2000,339,5,60,60,0,3,0,0
2608,1547,2000,71,5,5,5,1667,2000,339,5,60,60,0,3,0,0
2609,1547,2000,71,5,5,5,1667,2000,339,5,60,60,0,3,0,0
2610,1547,2000,131,5,5,5,1667,2000,398,5,60,60,0,3,0,0
2611,1547,2000,131,5,5,5,1667,2000,398,5,60,60,0,3,0,0
2612,1547,2000,131,5,5,5,1667,2000,398,5,60,60,0,3,0,0
2613,1547,2000,131,5,5,5,1667,2000,398,5,60,60,0,3,0,0
2614,1547,2000,131,5,5,5,1667,2000,398,5,60,60,0,3,0,0
2615,1547,2000,131,5,5,5,1667,2000,398,5,60,60,0,3,0,0
2616,1547,2000,131,5,5,5,1667,2000,378,5,60,60,0,3,0,11
2617,1547,2000,131,5,5,5,1667,2000,378,5,60,60,0,3,0,0
2618,1547,2000,131,5,5,5,1667,2000,378,5,60,60,0,3,0,0
2619,1547,2000,131,5,5,5,1667,2000,378,5,60,60,0,3,0,0
2620,1547,2000,131,5,5,5,1667,2000,378,5,60,60,0,3,0,0
2621,1547,2000,131,5,5,5,1667,2000,378,5,60,60,0,3,0,0
2622,1547,2000,131,5,5,5,1667,2000,378,5,60,60,0,3,0,0
2623,1547,2000,131,5,5,5,1667,2000,378,5,60,60,0,3,0,0
2624,1547,2000,131,5,5,5,1667,2000,378,5,60,60,0,3,0,0
2625,1547,2000,131,5,5,5,1667,2000,378,5,60,60,0,3,0,0
2626,1547,2000,131,5,5,5,1667,2000,378,5,60,60,0,3,0,0
2627,1547,2000,131,5,5,5,1667,2000,378,5,60,60,0,3,0,0
2628,1547,2000,131,5,5,5,1667,2000,378,5,60,60,0,3,0,0
2629,1547,2000,131,5,5,5,1667,2000,378,5,60,60,0,3,0,0
2630,1547,2000,131,5,5,5,1667,2000,378,5,60,60,0,3,0,0
2631,1547,2000,131,5,5,5,1667,2000,378,5,60,60,0,3,0,0
2632,1547,2000,131,5,5,5,1667,2000,378,5,60,60,0,3,0,0
2633,1547,2000,131,5,5,5,1667,2000,378,5,60,60,0,3,0,0
2634,1547,2000,131,5,5,5,1667,2000,378,5,60,60,0,3,0,0
2635,1547,2000,131,5,5,5,1667,2000,378,5,60,60,0,3,0,0
2636,1547,2000,131,5,5,5,1667,2000,378,5,60,60,0,3,0,0
2637,1547,2000,131,5,5,5,1667,2000,378,5,60,60,0,3,0,0
2638,1547,2000,131,5,5,5,1667,2000,378,5,60,60,0,3,0,0
2639,1547,2000,131,5,5,5,1667,2000,378,5,60,60,0,3,0,0
2640,1547,2000,191,5,5,5,1667,2000,438,5,60,60,0,3,0,0
2641,1547,2000,191,5,5,5,1667,2000,438,5,60,60,0,3,0,0
2642,1547,2000,191,5,5,5,1667,2000,438,5,60,60,0,3,0,0
2643,1547,2000,191,5,5,5,1667,2000,438,5,60,60,0,3,0,0
2644,1547,2000,191,5,5,5,1667,2000,438,5,60,60,0,3,0,0
2645,1547,2000,191,5,5,5,1667,2000,438,5,60,60,0,3,0,0
2646,1547,2000,191,5,5,5,1667,2000,438,5,60,60,0,3,0,0
2647,1547,2000,191,5,5,5,1667,2000,438,5,60,60,0,3,0,0
2648,1547,2000,191,5,5,5,1667,2000,438,5,60,60,0,3,0,0
2649,1547,2000,291,5,5,5,1667,2000,438,5,60,60,0,3,0,0
2650,1547,2000,291,5,5,5,1667,2000,438,5,60,60,0,3,0,0
2651,1547,2000,291,5,5,5,1667,2000,438,5,60,60,0,3,0,0
2652,1547,2000,291,5,5,5,1667,2000,438,5,60,60,0,3,0,0
2653,1547,2000,291,5,5,5,1667,2000,438,5,60,60,0,3,0,0
2654,1547,2000,291,5,5,5,1667,2000,438,5,60,60,0,3,0,0
2655,1547,2000,291,5,5,5,1667,2000,438,5,60,60,0,3,0,0
2656,1547,2000,291,5,5,5,1667,2000,438,5,60,60,0,3,0,0
2657,1547,2000,291,5,5,5,1667,2000,438,5,60,60,0,3,0,0
2658,1547,2000,291,5,5,5,1667,2000,438,5,60,60,0,3,0,0
2659,1547,2000,291,5,5,5,1667,2000,438,5,60,60,0,3,0,0
2660,1547,2000,291,5,5,5,1667,2000,438,5,60,60,0,3,0,0
2661,1547,2000,291,5,5,5,1667,2000,438,5,60,60,0,3,0,0
2662,1547,2000,291,5,5,5,1667,2000,438,5,60,60,0,3,0,0
2663,1547,2000,291,5,5,5,1667,2000,438,5,60,60,0,3,0,0
2664,1447,2000,291,5,5,5,1567,2000,438,5,60,60,0,3,0,0
2665,1447,2000,291,5,5,5,1567,2000,438,5,60,60,0,3,0,0
2666,1447,2000,291,5,5,5,1567,2000,438,5,60,60,0,3,0,0
2667,1447,2000,291,5,5,5,1567,2000,438,5,60,60,0,3,0,0
2668,1447,2000,291,5,5,5,1567,2000,438,5,60,60,0,3,0,0
2669,1447,2000,291,5,5,5,1567,2000,438,5,60,60,0,3,0,0
2670,1447,2000,351,5,5,5,1567,2000,498,5,60,60,0,3,0,0
2671,1447,2000,351,5,5,5,1567,2000,498,5,60,60,0,3,0,0
2672,1447,2000,351,5,5,5,1567,2000,498,5,60,60,0,3,0,0
2673,1447,2000,351,5,5,5,1567,2000,498,5,60,60,0,3,0,0
2674,1447,2000,351,5,5,5,1567,2000,498,5,60,60,0,3,0,0
2675,1447,2000,351,5,5,5,1567,2000,498,5,60,60,0,3,0,0
2676,1447,2000,351,5,5,5,1567,2000,498,5,60,60,0,3,0,0
2677,1447,2000,351,5,5,5,1567,2000,498,5,60,60,0,3,0,0
2678,1447,2000,351,5,5,5,1567,2000,498,5,60,60,0,3,0,0
2679,1447,2000,351,5,5,5,1567,2000,498,5,60,60,0,3,0,0
2680,1447,2000,351,5,5,5,1567,2000,498,5,60,60,0,3,0,0
2681,1447,2000,351,5,5,5,1567,2000,498,5,60,60,0,3,0,0
2682,1447,2000,351,5,5,5,1567,2000,498,5,60,60,0,3,0,0
2683,1447,2000,351,5,5,5,1567,2000,498,5,60,60,0,3,0,0
2684,1447,2000,351,5,5,5,1567,2000,498,5,60,60,0,3,0,0
2685,1447,2000,351,5,5,5,1567,2000,498,5,60,60,0,3,0,0
2686,1447,2000,351,5,5,5,1567,2000,498,5,60,60,0,3,0,0
2687,1447,2000,351,5,5,5,1567,2000,498,5,60,60,0,3,0,0
2688,1447,2000,351,5,5,5,1567,2000,498,5,60,60,0,3,0,0
2689,1447,2000,351,5,5,5,1567,2000,498,5,60,60,0,3,0,0
2690,1447,2000,351,5,5,5,1567,2000,498,5,60,60,0,3,0,0
2691,1447,2000,351,5,5,5,1567,2000,498,5,60,60,0,3,0,0
2692,1447,2000,351,5,5,5,1567,2000,498,5,60,60,0,3,0,0
2693,1447,2000,351,5,5,5,1567,2000,498,5,60,60,0,3,0,0
2694,1447,2000,351,5,5,5,1567,2000,498,5,60,60,0,3,0,0
2695,1447,2000,351,5,5,5,1567,2000,498,5,60,60,0,3,0,0
2696,1447,2000,351,5,5,5,1567,2000,498,5,60,60,0,3,0,0
2697,1447,2000,351,5,5,5,1567,2000,498,5,60,60,0,3,0,0
2698,1447,2000,351,5,5,5,1567,2000,498,5,60,60,0,3,0,0
2699,1447,2000,351,5,5,5,1567,2000,498,5,60,60,0,3,0,0
2700,1447,2000,411,5,5,5,1567,2000,558,5,60,60,0,3,0,0
2701,1447,2000,411,5,5,5,1567,2000,558,5,60,60,0,3,0,0
2702,1447,2000,411,5,5,5,1567,2000,558,5,60,60,0,3,0,0
2703,1447,2000,411,5,5,5,1567,2000,558,5,60,60,0,3,0,0
2704,1447,2000,411,5,5,5,1567,2000,558,5,60,60,0,3,0,0
2705,1447,2000,411,5,3,5,1567,2000,558,5,60,60,0,3,0,0
2706,1447,2000,411,5,3,5,1567,2000,558,5,60,60,0,3,0,0
2707,1447,2000,411,5,3,5,1567,2000,558,5,60,60,0,3,0,0
2708,1447,2000,411,5,3,5,1567,2000,558,5,60,60,0,3,0,0
2709,1447,2000,411,5,3,5,1567,2000,558,5,60,60,0,3,0,0
2710,1447,2000,411,5,3,5,1567,2000,558,5,60,60,0,3,0,0
2711,1447,2000,411,5,3,5,1567,2000,558,5,60,60,0,3,0,0
2712,1447,2000,411,5,3,5,1567,2000,558,5,60,60,0,3,0,0
2713,1447,2000,411,5,3,5,1567,2000,558,5,60,60,0,3,0,0
2714,1447,2000,411,5,3,5,1567,2000,558,5,60,60,0,3,0,0
2715,1447,2000,411,5,2,5,1567,2000,558,5,60,60,0,3,0,0
2716,1447,2000,411,5,2,5,1567,2000,558,5,60,60,0,3,0,0
2717,1447,2000,411,5,2,5,1567,2000,558,5,60,60,0,3,0,0
2718,1447,2000,411,5,2,5,1567,2000,558,5,60,60,0,3,0,0
2719,1447,2000,411,5,2,5,1567,2000,558,5,60,60,0,3,0,0
2720,1447,2000,411,5,2,5,1567,2000,558,5,60,60,0,3,0,0
2721,1447,2000,411,5,2,5,1567,2000,558,5,60,60,0,3,0,0
2722,1447,2000,411,5,2,5,1567,2000,558,5,60,60,0,3,0,0
2723,1447,2000,411,5,2,5,1567,2000,558,5,60,60,0,3,0,0
2724,1447,2000,411,5,2,5,1567,2000,558,5,60,60,0,3,0,0
2725,1447,2000,411,5,1,5,1567,2000,558,5,60,60,0,3,0,0
2726,1447,2000,411,5,1,5,1567,2000,558,5,60,60,0,3,0,0
2727,1447,2000,411,5,1,5,1567,2000,558,5,60,60,0,3,0,0
2728,1447,2000,411,5,1,5,1567,2000,558,5,60,60,0,3,0,0
2729,1447,2000,411,5,1,5,1567,2000,558,5,60,60,0,3,0,0
2730,1447,2000,471,5,1,5,1567,2000,618,5,60,60,0,3,0,0
2731,1447,2000,471,5,1,5,1567,2000,618,5,60,60,0,3,0,0
2732,1447,2000,471,5,1,5,1567,2000,618,5,60,60,0,3,0,0
2733,1447,2000,471,5,1,5,1567,2000,618,5,60,60,0,3,0,0
2734,1447,2000,471,5,1,5,1567,2000,618,5,60,60,0,3,0,0
2735,1447,2000,471,5,1,5,1567,2000,618,5,60,60,0,3,0,0
2736,1447,2000,471,5,1,6,1567,2000,438,5,60,60,0,3,0,12
2737,1447,2000,471,5,1,6,1567,2000,438,5,60,60,0,3,0,0
2738,1447,2000,471,5,1,6,1567,2000,438,5,60,60,0,3,0,0
2739,1447,2000,471,5,1,6,1567,2000,438,5,60,60,0,3,0,0
2740,1447,2000,471,5,0,6,1567,2000,438,5,60,60,0,3,0,0
2741,1447,2000,471,5,0,6,1567,2000,438,5,60,60,0,3,0,0
2742,1447,2000,471,5,0,6,1567,2000,438,5,60,60,0,3,0,0
2743,1447,2000,471,5,0,6,1567,2000,438,5,60,60,0,3,0,0
2744,1447,2000,471,5,0,6,1567,2000,438,5,60,60,0,3,0,0
2745,1447,2000,471,5,0,6,1567,2000,438,5,60,60,0,3,0,0
2746,1447,2000,471,5,0,7,1567,2000,438,5,60,60,0,3,0,0
2747,1447,2000,471,5,0,7,1567,2000,438,5,60,60,0,3,0,0
2748,1447,2000,471,5,0,7,1567,2000,438,5,60,60,0,3,0,0
2749,1447,2000,471,5,0,7,1567,2000,438,5,60,60,0,3,0,0
2750,1447,2000,471,5,0,7,1567,2000,438,5,60,60,0,3,0,0
2751,1447,2000,471,5,0,7,1567,2000,438,5,60,60,0,3,0,0
2752,1447,2000,451,5,0,7,1567,2000,438,5,60,60,0,3,11,0
2753,1447,2000,451,5,0,7,1567,2000,438,5,60,60,0,3,0,0
2754,1447,2000,451,5,0,7,1567,2000,438,5,60,60,0,3,0,0
2755,1447,2000,451,5,0,7,1567,2000,438,5,60,60,0,3,0,0
2756,1447,2000,451,5,0,8,1567,2000,438,5,60,60,0,3,0,0
2757,1447,2000,451,5,0,8,1567,2000,438,5,60,60,0,3,0,0
2758,1447,2000,451,5,0,8,1567,2000,438,5,60,60,0,3,0,0
2759,1447,2000,451,5,0,8,1567,2000,438,5,60,60,0,3,0,0
2760,1447,2000,511,5,0,8,1567,2000,498,5,60,60,0,3,0,0
2761,1447,2000,511,5,0,8,1567,2000,498,5,60,60,0,3,0,0
2762,1447,2000,511,5,0,8,1567,2000,498,5,60,60,0,3,0,0
2763,1447,2000,511,5,0,8,1567,2000,498,5,60,60,0,3,0,0
2764,1447,2000,511,5,0,8,1567,2000,498,5,60,60,0,3,0,0
2765,1447,2000,511,5,0,8,1567,2000,498,5,60,60,0,3,0,0
2766,1447,2000,511,5,0,9,1567,2000,498,5,60,60,0,3,0,0
2767,1447,2000,511,5,0,9,1567,2000,498,5,60,60,0,3,0,0
2768,1447,2000,511,5,0,9,1567,2000,498,5,60,60,0,3,0,0
2769,1447,2000,511,5,0,9,1567,2000,498,5,60,60,0,3,0,0
2770,1447,2000,511,5,0,9,1567,2000,498,5,60,60,0,3,0,0
2771,1447,2000,511,5,0,9,1567,2000,498,5,60,60,0,3,0,0
2772,1447,2000,511,5,0,9,1567,2000,498,5,60,60,0,3,0,0
2773,1447,2000,511,5,0,9,1567,2000,498,5,60,60,0,3,0,0
2774,1447,2000,511,5,0,9,1567,2000,498,5,60,60,0,3,0,0
2775,1447,2000,511,5,0,9,1567,2000,498,5,60,60,0,3,0,0
2776,1447,2000,511,5,0,10,1567,2000,498,5,60,60,0,3,0,0
2777,1447,2000,511,5,0,10,1567,2000,498,5,60,60,0,3,0,0
2778,1447,2000,511,5,0,10,1567,2000,498,5,60,60,0,3,0,0
2779,1447,2000,511,5,0,10,1567,2000,498,5,60,60,0,3,0,0
2780,1360,2000,511,5,0,10,1567,2000,498,5,60,60,0,3,0,0
2781,1360,2000,511,5,0,10,1567,2000,498,5,60,60,0,3,0,0
2782,1360,2000,511,5,0,10,1567,2000,498,5,60,60,0,3,0,0
2783,1360,2000,511,5,0,10,1567,2000,498,5,60,60,0,3,0,0
2784,1360,2000,511,5,0,10,1567,2000,498,5,60,60,0,3,0,0
2785,1360,2000,511,5,0,10,1567,2000,498,5,60,60,0,3,0,0
2786,1360,2000,511,5,0,10,1567,2000,498,5,60,60,0,3,0,0
2787,1360,2000,511,5,0,10,1567,2000,498,5,60,60,0,3,0,0
2788,1360,2000,511,5,0,10,1567,2000,498,5,60,60,0,3,0,0
2789,1360,2000,511,5,0,10,1567,2000,498,5,60,60,0,3,0,0
2790,1360,2000,570,5,0,10,1567,2000,558,5,60,60,0,3,0,0
2791,1360,2000,570,5,0,10,1567,2000,558,5,60,60,0,3,0,0
2792,1360,2000,570,5,0,10,1567,2000,558,5,60,60,0,3,0,0
2793,1360,2000,570,5,0,10,1567,2000,558,5,60,60,0,3,0,0
2794,1360,2000,570,5,0,10,1567,2000,558,5,60,60,0,3,0,0
2795,1360,2000,570,5,0,10,1567,2000,558,5,60,60,0,3,0,0
2796,1360,2000,570,5,0,10,1567,2000,558,5,60,60,0,3,0,0
2797,1360,2000,570,5,0,10,1567,2000,558,5,60,60,0,3,0,0
2798,1273,2000,570,5,0,10,1567,2000,558,5,60,60,0,3,0,0
2799,1273,2000,570,5,0,10,1567,2000,558,5,60,60,0,3,0,0
2800,1173,2000,570,5,0,10,1467,2000,558,5,60,60,0,3,0,0
2801,1173,2000,570,5,0,10,1467,2000,558,5,60,60,0,3,0,0
2802,1173,2000,390,5,1,10,1467,2000,558,5,60,60,0,3,12,0
2803,1173,2000,390,5,1,10,1467,2000,558,5,60,60,0,3,0,0
2804,1173,2000,390,5,1,10,1467,2000,558,5,60,60,0,3,0,0
2805,1173,2000,390,5,1,10,1467,2000,558,5,60,60,0,3,0,0
2806,1173,2000,390,5,1,10,1467,2000,558,5,60,60,0,3,0,0
2807,1086,2000,390,5,1,10,1467,2000,558,5,60,60,0,3,0,0
2808,1086,2000,390,5,1,10,1467,2000,558,5,60,60,0,3,0,0
2809,999,2000,390,5,1,10,1467,2000,558,5,60,60,0,3,0,0
2810,999,2000,390,5,1,10,1467,2000,558,5,60,60,0,3,0,0
2811,999,2000,390,5,1,10,1467,2000,558,5,60,60,0,3,0,0
2812,999,2000,390,5,2,10,1467,2000,558,5,60,60,0,3,0,0
2813,999,2000,390,5,2,10,1467,2000,558,5,60,60,0,3,0,0
2814,999,2000,390,5,2,10,1467,2000,558,5,60,60,0,3,0,0
2815,999,2000,390,5,2,10,1467,2000,558,5,60,60,0,3,0,0
2816,999,2000,390,5,2,10,1467,2000,558,5,60,60,0,3,0,0
2817,999,2000,390,5,2,10,1467,2000,558,5,60,60,0,3,0,0
2818,999,2000,390,5,2,10,1467,2000,558,5,60,60,0,3,0,0
2819,999,2000,390,5,2,10,1467,2000,558,5,60,60,0,3,0,0
2820,999,2000,450,5,2,10,1467,2000,618,5,60,60,0,3,0,0
2821,999,2000,450,5,2,10,1467,2000,618,5,60,60,0,3,0,0
2822,999,2000,450,5,3,10,1467,2000,618,5,60,60,0,3,0,0
2823,999,2000,450,5,3,10,1467,2000,618,5,60,60,0,3,0,0
2824,999,2000,450,5,3,10,1467,2000,618,5,60,60,0,3,0,0
2825,999,2000,450,5,3,10,1467,2000,618,5,60,60,0,3,0,0
2826,999,2000,450,5,3,10,1467,2000,618,5,60,60,0,3,0,0
2827,999,2000,450,5,3,10,1467,2000,618,5,60,60,0,3,0,0
2828,999,2000,450,5,3,10,1467,2000,618,5,60,60,0,3,0,0
2829,999,2000,450,5,3,10,1467,2000,618,5,60,60,0,3,0,0
2830,999,2000,450,5,3,10,1467,2000,618,5,60,60,0,3,0,0
2831,999,2000,450,5,3,10,1467,2000,618,5,60,60,0,3,0,0
2832,999,2000,450,5,4,10,1467,2000,618,5,60,60,0,3,0,0
2833,999,2000,450,5,4,10,1467,2000,618,5,60,60,0,3,0,0
2834,999,2000,450,5,4,10,1467,2000,618,5,60,60,0,3,0,0
2835,999,2000,450,5,4,10,1467,2000,618,5,60,60,0,3,0,0
2836,999,2000,450,5,4,10,1467,2000,618,5,60,60,0,3,0,0
2837,999,2000,450,5,4,10,1467,2000,618,5,60,60,0,3,0,0
2838,999,2000,450,5,4,10,1467,2000,618,5,60,60,0,3,0,0
2839,999,2000,450,5,4,10,1467,2000,618,5,60,60,0,3,0,0
2840,999,2000,450,5,4,10,1467,2000,618,5,60,60,0,3,0,0
2841,999,2000,450,5,4,10,1467,2000,618,5,60,60,0,3,0,0
2842,999,2000,450,5,5,10,1467,2000,618,5,60,60,0,3,0,0
2843,999,2000,450,5,5,10,1467,2000,618,5,60,60,0,3,0,0
2844,999,2000,450,5,5,10,1467,2000,618,5,60,60,0,3,0,0
2845,999,2000,450,5,5,10,1467,2000,618,5,60,60,0,3,0,0
2846,999,2000,450,5,5,10,1467,2000,618,5,60,60,0,3,0,0
2847,999,2000,450,5,5,10,1467,2000,618,5,60,60,0,3,0,0
2848,999,2000,450,5,5,10,1467,2000,618,5,60,60,0,3,0,0
2849,999,2000,450,5,5,10,1467,2000,618,5,60,60,0,3,0,0
2850,999,2000,510,5,5,10,1467,2000,678,5,60,60,0,3,0,0
2851,999,2000,510,5,5,10,1467,2000,678,5,60,60,0,3,0,0
2852,999,2000,510,5,5,10,1467,2000,678,5,60,60,0,3,0,0
2853,999,2000,510,5,5,10,1467,2000,678,5,60,60,0,3,0,0
2854,999,2000,510,5,5,10,1467,2000,678,5,60,60,0,3,0,0
2855,999,2000,510,5,5,10,1467,2000,678,5,60,60,0,3,0,0
2856,999,2000,510,5,5,10,1467,2000,678,5,60,60,0,3,0,0
2857,999,2000,510,5,5,10,1467,2000,678,5,60,60,0,3,0,0
2858,999,2000,510,5,5,10,1467,2000,678,5,60,60,0,3,0,0
2859,999,2000,510,5,5,10,1467,2000,678,5,60,60,0,3,0,0
2860,999,2000,510,5,5,10,1467,2000,678,5,60,60,0,3,0,0
2861,999,2000,510,5,5,10,1467,2000,678,5,60,60,0,3,0,0
2862,999,2000,510,5,5,8,1467,2000,678,5,60,60,0,3,0,0
2863,999,2000,510,5,5,8,1467,2000,678,5,60,60,0,3,0,0
2864,999,2000,510,5,5,8,1467,2000,678,5,60,60,0,3,0,0
2865,999,2000,510,5,5,8,1467,2000,678,5,60,60,0,3,0,0
2866,999,2000,510,5,5,8,1467,2000,678,5,60,60,0,3,0,0
2867,999,2000,510,5,5,8,1467,2000,678,5,60,60,0,3,0,0
2868,999,2000,510,5,5,8,1467,2000,678,5,60,60,0,3,0,0
2869,999,2000,510,5,5,8,1467,2000,678,5,60,60,0,3,0,0
2870,999,2000,510,5,5,8,1467,2000,678,5,60,60,0,3,0,0
2871,999,2000,510,5,5,7,1467,2000,678,5,60,60,0,3,0,0
2872,999,2000,510,5,5,7,1467,2000,678,5,60,60,0,3,0,0
2873,999,2000,510,5,5,7,1467,2000,678,5,60,60,0,3,0,0
2874,999,2000,510,5,5,7,1467,2000,678,5,60,60,0,3,0,0
2875,999,2000,510,5,5,7,1467,2000,678,5,60,60,0,3,0,0
2876,999,2000,510,5,5,7,1467,2000,678,5,60,60,0,3,0,0
2877,999,2000,510,5,5,7,1467,2000,678,5,60,60,0,3,0,0
2878,999,2000,510,5,5,7,1467,2000,678,5,60,60,0,3,0,0
2879,999,2000,510,5,5,7,1467,2000,678,5,60,60,0,3,0,0
2880,999,2000,570,5,5,7,1467,2000,737,5,60,60,0,3,0,0
2881,999,2000,570,5,5,7,1467,2000,737,5,60,60,0,3,0,0
2882,999,2000,570,5,5,7,1467,2000,737,5,60,60,0,3,0,0
2883,999,2000,570,5,5,7,1467,2000,737,5,60,60,0,3,0,0
2884,999,2000,570,5,5,7,1467,2000,737,5,60,60,0,3,0,0
2885,999,2000,570,5,5,7,1467,2000,737,5,60,60,0,3,0,0
2886,999,2000,570,5,5,7,1467,2000,737,5,60,60,0,3,0,0
2887,999,2000,570,5,5,7,1467,2000,737,5,60,60,0,3,0,0
2888,999,2000,570,5,5,7,1467,2000,737,5,60,60,0,3,0,0
2889,999,2000,570,5,5,7,1467,2000,737,5,60,60,0,3,0,0
2890,999,2000,570,5,5,7,1467,2000,737,5,60,60,0,3,0,0
2891,999,2000,570,5,5,7,1467,2000,737,5,60,60,0,3,0,0
2892,999,2000,570,5,5,5,1467,2000,737,5,60,60,0,3,0,0
2893,999,2000,570,5,5,5,1467,2000,737,5,60,60,0,3,0,0
2894,999,2000,570,5,5,5,1467,2000,737,5,60,60,0,3,0,0
2895,999,2000,570,5,5,5,1467,2000,737,5,60,60,0,3,0,0
2896,999,2000,570,5,5,5,1467,2000,737,5,60,60,0,3,0,0
2897,999,2000,570,5,5,5,1467,2000,737,5,60,60,0,3,0,0
2898,999,2000,570,5,5,5,1467,2000,737,5,60,60,0,3,0,0
2899,999,2000,570,5,5,5,1467,2000,737,5,60,60,0,3,0,0
2900,999,2000,570,5,5,5,1467,2000,737,5,60,60,0,3,0,0
2901,999,2000,570,5,5,5,1467,2000,737,5,60,60,0,3,0,0
2902,999,2000,570,5,5,5,1467,2000,737,5,60,60,0,3,0,0
2903,999,2000,570,5,5,5,1467,2000,737,5,60,60,0,3,0,0
2904,999,2000,570,5,5,5,1467,2000,737,5,60,60,0,3,0,0
2905,999,2000,570,5,5,5,1467,2000,737,5,60,60,0,3,0,0
2906,999,2000,570,5,5,5,1467,2000,737,5,60,60,0,3,0,0
2907,999,2000,570,5,5,5,1467,2000,737,5,60,60,0,3,0,0
2908,999,2000,570,5,5,5,1467,2000,737,5,60,60,0,3,0,0
2909,999,2000,570,5,5,5,1467,2000,737,5,60,60,0,3,0,0
2910,999,2000,630,5,5,5,1467,2000,797,5,60,60,0,3,0,0
2911,999,2000,630,5,5,5,1467,2000,797,5,60,60,0,3,0,0
2912,999,2000,630,5,5,5,1467,2000,797,5,60,60,0,3,0,0
2913,999,2000,630,5,5,5,1467,2000,797,5,60,60,0,3,0,0
2914,999,2000,630,5,5,5,1467,2000,797,5,60,60,0,3,0,0
2915,999,2000,630,5,5,5,1467,2000,797,5,60,60,0,3,0,0
2916,999,2000,630,5,5,5,1467,2000,797,5,60,60,0,3,0,0
2917,999,2000,630,5,5,5,1467,2000,797,5,60,60,0,3,0,0
2918,999,2000,630,5,5,5,1467,2000,797,5,60,60,0,3,0,0
2919,999,2000,630,5,5,5,1467,2000,797,5,60,60,0,3,0,0
2920,999,2000,630,5,5,5,1467,2000,797,5,60,60,0,3,0,0
2921,999,2000,630,5,5,5,1467,2000,797,5,60,60,0,3,0,0
2922,999,2000,630,5,5,5,1467,2000,797,5,60,60,0,3,0,0
2923,999,2000,630,5,5,5,1467,2000,797,5,60,60,0,3,0,0
2924,999,2000,630,5,5,5,1467,2000,797,5,60,60,0,3,0,0
2925,999,2000,630,5,5,5,1467,2000,797,5,60,60,0,3,0,0
2926,999,2000,630,5,5,5,1467,2000,797,5,60,60,0,3,0,0
2927,999,2000,630,5,5,5,1467,2000,797,5,60,60,0,3,0,0
2928,8394,12000,610,5,5,5,1467,2000,797,5,60,60,0,3,10,0
2929,8394,12000,610,5,5,5,1467,2000,797,5,60,60,0,3,0,0
2930,8394,12000,610,5,5,5,1467,2000,797,5,60,60,0,3,0,0
2931,8394,12000,610,5,5,5,1467,2000,797,5,60,60,0,3,0,0
2932,8394,12000,610,5,5,5,1467,2000,797,5,60,60,0,3,0,0
2933,8394,12000,610,5,5,5,1467,2000,797,5,60,60,0,3,0,0
2934,8394,12000,610,5,5,5,1467,2000,797,5,60,60,0,3,0,0
2935,8394,12000,610,5,5,5,1467,2000,797,5,60,60,0,3,0,0
2936,8394,12000,610,5,5,5,1467,2000,797,5,60,60,0,3,0,0
2937,8394,12000,610,5,5,5,1467,2000,797,5,60,60,0,3,0,0
2938,8394,12000,610,5,5,5,1467,2000,797,5,60,60,0,3,0,0
2939,8394,12000,610,5,5,5,1467,2000,797,5,60,60,0,3,0,0
2940,8394,12000,670,5,5,5,1467,2000,857,5,60,60,0,3,0,0
2941,8394,12000,670,5,5,5,1467,2000,837,5,60,60,0,3,0,11
2942,8394,12000,670,5,5,5,1467,2000,837,5,60,60,0,3,0,0
2943,8394,12000,670,5,5,5,1467,2000,837,5,60,60,0,3,0,0
2944,8394,12000,670,5,5,5,1467,2000,837,5,60,60,0,3,0,0
2945,8394,12000,670,5,5,5,1467,2000,837,5,60,60,0,3,0,0
2946,8394,12000,670,5,5,5,1467,2000,772,5,60,60,0,3,0,13
2947,8394,12000,670,5,5,5,1467,2000,772,5,60,60,0,3,0,0
2948,8394,12000,670,5,5,5,1467,2000,772,5,60,60,0,3,0,0
2949,8394,12000,670,5,5,5,1467,2000,772,5,60,60,0,3,0,0
2950,8394,12000,670,5,5,5,1467,2000,772,5,60,60,0,3,0,0
2951,8394,12000,670,5,5,5,1467,2000,772,5,60,60,0,3,0,0
2952,8394,12000,670,5,5,5,1467,2000,772,5,60,60,0,3,0,0
2953,8394,12000,670,5,5,5,1467,2000,772,5,60,60,0,3,0,0
2954,8394,12000,670,5,5,5,1467,2000,772,5,60,60,0,3,0,0
2955,8394,12000,670,5,5,5,1467,2000,772,5,60,60,0,3,0,0
2956,8394,12000,670,5,5,5,1467,2000,772,5,60,60,0,3,0,0
2957,8394,12000,670,5,5,5,1467,2000,772,5,60,60,0,3,0,0
2958,8394,12000,670,5,5,5,1467,2000,772,5,60,60,0,3,0,0
2959,8394,12000,670,5,5,5,1467,2000,772,5,60,60,0,3,0,0
2960,8394,12000,670,5,5,5,1467,2000,772,5,60,60,0,3,0,0
2961,8394,12000,670,5,5,5,1467,2000,772,5,60,60,0,3,0,0
2962,8394,12000,670,5,5,5,1467,2000,772,5,60,60,0,3,0,0
2963,8394,12000,670,5,5,5,1467,2000,772,5,60,60,0,3,0,0
2964,8394,12000,670,5,5,5,1467,2000,772,5,60,60,0,3,0,0
2965,8394,12000,670,5,5,5,1467,2000,772,5,60,60,0,3,0,0
2966,8394,12000,670,5,5,5,1467,2000,772,5,60,60,0,3,0,0
2967,8394,12000,670,5,5,5,1467,2000,772,5,60,60,0,3,0,0
2968,8394,12000,670,5,5,5,1467,2000,772,5,60,60,0,3,0,0
2969,8394,12000,670,5,5,5,1467,2000,772,5,60,60,0,3,0,0
2970,8394,12000,730,5,5,5,1467,2000,832,5,60,60,0,3,0,0
2971,8394,12000,730,5,5,5,1467,2000,832,5,60,60,0,3,0,0
2972,8394,12000,730,5,5,5,1467,2000,832,5,60,60,0,3,0,0
2973,8394,12000,730,5,5,5,1467,2000,832,5,60,60,0,3,0,0
2974,8394,12000,730,5,5,5,1467,2000,832,5,60,60,0,3,0,0
2975,8394,12000,730,5,5,5,1467,2000,832,5,60,60,0,3,0,0
2976,8394,12000,730,5,5,5,1467,2000,832,5,60,60,0,3,0,0
2977,8394,12000,730,5,5,5,1467,2000,832,5,60,60,0,3,0,0
2978,8394,12000,730,5,5,5,1467,2000,832,5,60,60,0,3,0,0
2979,8394,12000,730,5,5,5,1467,2000,832,5,60,60,0,3,0,0
2980,8394,12000,730,5,5,5,1467,2000,832,5,60,60,0,3,0,0
2981,8394,12000,730,5,5,5,1467,2000,832,5,60,60,0,3,0,0
2982,8394,12000,730,5,5,5,1467,2000,832,5,60,60,0,3,0,0
2983,8394,12000,730,5,5,5,1467,2000,832,5,60,60,0,3,0,0
2984,8394,12000,730,5,5,5,1467,2000,832,5,60,60,0,3,0,0
2985,8394,12000,730,5,5,5,1467,2000,832,5,60,60,0,3,0,0
2986,8394,12000,730,5,5,5,1467,2000,832,5,60,60,0,3,0,0
2987,8394,12000,730,5,5,5,1467,2000,832,5,60,60,0,3,0,0
2988,8394,12000,730,5,5,5,1467,2000,832,5,60,60,0,3,0,0
2989,8294,12000,730,5,2,5,1367,2000,832,5,60,60,0,3,0,0
2990,8294,12000,730,5,2,5,1367,2000,832,5,60,60,0,3,0,0
2991,8294,12000,730,5,2,5,1367,2000,832,5,60,60,0,3,0,0
2992,8294,12000,730,5,2,5,1367,2000,832,5,60,60,0,3,0,0
2993,8294,12000,730,5,2,5,1367,2000,832,5,60,60,0,3,0,0
2994,8294,12000,730,5,2,5,1367,2000,932,5,60,60,0,3,0,0
2995,8294,12000,730,5,2,5,1367,2000,932,5,60,60,0,3,0,0
2996,8294,12000,730,5,2,5,1367,2000,932,5,60,60,0,3,0,0
2997,8294,12000,730,5,2,5,1367,2000,932,5,60,60,0,3,0,0
2998,8294,12000,730,5,2,5,1367,2000,932,5,60,60,0,3,0,0
2999,8294,12000,730,5,2,5,1367,2000,932,5,60,60,0,3,0,0
3000,8294,12000,790,5,2,5,1367,2000,992,5,60,60,0,3,0,0
3001,8294,12000,790,5,1,5,1367,2000,992,5,60,60,0,3,0,0
3002,8294,12000,790,5,1,5,1367,2000,992,5,60,60,0,3,0,0
3003,8294,12000,790,5,1,5,1367,2000,992,5,60,60,0,3,0,0
3004,8294,12000,790,5,1,5,1367,2000,992,5,60,60,0,3,0,0
3005,8294,12000,790,5,1,5,1367,2000,992,5,60,60,0,3,0,0
3006,8294,12000,790,5,1,5,1367,2000,992,5,60,60,0,3,0,0
3007,8294,12000,790,5,1,5,1367,2000,992,5,60,60,0,3,0,0
3008,8294,12000,790,5,1,5,1367,2000,992,5,60,60,0,3,0,0
3009,8294,12000,790,5,1,5,1367,2000,992,5,60,60,0,3,0,0
3010,8294,12000,790,5,1,5,1367,2000,992,5,60,60,0,3,0,0
3011,8294,12000,790,5,1,5,1367,2000,992,5,60,60,0,3,0,0
3012,8294,12000,790,5,1,5,1367,2000,992,5,60,60,0,3,0,0
3013,8294,12000,790,5,1,5,1367,2000,992,5,60,60,0,3,0,0
3014,8294,12000,790,5,1,5,1367,2000,992,5,60,60,0,3,0,0
3015,8294,12000,790,5,1,5,1367,2000,992,5,60,60,0,3,0,0
3016,8294,12000,790,5,0,5,1367,2000,992,5,60,60,0,3,0,0
3017,8294,12000,790,5,0,5,1367,2000,992,5,60,60,0,3,0,0
3018,8294,12000,790,5,0,5,1367,2000,992,5,60,60,0,3,0,0
3019,8294,12000,790,5,0,5,1367,2000,992,5,60,60,0,3,0,0
3020,8294,12000,790,5,0,5,1367,2000,992,5,60,60,0,3,0,0
3021,8294,12000,790,5,0,5,1367,2000,992,5,60,60,0,3,0,0
3022,8294,12000,790,5,0,5,1367,2000,992,5,60,60,0,3,0,0
3023,8294,12000,790,5,0,5,1367,2000,992,5,60,60,0,3,0,0
3024,8294,12000,790,5,0,5,1367,2000,992,5,60,60,0,3,0,0
3025,8294,12000,790,5,0,5,1367,2000,992,5,60,60,0,3,0,0
3026,8294,12000,790,5,0,5,1367,2000,992,5,60,60,0,3,0,0
3027,8294,12000,790,5,0,5,1367,2000,992,5,60,60,0,3,0,0
3028,8294,12000,790,5,0,5,1367,2000,992,5,60,60,0,3,0,0
3029,8294,12000,790,5,0,5,1367,2000,992,5,60,60,0,3,0,0
3030,8294,12000,849,5,0,5,1367,2000,1052,5,60,60,0,3,0,0
3031,8294,12000,849,5,0,5,1367,2000,1052,5,60,60,0,3,0,0
3032,8294,12000,849,5,0,5,1367,2000,1052,5,60,60,0,3,0,0
3033,8294,12000,849,5,0,5,1367,2000,1052,5,60,60,0,3,0,0
3034,8294,12000,849,5,0,5,1367,2000,1052,5,60,60,0,3,0,0
3035,8294,12000,849,5,0,5,1367,2000,1052,5,60,60,0,3,0,0
3036,8294,12000,849,5,0,5,1367,2000,1052,5,60,60,0,3,0,0
3037,8294,12000,849,5,0,5,1367,2000,1052,5,60,60,0,3,0,0
3038,8294,12000,849,5,0,5,1367,2000,1052,5,60,60,0,3,0,0
3039,8294,12000,849,5,0,5,1367,2000,1052,5,60,60,0,3,0,0
3040,8207,12000,849,5,0,5,1367,2000,1052,5,60,60,0,3,0,0
3041,8207,12000,849,5,0,6,1367,2000,872,5,60,60,0,3,0,12
3042,8207,12000,849,5,0,6,1367,2000,872,5,60,60,0,3,0,0
3043,8120,12000,849,5,0,6,1367,2000,872,5,60,60,0,3,0,0
3044,8120,12000,849,5,0,6,1367,2000,872,5,60,60,0,3,0,0
3045,8120,12000,849,5,0,6,1367,2000,872,5,60,60,0,3,0,0
3046,8120,12000,849,5,0,6,1367,2000,872,5,60,60,0,3,0,0
3047,8120,12000,849,5,0,6,1367,2000,872,5,60,60,0,3,0,0
3048,8120,12000,849,5,0,6,1367,2000,872,5,60,60,0,3,0,0
3049,8120,12000,849,5,0,6,1367,2000,872,5,60,60,0,3,0,0
3050,8120,12000,849,5,0,6,1367,2000,872,5,60,60,0,3,0,0
3051,8120,12000,849,5,0,7,1367,2000,872,5,60,60,0,3,0,0
3052,8120,12000,849,5,0,7,1367,2000,872,5,60,60,0,3,0,0
3053,8120,12000,849,5,0,7,1367,2000,872,5,60,60,0,3,0,0
3054,8033,12000,849,5,0,7,1367,2000,872,5,60,60,0,3,0,0
3055,8033,12000,849,5,0,7,1367,2000,872,5,60,60,0,3,0,0
3056,8033,12000,849,5,0,7,1367,2000,872,5,60,60,0,3,0,0
3057,8033,12000,849,5,0,7,1367,2000,872,5,60,60,0,3,0,0
3058,8033,12000,669,5,1,7,1367,2000,872,5,60,60,0,3,12,0
3059,8033,12000,669,5,1,7,1367,2000,872,5,60,60,0,3,0,0
3060,8033,12000,729,5,1,7,1367,2000,932,5,60,60,0,3,0,0
3061,8033,12000,729,5,1,8,1367,2000,932,5,60,60,0,3,0,0
3062,8033,12000,729,5,1,8,1367,2000,932,5,60,60,0,3,0,0
3063,8033,12000,729,5,1,8,1367,2000,932,5,60,60,0,3,0,0
3064,8033,12000,729,5,1,8,1367,2000,932,5,60,60,0,3,0,0
3065,8033,12000,729,5,1,8,1367,2000,932,5,60,60,0,3,0,0
3066,8033,12000,729,5,1,8,1367,2000,932,5,60,60,0,3,0,0
3067,7946,12000,729,5,1,8,1367,2000,932,5,60,60,0,3,0,0
3068,7946,12000,729,5,2,8,1367,2000,932,5,60,60,0,3,0,0
3069,7946,12000,729,5,2,8,1367,2000,932,5,60,60,0,3,0,0
3070,7946,12000,729,5,2,8,1367,2000,932,5,60,60,0,3,0,0
3071,7946,12000,729,5,2,9,1367,2000,932,5,60,60,0,3,0,0
3072,7946,12000,729,5,2,9,1367,2000,932,5,60,60,0,3,0,0
3073,7946,12000,729,5,2,9,1367,2000,932,5,60,60,0,3,0,0
3074,7946,12000,664,5,2,9,1367,2000,932,5,60,60,0,3,13,0
3075,7946,12000,664,5,2,9,1367,2000,932,5,60,60,0,3,0,0
3076,7946,12000,664,5,2,9,1367,2000,932,5,60,60,0,3,0,0
3077,7946,12000,664,5,2,9,1367,2000,932,5,60,60,0,3,0,0
3078,7946,12000,664,5,3,9,1367,2000,932,5,60,60,0,3,0,0
3079,7946,12000,664,5,3,8,1367,2000,932,5,60,60,0,3,0,0
3080,7946,12000,664,5,3,8,1367,2000,932,5,60,60,0,3,0,0
3081,7946,12000,664,5,3,9,1367,2000,932,5,60,60,0,3,0,0
3082,7946,12000,664,5,3,9,1367,2000,932,5,60,60,0,3,0,0
3083,7946,12000,664,5,3,9,1367,2000,932,5,60,60,0,3,0,0
3084,7946,12000,664,5,3,9,1367,2000,932,5,60,60,0,3,0,0
3085,7946,12000,664,5,3,9,1367,2000,932,5,60,60,0,3,0,0
3086,7946,12000,664,5,3,9,1367,2000,932,5,60,60,0,3,0,0
3087,7946,12000,664,5,3,9,1367,2000,932,5,60,60,0,3,0,0
3088,7946,12000,664,5,4,8,1367,2000,932,5,60,60,0,3,0,0
3089,7946,12000,664,5,4,8,1367,2000,932,5,60,60,0,3,0,0
3090,7946,12000,724,5,4,8,1367,2000,992,5,60,60,0,3,0,0
3091,7946,12000,724,5,4,8,1367,2000,992,5,60,60,0,3,0,0
3092,7946,12000,724,5,4,8,1367,2000,992,5,60,60,0,3,0,0
3093,7946,12000,724,5,4,8,1367,2000,992,5,60,60,0,3,0,0
3094,7946,12000,724,5,4,8,1367,2000,992,5,60,60,0,3,0,0
3095,7946,12000,724,5,4,8,1367,2000,992,5,60,60,0,3,0,0
3096,7946,12000,724,5,4,8,1367,2000,992,5,60,60,0,3,0,0
3097,7946,12000,724,5,4,8,1367,2000,992,5,60,60,0,3,0,0
3098,7946,12000,724,5,5,8,1367,2000,992,5,60,60,0,3,0,0
3099,7946,12000,724,5,5,8,1367,2000,992,5,60,60,0,3,0,0
3100,7946,12000,724,5,5,8,1367,2000,992,5,60,60,0,3,0,0
3101,7946,12000,724,5,5,8,1367,2000,992,5,60,60,0,3,0,0
3102,7946,12000,724,5,5,8,1367,2000,992,5,60,60,0,3,0,0
3103,7946,12000,724,5,5,8,1367,2000,992,5,60,60,0,3,0,0
3104,7946,12000,704,5,5,8,1367,2000,992,5,60,60,0,3,11,0
3105,7946,12000,704,5,5,8,1367,2000,992,5,60,60,0,3,0,0
3106,7946,12000,704,5,5,8,1367,2000,992,5,60,60,0,3,0,0
3107,7946,12000,704,5,5,8,1367,2000,992,5,60,60,0,3,0,0
3108,7946,12000,704,5,5,8,1367,2000,992,5,60,60,0,3,0,0
3109,7946,12000,704,5,5,8,1367,2000,992,5,60,60,0,3,0,0
3110,7946,12000,704,5,5,8,1367,2000,992,5,60,60,0,3,0,0
3111,7946,12000,704,5,5,8,1367,2000,992,5,60,60,0,3,0,0
3112,7946,12000,704,5,5,8,1367,2000,992,5,60,60,0,3,0,0
3113,7946,12000,704,5,5,8,1367,2000,992,5,60,60,0,3,0,0
3114,7946,12000,704,5,5,8,1367,2000,992,5,60,60,0,3,0,0
3115,7946,12000,704,5,5,8,1367,2000,992,5,60,60,0,3,0,0
3116,7946,12000,704,5,5,8,1367,2000,992,5,60,60,0,3,0,0
3117,7946,12000,704,5,5,5,1367,2000,992,5,60,60,0,3,0,0
3118,7946,12000,704,5,5,5,1367,2000,992,5,60,60,0,3,0,0
3119,7946,12000,704,5,5,5,1367,2000,992,5,60,60,0,3,0,0
3120,7946,12000,764,5,5,5,1367,2000,1051,5,60,60,0,3,0,0
3121,7946,12000,764,5,5,5,1367,2000,1051,5,60,60,0,3,0,0
3122,7946,12000,864,5,5,5,1367,2000,1051,5,60,60,0,3,0,0
3123,7946,12000,864,5,5,5,1367,2000,1051,5,60,60,0,3,0,0
3124,7946,12000,864,5,5,5,1367,2000,1051,5,60,60,0,3,0,0
3125,7946,12000,864,5,5,5,1367,2000,1051,5,60,60,0,3,0,0
3126,7946,12000,864,5,5,5,1367,2000,1051,5,60,60,0,3,0,0
3127,7946,12000,864,5,5,5,1367,2000,1051,5,60,60,0,3,0,0
3128,7946,12000,864,5,5,5,1367,2000,1051,5,60,60,0,3,0,0
3129,7946,12000,864,5,5,5,1367,2000,1051,5,60,60,0,3,0,0
3130,7946,12000,864,5,5,5,1367,2000,1051,5,60,60,0,3,0,0
3131,7946,12000,864,5,5,5,1367,2000,1051,5,60,60,0,3,0,0
3132,7946,12000,864,5,5,5,1367,2000,1051,5,60,60,0,3,0,0
3133,7946,12000,864,5,5,5,1367,2000,1051,5,60,60,0,3,0,0
3134,7946,12000,864,5,5,5,1367,2000,1051,5,60,60,0,3,0,0
3135,7946,12000,864,5,5,5,1367,2000,1051,5,60,60,0,3,0,0
3136,7946,12000,864,5,5,5,1367,2000,1051,5,60,60,0,3,0,0
3137,7946,12000,864,5,5,5,1367,2000,1051,5,60,60,0,3,0,0
3138,7946,12000,864,5,5,5,1367,2000,1051,5,60,60,0,3,0,0
3139,7946,12000,864,5,5,5,1367,2000,1051,5,60,60,0,3,0,0
3140,7946,12000,864,5,5,5,1367,2000,1051,5,60,60,0,3,0,0
3141,7946,12000,864,5,5,5,1367,2000,1051,5,60,60,0,3,0,0
3142,7946,12000,864,5,5,5,1367,2000,1051,5,60,60,0,3,0,0
3143,7946,12000,864,5,5,5,1367,2000,1051,5,60,60,0,3,0,0
3144,7946,12000,864,5,5,5,1367,2000,1051,5,60,60,0,3,0,0
3145,7946,12000,864,5,5,5,1367,2000,1051,5,60,60,0,3,0,0
3146,7946,12000,864,5,5,5,1367,2000,1051,5,60,60,0,3,0,0
3147,7946,12000,864,5,5,5,1367,2000,1051,5,60,60,0,3,0,0
3148,7946,12000,864,5,5,5,1367,2000,1051,5,60,60,0,3,0,0
3149,7946,12000,864,5,5,5,1367,2000,1051,5,60,60,0,3,0,0
3150,7946,12000,924,5,5,5,1367,2000,1111,5,60,60,0,3,0,0
3151,7946,12000,924,5,5,5,1367,2000,1111,5,60,60,0,3,0,0
3152,7846,12000,924,5,5,5,1267,2000,1111,5,60,60,0,3,0,0
3153,7846,12000,924,5,5,5,1267,2000,1111,5,60,60,0,3,0,0
3154,7846,12000,924,5,5,5,1267,2000,1111,5,60,60,0,3,0,0
3155,7846,12000,924,5,5,5,1267,2000,1111,5,60,60,0,3,0,0
3156,7846,12000,924,5,5,5,1267,2000,1111,5,60,60,0,3,0,0
3157,7846,12000,924,5,5,5,1267,2000,1111,5,60,60,0,3,0,0
3158,7846,12000,924,5,5,5,1267,2000,1111,5,60,60,0,3,0,0
3159,7846,12000,924,5,5,5,1267,2000,1111,5,60,60,0,3,0,0
3160,7846,12000,924,5,5,5,1267,2000,1111,5,60,60,0,3,0,0
3161,7846,12000,924,5,5,5,1267,2000,1111,5,60,60,0,3,0,0
3162,7846,12000,924,5,5,5,1267,2000,1111,5,60,60,0,3,0,0
3163,7846,12000,924,5,5,5,1267,2000,1111,5,60,60,0,3,0,0
3164,7846,12000,924,5,5,5,1267,2000,1111,5,60,60,0,3,0,0
3165,7846,12000,924,5,5,5,1267,2000,1111,5,60,60,0,3,0,0
3166,7846,12000,924,5,5,5,1267,2000,1111,5,60,60,0,3,0,0
3167,7846,12000,924,5,5,5,1267,2000,1111,5,60,60,0,3,0,0
3168,7846,12000,924,5,5,5,1267,2000,1111,5,60,60,0,3,0,0
3169,7846,12000,924,5,5,5,1267,2000,1111,5,60,60,0,3,0,0
3170,7846,12000,924,5,5,5,1267,2000,1111,5,60,60,0,3,0,0
3171,7846,12000,924,5,5,5,1267,2000,1111,5,60,60,0,3,0,0
3172,7846,12000,924,5,5,5,1267,2000,1111,5,60,60,0,3,0,0
3173,7846,12000,924,5,5,5,1267,2000,1111,5,60,60,0,3,0,0
3174,7846,12000,924,5,5,5,1267,2000,1111,5,60,60,0,3,0,0
3175,7846,12000,924,5,5,5,1267,2000,1111,5,60,60,0,3,0,0
3176,7846,12000,924,5,5,5,1267,2000,1111,5,60,60,0,3,0,0
3177,7846,12000,924,5,5,5,1267,2000,1111,5,60,60,0,3,0,0
3178,7846,12000,924,5,5,5,1267,2000,1111,5,60,60,0,3,0,0
3179,7846,12000,924,5,5,5,1267,2000,1111,5,60,60,0,3,0,0
3180,7846,12000,984,5,5,5,1267,2000,1171,5,60,60,0,3,0,0
3181,7846,12000,984,5,5,5,1267,2000,1171,5,60,60,0,3,0,0
3182,7846,12000,984,5,5,5,1267,2000,1171,5,60,60,0,3,0,0
3183,7846,12000,984,5,5,5,1267,2000,1171,5,60,60,0,3,0,0
3184,7846,12000,984,5,5,5,1267,2000,1171,5,60,60,0,3,0,0
3185,7846,12000,984,5,5,5,1267,2000,1171,5,60,60,0,3,0,0
3186,7846,12000,984,5,5,5,1267,2000,1171,5,60,60,0,3,0,0
3187,7846,12000,984,5,5,5,1267,2000,1171,5,60,60,0,3,0,0
3188,7846,12000,984,5,5,5,1267,2000,1171,5,60,60,0,3,0,0
3189,7846,12000,984,5,5,5,1267,2000,1171,5,60,60,0,3,0,0
3190,7846,12000,984,5,5,5,1267,2000,1171,5,60,60,0,3,0,0
3191,7846,12000,984,5,5,5,1267,2000,1171,5,60,60,0,3,0,0
3192,7846,12000,984,5,5,5,1267,2000,1171,5,60,60,0,3,0,0
3193,7846,12000,984,5,5,5,1267,2000,1171,5,60,60,0,3,0,0
3194,7846,12000,984,5,5,5,1267,2000,1171,5,60,60,0,3,0,0
3195,7846,12000,984,5,5,5,1267,2000,1171,5,60,60,0,3,0,0
3196,7846,12000,984,5,5,5,1267,2000,1171,5,60,60,0,3,0,0
3197,7846,12000,984,5,5,5,1267,2000,1171,5,60,60,0,3,0,0
3198,7846,12000,984,5,5,5,1267,2000,1171,5,60,60,0,3,0,0
3199,7846,12000,984,5,5,5,1267,2000,1171,5,60,60,0,3,0,0
3200,7846,12000,984,5,5,5,1267,2000,1171,5,60,60,0,3,0,0
3201,7846,12000,984,5,5,5,1267,2000,1171,5,60,60,0,3,0,0
3202,7846,12000,984,5,5,5,1267,2000,1171,5,60,60,0,3,0,0
3203,7846,12000,984,5,5,5,1267,2000,1171,5,60,60,0,3,0,0
3204,7846,12000,984,5,5,5,1267,2000,1171,5,60,60,0,3,0,0
3205,7846,12000,984,5,5,5,1267,2000,1171,5,60,60,0,3,0,0
3206,7846,12000,984,5,5,5,1267,2000,1171,5,60,60,0,3,0,0
3207,7846,12000,984,5,5,5,1267,2000,1171,5,60,60,0,3,0,0
3208,7846,12000,984,5,5,5,1267,2000,1171,5,60,60,0,3,0,0
3209,7846,12000,984,5,5,5,1267,2000,1171,5,60,60,0,3,0,0
3210,7846,12000,1044,5,5,5,1267,2000,1231,5,60,60,0,3,0,0
3211,7846,12000,1044,5,5,5,1267,2000,1231,5,60,60,0,3,0,0
3212,7846,12000,1044,5,5,5,1267,2000,1231,5,60,60,0,3,0,0
3213,7846,12000,1044,5,5,5,1267,2000,1231,5,60,60,0,3,0,0
3214,7846,12000,1044,5,5,5,1267,2000,1231,5,60,60,0,3,0,0
3215,7846,12000,1044,5,5,5,1267,2000,1231,5,60,60,0,3,0,0
3216,7846,12000,1044,5,5,5,1267,2000,1231,5,60,60,0,3,0,0
3217,7846,12000,1044,5,5,5,1267,2000,1231,5,60,60,0,3,0,0
3218,7846,12000,1044,5,5,5,1267,2000,1231,5,60,60,0,3,0,0
3219,7846,12000,1044,5,5,5,1267,2000,1231,5,60,60,0,3,0,0
3220,7846,12000,1044,5,5,5,1267,2000,1231,5,60,60,0,3,0,0
3221,7846,12000,1044,5,5,4,1267,2000,1211,5,60,60,0,3,0,11
3222,7846,12000,1044,5,5,4,1267,2000,1211,5,60,60,0,3,0,0
3223,7846,12000,1044,5,5,4,1267,2000,1211,5,60,60,0,3,0,0
3224,7846,12000,1044,5,5,4,1267,2000,1211,5,60,60,0,3,0,0
3225,7846,12000,1044,5,5,4,1267,2000,1211,5,60,60,0,3,0,0
3226,7846,12000,1044,5,5,4,1267,2000,1211,5,60,60,0,3,0,0
3227,7846,12000,1044,5,5,4,1267,2000,1211,5,60,60,0,3,0,0
3228,7846,12000,1044,5,5,4,1267,2000,1211,5,60,60,0,3,0,0
3229,7846,12000,1044,5,5,4,1267,2000,1211,5,60,60,0,3,0,0
3230,7846,12000,1044,5,5,4,1267,2000,1211,5,60,60,0,3,0,0
3231,7846,12000,1044,5,5,4,1267,2000,1211,5,60,60,0,3,0,0
3232,7846,12000,1044,5,5,4,1267,2000,1211,5,60,60,0,3,0,0
3233,7846,12000,1044,5,5,4,1267,2000,1211,5,60,60,0,3,0,0
3234,7846,12000,1044,5,5,4,1267,2000,1211,5,60,60,0,3,0,0
3235,7846,12000,1044,5,5,4,1267,2000,1211,5,60,60,0,3,0,0
3236,7846,12000,1044,5,5,4,1267,2000,1211,5,60,60,0,3,0,0
3237,7846,12000,1044,5,5,4,1267,2000,1211,5,60,60,0,3,0,0
3238,7846,12000,1044,5,5,4,1267,2000,1211,5,60,60,0,3,0,0
3239,7846,12000,1044,5,5,4,1267,2000,1211,5,60,60,0,3,0,0
3240,7846,12000,1104,5,5,4,1267,2000,1271,5,60,60,0,3,0,0
3241,7846,12000,1104,5,5,4,1267,2000,1271,5,60,60,0,3,0,0
3242,7846,12000,1104,5,5,4,1267,2000,1271,5,60,60,0,3,0,0
3243,7846,12000,1104,5,5,4,1267,2000,1271,5,60,60,0,3,0,0
3244,7846,12000,1104,5,5,4,1267,2000,1271,5,60,60,0,3,0,0
3245,7846,12000,1104,5,5,4,1267,2000,1271,5,60,60,0,3,0,0
3246,7846,12000,1104,5,5,4,1267,2000,1271,5,60,60,0,3,0,0
3247,7846,12000,1104,5,5,4,1267,2000,1271,5,60,60,0,3,0,0
3248,7846,12000,1104,5,5,4,1267,2000,1271,5,60,60,0,3,0,0
3249,7846,12000,1104,5,5,4,1267,2000,1271,5,60,60,0,3,0,0
3250,7846,12000,1104,5,5,4,1267,2000,1271,5,60,60,0,3,0,0
3251,7846,12000,1104,5,5,4,1267,2000,1271,5,60,60,0,3,0,0
3252,7846,12000,1104,5,5,4,1267,2000,1271,5,60,60,0,3,0,0
3253,7846,12000,1104,5,5,4,1267,2000,1271,5,60,60,0,3,0,0
3254,7846,12000,1104,5,5,4,1267,2000,1271,5,60,60,0,3,0,0
3255,7846,12000,1104,5,5,4,1267,2000,1271,5,60,60,0,3,0,0
3256,7846,12000,1104,5,5,4,1267,2000,1271,5,60,60,0,3,0,0
3257,7846,12000,1104,5,5,4,1267,2000,1271,5,60,60,0,3,0,0
3258,7846,12000,1104,5,5,4,1267,2000,1271,5,60,60,0,3,0,0
3259,7846,12000,1104,5,5,4,1267,2000,1271,5,60,60,0,3,0,0
3260,7846,12000,1104,5,5,4,1267,2000,1271,5,60,60,0,3,0,0
3261,7846,12000,1104,5,5,4,1267,2000,1271,5,60,60,0,3,0,0
3262,7846,12000,1104,5,5,4,1267,2000,1271,5,60,60,0,3,0,0
3263,7846,12000,1104,5,5,4,1267,2000,1271,5,60,60,0,3,0,0
3264,7846,12000,1104,5,5,4,1267,2000,1271,5,60,60,0,3,0,0
3265,7846,12000,1104,5,5,4,1267,2000,1271,5,60,60,0,3,0,0
3266,7846,12000,1104,5,5,4,1267,2000,1271,5,60,60,0,3,0,0
3267,7846,12000,1104,5,5,4,1267,2000,1271,5,60,60,0,3,0,0
3268,7846,12000,1104,5,5,4,1267,2000,1271,5,60,60,0,3,0,0
3269,7746,12000,1104,5,5,2,1167,2000,1271,5,60,60,0,3,0,0
3270,7746,12000,1163,5,5,2,1167,2000,1331,5,60,60,0,3,0,0
3271,7746,12000,1163,5,5,2,1167,2000,1331,5,60,60,0,3,0,0
3272,7746,12000,1163,5,5,2,1167,2000,1331,5,60,60,0,3,0,0
3273,7746,12000,1163,5,5,2,1167,2000,1331,5,60,60,0,3,0,0
3274,7746,12000,1163,5,5,2,1167,2000,1331,5,60,60,0,3,0,0
3275,7746,12000,1163,5,5,2,1167,2000,1331,5,60,60,0,3,0,0
3276,7746,12000,1163,5,5,2,1167,2000,1331,5,60,60,0,3,0,0
3277,7746,12000,1163,5,5,2,1167,2000,1331,5,60,60,0,3,0,0
3278,7746,12000,1163,5,5,2,1167,2000,1331,5,60,60,0,3,0,0
3279,7746,12000,1163,5,5,2,1167,2000,1331,5,60,60,0,3,0,0
3280,7746,12000,1163,5,5,2,1167,2000,1331,5,60,60,0,3,0,0
3281,7746,12000,1163,5,5,2,1167,2000,1331,5,60,60,0,3,0,0
3282,7746,12000,1163,5,5,2,1167,2000,1331,5,60,60,0,3,0,0
3283,7746,12000,1163,5,5,1,1167,2000,1331,5,60,60,0,3,0,0
3284,7746,12000,1163,5,5,1,1167,2000,1331,5,60,60,0,3,0,0
3285,7746,12000,1163,5,5,1,1167,2000,1331,5,60,60,0,3,0,0
3286,7746,12000,1163,5,5,1,1167,2000,1331,5,60,60,0,3,0,0
3287,7746,12000,1163,5,5,1,1167,2000,1331,5,60,60,0,3,0,0
3288,7746,12000,1163,5,5,1,1167,2000,1331,5,60,60,0,3,0,0
3289,7746,12000,1163,5,5,0,1167,2000,1331,5,60,60,0,3,0,0
3290,7746,12000,1163,5,5,0,1167,2000,1331,5,60,60,0,3,0,0
3291,7746,12000,1163,5,5,0,1167,2000,1331,5,60,60,0,3,0,0
3292,7746,12000,1163,5,5,0,1167,2000,1331,5,60,60,0,3,0,0
3293,7746,12000,1163,5,5,0,1167,2000,1331,5,60,60,0,3,0,0
3294,7746,12000,1163,5,5,0,1167,2000,1331,5,60,60,0,3,0,0
3295,7746,12000,1163,5,5,0,1167,2000,1331,5,60,60,0,3,0,0
3296,7746,12000,1163,5,5,0,1167,2000,1331,5,60,60,0,3,0,0
3297,7746,12000,1163,5,5,0,1167,2000,1331,5,60,60,0,3,0,0
3298,7746,12000,1163,5,5,0,1167,2000,1331,5,60,60,0,3,0,0
3299,7746,12000,1163,5,5,0,1167,2000,1331,5,60,60,0,3,0,0
3300,7746,12000,1223,5,5,0,1167,2000,1391,5,60,60,0,3,0,0
3301,7746,12000,1223,5,5,0,1167,2000,1391,5,60,60,0,3,0,0
3302,7746,12000,1223,5,5,0,1167,2000,1391,5,60,60,0,3,0,0
3303,7746,12000,1223,5,5,0,1167,2000,1391,5,60,60,0,3,0,0
3304,7746,12000,1223,5,5,0,1167,2000,1391,5,60,60,0,3,0,0
3305,7746,12000,1223,5,5,0,1167,2000,1391,5,60,60,0,3,0,0
3306,7746,12000,1223,5,5,0,1167,2000,1391,5,60,60,0,3,0,0
3307,7746,12000,1223,5,5,0,1167,2000,1391,5,60,60,0,3,0,0
3308,7746,12000,1223,5,5,0,1167,2000,1391,5,60,60,0,3,0,0
3309,7746,12000,1223,5,5,0,1167,2000,1391,5,60,60,0,3,0,0
3310,7746,12000,1223,5,5,0,1167,2000,1391,5,60,60,0,3,0,0
3311,7746,12000,1223,5,5,0,1167,2000,1391,5,60,60,0,3,0,0
3312,7746,12000,1223,5,5,0,1167,2000,1391,5,60,60,0,3,0,0
3313,7746,12000,1223,5,5,0,1167,2000,1391,5,60,60,0,3,0,0
3314,7746,12000,1223,5,5,0,1167,2000,1391,5,60,60,0,3,0,0
3315,7746,12000,1223,5,5,0,1167,2000,1391,5,60,60,0,3,0,0
3316,7746,12000,1223,5,5,0,1167,2000,1391,5,60,60,0,3,0,0
3317,7746,12000,1223,5,5,0,1167,2000,1391,5,60,60,0,3,0,0
3318,7746,12000,1223,5,5,0,1167,2000,1391,5,60,60,0,3,0,0
3319,7746,12000,1223,5,5,0,1167,2000,1391,5,60,60,0,3,0,0
3320,7746,12000,1223,5,5,0,1167,2000,1391,5,60,60,0,3,0,0
3321,7746,12000,1223,5,5,0,1167,2000,1391,5,60,60,0,3,0,0
3322,7746,12000,1223,5,5,0,1167,2000,1391,5,60,60,0,3,0,0
3323,7746,12000,1223,5,5,0,1167,2000,1391,5,60,60,0,3,0,0
3324,7746,12000,1223,5,5,0,1167,2000,1391,5,60,60,0,3,0,0
3325,7746,12000,1223,5,5,0,1167,2000,1391,5,60,60,0,3,0,0
3326,7746,12000,1223,5,5,0,1167,2000,1391,5,60,60,0,3,0,0
3327,7746,12000,1223,5,5,0,1167,2000,1391,5,60,60,0,3,0,0
3328,7746,12000,1223,5,5,0,1167,2000,1391,5,60,60,0,3,0,0
3329,7746,12000,1223,5,5,0,1167,2000,1391,5,60,60,0,3,0,0
3330,7746,12000,1283,5,5,0,1167,2000,1451,5,60,60,0,3,0,0
3331,7746,12000,1283,5,5,0,1167,2000,1451,5,60,60,0,3,0,0
3332,7746,12000,1283,5,5,0,1167,2000,1451,5,60,60,0,3,0,0
3333,7746,12000,1283,5,5,0,1167,2000,1451,5,60,60,0,3,0,0
3334,7746,12000,1283,5,5,0,1167,2000,1451,5,60,60,0,3,0,0
3335,7746,12000,1283,5,5,0,1167,2000,1451,5,60,60,0,3,0,0
3336,7746,12000,1283,5,5,0,9402,12000,1431,5,60,60,0,3,0,10
3337,7746,12000,1283,5,5,0,9402,12000,1431,5,60,60,0,3,0,0
3338,7746,12000,1283,5,5,0,9402,12000,1431,5,60,60,0,3,0,0
3339,7746,12000,1283,5,5,0,9402,12000,1431,5,60,60,0,3,0,0
3340,7746,12000,1283,5,5,0,9402,12000,1431,5,60,60,0,3,0,0
3341,7746,12000,1283,5,5,0,9402,12000,1431,5,60,60,0,3,0,0
3342,7746,12000,1283,5,5,0,9402,12000,1431,5,60,60,0,3,0,0
3343,7746,12000,1283,5,5,0,9402,12000,1431,5,60,60,0,3,0,0
3344,7746,12000,1283,5,5,0,9402,12000,1431,5,60,60,0,3,0,0
3345,7746,12000,1283,5,5,0,9402,12000,1431,5,60,60,0,3,0,0
3346,7746,12000,1283,5,5,1,9402,12000,1251,5,60,60,0,3,0,12
3347,7746,12000,1283,5,5,1,9402,12000,1251,5,60,60,0,3,0,0
3348,7746,12000,1283,5,5,1,9402,12000,1251,5,60,60,0,3,0,0
3349,7746,12000,1283,5,5,1,9402,12000,1251,5,60,60,0,3,0,0
3350,7746,12000,1103,5,6,1,9402,12000,1251,5,60,60,0,3,12,0
3351,7746,12000,1103,5,6,1,9402,12000,1251,5,60,60,0,3,0,0
3352,7746,12000,1103,5,6,1,9402,12000,1251,5,60,60,0,3,0,0
3353,7746,12000,1103,5,6,1,9402,12000,1251,5,60,60,0,3,0,0
3354,7746,12000,1103,5,6,1,9402,12000,1251,5,60,60,0,3,0,0
3355,7746,12000,1103,5,6,1,9402,12000,1251,5,60,60,0,3,0,0
3356,7746,12000,1103,5,6,2,9402,12000,1251,5,60,60,0,3,0,0
3357,7746,12000,1103,5,6,2,9402,12000,1251,5,60,60,0,3,0,0
3358,7746,12000,1103,5,6,2,9402,12000,1251,5,60,60,0,3,0,0
3359,7746,12000,1103,5,6,2,9402,12000,1251,5,60,60,0,3,0,0
3360,7746,12000,1163,5,7,2,9402,12000,1310,5,60,60,0,3,0,0
3361,7746,12000,1163,5,7,2,9402,12000,1310,5,60,60,0,3,0,0
3362,7746,12000,1163,5,7,2,9402,12000,1310,5,60,60,0,3,0,0
3363,7746,12000,1163,5,7,2,9402,12000,1310,5,60,60,0,3,0,0
3364,7746,12000,1163,5,7,2,9402,12000,1310,5,60,60,0,3,0,0
3365,7746,12000,1163,5,7,2,9402,12000,1310,5,60,60,0,3,0,0
3366,7746,12000,1163,5,7,3,9402,12000,1310,5,60,60,0,3,0,0
3367,7746,12000,1163,5,7,3,9402,12000,1310,5,60,60,0,3,0,0
3368,7746,12000,1163,5,7,3,9402,12000,1310,5,60,60,0,3,0,0
3369,7746,12000,1163,5,7,3,9402,12000,1310,5,60,60,0,3,0,0
3370,7746,12000,1163,5,8,3,9402,12000,1310,5,60,60,0,3,0,0
3371,7746,12000,1163,5,8,3,9402,12000,1310,5,60,60,0,3,0,0
3372,7746,12000,1163,5,8,3,9402,12000,1310,5,60,60,0,3,0,0
3373,7746,12000,1163,5,8,3,9402,12000,1310,5,60,60,0,3,0,0
3374,7746,12000,1163,5,8,3,9402,12000,1310,5,60,60,0,3,0,0
3375,7746,12000,1163,5,8,3,9402,12000,1310,5,60,60,0,3,0,0
3376,7746,12000,1163,5,8,4,9402,12000,1310,5,60,60,0,3,0,0
3377,7746,12000,1163,5,8,4,9402,12000,1310,5,60,60,0,3,0,0
3378,7746,12000,1163,5,8,4,9402,12000,1310,5,60,60,0,3,0,0
3379,7746,12000,1163,5,8,4,9402,12000,1310,5,60,60,0,3,0,0
3380,7746,12000,1163,5,9,4,9402,12000,1310,5,60,60,0,3,0,0
3381,7746,12000,1163,5,9,4,9402,12000,1310,5,60,60,0,3,0,0
3382,7746,12000,1163,5,9,4,9402,12000,1310,5,60,60,0,3,0,0
3383,7746,12000,1163,5,9,4,9402,12000,1310,5,60,60,0,3,0,0
3384,7746,12000,1163,5,9,4,9402,12000,1310,5,60,60,0,3,0,0
3385,7746,12000,1163,5,9,4,9402,12000,1310,5,60,60,0,3,0,0
3386,7746,12000,1163,5,9,5,9402,12000,1310,5,60,60,0,3,0,0
3387,7746,12000,1143,5,9,5,9402,12000,1310,5,60,60,0,3,11,0
3388,7746,12000,1143,5,9,5,9402,12000,1310,5,60,60,0,3,0,0
3389,7746,12000,1143,5,9,5,9402,12000,1310,5,60,60,0,3,0,0
3390,7746,12000,1203,5,10,5,9402,12000,1370,5,60,60,0,3,0,0
3391,7746,12000,1203,5,10,5,9402,12000,1370,5,60,60,0,3,0,0
3392,7746,12000,1203,5,10,5,9402,12000,1370,5,60,60,0,3,0,0
3393,7746,12000,1203,5,10,5,9402,12000,1370,5,60,60,0,3,0,0
3394,7746,12000,1203,5,10,5,9402,12000,1370,5,60,60,0,3,0,0
3395,7746,12000,1203,5,10,5,9402,12000,1370,5,60,60,0,3,0,0
3396,7746,12000,1203,5,10,5,9402,12000,1370,5,60,60,0,3,0,0
3397,7746,12000,1203,5,10,5,9402,12000,1370,5,60,60,0,3,0,0
3398,7746,12000,1203,5,10,5,9402,12000,1370,5,60,60,0,3,0,0
3399,7746,12000,1203,5,10,5,9402,12000,1370,5,60,60,0,3,0,0
3400,7746,12000,1203,5,10,5,9402,12000,1370,5,60,60,0,3,0,0
3401,7746,12000,1203,5,10,5,9402,12000,395,5,60,60,0,3,0,13
3402,7746,12000,1203,5,10,5,9402,12000,395,5,60,60,0,3,0,0
3403,7746,12000,1203,5,10,5,9402,12000,395,5,60,60,0,3,0,0
3404,7746,12000,1203,5,10,5,9402,12000,395,5,60,60,0,3,0,0
3405,7746,12000,1203,5,10,5,9402,12000,395,5,60,60,0,3,0,0
3406,7746,12000,1203,5,10,6,9402,12000,392,5,60,60,0,6,0,1
3407,7746,12000,1203,5,10,6,9402,12000,392,5,60,60,0,6,0,0
3408,7746,12000,1203,5,10,6,9402,12000,392,5,60,60,0,6,0,0
3409,7746,12000,1203,5,10,6,9402,12000,392,5,60,60,0,6,0,0
3410,7746,12000,1203,5,10,6,9402,12000,392,5,60,60,0,6,0,0
3411,7746,12000,1203,5,10,7,9402,12000,389,5,60,60,0,9,0,1
3412,7746,12000,1203,5,9,7,9402,12000,389,5,60,60,0,9,0,0
3413,7746,12000,1203,5,9,7,9402,12000,389,5,60,60,0,9,0,0
3414,7746,12000,1203,5,9,7,9402,12000,389,5,60,60,0,9,0,0
3415,7746,12000,1203,5,9,7,9402,12000,389,5,60,60,0,9,0,0
3416,7746,12000,1203,5,9,8,9402,12000,386,5,60,60,0,12,0,1
3417,7746,12000,1203,5,9,8,9402,12000,386,5,60,60,0,12,0,0
3418,7746,12000,1203,5,9,8,9402,12000,386,5,60,60,0,12,0,0
3419,7746,12000,1203,5,9,8,9402,12000,386,5,60,60,0,12,0,0
3420,7746,12000,1263,5,8,8,9402,12000,446,5,60,60,0,12,0,0
3421,7746,12000,1263,5,8,9,9402,12000,443,5,60,60,0,15,0,1
3422,7746,12000,1263,5,8,9,9402,12000,443,5,60,60,0,15,0,0
3423,7746,12000,1263,5,8,9,9402,12000,443,5,60,60,0,15,0,0
3424,7746,12000,1263,5,8,9,9402,12000,443,5,60,60,0,15,0,0
3425,7746,12000,1263,5,8,9,9402,12000,443,5,60,60,0,15,0,0
3426,7746,12000,1263,5,8,10,9402,12000,440,5,60,60,0,18,0,1
3427,7746,12000,1263,5,8,10,9402,12000,440,5,60,60,0,18,0,0
3428,7746,12000,1263,5,8,10,9402,12000,440,5,60,60,0,18,0,0
3429,7746,12000,1263,5,8,10,9402,12000,440,5,60,60,0,18,0,0
3430,7746,12000,1263,5,8,10,9402,12000,440,5,60,60,0,18,0,0
3431,7746,12000,1263,5,8,11,9402,12000,437,5,60,60,0,21,0,1
3432,7746,12000,1263,5,8,11,9402,12000,437,5,60,60,0,21,0,0
3433,7746,12000,1263,5,8,11,9402,12000,437,5,60,60,0,21,0,0
3434,7746,12000,1263,5,8,11,9402,12000,437,5,60,60,0,21,0,0
3435,7646,12000,1263,5,7,5,9302,12000,437,5,60,60,0,21,0,0
3436,7646,12000,1263,5,7,6,9302,12000,434,5,60,60,0,24,0,1
3437,7646,12000,1263,5,7,6,9302,12000,434,5,60,60,0,24,0,0
3438,7646,12000,1263,5,7,6,9302,12000,434,5,60,60,0,24,0,0
3439,7646,12000,1263,5,7,6,9302,12000,434,5,60,60,0,24,0,0
3440,7646,12000,1263,5,7,6,9302,12000,434,5,60,60,0,24,0,0
3441,7646,12000,1263,5,7,7,9302,12000,431,5,60,60,0,27,0,1
3442,7646,12000,1263,5,7,7,9302,12000,431,5,60,60,0,27,0,0
3443,7646,12000,1263,5,7,7,9302,12000,431,5,60,60,0,27,0,0
3444,7646,12000,1263,5,7,7,9302,12000,431,5,60,60,0,27,0,0
3445,7646,12000,1263,5,7,7,9302,12000,431,5,60,60,0,27,0,0
3446,7646,12000,1263,5,7,8,9302,12000,428,5,60,60,0,30,0,1
3447,7646,12000,1263,5,7,8,9302,12000,428,5,60,60,0,30,0,0
3448,7646,12000,1263,5,7,8,9302,12000,428,5,60,60,0,30,0,0
3449,7646,12000,1263,5,7,8,9302,12000,1928,5,60,60,0,30,0,0
3450,7646,12000,1323,5,7,8,9302,12000,1988,5,60,60,0,30,0,0
3451,7646,12000,1323,5,7,8,9302,12000,311,6,60,252,0,30,0,9
3452,7646,12000,1323,5,7,8,9302,12000,311,6,60,252,0,30,0,0
3453,7646,12000,1323,5,7,8,9302,12000,311,6,60,252,0,30,0,0
3454,7646,12000,1323,5,7,8,9302,12000,311,6,60,252,0,30,0,0
3455,7646,12000,1323,5,7,8,9302,12000,311,6,60,252,0,30,0,0
3456,7646,12000,1323,5,7,9,9302,12000,308,6,60,252,0,33,0,1
3457,7646,12000,1323,5,7,9,9302,12000,308,6,60,252,0,33,0,0
3458,7646,12000,1323,5,7,9,9302,12000,308,6,60,252,0,33,0,0
3459,7646,12000,1323,5,7,9,9302,12000,308,6,60,252,0,33,0,0
3460,7646,12000,1323,5,7,9,9302,12000,308,6,60,252,0,33,0,0
3461,7646,12000,1323,5,7,10,9302,12000,290,6,60,252,0,51,0,4
3462,7646,12000,1323,5,7,10,9302,12000,290,6,60,252,0,51,0,0
3463,7646,12000,1323,5,7,10,9302,12000,290,6,60,252,0,51,0,0
3464,7646,12000,1323,5,7,10,9302,12000,290,6,60,252,0,51,0,0
3465,7646,12000,1323,5,7,10,9302,12000,290,6,60,252,0,51,0,0
3466,7646,12000,1323,5,7,11,9302,12000,272,6,60,252,0,69,0,4
3467,7646,12000,1323,5,7,11,9302,12000,272,6,60,252,0,69,0,0
3468,7646,12000,1323,5,7,11,9302,12000,272,6,60,252,0,69,0,0
3469,7646,12000,1323,5,7,11,9302,12000,272,6,60,252,0,69,0,0
3470,7646,12000,1323,5,7,11,9302,12000,272,6,60,252,0,69,0,0
3471,7646,12000,1323,5,7,12,9302,12000,269,6,60,252,0,72,0,1
3472,7646,12000,1323,5,7,12,9302,12000,269,6,60,252,0,72,0,0
3473,7646,12000,1323,5,7,12,9302,12000,269,6,60,252,0,72,0,0
3474,7646,12000,1323,5,6,12,9302,12000,269,6,60,252,0,72,0,0
3475,7646,12000,1323,5,6,12,9302,12000,269,6,60,252,0,72,0,0
3476,7646,12000,1323,5,6,13,9302,12000,251,6,60,252,0,90,0,4
3477,7646,12000,1323,5,6,13,9302,12000,251,6,60,252,0,90,0,0
3478,7646,12000,1323,5,6,13,9302,12000,251,6,60,252,0,90,0,0
3479,7646,12000,1323,5,6,13,9302,12000,251,6,60,252,0,90,0,0
3480,7646,12000,1383,5,6,13,9302,12000,504,6,60,252,0,90,0,0
3481,7646,12000,1383,5,6,14,9302,12000,486,6,60,252,0,108,0,4
3482,7646,12000,1383,5,6,14,9302,12000,486,6,60,252,0,108,0,0
3483,7646,12000,1383,5,6,14,9302,12000,486,6,60,252,0,108,0,0
3484,7646,12000,1383,5,6,14,9302,12000,486,6,60,252,0,108,0,0
3485,7646,12000,1383,5,6,14,9302,12000,486,6,60,252,0,108,0,0
3486,7646,12000,1383,5,6,15,9302,12000,483,6,60,252,0,111,0,1
3487,7646,12000,1383,5,6,15,9302,12000,483,6,60,252,0,111,0,0
3488,7646,12000,1383,5,6,15,9302,12000,483,6,60,252,0,111,0,0
3489,7646,12000,1383,5,6,15,9302,12000,483,6,60,252,0,111,0,0
3490,7646,12000,1383,5,6,15,9302,12000,483,6,60,252,0,111,0,0
3491,7646,12000,1383,5,6,16,9302,12000,465,6,60,252,0,129,0,4
3492,7646,12000,1383,5,6,16,9302,12000,465,6,60,252,0,129,0,0
3493,7646,12000,1383,5,6,16,9302,12000,465,6,60,252,0,129,0,0
3494,7646,12000,1383,5,6,16,9302,12000,465,6,60,252,0,129,0,0
3495,7646,12000,1383,5,6,16,9302,12000,465,6,60,252,0,129,0,0
3496,7646,12000,1383,5,6,16,9302,12000,462,6,60,252,0,132,0,1
3497,7646,12000,1383,5,6,16,9302,12000,462,6,60,252,0,132,0,0
3498,7646,12000,1383,5,5,16,9302,12000,462,6,60,252,0,132,0,0
3499,7646,12000,1383,5,5,16,9302,12000,462,6,60,252,0,132,0,0
3500,7646,12000,1383,5,5,16,9302,12000,462,6,60,252,0,132,0,0
3501,7646,12000,1383,5,5,17,9302,12000,444,6,60,252,0,150,0,4
3502,7646,12000,1383,5,5,17,9302,12000,444,6,60,252,0,150,0,0
3503,7646,12000,1383,5,5,17,9302,12000,444,6,60,252,0,150,0,0
3504,7646,12000,1383,5,5,17,9302,12000,444,6,60,252,0,150,0,0
3505,7646,12000,1383,5,5,15,9302,12000,444,6,60,252,0,150,0,0
3506,7646,12000,1383,5,5,16,9302,12000,426,6,60,252,0,168,0,4
3507,7646,12000,1383,5,5,16,9302,12000,426,6,60,252,0,168,0,0
3508,7646,12000,1383,5,5,16,9302,12000,426,6,60,252,0,168,0,0
3509,7646,12000,1383,5,5,16,9302,12000,426,6,60,252,0,168,0,0
3510,7646,12000,1442,5,5,16,9302,12000,678,6,60,252,0,168,0,0
3511,7646,12000,1442,5,5,17,9302,12000,675,6,60,252,0,171,0,1
3512,7646,12000,1442,5,5,17,9302,12000,675,6,60,252,0,171,0,0
3513,7646,12000,1442,5,5,17,9302,12000,675,6,60,252,0,171,0,0
3514,7646,12000,1442,5,5,17,9302,12000,675,6,60,252,0,171,0,0
3515,7646,12000,1442,5,5,14,9302,12000,675,6,60,252,0,171,0,0
3516,7646,12000,1442,5,5,15,9302,12000,657,6,60,252,0,189,0,4
3517,7646,12000,1442,5,5,15,9302,12000,657,6,60,252,0,189,0,0
3518,7646,12000,1442,5,5,15,9302,12000,657,6,60,252,0,189,0,0
3519,7646,12000,1442,5,5,15,9302,12000,657,6,60,252,0,189,0,0
3520,7646,12000,1442,5,5,15,9302,12000,657,6,60,252,0,189,0,0
3521,7646,12000,1442,5,5,16,9302,12000,639,6,60,252,0,207,0,4
3522,7646,12000,1442,5,5,16,9302,12000,639,6,60,252,0,207,0,0
3523,7646,12000,1442,5,5,16,9302,12000,639,6,60,252,0,207,0,0
3524,7646,12000,1442,5,5,16,9302,12000,639,6,60,252,0,207,0,0
3525,7646,12000,1442,5,5,13,9302,12000,639,6,60,252,0,207,0,0
3526,7646,12000,1442,5,5,14,9302,12000,636,6,60,252,0,210,0,1
3527,7646,12000,1442,5,5,14,9302,12000,636,6,60,252,0,210,0,0
3528,7646,12000,1442,5,5,14,9302,12000,636,6,60,252,0,210,0,0
3529,7646,12000,1442,5,5,14,9302,12000,636,6,60,252,0,210,0,0
3530,7646,12000,1442,5,5,13,9302,12000,636,6,60,252,0,210,0,0
3531,7646,12000,1442,5,5,14,9302,12000,618,6,60,252,0,228,0,4
3532,7646,12000,1442,5,5,14,9302,12000,618,6,60,252,0,228,0,0
3533,7646,12000,1442,5,5,14,9302,12000,618,6,60,252,0,228,0,0
3534,7646,12000,1442,5,5,14,9302,12000,618,6,60,252,0,228,0,0
3535,7646,12000,1442,5,5,14,9302,12000,618,6,60,252,0,228,0,0
3536,7646,12000,1442,5,5,15,9302,12000,600,6,60,252,0,246,0,4
3537,7646,12000,1442,5,5,15,9302,12000,600,6,60,252,0,246,0,0
3538,7646,12000,1442,5,5,15,9302,12000,600,6,60,252,0,246,0,0
3539,7646,12000,1442,5,5,15,9302,12000,600,6,60,252,0,246,0,0
3540,7646,12000,1502,5,5,15,9302,12000,853,6,60,252,0,246,0,0
3541,7646,12000,1502,5,5,16,9302,12000,850,6,60,252,0,249,0,1
3542,7646,12000,1502,5,4,16,9302,12000,850,6,60,252,0,249,0,0
3543,7646,12000,1502,5,4,16,9302,12000,850,6,60,252,0,249,0,0
3544,7646,12000,1502,5,4,16,9302,12000,850,6,60,252,0,249,0,0
3545,7646,12000,1502,5,4,16,9302,12000,850,6,60,252,0,249,0,0
3546,7646,12000,1502,5,4,14,9302,12000,832,6,60,252,0,267,0,4
3547,7646,12000,1502,5,4,14,9302,12000,832,6,60,252,0,267,0,0
3548,7646,12000,1502,5,4,14,9302,12000,832,6,60,252,0,267,0,0
3549,7646,12000,1502,5,4,14,9302,12000,832,6,60,252,0,267,0,0
3550,7646,12000,1502,5,4,14,9302,12000,832,6,60,252,0,267,0,0
3551,7646,12000,1502,5,4,15,9302,12000,814,6,60,252,0,285,0,4
3552,7646,12000,1502,5,4,15,9302,12000,814,6,60,252,0,285,0,0
3553,7646,12000,1502,5,4,14,9302,12000,814,6,60,252,0,285,0,0
3554,7646,12000,1502,5,4,14,9302,12000,814,6,60,252,0,285,0,0
3555,7646,12000,527,5,4,14,9302,12000,814,6,60,252,0,285,13,0
3556,7646,12000,527,5,4,15,9302,12000,811,6,60,252,0,288,0,1
3557,7646,12000,527,5,4,15,9302,12000,811,6,60,252,0,288,0,0
3558,7646,12000,527,5,4,15,9302,12000,811,6,60,252,0,288,0,0
3559,7646,12000,527,5,4,15,9302,12000,811,6,60,252,0,288,0,0
3560,7646,12000,527,5,4,15,9302,12000,811,6,60,252,0,288,0,0
3561,7646,12000,527,5,4,12,9302,12000,793,6,60,252,0,306,0,4
3562,7646,12000,527,5,4,12,9302,12000,793,6,60,252,0,306,0,0
3563,7646,12000,527,5,4,12,9302,12000,793,6,60,252,0,306,0,0
3564,7646,12000,527,5,4,12,9302,12000,793,6,60,252,0,306,0,0
3565,7646,12000,527,5,4,12,9302,12000,793,6,60,252,0,306,0,0
3566,7646,12000,527,5,4,13,9302,12000,790,6,60,252,0,309,0,1
3567,7646,12000,527,5,4,13,9302,12000,790,6,60,252,0,309,0,0
3568,7646,12000,527,5,4,13,9302,12000,790,6,60,252,0,309,0,0
3569,7646,12000,527,5,4,13,9302,12000,790,6,60,252,0,309,0,0
3570,7646,12000,587,5,4,13,9302,12000,1042,6,60,252,0,309,0,0
3571,7646,12000,587,5,4,14,9302,12000,1024,6,60,252,0,327,0,4
3572,7646,12000,587,5,4,14,9302,12000,1024,6,60,252,0,327,0,0
3573,7646,12000,587,5,4,14,9302,12000,1024,6,60,252,0,327,0,0
3574,7646,12000,587,5,4,14,9302,12000,1024,6,60,252,0,327,0,0
3575,7646,12000,587,5,4,14,9302,12000,1024,6,60,252,0,327,0,0
3576,7646,12000,587,5,4,15,9302,12000,1006,6,60,252,0,345,0,4
3577,7646,12000,587,5,4,15,9302,12000,1006,6,60,252,0,345,0,0
3578,7646,12000,587,5,4,15,9302,12000,1006,6,60,252,0,345,0,0
3579,7646,12000,587,5,4,10,9302,12000,1006,6,60,252,0,345,0,0
3580,7646,12000,587,5,4,10,9302,12000,1006,6,60,252,0,345,0,0
3581,7646,12000,587,5,4,11,9302,12000,1003,6,60,252,0,348,0,1
3582,7646,12000,587,5,4,11,9302,12000,1003,6,60,252,0,348,0,0
3583,7646,12000,587,5,4,11,9302,12000,1003,6,60,252,0,348,0,0
3584,7646,12000,587,5,4,11,9302,12000,1003,6,60,252,0,348,0,0
3585,7646,12000,587,5,4,11,9302,12000,1003,6,60,252,0,348,0,0
3586,7646,12000,587,5,4,12,9302,12000,985,6,60,252,0,366,0,4
3587,7646,12000,587,5,4,12,9302,12000,985,6,60,252,0,366,0,0
3588,7646,12000,587,5,4,12,9302,12000,985,6,60,252,0,366,0,0
3589,7646,12000,587,5,4,12,9302,12000,985,6,60,252,0,366,0,0
3590,7646,12000,587,5,4,12,9302,12000,985,6,60,252,0,366,0,0
3591,7646,12000,587,5,4,13,9302,12000,805,6,60,252,0,366,0,12
3592,7646,12000,587,5,4,14,9302,12000,787,6,60,252,0,384,0,4
3593,7646,12000,587,5,4,14,9302,12000,787,6,60,252,0,384,0,0
3594,7646,12000,587,5,4,14,9302,12000,787,6,60,252,0,384,0,0
3595,7646,12000,587,5,4,14,9302,12000,787,6,60,252,0,384,0,0
3596,7646,12000,587,5,4,15,9302,12000,784,6,60,252,0,387,0,1
3597,7646,12000,587,5,4,15,9302,12000,784,6,60,252,0,387,0,0
3598,7646,12000,587,5,4,15,9302,12000,784,6,60,252,0,387,0,0
3599,7646,12000,587,5,4,15,9302,12000,784,6,60,252,0,387,0,0
3600,7646,12000,647,5,4,15,9302,12000,1037,6,60,252,0,387,0,0
3601,7646,12000,647,5,4,17,9302,12000,1019,6,60,252,0,405,0,4
3602,7646,12000,647,5,4,17,9302,12000,1019,6,60,252,0,405,0,0
3603,7646,12000,2147,5,4,17,9302,12000,1019,6,60,252,0,405,0,0
3604,7646,12000,2147,5,4,17,9302,12000,1019,6,60,252,0,405,0,0
3605,7646,12000,2147,5,4,17,9302,12000,1019,6,60,252,0,405,0,0
3606,7646,12000,2147,5,4,14,9302,12000,1001,6,60,252,0,423,0,4
3607,7646,12000,2147,5,3,14,9302,12000,1001,6,60,252,0,423,0,0
3608,7646,12000,2147,5,3,14,9302,12000,1001,6,60,252,0,423,0,0
3609,7646,12000,2147,5,3,14,9302,12000,1001,6,60,252,0,423,0,0
3610,7646,12000,2147,5,3,14,9302,12000,1001,6,60,252,0,423,0,0
3611,7646,12000,1967,5,4,13,9302,12000,1001,6,60,252,0,423,12,0
3612,7646,12000,1967,5,4,13,9302,12000,1001,6,60,252,0,423,0,0
3613,7646,12000,1967,5,4,13,9302,12000,1001,6,60,252,0,423,0,0
3614,7646,12000,1967,5,4,13,9302,12000,1001,6,60,252,0,423,0,0
3615,7646,12000,1967,5,4,13,9302,12000,1001,6,60,252,0,423,0,0
3616,7646,12000,1967,5,4,13,9302,12000,1001,6,60,252,0,423,0,0
3617,7646,12000,1967,5,4,13,9302,12000,1001,6,60,252,0,423,0,0
3618,7646,12000,1967,5,4,13,9302,12000,1001,6,60,252,0,423,0,0
3619,7646,12000,1967,5,4,13,9302,12000,1001,6,60,252,0,423,0,0
3620,7646,12000,1967,5,4,13,9302,12000,1001,6,60,252,0,423,0,0
3621,7646,12000,1967,5,5,15,9302,12000,983,6,60,252,0,441,0,4
3622,7646,12000,1967,5,5,15,9302,12000,983,6,60,252,0,441,0,0
3623,7646,12000,1967,5,5,15,9302,12000,983,6,60,252,0,441,0,0
3624,7646,12000,1967,5,5,15,9302,12000,983,6,60,252,0,441,0,0
3625,7646,12000,1967,5,5,15,9302,12000,983,6,60,252,0,441,0,0
3626,7646,12000,1967,5,5,13,9302,12000,965,6,60,252,0,459,0,4
3627,7646,12000,1967,5,5,13,9302,12000,965,6,60,252,0,459,0,0
3628,7646,12000,1967,5,5,13,9302,12000,965,6,60,252,0,459,0,0
3629,7646,12000,1967,5,5,13,9302,12000,965,6,60,252,0,459,0,0
3630,7646,12000,2027,5,5,13,9302,12000,1217,6,60,252,0,459,0,0
3631,7646,12000,350,6,6,15,9302,12000,1199,6,252,252,0,477,9,4
3632,7646,12000,350,6,6,15,9302,12000,1199,6,252,252,0,477,0,0
3633,7646,12000,350,6,6,13,9302,12000,1199,6,252,252,0,477,0,0
3634,7646,12000,350,6,6,13,9302,12000,1199,6,252,252,0,477,0,0
3635,7646,12000,350,6,6,13,9302,12000,1199,6,252,252,0,477,0,0
3636,7646,12000,350,6,5,14,9302,12000,1181,6,252,252,0,495,0,4
3637,7646,12000,350,6,5,14,9302,12000,1181,6,252,252,0,495,0,0
3638,7646,12000,350,6,5,13,9302,12000,1181,6,252,252,0,495,0,0
3639,7646,12000,350,6,5,13,9302,12000,1181,6,252,252,0,495,0,0
3640,7646,12000,350,6,5,13,9302,12000,1181,6,252,252,0,495,0,0
3641,7646,12000,350,6,6,14,9302,12000,1163,6,252,252,0,513,0,4
3642,7646,12000,350,6,6,14,9302,12000,1163,6,252,252,0,513,0,0
3643,7646,12000,350,6,6,14,9302,12000,1163,6,252,252,0,513,0,0
3644,7646,12000,350,6,6,14,9302,12000,1163,6,252,252,0,513,0,0
3645,19254,23000,324,6,6,14,9302,12000,1163,6,252,252,0,513,10,0
3646,19254,23000,324,6,6,14,9302,12000,1143,6,252,252,0,513,0,11
3647,19254,23000,324,6,6,15,9302,12000,1140,6,252,252,0,516,0,1
3648,19254,23000,324,6,6,15,9302,12000,1140,6,252,252,0,516,0,0
3649,19254,23000,324,6,6,15,9302,12000,1140,6,252,252,0,516,0,0
3650,19254,23000,324,6,6,15,9302,12000,1140,6,252,252,0,516,0,0
3651,19254,23000,324,6,7,16,9302,12000,1122,6,252,252,0,534,0,4
3652,19254,23000,324,6,7,16,9302,12000,1122,6,252,252,0,534,0,0
3653,19254,23000,324,6,7,16,9302,12000,1122,6,252,252,0,534,0,0
3654,19254,23000,324,6,6,16,9302,12000,1122,6,252,252,0,534,0,0
3655,19254,23000,324,6,6,16,9302,12000,1122,6,252,252,0,534,0,0
3656,19254,23000,324,6,6,17,9302,12000,1119,6,252,252,0,537,0,1
3657,19254,23000,324,6,6,17,9302,12000,1119,6,252,252,0,537,0,0
3658,19254,23000,324,6,6,17,9302,12000,1119,6,252,252,0,537,0,0
3659,19254,23000,324,6,6,17,9302,12000,1119,6,252,252,0,537,0,0
3660,19254,23000,576,6,6,14,9302,12000,1372,6,252,252,0,537,0,0
3661,19254,23000,576,6,6,15,9302,12000,1354,6,252,252,0,555,0,4
3662,19254,23000,576,6,6,15,9302,12000,1354,6,252,252,0,555,0,0
3663,19254,23000,576,6,6,15,9302,12000,1354,6,252,252,0,555,0,0
3664,19254,23000,576,6,6,15,9302,12000,1354,6,252,252,0,555,0,0
3665,19254,23000,576,6,6,15,9302,12000,1354,6,252,252,0,555,0,0
3666,19254,23000,576,6,6,16,9302,12000,1336,6,252,252,0,573,0,4
3667,19254,23000,576,6,6,16,9302,12000,1336,6,252,252,0,573,0,0
3668,19254,23000,576,6,5,16,9302,12000,1336,6,252,252,0,573,0,0
3669,19254,23000,576,6,5,16,9302,12000,1336,6,252,252,0,573,0,0
3670,19254,23000,576,6,5,16,9302,12000,1336,6,252,252,0,573,0,0
3671,19254,23000,576,6,5,17,9302,12000,1333,6,252,252,0,576,0,1
3672,19254,23000,576,6,5,17,9302,12000,1333,6,252,252,0,576,0,0
3673,19254,23000,576,6,5,17,9302,12000,1333,6,252,252,0,576,0,0
3674,19254,23000,576,6,5,17,9302,12000,1333,6,252,252,0,576,0,0
3675,19254,23000,576,6,5,17,9302,12000,1333,6,252,252,0,576,0,0
3676,19254,23000,576,6,5,18,9302,12000,1330,6,252,252,0,579,0,1
3677,19254,23000,576,6,5,18,9302,12000,1330,6,252,252,0,579,0,0
3678,19254,23000,576,6,5,18,9302,12000,1330,6,252,252,0,579,0,0
3679,19254,23000,556,6,5,18,9302,12000,1330,6,252,252,0,579,11,0
3680,19254,23000,556,6,5,18,9302,12000,1330,6,252,252,0,579,0,0
3681,19254,23000,556,6,5,19,9302,12000,1327,6,252,252,0,582,0,1
3682,19254,23000,556,6,5,19,9302,12000,1327,6,252,252,0,582,0,0
3683,19254,23000,556,6,5,19,9302,12000,1327,6,252,252,0,582,0,0
3684,19254,23000,556,6,5,19,9302,12000,1327,6,252,252,0,582,0,0
3685,19254,23000,556,6,5,19,9302,12000,1327,6,252,252,0,582,0,0
3686,19254,23000,556,6,5,20,9302,12000,1309,6,252,252,0,600,0,4
3687,19254,23000,556,6,5,20,9302,12000,1309,6,252,252,0,600,0,0
3688,19254,23000,556,6,5,20,9302,12000,1309,6,252,252,0,600,0,0
3689,19254,23000,556,6,5,20,9302,12000,1309,6,252,252,0,600,0,0
3690,19254,23000,809,6,5,20,9302,12000,1561,6,252,252,0,600,0,0
3691,19254,23000,809,6,5,21,9302,12000,1558,6,252,252,0,603,0,1
3692,19254,23000,809,6,5,21,9302,12000,1558,6,252,252,0,603,0,0
3693,19254,23000,809,6,5,21,9302,12000,1558,6,252,252,0,603,0,0
3694,19154,23000,809,6,5,18,9202,12000,1558,6,252,252,0,603,0,0
3695,19154,23000,809,6,5,18,9202,12000,1558,6,252,252,0,603,0,0
3696,19154,23000,809,6,5,19,9202,12000,1555,6,252,252,0,606,0,1
3697,19154,23000,809,6,5,19,9202,12000,1555,6,252,252,0,606,0,0
3698,19154,23000,809,6,5,19,9202,12000,1555,6,252,252,0,606,0,0
3699,19154,23000,809,6,5,19,9202,12000,1555,6,252,252,0,606,0,0
3700,19154,23000,809,6,5,19,9202,12000,1555,6,252,252,0,606,0,0
3701,19154,23000,809,6,5,20,9202,12000,1552,6,252,252,0,609,0,1
3702,19154,23000,809,6,5,20,9202,12000,1552,6,252,252,0,609,0,0
3703,19154,23000,809,6,5,20,9202,12000,1552,6,252,252,0,609,0,0
3704,19154,23000,809,6,5,20,9202,12000,1552,6,252,252,0,609,0,0
3705,19154,23000,809,6,5,20,9202,12000,1552,6,252,252,0,609,0,0
3706,19154,23000,809,6,5,21,9202,12000,1534,6,252,252,0,627,0,4
3707,19154,23000,809,6,5,21,9202,12000,1534,6,252,252,0,627,0,0
3708,19154,23000,809,6,5,21,9202,12000,1534,6,252,252,0,627,0,0
3709,19154,23000,809,6,5,21,9202,12000,1534,6,252,252,0,627,0,0
3710,19154,23000,809,6,5,21,9202,12000,1534,6,252,252,0,627,0,0
3711,19154,23000,809,6,5,22,9202,12000,1531,6,252,252,0,630,0,1
3712,19154,23000,809,6,5,22,9202,12000,1531,6,252,252,0,630,0,0
3713,19154,23000,809,6,5,22,9202,12000,1531,6,252,252,0,630,0,0
3714,19154,23000,809,6,5,22,9202,12000,1531,6,252,252,0,630,0,0
3715,19154,23000,809,6,5,22,9202,12000,1531,6,252,252,0,630,0,0
3716,19154,23000,809,6,5,23,9202,12000,1528,6,252,252,0,633,0,1
3717,19154,23000,809,6,5,23,9202,12000,1528,6,252,252,0,633,0,0
3718,19154,23000,809,6,5,23,9202,12000,1528,6,252,252,0,633,0,0
3719,19154,23000,809,6,5,23,9202,12000,1528,6,252,252,0,633,0,0
3720,19154,23000,1061,6,5,23,9202,12000,1781,6,252,252,0,633,0,0
3721,19154,23000,1061,6,5,24,9202,12000,1778,6,252,252,0,636,0,1
3722,19154,23000,1061,6,5,24,9202,12000,1778,6,252,252,0,636,0,0
3723,19154,23000,1061,6,5,24,9202,12000,1778,6,252,252,0,636,0,0
3724,19154,23000,1061,6,5,24,9202,12000,1778,6,252,252,0,636,0,0
3725,19154,23000,1061,6,5,23,9202,12000,1778,6,252,252,0,636,0,0
3726,19154,23000,1061,6,5,24,9202,12000,1760,6,252,252,0,654,0,4
3727,19054,23000,1061,6,5,14,9102,12000,1760,6,252,252,0,654,0,0
3728,19054,23000,1061,6,5,14,9102,12000,1760,6,252,252,0,654,0,0
3729,19054,23000,1061,6,5,14,9102,12000,1760,6,252,252,0,654,0,0
3730,19054,23000,1061,6,4,14,9102,12000,1760,6,252,252,0,654,0,0
3731,19054,23000,1061,6,4,15,9102,12000,1757,6,252,252,0,657,0,1
3732,19054,23000,1061,6,4,13,9102,12000,1757,6,252,252,0,657,0,0
3733,19054,23000,1061,6,4,13,9102,12000,1757,6,252,252,0,657,0,0
3734,19054,23000,1061,6,4,13,9102,12000,1757,6,252,252,0,657,0,0
3735,19054,23000,1061,6,4,13,9102,12000,1757,6,252,252,0,657,0,0
3736,19054,23000,1061,6,4,14,9102,12000,1754,6,252,252,0,660,0,1
3737,19054,23000,1061,6,4,14,9102,12000,1754,6,252,252,0,660,0,0
3738,19054,23000,1061,6,4,13,9102,12000,1754,6,252,252,0,660,0,0
3739,19054,23000,1061,6,4,13,9102,12000,1754,6,252,252,0,660,0,0
3740,19054,23000,1061,6,4,13,9102,12000,1754,6,252,252,0,660,0,0
3741,19054,23000,1061,6,4,14,9102,12000,1736,6,252,252,0,678,0,4
3742,19054,23000,1061,6,4,14,9102,12000,1736,6,252,252,0,678,0,0
3743,19054,23000,1061,6,4,14,9102,12000,1736,6,252,252,0,678,0,0
3744,19054,23000,1061,6,4,14,9102,12000,1736,6,252,252,0,678,0,0
3745,19054,23000,1061,6,4,14,9102,12000,1736,6,252,252,0,678,0,0
3746,19054,23000,1061,6,4,15,9102,12000,1733,6,252,252,0,681,0,1
3747,19054,23000,1061,6,4,15,9102,12000,1733,6,252,252,0,681,0,0
3748,19054,23000,1061,6,4,15,9102,12000,1733,6,252,252,0,681,0,0
3749,19054,23000,1061,6,4,13,9102,12000,1733,6,252,252,0,681,0,0
3750,19054,23000,1314,6,4,13,9102,12000,1985,6,252,252,0,681,0,0
3751,19054,23000,1314,6,4,14,9102,12000,1982,6,252,252,0,684,0,1
3752,19054,23000,1314,6,4,14,9102,12000,1982,6,252,252,0,684,0,0
3753,19054,23000,1314,6,4,14,9102,12000,1982,6,252,252,0,684,0,0
3754,19054,23000,1314,6,4,14,9102,12000,1982,6,252,252,0,684,0,0
3755,19054,23000,1314,6,4,14,9102,12000,1982,6,252,252,0,684,0,0
3756,19054,23000,1314,6,4,15,9102,12000,1979,6,252,252,0,687,0,1
3757,19054,23000,1314,6,4,15,9102,12000,1979,6,252,252,0,687,0,0
3758,19054,23000,1314,6,4,15,9102,12000,1979,6,252,252,0,687,0,0
3759,19054,23000,1314,6,4,15,9102,12000,1979,6,252,252,0,687,0,0
3760,19054,23000,1314,6,4,15,9102,12000,1979,6,252,252,0,687,0,0
3761,19054,23000,1314,6,4,16,9102,12000,1961,6,252,252,0,705,0,4
3762,19054,23000,1314,6,4,16,9102,12000,1961,6,252,252,0,705,0,0
3763,19054,23000,1314,6,4,16,9102,12000,1961,6,252,252,0,705,0,0
3764,19054,23000,1314,6,4,16,9102,12000,1961,6,252,252,0,705,0,0
3765,19054,23000,1314,6,4,16,9102,12000,1961,6,252,252,0,705,0,0
3766,19054,23000,1314,6,4,17,9102,12000,1958,6,252,252,0,708,0,1
3767,19054,23000,1314,6,4,17,9102,12000,1958,6,252,252,0,708,0,0
3768,19054,23000,1314,6,4,17,9102,12000,1958,6,252,252,0,708,0,0
3769,19054,23000,1314,6,4,17,9102,12000,1958,6,252,252,0,708,0,0
3770,19054,23000,1314,6,4,17,9102,12000,1958,6,252,252,0,708,0,0
3771,19054,23000,1314,6,4,18,9102,12000,1955,6,252,252,0,711,0,1
3772,19054,23000,1314,6,4,18,9102,12000,1955,6,252,252,0,711,0,0
3773,19054,23000,1314,6,4,17,9102,12000,1955,6,252,252,0,711,0,0
3774,19054,23000,1314,6,4,17,9102,12000,1955,6,252,252,0,711,0,0
3775,19054,23000,1314,6,4,17,9102,12000,1955,6,252,252,0,711,0,0
3776,19054,23000,1314,6,4,18,9102,12000,1952,6,252,252,0,714,0,1
3777,19054,23000,1314,6,4,18,9102,12000,1952,6,252,252,0,714,0,0
3778,19054,23000,1314,6,4,18,9102,12000,1952,6,252,252,0,714,0,0
3779,19054,23000,1314,6,4,18,9102,12000,1952,6,252,252,0,714,0,0
3780,19054,23000,1566,6,4,18,9102,12000,2205,6,252,252,0,714,0,0
3781,19054,23000,1566,6,4,19,9102,12000,2187,6,252,252,0,732,0,4
3782,19054,23000,1566,6,4,19,9102,12000,2187,6,252,252,0,732,0,0
3783,19054,23000,1566,6,4,19,9102,12000,2187,6,252,252,0,732,0,0
3784,19054,23000,1566,6,4,19,9102,12000,2187,6,252,252,0,732,0,0
3785,19054,23000,1566,6,4,19,9102,12000,2187,6,252,252,0,732,0,0
3786,19054,23000,1566,6,4,20,9102,12000,2184,6,252,252,0,735,0,1
3787,19054,23000,1566,6,4,20,9102,12000,2184,6,252,252,0,735,0,0
3788,19054,23000,1566,6,4,20,9102,12000,2184,6,252,252,0,735,0,0
3789,19054,23000,1566,6,4,20,9102,12000,2184,6,252,252,0,735,0,0
3790,19054,23000,1566,6,4,20,9102,12000,2184,6,252,252,0,735,0,0
3791,19054,23000,1566,6,4,21,9102,12000,2181,6,252,252,0,738,0,1
3792,19054,23000,1566,6,4,21,9102,12000,2181,6,252,252,0,738,0,0
3793,19054,23000,1566,6,4,21,9102,12000,2181,6,252,252,0,738,0,0
3794,19054,23000,1566,6,4,21,9102,12000,2181,6,252,252,0,738,0,0
3795,19054,23000,1566,6,4,21,9102,12000,2181,6,252,252,0,738,0,0
3796,19054,23000,1566,6,4,22,9102,12000,2178,6,252,252,0,741,0,1
3797,19054,23000,1566,6,4,22,9102,12000,2178,6,252,252,0,741,0,0
3798,19054,23000,1566,6,4,22,9102,12000,2178,6,252,252,0,741,0,0
3799,19054,23000,1566,6,4,22,9102,12000,2178,6,252,252,0,741,0,0
3800,19054,23000,1566,6,4,22,9102,12000,2178,6,252,252,0,741,0,0
3801,19054,23000,1566,6,4,23,9102,12000,2160,6,252,252,0,759,0,4
3802,19054,23000,1566,6,4,23,9102,12000,2160,6,252,252,0,759,0,0
3803,19054,23000,1566,6,4,23,9102,12000,2160,6,252,252,0,759,0,0
3804,19054,23000,1566,6,4,23,9102,12000,2160,6,252,252,0,759,0,0
3805,19054,23000,1566,6,4,23,9102,12000,2160,6,252,252,0,759,0,0
3806,19054,23000,1566,6,4,24,9102,12000,2157,6,252,252,0,762,0,1
3807,19054,23000,1566,6,4,24,9102,12000,2157,6,252,252,0,762,0,0
3808,19054,23000,1566,6,4,24,9102,12000,2157,6,252,252,0,762,0,0
3809,19054,23000,1566,6,4,24,9102,12000,2157,6,252,252,0,762,0,0
3810,19054,23000,1819,6,4,24,9102,12000,2409,6,252,252,0,762,0,0
3811,19054,23000,1819,6,4,25,9102,12000,2406,6,252,252,0,765,0,1
3812,19054,23000,1819,6,4,25,9102,12000,2406,6,252,252,0,765,0,0
3813,19054,23000,1819,6,4,24,9102,12000,2406,6,252,252,0,765,0,0
3814,19054,23000,1819,6,4,24,9102,12000,2406,6,252,252,0,765,0,0
3815,19054,23000,1819,6,2,24,9102,12000,2406,6,252,252,0,765,0,0
3816,19054,23000,1819,6,2,25,9102,12000,2388,6,252,252,0,783,0,4
3817,19054,23000,1819,6,2,25,9102,12000,2388,6,252,252,0,783,0,0
3818,19054,23000,1819,6,2,25,9102,12000,2388,6,252,252,0,783,0,0
3819,19054,23000,1819,6,2,25,9102,12000,2388,6,252,252,0,783,0,0
3820,19054,23000,1819,6,2,25,9102,12000,2388,6,252,252,0,783,0,0
3821,19054,23000,1819,6,2,24,9102,12000,2385,6,252,252,0,786,0,1
3822,19054,23000,1819,6,2,24,9102,12000,2385,6,252,252,0,786,0,0
3823,19054,23000,1819,6,2,24,9102,12000,2385,6,252,252,0,786,0,0
3824,19054,23000,1819,6,2,24,9102,12000,2385,6,252,252,0,786,0,0
3825,19054,23000,1819,6,2,24,9102,12000,2385,6,252,252,0,786,0,0
3826,19054,23000,1819,6,2,25,9102,12000,2382,6,252,252,0,789,0,1
3827,19054,23000,1819,6,2,25,9102,12000,2382,6,252,252,0,789,0,0
3828,19054,23000,1819,6,2,25,9102,12000,2382,6,252,252,0,789,0,0
3829,19054,23000,1819,6,2,25,9102,12000,2382,6,252,252,0,789,0,0
3830,19054,23000,1819,6,2,25,9102,12000,2382,6,252,252,0,789,0,0
3831,19054,23000,1819,6,2,26,9102,12000,2379,6,252,252,0,792,0,1
3832,19054,23000,1819,6,2,26,9102,12000,2379,6,252,252,0,792,0,0
3833,19054,23000,1819,6,2,26,9102,12000,2379,6,252,252,0,792,0,0
3834,19054,23000,1819,6,2,26,9102,12000,2379,6,252,252,0,792,0,0
3835,19054,23000,1819,6,2,26,9102,12000,2379,6,252,252,0,792,0,0
3836,19054,23000,1819,6,2,27,9102,12000,2199,6,252,252,0,792,0,12
3837,19054,23000,1819,6,2,28,9102,12000,2181,6,252,252,0,810,0,4
3838,19054,23000,1819,6,2,28,9102,12000,2181,6,252,252,0,810,0,0
3839,19054,23000,1819,6,2,28,9102,12000,2181,6,252,252,0,810,0,0
3840,19054,23000,2071,6,2,28,9102,12000,2434,6,252,252,0,810,0,0
3841,19054,23000,2071,6,2,29,9102,12000,2431,6,252,252,0,813,0,1
3842,19054,23000,2071,6,2,29,9102,12000,2431,6,252,252,0,813,0,0
3843,19054,23000,2071,6,2,29,9102,12000,2431,6,252,252,0,813,0,0
3844,19054,23000,2071,6,2,29,9102,12000,2431,6,252,252,0,813,0,0
3845,19054,23000,2071,6,2,29,9102,12000,2431,6,252,252,0,813,0,0
3846,19054,23000,2071,6,2,31,9102,12000,2428,6,252,252,0,816,0,1
3847,19054,23000,2071,6,2,31,9102,12000,2428,6,252,252,0,816,0,0
3848,19054,23000,2071,6,2,31,9102,12000,2428,6,252,252,0,816,0,0
3849,19054,23000,2071,6,2,31,9102,12000,2428,6,252,252,0,816,0,0
3850,19054,23000,2071,6,2,31,9102,12000,2428,6,252,252,0,816,0,0
3851,19054,23000,2071,6,2,32,9102,12000,2425,6,252,252,0,819,0,1
3852,19054,23000,2071,6,2,32,9102,12000,2425,6,252,252,0,819,0,0
3853,19054,23000,2071,6,2,32,9102,12000,2425,6,252,252,0,819,0,0
3854,19054,23000,2071,6,2,32,9102,12000,2425,6,252,252,0,819,0,0
3855,19054,23000,2071,6,2,32,9102,12000,2425,6,252,252,0,819,0,0
3856,19054,23000,2071,6,2,33,9102,12000,1450,6,252,252,0,819,0,13
3857,19054,23000,2071,6,2,34,9102,12000,1432,6,252,252,0,837,0,4
3858,19054,23000,2071,6,2,34,9102,12000,1432,6,252,252,0,837,0,0
3859,19054,23000,2071,6,2,34,9102,12000,1432,6,252,252,0,837,0,0
3860,19054,23000,2071,6,2,34,9102,12000,1432,6,252,252,0,837,0,0
3861,19054,23000,2071,6,1,35,9102,12000,1429,6,252,252,0,840,0,1
3862,19054,23000,2071,6,1,35,9102,12000,1429,6,252,252,0,840,0,0
3863,19054,23000,2071,6,1,35,9102,12000,1429,6,252,252,0,840,0,0
3864,19054,23000,2071,6,1,35,9102,12000,1429,6,252,252,0,840,0,0
3865,19054,23000,2071,6,1,35,9102,12000,1429,6,252,252,0,840,0,0
3866,19054,23000,2071,6,1,37,9102,12000,1426,6,252,252,0,843,0,1
3867,19054,23000,2071,6,1,37,9102,12000,1426,6,252,252,0,843,0,0
3868,19054,23000,2071,6,1,37,9102,12000,1426,6,252,252,0,843,0,0
3869,19054,23000,2071,6,1,37,9102,12000,1426,6,252,252,0,843,0,0
3870,19054,23000,2324,6,1,37,9102,12000,1678,6,252,252,0,843,0,0
3871,19054,23000,2324,6,1,38,9102,12000,1675,6,252,252,0,846,0,1
3872,19054,23000,2324,6,1,38,9102,12000,1675,6,252,252,0,846,0,0
3873,19054,23000,2324,6,1,38,9102,12000,1675,6,252,252,0,846,0,0
3874,19054,23000,2324,6,1,38,9102,12000,1675,6,252,252,0,846,0,0
3875,19054,23000,2144,6,2,36,9102,12000,1675,6,252,252,0,846,12,0
3876,19054,23000,2144,6,2,38,9102,12000,1657,6,252,252,0,864,0,4
3877,19054,23000,2144,6,2,38,9102,12000,1657,6,252,252,0,864,0,0
3878,19054,23000,2144,6,2,38,9102,12000,1657,6,252,252,0,864,0,0
3879,19054,23000,2144,6,2,38,9102,12000,1657,6,252,252,0,864,0,0
3880,19054,23000,2144,6,2,38,9102,12000,1657,6,252,252,0,864,0,0
3881,19054,23000,2144,6,2,39,9102,12000,1654,6,252,252,0,867,0,1
3882,19054,23000,2144,6,2,39,9102,12000,1654,6,252,252,0,867,0,0
3883,19054,23000,2144,6,2,39,9102,12000,1654,6,252,252,0,867,0,0
3884,19054,23000,2144,6,2,39,9102,12000,1654,6,252,252,0,867,0,0
3885,19054,23000,2144,6,3,39,9102,12000,1654,6,252,252,0,867,0,0
3886,19054,23000,2144,6,3,40,9102,12000,1651,6,252,252,0,870,0,1
3887,19054,23000,2144,6,3,40,9102,12000,1651,6,252,252,0,870,0,0
3888,19054,23000,2144,6,3,40,9102,12000,1651,6,252,252,0,870,0,0
3889,19054,23000,2144,6,3,40,9102,12000,1651,6,252,252,0,870,0,0
3890,19054,23000,2144,6,3,40,9102,12000,1651,6,252,252,0,870,0,0
3891,19054,23000,2144,6,3,41,9102,12000,1633,6,252,252,0,888,0,4
3892,19054,23000,2144,6,3,41,9102,12000,1633,6,252,252,0,888,0,0
3893,19054,23000,2144,6,3,41,9102,12000,1633,6,252,252,0,888,0,0
3894,19054,23000,2144,6,3,41,9102,12000,1633,6,252,252,0,888,0,0
3895,19054,23000,2144,6,4,41,9102,12000,1633,6,252,252,0,888,0,0
3896,19054,23000,2144,6,4,42,9102,12000,1630,6,252,252,0,891,0,1
3897,19054,23000,2144,6,4,42,9102,12000,1630,6,252,252,0,891,0,0
3898,19054,23000,2144,6,3,42,9102,12000,1630,6,252,252,0,891,0,0
3899,19054,23000,2144,6,3,42,9102,12000,1630,6,252,252,0,891,0,0
3900,19054,23000,2396,6,3,42,9102,12000,1883,6,252,252,0,891,0,0
3901,19054,23000,2396,6,3,43,9102,12000,1880,6,252,252,0,894,0,1
3902,19054,23000,2396,6,3,43,9102,12000,1880,6,252,252,0,894,0,0
3903,19054,23000,2396,6,3,43,9102,12000,1880,6,252,252,0,894,0,0
3904,19054,23000,2396,6,3,43,9102,12000,3380,6,252,252,0,894,0,0
3905,19054,23000,2396,6,4,43,9102,12000,3380,6,252,252,0,894,0,0
3906,19054,23000,2396,6,4,44,9102,12000,3377,6,252,252,0,897,0,1
3907,19054,23000,2396,6,4,44,9102,12000,3377,6,252,252,0,897,0,0
3908,19054,23000,2396,6,4,44,9102,12000,3377,6,252,252,0,897,0,0
3909,19054,23000,2396,6,4,44,9102,12000,3377,6,252,252,0,897,0,0
3910,19054,23000,2396,6,4,44,9102,12000,3377,6,252,252,0,897,0,0
3911,19054,23000,2396,6,4,45,9102,12000,3359,6,252,252,0,915,0,4
3912,19054,23000,2396,6,4,45,9102,12000,3359,6,252,252,0,915,0,0
3913,19054,23000,2396,6,4,45,9102,12000,3359,6,252,252,0,915,0,0
3914,19054,23000,2396,6,4,45,9102,12000,3359,6,252,252,0,915,0,0
3915,19054,23000,2396,6,5,45,9102,12000,3359,6,252,252,0,915,0,0
3916,19054,23000,2396,6,5,46,9102,12000,3356,6,252,252,0,918,0,1
3917,19054,23000,2396,6,5,46,9102,12000,3356,6,252,252,0,918,0,0
3918,19054,23000,2396,6,5,45,9102,12000,3356,6,252,252,0,918,0,0
3919,19054,23000,2396,6,5,45,9102,12000,3356,6,252,252,0,918,0,0
3920,19054,23000,2396,6,5,45,9102,12000,3356,6,252,252,0,918,0,0
3921,19054,23000,2396,6,5,46,9102,12000,3353,6,252,252,0,921,0,1
3922,19054,23000,2396,6,5,46,9102,12000,3353,6,252,252,0,921,0,0
3923,19054,23000,2396,6,5,46,9102,12000,3353,6,252,252,0,921,0,0
3924,19054,23000,2396,6,5,46,9102,12000,3353,6,252,252,0,921,0,0
3925,19054,23000,2396,6,5,46,9102,12000,3353,6,252,252,0,921,0,0
3926,19054,23000,2396,6,5,47,9102,12000,3350,6,252,252,0,924,0,1
3927,19054,23000,2396,6,5,44,9102,12000,3350,6,252,252,0,924,0,0
3928,19054,23000,2396,6,5,44,9102,12000,3350,6,252,252,0,924,0,0
3929,19054,23000,2396,6,5,44,9102,12000,3350,6,252,252,0,924,0,0
3930,19054,23000,2649,6,5,44,9102,12000,3602,6,252,252,0,924,0,0
3931,19054,23000,2649,6,5,45,9102,12000,3584,6,252,252,0,942,0,4
3932,19054,23000,2649,6,5,45,9102,12000,3584,6,252,252,0,942,0,0
3933,19054,23000,2649,6,5,45,9102,12000,3584,6,252,252,0,942,0,0
3934,19054,23000,2629,6,5,45,9102,12000,3584,6,252,252,0,942,11,0
3935,19054,23000,2629,6,5,45,9102,12000,3584,6,252,252,0,942,0,0
3936,19054,23000,2629,6,5,46,9102,12000,3581,6,252,252,0,945,0,1
3937,19054,23000,2629,6,5,46,9102,12000,3581,6,252,252,0,945,0,0
3938,19054,23000,2629,6,5,46,9102,12000,3581,6,252,252,0,945,0,0
3939,19054,23000,2629,6,5,46,9102,12000,3581,6,252,252,0,945,0,0
3940,19054,23000,2629,6,5,41,9102,12000,3581,6,252,252,0,945,0,0
3941,19054,23000,2629,6,5,42,9102,12000,3578,6,252,252,0,948,0,1
3942,19054,23000,2629,6,5,42,9102,12000,3578,6,252,252,0,948,0,0
3943,19054,23000,2629,6,5,42,9102,12000,3578,6,252,252,0,948,0,0
3944,19054,23000,2629,6,5,42,9102,12000,3578,6,252,252,0,948,0,0
3945,19054,23000,2629,6,5,42,9102,12000,3578,6,252,252,0,948,0,0
3946,19054,23000,2629,6,5,43,9102,12000,3575,6,252,252,0,951,0,1
3947,19054,23000,2629,6,5,43,9102,12000,3575,6,252,252,0,951,0,0
3948,19054,23000,2629,6,5,43,9102,12000,3575,6,252,252,0,951,0,0
3949,19054,23000,2629,6,5,43,9102,12000,3575,6,252,252,0,951,0,0
3950,19054,23000,2629,6,5,39,9102,12000,3575,6,252,252,0,951,0,0
3951,19054,23000,2629,6,5,40,9102,12000,3557,6,252,252,0,969,0,4
3952,19054,23000,2629,6,5,40,9102,12000,3557,6,252,252,0,969,0,0
3953,19054,23000,2629,6,5,40,9102,12000,3557,6,252,252,0,969,0,0
3954,19054,23000,2629,6,5,40,9102,12000,3557,6,252,252,0,969,0,0
3955,19054,23000,2629,6,5,40,9102,12000,3557,6,252,252,0,969,0,0
3956,19054,23000,2629,6,5,40,9102,12000,3554,6,252,252,0,972,0,1
3957,19054,23000,2629,6,5,40,9102,12000,3554,6,252,252,0,972,0,0
3958,19054,23000,2629,6,5,40,9102,12000,3554,6,252,252,0,972,0,0
3959,19054,23000,2629,6,5,40,9102,12000,3554,6,252,252,0,972,0,0
3960,19054,23000,2881,6,5,40,9102,12000,3807,6,252,252,0,972,0,0
3961,19054,23000,2881,6,5,41,9102,12000,3804,6,252,252,0,975,0,1
3962,19054,23000,2881,6,5,41,9102,12000,3804,6,252,252,0,975,0,0
3963,19054,23000,2881,6,5,41,9102,12000,3804,6,252,252,0,975,0,0
3964,19054,23000,2881,6,5,40,9102,12000,3804,6,252,252,0,975,0,0
3965,19054,23000,2881,6,5,40,9102,12000,3804,6,252,252,0,975,0,0
3966,19054,23000,2881,6,5,41,9102,12000,3786,6,252,252,0,993,0,4
3967,19054,23000,2881,6,5,41,9102,12000,3786,6,252,252,0,993,0,0
3968,19054,23000,2881,6,5,41,9102,12000,3786,6,252,252,0,993,0,0
3969,19054,23000,2881,6,5,41,9102,12000,3786,6,252,252,0,993,0,0
3970,19054,23000,2881,6,5,41,9102,12000,3786,6,252,252,0,993,0,0
3971,19054,23000,2881,6,5,42,9102,12000,3783,6,252,252,0,996,0,1
3972,19054,23000,2881,6,5,42,9102,12000,3783,6,252,252,0,996,0,0
3973,19054,23000,2881,6,5,42,9102,12000,3783,6,252,252,0,996,0,0
3974,19054,23000,2881,6,5,42,9102,12000,3783,6,252,252,0,996,0,0
3975,19054,23000,2881,6,5,42,9102,12000,3783,6,252,252,0,996,0,0
3976,19054,23000,2881,6,5,43,9102,12000,3780,6,252,252,0,999,0,1
3977,19054,23000,2881,6,4,43,9102,12000,3780,6,252,252,0,999,0,0
3978,19054,23000,2881,6,4,43,9102,12000,3780,6,252,252,0,999,0,0
3979,19054,23000,2881,6,4,43,9102,12000,3780,6,252,252,0,999,0,0
3980,19054,23000,2881,6,4,38,9102,12000,3780,6,252,252,0,999,0,0
3981,19054,23000,2881,6,4,39,9102,12000,3777,6,252,252,0,1002,0,1
3982,18954,23000,2881,6,4,24,9002,12000,3777,6,252,252,0,1002,0,0
3983,18954,23000,2881,6,4,24,9002,12000,3777,6,252,252,0,1002,0,0
3984,18954,23000,2881,6,4,24,9002,12000,3777,6,252,252,0,1002,0,0
3985,18954,23000,2881,6,4,24,9002,12000,3777,6,252,252,0,1002,0,0
3986,18954,23000,2881,6,4,24,9002,12000,3759,6,252,252,0,1020,0,4
3987,18954,23000,2881,6,4,24,9002,12000,3759,6,252,252,0,1020,0,0
3988,18954,23000,2881,6,4,24,9002,12000,3759,6,252,252,0,1020,0,0
3989,18954,23000,2881,6,4,24,9002,12000,3759,6,252,252,0,1020,0,0
3990,18954,23000,3134,6,4,24,9002,12000,4011,6,252,252,0,1020,0,0
3991,18954,23000,3134,6,4,25,9002,12000,4008,6,252,252,0,1023,0,1
3992,18954,23000,3134,6,4,23,9002,12000,4008,6,252,252,0,1023,0,0
3993,18954,23000,3134,6,4,23,9002,12000,4008,6,252,252,0,1023,0,0
3994,18954,23000,3134,6,4,23,9002,12000,4008,6,252,252,0,1023,0,0
3995,18954,23000,3134,6,4,23,9002,12000,4008,6,252,252,0,1023,0,0
3996,18954,23000,3134,6,4,24,9002,12000,4005,6,252,252,0,1026,0,1
3997,18954,23000,3134,6,4,24,9002,12000,4005,6,252,252,0,1026,0,0
3998,18954,23000,3134,6,4,24,9002,12000,4005,6,252,252,0,1026,0,0
3999,18954,23000,3134,6,4,24,9002,12000,4005,6,252,252,0,1026,0,0
4000,18954,23000,3134,6,4,24,9002,12000,4005,6,252,252,0,1026,0,0
4001,18954,23000,3134,6,4,25,9002,12000,4002,6,252,252,0,1029,0,1
4002,18954,23000,3134,6,4,25,9002,12000,4002,6,252,252,0,1029,0,0
4003,18954,23000,3134,6,4,25,9002,12000,4002,6,252,252,0,1029,0,0
4004,18954,23000,3134,6,4,25,9002,12000,4002,6,252,252,0,1029,0,0
4005,18954,23000,3134,6,3,25,9002,12000,4002,6,252,252,0,1029,0,0
4006,18954,23000,3134,6,3,26,9002,12000,3984,6,252,252,0,1047,0,4
4007,18954,23000,3134,6,3,26,9002,12000,3984,6,252,252,0,1047,0,0
4008,18954,23000,3134,6,3,26,9002,12000,3984,6,252,252,0,1047,0,0
4009,18954,23000,3134,6,3,26,9002,12000,3984,6,252,252,0,1047,0,0
4010,18954,23000,3134,6,3,26,9002,12000,3984,6,252,252,0,1047,0,0
4011,18954,23000,3134,6,3,27,9002,12000,3981,6,252,252,0,1050,0,1
4012,18954,23000,3134,6,3,27,9002,12000,3981,6,252,252,0,1050,0,0
4013,18954,23000,3134,6,3,24,9002,12000,3981,6,252,252,0,1050,0,0
4014,18954,23000,3134,6,3,24,9002,12000,3981,6,252,252,0,1050,0,0
4015,18954,23000,3134,6,3,24,9002,12000,3981,6,252,252,0,1050,0,0
4016,18954,23000,3134,6,3,25,9002,12000,3978,6,252,252,0,1053,0,1
4017,18954,23000,3134,6,3,25,9002,12000,3978,6,252,252,0,1053,0,0
4018,18954,23000,3134,6,3,25,9002,12000,3978,6,252,252,0,1053,0,0
4019,18954,23000,3134,6,3,24,9002,12000,3978,6,252,252,0,1053,0,0
4020,18954,23000,3386,6,3,24,9002,12000,4231,6,252,252,0,1053,0,0
4021,18954,23000,3386,6,3,25,9002,12000,4228,6,252,252,0,1056,0,1
4022,18954,23000,3386,6,3,25,9002,12000,4228,6,252,252,0,1056,0,0
4023,18954,23000,3386,6,3,25,9002,12000,4228,6,252,252,0,1056,0,0
4024,18954,23000,3386,6,3,25,9002,12000,4228,6,252,252,0,1056,0,0
4025,18954,23000,3386,6,3,25,9002,12000,4228,6,252,252,0,1056,0,0
4026,18954,23000,3386,6,3,26,9002,12000,4210,6,252,252,0,1074,0,4
4027,18954,23000,3386,6,3,26,9002,12000,4210,6,252,252,0,1074,0,0
4028,18954,23000,3386,6,3,26,9002,12000,4210,6,252,252,0,1074,0,0
4029,18954,23000,3386,6,3,26,9002,12000,4210,6,252,252,0,1074,0,0
4030,18954,23000,3386,6,3,26,9002,12000,4210,6,252,252,0,1074,0,0
4031,18954,23000,3386,6,2,27,9002,12000,4207,6,252,252,0,1077,0,1
4032,18954,23000,3386,6,2,27,9002,12000,4207,6,252,252,0,1077,0,0
4033,18954,23000,3386,6,2,27,9002,12000,4207,6,252,252,0,1077,0,0
4034,18954,23000,3386,6,2,27,9002,12000,4207,6,252,252,0,1077,0,0
4035,18954,23000,3386,6,2,27,9002,12000,4207,6,252,252,0,1077,0,0
4036,18954,23000,3386,6,2,28,9002,12000,4204,6,252,252,0,1080,0,1
4037,18954,23000,3386,6,2,28,9002,12000,4204,6,252,252,0,1080,0,0
4038,18954,23000,3386,6,2,28,9002,12000,4204,6,252,252,0,1080,0,0
4039,18954,23000,3386,6,2,28,9002,12000,4204,6,252,252,0,1080,0,0
4040,18954,23000,3386,6,2,28,9002,12000,4204,6,252,252,0,1080,0,0
4041,18954,23000,3386,6,2,29,9002,12000,4186,6,252,252,0,1098,0,4
4042,18954,23000,3386,6,2,29,9002,12000,4186,6,252,252,0,1098,0,0
4043,18954,23000,3386,6,2,29,9002,12000,4186,6,252,252,0,1098,0,0
4044,18954,23000,3386,6,2,29,9002,12000,4186,6,252,252,0,1098,0,0
4045,18954,23000,3386,6,2,29,9002,12000,4186,6,252,252,0,1098,0,0
4046,18954,23000,3386,6,2,30,9002,12000,4183,6,252,252,0,1101,0,1
4047,18954,23000,3386,6,2,30,9002,12000,4183,6,252,252,0,1101,0,0
4048,18954,23000,3386,6,2,30,9002,12000,4183,6,252,252,0,1101,0,0
4049,18954,23000,3386,6,2,30,9002,12000,4183,6,252,252,0,1101,0,0
4050,18954,23000,3639,6,2,30,9002,12000,4435,6,252,252,0,1101,0,0
4051,18954,23000,3639,6,2,31,9002,12000,4432,6,252,252,0,1104,0,1
4052,18954,23000,3639,6,2,31,9002,12000,4432,6,252,252,0,1104,0,0
4053,18954,23000,3639,6,2,31,9002,12000,4432,6,252,252,0,1104,0,0
4054,18954,23000,3639,6,2,31,9002,12000,4432,6,252,252,0,1104,0,0
4055,18954,23000,2664,6,2,31,9002,12000,4432,6,252,252,0,1104,13,0
4056,18954,23000,2664,6,2,32,9002,12000,4429,6,252,252,0,1107,0,1
4057,18954,23000,2664,6,2,32,9002,12000,4429,6,252,252,0,1107,0,0
4058,18954,23000,2664,6,2,32,9002,12000,4429,6,252,252,0,1107,0,0
4059,18954,23000,2664,6,2,32,9002,12000,4429,6,252,252,0,1107,0,0
4060,18954,23000,2664,6,2,32,9002,12000,4429,6,252,252,0,1107,0,0
4061,18954,23000,2664,6,2,33,9002,12000,4411,6,252,252,0,1125,0,4
4062,18954,23000,2664,6,2,33,9002,12000,4411,6,252,252,0,1125,0,0
4063,18954,23000,2664,6,2,33,9002,12000,4411,6,252,252,0,1125,0,0
4064,18954,23000,2664,6,2,33,9002,12000,4411,6,252,252,0,1125,0,0
4065,18954,23000,2664,6,2,33,9002,12000,4411,6,252,252,0,1125,0,0
4066,18954,23000,2664,6,2,34,9002,12000,4408,6,252,252,0,1128,0,1
4067,18954,23000,2664,6,2,34,9002,12000,4408,6,252,252,0,1128,0,0
4068,18954,23000,2664,6,2,34,9002,12000,4408,6,252,252,0,1128,0,0
4069,18954,23000,2664,6,2,34,9002,12000,4408,6,252,252,0,1128,0,0
4070,18954,23000,2664,6,2,34,9002,12000,4408,6,252,252,0,1128,0,0
4071,18954,23000,2664,6,2,35,9002,12000,4405,6,252,252,0,1131,0,1
4072,18954,23000,2664,6,2,35,9002,12000,4405,6,252,252,0,1131,0,0
4073,18954,23000,2664,6,2,35,9002,12000,4405,6,252,252,0,1131,0,0
4074,18954,23000,2664,6,1,35,9002,12000,4405,6,252,252,0,1131,0,0
4075,18954,23000,2664,6,1,35,9002,12000,4405,6,252,252,0,1131,0,0
4076,18954,23000,2664,6,1,36,9002,12000,4402,6,252,252,0,1134,0,1
4077,18954,23000,2664,6,1,36,9002,12000,4402,6,252,252,0,1134,0,0
4078,18954,23000,2664,6,1,36,9002,12000,4402,6,252,252,0,1134,0,0
4079,18954,23000,2664,6,1,36,9002,12000,4402,6,252,252,0,1134,0,0
4080,18954,23000,2916,6,1,36,9002,12000,4655,6,252,252,0,1134,0,0
4081,18954,23000,2916,6,1,37,9002,12000,4475,6,252,252,0,1134,0,12
4082,18954,23000,2916,6,1,38,9002,12000,4457,6,252,252,0,1152,0,4
4083,18954,23000,2916,6,1,38,9002,12000,4457,6,252,252,0,1152,0,0
4084,18954,23000,2916,6,1,38,9002,12000,4457,6,252,252,0,1152,0,0
4085,18954,23000,2916,6,1,38,9002,12000,4457,6,252,252,0,1152,0,0
4086,18954,23000,2916,6,1,39,9002,12000,4454,6,252,252,0,1155,0,1
4087,18954,23000,2916,6,1,39,9002,12000,4454,6,252,252,0,1155,0,0
4088,18954,23000,2916,6,1,39,9002,12000,4454,6,252,252,0,1155,0,0
4089,18954,23000,2916,6,1,39,9002,12000,4454,6,252,252,0,1155,0,0
4090,18954,23000,2916,6,1,39,9002,12000,4454,6,252,252,0,1155,0,0
4091,18954,23000,2916,6,1,41,9002,12000,4451,6,252,252,0,1158,0,1
4092,18954,23000,2916,6,1,41,9002,12000,4451,6,252,252,0,1158,0,0
4093,18954,23000,2916,6,1,41,9002,12000,4451,6,252,252,0,1158,0,0
4094,18954,23000,2916,6,1,41,9002,12000,4451,6,252,252,0,1158,0,0
4095,18954,23000,2916,6,1,41,9002,12000,4451,6,252,252,0,1158,0,0
4096,18954,23000,2916,6,1,42,9002,12000,4433,6,252,252,0,1176,0,4
4097,18954,23000,2916,6,1,42,9002,12000,4433,6,252,252,0,1176,0,0
4098,18954,23000,2916,6,1,42,9002,12000,4433,6,252,252,0,1176,0,0
4099,18954,23000,2916,6,0,40,9002,12000,4433,6,252,252,0,1176,0,0
4100,18954,23000,2916,6,0,40,9002,12000,4433,6,252,252,0,1176,0,0
4101,18954,23000,2916,6,0,42,9002,12000,4430,6,252,252,0,1179,0,1
4102,18954,23000,2916,6,0,42,9002,12000,4430,6,252,252,0,1179,0,0
4103,18954,23000,4416,6,0,42,9002,12000,4430,6,252,252,0,1179,0,0
4104,18954,23000,4416,6,0,42,9002,12000,4430,6,252,252,0,1179,0,0
4105,18954,23000,4416,6,0,42,9002,12000,4430,6,252,252,0,1179,0,0
4106,18954,23000,4416,6,0,43,9002,12000,4427,6,252,252,0,1182,0,1
4107,18954,23000,4416,6,0,43,9002,12000,4427,6,252,252,0,1182,0,0
4108,18954,23000,4416,6,0,43,9002,12000,4427,6,252,252,0,1182,0,0
4109,18954,23000,4416,6,0,43,9002,12000,4427,6,252,252,0,1182,0,0
4110,18954,23000,4669,6,0,43,9002,12000,4679,6,252,252,0,1182,0,0
4111,18954,23000,4669,6,0,45,9002,12000,4676,6,252,252,0,1185,0,1
4112,18954,23000,4669,6,0,45,9002,12000,4676,6,252,252,0,1185,0,0
4113,18954,23000,4669,6,0,45,9002,12000,4676,6,252,252,0,1185,0,0
4114,18954,23000,4669,6,0,45,9002,12000,4676,6,252,252,0,1185,0,0
4115,18954,23000,4669,6,0,45,9002,12000,4676,6,252,252,0,1185,0,0
4116,18954,23000,4669,6,0,46,9002,12000,4658,6,252,252,0,1203,0,4
4117,18939,23000,4669,6,0,46,9002,12000,4658,6,252,252,0,1203,0,0
4118,18939,23000,4669,6,0,46,9002,12000,4658,6,252,252,0,1203,0,0
4119,18939,23000,4669,6,0,46,9002,12000,4658,6,252,252,0,1203,0,0
4120,18939,23000,4669,6,0,46,9002,12000,4658,6,252,252,0,1203,0,0
4121,18939,23000,4669,6,0,48,9002,12000,4655,6,252,252,0,1206,0,1
4122,18939,23000,4669,6,0,48,9002,12000,4655,6,252,252,0,1206,0,0
4123,18591,23000,4669,6,0,48,9002,12000,4655,6,252,252,0,1206,0,0
4124,18576,23000,4669,6,0,48,9002,12000,4655,6,252,252,0,1206,0,0
4125,18576,23000,4669,6,0,48,9002,12000,4655,6,252,252,0,1206,0,0
4126,18576,23000,4669,6,0,49,9002,12000,4652,6,252,252,0,1209,0,1
4127,18576,23000,4669,6,0,49,9002,12000,4652,6,252,252,0,1209,0,0
4128,18576,23000,4669,6,0,49,9002,12000,4652,6,252,252,0,1209,0,0
4129,18576,23000,4669,6,0,49,9002,12000,4652,6,252,252,0,1209,0,0
4130,18576,23000,4669,6,0,49,9002,12000,4652,6,252,252,0,1209,0,0
4131,18561,23000,4669,6,0,50,9002,12000,4649,6,252,252,0,1212,0,1
4132,18561,23000,4669,6,0,50,9002,12000,4649,6,252,252,0,1212,0,0
4133,18561,23000,4669,6,0,50,9002,12000,4649,6,252,252,0,1212,0,0
4134,18561,23000,4669,6,0,50,9002,12000,4649,6,252,252,0,1212,0,0
4135,18561,23000,4669,6,0,50,9002,12000,4649,6,252,252,0,1212,0,0
4136,18561,23000,4669,6,0,51,9002,12000,4631,6,252,252,0,1230,0,4
4137,18546,23000,4669,6,0,51,9002,12000,4631,6,252,252,0,1230,0,0
4138,18531,23000,4669,6,0,51,9002,12000,4631,6,252,252,0,1230,0,0
4139,18531,23000,4669,6,0,51,9002,12000,4631,6,252,252,0,1230,0,0
4140,18531,23000,4921,6,0,51,9002,12000,4884,6,252,252,0,1230,0,0
4141,18531,23000,4921,6,0,52,9002,12000,4881,6,252,252,0,1233,0,1
4142,18531,23000,4921,6,0,52,9002,12000,4881,6,252,252,0,1233,0,0
4143,18531,23000,4921,6,0,52,9002,12000,4881,6,252,252,0,1233,0,0
4144,18516,23000,4921,6,0,52,9002,12000,4881,6,252,252,0,1233,0,0
4145,18501,23000,4921,6,0,52,9002,12000,4881,6,252,252,0,1233,0,0
4146,18501,23000,4921,6,0,53,9002,12000,4878,6,252,252,0,1236,0,1
4147,18501,23000,4741,6,1,53,9002,12000,4878,6,252,252,0,1236,12,0
4148,18501,23000,4741,6,1,53,9002,12000,4878,6,252,252,0,1236,0,0
4149,18327,23000,4741,6,1,53,9002,12000,4878,6,252,252,0,1236,0,0
4150,17979,23000,4741,6,1,53,9002,12000,4878,6,252,252,0,1236,0,0
4151,17964,23000,4741,6,1,54,9002,12000,4875,6,252,252,0,1239,0,1
4152,17949,23000,4741,6,1,54,9002,12000,4875,6,252,252,0,1239,0,0
4153,17949,23000,4741,6,1,54,9002,12000,4875,6,252,252,0,1239,0,0
4154,17949,23000,4741,6,1,54,9002,12000,4875,6,252,252,0,1239,0,0
4155,17949,23000,4741,6,1,54,9002,12000,4875,6,252,252,0,1239,0,0
4156,17949,23000,4741,6,1,55,9002,12000,4857,6,252,252,0,1257,0,4
4157,17949,23000,4741,6,2,49,9002,12000,4857,6,252,252,0,1257,0,0
4158,17949,23000,4741,6,2,49,9002,12000,4857,6,252,252,0,1257,0,0
4159,17949,23000,4741,6,2,49,9002,12000,4857,6,252,252,0,1257,0,0
4160,17949,23000,4741,6,2,49,9002,12000,4857,6,252,252,0,1257,0,0
4161,17949,23000,4741,6,2,50,9002,12000,4854,6,252,252,0,1260,0,1
4162,17949,23000,4741,6,2,50,9002,12000,4854,6,252,252,0,1260,0,0
4163,17949,23000,4741,6,2,50,9002,12000,4854,6,252,252,0,1260,0,0
4164,17949,23000,4741,6,2,50,9002,12000,4854,6,252,252,0,1260,0,0
4165,17949,23000,4741,6,2,50,9002,12000,4854,6,252,252,0,1260,0,0
4166,17949,23000,4741,6,2,51,9002,12000,4851,6,252,252,0,1263,0,1
4167,17949,23000,4741,6,3,51,9002,12000,4851,6,252,252,0,1263,0,0
4168,17949,23000,4741,6,3,50,9002,12000,4851,6,252,252,0,1263,0,0
4169,17949,23000,4741,6,3,50,9002,12000,4851,6,252,252,0,1263,0,0
4170,17949,23000,4994,6,3,50,9002,12000,5103,6,252,252,0,1263,0,0
4171,17949,23000,4994,6,3,51,9002,12000,5085,6,252,252,0,1281,0,4
4172,17949,23000,4994,6,3,51,9002,12000,5085,6,252,252,0,1281,0,0
4173,17949,23000,4994,6,3,51,9002,12000,5085,6,252,252,0,1281,0,0
4174,17949,23000,4994,6,3,51,9002,12000,5085,6,252,252,0,1281,0,0
4175,17949,23000,4994,6,3,51,9002,12000,5085,6,252,252,0,1281,0,0
4176,17949,23000,4994,6,3,52,9002,12000,5082,6,252,252,0,1284,0,1
4177,17949,23000,4994,6,4,52,9002,12000,5082,6,252,252,0,1284,0,0
4178,17949,23000,4994,6,4,52,9002,12000,5082,6,252,252,0,1284,0,0
4179,17949,23000,4994,6,4,50,9002,12000,5082,6,252,252,0,1284,0,0
4180,17949,23000,4994,6,4,50,9002,12000,5082,6,252,252,0,1284,0,0
4181,17949,23000,4994,6,4,51,9002,12000,5079,6,252,252,0,1287,0,1
4182,17949,23000,4994,6,4,51,9002,12000,5079,6,252,252,0,1287,0,0
4183,17949,23000,4994,6,4,51,9002,12000,5079,6,252,252,0,1287,0,0
4184,17949,23000,4994,6,4,51,9002,12000,5079,6,252,252,0,1287,0,0
4185,17949,23000,4994,6,4,51,9002,12000,5079,6,252,252,0,1287,0,0
4186,17949,23000,4994,6,4,52,9002,12000,5076,6,252,252,0,1290,0,1
4187,17949,23000,4994,6,5,52,9002,12000,5076,6,252,252,0,1290,0,0
4188,17949,23000,4994,6,5,52,9002,12000,5076,6,252,252,0,1290,0,0
4189,17949,23000,4994,6,5,51,9002,12000,5076,6,252,252,0,1290,0,0
4190,17949,23000,4994,6,5,51,9002,12000,5076,6,252,252,0,1290,0,0
4191,17949,23000,4994,6,5,52,9002,12000,5058,6,252,252,0,1308,0,4
4192,17949,23000,4994,6,5,52,9002,12000,5058,6,252,252,0,1308,0,0
4193,17949,23000,4994,6,5,50,9002,12000,5058,6,252,252,0,1308,0,0
4194,17949,23000,4994,6,5,50,9002,12000,5058,6,252,252,0,1308,0,0
4195,17949,23000,4994,6,5,50,9002,12000,5058,6,252,252,0,1308,0,0
4196,17949,23000,4994,6,5,51,9002,12000,5055,6,252,252,0,1311,0,1
4197,17949,23000,4994,6,5,51,9002,12000,5055,6,252,252,0,1311,0,0
4198,17949,23000,4994,6,5,51,9002,12000,5055,6,252,252,0,1311,0,0
4199,17949,23000,4994,6,5,51,9002,12000,5055,6,252,252,0,1311,0,0
4200,17949,23000,5246,6,5,50,9002,12000,5308,6,252,252,0,1311,0,0
4201,17949,23000,5246,6,5,51,9002,12000,5305,6,252,252,0,1314,0,1
4202,17949,23000,5246,6,5,51,9002,12000,5305,6,252,252,0,1314,0,0
4203,17949,23000,5246,6,5,51,9002,12000,5305,6,252,252,0,1314,0,0
4204,17949,23000,5246,6,5,51,9002,12000,5305,6,252,252,0,1314,0,0
4205,17949,23000,5246,6,5,51,9002,12000,5305,6,252,252,0,1314,0,0
4206,17949,23000,5246,6,5,52,9002,12000,5302,6,252,252,0,1317,0,1
4207,17949,23000,5246,6,5,51,9002,12000,5302,6,252,252,0,1317,0,0
4208,17949,23000,5246,6,5,51,9002,12000,5302,6,252,252,0,1317,0,0
4209,17949,23000,5246,6,5,51,9002,12000,5302,6,252,252,0,1317,0,0
4210,17949,23000,5246,6,5,51,9002,12000,5302,6,252,252,0,1317,0,0
4211,17949,23000,5246,6,5,52,9002,12000,5284,6,252,252,0,1335,0,4
4212,17949,23000,5246,6,5,52,9002,12000,5284,6,252,252,0,1335,0,0
4213,17949,23000,5246,6,5,52,9002,12000,5284,6,252,252,0,1335,0,0
4214,17949,23000,5246,6,5,52,9002,12000,5284,6,252,252,0,1335,0,0
4215,17949,23000,5246,6,5,52,9002,12000,5284,6,252,252,0,1335,0,0
4216,17949,23000,5246,6,5,53,9002,12000,5281,6,252,252,0,1338,0,1
4217,17949,23000,5246,6,5,53,9002,12000,5281,6,252,252,0,1338,0,0
4218,17949,23000,5246,6,5,53,9002,12000,5281,6,252,252,0,1338,0,0
4219,17949,23000,5246,6,5,53,9002,12000,5281,6,252,252,0,1338,0,0
4220,17949,23000,5246,6,5,53,9002,12000,5281,6,252,252,0,1338,0,0
4221,17949,23000,5246,6,5,54,9002,12000,5278,6,252,252,0,1341,0,1
4222,17949,23000,5246,6,5,54,9002,12000,5278,6,252,252,0,1341,0,0
4223,17949,23000,5246,6,5,54,9002,12000,5278,6,252,252,0,1341,0,0
4224,17949,23000,5246,6,5,54,9002,12000,5278,6,252,252,0,1341,0,0
4225,17949,23000,5246,6,5,54,9002,12000,5278,6,252,252,0,1341,0,0
4226,17949,23000,5246,6,5,55,9002,12000,5275,6,252,252,0,1344,0,1
4227,17949,23000,5246,6,5,55,9002,12000,5275,6,252,252,0,1344,0,0
4228,17949,23000,5246,6,5,54,9002,12000,5275,6,252,252,0,1344,0,0
4229,17949,23000,5246,6,5,54,9002,12000,5275,6,252,252,0,1344,0,0
4230,17949,23000,5499,6,5,54,9002,12000,5527,6,252,252,0,1344,0,0
4231,17949,23000,5499,6,4,55,9002,12000,5509,6,252,252,0,1362,0,4
4232,17949,23000,5499,6,4,55,9002,12000,5509,6,252,252,0,1362,0,0
4233,17949,23000,5499,6,4,55,9002,12000,5509,6,252,252,0,1362,0,0
4234,17949,23000,5499,6,4,55,9002,12000,5509,6,252,252,0,1362,0,0
4235,17949,23000,5499,6,4,55,9002,12000,5509,6,252,252,0,1362,0,0
4236,17949,23000,5499,6,4,56,9002,12000,5506,6,252,252,0,1365,0,1
4237,17949,23000,5499,6,4,56,9002,12000,5506,6,252,252,0,1365,0,0
4238,17949,23000,5499,6,4,56,9002,12000,5506,6,252,252,0,1365,0,0
4239,17949,23000,5499,6,4,56,9002,12000,5506,6,252,252,0,1365,0,0
4240,17949,23000,5499,6,4,56,9002,12000,5506,6,252,252,0,1365,0,0
4241,17949,23000,5499,6,4,57,9002,12000,5503,6,252,252,0,1368,0,1
4242,17949,23000,5499,6,4,50,9002,12000,5503,6,252,252,0,1368,0,0
4243,17949,23000,5499,6,4,50,9002,12000,5503,6,252,252,0,1368,0,0
4244,17949,23000,5499,6,4,50,9002,12000,5503,6,252,252,0,1368,0,0
4245,17949,23000,5499,6,4,50,9002,12000,5503,6,252,252,0,1368,0,0
4246,17949,23000,5499,6,4,51,9002,12000,5485,6,252,252,0,1386,0,4
4247,17949,23000,5499,6,4,51,9002,12000,5485,6,252,252,0,1386,0,0
4248,17949,23000,5499,6,4,51,9002,12000,5485,6,252,252,0,1386,0,0
4249,17949,23000,5499,6,4,51,9002,12000,5485,6,252,252,0,1386,0,0
4250,17949,23000,5499,6,4,51,9002,12000,5485,6,252,252,0,1386,0,0
4251,17949,23000,5499,6,4,52,9002,12000,5482,6,252,252,0,1389,0,1
4252,17949,23000,5499,6,4,51,9002,12000,5482,6,252,252,0,1389,0,0
4253,17949,23000,5499,6,4,51,9002,12000,5482,6,252,252,0,1389,0,0
4254,17949,23000,5499,6,4,51,9002,12000,5482,6,252,252,0,1389,0,0
4255,17949,23000,5499,6,4,51,9002,12000,5482,6,252,252,0,1389,0,0
4256,17949,23000,5499,6,4,52,9002,12000,5479,6,252,252,0,1392,0,1
4257,17949,23000,5499,6,4,52,9002,12000,5479,6,252,252,0,1392,0,0
4258,17949,23000,5499,6,4,52,9002,12000,5479,6,252,252,0,1392,0,0
4259,17949,23000,5499,6,4,52,9002,12000,5479,6,252,252,0,1392,0,0
4260,17949,23000,5751,6,4,52,9002,12000,5732,6,252,252,0,1392,0,0
4261,17949,23000,5751,6,4,53,9002,12000,5729,6,252,252,0,1395,0,1
4262,17949,23000,5751,6,4,53,9002,12000,5729,6,252,252,0,1395,0,0
4263,17949,23000,5751,6,4,53,9002,12000,5729,6,252,252,0,1395,0,0
4264,17949,23000,5751,6,4,53,9002,12000,5729,6,252,252,0,1395,0,0
4265,17949,23000,5751,6,4,53,9002,12000,5729,6,252,252,0,1395,0,0
4266,17949,23000,5751,6,4,54,9002,12000,5711,6,252,252,0,1413,0,4
4267,17949,23000,5751,6,4,54,9002,12000,5711,6,252,252,0,1413,0,0
4268,17949,23000,5751,6,4,54,9002,12000,5711,6,252,252,0,1413,0,0
4269,17949,23000,5751,6,4,49,9002,12000,5711,6,252,252,0,1413,0,0
4270,17949,23000,5751,6,4,49,9002,12000,5711,6,252,252,0,1413,0,0
4271,17949,23000,5751,6,4,50,9002,12000,5708,6,252,252,0,1416,0,1
4272,17949,23000,5751,6,4,50,9002,12000,5708,6,252,252,0,1416,0,0
4273,17949,23000,5751,6,4,50,9002,12000,5708,6,252,252,0,1416,0,0
4274,17949,23000,5751,6,4,50,9002,12000,5708,6,252,252,0,1416,0,0
4275,17949,23000,5751,6,4,50,9002,12000,5708,6,252,252,0,1416,0,0
4276,17949,23000,5751,6,3,51,9002,12000,5705,6,252,252,0,1419,0,1
4277,17949,23000,5751,6,3,51,9002,12000,5705,6,252,252,0,1419,0,0
4278,17949,23000,5751,6,3,51,9002,12000,5705,6,252,252,0,1419,0,0
4279,17949,23000,5751,6,3,50,9002,12000,5705,6,252,252,0,1419,0,0
4280,17949,23000,5751,6,3,50,9002,12000,5705,6,252,252,0,1419,0,0
4281,17949,23000,5751,6,3,51,9002,12000,5702,6,252,252,0,1422,0,1
4282,17949,23000,5751,6,3,51,9002,12000,5702,6,252,252,0,1422,0,0
4283,17949,23000,5751,6,3,51,9002,12000,5702,6,252,252,0,1422,0,0
4284,17949,23000,5751,6,3,51,9002,12000,5702,6,252,252,0,1422,0,0
4285,17949,23000,5751,6,3,51,9002,12000,5702,6,252,252,0,1422,0,0
4286,17949,23000,5751,6,2,52,9002,12000,5684,6,252,252,0,1440,0,4
4287,17949,23000,5751,6,2,49,9002,12000,5684,6,252,252,0,1440,0,0
4288,17949,23000,5751,6,2,49,9002,12000,5684,6,252,252,0,1440,0,0
4289,17949,23000,5751,6,2,49,9002,12000,5684,6,252,252,0,1440,0,0
4290,17949,23000,6004,6,2,49,9002,12000,5936,6,252,252,0,1440,0,0
4291,17949,23000,6004,6,2,50,9002,12000,5933,6,252,252,0,1443,0,1
4292,17949,23000,6004,6,2,50,9002,12000,5933,6,252,252,0,1443,0,0
4293,17949,23000,6004,6,2,50,9002,12000,5933,6,252,252,0,1443,0,0
4294,17949,23000,6004,6,2,50,9002,12000,5933,6,252,252,0,1443,0,0
4295,17949,23000,6004,6,2,50,9002,12000,5933,6,252,252,0,1443,0,0
4296,17949,23000,6004,6,2,51,9002,12000,5930,6,252,252,0,1446,0,1
4297,17949,23000,6004,6,2,51,9002,12000,5930,6,252,252,0,1446,0,0
4298,17949,23000,6004,6,2,51,9002,12000,5930,6,252,252,0,1446,0,0
4299,17949,23000,6004,6,2,51,9002,12000,5930,6,252,252,0,1446,0,0
4300,17949,23000,6004,6,2,51,9002,12000,5930,6,252,252,0,1446,0,0
4301,17949,23000,6004,6,2,52,9002,12000,5927,6,252,252,0,1449,0,1
4302,17949,23000,6004,6,2,52,9002,12000,5927,6,252,252,0,1449,0,0
4303,17949,23000,6004,6,2,52,9002,12000,5927,6,252,252,0,1449,0,0
4304,17949,23000,6004,6,2,52,9002,12000,5927,6,252,252,0,1449,0,0
4305,17949,23000,6004,6,2,52,9002,12000,5927,6,252,252,0,1449,0,0
4306,17949,23000,6004,6,2,53,9002,12000,5909,6,252,252,0,1467,0,4
4307,17949,23000,6004,6,0,53,9002,12000,5909,6,252,252,0,1467,0,0
4308,17949,23000,6004,6,0,53,9002,12000,5909,6,252,252,0,1467,0,0
4309,17949,23000,6004,6,0,53,9002,12000,5909,6,252,252,0,1467,0,0
4310,17949,23000,6004,6,0,53,9002,12000,5909,6,252,252,0,1467,0,0
4311,17949,23000,6004,6,0,53,9002,12000,4934,6,252,252,0,1467,0,13
4312,17949,23000,6004,6,0,54,9002,12000,4931,6,252,252,0,1470,0,1
4313,17949,23000,6004,6,0,54,9002,12000,4931,6,252,252,0,1470,0,0
4314,17934,23000,6004,6,0,54,9002,12000,4931,6,252,252,0,1470,0,0
4315,17934,23000,6004,6,0,54,9002,12000,4931,6,252,252,0,1470,0,0
4316,17934,23000,6004,6,0,55,9002,12000,4928,6,252,252,0,1473,0,1
4317,17931,23000,6004,6,0,55,9002,12000,4928,6,252,252,0,1473,0,0
4318,17925,23000,6004,6,0,55,9002,12000,4928,6,252,252,0,1473,0,0
4319,17922,23000,6004,6,0,55,9002,12000,4928,6,252,252,0,1473,0,0
4320,17922,23000,6256,6,0,55,9002,12000,5181,6,252,252,0,1473,0,0
4321,17907,23000,6256,6,0,56,9002,12000,5163,6,252,252,0,1491,0,4
4322,17892,23000,6256,6,0,56,9002,12000,5163,6,252,252,0,1491,0,0
4323,17892,23000,6256,6,0,56,9002,12000,5163,6,252,252,0,1491,0,0
4324,17889,23000,6256,6,0,56,9002,12000,5163,6,252,252,0,1491,0,0
4325,17883,23000,6256,6,0,56,9002,12000,5163,6,252,252,0,1491,0,0
4326,17880,23000,6256,6,0,57,9002,12000,4983,6,252,252,0,1491,0,12
4327,17880,23000,6256,6,0,58,9002,12000,4980,6,252,252,0,1494,0,1
4328,17865,23000,6256,6,0,58,9002,12000,4980,6,252,252,0,1494,0,0
4329,17847,23000,6256,6,0,58,9002,12000,4980,6,252,252,0,1494,0,0
4330,17847,23000,6256,6,0,58,9002,12000,4980,6,252,252,0,1494,0,0
4331,17844,23000,6256,6,0,59,9002,12000,4977,6,252,252,0,1497,0,1
4332,17838,23000,6256,6,0,59,9002,12000,4977,6,252,252,0,1497,0,0
4333,17835,23000,6256,6,0,59,9002,12000,4977,6,252,252,0,1497,0,0
4334,17571,23000,6256,6,0,59,9002,12000,4977,6,252,252,0,1497,0,0
4335,17556,23000,6256,6,0,59,9002,12000,4977,6,252,252,0,1497,0,0
4336,17538,23000,6256,6,0,61,9002,12000,4974,6,252,252,0,1500,0,1
4337,17538,23000,6256,6,0,61,9002,12000,4974,6,252,252,0,1500,0,0
4338,17535,23000,6256,6,0,61,9002,12000,4974,6,252,252,0,1500,0,0
4339,17529,23000,6256,6,0,61,9002,12000,4974,6,252,252,0,1500,0,0
4340,17265,23000,6256,6,0,61,9002,12000,4974,6,252,252,0,1500,0,0
4341,17262,23000,6256,6,0,62,9002,12000,4956,6,252,252,0,1518,0,4
4342,17232,23000,6256,6,0,62,9002,12000,4956,6,252,252,0,1518,0,0
4343,17214,23000,6256,6,0,62,9002,12000,4956,6,252,252,0,1518,0,0
4344,17211,23000,6256,6,0,62,9002,12000,4956,6,252,252,0,1518,0,0
4345,17208,23000,6256,6,0,62,9002,12000,4956,6,252,252,0,1518,0,0
4346,17202,23000,6256,6,0,64,9002,12000,4953,6,252,252,0,1521,0,1
4347,17199,23000,6256,6,0,64,9002,12000,4953,6,252,252,0,1521,0,0
4348,17196,23000,6256,6,0,64,9002,12000,4953,6,252,252,0,1521,0,0
4349,17163,23000,6256,6,0,64,9002,12000,4953,6,252,252,0,1521,0,0
4350,17145,23000,6509,6,0,64,9002,12000,5205,6,252,252,0,1521,0,0
4351,17055,23000,6509,6,0,65,9002,12000,5202,6,252,252,0,1524,0,1
4352,17052,23000,6509,6,0,65,9002,12000,5202,6,252,252,0,1524,0,0
4353,17046,23000,6509,6,0,65,9002,12000,5202,6,252,252,0,1524,0,0
4354,17040,23000,6509,6,0,65,9002,12000,5202,6,252,252,0,1524,0,0
4355,17037,23000,6509,6,0,65,9002,12000,5202,6,252,252,0,1524,0,0
4356,17004,23000,6509,6,0,67,9002,12000,5199,6,252,252,0,1527,0,1
4357,16986,23000,6509,6,0,67,9002,12000,5199,6,252,252,0,1527,0,0
4358,16983,23000,6509,6,0,67,9002,12000,5199,6,252,252,0,1527,0,0
4359,16980,23000,6509,6,0,67,9002,12000,6699,6,252,252,0,1527,0,0
4360,16974,23000,6209,6,0,67,9002,12000,6699,6,252,252,0,1527,11,0
4361,16707,23000,6209,6,0,68,9002,12000,6681,6,252,252,0,1545,0,4
4362,16689,23000,6209,6,0,68,9002,12000,6681,6,252,252,0,1545,0,0
4363,16656,23000,6209,6,0,68,9002,12000,6681,6,252,252,0,1545,0,0
4364,16635,23000,6209,6,0,68,9002,12000,6681,6,252,252,0,1545,0,0
4365,16632,23000,6209,6,0,68,9002,12000,6681,6,252,252,0,1545,0,0
4366,16629,23000,6209,6,0,70,9002,12000,6678,6,252,252,0,1548,0,1
4367,16362,23000,6209,6,0,70,9002,12000,6678,6,252,252,0,1548,0,0
4368,16356,23000,6209,6,0,70,9002,12000,6678,6,252,252,0,1548,0,0
4369,16335,23000,6209,6,0,70,9002,12000,6678,6,252,252,0,1548,0,0
4370,16302,23000,6209,6,0,70,9002,12000,6678,6,252,252,0,1548,0,0
4371,16281,23000,6209,6,0,71,9002,12000,6675,6,252,252,0,1551,0,1
4372,16278,23000,6209,6,0,71,9002,12000,6675,6,252,252,0,1551,0,0
4373,16275,23000,6209,6,0,71,9002,12000,6675,6,252,252,0,1551,0,0
4374,16266,23000,6209,6,0,71,9002,12000,6675,6,252,252,0,1551,0,0
4375,16260,23000,6209,6,0,71,9002,12000,6675,6,252,252,0,1551,0,0
4376,16239,23000,6209,6,0,72,9002,12000,6672,6,252,252,0,1554,0,1
4377,16191,23000,6209,6,0,72,9002,12000,6672,6,252,252,0,1554,0,0
4378,16083,23000,6209,6,0,72,9002,12000,6672,6,252,252,0,1554,0,0
4379,16080,23000,6209,6,0,72,9002,12000,6672,6,252,252,0,1554,0,0
4380,16077,23000,6461,6,0,72,9002,12000,6925,6,252,252,0,1554,0,0
4381,16068,23000,6461,6,0,73,9002,12000,6907,6,252,252,0,1572,0,4
4382,16062,23000,6461,6,0,73,9002,12000,6907,6,252,252,0,1572,0,0
4383,16041,23000,6461,6,0,73,9002,12000,6907,6,252,252,0,1572,0,0
4384,15990,23000,6461,6,0,73,9002,12000,6907,6,252,252,0,1572,0,0
4385,15969,23000,6461,6,0,73,9002,12000,6907,6,252,252,0,1572,0,0
4386,15966,23000,6461,6,0,74,9002,12000,6904,6,252,252,0,1575,0,1
4387,15963,23000,6461,6,0,74,9002,12000,6904,6,252,252,0,1575,0,0
4388,15693,23000,6461,6,0,74,9002,12000,6904,6,252,252,0,1575,0,0
4389,15684,23000,6461,6,0,74,9002,12000,6904,6,252,252,0,1575,0,0
4390,15663,23000,6461,6,0,74,9002,12000,6904,6,252,252,0,1575,0,0
4391,15612,23000,6461,6,0,75,9002,12000,6901,6,252,252,0,1578,0,1
4392,15591,23000,6461,6,0,75,9002,12000,6901,6,252,252,0,1578,0,0
4393,15588,23000,6461,6,0,75,9002,12000,6901,6,252,252,0,1578,0,0
4394,15321,23000,6461,6,0,75,9002,12000,6901,6,252,252,0,1578,0,0
4395,15225,23000,6461,6,0,75,9002,12000,6901,6,252,252,0,1578,0,0
4396,15216,23000,6461,6,0,76,9002,12000,4835,6,252,252,0,3644,0,7
4397,15180,23000,6461,6,0,76,9002,12000,4835,6,252,252,0,3644,0,0
4398,15129,23000,6461,6,0,76,9002,12000,4835,6,252,252,0,3644,0,0
4399,15108,23000,6461,6,0,76,9002,12000,4835,6,252,252,0,3644,0,0
4400,15105,23000,6461,6,0,76,9002,12000,4835,6,252,252,0,3644,0,0
4401,15099,23000,6461,6,0,77,9002,12000,2769,6,252,252,0,5710,0,7
4402,15090,23000,6461,6,0,77,9002,12000,2769,6,252,252,0,5710,0,0
4403,15081,23000,6461,6,0,77,9002,12000,2769,6,252,252,0,5710,0,0
4404,15042,23000,6461,6,0,77,9002,12000,2769,6,252,252,0,5710,0,0
4405,14904,23000,6461,6,0,77,9002,12000,2769,6,252,252,0,5710,0,0
4406,14883,23000,6461,6,0,78,9002,12000,703,6,252,252,0,7776,0,7
4407,14880,23000,6461,6,0,78,9002,12000,703,6,252,252,0,7776,0,0
4408,13374,23000,6461,6,0,29,7502,12000,703,6,252,252,0,7776,0,0
4409,13374,23000,6461,6,0,29,7502,12000,703,6,252,252,0,7776,0,0
4410,13374,23000,6714,6,0,29,7502,12000,955,6,252,252,0,7776,0,0
4411,13374,23000,6714,6,0,29,18978,23000,929,6,252,252,0,7776,0,10
4412,13374,23000,6714,6,0,29,18978,23000,929,6,252,252,0,7776,0,0
4413,13374,23000,6714,6,0,29,18978,23000,929,6,252,252,0,7776,0,0
4414,13374,23000,6714,6,0,29,18978,23000,929,6,252,252,0,7776,0,0
4415,13374,23000,6714,6,0,29,18978,23000,929,6,252,252,0,7776,0,0
4416,13374,23000,6714,6,0,30,18978,23000,911,6,252,252,0,7794,0,4
4417,13374,23000,6714,6,0,30,18978,23000,911,6,252,252,0,7794,0,0
4418,13374,23000,6714,6,0,30,18978,23000,911,6,252,252,0,7794,0,0
4419,13374,23000,6714,6,0,30,18978,23000,911,6,252,252,0,7794,0,0
4420,13374,23000,6714,6,0,30,18978,23000,911,6,252,252,0,7794,0,0
4421,13374,23000,6714,6,0,31,18978,23000,908,6,252,252,0,7797,0,1
4422,13374,23000,6714,6,0,31,18978,23000,908,6,252,252,0,7797,0,0
4423,13374,23000,6714,6,0,31,18978,23000,908,6,252,252,0,7797,0,0
4424,13374,23000,6714,6,0,31,18978,23000,908,6,252,252,0,7797,0,0
4425,13374,23000,6714,6,0,31,18978,23000,908,6,252,252,0,7797,0,0
4426,13374,23000,6714,6,0,32,18978,23000,905,6,252,252,0,7800,0,1
4427,13374,23000,6714,6,0,32,18978,23000,905,6,252,252,0,7800,0,0
4428,13374,23000,6714,6,0,32,18978,23000,905,6,252,252,0,7800,0,0
4429,13374,23000,6714,6,0,32,18978,23000,905,6,252,252,0,7800,0,0
4430,13374,23000,6714,6,0,32,18978,23000,905,6,252,252,0,7800,0,0
4431,13374,23000,6714,6,0,33,18978,23000,902,6,252,252,0,7803,0,1
4432,13374,23000,6714,6,0,33,18978,23000,902,6,252,252,0,7803,0,0
4433,13374,23000,6714,6,0,33,18978,23000,902,6,252,252,0,7803,0,0
4434,13374,23000,6714,6,0,33,18978,23000,902,6,252,252,0,7803,0,0
4435,13374,23000,6714,6,0,33,18978,23000,902,6,252,252,0,7803,0,0
4436,13374,23000,6714,6,0,34,18978,23000,884,6,252,252,0,7821,0,4
4437,13374,23000,6714,6,0,34,18978,23000,884,6,252,252,0,7821,0,0
4438,13374,23000,6714,6,0,34,18978,23000,884,6,252,252,0,7821,0,0
4439,13374,23000,6714,6,0,34,18978,23000,884,6,252,252,0,7821,0,0
4440,13374,23000,6966,6,0,34,18978,23000,1136,6,252,252,0,7821,0,0
4441,13374,23000,6966,6,0,35,18978,23000,1133,6,252,252,0,7824,0,1
4442,13374,23000,6966,6,0,35,18978,23000,1133,6,252,252,0,7824,0,0
4443,13374,23000,6966,6,0,35,18978,23000,1133,6,252,252,0,7824,0,0
4444,13374,23000,6966,6,0,35,18978,23000,1133,6,252,252,0,7824,0,0
4445,13374,23000,6966,6,0,35,18978,23000,1133,6,252,252,0,7824,0,0
4446,13374,23000,6966,6,0,36,18978,23000,1130,6,252,252,0,7827,0,1
4447,13374,23000,6966,6,0,36,18978,23000,1130,6,252,252,0,7827,0,0
4448,13374,23000,6966,6,0,36,18978,23000,1130,6,252,252,0,7827,0,0
4449,13374,23000,6966,6,0,36,18978,23000,1130,6,252,252,0,7827,0,0
4450,13374,23000,6966,6,0,36,18978,23000,1130,6,252,252,0,7827,0,0
4451,13374,23000,6966,6,0,37,18978,23000,1127,6,252,252,0,7830,0,1
4452,13374,23000,6966,6,0,37,18978,23000,1127,6,252,252,0,7830,0,0
4453,13374,23000,6966,6,0,37,18978,23000,1127,6,252,252,0,7830,0,0
4454,13374,23000,6966,6,0,37,18978,23000,1127,6,252,252,0,7830,0,0
4455,13374,23000,6966,6,0,37,18978,23000,1127,6,252,252,0,7830,0,0
4456,13374,23000,6966,6,0,38,18978,23000,1109,6,252,252,0,7848,0,4
4457,13374,23000,6786,6,1,38,18978,23000,1109,6,252,252,0,7848,12,0
4458,13374,23000,6786,6,1,38,18978,23000,1109,6,252,252,0,7848,0,0
4459,13374,23000,6786,6,1,38,18978,23000,1109,6,252,252,0,7848,0,0
4460,13374,23000,6786,6,1,38,18978,23000,1109,6,252,252,0,7848,0,0
4461,13374,23000,6786,6,1,39,18978,23000,1106,6,252,252,0,7851,0,1
4462,13374,23000,6786,6,1,39,18978,23000,1106,6,252,252,0,7851,0,0
4463,13374,23000,6786,6,1,39,18978,23000,1106,6,252,252,0,7851,0,0
4464,13374,23000,6786,6,1,39,18978,23000,1106,6,252,252,0,7851,0,0
4465,13374,23000,6786,6,1,39,18978,23000,1106,6,252,252,0,7851,0,0
4466,13374,23000,6786,6,1,40,18978,23000,1103,6,252,252,0,7854,0,1
4467,13374,23000,6786,6,2,40,18978,23000,1103,6,252,252,0,7854,0,0
4468,13374,23000,6786,6,2,40,18978,23000,1103,6,252,252,0,7854,0,0
4469,13374,23000,6786,6,2,40,18978,23000,1103,6,252,252,0,7854,0,0
4470,13374,23000,7039,6,2,39,18978,23000,1356,6,252,252,0,7854,0,0
4471,13374,23000,7039,6,2,40,18978,23000,1338,6,252,252,0,7872,0,4
4472,13374,23000,7039,6,2,40,18978,23000,1338,6,252,252,0,7872,0,0
4473,13374,23000,7039,6,2,40,18978,23000,1338,6,252,252,0,7872,0,0
4474,13374,23000,7039,6,2,40,18978,23000,1338,6,252,252,0,7872,0,0
4475,13374,23000,7039,6,2,40,18978,23000,1338,6,252,252,0,7872,0,0
4476,13374,23000,7039,6,2,41,18978,23000,1335,6,252,252,0,7875,0,1
4477,13374,23000,7039,6,3,41,18978,23000,1335,6,252,252,0,7875,0,0
4478,13374,23000,7039,6,3,41,18978,23000,1335,6,252,252,0,7875,0,0
4479,13374,23000,7039,6,3,41,18978,23000,1335,6,252,252,0,7875,0,0
4480,13374,23000,7039,6,3,41,18978,23000,1335,6,252,252,0,7875,0,0
4481,13374,23000,7039,6,3,42,18978,23000,1332,6,252,252,0,7878,0,1
4482,13374,23000,7039,6,3,42,18978,23000,1332,6,252,252,0,7878,0,0
4483,13374,23000,7039,6,3,42,18978,23000,1332,6,252,252,0,7878,0,0
4484,13374,23000,7039,6,3,42,18978,23000,1332,6,252,252,0,7878,0,0
4485,13374,23000,7039,6,3,42,18978,23000,1332,6,252,252,0,7878,0,0
4486,13374,23000,7039,6,3,42,18978,23000,1329,6,252,252,0,7881,0,1
4487,13374,23000,7039,6,4,42,18978,23000,1329,6,252,252,0,7881,0,0
4488,13374,23000,7039,6,4,42,18978,23000,1329,6,252,252,0,7881,0,0
4489,13374,23000,7039,6,4,42,18978,23000,1329,6,252,252,0,7881,0,0
4490,13374,23000,7039,6,4,42,18978,23000,1329,6,252,252,0,7881,0,0
4491,13374,23000,7039,6,4,43,18978,23000,1311,6,252,252,0,7899,0,4
4492,13374,23000,7039,6,4,43,18978,23000,1311,6,252,252,0,7899,0,0
4493,13374,23000,7039,6,4,43,18978,23000,1311,6,252,252,0,7899,0,0
4494,13374,23000,7039,6,4,43,18978,23000,1311,6,252,252,0,7899,0,0
4495,13374,23000,7039,6,4,43,18978,23000,1311,6,252,252,0,7899,0,0
4496,13374,23000,7039,6,4,44,18978,23000,1308,6,252,252,0,7902,0,1
4497,13374,23000,7039,6,5,44,18978,23000,1308,6,252,252,0,7902,0,0
4498,13374,23000,7039,6,5,44,18978,23000,1308,6,252,252,0,7902,0,0
4499,13374,23000,7039,6,5,44,18978,23000,1308,6,252,252,0,7902,0,0
4500,13374,23000,7291,6,5,44,18978,23000,1560,6,252,252,0,7902,0,0
4501,13374,23000,7291,6,5,45,18978,23000,1557,6,252,252,0,7905,0,1
4502,13374,23000,7291,6,5,45,18978,23000,1557,6,252,252,0,7905,0,0
4503,13374,23000,7291,6,5,45,18978,23000,1557,6,252,252,0,7905,0,0
4504,13374,23000,7291,6,5,45,18978,23000,1557,6,252,252,0,7905,0,0
4505,13374,23000,7291,6,5,45,18978,23000,1557,6,252,252,0,7905,0,0
4506,13374,23000,7291,6,5,45,18978,23000,1554,6,252,252,0,7908,0,1
4507,13374,23000,7291,6,5,45,18978,23000,1554,6,252,252,0,7908,0,0
4508,13374,23000,7291,6,5,45,18978,23000,1554,6,252,252,0,7908,0,0
4509,13374,23000,7291,6,5,45,18978,23000,1554,6,252,252,0,7908,0,0
4510,13374,23000,7291,6,5,45,18978,23000,1554,6,252,252,0,7908,0,0
4511,13374,23000,7291,6,5,46,18978,23000,1536,6,252,252,0,7926,0,4
4512,13374,23000,7291,6,5,46,18978,23000,1536,6,252,252,0,7926,0,0
4513,13374,23000,7291,6,5,46,18978,23000,1536,6,252,252,0,7926,0,0
4514,13374,23000,7291,6,5,46,18978,23000,1536,6,252,252,0,7926,0,0
4515,13374,23000,7291,6,5,45,18978,23000,1536,6,252,252,0,7926,0,0
4516,13374,23000,7291,6,5,46,18978,23000,1533,6,252,252,0,7929,0,1
4517,13374,23000,7291,6,5,46,18978,23000,1533,6,252,252,0,7929,0,0
4518,13374,23000,7291,6,5,46,18978,23000,1533,6,252,252,0,7929,0,0
4519,13374,23000,7291,6,5,46,18978,23000,1533,6,252,252,0,7929,0,0
4520,13374,23000,7291,6,5,46,18978,23000,1533,6,252,252,0,7929,0,0
4521,13374,23000,7291,6,5,47,18978,23000,1530,6,252,252,0,7932,0,1
4522,13374,23000,7291,6,5,47,18978,23000,1530,6,252,252,0,7932,0,0
4523,13374,23000,6316,6,5,47,18978,23000,1530,6,252,252,0,7932,13,0
4524,13374,23000,6316,6,5,47,18978,23000,1530,6,252,252,0,7932,0,0
4525,13374,23000,6316,6,5,47,18978,23000,1530,6,252,252,0,7932,0,0
4526,13374,23000,6316,6,5,48,18978,23000,1527,6,252,252,0,7935,0,1
4527,13374,23000,6316,6,5,48,18978,23000,1527,6,252,252,0,7935,0,0
4528,13374,23000,6316,6,5,48,18978,23000,1527,6,252,252,0,7935,0,0
4529,13374,23000,6316,6,5,48,18978,23000,1527,6,252,252,0,7935,0,0
4530,13374,23000,6569,6,5,48,18978,23000,1780,6,252,252,0,7935,0,0
4531,13374,23000,6569,6,5,49,18978,23000,1762,6,252,252,0,7953,0,4
4532,13374,23000,6569,6,5,49,18978,23000,1762,6,252,252,0,7953,0,0
4533,13374,23000,6569,6,5,45,18978,23000,1762,6,252,252,0,7953,0,0
4534,13374,23000,6569,6,5,45,18978,23000,1762,6,252,252,0,7953,0,0
4535,13374,23000,6569,6,5,45,18978,23000,1762,6,252,252,0,7953,0,0
4536,13374,23000,6569,6,5,46,18978,23000,1759,6,252,252,0,7956,0,1
4537,13374,23000,6569,6,5,46,18978,23000,1759,6,252,252,0,7956,0,0
4538,13374,23000,6569,6,5,46,18978,23000,1759,6,252,252,0,7956,0,0
4539,13374,23000,6569,6,5,46,18978,23000,1759,6,252,252,0,7956,0,0
4540,13374,23000,6569,6,5,46,18978,23000,1759,6,252,252,0,7956,0,0
4541,13374,23000,6569,6,5,47,18978,23000,1756,6,252,252,0,7959,0,1
4542,13374,23000,6569,6,5,47,18978,23000,1756,6,252,252,0,7959,0,0
4543,13374,23000,6569,6,5,47,18978,23000,1756,6,252,252,0,7959,0,0
4544,13374,23000,6569,6,5,47,18978,23000,1756,6,252,252,0,7959,0,0
4545,13374,23000,6569,6,5,46,18978,23000,1756,6,252,252,0,7959,0,0
4546,13374,23000,6569,6,5,47,18978,23000,1738,6,252,252,0,7977,0,4
4547,13374,23000,6569,6,5,47,18978,23000,1738,6,252,252,0,7977,0,0
4548,13374,23000,6569,6,5,45,18978,23000,1738,6,252,252,0,7977,0,0
4549,13374,23000,6569,6,5,45,18978,23000,1738,6,252,252,0,7977,0,0
4550,13374,23000,6569,6,5,45,18978,23000,1738,6,252,252,0,7977,0,0
4551,13374,23000,6569,6,5,46,18978,23000,1735,6,252,252,0,7980,0,1
4552,13374,23000,6569,6,5,46,18978,23000,1735,6,252,252,0,7980,0,0
4553,13374,23000,6569,6,4,46,18978,23000,1735,6,252,252,0,7980,0,0
4554,13374,23000,6569,6,4,46,18978,23000,1735,6,252,252,0,7980,0,0
4555,13374,23000,6569,6,4,46,18978,23000,1735,6,252,252,0,7980,0,0
4556,13374,23000,6569,6,4,47,18978,23000,1732,6,252,252,0,7983,0,1
4557,13374,23000,6569,6,4,47,18978,23000,1732,6,252,252,0,7983,0,0
4558,13374,23000,6569,6,3,47,18978,23000,1732,6,252,252,0,7983,0,0
4559,13374,23000,6569,6,3,47,18978,23000,1732,6,252,252,0,7983,0,0
4560,13374,23000,6821,6,3,47,18978,23000,1984,6,252,252,0,7983,0,0
4561,13374,23000,6821,6,3,48,18978,23000,1981,6,252,252,0,7986,0,1
4562,13374,23000,6821,6,3,48,18978,23000,1981,6,252,252,0,7986,0,0
4563,13374,23000,6821,6,3,48,18978,23000,1981,6,252,252,0,7986,0,0
4564,13374,23000,6821,6,3,48,18978,23000,1981,6,252,252,0,7986,0,0
4565,13374,23000,6821,6,2,48,18978,23000,1981,6,252,252,0,7986,0,0
4566,13374,23000,6821,6,2,49,18978,23000,1963,6,252,252,0,8004,0,4
4567,13374,23000,6821,6,2,45,18978,23000,1963,6,252,252,0,8004,0,0
4568,13374,23000,6821,6,2,45,18978,23000,1963,6,252,252,0,8004,0,0
4569,13374,23000,6821,6,2,45,18978,23000,1963,6,252,252,0,8004,0,0
4570,13374,23000,6821,6,2,45,18978,23000,1963,6,252,252,0,8004,0,0
4571,13374,23000,8240,6,3,46,18978,23000,1783,6,252,252,81,8004,5,12
4572,13374,23000,8240,6,3,47,18978,23000,1780,6,252,252,81,8007,0,1
4573,13374,23000,8240,6,3,47,18978,23000,1780,6,252,252,81,8007,0,0
4574,13374,23000,8240,6,3,47,18978,23000,1780,6,252,252,81,8007,0,0
4575,13374,23000,8240,6,3,47,18978,23000,1780,6,252,252,81,8007,0,0
4576,13374,23000,8240,6,3,48,18978,23000,1777,6,252,252,81,8010,0,1
4577,13374,23000,8240,6,3,48,18978,23000,1777,6,252,252,81,8010,0,0
4578,13374,23000,8240,6,3,48,18978,23000,1777,6,252,252,81,8010,0,0
4579,13374,23000,8240,6,3,48,18978,23000,1777,6,252,252,81,8010,0,0
4580,13374,23000,8240,6,3,48,18978,23000,1777,6,252,252,81,8010,0,0
4581,13374,23000,8240,6,3,50,18978,23000,1774,6,252,252,81,8013,0,1
4582,13374,23000,8240,6,3,50,18978,23000,1774,6,252,252,81,8013,0,0
4583,13374,23000,8240,6,3,50,18978,23000,1774,6,252,252,81,8013,0,0
4584,13374,23000,8240,6,3,50,18978,23000,1774,6,252,252,81,8013,0,0
4585,13374,23000,8159,6,4,48,18978,23000,1774,6,252,252,162,8013,5,0
4586,13374,23000,8159,6,4,49,18978,23000,1756,6,252,252,162,8031,0,4
4587,13374,23000,8159,6,4,49,18978,23000,1756,6,252,252,162,8031,0,0
4588,13374,23000,8159,6,4,49,18978,23000,1756,6,252,252,162,8031,0,0
4589,13374,23000,8159,6,4,49,18978,23000,1756,6,252,252,162,8031,0,0
4590,13374,23000,8412,6,4,48,18978,23000,2009,6,252,252,162,8031,0,0
4591,13374,23000,8412,6,4,50,18978,23000,2006,6,252,252,162,8034,0,1
4592,13374,23000,8412,6,4,50,18978,23000,2006,6,252,252,162,8034,0,0
4593,13374,23000,8412,6,4,50,18978,23000,2006,6,252,252,162,8034,0,0
4594,13374,23000,8412,6,4,50,18978,23000,2006,6,252,252,162,8034,0,0
4595,13374,23000,332,7,4,50,18978,23000,2006,6,750,252,162,8034,9,0
4596,13374,23000,332,7,4,50,18978,23000,1986,6,750,252,162,8034,0,11
4597,13374,23000,332,7,4,50,18978,23000,1986,6,750,252,162,8034,0,0
4598,13374,23000,332,7,4,49,18978,23000,1986,6,750,252,162,8034,0,0
4599,13374,23000,332,7,4,49,18978,23000,1986,6,750,252,162,8034,0,0
4600,13374,23000,332,7,4,49,18978,23000,1986,6,750,252,162,8034,0,0
4601,13374,23000,332,7,4,50,18978,23000,1986,6,750,252,162,8034,0,0
4602,13374,23000,332,7,4,50,18978,23000,1986,6,750,252,162,8034,0,0
4603,13374,23000,332,7,4,50,18978,23000,1986,6,750,252,162,8034,0,0
4604,13374,23000,332,7,4,50,18978,23000,1986,6,750,252,162,8034,0,0
4605,13374,23000,332,7,4,50,18978,23000,1986,6,750,252,162,8034,0,0
4606,13374,23000,332,7,4,50,18978,23000,1986,6,750,252,162,8034,0,0
4607,13374,23000,332,7,4,50,18978,23000,1986,6,750,252,162,8034,0,0
4608,13374,23000,332,7,4,50,18978,23000,1986,6,750,252,162,8034,0,0
4609,13374,23000,332,7,4,50,18978,23000,1986,6,750,252,162,8034,0,0
4610,13374,23000,332,7,3,50,18978,23000,1986,6,750,252,162,8034,0,0
4611,13374,23000,332,7,3,51,18978,23000,1986,6,750,252,162,8034,0,0
4612,13374,23000,332,7,2,51,18978,23000,1986,6,750,252,162,8034,0,0
4613,13374,23000,332,7,2,51,18978,23000,1986,6,750,252,162,8034,0,0
4614,13374,23000,332,7,2,51,18978,23000,1986,6,750,252,162,8034,0,0
4615,13359,23000,332,7,2,51,18978,23000,1986,6,750,252,162,8034,0,0
4616,13359,23000,332,7,2,52,18978,23000,1648,6,750,252,162,8372,0,6
4617,13356,23000,332,7,2,52,18978,23000,1648,6,750,252,162,8372,0,0
4618,13356,23000,332,7,2,52,18978,23000,1648,6,750,252,162,8372,0,0
4619,13350,23000,332,7,2,52,18978,23000,1648,6,750,252,162,8372,0,0
4620,13350,23000,1082,7,2,52,18978,23000,1900,6,750,252,162,8372,0,0
4621,13350,23000,1082,7,2,53,18978,23000,1562,6,750,252,162,8710,0,6
4622,13320,23000,1001,7,3,53,18978,23000,1562,6,750,252,243,8710,5,0
4623,13320,23000,1001,7,3,53,18978,23000,1562,6,750,252,243,8710,0,0
4624,13320,23000,1001,7,3,48,18978,23000,1562,6,750,252,243,8710,0,0
4625,13320,23000,1001,7,3,48,18978,23000,1562,6,750,252,243,8710,0,0
4626,13320,23000,1001,7,3,48,18978,23000,1562,6,750,252,243,8710,0,0
4627,13320,23000,1001,7,3,48,18978,23000,1562,6,750,252,243,8710,0,0
4628,13320,23000,1001,7,3,48,18978,23000,1562,6,750,252,243,8710,0,0
4629,13320,23000,1001,7,3,48,18978,23000,1562,6,750,252,243,8710,0,0
4630,13320,23000,1001,7,3,48,18978,23000,1562,6,750,252,243,8710,0,0
4631,13320,23000,1001,7,3,48,18978,23000,1562,6,750,252,243,8710,0,0
4632,13320,23000,1001,7,3,47,18978,23000,1562,6,750,252,243,8710,0,0
4633,13320,23000,1001,7,3,47,18978,23000,1562,6,750,252,243,8710,0,0
4634,13320,23000,1001,7,3,47,18978,23000,1562,6,750,252,243,8710,0,0
4635,13320,23000,920,7,4,47,18978,23000,1562,6,750,252,324,8710,5,0
4636,13320,23000,920,7,4,47,18978,23000,1562,6,750,252,324,8710,0,0
4637,13320,23000,920,7,4,47,18978,23000,1562,6,750,252,324,8710,0,0
4638,13320,23000,920,7,4,47,18978,23000,1562,6,750,252,324,8710,0,0
4639,13320,23000,920,7,4,47,18978,23000,1562,6,750,252,324,8710,0,0
4640,13320,23000,920,7,4,47,18978,23000,1562,6,750,252,324,8710,0,0
4641,13320,23000,920,7,4,47,18978,23000,1562,6,750,252,324,8710,0,0
4642,13320,23000,920,7,4,47,18978,23000,1562,6,750,252,324,8710,0,0
4643,13320,23000,920,7,4,47,18978,23000,1562,6,750,252,324,8710,0,0
4644,13220,23000,920,7,4,47,18878,23000,1562,6,750,252,324,8710,0,0
4645,13220,23000,920,7,4,47,18878,23000,1562,6,750,252,324,8710,0,0
4646,13046,23000,920,7,4,47,18878,23000,1562,6,750,252,324,8710,0,0
4647,13046,23000,920,7,4,47,18878,23000,1562,6,750,252,324,8710,0,0
4648,13043,23000,920,7,4,47,18878,23000,1562,6,750,252,324,8710,0,0
4649,13028,23000,920,7,4,47,18878,23000,1562,6,750,252,324,8710,0,0
4650,13028,23000,1589,7,5,47,18878,23000,1815,6,750,252,405,8710,5,0
4651,13028,23000,1589,7,5,47,18878,23000,1815,6,750,252,405,8710,0,0
4652,13028,23000,1589,7,5,47,18878,23000,1815,6,750,252,405,8710,0,0
4653,13028,23000,1589,7,5,47,18878,23000,1815,6,750,252,405,8710,0,0
4654,13028,23000,1589,7,5,47,18878,23000,1815,6,750,252,405,8710,0,0
4655,13028,23000,1589,7,5,45,18878,23000,1815,6,750,252,405,8710,0,0
4656,13028,23000,1589,7,5,45,18878,23000,1815,6,750,252,405,8710,0,0
4657,13028,23000,1589,7,5,45,18878,23000,1815,6,750,252,405,8710,0,0
4658,13028,23000,1589,7,5,45,18878,23000,1815,6,750,252,405,8710,0,0
4659,13028,23000,1589,7,5,45,18878,23000,1815,6,750,252,405,8710,0,0
4660,13028,23000,1589,7,5,45,18878,23000,1815,6,750,252,405,8710,0,0
4661,13028,23000,1589,7,5,45,18878,23000,1815,6,750,252,405,8710,0,0
4662,13028,23000,1589,7,5,43,18878,23000,1815,6,750,252,405,8710,0,0
4663,13028,23000,1589,7,5,43,18878,23000,1815,6,750,252,405,8710,0,0
4664,13028,23000,1508,7,6,43,18878,23000,1815,6,750,252,486,8710,5,0
4665,13028,23000,1508,7,5,43,18878,23000,1815,6,750,252,486,8710,0,0
4666,13028,23000,1508,7,5,43,18878,23000,1815,6,750,252,486,8710,0,0
4667,13028,23000,1508,7,5,43,18878,23000,1815,6,750,252,486,8710,0,0
4668,13028,23000,1508,7,4,43,18878,23000,1815,6,750,252,486,8710,0,0
4669,13028,23000,1508,7,4,43,18878,23000,1815,6,750,252,486,8710,0,0
4670,13025,23000,1508,7,4,43,18878,23000,1815,6,750,252,486,8710,0,0
4671,13025,23000,1508,7,4,43,18878,23000,1815,6,750,252,486,8710,0,0
4672,13025,23000,1508,7,4,43,18878,23000,1815,6,750,252,486,8710,0,0
4673,13025,23000,1508,7,4,43,18878,23000,1815,6,750,252,486,8710,0,0
4674,13025,23000,1508,7,4,41,18878,23000,1815,6,750,252,486,8710,0,0
4675,13025,23000,1508,7,4,41,18878,23000,1815,6,750,252,486,8710,0,0
4676,13025,23000,1508,7,4,41,18878,23000,1815,6,750,252,486,8710,0,0
4677,13025,23000,1508,7,3,41,18878,23000,1815,6,750,252,486,8710,0,0
4678,13025,23000,1427,7,4,41,18878,23000,1815,6,750,252,567,8710,5,0
4679,13025,23000,1427,7,4,41,18878,23000,1815,6,750,252,567,8710,0,0
4680,13025,23000,2177,7,4,40,18878,23000,2067,6,750,252,567,8710,0,0
4681,13025,23000,2177,7,4,40,18878,23000,2067,6,750,252,567,8710,0,0
4682,13025,23000,2177,7,4,40,18878,23000,2067,6,750,252,567,8710,0,0
4683,13025,23000,2177,7,4,40,18878,23000,2067,6,750,252,567,8710,0,0
4684,13025,23000,2177,7,4,40,18878,23000,2067,6,750,252,567,8710,0,0
4685,13025,23000,2177,7,4,40,18878,23000,2067,6,750,252,567,8710,0,0
4686,13025,23000,2177,7,4,40,18878,23000,2067,6,750,252,567,8710,0,0
4687,13025,23000,2177,7,4,40,18878,23000,2067,6,750,252,567,8710,0,0
4688,13025,23000,2177,7,4,39,18878,23000,2067,6,750,252,567,8710,0,0
4689,13025,23000,2177,7,4,39,18878,23000,2067,6,750,252,567,8710,0,0
4690,13025,23000,2096,7,4,39,18878,23000,2067,6,750,252,648,8710,5,0
4691,13025,23000,2096,7,4,39,18878,23000,2067,6,750,252,648,8710,0,0
4692,13025,23000,2096,7,4,39,18878,23000,2067,6,750,252,648,8710,0,0
4693,13025,23000,2096,7,4,39,18878,23000,2067,6,750,252,648,8710,0,0
4694,13025,23000,2096,7,4,39,18878,23000,2067,6,750,252,648,8710,0,0
4695,13025,23000,2096,7,4,39,18878,23000,2067,6,750,252,648,8710,0,0
4696,13025,23000,2096,7,4,39,18878,23000,2067,6,750,252,648,8710,0,0
4697,13025,23000,2096,7,4,39,18878,23000,2067,6,750,252,648,8710,0,0
4698,13025,23000,2096,7,4,39,18878,23000,2067,6,750,252,648,8710,0,0
4699,13025,23000,2096,7,4,39,18878,23000,2067,6,750,252,648,8710,0,0
4700,13025,23000,2096,7,4,36,18878,23000,2067,6,750,252,648,8710,0,0
4701,13025,23000,2096,7,4,36,18878,23000,2067,6,750,252,648,8710,0,0
4702,13025,23000,2096,7,4,36,18878,23000,2067,6,750,252,648,8710,0,0
4703,13025,23000,2096,7,4,36,18878,23000,2067,6,750,252,648,8710,0,0
4704,13025,23000,30,7,5,36,18878,23000,2067,6,750,252,2714,8710,7,0
4705,13025,23000,30,7,5,36,18878,23000,2067,6,750,252,2714,8710,0,0
4706,13025,23000,30,7,5,36,18878,23000,2067,6,750,252,2714,8710,0,0
4707,13025,23000,30,7,5,34,18878,23000,2067,6,750,252,2714,8710,0,0
4708,13025,23000,30,7,5,34,18878,23000,2067,6,750,252,2714,8710,0,0
4709,13025,23000,30,7,5,34,18878,23000,2067,6,750,252,2714,8710,0,0
4710,13025,23000,780,7,5,34,18878,23000,2320,6,750,252,2714,8710,0,0
4711,13025,23000,780,7,5,34,18878,23000,2320,6,750,252,2714,8710,0,0
4712,13025,23000,780,7,5,34,18878,23000,2320,6,750,252,2714,8710,0,0
4713,13025,23000,780,7,5,34,18878,23000,2320,6,750,252,2714,8710,0,0
4714,13025,23000,780,7,5,34,18878,23000,2320,6,750,252,2714,8710,0,0
4715,13025,23000,780,7,5,34,18878,23000,2320,6,750,252,2714,8710,0,0
4716,13025,23000,780,7,4,30,18878,23000,2320,6,750,252,2714,8710,0,0
4717,13025,23000,780,7,4,30,18878,23000,2320,6,750,252,2714,8710,0,0
4718,13025,23000,780,7,4,30,18878,23000,2320,6,750,252,2714,8710,0,0
4719,13025,23000,780,7,4,30,18878,23000,2320,6,750,252,2714,8710,0,0
4720,13025,23000,780,7,4,30,18878,23000,2320,6,750,252,2714,8710,0,0
4721,13025,23000,780,7,4,30,18878,23000,2320,6,750,252,2714,8710,0,0
4722,13025,23000,600,7,5,30,18878,23000,2320,6,750,252,2714,8710,12,0
4723,13025,23000,600,7,5,30,18878,23000,2320,6,750,252,2714,8710,0,0
4724,13025,23000,600,7,5,30,18878,23000,2320,6,750,252,2714,8710,0,0
4725,13025,23000,600,7,5,30,18878,23000,2320,6,750,252,2714,8710,0,0
4726,13025,23000,600,7,5,30,18878,23000,2320,6,750,252,2714,8710,0,0
4727,13025,23000,600,7,5,30,18878,23000,2320,6,750,252,2714,8710,0,0
4728,13025,23000,600,7,5,30,18878,23000,2320,6,750,252,2714,8710,0,0
4729,13025,23000,600,7,5,30,18878,23000,2320,6,750,252,2714,8710,0,0
4730,13025,23000,600,7,5,30,18878,23000,2320,6,750,252,2714,8710,0,0
4731,13025,23000,600,7,5,30,18878,23000,2320,6,750,252,2714,8710,0,0
4732,13025,23000,600,7,6,30,18878,23000,2320,6,750,252,2714,8710,0,0
4733,13025,23000,600,7,6,30,18878,23000,2320,6,750,252,2714,8710,0,0
4734,13025,23000,600,7,6,27,18878,23000,2320,6,750,252,2714,8710,0,0
4735,13025,23000,600,7,6,27,18878,23000,2320,6,750,252,2714,8710,0,0
4736,13025,23000,300,7,6,27,18878,23000,2320,6,750,252,2714,8710,11,0
4737,13025,23000,300,7,6,27,18878,23000,2320,6,750,252,2714,8710,0,0
4738,13025,23000,300,7,6,27,18878,23000,2320,6,750,252,2714,8710,0,0
4739,13025,23000,300,7,6,27,18878,23000,2320,6,750,252,2714,8710,0,0
4740,13025,23000,1050,7,6,27,18878,23000,2572,6,750,252,2714,8710,0,0
4741,13025,23000,1050,7,6,27,18878,23000,2572,6,750,252,2714,8710,0,0
4742,13025,23000,1050,7,7,27,18878,23000,2572,6,750,252,2714,8710,0,0
4743,13025,23000,1050,7,7,26,18878,23000,2572,6,750,252,2714,8710,0,0
4744,13025,23000,1050,7,7,26,18878,23000,2572,6,750,252,2714,8710,0,0
4745,13025,23000,1050,7,7,26,18878,23000,2572,6,750,252,2714,8710,0,0
4746,13025,23000,1050,7,7,26,18878,23000,2572,6,750,252,2714,8710,0,0
4747,13025,23000,1050,7,7,26,18878,23000,2572,6,750,252,2714,8710,0,0
4748,13025,23000,1050,7,7,26,18878,23000,2572,6,750,252,2714,8710,0,0
4749,13025,23000,1050,7,7,26,18878,23000,2572,6,750,252,2714,8710,0,0
4750,13025,23000,1050,7,7,24,18878,23000,2572,6,750,252,2714,8710,0,0
4751,13025,23000,1050,7,7,24,18878,23000,2572,6,750,252,2714,8710,0,0
4752,13025,23000,1050,7,8,24,18878,23000,2572,6,750,252,2714,8710,0,0
4753,13025,23000,1050,7,8,24,18878,23000,2572,6,750,252,2714,8710,0,0
4754,13025,23000,1050,7,8,24,18878,23000,2572,6,750,252,2714,8710,0,0
4755,13025,23000,1050,7,8,24,18878,23000,2572,6,750,252,2714,8710,0,0
4756,13025,23000,1050,7,8,24,18878,23000,2572,6,750,252,2714,8710,0,0
4757,13025,23000,1050,7,8,24,18878,23000,2572,6,750,252,2714,8710,0,0
4758,13025,23000,1050,7,8,24,18878,23000,2572,6,750,252,2714,8710,0,0
4759,13025,23000,1050,7,8,24,18878,23000,2572,6,750,252,2714,8710,0,0
4760,13025,23000,1050,7,8,24,18878,23000,2572,6,750,252,2714,8710,0,0
4761,13025,23000,1050,7,8,24,18878,23000,2572,6,750,252,2714,8710,0,0
4762,13025,23000,1050,7,9,21,18878,23000,2572,6,750,252,2714,8710,0,0
4763,13025,23000,1050,7,8,21,18878,23000,2572,6,750,252,2714,8710,0,0
4764,13025,23000,1050,7,8,21,18878,23000,2572,6,750,252,2714,8710,0,0
4765,13025,23000,1050,7,8,21,18878,23000,2572,6,750,252,2714,8710,0,0
4766,13025,23000,1050,7,8,21,18878,23000,1597,6,750,252,2714,8710,0,13
4767,13025,23000,1050,7,8,21,18878,23000,1597,6,750,252,2714,8710,0,0
4768,13025,23000,1050,7,8,21,18878,23000,1597,6,750,252,2714,8710,0,0
4769,13025,23000,1050,7,8,21,18878,23000,1597,6,750,252,2714,8710,0,0
4770,13025,23000,1800,7,8,21,18878,23000,1850,6,750,252,2714,8710,0,0
4771,13025,23000,1800,7,8,21,18878,23000,1850,6,750,252,2714,8710,0,0
4772,13025,23000,1800,7,8,21,18878,23000,1850,6,750,252,2714,8710,0,0
4773,13025,23000,1800,7,8,21,18878,23000,1850,6,750,252,2714,8710,0,0
4774,13025,23000,1800,7,8,21,18878,23000,1850,6,750,252,2714,8710,0,0
4775,13025,23000,1800,7,8,20,18878,23000,1850,6,750,252,2714,8710,0,0
4776,13025,23000,1800,7,8,20,18878,23000,1850,6,750,252,2714,8710,0,0
4777,13025,23000,1800,7,8,20,18878,23000,1850,6,750,252,2714,8710,0,0
4778,13025,23000,1800,7,8,20,18878,23000,1850,6,750,252,2714,8710,0,0
4779,13025,23000,1800,7,8,20,18878,23000,1850,6,750,252,2714,8710,0,0
4780,13025,23000,1800,7,8,20,18878,23000,1850,6,750,252,2714,8710,0,0
4781,13025,23000,1800,7,8,20,18878,23000,1850,6,750,252,2714,8710,0,0
4782,13025,23000,1800,7,8,20,18878,23000,1850,6,750,252,2714,8710,0,0
4783,13025,23000,1800,7,8,20,18878,23000,1850,6,750,252,2714,8710,0,0
4784,11525,23000,1800,7,2,0,17378,23000,1850,6,750,252,2714,8710,0,0
4785,11525,23000,1800,7,2,0,17378,23000,1850,6,750,252,2714,8710,0,0
4786,11525,23000,1800,7,2,0,17378,23000,1850,6,750,252,2714,8710,0,0
4787,11525,23000,1800,7,2,0,17378,23000,1850,6,750,252,2714,8710,0,0
4788,11525,23000,1800,7,2,0,17378,23000,1850,6,750,252,2714,8710,0,0
4789,11525,23000,1800,7,2,0,17378,23000,1850,6,750,252,2714,8710,0,0
4790,11525,23000,1800,7,2,0,17378,23000,1850,6,750,252,2714,8710,0,0
4791,11525,23000,1800,7,2,0,17378,23000,1850,6,750,252,2714,8710,0,0
4792,11525,23000,1800,7,2,0,17378,23000,1850,6,750,252,2714,8710,0,0
4793,11525,23000,1800,7,2,0,17378,23000,1850,6,750,252,2714,8710,0,0
4794,11525,23000,1800,7,2,0,17378,23000,1850,6,750,252,2714,8710,0,0
4795,11525,23000,1800,7,2,0,17378,23000,1850,6,750,252,2714,8710,0,0
4796,11525,23000,1800,7,2,0,17378,23000,1850,6,750,252,2714,8710,0,0
4797,11525,23000,1800,7,2,0,17378,23000,1850,6,750,252,2714,8710,0,0
4798,11525,23000,1800,7,2,0,17378,23000,1850,6,750,252,2714,8710,0,0
4799,11525,23000,1800,7,2,0,17378,23000,1850,6,750,252,2714,8710,0,0
4800,11525,23000,2550,7,2,0,17378,23000,2102,6,750,252,2714,8710,0,0
4801,11525,23000,2550,7,2,0,17378,23000,2102,6,750,252,2714,8710,0,0
4802,11525,23000,2550,7,2,0,17378,23000,2102,6,750,252,2714,8710,0,0
4803,11525,23000,2550,7,2,0,17378,23000,2102,6,750,252,2714,8710,0,0
4804,11525,23000,2550,7,2,0,17378,23000,2102,6,750,252,2714,8710,0,0
4805,11525,23000,2550,7,2,0,17378,23000,2102,6,750,252,2714,8710,0,0
4806,11525,23000,2550,7,2,0,17378,23000,2102,6,750,252,2714,8710,0,0
4807,11525,23000,2550,7,2,0,17378,23000,2102,6,750,252,2714,8710,0,0
4808,11525,23000,2550,7,2,0,17378,23000,2102,6,750,252,2714,8710,0,0
4809,11525,23000,2550,7,2,0,17378,23000,2102,6,750,252,2714,8710,0,0
4810,11525,23000,2550,7,2,0,17378,23000,2102,6,750,252,2714,8710,0,0
4811,11525,23000,2550,7,2,0,17378,23000,2102,6,750,252,2714,8710,0,0
4812,11525,23000,2550,7,2,0,17378,23000,2102,6,750,252,2714,8710,0,0
4813,11525,23000,2550,7,2,0,17378,23000,2102,6,750,252,2714,8710,0,0
4814,11525,23000,2550,7,2,0,17378,23000,3602,6,750,252,2714,8710,0,0
4815,11525,23000,2550,7,2,0,17378,23000,3602,6,750,252,2714,8710,0,0
4816,11525,23000,2550,7,2,0,17378,23000,3602,6,750,252,2714,8710,0,0
4817,11525,23000,2550,7,2,0,17378,23000,3602,6,750,252,2714,8710,0,0
4818,11525,23000,2550,7,2,0,17378,23000,3602,6,750,252,2714,8710,0,0
4819,11525,23000,2550,7,2,0,17378,23000,3602,6,750,252,2714,8710,0,0
4820,11525,23000,2550,7,2,0,17378,23000,3602,6,750,252,2714,8710,0,0
4821,11525,23000,2550,7,2,0,17378,23000,3602,6,750,252,2714,8710,0,0
4822,11525,23000,2550,7,2,0,17378,23000,3602,6,750,252,2714,8710,0,0
4823,11525,23000,2550,7,2,0,17378,23000,3602,6,750,252,2714,8710,0,0
4824,11525,23000,2550,7,2,0,17378,23000,3602,6,750,252,2714,8710,0,0
4825,11525,23000,2550,7,2,0,17378,23000,3602,6,750,252,2714,8710,0,0
4826,11525,23000,2550,7,2,0,17378,23000,3602,6,750,252,2714,8710,0,0
4827,11525,23000,2550,7,2,0,17378,23000,3602,6,750,252,2714,8710,0,0
4828,11525,23000,2550,7,2,0,17378,23000,3602,6,750,252,2714,8710,0,0
4829,11525,23000,2550,7,2,0,17378,23000,3602,6,750,252,2714,8710,0,0
4830,11525,23000,3300,7,2,0,17378,23000,3855,6,750,252,2714,8710,0,0
4831,11525,23000,3300,7,2,0,17378,23000,3855,6,750,252,2714,8710,0,0
4832,11525,23000,3300,7,2,0,17378,23000,3855,6,750,252,2714,8710,0,0
4833,11525,23000,3300,7,2,0,17378,23000,3855,6,750,252,2714,8710,0,0
4834,11525,23000,3300,7,2,0,17378,23000,3855,6,750,252,2714,8710,0,0
4835,11525,23000,3300,7,2,0,17378,23000,3855,6,750,252,2714,8710,0,0
4836,11525,23000,3300,7,2,0,17378,23000,3855,6,750,252,2714,8710,0,0
4837,11525,23000,3300,7,2,0,17378,23000,3855,6,750,252,2714,8710,0,0
4838,11525,23000,3300,7,2,0,17378,23000,3855,6,750,252,2714,8710,0,0
4839,11525,23000,3300,7,2,0,17378,23000,3855,6,750,252,2714,8710,0,0
4840,11525,23000,3300,7,2,0,17378,23000,3855,6,750,252,2714,8710,0,0
4841,11525,23000,3300,7,2,0,17378,23000,3855,6,750,252,2714,8710,0,0
4842,11525,23000,3300,7,2,0,17378,23000,3855,6,750,252,2714,8710,0,0
4843,11525,23000,3300,7,2,0,17378,23000,3855,6,750,252,2714,8710,0,0
4844,11525,23000,3300,7,2,0,17378,23000,3855,6,750,252,2714,8710,0,0
4845,11525,23000,3300,7,2,0,17378,23000,3855,6,750,252,2714,8710,0,0
4846,11525,23000,3300,7,2,0,17378,23000,3855,6,750,252,2714,8710,0,0
4847,11525,23000,3300,7,2,0,17378,23000,3855,6,750,252,2714,8710,0,0
4848,11525,23000,3300,7,2,0,17378,23000,3855,6,750,252,2714,8710,0,0
4849,11525,23000,3300,7,2,0,17378,23000,3855,6,750,252,2714,8710,0,0
4850,11525,23000,3300,7,2,0,17378,23000,3855,6,750,252,2714,8710,0,0
4851,11525,23000,3300,7,2,0,17378,23000,3855,6,750,252,2714,8710,0,0
4852,11525,23000,3300,7,2,0,17378,23000,3855,6,750,252,2714,8710,0,0
4853,11525,23000,3300,7,2,0,17378,23000,3855,6,750,252,2714,8710,0,0
4854,11525,23000,3300,7,2,0,17378,23000,3855,6,750,252,2714,8710,0,0
4855,11525,23000,3300,7,2,0,17378,23000,3855,6,750,252,2714,8710,0,0
4856,11525,23000,3300,7,2,0,17378,23000,3855,6,750,252,2714,8710,0,0
4857,11525,23000,3300,7,2,0,17378,23000,3855,6,750,252,2714,8710,0,0
4858,11525,23000,3300,7,2,0,17378,23000,3855,6,750,252,2714,8710,0,0
4859,11525,23000,3300,7,2,0,17378,23000,3855,6,750,252,2714,8710,0,0
4860,11525,23000,4050,7,2,0,17378,23000,4107,6,750,252,2714,8710,0,0
4861,11525,23000,4050,7,2,0,17378,23000,4107,6,750,252,2714,8710,0,0
4862,11525,23000,4050,7,2,0,17378,23000,4107,6,750,252,2714,8710,0,0
4863,11525,23000,4050,7,2,0,17378,23000,4107,6,750,252,2714,8710,0,0
4864,11525,23000,4050,7,2,0,17378,23000,4107,6,750,252,2714,8710,0,0
4865,11525,23000,4050,7,2,0,17378,23000,4107,6,750,252,2714,8710,0,0
4866,11525,23000,4050,7,2,0,17378,23000,4107,6,750,252,2714,8710,0,0
4867,11525,23000,4050,7,2,0,17378,23000,4107,6,750,252,2714,8710,0,0
4868,11525,23000,4050,7,2,0,17378,23000,4107,6,750,252,2714,8710,0,0
4869,11525,23000,4050,7,2,0,17378,23000,4107,6,750,252,2714,8710,0,0
4870,11525,23000,4050,7,2,0,17378,23000,4107,6,750,252,2714,8710,0,0
4871,11525,23000,4050,7,2,0,17378,23000,4107,6,750,252,2714,8710,0,0
4872,11525,23000,4050,7,2,0,17378,23000,4107,6,750,252,2714,8710,0,0
4873,11525,23000,4050,7,2,0,17378,23000,4107,6,750,252,2714,8710,0,0
4874,11525,23000,4050,7,2,0,17378,23000,4107,6,750,252,2714,8710,0,0
4875,11525,23000,4050,7,2,0,17378,23000,4107,6,750,252,2714,8710,0,0
4876,11525,23000,4050,7,2,0,17378,23000,4107,6,750,252,2714,8710,0,0
4877,11525,23000,4050,7,2,0,17378,23000,4107,6,750,252,2714,8710,0,0
4878,11525,23000,4050,7,2,0,17378,23000,4107,6,750,252,2714,8710,0,0
4879,11525,23000,4050,7,2,0,17378,23000,4107,6,750,252,2714,8710,0,0
4880,11525,23000,4050,7,2,0,17378,23000,4107,6,750,252,2714,8710,0,0
4881,11525,23000,4050,7,2,0,17378,23000,4107,6,750,252,2714,8710,0,0
4882,11525,23000,4050,7,2,0,17378,23000,4107,6,750,252,2714,8710,0,0
4883,11525,23000,4050,7,2,0,17378,23000,4107,6,750,252,2714,8710,0,0
4884,11525,23000,4050,7,2,0,17378,23000,4107,6,750,252,2714,8710,0,0
4885,11525,23000,4050,7,2,0,17378,23000,4107,6,750,252,2714,8710,0,0
4886,11525,23000,4050,7,2,0,17378,23000,4107,6,750,252,2714,8710,0,0
4887,11525,23000,4050,7,2,0,17378,23000,4107,6,750,252,2714,8710,0,0
4888,11525,23000,4050,7,2,0,17378,23000,4107,6,750,252,2714,8710,0,0
4889,11525,23000,4050,7,2,0,17378,23000,4107,6,750,252,2714,8710,0,0
4890,11525,23000,4800,7,2,0,17378,23000,4360,6,750,252,2714,8710,0,0
4891,11525,23000,4800,7,2,0,17378,23000,4360,6,750,252,2714,8710,0,0
4892,11525,23000,4800,7,2,0,17378,23000,4360,6,750,252,2714,8710,0,0
4893,11525,23000,4800,7,2,0,17378,23000,4360,6,750,252,2714,8710,0,0
4894,11525,23000,4800,7,2,0,17378,23000,4360,6,750,252,2714,8710,0,0
4895,11525,23000,4800,7,2,0,17378,23000,4360,6,750,252,2714,8710,0,0
4896,11525,23000,4800,7,2,0,17378,23000,4360,6,750,252,2714,8710,0,0
4897,11525,23000,4800,7,2,0,17378,23000,4360,6,750,252,2714,8710,0,0
4898,11525,23000,4800,7,2,0,17378,23000,4360,6,750,252,2714,8710,0,0
4899,11525,23000,4800,7,2,0,17378,23000,4360,6,750,252,2714,8710,0,0
4900,11525,23000,4800,7,2,0,17378,23000,4360,6,750,252,2714,8710,0,0
4901,11525,23000,4800,7,2,0,17378,23000,4060,6,750,252,2714,8710,0,11
4902,11525,23000,4800,7,2,0,17378,23000,4060,6,750,252,2714,8710,0,0
4903,11525,23000,4800,7,2,0,17378,23000,4060,6,750,252,2714,8710,0,0
4904,11525,23000,4800,7,2,0,17378,23000,4060,6,750,252,2714,8710,0,0
4905,11525,23000,4800,7,2,0,17378,23000,4060,6,750,252,2714,8710,0,0
4906,11525,23000,4800,7,2,0,17378,23000,4060,6,750,252,2714,8710,0,0
4907,11525,23000,4800,7,2,0,17378,23000,4060,6,750,252,2714,8710,0,0
4908,11525,23000,4800,7,2,0,17378,23000,4060,6,750,252,2714,8710,0,0
4909,11525,23000,4800,7,2,0,17378,23000,4060,6,750,252,2714,8710,0,0
4910,11525,23000,4800,7,2,0,17378,23000,4060,6,750,252,2714,8710,0,0
4911,11525,23000,4800,7,2,1,17378,23000,4057,6,750,252,2714,8713,0,1
4912,11525,23000,4800,7,2,1,17378,23000,4057,6,750,252,2714,8713,0,0
4913,11525,23000,4800,7,2,1,17378,23000,4057,6,750,252,2714,8713,0,0
4914,11525,23000,4800,7,2,1,17378,23000,4057,6,750,252,2714,8713,0,0
4915,11525,23000,4800,7,2,1,17378,23000,4057,6,750,252,2714,8713,0,0
4916,11525,23000,4800,7,2,2,17378,23000,4039,6,750,252,2714,8731,0,4
4917,11525,23000,4800,7,2,2,17378,23000,4039,6,750,252,2714,8731,0,0
4918,11525,23000,4800,7,2,2,17378,23000,4039,6,750,252,2714,8731,0,0
4919,11525,23000,4800,7,2,2,17378,23000,4039,6,750,252,2714,8731,0,0
4920,11525,23000,5550,7,2,2,17378,23000,4291,6,750,252,2714,8731,0,0
4921,11525,23000,5550,7,2,3,17378,23000,4273,6,750,252,2714,8749,0,4
4922,11525,23000,5550,7,2,3,17378,23000,4273,6,750,252,2714,8749,0,0
4923,11525,23000,5550,7,2,3,17378,23000,4273,6,750,252,2714,8749,0,0
4924,11525,23000,5550,7,2,3,17378,23000,4273,6,750,252,2714,8749,0,0
4925,11525,23000,5550,7,2,3,17378,23000,4273,6,750,252,2714,8749,0,0
4926,11525,23000,5550,7,2,4,17378,23000,4270,6,750,252,2714,8752,0,1
4927,11525,23000,5550,7,2,4,17378,23000,4270,6,750,252,2714,8752,0,0
4928,11525,23000,5550,7,2,4,17378,23000,4270,6,750,252,2714,8752,0,0
4929,11525,23000,5550,7,2,4,17378,23000,4270,6,750,252,2714,8752,0,0
4930,11525,23000,5550,7,2,4,17378,23000,4270,6,750,252,2714,8752,0,0
4931,11525,23000,5550,7,2,5,17378,23000,4252,6,750,252,2714,8770,0,4
4932,11525,23000,5550,7,2,5,17378,23000,4252,6,750,252,2714,8770,0,0
4933,11525,23000,5550,7,2,5,17378,23000,4252,6,750,252,2714,8770,0,0
4934,11525,23000,5550,7,2,5,17378,23000,4252,6,750,252,2714,8770,0,0
4935,11525,23000,5550,7,2,5,17378,23000,4252,6,750,252,2714,8770,0,0
4936,11525,23000,5550,7,2,6,17378,23000,4234,6,750,252,2714,8788,0,4
4937,11525,23000,5550,7,2,6,17378,23000,4234,6,750,252,2714,8788,0,0
4938,11525,23000,5550,7,2,6,17378,23000,4234,6,750,252,2714,8788,0,0
4939,11525,23000,5550,7,2,6,17378,23000,4234,6,750,252,2714,8788,0,0
4940,11525,23000,5550,7,2,6,17378,23000,4234,6,750,252,2714,8788,0,0
4941,11525,23000,5550,7,2,7,17378,23000,4231,6,750,252,2714,8791,0,1
4942,11525,23000,5550,7,2,7,17378,23000,4231,6,750,252,2714,8791,0,0
4943,11525,23000,5550,7,2,7,17378,23000,4231,6,750,252,2714,8791,0,0
4944,11525,23000,5550,7,2,6,17378,23000,4231,6,750,252,2714,8791,0,0
4945,11525,23000,5550,7,2,6,17378,23000,4231,6,750,252,2714,8791,0,0
4946,11525,23000,5550,7,2,7,17378,23000,4213,6,750,252,2714,8809,0,4
4947,11525,23000,5550,7,2,7,17378,23000,4213,6,750,252,2714,8809,0,0
4948,11525,23000,5550,7,2,7,17378,23000,4213,6,750,252,2714,8809,0,0
4949,10025,23000,5550,7,0,0,15878,23000,4213,6,750,252,2714,8809,0,0
4950,10025,23000,6300,7,0,0,15878,23000,4466,6,750,252,2714,8809,0,0
4951,10025,23000,6300,7,0,0,30271,34000,4399,6,750,252,2714,8809,0,10
4952,10025,23000,6300,7,0,0,30271,34000,4399,6,750,252,2714,8809,0,0
4953,10025,23000,6300,7,0,0,30271,34000,4399,6,750,252,2714,8809,0,0
4954,10025,23000,6300,7,0,0,30271,34000,4399,6,750,252,2714,8809,0,0
4955,10025,23000,6300,7,0,0,30271,34000,4399,6,750,252,2714,8809,0,0
4956,10025,23000,6300,7,0,0,30271,34000,4399,6,750,252,2714,8809,0,0
4957,10025,23000,6300,7,0,0,30271,34000,4399,6,750,252,2714,8809,0,0
4958,10025,23000,6300,7,0,0,30271,34000,4399,6,750,252,2714,8809,0,0
4959,10025,23000,6300,7,0,0,30271,34000,4399,6,750,252,2714,8809,0,0
4960,10025,23000,6300,7,0,0,30271,34000,4399,6,750,252,2714,8809,0,0
4961,10025,23000,6300,7,0,0,30271,34000,4399,6,750,252,2714,8809,0,0
4962,10025,23000,6300,7,0,0,30271,34000,4399,6,750,252,2714,8809,0,0
4963,10025,23000,6300,7,0,0,30271,34000,4399,6,750,252,2714,8809,0,0
4964,10025,23000,6300,7,0,0,30271,34000,4399,6,750,252,2714,8809,0,0
4965,10025,23000,6300,7,0,0,30271,34000,4399,6,750,252,2714,8809,0,0
4966,10025,23000,6300,7,0,0,30271,34000,4399,6,750,252,2714,8809,0,0
4967,10025,23000,6300,7,0,0,30271,34000,4399,6,750,252,2714,8809,0,0
4968,10025,23000,6300,7,0,0,30271,34000,4399,6,750,252,2714,8809,0,0
4969,10025,23000,6300,7,0,0,30271,34000,4399,6,750,252,2714,8809,0,0
4970,10025,23000,6300,7,0,0,30271,34000,4399,6,750,252,2714,8809,0,0
4971,10025,23000,6300,7,0,0,30271,34000,4399,6,750,252,2714,8809,0,0
4972,10025,23000,6300,7,0,0,30271,34000,4399,6,750,252,2714,8809,0,0
4973,10025,23000,6300,7,0,0,30271,34000,4399,6,750,252,2714,8809,0,0
4974,10025,23000,6300,7,0,0,30271,34000,4399,6,750,252,2714,8809,0,0
4975,10025,23000,6300,7,0,0,30271,34000,4399,6,750,252,2714,8809,0,0
4976,10025,23000,6300,7,0,0,30271,34000,4399,6,750,252,2714,8809,0,0
4977,10025,23000,6300,7,0,0,30271,34000,4399,6,750,252,2714,8809,0,0
4978,10025,23000,6300,7,0,0,30271,34000,4399,6,750,252,2714,8809,0,0
4979,10025,23000,6300,7,0,0,30271,34000,4399,6,750,252,2714,8809,0,0
4980,10025,23000,7050,7,0,0,30271,34000,4652,6,750,252,2714,8809,0,0
4981,10025,23000,7050,7,0,0,30271,34000,4652,6,750,252,2714,8809,0,0
4982,10025,23000,7050,7,0,0,30271,34000,4652,6,750,252,2714,8809,0,0
4983,10025,23000,7050,7,0,0,30271,34000,4652,6,750,252,2714,8809,0,0
4984,10025,23000,7050,7,0,0,30271,34000,4652,6,750,252,2714,8809,0,0
4985,10025,23000,7050,7,0,0,30271,34000,4652,6,750,252,2714,8809,0,0
4986,10025,23000,7050,7,0,0,30271,34000,4652,6,750,252,2714,8809,0,0
4987,10025,23000,7050,7,0,0,30271,34000,4652,6,750,252,2714,8809,0,0
4988,10025,23000,7050,7,0,0,30271,34000,4652,6,750,252,2714,8809,0,0
4989,10025,23000,7050,7,0,0,30271,34000,4652,6,750,252,2714,8809,0,0
4990,10025,23000,6075,7,0,0,30271,34000,4652,6,750,252,2714,8809,13,0
4991,10025,23000,6075,7,0,0,30271,34000,4652,6,750,252,2714,8809,0,0
4992,10025,23000,6075,7,0,0,30271,34000,4652,6,750,252,2714,8809,0,0
4993,10025,23000,6075,7,0,0,30271,34000,4652,6,750,252,2714,8809,0,0
4994,10025,23000,6075,7,0,0,30271,34000,4652,6,750,252,2714,8809,0,0
4995,10025,23000,6075,7,0,0,30271,34000,4652,6,750,252,2714,8809,0,0
4996,10025,23000,6075,7,0,0,30271,34000,4652,6,750,252,2714,8809,0,0
4997,10025,23000,6075,7,0,0,30271,34000,4652,6,750,252,2714,8809,0,0
4998,10025,23000,6075,7,0,0,30271,34000,4652,6,750,252,2714,8809,0,0
4999,10025,23000,6075,7,0,0,30271,34000,4652,6,750,252,2714,8809,0,0
5000,10025,23000,6075,7,0,0,30271,34000,4652,6,750,252,2714,8809,0,0
5001,10025,23000,6075,7,0,0,30271,34000,4652,6,750,252,2714,8809,0,0
5002,10025,23000,6075,7,0,0,30271,34000,4652,6,750,252,2714,8809,0,0
5003,10025,23000,6075,7,0,0,30271,34000,4652,6,750,252,2714,8809,0,0
5004,10025,23000,6075,7,0,0,30271,34000,4652,6,750,252,2714,8809,0,0
5005,10025,23000,6075,7,0,0,30271,34000,4652,6,750,252,2714,8809,0,0
5006,10025,23000,6075,7,0,0,30271,34000,4652,6,750,252,2714,8809,0,0
5007,10025,23000,6075,7,0,0,30271,34000,4652,6,750,252,2714,8809,0,0
5008,10025,23000,6075,7,0,0,30271,34000,4652,6,750,252,2714,8809,0,0
5009,10025,23000,6075,7,0,0,30271,34000,4652,6,750,252,2714,8809,0,0
5010,10025,23000,6825,7,0,0,30271,34000,4904,6,750,252,2714,8809,0,0
5011,10025,23000,6825,7,0,0,30271,34000,4904,6,750,252,2714,8809,0,0
5012,10025,23000,6825,7,0,0,30271,34000,4904,6,750,252,2714,8809,0,0
5013,10025,23000,6825,7,0,0,30271,34000,4904,6,750,252,2714,8809,0,0
5014,10025,23000,6825,7,0,0,30271,34000,4904,6,750,252,2714,8809,0,0
5015,10025,23000,6825,7,0,0,30271,34000,4904,6,750,252,2714,8809,0,0
5016,10025,23000,6825,7,0,0,30271,34000,4904,6,750,252,2714,8809,0,0
5017,10025,23000,6825,7,0,0,30271,34000,4904,6,750,252,2714,8809,0,0
5018,10025,23000,6825,7,0,0,30271,34000,4904,6,750,252,2714,8809,0,0
5019,10025,23000,6825,7,0,0,30271,34000,4904,6,750,252,2714,8809,0,0
5020,10025,23000,6825,7,0,0,30271,34000,4904,6,750,252,2714,8809,0,0
5021,10025,23000,6825,7,0,0,30271,34000,4904,6,750,252,2714,8809,0,0
5022,10025,23000,6825,7,0,0,30271,34000,4904,6,750,252,2714,8809,0,0
5023,10025,23000,6825,7,0,0,30271,34000,4904,6,750,252,2714,8809,0,0
5024,10025,23000,6825,7,0,0,30271,34000,4904,6,750,252,2714,8809,0,0
5025,10025,23000,6825,7,0,0,30271,34000,4904,6,750,252,2714,8809,0,0
5026,10025,23000,6825,7,0,0,30271,34000,4904,6,750,252,2714,8809,0,0
5027,10025,23000,6825,7,0,0,30271,34000,4904,6,750,252,2714,8809,0,0
5028,10025,23000,6825,7,0,0,30271,34000,4904,6,750,252,2714,8809,0,0
5029,10025,23000,6825,7,0,0,30271,34000,4904,6,750,252,2714,8809,0,0
5030,10025,23000,6825,7,0,0,30271,34000,4904,6,750,252,2714,8809,0,0
5031,10025,23000,6825,7,0,0,30271,34000,4904,6,750,252,2714,8809,0,0
5032,10025,23000,6825,7,0,0,30271,34000,4904,6,750,252,2714,8809,0,0
5033,10025,23000,6825,7,0,0,30271,34000,4904,6,750,252,2714,8809,0,0
5034,10025,23000,6825,7,0,0,30271,34000,4904,6,750,252,2714,8809,0,0
5035,10025,23000,6825,7,0,0,30271,34000,4904,6,750,252,2714,8809,0,0
5036,10025,23000,6825,7,0,0,30271,34000,4904,6,750,252,2714,8809,0,0
5037,10025,23000,5385,7,1,0,30271,34000,4904,6,750,252,2714,8809,12,0
5038,10025,23000,6885,7,1,0,30271,34000,4904,6,750,252,2714,8809,0,0
5039,10025,23000,6885,7,1,0,30271,34000,4904,6,750,252,2714,8809,0,0
5040,10025,23000,7635,7,1,0,30271,34000,5157,6,750,252,2714,8809,0,0
5041,10025,23000,7635,7,1,0,30271,34000,5157,6,750,252,2714,8809,0,0
5042,10025,23000,7635,7,1,0,30271,34000,5157,6,750,252,2714,8809,0,0
5043,10025,23000,7635,7,1,0,30271,34000,5157,6,750,252,2714,8809,0,0
5044,10025,23000,7635,7,1,0,30271,34000,5157,6,750,252,2714,8809,0,0
5045,10025,23000,7635,7,1,0,30271,34000,5157,6,750,252,2714,8809,0,0
5046,10025,23000,7635,7,1,1,30271,34000,5154,6,750,252,2714,8812,0,1
5047,10025,23000,7635,7,2,1,30271,34000,5154,6,750,252,2714,8812,0,0
5048,10025,23000,7635,7,2,1,30271,34000,5154,6,750,252,2714,8812,0,0
5049,10025,23000,7635,7,2,1,30271,34000,5154,6,750,252,2714,8812,0,0
5050,10025,23000,7635,7,2,1,30271,34000,5154,6,750,252,2714,8812,0,0
5051,10025,23000,7635,7,2,2,30271,34000,5151,6,750,252,2714,8815,0,1
5052,10025,23000,7635,7,2,2,30271,34000,5151,6,750,252,2714,8815,0,0
5053,10025,23000,7635,7,2,2,30271,34000,5151,6,750,252,2714,8815,0,0
5054,10025,23000,7635,7,2,2,30271,34000,5151,6,750,252,2714,8815,0,0
5055,10025,23000,7635,7,2,2,30271,34000,5151,6,750,252,2714,8815,0,0
5056,10025,23000,7635,7,2,3,30271,34000,5133,6,750,252,2714,8833,0,4
5057,10025,23000,7635,7,3,3,30271,34000,5133,6,750,252,2714,8833,0,0
5058,10025,23000,7635,7,3,3,30271,34000,5133,6,750,252,2714,8833,0,0
5059,10025,23000,7635,7,3,3,30271,34000,5133,6,750,252,2714,8833,0,0
5060,10025,23000,7635,7,3,3,30271,34000,5133,6,750,252,2714,8833,0,0
5061,10025,23000,7635,7,3,4,30271,34000,5130,6,750,252,2714,8836,0,1
5062,10025,23000,7635,7,3,4,30271,34000,5130,6,750,252,2714,8836,0,0
5063,10025,23000,7635,7,3,4,30271,34000,5130,6,750,252,2714,8836,0,0
5064,10025,23000,7635,7,3,4,30271,34000,5130,6,750,252,2714,8836,0,0
5065,10025,23000,7635,7,3,4,30271,34000,5130,6,750,252,2714,8836,0,0
5066,10025,23000,7635,7,3,5,30271,34000,5127,6,750,252,2714,8839,0,1
5067,10025,23000,7635,7,4,5,30271,34000,5127,6,750,252,2714,8839,0,0
5068,10025,23000,7635,7,4,5,30271,34000,5127,6,750,252,2714,8839,0,0
5069,10025,23000,7635,7,4,5,30271,34000,5127,6,750,252,2714,8839,0,0
5070,10025,23000,8385,7,4,5,30271,34000,5379,6,750,252,2714,8839,0,0
5071,10025,23000,8385,7,4,6,30271,34000,5361,6,750,252,2714,8857,0,4
5072,10025,23000,8385,7,4,6,30271,34000,5361,6,750,252,2714,8857,0,0
5073,10025,23000,8385,7,4,6,30271,34000,5361,6,750,252,2714,8857,0,0
5074,10025,23000,8385,7,4,6,30271,34000,5361,6,750,252,2714,8857,0,0
5075,10025,23000,8385,7,4,6,30271,34000,5361,6,750,252,2714,8857,0,0
5076,10025,23000,8385,7,4,7,30271,34000,5358,6,750,252,2714,8860,0,1
5077,10025,23000,8385,7,5,7,30271,34000,5358,6,750,252,2714,8860,0,0
5078,10025,23000,8385,7,5,7,30271,34000,5358,6,750,252,2714,8860,0,0
5079,10025,23000,8385,7,5,7,30271,34000,5358,6,750,252,2714,8860,0,0
5080,10025,23000,8385,7,5,7,30271,34000,5358,6,750,252,2714,8860,0,0
5081,10025,23000,8385,7,5,8,30271,34000,5355,6,750,252,2714,8863,0,1
5082,10025,23000,8385,7,5,8,30271,34000,5355,6,750,252,2714,8863,0,0
5083,10025,23000,8385,7,5,8,30271,34000,5355,6,750,252,2714,8863,0,0
5084,10025,23000,8385,7,5,8,30271,34000,5355,6,750,252,2714,8863,0,0
5085,10025,23000,8385,7,5,8,30271,34000,5355,6,750,252,2714,8863,0,0
5086,10025,23000,8385,7,5,9,30271,34000,5352,6,750,252,2714,8866,0,1
5087,10025,23000,8385,7,5,9,30271,34000,5352,6,750,252,2714,8866,0,0
5088,10025,23000,8385,7,5,9,30271,34000,5352,6,750,252,2714,8866,0,0
5089,10025,23000,8385,7,5,9,30271,34000,5352,6,750,252,2714,8866,0,0
5090,10025,23000,8385,7,5,9,30271,34000,5352,6,750,252,2714,8866,0,0
5091,10025,23000,8385,7,5,10,30271,34000,5334,6,750,252,2714,8884,0,4
5092,10025,23000,8385,7,5,10,30271,34000,5334,6,750,252,2714,8884,0,0
5093,10025,23000,8385,7,5,10,30271,34000,5334,6,750,252,2714,8884,0,0
5094,10025,23000,8385,7,5,10,30271,34000,5334,6,750,252,2714,8884,0,0
5095,10025,23000,8385,7,5,10,30271,34000,5334,6,750,252,2714,8884,0,0
5096,10025,23000,8385,7,5,11,30271,34000,5331,6,750,252,2714,8887,0,1
5097,10025,23000,8385,7,5,11,30271,34000,5331,6,750,252,2714,8887,0,0
5098,10025,23000,8385,7,5,11,30271,34000,5331,6,750,252,2714,8887,0,0
5099,10025,23000,8385,7,5,11,30271,34000,5331,6,750,252,2714,8887,0,0
5100,10025,23000,9135,7,5,11,30271,34000,5584,6,750,252,2714,8887,0,0
5101,10025,23000,9135,7,5,12,30271,34000,5581,6,750,252,2714,8890,0,1
5102,10025,23000,9135,7,5,12,30271,34000,5581,6,750,252,2714,8890,0,0
5103,10025,23000,9135,7,5,12,30271,34000,5581,6,750,252,2714,8890,0,0
5104,10025,23000,9135,7,5,12,30271,34000,5581,6,750,252,2714,8890,0,0
5105,10025,23000,9135,7,5,12,30271,34000,5581,6,750,252,2714,8890,0,0
5106,10025,23000,9135,7,5,13,30271,34000,5578,6,750,252,2714,8893,0,1
5107,10025,23000,9135,7,5,13,30271,34000,5578,6,750,252,2714,8893,0,0
5108,10025,23000,9135,7,5,13,30271,34000,5578,6,750,252,2714,8893,0,0
5109,10025,23000,9135,7,5,13,30271,34000,5578,6,750,252,2714,8893,0,0
5110,10025,23000,9135,7,5,13,30271,34000,5578,6,750,252,2714,8893,0,0
5111,10025,23000,9135,7,5,14,30271,34000,5560,6,750,252,2714,8911,0,4
5112,10025,23000,9135,7,5,14,30271,34000,5560,6,750,252,2714,8911,0,0
5113,10025,23000,9135,7,5,14,30271,34000,5560,6,750,252,2714,8911,0,0
5114,10025,23000,9135,7,5,14,30271,34000,5560,6,750,252,2714,8911,0,0
5115,10025,23000,9135,7,5,14,30271,34000,5560,6,750,252,2714,8911,0,0
5116,10025,23000,9135,7,5,14,45000,45000,5391,6,750,252,2714,8911,0,10
5117,10025,23000,9135,7,5,14,45000,45000,5391,6,750,252,2714,8911,0,0
5118,10025,23000,9135,7,5,14,45000,45000,5391,6,750,252,2714,8911,0,0
5119,10025,23000,9135,7,5,14,45000,45000,5391,6,750,252,2714,8911,0,0
5120,10025,23000,9135,7,5,14,45000,45000,5391,6,750,252,2714,8911,0,0
5121,10025,23000,9135,7,5,15,45000,45000,5388,6,750,252,2714,8914,0,1
5122,10025,23000,9135,7,5,15,45000,45000,5388,6,750,252,2714,8914,0,0
5123,10025,23000,9135,7,5,15,45000,45000,5388,6,750,252,2714,8914,0,0
5124,10025,23000,9135,7,5,15,45000,45000,5388,6,750,252,2714,8914,0,0
5125,10025,23000,9135,7,5,15,45000,45000,5388,6,750,252,2714,8914,0,0
5126,10025,23000,9135,7,5,15,45000,45000,5385,6,750,252,2714,8917,0,1
5127,10025,23000,9135,7,5,15,45000,45000,5385,6,750,252,2714,8917,0,0
5128,10025,23000,9135,7,5,15,45000,45000,5385,6,750,252,2714,8917,0,0
5129,10025,23000,9135,7,5,15,45000,45000,5385,6,750,252,2714,8917,0,0
5130,10025,23000,9885,7,5,15,45000,45000,5637,6,750,252,2714,8917,0,0
5131,10025,23000,9885,7,5,16,45000,45000,5634,6,750,252,2714,8920,0,1
5132,10025,23000,9885,7,5,16,45000,45000,5634,6,750,252,2714,8920,0,0
5133,10025,23000,9885,7,5,16,45000,45000,5634,6,750,252,2714,8920,0,0
5134,10025,23000,9885,7,5,16,45000,45000,5634,6,750,252,2714,8920,0,0
5135,10025,23000,9885,7,5,16,45000,45000,5634,6,750,252,2714,8920,0,0
5136,10025,23000,9885,7,5,17,45000,45000,5616,6,750,252,2714,8938,0,4
5137,10025,23000,9885,7,5,17,45000,45000,5616,6,750,252,2714,8938,0,0
5138,10025,23000,9885,7,5,17,45000,45000,5616,6,750,252,2714,8938,0,0
5139,10025,23000,9885,7,5,17,45000,45000,5616,6,750,252,2714,8938,0,0
5140,10025,23000,9885,7,5,17,45000,45000,5616,6,750,252,2714,8938,0,0
5141,10025,23000,9885,7,5,18,45000,45000,5613,6,750,252,2714,8941,0,1
5142,10025,23000,9885,7,5,18,45000,45000,5613,6,750,252,2714,8941,0,0
5143,10025,23000,9885,7,5,18,45000,45000,5613,6,750,252,2714,8941,0,0
5144,10025,23000,9885,7,5,17,45000,45000,5613,6,750,252,2714,8941,0,0
5145,10025,23000,9885,7,5,17,45000,45000,5613,6,750,252,2714,8941,0,0
5146,10025,23000,9885,7,5,17,56000,56000,5120,6,750,252,2714,8941,0,10
5147,10025,23000,9885,7,5,17,56000,56000,5120,6,750,252,2714,8941,0,0
5148,10025,23000,9885,7,5,17,56000,56000,5120,6,750,252,2714,8941,0,0
5149,10025,23000,9885,7,5,17,56000,56000,5120,6,750,252,2714,8941,0,0
5150,10025,23000,9885,7,5,17,56000,56000,5120,6,750,252,2714,8941,0,0
5151,10025,23000,9885,7,5,18,56000,56000,3680,6,750,252,2714,8941,0,12
5152,10025,23000,9885,7,5,19,56000,56000,3677,6,750,252,2714,8944,0,1
5153,10025,23000,9885,7,5,19,56000,56000,3677,6,750,252,2714,8944,0,0
5154,10025,23000,9885,7,5,19,56000,56000,3677,6,750,252,2714,8944,0,0
5155,10025,23000,9885,7,5,19,56000,56000,3677,6,750,252,2714,8944,0,0
5156,10025,23000,9885,7,5,20,56000,56000,3659,6,750,252,2714,8962,0,4
5157,10025,23000,9885,7,5,20,56000,56000,3659,6,750,252,2714,8962,0,0
5158,10025,23000,9885,7,5,20,56000,56000,3659,6,750,252,2714,8962,0,0
5159,10025,23000,9885,7,5,19,56000,56000,3659,6,750,252,2714,8962,0,0
5160,10025,23000,10635,7,5,19,56000,56000,3911,6,750,252,2714,8962,0,0
5161,10025,23000,10635,7,5,21,56000,56000,3908,6,750,252,2714,8965,0,1
5162,10025,23000,10335,7,5,21,56000,56000,3908,6,750,252,2714,8965,11,0
5163,10025,23000,10335,7,5,21,56000,56000,3908,6,750,252,2714,8965,0,0
5164,10025,23000,10335,7,5,21,56000,56000,3908,6,750,252,2714,8965,0,0
5165,10025,23000,10335,7,5,21,56000,56000,3908,6,750,252,2714,8965,0,0
5166,10025,23000,10335,7,5,22,56000,56000,3905,6,750,252,2714,8968,0,1
5167,10025,23000,10335,7,5,22,56000,56000,3905,6,750,252,2714,8968,0,0
5168,10025,23000,10335,7,5,22,56000,56000,3905,6,750,252,2714,8968,0,0
5169,10025,23000,10335,7,5,22,56000,56000,3905,6,750,252,2714,8968,0,0
5170,10025,23000,10335,7,5,20,56000,56000,3905,6,750,252,2714,8968,0,0
5171,10025,23000,10335,7,5,22,56000,56000,3902,6,750,252,2714,8971,0,1
5172,10025,23000,10335,7,5,20,56000,56000,3902,6,750,252,2714,8971,0,0
5173,10025,23000,10335,7,5,20,56000,56000,3902,6,750,252,2714,8971,0,0
5174,10025,23000,10335,7,5,20,56000,56000,3902,6,750,252,2714,8971,0,0
5175,10025,23000,10335,7,5,20,56000,56000,3902,6,750,252,2714,8971,0,0
5176,10025,23000,10335,7,5,21,56000,56000,3884,6,750,252,2714,8989,0,4
5177,10025,23000,10335,7,5,21,56000,56000,3884,6,750,252,2714,8989,0,0
5178,10025,23000,10335,7,5,21,56000,56000,3884,6,750,252,2714,8989,0,0
5179,10025,23000,10335,7,5,21,56000,56000,3884,6,750,252,2714,8989,0,0
5180,10025,23000,10335,7,5,21,56000,56000,3884,6,750,252,2714,8989,0,0
5181,10025,23000,10335,7,5,22,56000,56000,3881,6,750,252,2714,8992,0,1
5182,10025,23000,10335,7,5,22,56000,56000,3881,6,750,252,2714,8992,0,0
5183,10025,23000,10335,7,5,22,56000,56000,3881,6,750,252,2714,8992,0,0
5184,10025,23000,10335,7,5,22,56000,56000,3881,6,750,252,2714,8992,0,0
5185,10025,23000,10335,7,5,22,56000,56000,3881,6,750,252,2714,8992,0,0
5186,10025,23000,10335,7,5,23,56000,56000,3878,6,750,252,2714,8995,0,1
5187,10025,23000,10335,7,5,23,56000,56000,3878,6,750,252,2714,8995,0,0
5188,10025,23000,10335,7,5,23,56000,56000,3878,6,750,252,2714,8995,0,0
5189,10025,23000,10335,7,5,23,56000,56000,3878,6,750,252,2714,8995,0,0
5190,10025,23000,11085,7,5,21,56000,56000,4131,6,750,252,2714,8995,0,0
5191,10025,23000,11085,7,5,23,56000,56000,4128,6,750,252,2714,8998,0,1
5192,10025,23000,11085,7,5,23,56000,56000,4128,6,750,252,2714,8998,0,0
5193,10025,23000,11085,7,5,23,56000,56000,4128,6,750,252,2714,8998,0,0
5194,10025,23000,11085,7,5,23,56000,56000,4128,6,750,252,2714,8998,0,0
5195,10025,23000,11085,7,5,23,56000,56000,4128,6,750,252,2714,8998,0,0
5196,10025,23000,11085,7,5,24,56000,56000,4110,6,750,252,2714,9016,0,4
5197,10025,23000,11085,7,5,24,56000,56000,4110,6,750,252,2714,9016,0,0
5198,10025,23000,11085,7,5,24,56000,56000,4110,6,750,252,2714,9016,0,0
5199,10025,23000,11085,7,5,24,56000,56000,4110,6,750,252,2714,9016,0,0
5200,10025,23000,11085,7,5,24,56000,56000,4110,6,750,252,2714,9016,0,0
5201,10025,23000,11085,7,5,25,56000,56000,4107,6,750,252,2714,9019,0,1
5202,10025,23000,11085,7,5,25,56000,56000,4107,6,750,252,2714,9019,0,0
5203,10025,23000,11085,7,5,25,56000,56000,4107,6,750,252,2714,9019,0,0
5204,10025,23000,11085,7,5,25,56000,56000,4107,6,750,252,2714,9019,0,0
5205,10025,23000,11085,7,5,22,56000,56000,4107,6,750,252,2714,9019,0,0
5206,10025,23000,11085,7,5,23,56000,56000,4104,6,750,252,2714,9022,0,1
5207,10025,23000,11085,7,5,23,56000,56000,4104,6,750,252,2714,9022,0,0
5208,10025,23000,11085,7,5,23,56000,56000,4104,6,750,252,2714,9022,0,0
5209,10025,23000,11085,7,5,23,56000,56000,4104,6,750,252,2714,9022,0,0
5210,8525,23000,11085,7,5,8,54500,56000,4104,6,750,252,2714,9022,0,0
5211,8525,23000,11085,7,5,9,54500,56000,4101,6,750,252,2714,9025,0,1
5212,8525,23000,11085,7,5,9,54500,56000,4101,6,750,252,2714,9025,0,0
5213,8525,23000,11085,7,5,9,54500,56000,4101,6,750,252,2714,9025,0,0
5214,8525,23000,11085,7,5,9,54500,56000,4101,6,750,252,2714,9025,0,0
5215,8525,23000,11085,7,5,9,54500,56000,4101,6,750,252,2714,9025,0,0
5216,8525,23000,11085,7,5,7,54500,56000,4083,6,750,252,2714,9043,0,4
5217,8525,23000,11085,7,5,7,54500,56000,4083,6,750,252,2714,9043,0,0
5218,8525,23000,11085,7,5,7,54500,56000,4083,6,750,252,2714,9043,0,0
5219,8525,23000,11085,7,5,7,54500,56000,4083,6,750,252,2714,9043,0,0
5220,8525,23000,11835,7,5,7,54500,56000,4335,6,750,252,2714,9043,0,0
5221,8525,23000,11817,7,6,7,54500,56000,3360,6,750,252,2732,9043,4,13
5222,8525,23000,11817,7,6,8,54500,56000,3357,6,750,252,2732,9046,0,1
5223,8525,23000,11817,7,6,8,54500,56000,3357,6,750,252,2732,9046,0,0
5224,8525,23000,11817,7,6,8,54500,56000,3357,6,750,252,2732,9046,0,0
5225,8525,23000,11817,7,6,8,54500,56000,3357,6,750,252,2732,9046,0,0
5226,8525,23000,11817,7,6,8,67000,67000,1561,6,750,252,2732,9046,0,10
5227,8525,23000,11817,7,6,8,67000,67000,1561,6,750,252,2732,9046,0,0
5228,8525,23000,11799,7,7,8,67000,67000,1561,6,750,252,2750,9046,4,0
5229,8525,23000,11799,7,7,8,67000,67000,1561,6,750,252,2750,9046,0,0
5230,8525,23000,11799,7,7,8,67000,67000,1561,6,750,252,2750,9046,0,0
5231,8525,23000,11799,7,7,9,67000,67000,1543,6,750,252,2750,9064,0,4
5232,8525,23000,11799,7,7,9,67000,67000,1543,6,750,252,2750,9064,0,0
5233,8525,23000,11799,7,7,9,67000,67000,1543,6,750,252,2750,9064,0,0
5234,8525,23000,11799,7,7,8,67000,67000,1543,6,750,252,2750,9064,0,0
5235,8525,23000,11781,7,8,8,67000,67000,1543,6,750,252,2768,9064,4,0
5236,8525,23000,11781,7,8,9,67000,67000,1525,6,750,252,2768,9082,0,4
5237,8525,23000,11781,7,8,9,67000,67000,1525,6,750,252,2768,9082,0,0
5238,8525,23000,11781,7,8,9,67000,67000,1525,6,750,252,2768,9082,0,0
5239,8525,23000,11781,7,8,9,67000,67000,1525,6,750,252,2768,9082,0,0
5240,8525,23000,11763,7,9,9,67000,67000,1525,6,750,252,2786,9082,4,0
5241,8525,23000,11763,7,9,10,67000,67000,1522,6,750,252,2786,9085,0,1
5242,8525,23000,11763,7,9,10,67000,67000,1522,6,750,252,2786,9085,0,0
5243,8525,23000,11763,7,4,9,67000,67000,1522,6,750,252,2786,9085,0,0
5244,8525,23000,11763,7,4,9,67000,67000,1522,6,750,252,2786,9085,0,0
5245,8525,23000,11763,7,4,9,67000,67000,1522,6,750,252,2786,9085,0,0
5246,8525,23000,11745,7,5,10,67000,67000,1513,6,750,252,2804,9094,4,3
5247,8525,23000,11745,7,5,10,67000,67000,1513,6,750,252,2804,9094,0,0
5248,8525,23000,11745,7,5,10,67000,67000,1513,6,750,252,2804,9094,0,0
5249,8525,23000,11745,7,5,10,67000,67000,1513,6,750,252,2804,9094,0,0
5250,8525,23000,12495,7,5,10,67000,67000,1765,6,750,252,2804,9094,0,0
5251,8525,23000,12495,7,5,11,67000,67000,1762,6,750,252,2804,9097,0,1
5252,8525,23000,12477,7,6,11,67000,67000,1762,6,750,252,2822,9097,4,0
5253,8525,23000,12477,7,6,11,67000,67000,1762,6,750,252,2822,9097,0,0
5254,8525,23000,12477,7,6,11,67000,67000,1762,6,750,252,2822,9097,0,0
5255,8525,23000,12477,7,6,11,67000,67000,1762,6,750,252,2822,9097,0,0
5256,8525,23000,12477,7,6,12,67000,67000,1753,6,750,252,2822,9106,0,3
5257,8525,23000,12477,7,6,12,67000,67000,1753,6,750,252,2822,9106,0,0
5258,8525,23000,12459,7,7,12,67000,67000,1753,6,750,252,2840,9106,4,0
5259,8525,23000,12459,7,7,12,67000,67000,1753,6,750,252,2840,9106,0,0
5260,8525,23000,12459,7,7,12,67000,67000,1753,6,750,252,2840,9106,0,0
5261,8525,23000,12459,7,7,13,67000,67000,1744,6,750,252,2840,9115,0,3
5262,8525,23000,12459,7,7,13,67000,67000,1744,6,750,252,2840,9115,0,0
5263,8525,23000,12459,7,7,13,67000,67000,1744,6,750,252,2840,9115,0,0
5264,8525,23000,12459,7,7,13,67000,67000,1744,6,750,252,2840,9115,0,0
5265,8525,23000,12459,7,7,13,67000,67000,1744,6,750,252,2840,9115,0,0
5266,8525,23000,12441,7,8,14,67000,67000,1735,6,750,252,2858,9124,4,3
5267,8525,23000,12441,7,8,14,67000,67000,1735,6,750,252,2858,9124,0,0
5268,8525,23000,12441,7,8,14,67000,67000,1735,6,750,252,2858,9124,0,0
5269,8525,23000,12441,7,8,14,67000,67000,3235,6,750,252,2858,9124,0,0
5270,8525,23000,12441,7,8,14,67000,67000,3235,6,750,252,2858,9124,0,0
5271,8525,23000,12441,7,8,15,67000,67000,3232,6,750,252,2858,9127,0,1
5272,8525,23000,12441,7,8,15,67000,67000,3232,6,750,252,2858,9127,0,0
5273,8525,23000,12423,7,9,15,67000,67000,3232,6,750,252,2876,9127,4,0
5274,8525,23000,12423,7,9,15,67000,67000,3232,6,750,252,2876,9127,0,0
5275,8525,23000,12423,7,9,15,67000,67000,3232,6,750,252,2876,9127,0,0
5276,8525,23000,12423,7,9,16,67000,67000,3223,6,750,252,2876,9136,0,3
5277,8525,23000,12423,7,9,16,67000,67000,3223,6,750,252,2876,9136,0,0
5278,8525,23000,12405,7,10,16,67000,67000,3223,6,750,252,2894,9136,4,0
5279,8525,23000,12405,7,10,16,67000,67000,3223,6,750,252,2894,9136,0,0
5280,8525,23000,13155,7,10,16,67000,67000,3476,6,750,252,2894,9136,0,0
5281,8525,23000,13155,7,10,17,67000,67000,3467,6,750,252,2894,9145,0,3
5282,8525,23000,13155,7,10,17,67000,67000,3467,6,750,252,2894,9145,0,0
5283,8525,23000,13155,7,10,17,67000,67000,3467,6,750,252,2894,9145,0,0
5284,8525,23000,13137,7,11,17,67000,67000,3467,6,750,252,2912,9145,4,0
5285,8525,23000,13137,7,11,17,67000,67000,3467,6,750,252,2912,9145,0,0
5286,8525,23000,13137,7,11,18,67000,67000,3464,6,750,252,2912,9148,0,1
5287,8525,23000,13137,7,11,18,67000,67000,3464,6,750,252,2912,9148,0,0
5288,8525,23000,13137,7,11,18,67000,67000,3464,6,750,252,2912,9148,0,0
5289,8525,23000,13137,7,11,18,67000,67000,3464,6,750,252,2912,9148,0,0
5290,8525,23000,13119,7,12,18,67000,67000,3464,6,750,252,2930,9148,4,0
5291,8525,23000,13119,7,12,19,67000,67000,3455,6,750,252,2930,9157,0,3
5292,8525,23000,13119,7,12,19,67000,67000,3455,6,750,252,2930,9157,0,0
5293,8525,23000,13119,7,12,19,67000,67000,3455,6,750,252,2930,9157,0,0
5294,8525,23000,13119,7,12,19,67000,67000,3455,6,750,252,2930,9157,0,0
5295,8525,23000,13101,7,13,19,67000,67000,3455,6,750,252,2948,9157,4,0
5296,8525,23000,13101,7,12,20,67000,67000,3446,6,750,252,2948,9166,0,3
5297,8525,23000,13101,7,12,20,67000,67000,3446,6,750,252,2948,9166,0,0
5298,8525,23000,13101,7,12,20,67000,67000,3446,6,750,252,2948,9166,0,0
5299,8525,23000,13101,7,12,20,67000,67000,3446,6,750,252,2948,9166,0,0
5300,8525,23000,13083,7,13,20,67000,67000,3446,6,750,252,2966,9166,4,0
5301,8525,23000,13083,7,13,21,67000,67000,3443,6,750,252,2966,9169,0,1
5302,8525,23000,13083,7,13,21,67000,67000,3443,6,750,252,2966,9169,0,0
5303,8525,23000,13083,7,13,21,67000,67000,3443,6,750,252,2966,9169,0,0
5304,8525,23000,13065,7,14,21,67000,67000,3443,6,750,252,2984,9169,4,0
5305,8525,23000,13065,7,14,21,67000,67000,3443,6,750,252,2984,9169,0,0
5306,8525,23000,13065,7,14,22,67000,67000,3434,6,750,252,2984,9178,0,3
5307,8525,23000,13065,7,14,22,67000,67000,3434,6,750,252,2984,9178,0,0
5308,8525,23000,13065,7,14,22,67000,67000,3434,6,750,252,2984,9178,0,0
5309,8525,23000,13065,7,13,22,67000,67000,3434,6,750,252,2984,9178,0,0
5310,8525,23000,13797,7,14,22,67000,67000,3686,6,750,252,3002,9178,4,0
5311,8525,23000,13797,7,14,23,67000,67000,3677,6,750,252,3002,9187,0,3
5312,8525,23000,13797,7,14,23,67000,67000,3677,6,750,252,3002,9187,0,0
5313,8525,23000,13797,7,14,23,67000,67000,3677,6,750,252,3002,9187,0,0
5314,8525,23000,13779,7,15,23,67000,67000,3677,6,750,252,3020,9187,4,0
5315,8525,23000,13779,7,15,23,67000,67000,3677,6,750,252,3020,9187,0,0
5316,8525,23000,13779,7,15,24,67000,67000,3674,6,750,252,3020,9190,0,1
5317,8525,23000,13779,7,15,24,67000,67000,3674,6,750,252,3020,9190,0,0
5318,8525,23000,13779,7,15,24,67000,67000,3674,6,750,252,3020,9190,0,0
5319,8525,23000,13761,7,16,24,67000,67000,3674,6,750,252,3038,9190,4,0
5320,8525,23000,13761,7,16,24,67000,67000,3674,6,750,252,3038,9190,0,0
5321,8525,23000,13761,7,16,25,67000,67000,3665,6,750,252,3038,9199,0,3
5322,8525,23000,13761,7,15,25,67000,67000,3665,6,750,252,3038,9199,0,0
5323,8525,23000,13761,7,15,25,67000,67000,3665,6,750,252,3038,9199,0,0
5324,8525,23000,13743,7,16,25,67000,67000,3665,6,750,252,3056,9199,4,0
5325,8525,23000,13743,7,16,25,67000,67000,3665,6,750,252,3056,9199,0,0
5326,8525,23000,13743,7,16,26,67000,67000,3656,6,750,252,3056,9208,0,3
5327,8525,23000,13743,7,16,26,67000,67000,3656,6,750,252,3056,9208,0,0
5328,8525,23000,13743,7,16,26,67000,67000,3656,6,750,252,3056,9208,0,0
5329,8525,23000,13743,7,16,26,67000,67000,3656,6,750,252,3056,9208,0,0
5330,8525,23000,13725,7,17,26,67000,67000,3656,6,750,252,3074,9208,4,0
5331,8525,23000,13725,7,17,27,67000,67000,3653,6,750,252,3074,9211,0,1
5332,8525,23000,13725,7,17,27,67000,67000,3653,6,750,252,3074,9211,0,0
5333,8525,23000,13725,7,17,27,67000,67000,3653,6,750,252,3074,9211,0,0
5334,8525,23000,13725,7,17,27,67000,67000,3653,6,750,252,3074,9211,0,0
5335,8525,23000,13707,7,18,27,67000,67000,3653,6,750,252,3092,9211,4,0
5336,8525,23000,13707,7,18,28,67000,67000,3644,6,750,252,3092,9220,0,3
5337,8525,23000,13707,7,18,28,67000,67000,3644,6,750,252,3092,9220,0,0
5338,8525,23000,13707,7,18,28,67000,67000,3644,6,750,252,3092,9220,0,0
5339,8525,23000,13689,7,19,28,67000,67000,3644,6,750,252,3110,9220,4,0
5340,8525,23000,14439,7,19,28,67000,67000,3897,6,750,252,3110,9220,0,0
5341,8525,23000,14439,7,19,29,67000,67000,3888,6,750,252,3110,9229,0,3
5342,8525,23000,14439,7,17,29,67000,67000,3888,6,750,252,3110,9229,0,0
5343,8525,23000,14439,7,17,29,67000,67000,3888,6,750,252,3110,9229,0,0
5344,8525,23000,14421,7,18,28,67000,67000,3888,6,750,252,3128,9229,4,0
5345,8525,23000,14421,7,18,28,67000,67000,3888,6,750,252,3128,9229,0,0
5346,8525,23000,14421,7,18,29,67000,67000,3885,6,750,252,3128,9232,0,1
5347,8525,23000,14421,7,18,29,67000,67000,3885,6,750,252,3128,9232,0,0
5348,8525,23000,14421,7,18,29,67000,67000,3885,6,750,252,3128,9232,0,0
5349,8525,23000,14403,7,19,29,67000,67000,3885,6,750,252,3146,9232,4,0
5350,8525,23000,14403,7,19,29,67000,67000,3885,6,750,252,3146,9232,0,0
5351,8525,23000,14403,7,19,30,67000,67000,3876,6,750,252,3146,9241,0,3
5352,8525,23000,14403,7,19,30,67000,67000,3876,6,750,252,3146,9241,0,0
5353,8525,23000,14385,7,20,30,67000,67000,3876,6,750,252,3164,9241,4,0
5354,8525,23000,14385,7,20,30,67000,67000,3876,6,750,252,3164,9241,0,0
5355,8525,23000,14385,7,16,30,67000,67000,3876,6,750,252,3164,9241,0,0
5356,8525,23000,14385,7,16,31,67000,67000,3867,6,750,252,3164,9250,0,3
5357,8525,23000,14385,7,16,31,67000,67000,3867,6,750,252,3164,9250,0,0
5358,8525,23000,14367,7,17,31,67000,67000,3867,6,750,252,3182,9250,4,0
5359,8525,23000,14367,7,17,31,67000,67000,3867,6,750,252,3182,9250,0,0
5360,8525,23000,14367,7,17,31,67000,67000,3867,6,750,252,3182,9250,0,0
5361,8525,23000,14367,7,17,31,67000,67000,3864,6,750,252,3182,9253,0,1
5362,8525,23000,14349,7,18,31,67000,67000,3864,6,750,252,3200,9253,4,0
5363,8525,23000,14349,7,18,31,67000,67000,3864,6,750,252,3200,9253,0,0
5364,8525,23000,14349,7,18,31,67000,67000,3864,6,750,252,3200,9253,0,0
5365,8525,23000,14349,7,18,31,67000,67000,3864,6,750,252,3200,9253,0,0
5366,8525,23000,14349,7,18,32,67000,67000,3855,6,750,252,3200,9262,0,3
5367,8525,23000,14349,7,18,32,67000,67000,3855,6,750,252,3200,9262,0,0
5368,8525,23000,14349,7,16,32,67000,67000,3855,6,750,252,3200,9262,0,0
5369,8525,23000,14349,7,16,32,67000,67000,3855,6,750,252,3200,9262,0,0
5370,8525,23000,15099,7,16,29,67000,67000,4107,6,750,252,3200,9262,0,0
5371,8525,23000,15099,7,16,30,67000,67000,4098,6,750,252,3200,9271,0,3
5372,8525,23000,15099,7,16,30,67000,67000,4098,6,750,252,3200,9271,0,0
5373,8525,23000,15099,7,16,30,67000,67000,4098,6,750,252,3200,9271,0,0
5374,8525,23000,15099,7,16,30,67000,67000,4098,6,750,252,3200,9271,0,0
5375,8525,23000,15099,7,16,30,67000,67000,4098,6,750,252,3200,9271,0,0
5376,8525,23000,15099,7,16,31,67000,67000,4095,6,750,252,3200,9274,0,1
5377,8525,23000,13659,7,17,31,67000,67000,4095,6,750,252,3200,9274,12,0
5378,8525,23000,13659,7,17,31,67000,67000,4095,6,750,252,3200,9274,0,0
5379,8525,23000,13659,7,17,30,67000,67000,4095,6,750,252,3200,9274,0,0
5380,8525,23000,13659,7,17,30,67000,67000,4095,6,750,252,3200,9274,0,0
5381,8525,23000,13659,7,17,31,67000,67000,4092,6,750,252,3200,9277,0,1
5382,8525,23000,13659,7,17,31,67000,67000,4092,6,750,252,3200,9277,0,0
5383,8525,23000,13659,7,17,31,67000,67000,4092,6,750,252,3200,9277,0,0
5384,8525,23000,13659,7,17,31,67000,67000,4092,6,750,252,3200,9277,0,0
5385,8525,23000,13659,7,17,31,67000,67000,4092,6,750,252,3200,9277,0,0
5386,8525,23000,13659,7,17,32,67000,67000,4089,6,750,252,3200,9280,0,1
5387,8525,23000,13659,7,18,32,67000,67000,4089,6,750,252,3200,9280,0,0
5388,8525,23000,13659,7,13,32,67000,67000,4089,6,750,252,3200,9280,0,0
5389,8525,23000,13659,7,13,32,67000,67000,4089,6,750,252,3200,9280,0,0
5390,8525,23000,13659,7,13,32,67000,67000,4089,6,750,252,3200,9280,0,0
5391,8525,23000,13659,7,13,33,67000,67000,4071,6,750,252,3200,9298,0,4
5392,8525,23000,13659,7,13,33,67000,67000,4071,6,750,252,3200,9298,0,0
5393,8525,23000,13659,7,13,33,67000,67000,4071,6,750,252,3200,9298,0,0
5394,8525,23000,13659,7,13,32,67000,67000,4071,6,750,252,3200,9298,0,0
5395,8525,23000,13659,7,13,32,67000,67000,4071,6,750,252,3200,9298,0,0
5396,8525,23000,13659,7,13,33,67000,67000,4068,6,750,252,3200,9301,0,1
5397,8525,23000,13659,7,14,33,67000,67000,4068,6,750,252,3200,9301,0,0
5398,8525,23000,13659,7,14,33,67000,67000,4068,6,750,252,3200,9301,0,0
5399,8525,23000,13659,7,14,33,67000,67000,4068,6,750,252,3200,9301,0,0
5400,8525,23000,14391,7,15,33,67000,67000,4321,6,750,252,3218,9301,4,0
5401,8525,23000,14391,7,14,34,67000,67000,4318,6,750,252,3218,9304,0,1
5402,8525,23000,14391,7,14,33,67000,67000,4318,6,750,252,3218,9304,0,0
5403,8525,23000,14391,7,14,33,67000,67000,4318,6,750,252,3218,9304,0,0
5404,8525,23000,14373,7,15,33,67000,67000,4318,6,750,252,3236,9304,4,0
5405,8525,23000,14373,7,15,33,67000,67000,4318,6,750,252,3236,9304,0,0
5406,8525,23000,14373,7,15,34,67000,67000,4315,6,750,252,3236,9307,0,1
5407,8525,23000,14373,7,16,34,67000,67000,4315,6,750,252,3236,9307,0,0
5408,8525,23000,14373,7,16,34,67000,67000,4315,6,750,252,3236,9307,0,0
5409,8525,23000,14373,7,16,34,67000,67000,4315,6,750,252,3236,9307,0,0
5410,8525,23000,14355,7,17,34,67000,67000,4315,6,750,252,3254,9307,4,0
5411,8525,23000,14355,7,17,35,67000,67000,4297,6,750,252,3254,9325,0,4
5412,8525,23000,14355,7,17,35,67000,67000,4297,6,750,252,3254,9325,0,0
5413,8525,23000,14355,7,17,35,67000,67000,4297,6,750,252,3254,9325,0,0
5414,8525,23000,14337,7,16,35,67000,67000,4297,6,750,252,3272,9325,4,0
5415,8525,23000,14337,7,16,35,67000,67000,4297,6,750,252,3272,9325,0,0
5416,8525,23000,14337,7,16,36,67000,67000,4294,6,750,252,3272,9328,0,1
5417,8525,23000,14337,7,17,36,67000,67000,4294,6,750,252,3272,9328,0,0
5418,8525,23000,14337,7,17,36,67000,67000,4294,6,750,252,3272,9328,0,0
5419,8525,23000,14337,7,17,36,67000,67000,4294,6,750,252,3272,9328,0,0
5420,8525,23000,14319,7,18,36,67000,67000,4294,6,750,252,3290,9328,4,0
5421,8525,23000,14319,7,18,37,67000,67000,4291,6,750,252,3290,9331,0,1
5422,8525,23000,14319,7,18,37,67000,67000,4291,6,750,252,3290,9331,0,0
5423,8525,23000,14319,7,18,36,67000,67000,4291,6,750,252,3290,9331,0,0
5424,8525,23000,14319,7,18,36,67000,67000,4291,6,750,252,3290,9331,0,0
5425,8525,23000,14319,7,18,36,67000,67000,4291,6,750,252,3290,9331,0,0
5426,8525,23000,14319,7,18,37,67000,67000,4288,6,750,252,3290,9334,0,1
5427,8525,23000,14301,7,19,37,67000,67000,4288,6,750,252,3308,9334,4,0
5428,8525,23000,14301,7,19,37,67000,67000,4288,6,750,252,3308,9334,0,0
5429,8525,23000,14301,7,19,37,67000,67000,4288,6,750,252,3308,9334,0,0
5430,8525,23000,15051,7,19,37,67000,67000,4540,6,750,252,3308,9334,0,0
5431,8525,23000,15051,7,19,38,67000,67000,4522,6,750,252,3308,9352,0,4
5432,8525,23000,15033,7,20,38,67000,67000,4522,6,750,252,3326,9352,4,0
5433,8525,23000,15033,7,20,38,67000,67000,4522,6,750,252,3326,9352,0,0
5434,8525,23000,15033,7,20,38,67000,67000,4522,6,750,252,3326,9352,0,0
5435,8525,23000,15033,7,20,38,67000,67000,4522,6,750,252,3326,9352,0,0
5436,8525,23000,15033,7,20,39,67000,67000,4519,6,750,252,3326,9355,0,1
5437,8525,23000,15033,7,20,39,67000,67000,4519,6,750,252,3326,9355,0,0
5438,8525,23000,15015,7,21,38,67000,67000,4519,6,750,252,3344,9355,4,0
5439,8525,23000,15015,7,21,38,67000,67000,4519,6,750,252,3344,9355,0,0
5440,8525,23000,15015,7,21,38,67000,67000,4519,6,750,252,3344,9355,0,0
5441,8525,23000,15015,7,21,39,67000,67000,4516,6,750,252,3344,9358,0,1
5442,8525,23000,15015,7,21,39,67000,67000,4516,6,750,252,3344,9358,0,0
5443,8525,23000,15015,7,21,39,67000,67000,4516,6,750,252,3344,9358,0,0
5444,8525,23000,14997,7,22,39,67000,67000,4516,6,750,252,3362,9358,4,0
5445,8525,23000,14997,7,22,39,67000,67000,4516,6,750,252,3362,9358,0,0
5446,8525,23000,14997,7,22,40,67000,67000,4498,6,750,252,3362,9376,0,4
5447,8525,23000,14997,7,22,40,67000,67000,4498,6,750,252,3362,9376,0,0
5448,8525,23000,14997,7,22,40,67000,67000,4498,6,750,252,3362,9376,0,0
5449,8525,23000,14997,7,22,40,67000,67000,4498,6,750,252,3362,9376,0,0
5450,8525,23000,14979,7,23,40,67000,67000,4498,6,750,252,3380,9376,4,0
5451,8525,23000,14979,7,23,41,67000,67000,4495,6,750,252,3380,9379,0,1
5452,8525,23000,14979,7,23,40,67000,67000,4495,6,750,252,3380,9379,0,0
5453,8525,23000,14979,7,23,40,67000,67000,4495,6,750,252,3380,9379,0,0
5454,8525,23000,14979,7,23,37,67000,67000,4495,6,750,252,3380,9379,0,0
5455,8525,23000,14979,7,23,37,67000,67000,4495,6,750,252,3380,9379,0,0
5456,8525,23000,14979,7,23,38,67000,67000,4492,6,750,252,3380,9382,0,1
5457,8525,23000,14979,7,23,38,67000,67000,4492,6,750,252,3380,9382,0,0
5458,8525,23000,14961,7,24,38,67000,67000,4492,6,750,252,3398,9382,4,0
5459,8525,23000,14961,7,24,38,67000,67000,4492,6,750,252,3398,9382,0,0
5460,8525,23000,15711,7,24,38,67000,67000,4745,6,750,252,3398,9382,0,0
5461,8525,23000,15711,7,24,37,67000,67000,4742,6,750,252,3398,9385,0,1
5462,8525,23000,15711,7,24,37,67000,67000,4742,6,750,252,3398,9385,0,0
5463,8525,23000,15711,7,24,37,67000,67000,4742,6,750,252,3398,9385,0,0
5464,8525,23000,15711,7,24,37,67000,67000,4742,6,750,252,3398,9385,0,0
5465,8525,23000,15693,7,25,37,67000,67000,4742,6,750,252,3416,9385,4,0
5466,8525,23000,15693,7,25,38,67000,67000,4724,6,750,252,3416,9403,0,4
5467,8525,23000,15693,7,25,37,67000,67000,4724,6,750,252,3416,9403,0,0
5468,8525,23000,15693,7,25,37,67000,67000,4724,6,750,252,3416,9403,0,0
5469,8525,23000,15693,7,22,36,67000,67000,4724,6,750,252,3416,9403,0,0
5470,8525,23000,15693,7,22,36,67000,67000,4724,6,750,252,3416,9403,0,0
5471,8525,23000,15675,7,23,37,67000,67000,4721,6,750,252,3434,9406,4,1
5472,8525,23000,15675,7,23,37,67000,67000,4721,6,750,252,3434,9406,0,0
5473,8525,23000,15675,7,23,37,67000,67000,4721,6,750,252,3434,9406,0,0
5474,8525,23000,15675,7,23,37,67000,67000,4721,6,750,252,3434,9406,0,0
5475,8525,23000,15675,7,23,37,67000,67000,4721,6,750,252,3434,9406,0,0
5476,8525,23000,15657,7,24,37,67000,67000,4718,6,750,252,3452,9409,4,1
5477,8525,23000,15657,7,24,37,67000,67000,4718,6,750,252,3452,9409,0,0
5478,8525,23000,15657,7,24,37,67000,67000,4718,6,750,252,3452,9409,0,0
5479,8525,23000,15657,7,22,37,67000,67000,4718,6,750,252,3452,9409,0,0
5480,8525,23000,15657,7,22,36,67000,67000,4718,6,750,252,3452,9409,0,0
5481,8525,23000,15657,7,22,37,67000,67000,4715,6,750,252,3452,9412,0,1
5482,8525,23000,15657,7,22,37,67000,67000,4715,6,750,252,3452,9412,0,0
5483,8525,23000,15657,7,22,37,67000,67000,4715,6,750,252,3452,9412,0,0
5484,8525,23000,15657,7,22,36,67000,67000,4715,6,750,252,3452,9412,0,0
5485,8525,23000,15657,7,22,36,67000,67000,4715,6,750,252,3452,9412,0,0
5486,8525,23000,15657,7,21,37,67000,67000,4697,6,750,252,3452,9430,0,4
5487,8525,23000,15657,7,21,37,67000,67000,4697,6,750,252,3452,9430,0,0
5488,8525,23000,15657,7,21,37,67000,67000,4697,6,750,252,3452,9430,0,0
5489,8525,23000,15657,7,21,37,67000,67000,4697,6,750,252,3452,9430,0,0
5490,8525,23000,16407,7,21,34,67000,67000,4949,6,750,252,3452,9430,0,0
5491,8525,23000,16407,7,21,35,67000,67000,4946,6,750,252,3452,9433,0,1
5492,8525,23000,16407,7,21,35,67000,67000,4946,6,750,252,3452,9433,0,0
5493,8525,23000,15432,7,21,35,67000,67000,4946,6,750,252,3452,9433,13,0
5494,8525,23000,15432,7,21,35,67000,67000,4946,6,750,252,3452,9433,0,0
5495,8525,23000,15432,7,21,34,67000,67000,4946,6,750,252,3452,9433,0,0
5496,8525,23000,15432,7,20,35,67000,67000,4943,6,750,252,3452,9436,0,1
5497,8525,23000,15432,7,20,35,67000,67000,4943,6,750,252,3452,9436,0,0
5498,8525,23000,15432,7,20,35,67000,67000,4943,6,750,252,3452,9436,0,0
5499,8525,23000,15432,7,20,34,67000,67000,4943,6,750,252,3452,9436,0,0
5500,8525,23000,15432,7,20,33,67000,67000,4943,6,750,252,3452,9436,0,0
5501,8525,23000,15432,7,20,34,67000,67000,4940,6,750,252,3452,9439,0,1
5502,8525,23000,15432,7,20,34,67000,67000,4940,6,750,252,3452,9439,0,0
5503,8525,23000,15432,7,20,32,67000,67000,4940,6,750,252,3452,9439,0,0
5504,8525,23000,15432,7,20,32,67000,67000,4940,6,750,252,3452,9439,0,0
5505,8525,23000,15432,7,20,31,67000,67000,4940,6,750,252,3452,9439,0,0
5506,8525,23000,15432,7,20,32,67000,67000,4922,6,750,252,3452,9457,0,4
5507,8525,23000,15432,7,19,32,67000,67000,4922,6,750,252,3452,9457,0,0
5508,8525,23000,15432,7,19,32,67000,67000,4922,6,750,252,3452,9457,0,0
5509,8525,23000,15432,7,19,32,67000,67000,4922,6,750,252,3452,9457,0,0
5510,8525,23000,15432,7,19,30,67000,67000,4922,6,750,252,3452,9457,0,0
5511,8525,23000,15432,7,19,31,67000,67000,4919,6,750,252,3452,9460,0,1
5512,8525,23000,15432,7,19,30,67000,67000,4919,6,750,252,3452,9460,0,0
5513,8525,23000,15432,7,19,30,67000,67000,4919,6,750,252,3452,9460,0,0
5514,8525,23000,15432,7,19,30,67000,67000,4919,6,750,252,3452,9460,0,0
5515,8525,23000,15432,7,19,28,67000,67000,4919,6,750,252,3452,9460,0,0
5516,8525,23000,15432,7,19,29,67000,67000,4916,6,750,252,3452,9463,0,1
5517,8525,23000,15432,7,19,29,67000,67000,4916,6,750,252,3452,9463,0,0
5518,8525,23000,15432,7,19,29,67000,67000,4916,6,750,252,3452,9463,0,0
5519,8525,23000,15432,7,19,28,67000,67000,4916,6,750,252,3452,9463,0,0
5520,8525,23000,16182,7,19,27,67000,67000,5169,6,750,252,3452,9463,0,0
5521,8525,23000,16182,7,19,28,67000,67000,5151,6,750,252,3452,9481,0,4
5522,8525,23000,16182,7,19,27,67000,67000,5151,6,750,252,3452,9481,0,0
5523,8525,23000,16182,7,19,27,67000,67000,5151,6,750,252,3452,9481,0,0
5524,8525,23000,16182,7,18,26,67000,67000,5151,6,750,252,3452,9481,0,0
5525,8525,23000,16182,7,18,26,67000,67000,5151,6,750,252,3452,9481,0,0
5526,8525,23000,16182,7,17,25,67000,67000,5148,6,750,252,3452,9484,0,1
5527,8525,23000,16182,7,17,25,67000,67000,5148,6,750,252,3452,9484,0,0
5528,8525,23000,16182,7,17,25,67000,67000,5148,6,750,252,3452,9484,0,0
5529,8525,23000,16164,7,18,25,67000,67000,5148,6,750,252,3470,9484,4,0
5530,8525,23000,16164,7,18,25,67000,67000,5148,6,750,252,3470,9484,0,0
5531,8525,23000,16164,7,18,26,67000,67000,5145,6,750,252,3470,9487,0,1
5532,8525,23000,16164,7,18,26,67000,67000,5145,6,750,252,3470,9487,0,0
5533,8525,23000,16146,7,19,26,67000,67000,5145,6,750,252,3488,9487,4,0
5534,8525,23000,16146,7,19,26,67000,67000,5145,6,750,252,3488,9487,0,0
5535,8525,23000,16146,7,19,25,67000,67000,5145,6,750,252,3488,9487,0,0
5536,8525,23000,16146,7,19,25,67000,67000,5142,6,750,252,3488,9490,0,1
5537,8525,23000,16146,7,19,25,67000,67000,5142,6,750,252,3488,9490,0,0
5538,8525,23000,16146,7,19,25,67000,67000,5142,6,750,252,3488,9490,0,0
5539,8525,23000,16146,7,19,24,67000,67000,5142,6,750,252,3488,9490,0,0
5540,8525,23000,16128,7,20,24,67000,67000,5142,6,750,252,3506,9490,4,0
5541,8525,23000,17628,7,20,25,67000,67000,5124,6,750,252,3506,9508,0,4
5542,8525,23000,17628,7,20,24,67000,67000,5124,6,750,252,3506,9508,0,0
5543,8525,23000,17628,7,20,24,67000,67000,5124,6,750,252,3506,9508,0,0
5544,8525,23000,17628,7,20,23,67000,67000,5124,6,750,252,3506,9508,0,0
5545,8525,23000,17610,7,21,23,67000,67000,5124,6,750,252,3524,9508,4,0
5546,8525,23000,17610,7,21,22,67000,67000,5121,6,750,252,3524,9511,0,1
5547,8525,23000,17610,7,21,22,67000,67000,5121,6,750,252,3524,9511,0,0
5548,8525,23000,17610,7,21,22,67000,67000,5121,6,750,252,3524,9511,0,0
5549,8525,23000,17610,7,21,21,67000,67000,5121,6,750,252,3524,9511,0,0
5550,8525,23000,18360,7,21,21,67000,67000,5373,6,750,252,3524,9511,0,0
5551,8525,23000,18342,7,22,22,67000,67000,5355,6,750,252,3542,9529,4,4
5552,8525,23000,18342,7,22,22,67000,67000,5355,6,750,252,3542,9529,0,0
5553,8525,23000,18342,7,22,22,67000,67000,5355,6,750,252,3542,9529,0,0
5554,8525,23000,18342,7,22,21,67000,67000,5355,6,750,252,3542,9529,0,0
5555,8525,23000,18342,7,22,21,67000,67000,5355,6,750,252,3542,9529,0,0
5556,8525,23000,18324,7,23,21,67000,67000,5337,6,750,252,3560,9547,4,4
5557,8525,23000,18324,7,23,21,67000,67000,5337,6,750,252,3560,9547,0,0
5558,8525,23000,18324,7,23,20,67000,67000,5337,6,750,252,3560,9547,0,0
5559,8525,23000,18324,7,23,20,67000,67000,5337,6,750,252,3560,9547,0,0
5560,8525,23000,18324,7,23,18,67000,67000,5337,6,750,252,3560,9547,0,0
5561,8525,23000,18324,7,23,19,67000,67000,5334,6,750,252,3560,9550,0,1
5562,8525,23000,18324,7,23,19,67000,67000,5334,6,750,252,3560,9550,0,0
5563,8525,23000,18306,7,24,19,67000,67000,5334,6,750,252,3578,9550,4,0
5564,8525,23000,18306,7,24,19,67000,67000,5334,6,750,252,3578,9550,0,0
5565,8525,23000,18306,7,24,18,67000,67000,5334,6,750,252,3578,9550,0,0
5566,8525,23000,18306,7,24,19,67000,67000,5316,6,750,252,3578,9568,0,4
5567,8525,23000,18306,7,24,18,67000,67000,5316,6,750,252,3578,9568,0,0
5568,8525,23000,18288,7,25,18,67000,67000,5316,6,750,252,3596,9568,4,0
5569,8525,23000,18288,7,24,18,67000,67000,5316,6,750,252,3596,9568,0,0
5570,8525,23000,18288,7,24,18,67000,67000,5316,6,750,252,3596,9568,0,0
5571,8525,23000,18288,7,24,19,67000,67000,5298,6,750,252,3596,9586,0,4
5572,8525,23000,18288,7,24,17,67000,67000,5298,6,750,252,3596,9586,0,0
5573,8525,23000,18288,7,24,17,67000,67000,5298,6,750,252,3596,9586,0,0
5574,8525,23000,18270,7,25,17,67000,67000,5298,6,750,252,3614,9586,4,0
5575,8525,23000,18270,7,25,17,67000,67000,5298,6,750,252,3614,9586,0,0
5576,8525,23000,18270,7,25,17,67000,67000,5295,6,750,252,3614,9589,0,1
5577,8525,23000,18270,7,25,17,67000,67000,5295,6,750,252,3614,9589,0,0
5578,8525,23000,18270,7,25,17,67000,67000,5295,6,750,252,3614,9589,0,0
5579,8525,23000,18270,7,25,17,67000,67000,5295,6,750,252,3614,9589,0,0
5580,8525,23000,19020,7,25,17,67000,67000,5548,6,750,252,3614,9589,0,0
5581,8525,23000,19002,7,26,18,67000,67000,5530,6,750,252,3632,9607,4,4
5582,8525,23000,19002,7,26,18,67000,67000,5530,6,750,252,3632,9607,0,0
5583,8525,23000,19002,7,26,16,67000,67000,5530,6,750,252,3632,9607,0,0
5584,8525,23000,19002,7,26,16,67000,67000,5530,6,750,252,3632,9607,0,0
5585,8525,23000,18984,7,26,15,67000,67000,5530,6,750,252,3650,9607,4,0
5586,8525,23000,18984,7,26,16,67000,67000,5512,6,750,252,3650,9625,0,4
5587,8525,23000,18984,7,26,16,67000,67000,5512,6,750,252,3650,9625,0,0
5588,8525,23000,18984,7,26,16,67000,67000,5512,6,750,252,3650,9625,0,0
5589,8525,23000,18984,7,26,16,67000,67000,5512,6,750,252,3650,9625,0,0
5590,8525,23000,18984,7,26,15,67000,67000,5512,6,750,252,3650,9625,0,0
5591,8525,23000,18966,7,27,16,67000,67000,5509,6,750,252,3668,9628,4,1
5592,8525,23000,18966,7,27,15,67000,67000,5509,6,750,252,3668,9628,0,0
5593,8525,23000,18966,7,27,14,67000,67000,5509,6,750,252,3668,9628,0,0
5594,8525,23000,18966,7,27,14,67000,67000,5509,6,750,252,3668,9628,0,0
5595,8525,23000,18966,7,27,14,67000,67000,5509,6,750,252,3668,9628,0,0
5596,8525,23000,18948,7,27,15,67000,67000,5491,6,750,252,3686,9646,4,4
5597,8525,23000,18948,7,27,15,67000,67000,5491,6,750,252,3686,9646,0,0
5598,8525,23000,18948,7,27,15,67000,67000,5491,6,750,252,3686,9646,0,0
5599,8525,23000,18948,7,27,15,67000,67000,5491,6,750,252,3686,9646,0,0
5600,8525,23000,18948,7,27,14,67000,67000,5491,6,750,252,3686,9646,0,0
5601,8525,23000,18948,7,27,15,67000,67000,5488,6,750,252,3686,9649,0,1
5602,8525,23000,18930,7,28,15,67000,67000,5488,6,750,252,3704,9649,4,0
5603,8525,23000,18930,7,28,15,67000,67000,5488,6,750,252,3704,9649,0,0
5604,8525,23000,18930,7,28,15,67000,67000,5488,6,750,252,3704,9649,0,0
5605,8525,23000,18930,7,28,15,67000,67000,5488,6,750,252,3704,9649,0,0
5606,8525,23000,18930,7,28,16,67000,67000,4048,6,750,252,3704,9649,0,12
5607,8525,23000,18930,7,28,16,67000,67000,1982,6,750,252,3704,11715,0,7
5608,8525,23000,18912,7,29,16,67000,67000,1982,6,750,252,3722,11715,4,0
5609,8525,23000,18912,7,27,16,67000,67000,1982,6,750,252,3722,11715,0,0
5610,8525,23000,19662,7,27,16,67000,67000,2234,6,750,252,3722,11715,0,0
5611,8525,23000,19662,7,27,13,67000,67000,2216,6,750,252,3722,11733,0,4
5612,8525,23000,19662,7,27,13,67000,67000,2216,6,750,252,3722,11733,0,0
5613,8525,23000,19662,7,27,13,67000,67000,2216,6,750,252,3722,11733,0,0
5614,8525,23000,19644,7,28,12,67000,67000,2216,6,750,252,3740,11733,4,0
5615,8525,23000,19644,7,28,12,67000,67000,2216,6,750,252,3740,11733,0,0
5616,8525,23000,19644,7,28,14,67000,67000,2198,6,750,252,3740,11751,0,4
5617,8525,23000,19644,7,27,14,67000,67000,2198,6,750,252,3740,11751,0,0
5618,8525,23000,19644,7,27,14,67000,67000,2198,6,750,252,3740,11751,0,0
5619,8525,23000,19644,7,27,14,67000,67000,2198,6,750,252,3740,11751,0,0
5620,8525,23000,19644,7,27,13,67000,67000,2198,6,750,252,3740,11751,0,0
5621,8525,23000,19626,7,28,14,67000,67000,2195,6,750,252,3758,11754,4,1
5622,8525,23000,19626,7,28,14,67000,67000,2195,6,750,252,3758,11754,0,0
5623,8525,23000,19626,7,28,14,67000,67000,2195,6,750,252,3758,11754,0,0
5624,8525,23000,19626,7,28,14,67000,67000,2195,6,750,252,3758,11754,0,0
5625,8525,23000,19608,7,29,14,67000,67000,2195,6,750,252,3776,11754,4,0
5626,8525,23000,19608,7,29,16,67000,67000,2177,6,750,252,3776,11772,0,4
5627,8525,23000,19608,7,29,16,67000,67000,2177,6,750,252,3776,11772,0,0
5628,8525,23000,19608,7,29,15,67000,67000,2177,6,750,252,3776,11772,0,0
5629,8525,23000,19608,7,29,15,67000,67000,2177,6,750,252,3776,11772,0,0
5630,8525,23000,19590,7,30,15,67000,67000,2177,6,750,252,3794,11772,4,0
5631,8525,23000,19590,7,30,14,67000,67000,2159,6,750,252,3794,11790,0,4
5632,8525,23000,19590,7,30,14,67000,67000,2159,6,750,252,3794,11790,0,0
5633,8525,23000,19590,7,30,14,67000,67000,2159,6,750,252,3794,11790,0,0
5634,8525,23000,19590,7,30,14,67000,67000,2159,6,750,252,3794,11790,0,0
5635,8525,23000,19590,7,30,13,67000,67000,2159,6,750,252,3794,11790,0,0
5636,8525,23000,19572,7,31,15,67000,67000,2156,6,750,252,3812,11793,4,1
5637,8525,23000,19572,7,31,15,67000,67000,2156,6,750,252,3812,11793,0,0
5638,8525,23000,19572,7,31,15,67000,67000,2156,6,750,252,3812,11793,0,0
5639,8525,23000,19572,7,30,15,67000,67000,2156,6,750,252,3812,11793,0,0
5640,8525,23000,20322,7,30,15,67000,67000,2409,6,750,252,3812,11793,0,0
5641,8525,23000,20304,7,31,16,67000,67000,2391,6,750,252,3830,11811,4,4
5642,8525,23000,20304,7,28,16,67000,67000,2391,6,750,252,3830,11811,0,0
5643,8525,23000,20304,7,28,16,67000,67000,2391,6,750,252,3830,11811,0,0
5644,8525,23000,20304,7,27,15,67000,67000,2391,6,750,252,3830,11811,0,0
5645,8525,23000,20304,7,27,15,67000,67000,2391,6,750,252,3830,11811,0,0
5646,8525,23000,20286,7,28,17,67000,67000,2373,6,750,252,3848,11829,4,4
5647,8525,23000,20286,7,28,17,67000,67000,2373,6,750,252,3848,11829,0,0
5648,8525,23000,20286,7,28,16,67000,67000,2373,6,750,252,3848,11829,0,0
5649,8525,23000,20286,7,28,16,67000,67000,2373,6,750,252,3848,11829,0,0
5650,8525,23000,20286,7,28,16,67000,67000,2373,6,750,252,3848,11829,0,0
5651,8525,23000,20286,7,28,17,67000,67000,2370,6,750,252,3848,11832,0,1
5652,8525,23000,20268,7,29,16,67000,67000,2370,6,750,252,3866,11832,4,0
5653,8525,23000,20268,7,29,16,67000,67000,2370,6,750,252,3866,11832,0,0
5654,8525,23000,20268,7,29,16,67000,67000,2370,6,750,252,3866,11832,0,0
5655,8525,23000,20268,7,29,16,67000,67000,2370,6,750,252,3866,11832,0,0
5656,8525,23000,20268,7,23,17,67000,67000,2352,6,750,252,3866,11850,0,4
5657,8525,23000,20250,7,24,17,67000,67000,2352,6,750,252,3884,11850,4,0
5658,8525,23000,20250,7,24,13,67000,67000,2352,6,750,252,3884,11850,0,0
5659,8525,23000,20250,7,24,13,67000,67000,2352,6,750,252,3884,11850,0,0
5660,8525,23000,20250,7,24,13,67000,67000,2352,6,750,252,3884,11850,0,0
5661,8525,23000,20250,7,24,14,67000,67000,2334,6,750,252,3884,11868,0,4
5662,8525,23000,20232,7,25,14,67000,67000,2334,6,750,252,3902,11868,4,0
5663,8525,23000,20232,7,25,14,67000,67000,2334,6,750,252,3902,11868,0,0
5664,8525,23000,20232,7,25,13,67000,67000,2334,6,750,252,3902,11868,0,0
5665,8525,23000,20232,7,25,13,67000,67000,2334,6,750,252,3902,11868,0,0
5666,8525,23000,20232,7,22,13,67000,67000,2331,6,750,252,3902,11871,0,1
5667,8525,23000,20232,7,22,13,67000,67000,2331,6,750,252,3902,11871,0,0
5668,8525,23000,20232,7,22,13,67000,67000,2331,6,750,252,3902,11871,0,0
5669,8525,23000,20214,7,23,13,67000,67000,2331,6,750,252,3920,11871,4,0
5670,8525,23000,20964,7,23,13,67000,67000,2583,6,750,252,3920,11871,0,0
5671,8525,23000,20964,7,23,14,67000,67000,2574,6,750,252,3920,11880,0,3
5672,8525,23000,20964,7,22,14,67000,67000,2574,6,750,252,3920,11880,0,0
5673,8525,23000,20964,7,22,14,67000,67000,2574,6,750,252,3920,11880,0,0
5674,8525,23000,20946,7,23,13,67000,67000,2574,6,750,252,3938,11880,4,0
5675,8525,23000,20946,7,23,13,67000,67000,2574,6,750,252,3938,11880,0,0
5676,8525,23000,20946,7,23,13,67000,67000,1599,6,750,252,3938,11880,0,13
5677,8525,23000,20946,7,23,14,67000,67000,1590,6,750,252,3938,11889,0,3
5678,8525,23000,20946,7,23,14,67000,67000,1590,6,750,252,3938,11889,0,0
5679,8525,23000,20946,7,23,14,67000,67000,1590,6,750,252,3938,11889,0,0
5680,8525,23000,20928,7,24,14,67000,67000,1590,6,750,252,3956,11889,4,0
5681,8525,23000,20928,7,24,15,67000,67000,1587,6,750,252,3956,11892,0,1
5682,8525,23000,20928,7,24,15,67000,67000,1587,6,750,252,3956,11892,0,0
5683,8525,23000,20928,7,24,15,67000,67000,1587,6,750,252,3956,11892,0,0
5684,8525,23000,20928,7,24,15,67000,67000,1587,6,750,252,3956,11892,0,0
5685,8525,23000,20910,7,25,15,67000,67000,1587,6,750,252,3974,11892,4,0
5686,8525,23000,20910,7,23,16,67000,67000,1578,6,750,252,3974,11901,0,3
5687,8525,23000,20910,7,23,16,67000,67000,1578,6,750,252,3974,11901,0,0
5688,8525,23000,20910,7,23,16,67000,67000,1578,6,750,252,3974,11901,0,0
5689,8525,23000,20892,7,24,16,67000,67000,1578,6,750,252,3992,11901,4,0
5690,8525,23000,20892,7,24,16,67000,67000,1578,6,750,252,3992,11901,0,0
5691,8525,23000,20892,7,24,17,67000,67000,1569,6,750,252,3992,11910,0,3
5692,8525,23000,20892,7,24,16,67000,67000,1569,6,750,252,3992,11910,0,0
5693,8525,23000,20892,7,24,16,67000,67000,1569,6,750,252,3992,11910,0,0
5694,8525,23000,20892,7,24,16,67000,67000,1569,6,750,252,3992,11910,0,0
5695,8525,23000,20892,7,24,16,67000,67000,1569,6,750,252,3992,11910,0,0
5696,8525,23000,20892,7,24,17,67000,67000,1566,6,750,252,3992,11913,0,1
5697,8525,23000,20892,7,24,17,67000,67000,1566,6,750,252,3992,11913,0,0
5698,8525,23000,20892,7,24,17,67000,67000,1566,6,750,252,3992,11913,0,0
5699,8525,23000,20892,7,24,17,67000,67000,1566,6,750,252,3992,11913,0,0
5700,8525,23000,21642,7,24,15,67000,67000,1819,6,750,252,3992,11913,0,0
5701,8525,23000,21642,7,24,16,67000,67000,1810,6,750,252,3992,11922,0,3
5702,8525,23000,21642,7,24,16,67000,67000,1810,6,750,252,3992,11922,0,0
5703,8525,23000,21642,7,24,16,67000,67000,1810,6,750,252,3992,11922,0,0
5704,8525,23000,20202,7,25,16,67000,67000,1810,6,750,252,3992,11922,12,0
5705,8525,23000,20202,7,25,16,67000,67000,1810,6,750,252,3992,11922,0,0
5706,8525,23000,20202,7,25,17,67000,67000,1792,6,750,252,3992,11940,0,4
5707,8525,23000,20202,7,25,17,67000,67000,1792,6,750,252,3992,11940,0,0
5708,8525,23000,20202,7,25,17,67000,67000,1792,6,750,252,3992,11940,0,0
5709,8525,23000,20202,7,25,17,67000,67000,1792,6,750,252,3992,11940,0,0
5710,8525,23000,20202,7,25,17,67000,67000,1792,6,750,252,3992,11940,0,0
5711,8525,23000,20202,7,25,18,67000,67000,1789,6,750,252,3992,11943,0,1
5712,8525,23000,20202,7,25,18,67000,67000,1789,6,750,252,3992,11943,0,0
5713,8525,23000,20202,7,25,18,67000,67000,1789,6,750,252,3992,11943,0,0
5714,8525,23000,20202,7,26,17,67000,67000,1789,6,750,252,3992,11943,0,0
5715,8525,23000,20202,7,26,17,67000,67000,1789,6,750,252,3992,11943,0,0
5716,8525,23000,20202,7,26,18,67000,67000,1771,6,750,252,3992,11961,0,4
5717,8525,23000,20202,7,26,18,67000,67000,1771,6,750,252,3992,11961,0,0
5718,8525,23000,20202,7,21,18,67000,67000,1771,6,750,252,3992,11961,0,0
5719,8525,23000,20202,7,21,18,67000,67000,1771,6,750,252,3992,11961,0,0
5720,8525,23000,20202,7,21,18,67000,67000,1771,6,750,252,3992,11961,0,0
5721,8525,23000,20202,7,21,19,67000,67000,1753,6,750,252,3992,11979,0,4
5722,8525,23000,20202,7,21,19,67000,67000,1753,6,750,252,3992,11979,0,0
5723,8525,23000,20184,7,22,19,67000,67000,1753,6,750,252,4010,11979,4,0
5724,8525,23000,20184,7,23,19,67000,67000,3253,6,750,252,4010,11979,0,0
5725,8525,23000,20184,7,22,18,67000,67000,3253,6,750,252,4010,11979,0,0
5726,8525,23000,20184,7,22,19,67000,67000,3250,6,750,252,4010,11982,0,1
5727,8525,23000,20184,7,22,19,67000,67000,3250,6,750,252,4010,11982,0,0
5728,8525,23000,20166,7,23,18,67000,67000,3250,6,750,252,4028,11982,4,0
5729,8525,23000,20166,7,23,18,67000,67000,3250,6,750,252,4028,11982,0,0
5730,8525,23000,20916,7,23,18,67000,67000,3502,6,750,252,4028,11982,0,0
5731,8525,23000,20916,7,23,19,67000,67000,3484,6,750,252,4028,12000,0,4
5732,8525,23000,20916,7,22,19,67000,67000,3484,6,750,252,4028,12000,0,0
5733,8525,23000,20916,7,22,17,67000,67000,3484,6,750,252,4028,12000,0,0
5734,8525,23000,20898,7,24,17,67000,67000,3484,6,750,252,4046,12000,4,0
5735,8525,23000,20898,7,24,17,67000,67000,3484,6,750,252,4046,12000,0,0
5736,8525,23000,20898,7,24,18,67000,67000,3466,6,750,252,4046,12018,0,4
5737,8525,23000,20898,7,24,18,67000,67000,3466,6,750,252,4046,12018,0,0
5738,8525,23000,20898,7,24,18,67000,67000,3466,6,750,252,4046,12018,0,0
5739,8525,23000,20898,7,24,18,67000,67000,3466,6,750,252,4046,12018,0,0
5740,8525,23000,20898,7,24,17,67000,67000,3466,6,750,252,4046,12018,0,0
5741,8525,23000,20880,7,25,18,67000,67000,3463,6,750,252,4064,12021,4,1
5742,8525,23000,20880,7,25,18,67000,67000,3463,6,750,252,4064,12021,0,0
5743,8525,23000,20880,7,24,18,67000,67000,3463,6,750,252,4064,12021,0,0
5744,8525,23000,20880,7,25,18,67000,67000,3463,6,750,252,4064,12021,0,0
5745,8525,23000,20880,7,25,18,67000,67000,3463,6,750,252,4064,12021,0,0
5746,8525,23000,20862,7,26,19,67000,67000,3445,6,750,252,4082,12039,4,4
5747,8525,23000,20862,7,26,19,67000,67000,3445,6,750,252,4082,12039,0,0
5748,8525,23000,20862,7,26,19,67000,67000,3445,6,750,252,4082,12039,0,0
5749,8525,23000,20862,7,26,17,67000,67000,3445,6,750,252,4082,12039,0,0
5750,8525,23000,20862,7,26,17,67000,67000,3445,6,750,252,4082,12039,0,0
5751,8525,23000,20844,7,27,18,67000,67000,3427,6,750,252,4100,12057,4,4
5752,8525,23000,20844,7,25,18,67000,67000,3427,6,750,252,4100,12057,0,0
5753,8525,23000,20844,7,25,18,67000,67000,3427,6,750,252,4100,12057,0,0
5754,8525,23000,20844,7,25,18,67000,67000,3427,6,750,252,4100,12057,0,0
5755,8525,23000,20844,7,25,18,67000,67000,3427,6,750,252,4100,12057,0,0
5756,8525,23000,20844,7,25,19,67000,67000,3424,6,750,252,4100,12060,0,1
5757,8525,23000,20844,7,25,19,67000,67000,3424,6,750,252,4100,12060,0,0
5758,8525,23000,20844,7,25,19,67000,67000,3424,6,750,252,4100,12060,0,0
5759,8525,23000,20763,7,26,19,67000,67000,3424,6,750,252,4181,12060,5,0
5760,8525,23000,21513,7,26,19,67000,67000,3677,6,750,252,4181,12060,0,0
5761,8525,23000,21513,7,26,20,67000,67000,3659,6,750,252,4181,12078,0,4
5762,8525,23000,21513,7,26,20,67000,67000,3659,6,750,252,4181,12078,0,0
5763,8525,23000,21513,7,26,20,67000,67000,3659,6,750,252,4181,12078,0,0
5764,8525,23000,21495,7,25,20,67000,67000,3659,6,750,252,4199,12078,4,0
5765,8525,23000,21495,7,25,20,67000,67000,3659,6,750,252,4199,12078,0,0
5766,8525,23000,21495,7,25,21,67000,67000,3641,6,750,252,4199,12096,0,4
5767,8525,23000,21495,7,25,21,67000,67000,3641,6,750,252,4199,12096,0,0
5768,8525,23000,21495,7,25,21,67000,67000,3641,6,750,252,4199,12096,0,0
5769,8525,23000,21495,7,25,21,67000,67000,3641,6,750,252,4199,12096,0,0
5770,8525,23000,21477,7,26,20,67000,67000,3641,6,750,252,4217,12096,4,0
5771,8525,23000,21477,7,26,21,67000,67000,3638,6,750,252,4217,12099,0,1
5772,8525,23000,21477,7,26,21,67000,67000,3638,6,750,252,4217,12099,0,0
5773,8525,23000,21477,7,26,21,67000,67000,3638,6,750,252,4217,12099,0,0
5774,8525,23000,21477,7,26,21,67000,67000,3638,6,750,252,4217,12099,0,0
5775,8525,23000,21477,7,26,21,67000,67000,3638,6,750,252,4217,12099,0,0
5776,8525,23000,21477,7,26,22,67000,67000,3620,6,750,252,4217,12117,0,4
5777,8525,23000,21459,7,27,22,67000,67000,3620,6,750,252,4235,12117,4,0
5778,8525,23000,21459,7,24,22,67000,67000,3620,6,750,252,4235,12117,0,0
5779,8525,23000,21459,7,24,22,67000,67000,3620,6,750,252,4235,12117,0,0
5780,8525,23000,21459,7,24,22,67000,67000,3620,6,750,252,4235,12117,0,0
5781,8525,23000,21459,7,24,23,67000,67000,3617,6,750,252,4235,12120,0,1
5782,8525,23000,21459,7,24,23,67000,67000,3617,6,750,252,4235,12120,0,0
5783,8525,23000,21459,7,24,23,67000,67000,3617,6,750,252,4235,12120,0,0
5784,8525,23000,21441,7,25,23,67000,67000,3617,6,750,252,4253,12120,4,0
5785,8525,23000,21441,7,25,23,67000,67000,3617,6,750,252,4253,12120,0,0
5786,8525,23000,21441,7,25,24,67000,67000,3599,6,750,252,4253,12138,0,4
5787,8525,23000,21441,7,25,23,67000,67000,3599,6,750,252,4253,12138,0,0
5788,8525,23000,21441,7,25,23,67000,67000,3599,6,750,252,4253,12138,0,0
5789,8525,23000,21441,7,25,23,67000,67000,3599,6,750,252,4253,12138,0,0
5790,8525,23000,22173,7,25,23,67000,67000,3851,6,750,252,4271,12138,4,0
5791,8525,23000,22173,7,25,24,67000,67000,3833,6,750,252,4271,12156,0,4
5792,8525,23000,22173,7,25,24,67000,67000,3833,6,750,252,4271,12156,0,0
5793,8525,23000,22173,7,25,24,67000,67000,3833,6,750,252,4271,12156,0,0
5794,8525,23000,22173,7,25,24,67000,67000,3833,6,750,252,4271,12156,0,0
5795,8525,23000,22155,7,26,24,67000,67000,3833,6,750,252,4289,12156,4,0
5796,8525,23000,22155,7,26,25,67000,67000,3830,6,750,252,4289,12159,0,1
5797,8525,23000,22155,7,26,25,67000,67000,3830,6,750,252,4289,12159,0,0
5798,8525,23000,22155,7,26,25,67000,67000,3830,6,750,252,4289,12159,0,0
5799,8525,23000,22155,7,26,23,67000,67000,3830,6,750,252,4289,12159,0,0
5800,8525,23000,22155,7,26,23,67000,67000,3830,6,750,252,4289,12159,0,0
5801,8525,23000,22137,7,27,24,67000,67000,3812,6,750,252,4307,12177,4,4
5802,8525,23000,22137,7,27,24,67000,67000,3812,6,750,252,4307,12177,0,0
5803,8525,23000,22137,7,27,24,67000,67000,3812,6,750,252,4307,12177,0,0
5804,8525,23000,22137,7,24,24,67000,67000,3812,6,750,252,4307,12177,0,0
5805,8525,23000,22137,7,23,24,67000,67000,3812,6,750,252,4307,12177,0,0
5806,8525,23000,22137,7,23,25,67000,67000,3794,6,750,252,4307,12195,0,4
5807,8525,23000,22119,7,24,25,67000,67000,3794,6,750,252,4325,12195,4,0
5808,8525,23000,22119,7,24,25,67000,67000,3794,6,750,252,4325,12195,0,0
5809,8525,23000,22119,7,24,25,67000,67000,3794,6,750,252,4325,12195,0,0
5810,8525,23000,22119,7,24,25,67000,67000,3794,6,750,252,4325,12195,0,0
5811,8525,23000,22119,7,24,26,67000,67000,3791,6,750,252,4325,12198,0,1
5812,8525,23000,22101,7,24,25,67000,67000,3791,6,750,252,4343,12198,4,0
5813,8525,23000,22101,7,24,25,67000,67000,3791,6,750,252,4343,12198,0,0
5814,8525,23000,22101,7,24,25,67000,67000,3791,6,750,252,4343,12198,0,0
5815,8525,23000,22101,7,24,25,67000,67000,3791,6,750,252,4343,12198,0,0
5816,8525,23000,22101,7,24,26,67000,67000,3773,6,750,252,4343,12216,0,4
5817,8525,23000,22101,7,24,26,67000,67000,3773,6,750,252,4343,12216,0,0
5818,8525,23000,22083,7,25,26,67000,67000,3773,6,750,252,4361,12216,4,0
5819,8525,23000,22083,7,25,26,67000,67000,3773,6,750,252,4361,12216,0,0
5820,8525,23000,22833,7,25,25,67000,67000,4026,6,750,252,4361,12216,0,0
5821,8525,23000,22833,7,25,26,67000,67000,4008,6,750,252,4361,12234,0,4
5822,8525,23000,22833,7,25,26,67000,67000,4008,6,750,252,4361,12234,0,0
5823,8525,23000,22833,7,25,24,67000,67000,4008,6,750,252,4361,12234,0,0
5824,8525,23000,22815,7,26,24,67000,67000,4008,6,750,252,4379,12234,4,0
5825,8525,23000,22815,7,26,24,67000,67000,4008,6,750,252,4379,12234,0,0
5826,8525,23000,22815,7,26,25,67000,67000,4005,6,750,252,4379,12237,0,1
5827,8525,23000,22815,7,26,25,67000,67000,4005,6,750,252,4379,12237,0,0
5828,8525,23000,22815,7,26,25,67000,67000,4005,6,750,252,4379,12237,0,0
5829,8525,23000,22797,7,27,25,67000,67000,4005,6,750,252,4397,12237,4,0
5830,8525,23000,22797,7,27,25,67000,67000,4005,6,750,252,4397,12237,0,0
5831,8525,23000,22797,7,27,26,67000,67000,3987,6,750,252,4397,12255,0,4
5832,8525,23000,22797,7,27,26,67000,67000,3987,6,750,252,4397,12255,0,0
5833,8525,23000,22797,7,27,26,67000,67000,3987,6,750,252,4397,12255,0,0
5834,8525,23000,22797,7,27,22,67000,67000,3987,6,750,252,4397,12255,0,0
5835,8525,23000,22779,7,28,22,67000,67000,3987,6,750,252,4415,12255,4,0
5836,8525,23000,22779,7,24,23,67000,67000,3984,6,750,252,4415,12258,0,1
5837,8525,23000,22779,7,24,23,67000,67000,3984,6,750,252,4415,12258,0,0
5838,8525,23000,22779,7,24,23,67000,67000,3984,6,750,252,4415,12258,0,0
5839,8525,23000,22779,7,24,23,67000,67000,3984,6,750,252,4415,12258,0,0
5840,8525,23000,22779,7,24,23,67000,67000,3984,6,750,252,4415,12258,0,0
5841,8525,23000,22779,7,24,24,67000,67000,3966,6,750,252,4415,12276,0,4
5842,8525,23000,22761,7,25,24,67000,67000,3966,6,750,252,4433,12276,4,0
5843,8525,23000,22761,7,25,24,67000,67000,3966,6,750,252,4433,12276,0,0
5844,8525,23000,22761,7,25,24,67000,67000,3966,6,750,252,4433,12276,0,0
5845,8525,23000,22761,7,25,23,67000,67000,3966,6,750,252,4433,12276,0,0
5846,8525,23000,22761,7,22,20,67000,67000,3948,6,750,252,4433,12294,0,4
5847,8525,23000,22743,7,23,20,67000,67000,3948,6,750,252,4451,12294,4,0
5848,8525,23000,22743,7,23,20,67000,67000,3948,6,750,252,4451,12294,0,0
5849,8525,23000,22743,7,23,20,67000,67000,3948,6,750,252,4451,12294,0,0
5850,8525,23000,23493,7,23,20,67000,67000,4200,6,750,252,4451,12294,0,0
5851,8525,23000,23475,7,24,21,67000,67000,4197,6,750,252,4469,12297,4,1
5852,8525,23000,23475,7,24,21,67000,67000,4197,6,750,252,4469,12297,0,0
5853,8525,23000,23475,7,24,20,67000,67000,4197,6,750,252,4469,12297,0,0
5854,8525,23000,23475,7,24,20,67000,67000,4197,6,750,252,4469,12297,0,0
5855,8525,23000,23475,7,24,20,67000,67000,4197,6,750,252,4469,12297,0,0
5856,8525,23000,23475,7,24,21,67000,67000,4179,6,750,252,4469,12315,0,4
5857,8525,23000,23475,7,24,21,67000,67000,4179,6,750,252,4469,12315,0,0
5858,8525,23000,23475,7,24,21,67000,67000,4179,6,750,252,4469,12315,0,0
5859,8525,23000,23457,7,25,21,67000,67000,4179,6,750,252,4487,12315,4,0
5860,8525,23000,23457,7,25,21,67000,67000,4179,6,750,252,4487,12315,0,0
5861,8525,23000,23457,7,25,21,67000,67000,4161,6,750,252,4487,12333,0,4
5862,8525,23000,23457,7,25,21,67000,67000,4161,6,750,252,4487,12333,0,0
5863,8525,23000,23457,7,25,18,67000,67000,4161,6,750,252,4487,12333,0,0
5864,8525,23000,23439,7,25,18,67000,67000,4161,6,750,252,4505,12333,4,0
5865,8525,23000,23439,7,25,18,67000,67000,4161,6,750,252,4505,12333,0,0
5866,8525,23000,23439,7,25,19,67000,67000,4158,6,750,252,4505,12336,0,1
5867,8525,23000,23439,7,25,19,67000,67000,4158,6,750,252,4505,12336,0,0
5868,8525,23000,23421,7,26,19,67000,67000,4158,6,750,252,4523,12336,4,0
5869,8525,23000,23421,7,26,18,67000,67000,4158,6,750,252,4523,12336,0,0
5870,8525,23000,23421,7,26,18,67000,67000,4158,6,750,252,4523,12336,0,0
5871,8525,23000,23421,7,26,19,67000,67000,4140,6,750,252,4523,12354,0,4
5872,8525,23000,23421,7,26,19,67000,67000,4140,6,750,252,4523,12354,0,0
5873,8525,23000,23421,7,26,19,67000,67000,4140,6,750,252,4523,12354,0,0
5874,8525,23000,23403,7,26,19,67000,67000,4140,6,750,252,4541,12354,4,0
5875,8525,23000,23403,7,26,19,67000,67000,4140,6,750,252,4541,12354,0,0
5876,8525,23000,23403,7,26,20,67000,67000,4122,6,750,252,4541,12372,0,4
5877,8525,23000,23403,7,26,20,67000,67000,4122,6,750,252,4541,12372,0,0
5878,8525,23000,23403,7,26,20,67000,67000,4122,6,750,252,4541,12372,0,0
5879,8525,23000,23403,7,26,20,67000,67000,4122,6,750,252,4541,12372,0,0
5880,8525,23000,24135,7,26,19,67000,67000,4375,6,750,252,4559,12372,4,0
5881,8525,23000,24135,7,26,20,67000,67000,4372,6,750,252,4559,12375,0,1
5882,8525,23000,24135,7,26,20,67000,67000,4372,6,750,252,4559,12375,0,0
5883,8525,23000,24135,7,26,20,67000,67000,4372,6,750,252,4559,12375,0,0
5884,8525,23000,24135,7,26,17,67000,67000,4372,6,750,252,4559,12375,0,0
5885,8525,23000,24117,7,27,17,67000,67000,4372,6,750,252,4577,12375,4,0
5886,8525,23000,24117,7,27,18,67000,67000,4354,6,750,252,4577,12393,0,4
5887,8525,23000,24117,7,27,17,67000,67000,4354,6,750,252,4577,12393,0,0
5888,8525,23000,24117,7,27,17,67000,67000,4354,6,750,252,4577,12393,0,0
5889,8525,23000,24117,7,27,17,67000,67000,4354,6,750,252,4577,12393,0,0
5890,8525,23000,24117,7,27,17,67000,67000,4354,6,750,252,4577,12393,0,0
5891,8525,23000,24099,7,28,18,67000,67000,4336,6,750,252,4595,12411,4,4
5892,8525,23000,24099,7,28,18,67000,67000,4336,6,750,252,4595,12411,0,0
5893,8525,23000,24099,7,28,18,67000,67000,4336,6,750,252,4595,12411,0,0
5894,8525,23000,24099,7,28,16,67000,67000,4336,6,750,252,4595,12411,0,0
5895,8525,23000,24099,7,28,16,67000,67000,4336,6,750,252,4595,12411,0,0
5896,8525,23000,24081,7,28,17,67000,67000,4333,6,750,252,4613,12414,4,1
5897,8525,23000,24081,7,28,17,67000,67000,4333,6,750,252,4613,12414,0,0
5898,8525,23000,24081,7,28,17,67000,67000,4333,6,750,252,4613,12414,0,0
5899,8525,23000,24081,7,28,15,67000,67000,4333,6,750,252,4613,12414,0,0
5900,8525,23000,24081,7,28,15,67000,67000,4333,6,750,252,4613,12414,0,0
5901,8525,23000,24063,7,29,16,67000,67000,4315,6,750,252,4631,12432,4,4
5902,8525,23000,24063,7,29,16,67000,67000,4315,6,750,252,4631,12432,0,0
5903,8525,23000,24063,7,28,16,67000,67000,4315,6,750,252,4631,12432,0,0
5904,8525,23000,24063,7,28,16,67000,67000,4315,6,750,252,4631,12432,0,0
5905,8525,23000,24063,7,28,16,67000,67000,4315,6,750,252,4631,12432,0,0
5906,8525,23000,24063,7,28,17,67000,67000,4312,6,750,252,4631,12435,0,1
5907,8525,23000,24063,7,28,17,67000,67000,4312,6,750,252,4631,12435,0,0
5908,8525,23000,24045,7,29,17,67000,67000,4312,6,750,252,4649,12435,4,0
5909,8525,23000,24045,7,29,13,67000,67000,4312,6,750,252,4649,12435,0,0
5910,8525,23000,24795,7,29,13,67000,67000,4564,6,750,252,4649,12435,0,0
5911,8525,23000,24795,7,29,14,67000,67000,4546,6,750,252,4649,12453,0,4
5912,8525,23000,24795,7,29,14,67000,67000,4546,6,750,252,4649,12453,0,0
5913,8525,23000,24795,7,29,14,67000,67000,4546,6,750,252,4649,12453,0,0
5914,8525,23000,24795,7,29,14,67000,67000,4546,6,750,252,4649,12453,0,0
5915,8525,23000,24777,7,30,13,67000,67000,4546,6,750,252,4667,12453,4,0
5916,8525,23000,24777,7,30,14,67000,67000,4528,6,750,252,4667,12471,0,4
5917,8525,23000,24777,7,30,14,67000,67000,4528,6,750,252,4667,12471,0,0
5918,8525,23000,24777,7,30,14,67000,67000,4528,6,750,252,4667,12471,0,0
5919,8525,23000,24759,7,31,14,67000,67000,4528,6,750,252,4685,12471,4,0
5920,8525,23000,24759,7,31,12,67000,67000,4528,6,750,252,4685,12471,0,0
5921,8525,23000,24759,7,31,13,67000,67000,4525,6,750,252,4685,12474,0,1
5922,8525,23000,24759,7,31,13,67000,67000,4525,6,750,252,4685,12474,0,0
5923,8525,23000,24759,7,31,13,67000,67000,4525,6,750,252,4685,12474,0,0
5924,8525,23000,24759,7,31,13,67000,67000,4525,6,750,252,4685,12474,0,0
5925,8525,23000,24741,7,31,13,67000,67000,4525,6,750,252,4703,12474,4,0
5926,8525,23000,24741,7,31,14,67000,67000,4507,6,750,252,4703,12492,0,4
5927,8525,23000,24741,7,31,14,67000,67000,4507,6,750,252,4703,12492,0,0
5928,8525,23000,24741,7,31,13,67000,67000,4507,6,750,252,4703,12492,0,0
5929,8525,23000,24741,7,31,13,67000,67000,4507,6,750,252,4703,12492,0,0
5930,8525,23000,24741,7,31,12,67000,67000,4507,6,750,252,4703,12492,0,0
5931,8525,23000,24723,7,32,13,67000,67000,4489,6,750,252,4721,12510,4,4
5932,8525,23000,24723,7,32,13,67000,67000,4489,6,750,252,4721,12510,0,0
5933,8525,23000,24723,7,32,13,67000,67000,4489,6,750,252,4721,12510,0,0
5934,8525,23000,24723,7,32,13,67000,67000,4489,6,750,252,4721,12510,0,0
5935,8525,23000,24723,7,32,13,67000,67000,4489,6,750,252,4721,12510,0,0
5936,8525,23000,24723,7,32,14,67000,67000,4486,6,750,252,4721,12513,0,1
5937,8525,23000,24723,7,32,14,67000,67000,4486,6,750,252,4721,12513,0,0
5938,8525,23000,24723,7,32,14,67000,67000,4486,6,750,252,4721,12513,0,0
5939,8525,23000,24723,7,32,14,67000,67000,4486,6,750,252,4721,12513,0,0
5940,8525,23000,25473,7,32,13,67000,67000,4739,6,750,252,4721,12513,0,0
5941,8525,23000,25455,7,33,14,67000,67000,4721,6,750,252,4739,12531,4,4
5942,8525,23000,25455,7,33,14,67000,67000,4721,6,750,252,4739,12531,0,0
5943,8525,23000,25455,7,33,13,67000,67000,4721,6,750,252,4739,12531,0,0
5944,8525,23000,25455,7,33,13,67000,67000,4721,6,750,252,4739,12531,0,0
5945,8525,23000,25455,7,33,13,67000,67000,4721,6,750,252,4739,12531,0,0
5946,8525,23000,25455,7,33,13,67000,67000,4703,6,750,252,4739,12549,0,4
5947,8525,23000,25455,7,33,13,67000,67000,4703,6,750,252,4739,12549,0,0
5948,8525,23000,25455,7,33,13,67000,67000,4703,6,750,252,4739,12549,0,0
5949,8525,23000,25455,7,33,12,67000,67000,4703,6,750,252,4739,12549,0,0
5950,8525,23000,25437,7,34,12,67000,67000,4703,6,750,252,4757,12549,4,0
5951,8525,23000,25437,7,34,13,67000,67000,4700,6,750,252,4757,12552,0,1
5952,8525,23000,25437,7,33,13,67000,67000,4700,6,750,252,4757,12552,0,0
5953,8525,23000,25437,7,33,13,67000,67000,4700,6,750,252,4757,12552,0,0
5954,8525,23000,25437,7,33,13,67000,67000,4700,6,750,252,4757,12552,0,0
5955,8525,23000,25419,7,34,12,67000,67000,4700,6,750,252,4775,12552,4,0
5956,8525,23000,25419,7,34,13,67000,67000,4682,6,750,252,4775,12570,0,4
5957,8525,23000,25419,7,34,13,67000,67000,4682,6,750,252,4775,12570,0,0
5958,8525,23000,25419,7,34,13,67000,67000,4682,6,750,252,4775,12570,0,0
5959,8525,23000,25401,7,35,12,67000,67000,4682,6,750,252,4793,12570,4,0
5960,8525,23000,25401,7,35,12,67000,67000,4682,6,750,252,4793,12570,0,0
5961,8525,23000,25401,7,35,13,67000,67000,4664,6,750,252,4793,12588,0,4
5962,8525,23000,25401,7,35,13,67000,67000,4664,6,750,252,4793,12588,0,0
5963,8525,23000,25401,7,35,13,67000,67000,4664,6,750,252,4793,12588,0,0
5964,8525,23000,25401,7,35,13,67000,67000,4664,6,750,252,4793,12588,0,0
5965,8525,23000,25401,7,35,13,67000,67000,4664,6,750,252,4793,12588,0,0
5966,8525,23000,25401,7,35,14,67000,67000,4661,6,750,252,4793,12591,0,1
5967,8525,23000,25401,7,35,14,67000,67000,4661,6,750,252,4793,12591,0,0
5968,8525,23000,25401,7,35,14,67000,67000,4661,6,750,252,4793,12591,0,0
5969,8525,23000,25401,7,35,14,67000,67000,4661,6,750,252,4793,12591,0,0
5970,8525,23000,26151,7,35,14,67000,67000,4913,6,750,252,4793,12591,0,0
5971,8525,23000,26151,7,35,15,67000,67000,4895,6,750,252,4793,12609,0,4
5972,8525,23000,26151,7,35,15,67000,67000,4895,6,750,252,4793,12609,0,0
5973,8525,23000,26151,7,35,15,67000,67000,4895,6,750,252,4793,12609,0,0
5974,8525,23000,26151,7,35,15,67000,67000,4895,6,750,252,4793,12609,0,0
5975,8525,23000,26151,7,35,15,67000,67000,4895,6,750,252,4793,12609,0,0
5976,8525,23000,26151,7,35,16,67000,67000,4892,6,750,252,4793,12612,0,1
5977,8525,23000,25176,7,35,16,67000,67000,4892,6,750,252,4793,12612,13,0
5978,8525,23000,25176,7,35,15,67000,67000,4892,6,750,252,4793,12612,0,0
5979,8525,23000,25176,7,35,15,67000,67000,4892,6,750,252,4793,12612,0,0
5980,8525,23000,25176,7,35,10,67000,67000,4892,6,750,252,4793,12612,0,0
5981,8525,23000,25176,7,34,11,67000,67000,4874,6,750,252,4793,12630,0,4
5982,8525,23000,25176,7,34,11,67000,67000,4874,6,750,252,4793,12630,0,0
5983,8525,23000,25176,7,34,10,67000,67000,4874,6,750,252,4793,12630,0,0
5984,8525,23000,25176,7,34,10,67000,67000,4874,6,750,252,4793,12630,0,0
5985,8525,23000,25176,7,31,10,67000,67000,4874,6,750,252,4793,12630,0,0
5986,8525,23000,25176,7,31,11,67000,67000,4856,6,750,252,4793,12648,0,4
5987,8525,23000,25176,7,31,11,67000,67000,4856,6,750,252,4793,12648,0,0
5988,8525,23000,25176,7,31,11,67000,67000,4856,6,750,252,4793,12648,0,0
5989,8525,23000,25158,7,32,11,67000,67000,4856,6,750,252,4811,12648,4,0
5990,8525,23000,25158,7,32,11,67000,67000,4856,6,750,252,4811,12648,0,0
5991,8525,23000,25158,7,32,12,67000,67000,4853,6,750,252,4811,12651,0,1
5992,8525,23000,25158,7,30,11,67000,67000,4853,6,750,252,4811,12651,0,0
5993,8525,23000,25158,7,30,11,67000,67000,4853,6,750,252,4811,12651,0,0
5994,8525,23000,25158,7,30,11,67000,67000,4853,6,750,252,4811,12651,0,0
5995,8525,23000,25140,7,31,11,67000,67000,4853,6,750,252,4829,12651,4,0
5996,8525,23000,25140,7,31,12,67000,67000,4835,6,750,252,4829,12669,0,4
5997,8525,23000,25140,7,31,12,67000,67000,4835,6,750,252,4829,12669,0,0
5998,8525,23000,25140,7,31,9,67000,67000,4835,6,750,252,4829,12669,0,0
5999,8525,23000,25140,7,31,9,67000,67000,4835,6,750,252,4829,12669,0,0
6000,8525,23000,25872,7,32,9,67000,67000,5088,6,750,252,4847,12669,4,0
6001,8525,23000,25872,7,32,9,67000,67000,5070,6,750,252,4847,12687,0,4
6002,8525,23000,25872,7,32,9,67000,67000,5070,6,750,252,4847,12687,0,0
6003,8525,23000,25872,7,32,8,67000,67000,5070,6,750,252,4847,12687,0,0
6004,8525,23000,25872,7,32,8,67000,67000,5070,6,750,252,4847,12687,0,0
6005,8525,23000,25854,7,32,8,67000,67000,5070,6,750,252,4865,12687,4,0
6006,8525,23000,25854,7,32,9,67000,67000,5067,6,750,252,4865,12690,0,1
6007,8525,23000,25854,7,32,9,67000,67000,5067,6,750,252,4865,12690,0,0
6008,8525,23000,25854,7,32,9,67000,67000,5067,6,750,252,4865,12690,0,0
6009,8525,23000,25854,7,32,9,67000,67000,5067,6,750,252,4865,12690,0,0
6010,8525,23000,25854,7,32,8,67000,67000,5067,6,750,252,4865,12690,0,0
6011,8525,23000,25836,7,33,8,67000,67000,5049,6,750,252,4883,12708,4,4
6012,8525,23000,25836,7,33,8,67000,67000,5049,6,750,252,4883,12708,0,0
6013,8525,23000,25836,7,33,8,67000,67000,5049,6,750,252,4883,12708,0,0
6014,8525,23000,25836,7,33,8,67000,67000,5049,6,750,252,4883,12708,0,0
6015,8525,23000,25818,7,34,8,67000,67000,5049,6,750,252,4901,12708,4,0
6016,8525,23000,25818,7,34,9,67000,67000,5031,6,750,252,4901,12726,0,4
6017,8525,23000,25818,7,32,9,67000,67000,5031,6,750,252,4901,12726,0,0
6018,8525,23000,25818,7,30,9,67000,67000,5031,6,750,252,4901,12726,0,0
6019,8525,23000,25818,7,30,9,67000,67000,5031,6,750,252,4901,12726,0,0
6020,8525,23000,25818,7,30,8,67000,67000,5031,6,750,252,4901,12726,0,0
6021,8525,23000,25818,7,30,9,67000,67000,5028,6,750,252,4901,12729,0,1
6022,8525,23000,25818,7,30,9,67000,67000,5028,6,750,252,4901,12729,0,0
6023,8525,23000,25818,7,30,9,67000,67000,5028,6,750,252,4901,12729,0,0
6024,8525,23000,25818,7,30,8,67000,67000,5028,6,750,252,4901,12729,0,0
6025,8525,23000,27318,7,30,8,67000,67000,5028,6,750,252,4901,12729,0,0
6026,8525,23000,27318,7,30,9,67000,67000,5010,6,750,252,4901,12747,0,4
6027,8525,23000,27318,7,30,9,67000,67000,5010,6,750,252,4901,12747,0,0
6028,8525,23000,27318,7,30,9,67000,67000,5010,6,750,252,4901,12747,0,0
6029,8525,23000,27318,7,30,9,67000,67000,5010,6,750,252,4901,12747,0,0
6030,8525,23000,28068,7,30,9,67000,67000,5262,6,750,252,4901,12747,0,0
6031,8525,23000,26628,7,31,10,67000,67000,5244,6,750,252,4901,12765,12,4
6032,8525,23000,26628,7,31,10,67000,67000,5244,6,750,252,4901,12765,0,0
6033,8525,23000,26628,7,31,9,67000,67000,5244,6,750,252,4901,12765,0,0
6034,8525,23000,26628,7,31,9,67000,67000,5244,6,750,252,4901,12765,0,0
6035,8525,23000,26628,7,31,9,67000,67000,5244,6,750,252,4901,12765,0,0
6036,8525,23000,26628,7,31,10,67000,67000,5241,6,750,252,4901,12768,0,1
6037,8525,23000,26628,7,31,10,67000,67000,5241,6,750,252,4901,12768,0,0
6038,8525,23000,26628,7,31,10,67000,67000,5241,6,750,252,4901,12768,0,0
6039,8525,23000,26628,7,31,9,67000,67000,5241,6,750,252,4901,12768,0,0
6040,8525,23000,26628,7,31,9,67000,67000,5241,6,750,252,4901,12768,0,0
6041,8525,23000,26628,7,32,10,67000,67000,5223,6,750,252,4901,12786,0,4
6042,8525,23000,26628,7,32,10,67000,67000,5223,6,750,252,4901,12786,0,0
6043,8525,23000,26628,7,32,9,67000,67000,5223,6,750,252,4901,12786,0,0
6044,8525,23000,26610,7,33,9,67000,67000,5223,6,750,252,4919,12786,4,0
6045,8525,23000,26610,7,33,9,67000,67000,5223,6,750,252,4919,12786,0,0
6046,8525,23000,26610,7,33,10,67000,67000,5220,6,750,252,4919,12789,0,1
6047,8525,23000,26610,7,33,10,67000,67000,5220,6,750,252,4919,12789,0,0
6048,8525,23000,26610,7,33,10,67000,67000,5220,6,750,252,4919,12789,0,0
6049,8525,23000,26610,7,33,10,67000,67000,5220,6,750,252,4919,12789,0,0
6050,8525,23000,26610,7,33,10,67000,67000,5220,6,750,252,4919,12789,0,0
6051,8525,23000,26592,7,35,11,67000,67000,5202,6,750,252,4937,12807,4,4
6052,8525,23000,26592,7,35,11,67000,67000,5202,6,750,252,4937,12807,0,0
6053,8525,23000,26592,7,35,10,67000,67000,5202,6,750,252,4937,12807,0,0
6054,8525,23000,26592,7,35,10,67000,67000,5202,6,750,252,4937,12807,0,0
6055,8525,23000,26592,7,35,10,66913,67000,5202,6,750,252,4937,12807,0,0
6056,8525,23000,26592,7,35,11,66898,67000,5199,6,750,252,4937,12810,0,1
6057,8525,23000,26592,7,35,11,66883,67000,5199,6,750,252,4937,12810,0,0
6058,8525,23000,26592,7,35,11,66838,67000,5199,6,750,252,4937,12810,0,0
6059,8525,23000,26574,7,34,11,66838,67000,5199,6,750,252,4955,12810,4,0
6060,8525,23000,27324,7,34,11,66838,67000,5452,6,750,252,4955,12810,0,0
6061,8525,23000,27324,7,32,12,66838,67000,5449,6,750,252,4955,12813,0,1
6062,8525,23000,27324,7,32,10,66838,67000,5449,6,750,252,4955,12813,0,0
6063,8525,23000,27324,7,32,10,66838,67000,5449,6,750,252,4955,12813,0,0
6064,8525,23000,27324,7,32,10,66838,67000,5449,6,750,252,4955,12813,0,0
6065,8525,23000,27306,7,33,10,66838,67000,5449,6,750,252,4973,12813,4,0
6066,8525,23000,27306,7,33,11,66838,67000,5431,6,750,252,4973,12831,0,4
6067,8525,23000,27306,7,33,10,66838,67000,5431,6,750,252,4973,12831,0,0
6068,8525,23000,27306,7,33,10,66838,67000,5431,6,750,252,4973,12831,0,0
6069,8525,23000,27306,7,33,10,66838,67000,5431,6,750,252,4973,12831,0,0
6070,8525,23000,27306,7,33,10,66838,67000,5431,6,750,252,4973,12831,0,0
6071,8525,23000,27288,7,35,11,66838,67000,5428,6,750,252,4991,12834,4,1
6072,8525,23000,27288,7,34,9,66838,67000,5428,6,750,252,4991,12834,0,0
6073,8525,23000,27288,7,34,9,66838,67000,5428,6,750,252,4991,12834,0,0
6074,8525,23000,27288,7,34,9,66838,67000,5428,6,750,252,4991,12834,0,0
6075,8525,23000,27270,7,35,9,66838,67000,5428,6,750,252,5009,12834,4,0
6076,8525,23000,27270,7,35,10,66838,67000,5425,6,750,252,5009,12837,0,1
6077,8525,23000,27270,7,35,10,66838,67000,5425,6,750,252,5009,12837,0,0
6078,8525,23000,27270,7,35,10,66838,67000,5425,6,750,252,5009,12837,0,0
6079,8525,23000,27270,7,35,6,66838,67000,5425,6,750,252,5009,12837,0,0
6080,8525,23000,27252,7,36,6,66838,67000,5425,6,750,252,5027,12837,4,0
6081,8525,23000,27252,7,36,6,66823,67000,5125,6,750,252,5027,12837,0,11
6082,8525,23000,27252,7,36,7,66823,67000,5122,6,750,252,5027,12840,0,1
6083,8525,23000,27252,7,34,7,66823,67000,5122,6,750,252,5027,12840,0,0
6084,8525,23000,27252,7,34,6,66823,67000,5122,6,750,252,5027,12840,0,0
6085,8525,23000,27234,7,35,6,66823,67000,5122,6,750,252,5045,12840,4,0
6086,8525,23000,27234,7,35,5,66823,67000,5104,6,750,252,5045,12858,0,4
6087,8525,23000,27234,7,35,5,66823,67000,5104,6,750,252,5045,12858,0,0
6088,8525,23000,27234,7,35,5,66823,67000,5104,6,750,252,5045,12858,0,0
6089,8525,23000,27234,7,35,5,66793,67000,5104,6,750,252,5045,12858,0,0
6090,8525,23000,27966,7,36,5,66778,67000,5356,6,750,252,5063,12858,4,0
6091,8525,23000,27966,7,36,5,66778,67000,5353,6,750,252,5063,12861,0,1
6092,8525,23000,27966,7,36,5,66763,67000,5353,6,750,252,5063,12861,0,0
6093,8525,23000,27966,7,32,5,66763,67000,5353,6,750,252,5063,12861,0,0
6094,8525,23000,27966,7,32,5,66763,67000,5353,6,750,252,5063,12861,0,0
6095,8525,23000,27966,7,32,5,66763,67000,5353,6,750,252,5063,12861,0,0
6096,8525,23000,27948,7,33,6,66763,67000,5350,6,750,252,5081,12864,4,1
6097,8525,23000,27948,7,32,6,66763,67000,5350,6,750,252,5081,12864,0,0
6098,8525,23000,27948,7,32,6,66763,67000,5350,6,750,252,5081,12864,0,0
6099,8525,23000,27948,7,32,3,66763,67000,5350,6,750,252,5081,12864,0,0
6100,8525,23000,27948,7,32,3,66763,67000,5350,6,750,252,5081,12864,0,0
6101,8525,23000,27948,7,32,4,66763,67000,5347,6,750,252,5081,12867,0,1
6102,8525,23000,27948,7,32,4,66763,67000,5347,6,750,252,5081,12867,0,0
6103,8525,23000,27930,7,33,4,66646,67000,5347,6,750,252,5099,12867,4,0
6104,8525,23000,27930,7,33,4,66646,67000,5347,6,750,252,5099,12867,0,0
6105,8525,23000,27930,7,33,4,66646,67000,5347,6,750,252,5099,12867,0,0
6106,8525,23000,27930,7,33,4,66646,67000,5329,6,750,252,5099,12885,0,4
6107,8525,23000,27930,7,33,4,66646,67000,5329,6,750,252,5099,12885,0,0
6108,8525,23000,27930,7,33,4,66631,67000,5329,6,750,252,5099,12885,0,0
6109,8525,23000,27930,7,33,4,66631,67000,5329,6,750,252,5099,12885,0,0
6110,8525,23000,27930,7,33,4,66601,67000,5329,6,750,252,5099,12885,0,0
6111,8525,23000,27930,7,32,5,66601,67000,5326,6,750,252,5099,12888,0,1
6112,8525,23000,27930,7,32,5,66601,67000,5326,6,750,252,5099,12888,0,0
6113,8525,23000,27912,7,33,5,66601,67000,5326,6,750,252,5117,12888,4,0
6114,8525,23000,27912,7,33,5,66601,67000,5326,6,750,252,5117,12888,0,0
6115,8525,23000,27912,7,33,4,66601,67000,5326,6,750,252,5117,12888,0,0
6116,8525,23000,27912,7,32,5,66601,67000,5323,6,750,252,5117,12891,0,1
6117,8525,23000,27912,7,32,3,66601,67000,5323,6,750,252,5117,12891,0,0
6118,8525,23000,27912,7,32,3,66586,67000,5323,6,750,252,5117,12891,0,0
6119,8525,23000,27912,7,32,3,66586,67000,5323,6,750,252,5117,12891,0,0
6120,8525,23000,28662,7,32,3,66571,67000,5576,6,750,252,5117,12891,0,0
6121,8525,23000,28662,7,32,4,66571,67000,5558,6,750,252,5117,12909,0,4
6122,8525,23000,28662,7,32,4,66556,67000,5558,6,750,252,5117,12909,0,0
6123,8525,23000,28644,7,33,4,66556,67000,5558,6,750,252,5135,12909,4,0
6124,8525,23000,28644,7,33,4,66541,67000,5558,6,750,252,5135,12909,0,0
6125,8525,23000,28644,7,33,4,61346,67000,5558,6,750,252,5135,12909,0,0
6126,8525,23000,28644,7,32,4,61346,67000,5540,6,750,252,5135,12927,0,4
6127,8525,23000,28644,7,32,4,61331,67000,5540,6,750,252,5135,12927,0,0
6128,8525,23000,28644,7,32,4,61331,67000,5540,6,750,252,5135,12927,0,0
6129,7025,23000,28644,7,11,4,59831,67000,5540,6,750,252,5135,12927,0,0
6130,7025,23000,28644,7,11,4,59831,67000,5540,6,750,252,5135,12927,0,0
6131,7025,23000,28644,7,11,5,59831,67000,4100,6,750,252,5135,12927,0,12
6132,7025,23000,28644,7,11,5,59831,67000,3125,6,750,252,5135,12927,0,13
6133,7025,23000,28626,7,12,6,59831,67000,3122,6,750,252,5153,12930,4,1
6134,7025,23000,28626,7,12,6,59831,67000,3122,6,750,252,5153,12930,0,0
6135,7025,23000,28626,7,12,6,59831,67000,3122,6,750,252,5153,12930,0,0
6136,7025,23000,28626,7,12,7,59831,67000,3104,6,750,252,5153,12948,0,4
6137,7025,23000,28626,7,12,7,59831,67000,3104,6,750,252,5153,12948,0,0
6138,7025,23000,28626,7,12,7,59831,67000,3104,6,750,252,5153,12948,0,0
6139,7025,23000,28626,7,12,7,59831,67000,3104,6,750,252,5153,12948,0,0
6140,7025,23000,28626,7,12,7,59831,67000,3104,6,750,252,5153,12948,0,0
6141,7025,23000,28626,7,12,9,59831,67000,3086,6,750,252,5153,12966,0,4
6142,7025,23000,28608,7,13,9,59831,67000,3086,6,750,252,5171,12966,4,0
6143,7025,23000,28608,7,13,9,59831,67000,3086,6,750,252,5171,12966,0,0
6144,7025,23000,28608,7,13,9,59831,67000,3086,6,750,252,5171,12966,0,0
6145,7025,23000,28608,7,11,9,59831,67000,3086,6,750,252,5171,12966,0,0
6146,7025,23000,28608,7,11,10,59831,67000,3083,6,750,252,5171,12969,0,1
6147,7025,23000,28608,7,11,10,59831,67000,3083,6,750,252,5171,12969,0,0
6148,7025,23000,28608,7,11,10,59831,67000,3083,6,750,252,5171,12969,0,0
6149,7025,23000,28608,7,11,10,59831,67000,3083,6,750,252,5171,12969,0,0
6150,7025,23000,29358,7,11,10,59831,67000,3335,6,750,252,5171,12969,0,0
6151,7025,23000,29340,7,12,12,59831,67000,3332,6,750,252,5189,12972,4,1
6152,7025,23000,29340,7,12,12,59831,67000,3332,6,750,252,5189,12972,0,0
6153,7025,23000,29340,7,12,12,59831,67000,3332,6,750,252,5189,12972,0,0
6154,7025,23000,29340,7,12,12,59831,67000,3332,6,750,252,5189,12972,0,0
6155,7025,23000,29322,7,13,12,59831,67000,3332,6,750,252,5207,12972,4,0
6156,7025,23000,29322,7,13,13,59831,67000,3329,6,750,252,5207,12975,0,1
6157,7025,23000,29322,7,13,13,59831,67000,3329,6,750,252,5207,12975,0,0
6158,7025,23000,29322,7,13,13,59831,67000,3329,6,750,252,5207,12975,0,0
6159,7025,23000,29322,7,13,13,59831,67000,3329,6,750,252,5207,12975,0,0
6160,7025,23000,29322,7,13,13,59831,67000,3329,6,750,252,5207,12975,0,0
6161,7025,23000,29322,7,13,15,59831,67000,3311,6,750,252,5207,12993,0,4
6162,7025,23000,29322,7,13,15,59831,67000,3311,6,750,252,5207,12993,0,0
6163,7025,23000,29322,7,13,15,59831,67000,3311,6,750,252,5207,12993,0,0
6164,7025,23000,29322,7,13,15,59831,67000,3311,6,750,252,5207,12993,0,0
6165,7025,23000,29322,7,13,15,59831,67000,3311,6,750,252,5207,12993,0,0
6166,7025,23000,29322,7,13,16,59831,67000,3308,6,750,252,5207,12996,0,1
6167,7025,23000,29322,7,13,16,59831,67000,3308,6,750,252,5207,12996,0,0
6168,7025,23000,29322,7,13,16,59831,67000,3308,6,750,252,5207,12996,0,0
6169,7025,23000,29322,7,13,16,59831,67000,3308,6,750,252,5207,12996,0,0
6170,7025,23000,29322,7,13,16,59831,67000,3308,6,750,252,5207,12996,0,0
6171,7025,23000,29022,7,13,18,59831,67000,3305,6,750,252,5207,12999,11,1
6172,7025,23000,29022,7,13,18,59831,67000,3305,6,750,252,5207,12999,0,0
6173,7025,23000,29022,7,13,18,59831,67000,3305,6,750,252,5207,12999,0,0
6174,7025,23000,29022,7,13,18,59831,67000,3305,6,750,252,5207,12999,0,0
6175,7025,23000,29022,7,13,18,59831,67000,3305,6,750,252,5207,12999,0,0
6176,7025,23000,29022,7,13,19,59831,67000,3302,6,750,252,5207,13002,0,1
6177,7025,23000,29022,7,13,19,59831,67000,3302,6,750,252,5207,13002,0,0
6178,7025,23000,29022,7,13,19,59831,67000,3302,6,750,252,5207,13002,0,0
6179,7025,23000,29022,7,13,19,59831,67000,3302,6,750,252,5207,13002,0,0
6180,7025,23000,29772,7,13,19,59831,67000,5055,6,750,252,5207,13002,0,0
6181,7025,23000,29772,7,13,20,59831,67000,5037,6,750,252,5207,13020,0,4
6182,7025,23000,29772,7,13,20,59831,67000,5037,6,750,252,5207,13020,0,0
6183,7025,23000,29772,7,13,19,59831,67000,5037,6,750,252,5207,13020,0,0
6184,7025,23000,29768,7,14,19,59831,67000,5037,6,750,252,5211,13020,2,0
6185,7025,23000,29768,7,14,19,59831,67000,5037,6,750,252,5211,13020,0,0
6186,7025,23000,29768,7,14,20,59831,67000,5019,6,750,252,5211,13038,0,4
6187,7025,23000,29768,7,14,20,59831,67000,5019,6,750,252,5211,13038,0,0
6188,7025,23000,29768,7,14,20,59831,67000,5019,6,750,252,5211,13038,0,0
6189,7025,23000,29768,7,14,20,59831,67000,5019,6,750,252,5211,13038,0,0
6190,7025,23000,29768,7,14,20,59831,67000,5019,6,750,252,5211,13038,0,0
6191,7025,23000,29750,7,15,21,59831,67000,5016,6,750,252,5229,13041,4,1
6192,7025,23000,29750,7,15,21,59831,67000,5016,6,750,252,5229,13041,0,0
6193,7025,23000,29750,7,15,20,59831,67000,5016,6,750,252,5229,13041,0,0
6194,7025,23000,29750,7,15,20,59831,67000,5016,6,750,252,5229,13041,0,0
6195,7025,23000,29732,7,13,20,59831,67000,5016,6,750,252,5247,13041,4,0
6196,7025,23000,29732,7,13,21,59831,67000,4998,6,750,252,5247,13059,0,4
6197,7025,23000,29732,7,13,21,59831,67000,4998,6,750,252,5247,13059,0,0
6198,7025,23000,29732,7,13,21,59831,67000,4998,6,750,252,5247,13059,0,0
6199,7025,23000,29732,7,13,21,59831,67000,4998,6,750,252,5247,13059,0,0
6200,7025,23000,29732,7,13,19,59831,67000,4998,6,750,252,5247,13059,0,0
6201,7025,23000,29714,7,14,20,59831,67000,4980,6,750,252,5265,13077,4,4
6202,7025,23000,29714,7,14,20,59831,67000,4980,6,750,252,5265,13077,0,0
6203,7025,23000,29714,7,14,20,59831,67000,4980,6,750,252,5265,13077,0,0
6204,7025,23000,29714,7,12,20,59831,67000,4980,6,750,252,5265,13077,0,0
6205,7025,23000,29714,7,12,20,59831,67000,4980,6,750,252,5265,13077,0,0
6206,7025,23000,29714,7,12,20,59831,67000,4980,6,750,252,5265,13077,0,0
6207,7025,23000,29714,7,12,20,59831,67000,4980,6,750,252,5265,13077,0,0
6208,7025,23000,29714,7,12,20,59831,67000,4980,6,750,252,5265,13077,0,0
6209,7025,23000,29696,7,13,19,59831,67000,4980,6,750,252,5283,13077,4,0
6210,7025,23000,30446,7,13,19,59831,67000,5232,6,750,252,5283,13077,0,0
6211,7025,23000,30446,7,13,19,59831,67000,5232,6,750,252,5283,13077,0,0
6212,7025,23000,30446,7,13,19,59831,67000,5232,6,750,252,5283,13077,0,0
6213,7025,23000,30446,7,13,19,59831,67000,5232,6,750,252,5283,13077,0,0
6214,7025,23000,30446,7,13,19,59831,67000,5232,6,750,252,5283,13077,0,0
6215,7025,23000,30446,7,12,19,59831,67000,5232,6,750,252,5283,13077,0,0
6216,7025,23000,30428,7,13,20,59831,67000,5229,6,750,252,5301,13080,4,1
6217,7025,23000,30428,7,13,20,59831,67000,5229,6,750,252,5301,13080,0,0
6218,7025,23000,30428,7,13,19,59831,67000,5229,6,750,252,5301,13080,0,0
6219,5525,23000,30428,7,7,3,58331,67000,5229,6,750,252,5301,13080,0,0
6220,5525,23000,30428,7,7,3,58331,67000,5229,6,750,252,5301,13080,0,0
6221,5525,23000,30428,7,7,4,58331,67000,5211,6,750,252,5301,13098,0,4
6222,5525,23000,30428,7,7,4,58331,67000,5211,6,750,252,5301,13098,0,0
6223,5525,23000,30428,7,7,4,58331,67000,5211,6,750,252,5301,13098,0,0
6224,5525,23000,30428,7,7,4,58331,67000,5211,6,750,252,5301,13098,0,0
6225,5525,23000,30428,7,7,4,58331,67000,5211,6,750,252,5301,13098,0,0
6226,5525,23000,30428,7,7,5,58331,67000,5202,6,750,252,5301,13107,0,3
6227,5525,23000,30410,7,8,5,58331,67000,5202,6,750,252,5319,13107,4,0
6228,5525,23000,30410,7,8,5,58331,67000,5202,6,750,252,5319,13107,0,0
6229,5525,23000,30410,7,8,5,58331,67000,5202,6,750,252,5319,13107,0,0
6230,5525,23000,30410,7,8,5,58331,67000,5202,6,750,252,5319,13107,0,0
6231,5525,23000,30410,7,8,6,58331,67000,5199,6,750,252,5319,13110,0,1
6232,5525,23000,30410,7,8,6,58331,67000,5199,6,750,252,5319,13110,0,0
6233,5525,23000,30410,7,8,6,58331,67000,5199,6,750,252,5319,13110,0,0
6234,5525,23000,30410,7,8,6,58331,67000,5199,6,750,252,5319,13110,0,0
6235,5525,23000,30392,7,9,6,58331,67000,5199,6,750,252,5337,13110,4,0
6236,5525,23000,30392,7,9,7,58331,67000,5190,6,750,252,5337,13119,0,3
6237,5525,23000,30392,7,9,7,58331,67000,5190,6,750,252,5337,13119,0,0
6238,5525,23000,30392,7,9,7,58331,67000,5190,6,750,252,5337,13119,0,0
6239,5525,23000,30392,7,9,7,58331,67000,5190,6,750,252,5337,13119,0,0
6240,5525,23000,31142,7,9,7,58331,67000,5443,6,750,252,5337,13119,0,0
6241,5525,23000,31142,7,9,8,58331,67000,5434,6,750,252,5337,13128,0,3
6242,5525,23000,31124,7,10,8,58331,67000,5434,6,750,252,5355,13128,4,0
6243,5525,23000,31124,7,10,8,58331,67000,5434,6,750,252,5355,13128,0,0
6244,5525,23000,31124,7,10,8,58331,67000,5434,6,750,252,5355,13128,0,0
6245,5525,23000,31124,7,10,8,58331,67000,5434,6,750,252,5355,13128,0,0
6246,5525,23000,31124,7,10,9,58331,67000,5431,6,750,252,5355,13131,0,1
6247,5525,23000,31124,7,10,9,58331,67000,5431,6,750,252,5355,13131,0,0
6248,5525,23000,31124,7,10,9,58331,67000,5431,6,750,252,5355,13131,0,0
6249,5525,23000,31106,7,11,9,58331,67000,5431,6,750,252,5373,13131,4,0
6250,5525,23000,31106,7,11,9,58331,67000,5431,6,750,252,5373,13131,0,0
6251,5525,23000,31106,7,11,10,58331,67000,5422,6,750,252,5373,13140,0,3
6252,5525,23000,31106,7,11,10,58331,67000,5422,6,750,252,5373,13140,0,0
6253,5525,23000,31106,7,11,10,58331,67000,5422,6,750,252,5373,13140,0,0
6254,5525,23000,31106,7,11,10,58331,67000,5422,6,750,252,5373,13140,0,0
6255,5525,23000,31088,7,12,10,58331,67000,5422,6,750,252,5391,13140,4,0
6256,5525,23000,31088,7,12,11,58331,67000,5413,6,750,252,5391,13149,0,3
6257,5525,23000,31088,7,12,11,58331,67000,5413,6,750,252,5391,13149,0,0
6258,5525,23000,31088,7,12,11,58331,67000,5413,6,750,252,5391,13149,0,0
6259,5525,23000,31088,7,11,11,58331,67000,5413,6,750,252,5391,13149,0,0
6260,5525,23000,31070,7,12,11,58331,67000,5413,6,750,252,5409,13149,4,0
6261,5525,23000,31070,7,12,12,58331,67000,5410,6,750,252,5409,13152,0,1
6262,5525,23000,31070,7,12,12,58331,67000,5410,6,750,252,5409,13152,0,0
6263,5525,23000,31070,7,12,12,58331,67000,5410,6,750,252,5409,13152,0,0
6264,5525,23000,31070,7,12,12,58331,67000,5410,6,750,252,5409,13152,0,0
6265,5525,23000,31070,7,12,12,58331,67000,5410,6,750,252,5409,13152,0,0
6266,5525,23000,31070,7,12,13,58331,67000,5401,6,750,252,5409,13161,0,3
6267,5525,23000,31070,7,12,13,58331,67000,5401,6,750,252,5409,13161,0,0
6268,5525,23000,31052,7,13,13,58331,67000,5401,6,750,252,5427,13161,4,0
6269,5525,23000,31052,7,13,13,58331,67000,5401,6,750,252,5427,13161,0,0
6270,5525,23000,31802,7,13,13,58331,67000,5653,6,750,252,5427,13161,0,0
6271,5525,23000,31802,7,13,14,58331,67000,5644,6,750,252,5427,13170,0,3
6272,5525,23000,31802,7,12,14,58331,67000,5644,6,750,252,5427,13170,0,0
6273,5525,23000,31802,7,12,14,58331,67000,5644,6,750,252,5427,13170,0,0
6274,5525,23000,31802,7,12,14,58331,67000,5644,6,750,252,5427,13170,0,0
6275,5525,23000,31802,7,12,14,58331,67000,5644,6,750,252,5427,13170,0,0
6276,5525,23000,31802,7,12,15,58331,67000,5641,6,750,252,5427,13173,0,1
6277,5525,23000,31784,7,13,15,58331,67000,5641,6,750,252,5445,13173,4,0
6278,5525,23000,31784,7,13,15,58331,67000,5641,6,750,252,5445,13173,0,0
6279,5525,23000,31784,7,13,15,58331,67000,5641,6,750,252,5445,13173,0,0
6280,5525,23000,31784,7,13,15,58331,67000,5641,6,750,252,5445,13173,0,0
6281,5525,23000,31784,7,13,16,58331,67000,5632,6,750,252,5445,13182,0,3
6282,5525,23000,31766,7,14,16,58331,67000,5632,6,750,252,5463,13182,4,0
6283,5525,23000,31766,7,13,16,58331,67000,5632,6,750,252,5463,13182,0,0
6284,5525,23000,31766,7,13,16,58331,67000,5632,6,750,252,5463,13182,0,0
6285,5525,23000,31766,7,13,16,58331,67000,5632,6,750,252,5463,13182,0,0
6286,5525,23000,31766,7,13,17,58331,67000,5623,6,750,252,5463,13191,0,3
6287,5525,23000,31766,7,13,17,58331,67000,5623,6,750,252,5463,13191,0,0
6288,5525,23000,31748,7,14,17,58331,67000,5623,6,750,252,5481,13191,4,0
6289,5525,23000,31748,7,14,17,58331,67000,5623,6,750,252,5481,13191,0,0
6290,5525,23000,31748,7,14,17,58331,67000,5623,6,750,252,5481,13191,0,0
6291,5525,23000,31748,7,14,18,58331,67000,5620,6,750,252,5481,13194,0,1
6292,5525,23000,31748,7,14,18,58331,67000,5620,6,750,252,5481,13194,0,0
6293,5525,23000,31748,7,14,18,58331,67000,5620,6,750,252,5481,13194,0,0
6294,5525,23000,31748,7,14,18,58331,67000,5620,6,750,252,5481,13194,0,0
6295,5525,23000,31748,7,14,18,58331,67000,5620,6,750,252,5481,13194,0,0
6296,5525,23000,31730,7,15,19,58331,67000,5611,6,750,252,5499,13203,4,3
6297,5525,23000,31730,7,15,19,58331,67000,5611,6,750,252,5499,13203,0,0
6298,5525,23000,31730,7,15,19,58331,67000,5611,6,750,252,5499,13203,0,0
6299,5525,23000,31730,7,15,19,58331,67000,5611,6,750,252,5499,13203,0,0
6300,5525,23000,32480,7,15,19,58331,67000,5864,6,750,252,5499,13203,0,0
6301,5525,23000,32462,7,16,20,58331,67000,5855,6,750,252,5517,13212,4,3
6302,5525,23000,32462,7,16,20,58331,67000,5855,6,750,252,5517,13212,0,0
6303,5525,23000,32462,7,16,20,58331,67000,5855,6,750,252,5517,13212,0,0
6304,5525,23000,32462,7,16,20,58331,67000,5855,6,750,252,5517,13212,0,0
6305,5525,23000,32462,7,13,20,58331,67000,5855,6,750,252,5517,13212,0,0
6306,5525,23000,32462,7,13,21,58331,67000,5852,6,750,252,5517,13215,0,1
6307,5525,23000,32444,7,14,21,58331,67000,5852,6,750,252,5535,13215,4,0
6308,5525,23000,32444,7,14,21,58331,67000,5852,6,750,252,5535,13215,0,0
6309,5525,23000,32444,7,14,21,58331,67000,5852,6,750,252,5535,13215,0,0
6310,5525,23000,32444,7,14,21,58331,67000,5852,6,750,252,5535,13215,0,0
6311,5525,23000,32444,7,14,22,58331,67000,5843,6,750,252,5535,13224,0,3
6312,5525,23000,32426,7,15,22,58331,67000,5843,6,750,252,5553,13224,4,0
6313,5525,23000,32426,7,15,22,58331,67000,5843,6,750,252,5553,13224,0,0
6314,5525,23000,32426,7,15,22,58331,67000,5843,6,750,252,5553,13224,0,0
6315,5525,23000,32426,7,15,22,58331,67000,5843,6,750,252,5553,13224,0,0
6316,5525,23000,32426,7,15,23,58331,67000,5834,6,750,252,5553,13233,0,3
6317,5525,23000,32426,7,15,23,58331,67000,5834,6,750,252,5553,13233,0,0
6318,5525,23000,32408,7,14,23,58331,67000,5834,6,750,252,5571,13233,4,0
6319,5525,23000,32408,7,14,23,58331,67000,5834,6,750,252,5571,13233,0,0
6320,5525,23000,32408,7,14,23,58331,67000,5834,6,750,252,5571,13233,0,0
6321,5525,23000,32408,7,14,24,58331,67000,5831,6,750,252,5571,13236,0,1
6322,5525,23000,32408,7,14,24,58331,67000,5831,6,750,252,5571,13236,0,0
6323,5525,23000,32390,7,15,24,58331,67000,5831,6,750,252,5589,13236,4,0
6324,5525,23000,32390,7,15,24,58331,67000,5831,6,750,252,5589,13236,0,0
6325,5525,23000,32390,7,15,24,58331,67000,5831,6,750,252,5589,13236,0,0
6326,5525,23000,32390,7,15,25,58331,67000,5822,6,750,252,5589,13245,0,3
6327,5525,23000,32390,7,15,25,58331,67000,5822,6,750,252,5589,13245,0,0
6328,5525,23000,32372,7,16,25,58331,67000,5822,6,750,252,5607,13245,4,0
6329,5525,23000,32372,7,13,25,58331,67000,5822,6,750,252,5607,13245,0,0
6330,5525,23000,33122,7,13,25,58331,67000,6074,6,750,252,5607,13245,0,0
6331,5525,23000,33122,7,13,26,58331,67000,6065,6,750,252,5607,13254,0,3
6332,5525,23000,33122,7,13,26,58331,67000,6065,6,750,252,5607,13254,0,0
6333,5525,23000,33122,7,13,26,58331,67000,6065,6,750,252,5607,13254,0,0
6334,5525,23000,33104,7,14,26,58331,67000,6065,6,750,252,5625,13254,4,0
6335,5525,23000,33104,7,14,26,58331,67000,6065,6,750,252,5625,13254,0,0
6336,5525,23000,33104,7,14,27,58331,67000,6062,6,750,252,5625,13257,0,1
6337,5525,23000,33104,7,14,27,58331,67000,6062,6,750,252,5625,13257,0,0
6338,5525,23000,33104,7,14,27,58331,67000,6062,6,750,252,5625,13257,0,0
6339,5525,23000,33086,7,15,27,58331,67000,6062,6,750,252,5643,13257,4,0
6340,5525,23000,33086,7,15,27,58331,67000,6062,6,750,252,5643,13257,0,0
6341,5525,23000,33086,7,15,28,58331,67000,6053,6,750,252,5643,13266,0,3
6342,5525,23000,33086,7,15,28,58331,67000,6053,6,750,252,5643,13266,0,0
6343,5525,23000,33068,7,16,28,58331,67000,6053,6,750,252,5661,13266,4,0
6344,5525,23000,33068,7,16,28,58331,67000,6053,6,750,252,5661,13266,0,0
6345,5525,23000,33068,7,16,28,58331,67000,6053,6,750,252,5661,13266,0,0
6346,5525,23000,33068,7,16,29,58331,67000,6044,6,750,252,5661,13275,0,3
6347,5525,23000,33068,7,16,29,58331,67000,6044,6,750,252,5661,13275,0,0
6348,5525,23000,33068,7,16,29,58331,67000,6044,6,750,252,5661,13275,0,0
6349,5525,23000,33068,7,16,29,58331,67000,6044,6,750,252,5661,13275,0,0
6350,5525,23000,33068,7,16,29,58331,67000,6044,6,750,252,5661,13275,0,0
6351,5525,23000,33068,7,15,30,58331,67000,6041,6,750,252,5661,13278,0,1
6352,5525,23000,33068,7,15,30,58331,67000,6041,6,750,252,5661,13278,0,0
6353,5525,23000,33068,7,15,30,58331,67000,6041,6,750,252,5661,13278,0,0
6354,5525,23000,33068,7,15,30,58331,67000,6041,6,750,252,5661,13278,0,0
6355,5525,23000,33068,7,15,30,58331,67000,6041,6,750,252,5661,13278,0,0
6356,5525,23000,33068,7,15,31,58331,67000,6032,6,750,252,5661,13287,0,3
6357,5525,23000,33068,7,15,31,58331,67000,6032,6,750,252,5661,13287,0,0
6358,5525,23000,33068,7,15,31,58331,67000,6032,6,750,252,5661,13287,0,0
6359,5525,23000,33068,7,15,31,58331,67000,6032,6,750,252,5661,13287,0,0
6360,5525,23000,33818,7,15,31,58331,67000,6285,6,750,252,5661,13287,0,0
6361,5525,23000,33818,7,15,32,58331,67000,6276,6,750,252,5661,13296,0,3
6362,5525,23000,33818,7,15,32,58331,67000,6276,6,750,252,5661,13296,0,0
6363,5525,23000,33818,7,15,32,58331,67000,6276,6,750,252,5661,13296,0,0
6364,5525,23000,33818,7,14,32,58331,67000,6276,6,750,252,5661,13296,0,0
6365,5525,23000,33818,7,14,32,58331,67000,6276,6,750,252,5661,13296,0,0
6366,5525,23000,33818,7,14,33,58331,67000,6273,6,750,252,5661,13299,0,1
6367,5525,23000,33818,7,14,33,58331,67000,6273,6,750,252,5661,13299,0,0
6368,5525,23000,33818,7,14,33,58331,67000,6273,6,750,252,5661,13299,0,0
6369,5525,23000,33818,7,14,33,58331,67000,6273,6,750,252,5661,13299,0,0
6370,5525,23000,33818,7,14,32,58331,67000,6273,6,750,252,5661,13299,0,0
6371,5525,23000,33818,7,14,33,58331,67000,6264,6,750,252,5661,13308,0,3
6372,5525,23000,33818,7,14,33,58331,67000,6264,6,750,252,5661,13308,0,0
6373,5525,23000,33818,7,14,33,58331,67000,6264,6,750,252,5661,13308,0,0
6374,5525,23000,33818,7,14,33,58331,67000,6264,6,750,252,5661,13308,0,0
6375,5525,23000,33818,7,11,33,58331,67000,6264,6,750,252,5661,13308,0,0
6376,5525,23000,33818,7,11,33,58331,67000,6255,6,750,252,5661,13317,0,3
6377,5525,23000,32378,7,12,33,58331,67000,6255,6,750,252,5661,13317,12,0
6378,5525,23000,32378,7,12,33,58331,67000,6255,6,750,252,5661,13317,0,0
6379,5525,23000,32378,7,12,33,58331,67000,6255,6,750,252,5661,13317,0,0
6380,5525,23000,32378,7,12,33,58331,67000,6255,6,750,252,5661,13317,0,0
6381,5525,23000,32378,7,12,34,58331,67000,6252,6,750,252,5661,13320,0,1
6382,5525,23000,32360,7,13,34,58331,67000,6252,6,750,252,5679,13320,4,0
6383,5525,23000,32360,7,13,34,58331,67000,6252,6,750,252,5679,13320,0,0
6384,5525,23000,32360,7,13,34,58331,67000,6252,6,750,252,5679,13320,0,0
6385,5525,23000,32360,7,13,34,58331,67000,6252,6,750,252,5679,13320,0,0
6386,5525,23000,32360,7,13,35,58331,67000,6249,6,750,252,5679,13323,0,1
6387,5525,23000,32360,7,14,35,58331,67000,6249,6,750,252,5679,13323,0,0
6388,5525,23000,32360,7,14,35,58331,67000,6249,6,750,252,5679,13323,0,0
6389,5525,23000,32342,7,15,35,58331,67000,6249,6,750,252,5697,13323,4,0
6390,5525,23000,33092,7,15,35,58331,67000,6501,6,750,252,5697,13323,0,0
6391,5525,23000,33092,7,15,36,58331,67000,6498,6,750,252,5697,13326,0,1
6392,5525,23000,33092,7,15,35,58331,67000,6498,6,750,252,5697,13326,0,0
6393,5525,23000,33092,7,15,35,58331,67000,6498,6,750,252,5697,13326,0,0
6394,5525,23000,33074,7,16,35,58331,67000,6498,6,750,252,5715,13326,4,0
6395,5525,23000,33074,7,16,34,58331,67000,6498,6,750,252,5715,13326,0,0
6396,5525,23000,33074,7,16,35,58331,67000,6480,6,750,252,5715,13344,0,4
6397,5525,23000,33074,7,15,35,58331,67000,6480,6,750,252,5715,13344,0,0
6398,5525,23000,33074,7,15,35,58331,67000,6480,6,750,252,5715,13344,0,0
6399,5525,23000,33074,7,15,35,58331,67000,6480,6,750,252,5715,13344,0,0
6400,5525,23000,33056,7,16,35,58331,67000,6480,6,750,252,5733,13344,4,0
6401,5525,23000,33056,7,16,36,58331,67000,6477,6,750,252,5733,13347,0,1
6402,5525,23000,33056,7,16,36,58331,67000,6477,6,750,252,5733,13347,0,0
6403,5525,23000,33056,7,16,36,58331,67000,6477,6,750,252,5733,13347,0,0
6404,5525,23000,33056,7,16,36,58331,67000,6477,6,750,252,5733,13347,0,0
6405,5525,23000,33038,7,17,36,58331,67000,6477,6,750,252,5751,13347,4,0
6406,5525,23000,33038,7,17,37,58331,67000,6474,6,750,252,5751,13350,0,1
6407,5525,23000,33038,7,18,37,58331,67000,6474,6,750,252,5751,13350,0,0
6408,5525,23000,33038,7,18,37,58331,67000,6474,6,750,252,5751,13350,0,0
6409,5525,23000,33038,7,18,37,58331,67000,6474,6,750,252,5751,13350,0,0
6410,5525,23000,33038,7,15,37,58331,67000,6474,6,750,252,5751,13350,0,0
6411,5525,23000,33038,7,15,37,58331,67000,6471,6,750,252,5751,13353,0,1
6412,5525,23000,33020,7,16,37,58331,67000,6471,6,750,252,5769,13353,4,0
6413,5525,23000,33020,7,16,37,58331,67000,6471,6,750,252,5769,13353,0,0
6414,5525,23000,33020,7,16,37,58331,67000,6471,6,750,252,5769,13353,0,0
6415,5525,23000,33020,7,16,36,58331,67000,6471,6,750,252,5769,13353,0,0
6416,5525,23000,33020,7,16,37,58331,67000,6453,6,750,252,5769,13371,0,4
6417,5525,23000,33020,7,17,37,58331,67000,6453,6,750,252,5769,13371,0,0
6418,5525,23000,33002,7,18,37,58331,67000,6453,6,750,252,5787,13371,4,0
6419,5525,23000,33002,7,18,37,58331,67000,6453,6,750,252,5787,13371,0,0
6420,5525,23000,33752,7,18,37,58331,67000,6706,6,750,252,5787,13371,0,0
6421,5525,23000,33752,7,15,38,58331,67000,6703,6,750,252,5787,13374,0,1
6422,5525,23000,33734,7,16,38,58331,67000,6703,6,750,252,5805,13374,4,0
6423,5525,23000,33734,7,16,38,58331,67000,6703,6,750,252,5805,13374,0,0
6424,5525,23000,33734,7,16,38,58331,67000,6703,6,750,252,5805,13374,0,0
6425,5525,23000,33734,7,16,38,58331,67000,6703,6,750,252,5805,13374,0,0
6426,5525,23000,33734,7,16,39,58331,67000,6700,6,750,252,5805,13377,0,1
6427,5525,23000,33734,7,16,39,58331,67000,6700,6,750,252,5805,13377,0,0
6428,5525,23000,33716,7,17,39,58331,67000,6700,6,750,252,5823,13377,4,0
6429,5525,23000,33716,7,17,39,58331,67000,6700,6,750,252,5823,13377,0,0
6430,5525,23000,33716,7,17,39,58331,67000,6700,6,750,252,5823,13377,0,0
6431,5525,23000,33716,7,17,40,58331,67000,6697,6,750,252,5823,13380,0,1
6432,5525,23000,33698,7,18,40,58331,67000,6697,6,750,252,5841,13380,4,0
6433,5525,23000,33698,7,18,40,58331,67000,6697,6,750,252,5841,13380,0,0
6434,5525,23000,33698,7,18,40,58331,67000,6697,6,750,252,5841,13380,0,0
6435,5525,23000,33698,7,18,39,58331,67000,6697,6,750,252,5841,13380,0,0
6436,5525,23000,33698,7,18,40,58331,67000,6679,6,750,252,5841,13398,0,4
6437,5525,23000,33698,7,18,40,58331,67000,6679,6,750,252,5841,13398,0,0
6438,5525,23000,33698,7,18,40,58331,67000,6679,6,750,252,5841,13398,0,0
6439,5525,23000,33698,7,18,40,58331,67000,6679,6,750,252,5841,13398,0,0
6440,5525,23000,33698,7,18,40,58331,67000,6679,6,750,252,5841,13398,0,0
6441,5525,23000,33680,7,19,41,58331,67000,6676,6,750,252,5859,13401,4,1
6442,5525,23000,33680,7,19,40,58331,67000,6676,6,750,252,5859,13401,0,0
6443,5525,23000,33680,7,16,40,58331,67000,6676,6,750,252,5859,13401,0,0
6444,5525,23000,33680,7,16,40,58331,67000,6676,6,750,252,5859,13401,0,0
6445,5525,23000,33662,7,17,40,58331,67000,6676,6,750,252,5877,13401,4,0
6446,5525,23000,33662,7,17,41,58331,67000,6673,6,750,252,5877,13404,0,1
6447,5525,23000,33662,7,17,41,58331,67000,6673,6,750,252,5877,13404,0,0
6448,5525,23000,33662,7,17,41,58331,67000,6673,6,750,252,5877,13404,0,0
6449,5525,23000,33644,7,18,41,58331,67000,6673,6,750,252,5895,13404,4,0
6450,5525,23000,34394,7,18,41,58331,67000,6925,6,750,252,5895,13404,0,0
6451,5525,23000,34394,7,18,42,58331,67000,6907,6,750,252,5895,13422,0,4
6452,5525,23000,34394,7,18,42,58331,67000,6907,6,750,252,5895,13422,0,0
6453,5525,23000,34394,7,18,42,58331,67000,6907,6,750,252,5895,13422,0,0
6454,5525,23000,34394,7,18,42,58331,67000,6907,6,750,252,5895,13422,0,0
6455,5525,23000,34394,7,18,42,58331,67000,6907,6,750,252,5895,13422,0,0
6456,5525,23000,34394,7,16,43,58331,67000,6904,6,750,252,5895,13425,0,1
6457,5525,23000,34394,7,16,43,58331,67000,6904,6,750,252,5895,13425,0,0
6458,5525,23000,34394,7,16,43,58331,67000,6904,6,750,252,5895,13425,0,0
6459,5525,23000,34394,7,16,39,58331,67000,6904,6,750,252,5895,13425,0,0
6460,5525,23000,34394,7,16,39,58331,67000,6904,6,750,252,5895,13425,0,0
6461,5525,23000,34394,7,16,40,58331,67000,6901,6,750,252,5895,13428,0,1
6462,5525,23000,34394,7,16,40,58331,67000,6901,6,750,252,5895,13428,0,0
6463,5525,23000,34394,7,16,40,58331,67000,6901,6,750,252,5895,13428,0,0
6464,5525,23000,34394,7,16,39,58331,67000,6901,6,750,252,5895,13428,0,0
6465,5525,23000,34394,7,16,39,58331,67000,6901,6,750,252,5895,13428,0,0
6466,5525,23000,34394,7,16,40,58331,67000,6898,6,750,252,5895,13431,0,1
6467,5525,23000,34394,7,16,40,58331,67000,6898,6,750,252,5895,13431,0,0
6468,5525,23000,33419,7,16,40,58331,67000,6898,6,750,252,5895,13431,13,0
6469,5525,23000,33419,7,16,40,58331,67000,6898,6,750,252,5895,13431,0,0
6470,5525,23000,33419,7,16,39,58331,67000,6898,6,750,252,5895,13431,0,0
6471,5525,23000,33419,7,16,40,58331,67000,6880,6,750,252,5895,13449,0,4
6472,5525,23000,33419,7,16,40,58331,67000,6880,6,750,252,5895,13449,0,0
6473,5525,23000,33419,7,16,40,58331,67000,6880,6,750,252,5895,13449,0,0
6474,5525,23000,33419,7,16,40,58331,67000,6880,6,750,252,5895,13449,0,0
6475,5525,23000,33419,7,16,40,58331,67000,6880,6,750,252,5895,13449,0,0
6476,5525,23000,33419,7,16,40,58331,67000,6877,6,750,252,5895,13452,0,1
6477,5525,23000,33419,7,16,40,58331,67000,6877,6,750,252,5895,13452,0,0
6478,5525,23000,33419,7,16,40,58331,67000,6877,6,750,252,5895,13452,0,0
6479,5525,23000,33419,7,16,40,58331,67000,6877,6,750,252,5895,13452,0,0
6480,5525,23000,34169,7,16,39,58331,67000,7130,6,750,252,5895,13452,0,0
6481,5525,23000,34169,7,16,40,58331,67000,7127,6,750,252,5895,13455,0,1
6482,5525,23000,34169,7,16,40,58331,67000,7127,6,750,252,5895,13455,0,0
6483,5525,23000,34151,7,17,40,58331,67000,7127,6,750,252,5913,13455,4,0
6484,5525,23000,34151,7,17,40,58331,67000,7127,6,750,252,5913,13455,0,0
6485,5525,23000,34151,7,17,40,58331,67000,7127,6,750,252,5913,13455,0,0
6486,5525,23000,34151,7,17,41,58331,67000,7124,6,750,252,5913,13458,0,1
6487,5525,23000,34151,7,17,41,58331,67000,7124,6,750,252,5913,13458,0,0
6488,5525,23000,34151,7,17,41,58331,67000,7124,6,750,252,5913,13458,0,0
6489,5525,23000,34133,7,18,41,58331,67000,7124,6,750,252,5931,13458,4,0
6490,5525,23000,34133,7,18,41,58331,67000,7124,6,750,252,5931,13458,0,0
6491,5525,23000,34133,7,18,38,58331,67000,7106,6,750,252,5931,13476,0,4
6492,5525,23000,34133,7,18,38,58331,67000,7106,6,750,252,5931,13476,0,0
6493,5525,23000,34133,7,18,38,58331,67000,7106,6,750,252,5931,13476,0,0
6494,5525,23000,34133,7,18,37,58331,67000,7106,6,750,252,5931,13476,0,0
6495,5525,23000,34133,7,18,37,58331,67000,7106,6,750,252,5931,13476,0,0
6496,5525,23000,34115,7,19,38,58331,67000,7103,6,750,252,5949,13479,4,1
6497,5525,23000,34115,7,19,38,58331,67000,7103,6,750,252,5949,13479,0,0
6498,5525,23000,34115,7,19,38,58331,67000,7103,6,750,252,5949,13479,0,0
6499,5525,23000,34115,7,19,38,58331,67000,7103,6,750,252,5949,13479,0,0
6500,5525,23000,34115,7,19,37,58331,67000,7103,6,750,252,5949,13479,0,0
6501,5525,23000,34115,7,19,38,58331,67000,7100,6,750,252,5949,13482,0,1
6502,5525,23000,34097,7,20,35,58331,67000,7100,6,750,252,5967,13482,4,0
6503,5525,23000,34097,7,20,35,58331,67000,7100,6,750,252,5967,13482,0,0
6504,5525,23000,34097,7,20,35,58331,67000,7100,6,750,252,5967,13482,0,0
6505,5525,23000,34097,7,20,33,58331,67000,7100,6,750,252,5967,13482,0,0
6506,5525,23000,34097,7,20,34,58331,67000,7097,6,750,252,5967,13485,0,1
6507,5525,23000,34097,7,20,34,58331,67000,7097,6,750,252,5967,13485,0,0
6508,5525,23000,34079,7,21,34,58331,67000,7097,6,750,252,5985,13485,4,0
6509,5525,23000,34079,7,21,33,58331,67000,7097,6,750,252,5985,13485,0,0
6510,5525,23000,34829,7,20,33,58331,67000,7349,6,750,252,5985,13485,0,0
6511,5525,23000,34829,7,20,33,58331,67000,7331,6,750,252,5985,13503,0,4
6512,5525,23000,34829,7,20,32,58331,67000,7331,6,750,252,5985,13503,0,0
6513,5525,23000,34829,7,20,32,58331,67000,7331,6,750,252,5985,13503,0,0
6514,5525,23000,34811,7,21,32,58331,67000,7331,6,750,252,6003,13503,4,0
6515,5525,23000,34811,7,21,32,58331,67000,7331,6,750,252,6003,13503,0,0
6516,5525,23000,36311,7,21,31,58331,67000,7328,6,750,252,6003,13506,0,1
6517,5525,23000,36311,7,21,31,58331,67000,7328,6,750,252,6003,13506,0,0
6518,5525,23000,36311,7,21,30,58331,67000,7328,6,750,252,6003,13506,0,0
6519,5525,23000,36311,7,21,30,58331,67000,7328,6,750,252,6003,13506,0,0
6520,5525,23000,36311,7,20,30,58331,67000,7328,6,750,252,6003,13506,0,0
6521,5525,23000,36293,7,21,30,58331,67000,7325,6,750,252,6021,13509,4,1
6522,5525,23000,36293,7,21,30,58331,67000,7325,6,750,252,6021,13509,0,0
6523,5525,23000,36293,7,21,30,58331,67000,7325,6,750,252,6021,13509,0,0
6524,5525,23000,36293,7,20,29,58331,67000,7325,6,750,252,6021,13509,0,0
6525,5525,23000,36293,7,20,29,58331,67000,7325,6,750,252,6021,13509,0,0
6526,5525,23000,36293,7,20,27,58331,67000,7307,6,750,252,6021,13527,0,4
6527,5525,23000,36275,7,21,27,58331,67000,7307,6,750,252,6039,13527,4,0
6528,5525,23000,36275,7,21,27,58331,67000,7307,6,750,252,6039,13527,0,0
6529,5525,23000,36275,7,21,27,58331,67000,7307,6,750,252,6039,13527,0,0
6530,5525,23000,36275,7,21,27,58331,67000,7307,6,750,252,6039,13527,0,0
6531,5525,23000,36275,7,21,28,58331,67000,7304,6,750,252,6039,13530,0,1
6532,5525,23000,36257,7,22,28,58331,67000,7304,6,750,252,6057,13530,4,0
6533,5525,23000,36257,7,22,26,58331,67000,7304,6,750,252,6057,13530,0,0
6534,5525,23000,36257,7,22,26,58331,67000,7304,6,750,252,6057,13530,0,0
6535,5525,23000,36257,7,21,26,58331,67000,7304,6,750,252,6057,13530,0,0
6536,5525,23000,36257,7,21,27,58331,67000,7301,6,750,252,6057,13533,0,1
6537,5525,23000,36257,7,21,27,58331,67000,7301,6,750,252,6057,13533,0,0
6538,5525,23000,36257,7,21,27,58331,67000,7301,6,750,252,6057,13533,0,0
6539,5525,23000,36239,7,22,26,58331,67000,7301,6,750,252,6075,13533,4,0
6540,5525,23000,36989,7,22,26,58331,67000,7554,6,750,252,6075,13533,0,0
6541,5525,23000,36989,7,22,27,58331,67000,7551,6,750,252,6075,13536,0,1
6542,5525,23000,36989,7,22,27,58331,67000,7551,6,750,252,6075,13536,0,0
6543,5525,23000,36989,7,22,26,58331,67000,7551,6,750,252,6075,13536,0,0
6544,5525,23000,36989,7,22,26,58331,67000,7551,6,750,252,6075,13536,0,0
6545,5525,23000,36971,7,23,26,58331,67000,7551,6,750,252,6093,13536,4,0
6546,5525,23000,36971,7,23,27,58331,67000,7533,6,750,252,6093,13554,0,4
6547,5525,23000,36971,7,23,26,58331,67000,7533,6,750,252,6093,13554,0,0
6548,5525,23000,36971,7,22,26,58331,67000,7533,6,750,252,6093,13554,0,0
6549,5525,23000,36971,7,22,25,58331,67000,7533,6,750,252,6093,13554,0,0
6550,5525,23000,36971,7,22,25,58331,67000,7533,6,750,252,6093,13554,0,0
6551,5525,23000,36953,7,23,26,58331,67000,7530,6,750,252,6111,13557,4,1
6552,5525,23000,36953,7,23,26,58331,67000,7530,6,750,252,6111,13557,0,0
6553,5525,23000,36953,7,23,26,58331,67000,7530,6,750,252,6111,13557,0,0
6554,5525,23000,36953,7,23,25,58331,67000,7530,6,750,252,6111,13557,0,0
6555,5525,23000,36953,7,23,25,58331,67000,7530,6,750,252,6111,13557,0,0
6556,5525,23000,36953,7,23,25,58331,67000,7527,6,750,252,6111,13560,0,1
6557,5525,23000,36953,7,23,25,58331,67000,7527,6,750,252,6111,13560,0,0
6558,5525,23000,36935,7,24,25,58331,67000,7527,6,750,252,6129,13560,4,0
6559,5525,23000,36935,7,24,24,58331,67000,7527,6,750,252,6129,13560,0,0
6560,5525,23000,36935,7,23,24,58331,67000,7527,6,750,252,6129,13560,0,0
6561,5525,23000,36935,7,23,24,58331,67000,7524,6,750,252,6129,13563,0,1
6562,5525,23000,36935,7,23,24,58331,67000,7524,6,750,252,6129,13563,0,0
6563,5525,23000,36935,7,23,24,58331,67000,7524,6,750,252,6129,13563,0,0
6564,5525,23000,36917,7,24,23,58331,67000,7524,6,750,252,6147,13563,4,0
6565,5525,23000,36917,7,24,23,58331,67000,7524,6,750,252,6147,13563,0,0
6566,5525,23000,36917,7,24,24,58331,67000,7506,6,750,252,6147,13581,0,4
6567,5525,23000,36917,7,24,23,58331,67000,7506,6,750,252,6147,13581,0,0
6568,5525,23000,36917,7,24,23,58331,67000,7506,6,750,252,6147,13581,0,0
6569,5525,23000,36917,7,24,23,58331,67000,7506,6,750,252,6147,13581,0,0
6570,5525,23000,37667,7,23,23,58331,67000,7758,6,750,252,6147,13581,0,0
6571,5525,23000,37649,7,24,24,58331,67000,7755,6,750,252,6165,13584,4,1
6572,5525,23000,37649,7,24,23,58331,67000,7755,6,750,252,6165,13584,0,0
6573,5525,23000,37649,7,24,23,58331,67000,7755,6,750,252,6165,13584,0,0
6574,5525,23000,37649,7,24,22,58331,67000,7755,6,750,252,6165,13584,0,0
6575,5525,23000,37649,7,24,22,58331,67000,7755,6,750,252,6165,13584,0,0
6576,5525,23000,37649,7,24,23,58331,67000,7752,6,750,252,6165,13587,0,1
6577,5525,23000,37649,7,24,23,58331,67000,7752,6,750,252,6165,13587,0,0
6578,5525,23000,37649,7,24,23,58331,67000,7752,6,750,252,6165,13587,0,0
6579,5525,23000,37631,7,25,22,58331,67000,7752,6,750,252,6183,13587,4,0
6580,5525,23000,37631,7,25,22,58331,67000,7752,6,750,252,6183,13587,0,0
6581,5525,23000,37631,7,25,22,58331,67000,7734,6,750,252,6183,13605,0,4
6582,5525,23000,37631,7,24,22,58331,67000,7734,6,750,252,6183,13605,0,0
6583,5525,23000,37631,7,24,22,58331,67000,7734,6,750,252,6183,13605,0,0
6584,5525,23000,37631,7,24,22,58331,67000,7734,6,750,252,6183,13605,0,0
6585,5525,23000,37631,7,24,20,58331,67000,7734,6,750,252,6183,13605,0,0
6586,5525,23000,37613,7,25,20,58331,67000,6759,6,750,252,6201,13605,4,13
6587,5525,23000,37613,7,25,21,58331,67000,6756,6,750,252,6201,13608,0,1
6588,5525,23000,37613,7,24,20,58331,67000,6756,6,750,252,6201,13608,0,0
6589,5525,23000,37613,7,24,20,58331,67000,6756,6,750,252,6201,13608,0,0
6590,5525,23000,37613,7,24,20,58331,67000,6756,6,750,252,6201,13608,0,0
6591,5525,23000,37613,7,24,21,58331,67000,6753,6,750,252,6201,13611,0,1
6592,5525,23000,37613,7,24,21,58331,67000,6753,6,750,252,6201,13611,0,0
6593,5525,23000,37613,7,24,21,58331,67000,6753,6,750,252,6201,13611,0,0
6594,5525,23000,37613,7,24,21,58331,67000,6753,6,750,252,6201,13611,0,0
6595,5525,23000,37613,7,24,21,58331,67000,6753,6,750,252,6201,13611,0,0
6596,5525,23000,37613,7,24,22,58331,67000,6735,6,750,252,6201,13629,0,4
6597,5525,23000,37595,7,25,22,58331,67000,6735,6,750,252,6219,13629,4,0
6598,5525,23000,37595,7,25,22,58331,67000,6735,6,750,252,6219,13629,0,0
6599,5525,23000,37595,7,25,22,58331,67000,6735,6,750,252,6219,13629,0,0
6600,5525,23000,38345,7,25,22,58331,67000,6988,6,750,252,6219,13629,0,0
6601,5525,23000,38345,7,25,22,58331,67000,6988,6,750,252,6219,13629,0,0
6602,5525,23000,38345,7,25,18,58331,67000,6988,6,750,252,6219,13629,0,0
6603,5525,23000,38327,7,26,18,58331,67000,6988,6,750,252,6237,13629,4,0
6604,5525,23000,38327,7,26,18,58331,67000,6988,6,750,252,6237,13629,0,0
6605,5525,23000,38327,7,26,18,58331,67000,6988,6,750,252,6237,13629,0,0
6606,5525,23000,38327,7,26,16,58331,67000,6988,6,750,252,6237,13629,0,0
6607,5525,23000,38327,7,26,16,58331,67000,6988,6,750,252,6237,13629,0,0
6608,5525,23000,38327,7,26,16,58331,67000,6988,6,750,252,6237,13629,0,0
6609,5525,23000,38327,7,26,16,58331,67000,6988,6,750,252,6237,13629,0,0
6610,5525,23000,38327,7,26,16,58331,67000,6988,6,750,252,6237,13629,0,0
6611,5525,23000,38309,7,27,16,58331,67000,6988,6,750,252,6255,13629,4,0
6612,5525,23000,38309,7,27,16,58331,67000,6988,6,750,252,6255,13629,0,0
6613,5525,23000,38309,7,27,14,58331,67000,6988,6,750,252,6255,13629,0,0
6614,5525,23000,38309,7,27,14,58331,67000,6988,6,750,252,6255,13629,0,0
6615,5525,23000,38309,7,27,14,58331,67000,6988,6,750,252,6255,13629,0,0
6616,5525,23000,38309,7,27,13,58331,67000,6988,6,750,252,6255,13629,0,0
6617,5525,23000,38309,7,25,13,58331,67000,6988,6,750,252,6255,13629,0,0
6618,5525,23000,38291,7,26,12,58331,67000,6988,6,750,252,6273,13629,4,0
6619,5525,23000,38291,7,26,12,58331,67000,6988,6,750,252,6273,13629,0,0
6620,5525,23000,38291,7,26,12,58331,67000,6988,6,750,252,6273,13629,0,0
6621,5525,23000,38291,7,26,12,58331,67000,6988,6,750,252,6273,13629,0,0
6622,5525,23000,38291,7,26,11,58331,67000,6988,6,750,252,6273,13629,0,0
6623,5525,23000,38291,7,26,11,58331,67000,6988,6,750,252,6273,13629,0,0
6624,5525,23000,38291,7,26,11,58331,67000,6988,6,750,252,6273,13629,0,0
6625,5525,23000,38273,7,27,11,58331,67000,6988,6,750,252,6291,13629,4,0
6626,5525,23000,38273,7,27,10,58331,67000,6988,6,750,252,6291,13629,0,0
6627,5525,23000,38273,7,27,10,58331,67000,6988,6,750,252,6291,13629,0,0
6628,5525,23000,38273,7,27,10,58331,67000,6988,6,750,252,6291,13629,0,0
6629,5525,23000,38273,7,27,10,58331,67000,6988,6,750,252,6291,13629,0,0
6630,5525,23000,39023,7,27,10,58331,67000,7240,6,750,252,6291,13629,0,0
6631,5525,23000,39023,7,27,8,58331,67000,7240,6,750,252,6291,13629,0,0
6632,5525,23000,39005,7,28,8,58331,67000,7240,6,750,252,6309,13629,4,0
6633,5525,23000,39005,7,28,8,58331,67000,7240,6,750,252,6309,13629,0,0
6634,5525,23000,39005,7,28,7,58331,67000,8740,6,750,252,6309,13629,0,0
6635,5525,23000,39005,7,28,7,58331,67000,8740,6,750,252,6309,13629,0,0
6636,5525,23000,39005,7,28,7,58331,67000,660,7,750,750,6309,13629,0,9
6637,5525,23000,39005,7,28,7,58331,67000,660,7,750,750,6309,13629,0,0
6638,5525,23000,39005,7,28,6,58331,67000,660,7,750,750,6309,13629,0,0
6639,5525,23000,39005,7,28,6,58331,67000,660,7,750,750,6309,13629,0,0
6640,5525,23000,38987,7,29,6,58331,67000,660,7,750,750,6327,13629,4,0
6641,5525,23000,38987,7,29,7,58331,67000,642,7,750,750,6327,13647,0,4
6642,5525,23000,38987,7,29,6,58331,67000,642,7,750,750,6327,13647,0,0
6643,5525,23000,38987,7,29,6,58331,67000,642,7,750,750,6327,13647,0,0
6644,5525,23000,38987,7,29,6,58331,67000,642,7,750,750,6327,13647,0,0
6645,5525,23000,38987,7,29,6,58331,67000,642,7,750,750,6327,13647,0,0
6646,5525,23000,38987,7,29,6,58331,67000,624,7,750,750,6327,13665,0,4
6647,5525,23000,38969,7,30,6,58331,67000,624,7,750,750,6345,13665,4,0
6648,5525,23000,38969,7,30,6,58331,67000,624,7,750,750,6345,13665,0,0
6649,5525,23000,38969,7,30,5,58331,67000,624,7,750,750,6345,13665,0,0
6650,5525,23000,38969,7,30,5,58331,67000,624,7,750,750,6345,13665,0,0
6651,5525,23000,38969,7,30,6,58331,67000,606,7,750,750,6345,13683,0,4
6652,5525,23000,38969,7,30,6,58331,67000,606,7,750,750,6345,13683,0,0
6653,5525,23000,38969,7,30,6,58331,67000,606,7,750,750,6345,13683,0,0
6654,5525,23000,38951,7,31,5,58331,67000,606,7,750,750,6363,13683,4,0
6655,5525,23000,38951,7,31,5,58331,67000,606,7,750,750,6363,13683,0,0
6656,5525,23000,38951,7,31,5,58331,67000,588,7,750,750,6363,13701,0,4
6657,5525,23000,38951,7,31,5,58331,67000,588,7,750,750,6363,13701,0,0
6658,5525,23000,38951,7,31,5,58331,67000,588,7,750,750,6363,13701,0,0
6659,5525,23000,38951,7,31,5,58331,67000,588,7,750,750,6363,13701,0,0
6660,5525,23000,39701,7,31,5,58331,67000,1338,7,750,750,6363,13701,0,0
6661,5525,23000,39701,7,31,6,58331,67000,1320,7,750,750,6363,13719,0,4
6662,5525,23000,39683,7,32,6,58331,67000,1320,7,750,750,6381,13719,4,0
6663,5525,23000,39683,7,32,5,58331,67000,1320,7,750,750,6381,13719,0,0
6664,5525,23000,39683,7,32,5,58331,67000,1320,7,750,750,6381,13719,0,0
6665,5525,23000,39683,7,32,5,58331,67000,1320,7,750,750,6381,13719,0,0
6666,5525,23000,39683,7,32,6,58331,67000,1302,7,750,750,6381,13737,0,4
6667,5525,23000,39683,7,32,6,58331,67000,1302,7,750,750,6381,13737,0,0
6668,5525,23000,39665,7,32,6,58331,67000,1302,7,750,750,6399,13737,4,0
6669,5525,23000,39665,7,32,6,58331,67000,1302,7,750,750,6399,13737,0,0
6670,5525,23000,39665,7,32,6,58331,67000,1302,7,750,750,6399,13737,0,0
6671,5525,23000,39665,7,32,7,58331,67000,1284,7,750,750,6399,13755,0,4
6672,5525,23000,39665,7,32,7,58331,67000,1284,7,750,750,6399,13755,0,0
6673,5525,23000,39665,7,32,7,58331,67000,1284,7,750,750,6399,13755,0,0
6674,5525,23000,39665,7,32,7,58331,67000,1284,7,750,750,6399,13755,0,0
6675,5525,23000,39647,7,33,7,58331,67000,1284,7,750,750,6417,13755,4,0
6676,5525,23000,39647,7,33,8,58331,67000,1266,7,750,750,6417,13773,0,4
6677,5525,23000,39647,7,33,8,58331,67000,1266,7,750,750,6417,13773,0,0
6678,5525,23000,39647,7,33,8,58331,67000,1266,7,750,750,6417,13773,0,0
6679,5525,23000,39647,7,33,8,58331,67000,1266,7,750,750,6417,13773,0,0
6680,5525,23000,39647,7,33,8,58331,67000,1266,7,750,750,6417,13773,0,0
6681,5525,23000,39647,7,33,9,58331,67000,1248,7,750,750,6417,13791,0,4
6682,5525,23000,39629,7,34,9,58331,67000,1248,7,750,750,6435,13791,4,0
6683,5525,23000,39629,7,34,8,58331,67000,1248,7,750,750,6435,13791,0,0
6684,5525,23000,39629,7,34,8,58331,67000,1248,7,750,750,6435,13791,0,0
6685,5525,23000,39629,7,34,8,58331,67000,1248,7,750,750,6435,13791,0,0
6686,5525,23000,39629,7,34,9,58331,67000,1230,7,750,750,6435,13809,0,4
6687,5525,23000,39629,7,34,9,58331,67000,1230,7,750,750,6435,13809,0,0
6688,5525,23000,39611,7,35,9,58331,67000,1230,7,750,750,6453,13809,4,0
6689,5525,23000,39611,7,35,9,58331,67000,1230,7,750,750,6453,13809,0,0
6690,5525,23000,40361,7,35,9,58331,67000,1980,7,750,750,6453,13809,0,0
6691,5525,23000,40361,7,35,10,58331,67000,540,7,750,750,6453,13809,0,12
6692,5525,23000,40361,7,35,11,58331,67000,522,7,750,750,6453,13827,0,4
6693,5525,23000,40361,7,35,11,58331,67000,522,7,750,750,6453,13827,0,0
6694,5525,23000,40361,7,35,11,58331,67000,522,7,750,750,6453,13827,0,0
6695,5525,23000,40343,7,36,11,58331,67000,522,7,750,750,6471,13827,4,0
6696,5525,23000,40343,7,36,11,58331,67000,504,7,750,750,6471,13845,0,4
6697,5525,23000,40343,7,36,11,58331,67000,504,7,750,750,6471,13845,0,0
6698,5525,23000,40343,7,36,11,58331,67000,504,7,750,750,6471,13845,0,0
6699,5525,23000,40343,7,36,11,58331,67000,504,7,750,750,6471,13845,0,0
6700,5525,23000,40343,7,36,11,58331,67000,504,7,750,750,6471,13845,0,0
6701,5525,23000,40343,7,36,13,58331,67000,486,7,750,750,6471,13863,0,4
6702,5525,23000,40343,7,36,13,58331,67000,486,7,750,750,6471,13863,0,0
6703,5525,23000,40343,7,35,13,58331,67000,486,7,750,750,6471,13863,0,0
6704,5525,23000,40343,7,35,13,58331,67000,486,7,750,750,6471,13863,0,0
6705,5525,23000,40343,7,35,13,58331,67000,486,7,750,750,6471,13863,0,0
6706,5525,23000,40343,7,35,14,58331,67000,468,7,750,750,6471,13881,0,4
6707,5525,23000,40343,7,35,12,58331,67000,468,7,750,750,6471,13881,0,0
6708,5525,23000,40343,7,35,12,58331,67000,468,7,750,750,6471,13881,0,0
6709,5525,23000,40343,7,32,10,58331,67000,468,7,750,750,6471,13881,0,0
6710,5525,23000,40343,7,32,10,58331,67000,468,7,750,750,6471,13881,0,0
6711,5525,23000,40343,7,31,12,58331,67000,450,7,750,750,6471,13899,0,4
6712,5525,23000,40343,7,31,12,58331,67000,450,7,750,750,6471,13899,0,0
6713,5525,23000,38903,7,32,12,58331,67000,450,7,750,750,6471,13899,12,0
6714,5525,23000,38903,7,32,12,58331,67000,450,7,750,750,6471,13899,0,0
6715,5525,23000,38903,7,32,12,58331,67000,450,7,750,750,6471,13899,0,0
6716,5525,23000,38903,7,32,12,58331,67000,432,7,750,750,6471,13917,0,4
6717,5525,23000,38903,7,32,12,58331,67000,432,7,750,750,6471,13917,0,0
6718,5525,23000,38903,7,32,12,58331,67000,432,7,750,750,6471,13917,0,0
6719,5525,23000,38903,7,31,12,58331,67000,432,7,750,750,6471,13917,0,0
6720,5525,23000,39653,7,31,12,58331,67000,1182,7,750,750,6471,13917,0,0
6721,5525,23000,39653,7,31,14,58331,67000,1164,7,750,750,6471,13935,0,4
6722,5525,23000,39653,7,31,14,58331,67000,1164,7,750,750,6471,13935,0,0
6723,5525,23000,39653,7,32,14,58331,67000,1164,7,750,750,6471,13935,0,0
6724,5525,23000,39653,7,32,13,58331,67000,1164,7,750,750,6471,13935,0,0
6725,5525,23000,39653,7,31,13,58331,67000,1164,7,750,750,6471,13935,0,0
6726,5525,23000,39653,7,31,14,58331,67000,1146,7,750,750,6471,13953,0,4
6727,5525,23000,39653,7,30,14,58331,67000,1146,7,750,750,6471,13953,0,0
6728,5525,23000,39653,7,28,14,58331,67000,1146,7,750,750,6471,13953,0,0
6729,5525,23000,39653,7,28,14,58331,67000,1146,7,750,750,6471,13953,0,0
6730,5525,23000,39653,7,28,14,58331,67000,1146,7,750,750,6471,13953,0,0
6731,5525,23000,39653,7,25,16,58331,67000,1128,7,750,750,6471,13971,0,4
6732,5525,23000,39653,7,25,16,58331,67000,1128,7,750,750,6471,13971,0,0
6733,5525,23000,39653,7,26,16,58331,67000,1128,7,750,750,6471,13971,0,0
6734,5525,23000,39653,7,25,15,58331,67000,1128,7,750,750,6471,13971,0,0
6735,5525,23000,39653,7,25,14,58331,67000,1128,7,750,750,6471,13971,0,0
6736,5525,23000,39635,7,26,15,58331,67000,1110,7,750,750,6489,13989,4,4
6737,5525,23000,39635,7,26,15,58331,67000,1110,7,750,750,6489,13989,0,0
6738,5525,23000,39635,7,26,15,58331,67000,1110,7,750,750,6489,13989,0,0
6739,5525,23000,39635,7,26,15,58331,67000,1110,7,750,750,6489,13989,0,0
6740,5525,23000,39635,7,26,15,58331,67000,1110,7,750,750,6489,13989,0,0
6741,5525,23000,39617,7,27,16,58331,67000,1092,7,750,750,6507,14007,4,4
6742,5525,23000,39617,7,27,11,58331,67000,1092,7,750,750,6507,14007,0,0
6743,5525,23000,39617,7,27,11,58331,67000,1092,7,750,750,6507,14007,0,0
6744,5525,23000,39617,7,27,11,58331,67000,1092,7,750,750,6507,14007,0,0
6745,5525,23000,39617,7,27,11,58331,67000,1092,7,750,750,6507,14007,0,0
6746,5525,23000,39617,7,27,11,58331,67000,792,7,750,750,6507,14007,0,11
6747,5525,23000,39617,7,27,12,58331,67000,711,7,750,750,6507,14088,0,5
6748,5525,23000,39599,7,27,12,58331,67000,711,7,750,750,6525,14088,4,0
6749,5525,23000,39599,7,27,12,58331,67000,711,7,750,750,6525,14088,0,0
6750,5525,23000,40349,7,27,12,58331,67000,1461,7,750,750,6525,14088,0,0
6751,5525,23000,40349,7,27,13,58331,67000,1443,7,750,750,6525,14106,0,4
6752,5525,23000,40349,7,27,13,58331,67000,1443,7,750,750,6525,14106,0,0
6753,5525,23000,40349,7,24,13,58331,67000,1443,7,750,750,6525,14106,0,0
6754,5525,23000,40349,7,24,13,58331,67000,1443,7,750,750,6525,14106,0,0
6755,5525,23000,40331,7,25,13,58331,67000,1443,7,750,750,6543,14106,4,0
6756,5525,23000,40331,7,25,14,58331,67000,1425,7,750,750,6543,14124,0,4
6757,5525,23000,40331,7,25,14,58331,67000,1425,7,750,750,6543,14124,0,0
6758,5525,23000,40331,7,25,14,58331,67000,1425,7,750,750,6543,14124,0,0
6759,5525,23000,40331,7,25,14,58331,67000,1425,7,750,750,6543,14124,0,0
6760,5525,23000,40331,7,25,14,58331,67000,1425,7,750,750,6543,14124,0,0
6761,5525,23000,40331,7,25,15,58331,67000,1407,7,750,750,6543,14142,0,4
6762,5525,23000,40331,7,25,15,58331,67000,1407,7,750,750,6543,14142,0,0
6763,5525,23000,40331,7,25,15,58331,67000,1407,7,750,750,6543,14142,0,0
6764,5525,23000,40331,7,25,15,58331,67000,1407,7,750,750,6543,14142,0,0
6765,5525,23000,40331,7,25,15,58331,67000,1407,7,750,750,6543,14142,0,0
6766,5525,23000,40331,7,24,16,58331,67000,1389,7,750,750,6543,14160,0,4
6767,5525,23000,40331,7,24,16,58331,67000,1389,7,750,750,6543,14160,0,0
6768,5525,23000,331,8,24,16,58331,67000,1389,7,2500,750,6543,14160,9,0
6769,5525,23000,331,8,23,15,58331,67000,1389,7,2500,750,6543,14160,0,0
6770,5525,23000,331,8,23,15,58331,67000,1389,7,2500,750,6543,14160,0,0
6771,5525,23000,331,8,23,16,58331,67000,1371,7,2500,750,6543,14178,0,4
6772,5525,23000,331,8,23,16,58331,67000,1371,7,2500,750,6543,14178,0,0
6773,5525,23000,331,8,23,16,58331,67000,1371,7,2500,750,6543,14178,0,0
6774,5525,23000,331,8,23,16,58331,67000,1371,7,2500,750,6543,14178,0,0
6775,5525,23000,331,8,23,16,58331,67000,1371,7,2500,750,6543,14178,0,0
6776,5525,23000,331,8,23,17,58331,67000,1353,7,2500,750,6543,14196,0,4
6777,5525,23000,331,8,23,17,58331,67000,1353,7,2500,750,6543,14196,0,0
6778,5525,23000,331,8,21,17,58331,67000,1353,7,2500,750,6543,14196,0,0
6779,5525,23000,331,8,21,17,58331,67000,1353,7,2500,750,6543,14196,0,0
6780,5525,23000,2831,8,21,17,58331,67000,2103,7,2500,750,6543,14196,0,0
6781,5525,23000,2813,8,22,18,58331,67000,2085,7,2500,750,6561,14214,4,4
6782,5525,23000,2813,8,22,17,58331,67000,2085,7,2500,750,6561,14214,0,0
6783,5525,23000,2813,8,22,17,58331,67000,2085,7,2500,750,6561,14214,0,0
6784,5525,23000,2813,8,22,17,58331,67000,2085,7,2500,750,6561,14214,0,0
6785,5525,23000,2813,8,22,17,58331,67000,2085,7,2500,750,6561,14214,0,0
6786,5525,23000,2813,8,22,18,58331,67000,2067,7,2500,750,6561,14232,0,4
6787,5525,23000,2813,8,22,17,58331,67000,2067,7,2500,750,6561,14232,0,0
6788,5525,23000,2813,8,22,17,58331,67000,2067,7,2500,750,6561,14232,0,0
6789,5525,23000,2813,8,22,15,58331,67000,2067,7,2500,750,6561,14232,0,0
6790,5525,23000,2795,8,20,15,58331,67000,2067,7,2500,750,6579,14232,4,0
6791,5525,23000,2795,8,20,16,58331,67000,2049,7,2500,750,6579,14250,0,4
6792,5525,23000,2795,8,20,16,58331,67000,2049,7,2500,750,6579,14250,0,0
6793,5525,23000,2795,8,20,16,58331,67000,2049,7,2500,750,6579,14250,0,0
6794,4025,23000,2795,8,13,16,56831,67000,2049,7,2500,750,6579,14250,0,0
6795,4025,23000,2795,8,13,16,56831,67000,2049,7,2500,750,6579,14250,0,0
6796,4025,23000,2795,8,13,17,56831,67000,2031,7,2500,750,6579,14268,0,4
6797,4025,23000,2777,8,14,17,56831,67000,2031,7,2500,750,6597,14268,4,0
6798,4025,23000,2777,8,14,17,56831,67000,2031,7,2500,750,6597,14268,0,0
6799,4025,23000,2777,8,12,17,56831,67000,2031,7,2500,750,6597,14268,0,0
6800,4025,23000,2777,8,12,17,56831,67000,2031,7,2500,750,6597,14268,0,0
6801,4025,23000,2777,8,12,18,56831,67000,2013,7,2500,750,6597,14286,0,4
6802,4025,23000,2777,8,12,18,56831,67000,2013,7,2500,750,6597,14286,0,0
6803,4025,23000,2759,8,13,18,56831,67000,2013,7,2500,750,6615,14286,4,0
6804,4025,23000,2759,8,13,18,56831,67000,2013,7,2500,750,6615,14286,0,0
6805,4025,23000,2759,8,13,18,56831,67000,2013,7,2500,750,6615,14286,0,0
6806,4025,23000,2759,8,13,19,56831,67000,1995,7,2500,750,6615,14304,0,4
6807,4025,23000,2759,8,13,19,56831,67000,1995,7,2500,750,6615,14304,0,0
6808,4025,23000,2759,8,13,19,56831,67000,1995,7,2500,750,6615,14304,0,0
6809,4025,23000,2759,8,13,17,56831,67000,1995,7,2500,750,6615,14304,0,0
6810,4025,23000,5259,8,13,17,56831,67000,2745,7,2500,750,6615,14304,0,0
6811,4025,23000,5259,8,13,18,56831,67000,2727,7,2500,750,6615,14322,0,4
6812,4025,23000,5259,8,13,18,56831,67000,2727,7,2500,750,6615,14322,0,0
6813,4025,23000,5259,8,11,18,56831,67000,2727,7,2500,750,6615,14322,0,0
6814,4025,23000,5259,8,11,18,56831,67000,2727,7,2500,750,6615,14322,0,0
6815,4025,23000,5259,8,11,18,56831,67000,2727,7,2500,750,6615,14322,0,0
6816,4025,23000,5259,8,11,19,56831,67000,2709,7,2500,750,6615,14340,0,4
6817,4025,23000,5259,8,11,19,56831,67000,2709,7,2500,750,6615,14340,0,0
6818,4025,23000,5259,8,11,19,56831,67000,2709,7,2500,750,6615,14340,0,0
6819,4025,23000,5259,8,11,19,56831,67000,2709,7,2500,750,6615,14340,0,0
6820,4025,23000,5259,8,11,19,56831,67000,2709,7,2500,750,6615,14340,0,0
6821,4025,23000,5259,8,11,20,56831,67000,2691,7,2500,750,6615,14358,0,4
6822,4025,23000,4959,8,11,20,56831,67000,2691,7,2500,750,6615,14358,11,0
6823,4025,23000,4959,8,10,20,56831,67000,2691,7,2500,750,6615,14358,0,0
6824,4025,23000,4959,8,10,20,56831,67000,2691,7,2500,750,6615,14358,0,0
6825,4025,23000,4959,8,10,20,56831,67000,2691,7,2500,750,6615,14358,0,0
6826,4025,23000,4959,8,10,21,56831,67000,2673,7,2500,750,6615,14376,0,4
6827,4025,23000,4959,8,10,21,56831,67000,2673,7,2500,750,6615,14376,0,0
6828,4025,23000,4959,8,10,21,56831,67000,2673,7,2500,750,6615,14376,0,0
6829,4025,23000,4959,8,10,21,56831,67000,2673,7,2500,750,6615,14376,0,0
6830,4025,23000,4959,8,10,21,56831,67000,2673,7,2500,750,6615,14376,0,0
6831,4025,23000,4959,8,10,22,56831,67000,2655,7,2500,750,6615,14394,0,4
6832,4025,23000,4959,8,10,22,56831,67000,2655,7,2500,750,6615,14394,0,0
6833,4025,23000,4941,8,11,22,56831,67000,2655,7,2500,750,6633,14394,4,0
6834,4025,23000,4941,8,10,22,56831,67000,2655,7,2500,750,6633,14394,0,0
6835,4025,23000,4941,8,10,22,56831,67000,2655,7,2500,750,6633,14394,0,0
6836,4025,23000,4941,8,10,23,56831,67000,2637,7,2500,750,6633,14412,0,4
6837,4025,23000,4941,8,10,23,56831,67000,2637,7,2500,750,6633,14412,0,0
6838,4025,23000,4941,8,10,23,56831,67000,2637,7,2500,750,6633,14412,0,0
6839,4025,23000,4923,8,11,23,56831,67000,2637,7,2500,750,6651,14412,4,0
6840,4025,23000,7423,8,11,23,56831,67000,3387,7,2500,750,6651,14412,0,0
6841,4025,23000,7423,8,11,24,56831,67000,3369,7,2500,750,6651,14430,0,4
6842,4025,23000,7423,8,11,24,56831,67000,3369,7,2500,750,6651,14430,0,0
6843,4025,23000,7423,8,11,24,56831,67000,3369,7,2500,750,6651,14430,0,0
6844,4025,23000,7423,8,11,24,56831,67000,3369,7,2500,750,6651,14430,0,0
6845,4025,23000,7423,8,11,24,56831,67000,3369,7,2500,750,6651,14430,0,0
6846,4025,23000,7423,8,11,25,56831,67000,3351,7,2500,750,6651,14448,0,4
6847,4025,23000,7405,8,12,25,56831,67000,3351,7,2500,750,6669,14448,4,0
6848,4025,23000,7405,8,11,25,56831,67000,3351,7,2500,750,6669,14448,0,0
6849,4025,23000,7405,8,11,25,56831,67000,3351,7,2500,750,6669,14448,0,0
6850,4025,23000,7405,8,11,25,56831,67000,3351,7,2500,750,6669,14448,0,0
6851,4025,23000,7405,8,11,26,56831,67000,3333,7,2500,750,6669,14466,0,4
6852,4025,23000,7405,8,11,26,56831,67000,3333,7,2500,750,6669,14466,0,0
6853,4025,23000,7405,8,11,26,56831,67000,3333,7,2500,750,6669,14466,0,0
6854,4025,23000,7405,8,11,26,56831,67000,3333,7,2500,750,6669,14466,0,0
6855,4025,23000,7387,8,12,26,56831,67000,3333,7,2500,750,6687,14466,4,0
6856,4025,23000,7387,8,12,27,56831,67000,3315,7,2500,750,6687,14484,0,4
6857,4025,23000,7387,8,12,27,56831,67000,3315,7,2500,750,6687,14484,0,0
6858,4025,23000,7387,8,12,27,56831,67000,3315,7,2500,750,6687,14484,0,0
6859,4025,23000,7387,8,12,24,56831,67000,3315,7,2500,750,6687,14484,0,0
6860,4025,23000,7387,8,12,24,56831,67000,3315,7,2500,750,6687,14484,0,0
6861,4025,23000,7387,8,12,25,56831,67000,3297,7,2500,750,6687,14502,0,4
6862,4025,23000,7387,8,12,25,56831,67000,3297,7,2500,750,6687,14502,0,0
6863,4025,23000,7387,8,12,25,56831,67000,3297,7,2500,750,6687,14502,0,0
6864,4025,23000,7387,8,12,25,56831,67000,3297,7,2500,750,6687,14502,0,0
6865,4025,23000,7369,8,13,25,56831,67000,3297,7,2500,750,6705,14502,4,0
6866,4025,23000,7369,8,13,26,56831,67000,3279,7,2500,750,6705,14520,0,4
6867,4025,23000,7369,8,13,26,56831,67000,3279,7,2500,750,6705,14520,0,0
6868,4025,23000,7369,8,13,26,56831,67000,3279,7,2500,750,6705,14520,0,0
6869,4025,23000,7369,8,13,19,56831,67000,3279,7,2500,750,6705,14520,0,0
6870,2525,23000,9869,8,6,0,55331,67000,4029,7,2500,750,6705,14520,0,0
6871,2525,23000,9869,8,6,1,55331,67000,4011,7,2500,750,6705,14538,0,4
6872,2525,23000,9851,8,7,1,55331,67000,4011,7,2500,750,6723,14538,4,0
6873,2525,23000,9851,8,7,1,55331,67000,4011,7,2500,750,6723,14538,0,0
6874,2525,23000,9851,8,7,1,55331,67000,4011,7,2500,750,6723,14538,0,0
6875,2525,23000,9851,8,7,1,55331,67000,4011,7,2500,750,6723,14538,0,0
6876,2525,23000,9851,8,7,2,55331,67000,3993,7,2500,750,6723,14556,0,4
6877,2525,23000,9851,8,7,2,55331,67000,3993,7,2500,750,6723,14556,0,0
6878,2525,23000,9851,8,7,2,55331,67000,3993,7,2500,750,6723,14556,0,0
6879,2525,23000,9851,8,7,2,55331,67000,3993,7,2500,750,6723,14556,0,0
6880,2525,23000,9851,8,7,2,55331,67000,3993,7,2500,750,6723,14556,0,0
6881,2525,23000,9851,8,7,3,55331,67000,3975,7,2500,750,6723,14574,0,4
6882,2525,23000,9833,8,8,3,55331,67000,3975,7,2500,750,6741,14574,4,0
6883,2525,23000,9833,8,8,3,55331,67000,3975,7,2500,750,6741,14574,0,0
6884,2525,23000,9833,8,8,3,55331,67000,3975,7,2500,750,6741,14574,0,0
6885,2525,23000,9833,8,8,3,55331,67000,3975,7,2500,750,6741,14574,0,0
6886,2525,23000,9833,8,8,4,55331,67000,3957,7,2500,750,6741,14592,0,4
6887,2525,23000,9833,8,8,4,55331,67000,3957,7,2500,750,6741,14592,0,0
6888,2525,23000,9833,8,8,4,55331,67000,3957,7,2500,750,6741,14592,0,0
6889,2525,23000,9833,8,8,4,55331,67000,3957,7,2500,750,6741,14592,0,0
6890,2525,23000,9815,8,9,4,55331,67000,3957,7,2500,750,6759,14592,4,0
6891,2525,23000,9815,8,9,5,55331,67000,3939,7,2500,750,6759,14610,0,4
6892,2525,23000,9815,8,9,5,55331,67000,3939,7,2500,750,6759,14610,0,0
6893,2525,23000,9815,8,9,5,55331,67000,3939,7,2500,750,6759,14610,0,0
6894,2525,23000,9815,8,9,5,55331,67000,3939,7,2500,750,6759,14610,0,0
6895,2525,23000,9815,8,9,5,55331,67000,3939,7,2500,750,6759,14610,0,0
6896,2525,23000,9815,8,9,6,55331,67000,3921,7,2500,750,6759,14628,0,4
6897,2525,23000,9797,8,10,6,55331,67000,3921,7,2500,750,6777,14628,4,0
6898,2525,23000,9797,8,10,6,55331,67000,3921,7,2500,750,6777,14628,0,0
6899,2525,23000,9797,8,10,6,55331,67000,3921,7,2500,750,6777,14628,0,0
6900,2525,23000,12297,8,10,6,55331,67000,4671,7,2500,750,6777,14628,0,0
6901,2525,23000,12297,8,10,7,55331,67000,4653,7,2500,750,6777,14646,0,4
6902,2525,23000,12297,8,10,7,55331,67000,4653,7,2500,750,6777,14646,0,0
6903,2525,23000,12297,8,10,7,55331,67000,4653,7,2500,750,6777,14646,0,0
6904,2525,23000,12279,8,11,7,55331,67000,4653,7,2500,750,6795,14646,4,0
6905,2525,23000,12279,8,11,7,55331,67000,4653,7,2500,750,6795,14646,0,0
6906,2525,23000,12279,8,11,8,55331,67000,4635,7,2500,750,6795,14664,0,4
6907,2525,23000,12279,8,11,8,55331,67000,4635,7,2500,750,6795,14664,0,0
6908,2525,23000,12279,8,11,8,55331,67000,4635,7,2500,750,6795,14664,0,0
6909,2525,23000,12279,8,11,8,55331,67000,4635,7,2500,750,6795,14664,0,0
6910,2525,23000,12279,8,11,8,55331,67000,4635,7,2500,750,6795,14664,0,0
6911,2525,23000,12279,8,11,9,55331,67000,4617,7,2500,750,6795,14682,0,4
6912,2525,23000,12261,8,12,9,55331,67000,4617,7,2500,750,6813,14682,4,0
6913,2525,23000,12261,8,12,8,55331,67000,4617,7,2500,750,6813,14682,0,0
6914,2525,23000,12261,8,12,8,55331,67000,4617,7,2500,750,6813,14682,0,0
6915,2525,23000,12261,8,12,8,55331,67000,4617,7,2500,750,6813,14682,0,0
6916,2525,23000,12261,8,12,9,55331,67000,4599,7,2500,750,6813,14700,0,4
6917,2525,23000,12261,8,12,9,55331,67000,4599,7,2500,750,6813,14700,0,0
6918,2525,23000,12243,8,13,9,55331,67000,4599,7,2500,750,6831,14700,4,0
6919,2525,23000,12243,8,13,9,55331,67000,4599,7,2500,750,6831,14700,0,0
6920,2525,23000,12243,8,13,9,55331,67000,4599,7,2500,750,6831,14700,0,0
6921,2525,23000,12243,8,13,10,55331,67000,4581,7,2500,750,6831,14718,0,4
6922,2525,23000,12243,8,13,10,55331,67000,4581,7,2500,750,6831,14718,0,0
6923,2525,23000,12243,8,13,10,55331,67000,4581,7,2500,750,6831,14718,0,0
6924,2525,23000,12243,8,13,10,55331,67000,4581,7,2500,750,6831,14718,0,0
6925,2525,23000,12243,8,13,10,55331,67000,4581,7,2500,750,6831,14718,0,0
6926,2525,23000,12225,8,14,11,55331,67000,4563,7,2500,750,6849,14736,4,4
6927,2525,23000,12225,8,14,11,55331,67000,4563,7,2500,750,6849,14736,0,0
6928,2525,23000,12225,8,14,11,55331,67000,4563,7,2500,750,6849,14736,0,0
6929,2525,23000,12225,8,14,11,55331,67000,4563,7,2500,750,6849,14736,0,0
6930,2525,23000,14725,8,14,11,55331,67000,5313,7,2500,750,6849,14736,0,0
6931,2525,23000,14725,8,14,12,55331,67000,5295,7,2500,750,6849,14754,0,4
6932,2525,23000,14725,8,14,12,55331,67000,5295,7,2500,750,6849,14754,0,0
6933,2525,23000,14725,8,14,12,55331,67000,5295,7,2500,750,6849,14754,0,0
6934,2525,23000,14707,8,15,12,55331,67000,5295,7,2500,750,6867,14754,4,0
6935,2525,23000,14707,8,15,12,55331,67000,5295,7,2500,750,6867,14754,0,0
6936,2525,23000,14707,8,15,13,55331,67000,5277,7,2500,750,6867,14772,0,4
6937,2525,23000,14707,8,15,13,55331,67000,5277,7,2500,750,6867,14772,0,0
6938,2525,23000,14707,8,15,13,55331,67000,5277,7,2500,750,6867,14772,0,0
6939,2525,23000,14689,8,16,13,55331,67000,5277,7,2500,750,6885,14772,4,0
6940,2525,23000,14689,8,16,13,55331,67000,5277,7,2500,750,6885,14772,0,0
6941,2525,23000,14689,8,16,14,55331,67000,5259,7,2500,750,6885,14790,0,4
6942,2525,23000,14689,8,16,14,55331,67000,5259,7,2500,750,6885,14790,0,0
6943,2525,23000,14689,8,16,14,55331,67000,5259,7,2500,750,6885,14790,0,0
6944,2525,23000,14689,8,16,14,55331,67000,5259,7,2500,750,6885,14790,0,0
6945,2525,23000,14689,8,16,14,55331,67000,5259,7,2500,750,6885,14790,0,0
6946,2525,23000,14689,8,16,15,55331,67000,5241,7,2500,750,6885,14808,0,4
6947,2525,23000,14689,8,16,15,55331,67000,5241,7,2500,750,6885,14808,0,0
6948,2525,23000,14689,8,16,15,55331,67000,5241,7,2500,750,6885,14808,0,0
6949,2525,23000,14689,8,16,15,55331,67000,5241,7,2500,750,6885,14808,0,0
6950,2525,23000,14689,8,16,15,55331,67000,5241,7,2500,750,6885,14808,0,0
6951,2525,23000,14689,8,16,16,55331,67000,5223,7,2500,750,6885,14826,0,4
6952,2525,23000,14689,8,16,16,55331,67000,5223,7,2500,750,6885,14826,0,0
6953,2525,23000,14689,8,16,16,55331,67000,5223,7,2500,750,6885,14826,0,0
6954,2525,23000,14689,8,16,16,55331,67000,5223,7,2500,750,6885,14826,0,0
6955,2525,23000,14689,8,16,16,55331,67000,5223,7,2500,750,6885,14826,0,0
6956,2525,23000,14689,8,16,17,55331,67000,5205,7,2500,750,6885,14844,0,4
6957,2525,23000,14689,8,16,17,55331,67000,5205,7,2500,750,6885,14844,0,0
6958,2525,23000,14689,8,16,17,55331,67000,5205,7,2500,750,6885,14844,0,0
6959,2525,23000,14689,8,16,16,55331,67000,5205,7,2500,750,6885,14844,0,0
6960,2525,23000,17189,8,16,16,55331,67000,5955,7,2500,750,6885,14844,0,0
6961,2525,23000,16214,8,16,17,55331,67000,5937,7,2500,750,6885,14862,13,4
6962,2525,23000,16214,8,16,17,55331,67000,5937,7,2500,750,6885,14862,0,0
6963,2525,23000,16214,8,16,17,55331,67000,5937,7,2500,750,6885,14862,0,0
6964,2525,23000,16214,8,16,17,55331,67000,5937,7,2500,750,6885,14862,0,0
6965,2525,23000,16214,8,16,17,55331,67000,5937,7,2500,750,6885,14862,0,0
6966,2525,23000,16214,8,16,18,55331,67000,5919,7,2500,750,6885,14880,0,4
6967,2525,23000,16214,8,16,18,55331,67000,5919,7,2500,750,6885,14880,0,0
6968,2525,23000,16214,8,16,18,55331,67000,5919,7,2500,750,6885,14880,0,0
6969,2525,23000,16214,8,16,18,55331,67000,5919,7,2500,750,6885,14880,0,0
6970,2525,23000,16214,8,16,18,55331,67000,5919,7,2500,750,6885,14880,0,0
6971,2525,23000,16196,8,17,19,55331,67000,5901,7,2500,750,6903,14898,4,4
6972,2525,23000,16196,8,17,19,55331,67000,5901,7,2500,750,6903,14898,0,0
6973,2525,23000,16196,8,17,19,55331,67000,5901,7,2500,750,6903,14898,0,0
6974,2525,23000,16196,8,17,19,55331,67000,5901,7,2500,750,6903,14898,0,0
6975,2525,23000,16196,8,17,19,55331,67000,5901,7,2500,750,6903,14898,0,0
6976,2525,23000,16196,8,17,20,55331,67000,5883,7,2500,750,6903,14916,0,4
6977,2525,23000,16196,8,17,20,55331,67000,5883,7,2500,750,6903,14916,0,0
6978,2525,23000,16178,8,18,20,55331,67000,5883,7,2500,750,6921,14916,4,0
6979,2525,23000,16178,8,18,20,55331,67000,5883,7,2500,750,6921,14916,0,0
6980,2525,23000,16178,8,18,20,55331,67000,5883,7,2500,750,6921,14916,0,0
6981,2525,23000,16178,8,18,21,55331,67000,5865,7,2500,750,6921,14934,0,4
6982,2525,23000,16178,8,18,21,55331,67000,5865,7,2500,750,6921,14934,0,0
6983,2525,23000,16178,8,18,21,55331,67000,5865,7,2500,750,6921,14934,0,0
6984,2525,23000,16178,8,18,21,55331,67000,5865,7,2500,750,6921,14934,0,0
6985,2525,23000,16160,8,19,20,55331,67000,5865,7,2500,750,6939,14934,4,0
6986,2525,23000,16160,8,17,21,55331,67000,5847,7,2500,750,6939,14952,0,4
6987,2525,23000,16160,8,17,17,55331,67000,5847,7,2500,750,6939,14952,0,0
6988,2525,23000,16160,8,17,17,55331,67000,5847,7,2500,750,6939,14952,0,0
6989,2525,23000,16160,8,17,17,55331,67000,5847,7,2500,750,6939,14952,0,0
6990,2525,23000,18660,8,17,17,55331,67000,6597,7,2500,750,6939,14952,0,0
6991,2525,23000,18660,8,16,18,55331,67000,6579,7,2500,750,6939,14970,0,4
6992,2525,23000,18660,8,16,18,55331,67000,6579,7,2500,750,6939,14970,0,0
6993,2525,23000,18642,8,17,18,55331,67000,6579,7,2500,750,6957,14970,4,0
6994,2525,23000,18642,8,17,18,55331,67000,6579,7,2500,750,6957,14970,0,0
6995,2525,23000,18642,8,17,18,55331,67000,6579,7,2500,750,6957,14970,0,0
6996,2525,23000,18642,8,17,19,55331,67000,5139,7,2500,750,6957,14970,0,12
6997,2525,23000,18642,8,17,20,55331,67000,5121,7,2500,750,6957,14988,0,4
6998,2525,23000,18642,8,17,20,55331,67000,5121,7,2500,750,6957,14988,0,0
6999,2525,23000,18642,8,17,20,55331,67000,5121,7,2500,750,6957,14988,0,0
7000,2525,23000,18642,8,17,19,55331,67000,5121,7,2500,750,6957,14988,0,0
7001,2525,23000,18624,8,18,20,55331,67000,5103,7,2500,750,6975,15006,4,4
7002,2525,23000,18624,8,18,20,55331,67000,5103,7,2500,750,6975,15006,0,0
7003,2525,23000,18624,8,18,20,55331,67000,5103,7,2500,750,6975,15006,0,0
7004,2525,23000,18624,8,18,20,55331,67000,5103,7,2500,750,6975,15006,0,0
7005,2525,23000,18624,8,18,17,55331,67000,5103,7,2500,750,6975,15006,0,0
7006,2525,23000,18624,8,18,19,55331,67000,5085,7,2500,750,6975,15024,0,4
7007,2525,23000,18624,8,18,19,55331,67000,5085,7,2500,750,6975,15024,0,0
7008,2525,23000,18606,8,19,19,55331,67000,5085,7,2500,750,6993,15024,4,0
7009,2525,23000,20106,8,19,19,55331,67000,5085,7,2500,750,6993,15024,0,0
7010,2525,23000,20106,8,17,19,55331,67000,5085,7,2500,750,6993,15024,0,0
7011,2525,23000,20106,8,17,20,55331,67000,5067,7,2500,750,6993,15042,0,4
7012,2525,23000,20106,8,17,20,55331,67000,5067,7,2500,750,6993,15042,0,0
7013,2525,23000,20106,8,17,20,55331,67000,5067,7,2500,750,6993,15042,0,0
7014,2525,23000,20106,8,17,20,55331,67000,5067,7,2500,750,6993,15042,0,0
7015,2525,23000,20106,8,17,20,55331,67000,5067,7,2500,750,6993,15042,0,0
7016,2525,23000,20088,8,18,22,55331,67000,5049,7,2500,750,7011,15060,4,4
7017,2525,23000,20088,8,18,21,55331,67000,5049,7,2500,750,7011,15060,0,0
7018,2525,23000,20088,8,18,21,55331,67000,5049,7,2500,750,7011,15060,0,0
7019,2525,23000,20088,8,18,21,55331,67000,5049,7,2500,750,7011,15060,0,0
7020,2525,23000,22588,8,18,21,55331,67000,5799,7,2500,750,7011,15060,0,0
7021,2525,23000,22588,8,18,22,55331,67000,5781,7,2500,750,7011,15078,0,4
7022,2525,23000,22588,8,18,22,55331,67000,5781,7,2500,750,7011,15078,0,0
7023,2525,23000,22570,8,18,20,55331,67000,5781,7,2500,750,7029,15078,4,0
7024,2525,23000,22570,8,18,20,55331,67000,5781,7,2500,750,7029,15078,0,0
7025,2525,23000,22570,8,17,20,55331,67000,5781,7,2500,750,7029,15078,0,0
7026,2525,23000,22570,8,17,22,55331,67000,5763,7,2500,750,7029,15096,0,4
7027,2525,23000,22570,8,17,22,55331,67000,5763,7,2500,750,7029,15096,0,0
7028,2525,23000,22570,8,17,22,55331,67000,5763,7,2500,750,7029,15096,0,0
7029,2525,23000,22570,8,17,22,55331,67000,5763,7,2500,750,7029,15096,0,0
7030,2525,23000,22570,8,17,22,55331,67000,5763,7,2500,750,7029,15096,0,0
7031,2525,23000,22570,8,17,23,55331,67000,5745,7,2500,750,7029,15114,0,4
7032,2525,23000,22570,8,17,23,55331,67000,5745,7,2500,750,7029,15114,0,0
7033,2525,23000,22570,8,17,23,55331,67000,5745,7,2500,750,7029,15114,0,0
7034,2525,23000,22570,8,17,23,55331,67000,5745,7,2500,750,7029,15114,0,0
7035,2525,23000,22570,8,17,23,55331,67000,5745,7,2500,750,7029,15114,0,0
7036,2525,23000,22570,8,17,25,55331,67000,5727,7,2500,750,7029,15132,0,4
7037,2525,23000,22570,8,17,25,55331,67000,5727,7,2500,750,7029,15132,0,0
7038,2525,23000,22570,8,17,25,55331,67000,5727,7,2500,750,7029,15132,0,0
7039,2525,23000,22570,8,17,25,55331,67000,5727,7,2500,750,7029,15132,0,0
7040,2525,23000,22570,8,17,22,55331,67000,5727,7,2500,750,7029,15132,0,0
7041,2525,23000,22570,8,17,22,55331,67000,4752,7,2500,750,7029,15132,0,13
7042,2525,23000,22570,8,17,23,55331,67000,4734,7,2500,750,7029,15150,0,4
7043,2525,23000,22570,8,15,23,55331,67000,4734,7,2500,750,7029,15150,0,0
7044,2525,23000,22570,8,15,23,55331,67000,4734,7,2500,750,7029,15150,0,0
7045,2525,23000,21130,8,16,23,55331,67000,4734,7,2500,750,7029,15150,12,0
7046,2525,23000,21130,8,16,24,55331,67000,4716,7,2500,750,7029,15168,0,4
7047,2525,23000,21130,8,16,24,55331,67000,4716,7,2500,750,7029,15168,0,0
7048,2525,23000,21130,8,16,24,55331,67000,4716,7,2500,750,7029,15168,0,0
7049,2525,23000,21130,8,16,24,55331,67000,4716,7,2500,750,7029,15168,0,0
7050,2525,23000,23630,8,16,24,55331,67000,5466,7,2500,750,7029,15168,0,0
7051,2525,23000,23630,8,15,21,55331,67000,5448,7,2500,750,7029,15186,0,4
7052,2525,23000,23630,8,15,21,55331,67000,5448,7,2500,750,7029,15186,0,0
7053,2525,23000,23630,8,15,21,55331,67000,5448,7,2500,750,7029,15186,0,0
7054,2525,23000,23630,8,14,21,55331,67000,5448,7,2500,750,7029,15186,0,0
7055,2525,23000,23630,8,15,21,55331,67000,5448,7,2500,750,7029,15186,0,0
7056,2525,23000,23630,8,15,22,55331,67000,5430,7,2500,750,7029,15204,0,4
7057,2525,23000,23612,8,16,22,55331,67000,5430,7,2500,750,7047,15204,4,0
7058,2525,23000,23612,8,16,22,55331,67000,5430,7,2500,750,7047,15204,0,0
7059,2525,23000,23612,8,16,22,55331,67000,5430,7,2500,750,7047,15204,0,0
7060,2525,23000,23612,8,16,22,55331,67000,5430,7,2500,750,7047,15204,0,0
7061,2525,23000,23612,8,16,23,55331,67000,5412,7,2500,750,7047,15222,0,4
7062,2525,23000,23612,8,16,23,55331,67000,5412,7,2500,750,7047,15222,0,0
7063,2525,23000,23594,8,17,23,55331,67000,5412,7,2500,750,7065,15222,4,0
7064,2525,23000,23594,8,17,23,55331,67000,5412,7,2500,750,7065,15222,0,0
7065,2525,23000,23594,8,17,22,55331,67000,5412,7,2500,750,7065,15222,0,0
7066,2525,23000,23594,8,17,23,55331,67000,5394,7,2500,750,7065,15240,0,4
7067,2525,23000,23594,8,16,23,55331,67000,5394,7,2500,750,7065,15240,0,0
7068,2525,23000,23576,8,17,23,55331,67000,5394,7,2500,750,7083,15240,4,0
7069,2525,23000,23576,8,17,23,55331,67000,5394,7,2500,750,7083,15240,0,0
7070,2525,23000,23576,8,17,23,55331,67000,5394,7,2500,750,7083,15240,0,0
7071,2525,23000,23576,8,17,24,55331,67000,5376,7,2500,750,7083,15258,0,4
7072,2525,23000,23576,8,17,24,55331,67000,5376,7,2500,750,7083,15258,0,0
7073,2525,23000,23576,8,17,24,55331,67000,5376,7,2500,750,7083,15258,0,0
7074,2525,23000,23576,8,16,23,55331,67000,5376,7,2500,750,7083,15258,0,0
7075,2525,23000,23558,8,18,23,55331,67000,5376,7,2500,750,7101,15258,4,0
7076,2525,23000,23558,8,17,24,55331,67000,5358,7,2500,750,7101,15276,0,4
7077,2525,23000,23558,8,17,24,55331,67000,5358,7,2500,750,7101,15276,0,0
7078,2525,23000,23558,8,17,24,55331,67000,5358,7,2500,750,7101,15276,0,0
7079,2525,23000,23558,8,16,24,55331,67000,5358,7,2500,750,7101,15276,0,0
7080,2525,23000,26058,8,16,24,55331,67000,6108,7,2500,750,7101,15276,0,0
7081,2525,23000,26058,8,16,25,55331,67000,6090,7,2500,750,7101,15294,0,4
7082,2525,23000,26058,8,16,25,55331,67000,6090,7,2500,750,7101,15294,0,0
7083,2525,23000,26040,8,17,25,55331,67000,6090,7,2500,750,7119,15294,4,0
7084,2525,23000,26040,8,17,24,55331,67000,6090,7,2500,750,7119,15294,0,0
7085,2525,23000,26040,8,18,24,55331,67000,6090,7,2500,750,7119,15294,0,0
7086,2525,23000,26040,8,17,25,55331,67000,6072,7,2500,750,7119,15312,0,4
7087,2525,23000,26040,8,17,25,55331,67000,6072,7,2500,750,7119,15312,0,0
7088,2525,23000,26040,8,17,23,55331,67000,6072,7,2500,750,7119,15312,0,0
7089,2525,23000,26040,8,17,23,55331,67000,7572,7,2500,750,7119,15312,0,0
7090,2525,23000,26022,8,18,23,55331,67000,7572,7,2500,750,7137,15312,4,0
7091,2525,23000,26022,8,18,24,55331,67000,7554,7,2500,750,7137,15330,0,4
7092,2525,23000,26022,8,18,24,55331,67000,7554,7,2500,750,7137,15330,0,0
7093,2525,23000,26022,8,18,24,55331,67000,7554,7,2500,750,7137,15330,0,0
7094,2525,23000,26022,8,18,24,55331,67000,7554,7,2500,750,7137,15330,0,0
7095,2525,23000,26022,8,18,24,55331,67000,7554,7,2500,750,7137,15330,0,0
7096,2525,23000,26022,8,17,25,55331,67000,7536,7,2500,750,7137,15348,0,4
7097,2525,23000,26004,8,18,25,55331,67000,7536,7,2500,750,7155,15348,4,0
7098,2525,23000,26004,8,18,25,55331,67000,7536,7,2500,750,7155,15348,0,0
7099,2525,23000,26004,8,18,25,55331,67000,7536,7,2500,750,7155,15348,0,0
7100,2525,23000,26004,8,18,25,55331,67000,7536,7,2500,750,7155,15348,0,0
7101,2525,23000,26004,8,18,26,55331,67000,7518,7,2500,750,7155,15366,0,4
7102,2525,23000,26004,8,18,26,55331,67000,7518,7,2500,750,7155,15366,0,0
7103,2525,23000,26004,8,18,26,55331,67000,7518,7,2500,750,7155,15366,0,0
7104,2525,23000,26004,8,17,26,55331,67000,7518,7,2500,750,7155,15366,0,0
7105,2525,23000,25986,8,18,26,55331,67000,7518,7,2500,750,7173,15366,4,0
7106,2525,23000,25986,8,18,27,55331,67000,7500,7,2500,750,7173,15384,0,4
7107,2525,23000,25986,8,18,27,55331,67000,7500,7,2500,750,7173,15384,0,0
7108,2525,23000,25986,8,17,27,55331,67000,7500,7,2500,750,7173,15384,0,0
7109,2525,23000,25986,8,17,27,55331,67000,7500,7,2500,750,7173,15384,0,0
7110,2525,23000,28486,8,17,27,55331,67000,8250,7,2500,750,7173,15384,0,0
7111,2525,23000,28486,8,17,28,55331,67000,8232,7,2500,750,7173,15402,0,4
7112,2525,23000,28468,8,18,28,55331,67000,8232,7,2500,750,7191,15402,4,0
7113,2525,23000,28468,8,18,28,55331,67000,8232,7,2500,750,7191,15402,0,0
7114,2525,23000,28468,8,18,28,55331,67000,8232,7,2500,750,7191,15402,0,0
7115,2525,23000,28468,8,18,28,55331,67000,8232,7,2500,750,7191,15402,0,0
7116,2525,23000,28468,8,17,29,55331,67000,8214,7,2500,750,7191,15420,0,4
7117,2525,23000,28468,8,17,29,55331,67000,8214,7,2500,750,7191,15420,0,0
7118,2525,23000,28468,8,17,29,55331,67000,8214,7,2500,750,7191,15420,0,0
7119,2525,23000,28450,8,18,29,55331,67000,8214,7,2500,750,7209,15420,4,0
7120,2525,23000,28450,8,18,29,55331,67000,8214,7,2500,750,7209,15420,0,0
7121,2525,23000,28450,8,18,30,55331,67000,8196,7,2500,750,7209,15438,0,4
7122,2525,23000,28450,8,18,30,55331,67000,8196,7,2500,750,7209,15438,0,0
7123,2525,23000,28450,8,18,30,55331,67000,8196,7,2500,750,7209,15438,0,0
7124,2525,23000,28450,8,18,30,55331,67000,8196,7,2500,750,7209,15438,0,0
7125,2525,23000,28450,8,16,30,55331,67000,8196,7,2500,750,7209,15438,0,0
7126,2525,23000,28432,8,17,31,55331,67000,8178,7,2500,750,7227,15456,4,4
7127,2525,23000,28432,8,17,31,55331,67000,8178,7,2500,750,7227,15456,0,0
7128,2525,23000,28432,8,17,31,55331,67000,8178,7,2500,750,7227,15456,0,0
7129,2525,23000,28432,8,17,31,55331,67000,8178,7,2500,750,7227,15456,0,0
7130,2525,23000,28432,8,17,31,55331,67000,8178,7,2500,750,7227,15456,0,0
7131,2525,23000,28432,8,17,32,55331,67000,8160,7,2500,750,7227,15474,0,4
7132,2525,23000,28414,8,17,32,55331,67000,8160,7,2500,750,7245,15474,4,0
7133,2525,23000,28414,8,17,32,55331,67000,8160,7,2500,750,7245,15474,0,0
7134,2525,23000,28414,8,17,32,55331,67000,8160,7,2500,750,7245,15474,0,0
7135,2525,23000,28414,8,17,32,55331,67000,8160,7,2500,750,7245,15474,0,0
7136,2525,23000,28414,8,17,33,55331,67000,8142,7,2500,750,7245,15492,0,4
7137,2525,23000,28396,8,18,33,55331,67000,8142,7,2500,750,7263,15492,4,0
7138,2525,23000,28396,8,18,33,55331,67000,8142,7,2500,750,7263,15492,0,0
7139,2525,23000,28396,8,18,28,55331,67000,8142,7,2500,750,7263,15492,0,0
7140,2525,23000,30896,8,18,28,55331,67000,8892,7,2500,750,7263,15492,0,0
7141,2525,23000,30896,8,18,29,55331,67000,8874,7,2500,750,7263,15510,0,4
7142,2525,23000,30896,8,18,29,55331,67000,8874,7,2500,750,7263,15510,0,0
7143,2525,23000,30896,8,18,29,55331,67000,8874,7,2500,750,7263,15510,0,0
7144,2525,23000,30878,8,19,29,55331,67000,8874,7,2500,750,7281,15510,4,0
7145,2525,23000,30878,8,19,29,55331,67000,8874,7,2500,750,7281,15510,0,0
7146,2525,23000,30878,8,19,30,55331,67000,8856,7,2500,750,7281,15528,0,4
7147,2525,23000,30878,8,19,30,55331,67000,8856,7,2500,750,7281,15528,0,0
7148,2525,23000,30878,8,19,30,55331,67000,8856,7,2500,750,7281,15528,0,0
7149,2525,23000,30860,8,20,30,55331,67000,8856,7,2500,750,7299,15528,4,0
7150,2525,23000,30860,8,20,30,55331,67000,8856,7,2500,750,7299,15528,0,0
7151,2525,23000,30860,8,20,31,55331,67000,8838,7,2500,750,7299,15546,0,4
7152,2525,23000,30860,8,20,31,55331,67000,8838,7,2500,750,7299,15546,0,0
7153,2525,23000,30860,8,20,26,55331,67000,8838,7,2500,750,7299,15546,0,0
7154,2525,23000,30860,8,20,26,55331,67000,8838,7,2500,750,7299,15546,0,0
7155,2525,23000,30860,8,20,26,55331,67000,8838,7,2500,750,7299,15546,0,0
7156,2525,23000,30860,8,20,27,55331,67000,8820,7,2500,750,7299,15564,0,4
7157,2525,23000,30842,8,21,27,55331,67000,8820,7,2500,750,7317,15564,4,0
7158,2525,23000,30842,8,21,27,55331,67000,8820,7,2500,750,7317,15564,0,0
7159,2525,23000,30842,8,21,27,55331,67000,8820,7,2500,750,7317,15564,0,0
7160,2525,23000,30842,8,21,27,55331,67000,8820,7,2500,750,7317,15564,0,0
7161,2525,23000,30842,8,21,28,55331,67000,8802,7,2500,750,7317,15582,0,4
7162,2525,23000,30842,8,21,28,55331,67000,8802,7,2500,750,7317,15582,0,0
7163,2525,23000,30842,8,21,24,55331,67000,8802,7,2500,750,7317,15582,0,0
7164,2525,23000,30824,8,22,24,55331,67000,8802,7,2500,750,7335,15582,4,0
7165,2525,23000,30824,8,22,24,55331,67000,8802,7,2500,750,7335,15582,0,0
7166,2525,23000,30824,8,22,24,55331,67000,8784,7,2500,750,7335,15600,0,4
7167,2525,23000,30824,8,22,24,55331,67000,8784,7,2500,750,7335,15600,0,0
7168,2525,23000,30824,8,22,24,55331,67000,8784,7,2500,750,7335,15600,0,0
7169,2525,23000,30824,8,22,24,55331,67000,8784,7,2500,750,7335,15600,0,0
7170,2525,23000,33324,8,22,24,55331,67000,9534,7,2500,750,7335,15600,0,0
7171,2525,23000,33306,8,23,25,55331,67000,9516,7,2500,750,7353,15618,4,4
7172,2525,23000,33306,8,23,25,55331,67000,9516,7,2500,750,7353,15618,0,0
7173,2525,23000,33306,8,23,22,55331,67000,9516,7,2500,750,7353,15618,0,0
7174,2525,23000,33306,8,23,22,55331,67000,9516,7,2500,750,7353,15618,0,0
7175,2525,23000,33306,8,23,22,55331,67000,9516,7,2500,750,7353,15618,0,0
7176,2525,23000,33306,8,23,23,55331,67000,9498,7,2500,750,7353,15636,0,4
7177,2525,23000,33306,8,23,23,55331,67000,9498,7,2500,750,7353,15636,0,0
7178,2525,23000,33288,8,24,23,55331,67000,9498,7,2500,750,7371,15636,4,0
7179,2525,23000,33288,8,24,23,55331,67000,9498,7,2500,750,7371,15636,0,0
7180,2525,23000,33288,8,24,23,55331,67000,9498,7,2500,750,7371,15636,0,0
7181,2525,23000,33288,8,24,23,78000,78000,661,7,2500,750,7371,15636,0,10
7182,2525,23000,33288,8,24,23,78000,78000,661,7,2500,750,7371,15636,0,0
7183,2525,23000,33288,8,24,23,78000,78000,661,7,2500,750,7371,15636,0,0
7184,2525,23000,33288,8,23,17,78000,78000,661,7,2500,750,7371,15636,0,0
7185,2525,23000,33270,8,24,16,78000,78000,661,7,2500,750,7389,15636,4,0
7186,2525,23000,33270,8,24,17,78000,78000,643,7,2500,750,7389,15654,0,4
7187,2525,23000,33270,8,24,17,78000,78000,643,7,2500,750,7389,15654,0,0
7188,2525,23000,33270,8,24,17,78000,78000,643,7,2500,750,7389,15654,0,0
7189,2525,23000,33270,8,24,17,78000,78000,643,7,2500,750,7389,15654,0,0
7190,2525,23000,33270,8,23,17,78000,78000,643,7,2500,750,7389,15654,0,0
7191,2525,23000,33270,8,23,18,78000,78000,625,7,2500,750,7389,15672,0,4
7192,2525,23000,33270,8,23,18,78000,78000,625,7,2500,750,7389,15672,0,0
7193,2525,23000,33270,8,23,18,78000,78000,625,7,2500,750,7389,15672,0,0
7194,2525,23000,33252,8,24,18,78000,78000,625,7,2500,750,7407,15672,4,0
7195,2525,23000,33252,8,24,18,78000,78000,625,7,2500,750,7407,15672,0,0
7196,2525,23000,33252,8,24,19,78000,78000,607,7,2500,750,7407,15690,0,4
7197,2525,23000,33252,8,22,18,78000,78000,607,7,2500,750,7407,15690,0,0
7198,2525,23000,33252,8,22,18,78000,78000,607,7,2500,750,7407,15690,0,0
7199,2525,23000,33252,8,22,16,78000,78000,607,7,2500,750,7407,15690,0,0
7200,2525,23000,35752,8,22,16,78000,78000,1357,7,2500,750,7407,15690,0,0
7201,2525,23000,35752,8,22,17,78000,78000,1339,7,2500,750,7407,15708,0,4
7202,2525,23000,35752,8,22,17,78000,78000,1339,7,2500,750,7407,15708,0,0
7203,2525,23000,35752,8,22,17,78000,78000,1339,7,2500,750,7407,15708,0,0
7204,2525,23000,35734,8,23,17,78000,78000,1339,7,2500,750,7425,15708,4,0
7205,2525,23000,35734,8,23,17,78000,78000,1339,7,2500,750,7425,15708,0,0
7206,2525,23000,35734,8,23,18,78000,78000,1321,7,2500,750,7425,15726,0,4
7207,2525,23000,35734,8,22,18,78000,78000,1321,7,2500,750,7425,15726,0,0
7208,2525,23000,35734,8,22,18,78000,78000,1321,7,2500,750,7425,15726,0,0
7209,2525,23000,35734,8,22,16,78000,78000,1321,7,2500,750,7425,15726,0,0
7210,2525,23000,35734,8,22,16,78000,78000,1321,7,2500,750,7425,15726,0,0
7211,2525,23000,35716,8,23,17,78000,78000,1303,7,2500,750,7443,15744,4,4
7212,2525,23000,35716,8,23,17,78000,78000,1303,7,2500,750,7443,15744,0,0
7213,2525,23000,35716,8,23,17,78000,78000,1303,7,2500,750,7443,15744,0,0
7214,2525,23000,35716,8,23,17,78000,78000,1303,7,2500,750,7443,15744,0,0
7215,2525,23000,35716,8,23,17,78000,78000,1303,7,2500,750,7443,15744,0,0
7216,2525,23000,35698,8,24,18,78000,78000,1285,7,2500,750,7461,15762,4,4
7217,2525,23000,35698,8,23,18,78000,78000,1285,7,2500,750,7461,15762,0,0
7218,2525,23000,35698,8,23,18,78000,78000,1285,7,2500,750,7461,15762,0,0
7219,2525,23000,35698,8,23,17,78000,78000,1285,7,2500,750,7461,15762,0,0
7220,2525,23000,35698,8,23,17,78000,78000,1285,7,2500,750,7461,15762,0,0
7221,2525,23000,35698,8,23,18,78000,78000,1267,7,2500,750,7461,15780,0,4
7222,2525,23000,35680,8,24,18,78000,78000,1267,7,2500,750,7479,15780,4,0
7223,2525,23000,35680,8,24,18,78000,78000,1267,7,2500,750,7479,15780,0,0
7224,2525,23000,35680,8,23,18,78000,78000,1267,7,2500,750,7479,15780,0,0
7225,2525,23000,35680,8,23,18,78000,78000,1267,7,2500,750,7479,15780,0,0
7226,2525,23000,35680,8,23,19,78000,78000,1249,7,2500,750,7479,15798,0,4
7227,2525,23000,35662,8,24,19,78000,78000,1249,7,2500,750,7497,15798,4,0
7228,2525,23000,35662,8,24,19,78000,78000,1249,7,2500,750,7497,15798,0,0
7229,2525,23000,35662,8,24,19,78000,78000,1249,7,2500,750,7497,15798,0,0
7230,2525,23000,38162,8,24,15,78000,78000,1999,7,2500,750,7497,15798,0,0
7231,2525,23000,38162,8,24,16,78000,78000,1981,7,2500,750,7497,15816,0,4
7232,2525,23000,38162,8,24,16,78000,78000,1981,7,2500,750,7497,15816,0,0
7233,2525,23000,38162,8,24,15,78000,78000,1981,7,2500,750,7497,15816,0,0
7234,2525,23000,38162,8,24,15,78000,78000,1981,7,2500,750,7497,15816,0,0
7235,2525,23000,38162,8,24,15,78000,78000,1981,7,2500,750,7497,15816,0,0
7236,2525,23000,38162,8,24,16,78000,78000,1963,7,2500,750,7497,15834,0,4
7237,10532,34000,38095,8,24,16,78000,78000,1963,7,2500,750,7497,15834,10,0
7238,10532,34000,38095,8,24,16,78000,78000,1963,7,2500,750,7497,15834,0,0
7239,10532,34000,38095,8,24,16,78000,78000,1963,7,2500,750,7497,15834,0,0
7240,22939,45000,37926,8,24,16,78000,78000,1963,7,2500,750,7497,15834,10,0
7241,22939,45000,37926,8,24,17,78000,78000,1945,7,2500,750,7497,15852,0,4
7242,22939,45000,37926,8,24,17,78000,78000,1945,7,2500,750,7497,15852,0,0
7243,22939,45000,37926,8,24,17,78000,78000,1945,7,2500,750,7497,15852,0,0
7244,22939,45000,37926,8,24,17,78000,78000,1945,7,2500,750,7497,15852,0,0
7245,22939,45000,37926,8,24,14,78000,78000,1945,7,2500,750,7497,15852,0,0
7246,22939,45000,37926,8,24,15,78000,78000,1927,7,2500,750,7497,15870,0,4
7247,22939,45000,37926,8,24,15,78000,78000,1927,7,2500,750,7497,15870,0,0
7248,22939,45000,37926,8,24,15,78000,78000,1927,7,2500,750,7497,15870,0,0
7249,22939,45000,37926,8,24,15,78000,78000,1927,7,2500,750,7497,15870,0,0
7250,22939,45000,37926,8,24,15,78000,78000,1927,7,2500,750,7497,15870,0,0
7251,22939,45000,37926,8,24,16,78000,78000,1909,7,2500,750,7497,15888,0,4
7252,22939,45000,37926,8,24,16,78000,78000,1909,7,2500,750,7497,15888,0,0
7253,22939,45000,37908,8,25,16,78000,78000,1909,7,2500,750,7515,15888,4,0
7254,22939,45000,37908,8,25,16,78000,78000,1909,7,2500,750,7515,15888,0,0
7255,22939,45000,37908,8,25,13,78000,78000,1909,7,2500,750,7515,15888,0,0
7256,22939,45000,37908,8,25,14,78000,78000,1891,7,2500,750,7515,15906,0,4
7257,22939,45000,37908,8,25,14,78000,78000,1891,7,2500,750,7515,15906,0,0
7258,22939,45000,37890,8,25,14,78000,78000,1891,7,2500,750,7533,15906,4,0
7259,22939,45000,37890,8,25,14,78000,78000,1891,7,2500,750,7533,15906,0,0
7260,22939,45000,40390,8,25,14,78000,78000,2641,7,2500,750,7533,15906,0,0
7261,22939,45000,40390,8,25,15,78000,78000,575,7,2500,750,7533,17972,0,7
7262,22939,45000,40390,8,25,15,78000,78000,575,7,2500,750,7533,17972,0,0
7263,22939,45000,40390,8,25,15,78000,78000,575,7,2500,750,7533,17972,0,0
7264,22939,45000,40372,8,26,15,78000,78000,575,7,2500,750,7551,17972,4,0
7265,22939,45000,40372,8,26,14,78000,78000,575,7,2500,750,7551,17972,0,0
7266,22939,45000,40372,8,26,15,78000,78000,557,7,2500,750,7551,17990,0,4
7267,22939,45000,40372,8,26,15,78000,78000,557,7,2500,750,7551,17990,0,0
7268,22939,45000,40372,8,26,15,78000,78000,557,7,2500,750,7551,17990,0,0
7269,22939,45000,40354,8,27,15,78000,78000,557,7,2500,750,7569,17990,4,0
7270,22939,45000,40354,8,27,15,78000,78000,557,7,2500,750,7569,17990,0,0
7271,22939,45000,40354,8,27,16,78000,78000,539,7,2500,750,7569,18008,0,4
7272,22939,45000,40354,8,27,15,78000,78000,539,7,2500,750,7569,18008,0,0
7273,22939,45000,40354,8,27,15,78000,78000,539,7,2500,750,7569,18008,0,0
7274,22939,45000,40354,8,27,15,78000,78000,539,7,2500,750,7569,18008,0,0
7275,22939,45000,40354,8,27,15,78000,78000,539,7,2500,750,7569,18008,0,0
7276,22939,45000,40336,8,28,16,78000,78000,521,7,2500,750,7587,18026,4,4
7277,22939,45000,40336,8,28,15,78000,78000,521,7,2500,750,7587,18026,0,0
7278,22939,45000,40336,8,28,15,78000,78000,521,7,2500,750,7587,18026,0,0
7279,22939,45000,40336,8,27,15,78000,78000,521,7,2500,750,7587,18026,0,0
7280,22939,45000,40336,8,27,15,78000,78000,521,7,2500,750,7587,18026,0,0
7281,22939,45000,40336,8,27,16,78000,78000,503,7,2500,750,7587,18044,0,4
7282,22939,45000,40318,8,28,16,78000,78000,503,7,2500,750,7605,18044,4,0
7283,22939,45000,40318,8,28,16,78000,78000,503,7,2500,750,7605,18044,0,0
7284,22939,45000,40318,8,28,16,78000,78000,503,7,2500,750,7605,18044,0,0
7285,22939,45000,40318,8,28,14,78000,78000,503,7,2500,750,7605,18044,0,0
7286,22939,45000,40318,8,28,15,78000,78000,485,7,2500,750,7605,18062,0,4
7287,22939,45000,40318,8,28,15,78000,78000,485,7,2500,750,7605,18062,0,0
7288,22939,45000,40300,8,29,15,78000,78000,485,7,2500,750,7623,18062,4,0
7289,22939,45000,40300,8,29,15,78000,78000,485,7,2500,750,7623,18062,0,0
7290,22939,45000,42800,8,29,15,78000,78000,1235,7,2500,750,7623,18062,0,0
7291,22939,45000,42800,8,29,16,78000,78000,1217,7,2500,750,7623,18080,0,4
7292,22939,45000,42800,8,29,16,78000,78000,1217,7,2500,750,7623,18080,0,0
7293,22939,45000,42800,8,29,16,78000,78000,1217,7,2500,750,7623,18080,0,0
7294,22939,45000,42782,8,30,16,78000,78000,1217,7,2500,750,7641,18080,4,0
7295,22939,45000,42782,8,28,14,78000,78000,1217,7,2500,750,7641,18080,0,0
7296,22939,45000,42782,8,28,15,78000,78000,1199,7,2500,750,7641,18098,0,4
7297,22939,45000,42782,8,28,15,78000,78000,1199,7,2500,750,7641,18098,0,0
7298,22939,45000,42782,8,28,15,78000,78000,1199,7,2500,750,7641,18098,0,0
7299,22939,45000,42764,8,29,15,78000,78000,1199,7,2500,750,7659,18098,4,0
7300,22939,45000,42764,8,29,15,78000,78000,1199,7,2500,750,7659,18098,0,0
7301,22939,45000,42764,8,28,16,78000,78000,1181,7,2500,750,7659,18116,0,4
7302,22939,45000,42764,8,28,16,78000,78000,1181,7,2500,750,7659,18116,0,0
7303,22939,45000,42764,8,28,16,78000,78000,1181,7,2500,750,7659,18116,0,0
7304,22939,45000,42764,8,28,16,78000,78000,1181,7,2500,750,7659,18116,0,0
7305,22939,45000,42746,8,26,16,78000,78000,1181,7,2500,750,7677,18116,4,0
7306,22939,45000,42746,8,26,17,78000,78000,1163,7,2500,750,7677,18134,0,4
7307,22939,45000,42746,8,26,17,78000,78000,1163,7,2500,750,7677,18134,0,0
7308,22939,45000,42746,8,26,17,78000,78000,1163,7,2500,750,7677,18134,0,0
7309,22939,45000,42746,8,26,17,78000,78000,1163,7,2500,750,7677,18134,0,0
7310,22939,45000,42746,8,26,17,78000,78000,1163,7,2500,750,7677,18134,0,0
7311,22939,45000,42746,8,26,18,78000,78000,1145,7,2500,750,7677,18152,0,4
7312,22939,45000,42728,8,27,18,78000,78000,1145,7,2500,750,7695,18152,4,0
7313,22939,45000,42728,8,27,15,78000,78000,1145,7,2500,750,7695,18152,0,0
7314,22939,45000,42728,8,27,15,78000,78000,1145,7,2500,750,7695,18152,0,0
7315,22939,45000,42728,8,27,15,78000,78000,1145,7,2500,750,7695,18152,0,0
7316,22939,45000,42728,8,27,16,78000,78000,1127,7,2500,750,7695,18170,0,4
7317,22939,45000,42728,8,27,16,78000,78000,1127,7,2500,750,7695,18170,0,0
7318,22939,45000,42710,8,28,16,78000,78000,1127,7,2500,750,7713,18170,4,0
7319,22939,45000,42710,8,27,16,78000,78000,1127,7,2500,750,7713,18170,0,0
7320,22939,45000,45210,8,27,16,78000,78000,1877,7,2500,750,7713,18170,0,0
7321,22939,45000,45210,8,27,17,78000,78000,437,7,2500,750,7713,18170,0,12
7322,22939,45000,45210,8,27,18,78000,78000,419,7,2500,750,7713,18188,0,4
7323,22939,45000,45210,8,27,18,78000,78000,419,7,2500,750,7713,18188,0,0
7324,22939,45000,45192,8,24,17,78000,78000,419,7,2500,750,7731,18188,4,0
7325,22939,45000,45192,8,24,16,78000,78000,419,7,2500,750,7731,18188,0,0
7326,22939,45000,45192,8,24,17,78000,78000,401,7,2500,750,7731,18206,0,4
7327,22939,45000,45192,8,24,17,78000,78000,401,7,2500,750,7731,18206,0,0
7328,22939,45000,45192,8,24,17,78000,78000,401,7,2500,750,7731,18206,0,0
7329,22939,45000,45192,8,23,17,78000,78000,401,7,2500,750,7731,18206,0,0
7330,22939,45000,45174,8,24,15,78000,78000,401,7,2500,750,7749,18206,4,0
7331,22939,45000,45174,8,24,17,78000,78000,383,7,2500,750,7749,18224,0,4
7332,22939,45000,45174,8,24,17,78000,78000,383,7,2500,750,7749,18224,0,0
7333,22939,45000,45174,8,23,17,78000,78000,383,7,2500,750,7749,18224,0,0
7334,22939,45000,45174,8,23,17,78000,78000,383,7,2500,750,7749,18224,0,0
7335,22939,45000,45174,8,23,17,78000,78000,383,7,2500,750,7749,18224,0,0
7336,22939,45000,45156,8,24,18,78000,78000,365,7,2500,750,7767,18242,4,4
7337,22939,45000,45156,8,24,18,78000,78000,365,7,2500,750,7767,18242,0,0
7338,22939,45000,45156,8,24,18,78000,78000,365,7,2500,750,7767,18242,0,0
7339,22939,45000,45156,8,24,18,78000,78000,365,7,2500,750,7767,18242,0,0
7340,22939,45000,45156,8,23,18,78000,78000,365,7,2500,750,7767,18242,0,0
7341,22939,45000,45156,8,23,20,78000,78000,347,7,2500,750,7767,18260,0,4
7342,22939,45000,45156,8,23,20,78000,78000,347,7,2500,750,7767,18260,0,0
7343,22939,45000,45156,8,23,20,78000,78000,347,7,2500,750,7767,18260,0,0
7344,22939,45000,45156,8,23,20,78000,78000,347,7,2500,750,7767,18260,0,0
7345,22939,45000,45138,8,24,20,78000,78000,347,7,2500,750,7785,18260,4,0
7346,22939,45000,45138,8,24,21,78000,78000,329,7,2500,750,7785,18278,0,4
7347,22939,45000,45138,8,24,21,78000,78000,329,7,2500,750,7785,18278,0,0
7348,22939,45000,45138,8,24,21,78000,78000,329,7,2500,750,7785,18278,0,0
7349,22939,45000,45138,8,24,21,78000,78000,329,7,2500,750,7785,18278,0,0
7350,22939,45000,47638,8,24,21,78000,78000,1079,7,2500,750,7785,18278,0,0
7351,22939,45000,47638,8,24,23,78000,78000,1061,7,2500,750,7785,18296,0,4
7352,22939,45000,47620,8,25,23,78000,78000,1061,7,2500,750,7803,18296,4,0
7353,22939,45000,47620,8,25,23,78000,78000,1061,7,2500,750,7803,18296,0,0
7354,22939,45000,47620,8,25,23,78000,78000,1061,7,2500,750,7803,18296,0,0
7355,22939,45000,47620,8,25,23,78000,78000,1061,7,2500,750,7803,18296,0,0
7356,22939,45000,47620,8,25,24,78000,78000,1043,7,2500,750,7803,18314,0,4
7357,22939,45000,47620,8,25,24,78000,78000,1043,7,2500,750,7803,18314,0,0
7358,22939,45000,47602,8,25,24,78000,78000,1043,7,2500,750,7821,18314,4,0
7359,22939,45000,47602,8,25,17,78000,78000,1043,7,2500,750,7821,18314,0,0
7360,22939,45000,47602,8,25,17,78000,78000,1043,7,2500,750,7821,18314,0,0
7361,22939,45000,47602,8,25,19,78000,78000,1025,7,2500,750,7821,18332,0,4
7362,22939,45000,47602,8,23,19,78000,78000,1025,7,2500,750,7821,18332,0,0
7363,22939,45000,47602,8,23,19,78000,78000,1025,7,2500,750,7821,18332,0,0
7364,22939,45000,47602,8,23,19,78000,78000,1025,7,2500,750,7821,18332,0,0
7365,22939,45000,47602,8,23,19,78000,78000,1025,7,2500,750,7821,18332,0,0
7366,22939,45000,47602,8,23,19,78000,78000,1025,7,2500,750,7821,18332,0,0
7367,22939,45000,47602,8,23,19,78000,78000,1025,7,2500,750,7821,18332,0,0
7368,22939,45000,47602,8,23,19,78000,78000,1025,7,2500,750,7821,18332,0,0
7369,22939,45000,47602,8,23,19,78000,78000,1025,7,2500,750,7821,18332,0,0
7370,22939,45000,47602,8,23,19,78000,78000,1025,7,2500,750,7821,18332,0,0
7371,22939,45000,47602,8,23,19,78000,78000,1025,7,2500,750,7821,18332,0,0
7372,22939,45000,47602,8,23,19,78000,78000,1025,7,2500,750,7821,18332,0,0
7373,22939,45000,47602,8,23,19,78000,78000,1025,7,2500,750,7821,18332,0,0
7374,22939,45000,47602,8,23,19,78000,78000,1025,7,2500,750,7821,18332,0,0
7375,22939,45000,47602,8,23,19,78000,78000,1025,7,2500,750,7821,18332,0,0
7376,22939,45000,47602,8,23,20,78000,78000,1007,7,2500,750,7821,18350,0,4
7377,22939,45000,47602,8,21,20,78000,78000,1007,7,2500,750,7821,18350,0,0
7378,22939,45000,47602,8,21,20,78000,78000,1007,7,2500,750,7821,18350,0,0
7379,22939,45000,47602,8,21,19,78000,78000,1007,7,2500,750,7821,18350,0,0
7380,22939,45000,50102,8,21,19,78000,78000,1757,7,2500,750,7821,18350,0,0
7381,22939,45000,50102,8,21,19,78000,78000,1757,7,2500,750,7821,18350,0,0
7382,22939,45000,48662,8,22,19,78000,78000,1757,7,2500,750,7821,18350,12,0
7383,22939,45000,48662,8,22,18,78000,78000,1757,7,2500,750,7821,18350,0,0
7384,22939,45000,48662,8,22,18,78000,78000,1757,7,2500,750,7821,18350,0,0
7385,22939,45000,48662,8,22,18,78000,78000,1757,7,2500,750,7821,18350,0,0
7386,22939,45000,48662,8,22,19,78000,78000,1739,7,2500,750,7821,18368,0,4
7387,22939,45000,48662,8,21,19,78000,78000,1739,7,2500,750,7821,18368,0,0
7388,22939,45000,48662,8,21,19,78000,78000,1739,7,2500,750,7821,18368,0,0
7389,22939,45000,48662,8,21,19,78000,78000,1739,7,2500,750,7821,18368,0,0
7390,22939,45000,48662,8,21,19,78000,78000,1739,7,2500,750,7821,18368,0,0
7391,22939,45000,48662,8,18,18,78000,78000,1721,7,2500,750,7821,18386,0,4
7392,22939,45000,48662,8,19,18,78000,78000,1721,7,2500,750,7821,18386,0,0
7393,22939,45000,48662,8,19,18,78000,78000,1721,7,2500,750,7821,18386,0,0
7394,22939,45000,48662,8,19,18,78000,78000,1721,7,2500,750,7821,18386,0,0
7395,22939,45000,48362,8,19,18,78000,78000,1721,7,2500,750,7821,18386,11,0
7396,22939,45000,48362,8,19,19,78000,78000,1703,7,2500,750,7821,18404,0,4
7397,22939,45000,48362,8,19,19,78000,78000,1703,7,2500,750,7821,18404,0,0
7398,22939,45000,48362,8,19,19,78000,78000,1703,7,2500,750,7821,18404,0,0
7399,22939,45000,48362,8,19,19,78000,78000,1703,7,2500,750,7821,18404,0,0
7400,22939,45000,48362,8,19,19,78000,78000,1703,7,2500,750,7821,18404,0,0
7401,22939,45000,48362,8,19,20,78000,78000,1685,7,2500,750,7821,18422,0,4
7402,22939,45000,48362,8,20,20,78000,78000,1685,7,2500,750,7821,18422,0,0
7403,22939,45000,48362,8,20,20,78000,78000,1685,7,2500,750,7821,18422,0,0
7404,22939,45000,48362,8,19,20,78000,78000,1685,7,2500,750,7821,18422,0,0
7405,22939,45000,48362,8,19,20,78000,78000,1685,7,2500,750,7821,18422,0,0
7406,22939,45000,48362,8,19,21,78000,78000,1667,7,2500,750,7821,18440,0,4
7407,22939,45000,48362,8,19,21,78000,78000,1667,7,2500,750,7821,18440,0,0
7408,22939,45000,48344,8,17,21,78000,78000,1667,7,2500,750,7839,18440,4,0
7409,22939,45000,48344,8,17,21,78000,78000,1667,7,2500,750,7839,18440,0,0
7410,22939,45000,50844,8,17,20,78000,78000,2417,7,2500,750,7839,18440,0,0
7411,22939,45000,50844,8,17,21,78000,78000,2399,7,2500,750,7839,18458,0,4
7412,22939,45000,50844,8,18,21,78000,78000,2399,7,2500,750,7839,18458,0,0
7413,22939,45000,50844,8,18,21,78000,78000,2399,7,2500,750,7839,18458,0,0
7414,22939,45000,50826,8,19,21,78000,78000,2399,7,2500,750,7857,18458,4,0
7415,22939,45000,50826,8,19,20,78000,78000,2399,7,2500,750,7857,18458,0,0
7416,22939,45000,50826,8,19,21,78000,78000,2381,7,2500,750,7857,18476,0,4
7417,22939,45000,50826,8,18,21,78000,78000,2381,7,2500,750,7857,18476,0,0
7418,22939,45000,50826,8,18,21,78000,78000,2381,7,2500,750,7857,18476,0,0
7419,22939,45000,50808,8,19,21,78000,78000,2381,7,2500,750,7875,18476,4,0
7420,22939,45000,50808,8,18,21,78000,78000,2381,7,2500,750,7875,18476,0,0
7421,22939,45000,50808,8,18,22,78000,78000,2363,7,2500,750,7875,18494,0,4
7422,22939,45000,50808,8,19,22,78000,78000,2363,7,2500,750,7875,18494,0,0
7423,22939,45000,50790,8,18,21,78000,78000,2363,7,2500,750,7893,18494,4,0
7424,22939,45000,50790,8,18,21,78000,78000,2363,7,2500,750,7893,18494,0,0
7425,22939,45000,50790,8,18,21,78000,78000,2363,7,2500,750,7893,18494,0,0
7426,22939,45000,50790,8,18,22,78000,78000,2345,7,2500,750,7893,18512,0,4
7427,22939,45000,50790,8,18,22,78000,78000,2345,7,2500,750,7893,18512,0,0
7428,22939,45000,50790,8,18,22,78000,78000,2345,7,2500,750,7893,18512,0,0
7429,22939,45000,50772,8,19,22,78000,78000,2345,7,2500,750,7911,18512,4,0
7430,22939,45000,50772,8,19,22,78000,78000,2345,7,2500,750,7911,18512,0,0
7431,22939,45000,50772,8,19,23,78000,78000,2327,7,2500,750,7911,18530,0,4
7432,22939,45000,50772,8,19,23,78000,78000,2327,7,2500,750,7911,18530,0,0
7433,22939,45000,50772,8,18,23,78000,78000,2327,7,2500,750,7911,18530,0,0
7434,22939,45000,50754,8,19,23,78000,78000,2327,7,2500,750,7929,18530,4,0
7435,22939,45000,50754,8,19,23,78000,78000,2327,7,2500,750,7929,18530,0,0
7436,22939,45000,50754,8,19,24,78000,78000,2309,7,2500,750,7929,18548,0,4
7437,22939,45000,50754,8,18,24,78000,78000,2309,7,2500,750,7929,18548,0,0
7438,22939,45000,50754,8,18,24,78000,78000,2309,7,2500,750,7929,18548,0,0
7439,22939,45000,50754,8,18,23,78000,78000,2309,7,2500,750,7929,18548,0,0
7440,22939,45000,53254,8,18,23,78000,78000,3059,7,2500,750,7929,18548,0,0
7441,22939,45000,53254,8,18,24,78000,78000,3041,7,2500,750,7929,18566,0,4
7442,22939,45000,53254,8,18,24,78000,78000,3041,7,2500,750,7929,18566,0,0
7443,21439,45000,53254,8,11,5,76500,78000,3041,7,2500,750,7929,18566,0,0
7444,21439,45000,53254,8,11,5,76500,78000,3041,7,2500,750,7929,18566,0,0
7445,21439,45000,53254,8,11,5,76500,78000,3041,7,2500,750,7929,18566,0,0
7446,21439,45000,53254,8,11,6,76500,78000,3023,7,2500,750,7929,18584,0,4
7447,21439,45000,53254,8,11,6,76500,78000,3023,7,2500,750,7929,18584,0,0
7448,21439,45000,53254,8,11,6,76500,78000,3023,7,2500,750,7929,18584,0,0
7449,21439,45000,53254,8,11,6,76500,78000,3023,7,2500,750,7929,18584,0,0
7450,21439,45000,53254,8,11,6,76500,78000,3023,7,2500,750,7929,18584,0,0
7451,21439,45000,52279,8,11,7,76500,78000,3005,7,2500,750,7929,18602,13,4
7452,21439,45000,52279,8,11,7,76500,78000,3005,7,2500,750,7929,18602,0,0
7453,21439,45000,52279,8,11,7,76500,78000,3005,7,2500,750,7929,18602,0,0
7454,21439,45000,52279,8,11,7,76500,78000,3005,7,2500,750,7929,18602,0,0
7455,21439,45000,52279,8,11,7,76500,78000,3005,7,2500,750,7929,18602,0,0
7456,21439,45000,52279,8,11,8,76500,78000,2987,7,2500,750,7929,18620,0,4
7457,21439,45000,52279,8,11,8,76500,78000,2987,7,2500,750,7929,18620,0,0
7458,21439,45000,52279,8,11,8,76500,78000,2987,7,2500,750,7929,18620,0,0
7459,21439,45000,52279,8,11,8,76500,78000,2987,7,2500,750,7929,18620,0,0
7460,21439,45000,52279,8,11,8,76500,78000,2987,7,2500,750,7929,18620,0,0
7461,21439,45000,52261,8,12,9,76500,78000,2969,7,2500,750,7947,18638,4,4
7462,21439,45000,52261,8,12,9,76500,78000,2969,7,2500,750,7947,18638,0,0
7463,21439,45000,52261,8,12,9,76500,78000,2969,7,2500,750,7947,18638,0,0
7464,21439,45000,52261,8,12,9,76500,78000,2969,7,2500,750,7947,18638,0,0
7465,21439,45000,52261,8,12,9,76500,78000,2969,7,2500,750,7947,18638,0,0
7466,21439,45000,52243,8,13,10,76500,78000,2951,7,2500,750,7965,18656,4,4
7467,21439,45000,52243,8,13,10,76500,78000,2951,7,2500,750,7965,18656,0,0
7468,21439,45000,52243,8,13,10,76500,78000,2951,7,2500,750,7965,18656,0,0
7469,21439,45000,52243,8,13,10,76500,78000,2951,7,2500,750,7965,18656,0,0
7470,21439,45000,54743,8,13,10,76500,78000,3701,7,2500,750,7965,18656,0,0
7471,21439,45000,54743,8,13,11,76500,78000,3683,7,2500,750,7965,18674,0,4
7472,21439,45000,54725,8,14,11,76500,78000,3683,7,2500,750,7983,18674,4,0
7473,21439,45000,54725,8,14,11,76500,78000,3683,7,2500,750,7983,18674,0,0
7474,21439,45000,54725,8,14,11,76500,78000,3683,7,2500,750,7983,18674,0,0
7475,21439,45000,54725,8,14,11,76500,78000,3683,7,2500,750,7983,18674,0,0
7476,21439,45000,54725,8,14,12,76500,78000,3665,7,2500,750,7983,18692,0,4
7477,21439,45000,54725,8,14,12,76500,78000,3665,7,2500,750,7983,18692,0,0
7478,21439,45000,54725,8,14,12,76500,78000,3665,7,2500,750,7983,18692,0,0
7479,21439,45000,54707,8,15,12,76500,78000,3665,7,2500,750,8001,18692,4,0
7480,21439,45000,54707,8,15,12,76500,78000,3665,7,2500,750,8001,18692,0,0
7481,21439,45000,54707,8,15,13,76500,78000,3647,7,2500,750,8001,18710,0,4
7482,21439,45000,54707,8,15,13,76500,78000,3647,7,2500,750,8001,18710,0,0
7483,21439,45000,54707,8,15,13,76500,78000,3647,7,2500,750,8001,18710,0,0
7484,21439,45000,54689,8,16,13,76500,78000,3647,7,2500,750,8019,18710,4,0
7485,21439,45000,54689,8,16,13,76500,78000,3647,7,2500,750,8019,18710,0,0
7486,21439,45000,54689,8,16,14,76500,78000,3629,7,2500,750,8019,18728,0,4
7487,21439,45000,54689,8,16,14,76500,78000,3629,7,2500,750,8019,18728,0,0
7488,21439,45000,54689,8,16,14,76500,78000,3629,7,2500,750,8019,18728,0,0
7489,21439,45000,54689,8,15,9,76500,78000,3629,7,2500,750,8019,18728,0,0
7490,21439,45000,54689,8,15,9,76500,78000,3629,7,2500,750,8019,18728,0,0
7491,21439,45000,54689,8,15,10,76500,78000,3611,7,2500,750,8019,18746,0,4
7492,21439,45000,54689,8,15,10,76500,78000,3611,7,2500,750,8019,18746,0,0
7493,21439,45000,54689,8,15,10,76500,78000,3611,7,2500,750,8019,18746,0,0
7494,21439,45000,54671,8,16,10,76500,78000,3611,7,2500,750,8037,18746,4,0
7495,21439,45000,54671,8,16,10,76500,78000,3611,7,2500,750,8037,18746,0,0
7496,21439,45000,54671,8,16,11,76500,78000,3593,7,2500,750,8037,18764,0,4
7497,21439,45000,54671,8,16,11,76500,78000,3593,7,2500,750,8037,18764,0,0
7498,21439,45000,54653,8,17,11,76500,78000,3593,7,2500,750,8055,18764,4,0
7499,21439,45000,56153,8,17,11,76500,78000,3593,7,2500,750,8055,18764,0,0
7500,21439,45000,58653,8,17,11,76500,78000,4343,7,2500,750,8055,18764,0,0
7501,21439,45000,58653,8,17,12,76500,78000,4325,7,2500,750,8055,18782,0,4
7502,21439,45000,58635,8,18,12,76500,78000,4325,7,2500,750,8073,18782,4,0
7503,21439,45000,58635,8,18,12,76500,78000,4325,7,2500,750,8073,18782,0,0
7504,21439,45000,58635,8,18,12,76500,78000,4325,7,2500,750,8073,18782,0,0
7505,21439,45000,58635,8,18,12,76500,78000,4325,7,2500,750,8073,18782,0,0
7506,21439,45000,58617,8,19,13,76500,78000,4307,7,2500,750,8091,18800,4,4
7507,21439,45000,58617,8,19,12,76500,78000,4307,7,2500,750,8091,18800,0,0
7508,21439,45000,58617,8,19,12,76500,78000,4307,7,2500,750,8091,18800,0,0
7509,21439,45000,58617,8,19,12,76500,78000,4307,7,2500,750,8091,18800,0,0
7510,21439,45000,58617,8,19,12,76500,78000,4307,7,2500,750,8091,18800,0,0
7511,21439,45000,58617,8,19,13,76500,78000,4289,7,2500,750,8091,18818,0,4
7512,21439,45000,58617,8,19,13,76500,78000,4289,7,2500,750,8091,18818,0,0
7513,21439,45000,58599,8,20,13,76500,78000,4289,7,2500,750,8109,18818,4,0
7514,21439,45000,58599,8,20,13,76500,78000,4289,7,2500,750,8109,18818,0,0
7515,21439,45000,58599,8,20,13,76500,78000,4289,7,2500,750,8109,18818,0,0
7516,21439,45000,58599,8,20,14,76500,78000,4271,7,2500,750,8109,18836,0,4
7517,21439,45000,58599,8,20,14,76500,78000,4271,7,2500,750,8109,18836,0,0
7518,21439,45000,58599,8,20,14,76500,78000,4271,7,2500,750,8109,18836,0,0
7519,21439,45000,58581,8,21,13,76500,78000,4271,7,2500,750,8127,18836,4,0
7520,21439,45000,58581,8,21,13,76500,78000,4271,7,2500,750,8127,18836,0,0
7521,21439,45000,58581,8,21,14,76500,78000,4253,7,2500,750,8127,18854,0,4
7522,21439,45000,58581,8,21,14,76500,78000,4253,7,2500,750,8127,18854,0,0
7523,21439,45000,58581,8,21,14,76500,78000,4253,7,2500,750,8127,18854,0,0
7524,21439,45000,58581,8,21,14,76500,78000,4253,7,2500,750,8127,18854,0,0
7525,21439,45000,58563,8,22,14,76500,78000,4253,7,2500,750,8145,18854,4,0
7526,21439,45000,58563,8,22,15,76500,78000,4235,7,2500,750,8145,18872,0,4
7527,21439,45000,58563,8,22,15,76500,78000,4235,7,2500,750,8145,18872,0,0
7528,21439,45000,58563,8,22,15,76500,78000,4235,7,2500,750,8145,18872,0,0
7529,21439,45000,58563,8,22,15,76500,78000,4235,7,2500,750,8145,18872,0,0
7530,21439,45000,61063,8,22,15,76500,78000,4985,7,2500,750,8145,18872,0,0
7531,21439,45000,61045,8,23,15,76500,78000,4967,7,2500,750,8163,18890,4,4
7532,21439,45000,61045,8,23,15,76500,78000,4967,7,2500,750,8163,18890,0,0
7533,21439,45000,61045,8,23,15,76500,78000,4967,7,2500,750,8163,18890,0,0
7534,21439,45000,61045,8,23,15,76500,78000,4967,7,2500,750,8163,18890,0,0
7535,21439,45000,61045,8,23,15,76500,78000,4967,7,2500,750,8163,18890,0,0
7536,21439,45000,61045,8,23,16,76500,78000,4949,7,2500,750,8163,18908,0,4
7537,21439,45000,61045,8,23,16,76500,78000,4949,7,2500,750,8163,18908,0,0
7538,21439,45000,61027,8,24,16,76500,78000,4949,7,2500,750,8181,18908,4,0
7539,21439,45000,61027,8,24,16,76500,78000,4949,7,2500,750,8181,18908,0,0
7540,21439,45000,61027,8,24,16,76500,78000,4949,7,2500,750,8181,18908,0,0
7541,21439,45000,61027,8,24,17,76500,78000,4931,7,2500,750,8181,18926,0,4
7542,21439,45000,61027,8,24,16,76500,78000,4931,7,2500,750,8181,18926,0,0
7543,21439,45000,61027,8,24,16,76500,78000,4931,7,2500,750,8181,18926,0,0
7544,21439,45000,61009,8,25,16,76500,78000,4931,7,2500,750,8199,18926,4,0
7545,21439,45000,61009,8,25,16,76500,78000,4931,7,2500,750,8199,18926,0,0
7546,21439,45000,61009,8,25,17,76500,78000,4913,7,2500,750,8199,18944,0,4
7547,21439,45000,61009,8,25,17,76500,78000,4913,7,2500,750,8199,18944,0,0
7548,21439,45000,61009,8,25,17,76500,78000,4913,7,2500,750,8199,18944,0,0
7549,21439,45000,61009,8,25,17,76500,78000,4913,7,2500,750,8199,18944,0,0
7550,21439,45000,60991,8,26,17,76500,78000,4913,7,2500,750,8217,18944,4,0
7551,21439,45000,60991,8,26,18,76500,78000,4895,7,2500,750,8217,18962,0,4
7552,21439,45000,60991,8,25,18,76500,78000,4895,7,2500,750,8217,18962,0,0
7553,21439,45000,60991,8,25,16,76500,78000,4895,7,2500,750,8217,18962,0,0
7554,21439,45000,60991,8,25,16,76500,78000,4895,7,2500,750,8217,18962,0,0
7555,21439,45000,60991,8,24,16,76500,78000,4895,7,2500,750,8217,18962,0,0
7556,21439,45000,60973,8,25,17,76500,78000,4877,7,2500,750,8235,18980,4,4
7557,21439,45000,60973,8,25,17,76500,78000,4877,7,2500,750,8235,18980,0,0
7558,21439,45000,60973,8,25,17,76500,78000,4877,7,2500,750,8235,18980,0,0
7559,21439,45000,60973,8,25,16,76500,78000,4877,7,2500,750,8235,18980,0,0
7560,21439,45000,63473,8,25,16,76500,78000,5627,7,2500,750,8235,18980,0,0
7561,21439,45000,63473,8,25,17,76500,78000,5609,7,2500,750,8235,18998,0,4
7562,21439,45000,63473,8,25,17,76500,78000,5609,7,2500,750,8235,18998,0,0
7563,21439,45000,63455,8,26,17,76500,78000,5609,7,2500,750,8253,18998,4,0
7564,21439,45000,63455,8,26,17,76500,78000,5609,7,2500,750,8253,18998,0,0
7565,21439,45000,63455,8,24,15,76500,78000,5609,7,2500,750,8253,18998,0,0
7566,21439,45000,63455,8,24,16,76500,78000,5591,7,2500,750,8253,19016,0,4
7567,21439,45000,63437,8,25,16,76500,78000,5591,7,2500,750,8271,19016,4,0
7568,21439,45000,63437,8,25,16,76500,78000,5591,7,2500,750,8271,19016,0,0
7569,21439,45000,63437,8,25,16,76500,78000,5591,7,2500,750,8271,19016,0,0
7570,21439,45000,63437,8,25,16,76500,78000,5591,7,2500,750,8271,19016,0,0
7571,21439,45000,63437,8,25,17,76500,78000,5573,7,2500,750,8271,19034,0,4
7572,21439,45000,63437,8,25,17,76500,78000,5573,7,2500,750,8271,19034,0,0
7573,21439,45000,63437,8,25,17,76500,78000,5573,7,2500,750,8271,19034,0,0
7574,21439,45000,63419,8,26,17,76500,78000,5573,7,2500,750,8289,19034,4,0
7575,21439,45000,63419,8,26,17,76500,78000,5573,7,2500,750,8289,19034,0,0
7576,21439,45000,63419,8,26,18,76500,78000,5555,7,2500,750,8289,19052,0,4
7577,21439,45000,63419,8,26,18,76500,78000,5555,7,2500,750,8289,19052,0,0
7578,21439,45000,63419,8,26,18,76500,78000,5555,7,2500,750,8289,19052,0,0
7579,21439,45000,63419,8,25,17,76500,78000,5555,7,2500,750,8289,19052,0,0
7580,21439,45000,63401,8,26,17,76500,78000,5555,7,2500,750,8307,19052,4,0
7581,21439,45000,63401,8,26,18,76500,78000,5537,7,2500,750,8307,19070,0,4
7582,21439,45000,63401,8,26,18,76500,78000,5537,7,2500,750,8307,19070,0,0
7583,21439,45000,63401,8,26,18,76500,78000,5537,7,2500,750,8307,19070,0,0
7584,21439,45000,63401,8,26,18,76500,78000,5537,7,2500,750,8307,19070,0,0
7585,21439,45000,63401,8,25,18,76500,78000,5537,7,2500,750,8307,19070,0,0
7586,21439,45000,63401,8,25,19,76500,78000,5519,7,2500,750,8307,19088,0,4
7587,21439,45000,63383,8,26,19,76500,78000,5519,7,2500,750,8325,19088,4,0
7588,21439,45000,63383,8,26,16,76500,78000,5519,7,2500,750,8325,19088,0,0
7589,21439,45000,63383,8,26,16,76500,78000,5519,7,2500,750,8325,19088,0,0
7590,21439,45000,65883,8,26,16,76500,78000,6269,7,2500,750,8325,19088,0,0
7591,21439,45000,65883,8,26,17,76500,78000,4203,7,2500,750,8325,21154,0,7
7592,21439,45000,65883,8,26,17,76500,78000,4203,7,2500,750,8325,21154,0,0
7593,21439,45000,65883,8,26,17,76500,78000,4203,7,2500,750,8325,21154,0,0
7594,21439,45000,65865,8,27,17,76500,78000,4203,7,2500,750,8343,21154,4,0
7595,21439,45000,65865,8,27,17,76500,78000,4203,7,2500,750,8343,21154,0,0
7596,21439,45000,65865,8,27,18,76500,78000,4185,7,2500,750,8343,21172,0,4
7597,21439,45000,65865,8,27,18,76500,78000,4185,7,2500,750,8343,21172,0,0
7598,21439,45000,65865,8,27,18,76500,78000,4185,7,2500,750,8343,21172,0,0
7599,21439,45000,65847,8,28,16,76500,78000,4185,7,2500,750,8361,21172,4,0
7600,21439,45000,65847,8,28,16,76500,78000,4185,7,2500,750,8361,21172,0,0
7601,21439,45000,65847,8,28,17,76500,78000,4167,7,2500,750,8361,21190,0,4
7602,21439,45000,65847,8,28,17,76500,78000,4167,7,2500,750,8361,21190,0,0
7603,21439,45000,65847,8,28,17,76500,78000,4167,7,2500,750,8361,21190,0,0
7604,21439,45000,65847,8,28,17,76500,78000,4167,7,2500,750,8361,21190,0,0
7605,21439,45000,65847,8,28,15,76500,78000,4167,7,2500,750,8361,21190,0,0
7606,21439,45000,65847,8,28,16,76500,78000,4149,7,2500,750,8361,21208,0,4
7607,21439,45000,65829,8,29,15,76500,78000,4149,7,2500,750,8379,21208,4,0
7608,21439,45000,65829,8,29,15,76500,78000,4149,7,2500,750,8379,21208,0,0
7609,21439,45000,65829,8,28,15,76500,78000,4149,7,2500,750,8379,21208,0,0
7610,21439,45000,65829,8,28,15,76500,78000,4149,7,2500,750,8379,21208,0,0
7611,21439,45000,65829,8,28,14,76500,78000,4131,7,2500,750,8379,21226,0,4
7612,21439,45000,65811,8,29,14,76500,78000,4131,7,2500,750,8397,21226,4,0
7613,21439,45000,65811,8,29,14,76500,78000,4131,7,2500,750,8397,21226,0,0
7614,21439,45000,65811,8,29,14,76500,78000,4131,7,2500,750,8397,21226,0,0
7615,21439,45000,65811,8,29,14,76500,78000,4131,7,2500,750,8397,21226,0,0
7616,21439,45000,65811,8,29,15,76500,78000,4113,7,2500,750,8397,21244,0,4
7617,21439,45000,65793,8,30,15,76500,78000,4113,7,2500,750,8415,21244,4,0
7618,21439,45000,65793,8,30,15,76500,78000,4113,7,2500,750,8415,21244,0,0
7619,21439,45000,65793,8,30,15,76500,78000,4113,7,2500,750,8415,21244,0,0
7620,21439,45000,68293,8,30,15,76500,78000,4863,7,2500,750,8415,21244,0,0
7621,21439,45000,68293,8,30,16,76500,78000,4845,7,2500,750,8415,21262,0,4
7622,21439,45000,68275,8,31,16,76500,78000,4845,7,2500,750,8433,21262,4,0
7623,21439,45000,68275,8,31,16,76500,78000,4845,7,2500,750,8433,21262,0,0
7624,21439,45000,68275,8,31,16,76500,78000,4845,7,2500,750,8433,21262,0,0
7625,21439,45000,68275,8,31,12,76500,78000,4845,7,2500,750,8433,21262,0,0
7626,21439,45000,68275,8,31,13,76500,78000,3405,7,2500,750,8433,21262,0,12
7627,21439,45000,68275,8,31,14,76500,78000,3387,7,2500,750,8433,21280,0,4
7628,21439,45000,68257,8,32,14,76500,78000,3387,7,2500,750,8451,21280,4,0
7629,21439,45000,68257,8,32,14,76500,78000,3387,7,2500,750,8451,21280,0,0
7630,21439,45000,68257,8,32,14,76500,78000,3387,7,2500,750,8451,21280,0,0
7631,21439,45000,68257,8,32,15,76500,78000,3369,7,2500,750,8451,21298,0,4
7632,21439,45000,68257,8,32,15,76500,78000,3369,7,2500,750,8451,21298,0,0
7633,21439,45000,68257,8,32,15,76500,78000,3369,7,2500,750,8451,21298,0,0
7634,21439,45000,68239,8,29,12,76500,78000,3369,7,2500,750,8469,21298,4,0
7635,21439,45000,68239,8,29,12,76500,78000,3369,7,2500,750,8469,21298,0,0
7636,21439,45000,68239,8,29,14,76500,78000,3351,7,2500,750,8469,21316,0,4
7637,21439,45000,68239,8,29,14,76500,78000,3351,7,2500,750,8469,21316,0,0
7638,21439,45000,68239,8,29,14,76500,78000,3351,7,2500,750,8469,21316,0,0
7639,21439,45000,68239,8,29,14,76500,78000,3351,7,2500,750,8469,21316,0,0
7640,21439,45000,68221,8,29,14,76500,78000,3351,7,2500,750,8487,21316,4,0
7641,21439,45000,68221,8,29,15,76500,78000,3333,7,2500,750,8487,21334,0,4
7642,21439,45000,68221,8,29,15,76500,78000,3333,7,2500,750,8487,21334,0,0
7643,21439,45000,68221,8,29,15,76500,78000,3333,7,2500,750,8487,21334,0,0
7644,21439,45000,68221,8,29,15,76500,78000,3333,7,2500,750,8487,21334,0,0
7645,21439,45000,68203,8,30,14,76500,78000,3333,7,2500,750,8505,21334,4,0
7646,21439,45000,68203,8,29,16,76500,78000,3315,7,2500,750,8505,21352,0,4
7647,21439,45000,68203,8,29,16,76500,78000,3315,7,2500,750,8505,21352,0,0
7648,21439,45000,68203,8,29,16,76500,78000,3315,7,2500,750,8505,21352,0,0
7649,21439,45000,68203,8,29,16,76500,78000,3315,7,2500,750,8505,21352,0,0
7650,21439,45000,70703,8,29,16,76500,78000,4065,7,2500,750,8505,21352,0,0
7651,21439,45000,70703,8,29,17,76500,78000,4047,7,2500,750,8505,21370,0,4
7652,21439,45000,70685,8,30,17,76500,78000,4047,7,2500,750,8523,21370,4,0
7653,21439,45000,70685,8,30,17,76500,78000,4047,7,2500,750,8523,21370,0,0
7654,21439,45000,70685,8,30,17,76500,78000,4047,7,2500,750,8523,21370,0,0
7655,21439,45000,70685,8,30,17,76500,78000,4047,7,2500,750,8523,21370,0,0
7656,21439,45000,70685,8,30,19,76500,78000,4029,7,2500,750,8523,21388,0,4
7657,21439,45000,70667,8,30,19,76500,78000,4029,7,2500,750,8541,21388,4,0
7658,21439,45000,70667,8,30,19,76500,78000,4029,7,2500,750,8541,21388,0,0
7659,21439,45000,70667,8,30,17,76500,78000,4029,7,2500,750,8541,21388,0,0
7660,21439,45000,70667,8,30,17,76500,78000,4029,7,2500,750,8541,21388,0,0
7661,21439,45000,70667,8,29,18,76500,78000,4011,7,2500,750,8541,21406,0,4
7662,21439,45000,70667,8,29,18,76500,78000,4011,7,2500,750,8541,21406,0,0
7663,21439,45000,70667,8,29,18,76500,78000,4011,7,2500,750,8541,21406,0,0
7664,21439,45000,70649,8,30,18,76500,78000,4011,7,2500,750,8559,21406,4,0
7665,21439,45000,70649,8,30,18,76500,78000,4011,7,2500,750,8559,21406,0,0
7666,21439,45000,70649,8,30,19,76500,78000,3993,7,2500,750,8559,21424,0,4
7667,21439,45000,70649,8,29,19,76500,78000,3993,7,2500,750,8559,21424,0,0
7668,21439,45000,70649,8,29,19,76500,78000,3993,7,2500,750,8559,21424,0,0
7669,21439,45000,70631,8,30,19,76500,78000,3993,7,2500,750,8577,21424,4,0
7670,21439,45000,70631,8,30,19,76500,78000,3993,7,2500,750,8577,21424,0,0
7671,21439,45000,70631,8,30,20,76500,78000,3975,7,2500,750,8577,21442,0,4
7672,21439,45000,70631,8,30,20,76500,78000,3975,7,2500,750,8577,21442,0,0
7673,21439,45000,70631,8,28,19,76500,78000,3975,7,2500,750,8577,21442,0,0
7674,21439,45000,70631,8,28,19,76500,78000,3975,7,2500,750,8577,21442,0,0
7675,21439,45000,70631,8,28,19,76500,78000,3975,7,2500,750,8577,21442,0,0
7676,21439,45000,70631,8,28,20,76500,78000,3957,7,2500,750,8577,21460,0,4
7677,21439,45000,70613,8,26,20,76500,78000,3957,7,2500,750,8595,21460,4,0
7678,21439,45000,70613,8,26,20,76500,78000,3957,7,2500,750,8595,21460,0,0
7679,21439,45000,70613,8,25,20,76500,78000,3957,7,2500,750,8595,21460,0,0
7680,21439,45000,73113,8,25,20,76500,78000,4707,7,2500,750,8595,21460,0,0
7681,21439,45000,73113,8,25,21,76500,78000,4689,7,2500,750,8595,21478,0,4
7682,21439,45000,73095,8,26,21,76500,78000,4689,7,2500,750,8613,21478,4,0
7683,21439,45000,73095,8,26,21,76500,78000,4689,7,2500,750,8613,21478,0,0
7684,21439,45000,73095,8,26,21,76500,78000,4689,7,2500,750,8613,21478,0,0
7685,21439,45000,73095,8,26,21,76500,78000,4689,7,2500,750,8613,21478,0,0
7686,21439,45000,73095,8,26,22,76500,78000,4671,7,2500,750,8613,21496,0,4
7687,21439,45000,73095,8,26,22,76500,78000,4671,7,2500,750,8613,21496,0,0
7688,21439,45000,73077,8,26,22,76500,78000,4671,7,2500,750,8631,21496,4,0
7689,21439,45000,73077,8,26,22,76500,78000,4671,7,2500,750,8631,21496,0,0
7690,21439,45000,73077,8,26,22,76500,78000,4671,7,2500,750,8631,21496,0,0
7691,21439,45000,73077,8,26,23,76500,78000,4653,7,2500,750,8631,21514,0,4
7692,21439,45000,73077,8,26,23,76500,78000,4653,7,2500,750,8631,21514,0,0
7693,21439,45000,73077,8,26,23,76500,78000,4653,7,2500,750,8631,21514,0,0
7694,21439,45000,73059,8,27,23,76500,78000,4653,7,2500,750,8649,21514,4,0
7695,21439,45000,73059,8,27,23,76500,78000,4653,7,2500,750,8649,21514,0,0
7696,21439,45000,73059,8,27,24,76500,78000,4635,7,2500,750,8649,21532,0,4
7697,21439,45000,73059,8,27,22,76500,78000,4635,7,2500,750,8649,21532,0,0
7698,21439,45000,73059,8,25,22,76500,78000,4635,7,2500,750,8649,21532,0,0
7699,21439,45000,73059,8,25,22,76500,78000,4635,7,2500,750,8649,21532,0,0
7700,21439,45000,73041,8,26,22,76500,78000,4635,7,2500,750,8667,21532,4,0
7701,21439,45000,73041,8,26,22,76500,78000,4635,7,2500,750,8667,21532,0,0
7702,21439,45000,73041,8,25,22,76500,78000,4635,7,2500,750,8667,21532,0,0
7703,21439,45000,73041,8,25,22,76500,78000,4635,7,2500,750,8667,21532,0,0
7704,21439,45000,73041,8,25,22,76500,78000,4635,7,2500,750,8667,21532,0,0
7705,21439,45000,73023,8,26,22,76500,78000,4635,7,2500,750,8685,21532,4,0
7706,21439,45000,73023,8,24,22,76500,78000,4617,7,2500,750,8685,21550,0,4
7707,21439,45000,73023,8,24,22,76500,78000,4617,7,2500,750,8685,21550,0,0
7708,21439,45000,73023,8,24,21,76500,78000,4617,7,2500,750,8685,21550,0,0
7709,21439,45000,73023,8,24,21,76500,78000,4617,7,2500,750,8685,21550,0,0
7710,21439,45000,75505,8,25,21,76500,78000,5367,7,2500,750,8703,21550,4,0
7711,21439,45000,75505,8,25,21,76500,78000,5367,7,2500,750,8703,21550,0,0
7712,21439,45000,75505,8,25,21,76500,78000,5367,7,2500,750,8703,21550,0,0
7713,21439,45000,75505,8,24,21,76500,78000,5367,7,2500,750,8703,21550,0,0
7714,21439,45000,75487,8,25,21,76500,78000,5367,7,2500,750,8721,21550,4,0
7715,21439,45000,75487,8,25,21,76500,78000,5367,7,2500,750,8721,21550,0,0
7716,21439,45000,75487,8,25,21,76500,78000,5367,7,2500,750,8721,21550,0,0
7717,21439,45000,75487,8,25,21,76500,78000,5367,7,2500,750,8721,21550,0,0
7718,21439,45000,75487,8,25,20,76500,78000,5367,7,2500,750,8721,21550,0,0
7719,21439,45000,75487,8,25,20,76500,78000,5367,7,2500,750,8721,21550,0,0
7720,21439,45000,75487,8,24,19,76500,78000,5367,7,2500,750,8721,21550,0,0
7721,21439,45000,75487,8,24,19,76500,78000,5367,7,2500,750,8721,21550,0,0
7722,21439,45000,75487,8,24,19,76500,78000,5367,7,2500,750,8721,21550,0,0
7723,21439,45000,75487,8,23,19,76500,78000,5367,7,2500,750,8721,21550,0,0
7724,21439,45000,75487,8,23,19,76500,78000,5367,7,2500,750,8721,21550,0,0
7725,21439,45000,75487,8,23,19,76500,78000,5367,7,2500,750,8721,21550,0,0
7726,21439,45000,75487,8,23,19,76500,78000,5367,7,2500,750,8721,21550,0,0
7727,21439,45000,75487,8,23,19,76500,78000,5367,7,2500,750,8721,21550,0,0
7728,21439,45000,75487,8,23,19,76500,78000,5367,7,2500,750,8721,21550,0,0
7729,21439,45000,75487,8,23,19,76500,78000,5367,7,2500,750,8721,21550,0,0
7730,21439,45000,75487,8,23,19,76500,78000,5367,7,2500,750,8721,21550,0,0
7731,21439,45000,75487,8,23,20,76500,78000,5349,7,2500,750,8721,21568,0,4
7732,21439,45000,75487,8,22,20,76500,78000,5349,7,2500,750,8721,21568,0,0
7733,21439,45000,75487,8,21,20,76500,78000,5349,7,2500,750,8721,21568,0,0
7734,21439,45000,75187,8,21,20,76500,78000,5349,7,2500,750,8721,21568,11,0
7735,21439,45000,75187,8,21,20,76500,78000,5349,7,2500,750,8721,21568,0,0
7736,21439,45000,75187,8,20,20,76500,78000,5349,7,2500,750,8721,21568,0,0
7737,21439,45000,75187,8,20,20,76500,78000,5349,7,2500,750,8721,21568,0,0
7738,21439,45000,75187,8,20,20,76500,78000,5349,7,2500,750,8721,21568,0,0
7739,21439,45000,75187,8,20,19,76500,78000,5349,7,2500,750,8721,21568,0,0
7740,21439,45000,77687,8,20,19,76500,78000,6099,7,2500,750,8721,21568,0,0
7741,21439,45000,77687,8,20,20,76500,78000,6081,7,2500,750,8721,21586,0,4
7742,21439,45000,77687,8,20,20,76500,78000,6081,7,2500,750,8721,21586,0,0
7743,21439,45000,77687,8,19,20,76500,78000,6081,7,2500,750,8721,21586,0,0
7744,21439,45000,77687,8,19,20,76500,78000,6081,7,2500,750,8721,21586,0,0
7745,21439,45000,77687,8,19,20,76500,78000,6081,7,2500,750,8721,21586,0,0
7746,21439,45000,77687,8,18,21,76500,78000,6063,7,2500,750,8721,21604,0,4
7747,21439,45000,77687,8,18,21,76500,78000,6063,7,2500,750,8721,21604,0,0
7748,21439,45000,77687,8,18,21,76500,78000,6063,7,2500,750,8721,21604,0,0
7749,21439,45000,77687,8,18,21,76500,78000,6063,7,2500,750,8721,21604,0,0
7750,21439,45000,76247,8,19,21,76500,78000,6063,7,2500,750,8721,21604,12,0
7751,21439,45000,76247,8,19,22,76500,78000,6045,7,2500,750,8721,21622,0,4
7752,21439,45000,76247,8,15,22,76500,78000,6045,7,2500,750,8721,21622,0,0
7753,21439,45000,76247,8,15,22,76500,78000,6045,7,2500,750,8721,21622,0,0
7754,21439,45000,76247,8,15,22,76500,78000,6045,7,2500,750,8721,21622,0,0
7755,21439,45000,76247,8,15,22,76500,78000,6045,7,2500,750,8721,21622,0,0
7756,21439,45000,76247,8,15,23,76500,78000,6027,7,2500,750,8721,21640,0,4
7757,21439,45000,76247,8,15,23,76500,78000,6027,7,2500,750,8721,21640,0,0
7758,21439,45000,76247,8,15,23,76500,78000,6027,7,2500,750,8721,21640,0,0
7759,21439,45000,76247,8,14,23,76500,78000,6027,7,2500,750,8721,21640,0,0
7760,21439,45000,76247,8,15,23,76500,78000,6027,7,2500,750,8721,21640,0,0
7761,21439,45000,76247,8,15,24,76500,78000,6009,7,2500,750,8721,21658,0,4
7762,21439,45000,76247,8,15,24,76500,78000,6009,7,2500,750,8721,21658,0,0
7763,21439,45000,76247,8,15,24,76500,78000,6009,7,2500,750,8721,21658,0,0
7764,21439,45000,76247,8,15,24,76500,78000,6009,7,2500,750,8721,21658,0,0
7765,21439,45000,76247,8,15,24,76500,78000,6009,7,2500,750,8721,21658,0,0
7766,21439,45000,76247,8,13,25,76500,78000,5991,7,2500,750,8721,21676,0,4
7767,21439,45000,76247,8,13,25,76500,78000,5991,7,2500,750,8721,21676,0,0
7768,21439,45000,76247,8,13,25,76500,78000,5991,7,2500,750,8721,21676,0,0
7769,21439,45000,76247,8,12,25,76500,78000,5991,7,2500,750,8721,21676,0,0
7770,21439,45000,78729,8,14,25,76500,78000,6741,7,2500,750,8739,21676,4,0
7771,21439,45000,78729,8,14,26,76500,78000,6723,7,2500,750,8739,21694,0,4
7772,21439,45000,78729,8,14,25,76500,78000,6723,7,2500,750,8739,21694,0,0
7773,21439,45000,78729,8,14,25,76500,78000,6723,7,2500,750,8739,21694,0,0
7774,21439,45000,78729,8,14,25,76500,78000,6723,7,2500,750,8739,21694,0,0
7775,21439,45000,78711,8,15,25,76500,78000,6723,7,2500,750,8757,21694,4,0
7776,21439,45000,78711,8,15,26,76500,78000,6705,7,2500,750,8757,21712,0,4
7777,21439,45000,78711,8,15,26,76500,78000,6705,7,2500,750,8757,21712,0,0
7778,21439,45000,78711,8,15,25,76500,78000,6705,7,2500,750,8757,21712,0,0
7779,21439,45000,78711,8,14,25,76500,78000,6705,7,2500,750,8757,21712,0,0
7780,21439,45000,78711,8,15,25,76500,78000,6705,7,2500,750,8757,21712,0,0
7781,21439,45000,78693,8,16,26,76500,78000,6687,7,2500,750,8775,21730,4,4
7782,19939,45000,78693,8,7,5,75000,78000,6687,7,2500,750,8775,21730,0,0
7783,19939,45000,78693,8,7,5,75000,78000,6687,7,2500,750,8775,21730,0,0
7784,19939,45000,78693,8,7,5,75000,78000,6687,7,2500,750,8775,21730,0,0
7785,19939,45000,78693,8,7,5,75000,78000,6687,7,2500,750,8775,21730,0,0
7786,19939,45000,78693,8,7,6,75000,78000,6669,7,2500,750,8775,21748,0,4
7787,19939,45000,78675,8,8,6,75000,78000,6669,7,2500,750,8793,21748,4,0
7788,19939,45000,78675,8,8,6,75000,78000,6669,7,2500,750,8793,21748,0,0
7789,19939,45000,78675,8,8,6,75000,78000,6669,7,2500,750,8793,21748,0,0
7790,19939,45000,78675,8,9,6,75000,78000,6669,7,2500,750,8793,21748,0,0
7791,19939,45000,78675,8,9,7,75000,78000,6651,7,2500,750,8793,21766,0,4
7792,19939,45000,78675,8,9,7,75000,78000,6651,7,2500,750,8793,21766,0,0
7793,19939,45000,78657,8,10,7,75000,78000,6651,7,2500,750,8811,21766,4,0
7794,19939,45000,78657,8,10,7,75000,78000,6651,7,2500,750,8811,21766,0,0
7795,19939,45000,78657,8,10,7,75000,78000,6651,7,2500,750,8811,21766,0,0
7796,19939,45000,78657,8,10,8,75000,78000,6633,7,2500,750,8811,21784,0,4
7797,19939,45000,78657,8,10,8,75000,78000,6633,7,2500,750,8811,21784,0,0
7798,19939,45000,78657,8,10,8,75000,78000,6633,7,2500,750,8811,21784,0,0
7799,19939,45000,78639,8,11,8,75000,78000,6633,7,2500,750,8829,21784,4,0
7800,19939,45000,81139,8,11,8,75000,78000,7383,7,2500,750,8829,21784,0,0
7801,19939,45000,81139,8,11,9,75000,78000,7365,7,2500,750,8829,21802,0,4
7802,19939,45000,81139,8,11,9,75000,78000,7365,7,2500,750,8829,21802,0,0
7803,19939,45000,81139,8,11,9,75000,78000,7365,7,2500,750,8829,21802,0,0
7804,19939,45000,81139,8,11,9,75000,78000,7365,7,2500,750,8829,21802,0,0
7805,19939,45000,81139,8,11,9,75000,78000,7365,7,2500,750,8829,21802,0,0
7806,19939,45000,81121,8,12,10,75000,78000,7347,7,2500,750,8847,21820,4,4
7807,19939,45000,81121,8,12,10,75000,78000,7347,7,2500,750,8847,21820,0,0
7808,19939,45000,81121,8,12,10,75000,78000,7347,7,2500,750,8847,21820,0,0
7809,19939,45000,81121,8,12,10,75000,78000,7347,7,2500,750,8847,21820,0,0
7810,19939,45000,81121,8,12,10,75000,78000,7347,7,2500,750,8847,21820,0,0
7811,19939,45000,81121,8,12,11,75000,78000,7329,7,2500,750,8847,21838,0,4
7812,19939,45000,81103,8,13,11,75000,78000,7329,7,2500,750,8865,21838,4,0
7813,19939,45000,81103,8,13,11,75000,78000,7329,7,2500,750,8865,21838,0,0
7814,19939,45000,81103,8,13,11,75000,78000,7329,7,2500,750,8865,21838,0,0
7815,19939,45000,81103,8,13,11,75000,78000,7329,7,2500,750,8865,21838,0,0
7816,19939,45000,81103,8,13,12,75000,78000,7311,7,2500,750,8865,21856,0,4
7817,19939,45000,81085,8,14,12,75000,78000,7311,7,2500,750,8883,21856,4,0
7818,19939,45000,81085,8,14,12,75000,78000,7311,7,2500,750,8883,21856,0,0
7819,19939,45000,81085,8,14,12,75000,78000,7311,7,2500,750,8883,21856,0,0
7820,19939,45000,81085,8,14,12,75000,78000,7311,7,2500,750,8883,21856,0,0
7821,19939,45000,81085,8,14,13,75000,78000,7293,7,2500,750,8883,21874,0,4
7822,19939,45000,81085,8,14,13,75000,78000,7293,7,2500,750,8883,21874,0,0
7823,19939,45000,81067,8,15,13,75000,78000,7293,7,2500,750,8901,21874,4,0
7824,19939,45000,81067,8,15,13,75000,78000,7293,7,2500,750,8901,21874,0,0
7825,19939,45000,81067,8,15,13,75000,78000,7293,7,2500,750,8901,21874,0,0
7826,19939,45000,81067,8,15,14,75000,78000,7275,7,2500,750,8901,21892,0,4
7827,19939,45000,81067,8,15,14,75000,78000,7275,7,2500,750,8901,21892,0,0
7828,19939,45000,81067,8,15,14,75000,78000,7275,7,2500,750,8901,21892,0,0
7829,19939,45000,81049,8,16,14,75000,78000,7275,7,2500,750,8919,21892,4,0
7830,19939,45000,83549,8,16,14,75000,78000,8025,7,2500,750,8919,21892,0,0
7831,19939,45000,83549,8,16,14,75000,78000,225,7,2500,750,8919,21892,0,13
7832,19939,45000,83549,8,16,15,75000,78000,207,7,2500,750,8919,21910,0,4
7833,19939,45000,83531,8,17,15,75000,78000,207,7,2500,750,8937,21910,4,0
7834,19939,45000,83531,8,17,15,75000,78000,207,7,2500,750,8937,21910,0,0
7835,19939,45000,83531,8,17,15,75000,78000,207,7,2500,750,8937,21910,0,0
7836,19939,45000,83531,8,17,16,75000,78000,189,7,2500,750,8937,21928,0,4
7837,19939,45000,83531,8,17,16,75000,78000,189,7,2500,750,8937,21928,0,0
7838,19939,45000,83531,8,17,16,75000,78000,189,7,2500,750,8937,21928,0,0
7839,19939,45000,83531,8,17,16,75000,78000,189,7,2500,750,8937,21928,0,0
7840,19939,45000,83531,8,17,16,75000,78000,189,7,2500,750,8937,21928,0,0
7841,19939,45000,83513,8,18,17,75000,78000,171,7,2500,750,8955,21946,4,4
7842,19939,45000,83513,8,17,17,75000,78000,171,7,2500,750,8955,21946,0,0
7843,19939,45000,83513,8,17,12,75000,78000,171,7,2500,750,8955,21946,0,0
7844,19939,45000,83513,8,17,12,75000,78000,171,7,2500,750,8955,21946,0,0
7845,19939,45000,83513,8,17,12,75000,78000,171,7,2500,750,8955,21946,0,0
7846,19939,45000,83513,8,17,13,75000,78000,153,7,2500,750,8955,21964,0,4
7847,19939,45000,83495,8,18,13,75000,78000,153,7,2500,750,8973,21964,4,0
7848,19939,45000,83495,8,18,13,75000,78000,153,7,2500,750,8973,21964,0,0
7849,19939,45000,83495,8,18,13,75000,78000,153,7,2500,750,8973,21964,0,0
7850,19939,45000,83495,8,18,13,75000,78000,153,7,2500,750,8973,21964,0,0
7851,19939,45000,83495,8,18,14,75000,78000,135,7,2500,750,8973,21982,0,4
7852,19939,45000,83495,8,18,14,75000,78000,135,7,2500,750,8973,21982,0,0
7853,19939,45000,83477,8,19,14,75000,78000,135,7,2500,750,8991,21982,4,0
7854,19939,45000,83477,8,19,14,75000,78000,135,7,2500,750,8991,21982,0,0
7855,19939,45000,83477,8,19,14,75000,78000,135,7,2500,750,8991,21982,0,0
7856,19939,45000,83477,8,19,15,75000,78000,117,7,2500,750,8991,22000,0,4
7857,19939,45000,83477,8,19,15,75000,78000,117,7,2500,750,8991,22000,0,0
7858,19939,45000,83477,8,19,15,75000,78000,117,7,2500,750,8991,22000,0,0
7859,19939,45000,83459,8,20,15,75000,78000,117,7,2500,750,9009,22000,4,0
7860,19939,45000,85959,8,20,14,75000,78000,867,7,2500,750,9009,22000,0,0
7861,19939,45000,85959,8,20,15,75000,78000,849,7,2500,750,9009,22018,0,4
7862,19939,45000,85959,8,20,15,75000,78000,849,7,2500,750,9009,22018,0,0
7863,19939,45000,85959,8,20,15,75000,78000,849,7,2500,750,9009,22018,0,0
7864,19939,45000,85959,8,20,15,75000,78000,849,7,2500,750,9009,22018,0,0
7865,19939,45000,85959,8,20,15,75000,78000,849,7,2500,750,9009,22018,0,0
7866,19939,45000,85941,8,21,16,75000,78000,831,7,2500,750,9027,22036,4,4
7867,19939,45000,85941,8,21,16,75000,78000,831,7,2500,750,9027,22036,0,0
7868,19939,45000,85941,8,21,16,75000,78000,831,7,2500,750,9027,22036,0,0
7869,19939,45000,85941,8,21,16,75000,78000,831,7,2500,750,9027,22036,0,0
7870,19939,45000,85941,8,21,16,75000,78000,831,7,2500,750,9027,22036,0,0
7871,19939,45000,85941,8,21,16,75000,78000,813,7,2500,750,9027,22054,0,4
7872,19939,45000,85923,8,22,16,75000,78000,813,7,2500,750,9045,22054,4,0
7873,19939,45000,85923,8,22,16,75000,78000,813,7,2500,750,9045,22054,0,0
7874,19939,45000,85923,8,22,16,75000,78000,813,7,2500,750,9045,22054,0,0
7875,19939,45000,85923,8,22,16,75000,78000,813,7,2500,750,9045,22054,0,0
7876,19939,45000,85923,8,22,17,75000,78000,795,7,2500,750,9045,22072,0,4
7877,19939,45000,85923,8,22,17,75000,78000,795,7,2500,750,9045,22072,0,0
7878,19939,45000,85905,8,23,17,75000,78000,795,7,2500,750,9063,22072,4,0
7879,19939,45000,85905,8,23,17,75000,78000,2295,7,2500,750,9063,22072,0,0
7880,19939,45000,85905,8,23,17,75000,78000,2295,7,2500,750,9063,22072,0,0
7881,19939,45000,85905,8,23,18,75000,78000,2277,7,2500,750,9063,22090,0,4
7882,19939,45000,85905,8,23,18,75000,78000,2277,7,2500,750,9063,22090,0,0
7883,19939,45000,85905,8,23,17,75000,78000,2277,7,2500,750,9063,22090,0,0
7884,19939,45000,85887,8,24,17,75000,78000,2277,7,2500,750,9081,22090,4,0
7885,19939,45000,85887,8,24,17,75000,78000,2277,7,2500,750,9081,22090,0,0
7886,19939,45000,85887,8,24,18,75000,78000,2259,7,2500,750,9081,22108,0,4
7887,19939,45000,85887,8,24,18,75000,78000,2259,7,2500,750,9081,22108,0,0
7888,19939,45000,85887,8,24,18,75000,78000,2259,7,2500,750,9081,22108,0,0
7889,19939,45000,85887,8,24,17,75000,78000,3759,7,2500,750,9081,22108,0,0
7890,19939,45000,88387,8,24,17,75000,78000,4509,7,2500,750,9081,22108,0,0
7891,19939,45000,88369,8,25,18,75000,78000,4491,7,2500,750,9099,22126,4,4
7892,19939,45000,88369,8,25,18,75000,78000,4491,7,2500,750,9099,22126,0,0
7893,19939,45000,88369,8,25,18,75000,78000,4491,7,2500,750,9099,22126,0,0
7894,19939,45000,88369,8,25,18,75000,78000,4491,7,2500,750,9099,22126,0,0
7895,19939,45000,88369,8,25,18,75000,78000,4491,7,2500,750,9099,22126,0,0
7896,19939,45000,88369,8,25,19,75000,78000,4473,7,2500,750,9099,22144,0,4
7897,19939,45000,88369,8,25,18,75000,78000,4473,7,2500,750,9099,22144,0,0
7898,19939,45000,88369,8,25,18,75000,78000,4473,7,2500,750,9099,22144,0,0
7899,19939,45000,88369,8,25,18,75000,78000,5973,7,2500,750,9099,22144,0,0
7900,19939,45000,88369,8,25,18,75000,78000,5973,7,2500,750,9099,22144,0,0
7901,19939,45000,88369,8,25,19,75000,78000,5955,7,2500,750,9099,22162,0,4
7902,19939,45000,88369,8,25,19,75000,78000,5955,7,2500,750,9099,22162,0,0
7903,19939,45000,88369,8,25,19,75000,78000,5955,7,2500,750,9099,22162,0,0
7904,19939,45000,88351,8,25,19,75000,78000,5955,7,2500,750,9117,22162,4,0
7905,19939,45000,88351,8,25,19,75000,78000,5955,7,2500,750,9117,22162,0,0
7906,19939,45000,88351,8,25,18,75000,78000,5937,7,2500,750,9117,22180,0,4
7907,19939,45000,88351,8,25,18,75000,78000,5937,7,2500,750,9117,22180,0,0
7908,19939,45000,88351,8,25,18,75000,78000,5937,7,2500,750,9117,22180,0,0
7909,19939,45000,88351,8,25,18,75000,78000,7437,7,2500,750,9117,22180,0,0
7910,19939,45000,88351,8,25,18,75000,78000,7437,7,2500,750,9117,22180,0,0
7911,19939,45000,88351,8,25,19,75000,78000,7419,7,2500,750,9117,22198,0,4
7912,19939,45000,88351,8,25,19,75000,78000,7419,7,2500,750,9117,22198,0,0
7913,19939,45000,88351,8,25,19,75000,78000,7419,7,2500,750,9117,22198,0,0
7914,19939,45000,88333,8,26,19,75000,78000,7419,7,2500,750,9135,22198,4,0
7915,19939,45000,88333,8,26,19,75000,78000,7419,7,2500,750,9135,22198,0,0
7916,19939,45000,88333,8,26,20,75000,78000,7401,7,2500,750,9135,22216,0,4
7917,19939,45000,88333,8,26,19,75000,78000,7401,7,2500,750,9135,22216,0,0
7918,19939,45000,88333,8,24,19,75000,78000,7401,7,2500,750,9135,22216,0,0
7919,19939,45000,88333,8,24,19,75000,78000,8901,7,2500,750,9135,22216,0,0
7920,19939,45000,90815,8,25,19,75000,78000,9651,7,2500,750,9153,22216,4,0
7921,19939,45000,90815,8,25,20,75000,78000,9633,7,2500,750,9153,22234,0,4
7922,19939,45000,90815,8,25,20,75000,78000,9633,7,2500,750,9153,22234,0,0
7923,19939,45000,90815,8,25,20,75000,78000,9633,7,2500,750,9153,22234,0,0
7924,19939,45000,90815,8,25,20,75000,78000,9633,7,2500,750,9153,22234,0,0
7925,19939,45000,90815,8,25,20,75000,78000,9633,7,2500,750,9153,22234,0,0
7926,19939,45000,90815,8,25,21,75000,78000,7567,7,2500,750,9153,24300,0,7
7927,19939,45000,90815,8,25,21,75000,78000,7567,7,2500,750,9153,24300,0,0
7928,19939,45000,90815,8,25,21,75000,78000,7567,7,2500,750,9153,24300,0,0
7929,19939,45000,90815,8,25,19,75000,78000,9067,7,2500,750,9153,24300,0,0
7930,19939,45000,90815,8,25,19,75000,78000,9067,7,2500,750,9153,24300,0,0
7931,19939,45000,90815,8,25,20,75000,78000,7627,7,2500,750,9153,24300,0,12
7932,19939,45000,90815,8,24,21,75000,78000,7609,7,2500,750,9153,24318,0,4
7933,19939,45000,90815,8,24,21,75000,78000,7609,7,2500,750,9153,24318,0,0
7934,19939,45000,90815,8,24,20,75000,78000,7609,7,2500,750,9153,24318,0,0
7935,19939,45000,90815,8,24,20,75000,78000,7609,7,2500,750,9153,24318,0,0
7936,19939,45000,83015,8,24,21,75000,78000,7591,7,2500,750,9153,24336,13,4
7937,19939,45000,83015,8,24,20,75000,78000,7591,7,2500,750,9153,24336,0,0
7938,19939,45000,83015,8,24,20,75000,78000,7591,7,2500,750,9153,24336,0,0
7939,19939,45000,83015,8,24,20,75000,78000,9091,7,2500,750,9153,24336,0,0
7940,19939,45000,83015,8,22,20,75000,78000,9091,7,2500,750,9153,24336,0,0
7941,19939,45000,83015,8,22,22,75000,78000,9073,7,2500,750,9153,24354,0,4
7942,19939,45000,83015,8,22,22,75000,78000,9073,7,2500,750,9153,24354,0,0
7943,19939,45000,83015,8,22,20,75000,78000,9073,7,2500,750,9153,24354,0,0
7944,19939,45000,83015,8,22,20,75000,78000,9073,7,2500,750,9153,24354,0,0
7945,19939,45000,83015,8,22,19,75000,78000,9073,7,2500,750,9153,24354,0,0
7946,19939,45000,83015,8,22,20,75000,78000,9055,7,2500,750,9153,24372,0,4
7947,19939,45000,83015,8,22,20,75000,78000,9055,7,2500,750,9153,24372,0,0
7948,19939,45000,83015,8,20,20,75000,78000,9055,7,2500,750,9153,24372,0,0
7949,19939,45000,83015,8,20,20,75000,78000,10555,7,2500,750,9153,24372,0,0
7950,19939,45000,85515,8,20,20,75000,78000,11305,7,2500,750,9153,24372,0,0
7951,19939,45000,85515,8,20,22,75000,78000,11287,7,2500,750,9153,24390,0,4
7952,19939,45000,85515,8,20,21,75000,78000,11287,7,2500,750,9153,24390,0,0
7953,19939,45000,85497,8,21,21,75000,78000,11287,7,2500,750,9171,24390,4,0
7954,19939,45000,85497,8,21,21,75000,78000,11287,7,2500,750,9171,24390,0,0
7955,19939,45000,85497,8,21,21,75000,78000,11287,7,2500,750,9171,24390,0,0
7956,19939,45000,85497,8,21,22,75000,78000,11269,7,2500,750,9171,24408,0,4
7957,19939,45000,85497,8,21,22,75000,78000,11269,7,2500,750,9171,24408,0,0
7958,19939,45000,85479,8,22,22,75000,78000,11269,7,2500,750,9189,24408,4,0
7959,19939,45000,85479,8,22,22,75000,78000,11269,7,2500,750,9189,24408,0,0
7960,19939,45000,85479,8,22,22,75000,78000,11269,7,2500,750,9189,24408,0,0
7961,19939,45000,85479,8,22,24,75000,78000,11251,7,2500,750,9189,24426,0,4
7962,19939,45000,85479,8,22,24,75000,78000,11251,7,2500,750,9189,24426,0,0
7963,19939,45000,85479,8,22,21,75000,78000,11251,7,2500,750,9189,24426,0,0
7964,19939,45000,85461,8,23,21,75000,78000,11251,7,2500,750,9207,24426,4,0
7965,19939,45000,85461,8,23,21,75000,78000,11251,7,2500,750,9207,24426,0,0
7966,19939,45000,85461,8,23,22,75000,78000,11233,7,2500,750,9207,24444,0,4
7967,19939,45000,85461,8,23,21,75000,78000,11233,7,2500,750,9207,24444,0,0
7968,19939,45000,85461,8,23,21,75000,78000,11233,7,2500,750,9207,24444,0,0
7969,19939,45000,85461,8,23,20,75000,78000,11233,7,2500,750,9207,24444,0,0
7970,19939,45000,85461,8,23,20,75000,78000,11233,7,2500,750,9207,24444,0,0
7971,19939,45000,85443,8,23,22,75000,78000,11215,7,2500,750,9225,24462,4,4
7972,19939,45000,85443,8,23,22,75000,78000,11215,7,2500,750,9225,24462,0,0
7973,19939,45000,85443,8,23,22,75000,78000,11215,7,2500,750,9225,24462,0,0
7974,19939,45000,85443,8,23,22,75000,78000,11215,7,2500,750,9225,24462,0,0
7975,19939,45000,85443,8,23,21,75000,78000,11215,7,2500,750,9225,24462,0,0
7976,19939,45000,85443,8,23,22,75000,78000,11197,7,2500,750,9225,24480,0,4
7977,19939,45000,85443,8,21,22,75000,78000,11197,7,2500,750,9225,24480,0,0
7978,19939,45000,85443,8,21,22,75000,78000,11197,7,2500,750,9225,24480,0,0
7979,19939,45000,85443,8,21,22,75000,78000,11197,7,2500,750,9225,24480,0,0
7980,19939,45000,87943,8,21,21,75000,78000,11947,7,2500,750,9225,24480,0,0
7981,19939,45000,87943,8,21,22,75000,78000,11929,7,2500,750,9225,24498,0,4
7982,19939,45000,87925,8,22,22,75000,78000,11929,7,2500,750,9243,24498,4,0
7983,19939,45000,87925,8,22,22,75000,78000,11929,7,2500,750,9243,24498,0,0
7984,19939,45000,89425,8,22,21,75000,78000,11929,7,2500,750,9243,24498,0,0
7985,19939,45000,89425,8,22,21,75000,78000,11929,7,2500,750,9243,24498,0,0
7986,19939,45000,89425,8,22,22,75000,78000,11911,7,2500,750,9243,24516,0,4
7987,19939,45000,89425,8,16,22,75000,78000,11911,7,2500,750,9243,24516,0,0
7988,19939,45000,89407,8,17,22,75000,78000,11911,7,2500,750,9261,24516,4,0
7989,19939,45000,89407,8,17,22,75000,78000,11911,7,2500,750,9261,24516,0,0
7990,19939,45000,89407,8,17,22,75000,78000,11911,7,2500,750,9261,24516,0,0
7991,19939,45000,89407,8,17,23,75000,78000,11893,7,2500,750,9261,24534,0,4
7992,19939,45000,89407,8,17,23,75000,78000,11893,7,2500,750,9261,24534,0,0
7993,19939,45000,89407,8,17,23,75000,78000,11893,7,2500,750,9261,24534,0,0
7994,19939,45000,90907,8,17,23,75000,78000,11893,7,2500,750,9261,24534,0,0
7995,19939,45000,90889,8,18,23,75000,78000,11893,7,2500,750,9279,24534,4,0
7996,19939,45000,90889,8,17,24,75000,78000,11875,7,2500,750,9279,24552,0,4
7997,19939,45000,90889,8,17,24,75000,78000,11875,7,2500,750,9279,24552,0,0
7998,19939,45000,90889,8,17,24,75000,78000,11875,7,2500,750,9279,24552,0,0
7999,19939,45000,90889,8,17,24,75000,78000,11875,7,2500,750,9279,24552,0,0
8000,19939,45000,90889,8,17,24,75000,78000,11875,7,2500,750,9279,24552,0,0
8001,19939,45000,90871,8,18,25,75000,78000,11857,7,2500,750,9297,24570,4,4
8002,19939,45000,90871,8,18,25,75000,78000,11857,7,2500,750,9297,24570,0,0
8003,19939,45000,90871,8,18,25,75000,78000,11857,7,2500,750,9297,24570,0,0
8004,19939,45000,92371,8,17,25,75000,78000,11857,7,2500,750,9297,24570,0,0
8005,19939,45000,92371,8,17,25,75000,78000,11857,7,2500,750,9297,24570,0,0
8006,19939,45000,92353,8,18,25,75000,78000,11839,7,2500,750,9315,24588,4,4
8007,19939,45000,92353,8,18,25,75000,78000,11839,7,2500,750,9315,24588,0,0
8008,19939,45000,92353,8,18,25,75000,78000,11839,7,2500,750,9315,24588,0,0
8009,19939,45000,92353,8,18,24,75000,78000,11839,7,2500,750,9315,24588,0,0
8010,19939,45000,94853,8,17,24,75000,78000,12589,7,2500,750,9315,24588,0,0
8011,19939,45000,94853,8,17,25,75000,78000,12571,7,2500,750,9315,24606,0,4
8012,19939,45000,94853,8,14,25,75000,78000,12571,7,2500,750,9315,24606,0,0
8013,19939,45000,94835,8,15,25,75000,78000,12571,7,2500,750,9333,24606,4,0
8014,19939,45000,96335,8,15,25,75000,78000,12571,7,2500,750,9333,24606,0,0
8015,19939,45000,96335,8,15,25,75000,78000,12571,7,2500,750,9333,24606,0,0
8016,19939,45000,96335,8,15,25,75000,78000,12553,7,2500,750,9333,24624,0,4
8017,19939,45000,96335,8,15,25,75000,78000,12553,7,2500,750,9333,24624,0,0
8018,19939,45000,96317,8,16,25,75000,78000,12553,7,2500,750,9351,24624,4,0
8019,19939,45000,96317,8,16,25,75000,78000,12553,7,2500,750,9351,24624,0,0
8020,19939,45000,96317,8,16,25,75000,78000,12553,7,2500,750,9351,24624,0,0
8021,19939,45000,96317,8,16,26,75000,78000,12535,7,2500,750,9351,24642,0,4
8022,19939,45000,96317,8,15,26,75000,78000,12535,7,2500,750,9351,24642,0,0
8023,19939,45000,96299,8,16,26,75000,78000,12535,7,2500,750,9369,24642,4,0
8024,19939,45000,97799,8,14,26,75000,78000,12535,7,2500,750,9369,24642,0,0
8025,19939,45000,97799,8,14,26,75000,78000,12535,7,2500,750,9369,24642,0,0
8026,19939,45000,97799,8,14,27,75000,78000,12517,7,2500,750,9369,24660,0,4
8027,19939,45000,97799,8,14,27,75000,78000,12517,7,2500,750,9369,24660,0,0
8028,19939,45000,97781,8,15,27,75000,78000,12517,7,2500,750,9387,24660,4,0
8029,19939,45000,97781,8,15,27,75000,78000,12517,7,2500,750,9387,24660,0,0
8030,19939,45000,97781,8,15,27,75000,78000,12517,7,2500,750,9387,24660,0,0
8031,19939,45000,97781,8,14,28,75000,78000,12499,7,2500,750,9387,24678,0,4
8032,19939,45000,97781,8,14,28,75000,78000,12499,7,2500,750,9387,24678,0,0
8033,19939,45000,97763,8,15,28,75000,78000,12499,7,2500,750,9405,24678,4,0
8034,19939,45000,99263,8,15,28,75000,78000,12499,7,2500,750,9405,24678,0,0
8035,19939,45000,99263,8,15,28,75000,78000,12499,7,2500,750,9405,24678,0,0
8036,19939,45000,99263,8,15,29,75000,78000,12481,7,2500,750,9405,24696,0,4
8037,19939,45000,99245,8,15,29,75000,78000,12481,7,2500,750,9423,24696,4,0
8038,19939,45000,99245,8,15,29,75000,78000,12481,7,2500,750,9423,24696,0,0
8039,19939,45000,99245,8,15,29,75000,78000,12481,7,2500,750,9423,24696,0,0
8040,19939,45000,101745,8,15,29,75000,78000,13231,7,2500,750,9423,24696,0,0
8041,19939,45000,101727,8,16,30,75000,78000,13213,7,2500,750,9441,24714,4,4
8042,19939,45000,101727,8,15,30,75000,78000,13213,7,2500,750,9441,24714,0,0
8043,19939,45000,101727,8,15,30,75000,78000,13213,7,2500,750,9441,24714,0,0
8044,19939,45000,103227,8,15,30,75000,78000,13213,7,2500,750,9441,24714,0,0
8045,19939,45000,103227,8,15,30,75000,78000,13213,7,2500,750,9441,24714,0,0
8046,19939,45000,103209,8,16,31,75000,78000,13195,7,2500,750,9459,24732,4,4
8047,19939,45000,103209,8,16,31,75000,78000,13195,7,2500,750,9459,24732,0,0
8048,19939,45000,103209,8,16,31,75000,78000,13195,7,2500,750,9459,24732,0,0
8049,19939,45000,103209,8,16,31,75000,78000,13195,7,2500,750,9459,24732,0,0
8050,19939,45000,103191,8,17,31,75000,78000,13195,7,2500,750,9477,24732,4,0
8051,19939,45000,103191,8,17,32,75000,78000,13177,7,2500,750,9477,24750,0,4
8052,19939,45000,103191,8,17,32,75000,78000,13177,7,2500,750,9477,24750,0,0
8053,19939,45000,103191,8,17,32,75000,78000,13177,7,2500,750,9477,24750,0,0
8054,19939,45000,104691,8,17,32,75000,78000,13177,7,2500,750,9477,24750,0,0
8055,19939,45000,104673,8,17,32,75000,78000,13177,7,2500,750,9495,24750,4,0
8056,19939,45000,104673,8,17,33,75000,78000,13159,7,2500,750,9495,24768,0,4
8057,19939,45000,104673,8,17,33,75000,78000,13159,7,2500,750,9495,24768,0,0
8058,19939,45000,104673,8,17,33,75000,78000,13159,7,2500,750,9495,24768,0,0
8059,19939,45000,104655,8,18,33,75000,78000,13159,7,2500,750,9513,24768,4,0
8060,19939,45000,104655,8,17,33,75000,78000,13159,7,2500,750,9513,24768,0,0
8061,19939,45000,104655,8,17,34,75000,78000,13141,7,2500,750,9513,24786,0,4
8062,19939,45000,104655,8,17,34,75000,78000,13141,7,2500,750,9513,24786,0,0
8063,19939,45000,104655,8,17,34,75000,78000,13141,7,2500,750,9513,24786,0,0
8064,19939,45000,104655,8,17,34,75000,78000,13141,7,2500,750,9513,24786,0,0
8065,19939,45000,104655,8,17,34,75000,78000,13141,7,2500,750,9513,24786,0,0
8066,19939,45000,104637,8,18,35,75000,78000,13123,7,2500,750,9531,24804,4,4
8067,19939,45000,104637,8,18,35,75000,78000,13123,7,2500,750,9531,24804,0,0
8068,19939,45000,104637,8,18,35,75000,78000,13123,7,2500,750,9531,24804,0,0
8069,19939,45000,104637,8,17,35,75000,78000,13123,7,2500,750,9531,24804,0,0
8070,19939,45000,107137,8,16,35,75000,78000,13873,7,2500,750,9531,24804,0,0
8071,19939,45000,107137,8,16,36,75000,78000,13855,7,2500,750,9531,24822,0,4
8072,19939,45000,107137,8,16,36,75000,78000,13855,7,2500,750,9531,24822,0,0
8073,19939,45000,107137,8,16,36,75000,78000,13855,7,2500,750,9531,24822,0,0
8074,19939,45000,107137,8,16,36,75000,78000,13855,7,2500,750,9531,24822,0,0
8075,19939,45000,107137,8,16,36,75000,78000,13855,7,2500,750,9531,24822,0,0
8076,19939,45000,107137,8,15,37,75000,78000,13837,7,2500,750,9531,24840,0,4
8077,19939,45000,107137,8,15,37,75000,78000,13837,7,2500,750,9531,24840,0,0
8078,19939,45000,107137,8,15,37,75000,78000,13837,7,2500,750,9531,24840,0,0
8079,19939,45000,107137,8,15,37,75000,78000,13837,7,2500,750,9531,24840,0,0
8080,19939,45000,107137,8,15,37,75000,78000,13837,7,2500,750,9531,24840,0,0
8081,19939,45000,107137,8,15,38,75000,78000,13819,7,2500,750,9531,24858,0,4
8082,19939,45000,107137,8,14,38,75000,78000,13819,7,2500,750,9531,24858,0,0
8083,19939,45000,107137,8,14,38,75000,78000,13819,7,2500,750,9531,24858,0,0
8084,19939,45000,107137,8,14,38,75000,78000,13819,7,2500,750,9531,24858,0,0
8085,19939,45000,107137,8,14,38,75000,78000,13819,7,2500,750,9531,24858,0,0
8086,19939,45000,107137,8,13,39,75000,78000,13801,7,2500,750,9531,24876,0,4
8087,19939,45000,107137,8,13,39,75000,78000,13801,7,2500,750,9531,24876,0,0
8088,19939,45000,107137,8,13,39,75000,78000,13801,7,2500,750,9531,24876,0,0
8089,19939,45000,107137,8,11,39,75000,78000,13801,7,2500,750,9531,24876,0,0
8090,19939,45000,107137,8,11,39,75000,78000,13801,7,2500,750,9531,24876,0,0
8091,19939,45000,107137,8,11,40,75000,78000,13783,7,2500,750,9531,24894,0,4
8092,19939,45000,107137,8,11,40,75000,78000,13783,7,2500,750,9531,24894,0,0
8093,19939,45000,107137,8,11,40,75000,78000,13783,7,2500,750,9531,24894,0,0
8094,19939,45000,107137,8,11,40,75000,78000,13783,7,2500,750,9531,24894,0,0
8095,19939,45000,105697,8,12,40,75000,78000,13783,7,2500,750,9531,24894,12,0
8096,19939,45000,105697,8,11,40,75000,78000,13765,7,2500,750,9531,24912,0,4
8097,19939,45000,105697,8,11,40,75000,78000,13765,7,2500,750,9531,24912,0,0
8098,19939,45000,105697,8,11,40,75000,78000,13765,7,2500,750,9531,24912,0,0
8099,19939,45000,105697,8,11,40,75000,78000,13765,7,2500,750,9531,24912,0,0
8100,19939,45000,108197,8,11,40,75000,78000,14515,7,2500,750,9531,24912,0,0
8101,19939,45000,108197,8,10,41,75000,78000,14497,7,2500,750,9531,24930,0,4
8102,19939,45000,108197,8,10,41,75000,78000,14497,7,2500,750,9531,24930,0,0
8103,19939,45000,108197,8,10,41,75000,78000,14497,7,2500,750,9531,24930,0,0
8104,19939,45000,108197,8,10,41,75000,78000,14497,7,2500,750,9531,24930,0,0
8105,19939,45000,108197,8,11,41,75000,78000,14497,7,2500,750,9531,24930,0,0
8106,19939,45000,108179,8,10,42,75000,78000,14479,7,2500,750,9549,24948,4,4
8107,19939,45000,108179,8,10,42,75000,78000,14479,7,2500,750,9549,24948,0,0
8108,19939,45000,108179,8,10,42,75000,78000,14479,7,2500,750,9549,24948,0,0
8109,19939,45000,108179,8,10,42,75000,78000,14479,7,2500,750,9549,24948,0,0
8110,19939,45000,108179,8,10,42,75000,78000,14479,7,2500,750,9549,24948,0,0
8111,19939,45000,108179,8,10,43,75000,78000,14461,7,2500,750,9549,24966,0,4
8112,19939,45000,108161,8,11,43,75000,78000,14461,7,2500,750,9567,24966,4,0
8113,19939,45000,108161,8,11,42,75000,78000,14461,7,2500,750,9567,24966,0,0
8114,19939,45000,108161,8,11,42,75000,78000,14461,7,2500,750,9567,24966,0,0
8115,19939,45000,108161,8,11,42,75000,78000,14461,7,2500,750,9567,24966,0,0
8116,19939,45000,108161,8,11,43,75000,78000,14443,7,2500,750,9567,24984,0,4
8117,19939,45000,108161,8,10,43,75000,78000,14443,7,2500,750,9567,24984,0,0
8118,19939,45000,108161,8,10,43,75000,78000,14443,7,2500,750,9567,24984,0,0
8119,19939,45000,108143,8,11,43,75000,78000,14443,7,2500,750,9585,24984,4,0
8120,19939,45000,108143,8,11,43,75000,78000,14443,7,2500,750,9585,24984,0,0
8121,19939,45000,108143,8,11,44,75000,78000,14425,7,2500,750,9585,25002,0,4
8122,19939,45000,108143,8,11,44,75000,78000,14425,7,2500,750,9585,25002,0,0
8123,19939,45000,108143,8,11,44,75000,78000,14425,7,2500,750,9585,25002,0,0
8124,19939,45000,108143,8,11,44,75000,78000,14425,7,2500,750,9585,25002,0,0
8125,19939,45000,108125,8,13,44,75000,78000,14425,7,2500,750,9603,25002,4,0
8126,19939,45000,108125,8,13,45,75000,78000,14407,7,2500,750,9603,25020,0,4
8127,19939,45000,108125,8,13,45,75000,78000,14407,7,2500,750,9603,25020,0,0
8128,19939,45000,108125,8,13,45,75000,78000,14407,7,2500,750,9603,25020,0,0
8129,19939,45000,108125,8,13,45,75000,78000,14407,7,2500,750,9603,25020,0,0
8130,19939,45000,110607,8,14,45,75000,78000,15157,7,2500,750,9621,25020,4,0
8131,19939,45000,110607,8,14,46,75000,78000,15139,7,2500,750,9621,25038,0,4
8132,19939,45000,110607,8,14,46,75000,78000,15139,7,2500,750,9621,25038,0,0
8133,19939,45000,110589,8,14,46,75000,78000,15139,7,2500,750,9639,25038,4,0
8134,19939,45000,110589,8,14,46,75000,78000,15139,7,2500,750,9639,25038,0,0
8135,19939,45000,110589,8,14,46,75000,78000,15139,7,2500,750,9639,25038,0,0
8136,19939,45000,110589,8,14,47,75000,78000,15121,7,2500,750,9639,25056,0,4
8137,19939,45000,110589,8,14,47,75000,78000,15121,7,2500,750,9639,25056,0,0
8138,19939,45000,110571,8,15,47,75000,78000,15121,7,2500,750,9657,25056,4,0
8139,19939,45000,110571,8,15,47,75000,78000,15121,7,2500,750,9657,25056,0,0
8140,19939,45000,110571,8,15,47,75000,78000,15121,7,2500,750,9657,25056,0,0
8141,19939,45000,110571,8,15,48,75000,78000,15103,7,2500,750,9657,25074,0,4
8142,19939,45000,110571,8,15,48,75000,78000,15103,7,2500,750,9657,25074,0,0
8143,19939,45000,110571,8,14,48,75000,78000,15103,7,2500,750,9657,25074,0,0
8144,19939,45000,110571,8,14,48,75000,78000,15103,7,2500,750,9657,25074,0,0
8145,19939,45000,110553,8,15,48,75000,78000,15103,7,2500,750,9675,25074,4,0
8146,19939,45000,110553,8,14,49,75000,78000,15085,7,2500,750,9675,25092,0,4
8147,19939,45000,110553,8,13,48,75000,78000,15085,7,2500,750,9675,25092,0,0
8148,19939,45000,110553,8,13,42,75000,78000,15085,7,2500,750,9675,25092,0,0
8149,19939,45000,110553,8,13,42,75000,78000,15085,7,2500,750,9675,25092,0,0
8150,19939,45000,110553,8,13,42,75000,78000,15085,7,2500,750,9675,25092,0,0
8151,19939,45000,110535,8,14,43,75000,78000,15067,7,2500,750,9693,25110,4,4
8152,19939,45000,110535,8,14,43,75000,78000,15067,7,2500,750,9693,25110,0,0
8153,19939,45000,110535,8,14,43,75000,78000,15067,7,2500,750,9693,25110,0,0
8154,19939,45000,110535,8,14,43,75000,78000,15067,7,2500,750,9693,25110,0,0
8155,19939,45000,110535,8,14,43,75000,78000,15067,7,2500,750,9693,25110,0,0
8156,19939,45000,110517,8,15,44,75000,78000,15049,7,2500,750,9711,25128,4,4
8157,19939,45000,110517,8,15,44,75000,78000,15049,7,2500,750,9711,25128,0,0
8158,19939,45000,110517,8,15,44,75000,78000,15049,7,2500,750,9711,25128,0,0
8159,19939,45000,110517,8,14,43,75000,78000,15049,7,2500,750,9711,25128,0,0
8160,19939,45000,112999,8,15,43,75000,78000,15799,7,2500,750,9729,25128,4,0
8161,19939,45000,112999,8,15,43,75000,78000,15781,7,2500,750,9729,25146,0,4
8162,19939,45000,112999,8,15,43,75000,78000,15781,7,2500,750,9729,25146,0,0
8163,19939,45000,112981,8,16,43,75000,78000,15781,7,2500,750,9747,25146,4,0
8164,19939,45000,112981,8,16,43,75000,78000,15781,7,2500,750,9747,25146,0,0
8165,19939,45000,112981,8,16,43,75000,78000,15781,7,2500,750,9747,25146,0,0
8166,19939,45000,112981,8,16,44,75000,78000,15763,7,2500,750,9747,25164,0,4
8167,19939,45000,112981,8,16,43,75000,78000,15763,7,2500,750,9747,25164,0,0
8168,19939,45000,112981,8,16,43,75000,78000,15763,7,2500,750,9747,25164,0,0
8169,19939,45000,112981,8,16,42,75000,78000,15763,7,2500,750,9747,25164,0,0
8170,19939,45000,112981,8,16,42,75000,78000,15763,7,2500,750,9747,25164,0,0
8171,19939,45000,112981,8,16,43,75000,78000,15745,7,2500,750,9747,25182,0,4
8172,19939,45000,112981,8,16,43,75000,78000,15745,7,2500,750,9747,25182,0,0
8173,19939,45000,112981,8,16,43,75000,78000,15745,7,2500,750,9747,25182,0,0
8174,19939,45000,112981,8,16,43,75000,78000,15745,7,2500,750,9747,25182,0,0
8175,19939,45000,112981,8,16,43,75000,78000,15745,7,2500,750,9747,25182,0,0
8176,19939,45000,112981,8,16,44,75000,78000,15727,7,2500,750,9747,25200,0,4
8177,19939,45000,112981,8,16,44,75000,78000,15727,7,2500,750,9747,25200,0,0
8178,19939,45000,112981,8,16,44,75000,78000,15727,7,2500,750,9747,25200,0,0
8179,19939,45000,112981,8,16,44,75000,78000,15727,7,2500,750,9747,25200,0,0
8180,19939,45000,112981,8,16,44,75000,78000,15727,7,2500,750,9747,25200,0,0
8181,19939,45000,112981,8,16,40,75000,78000,15709,7,2500,750,9747,25218,0,4
8182,19939,45000,112981,8,16,40,75000,78000,15709,7,2500,750,9747,25218,0,0
8183,19939,45000,112981,8,16,40,75000,78000,15709,7,2500,750,9747,25218,0,0
8184,19939,45000,112981,8,16,40,75000,78000,15709,7,2500,750,9747,25218,0,0
8185,19939,45000,112981,8,16,40,75000,78000,15709,7,2500,750,9747,25218,0,0
8186,19939,45000,112981,8,16,41,75000,78000,15691,7,2500,750,9747,25236,0,4
8187,19939,45000,112981,8,16,41,75000,78000,15691,7,2500,750,9747,25236,0,0
8188,19939,45000,112981,8,16,41,75000,78000,15691,7,2500,750,9747,25236,0,0
8189,19939,45000,112981,8,16,41,75000,78000,15691,7,2500,750,9747,25236,0,0
8190,19939,45000,115463,8,17,41,75000,78000,16441,7,2500,750,9765,25236,4,0
8191,19939,45000,115463,8,17,42,75000,78000,16423,7,2500,750,9765,25254,0,4
8192,19939,45000,115463,8,17,42,75000,78000,16423,7,2500,750,9765,25254,0,0
8193,19939,45000,115463,8,17,36,75000,78000,16423,7,2500,750,9765,25254,0,0
8194,19939,45000,115445,8,18,33,75000,78000,16423,7,2500,750,9783,25254,4,0
8195,19939,45000,115445,8,18,33,75000,78000,16423,7,2500,750,9783,25254,0,0
8196,19939,45000,115445,8,18,34,75000,78000,16405,7,2500,750,9783,25272,0,4
8197,19939,45000,115445,8,18,34,75000,78000,16405,7,2500,750,9783,25272,0,0
8198,19939,45000,115445,8,18,34,75000,78000,16405,7,2500,750,9783,25272,0,0
8199,19939,45000,115445,8,18,34,75000,78000,16405,7,2500,750,9783,25272,0,0
8200,19939,45000,115427,8,19,34,75000,78000,16405,7,2500,750,9801,25272,4,0
8201,19939,45000,115427,8,19,35,75000,78000,16387,7,2500,750,9801,25290,0,4
8202,19939,45000,115427,8,19,35,75000,78000,16387,7,2500,750,9801,25290,0,0
8203,19939,45000,115427,8,19,35,75000,78000,16387,7,2500,750,9801,25290,0,0
8204,19939,45000,115409,8,20,35,75000,78000,16387,7,2500,750,9819,25290,4,0
8205,19939,45000,115409,8,20,28,75000,78000,16387,7,2500,750,9819,25290,0,0
8206,19939,45000,115409,8,20,29,75000,78000,16369,7,2500,750,9819,25308,0,4
8207,19939,45000,115409,8,20,29,75000,78000,16369,7,2500,750,9819,25308,0,0
8208,19939,45000,115409,8,19,29,75000,78000,16369,7,2500,750,9819,25308,0,0
8209,19939,45000,115409,8,19,29,75000,78000,16369,7,2500,750,9819,25308,0,0
8210,19939,45000,115391,8,20,27,75000,78000,16369,7,2500,750,9837,25308,4,0
8211,19939,45000,115391,8,20,28,75000,78000,16351,7,2500,750,9837,25326,0,4
8212,19939,45000,115391,8,20,27,75000,78000,16351,7,2500,750,9837,25326,0,0
8213,19939,45000,115391,8,20,27,75000,78000,16351,7,2500,750,9837,25326,0,0
8214,19939,45000,115391,8,20,27,75000,78000,16351,7,2500,750,9837,25326,0,0
8215,19939,45000,115373,8,21,23,75000,78000,16351,7,2500,750,9855,25326,4,0
8216,19939,45000,115373,8,21,24,75000,78000,16333,7,2500,750,9855,25344,0,4
8217,19939,45000,115373,8,21,24,75000,78000,16333,7,2500,750,9855,25344,0,0
8218,19939,45000,115373,8,20,24,75000,78000,16333,7,2500,750,9855,25344,0,0
8219,19939,45000,115373,8,20,24,75000,78000,16333,7,2500,750,9855,25344,0,0
8220,19939,45000,117855,8,21,24,75000,78000,17083,7,2500,750,9873,25344,4,0
8221,19939,45000,117855,8,21,25,75000,78000,17065,7,2500,750,9873,25362,0,4
8222,19939,45000,117855,8,21,25,75000,78000,17065,7,2500,750,9873,25362,0,0
8223,19939,45000,117855,8,21,25,75000,78000,17065,7,2500,750,9873,25362,0,0
8224,19939,45000,117855,8,21,25,75000,78000,17065,7,2500,750,9873,25362,0,0
8225,19939,45000,117837,8,22,25,75000,78000,17065,7,2500,750,9891,25362,4,0
8226,19939,45000,117837,8,22,25,75000,78000,17047,7,2500,750,9891,25380,0,4
8227,19939,45000,117837,8,22,21,75000,78000,17047,7,2500,750,9891,25380,0,0
8228,19939,45000,117837,8,22,21,75000,78000,17047,7,2500,750,9891,25380,0,0
8229,19939,45000,117837,8,21,21,75000,78000,17047,7,2500,750,9891,25380,0,0
8230,19939,45000,117837,8,21,21,75000,78000,17047,7,2500,750,9891,25380,0,0
8231,19939,45000,117837,8,21,22,75000,78000,17029,7,2500,750,9891,25398,0,4
8232,19939,45000,117819,8,22,22,75000,78000,17029,7,2500,750,9909,25398,4,0
8233,19939,45000,117819,8,22,22,75000,78000,17029,7,2500,750,9909,25398,0,0
8234,19939,45000,117819,8,22,21,75000,78000,17029,7,2500,750,9909,25398,0,0
8235,19939,45000,117819,8,22,21,75000,78000,17029,7,2500,750,9909,25398,0,0
8236,19939,45000,117801,8,21,22,75000,78000,15589,7,2500,750,9927,25398,4,12
8237,19939,45000,117801,8,21,23,75000,78000,15571,7,2500,750,9927,25416,0,4
8238,19939,45000,117801,8,21,23,75000,78000,15571,7,2500,750,9927,25416,0,0
8239,19939,45000,117801,8,21,21,75000,78000,15571,7,2500,750,9927,25416,0,0
8240,19939,45000,117801,8,21,21,75000,78000,15571,7,2500,750,9927,25416,0,0
8241,19939,45000,117801,8,21,22,75000,78000,15553,7,2500,750,9927,25434,0,4
8242,19939,45000,117801,8,21,22,75000,78000,15553,7,2500,750,9927,25434,0,0
8243,19939,45000,117801,8,21,22,75000,78000,15553,7,2500,750,9927,25434,0,0
8244,19939,45000,117801,8,21,22,75000,78000,15553,7,2500,750,9927,25434,0,0
8245,19939,45000,117801,8,20,22,75000,78000,15553,7,2500,750,9927,25434,0,0
8246,19939,45000,117801,8,20,24,75000,78000,15535,7,2500,750,9927,25452,0,4
8247,19939,45000,117801,8,20,24,75000,78000,15535,7,2500,750,9927,25452,0,0
8248,19939,45000,117801,8,20,24,75000,78000,15535,7,2500,750,9927,25452,0,0
8249,19939,45000,117801,8,20,24,75000,78000,15535,7,2500,750,9927,25452,0,0
8250,19939,45000,120301,8,20,24,75000,78000,16285,7,2500,750,9927,25452,0,0
8251,19939,45000,120301,8,20,25,75000,78000,16267,7,2500,750,9927,25470,0,4
8252,19939,45000,120301,8,20,25,75000,78000,16267,7,2500,750,9927,25470,0,0
8253,19939,45000,120301,8,20,25,75000,78000,16267,7,2500,750,9927,25470,0,0
8254,19939,45000,120301,8,20,25,75000,78000,16267,7,2500,750,9927,25470,0,0
8255,19939,45000,120301,8,20,25,75000,78000,16267,7,2500,750,9927,25470,0,0
8256,19939,45000,120301,8,20,27,75000,78000,16249,7,2500,750,9927,25488,0,4
8257,19939,45000,120301,8,19,27,75000,78000,16249,7,2500,750,9927,25488,0,0
8258,19939,45000,120301,8,19,27,75000,78000,16249,7,2500,750,9927,25488,0,0
8259,19939,45000,120301,8,19,27,75000,78000,16249,7,2500,750,9927,25488,0,0
8260,19939,45000,120283,8,20,26,75000,78000,16249,7,2500,750,9945,25488,4,0
8261,19939,45000,120283,8,18,27,75000,78000,16231,7,2500,750,9945,25506,0,4
8262,19939,45000,120283,8,18,27,75000,78000,16231,7,2500,750,9945,25506,0,0
8263,19939,45000,120283,8,18,27,75000,78000,16231,7,2500,750,9945,25506,0,0
8264,19939,45000,120283,8,18,27,75000,78000,16231,7,2500,750,9945,25506,0,0
8265,19939,45000,120283,8,18,27,75000,78000,16231,7,2500,750,9945,25506,0,0
8266,19939,45000,120283,8,18,29,75000,78000,16213,7,2500,750,9945,25524,0,4
8267,19939,45000,120265,8,19,29,75000,78000,16213,7,2500,750,9963,25524,4,0
8268,19939,45000,120265,8,19,29,75000,78000,16213,7,2500,750,9963,25524,0,0
8269,19939,45000,120265,8,19,29,75000,78000,16213,7,2500,750,9963,25524,0,0
8270,19939,45000,120265,8,19,29,75000,78000,16213,7,2500,750,9963,25524,0,0
8271,19939,45000,120265,8,19,30,75000,78000,16195,7,2500,750,9963,25542,0,4
8272,19939,45000,120265,8,19,29,75000,78000,16195,7,2500,750,9963,25542,0,0
8273,19939,45000,120247,8,20,29,75000,78000,16195,7,2500,750,9981,25542,4,0
8274,19939,45000,120247,8,20,29,75000,78000,16195,7,2500,750,9981,25542,0,0
8275,19939,45000,120247,8,19,28,75000,78000,16195,7,2500,750,9981,25542,0,0
8276,19939,45000,120247,8,19,30,75000,78000,16177,7,2500,750,9981,25560,0,4
8277,19939,45000,120247,8,19,30,75000,78000,16177,7,2500,750,9981,25560,0,0
8278,19939,45000,120229,8,20,30,75000,78000,16177,7,2500,750,9999,25560,4,0
8279,19939,45000,120229,8,20,30,75000,78000,16177,7,2500,750,9999,25560,0,0
8280,19939,45000,122729,8,20,30,75000,78000,16927,7,2500,750,9999,25560,0,0
8281,19939,45000,122729,8,20,31,75000,78000,16909,7,2500,750,9999,25578,0,4
8282,19939,45000,122729,8,20,31,75000,78000,16909,7,2500,750,9999,25578,0,0
8283,19939,45000,122729,8,20,31,75000,78000,16909,7,2500,750,9999,25578,0,0
8284,19939,45000,122729,8,19,31,75000,78000,16909,7,2500,750,9999,25578,0,0
8285,19939,45000,122729,8,19,26,75000,78000,16909,7,2500,750,9999,25578,0,0
8286,19939,45000,122729,8,19,26,75000,78000,9109,7,2500,750,9999,25578,0,13
8287,19939,45000,122729,8,19,27,75000,78000,9091,7,2500,750,9999,25596,0,4
8288,19939,45000,1508,8,19,27,75000,78000,9091,7,2500,750,9999,25596,9,0
8289,19939,45000,1508,8,19,27,75000,78000,9091,7,2500,750,9999,25596,0,0
8290,19939,45000,1508,8,19,27,75000,78000,9091,7,2500,750,9999,25596,0,0
8291,19939,45000,1508,8,19,28,75000,78000,9073,7,2500,750,9999,25614,0,4
8292,19939,45000,1508,8,19,28,75000,78000,9073,7,2500,750,9999,25614,0,0
8293,19939,45000,1508,8,19,28,75000,78000,9073,7,2500,750,9999,25614,0,0
8294,19939,45000,1508,8,19,28,75000,78000,9073,7,2500,750,9999,25614,0,0
8295,19939,45000,1508,8,19,28,75000,78000,9073,7,2500,750,9999,25614,0,0
8296,19939,45000,1508,8,19,28,75000,78000,9055,7,2500,750,9999,25632,0,4
8297,19939,45000,1508,8,19,28,75000,78000,9055,7,2500,750,9999,25632,0,0
8298,19939,45000,1508,8,19,28,75000,78000,9055,7,2500,750,9999,25632,0,0
8299,19939,45000,1508,8,19,27,75000,78000,9055,7,2500,750,9999,25632,0,0
8300,19939,45000,1508,8,19,27,75000,78000,9055,7,2500,750,9999,25632,0,0
8301,19939,45000,1508,8,19,28,75000,78000,9037,7,2500,750,9999,25650,0,4
8302,19939,45000,1508,8,19,28,75000,78000,9037,7,2500,750,9999,25650,0,0
8303,19939,45000,1508,8,18,28,75000,78000,9037,7,2500,750,9999,25650,0,0
8304,19939,45000,1508,8,18,28,75000,78000,9037,7,2500,750,9999,25650,0,0
8305,19939,45000,1508,8,18,28,75000,78000,9037,7,2500,750,9999,25650,0,0
8306,19939,45000,1508,8,18,27,75000,78000,9019,7,2500,750,9999,25668,0,4
8307,19939,45000,1508,8,18,27,75000,78000,9019,7,2500,750,9999,25668,0,0
8308,19939,45000,1508,8,18,27,75000,78000,9019,7,2500,750,9999,25668,0,0
8309,19939,45000,1508,8,18,27,75000,78000,9019,7,2500,750,9999,25668,0,0
8310,19939,45000,4008,8,18,27,75000,78000,9769,7,2500,750,9999,25668,0,0
8311,19939,45000,4008,8,18,28,75000,78000,9751,7,2500,750,9999,25686,0,4
8312,19939,45000,4008,8,17,28,75000,78000,9751,7,2500,750,9999,25686,0,0
8313,19939,45000,4008,8,17,28,75000,78000,9751,7,2500,750,9999,25686,0,0
8314,19939,45000,4008,8,17,28,75000,78000,9751,7,2500,750,9999,25686,0,0
8315,19939,45000,4008,8,17,27,75000,78000,9751,7,2500,750,9999,25686,0,0
8316,19939,45000,4008,8,17,28,75000,78000,9733,7,2500,750,9999,25704,0,4
8317,19939,45000,4008,8,17,28,75000,78000,9733,7,2500,750,9999,25704,0,0
8318,19939,45000,4008,8,17,25,75000,78000,9733,7,2500,750,9999,25704,0,0
8319,19939,45000,3990,8,18,25,75000,78000,9733,7,2500,750,10017,25704,4,0
8320,19939,45000,3990,8,18,25,75000,78000,9733,7,2500,750,10017,25704,0,0
8321,19939,45000,3990,8,17,25,75000,78000,9715,7,2500,750,10017,25722,0,4
8322,19939,45000,3990,8,17,25,75000,78000,9715,7,2500,750,10017,25722,0,0
8323,19939,45000,3990,8,17,25,75000,78000,9715,7,2500,750,10017,25722,0,0
8324,19939,45000,3990,8,17,25,75000,78000,9715,7,2500,750,10017,25722,0,0
8325,19939,45000,3972,8,18,25,75000,78000,9715,7,2500,750,10035,25722,4,0
8326,19939,45000,3972,8,18,26,75000,78000,9697,7,2500,750,10035,25740,0,4
8327,19939,45000,3972,8,18,26,75000,78000,9697,7,2500,750,10035,25740,0,0
8328,19939,45000,3972,8,17,26,75000,78000,9697,7,2500,750,10035,25740,0,0
8329,19939,45000,3972,8,17,26,75000,78000,9697,7,2500,750,10035,25740,0,0
8330,19939,45000,3972,8,12,26,75000,78000,9697,7,2500,750,10035,25740,0,0
8331,19939,45000,3972,8,12,27,75000,78000,9679,7,2500,750,10035,25758,0,4
8332,19939,45000,3972,8,12,27,75000,78000,9679,7,2500,750,10035,25758,0,0
8333,19939,45000,3954,8,13,27,75000,78000,9679,7,2500,750,10053,25758,4,0
8334,19939,45000,3954,8,13,27,75000,78000,11179,7,2500,750,10053,25758,0,0
8335,19939,45000,3954,8,13,27,75000,78000,11179,7,2500,750,10053,25758,0,0
8336,19939,45000,3954,8,13,28,75000,78000,11161,7,2500,750,10053,25776,0,4
8337,19939,45000,3954,8,13,28,75000,78000,11161,7,2500,750,10053,25776,0,0
8338,19939,45000,3954,8,13,28,75000,78000,11161,7,2500,750,10053,25776,0,0
8339,19939,45000,3936,8,14,28,75000,78000,11161,7,2500,750,10071,25776,4,0
8340,19939,45000,6436,8,14,28,75000,78000,11911,7,2500,750,10071,25776,0,0
8341,19939,45000,6436,8,14,29,75000,78000,11893,7,2500,750,10071,25794,0,4
8342,19939,45000,6436,8,14,29,75000,78000,11893,7,2500,750,10071,25794,0,0
8343,19939,45000,6436,8,14,29,75000,78000,11893,7,2500,750,10071,25794,0,0
8344,19939,45000,6436,8,14,29,75000,78000,13393,7,2500,750,10071,25794,0,0
8345,19939,45000,6436,8,14,29,75000,78000,13393,7,2500,750,10071,25794,0,0
8346,19939,45000,6436,8,14,30,75000,78000,13375,7,2500,750,10071,25812,0,4
8347,19939,45000,6436,8,14,30,75000,78000,13375,7,2500,750,10071,25812,0,0
8348,19939,45000,6418,8,15,30,75000,78000,13375,7,2500,750,10089,25812,4,0
8349,19939,45000,6418,8,15,30,75000,78000,13375,7,2500,750,10089,25812,0,0
8350,19939,45000,6418,8,15,29,75000,78000,13375,7,2500,750,10089,25812,0,0
8351,19939,45000,6418,8,15,30,75000,78000,13357,7,2500,750,10089,25830,0,4
8352,19939,45000,6418,8,15,30,75000,78000,13357,7,2500,750,10089,25830,0,0
8353,19939,45000,6418,8,15,30,75000,78000,13357,7,2500,750,10089,25830,0,0
8354,19939,45000,6418,8,15,28,75000,78000,14857,7,2500,750,10089,25830,0,0
8355,19939,45000,6418,8,15,28,75000,78000,14857,7,2500,750,10089,25830,0,0
8356,19939,45000,6418,8,15,29,75000,78000,14839,7,2500,750,10089,25848,0,4
8357,19939,45000,6418,8,15,29,75000,78000,14839,7,2500,750,10089,25848,0,0
8358,19939,45000,6418,8,15,11,75000,78000,14839,7,2500,750,10089,25848,0,0
8359,19939,45000,6400,8,16,11,75000,78000,14839,7,2500,750,10107,25848,4,0
8360,19939,45000,6400,8,16,11,75000,78000,14839,7,2500,750,10107,25848,0,0
8361,19939,45000,6400,8,16,10,75000,78000,14821,7,2500,750,10107,25866,0,4
8362,19939,45000,6400,8,16,10,75000,78000,14821,7,2500,750,10107,25866,0,0
8363,19939,45000,6400,8,16,10,75000,78000,14821,7,2500,750,10107,25866,0,0
8364,19939,45000,6400,8,16,10,75000,78000,16321,7,2500,750,10107,25866,0,0
8365,19939,45000,6400,8,16,8,75000,78000,16321,7,2500,750,10107,25866,0,0
8366,19939,45000,6400,8,16,7,75000,78000,16303,7,2500,750,10107,25884,0,4
8367,19939,45000,6400,8,16,7,75000,78000,16303,7,2500,750,10107,25884,0,0
8368,19939,45000,6400,8,16,5,75000,78000,16303,7,2500,750,10107,25884,0,0
8369,19939,45000,6400,8,16,5,75000,78000,16303,7,2500,750,10107,25884,0,0
8370,19939,45000,8900,8,16,5,75000,78000,17053,7,2500,750,10107,25884,0,0
8371,19939,45000,8900,8,16,6,75000,78000,17035,7,2500,750,10107,25902,0,4
8372,19939,45000,8900,8,16,6,75000,78000,17035,7,2500,750,10107,25902,0,0
8373,19939,45000,8900,8,16,6,75000,78000,17035,7,2500,750,10107,25902,0,0
8374,19939,45000,8900,8,16,6,75000,78000,18535,7,2500,750,10107,25902,0,0
8375,19939,45000,8900,8,16,1,75000,78000,18535,7,2500,750,10107,25902,0,0
8376,19939,45000,8900,8,16,2,75000,78000,18517,7,2500,750,10107,25920,0,4
8377,19939,45000,8900,8,16,2,75000,78000,18517,7,2500,750,10107,25920,0,0
8378,19939,45000,8900,8,16,2,75000,78000,18517,7,2500,750,10107,25920,0,0
8379,19939,45000,8900,8,16,2,75000,78000,18517,7,2500,750,10107,25920,0,0
8380,19939,45000,8900,8,16,2,75000,78000,18517,7,2500,750,10107,25920,0,0
8381,19939,45000,8900,8,16,3,75000,78000,18499,7,2500,750,10107,25938,0,4
8382,19939,45000,8900,8,16,3,75000,78000,18499,7,2500,750,10107,25938,0,0
8383,19939,45000,8900,8,16,3,75000,78000,18499,7,2500,750,10107,25938,0,0
8384,19939,45000,8900,8,16,2,75000,78000,19999,7,2500,750,10107,25938,0,0
8385,19939,45000,8900,8,16,0,75000,78000,19999,7,2500,750,10107,25938,0,0
8386,19939,45000,8900,8,16,0,74700,78000,19699,7,2500,750,10107,25938,0,11
8387,19939,45000,8900,8,16,1,74550,78000,19618,7,2500,750,10107,26019,0,5
8388,19939,45000,8900,8,16,1,74400,78000,19618,7,2500,750,10107,26019,0,0
8389,19939,45000,8900,8,16,1,74250,78000,19618,7,2500,750,10107,26019,0,0
8390,19939,45000,8900,8,16,1,74100,78000,19618,7,2500,750,10107,26019,0,0
8391,19939,45000,8900,8,16,2,72600,78000,19600,7,2500,750,10107,26037,0,4
8392,19939,45000,8900,8,16,2,72600,78000,19600,7,2500,750,10107,26037,0,0
8393,19939,45000,8900,8,16,2,72300,78000,19600,7,2500,750,10107,26037,0,0
8394,19939,45000,8900,8,16,2,72150,78000,21100,7,2500,750,10107,26037,0,0
8395,19939,45000,8900,8,16,2,72000,78000,21100,7,2500,750,10107,26037,0,0
8396,19939,45000,8900,8,16,3,71850,78000,21082,7,2500,750,10107,26055,0,4
8397,19939,45000,8900,8,16,3,71850,78000,21082,7,2500,750,10107,26055,0,0
8398,19939,45000,8900,8,16,3,70350,78000,21082,7,2500,750,10107,26055,0,0
8399,19939,45000,8900,8,16,3,70350,78000,21082,7,2500,750,10107,26055,0,0
8400,19939,45000,11400,8,16,2,70350,78000,21832,7,2500,750,10107,26055,0,0
8401,19939,45000,11400,8,16,3,70200,78000,21814,7,2500,750,10107,26073,0,4
8402,19939,45000,11400,8,16,0,70050,78000,21814,7,2500,750,10107,26073,0,0
8403,19939,45000,11400,8,16,0,69900,78000,21814,7,2500,750,10107,26073,0,0
8404,19939,45000,11400,8,16,0,69750,78000,23314,7,2500,750,10107,26073,0,0
8405,19939,45000,11400,8,16,0,68250,78000,23314,7,2500,750,10107,26073,0,0
8406,19939,45000,11400,8,16,1,68250,78000,23296,7,2500,750,10107,26091,0,4
8407,19939,45000,11400,8,16,1,67950,78000,23296,7,2500,750,10107,26091,0,0
8408,19939,45000,11400,8,16,1,67800,78000,23296,7,2500,750,10107,26091,0,0
8409,19939,45000,11400,8,16,1,67650,78000,23296,7,2500,750,10107,26091,0,0
8410,19939,45000,11400,8,16,1,67500,78000,23296,7,2500,750,10107,26091,0,0
8411,19939,45000,11400,8,16,2,67350,78000,23278,7,2500,750,10107,26109,0,4
8412,19939,45000,11400,8,16,2,65850,78000,23278,7,2500,750,10107,26109,0,0
8413,19939,45000,11400,8,16,2,65850,78000,23278,7,2500,750,10107,26109,0,0
8414,19939,45000,11400,8,16,0,65550,78000,23278,7,2500,750,10107,26109,0,0
8415,19939,45000,11400,8,16,0,65400,78000,23278,7,2500,750,10107,26109,0,0
8416,19939,45000,11400,8,16,1,65250,78000,23260,7,2500,750,10107,26127,0,4
8417,19939,45000,11400,8,16,1,65100,78000,23260,7,2500,750,10107,26127,0,0
8418,19939,45000,11400,8,16,1,64950,78000,23260,7,2500,750,10107,26127,0,0
8419,19939,45000,11400,8,16,1,63450,78000,23260,7,2500,750,10107,26127,0,0
8420,19939,45000,11400,8,16,0,63450,78000,23260,7,2500,750,10107,26127,0,0
8421,19939,45000,11400,8,16,1,63150,78000,23242,7,2500,750,10107,26145,0,4
8422,19939,45000,11400,8,16,1,63000,78000,23242,7,2500,750,10107,26145,0,0
8423,19939,45000,11400,8,16,1,62850,78000,23242,7,2500,750,10107,26145,0,0
8424,19939,45000,11400,8,16,0,62700,78000,23242,7,2500,750,10107,26145,0,0
8425,19939,45000,11400,8,16,0,62550,78000,23242,7,2500,750,10107,26145,0,0
8426,19939,45000,11400,8,16,1,61050,78000,23224,7,2500,750,10107,26163,0,4
8427,19939,45000,11400,8,16,1,61050,78000,23224,7,2500,750,10107,26163,0,0
8428,19939,45000,11400,8,16,1,60750,78000,23224,7,2500,750,10107,26163,0,0
8429,19939,45000,11400,8,16,1,60600,78000,23224,7,2500,750,10107,26163,0,0
8430,19939,45000,13900,8,16,1,60450,78000,23974,7,2500,750,10107,26163,0,0
8431,19939,45000,13900,8,16,2,60300,78000,23956,7,2500,750,10107,26181,0,4
8432,19939,45000,13900,8,16,2,60150,78000,23956,7,2500,750,10107,26181,0,0
8433,19939,45000,13900,8,16,2,58650,78000,23956,7,2500,750,10107,26181,0,0
8434,19939,45000,13900,8,16,0,57150,78000,23956,7,2500,750,10107,26181,0,0
8435,19939,45000,13900,8,16,0,56850,78000,23956,7,2500,750,10107,26181,0,0
8436,19939,45000,13900,8,16,1,56700,78000,23938,7,2500,750,10107,26199,0,4
8437,19939,45000,13900,8,16,1,56550,78000,23938,7,2500,750,10107,26199,0,0
8438,19939,45000,13900,8,16,1,56400,78000,23938,7,2500,750,10107,26199,0,0
8439,19939,45000,13900,8,16,1,56250,78000,23938,7,2500,750,10107,26199,0,0
8440,19939,45000,13900,8,16,1,54750,78000,23938,7,2500,750,10107,26199,0,0
8441,19939,45000,13900,8,16,2,54750,78000,23920,7,2500,750,10107,26217,0,4
8442,19939,45000,13900,8,16,2,54450,78000,23920,7,2500,750,10107,26217,0,0
8443,19939,45000,13900,8,16,2,54300,78000,23920,7,2500,750,10107,26217,0,0
8444,19939,45000,13900,8,16,1,54300,78000,23920,7,2500,750,10107,26217,0,0
8445,19939,45000,13900,8,16,1,54150,78000,23920,7,2500,750,10107,26217,0,0
8446,19939,45000,13900,8,16,2,54000,78000,23902,7,2500,750,10107,26235,0,4
8447,19939,45000,13900,8,16,2,52500,78000,23902,7,2500,750,10107,26235,0,0
8448,19939,45000,13900,8,16,2,52500,78000,23902,7,2500,750,10107,26235,0,0
8449,19939,45000,13900,8,16,1,52200,78000,23902,7,2500,750,10107,26235,0,0
8450,19939,45000,11834,8,17,1,52050,78000,23902,7,2500,750,12173,26235,7,0
8451,19939,45000,11834,8,17,2,51900,78000,23884,7,2500,750,12173,26253,0,4
8452,19939,45000,11834,8,17,2,51750,78000,23884,7,2500,750,12173,26253,0,0
8453,19939,45000,9768,8,18,2,51600,78000,23884,7,2500,750,14239,26253,7,0
8454,19939,45000,9768,8,18,1,51600,78000,23884,7,2500,750,14239,26253,0,0
8455,19939,45000,9768,8,18,1,51600,78000,23884,7,2500,750,14239,26253,0,0
8456,19939,45000,9768,8,18,2,51300,78000,23866,7,2500,750,14239,26271,0,4
8457,19939,45000,7702,8,19,2,51150,78000,23866,7,2500,750,16305,26271,7,0
8458,19939,45000,7702,8,19,2,51000,78000,23866,7,2500,750,16305,26271,0,0
8459,19939,45000,7702,8,19,1,51000,78000,23866,7,2500,750,16305,26271,0,0
8460,19939,45000,8136,8,20,1,50850,78000,24616,7,2500,750,18371,26271,7,0
8461,19939,45000,8136,8,20,2,49350,78000,24598,7,2500,750,18371,26289,0,4
8462,19939,45000,8136,8,20,0,49350,78000,24598,7,2500,750,18371,26289,0,0
8463,19939,45000,6070,8,21,0,49050,78000,24598,7,2500,750,20437,26289,7,0
8464,19939,45000,6070,8,21,0,48900,78000,24598,7,2500,750,20437,26289,0,0
8465,19939,45000,6070,8,21,0,48750,78000,24598,7,2500,750,20437,26289,0,0
8466,19939,45000,4004,8,22,1,48600,78000,24580,7,2500,750,22503,26307,7,4
8467,19939,45000,4004,8,22,1,48450,78000,24580,7,2500,750,22503,26307,0,0
8468,19939,45000,4004,8,22,1,46950,78000,24580,7,2500,750,22503,26307,0,0
8469,19939,45000,1938,8,23,1,46950,78000,24580,7,2500,750,24569,26307,7,0
8470,19939,45000,1938,8,23,1,46650,78000,24580,7,2500,750,24569,26307,0,0
8471,19939,45000,1938,8,23,2,46500,78000,24562,7,2500,750,24569,26325,0,4
8472,19939,45000,1938,8,23,2,46350,78000,24562,7,2500,750,24569,26325,0,0
8473,19939,45000,1938,8,23,2,46200,78000,24562,7,2500,750,24569,26325,0,0
8474,19939,45000,1938,8,23,1,46200,78000,24562,7,2500,750,24569,26325,0,0
8475,19939,45000,1938,8,23,1,44700,78000,24562,7,2500,750,24569,26325,0,0
8476,19939,45000,1938,8,23,2,44700,78000,24544,7,2500,750,24569,26343,0,4
8477,19939,45000,1938,8,23,2,44400,78000,24544,7,2500,750,24569,26343,0,0
8478,19939,45000,1938,8,23,0,44250,78000,24544,7,2500,750,24569,26343,0,0
8479,19939,45000,1938,8,23,0,44100,78000,24544,7,2500,750,24569,26343,0,0
8480,19939,45000,1938,8,23,0,43950,78000,24544,7,2500,750,24569,26343,0,0
8481,19939,45000,1938,8,23,1,43800,78000,24526,7,2500,750,24569,26361,0,4
8482,19939,45000,1938,8,23,1,42300,78000,24526,7,2500,750,24569,26361,0,0
8483,19939,45000,1938,8,23,1,42300,78000,24526,7,2500,750,24569,26361,0,0
8484,19939,45000,1938,8,23,1,0,78000,24526,7,2500,750,24569,26361,0,0
