attacker_team,tier,attacker_unit,force_size,escort_tier,escort_unit,anchor_tier,anchor_unit,anchors_spawned,anchor_spend,anchor_delay,anchor_max,anchors_alive,anchor_first_tick,anchor_delayed_ticks,blocker_team,blocker_unit,interval_ticks,attacker_seat,outcome,ticks,seconds,beyond_game_limit,blockers_spawned,blockers_lost,blocker_spend,peak_blockers,spend_at_force_death,escorts_spawned,attacker_spend,force_spend,big_units_alive,force_died_tick,deepest_progress,first_castle_hit_tick
Black,7,gorillo,1,0,-,0,-,0,0,150,1,0,-1,0,Black,evilminnow,0,1,castle_destroyed,916,30.53,False,0,0,0,0,0,0,1183,1183,1,-1,1.0000,426
Black,7,gorillo,1,0,-,0,-,0,0,150,1,0,-1,0,Black,evilminnow,1,1,force_destroyed,865,28.83,False,865,694,1730,268,1730,0,1183,1183,0,865,0.3035,-1
Black,7,gorillo,1,0,-,0,-,0,0,150,1,0,-1,0,Black,evilminnow,2,1,force_destroyed,948,31.60,False,474,371,948,130,948,0,1183,1183,0,948,0.3059,-1
Black,7,gorillo,1,0,-,0,-,0,0,150,1,0,-1,0,Black,evilminnow,3,1,force_destroyed,1336,44.53,False,446,381,892,84,892,0,1183,1183,0,1336,0.3059,-1
Black,7,gorillo,1,0,-,0,-,0,0,150,1,0,-1,0,Black,evilminnow,5,1,force_destroyed,1957,65.23,False,392,354,784,42,784,0,1183,1183,0,1957,0.3176,-1
Black,7,gorillo,1,0,-,0,-,0,0,150,1,0,-1,0,Black,evilminnow,10,1,force_destroyed,3604,120.13,False,361,345,722,20,722,0,1183,1183,0,3604,0.5206,-1
Black,7,gorillo,1,0,-,0,-,0,0,150,1,0,-1,0,Black,evilminnow,15,1,force_destroyed,5158,171.93,False,344,341,688,13,688,0,1183,1183,0,5158,0.9829,-1
Black,7,gorillo,1,0,-,0,-,0,0,150,1,0,-1,0,Black,evilminnow,30,1,force_destroyed,11507,383.57,False,384,382,768,6,768,0,1183,1183,0,11507,1.0000,-1
Black,7,gorillo,1,0,-,7,gorillo,1,1183,150,1,0,150,0,Black,evilminnow,0,1,force_destroyed,941,31.37,False,0,0,0,1,1183,0,1183,1183,0,941,0.7068,-1
Black,7,gorillo,1,0,-,7,gorillo,1,1183,150,1,1,150,0,Black,evilminnow,1,1,force_destroyed,576,19.20,False,576,396,1152,269,2335,0,1183,1183,0,576,0.3035,-1
Black,7,gorillo,1,0,-,7,gorillo,1,1183,150,1,1,150,0,Black,evilminnow,2,1,force_destroyed,810,27.00,False,405,305,810,182,1993,0,1183,1183,0,810,0.3059,-1
Black,7,gorillo,1,0,-,7,gorillo,1,1183,150,1,1,150,0,Black,evilminnow,3,1,force_destroyed,769,25.63,False,257,201,514,76,1697,0,1183,1183,0,769,0.3059,-1
Black,7,gorillo,1,0,-,7,gorillo,1,1183,150,1,1,150,0,Black,evilminnow,5,1,force_destroyed,788,26.27,False,158,122,316,54,1499,0,1183,1183,0,788,0.3176,-1
Black,7,gorillo,1,0,-,7,gorillo,1,1183,150,1,1,150,0,Black,evilminnow,10,1,force_destroyed,832,27.73,False,84,65,168,28,1351,0,1183,1183,0,832,0.3412,-1
Black,7,gorillo,1,0,-,7,gorillo,1,1183,150,1,1,150,0,Black,evilminnow,15,1,force_destroyed,985,32.83,False,66,54,132,29,1315,0,1183,1183,0,985,0.3688,-1
Black,7,gorillo,1,0,-,7,gorillo,1,1183,150,1,1,150,0,Black,evilminnow,30,1,force_destroyed,837,27.90,False,28,22,56,12,1239,0,1183,1183,0,837,0.4918,-1
Black,7,gorillo,1,4,evilnom,0,-,0,0,150,1,0,-1,0,Black,evilminnow,0,1,castle_destroyed,622,20.73,False,0,0,0,0,0,21,1708,1183,1,-1,1.0000,132
Black,7,gorillo,1,4,evilnom,0,-,0,0,150,1,0,-1,0,Black,evilminnow,1,1,force_destroyed,1695,56.50,False,1695,1547,3390,158,3352,56,2583,1183,0,1676,0.4471,-1
Black,7,gorillo,1,4,evilnom,0,-,0,0,150,1,0,-1,0,Black,evilminnow,2,1,force_destroyed,5033,167.77,False,2517,2509,5034,42,4886,163,5258,1183,0,4885,1.0000,956
Black,7,gorillo,1,4,evilnom,0,-,0,0,150,1,0,-1,0,Black,evilminnow,3,1,castle_destroyed,2479,82.63,False,827,823,1654,28,0,83,3258,1183,1,-1,1.0000,589
Black,7,gorillo,1,4,evilnom,0,-,0,0,150,1,0,-1,0,Black,evilminnow,5,1,castle_destroyed,1027,34.23,False,206,204,412,17,0,35,2058,1183,1,-1,1.0000,324
Black,7,gorillo,1,4,evilnom,0,-,0,0,150,1,0,-1,0,Black,evilminnow,10,1,castle_destroyed,736,24.53,False,74,73,148,8,0,25,1808,1183,1,-1,1.0000,174
Black,7,gorillo,1,4,evilnom,0,-,0,0,150,1,0,-1,0,Black,evilminnow,15,1,castle_destroyed,661,22.03,False,45,44,90,6,0,23,1758,1183,1,-1,1.0000,144
Black,7,gorillo,1,4,evilnom,0,-,0,0,150,1,0,-1,0,Black,evilminnow,30,1,castle_destroyed,622,20.73,False,21,21,42,3,0,21,1708,1183,1,-1,1.0000,143
Black,7,gorillo,1,4,evilnom,7,gorillo,1,1183,150,1,0,150,0,Black,evilminnow,0,1,castle_destroyed,1185,39.50,False,0,0,0,1,0,40,2183,1183,1,-1,1.0000,132
Black,7,gorillo,1,4,evilnom,7,gorillo,1,1183,150,1,1,150,0,Black,evilminnow,1,1,force_destroyed,839,27.97,False,839,673,1678,172,2819,28,1883,1183,0,818,0.4471,-1
Black,7,gorillo,1,4,evilnom,7,gorillo,1,1183,150,1,1,150,0,Black,evilminnow,2,1,force_destroyed,750,25.00,False,375,320,750,62,1857,23,1758,1183,0,673,0.6918,-1
Black,7,gorillo,1,4,evilnom,7,gorillo,1,1183,150,1,0,150,0,Black,evilminnow,3,1,castle_destroyed,3070,102.33,False,1024,1020,2048,28,0,103,3758,1183,1,-1,1.0000,1039
Black,7,gorillo,1,4,evilnom,7,gorillo,1,1183,150,1,1,150,0,Black,evilminnow,5,1,force_destroyed,759,25.30,False,152,130,304,27,1467,24,1783,1183,0,710,0.7388,-1
Black,7,gorillo,1,4,evilnom,7,gorillo,1,1183,150,1,0,150,0,Black,evilminnow,10,1,castle_destroyed,1177,39.23,False,118,117,236,8,0,40,2183,1183,1,-1,1.0000,174
Black,7,gorillo,1,4,evilnom,7,gorillo,1,1183,150,1,0,150,0,Black,evilminnow,15,1,force_destroyed,1736,57.87,False,116,115,232,6,1357,44,2283,1183,0,1301,1.0000,144
Black,7,gorillo,1,4,evilnom,7,gorillo,1,1183,150,1,0,150,0,Black,evilminnow,30,1,castle_destroyed,1259,41.97,False,42,42,84,3,0,42,2233,1183,1,-1,1.0000,143
Black,7,gorillo,3,0,-,0,-,0,0,150,1,0,-1,0,Black,evilminnow,0,1,castle_destroyed,603,20.10,False,0,0,0,0,0,0,3549,3549,3,-1,1.0000,426
Black,7,gorillo,3,0,-,0,-,0,0,150,1,0,-1,0,Black,evilminnow,1,1,force_destroyed,1204,40.13,False,1204,1010,2408,260,2408,0,3549,3549,0,1204,0.3035,-1
Black,7,gorillo,3,0,-,0,-,0,0,150,1,0,-1,0,Black,evilminnow,2,1,force_destroyed,1568,52.27,False,784,693,1568,123,1568,0,3549,3549,0,1568,0.3059,-1
Black,7,gorillo,3,0,-,0,-,0,0,150,1,0,-1,0,Black,evilminnow,3,1,force_destroyed,2899,96.63,False,967,924,1934,57,1934,0,3549,3549,0,2899,0.4341,-1
Black,7,gorillo,3,0,-,0,-,0,0,150,1,0,-1,0,Black,evilminnow,5,1,force_destroyed,3826,127.53,False,766,742,1532,34,1532,0,3549,3549,0,3826,0.5788,-1
Black,7,gorillo,3,0,-,0,-,0,0,150,1,0,-1,0,Black,evilminnow,10,1,castle_destroyed,3657,121.90,False,366,365,732,16,0,0,3549,3549,3,-1,1.0000,1896
Black,7,gorillo,3,0,-,0,-,0,0,150,1,0,-1,0,Black,evilminnow,15,1,castle_destroyed,1549,51.63,False,104,103,208,11,0,0,3549,3549,3,-1,1.0000,835
Black,7,gorillo,3,0,-,0,-,0,0,150,1,0,-1,0,Black,evilminnow,30,1,castle_destroyed,843,28.10,False,29,28,58,5,0,0,3549,3549,3,-1,1.0000,500
Black,7,gorillo,3,0,-,7,gorillo,1,1183,150,1,1,150,0,Black,evilminnow,0,1,castle_destroyed,816,27.20,False,0,-1,0,1,0,0,3549,3549,3,-1,1.0000,486
Black,7,gorillo,3,0,-,7,gorillo,1,1183,150,1,1,150,0,Black,evilminnow,1,1,force_destroyed,1211,40.37,False,1211,1026,2422,258,3605,0,3549,3549,0,1211,0.3035,-1
Black,7,gorillo,3,0,-,7,gorillo,1,1183,150,1,1,150,0,Black,evilminnow,2,1,force_destroyed,890,29.67,False,445,343,890,104,2073,0,3549,3549,0,890,0.3059,-1
Black,7,gorillo,3,0,-,7,gorillo,1,1183,150,1,0,150,0,Black,evilminnow,3,1,force_destroyed,1007,33.57,False,336,284,672,70,1855,0,3549,3549,0,1007,0.3318,-1
Black,7,gorillo,3,0,-,7,gorillo,1,1183,150,1,1,150,0,Black,evilminnow,5,1,force_destroyed,1100,36.67,False,220,191,440,41,1623,0,3549,3549,0,1100,0.3553,-1
Black,7,gorillo,3,0,-,7,gorillo,1,1183,150,1,0,150,0,Black,evilminnow,10,1,force_destroyed,3524,117.47,False,353,344,706,18,1889,0,3549,3549,0,3524,0.7541,-1
Black,7,gorillo,3,0,-,7,gorillo,1,1183,150,1,1,150,0,Black,evilminnow,15,1,force_destroyed,1183,39.43,False,79,67,158,22,1341,0,3549,3549,0,1183,0.5388,-1
Black,7,gorillo,3,0,-,7,gorillo,1,1183,150,1,1,150,0,Black,evilminnow,30,1,force_destroyed,753,25.10,False,26,19,52,8,1235,0,3549,3549,0,753,0.6306,-1
Black,7,gorillo,3,4,evilnom,0,-,0,0,150,1,0,-1,0,Black,evilminnow,0,1,castle_destroyed,535,17.83,False,0,0,0,0,0,18,3999,3549,3,-1,1.0000,132
Black,7,gorillo,3,4,evilnom,0,-,0,0,150,1,0,-1,0,Black,evilminnow,1,1,force_destroyed,2551,85.03,False,2551,2426,5102,126,5004,84,5649,3549,0,2502,0.4471,-1
Black,7,gorillo,3,4,evilnom,0,-,0,0,150,1,0,-1,0,Black,evilminnow,2,1,castle_destroyed,4760,158.67,False,2380,2375,4760,42,0,159,7524,3549,3,-1,1.0000,584
Black,7,gorillo,3,4,evilnom,0,-,0,0,150,1,0,-1,0,Black,evilminnow,3,1,castle_destroyed,1249,41.63,False,417,413,834,28,0,42,4599,3549,3,-1,1.0000,505
Black,7,gorillo,3,4,evilnom,0,-,0,0,150,1,0,-1,0,Black,evilminnow,5,1,castle_destroyed,720,24.00,False,144,142,288,17,0,24,4149,3549,3,-1,1.0000,324
Black,7,gorillo,3,4,evilnom,0,-,0,0,150,1,0,-1,0,Black,evilminnow,10,1,castle_destroyed,554,18.47,False,56,55,112,8,0,19,4024,3549,3,-1,1.0000,174
Black,7,gorillo,3,4,evilnom,0,-,0,0,150,1,0,-1,0,Black,evilminnow,15,1,castle_destroyed,535,17.83,False,36,35,72,6,0,18,3999,3549,3,-1,1.0000,144
Black,7,gorillo,3,4,evilnom,0,-,0,0,150,1,0,-1,0,Black,evilminnow,30,1,castle_destroyed,535,17.83,False,18,18,36,3,0,18,3999,3549,3,-1,1.0000,143
Black,7,gorillo,3,4,evilnom,7,gorillo,1,1183,150,1,0,150,0,Black,evilminnow,0,1,castle_destroyed,802,26.73,False,0,0,0,1,0,27,4224,3549,3,-1,1.0000,132
Black,7,gorillo,3,4,evilnom,7,gorillo,1,1183,150,1,0,150,0,Black,evilminnow,1,1,force_destroyed,1504,50.13,False,1504,1338,3008,177,4153,50,4799,3549,0,1485,0.4471,-1
Black,7,gorillo,3,4,evilnom,7,gorillo,1,1183,150,1,0,150,0,Black,evilminnow,2,1,castle_destroyed,2270,75.67,False,1135,1130,2270,43,0,76,5449,3549,3,-1,1.0000,964
Black,7,gorillo,3,4,evilnom,7,gorillo,1,1183,150,1,1,150,0,Black,evilminnow,3,1,force_destroyed,872,29.07,False,291,255,582,38,1733,28,4249,3549,0,823,0.8859,-1
Black,7,gorillo,3,4,evilnom,7,gorillo,1,1183,150,1,0,150,0,Black,evilminnow,5,1,castle_destroyed,809,26.97,False,162,160,324,18,0,27,4224,3549,3,-1,1.0000,565
Black,7,gorillo,3,4,evilnom,7,gorillo,1,1183,150,1,0,150,0,Black,evilminnow,10,1,castle_destroyed,796,26.53,False,80,79,160,8,0,27,4224,3549,3,-1,1.0000,174
Black,7,gorillo,3,4,evilnom,7,gorillo,1,1183,150,1,0,150,0,Black,evilminnow,15,1,castle_destroyed,876,29.20,False,59,58,118,6,0,30,4299,3549,3,-1,1.0000,144
Black,7,gorillo,3,4,evilnom,7,gorillo,1,1183,150,1,0,150,0,Black,evilminnow,30,1,castle_destroyed,801,26.70,False,27,27,54,3,0,27,4224,3549,3,-1,1.0000,143
Black,7,gorillo,5,0,-,0,-,0,0,150,1,0,-1,0,Black,evilminnow,0,1,castle_destroyed,565,18.83,False,0,0,0,0,0,0,5915,5915,5,-1,1.0000,426
Black,7,gorillo,5,0,-,0,-,0,0,150,1,0,-1,0,Black,evilminnow,1,1,force_destroyed,1072,35.73,False,1072,855,2144,217,2144,0,5915,5915,0,1072,0.3035,-1
Black,7,gorillo,5,0,-,0,-,0,0,150,1,0,-1,0,Black,evilminnow,2,1,force_destroyed,1980,66.00,False,990,900,1980,111,1980,0,5915,5915,0,1980,0.3341,-1
Black,7,gorillo,5,0,-,0,-,0,0,150,1,0,-1,0,Black,evilminnow,3,1,force_destroyed,3277,109.23,False,1093,1053,2186,53,2186,0,5915,5915,0,3277,0.6153,-1
Black,7,gorillo,5,0,-,0,-,0,0,150,1,0,-1,0,Black,evilminnow,5,1,force_destroyed,5098,169.93,False,1020,1017,2040,34,2040,0,5915,5915,0,5098,1.0000,4292
Black,7,gorillo,5,0,-,0,-,0,0,150,1,0,-1,0,Black,evilminnow,10,1,castle_destroyed,1612,53.73,False,162,161,324,16,0,0,5915,5915,5,-1,1.0000,1282
Black,7,gorillo,5,0,-,0,-,0,0,150,1,0,-1,0,Black,evilminnow,15,1,castle_destroyed,1039,34.63,False,70,69,140,11,0,0,5915,5915,5,-1,1.0000,745
Black,7,gorillo,5,0,-,0,-,0,0,150,1,0,-1,0,Black,evilminnow,30,1,castle_destroyed,647,21.57,False,22,22,44,5,0,0,5915,5915,5,-1,1.0000,500
Black,7,gorillo,5,0,-,7,gorillo,1,1183,150,1,1,150,0,Black,evilminnow,0,1,castle_destroyed,721,24.03,False,0,-1,0,1,0,0,5915,5915,5,-1,1.0000,486
Black,7,gorillo,5,0,-,7,gorillo,1,1183,150,1,1,150,0,Black,evilminnow,1,1,force_destroyed,830,27.67,False,830,659,1660,202,2843,0,5915,5915,0,830,0.3035,-1
Black,7,gorillo,5,0,-,7,gorillo,1,1183,150,1,0,150,0,Black,evilminnow,2,1,force_destroyed,1325,44.17,False,663,572,1326,160,2509,0,5915,5915,0,1325,0.3106,-1
Black,7,gorillo,5,0,-,7,gorillo,1,1183,150,1,0,150,0,Black,evilminnow,3,1,force_destroyed,1522,50.73,False,508,448,1016,67,2199,0,5915,5915,0,1522,0.3412,-1
Black,7,gorillo,5,0,-,7,gorillo,1,1183,150,1,0,150,0,Black,evilminnow,5,1,force_destroyed,1368,45.60,False,274,232,548,44,1731,0,5915,5915,0,1368,0.4506,-1
Black,7,gorillo,5,0,-,7,gorillo,1,1183,150,1,0,150,0,Black,evilminnow,10,1,force_destroyed,1806,60.20,False,181,163,362,35,1545,0,5915,5915,0,1806,0.4941,-1
Black,7,gorillo,5,0,-,7,gorillo,1,1183,150,1,0,150,0,Black,evilminnow,15,1,force_destroyed,2333,77.77,False,156,146,312,22,1495,0,5915,5915,0,2333,0.5412,-1
Black,7,gorillo,5,0,-,7,gorillo,1,1183,150,1,1,150,0,Black,evilminnow,30,1,force_destroyed,887,29.57,False,30,23,60,10,1243,0,5915,5915,0,887,0.7588,-1
Black,7,gorillo,5,4,evilnom,0,-,0,0,150,1,0,-1,0,Black,evilminnow,0,1,castle_destroyed,524,17.47,False,0,0,0,0,0,18,6365,5915,5,-1,1.0000,132
Black,7,gorillo,5,4,evilnom,0,-,0,0,150,1,0,-1,0,Black,evilminnow,1,1,force_destroyed,2707,90.23,False,2707,2582,5414,126,5294,89,8140,5915,0,2647,0.4471,-1
Black,7,gorillo,5,4,evilnom,0,-,0,0,150,1,0,-1,0,Black,evilminnow,2,1,castle_destroyed,1706,56.87,False,853,848,1706,42,0,57,7340,5915,5,-1,1.0000,582
Black,7,gorillo,5,4,evilnom,0,-,0,0,150,1,0,-1,0,Black,evilminnow,3,1,castle_destroyed,966,32.20,False,322,319,644,28,0,33,6740,5915,5,-1,1.0000,505
Black,7,gorillo,5,4,evilnom,0,-,0,0,150,1,0,-1,0,Black,evilminnow,5,1,castle_destroyed,603,20.10,False,121,119,242,17,0,21,6440,5915,5,-1,1.0000,324
Black,7,gorillo,5,4,evilnom,0,-,0,0,150,1,0,-1,0,Black,evilminnow,10,1,castle_destroyed,535,17.83,False,54,53,108,8,0,18,6365,5915,5,-1,1.0000,174
Black,7,gorillo,5,4,evilnom,0,-,0,0,150,1,0,-1,0,Black,evilminnow,15,1,castle_destroyed,524,17.47,False,35,35,70,6,0,18,6365,5915,5,-1,1.0000,144
Black,7,gorillo,5,4,evilnom,0,-,0,0,150,1,0,-1,0,Black,evilminnow,30,1,castle_destroyed,524,17.47,False,18,18,36,3,0,18,6365,5915,5,-1,1.0000,143
Black,7,gorillo,5,4,evilnom,7,gorillo,1,1183,150,1,1,150,0,Black,evilminnow,0,1,castle_destroyed,687,22.90,False,0,-1,0,1,0,23,6490,5915,5,-1,1.0000,132
Black,7,gorillo,5,4,evilnom,7,gorillo,1,1183,150,1,0,150,0,Black,evilminnow,1,1,force_destroyed,1471,49.03,False,1471,1297,2942,183,4109,49,7140,5915,0,1463,0.4471,-1
Black,7,gorillo,5,4,evilnom,7,gorillo,1,1183,150,1,0,150,0,Black,evilminnow,2,1,castle_destroyed,1700,56.67,False,850,845,1700,43,0,57,7340,5915,5,-1,1.0000,964
Black,7,gorillo,5,4,evilnom,7,gorillo,1,1183,150,1,0,150,0,Black,evilminnow,3,1,castle_destroyed,1129,37.63,False,377,373,754,28,0,38,6865,5915,5,-1,1.0000,625
Black,7,gorillo,5,4,evilnom,7,gorillo,1,1183,150,1,0,150,0,Black,evilminnow,5,1,castle_destroyed,722,24.07,False,145,143,290,18,0,25,6540,5915,5,-1,1.0000,575
Black,7,gorillo,5,4,evilnom,7,gorillo,1,1183,150,1,0,150,0,Black,evilminnow,10,1,castle_destroyed,747,24.90,False,75,74,150,8,0,25,6540,5915,5,-1,1.0000,174
Black,7,gorillo,5,4,evilnom,7,gorillo,1,1183,150,1,0,150,0,Black,evilminnow,15,1,castle_destroyed,802,26.73,False,54,53,108,6,0,27,6590,5915,5,-1,1.0000,144
Black,7,gorillo,5,4,evilnom,7,gorillo,1,1183,150,1,1,150,0,Black,evilminnow,30,1,castle_destroyed,727,24.23,False,25,23,50,3,0,25,6540,5915,5,-1,1.0000,143
Blue,7,octoboi,1,0,-,0,-,0,0,150,1,0,-1,0,Blue,fishy,0,1,castle_destroyed,1184,39.47,False,0,0,0,0,0,0,1379,1379,1,-1,1.0000,568
Blue,7,octoboi,1,0,-,0,-,0,0,150,1,0,-1,0,Blue,fishy,1,1,force_destroyed,796,26.53,False,796,589,2388,251,2388,0,1379,1379,0,796,0.2647,-1
Blue,7,octoboi,1,0,-,0,-,0,0,150,1,0,-1,0,Blue,fishy,2,1,force_destroyed,3641,121.37,False,1821,1714,5463,141,5463,0,1379,1379,0,3641,0.2665,-1
Blue,7,octoboi,1,0,-,0,-,0,0,150,1,0,-1,0,Blue,fishy,3,1,force_destroyed,3951,131.70,False,1317,1240,3951,97,3951,0,1379,1379,0,3951,0.2682,-1
Blue,7,octoboi,1,0,-,0,-,0,0,150,1,0,-1,0,Blue,fishy,5,1,force_destroyed,4830,161.00,False,966,924,2898,58,2898,0,1379,1379,0,4830,0.2700,-1
Blue,7,octoboi,1,0,-,0,-,0,0,150,1,0,-1,0,Blue,fishy,10,1,force_destroyed,5767,192.23,False,577,556,1731,27,1731,0,1379,1379,0,5767,0.2806,-1
Blue,7,octoboi,1,0,-,0,-,0,0,150,1,0,-1,0,Blue,fishy,15,1,force_destroyed,7686,256.20,False,513,502,1539,17,1539,0,1379,1379,0,7686,0.2965,-1
Blue,7,octoboi,1,0,-,0,-,0,0,150,1,0,-1,0,Blue,fishy,30,1,force_destroyed,17092,569.73,False,570,568,1710,8,1710,0,1379,1379,0,17092,1.0000,-1
Blue,7,octoboi,1,0,-,7,octoboi,1,1379,150,1,0,150,0,Blue,fishy,0,1,force_destroyed,956,31.87,False,0,0,0,1,1379,0,1379,1379,0,956,0.6625,-1
Blue,7,octoboi,1,0,-,7,octoboi,1,1379,150,1,1,150,0,Blue,fishy,1,1,force_destroyed,676,22.53,False,676,439,2028,247,3407,0,1379,1379,0,676,0.2647,-1
Blue,7,octoboi,1,0,-,7,octoboi,1,1379,150,1,1,150,0,Blue,fishy,2,1,force_destroyed,1675,55.83,False,838,732,2514,200,3893,0,1379,1379,0,1675,0.2665,-1
Blue,7,octoboi,1,0,-,7,octoboi,1,1379,150,1,1,150,0,Blue,fishy,3,1,force_destroyed,1315,43.83,False,439,363,1317,98,2696,0,1379,1379,0,1315,0.2682,-1
Blue,7,octoboi,1,0,-,7,octoboi,1,1379,150,1,0,150,0,Blue,fishy,5,1,force_destroyed,2541,84.70,False,509,464,1527,72,2906,0,1379,1379,0,2541,0.2700,-1
Blue,7,octoboi,1,0,-,7,octoboi,1,1379,150,1,1,150,0,Blue,fishy,10,1,force_destroyed,1299,43.30,False,130,107,390,43,1769,0,1379,1379,0,1299,0.2806,-1
Blue,7,octoboi,1,0,-,7,octoboi,1,1379,150,1,1,150,0,Blue,fishy,15,1,force_destroyed,1339,44.63,False,90,74,270,29,1649,0,1379,1379,0,1339,0.2965,-1
Blue,7,octoboi,1,0,-,7,octoboi,1,1379,150,1,1,150,0,Blue,fishy,30,1,force_destroyed,1323,44.10,False,45,37,135,14,1514,0,1379,1379,0,1323,0.3688,-1
Blue,7,octoboi,1,4,eel,0,-,0,0,150,1,0,-1,0,Blue,fishy,0,1,castle_destroyed,722,24.07,False,0,0,0,0,0,25,1954,1379,1,-1,1.0000,123
Blue,7,octoboi,1,4,eel,0,-,0,0,150,1,0,-1,0,Blue,fishy,1,1,force_destroyed,4470,149.00,False,4470,4281,13410,197,13356,149,4806,1379,0,4452,0.4894,-1
Blue,7,octoboi,1,4,eel,0,-,0,0,150,1,0,-1,0,Blue,fishy,2,1,castle_destroyed,4786,159.53,False,2393,2387,7179,42,0,160,5059,1379,1,-1,1.0000,796
Blue,7,octoboi,1,4,eel,0,-,0,0,150,1,0,-1,0,Blue,fishy,3,1,castle_destroyed,2250,75.00,False,750,746,2250,28,0,75,3104,1379,1,-1,1.0000,483
Blue,7,octoboi,1,4,eel,0,-,0,0,150,1,0,-1,0,Blue,fishy,5,1,castle_destroyed,1184,39.47,False,237,235,711,17,0,40,2299,1379,1,-1,1.0000,280
Blue,7,octoboi,1,4,eel,0,-,0,0,150,1,0,-1,0,Blue,fishy,10,1,castle_destroyed,878,29.27,False,88,87,264,8,0,30,2069,1379,1,-1,1.0000,168
Blue,7,octoboi,1,4,eel,0,-,0,0,150,1,0,-1,0,Blue,fishy,15,1,castle_destroyed,874,29.13,False,59,58,177,6,0,30,2069,1379,1,-1,1.0000,143
Blue,7,octoboi,1,4,eel,0,-,0,0,150,1,0,-1,0,Blue,fishy,30,1,castle_destroyed,731,24.37,False,25,24,75,3,0,25,1954,1379,1,-1,1.0000,128
Blue,7,octoboi,1,4,eel,7,octoboi,1,1379,150,1,0,150,0,Blue,fishy,0,1,castle_destroyed,1513,50.43,False,0,0,0,1,0,51,2552,1379,1,-1,1.0000,123
Blue,7,octoboi,1,4,eel,7,octoboi,1,1379,150,1,1,150,0,Blue,fishy,1,1,force_destroyed,1227,40.90,False,1227,1080,3681,149,4973,40,2299,1379,0,1198,0.4894,-1
Blue,7,octoboi,1,4,eel,7,octoboi,1,1379,150,1,0,150,0,Blue,fishy,2,1,castle_destroyed,5266,175.53,False,2633,2627,7899,42,0,176,5427,1379,1,-1,1.0000,1426
Blue,7,octoboi,1,4,eel,7,octoboi,1,1379,150,1,1,150,0,Blue,fishy,3,1,force_destroyed,1235,41.17,False,412,382,1236,38,2525,39,2276,1379,0,1146,0.7588,-1
Blue,7,octoboi,1,4,eel,7,octoboi,1,1379,150,1,1,150,0,Blue,fishy,5,1,force_destroyed,1631,54.37,False,327,315,981,25,2267,50,2529,1379,0,1477,0.8676,-1
Blue,7,octoboi,1,4,eel,7,octoboi,1,1379,150,1,0,150,0,Blue,fishy,10,1,castle_destroyed,1678,55.93,False,168,167,504,8,0,56,2667,1379,1,-1,1.0000,168
Blue,7,octoboi,1,4,eel,7,octoboi,1,1379,150,1,1,150,0,Blue,fishy,15,1,force_destroyed,1527,50.90,False,102,99,306,8,1652,46,2437,1379,0,1361,0.9929,143
Blue,7,octoboi,1,4,eel,7,octoboi,1,1379,150,1,0,150,0,Blue,fishy,30,1,castle_destroyed,1528,50.93,False,51,51,153,3,0,51,2552,1379,1,-1,1.0000,128
Blue,7,octoboi,3,0,-,0,-,0,0,150,1,0,-1,0,Blue,fishy,0,1,castle_destroyed,782,26.07,False,0,0,0,0,0,0,4137,4137,3,-1,1.0000,568
Blue,7,octoboi,3,0,-,0,-,0,0,150,1,0,-1,0,Blue,fishy,1,1,force_destroyed,2091,69.70,False,2091,1902,6273,277,6273,0,4137,4137,0,2091,0.2647,-1
Blue,7,octoboi,3,0,-,0,-,0,0,150,1,0,-1,0,Blue,fishy,2,1,force_destroyed,4062,135.40,False,2031,1921,6093,144,6093,0,4137,4137,0,4062,0.2665,-1
Blue,7,octoboi,3,0,-,0,-,0,0,150,1,0,-1,0,Blue,fishy,3,1,force_destroyed,4316,143.87,False,1439,1367,4317,97,4317,0,4137,4137,0,4316,0.2682,-1
Blue,7,octoboi,3,0,-,0,-,0,0,150,1,0,-1,0,Blue,fishy,5,1,force_destroyed,4469,148.97,False,894,846,2682,61,2682,0,4137,4137,0,4469,0.3212,-1
Blue,7,octoboi,3,0,-,0,-,0,0,150,1,0,-1,0,Blue,fishy,10,1,castle_destroyed,5189,172.97,False,519,518,1557,20,0,0,4137,4137,3,-1,1.0000,4451
Blue,7,octoboi,3,0,-,0,-,0,0,150,1,0,-1,0,Blue,fishy,15,1,force_destroyed,11907,396.90,False,794,789,2382,13,2382,0,4137,4137,0,11907,1.0000,7627
Blue,7,octoboi,3,0,-,0,-,0,0,150,1,0,-1,0,Blue,fishy,30,1,castle_destroyed,2022,67.40,False,68,67,204,6,0,0,4137,4137,3,-1,1.0000,1177
Blue,7,octoboi,3,0,-,7,octoboi,1,1379,150,1,0,150,0,Blue,fishy,0,1,castle_destroyed,1033,34.43,False,0,0,0,1,0,0,4137,4137,3,-1,1.0000,790
Blue,7,octoboi,3,0,-,7,octoboi,1,1379,150,1,1,150,0,Blue,fishy,1,1,force_destroyed,1136,37.87,False,1136,892,3408,255,4787,0,4137,4137,0,1136,0.2647,-1
Blue,7,octoboi,3,0,-,7,octoboi,1,1379,150,1,0,150,0,Blue,fishy,2,1,force_destroyed,1956,65.20,False,978,867,2934,140,4313,0,4137,4137,0,1956,0.2665,-1
Blue,7,octoboi,3,0,-,7,octoboi,1,1379,150,1,0,150,0,Blue,fishy,3,1,force_destroyed,2180,72.67,False,727,654,2181,95,3560,0,4137,4137,0,2180,0.2682,-1
Blue,7,octoboi,3,0,-,7,octoboi,1,1379,150,1,0,150,0,Blue,fishy,5,1,force_destroyed,3175,105.83,False,635,592,1905,60,3284,0,4137,4137,0,3175,0.2941,-1
Blue,7,octoboi,3,0,-,7,octoboi,1,1379,150,1,0,150,0,Blue,fishy,10,1,force_destroyed,2341,78.03,False,235,214,705,32,2084,0,4137,4137,0,2341,0.3847,-1
Blue,7,octoboi,3,0,-,7,octoboi,1,1379,150,1,0,150,0,Blue,fishy,15,1,force_destroyed,4759,158.63,False,318,301,954,20,2333,0,4137,4137,0,4759,0.4176,-1
Blue,7,octoboi,3,0,-,7,octoboi,1,1379,150,1,1,150,0,Blue,fishy,30,1,force_destroyed,1276,42.53,False,43,34,129,11,1508,0,4137,4137,0,1276,0.4959,-1
Blue,7,octoboi,3,4,eel,0,-,0,0,150,1,0,-1,0,Blue,fishy,0,1,castle_destroyed,661,22.03,False,0,0,0,0,0,23,4666,4137,3,-1,1.0000,123
Blue,7,octoboi,3,4,eel,0,-,0,0,150,1,0,-1,0,Blue,fishy,1,1,force_destroyed,5716,190.53,False,5716,5600,17148,122,16929,189,8484,4137,0,5643,0.4894,-1
Blue,7,octoboi,3,4,eel,0,-,0,0,150,1,0,-1,0,Blue,fishy,2,1,castle_destroyed,1966,65.53,False,983,977,2949,42,0,66,5655,4137,3,-1,1.0000,752
Blue,7,octoboi,3,4,eel,0,-,0,0,150,1,0,-1,0,Blue,fishy,3,1,castle_destroyed,1239,41.30,False,413,409,1239,28,0,42,5103,4137,3,-1,1.0000,483
Blue,7,octoboi,3,4,eel,0,-,0,0,150,1,0,-1,0,Blue,fishy,5,1,castle_destroyed,829,27.63,False,166,164,498,17,0,28,4781,4137,3,-1,1.0000,280
Blue,7,octoboi,3,4,eel,0,-,0,0,150,1,0,-1,0,Blue,fishy,10,1,castle_destroyed,712,23.73,False,72,70,216,8,0,24,4689,4137,3,-1,1.0000,168
Blue,7,octoboi,3,4,eel,0,-,0,0,150,1,0,-1,0,Blue,fishy,15,1,castle_destroyed,752,25.07,False,51,50,153,6,0,26,4735,4137,3,-1,1.0000,143
Blue,7,octoboi,3,4,eel,0,-,0,0,150,1,0,-1,0,Blue,fishy,30,1,castle_destroyed,672,22.40,False,23,22,69,3,0,23,4666,4137,3,-1,1.0000,128
Blue,7,octoboi,3,4,eel,7,octoboi,1,1379,150,1,0,150,0,Blue,fishy,0,1,castle_destroyed,1137,37.90,False,0,0,0,1,0,38,5011,4137,3,-1,1.0000,123
Blue,7,octoboi,3,4,eel,7,octoboi,1,1379,150,1,0,150,0,Blue,fishy,1,1,force_destroyed,2538,84.60,False,2538,2377,7614,167,8879,84,6069,4137,0,2500,0.4894,-1
Blue,7,octoboi,3,4,eel,7,octoboi,1,1379,150,1,0,150,0,Blue,fishy,2,1,castle_destroyed,2896,96.53,False,1448,1442,4344,42,0,97,6368,4137,3,-1,1.0000,1540
Blue,7,octoboi,3,4,eel,7,octoboi,1,1379,150,1,0,150,0,Blue,fishy,3,1,castle_destroyed,2202,73.40,False,734,730,2202,28,0,74,5839,4137,3,-1,1.0000,984
Blue,7,octoboi,3,4,eel,7,octoboi,1,1379,150,1,0,150,0,Blue,fishy,5,1,castle_destroyed,1114,37.13,False,223,221,669,22,0,38,5011,4137,3,-1,1.0000,846
Blue,7,octoboi,3,4,eel,7,octoboi,1,1379,150,1,1,150,0,Blue,fishy,10,1,force_destroyed,1511,50.37,False,152,145,456,12,1787,46,5195,4137,0,1357,1.0000,168
Blue,7,octoboi,3,4,eel,7,octoboi,1,1379,150,1,0,150,0,Blue,fishy,15,1,castle_destroyed,1140,38.00,False,76,76,228,6,0,38,5011,4137,3,-1,1.0000,143
Blue,7,octoboi,3,4,eel,7,octoboi,1,1379,150,1,0,150,0,Blue,fishy,30,1,castle_destroyed,1064,35.47,False,36,36,108,3,0,36,4965,4137,3,-1,1.0000,128
Blue,7,octoboi,5,0,-,0,-,0,0,150,1,0,-1,0,Blue,fishy,0,1,castle_destroyed,722,24.07,False,0,0,0,0,0,0,6895,6895,5,-1,1.0000,568
Blue,7,octoboi,5,0,-,0,-,0,0,150,1,0,-1,0,Blue,fishy,1,1,force_destroyed,2769,92.30,False,2769,2513,8307,258,8307,0,6895,6895,0,2769,0.2647,-1
Blue,7,octoboi,5,0,-,0,-,0,0,150,1,0,-1,0,Blue,fishy,2,1,force_destroyed,3690,123.00,False,1845,1733,5535,143,5535,0,6895,6895,0,3690,0.2665,-1
Blue,7,octoboi,5,0,-,0,-,0,0,150,1,0,-1,0,Blue,fishy,3,1,force_destroyed,4560,152.00,False,1520,1457,4560,99,4560,0,6895,6895,0,4560,0.2894,-1
Blue,7,octoboi,5,0,-,0,-,0,0,150,1,0,-1,0,Blue,fishy,5,1,force_destroyed,4233,141.10,False,847,803,2541,50,2541,0,6895,6895,0,4233,0.5647,-1
Blue,7,octoboi,5,0,-,0,-,0,0,150,1,0,-1,0,Blue,fishy,10,1,force_destroyed,11029,367.63,False,1103,1096,3309,20,3309,0,6895,6895,0,11029,1.0000,4806
Blue,7,octoboi,5,0,-,0,-,0,0,150,1,0,-1,0,Blue,fishy,15,1,castle_destroyed,1854,61.80,False,124,123,372,13,0,0,6895,6895,5,-1,1.0000,1315
Blue,7,octoboi,5,0,-,0,-,0,0,150,1,0,-1,0,Blue,fishy,30,1,castle_destroyed,919,30.63,False,31,31,93,6,0,0,6895,6895,5,-1,1.0000,682
Blue,7,octoboi,5,0,-,7,octoboi,1,1379,150,1,0,150,0,Blue,fishy,0,1,castle_destroyed,917,30.57,False,0,0,0,1,0,0,6895,6895,5,-1,1.0000,658
Blue,7,octoboi,5,0,-,7,octoboi,1,1379,150,1,0,150,0,Blue,fishy,1,1,force_destroyed,1061,35.37,False,1061,863,3183,255,4562,0,6895,6895,0,1061,0.2647,-1
Blue,7,octoboi,5,0,-,7,octoboi,1,1379,150,1,0,150,0,Blue,fishy,2,1,force_destroyed,2580,86.00,False,1290,1177,3870,143,5249,0,6895,6895,0,2580,0.2665,-1
Blue,7,octoboi,5,0,-,7,octoboi,1,1379,150,1,0,150,0,Blue,fishy,3,1,force_destroyed,2914,97.13,False,972,909,2916,129,4295,0,6895,6895,0,2914,0.2894,-1
Blue,7,octoboi,5,0,-,7,octoboi,1,1379,150,1,0,150,0,Blue,fishy,5,1,force_destroyed,3582,119.40,False,717,670,2151,59,3530,0,6895,6895,0,3582,0.3300,-1
Blue,7,octoboi,5,0,-,7,octoboi,1,1379,150,1,0,150,0,Blue,fishy,10,1,force_destroyed,3626,120.87,False,363,340,1089,32,2468,0,6895,6895,0,3626,0.3476,-1
Blue,7,octoboi,5,0,-,7,octoboi,1,1379,150,1,1,150,0,Blue,fishy,15,1,force_destroyed,1032,34.40,False,69,54,207,17,1586,0,6895,6895,0,1032,0.4729,-1
Blue,7,octoboi,5,0,-,7,octoboi,1,1379,150,1,1,150,0,Blue,fishy,30,1,force_destroyed,1056,35.20,False,36,27,108,9,1487,0,6895,6895,0,1056,0.6212,-1
Blue,7,octoboi,5,4,eel,0,-,0,0,150,1,0,-1,0,Blue,fishy,0,1,castle_destroyed,658,21.93,False,0,0,0,0,0,22,7401,6895,5,-1,1.0000,123
Blue,7,octoboi,5,4,eel,0,-,0,0,150,1,0,-1,0,Blue,fishy,1,1,force_destroyed,5648,188.27,False,5648,5518,16944,136,16770,187,11196,6895,0,5590,0.4894,-1
Blue,7,octoboi,5,4,eel,0,-,0,0,150,1,0,-1,0,Blue,fishy,2,1,castle_destroyed,1516,50.53,False,758,752,2274,42,0,51,8068,6895,5,-1,1.0000,752
Blue,7,octoboi,5,4,eel,0,-,0,0,150,1,0,-1,0,Blue,fishy,3,1,castle_destroyed,1080,36.00,False,360,356,1080,28,0,36,7723,6895,5,-1,1.0000,483
Blue,7,octoboi,5,4,eel,0,-,0,0,150,1,0,-1,0,Blue,fishy,5,1,castle_destroyed,782,26.07,False,157,154,471,17,0,27,7516,6895,5,-1,1.0000,280
Blue,7,octoboi,5,4,eel,0,-,0,0,150,1,0,-1,0,Blue,fishy,10,1,castle_destroyed,688,22.93,False,69,68,207,8,0,23,7424,6895,5,-1,1.0000,168
Blue,7,octoboi,5,4,eel,0,-,0,0,150,1,0,-1,0,Blue,fishy,15,1,castle_destroyed,735,24.50,False,49,49,147,6,0,25,7470,6895,5,-1,1.0000,143
Blue,7,octoboi,5,4,eel,0,-,0,0,150,1,0,-1,0,Blue,fishy,30,1,castle_destroyed,658,21.93,False,22,22,66,3,0,22,7401,6895,5,-1,1.0000,128
Blue,7,octoboi,5,4,eel,7,octoboi,1,1379,150,1,1,150,0,Blue,fishy,0,1,castle_destroyed,866,28.87,False,0,-1,0,1,0,29,7562,6895,5,-1,1.0000,123
Blue,7,octoboi,5,4,eel,7,octoboi,1,1379,150,1,0,150,0,Blue,fishy,1,1,force_destroyed,3004,100.13,False,3004,2868,9012,143,10241,99,9172,6895,0,2954,0.4894,-1
Blue,7,octoboi,5,4,eel,7,octoboi,1,1379,150,1,0,150,0,Blue,fishy,2,1,castle_destroyed,1906,63.53,False,953,947,2859,42,0,64,8367,6895,5,-1,1.0000,1088
Blue,7,octoboi,5,4,eel,7,octoboi,1,1379,150,1,0,150,0,Blue,fishy,3,1,castle_destroyed,1782,59.40,False,594,590,1782,28,0,60,8275,6895,5,-1,1.0000,984
Blue,7,octoboi,5,4,eel,7,octoboi,1,1379,150,1,0,150,0,Blue,fishy,5,1,castle_destroyed,897,29.90,False,180,177,540,17,0,30,7585,6895,5,-1,1.0000,691
Blue,7,octoboi,5,4,eel,7,octoboi,1,1379,150,1,1,150,0,Blue,fishy,10,1,castle_destroyed,856,28.53,False,86,84,258,8,0,29,7562,6895,5,-1,1.0000,168
Blue,7,octoboi,5,4,eel,7,octoboi,1,1379,150,1,0,150,0,Blue,fishy,15,1,castle_destroyed,1305,43.50,False,87,87,261,7,0,44,7907,6895,5,-1,1.0000,143
Blue,7,octoboi,5,4,eel,7,octoboi,1,1379,150,1,0,150,0,Blue,fishy,30,1,castle_destroyed,1215,40.50,False,41,41,123,3,0,41,7838,6895,5,-1,1.0000,128
Green,7,nom,1,0,-,0,-,0,0,150,1,0,-1,0,Green,minisnecko,0,1,castle_destroyed,332,11.07,False,0,0,0,0,0,0,707,707,1,-1,1.0000,156
Green,7,nom,1,0,-,0,-,0,0,150,1,0,-1,0,Green,minisnecko,1,1,force_destroyed,401,13.37,False,401,280,401,130,401,0,707,707,0,401,0.5082,-1
Green,7,nom,1,0,-,0,-,0,0,150,1,0,-1,0,Green,minisnecko,2,1,force_destroyed,762,25.40,False,381,332,381,63,381,0,707,707,0,762,0.5082,-1
Green,7,nom,1,0,-,0,-,0,0,150,1,0,-1,0,Green,minisnecko,3,1,force_destroyed,1190,39.67,False,397,371,397,39,397,0,707,707,0,1190,0.6112,-1
Green,7,nom,1,0,-,0,-,0,0,150,1,0,-1,0,Green,minisnecko,5,1,force_destroyed,1777,59.23,False,356,347,356,22,356,0,707,707,0,1777,1.0000,-1
Green,7,nom,1,0,-,0,-,0,0,150,1,0,-1,0,Green,minisnecko,10,1,force_destroyed,4110,137.00,False,411,409,411,9,411,0,707,707,0,4110,1.0000,-1
Green,7,nom,1,0,-,0,-,0,0,150,1,0,-1,0,Green,minisnecko,15,1,force_destroyed,5710,190.33,False,381,380,381,6,381,0,707,707,0,5710,1.0000,-1
Green,7,nom,1,0,-,0,-,0,0,150,1,0,-1,0,Green,minisnecko,30,1,castle_destroyed,545,18.17,False,19,18,19,3,0,0,707,707,1,-1,1.0000,177
Green,7,nom,1,0,-,7,nom,1,707,150,1,1,150,0,Green,minisnecko,0,1,force_destroyed,161,5.37,False,0,-1,0,1,707,0,707,707,0,161,1.0000,156
Green,7,nom,1,0,-,7,nom,1,707,150,1,1,150,0,Green,minisnecko,1,1,force_destroyed,248,8.27,False,248,145,248,127,955,0,707,707,0,248,0.5082,-1
Green,7,nom,1,0,-,7,nom,1,707,150,1,1,150,0,Green,minisnecko,2,1,force_destroyed,239,7.97,False,120,76,120,61,827,0,707,707,0,239,0.5082,-1
Green,7,nom,1,0,-,7,nom,1,707,150,1,1,150,0,Green,minisnecko,3,1,force_destroyed,234,7.80,False,78,51,78,40,785,0,707,707,0,234,0.5276,-1
Green,7,nom,1,0,-,7,nom,1,707,150,1,1,150,0,Green,minisnecko,5,1,force_destroyed,228,7.60,False,46,27,46,19,753,0,707,707,0,228,0.5782,-1
Green,7,nom,1,0,-,7,nom,1,707,150,1,1,150,0,Green,minisnecko,10,1,force_destroyed,202,6.73,False,21,14,21,9,728,0,707,707,0,202,0.7341,-1
Green,7,nom,1,0,-,7,nom,1,707,150,1,1,150,0,Green,minisnecko,15,1,force_destroyed,212,7.07,False,15,10,15,6,722,0,707,707,0,212,0.6706,-1
Green,7,nom,1,0,-,7,nom,1,707,150,1,0,150,0,Green,minisnecko,30,1,force_destroyed,161,5.37,False,6,6,6,3,713,0,707,707,0,161,0.9953,-1
Green,7,nom,1,4,snecko,0,-,0,0,150,1,0,-1,0,Green,minisnecko,0,1,castle_destroyed,326,10.87,False,0,0,0,0,0,11,938,707,1,-1,1.0000,156
Green,7,nom,1,4,snecko,0,-,0,0,150,1,0,-1,0,Green,minisnecko,1,1,force_destroyed,1200,40.00,False,1200,1117,1200,84,1104,37,1484,707,0,1104,0.5082,-1
Green,7,nom,1,4,snecko,0,-,0,0,150,1,0,-1,0,Green,minisnecko,2,1,castle_destroyed,1325,44.17,False,663,658,663,42,0,45,1652,707,1,-1,1.0000,727
Green,7,nom,1,4,snecko,0,-,0,0,150,1,0,-1,0,Green,minisnecko,3,1,castle_destroyed,875,29.17,False,292,289,292,28,0,30,1337,707,1,-1,1.0000,426
Green,7,nom,1,4,snecko,0,-,0,0,150,1,0,-1,0,Green,minisnecko,5,1,castle_destroyed,517,17.23,False,104,102,104,17,0,18,1085,707,1,-1,1.0000,251
Green,7,nom,1,4,snecko,0,-,0,0,150,1,0,-1,0,Green,minisnecko,10,1,castle_destroyed,355,11.83,False,36,35,36,8,0,12,959,707,1,-1,1.0000,187
Green,7,nom,1,4,snecko,0,-,0,0,150,1,0,-1,0,Green,minisnecko,15,1,castle_destroyed,357,11.90,False,24,24,24,6,0,12,959,707,1,-1,1.0000,172
Green,7,nom,1,4,snecko,0,-,0,0,150,1,0,-1,0,Green,minisnecko,30,1,castle_destroyed,353,11.77,False,12,12,12,3,0,12,959,707,1,-1,1.0000,168
Green,7,nom,1,4,snecko,7,nom,1,707,150,1,1,150,0,Green,minisnecko,0,1,force_destroyed,241,8.03,False,0,-1,0,1,707,6,833,707,0,161,1.0000,156
Green,7,nom,1,4,snecko,7,nom,1,707,150,1,1,150,0,Green,minisnecko,1,1,force_destroyed,269,8.97,False,269,165,269,105,944,8,875,707,0,237,0.5082,-1
Green,7,nom,1,4,snecko,7,nom,1,707,150,1,1,150,0,Green,minisnecko,2,1,force_destroyed,271,9.03,False,136,84,136,52,819,8,875,707,0,223,0.5994,-1
Green,7,nom,1,4,snecko,7,nom,1,707,150,1,0,150,0,Green,minisnecko,3,1,castle_destroyed,788,26.27,False,263,260,263,28,0,27,1274,707,1,-1,1.0000,431
Green,7,nom,1,4,snecko,7,nom,1,707,150,1,1,150,0,Green,minisnecko,5,1,force_destroyed,259,8.63,False,52,35,52,18,746,7,854,707,0,195,0.7806,-1
Green,7,nom,1,4,snecko,7,nom,1,707,150,1,1,150,0,Green,minisnecko,10,1,force_destroyed,253,8.43,False,26,19,26,8,725,6,833,707,0,173,0.9229,-1
Green,7,nom,1,4,snecko,7,nom,1,707,150,1,1,150,0,Green,minisnecko,15,1,force_destroyed,246,8.20,False,17,12,17,6,719,6,833,707,0,166,0.9671,-1
Green,7,nom,1,4,snecko,7,nom,1,707,150,1,0,150,0,Green,minisnecko,30,1,force_destroyed,1510,50.33,False,51,51,51,3,713,6,833,707,0,161,0.9953,186
Green,7,nom,3,0,-,0,-,0,0,150,1,0,-1,0,Green,minisnecko,0,1,castle_destroyed,236,7.87,False,0,0,0,0,0,0,2121,2121,3,-1,1.0000,156
Green,7,nom,3,0,-,0,-,0,0,150,1,0,-1,0,Green,minisnecko,1,1,force_destroyed,942,31.40,False,942,831,942,111,942,0,2121,2121,0,942,0.5082,-1
Green,7,nom,3,0,-,0,-,0,0,150,1,0,-1,0,Green,minisnecko,2,1,force_destroyed,1554,51.80,False,777,736,777,47,777,0,2121,2121,0,1554,0.6565,-1
Green,7,nom,3,0,-,0,-,0,0,150,1,0,-1,0,Green,minisnecko,3,1,castle_destroyed,2088,69.60,False,696,693,696,31,0,0,2121,2121,3,-1,1.0000,978
Green,7,nom,3,0,-,0,-,0,0,150,1,0,-1,0,Green,minisnecko,5,1,castle_destroyed,659,21.97,False,132,130,132,19,0,0,2121,2121,3,-1,1.0000,547
Green,7,nom,3,0,-,0,-,0,0,150,1,0,-1,0,Green,minisnecko,10,1,castle_destroyed,364,12.13,False,37,36,37,9,0,0,2121,2121,3,-1,1.0000,236
Green,7,nom,3,0,-,0,-,0,0,150,1,0,-1,0,Green,minisnecko,15,1,castle_destroyed,300,10.00,False,20,20,20,6,0,0,2121,2121,3,-1,1.0000,204
Green,7,nom,3,0,-,0,-,0,0,150,1,0,-1,0,Green,minisnecko,30,1,castle_destroyed,264,8.80,False,9,9,9,3,0,0,2121,2121,3,-1,1.0000,177
Green,7,nom,3,0,-,7,nom,1,707,150,1,0,150,0,Green,minisnecko,0,1,castle_destroyed,280,9.33,False,0,0,0,1,0,0,2121,2121,2,-1,1.0000,156
Green,7,nom,3,0,-,7,nom,1,707,150,1,0,150,0,Green,minisnecko,1,1,force_destroyed,510,17.00,False,510,417,510,130,1217,0,2121,2121,0,510,0.5082,-1
Green,7,nom,3,0,-,7,nom,1,707,150,1,0,150,0,Green,minisnecko,2,1,force_destroyed,895,29.83,False,448,396,448,64,1155,0,2121,2121,0,895,0.5082,-1
Green,7,nom,3,0,-,7,nom,1,707,150,1,0,150,0,Green,minisnecko,3,1,force_destroyed,240,8.00,False,80,57,80,31,787,0,2121,2121,0,240,0.5924,-1
Green,7,nom,3,0,-,7,nom,1,707,150,1,1,150,0,Green,minisnecko,5,1,force_destroyed,242,8.07,False,49,30,49,19,756,0,2121,2121,0,242,0.5782,-1
Green,7,nom,3,0,-,7,nom,1,707,150,1,1,150,0,Green,minisnecko,10,1,force_destroyed,192,6.40,False,20,15,20,9,727,0,2121,2121,0,192,0.7971,-1
Green,7,nom,3,0,-,7,nom,1,707,150,1,0,150,0,Green,minisnecko,15,1,force_destroyed,5965,198.83,False,398,397,398,6,1105,0,2121,2121,0,5965,1.0000,-1
Green,7,nom,3,0,-,7,nom,1,707,150,1,0,150,0,Green,minisnecko,30,1,castle_destroyed,328,10.93,False,11,11,11,3,0,0,2121,2121,2,-1,1.0000,186
Green,7,nom,3,4,snecko,0,-,0,0,150,1,0,-1,0,Green,minisnecko,0,1,castle_destroyed,236,7.87,False,0,0,0,0,0,8,2289,2121,3,-1,1.0000,156
Green,7,nom,3,4,snecko,0,-,0,0,150,1,0,-1,0,Green,minisnecko,1,1,force_destroyed,1260,42.00,False,1260,1177,1260,84,1156,39,2940,2121,0,1156,0.5082,-1
Green,7,nom,3,4,snecko,0,-,0,0,150,1,0,-1,0,Green,minisnecko,2,1,castle_destroyed,877,29.23,False,439,434,439,42,0,30,2751,2121,3,-1,1.0000,755
Green,7,nom,3,4,snecko,0,-,0,0,150,1,0,-1,0,Green,minisnecko,3,1,castle_destroyed,513,17.10,False,171,168,171,28,0,18,2499,2121,3,-1,1.0000,345
Green,7,nom,3,4,snecko,0,-,0,0,150,1,0,-1,0,Green,minisnecko,5,1,castle_destroyed,394,13.13,False,79,77,79,17,0,14,2415,2121,3,-1,1.0000,318
Green,7,nom,3,4,snecko,0,-,0,0,150,1,0,-1,0,Green,minisnecko,10,1,castle_destroyed,251,8.37,False,26,25,26,8,0,9,2310,2121,3,-1,1.0000,187
Green,7,nom,3,4,snecko,0,-,0,0,150,1,0,-1,0,Green,minisnecko,15,1,castle_destroyed,248,8.27,False,17,16,17,6,0,9,2310,2121,3,-1,1.0000,172
Green,7,nom,3,4,snecko,0,-,0,0,150,1,0,-1,0,Green,minisnecko,30,1,castle_destroyed,257,8.57,False,9,9,9,3,0,9,2310,2121,3,-1,1.0000,168
Green,7,nom,3,4,snecko,7,nom,1,707,150,1,0,150,0,Green,minisnecko,0,1,castle_destroyed,280,9.33,False,0,0,0,1,0,10,2331,2121,2,-1,1.0000,156
Green,7,nom,3,4,snecko,7,nom,1,707,150,1,1,150,0,Green,minisnecko,1,1,force_destroyed,269,8.97,False,269,165,269,105,944,8,2289,2121,0,237,0.5082,-1
Green,7,nom,3,4,snecko,7,nom,1,707,150,1,0,150,0,Green,minisnecko,2,1,castle_destroyed,1355,45.17,False,678,673,678,42,0,46,3087,2121,1,-1,1.0000,787
Green,7,nom,3,4,snecko,7,nom,1,707,150,1,0,150,0,Green,minisnecko,3,1,castle_destroyed,804,26.80,False,268,265,268,28,0,27,2688,2121,1,-1,1.0000,450
Green,7,nom,3,4,snecko,7,nom,1,707,150,1,1,150,0,Green,minisnecko,5,1,force_destroyed,262,8.73,False,53,36,53,17,747,7,2268,2121,0,198,0.7612,-1
Green,7,nom,3,4,snecko,7,nom,1,707,150,1,0,150,0,Green,minisnecko,10,1,castle_destroyed,312,10.40,False,32,31,32,8,0,11,2352,2121,2,-1,1.0000,197
Green,7,nom,3,4,snecko,7,nom,1,707,150,1,0,150,0,Green,minisnecko,15,1,castle_destroyed,318,10.60,False,22,21,22,6,0,11,2352,2121,2,-1,1.0000,189
Green,7,nom,3,4,snecko,7,nom,1,707,150,1,0,150,0,Green,minisnecko,30,1,castle_destroyed,298,9.93,False,10,10,10,3,0,10,2331,2121,2,-1,1.0000,186
Green,7,nom,5,0,-,0,-,0,0,150,1,0,-1,0,Green,minisnecko,0,1,castle_destroyed,236,7.87,False,0,0,0,0,0,0,3535,3535,5,-1,1.0000,156
Green,7,nom,5,0,-,0,-,0,0,150,1,0,-1,0,Green,minisnecko,1,1,force_destroyed,1035,34.50,False,1035,930,1035,105,1035,0,3535,3535,0,1035,0.5082,-1
Green,7,nom,5,0,-,0,-,0,0,150,1,0,-1,0,Green,minisnecko,2,1,castle_destroyed,1711,57.03,False,856,851,856,47,0,0,3535,3535,5,-1,1.0000,1397
Green,7,nom,5,0,-,0,-,0,0,150,1,0,-1,0,Green,minisnecko,3,1,castle_destroyed,1008,33.60,False,336,333,336,31,0,0,3535,3535,5,-1,1.0000,801
Green,7,nom,5,0,-,0,-,0,0,150,1,0,-1,0,Green,minisnecko,5,1,castle_destroyed,584,19.47,False,117,115,117,19,0,0,3535,3535,5,-1,1.0000,469
Green,7,nom,5,0,-,0,-,0,0,150,1,0,-1,0,Green,minisnecko,10,1,castle_destroyed,296,9.87,False,30,29,30,9,0,0,3535,3535,5,-1,1.0000,236
Green,7,nom,5,0,-,0,-,0,0,150,1,0,-1,0,Green,minisnecko,15,1,castle_destroyed,276,9.20,False,19,18,19,6,0,0,3535,3535,5,-1,1.0000,204
Green,7,nom,5,0,-,0,-,0,0,150,1,0,-1,0,Green,minisnecko,30,1,castle_destroyed,257,8.57,False,9,9,9,3,0,0,3535,3535,5,-1,1.0000,177
Green,7,nom,5,0,-,7,nom,1,707,150,1,0,150,0,Green,minisnecko,0,1,castle_destroyed,264,8.80,False,0,0,0,1,0,0,3535,3535,4,-1,1.0000,156
Green,7,nom,5,0,-,7,nom,1,707,150,1,0,150,0,Green,minisnecko,1,1,force_destroyed,548,18.27,False,548,443,548,130,1255,0,3535,3535,0,548,0.5082,-1
Green,7,nom,5,0,-,7,nom,1,707,150,1,1,150,0,Green,minisnecko,2,1,force_destroyed,253,8.43,False,127,77,127,50,834,0,3535,3535,0,253,0.5082,-1
Green,7,nom,5,0,-,7,nom,1,707,150,1,0,150,0,Green,minisnecko,3,1,force_destroyed,1980,66.00,False,660,657,660,31,1367,0,3535,3535,0,1980,1.0000,1098
Green,7,nom,5,0,-,7,nom,1,707,150,1,0,150,0,Green,minisnecko,5,1,force_destroyed,1932,64.40,False,387,381,387,20,1094,0,3535,3535,0,1932,1.0000,-1
Green,7,nom,5,0,-,7,nom,1,707,150,1,0,150,0,Green,minisnecko,10,1,castle_destroyed,797,26.57,False,80,79,80,9,0,0,3535,3535,2,-1,1.0000,386
Green,7,nom,5,0,-,7,nom,1,707,150,1,0,150,0,Green,minisnecko,15,1,castle_destroyed,356,11.87,False,24,24,24,6,0,0,3535,3535,3,-1,1.0000,259
Green,7,nom,5,0,-,7,nom,1,707,150,1,0,150,0,Green,minisnecko,30,1,castle_destroyed,282,9.40,False,10,10,10,3,0,0,3535,3535,4,-1,1.0000,186
Green,7,nom,5,4,snecko,0,-,0,0,150,1,0,-1,0,Green,minisnecko,0,1,castle_destroyed,236,7.87,False,0,0,0,0,0,8,3703,3535,5,-1,1.0000,156
Green,7,nom,5,4,snecko,0,-,0,0,150,1,0,-1,0,Green,minisnecko,1,1,force_destroyed,1320,44.00,False,1320,1237,1320,84,1216,41,4396,3535,0,1216,0.5082,-1
Green,7,nom,5,4,snecko,0,-,0,0,150,1,0,-1,0,Green,minisnecko,2,1,castle_destroyed,769,25.63,False,385,380,385,42,0,26,4081,3535,5,-1,1.0000,657
Green,7,nom,5,4,snecko,0,-,0,0,150,1,0,-1,0,Green,minisnecko,3,1,castle_destroyed,471,15.70,False,157,154,157,28,0,16,3871,3535,5,-1,1.0000,357
Green,7,nom,5,4,snecko,0,-,0,0,150,1,0,-1,0,Green,minisnecko,5,1,castle_destroyed,356,11.87,False,72,70,72,17,0,12,3787,3535,5,-1,1.0000,297
Green,7,nom,5,4,snecko,0,-,0,0,150,1,0,-1,0,Green,minisnecko,10,1,castle_destroyed,248,8.27,False,25,24,25,8,0,9,3724,3535,5,-1,1.0000,187
Green,7,nom,5,4,snecko,0,-,0,0,150,1,0,-1,0,Green,minisnecko,15,1,castle_destroyed,246,8.20,False,17,16,17,6,0,9,3724,3535,5,-1,1.0000,172
Green,7,nom,5,4,snecko,0,-,0,0,150,1,0,-1,0,Green,minisnecko,30,1,castle_destroyed,248,8.27,False,9,8,9,3,0,9,3724,3535,5,-1,1.0000,168
Green,7,nom,5,4,snecko,7,nom,1,707,150,1,0,150,0,Green,minisnecko,0,1,castle_destroyed,264,8.80,False,0,0,0,1,0,9,3724,3535,4,-1,1.0000,156
Green,7,nom,5,4,snecko,7,nom,1,707,150,1,0,150,0,Green,minisnecko,1,1,force_destroyed,1258,41.93,False,1258,1172,1258,91,1877,39,4354,3535,0,1170,0.5082,-1
Green,7,nom,5,4,snecko,7,nom,1,707,150,1,0,150,0,Green,minisnecko,2,1,castle_destroyed,1355,45.17,False,678,673,678,42,0,46,4501,3535,1,-1,1.0000,787
Green,7,nom,5,4,snecko,7,nom,1,707,150,1,0,150,0,Green,minisnecko,3,1,castle_destroyed,546,18.20,False,182,179,182,28,0,19,3934,3535,3,-1,1.0000,396
Green,7,nom,5,4,snecko,7,nom,1,707,150,1,0,150,0,Green,minisnecko,5,1,castle_destroyed,512,17.07,False,103,101,103,17,0,18,3913,3535,2,-1,1.0000,348
Green,7,nom,5,4,snecko,7,nom,1,707,150,1,0,150,0,Green,minisnecko,10,1,castle_destroyed,278,9.27,False,28,27,28,8,0,10,3745,3535,4,-1,1.0000,197
Green,7,nom,5,4,snecko,7,nom,1,707,150,1,0,150,0,Green,minisnecko,15,1,castle_destroyed,286,9.53,False,20,19,20,6,0,10,3745,3535,4,-1,1.0000,189
Green,7,nom,5,4,snecko,7,nom,1,707,150,1,0,150,0,Green,minisnecko,30,1,castle_destroyed,276,9.20,False,10,9,10,3,0,10,3745,3535,4,-1,1.0000,186
Orange,7,tiger,1,0,-,0,-,0,0,150,1,0,-1,0,Orange,phil,0,1,castle_destroyed,888,29.60,False,0,0,0,0,0,0,1673,1673,1,-1,1.0000,426
Orange,7,tiger,1,0,-,0,-,0,0,150,1,0,-1,0,Orange,phil,1,1,force_destroyed,1498,49.93,False,1498,1289,5992,284,5992,0,1673,1673,0,1498,0.3271,-1
Orange,7,tiger,1,0,-,0,-,0,0,150,1,0,-1,0,Orange,phil,2,1,force_destroyed,1628,54.27,False,814,705,3256,145,3256,0,1673,1673,0,1628,0.3282,-1
Orange,7,tiger,1,0,-,0,-,0,0,150,1,0,-1,0,Orange,phil,3,1,force_destroyed,2116,70.53,False,706,631,2824,96,2824,0,1673,1673,0,2116,0.3294,-1
Orange,7,tiger,1,0,-,0,-,0,0,150,1,0,-1,0,Orange,phil,5,1,force_destroyed,2417,80.57,False,484,439,1936,60,1936,0,1673,1673,0,2417,0.3335,-1
Orange,7,tiger,1,0,-,0,-,0,0,150,1,0,-1,0,Orange,phil,10,1,force_destroyed,4134,137.80,False,414,396,1656,22,1656,0,1673,1673,0,4134,0.3441,-1
Orange,7,tiger,1,0,-,0,-,0,0,150,1,0,-1,0,Orange,phil,15,1,force_destroyed,6702,223.40,False,447,444,1788,14,1788,0,1673,1673,0,6702,0.9953,-1
Orange,7,tiger,1,0,-,0,-,0,0,150,1,0,-1,0,Orange,phil,30,1,force_destroyed,13795,459.83,False,460,458,1840,7,1840,0,1673,1673,0,13795,1.0000,-1
Orange,7,tiger,1,0,-,7,tiger,1,1673,150,1,0,150,0,Orange,phil,0,1,force_destroyed,1130,37.67,False,0,0,0,1,1673,0,1673,1673,0,1130,0.7061,-1
Orange,7,tiger,1,0,-,7,tiger,1,1673,150,1,1,150,0,Orange,phil,1,1,force_destroyed,822,27.40,False,822,603,3288,273,4961,0,1673,1673,0,822,0.3271,-1
Orange,7,tiger,1,0,-,7,tiger,1,1673,150,1,1,150,0,Orange,phil,2,1,force_destroyed,589,19.63,False,295,174,1180,121,2853,0,1673,1673,0,589,0.3282,-1
Orange,7,tiger,1,0,-,7,tiger,1,1673,150,1,1,150,0,Orange,phil,3,1,force_destroyed,993,33.10,False,331,259,1324,136,2997,0,1673,1673,0,993,0.3294,-1
Orange,7,tiger,1,0,-,7,tiger,1,1673,150,1,0,150,0,Orange,phil,5,1,force_destroyed,2569,85.63,False,514,474,2056,79,3729,0,1673,1673,0,2569,0.3335,-1
Orange,7,tiger,1,0,-,7,tiger,1,1673,150,1,1,150,0,Orange,phil,10,1,force_destroyed,1161,38.70,False,117,92,468,34,2141,0,1673,1673,0,1161,0.3412,-1
Orange,7,tiger,1,0,-,7,tiger,1,1673,150,1,1,150,0,Orange,phil,15,1,force_destroyed,1116,37.20,False,75,59,300,32,1973,0,1673,1673,0,1116,0.3865,-1
Orange,7,tiger,1,0,-,7,tiger,1,1673,150,1,1,150,0,Orange,phil,30,1,force_destroyed,1180,39.33,False,40,31,160,19,1833,0,1673,1673,0,1180,0.4541,-1
Orange,7,tiger,1,4,basketball,0,-,0,0,150,1,0,-1,0,Orange,phil,0,1,castle_destroyed,492,16.40,False,0,0,0,0,0,17,1928,1673,1,-1,1.0000,75
Orange,7,tiger,1,4,basketball,0,-,0,0,150,1,0,-1,0,Orange,phil,1,1,force_destroyed,1874,62.47,False,1874,1685,7496,216,7436,62,2603,1673,0,1859,0.3624,-1
Orange,7,tiger,1,4,basketball,0,-,0,0,150,1,0,-1,0,Orange,phil,2,1,force_destroyed,2732,91.07,False,1366,1273,5464,100,5452,91,3038,1673,0,2725,0.3918,-1
Orange,7,tiger,1,4,basketball,0,-,0,0,150,1,0,-1,0,Orange,phil,3,1,force_destroyed,5084,169.47,False,1695,1647,6780,51,6732,169,4208,1673,0,5048,0.4500,-1
Orange,7,tiger,1,4,basketball,0,-,0,0,150,1,0,-1,0,Orange,phil,5,1,castle_destroyed,4742,158.07,False,949,946,3796,28,0,159,4058,1673,1,-1,1.0000,1486
Orange,7,tiger,1,4,basketball,0,-,0,0,150,1,0,-1,0,Orange,phil,10,1,castle_destroyed,822,27.40,False,83,81,332,8,0,28,2093,1673,1,-1,1.0000,314
Orange,7,tiger,1,4,basketball,0,-,0,0,150,1,0,-1,0,Orange,phil,15,1,castle_destroyed,690,23.00,False,46,46,184,5,0,23,2018,1673,1,-1,1.0000,160
Orange,7,tiger,1,4,basketball,0,-,0,0,150,1,0,-1,0,Orange,phil,30,1,castle_destroyed,624,20.80,False,21,21,84,2,0,21,1988,1673,1,-1,1.0000,117
Orange,7,tiger,1,4,basketball,7,tiger,1,1673,150,1,0,150,0,Orange,phil,0,1,castle_destroyed,989,32.97,False,0,0,0,1,0,33,2168,1673,1,-1,1.0000,75
Orange,7,tiger,1,4,basketball,7,tiger,1,1673,150,1,1,150,0,Orange,phil,1,1,force_destroyed,687,22.90,False,687,509,2748,181,4325,23,2018,1673,0,663,0.3624,-1
Orange,7,tiger,1,4,basketball,7,tiger,1,1673,150,1,1,150,0,Orange,phil,2,1,force_destroyed,1083,36.10,False,542,461,2168,98,3813,36,2213,1673,0,1070,0.3918,-1
Orange,7,tiger,1,4,basketball,7,tiger,1,1673,150,1,1,150,0,Orange,phil,3,1,force_destroyed,916,30.53,False,306,240,1224,72,2841,30,2123,1673,0,875,0.4341,-1
Orange,7,tiger,1,4,basketball,7,tiger,1,1673,150,1,1,150,0,Orange,phil,5,1,force_destroyed,1083,36.10,False,217,178,868,42,2517,36,2213,1673,0,1052,0.5453,-1
Orange,7,tiger,1,4,basketball,7,tiger,1,1673,150,1,0,150,0,Orange,phil,10,1,castle_destroyed,1855,61.83,False,186,185,744,13,0,62,2603,1673,1,-1,1.0000,435
Orange,7,tiger,1,4,basketball,7,tiger,1,1673,150,1,0,150,0,Orange,phil,15,1,castle_destroyed,1134,37.80,False,76,75,304,5,0,38,2243,1673,1,-1,1.0000,160
Orange,7,tiger,1,4,basketball,7,tiger,1,1673,150,1,0,150,0,Orange,phil,30,1,castle_destroyed,984,32.80,False,33,33,132,3,0,33,2168,1673,1,-1,1.0000,117
Orange,7,tiger,3,0,-,0,-,0,0,150,1,0,-1,0,Orange,phil,0,1,castle_destroyed,588,19.60,False,0,0,0,0,0,0,5019,5019,3,-1,1.0000,426
Orange,7,tiger,3,0,-,0,-,0,0,150,1,0,-1,0,Orange,phil,1,1,force_destroyed,1580,52.67,False,1580,1381,6320,276,6320,0,5019,5019,0,1580,0.3271,-1
Orange,7,tiger,3,0,-,0,-,0,0,150,1,0,-1,0,Orange,phil,2,1,force_destroyed,1904,63.47,False,952,840,3808,141,3808,0,5019,5019,0,1904,0.3282,-1
Orange,7,tiger,3,0,-,0,-,0,0,150,1,0,-1,0,Orange,phil,3,1,force_destroyed,2682,89.40,False,894,816,3576,97,3576,0,5019,5019,0,2682,0.3294,-1
Orange,7,tiger,3,0,-,0,-,0,0,150,1,0,-1,0,Orange,phil,5,1,force_destroyed,3917,130.57,False,784,755,3136,39,3136,0,5019,5019,0,3917,0.4571,-1
Orange,7,tiger,3,0,-,0,-,0,0,150,1,0,-1,0,Orange,phil,10,1,castle_destroyed,7162,238.73,False,717,715,2868,20,0,0,5019,5019,3,-1,1.0000,3069
Orange,7,tiger,3,0,-,0,-,0,0,150,1,0,-1,0,Orange,phil,15,1,castle_destroyed,3030,101.00,False,202,202,808,12,0,0,5019,5019,3,-1,1.0000,1388
Orange,7,tiger,3,0,-,0,-,0,0,150,1,0,-1,0,Orange,phil,30,1,castle_destroyed,1149,38.30,False,39,38,156,6,0,0,5019,5019,3,-1,1.0000,602
Orange,7,tiger,3,0,-,7,tiger,1,1673,150,1,1,150,0,Orange,phil,0,1,castle_destroyed,933,31.10,False,0,-1,0,1,0,0,5019,5019,3,-1,1.0000,486
Orange,7,tiger,3,0,-,7,tiger,1,1673,150,1,0,150,0,Orange,phil,1,1,force_destroyed,1744,58.13,False,1744,1535,6976,345,8649,0,5019,5019,0,1744,0.3271,-1
Orange,7,tiger,3,0,-,7,tiger,1,1673,150,1,1,150,0,Orange,phil,2,1,force_destroyed,1105,36.83,False,553,426,2212,130,3885,0,5019,5019,0,1105,0.3282,-1
Orange,7,tiger,3,0,-,7,tiger,1,1673,150,1,0,150,0,Orange,phil,3,1,force_destroyed,2572,85.73,False,858,781,3432,112,5105,0,5019,5019,0,2572,0.3294,-1
Orange,7,tiger,3,0,-,7,tiger,1,1673,150,1,1,150,0,Orange,phil,5,1,force_destroyed,1389,46.30,False,278,243,1112,49,2785,0,5019,5019,0,1389,0.3706,-1
Orange,7,tiger,3,0,-,7,tiger,1,1673,150,1,0,150,0,Orange,phil,10,1,force_destroyed,1958,65.27,False,196,174,784,28,2457,0,5019,5019,0,1958,0.3776,-1
Orange,7,tiger,3,0,-,7,tiger,1,1673,150,1,1,150,0,Orange,phil,15,1,force_destroyed,1652,55.07,False,111,94,444,28,2117,0,5019,5019,0,1652,0.4706,-1
Orange,7,tiger,3,0,-,7,tiger,1,1673,150,1,1,150,0,Orange,phil,30,1,force_destroyed,1425,47.50,False,48,40,192,14,1865,0,5019,5019,0,1425,0.5876,-1
Orange,7,tiger,3,4,basketball,0,-,0,0,150,1,0,-1,0,Orange,phil,0,1,castle_destroyed,468,15.60,False,0,0,0,0,0,16,5259,5019,3,-1,1.0000,75
Orange,7,tiger,3,4,basketball,0,-,0,0,150,1,0,-1,0,Orange,phil,1,1,force_destroyed,2683,89.43,False,2683,2494,10732,217,10676,89,6354,5019,0,2669,0.3624,-1
Orange,7,tiger,3,4,basketball,0,-,0,0,150,1,0,-1,0,Orange,phil,2,1,force_destroyed,4399,146.63,False,2200,2141,8800,77,8760,146,7209,5019,0,4380,0.5771,-1
Orange,7,tiger,3,4,basketball,0,-,0,0,150,1,0,-1,0,Orange,phil,3,1,castle_destroyed,3416,113.87,False,1139,1135,4556,50,0,114,6729,5019,3,-1,1.0000,2598
Orange,7,tiger,3,4,basketball,0,-,0,0,150,1,0,-1,0,Orange,phil,5,1,castle_destroyed,1590,53.00,False,318,316,1272,27,0,53,5814,5019,3,-1,1.0000,1011
Orange,7,tiger,3,4,basketball,0,-,0,0,150,1,0,-1,0,Orange,phil,10,1,castle_destroyed,588,19.60,False,59,58,236,8,0,20,5319,5019,3,-1,1.0000,314
Orange,7,tiger,3,4,basketball,0,-,0,0,150,1,0,-1,0,Orange,phil,15,1,castle_destroyed,552,18.40,False,37,36,148,5,0,19,5304,5019,3,-1,1.0000,160
Orange,7,tiger,3,4,basketball,0,-,0,0,150,1,0,-1,0,Orange,phil,30,1,castle_destroyed,522,17.40,False,18,17,72,2,0,18,5289,5019,3,-1,1.0000,117
Orange,7,tiger,3,4,basketball,7,tiger,1,1673,150,1,1,150,0,Orange,phil,0,1,castle_destroyed,576,19.20,False,0,-1,0,1,0,20,5319,5019,3,-1,1.0000,75
Orange,7,tiger,3,4,basketball,7,tiger,1,1673,150,1,0,150,0,Orange,phil,1,1,force_destroyed,1964,65.47,False,1964,1775,7856,218,9437,65,5994,5019,0,1941,0.3624,-1
Orange,7,tiger,3,4,basketball,7,tiger,1,1673,150,1,0,150,0,Orange,phil,2,1,force_destroyed,2025,67.50,False,1013,917,4052,110,5657,67,6024,5019,0,1992,0.4129,-1
Orange,7,tiger,3,4,basketball,7,tiger,1,1673,150,1,1,150,0,Orange,phil,3,1,force_destroyed,1232,41.07,False,411,346,1644,67,3285,41,5634,5019,0,1207,0.4941,-1
Orange,7,tiger,3,4,basketball,7,tiger,1,1673,150,1,0,150,0,Orange,phil,5,1,castle_destroyed,1627,54.23,False,326,323,1304,28,0,55,5844,5019,3,-1,1.0000,1096
Orange,7,tiger,3,4,basketball,7,tiger,1,1673,150,1,0,150,0,Orange,phil,10,1,castle_destroyed,1494,49.80,False,150,149,600,13,0,50,5769,5019,3,-1,1.0000,435
Orange,7,tiger,3,4,basketball,7,tiger,1,1673,150,1,1,150,0,Orange,phil,15,1,castle_destroyed,601,20.03,False,41,39,164,5,0,21,5334,5019,3,-1,1.0000,160
Orange,7,tiger,3,4,basketball,7,tiger,1,1673,150,1,0,150,0,Orange,phil,30,1,castle_destroyed,618,20.60,False,21,21,84,3,0,21,5334,5019,3,-1,1.0000,117
Orange,7,tiger,5,0,-,0,-,0,0,150,1,0,-1,0,Orange,phil,0,1,castle_destroyed,552,18.40,False,0,0,0,0,0,0,8365,8365,5,-1,1.0000,426
Orange,7,tiger,5,0,-,0,-,0,0,150,1,0,-1,0,Orange,phil,1,1,force_destroyed,1775,59.17,False,1775,1586,7100,278,7100,0,8365,8365,0,1775,0.3271,-1
Orange,7,tiger,5,0,-,0,-,0,0,150,1,0,-1,0,Orange,phil,2,1,force_destroyed,2753,91.77,False,1377,1262,5508,139,5508,0,8365,8365,0,2753,0.3282,-1
Orange,7,tiger,5,0,-,0,-,0,0,150,1,0,-1,0,Orange,phil,3,1,force_destroyed,2729,90.97,False,910,832,3640,96,3640,0,8365,8365,0,2729,0.3600,-1
Orange,7,tiger,5,0,-,0,-,0,0,150,1,0,-1,0,Orange,phil,5,1,force_destroyed,4186,139.53,False,838,805,3352,39,3352,0,8365,8365,0,4186,0.6035,-1
Orange,7,tiger,5,0,-,0,-,0,0,150,1,0,-1,0,Orange,phil,10,1,castle_destroyed,2542,84.73,False,255,253,1020,19,0,0,8365,8365,5,-1,1.0000,1371
Orange,7,tiger,5,0,-,0,-,0,0,150,1,0,-1,0,Orange,phil,15,1,castle_destroyed,1285,42.83,False,86,85,344,12,0,0,8365,8365,5,-1,1.0000,955
Orange,7,tiger,5,0,-,0,-,0,0,150,1,0,-1,0,Orange,phil,30,1,castle_destroyed,680,22.67,False,23,23,92,6,0,0,8365,8365,5,-1,1.0000,528
Orange,7,tiger,5,0,-,7,tiger,1,1673,150,1,1,150,0,Orange,phil,0,1,castle_destroyed,648,21.60,False,0,-1,0,1,0,0,8365,8365,5,-1,1.0000,486
Orange,7,tiger,5,0,-,7,tiger,1,1673,150,1,0,150,0,Orange,phil,1,1,force_destroyed,1200,40.00,False,1200,994,4800,416,6473,0,8365,8365,0,1200,0.3271,-1
Orange,7,tiger,5,0,-,7,tiger,1,1673,150,1,0,150,0,Orange,phil,2,1,force_destroyed,875,29.17,False,438,351,1752,120,3425,0,8365,8365,0,875,0.3282,-1
Orange,7,tiger,5,0,-,7,tiger,1,1673,150,1,0,150,0,Orange,phil,3,1,force_destroyed,1617,53.90,False,539,462,2156,94,3829,0,8365,8365,0,1617,0.3335,-1
Orange,7,tiger,5,0,-,7,tiger,1,1673,150,1,0,150,0,Orange,phil,5,1,force_destroyed,1603,53.43,False,321,283,1284,47,2957,0,8365,8365,0,1603,0.3788,-1
Orange,7,tiger,5,0,-,7,tiger,1,1673,150,1,1,150,0,Orange,phil,10,1,force_destroyed,1482,49.40,False,149,125,596,29,2269,0,8365,8365,0,1482,0.4253,-1
Orange,7,tiger,5,0,-,7,tiger,1,1673,150,1,0,150,0,Orange,phil,15,1,force_destroyed,3134,104.47,False,209,200,836,32,2509,0,8365,8365,0,3134,0.4941,-1
Orange,7,tiger,5,0,-,7,tiger,1,1673,150,1,1,150,0,Orange,phil,30,1,force_destroyed,1590,53.00,False,53,46,212,14,1885,0,8365,8365,0,1590,0.6882,-1
Orange,7,tiger,5,4,basketball,0,-,0,0,150,1,0,-1,0,Orange,phil,0,1,castle_destroyed,468,15.60,False,0,0,0,0,0,16,8605,8365,5,-1,1.0000,75
Orange,7,tiger,5,4,basketball,0,-,0,0,150,1,0,-1,0,Orange,phil,1,1,force_destroyed,2474,82.47,False,2474,2285,9896,218,9744,82,9595,8365,0,2436,0.3624,-1
Orange,7,tiger,5,4,basketball,0,-,0,0,150,1,0,-1,0,Orange,phil,2,1,force_destroyed,5233,174.43,False,2617,2585,10468,77,10332,173,10960,8365,0,5166,1.0000,5026
Orange,7,tiger,5,4,basketball,0,-,0,0,150,1,0,-1,0,Orange,phil,3,1,castle_destroyed,2747,91.57,False,916,912,3664,50,0,92,9745,8365,5,-1,1.0000,2058
Orange,7,tiger,5,4,basketball,0,-,0,0,150,1,0,-1,0,Orange,phil,5,1,castle_destroyed,1151,38.37,False,231,228,924,27,0,39,8950,8365,5,-1,1.0000,852
Orange,7,tiger,5,4,basketball,0,-,0,0,150,1,0,-1,0,Orange,phil,10,1,castle_destroyed,552,18.40,False,56,54,224,8,0,19,8650,8365,5,-1,1.0000,314
Orange,7,tiger,5,4,basketball,0,-,0,0,150,1,0,-1,0,Orange,phil,15,1,castle_destroyed,522,17.40,False,35,34,140,5,0,18,8635,8365,5,-1,1.0000,160
Orange,7,tiger,5,4,basketball,0,-,0,0,150,1,0,-1,0,Orange,phil,30,1,castle_destroyed,516,17.20,False,18,17,72,2,0,18,8635,8365,5,-1,1.0000,117
Orange,7,tiger,5,4,basketball,7,tiger,1,1673,150,1,1,150,0,Orange,phil,0,1,castle_destroyed,546,18.20,False,0,-1,0,1,0,19,8650,8365,5,-1,1.0000,75
Orange,7,tiger,5,4,basketball,7,tiger,1,1673,150,1,1,150,0,Orange,phil,1,1,force_destroyed,1365,45.50,False,1365,1188,5460,193,7093,46,9055,8365,0,1355,0.3624,-1
Orange,7,tiger,5,4,basketball,7,tiger,1,1673,150,1,0,150,0,Orange,phil,2,1,force_destroyed,2815,93.83,False,1408,1338,5632,81,7277,94,9775,8365,0,2802,0.4471,-1
Orange,7,tiger,5,4,basketball,7,tiger,1,1673,150,1,0,150,0,Orange,phil,3,1,castle_destroyed,4676,155.87,False,1559,1555,6236,51,0,156,10705,8365,5,-1,1.0000,3438
Orange,7,tiger,5,4,basketball,7,tiger,1,1673,150,1,0,150,0,Orange,phil,5,1,castle_destroyed,2132,71.07,False,427,424,1708,28,0,72,9445,8365,5,-1,1.0000,1247
Orange,7,tiger,5,4,basketball,7,tiger,1,1673,150,1,1,150,0,Orange,phil,10,1,castle_destroyed,810,27.00,False,81,79,324,8,0,27,8770,8365,5,-1,1.0000,435
Orange,7,tiger,5,4,basketball,7,tiger,1,1673,150,1,1,150,0,Orange,phil,15,1,castle_destroyed,552,18.40,False,37,35,148,5,0,19,8650,8365,5,-1,1.0000,160
Orange,7,tiger,5,4,basketball,7,tiger,1,1673,150,1,0,150,0,Orange,phil,30,1,castle_destroyed,582,19.40,False,20,19,80,3,0,20,8665,8365,5,-1,1.0000,117
Purple,7,monky,1,0,-,0,-,0,0,150,1,0,-1,0,Purple,cant,0,1,castle_destroyed,881,29.37,False,0,0,0,0,0,0,1918,1918,1,-1,1.0000,426
Purple,7,monky,1,0,-,0,-,0,0,150,1,0,-1,0,Purple,cant,1,1,force_destroyed,556,18.53,False,556,391,556,196,556,0,1918,1918,0,556,0.2659,-1
Purple,7,monky,1,0,-,0,-,0,0,150,1,0,-1,0,Purple,cant,2,1,force_destroyed,904,30.13,False,452,350,452,102,452,0,1918,1918,0,904,0.2776,-1
Purple,7,monky,1,0,-,0,-,0,0,150,1,0,-1,0,Purple,cant,3,1,force_destroyed,1307,43.57,False,436,373,436,71,436,0,1918,1918,0,1307,0.2965,-1
Purple,7,monky,1,0,-,0,-,0,0,150,1,0,-1,0,Purple,cant,5,1,force_destroyed,1940,64.67,False,388,351,388,45,388,0,1918,1918,0,1940,0.2894,-1
Purple,7,monky,1,0,-,0,-,0,0,150,1,0,-1,0,Purple,cant,10,1,force_destroyed,4024,134.13,False,403,389,403,18,403,0,1918,1918,0,4024,0.5694,-1
Purple,7,monky,1,0,-,0,-,0,0,150,1,0,-1,0,Purple,cant,15,1,force_destroyed,6329,210.97,False,422,418,422,12,422,0,1918,1918,0,6329,1.0000,-1
Purple,7,monky,1,0,-,0,-,0,0,150,1,0,-1,0,Purple,cant,30,1,force_destroyed,12430,414.33,False,415,413,415,6,415,0,1918,1918,0,12430,1.0000,-1
Purple,7,monky,1,0,-,7,monky,1,1918,150,1,0,150,0,Purple,cant,0,1,force_destroyed,917,30.57,False,0,0,0,1,1918,0,1918,1918,0,917,0.7067,-1
Purple,7,monky,1,0,-,7,monky,1,1918,150,1,1,150,0,Purple,cant,1,1,force_destroyed,538,17.93,False,538,390,538,197,2456,0,1918,1918,0,538,0.2659,-1
Purple,7,monky,1,0,-,7,monky,1,1918,150,1,1,150,0,Purple,cant,2,1,force_destroyed,1016,33.87,False,508,419,508,169,2426,0,1918,1918,0,1016,0.2753,-1
Purple,7,monky,1,0,-,7,monky,1,1918,150,1,1,150,0,Purple,cant,3,1,force_destroyed,1158,38.60,False,386,323,386,112,2304,0,1918,1918,0,1158,0.2824,-1
Purple,7,monky,1,0,-,7,monky,1,1918,150,1,0,150,0,Purple,cant,5,1,force_destroyed,1565,52.17,False,313,273,313,66,2231,0,1918,1918,0,1565,0.2894,-1
Purple,7,monky,1,0,-,7,monky,1,1918,150,1,1,150,0,Purple,cant,10,1,force_destroyed,1026,34.20,False,103,83,103,30,2021,0,1918,1918,0,1026,0.3294,-1
Purple,7,monky,1,0,-,7,monky,1,1918,150,1,1,150,0,Purple,cant,15,1,force_destroyed,1449,48.30,False,97,84,97,28,2015,0,1918,1918,0,1449,0.3694,-1
Purple,7,monky,1,0,-,7,monky,1,1918,150,1,1,150,0,Purple,cant,30,1,force_destroyed,1137,37.90,False,38,32,38,16,1956,0,1918,1918,0,1137,0.4047,-1
Purple,7,monky,1,4,spike,0,-,0,0,150,1,0,-1,0,Purple,cant,0,1,castle_destroyed,739,24.63,False,0,0,0,0,0,25,2543,1918,1,-1,1.0000,244
Purple,7,monky,1,4,spike,0,-,0,0,150,1,0,-1,0,Purple,cant,1,1,force_destroyed,1442,48.07,False,1442,1284,1442,171,1423,48,3118,1918,0,1423,0.3200,-1
Purple,7,monky,1,4,spike,0,-,0,0,150,1,0,-1,0,Purple,cant,2,1,force_destroyed,2934,97.80,False,1467,1424,1467,68,1402,94,4268,1918,0,2804,0.4871,-1
Purple,7,monky,1,4,spike,0,-,0,0,150,1,0,-1,0,Purple,cant,3,1,force_destroyed,5482,182.73,False,1828,1817,1828,40,1740,174,6268,1918,0,5218,1.0000,3156
Purple,7,monky,1,4,spike,0,-,0,0,150,1,0,-1,0,Purple,cant,5,1,force_destroyed,12344,411.47,False,2469,2467,2469,23,2401,401,11943,1918,0,12005,1.0000,1039
Purple,7,monky,1,4,spike,0,-,0,0,150,1,0,-1,0,Purple,cant,10,1,castle_destroyed,1076,35.87,False,108,107,108,11,0,36,2818,1918,1,-1,1.0000,424
Purple,7,monky,1,4,spike,0,-,0,0,150,1,0,-1,0,Purple,cant,15,1,castle_destroyed,816,27.20,False,55,54,55,7,0,28,2618,1918,1,-1,1.0000,324
Purple,7,monky,1,4,spike,0,-,0,0,150,1,0,-1,0,Purple,cant,30,1,castle_destroyed,774,25.80,False,26,26,26,4,0,26,2568,1918,1,-1,1.0000,286
Purple,7,monky,1,4,spike,7,monky,1,1918,150,1,0,150,0,Purple,cant,0,1,castle_destroyed,1437,47.90,False,0,0,0,1,0,48,3118,1918,1,-1,1.0000,484
Purple,7,monky,1,4,spike,7,monky,1,1918,150,1,1,150,0,Purple,cant,1,1,force_destroyed,992,33.07,False,992,833,992,172,2890,33,2743,1918,0,972,0.3200,-1
Purple,7,monky,1,4,spike,7,monky,1,1918,150,1,1,150,0,Purple,cant,2,1,force_destroyed,971,32.37,False,486,414,486,87,2389,32,2718,1918,0,941,0.4024,-1
Purple,7,monky,1,4,spike,7,monky,1,1918,150,1,0,150,0,Purple,cant,3,1,force_destroyed,4162,138.73,False,1388,1377,1388,51,3216,130,5168,1918,0,3894,1.0000,3336
Purple,7,monky,1,4,spike,7,monky,1,1918,150,1,0,150,0,Purple,cant,5,1,force_destroyed,8714,290.47,False,1743,1741,1743,28,3593,280,8918,1918,0,8375,1.0000,1174
Purple,7,monky,1,4,spike,7,monky,1,1918,150,1,0,150,0,Purple,cant,10,1,castle_destroyed,1598,53.27,False,160,159,160,11,0,54,3268,1918,1,-1,1.0000,664
Purple,7,monky,1,4,spike,7,monky,1,1918,150,1,0,150,0,Purple,cant,15,1,castle_destroyed,1748,58.27,False,117,116,117,8,0,59,3393,1918,1,-1,1.0000,484
Purple,7,monky,1,4,spike,7,monky,1,1918,150,1,0,150,0,Purple,cant,30,1,castle_destroyed,1589,52.97,False,53,53,53,4,0,53,3243,1918,1,-1,1.0000,456
Purple,7,monky,3,0,-,0,-,0,0,150,1,0,-1,0,Purple,cant,0,1,castle_destroyed,586,19.53,False,0,0,0,0,0,0,5754,5754,3,-1,1.0000,426
Purple,7,monky,3,0,-,0,-,0,0,150,1,0,-1,0,Purple,cant,1,1,force_destroyed,1284,42.80,False,1284,1124,1284,193,1284,0,5754,5754,0,1284,0.2659,-1
Purple,7,monky,3,0,-,0,-,0,0,150,1,0,-1,0,Purple,cant,2,1,force_destroyed,1879,62.63,False,940,849,940,97,940,0,5754,5754,0,1879,0.3553,-1
Purple,7,monky,3,0,-,0,-,0,0,150,1,0,-1,0,Purple,cant,3,1,force_destroyed,2630,87.67,False,877,819,877,59,877,0,5754,5754,0,2630,0.4188,-1
Purple,7,monky,3,0,-,0,-,0,0,150,1,0,-1,0,Purple,cant,5,1,force_destroyed,4172,139.07,False,835,810,835,34,835,0,5754,5754,0,4172,0.6918,-1
Purple,7,monky,3,0,-,0,-,0,0,150,1,0,-1,0,Purple,cant,10,1,castle_destroyed,2459,81.97,False,246,245,246,16,0,0,5754,5754,3,-1,1.0000,1549
Purple,7,monky,3,0,-,0,-,0,0,150,1,0,-1,0,Purple,cant,15,1,castle_destroyed,8507,283.57,False,568,567,568,10,0,0,5754,5754,3,-1,1.0000,7824
Purple,7,monky,3,0,-,0,-,0,0,150,1,0,-1,0,Purple,cant,30,1,castle_destroyed,1059,35.30,False,36,35,36,5,0,0,5754,5754,3,-1,1.0000,539
Purple,7,monky,3,0,-,7,monky,1,1918,150,1,1,150,0,Purple,cant,0,1,castle_destroyed,681,22.70,False,0,-1,0,1,0,0,5754,5754,3,-1,1.0000,457
Purple,7,monky,3,0,-,7,monky,1,1918,150,1,0,150,0,Purple,cant,1,1,force_destroyed,1356,45.20,False,1356,1190,1356,318,3274,0,5754,5754,0,1356,0.2659,-1
Purple,7,monky,3,0,-,7,monky,1,1918,150,1,1,150,0,Purple,cant,2,1,force_destroyed,1004,33.47,False,502,403,502,99,2420,0,5754,5754,0,1004,0.3035,-1
Purple,7,monky,3,0,-,7,monky,1,1918,150,1,1,150,0,Purple,cant,3,1,force_destroyed,1169,38.97,False,390,341,390,69,2308,0,5754,5754,0,1169,0.3318,-1
Purple,7,monky,3,0,-,7,monky,1,1918,150,1,0,150,0,Purple,cant,5,1,force_destroyed,1950,65.00,False,390,350,390,54,2308,0,5754,5754,0,1950,0.3671,-1
Purple,7,monky,3,0,-,7,monky,1,1918,150,1,0,150,0,Purple,cant,10,1,force_destroyed,1234,41.13,False,124,104,124,22,2042,0,5754,5754,0,1234,0.5224,-1
Purple,7,monky,3,0,-,7,monky,1,1918,150,1,0,150,0,Purple,cant,15,1,force_destroyed,1702,56.73,False,114,104,114,13,2032,0,5754,5754,0,1702,0.6494,-1
Purple,7,monky,3,0,-,7,monky,1,1918,150,1,1,150,0,Purple,cant,30,1,force_destroyed,880,29.33,False,30,23,30,8,1948,0,5754,5754,0,880,0.8871,-1
Purple,7,monky,3,4,spike,0,-,0,0,150,1,0,-1,0,Purple,cant,0,1,castle_destroyed,556,18.53,False,0,0,0,0,0,19,6229,5754,3,-1,1.0000,244
Purple,7,monky,3,4,spike,0,-,0,0,150,1,0,-1,0,Purple,cant,1,1,force_destroyed,1603,53.43,False,1603,1460,1603,150,1569,53,7079,5754,0,1569,0.3200,-1
Purple,7,monky,3,4,spike,0,-,0,0,150,1,0,-1,0,Purple,cant,2,1,force_destroyed,3807,126.90,False,1904,1870,1904,60,1830,122,8804,5754,0,3659,0.6747,-1
Purple,7,monky,3,4,spike,0,-,0,0,150,1,0,-1,0,Purple,cant,3,1,castle_destroyed,2586,86.20,False,862,859,862,40,0,87,7929,5754,3,-1,1.0000,2001
Purple,7,monky,3,4,spike,0,-,0,0,150,1,0,-1,0,Purple,cant,5,1,force_destroyed,12434,414.47,False,2487,2485,2487,23,2420,404,15854,5754,0,12100,1.0000,889
Purple,7,monky,3,4,spike,0,-,0,0,150,1,0,-1,0,Purple,cant,10,1,castle_destroyed,716,23.87,False,72,71,72,11,0,24,6354,5754,3,-1,1.0000,424
Purple,7,monky,3,4,spike,0,-,0,0,150,1,0,-1,0,Purple,cant,15,1,castle_destroyed,616,20.53,False,42,41,42,7,0,21,6279,5754,3,-1,1.0000,324
Purple,7,monky,3,4,spike,0,-,0,0,150,1,0,-1,0,Purple,cant,30,1,castle_destroyed,621,20.70,False,21,21,21,4,0,21,6279,5754,3,-1,1.0000,286
Purple,7,monky,3,4,spike,7,monky,1,1918,150,1,0,150,0,Purple,cant,0,1,castle_destroyed,653,21.77,False,0,0,0,1,0,22,6304,5754,3,-1,1.0000,427
Purple,7,monky,3,4,spike,7,monky,1,1918,150,1,0,150,0,Purple,cant,1,1,force_destroyed,1532,51.07,False,1532,1374,1532,172,3438,51,7029,5754,0,1520,0.3200,-1
Purple,7,monky,3,4,spike,7,monky,1,1918,150,1,1,150,0,Purple,cant,2,1,force_destroyed,1144,38.13,False,572,492,572,88,2477,38,6704,5754,0,1117,0.4509,-1
Purple,7,monky,3,4,spike,7,monky,1,1918,150,1,0,150,0,Purple,cant,3,1,force_destroyed,4882,162.73,False,1628,1617,1628,41,3458,154,9604,5754,0,4618,1.0000,2544
Purple,7,monky,3,4,spike,7,monky,1,1918,150,1,0,150,0,Purple,cant,5,1,force_destroyed,12284,409.47,False,2457,2455,2457,23,4312,399,15729,5754,0,11970,1.0000,994
Purple,7,monky,3,4,spike,7,monky,1,1918,150,1,0,150,0,Purple,cant,10,1,castle_destroyed,945,31.50,False,95,94,95,11,0,32,6554,5754,3,-1,1.0000,469
Purple,7,monky,3,4,spike,7,monky,1,1918,150,1,0,150,0,Purple,cant,15,1,castle_destroyed,811,27.03,False,55,54,55,8,0,28,6454,5754,3,-1,1.0000,455
Purple,7,monky,3,4,spike,7,monky,1,1918,150,1,0,150,0,Purple,cant,30,1,castle_destroyed,718,23.93,False,24,24,24,4,0,24,6354,5754,3,-1,1.0000,423
Purple,7,monky,5,0,-,0,-,0,0,150,1,0,-1,0,Purple,cant,0,1,castle_destroyed,551,18.37,False,0,0,0,0,0,0,9590,9590,5,-1,1.0000,426
Purple,7,monky,5,0,-,0,-,0,0,150,1,0,-1,0,Purple,cant,1,1,force_destroyed,1432,47.73,False,1432,1254,1432,187,1432,0,9590,9590,0,1432,0.2659,-1
Purple,7,monky,5,0,-,0,-,0,0,150,1,0,-1,0,Purple,cant,2,1,force_destroyed,2051,68.37,False,1026,941,1026,92,1026,0,9590,9590,0,2051,0.3835,-1
Purple,7,monky,5,0,-,0,-,0,0,150,1,0,-1,0,Purple,cant,3,1,force_destroyed,3929,130.97,False,1310,1272,1310,47,1310,0,9590,9590,0,3929,0.6612,-1
Purple,7,monky,5,0,-,0,-,0,0,150,1,0,-1,0,Purple,cant,5,1,force_destroyed,4751,158.37,False,951,942,951,34,951,0,9590,9590,0,4751,1.0000,-1
Purple,7,monky,5,0,-,0,-,0,0,150,1,0,-1,0,Purple,cant,10,1,castle_destroyed,1975,65.83,False,198,197,198,16,0,0,9590,9590,5,-1,1.0000,1546
Purple,7,monky,5,0,-,0,-,0,0,150,1,0,-1,0,Purple,cant,15,1,castle_destroyed,1265,42.17,False,85,84,85,10,0,0,9590,9590,5,-1,1.0000,833
Purple,7,monky,5,0,-,0,-,0,0,150,1,0,-1,0,Purple,cant,30,1,castle_destroyed,692,23.07,False,24,23,24,5,0,0,9590,9590,5,-1,1.0000,539
Purple,7,monky,5,0,-,7,monky,1,1918,150,1,1,150,0,Purple,cant,0,1,castle_destroyed,587,19.57,False,0,-1,0,1,0,0,9590,9590,5,-1,1.0000,457
Purple,7,monky,5,0,-,7,monky,1,1918,150,1,0,150,0,Purple,cant,1,1,force_destroyed,1584,52.80,False,1584,1421,1584,318,3502,0,9590,9590,0,1584,0.2659,-1
Purple,7,monky,5,0,-,7,monky,1,1918,150,1,0,150,0,Purple,cant,2,1,force_destroyed,1353,45.10,False,677,590,677,165,2595,0,9590,9590,0,1353,0.3271,-1
Purple,7,monky,5,0,-,7,monky,1,1918,150,1,0,150,0,Purple,cant,3,1,force_destroyed,1759,58.63,False,587,528,587,87,2505,0,9590,9590,0,1759,0.3318,-1
Purple,7,monky,5,0,-,7,monky,1,1918,150,1,0,150,0,Purple,cant,5,1,force_destroyed,2050,68.33,False,410,372,410,49,2328,0,9590,9590,0,2050,0.4659,-1
Purple,7,monky,5,0,-,7,monky,1,1918,150,1,0,150,0,Purple,cant,10,1,force_destroyed,1282,42.73,False,129,110,129,22,2047,0,9590,9590,0,1282,0.5482,-1
Purple,7,monky,5,0,-,7,monky,1,1918,150,1,0,150,0,Purple,cant,15,1,force_destroyed,1850,61.67,False,124,112,124,23,2042,0,9590,9590,0,1850,0.7497,-1
Purple,7,monky,5,0,-,7,monky,1,1918,150,1,0,150,0,Purple,cant,30,1,castle_destroyed,2692,89.73,False,90,90,90,6,0,0,9590,9590,5,-1,1.0000,1021
Purple,7,monky,5,4,spike,0,-,0,0,150,1,0,-1,0,Purple,cant,0,1,castle_destroyed,546,18.20,False,0,0,0,0,0,19,10065,9590,5,-1,1.0000,244
Purple,7,monky,5,4,spike,0,-,0,0,150,1,0,-1,0,Purple,cant,1,1,force_destroyed,1953,65.10,False,1953,1794,1953,162,1932,65,11215,9590,0,1932,0.3200,-1
Purple,7,monky,5,4,spike,0,-,0,0,150,1,0,-1,0,Purple,cant,2,1,force_destroyed,4355,145.17,False,2178,2164,2178,60,2057,138,13040,9590,0,4114,0.9006,-1
Purple,7,monky,5,4,spike,0,-,0,0,150,1,0,-1,0,Purple,cant,3,1,castle_destroyed,2130,71.00,False,710,707,710,40,0,71,11365,9590,5,-1,1.0000,1776
Purple,7,monky,5,4,spike,0,-,0,0,150,1,0,-1,0,Purple,cant,5,1,castle_destroyed,5134,171.13,False,1027,1025,1027,23,0,172,13890,9590,5,-1,1.0000,724
Purple,7,monky,5,4,spike,0,-,0,0,150,1,0,-1,0,Purple,cant,10,1,castle_destroyed,611,20.37,False,62,61,62,11,0,21,10115,9590,5,-1,1.0000,424
Purple,7,monky,5,4,spike,0,-,0,0,150,1,0,-1,0,Purple,cant,15,1,castle_destroyed,564,18.80,False,38,37,38,7,0,19,10065,9590,5,-1,1.0000,324
Purple,7,monky,5,4,spike,0,-,0,0,150,1,0,-1,0,Purple,cant,30,1,castle_destroyed,581,19.37,False,20,20,20,4,0,20,10090,9590,5,-1,1.0000,286
Purple,7,monky,5,4,spike,7,monky,1,1918,150,1,1,150,0,Purple,cant,0,1,castle_destroyed,551,18.37,False,0,-1,0,1,0,19,10065,9590,5,-1,1.0000,427
Purple,7,monky,5,4,spike,7,monky,1,1918,150,1,0,150,0,Purple,cant,1,1,force_destroyed,1660,55.33,False,1660,1515,1660,156,3546,55,10965,9590,0,1628,0.3200,-1
Purple,7,monky,5,4,spike,7,monky,1,1918,150,1,0,150,0,Purple,cant,2,1,force_destroyed,1844,61.47,False,922,870,922,74,2795,59,11065,9590,0,1754,0.4518,-1
Purple,7,monky,5,4,spike,7,monky,1,1918,150,1,0,150,0,Purple,cant,3,1,force_destroyed,5722,190.73,False,1908,1897,1908,41,3733,182,14140,9590,0,5444,1.0000,1670
Purple,7,monky,5,4,spike,7,monky,1,1918,150,1,0,150,0,Purple,cant,5,1,castle_destroyed,1294,43.13,False,259,257,259,23,0,44,10690,9590,5,-1,1.0000,904
Purple,7,monky,5,4,spike,7,monky,1,1918,150,1,0,150,0,Purple,cant,10,1,castle_destroyed,906,30.20,False,91,90,91,11,0,31,10365,9590,5,-1,1.0000,469
Purple,7,monky,5,4,spike,7,monky,1,1918,150,1,0,150,0,Purple,cant,15,1,castle_destroyed,662,22.07,False,45,44,45,8,0,23,10165,9590,5,-1,1.0000,455
Purple,7,monky,5,4,spike,7,monky,1,1918,150,1,1,150,0,Purple,cant,30,1,castle_destroyed,616,20.53,False,21,20,21,4,0,21,10115,9590,5,-1,1.0000,423
Red,7,caw,1,0,-,0,-,0,0,150,1,0,-1,0,Red,derpyberd,0,1,castle_destroyed,526,17.53,False,0,0,0,0,0,0,2361,2361,1,-1,1.0000,244
Red,7,caw,1,0,-,0,-,0,0,150,1,0,-1,0,Red,derpyberd,1,1,force_destroyed,2181,72.70,False,2181,1938,2181,330,2181,0,2361,2361,0,2181,0.5312,-1
Red,7,caw,1,0,-,0,-,0,0,150,1,0,-1,0,Red,derpyberd,2,1,force_destroyed,2442,81.40,False,1221,1090,1221,166,1221,0,2361,2361,0,2442,0.5318,-1
Red,7,caw,1,0,-,0,-,0,0,150,1,0,-1,0,Red,derpyberd,3,1,force_destroyed,3138,104.60,False,1046,976,1046,82,1046,0,2361,2361,0,3138,0.5353,-1
Red,7,caw,1,0,-,0,-,0,0,150,1,0,-1,0,Red,derpyberd,5,1,force_destroyed,4149,138.30,False,830,792,830,40,830,0,2361,2361,0,4149,0.5394,-1
Red,7,caw,1,0,-,0,-,0,0,150,1,0,-1,0,Red,derpyberd,10,1,force_destroyed,9189,306.30,False,919,912,919,19,919,0,2361,2361,0,9189,1.0000,-1
Red,7,caw,1,0,-,0,-,0,0,150,1,0,-1,0,Red,derpyberd,15,1,force_destroyed,13334,444.47,False,889,886,889,13,889,0,2361,2361,0,13334,1.0000,-1
Red,7,caw,1,0,-,0,-,0,0,150,1,0,-1,0,Red,derpyberd,30,1,force_destroyed,28417,947.23,True,948,946,948,5,948,0,2361,2361,0,28417,1.0000,-1
Red,7,caw,1,0,-,7,caw,1,2361,150,1,0,150,0,Red,derpyberd,0,1,force_destroyed,1124,37.47,False,0,0,0,1,2361,0,2361,2361,0,1124,0.8400,-1
Red,7,caw,1,0,-,7,caw,1,2361,150,1,1,150,0,Red,derpyberd,1,1,force_destroyed,1104,36.80,False,1104,856,1104,522,3465,0,2361,2361,0,1104,0.5312,-1
Red,7,caw,1,0,-,7,caw,1,2361,150,1,1,150,0,Red,derpyberd,2,1,force_destroyed,343,11.43,False,172,64,172,108,2533,0,2361,2361,0,343,0.5318,-1
Red,7,caw,1,0,-,7,caw,1,2361,150,1,1,150,0,Red,derpyberd,3,1,force_destroyed,777,25.90,False,259,199,259,68,2620,0,2361,2361,0,777,0.5353,-1
Red,7,caw,1,0,-,7,caw,1,2361,150,1,1,150,0,Red,derpyberd,5,1,force_destroyed,631,21.03,False,127,77,127,106,2488,0,2361,2361,0,631,0.5394,-1
Red,7,caw,1,0,-,7,caw,1,2361,150,1,1,150,0,Red,derpyberd,10,1,force_destroyed,738,24.60,False,74,58,74,20,2435,0,2361,2361,0,738,0.6265,-1
Red,7,caw,1,0,-,7,caw,1,2361,150,1,1,150,0,Red,derpyberd,15,1,force_destroyed,1042,34.73,False,70,52,70,35,2431,0,2361,2361,0,1042,0.5688,-1
Red,7,caw,1,0,-,7,caw,1,2361,150,1,1,150,0,Red,derpyberd,30,1,force_destroyed,1525,50.83,False,51,42,51,22,2412,0,2361,2361,0,1525,0.7006,-1
Red,7,caw,1,4,lobbo,0,-,0,0,150,1,0,-1,0,Red,derpyberd,0,1,castle_destroyed,467,15.57,False,0,0,0,0,0,16,2569,2361,1,-1,1.0000,143
Red,7,caw,1,4,lobbo,0,-,0,0,150,1,0,-1,0,Red,derpyberd,1,1,force_destroyed,4892,163.07,False,4892,4648,4892,251,4884,163,4480,2361,0,4884,0.6353,-1
Red,7,caw,1,4,lobbo,0,-,0,0,150,1,0,-1,0,Red,derpyberd,2,1,castle_destroyed,3991,133.03,False,1996,1988,1996,50,0,134,4103,2361,1,-1,1.0000,905
Red,7,caw,1,4,lobbo,0,-,0,0,150,1,0,-1,0,Red,derpyberd,3,1,castle_destroyed,1160,38.67,False,387,382,387,33,0,39,2868,2361,1,-1,1.0000,525
Red,7,caw,1,4,lobbo,0,-,0,0,150,1,0,-1,0,Red,derpyberd,5,1,castle_destroyed,749,24.97,False,150,147,150,20,0,25,2686,2361,1,-1,1.0000,269
Red,7,caw,1,4,lobbo,0,-,0,0,150,1,0,-1,0,Red,derpyberd,10,1,castle_destroyed,479,15.97,False,48,47,48,10,0,16,2569,2361,1,-1,1.0000,188
Red,7,caw,1,4,lobbo,0,-,0,0,150,1,0,-1,0,Red,derpyberd,15,1,castle_destroyed,479,15.97,False,32,31,32,7,0,16,2569,2361,1,-1,1.0000,173
Red,7,caw,1,4,lobbo,0,-,0,0,150,1,0,-1,0,Red,derpyberd,30,1,castle_destroyed,475,15.83,False,16,16,16,4,0,16,2569,2361,1,-1,1.0000,151
Red,7,caw,1,4,lobbo,7,caw,1,2361,150,1,1,150,0,Red,derpyberd,0,1,castle_destroyed,511,17.03,False,0,-1,0,1,0,18,2595,2361,1,-1,1.0000,143
Red,7,caw,1,4,lobbo,7,caw,1,2361,150,1,1,150,0,Red,derpyberd,1,1,force_destroyed,825,27.50,False,825,680,825,151,3139,26,2699,2361,0,778,0.6353,-1
Red,7,caw,1,4,lobbo,7,caw,1,2361,150,1,0,150,0,Red,derpyberd,2,1,castle_destroyed,4801,160.03,False,2401,2393,2401,100,0,161,4454,2361,1,-1,1.0000,1715
Red,7,caw,1,4,lobbo,7,caw,1,2361,150,1,0,150,0,Red,derpyberd,3,1,force_destroyed,1315,43.83,False,439,433,439,33,2736,38,2855,2361,0,1124,1.0000,600
Red,7,caw,1,4,lobbo,7,caw,1,2361,150,1,1,150,0,Red,derpyberd,5,1,castle_destroyed,629,20.97,False,126,122,126,20,0,21,2634,2361,1,-1,1.0000,300
Red,7,caw,1,4,lobbo,7,caw,1,2361,150,1,1,150,0,Red,derpyberd,10,1,castle_destroyed,550,18.33,False,55,53,55,10,0,19,2608,2361,1,-1,1.0000,241
Red,7,caw,1,4,lobbo,7,caw,1,2361,150,1,1,150,0,Red,derpyberd,15,1,castle_destroyed,576,19.20,False,39,37,39,7,0,20,2621,2361,1,-1,1.0000,248
Red,7,caw,1,4,lobbo,7,caw,1,2361,150,1,1,150,0,Red,derpyberd,30,1,castle_destroyed,511,17.03,False,18,16,18,4,0,18,2595,2361,1,-1,1.0000,151
Red,7,caw,3,0,-,0,-,0,0,150,1,0,-1,0,Red,derpyberd,0,1,castle_destroyed,351,11.70,False,0,0,0,0,0,0,7083,7083,3,-1,1.0000,244
Red,7,caw,3,0,-,0,-,0,0,150,1,0,-1,0,Red,derpyberd,1,1,force_destroyed,2435,81.17,False,2435,2176,2435,328,2435,0,7083,7083,0,2435,0.5312,-1
Red,7,caw,3,0,-,0,-,0,0,150,1,0,-1,0,Red,derpyberd,2,1,force_destroyed,5362,178.73,False,2681,2660,2681,91,2681,0,7083,7083,0,5362,1.0000,-1
Red,7,caw,3,0,-,0,-,0,0,150,1,0,-1,0,Red,derpyberd,3,1,force_destroyed,5641,188.03,False,1881,1853,1881,61,1881,0,7083,7083,0,5641,0.8735,-1
Red,7,caw,3,0,-,0,-,0,0,150,1,0,-1,0,Red,derpyberd,5,1,force_destroyed,7953,265.10,False,1591,1576,1591,34,1591,0,7083,7083,0,7953,1.0000,2089
Red,7,caw,3,0,-,0,-,0,0,150,1,0,-1,0,Red,derpyberd,10,1,castle_destroyed,2404,80.13,False,241,239,241,16,0,0,7083,7083,3,-1,1.0000,1304
Red,7,caw,3,0,-,0,-,0,0,150,1,0,-1,0,Red,derpyberd,15,1,castle_destroyed,1048,34.93,False,70,69,70,11,0,0,7083,7083,3,-1,1.0000,624
Red,7,caw,3,0,-,0,-,0,0,150,1,0,-1,0,Red,derpyberd,30,1,castle_destroyed,524,17.47,False,18,17,18,5,0,0,7083,7083,3,-1,1.0000,336
Red,7,caw,3,0,-,7,caw,1,2361,150,1,1,150,0,Red,derpyberd,0,1,castle_destroyed,415,13.83,False,0,-1,0,1,0,0,7083,7083,3,-1,1.0000,274
Red,7,caw,3,0,-,7,caw,1,2361,150,1,1,150,0,Red,derpyberd,1,1,force_destroyed,1336,44.53,False,1336,1099,1336,290,3697,0,7083,7083,0,1336,0.5312,-1
Red,7,caw,3,0,-,7,caw,1,2361,150,1,0,150,0,Red,derpyberd,2,1,force_destroyed,1832,61.07,False,916,795,916,162,3277,0,7083,7083,0,1832,0.5318,-1
Red,7,caw,3,0,-,7,caw,1,2361,150,1,1,150,0,Red,derpyberd,3,1,force_destroyed,1299,43.30,False,433,370,433,81,2794,0,7083,7083,0,1299,0.5353,-1
Red,7,caw,3,0,-,7,caw,1,2361,150,1,0,150,0,Red,derpyberd,5,1,force_destroyed,2984,99.47,False,597,574,597,38,2958,0,7083,7083,0,2984,0.7171,-1
Red,7,caw,3,0,-,7,caw,1,2361,150,1,0,150,0,Red,derpyberd,10,1,force_destroyed,4417,147.23,False,442,418,442,45,2803,0,7083,7083,0,4417,0.6141,-1
Red,7,caw,3,0,-,7,caw,1,2361,150,1,0,150,0,Red,derpyberd,15,1,force_destroyed,7006,233.53,False,468,466,468,30,2829,0,7083,7083,0,7006,1.0000,-1
Red,7,caw,3,0,-,7,caw,1,2361,150,1,0,150,0,Red,derpyberd,30,1,force_destroyed,1787,59.57,False,60,57,60,22,2421,0,7083,7083,0,1787,0.7459,-1
Red,7,caw,3,4,lobbo,0,-,0,0,150,1,0,-1,0,Red,derpyberd,0,1,castle_destroyed,338,11.27,False,0,0,0,0,0,12,7239,7083,3,-1,1.0000,143
Red,7,caw,3,4,lobbo,0,-,0,0,150,1,0,-1,0,Red,derpyberd,1,1,force_destroyed,5746,191.53,False,5746,5631,5746,121,5668,189,9540,7083,0,5668,0.6353,-1
Red,7,caw,3,4,lobbo,0,-,0,0,150,1,0,-1,0,Red,derpyberd,2,1,castle_destroyed,1831,61.03,False,916,908,916,50,0,62,7889,7083,3,-1,1.0000,871
Red,7,caw,3,4,lobbo,0,-,0,0,150,1,0,-1,0,Red,derpyberd,3,1,castle_destroyed,1191,39.70,False,397,392,397,33,0,40,7603,7083,3,-1,1.0000,525
Red,7,caw,3,4,lobbo,0,-,0,0,150,1,0,-1,0,Red,derpyberd,5,1,castle_destroyed,445,14.83,False,89,86,89,20,0,15,7278,7083,3,-1,1.0000,269
Red,7,caw,3,4,lobbo,0,-,0,0,150,1,0,-1,0,Red,derpyberd,10,1,castle_destroyed,338,11.27,False,34,33,34,10,0,12,7239,7083,3,-1,1.0000,188
Red,7,caw,3,4,lobbo,0,-,0,0,150,1,0,-1,0,Red,derpyberd,15,1,castle_destroyed,338,11.27,False,23,22,23,7,0,12,7239,7083,3,-1,1.0000,173
Red,7,caw,3,4,lobbo,0,-,0,0,150,1,0,-1,0,Red,derpyberd,30,1,castle_destroyed,338,11.27,False,12,11,12,4,0,12,7239,7083,3,-1,1.0000,151
Red,7,caw,3,4,lobbo,7,caw,1,2361,150,1,1,150,0,Red,derpyberd,0,1,castle_destroyed,351,11.70,False,0,-1,0,1,0,12,7239,7083,3,-1,1.0000,143
Red,7,caw,3,4,lobbo,7,caw,1,2361,150,1,0,150,0,Red,derpyberd,1,1,force_destroyed,2975,99.17,False,2975,2788,2975,192,5277,98,8357,7083,0,2916,0.6353,-1
Red,7,caw,3,4,lobbo,7,caw,1,2361,150,1,0,150,0,Red,derpyberd,2,1,castle_destroyed,1831,61.03,False,916,908,916,50,0,62,7889,7083,1,-1,1.0000,751
Red,7,caw,3,4,lobbo,7,caw,1,2361,150,1,1,150,0,Red,derpyberd,3,1,castle_destroyed,795,26.50,False,265,259,265,33,0,27,7434,7083,3,-1,1.0000,504
Red,7,caw,3,4,lobbo,7,caw,1,2361,150,1,1,150,0,Red,derpyberd,5,1,castle_destroyed,398,13.27,False,80,76,80,20,0,14,7265,7083,3,-1,1.0000,300
Red,7,caw,3,4,lobbo,7,caw,1,2361,150,1,1,150,0,Red,derpyberd,10,1,castle_destroyed,351,11.70,False,36,33,36,10,0,12,7239,7083,3,-1,1.0000,241
Red,7,caw,3,4,lobbo,7,caw,1,2361,150,1,1,150,0,Red,derpyberd,15,1,castle_destroyed,370,12.33,False,25,23,25,7,0,13,7252,7083,3,-1,1.0000,248
Red,7,caw,3,4,lobbo,7,caw,1,2361,150,1,1,150,0,Red,derpyberd,30,1,castle_destroyed,358,11.93,False,12,11,12,4,0,12,7239,7083,3,-1,1.0000,151
Red,7,caw,5,0,-,0,-,0,0,150,1,0,-1,0,Red,derpyberd,0,1,castle_destroyed,338,11.27,False,0,0,0,0,0,0,11805,11805,5,-1,1.0000,244
Red,7,caw,5,0,-,0,-,0,0,150,1,0,-1,0,Red,derpyberd,1,1,force_destroyed,3816,127.20,False,3816,3598,3816,239,3816,0,11805,11805,0,3816,0.5312,-1
Red,7,caw,5,0,-,0,-,0,0,150,1,0,-1,0,Red,derpyberd,2,1,force_destroyed,4501,150.03,False,2251,2163,2251,107,2251,0,11805,11805,0,4501,0.5729,-1
Red,7,caw,5,0,-,0,-,0,0,150,1,0,-1,0,Red,derpyberd,3,1,force_destroyed,5523,184.10,False,1841,1825,1841,61,1841,0,11805,11805,0,5523,1.0000,-1
Red,7,caw,5,0,-,0,-,0,0,150,1,0,-1,0,Red,derpyberd,5,1,castle_destroyed,6554,218.47,False,1311,1308,1311,34,0,0,11805,11805,5,-1,1.0000,1698
Red,7,caw,5,0,-,0,-,0,0,150,1,0,-1,0,Red,derpyberd,10,1,castle_destroyed,784,26.13,False,79,77,79,16,0,0,11805,11805,5,-1,1.0000,644
Red,7,caw,5,0,-,0,-,0,0,150,1,0,-1,0,Red,derpyberd,15,1,castle_destroyed,581,19.37,False,39,38,39,11,0,0,11805,11805,5,-1,1.0000,430
Red,7,caw,5,0,-,0,-,0,0,150,1,0,-1,0,Red,derpyberd,30,1,castle_destroyed,418,13.93,False,14,14,14,5,0,0,11805,11805,5,-1,1.0000,334
Red,7,caw,5,0,-,7,caw,1,2361,150,1,1,150,0,Red,derpyberd,0,1,castle_destroyed,368,12.27,False,0,-1,0,1,0,0,11805,11805,5,-1,1.0000,274
Red,7,caw,5,0,-,7,caw,1,2361,150,1,0,150,0,Red,derpyberd,1,1,force_destroyed,2122,70.73,False,2122,1850,2122,328,4483,0,11805,11805,0,2122,0.5312,-1
Red,7,caw,5,0,-,7,caw,1,2361,150,1,0,150,0,Red,derpyberd,2,1,force_destroyed,1989,66.30,False,995,860,995,295,3356,0,11805,11805,0,1989,0.5359,-1
Red,7,caw,5,0,-,7,caw,1,2361,150,1,0,150,0,Red,derpyberd,3,1,force_destroyed,3288,109.60,False,1096,1023,1096,79,3457,0,11805,11805,0,3288,0.5524,-1
Red,7,caw,5,0,-,7,caw,1,2361,150,1,0,150,0,Red,derpyberd,5,1,force_destroyed,5074,169.13,False,1015,1004,1015,35,3376,0,11805,11805,0,5074,1.0000,-1
Red,7,caw,5,0,-,7,caw,1,2361,150,1,0,150,0,Red,derpyberd,10,1,force_destroyed,4650,155.00,False,465,452,465,18,2826,0,11805,11805,0,4650,0.7047,-1
Red,7,caw,5,0,-,7,caw,1,2361,150,1,0,150,0,Red,derpyberd,15,1,castle_destroyed,2339,77.97,False,156,155,156,12,0,0,11805,11805,5,-1,1.0000,1770
Red,7,caw,5,0,-,7,caw,1,2361,150,1,0,150,0,Red,derpyberd,30,1,castle_destroyed,1813,60.43,False,61,60,61,9,0,0,11805,11805,5,-1,1.0000,513
Red,7,caw,5,4,lobbo,0,-,0,0,150,1,0,-1,0,Red,derpyberd,0,1,castle_destroyed,334,11.13,False,0,0,0,0,0,12,11961,11805,5,-1,1.0000,143
Red,7,caw,5,4,lobbo,0,-,0,0,150,1,0,-1,0,Red,derpyberd,1,1,force_destroyed,5863,195.43,False,5863,5744,5863,125,5782,193,14314,11805,0,5782,0.6353,-1
Red,7,caw,5,4,lobbo,0,-,0,0,150,1,0,-1,0,Red,derpyberd,2,1,castle_destroyed,1351,45.03,False,676,668,676,50,0,46,12403,11805,5,-1,1.0000,751
Red,7,caw,5,4,lobbo,0,-,0,0,150,1,0,-1,0,Red,derpyberd,3,1,castle_destroyed,689,22.97,False,230,225,230,33,0,23,12104,11805,5,-1,1.0000,495
Red,7,caw,5,4,lobbo,0,-,0,0,150,1,0,-1,0,Red,derpyberd,5,1,castle_destroyed,428,14.27,False,86,83,86,20,0,15,12000,11805,5,-1,1.0000,269
Red,7,caw,5,4,lobbo,0,-,0,0,150,1,0,-1,0,Red,derpyberd,10,1,castle_destroyed,334,11.13,False,34,32,34,10,0,12,11961,11805,5,-1,1.0000,188
Red,7,caw,5,4,lobbo,0,-,0,0,150,1,0,-1,0,Red,derpyberd,15,1,castle_destroyed,334,11.13,False,23,22,23,7,0,12,11961,11805,5,-1,1.0000,173
Red,7,caw,5,4,lobbo,0,-,0,0,150,1,0,-1,0,Red,derpyberd,30,1,castle_destroyed,334,11.13,False,12,11,12,4,0,12,11961,11805,5,-1,1.0000,151
Red,7,caw,5,4,lobbo,7,caw,1,2361,150,1,1,150,0,Red,derpyberd,0,1,castle_destroyed,351,11.70,False,0,-1,0,1,0,12,11961,11805,5,-1,1.0000,143
Red,7,caw,5,4,lobbo,7,caw,1,2361,150,1,0,150,0,Red,derpyberd,1,1,force_destroyed,3066,102.20,False,3066,2881,3066,190,5384,101,13118,11805,0,3023,0.6353,-1
Red,7,caw,5,4,lobbo,7,caw,1,2361,150,1,0,150,0,Red,derpyberd,2,1,castle_destroyed,1831,61.03,False,916,908,916,50,0,62,12611,11805,1,-1,1.0000,715
Red,7,caw,5,4,lobbo,7,caw,1,2361,150,1,1,150,0,Red,derpyberd,3,1,castle_destroyed,1044,34.80,False,348,342,348,33,0,35,12260,11805,5,-1,1.0000,480
Red,7,caw,5,4,lobbo,7,caw,1,2361,150,1,1,150,0,Red,derpyberd,5,1,castle_destroyed,394,13.13,False,79,75,79,20,0,14,11987,11805,5,-1,1.0000,300
Red,7,caw,5,4,lobbo,7,caw,1,2361,150,1,1,150,0,Red,derpyberd,10,1,castle_destroyed,350,11.67,False,35,33,35,10,0,12,11961,11805,5,-1,1.0000,241
Red,7,caw,5,4,lobbo,7,caw,1,2361,150,1,1,150,0,Red,derpyberd,15,1,castle_destroyed,367,12.23,False,25,23,25,7,0,13,11974,11805,5,-1,1.0000,248
Red,7,caw,5,4,lobbo,7,caw,1,2361,150,1,1,150,0,Red,derpyberd,30,1,castle_destroyed,351,11.70,False,12,11,12,4,0,12,11961,11805,5,-1,1.0000,151
White,7,eggo,1,0,-,0,-,0,0,150,1,0,-1,0,White,doggo,0,1,castle_destroyed,355,11.83,False,0,0,0,0,0,0,2066,2066,1,-1,1.0000,171
White,7,eggo,1,0,-,0,-,0,0,150,1,0,-1,0,White,doggo,1,1,force_destroyed,503,16.77,False,503,284,1509,219,1509,0,2066,2066,0,503,0.6235,-1
White,7,eggo,1,0,-,0,-,0,0,150,1,0,-1,0,White,doggo,2,1,force_destroyed,911,30.37,False,456,354,1368,120,1368,0,2066,2066,0,911,0.6265,-1
White,7,eggo,1,0,-,0,-,0,0,150,1,0,-1,0,White,doggo,3,1,force_destroyed,1305,43.50,False,435,377,1305,62,1305,0,2066,2066,0,1305,0.6294,-1
White,7,eggo,1,0,-,0,-,0,0,150,1,0,-1,0,White,doggo,5,1,force_destroyed,1739,57.97,False,348,313,1044,38,1044,0,2066,2066,0,1739,0.6347,-1
White,7,eggo,1,0,-,0,-,0,0,150,1,0,-1,0,White,doggo,10,1,force_destroyed,3797,126.57,False,380,375,1140,16,1140,0,2066,2066,0,3797,1.0000,-1
White,7,eggo,1,0,-,0,-,0,0,150,1,0,-1,0,White,doggo,15,1,force_destroyed,5506,183.53,False,368,364,1104,10,1104,0,2066,2066,0,5506,1.0000,-1
White,7,eggo,1,0,-,0,-,0,0,150,1,0,-1,0,White,doggo,30,1,force_destroyed,13380,446.00,False,446,445,1338,5,1338,0,2066,2066,0,13380,1.0000,-1
White,7,eggo,1,0,-,7,eggo,1,2066,150,1,0,150,0,White,doggo,0,1,force_destroyed,166,5.53,False,0,0,0,1,2066,0,2066,2066,0,166,0.9706,-1
White,7,eggo,1,0,-,7,eggo,1,2066,150,1,1,150,0,White,doggo,1,1,force_destroyed,238,7.93,False,238,105,714,180,2780,0,2066,2066,0,238,0.6235,-1
White,7,eggo,1,0,-,7,eggo,1,2066,150,1,1,150,0,White,doggo,2,1,force_destroyed,235,7.83,False,118,30,354,88,2420,0,2066,2066,0,235,0.6265,-1
White,7,eggo,1,0,-,7,eggo,1,2066,150,1,1,150,0,White,doggo,3,1,force_destroyed,228,7.60,False,76,38,228,60,2294,0,2066,2066,0,228,0.6294,-1
White,7,eggo,1,0,-,7,eggo,1,2066,150,1,1,150,0,White,doggo,5,1,force_destroyed,225,7.50,False,45,20,135,33,2201,0,2066,2066,0,225,0.6347,-1
White,7,eggo,1,0,-,7,eggo,1,2066,150,1,1,150,0,White,doggo,10,1,force_destroyed,215,7.17,False,22,10,66,16,2132,0,2066,2066,0,215,0.6824,-1
White,7,eggo,1,0,-,7,eggo,1,2066,150,1,1,150,0,White,doggo,15,1,force_destroyed,217,7.23,False,15,6,45,11,2111,0,2066,2066,0,217,0.6718,-1
White,7,eggo,1,0,-,7,eggo,1,2066,150,1,1,150,0,White,doggo,30,1,force_destroyed,202,6.73,False,7,4,21,6,2087,0,2066,2066,0,202,0.7647,-1
White,7,eggo,1,4,ringo,0,-,0,0,150,1,0,-1,0,White,doggo,0,1,castle_destroyed,355,11.83,False,0,0,0,0,0,12,2282,2066,1,-1,1.0000,132
White,7,eggo,1,4,ringo,0,-,0,0,150,1,0,-1,0,White,doggo,1,1,force_destroyed,1564,52.13,False,1564,1395,4692,175,4563,51,2984,2066,0,1521,0.6706,-1
White,7,eggo,1,4,ringo,0,-,0,0,150,1,0,-1,0,White,doggo,2,1,castle_destroyed,3073,102.43,False,1537,1529,4611,48,0,103,3920,2066,1,-1,1.0000,1153
White,7,eggo,1,4,ringo,0,-,0,0,150,1,0,-1,0,White,doggo,3,1,force_destroyed,5767,192.23,False,1923,1916,5769,32,5607,187,5432,2066,0,5605,1.0000,552
White,7,eggo,1,4,ringo,0,-,0,0,150,1,0,-1,0,White,doggo,5,1,castle_destroyed,663,22.10,False,133,130,399,19,0,23,2480,2066,1,-1,1.0000,255
White,7,eggo,1,4,ringo,0,-,0,0,150,1,0,-1,0,White,doggo,10,1,castle_destroyed,428,14.27,False,43,42,129,9,0,15,2336,2066,1,-1,1.0000,198
White,7,eggo,1,4,ringo,0,-,0,0,150,1,0,-1,0,White,doggo,15,1,castle_destroyed,355,11.83,False,24,23,72,6,0,12,2282,2066,1,-1,1.0000,161
White,7,eggo,1,4,ringo,0,-,0,0,150,1,0,-1,0,White,doggo,30,1,castle_destroyed,355,11.83,False,12,12,36,3,0,12,2282,2066,1,-1,1.0000,144
White,7,eggo,1,4,ringo,7,eggo,1,2066,150,1,0,150,0,White,doggo,0,1,castle_destroyed,393,13.10,False,0,0,0,1,0,14,2318,2066,1,-1,1.0000,132
White,7,eggo,1,4,ringo,7,eggo,1,2066,150,1,1,150,0,White,doggo,1,1,force_destroyed,295,9.83,False,295,155,885,143,2726,8,2210,2066,0,220,0.6706,-1
White,7,eggo,1,4,ringo,7,eggo,1,2066,150,1,1,150,0,White,doggo,2,1,force_destroyed,296,9.87,False,148,93,444,56,2372,7,2192,2066,0,204,0.7529,-1
White,7,eggo,1,4,ringo,7,eggo,1,2066,150,1,1,150,0,White,doggo,3,1,force_destroyed,293,9.77,False,98,60,294,39,2267,7,2192,2066,0,201,0.7682,-1
White,7,eggo,1,4,ringo,7,eggo,1,2066,150,1,1,150,0,White,doggo,5,1,force_destroyed,276,9.20,False,56,38,168,19,2177,7,2192,2066,0,184,0.8694,-1
White,7,eggo,1,4,ringo,7,eggo,1,2066,150,1,0,150,0,White,doggo,10,1,castle_destroyed,413,13.77,False,42,40,126,9,0,14,2318,2066,1,-1,1.0000,229
White,7,eggo,1,4,ringo,7,eggo,1,2066,150,1,0,150,0,White,doggo,15,1,castle_destroyed,401,13.37,False,27,26,81,6,0,14,2318,2066,1,-1,1.0000,176
White,7,eggo,1,4,ringo,7,eggo,1,2066,150,1,0,150,0,White,doggo,30,1,castle_destroyed,401,13.37,False,14,13,42,3,0,14,2318,2066,1,-1,1.0000,144
White,7,eggo,3,0,-,0,-,0,0,150,1,0,-1,0,White,doggo,0,1,castle_destroyed,247,8.23,False,0,0,0,0,0,0,6198,6198,3,-1,1.0000,171
White,7,eggo,3,0,-,0,-,0,0,150,1,0,-1,0,White,doggo,1,1,force_destroyed,1296,43.20,False,1296,1113,3888,184,3888,0,6198,6198,0,1296,0.6235,-1
White,7,eggo,3,0,-,0,-,0,0,150,1,0,-1,0,White,doggo,2,1,force_destroyed,1649,54.97,False,825,730,2475,98,2475,0,6198,6198,0,1649,0.6265,-1
White,7,eggo,3,0,-,0,-,0,0,150,1,0,-1,0,White,doggo,3,1,force_destroyed,2758,91.93,False,920,901,2760,54,2760,0,6198,6198,0,2758,0.9476,-1
White,7,eggo,3,0,-,0,-,0,0,150,1,0,-1,0,White,doggo,5,1,force_destroyed,3867,128.90,False,774,764,2322,29,2322,0,6198,6198,0,3867,1.0000,1580
White,7,eggo,3,0,-,0,-,0,0,150,1,0,-1,0,White,doggo,10,1,castle_destroyed,1134,37.80,False,114,112,342,14,0,0,6198,6198,3,-1,1.0000,824
White,7,eggo,3,0,-,0,-,0,0,150,1,0,-1,0,White,doggo,15,1,castle_destroyed,675,22.50,False,45,44,135,9,0,0,6198,6198,3,-1,1.0000,491
White,7,eggo,3,0,-,0,-,0,0,150,1,0,-1,0,White,doggo,30,1,castle_destroyed,393,13.10,False,14,13,42,4,0,0,6198,6198,3,-1,1.0000,255
White,7,eggo,3,0,-,7,eggo,1,2066,150,1,0,150,0,White,doggo,0,1,castle_destroyed,293,9.77,False,0,0,0,1,0,0,6198,6198,2,-1,1.0000,201
White,7,eggo,3,0,-,7,eggo,1,2066,150,1,0,150,0,White,doggo,1,1,force_destroyed,593,19.77,False,593,363,1779,230,3845,0,6198,6198,0,593,0.6235,-1
White,7,eggo,3,0,-,7,eggo,1,2066,150,1,0,150,0,White,doggo,2,1,force_destroyed,1459,48.63,False,730,631,2190,108,4256,0,6198,6198,0,1459,0.6265,-1
White,7,eggo,3,0,-,7,eggo,1,2066,150,1,1,150,0,White,doggo,3,1,force_destroyed,225,7.50,False,75,35,225,55,2291,0,6198,6198,0,225,0.6294,-1
White,7,eggo,3,0,-,7,eggo,1,2066,150,1,0,150,0,White,doggo,5,1,force_destroyed,1779,59.30,False,356,333,1068,35,3134,0,6198,6198,0,1779,0.6471,-1
White,7,eggo,3,0,-,7,eggo,1,2066,150,1,1,150,0,White,doggo,10,1,force_destroyed,214,7.13,False,22,10,66,15,2132,0,6198,6198,0,214,0.6924,-1
White,7,eggo,3,0,-,7,eggo,1,2066,150,1,1,150,0,White,doggo,15,1,force_destroyed,209,6.97,False,14,7,42,10,2108,0,6198,6198,0,209,0.7200,-1
White,7,eggo,3,0,-,7,eggo,1,2066,150,1,0,150,0,White,doggo,30,1,force_destroyed,199,6.63,False,7,5,21,5,2087,0,6198,6198,0,199,0.7824,-1
White,7,eggo,3,4,ringo,0,-,0,0,150,1,0,-1,0,White,doggo,0,1,castle_destroyed,247,8.23,False,0,0,0,0,0,9,6360,6198,3,-1,1.0000,132
White,7,eggo,3,4,ringo,0,-,0,0,150,1,0,-1,0,White,doggo,1,1,force_destroyed,2220,74.00,False,2220,2102,6660,124,6441,72,7494,6198,0,2147,0.6706,-1
White,7,eggo,3,4,ringo,0,-,0,0,150,1,0,-1,0,White,doggo,2,1,castle_destroyed,1483,49.43,False,742,734,2226,48,0,50,7098,6198,3,-1,1.0000,913
White,7,eggo,3,4,ringo,0,-,0,0,150,1,0,-1,0,White,doggo,3,1,force_destroyed,5887,196.23,False,1963,1956,5889,32,5715,191,9636,6198,0,5713,1.0000,441
White,7,eggo,3,4,ringo,0,-,0,0,150,1,0,-1,0,White,doggo,5,1,castle_destroyed,313,10.43,False,63,60,189,19,0,11,6396,6198,3,-1,1.0000,255
White,7,eggo,3,4,ringo,0,-,0,0,150,1,0,-1,0,White,doggo,10,1,castle_destroyed,290,9.67,False,29,28,87,9,0,10,6378,6198,3,-1,1.0000,198
White,7,eggo,3,4,ringo,0,-,0,0,150,1,0,-1,0,White,doggo,15,1,castle_destroyed,247,8.23,False,17,16,51,6,0,9,6360,6198,3,-1,1.0000,161
White,7,eggo,3,4,ringo,0,-,0,0,150,1,0,-1,0,White,doggo,30,1,castle_destroyed,247,8.23,False,9,8,27,3,0,9,6360,6198,3,-1,1.0000,144
White,7,eggo,3,4,ringo,7,eggo,1,2066,150,1,0,150,0,White,doggo,0,1,castle_destroyed,263,8.77,False,0,0,0,1,0,9,6360,6198,3,-1,1.0000,132
White,7,eggo,3,4,ringo,7,eggo,1,2066,150,1,0,150,0,White,doggo,1,1,force_destroyed,2020,67.33,False,2020,1859,6060,165,7946,66,7386,6198,0,1960,0.6706,-1
White,7,eggo,3,4,ringo,7,eggo,1,2066,150,1,1,150,0,White,doggo,2,1,force_destroyed,295,9.83,False,148,92,444,57,2372,7,6324,6198,0,203,0.7582,-1
White,7,eggo,3,4,ringo,7,eggo,1,2066,150,1,1,150,0,White,doggo,3,1,force_destroyed,292,9.73,False,98,60,294,39,2267,7,6324,6198,0,200,0.7706,-1
White,7,eggo,3,4,ringo,7,eggo,1,2066,150,1,0,150,0,White,doggo,5,1,castle_destroyed,524,17.47,False,105,102,315,19,0,18,6522,6198,1,-1,1.0000,315
White,7,eggo,3,4,ringo,7,eggo,1,2066,150,1,0,150,0,White,doggo,10,1,castle_destroyed,321,10.70,False,33,31,99,9,0,11,6396,6198,3,-1,1.0000,222
White,7,eggo,3,4,ringo,7,eggo,1,2066,150,1,0,150,0,White,doggo,15,1,castle_destroyed,263,8.77,False,18,17,54,6,0,9,6360,6198,3,-1,1.0000,176
White,7,eggo,3,4,ringo,7,eggo,1,2066,150,1,0,150,0,White,doggo,30,1,castle_destroyed,263,8.77,False,9,9,27,3,0,9,6360,6198,3,-1,1.0000,144
White,7,eggo,5,0,-,0,-,0,0,150,1,0,-1,0,White,doggo,0,1,castle_destroyed,247,8.23,False,0,0,0,0,0,0,10330,10330,5,-1,1.0000,171
White,7,eggo,5,0,-,0,-,0,0,150,1,0,-1,0,White,doggo,1,1,force_destroyed,1866,62.20,False,1866,1711,5598,155,5598,0,10330,10330,0,1866,0.6235,-1
White,7,eggo,5,0,-,0,-,0,0,150,1,0,-1,0,White,doggo,2,1,force_destroyed,1981,66.03,False,991,923,2973,88,2973,0,10330,10330,0,1981,0.6718,-1
White,7,eggo,5,0,-,0,-,0,0,150,1,0,-1,0,White,doggo,3,1,force_destroyed,3300,110.00,False,1100,1083,3300,54,3300,0,10330,10330,0,3300,1.0000,2484
White,7,eggo,5,0,-,0,-,0,0,150,1,0,-1,0,White,doggo,5,1,castle_destroyed,1554,51.80,False,311,308,933,29,0,0,10330,10330,5,-1,1.0000,1224
White,7,eggo,5,0,-,0,-,0,0,150,1,0,-1,0,White,doggo,10,1,castle_destroyed,735,24.50,False,74,72,222,14,0,0,10330,10330,5,-1,1.0000,551
White,7,eggo,5,0,-,0,-,0,0,150,1,0,-1,0,White,doggo,15,1,castle_destroyed,443,14.77,False,30,29,90,9,0,0,10330,10330,5,-1,1.0000,351
White,7,eggo,5,0,-,0,-,0,0,150,1,0,-1,0,White,doggo,30,1,castle_destroyed,307,10.23,False,11,10,33,4,0,0,10330,10330,5,-1,1.0000,255
White,7,eggo,5,0,-,7,eggo,1,2066,150,1,0,150,0,White,doggo,0,1,castle_destroyed,277,9.23,False,0,0,0,1,0,0,10330,10330,4,-1,1.0000,201
White,7,eggo,5,0,-,7,eggo,1,2066,150,1,0,150,0,White,doggo,1,1,force_destroyed,600,20.00,False,600,415,1800,236,3866,0,10330,10330,0,600,0.6235,-1
White,7,eggo,5,0,-,7,eggo,1,2066,150,1,0,150,0,White,doggo,2,1,force_destroyed,1010,33.67,False,505,415,1515,119,3581,0,10330,10330,0,1010,0.6265,-1
White,7,eggo,5,0,-,7,eggo,1,2066,150,1,0,150,0,White,doggo,3,1,force_destroyed,1418,47.27,False,473,421,1419,59,3485,0,10330,10330,0,1418,0.6294,-1
White,7,eggo,5,0,-,7,eggo,1,2066,150,1,0,150,0,White,doggo,5,1,force_destroyed,3104,103.47,False,621,609,1863,31,3929,0,10330,10330,0,3104,0.9641,-1
White,7,eggo,5,0,-,7,eggo,1,2066,150,1,0,150,0,White,doggo,10,1,castle_destroyed,3483,116.10,False,349,347,1047,15,0,0,10330,10330,2,-1,1.0000,1473
White,7,eggo,5,0,-,7,eggo,1,2066,150,1,0,150,0,White,doggo,15,1,castle_destroyed,3083,102.77,False,206,205,618,10,0,0,10330,10330,2,-1,1.0000,1255
White,7,eggo,5,0,-,7,eggo,1,2066,150,1,0,150,0,White,doggo,30,1,castle_destroyed,645,21.50,False,22,21,66,5,0,0,10330,10330,2,-1,1.0000,369
White,7,eggo,5,4,ringo,0,-,0,0,150,1,0,-1,0,White,doggo,0,1,castle_destroyed,247,8.23,False,0,0,0,0,0,9,10492,10330,5,-1,1.0000,132
White,7,eggo,5,4,ringo,0,-,0,0,150,1,0,-1,0,White,doggo,1,1,force_destroyed,2368,78.93,False,2368,2240,7104,128,6876,77,11716,10330,0,2292,0.6706,-1
White,7,eggo,5,4,ringo,0,-,0,0,150,1,0,-1,0,White,doggo,2,1,castle_destroyed,1009,33.63,False,505,497,1515,48,0,34,10942,10330,5,-1,1.0000,673
White,7,eggo,5,4,ringo,0,-,0,0,150,1,0,-1,0,White,doggo,3,1,castle_destroyed,543,18.10,False,181,176,543,32,0,19,10672,10330,5,-1,1.0000,453
White,7,eggo,5,4,ringo,0,-,0,0,150,1,0,-1,0,White,doggo,5,1,castle_destroyed,313,10.43,False,63,60,189,19,0,11,10528,10330,5,-1,1.0000,255
White,7,eggo,5,4,ringo,0,-,0,0,150,1,0,-1,0,White,doggo,10,1,castle_destroyed,261,8.70,False,27,25,81,9,0,9,10492,10330,5,-1,1.0000,198
White,7,eggo,5,4,ringo,0,-,0,0,150,1,0,-1,0,White,doggo,15,1,castle_destroyed,247,8.23,False,17,16,51,6,0,9,10492,10330,5,-1,1.0000,161
White,7,eggo,5,4,ringo,0,-,0,0,150,1,0,-1,0,White,doggo,30,1,castle_destroyed,247,8.23,False,9,8,27,3,0,9,10492,10330,5,-1,1.0000,144
White,7,eggo,5,4,ringo,7,eggo,1,2066,150,1,0,150,0,White,doggo,0,1,castle_destroyed,261,8.70,False,0,0,0,1,0,9,10492,10330,5,-1,1.0000,132
White,7,eggo,5,4,ringo,7,eggo,1,2066,150,1,0,150,0,White,doggo,1,1,force_destroyed,1978,65.93,False,1978,1801,5934,180,7847,65,11500,10330,0,1927,0.6706,-1
White,7,eggo,5,4,ringo,7,eggo,1,2066,150,1,0,150,0,White,doggo,2,1,castle_destroyed,1573,52.43,False,787,779,2361,48,0,53,11284,10330,2,-1,1.0000,851
White,7,eggo,5,4,ringo,7,eggo,1,2066,150,1,0,150,0,White,doggo,3,1,castle_destroyed,1631,54.37,False,544,539,1632,32,0,55,11320,10330,2,-1,1.0000,582
White,7,eggo,5,4,ringo,7,eggo,1,2066,150,1,0,150,0,White,doggo,5,1,castle_destroyed,422,14.07,False,85,82,255,19,0,15,10600,10330,3,-1,1.0000,315
White,7,eggo,5,4,ringo,7,eggo,1,2066,150,1,0,150,0,White,doggo,10,1,castle_destroyed,283,9.43,False,29,27,87,9,0,10,10510,10330,5,-1,1.0000,222
White,7,eggo,5,4,ringo,7,eggo,1,2066,150,1,0,150,0,White,doggo,15,1,castle_destroyed,261,8.70,False,18,17,54,6,0,9,10492,10330,5,-1,1.0000,176
White,7,eggo,5,4,ringo,7,eggo,1,2066,150,1,0,150,0,White,doggo,30,1,castle_destroyed,261,8.70,False,9,9,27,3,0,9,10492,10330,5,-1,1.0000,144
Yellow,7,deus,1,0,-,0,-,0,0,150,1,0,-1,0,Yellow,minnow,0,1,castle_destroyed,930,31.00,False,0,0,0,0,0,0,1281,1281,1,-1,1.0000,426
Yellow,7,deus,1,0,-,0,-,0,0,150,1,0,-1,0,Yellow,minnow,1,1,force_destroyed,1697,56.57,False,1697,1542,3394,229,3394,0,1281,1281,0,1697,0.2659,-1
Yellow,7,deus,1,0,-,0,-,0,0,150,1,0,-1,0,Yellow,minnow,2,1,force_destroyed,1900,63.33,False,950,874,1900,117,1900,0,1281,1281,0,1900,0.2682,-1
Yellow,7,deus,1,0,-,0,-,0,0,150,1,0,-1,0,Yellow,minnow,3,1,force_destroyed,2477,82.57,False,826,766,1652,68,1652,0,1281,1281,0,2477,0.2706,-1
Yellow,7,deus,1,0,-,0,-,0,0,150,1,0,-1,0,Yellow,minnow,5,1,force_destroyed,3549,118.30,False,710,683,1420,35,1420,0,1281,1281,0,3549,0.2753,-1
Yellow,7,deus,1,0,-,0,-,0,0,150,1,0,-1,0,Yellow,minnow,10,1,force_destroyed,5880,196.00,False,588,585,1176,17,1176,0,1281,1281,0,5880,0.8188,-1
Yellow,7,deus,1,0,-,0,-,0,0,150,1,0,-1,0,Yellow,minnow,15,1,force_destroyed,10037,334.57,False,670,668,1340,10,1340,0,1281,1281,0,10037,1.0000,-1
Yellow,7,deus,1,0,-,0,-,0,0,150,1,0,-1,0,Yellow,minnow,30,1,force_destroyed,19729,657.63,True,658,656,1316,5,1316,0,1281,1281,0,19729,1.0000,-1
Yellow,7,deus,1,0,-,7,deus,1,1281,150,1,0,150,0,Yellow,minnow,0,1,force_destroyed,859,28.63,False,0,0,0,1,1281,0,1281,1281,0,859,0.7070,-1
Yellow,7,deus,1,0,-,7,deus,1,1281,150,1,1,150,0,Yellow,minnow,1,1,force_destroyed,1289,42.97,False,1289,1132,2578,346,3859,0,1281,1281,0,1289,0.2659,-1
Yellow,7,deus,1,0,-,7,deus,1,1281,150,1,1,150,0,Yellow,minnow,2,1,force_destroyed,777,25.90,False,389,306,778,90,2059,0,1281,1281,0,777,0.2682,-1
Yellow,7,deus,1,0,-,7,deus,1,1281,150,1,1,150,0,Yellow,minnow,3,1,force_destroyed,1063,35.43,False,355,305,710,90,1991,0,1281,1281,0,1063,0.2706,-1
Yellow,7,deus,1,0,-,7,deus,1,1281,150,1,1,150,0,Yellow,minnow,5,1,force_destroyed,914,30.47,False,183,158,366,36,1647,0,1281,1281,0,914,0.2753,-1
Yellow,7,deus,1,0,-,7,deus,1,1281,150,1,1,150,0,Yellow,minnow,10,1,force_destroyed,1052,35.07,False,106,90,212,18,1493,0,1281,1281,0,1052,0.3759,-1
Yellow,7,deus,1,0,-,7,deus,1,1281,150,1,1,150,0,Yellow,minnow,15,1,force_destroyed,1187,39.57,False,80,67,160,24,1441,0,1281,1281,0,1187,0.4071,-1
Yellow,7,deus,1,0,-,7,deus,1,1281,150,1,1,150,0,Yellow,minnow,30,1,force_destroyed,1050,35.00,False,35,29,70,10,1351,0,1281,1281,0,1050,0.4800,-1
Yellow,7,deus,1,4,doc,0,-,0,0,150,1,0,-1,0,Yellow,minnow,0,1,castle_destroyed,678,22.60,False,0,0,0,0,0,23,1672,1281,1,-1,1.0000,143
Yellow,7,deus,1,4,doc,0,-,0,0,150,1,0,-1,0,Yellow,minnow,1,1,force_destroyed,2728,90.93,False,2728,2582,5456,157,5456,91,2828,1281,0,2728,0.3906,-1
Yellow,7,deus,1,4,doc,0,-,0,0,150,1,0,-1,0,Yellow,minnow,2,1,force_destroyed,7052,235.07,False,3526,3520,7052,40,6892,230,5191,1281,0,6892,1.0000,713
Yellow,7,deus,1,4,doc,0,-,0,0,150,1,0,-1,0,Yellow,minnow,3,1,force_destroyed,9352,311.73,False,3118,3114,6236,27,6120,306,6483,1281,0,9178,1.0000,534
Yellow,7,deus,1,4,doc,0,-,0,0,150,1,0,-1,0,Yellow,minnow,5,1,castle_destroyed,972,32.40,False,195,193,390,16,0,33,1842,1281,1,-1,1.0000,299
Yellow,7,deus,1,4,doc,0,-,0,0,150,1,0,-1,0,Yellow,minnow,10,1,castle_destroyed,846,28.20,False,85,84,170,8,0,29,1774,1281,1,-1,1.0000,182
Yellow,7,deus,1,4,doc,0,-,0,0,150,1,0,-1,0,Yellow,minnow,15,1,castle_destroyed,720,24.00,False,48,48,96,5,0,24,1689,1281,1,-1,1.0000,155
Yellow,7,deus,1,4,doc,0,-,0,0,150,1,0,-1,0,Yellow,minnow,30,1,castle_destroyed,678,22.60,False,23,23,46,3,0,23,1672,1281,1,-1,1.0000,148
Yellow,7,deus,1,4,doc,7,deus,1,1281,150,1,0,150,0,Yellow,minnow,0,1,castle_destroyed,1344,44.80,False,0,0,0,1,0,45,2046,1281,1,-1,1.0000,143
Yellow,7,deus,1,4,doc,7,deus,1,1281,150,1,1,150,0,Yellow,minnow,1,1,force_destroyed,985,32.83,False,985,841,1970,172,3205,33,1842,1281,0,962,0.3906,-1
Yellow,7,deus,1,4,doc,7,deus,1,1281,150,1,0,150,0,Yellow,minnow,2,1,force_destroyed,2702,90.07,False,1351,1345,2702,44,3823,85,2726,1281,0,2542,1.0000,1891
Yellow,7,deus,1,4,doc,7,deus,1,1281,150,1,0,150,0,Yellow,minnow,3,1,force_destroyed,5092,169.73,False,1698,1694,3396,27,4559,164,4069,1281,0,4915,1.0000,1170
Yellow,7,deus,1,4,doc,7,deus,1,1281,150,1,0,150,0,Yellow,minnow,5,1,castle_destroyed,1748,58.27,False,350,348,700,16,0,59,2284,1281,1,-1,1.0000,504
Yellow,7,deus,1,4,doc,7,deus,1,1281,150,1,1,150,0,Yellow,minnow,10,1,force_destroyed,1000,33.33,False,100,92,200,11,1465,31,1808,1281,0,916,0.8659,-1
Yellow,7,deus,1,4,doc,7,deus,1,1281,150,1,0,150,0,Yellow,minnow,15,1,castle_destroyed,1449,48.30,False,97,96,194,5,0,49,2114,1281,1,-1,1.0000,155
Yellow,7,deus,1,4,doc,7,deus,1,1281,150,1,0,150,0,Yellow,minnow,30,1,force_destroyed,2020,67.33,False,68,67,136,3,1369,44,2029,1281,0,1291,1.0000,148
Yellow,7,deus,3,0,-,0,-,0,0,150,1,0,-1,0,Yellow,minnow,0,1,castle_destroyed,612,20.40,False,0,0,0,0,0,0,3843,3843,3,-1,1.0000,426
Yellow,7,deus,3,0,-,0,-,0,0,150,1,0,-1,0,Yellow,minnow,1,1,force_destroyed,1882,62.73,False,1882,1727,3764,211,3764,0,3843,3843,0,1882,0.2659,-1
Yellow,7,deus,3,0,-,0,-,0,0,150,1,0,-1,0,Yellow,minnow,2,1,force_destroyed,2925,97.50,False,1463,1384,2926,114,2926,0,3843,3843,0,2925,0.2682,-1
Yellow,7,deus,3,0,-,0,-,0,0,150,1,0,-1,0,Yellow,minnow,3,1,force_destroyed,4725,157.50,False,1575,1550,3150,50,3150,0,3843,3843,0,4725,0.6024,-1
Yellow,7,deus,3,0,-,0,-,0,0,150,1,0,-1,0,Yellow,minnow,5,1,force_destroyed,6981,232.70,False,1397,1394,2794,30,2794,0,3843,3843,0,6981,1.0000,-1
Yellow,7,deus,3,0,-,0,-,0,0,150,1,0,-1,0,Yellow,minnow,10,1,castle_destroyed,2489,82.97,False,249,248,498,14,0,0,3843,3843,3,-1,1.0000,1373
Yellow,7,deus,3,0,-,0,-,0,0,150,1,0,-1,0,Yellow,minnow,15,1,castle_destroyed,1830,61.00,False,122,122,244,10,0,0,3843,3843,3,-1,1.0000,1103
Yellow,7,deus,3,0,-,0,-,0,0,150,1,0,-1,0,Yellow,minnow,30,1,castle_destroyed,780,26.00,False,26,26,52,5,0,0,3843,3843,3,-1,1.0000,484
Yellow,7,deus,3,0,-,7,deus,1,1281,150,1,0,150,0,Yellow,minnow,0,1,castle_destroyed,1154,38.47,False,0,0,0,1,0,0,3843,3843,3,-1,1.0000,486
Yellow,7,deus,3,0,-,7,deus,1,1281,150,1,0,150,0,Yellow,minnow,1,1,force_destroyed,1889,62.97,False,1889,1735,3778,271,5059,0,3843,3843,0,1889,0.2659,-1
Yellow,7,deus,3,0,-,7,deus,1,1281,150,1,0,150,0,Yellow,minnow,2,1,force_destroyed,1802,60.07,False,901,812,1802,130,3083,0,3843,3843,0,1802,0.2682,-1
Yellow,7,deus,3,0,-,7,deus,1,1281,150,1,0,150,0,Yellow,minnow,3,1,force_destroyed,2122,70.73,False,708,650,1416,78,2697,0,3843,3843,0,2122,0.2965,-1
Yellow,7,deus,3,0,-,7,deus,1,1281,150,1,0,150,0,Yellow,minnow,5,1,force_destroyed,1681,56.03,False,337,302,674,67,1955,0,3843,3843,0,1681,0.3294,-1
Yellow,7,deus,3,0,-,7,deus,1,1281,150,1,0,150,0,Yellow,minnow,10,1,force_destroyed,2014,67.13,False,202,184,404,32,1685,0,3843,3843,0,2014,0.4565,-1
Yellow,7,deus,3,0,-,7,deus,1,1281,150,1,0,150,0,Yellow,minnow,15,1,force_destroyed,2740,91.33,False,183,175,366,18,1647,0,3843,3843,0,2740,0.5224,-1
Yellow,7,deus,3,0,-,7,deus,1,1281,150,1,1,150,0,Yellow,minnow,30,1,force_destroyed,1030,34.33,False,35,30,70,7,1351,0,3843,3843,0,1030,0.8424,-1
Yellow,7,deus,3,4,doc,0,-,0,0,150,1,0,-1,0,Yellow,minnow,0,1,castle_destroyed,552,18.40,False,0,0,0,0,0,19,4166,3843,3,-1,1.0000,143
Yellow,7,deus,3,4,doc,0,-,0,0,150,1,0,-1,0,Yellow,minnow,1,1,force_destroyed,3252,108.40,False,3252,3127,6504,136,6468,108,5679,3843,0,3234,0.3906,-1
Yellow,7,deus,3,4,doc,0,-,0,0,150,1,0,-1,0,Yellow,minnow,2,1,castle_destroyed,3749,124.97,False,1875,1870,3750,40,0,125,5968,3843,3,-1,1.0000,667
Yellow,7,deus,3,4,doc,0,-,0,0,150,1,0,-1,0,Yellow,minnow,3,1,castle_destroyed,1356,45.20,False,452,449,904,27,0,46,4625,3843,3,-1,1.0000,516
Yellow,7,deus,3,4,doc,0,-,0,0,150,1,0,-1,0,Yellow,minnow,5,1,castle_destroyed,636,21.20,False,128,126,256,16,0,22,4217,3843,3,-1,1.0000,299
Yellow,7,deus,3,4,doc,0,-,0,0,150,1,0,-1,0,Yellow,minnow,10,1,castle_destroyed,612,20.40,False,62,61,124,8,0,21,4200,3843,3,-1,1.0000,182
Yellow,7,deus,3,4,doc,0,-,0,0,150,1,0,-1,0,Yellow,minnow,15,1,castle_destroyed,570,19.00,False,38,38,76,5,0,19,4166,3843,3,-1,1.0000,155
Yellow,7,deus,3,4,doc,0,-,0,0,150,1,0,-1,0,Yellow,minnow,30,1,castle_destroyed,552,18.40,False,19,19,38,3,0,19,4166,3843,3,-1,1.0000,148
Yellow,7,deus,3,4,doc,7,deus,1,1281,150,1,0,150,0,Yellow,minnow,0,1,castle_destroyed,860,28.67,False,0,0,0,1,0,29,4336,3843,3,-1,1.0000,143
Yellow,7,deus,3,4,doc,7,deus,1,1281,150,1,0,150,0,Yellow,minnow,1,1,force_destroyed,2007,66.90,False,2007,1862,4014,168,5269,67,4982,3843,0,1994,0.3906,-1
Yellow,7,deus,3,4,doc,7,deus,1,1281,150,1,0,150,0,Yellow,minnow,2,1,castle_destroyed,2161,72.03,False,1081,1076,2162,40,0,73,5084,3843,3,-1,1.0000,733
Yellow,7,deus,3,4,doc,7,deus,1,1281,150,1,0,150,0,Yellow,minnow,3,1,castle_destroyed,1281,42.70,False,427,424,854,27,0,43,4574,3843,3,-1,1.0000,594
Yellow,7,deus,3,4,doc,7,deus,1,1281,150,1,0,150,0,Yellow,minnow,5,1,castle_destroyed,1086,36.20,False,218,216,436,16,0,37,4472,3843,3,-1,1.0000,508
Yellow,7,deus,3,4,doc,7,deus,1,1281,150,1,0,150,0,Yellow,minnow,10,1,castle_destroyed,1008,33.60,False,101,100,202,8,0,34,4421,3843,3,-1,1.0000,443
Yellow,7,deus,3,4,doc,7,deus,1,1281,150,1,0,150,0,Yellow,minnow,15,1,castle_destroyed,947,31.57,False,64,63,128,5,0,32,4387,3843,3,-1,1.0000,155
Yellow,7,deus,3,4,doc,7,deus,1,1281,150,1,0,150,0,Yellow,minnow,30,1,castle_destroyed,947,31.57,False,32,32,64,3,0,32,4387,3843,3,-1,1.0000,148
Yellow,7,deus,5,0,-,0,-,0,0,150,1,0,-1,0,Yellow,minnow,0,1,castle_destroyed,570,19.00,False,0,0,0,0,0,0,6405,6405,5,-1,1.0000,426
Yellow,7,deus,5,0,-,0,-,0,0,150,1,0,-1,0,Yellow,minnow,1,1,force_destroyed,2386,79.53,False,2386,2220,4772,229,4772,0,6405,6405,0,2386,0.2659,-1
Yellow,7,deus,5,0,-,0,-,0,0,150,1,0,-1,0,Yellow,minnow,2,1,force_destroyed,2988,99.60,False,1494,1423,2988,117,2988,0,6405,6405,0,2988,0.2706,-1
Yellow,7,deus,5,0,-,0,-,0,0,150,1,0,-1,0,Yellow,minnow,3,1,force_destroyed,4515,150.50,False,1505,1475,3010,47,3010,0,6405,6405,0,4515,0.6282,-1
Yellow,7,deus,5,0,-,0,-,0,0,150,1,0,-1,0,Yellow,minnow,5,1,castle_destroyed,3847,128.23,False,770,768,1540,29,0,0,6405,6405,5,-1,1.0000,1788
Yellow,7,deus,5,0,-,0,-,0,0,150,1,0,-1,0,Yellow,minnow,10,1,castle_destroyed,1309,43.63,False,131,130,262,14,0,0,6405,6405,5,-1,1.0000,866
Yellow,7,deus,5,0,-,0,-,0,0,150,1,0,-1,0,Yellow,minnow,15,1,castle_destroyed,852,28.40,False,57,57,114,10,0,0,6405,6405,5,-1,1.0000,639
Yellow,7,deus,5,0,-,0,-,0,0,150,1,0,-1,0,Yellow,minnow,30,1,castle_destroyed,633,21.10,False,22,21,44,5,0,0,6405,6405,5,-1,1.0000,484
Yellow,7,deus,5,0,-,7,deus,1,1281,150,1,1,150,0,Yellow,minnow,0,1,castle_destroyed,734,24.47,False,0,-1,0,1,0,0,6405,6405,5,-1,1.0000,486
Yellow,7,deus,5,0,-,7,deus,1,1281,150,1,1,150,0,Yellow,minnow,1,1,force_destroyed,837,27.90,False,837,667,1674,194,2955,0,6405,6405,0,837,0.2659,-1
Yellow,7,deus,5,0,-,7,deus,1,1281,150,1,0,150,0,Yellow,minnow,2,1,force_destroyed,2019,67.30,False,1010,939,2020,117,3301,0,6405,6405,0,2019,0.2682,-1
Yellow,7,deus,5,0,-,7,deus,1,1281,150,1,0,150,0,Yellow,minnow,3,1,force_destroyed,1824,60.80,False,608,550,1216,79,2497,0,6405,6405,0,1824,0.3106,-1
Yellow,7,deus,5,0,-,7,deus,1,1281,150,1,0,150,0,Yellow,minnow,5,1,force_destroyed,3015,100.50,False,603,588,1206,39,2487,0,6405,6405,0,3015,0.6024,-1
Yellow,7,deus,5,0,-,7,deus,1,1281,150,1,1,150,0,Yellow,minnow,10,1,force_destroyed,1229,40.97,False,123,106,246,21,1527,0,6405,6405,0,1229,0.5012,-1
Yellow,7,deus,5,0,-,7,deus,1,1281,150,1,0,150,0,Yellow,minnow,15,1,force_destroyed,2870,95.67,False,192,187,384,24,1665,0,6405,6405,0,2870,0.7129,-1
Yellow,7,deus,5,0,-,7,deus,1,1281,150,1,1,150,0,Yellow,minnow,30,1,force_destroyed,950,31.67,False,32,27,64,6,1345,0,6405,6405,0,950,0.9671,-1
Yellow,7,deus,5,4,doc,0,-,0,0,150,1,0,-1,0,Yellow,minnow,0,1,castle_destroyed,540,18.00,False,0,0,0,0,0,18,6711,6405,5,-1,1.0000,143
Yellow,7,deus,5,4,doc,0,-,0,0,150,1,0,-1,0,Yellow,minnow,1,1,force_destroyed,3561,118.70,False,3561,3445,7122,124,7044,118,8411,6405,0,3522,0.3906,-1
Yellow,7,deus,5,4,doc,0,-,0,0,150,1,0,-1,0,Yellow,minnow,2,1,castle_destroyed,3301,110.03,False,1651,1646,3302,40,0,111,8292,6405,5,-1,1.0000,653
Yellow,7,deus,5,4,doc,0,-,0,0,150,1,0,-1,0,Yellow,minnow,3,1,castle_destroyed,833,27.77,False,278,275,556,27,0,28,6881,6405,5,-1,1.0000,516
Yellow,7,deus,5,4,doc,0,-,0,0,150,1,0,-1,0,Yellow,minnow,5,1,castle_destroyed,588,19.60,False,118,116,236,16,0,20,6745,6405,5,-1,1.0000,299
Yellow,7,deus,5,4,doc,0,-,0,0,150,1,0,-1,0,Yellow,minnow,10,1,castle_destroyed,579,19.30,False,58,57,116,8,0,20,6745,6405,5,-1,1.0000,182
Yellow,7,deus,5,4,doc,0,-,0,0,150,1,0,-1,0,Yellow,minnow,15,1,castle_destroyed,546,18.20,False,37,36,74,5,0,19,6728,6405,5,-1,1.0000,155
Yellow,7,deus,5,4,doc,0,-,0,0,150,1,0,-1,0,Yellow,minnow,30,1,castle_destroyed,540,18.00,False,18,18,36,3,0,18,6711,6405,5,-1,1.0000,148
Yellow,7,deus,5,4,doc,7,deus,1,1281,150,1,1,150,0,Yellow,minnow,0,1,castle_destroyed,630,21.00,False,0,-1,0,1,0,21,6762,6405,5,-1,1.0000,143
Yellow,7,deus,5,4,doc,7,deus,1,1281,150,1,0,150,0,Yellow,minnow,1,1,force_destroyed,2880,96.00,False,2880,2738,5760,152,7005,96,8037,6405,0,2862,0.3906,-1
Yellow,7,deus,5,4,doc,7,deus,1,1281,150,1,0,150,0,Yellow,minnow,2,1,force_destroyed,2702,90.07,False,1351,1345,2702,40,3831,85,7850,6405,0,2550,1.0000,1815
Yellow,7,deus,5,4,doc,7,deus,1,1281,150,1,0,150,0,Yellow,minnow,3,1,castle_destroyed,1005,33.50,False,335,332,670,27,0,34,6983,6405,5,-1,1.0000,597
Yellow,7,deus,5,4,doc,7,deus,1,1281,150,1,1,150,0,Yellow,minnow,5,1,castle_destroyed,809,26.97,False,162,159,324,16,0,27,6864,6405,5,-1,1.0000,508
Yellow,7,deus,5,4,doc,7,deus,1,1281,150,1,1,150,0,Yellow,minnow,10,1,castle_destroyed,709,23.63,False,71,69,142,8,0,24,6813,6405,5,-1,1.0000,443
Yellow,7,deus,5,4,doc,7,deus,1,1281,150,1,1,150,0,Yellow,minnow,15,1,castle_destroyed,694,23.13,False,47,45,94,5,0,24,6813,6405,5,-1,1.0000,155
Yellow,7,deus,5,4,doc,7,deus,1,1281,150,1,1,150,0,Yellow,minnow,30,1,castle_destroyed,681,22.70,False,23,22,46,3,0,23,6796,6405,5,-1,1.0000,148
