attacker_team,tier,attacker_unit,force_size,escort_tier,escort_unit,anchor_tier,anchor_unit,anchors_spawned,anchor_spend,anchor_delay,anchor_max,anchors_alive,anchor_first_tick,anchor_delayed_ticks,blocker_team,blocker_unit,interval_ticks,attacker_seat,outcome,ticks,seconds,beyond_game_limit,blockers_spawned,blockers_lost,blocker_spend,peak_blockers,spend_at_force_death,escorts_spawned,attacker_spend,force_spend,big_units_alive,force_died_tick,deepest_progress,first_castle_hit_tick
Black,5,evilbirdo,1,0,-,0,-,0,0,150,1,0,-1,0,Black,evilminnow,0,1,castle_destroyed,5620,187.33,False,0,0,0,0,0,0,64,64,1,-1,1.0000,132
Black,5,evilbirdo,1,0,-,0,-,0,0,150,1,0,-1,0,Black,evilminnow,1,1,force_destroyed,120,4.00,False,120,18,240,102,240,0,64,64,0,120,0.6000,-1
Black,5,evilbirdo,1,0,-,0,-,0,0,150,1,0,-1,0,Black,evilminnow,2,1,force_destroyed,150,5.00,False,75,25,150,50,150,0,64,64,0,150,0.6000,-1
Black,5,evilbirdo,1,0,-,0,-,0,0,150,1,0,-1,0,Black,evilminnow,3,1,force_destroyed,183,6.10,False,61,29,122,32,122,0,64,64,0,183,0.6288,-1
Black,5,evilbirdo,1,0,-,0,-,0,0,150,1,0,-1,0,Black,evilminnow,5,1,force_destroyed,238,7.93,False,48,29,96,19,96,0,64,64,0,238,0.6800,-1
Black,5,evilbirdo,1,0,-,0,-,0,0,150,1,0,-1,0,Black,evilminnow,10,1,force_destroyed,383,12.77,False,39,37,78,9,78,0,64,64,0,383,1.0000,-1
Black,5,evilbirdo,1,0,-,0,-,0,0,150,1,0,-1,0,Black,evilminnow,15,1,force_destroyed,453,15.10,False,31,29,62,6,62,0,64,64,0,453,1.0000,-1
Black,5,evilbirdo,1,0,-,0,-,0,0,150,1,0,-1,0,Black,evilminnow,30,1,force_destroyed,1091,36.37,False,37,36,74,3,74,0,64,64,0,1091,1.0000,160
Black,5,evilbirdo,1,0,-,5,evilbirdo,1,64,150,1,1,150,0,Black,evilminnow,0,1,force_destroyed,262,8.73,False,0,-1,0,1,64,0,64,64,0,262,1.0000,132
Black,5,evilbirdo,1,0,-,5,evilbirdo,0,0,150,1,0,-1,0,Black,evilminnow,1,1,force_destroyed,120,4.00,False,120,18,240,102,240,0,64,64,0,120,0.6000,-1
Black,5,evilbirdo,1,0,-,5,evilbirdo,0,0,150,1,0,-1,0,Black,evilminnow,2,1,force_destroyed,150,5.00,False,75,25,150,50,150,0,64,64,0,150,0.6000,-1
Black,5,evilbirdo,1,0,-,5,evilbirdo,1,64,150,1,1,150,0,Black,evilminnow,3,1,force_destroyed,183,6.10,False,61,28,122,33,186,0,64,64,0,183,0.6288,-1
Black,5,evilbirdo,1,0,-,5,evilbirdo,1,64,150,1,1,150,0,Black,evilminnow,5,1,force_destroyed,237,7.90,False,48,24,96,24,160,0,64,64,0,237,0.6647,-1
Black,5,evilbirdo,1,0,-,5,evilbirdo,1,64,150,1,1,150,0,Black,evilminnow,10,1,force_destroyed,260,8.67,False,26,17,52,12,116,0,64,64,0,260,0.7706,-1
Black,5,evilbirdo,1,0,-,5,evilbirdo,1,64,150,1,1,150,0,Black,evilminnow,15,1,force_destroyed,279,9.30,False,19,12,38,8,102,0,64,64,0,279,0.7824,-1
Black,5,evilbirdo,1,0,-,5,evilbirdo,1,64,150,1,1,150,0,Black,evilminnow,30,1,force_destroyed,272,9.07,False,10,6,20,4,84,0,64,64,0,272,1.0000,-1
Black,5,evilbirdo,1,4,evilnom,0,-,0,0,150,1,0,-1,0,Black,evilminnow,0,1,castle_destroyed,725,24.17,False,0,0,0,0,0,25,689,64,1,-1,1.0000,132
Black,5,evilbirdo,1,4,evilnom,0,-,0,0,150,1,0,-1,0,Black,evilminnow,1,1,force_destroyed,206,6.87,False,206,109,412,99,280,5,189,64,0,140,0.6000,-1
Black,5,evilbirdo,1,4,evilnom,0,-,0,0,150,1,0,-1,0,Black,evilminnow,2,1,force_destroyed,350,11.67,False,175,152,350,42,228,8,264,64,0,228,0.7118,-1
Black,5,evilbirdo,1,4,evilnom,0,-,0,0,150,1,0,-1,0,Black,evilminnow,3,1,force_destroyed,445,14.83,False,149,144,298,28,182,10,314,64,0,272,0.8294,-1
Black,5,evilbirdo,1,4,evilnom,0,-,0,0,150,1,0,-1,0,Black,evilminnow,5,1,force_destroyed,596,19.87,False,120,116,240,17,146,13,389,64,0,361,1.0000,257
Black,5,evilbirdo,1,4,evilnom,0,-,0,0,150,1,0,-1,0,Black,evilminnow,10,1,force_destroyed,1001,33.37,False,101,99,202,8,136,23,639,64,0,671,1.0000,165
Black,5,evilbirdo,1,4,evilnom,0,-,0,0,150,1,0,-1,0,Black,evilminnow,15,1,castle_destroyed,912,30.40,False,61,61,122,6,0,31,839,64,1,-1,1.0000,143
Black,5,evilbirdo,1,4,evilnom,0,-,0,0,150,1,0,-1,0,Black,evilminnow,30,1,castle_destroyed,744,24.80,False,25,25,50,3,0,25,689,64,1,-1,1.0000,143
Black,5,evilbirdo,1,4,evilnom,5,evilbirdo,1,64,150,1,0,150,0,Black,evilminnow,0,1,castle_destroyed,1001,33.37,False,0,0,0,1,64,12,364,64,0,354,1.0000,132
Black,5,evilbirdo,1,4,evilnom,5,evilbirdo,1,64,150,1,1,150,0,Black,evilminnow,1,1,force_destroyed,206,6.87,False,206,108,412,100,280,5,189,64,0,140,0.6000,-1
Black,5,evilbirdo,1,4,evilnom,5,evilbirdo,1,64,150,1,1,150,0,Black,evilminnow,2,1,force_destroyed,318,10.60,False,159,126,318,42,292,8,264,64,0,227,0.6824,-1
Black,5,evilbirdo,1,4,evilnom,5,evilbirdo,1,64,150,1,1,150,0,Black,evilminnow,3,1,force_destroyed,459,15.30,False,153,96,306,67,238,9,289,64,0,259,0.7465,-1
Black,5,evilbirdo,1,4,evilnom,5,evilbirdo,1,64,150,1,0,150,0,Black,evilminnow,5,1,force_destroyed,476,15.87,False,96,74,192,23,162,9,289,64,0,241,0.8471,-1
Black,5,evilbirdo,1,4,evilnom,5,evilbirdo,1,64,150,1,0,150,0,Black,evilminnow,10,1,force_destroyed,761,25.37,False,77,75,154,8,154,15,439,64,0,441,1.0000,289
Black,5,evilbirdo,1,4,evilnom,5,evilbirdo,1,64,150,1,0,150,0,Black,evilminnow,15,1,force_destroyed,806,26.87,False,54,53,108,6,114,13,389,64,0,366,1.0000,143
Black,5,evilbirdo,1,4,evilnom,5,evilbirdo,1,64,150,1,0,150,0,Black,evilminnow,30,1,force_destroyed,1091,36.37,False,37,36,74,3,88,12,364,64,0,354,1.0000,143
Black,5,evilbirdo,3,0,-,0,-,0,0,150,1,0,-1,0,Black,evilminnow,0,1,castle_destroyed,1986,66.20,False,0,0,0,0,0,0,192,192,3,-1,1.0000,132
Black,5,evilbirdo,3,0,-,0,-,0,0,150,1,0,-1,0,Black,evilminnow,1,1,force_destroyed,194,6.47,False,194,99,388,95,388,0,192,192,0,194,0.6000,-1
Black,5,evilbirdo,3,0,-,0,-,0,0,150,1,0,-1,0,Black,evilminnow,2,1,force_destroyed,234,7.80,False,117,66,234,51,234,0,192,192,0,234,0.6235,-1
Black,5,evilbirdo,3,0,-,0,-,0,0,150,1,0,-1,0,Black,evilminnow,3,1,force_destroyed,283,9.43,False,95,70,190,31,190,0,192,192,0,283,0.6918,-1
Black,5,evilbirdo,3,0,-,0,-,0,0,150,1,0,-1,0,Black,evilminnow,5,1,force_destroyed,383,12.77,False,77,68,154,18,154,0,192,192,0,383,0.8900,-1
Black,5,evilbirdo,3,0,-,0,-,0,0,150,1,0,-1,0,Black,evilminnow,10,1,force_destroyed,738,24.60,False,74,72,148,9,148,0,192,192,0,738,1.0000,216
Black,5,evilbirdo,3,0,-,0,-,0,0,150,1,0,-1,0,Black,evilminnow,15,1,force_destroyed,956,31.87,False,64,63,128,6,128,0,192,192,0,956,1.0000,198
Black,5,evilbirdo,3,0,-,0,-,0,0,150,1,0,-1,0,Black,evilminnow,30,1,force_destroyed,1548,51.60,False,52,51,104,3,104,0,192,192,0,1548,1.0000,160
Black,5,evilbirdo,3,0,-,5,evilbirdo,1,64,150,1,0,150,0,Black,evilminnow,0,1,castle_destroyed,2072,69.07,False,0,0,0,1,0,0,192,192,3,-1,1.0000,132
Black,5,evilbirdo,3,0,-,5,evilbirdo,1,64,150,1,1,150,0,Black,evilminnow,1,1,force_destroyed,194,6.47,False,194,98,388,96,452,0,192,192,0,194,0.6000,-1
Black,5,evilbirdo,3,0,-,5,evilbirdo,1,64,150,1,1,150,0,Black,evilminnow,2,1,force_destroyed,227,7.57,False,114,67,228,47,292,0,192,192,0,227,0.6235,-1
Black,5,evilbirdo,3,0,-,5,evilbirdo,1,64,150,1,1,150,0,Black,evilminnow,3,1,force_destroyed,277,9.23,False,93,58,186,37,250,0,192,192,0,277,0.6706,-1
Black,5,evilbirdo,3,0,-,5,evilbirdo,1,64,150,1,1,150,0,Black,evilminnow,5,1,force_destroyed,279,9.30,False,56,37,112,22,176,0,192,192,0,279,0.7300,-1
Black,5,evilbirdo,3,0,-,5,evilbirdo,1,64,150,1,1,150,0,Black,evilminnow,10,1,force_destroyed,328,10.93,False,33,27,66,10,130,0,192,192,0,328,0.8406,-1
Black,5,evilbirdo,3,0,-,5,evilbirdo,1,64,150,1,0,150,0,Black,evilminnow,15,1,force_destroyed,368,12.27,False,25,21,50,6,114,0,192,192,0,368,1.0000,307
Black,5,evilbirdo,3,0,-,5,evilbirdo,1,64,150,1,0,150,0,Black,evilminnow,30,1,force_destroyed,791,26.37,False,27,27,54,3,118,0,192,192,0,791,1.0000,193
Black,5,evilbirdo,3,4,evilnom,0,-,0,0,150,1,0,-1,0,Black,evilminnow,0,1,castle_destroyed,664,22.13,False,0,0,0,0,0,23,767,192,3,-1,1.0000,132
Black,5,evilbirdo,3,4,evilnom,0,-,0,0,150,1,0,-1,0,Black,evilminnow,1,1,force_destroyed,295,9.83,False,295,201,590,98,454,8,392,192,0,227,0.6000,-1
Black,5,evilbirdo,3,4,evilnom,0,-,0,0,150,1,0,-1,0,Black,evilminnow,2,1,force_destroyed,415,13.83,False,208,189,416,42,298,10,442,192,0,298,0.7588,-1
Black,5,evilbirdo,3,4,evilnom,0,-,0,0,150,1,0,-1,0,Black,evilminnow,3,1,force_destroyed,524,17.47,False,175,170,350,28,236,12,492,192,0,352,0.9547,418
Black,5,evilbirdo,3,4,evilnom,0,-,0,0,150,1,0,-1,0,Black,evilminnow,5,1,force_destroyed,716,23.87,False,144,140,288,17,200,17,617,192,0,496,1.0000,230
Black,5,evilbirdo,3,4,evilnom,0,-,0,0,150,1,0,-1,0,Black,evilminnow,10,1,castle_destroyed,1043,34.77,False,105,104,210,8,174,29,917,192,0,861,1.0000,165
Black,5,evilbirdo,3,4,evilnom,0,-,0,0,150,1,0,-1,0,Black,evilminnow,15,1,castle_destroyed,781,26.03,False,53,52,106,6,0,27,867,192,3,-1,1.0000,143
Black,5,evilbirdo,3,4,evilnom,0,-,0,0,150,1,0,-1,0,Black,evilminnow,30,1,castle_destroyed,680,22.67,False,23,23,46,3,0,23,767,192,3,-1,1.0000,143
Black,5,evilbirdo,3,4,evilnom,5,evilbirdo,1,64,150,1,0,150,0,Black,evilminnow,0,1,castle_destroyed,732,24.40,False,0,0,0,1,0,25,817,192,3,-1,1.0000,132
Black,5,evilbirdo,3,4,evilnom,5,evilbirdo,1,64,150,1,1,150,0,Black,evilminnow,1,1,force_destroyed,291,9.70,False,291,195,582,102,512,8,392,192,0,224,0.6000,-1
Black,5,evilbirdo,3,4,evilnom,5,evilbirdo,1,64,150,1,1,150,0,Black,evilminnow,2,1,force_destroyed,451,15.03,False,226,140,452,99,338,10,442,192,0,274,0.6941,-1
Black,5,evilbirdo,3,4,evilnom,5,evilbirdo,1,64,150,1,0,150,0,Black,evilminnow,3,1,force_destroyed,429,14.30,False,143,112,286,31,240,9,417,192,0,263,0.7606,-1
Black,5,evilbirdo,3,4,evilnom,5,evilbirdo,1,64,150,1,0,150,0,Black,evilminnow,5,1,force_destroyed,656,21.87,False,132,128,264,17,238,15,567,192,0,431,1.0000,325
Black,5,evilbirdo,3,4,evilnom,5,evilbirdo,1,64,150,1,0,150,0,Black,evilminnow,10,1,force_destroyed,1001,33.37,False,101,99,202,8,198,23,767,192,0,661,1.0000,210
Black,5,evilbirdo,3,4,evilnom,5,evilbirdo,1,64,150,1,0,150,0,Black,evilminnow,15,1,force_destroyed,1166,38.87,False,78,77,156,6,162,25,817,192,0,731,1.0000,143
Black,5,evilbirdo,3,4,evilnom,5,evilbirdo,1,64,150,1,0,150,0,Black,evilminnow,30,1,castle_destroyed,812,27.07,False,28,27,56,3,0,28,892,192,3,-1,1.0000,143
Black,5,evilbirdo,5,0,-,0,-,0,0,150,1,0,-1,0,Black,evilminnow,0,1,castle_destroyed,1282,42.73,False,0,0,0,0,0,0,320,320,5,-1,1.0000,132
Black,5,evilbirdo,5,0,-,0,-,0,0,150,1,0,-1,0,Black,evilminnow,1,1,force_destroyed,251,8.37,False,251,161,502,93,502,0,320,320,0,251,0.6000,-1
Black,5,evilbirdo,5,0,-,0,-,0,0,150,1,0,-1,0,Black,evilminnow,2,1,force_destroyed,301,10.03,False,151,103,302,48,302,0,320,320,0,301,0.6294,-1
Black,5,evilbirdo,5,0,-,0,-,0,0,150,1,0,-1,0,Black,evilminnow,3,1,force_destroyed,366,12.20,False,122,104,244,31,244,0,320,320,0,366,0.7506,-1
Black,5,evilbirdo,5,0,-,0,-,0,0,150,1,0,-1,0,Black,evilminnow,5,1,force_destroyed,503,16.77,False,101,97,202,18,202,0,320,320,0,503,1.0000,464
Black,5,evilbirdo,5,0,-,0,-,0,0,150,1,0,-1,0,Black,evilminnow,10,1,force_destroyed,841,28.03,False,85,82,170,9,170,0,320,320,0,841,1.0000,216
Black,5,evilbirdo,5,0,-,0,-,0,0,150,1,0,-1,0,Black,evilminnow,15,1,force_destroyed,1113,37.10,False,75,73,150,6,150,0,320,320,0,1113,1.0000,198
Black,5,evilbirdo,5,0,-,0,-,0,0,150,1,0,-1,0,Black,evilminnow,30,1,castle_destroyed,1457,48.57,False,49,49,98,3,0,0,320,320,5,-1,1.0000,160
Black,5,evilbirdo,5,0,-,5,evilbirdo,1,64,150,1,0,150,0,Black,evilminnow,0,1,castle_destroyed,1662,55.40,False,0,0,0,1,0,0,320,320,4,-1,1.0000,132
Black,5,evilbirdo,5,0,-,5,evilbirdo,1,64,150,1,1,150,0,Black,evilminnow,1,1,force_destroyed,269,8.97,False,269,146,538,123,602,0,320,320,0,269,0.6000,-1
Black,5,evilbirdo,5,0,-,5,evilbirdo,1,64,150,1,1,150,0,Black,evilminnow,2,1,force_destroyed,297,9.90,False,149,90,298,60,362,0,320,320,0,297,0.6235,-1
Black,5,evilbirdo,5,0,-,5,evilbirdo,1,64,150,1,1,150,0,Black,evilminnow,3,1,force_destroyed,307,10.23,False,103,67,206,36,270,0,320,320,0,307,0.6765,-1
Black,5,evilbirdo,5,0,-,5,evilbirdo,1,64,150,1,1,150,0,Black,evilminnow,5,1,force_destroyed,364,12.13,False,73,52,146,24,210,0,320,320,0,364,0.7300,-1
Black,5,evilbirdo,5,0,-,5,evilbirdo,1,64,150,1,0,150,0,Black,evilminnow,10,1,force_destroyed,671,22.37,False,68,66,136,9,200,0,320,320,0,671,1.0000,328
Black,5,evilbirdo,5,0,-,5,evilbirdo,1,64,150,1,0,150,0,Black,evilminnow,15,1,force_destroyed,656,21.87,False,44,43,88,6,152,0,320,320,0,656,1.0000,262
Black,5,evilbirdo,5,0,-,5,evilbirdo,1,64,150,1,0,150,0,Black,evilminnow,30,1,force_destroyed,828,27.60,False,28,27,56,3,120,0,320,320,0,828,1.0000,193
Black,5,evilbirdo,5,4,evilnom,0,-,0,0,150,1,0,-1,0,Black,evilminnow,0,1,castle_destroyed,618,20.60,False,0,0,0,0,0,21,845,320,5,-1,1.0000,132
Black,5,evilbirdo,5,4,evilnom,0,-,0,0,150,1,0,-1,0,Black,evilminnow,1,1,force_destroyed,355,11.83,False,355,261,710,98,574,10,570,320,0,287,0.6000,-1
Black,5,evilbirdo,5,4,evilnom,0,-,0,0,150,1,0,-1,0,Black,evilminnow,2,1,force_destroyed,517,17.23,False,259,248,518,42,364,13,645,320,0,363,0.8235,-1
Black,5,evilbirdo,5,4,evilnom,0,-,0,0,150,1,0,-1,0,Black,evilminnow,3,1,force_destroyed,614,20.47,False,205,200,410,28,284,15,695,320,0,425,1.0000,349
Black,5,evilbirdo,5,4,evilnom,0,-,0,0,150,1,0,-1,0,Black,evilminnow,5,1,force_destroyed,836,27.87,False,168,164,336,17,244,21,845,320,0,606,1.0000,230
Black,5,evilbirdo,5,4,evilnom,0,-,0,0,150,1,0,-1,0,Black,evilminnow,10,1,castle_destroyed,819,27.30,False,82,81,164,8,0,28,1020,320,4,-1,1.0000,165
Black,5,evilbirdo,5,4,evilnom,0,-,0,0,150,1,0,-1,0,Black,evilminnow,15,1,castle_destroyed,698,23.27,False,47,46,94,6,0,24,920,320,5,-1,1.0000,143
Black,5,evilbirdo,5,4,evilnom,0,-,0,0,150,1,0,-1,0,Black,evilminnow,30,1,castle_destroyed,631,21.03,False,22,21,44,3,0,22,870,320,5,-1,1.0000,143
Black,5,evilbirdo,5,4,evilnom,5,evilbirdo,1,64,150,1,0,150,0,Black,evilminnow,0,1,castle_destroyed,706,23.53,False,0,0,0,1,0,24,920,320,5,-1,1.0000,132
Black,5,evilbirdo,5,4,evilnom,5,evilbirdo,1,64,150,1,1,150,0,Black,evilminnow,1,1,force_destroyed,342,11.40,False,342,232,684,115,638,10,570,320,0,287,0.6000,-1
Black,5,evilbirdo,5,4,evilnom,5,evilbirdo,1,64,150,1,0,150,0,Black,evilminnow,2,1,force_destroyed,501,16.70,False,251,192,502,59,428,13,645,320,0,363,0.7000,-1
Black,5,evilbirdo,5,4,evilnom,5,evilbirdo,1,64,150,1,0,150,0,Black,evilminnow,3,1,force_destroyed,546,18.20,False,182,166,364,32,340,14,670,320,0,412,0.7885,-1
Black,5,evilbirdo,5,4,evilnom,5,evilbirdo,1,64,150,1,0,150,0,Black,evilminnow,5,1,force_destroyed,656,21.87,False,132,128,264,17,242,15,695,320,0,441,1.0000,390
Black,5,evilbirdo,5,4,evilnom,5,evilbirdo,1,64,150,1,0,150,0,Black,evilminnow,10,1,force_destroyed,1091,36.37,False,110,108,220,8,218,26,970,320,0,761,1.0000,210
Black,5,evilbirdo,5,4,evilnom,5,evilbirdo,1,64,150,1,0,150,0,Black,evilminnow,15,1,castle_destroyed,989,32.97,False,66,66,132,6,192,32,1120,320,0,956,1.0000,143
Black,5,evilbirdo,5,4,evilnom,5,evilbirdo,1,64,150,1,0,150,0,Black,evilminnow,30,1,castle_destroyed,802,26.73,False,27,27,54,3,0,27,995,320,4,-1,1.0000,143
Blue,5,squid,1,0,-,0,-,0,0,150,1,0,-1,0,Blue,fishy,0,1,castle_destroyed,5957,198.57,False,0,0,0,0,0,0,62,62,1,-1,1.0000,143
Blue,5,squid,1,0,-,0,-,0,0,150,1,0,-1,0,Blue,fishy,1,1,force_destroyed,133,4.43,False,133,20,399,113,399,0,62,62,0,133,0.6071,-1
Blue,5,squid,1,0,-,0,-,0,0,150,1,0,-1,0,Blue,fishy,2,1,force_destroyed,161,5.37,False,81,21,243,60,243,0,62,62,0,161,0.6194,-1
Blue,5,squid,1,0,-,0,-,0,0,150,1,0,-1,0,Blue,fishy,3,1,force_destroyed,212,7.07,False,71,37,213,38,213,0,62,62,0,212,0.6282,-1
Blue,5,squid,1,0,-,0,-,0,0,150,1,0,-1,0,Blue,fishy,5,1,force_destroyed,278,9.27,False,56,41,168,23,168,0,62,62,0,278,0.6629,-1
Blue,5,squid,1,0,-,0,-,0,0,150,1,0,-1,0,Blue,fishy,10,1,force_destroyed,412,13.73,False,42,33,126,11,126,0,62,62,0,412,0.7094,-1
Blue,5,squid,1,0,-,0,-,0,0,150,1,0,-1,0,Blue,fishy,15,1,force_destroyed,643,21.43,False,43,41,129,7,129,0,62,62,0,643,1.0000,-1
Blue,5,squid,1,0,-,0,-,0,0,150,1,0,-1,0,Blue,fishy,30,1,force_destroyed,1333,44.43,False,45,44,135,3,135,0,62,62,0,1333,1.0000,220
Blue,5,squid,1,0,-,5,squid,1,62,150,1,1,150,0,Blue,fishy,0,1,force_destroyed,263,8.77,False,0,-1,0,1,62,0,62,62,0,263,1.0000,143
Blue,5,squid,1,0,-,5,squid,0,0,150,1,0,-1,0,Blue,fishy,1,1,force_destroyed,133,4.43,False,133,20,399,113,399,0,62,62,0,133,0.6071,-1
Blue,5,squid,1,0,-,5,squid,1,62,150,1,1,150,0,Blue,fishy,2,1,force_destroyed,161,5.37,False,81,20,243,61,305,0,62,62,0,161,0.6194,-1
Blue,5,squid,1,0,-,5,squid,1,62,150,1,1,150,0,Blue,fishy,3,1,force_destroyed,212,7.07,False,71,36,213,39,275,0,62,62,0,212,0.6282,-1
Blue,5,squid,1,0,-,5,squid,1,62,150,1,1,150,0,Blue,fishy,5,1,force_destroyed,230,7.67,False,46,24,138,22,200,0,62,62,0,230,0.6565,-1
Blue,5,squid,1,0,-,5,squid,1,62,150,1,1,150,0,Blue,fishy,10,1,force_destroyed,274,9.13,False,28,14,84,14,146,0,62,62,0,274,0.6829,-1
Blue,5,squid,1,0,-,5,squid,1,62,150,1,1,150,0,Blue,fishy,15,1,force_destroyed,289,9.63,False,20,11,60,10,122,0,62,62,0,289,0.7306,-1
Blue,5,squid,1,0,-,5,squid,1,62,150,1,1,150,0,Blue,fishy,30,1,force_destroyed,284,9.47,False,10,6,30,4,92,0,62,62,0,284,0.9318,-1
Blue,5,squid,1,4,eel,0,-,0,0,150,1,0,-1,0,Blue,fishy,0,1,castle_destroyed,813,27.10,False,0,0,0,0,0,28,706,62,1,-1,1.0000,123
Blue,5,squid,1,4,eel,0,-,0,0,150,1,0,-1,0,Blue,fishy,1,1,force_destroyed,273,9.10,False,273,183,819,96,624,7,223,62,0,208,0.6459,-1
Blue,5,squid,1,4,eel,0,-,0,0,150,1,0,-1,0,Blue,fishy,2,1,force_destroyed,415,13.83,False,208,189,624,42,435,10,292,62,0,289,0.7941,-1
Blue,5,squid,1,4,eel,0,-,0,0,150,1,0,-1,0,Blue,fishy,3,1,force_destroyed,580,19.33,False,194,188,582,28,408,14,384,62,0,408,0.9876,432
Blue,5,squid,1,4,eel,0,-,0,0,150,1,0,-1,0,Blue,fishy,5,1,force_destroyed,773,25.77,False,155,152,465,17,333,19,499,62,0,553,1.0000,217
Blue,5,squid,1,4,eel,0,-,0,0,150,1,0,-1,0,Blue,fishy,10,1,force_destroyed,1303,43.43,False,131,129,393,8,297,33,821,62,0,983,1.0000,166
Blue,5,squid,1,4,eel,0,-,0,0,150,1,0,-1,0,Blue,fishy,15,1,castle_destroyed,1049,34.97,False,70,70,210,6,0,35,867,62,1,-1,1.0000,143
Blue,5,squid,1,4,eel,0,-,0,0,150,1,0,-1,0,Blue,fishy,30,1,castle_destroyed,834,27.80,False,28,28,84,3,0,28,706,62,1,-1,1.0000,128
Blue,5,squid,1,4,eel,5,squid,1,62,150,1,0,150,0,Blue,fishy,0,1,castle_destroyed,1016,33.87,False,0,0,0,1,0,34,844,62,1,-1,1.0000,123
Blue,5,squid,1,4,eel,5,squid,1,62,150,1,1,150,0,Blue,fishy,1,1,force_destroyed,261,8.70,False,261,160,783,102,686,7,223,62,0,208,0.6459,-1
Blue,5,squid,1,4,eel,5,squid,1,62,150,1,1,150,0,Blue,fishy,2,1,force_destroyed,305,10.17,False,153,117,459,42,422,8,246,62,0,240,0.7223,-1
Blue,5,squid,1,4,eel,5,squid,1,62,150,1,0,150,0,Blue,fishy,3,1,force_destroyed,447,14.90,False,149,128,447,30,386,11,315,62,0,322,0.7600,-1
Blue,5,squid,1,4,eel,5,squid,1,62,150,1,0,150,0,Blue,fishy,5,1,force_destroyed,653,21.77,False,131,128,393,17,323,15,407,62,0,433,1.0000,354
Blue,5,squid,1,4,eel,5,squid,1,62,150,1,0,150,0,Blue,fishy,10,1,force_destroyed,1093,36.43,False,110,108,330,8,290,26,660,62,0,753,1.0000,282
Blue,5,squid,1,4,eel,5,squid,1,62,150,1,0,150,0,Blue,fishy,15,1,force_destroyed,1213,40.43,False,81,80,243,6,218,26,660,62,0,778,1.0000,143
Blue,5,squid,1,4,eel,5,squid,1,62,150,1,0,150,0,Blue,fishy,30,1,castle_destroyed,1037,34.57,False,35,35,105,3,0,35,867,62,1,-1,1.0000,128
Blue,5,squid,3,0,-,0,-,0,0,150,1,0,-1,0,Blue,fishy,0,1,castle_destroyed,2103,70.10,False,0,0,0,0,0,0,186,186,3,-1,1.0000,143
Blue,5,squid,3,0,-,0,-,0,0,150,1,0,-1,0,Blue,fishy,1,1,force_destroyed,231,7.70,False,231,131,693,104,693,0,186,186,0,231,0.6071,-1
Blue,5,squid,3,0,-,0,-,0,0,150,1,0,-1,0,Blue,fishy,2,1,force_destroyed,298,9.93,False,149,110,447,52,447,0,186,186,0,298,0.6565,-1
Blue,5,squid,3,0,-,0,-,0,0,150,1,0,-1,0,Blue,fishy,3,1,force_destroyed,368,12.27,False,123,98,369,34,369,0,186,186,0,368,0.7271,-1
Blue,5,squid,3,0,-,0,-,0,0,150,1,0,-1,0,Blue,fishy,5,1,force_destroyed,483,16.10,False,97,86,291,20,291,0,186,186,0,483,0.8259,-1
Blue,5,squid,3,0,-,0,-,0,0,150,1,0,-1,0,Blue,fishy,10,1,force_destroyed,793,26.43,False,80,78,240,10,240,0,186,186,0,793,1.0000,262
Blue,5,squid,3,0,-,0,-,0,0,150,1,0,-1,0,Blue,fishy,15,1,force_destroyed,1333,44.43,False,89,88,267,7,267,0,186,186,0,1333,1.0000,214
Blue,5,squid,3,0,-,0,-,0,0,150,1,0,-1,0,Blue,fishy,30,1,force_destroyed,2503,83.43,False,84,83,252,3,252,0,186,186,0,2503,1.0000,176
Blue,5,squid,3,0,-,5,squid,1,62,150,1,0,150,0,Blue,fishy,0,1,castle_destroyed,2178,72.60,False,0,0,0,1,0,0,186,186,3,-1,1.0000,143
Blue,5,squid,3,0,-,5,squid,1,62,150,1,1,150,0,Blue,fishy,1,1,force_destroyed,218,7.27,False,218,115,654,104,716,0,186,186,0,218,0.6071,-1
Blue,5,squid,3,0,-,5,squid,1,62,150,1,1,150,0,Blue,fishy,2,1,force_destroyed,285,9.50,False,143,86,429,57,491,0,186,186,0,285,0.6353,-1
Blue,5,squid,3,0,-,5,squid,1,62,150,1,1,150,0,Blue,fishy,3,1,force_destroyed,318,10.60,False,106,65,318,41,380,0,186,186,0,318,0.6582,-1
Blue,5,squid,3,0,-,5,squid,1,62,150,1,1,150,0,Blue,fishy,5,1,force_destroyed,295,9.83,False,59,33,177,27,239,0,186,186,0,295,0.6829,-1
Blue,5,squid,3,0,-,5,squid,1,62,150,1,1,150,0,Blue,fishy,10,1,force_destroyed,350,11.67,False,35,25,105,12,167,0,186,186,0,350,0.7976,-1
Blue,5,squid,3,0,-,5,squid,1,62,150,1,1,150,0,Blue,fishy,15,1,force_destroyed,335,11.17,False,23,18,69,7,131,0,186,186,0,335,0.8382,-1
Blue,5,squid,3,0,-,5,squid,1,62,150,1,0,150,0,Blue,fishy,30,1,force_destroyed,493,16.43,False,17,16,51,3,113,0,186,186,0,493,1.0000,275
Blue,5,squid,3,4,eel,0,-,0,0,150,1,0,-1,0,Blue,fishy,0,1,castle_destroyed,737,24.57,False,0,0,0,0,0,25,761,186,3,-1,1.0000,123
Blue,5,squid,3,4,eel,0,-,0,0,150,1,0,-1,0,Blue,fishy,1,1,force_destroyed,363,12.10,False,363,273,1089,96,825,10,416,186,0,275,0.6459,-1
Blue,5,squid,3,4,eel,0,-,0,0,150,1,0,-1,0,Blue,fishy,2,1,force_destroyed,481,16.03,False,241,227,723,42,531,12,462,186,0,354,0.8418,-1
Blue,5,squid,3,4,eel,0,-,0,0,150,1,0,-1,0,Blue,fishy,3,1,force_destroyed,640,21.33,False,214,208,642,28,462,16,554,186,0,460,1.0000,375
Blue,5,squid,3,4,eel,0,-,0,0,150,1,0,-1,0,Blue,fishy,5,1,force_destroyed,893,29.77,False,179,176,537,17,399,23,715,186,0,663,1.0000,216
Blue,5,squid,3,4,eel,0,-,0,0,150,1,0,-1,0,Blue,fishy,10,1,castle_destroyed,1136,37.87,False,114,113,342,8,336,38,1060,186,0,1113,1.0000,166
Blue,5,squid,3,4,eel,0,-,0,0,150,1,0,-1,0,Blue,fishy,15,1,castle_destroyed,876,29.20,False,59,58,177,6,0,30,876,186,3,-1,1.0000,143
Blue,5,squid,3,4,eel,0,-,0,0,150,1,0,-1,0,Blue,fishy,30,1,castle_destroyed,754,25.13,False,26,25,78,3,0,26,784,186,3,-1,1.0000,128
Blue,5,squid,3,4,eel,5,squid,1,62,150,1,0,150,0,Blue,fishy,0,1,castle_destroyed,851,28.37,False,0,0,0,1,0,29,853,186,3,-1,1.0000,123
Blue,5,squid,3,4,eel,5,squid,1,62,150,1,1,150,0,Blue,fishy,1,1,force_destroyed,286,9.53,False,286,185,858,108,779,8,370,186,0,239,0.6459,-1
Blue,5,squid,3,4,eel,5,squid,1,62,150,1,0,150,0,Blue,fishy,2,1,force_destroyed,389,12.97,False,195,156,585,44,512,10,416,186,0,300,0.7306,-1
Blue,5,squid,3,4,eel,5,squid,1,62,150,1,0,150,0,Blue,fishy,3,1,force_destroyed,610,20.33,False,204,198,612,28,512,15,531,186,0,449,0.9265,543
Blue,5,squid,3,4,eel,5,squid,1,62,150,1,0,150,0,Blue,fishy,5,1,force_destroyed,863,28.77,False,173,170,519,17,458,22,692,186,0,658,1.0000,245
Blue,5,squid,3,4,eel,5,squid,1,62,150,1,0,150,0,Blue,fishy,10,1,force_destroyed,1213,40.43,False,122,120,366,8,329,30,876,186,0,883,1.0000,262
Blue,5,squid,3,4,eel,5,squid,1,62,150,1,0,150,0,Blue,fishy,15,1,castle_destroyed,1004,33.47,False,67,67,201,6,0,34,968,186,2,-1,1.0000,143
Blue,5,squid,3,4,eel,5,squid,1,62,150,1,0,150,0,Blue,fishy,30,1,castle_destroyed,868,28.93,False,29,29,87,3,0,29,853,186,3,-1,1.0000,128
Blue,5,squid,5,0,-,0,-,0,0,150,1,0,-1,0,Blue,fishy,0,1,castle_destroyed,1359,45.30,False,0,0,0,0,0,0,310,310,5,-1,1.0000,143
Blue,5,squid,5,0,-,0,-,0,0,150,1,0,-1,0,Blue,fishy,1,1,force_destroyed,272,9.07,False,272,166,816,106,816,0,310,310,0,272,0.6071,-1
Blue,5,squid,5,0,-,0,-,0,0,150,1,0,-1,0,Blue,fishy,2,1,force_destroyed,360,12.00,False,180,145,540,52,540,0,310,310,0,360,0.7041,-1
Blue,5,squid,5,0,-,0,-,0,0,150,1,0,-1,0,Blue,fishy,3,1,force_destroyed,450,15.00,False,150,130,450,34,450,0,310,310,0,450,0.7818,-1
Blue,5,squid,5,0,-,0,-,0,0,150,1,0,-1,0,Blue,fishy,5,1,force_destroyed,593,19.77,False,119,113,357,20,357,0,310,310,0,593,1.0000,442
Blue,5,squid,5,0,-,0,-,0,0,150,1,0,-1,0,Blue,fishy,10,1,force_destroyed,1090,36.33,False,109,106,327,10,327,0,310,310,0,1090,1.0000,241
Blue,5,squid,5,0,-,0,-,0,0,150,1,0,-1,0,Blue,fishy,15,1,force_destroyed,1573,52.43,False,105,104,315,7,315,0,310,310,0,1573,1.0000,214
Blue,5,squid,5,0,-,0,-,0,0,150,1,0,-1,0,Blue,fishy,30,1,castle_destroyed,1612,53.73,False,54,54,162,3,0,0,310,310,5,-1,1.0000,176
Blue,5,squid,5,0,-,5,squid,1,62,150,1,0,150,0,Blue,fishy,0,1,castle_destroyed,1735,57.83,False,0,0,0,1,0,0,310,310,4,-1,1.0000,143
Blue,5,squid,5,0,-,5,squid,1,62,150,1,1,150,0,Blue,fishy,1,1,force_destroyed,294,9.80,False,294,170,882,130,944,0,310,310,0,294,0.6071,-1
Blue,5,squid,5,0,-,5,squid,1,62,150,1,1,150,0,Blue,fishy,2,1,force_destroyed,324,10.80,False,162,89,486,73,548,0,310,310,0,324,0.6353,-1
Blue,5,squid,5,0,-,5,squid,1,62,150,1,0,150,0,Blue,fishy,3,1,force_destroyed,398,13.27,False,133,110,399,34,461,0,310,310,0,398,0.7006,-1
Blue,5,squid,5,0,-,5,squid,1,62,150,1,0,150,0,Blue,fishy,5,1,force_destroyed,334,11.13,False,67,44,201,28,263,0,310,310,0,334,0.6847,-1
Blue,5,squid,5,0,-,5,squid,1,62,150,1,0,150,0,Blue,fishy,10,1,force_destroyed,528,17.60,False,53,44,159,10,221,0,310,310,0,528,0.8047,-1
Blue,5,squid,5,0,-,5,squid,1,62,150,1,0,150,0,Blue,fishy,15,1,force_destroyed,513,17.10,False,35,31,105,7,167,0,310,310,0,513,0.8894,-1
Blue,5,squid,5,0,-,5,squid,1,62,150,1,0,150,0,Blue,fishy,30,1,force_destroyed,530,17.67,False,18,17,54,3,116,0,310,310,0,530,1.0000,243
Blue,5,squid,5,4,eel,0,-,0,0,150,1,0,-1,0,Blue,fishy,0,1,castle_destroyed,680,22.67,False,0,0,0,0,0,23,839,310,5,-1,1.0000,123
Blue,5,squid,5,4,eel,0,-,0,0,150,1,0,-1,0,Blue,fishy,1,1,force_destroyed,423,14.10,False,423,333,1269,96,1005,12,586,310,0,335,0.6459,-1
Blue,5,squid,5,4,eel,0,-,0,0,150,1,0,-1,0,Blue,fishy,2,1,force_destroyed,589,19.63,False,295,286,885,42,636,15,655,310,0,423,0.9106,-1
Blue,5,squid,5,4,eel,0,-,0,0,150,1,0,-1,0,Blue,fishy,3,1,force_destroyed,700,23.33,False,234,228,702,28,516,18,724,310,0,514,1.0000,378
Blue,5,squid,5,4,eel,0,-,0,0,150,1,0,-1,0,Blue,fishy,5,1,force_destroyed,953,31.77,False,191,188,573,17,441,25,885,310,0,733,1.0000,216
Blue,5,squid,5,4,eel,0,-,0,0,150,1,0,-1,0,Blue,fishy,10,1,castle_destroyed,928,30.93,False,93,92,279,8,0,31,1023,310,5,-1,1.0000,166
Blue,5,squid,5,4,eel,0,-,0,0,150,1,0,-1,0,Blue,fishy,15,1,castle_destroyed,767,25.57,False,52,51,156,6,0,26,908,310,5,-1,1.0000,143
Blue,5,squid,5,4,eel,0,-,0,0,150,1,0,-1,0,Blue,fishy,30,1,castle_destroyed,694,23.13,False,24,23,72,3,0,24,862,310,5,-1,1.0000,128
Blue,5,squid,5,4,eel,5,squid,1,62,150,1,0,150,0,Blue,fishy,0,1,castle_destroyed,826,27.53,False,0,0,0,1,0,28,954,310,5,-1,1.0000,123
Blue,5,squid,5,4,eel,5,squid,1,62,150,1,1,150,0,Blue,fishy,1,1,force_destroyed,400,13.33,False,400,294,1200,112,1106,12,586,310,0,348,0.6459,-1
Blue,5,squid,5,4,eel,5,squid,1,62,150,1,0,150,0,Blue,fishy,2,1,force_destroyed,569,18.97,False,285,269,855,42,725,15,655,310,0,442,0.8312,-1
Blue,5,squid,5,4,eel,5,squid,1,62,150,1,0,150,0,Blue,fishy,3,1,force_destroyed,700,23.33,False,234,228,702,28,590,18,724,310,0,526,1.0000,491
Blue,5,squid,5,4,eel,5,squid,1,62,150,1,0,150,0,Blue,fishy,5,1,force_destroyed,953,31.77,False,191,188,573,17,503,25,885,310,0,733,1.0000,245
Blue,5,squid,5,4,eel,5,squid,1,62,150,1,0,150,0,Blue,fishy,10,1,force_destroyed,1333,44.43,False,134,132,402,8,362,34,1092,310,0,993,1.0000,249
Blue,5,squid,5,4,eel,5,squid,1,62,150,1,0,150,0,Blue,fishy,15,1,castle_destroyed,925,30.83,False,62,61,186,6,0,31,1023,310,3,-1,1.0000,143
Blue,5,squid,5,4,eel,5,squid,1,62,150,1,0,150,0,Blue,fishy,30,1,castle_destroyed,844,28.13,False,29,28,87,3,0,29,977,310,5,-1,1.0000,128
Green,5,gecko,1,0,-,0,-,0,0,150,1,0,-1,0,Green,minisnecko,0,1,castle_destroyed,5978,199.27,False,0,0,0,0,0,0,46,46,1,-1,1.0000,143
Green,5,gecko,1,0,-,0,-,0,0,150,1,0,-1,0,Green,minisnecko,1,1,force_destroyed,132,4.40,False,132,31,132,101,132,0,46,46,0,132,0.5294,-1
Green,5,gecko,1,0,-,0,-,0,0,150,1,0,-1,0,Green,minisnecko,2,1,force_destroyed,179,5.97,False,90,49,90,52,90,0,46,46,0,179,0.5647,-1
Green,5,gecko,1,0,-,0,-,0,0,150,1,0,-1,0,Green,minisnecko,3,1,force_destroyed,206,6.87,False,69,40,69,39,69,0,46,46,0,206,0.5435,-1
Green,5,gecko,1,0,-,0,-,0,0,150,1,0,-1,0,Green,minisnecko,5,1,force_destroyed,301,10.03,False,61,46,61,23,61,0,46,46,0,301,0.5647,-1
Green,5,gecko,1,0,-,0,-,0,0,150,1,0,-1,0,Green,minisnecko,10,1,force_destroyed,630,21.00,False,63,63,63,8,63,0,46,46,0,630,1.0000,-1
Green,5,gecko,1,0,-,0,-,0,0,150,1,0,-1,0,Green,minisnecko,15,1,force_destroyed,591,19.70,False,40,36,40,7,40,0,46,46,0,591,0.7059,-1
Green,5,gecko,1,0,-,0,-,0,0,150,1,0,-1,0,Green,minisnecko,30,1,force_destroyed,1487,49.57,False,50,49,50,3,50,0,46,46,0,1487,1.0000,153
Green,5,gecko,1,0,-,5,gecko,1,46,150,1,1,150,0,Green,minisnecko,0,1,force_destroyed,250,8.33,False,0,-1,0,1,46,0,46,46,0,250,1.0000,143
Green,5,gecko,1,0,-,5,gecko,0,0,150,1,0,-1,0,Green,minisnecko,1,1,force_destroyed,132,4.40,False,132,31,132,101,132,0,46,46,0,132,0.5294,-1
Green,5,gecko,1,0,-,5,gecko,1,46,150,1,1,150,0,Green,minisnecko,2,1,force_destroyed,179,5.97,False,90,48,90,53,136,0,46,46,0,179,0.5647,-1
Green,5,gecko,1,0,-,5,gecko,1,46,150,1,1,150,0,Green,minisnecko,3,1,force_destroyed,206,6.87,False,69,39,69,40,115,0,46,46,0,206,0.5435,-1
Green,5,gecko,1,0,-,5,gecko,1,46,150,1,1,150,0,Green,minisnecko,5,1,force_destroyed,234,7.80,False,47,24,47,23,93,0,46,46,0,234,0.5576,-1
Green,5,gecko,1,0,-,5,gecko,1,46,150,1,1,150,0,Green,minisnecko,10,1,force_destroyed,268,8.93,False,27,21,27,9,73,0,46,46,0,268,0.8118,-1
Green,5,gecko,1,0,-,5,gecko,1,46,150,1,1,150,0,Green,minisnecko,15,1,force_destroyed,294,9.80,False,20,13,20,8,66,0,46,46,0,294,0.6282,-1
Green,5,gecko,1,0,-,5,gecko,1,46,150,1,1,150,0,Green,minisnecko,30,1,force_destroyed,251,8.37,False,9,7,9,3,55,0,46,46,0,251,1.0000,153
Green,5,gecko,1,4,snecko,0,-,0,0,150,1,0,-1,0,Green,minisnecko,0,1,castle_destroyed,887,29.57,False,0,0,0,0,0,30,676,46,1,-1,1.0000,143
Green,5,gecko,1,4,snecko,0,-,0,0,150,1,0,-1,0,Green,minisnecko,1,1,force_destroyed,303,10.10,False,303,223,303,81,210,7,193,46,0,210,0.5294,-1
Green,5,gecko,1,4,snecko,0,-,0,0,150,1,0,-1,0,Green,minisnecko,2,1,force_destroyed,464,15.47,False,232,212,232,43,138,10,256,46,0,276,0.6847,-1
Green,5,gecko,1,4,snecko,0,-,0,0,150,1,0,-1,0,Green,minisnecko,3,1,force_destroyed,637,21.23,False,213,209,213,27,122,13,319,46,0,366,0.9600,408
Green,5,gecko,1,4,snecko,0,-,0,0,150,1,0,-1,0,Green,minisnecko,5,1,force_destroyed,870,29.00,False,174,172,174,16,106,18,424,46,0,530,1.0000,224
Green,5,gecko,1,4,snecko,0,-,0,0,150,1,0,-1,0,Green,minisnecko,10,1,castle_destroyed,1114,37.13,False,112,111,112,8,102,34,760,46,0,1020,1.0000,184
Green,5,gecko,1,4,snecko,0,-,0,0,150,1,0,-1,0,Green,minisnecko,15,1,castle_destroyed,943,31.43,False,63,63,63,5,0,32,718,46,1,-1,1.0000,170
Green,5,gecko,1,4,snecko,0,-,0,0,150,1,0,-1,0,Green,minisnecko,30,1,castle_destroyed,899,29.97,False,30,30,30,3,0,30,676,46,1,-1,1.0000,153
Green,5,gecko,1,4,snecko,5,gecko,1,46,150,1,0,150,0,Green,minisnecko,0,1,castle_destroyed,917,30.57,False,0,0,0,1,0,31,697,46,1,-1,1.0000,143
Green,5,gecko,1,4,snecko,5,gecko,1,46,150,1,1,150,0,Green,minisnecko,1,1,force_destroyed,339,11.30,False,339,190,339,151,256,7,193,46,0,210,0.5294,-1
Green,5,gecko,1,4,snecko,5,gecko,1,46,150,1,1,150,0,Green,minisnecko,2,1,force_destroyed,373,12.43,False,187,127,187,61,159,8,214,46,0,226,0.6282,-1
Green,5,gecko,1,4,snecko,5,gecko,1,46,150,1,1,150,0,Green,minisnecko,3,1,force_destroyed,417,13.90,False,139,98,139,42,127,9,235,46,0,241,0.7129,-1
Green,5,gecko,1,4,snecko,5,gecko,1,46,150,1,0,150,0,Green,minisnecko,5,1,force_destroyed,750,25.00,False,150,148,150,16,129,14,340,46,0,415,1.0000,293
Green,5,gecko,1,4,snecko,5,gecko,1,46,150,1,0,150,0,Green,minisnecko,10,1,force_destroyed,1310,43.67,False,131,130,131,8,122,26,592,46,0,760,1.0000,268
Green,5,gecko,1,4,snecko,5,gecko,1,46,150,1,0,150,0,Green,minisnecko,15,1,castle_destroyed,1232,41.07,False,83,82,83,5,91,23,529,46,0,670,1.0000,187
Green,5,gecko,1,4,snecko,5,gecko,1,46,150,1,0,150,0,Green,minisnecko,30,1,castle_destroyed,975,32.50,False,33,33,33,3,0,33,739,46,1,-1,1.0000,153
Green,5,gecko,3,0,-,0,-,0,0,150,1,0,-1,0,Green,minisnecko,0,1,castle_destroyed,2108,70.27,False,0,0,0,0,0,0,138,138,3,-1,1.0000,143
Green,5,gecko,3,0,-,0,-,0,0,150,1,0,-1,0,Green,minisnecko,1,1,force_destroyed,242,8.07,False,242,152,242,92,242,0,138,138,0,242,0.5294,-1
Green,5,gecko,3,0,-,0,-,0,0,150,1,0,-1,0,Green,minisnecko,2,1,force_destroyed,325,10.83,False,163,128,163,44,163,0,138,138,0,325,0.6494,-1
Green,5,gecko,3,0,-,0,-,0,0,150,1,0,-1,0,Green,minisnecko,3,1,force_destroyed,389,12.97,False,130,111,130,29,130,0,138,138,0,389,0.7129,-1
Green,5,gecko,3,0,-,0,-,0,0,150,1,0,-1,0,Green,minisnecko,5,1,force_destroyed,540,18.00,False,108,105,108,17,108,0,138,138,0,540,1.0000,359
Green,5,gecko,3,0,-,0,-,0,0,150,1,0,-1,0,Green,minisnecko,10,1,force_destroyed,950,31.67,False,95,93,95,8,95,0,138,138,0,950,1.0000,286
Green,5,gecko,3,0,-,0,-,0,0,150,1,0,-1,0,Green,minisnecko,15,1,force_destroyed,1705,56.83,False,114,113,114,5,114,0,138,138,0,1705,1.0000,187
Green,5,gecko,3,0,-,0,-,0,0,150,1,0,-1,0,Green,minisnecko,30,1,force_destroyed,2440,81.33,False,82,81,82,3,82,0,138,138,0,2440,1.0000,153
Green,5,gecko,3,0,-,5,gecko,1,46,150,1,0,150,0,Green,minisnecko,0,1,castle_destroyed,2190,73.00,False,0,0,0,1,0,0,138,138,3,-1,1.0000,143
Green,5,gecko,3,0,-,5,gecko,1,46,150,1,1,150,0,Green,minisnecko,1,1,force_destroyed,229,7.63,False,229,136,229,93,275,0,138,138,0,229,0.5294,-1
Green,5,gecko,3,0,-,5,gecko,1,46,150,1,1,150,0,Green,minisnecko,2,1,force_destroyed,277,9.23,False,139,95,139,50,185,0,138,138,0,277,0.6071,-1
Green,5,gecko,3,0,-,5,gecko,1,46,150,1,1,150,0,Green,minisnecko,3,1,force_destroyed,290,9.67,False,97,74,97,29,143,0,138,138,0,290,0.6141,-1
Green,5,gecko,3,0,-,5,gecko,1,46,150,1,1,150,0,Green,minisnecko,5,1,force_destroyed,291,9.70,False,59,42,59,19,105,0,138,138,0,291,0.7271,-1
Green,5,gecko,3,0,-,5,gecko,1,46,150,1,1,150,0,Green,minisnecko,10,1,force_destroyed,311,10.37,False,32,27,32,9,78,0,138,138,0,311,0.8118,-1
Green,5,gecko,3,0,-,5,gecko,1,46,150,1,0,150,0,Green,minisnecko,15,1,force_destroyed,347,11.57,False,24,21,24,5,70,0,138,138,0,347,1.0000,294
Green,5,gecko,3,0,-,5,gecko,1,46,150,1,0,150,0,Green,minisnecko,30,1,force_destroyed,1360,45.33,False,46,45,46,3,92,0,138,138,0,1360,1.0000,153
Green,5,gecko,3,4,snecko,0,-,0,0,150,1,0,-1,0,Green,minisnecko,0,1,castle_destroyed,798,26.60,False,0,0,0,0,0,27,705,138,3,-1,1.0000,143
Green,5,gecko,3,4,snecko,0,-,0,0,150,1,0,-1,0,Green,minisnecko,1,1,force_destroyed,363,12.10,False,363,283,363,81,270,9,327,138,0,270,0.5294,-1
Green,5,gecko,3,4,snecko,0,-,0,0,150,1,0,-1,0,Green,minisnecko,2,1,force_destroyed,552,18.40,False,276,268,276,43,179,12,390,138,0,357,0.8329,-1
Green,5,gecko,3,4,snecko,0,-,0,0,150,1,0,-1,0,Green,minisnecko,3,1,force_destroyed,697,23.23,False,233,229,233,27,149,15,453,138,0,445,1.0000,341
Green,5,gecko,3,4,snecko,0,-,0,0,150,1,0,-1,0,Green,minisnecko,5,1,force_destroyed,990,33.00,False,198,196,198,16,132,22,600,138,0,660,1.0000,232
Green,5,gecko,3,4,snecko,0,-,0,0,150,1,0,-1,0,Green,minisnecko,10,1,castle_destroyed,913,30.43,False,92,91,92,8,0,31,789,138,3,-1,1.0000,179
Green,5,gecko,3,4,snecko,0,-,0,0,150,1,0,-1,0,Green,minisnecko,15,1,castle_destroyed,827,27.57,False,56,55,56,5,0,28,726,138,3,-1,1.0000,170
Green,5,gecko,3,4,snecko,0,-,0,0,150,1,0,-1,0,Green,minisnecko,30,1,castle_destroyed,806,26.87,False,27,27,27,3,0,27,705,138,3,-1,1.0000,153
Green,5,gecko,3,4,snecko,5,gecko,1,46,150,1,0,150,0,Green,minisnecko,0,1,castle_destroyed,832,27.73,False,0,0,0,1,0,28,726,138,3,-1,1.0000,143
Green,5,gecko,3,4,snecko,5,gecko,1,46,150,1,1,150,0,Green,minisnecko,1,1,force_destroyed,365,12.17,False,365,219,365,167,284,8,306,138,0,238,0.5294,-1
Green,5,gecko,3,4,snecko,5,gecko,1,46,150,1,0,150,0,Green,minisnecko,2,1,force_destroyed,482,16.07,False,241,180,241,65,208,11,369,138,0,323,0.7129,-1
Green,5,gecko,3,4,snecko,5,gecko,1,46,150,1,0,150,0,Green,minisnecko,3,1,force_destroyed,607,20.23,False,203,199,203,27,158,12,390,138,0,335,0.8188,501
Green,5,gecko,3,4,snecko,5,gecko,1,46,150,1,0,150,0,Green,minisnecko,5,1,force_destroyed,900,30.00,False,180,178,180,16,159,19,537,138,0,565,1.0000,338
Green,5,gecko,3,4,snecko,5,gecko,1,46,150,1,0,150,0,Green,minisnecko,10,1,castle_destroyed,1002,33.40,False,101,100,101,8,144,33,831,138,0,980,1.0000,237
Green,5,gecko,3,4,snecko,5,gecko,1,46,150,1,0,150,0,Green,minisnecko,15,1,castle_destroyed,953,31.77,False,64,63,64,5,0,32,810,138,2,-1,1.0000,173
Green,5,gecko,3,4,snecko,5,gecko,1,46,150,1,0,150,0,Green,minisnecko,30,1,castle_destroyed,875,29.17,False,30,29,30,3,0,30,768,138,3,-1,1.0000,153
Green,5,gecko,5,0,-,0,-,0,0,150,1,0,-1,0,Green,minisnecko,0,1,castle_destroyed,1358,45.27,False,0,0,0,0,0,0,230,230,5,-1,1.0000,143
Green,5,gecko,5,0,-,0,-,0,0,150,1,0,-1,0,Green,minisnecko,1,1,force_destroyed,307,10.23,False,307,218,307,89,307,0,230,230,0,307,0.5294,-1
Green,5,gecko,5,0,-,0,-,0,0,150,1,0,-1,0,Green,minisnecko,2,1,force_destroyed,408,13.60,False,204,178,204,44,204,0,230,230,0,408,0.7129,-1
Green,5,gecko,5,0,-,0,-,0,0,150,1,0,-1,0,Green,minisnecko,3,1,force_destroyed,479,15.97,False,160,150,160,29,160,0,230,230,0,479,0.9459,-1
Green,5,gecko,5,0,-,0,-,0,0,150,1,0,-1,0,Green,minisnecko,5,1,force_destroyed,677,22.57,False,136,131,136,17,136,0,230,230,0,677,1.0000,328
Green,5,gecko,5,0,-,0,-,0,0,150,1,0,-1,0,Green,minisnecko,10,1,force_destroyed,1070,35.67,False,107,106,107,8,107,0,230,230,0,1070,1.0000,286
Green,5,gecko,5,0,-,0,-,0,0,150,1,0,-1,0,Green,minisnecko,15,1,force_destroyed,1765,58.83,False,118,117,118,5,118,0,230,230,0,1765,1.0000,187
Green,5,gecko,5,0,-,0,-,0,0,150,1,0,-1,0,Green,minisnecko,30,1,castle_destroyed,1858,61.93,False,62,62,62,3,0,0,230,230,5,-1,1.0000,153
Green,5,gecko,5,0,-,5,gecko,1,46,150,1,0,150,0,Green,minisnecko,0,1,castle_destroyed,1469,48.97,False,0,0,0,1,0,0,230,230,5,-1,1.0000,143
Green,5,gecko,5,0,-,5,gecko,1,46,150,1,1,150,0,Green,minisnecko,1,1,force_destroyed,295,9.83,False,295,209,295,100,341,0,230,230,0,295,0.5294,-1
Green,5,gecko,5,0,-,5,gecko,1,46,150,1,1,150,0,Green,minisnecko,2,1,force_destroyed,307,10.23,False,154,100,154,54,200,0,230,230,0,307,0.6282,-1
Green,5,gecko,5,0,-,5,gecko,1,46,150,1,0,150,0,Green,minisnecko,3,1,force_destroyed,378,12.60,False,126,97,126,29,172,0,230,230,0,378,0.6424,-1
Green,5,gecko,5,0,-,5,gecko,1,46,150,1,1,150,0,Green,minisnecko,5,1,force_destroyed,358,11.93,False,72,52,72,20,118,0,230,230,0,358,0.7271,-1
Green,5,gecko,5,0,-,5,gecko,1,46,150,1,0,150,0,Green,minisnecko,10,1,force_destroyed,927,30.90,False,93,91,93,8,139,0,230,230,0,927,1.0000,348
Green,5,gecko,5,0,-,5,gecko,1,46,150,1,0,150,0,Green,minisnecko,15,1,force_destroyed,550,18.33,False,37,35,37,5,83,0,230,230,0,550,1.0000,263
Green,5,gecko,5,0,-,5,gecko,1,46,150,1,0,150,0,Green,minisnecko,30,1,force_destroyed,2170,72.33,False,73,73,73,3,119,0,230,230,0,2170,1.0000,153
Green,5,gecko,5,4,snecko,0,-,0,0,150,1,0,-1,0,Green,minisnecko,0,1,castle_destroyed,728,24.27,False,0,0,0,0,0,25,755,230,5,-1,1.0000,143
Green,5,gecko,5,4,snecko,0,-,0,0,150,1,0,-1,0,Green,minisnecko,1,1,force_destroyed,423,14.10,False,423,343,423,81,330,11,461,230,0,330,0.5294,-1
Green,5,gecko,5,4,snecko,0,-,0,0,150,1,0,-1,0,Green,minisnecko,2,1,force_destroyed,656,21.87,False,328,322,328,43,216,15,545,230,0,431,0.9459,-1
Green,5,gecko,5,4,snecko,0,-,0,0,150,1,0,-1,0,Green,minisnecko,3,1,force_destroyed,817,27.23,False,273,269,273,27,181,19,629,230,0,541,1.0000,326
Green,5,gecko,5,4,snecko,0,-,0,0,150,1,0,-1,0,Green,minisnecko,5,1,force_destroyed,1140,38.00,False,228,226,228,16,157,27,797,230,0,785,1.0000,232
Green,5,gecko,5,4,snecko,0,-,0,0,150,1,0,-1,0,Green,minisnecko,10,1,castle_destroyed,803,26.77,False,81,80,81,8,0,27,797,230,5,-1,1.0000,179
Green,5,gecko,5,4,snecko,0,-,0,0,150,1,0,-1,0,Green,minisnecko,15,1,castle_destroyed,748,24.93,False,50,50,50,5,0,25,755,230,5,-1,1.0000,170
Green,5,gecko,5,4,snecko,0,-,0,0,150,1,0,-1,0,Green,minisnecko,30,1,castle_destroyed,738,24.60,False,25,25,25,3,0,25,755,230,5,-1,1.0000,153
Green,5,gecko,5,4,snecko,5,gecko,1,46,150,1,0,150,0,Green,minisnecko,0,1,castle_destroyed,782,26.07,False,0,0,0,1,0,27,797,230,5,-1,1.0000,143
Green,5,gecko,5,4,snecko,5,gecko,1,46,150,1,1,150,0,Green,minisnecko,1,1,force_destroyed,485,16.17,False,485,338,485,171,396,12,482,230,0,350,0.5294,-1
Green,5,gecko,5,4,snecko,5,gecko,1,46,150,1,0,150,0,Green,minisnecko,2,1,force_destroyed,606,20.20,False,303,290,303,43,244,14,524,230,0,395,0.7624,-1
Green,5,gecko,5,4,snecko,5,gecko,1,46,150,1,0,150,0,Green,minisnecko,3,1,force_destroyed,757,25.23,False,253,249,253,27,212,17,587,230,0,496,1.0000,408
Green,5,gecko,5,4,snecko,5,gecko,1,46,150,1,0,150,0,Green,minisnecko,5,1,force_destroyed,1020,34.00,False,204,202,204,16,184,23,713,230,0,690,1.0000,319
Green,5,gecko,5,4,snecko,5,gecko,1,46,150,1,0,150,0,Green,minisnecko,10,1,castle_destroyed,863,28.77,False,87,86,87,8,0,29,839,230,4,-1,1.0000,234
Green,5,gecko,5,4,snecko,5,gecko,1,46,150,1,0,150,0,Green,minisnecko,15,1,castle_destroyed,847,28.23,False,57,56,57,5,0,29,839,230,4,-1,1.0000,173
Green,5,gecko,5,4,snecko,5,gecko,1,46,150,1,0,150,0,Green,minisnecko,30,1,castle_destroyed,851,28.37,False,29,29,29,3,0,29,839,230,4,-1,1.0000,153
Orange,5,scott,1,0,-,0,-,0,0,150,1,0,-1,0,Orange,phil,0,1,castle_destroyed,5477,182.57,False,0,0,0,0,0,0,25,25,1,-1,1.0000,115
Orange,5,scott,1,0,-,0,-,0,0,150,1,0,-1,0,Orange,phil,1,1,force_destroyed,97,3.23,False,97,22,388,81,388,0,25,25,0,97,0.6618,-1
Orange,5,scott,1,0,-,0,-,0,0,150,1,0,-1,0,Orange,phil,2,1,force_destroyed,113,3.77,False,57,21,228,40,228,0,25,25,0,113,0.6935,-1
Orange,5,scott,1,0,-,0,-,0,0,150,1,0,-1,0,Orange,phil,3,1,force_destroyed,132,4.40,False,44,22,176,27,176,0,25,25,0,132,0.7024,-1
Orange,5,scott,1,0,-,0,-,0,0,150,1,0,-1,0,Orange,phil,5,1,force_destroyed,149,4.97,False,30,21,120,16,120,0,25,25,0,149,0.8365,-1
Orange,5,scott,1,0,-,0,-,0,0,150,1,0,-1,0,Orange,phil,10,1,force_destroyed,223,7.43,False,23,22,92,8,92,0,25,25,0,223,1.0000,-1
Orange,5,scott,1,0,-,0,-,0,0,150,1,0,-1,0,Orange,phil,15,1,force_destroyed,328,10.93,False,22,22,88,5,88,0,25,25,0,328,1.0000,132
Orange,5,scott,1,0,-,0,-,0,0,150,1,0,-1,0,Orange,phil,30,1,force_destroyed,643,21.43,False,22,21,88,3,88,0,25,25,0,643,1.0000,119
Orange,5,scott,1,0,-,5,scott,1,25,150,1,1,150,0,Orange,phil,0,1,force_destroyed,184,6.13,False,0,-1,0,1,25,0,25,25,0,184,1.0000,115
Orange,5,scott,1,0,-,5,scott,0,0,150,1,0,-1,0,Orange,phil,1,1,force_destroyed,97,3.23,False,97,22,388,81,388,0,25,25,0,97,0.6618,-1
Orange,5,scott,1,0,-,5,scott,0,0,150,1,0,-1,0,Orange,phil,2,1,force_destroyed,113,3.77,False,57,21,228,40,228,0,25,25,0,113,0.6935,-1
Orange,5,scott,1,0,-,5,scott,0,0,150,1,0,-1,0,Orange,phil,3,1,force_destroyed,132,4.40,False,44,22,176,27,176,0,25,25,0,132,0.7024,-1
Orange,5,scott,1,0,-,5,scott,0,0,150,1,0,-1,0,Orange,phil,5,1,force_destroyed,149,4.97,False,30,21,120,16,120,0,25,25,0,149,0.8365,-1
Orange,5,scott,1,0,-,5,scott,1,25,150,1,1,150,0,Orange,phil,10,1,force_destroyed,169,5.63,False,17,13,68,8,93,0,25,25,0,169,0.9035,-1
Orange,5,scott,1,0,-,5,scott,1,25,150,1,1,150,0,Orange,phil,15,1,force_destroyed,177,5.90,False,12,9,48,5,73,0,25,25,0,177,1.0000,132
Orange,5,scott,1,0,-,5,scott,1,25,150,1,1,150,0,Orange,phil,30,1,force_destroyed,184,6.13,False,7,4,28,3,53,0,25,25,0,184,1.0000,119
Orange,5,scott,1,4,basketball,0,-,0,0,150,1,0,-1,0,Orange,phil,0,1,castle_destroyed,516,17.20,False,0,0,0,0,0,18,295,25,1,-1,1.0000,75
Orange,5,scott,1,4,basketball,0,-,0,0,150,1,0,-1,0,Orange,phil,1,1,force_destroyed,141,4.70,False,141,33,564,108,376,4,85,25,0,94,0.6882,-1
Orange,5,scott,1,4,basketball,0,-,0,0,150,1,0,-1,0,Orange,phil,2,1,force_destroyed,156,5.20,False,78,36,312,42,220,4,85,25,0,109,0.7200,-1
Orange,5,scott,1,4,basketball,0,-,0,0,150,1,0,-1,0,Orange,phil,3,1,force_destroyed,187,6.23,False,63,33,252,30,164,5,100,25,0,123,0.7624,-1
Orange,5,scott,1,4,basketball,0,-,0,0,150,1,0,-1,0,Orange,phil,5,1,force_destroyed,252,8.40,False,51,44,204,16,128,6,115,25,0,156,0.9000,-1
Orange,5,scott,1,4,basketball,0,-,0,0,150,1,0,-1,0,Orange,phil,10,1,force_destroyed,473,15.77,False,48,47,192,8,112,10,175,25,0,273,1.0000,147
Orange,5,scott,1,4,basketball,0,-,0,0,150,1,0,-1,0,Orange,phil,15,1,force_destroyed,658,21.93,False,44,44,176,5,112,14,235,25,0,418,1.0000,128
Orange,5,scott,1,4,basketball,0,-,0,0,150,1,0,-1,0,Orange,phil,30,1,castle_destroyed,784,26.13,False,27,26,108,2,100,25,400,25,0,733,1.0000,116
Orange,5,scott,1,4,basketball,5,scott,1,25,150,1,0,150,0,Orange,phil,0,1,castle_destroyed,648,21.60,False,0,0,0,1,0,22,355,25,1,-1,1.0000,75
Orange,5,scott,1,4,basketball,5,scott,0,0,150,1,0,-1,0,Orange,phil,1,1,force_destroyed,141,4.70,False,141,33,564,108,376,4,85,25,0,94,0.6882,-1
Orange,5,scott,1,4,basketball,5,scott,1,25,150,1,1,150,0,Orange,phil,2,1,force_destroyed,156,5.20,False,78,35,312,43,220,4,85,25,0,109,0.7200,-1
Orange,5,scott,1,4,basketball,5,scott,1,25,150,1,1,150,0,Orange,phil,3,1,force_destroyed,187,6.23,False,63,32,252,31,164,5,100,25,0,123,0.7624,-1
Orange,5,scott,1,4,basketball,5,scott,1,25,150,1,1,150,0,Orange,phil,5,1,force_destroyed,224,7.47,False,45,28,180,17,153,6,115,25,0,156,0.9000,-1
Orange,5,scott,1,4,basketball,5,scott,1,25,150,1,0,150,0,Orange,phil,10,1,force_destroyed,276,9.20,False,28,23,112,8,109,7,130,25,0,210,1.0000,147
Orange,5,scott,1,4,basketball,5,scott,1,25,150,1,0,150,0,Orange,phil,15,1,force_destroyed,478,15.93,False,32,32,128,5,85,8,145,25,0,218,1.0000,128
Orange,5,scott,1,4,basketball,5,scott,1,25,150,1,0,150,0,Orange,phil,30,1,force_destroyed,645,21.50,False,22,22,88,2,57,8,145,25,0,215,1.0000,116
Orange,5,scott,3,0,-,0,-,0,0,150,1,0,-1,0,Orange,phil,0,1,castle_destroyed,1930,64.33,False,0,0,0,0,0,0,75,75,3,-1,1.0000,115
Orange,5,scott,3,0,-,0,-,0,0,150,1,0,-1,0,Orange,phil,1,1,force_destroyed,151,5.03,False,151,66,604,91,604,0,75,75,0,151,0.6618,-1
Orange,5,scott,3,0,-,0,-,0,0,150,1,0,-1,0,Orange,phil,2,1,force_destroyed,180,6.00,False,90,59,360,40,360,0,75,75,0,180,0.7465,-1
Orange,5,scott,3,0,-,0,-,0,0,150,1,0,-1,0,Orange,phil,3,1,force_destroyed,202,6.73,False,68,49,272,27,272,0,75,75,0,202,0.7765,-1
Orange,5,scott,3,0,-,0,-,0,0,150,1,0,-1,0,Orange,phil,5,1,force_destroyed,233,7.77,False,47,45,188,16,188,0,75,75,0,233,0.9953,-1
Orange,5,scott,3,0,-,0,-,0,0,150,1,0,-1,0,Orange,phil,10,1,force_destroyed,393,13.10,False,40,38,160,8,160,0,75,75,0,393,1.0000,152
Orange,5,scott,3,0,-,0,-,0,0,150,1,0,-1,0,Orange,phil,15,1,force_destroyed,493,16.43,False,33,32,132,5,132,0,75,75,0,493,1.0000,132
Orange,5,scott,3,0,-,0,-,0,0,150,1,0,-1,0,Orange,phil,30,1,force_destroyed,823,27.43,False,28,27,112,3,112,0,75,75,0,823,1.0000,119
Orange,5,scott,3,0,-,5,scott,1,25,150,1,0,150,0,Orange,phil,0,1,castle_destroyed,1983,66.10,False,0,0,0,1,0,0,75,75,3,-1,1.0000,115
Orange,5,scott,3,0,-,5,scott,1,25,150,1,1,150,0,Orange,phil,1,1,force_destroyed,151,5.03,False,151,65,604,91,629,0,75,75,0,151,0.6618,-1
Orange,5,scott,3,0,-,5,scott,1,25,150,1,1,150,0,Orange,phil,2,1,force_destroyed,180,6.00,False,90,58,360,40,385,0,75,75,0,180,0.7465,-1
Orange,5,scott,3,0,-,5,scott,1,25,150,1,1,150,0,Orange,phil,3,1,force_destroyed,185,6.17,False,62,40,248,27,273,0,75,75,0,185,0.7606,-1
Orange,5,scott,3,0,-,5,scott,1,25,150,1,1,150,0,Orange,phil,5,1,force_destroyed,198,6.60,False,40,26,160,16,185,0,75,75,0,198,0.8735,-1
Orange,5,scott,3,0,-,5,scott,1,25,150,1,0,150,0,Orange,phil,10,1,force_destroyed,232,7.73,False,24,21,96,8,121,0,75,75,0,232,1.0000,152
Orange,5,scott,3,0,-,5,scott,1,25,150,1,0,150,0,Orange,phil,15,1,force_destroyed,418,13.93,False,28,27,112,5,137,0,75,75,0,418,1.0000,132
Orange,5,scott,3,0,-,5,scott,1,25,150,1,0,150,0,Orange,phil,30,1,force_destroyed,643,21.43,False,22,21,88,3,113,0,75,75,0,643,1.0000,119
Orange,5,scott,3,4,basketball,0,-,0,0,150,1,0,-1,0,Orange,phil,0,1,castle_destroyed,486,16.20,False,0,0,0,0,0,17,330,75,3,-1,1.0000,75
Orange,5,scott,3,4,basketball,0,-,0,0,150,1,0,-1,0,Orange,phil,1,1,force_destroyed,197,6.57,False,197,80,788,117,612,6,165,75,0,153,0.6882,-1
Orange,5,scott,3,4,basketball,0,-,0,0,150,1,0,-1,0,Orange,phil,2,1,force_destroyed,246,8.20,False,123,80,492,43,368,7,180,75,0,183,0.7729,-1
Orange,5,scott,3,4,basketball,0,-,0,0,150,1,0,-1,0,Orange,phil,3,1,force_destroyed,255,8.50,False,85,65,340,26,280,7,180,75,0,209,0.8347,-1
Orange,5,scott,3,4,basketball,0,-,0,0,150,1,0,-1,0,Orange,phil,5,1,force_destroyed,398,13.27,False,80,78,320,16,232,10,225,75,0,288,1.0000,184
Orange,5,scott,3,4,basketball,0,-,0,0,150,1,0,-1,0,Orange,phil,10,1,force_destroyed,593,19.77,False,60,59,240,8,160,14,285,75,0,393,1.0000,146
Orange,5,scott,3,4,basketball,0,-,0,0,150,1,0,-1,0,Orange,phil,15,1,force_destroyed,748,24.93,False,50,50,200,5,132,17,330,75,0,493,1.0000,128
Orange,5,scott,3,4,basketball,0,-,0,0,150,1,0,-1,0,Orange,phil,30,1,castle_destroyed,676,22.53,False,23,23,92,2,0,23,420,75,3,-1,1.0000,116
Orange,5,scott,3,4,basketball,5,scott,1,25,150,1,0,150,0,Orange,phil,0,1,castle_destroyed,609,20.30,False,0,0,0,1,0,21,390,75,3,-1,1.0000,75
Orange,5,scott,3,4,basketball,5,scott,1,25,150,1,1,150,0,Orange,phil,1,1,force_destroyed,197,6.57,False,197,79,788,118,637,6,165,75,0,153,0.6882,-1
Orange,5,scott,3,4,basketball,5,scott,1,25,150,1,1,150,0,Orange,phil,2,1,force_destroyed,238,7.93,False,119,67,476,52,393,7,180,75,0,183,0.7729,-1
Orange,5,scott,3,4,basketball,5,scott,1,25,150,1,0,150,0,Orange,phil,3,1,force_destroyed,256,8.53,False,86,55,344,31,321,8,195,75,0,222,0.8188,-1
Orange,5,scott,3,4,basketball,5,scott,1,25,150,1,0,150,0,Orange,phil,5,1,force_destroyed,318,10.60,False,64,50,256,16,221,9,210,75,0,243,1.0000,196
Orange,5,scott,3,4,basketball,5,scott,1,25,150,1,0,150,0,Orange,phil,10,1,force_destroyed,563,18.77,False,57,56,228,8,173,13,270,75,0,363,1.0000,146
Orange,5,scott,3,4,basketball,5,scott,1,25,150,1,0,150,0,Orange,phil,15,1,force_destroyed,658,21.93,False,44,44,176,5,137,14,285,75,0,418,1.0000,128
Orange,5,scott,3,4,basketball,5,scott,1,25,150,1,0,150,0,Orange,phil,30,1,castle_destroyed,955,31.83,False,32,32,128,2,113,22,405,75,0,643,1.0000,116
Orange,5,scott,5,0,-,0,-,0,0,150,1,0,-1,0,Orange,phil,0,1,castle_destroyed,1244,41.47,False,0,0,0,0,0,0,125,125,5,-1,1.0000,115
Orange,5,scott,5,0,-,0,-,0,0,150,1,0,-1,0,Orange,phil,1,1,force_destroyed,205,6.83,False,205,110,820,101,820,0,125,125,0,205,0.6618,-1
Orange,5,scott,5,0,-,0,-,0,0,150,1,0,-1,0,Orange,phil,2,1,force_destroyed,246,8.20,False,123,97,492,40,492,0,125,125,0,246,0.7994,-1
Orange,5,scott,5,0,-,0,-,0,0,150,1,0,-1,0,Orange,phil,3,1,force_destroyed,266,8.87,False,89,75,356,27,356,0,125,125,0,266,0.8312,-1
Orange,5,scott,5,0,-,0,-,0,0,150,1,0,-1,0,Orange,phil,5,1,force_destroyed,343,11.43,False,69,66,276,16,276,0,125,125,0,343,1.0000,227
Orange,5,scott,5,0,-,0,-,0,0,150,1,0,-1,0,Orange,phil,10,1,force_destroyed,453,15.10,False,46,44,184,8,184,0,125,125,0,453,1.0000,152
Orange,5,scott,5,0,-,0,-,0,0,150,1,0,-1,0,Orange,phil,15,1,force_destroyed,553,18.43,False,37,36,148,5,148,0,125,125,0,553,1.0000,132
Orange,5,scott,5,0,-,0,-,0,0,150,1,0,-1,0,Orange,phil,30,1,force_destroyed,883,29.43,False,30,29,120,3,120,0,125,125,0,883,1.0000,119
Orange,5,scott,5,0,-,5,scott,1,25,150,1,0,150,0,Orange,phil,0,1,castle_destroyed,1286,42.87,False,0,0,0,1,0,0,125,125,5,-1,1.0000,115
Orange,5,scott,5,0,-,5,scott,1,25,150,1,1,150,0,Orange,phil,1,1,force_destroyed,205,6.83,False,205,109,820,102,845,0,125,125,0,205,0.6618,-1
Orange,5,scott,5,0,-,5,scott,1,25,150,1,1,150,0,Orange,phil,2,1,force_destroyed,259,8.63,False,130,82,520,51,545,0,125,125,0,259,0.7518,-1
Orange,5,scott,5,0,-,5,scott,1,25,150,1,1,150,0,Orange,phil,3,1,force_destroyed,259,8.63,False,87,57,348,31,373,0,125,125,0,259,0.7606,-1
Orange,5,scott,5,0,-,5,scott,1,25,150,1,0,150,0,Orange,phil,5,1,force_destroyed,289,9.63,False,58,47,232,16,257,0,125,125,0,289,0.8735,-1
Orange,5,scott,5,0,-,5,scott,1,25,150,1,0,150,0,Orange,phil,10,1,force_destroyed,453,15.10,False,46,44,184,8,209,0,125,125,0,453,1.0000,152
Orange,5,scott,5,0,-,5,scott,1,25,150,1,0,150,0,Orange,phil,15,1,force_destroyed,553,18.43,False,37,36,148,5,173,0,125,125,0,553,1.0000,132
Orange,5,scott,5,0,-,5,scott,1,25,150,1,0,150,0,Orange,phil,30,1,force_destroyed,883,29.43,False,30,29,120,3,145,0,125,125,0,883,1.0000,119
Orange,5,scott,5,4,basketball,0,-,0,0,150,1,0,-1,0,Orange,phil,0,1,castle_destroyed,465,15.50,False,0,0,0,0,0,16,365,125,5,-1,1.0000,75
Orange,5,scott,5,4,basketball,0,-,0,0,150,1,0,-1,0,Orange,phil,1,1,force_destroyed,222,7.40,False,222,126,888,105,832,7,230,125,0,208,0.6882,-1
Orange,5,scott,5,4,basketball,0,-,0,0,150,1,0,-1,0,Orange,phil,2,1,force_destroyed,307,10.23,False,154,113,616,41,500,9,260,125,0,250,0.8206,-1
Orange,5,scott,5,4,basketball,0,-,0,0,150,1,0,-1,0,Orange,phil,3,1,force_destroyed,349,11.63,False,117,97,468,26,364,10,275,125,0,273,0.9106,-1
Orange,5,scott,5,4,basketball,0,-,0,0,150,1,0,-1,0,Orange,phil,5,1,force_destroyed,458,15.27,False,92,90,368,16,276,12,305,125,0,343,1.0000,184
Orange,5,scott,5,4,basketball,0,-,0,0,150,1,0,-1,0,Orange,phil,10,1,force_destroyed,653,21.77,False,66,65,264,8,184,16,365,125,0,453,1.0000,146
Orange,5,scott,5,4,basketball,0,-,0,0,150,1,0,-1,0,Orange,phil,15,1,force_destroyed,808,26.93,False,54,54,216,5,148,19,410,125,0,553,1.0000,128
Orange,5,scott,5,4,basketball,0,-,0,0,150,1,0,-1,0,Orange,phil,30,1,castle_destroyed,616,20.53,False,21,21,84,2,0,21,440,125,5,-1,1.0000,116
Orange,5,scott,5,4,basketball,5,scott,1,25,150,1,0,150,0,Orange,phil,0,1,castle_destroyed,578,19.27,False,0,0,0,1,0,20,425,125,5,-1,1.0000,75
Orange,5,scott,5,4,basketball,5,scott,1,25,150,1,1,150,0,Orange,phil,1,1,force_destroyed,221,7.37,False,221,122,884,105,837,7,230,125,0,203,0.6882,-1
Orange,5,scott,5,4,basketball,5,scott,1,25,150,1,0,150,0,Orange,phil,2,1,force_destroyed,279,9.30,False,140,93,560,47,521,9,260,125,0,248,0.7729,-1
Orange,5,scott,5,4,basketball,5,scott,1,25,150,1,0,150,0,Orange,phil,3,1,force_destroyed,335,11.17,False,112,82,448,30,397,10,275,125,0,277,0.8629,-1
Orange,5,scott,5,4,basketball,5,scott,1,25,150,1,0,150,0,Orange,phil,5,1,force_destroyed,458,15.27,False,92,90,368,16,297,12,305,125,0,338,1.0000,196
Orange,5,scott,5,4,basketball,5,scott,1,25,150,1,0,150,0,Orange,phil,10,1,force_destroyed,653,21.77,False,66,65,264,8,209,16,365,125,0,453,1.0000,146
Orange,5,scott,5,4,basketball,5,scott,1,25,150,1,0,150,0,Orange,phil,15,1,force_destroyed,808,26.93,False,54,54,216,5,173,19,410,125,0,553,1.0000,128
Orange,5,scott,5,4,basketball,5,scott,1,25,150,1,0,150,0,Orange,phil,30,1,castle_destroyed,766,25.53,False,26,26,104,2,0,26,515,125,1,-1,1.0000,116
Purple,5,bit,1,0,-,0,-,0,0,150,1,0,-1,0,Purple,cant,0,1,castle_destroyed,5923,197.43,False,0,0,0,0,0,0,91,91,1,-1,1.0000,143
Purple,5,bit,1,0,-,0,-,0,0,150,1,0,-1,0,Purple,cant,1,1,force_destroyed,106,3.53,False,106,1,106,105,106,0,91,91,0,106,0.5294,-1
Purple,5,bit,1,0,-,0,-,0,0,150,1,0,-1,0,Purple,cant,2,1,force_destroyed,138,4.60,False,69,18,69,54,69,0,91,91,0,138,0.5365,-1
Purple,5,bit,1,0,-,0,-,0,0,150,1,0,-1,0,Purple,cant,3,1,force_destroyed,150,5.00,False,50,12,50,38,50,0,91,91,0,150,0.5365,-1
Purple,5,bit,1,0,-,0,-,0,0,150,1,0,-1,0,Purple,cant,5,1,force_destroyed,191,6.37,False,39,15,39,24,39,0,91,91,0,191,0.5647,-1
Purple,5,bit,1,0,-,0,-,0,0,150,1,0,-1,0,Purple,cant,10,1,force_destroyed,294,9.80,False,30,20,30,12,30,0,91,91,0,294,0.6212,-1
Purple,5,bit,1,0,-,0,-,0,0,150,1,0,-1,0,Purple,cant,15,1,force_destroyed,397,13.23,False,27,22,27,7,27,0,91,91,0,397,0.7482,-1
Purple,5,bit,1,0,-,0,-,0,0,150,1,0,-1,0,Purple,cant,30,1,force_destroyed,700,23.33,False,24,23,24,3,24,0,91,91,0,700,1.0000,-1
Purple,5,bit,1,0,-,5,bit,1,91,150,1,1,150,0,Purple,cant,0,1,force_destroyed,258,8.60,False,0,-1,0,1,91,0,91,91,0,258,1.0000,143
Purple,5,bit,1,0,-,5,bit,0,0,150,1,0,-1,0,Purple,cant,1,1,force_destroyed,106,3.53,False,106,1,106,105,106,0,91,91,0,106,0.5294,-1
Purple,5,bit,1,0,-,5,bit,0,0,150,1,0,-1,0,Purple,cant,2,1,force_destroyed,138,4.60,False,69,18,69,54,69,0,91,91,0,138,0.5365,-1
Purple,5,bit,1,0,-,5,bit,0,0,150,1,0,-1,0,Purple,cant,3,1,force_destroyed,150,5.00,False,50,12,50,38,50,0,91,91,0,150,0.5365,-1
Purple,5,bit,1,0,-,5,bit,1,91,150,1,1,150,0,Purple,cant,5,1,force_destroyed,191,6.37,False,39,14,39,25,130,0,91,91,0,191,0.5647,-1
Purple,5,bit,1,0,-,5,bit,1,91,150,1,1,150,0,Purple,cant,10,1,force_destroyed,262,8.73,False,27,15,27,13,118,0,91,91,0,262,0.6212,-1
Purple,5,bit,1,0,-,5,bit,1,91,150,1,1,150,0,Purple,cant,15,1,force_destroyed,258,8.60,False,18,10,18,11,109,0,91,91,0,258,0.6424,-1
Purple,5,bit,1,0,-,5,bit,1,91,150,1,1,150,0,Purple,cant,30,1,force_destroyed,303,10.10,False,11,6,11,5,102,0,91,91,0,303,0.7694,-1
Purple,5,bit,1,4,spike,0,-,0,0,150,1,0,-1,0,Purple,cant,0,1,castle_destroyed,1024,34.13,False,0,0,0,0,0,35,966,91,1,-1,1.0000,143
Purple,5,bit,1,4,spike,0,-,0,0,150,1,0,-1,0,Purple,cant,1,1,force_destroyed,182,6.07,False,182,65,182,118,106,4,191,91,0,106,0.5294,-1
Purple,5,bit,1,4,spike,0,-,0,0,150,1,0,-1,0,Purple,cant,2,1,force_destroyed,273,9.10,False,137,96,137,54,72,5,216,91,0,144,0.5365,-1
Purple,5,bit,1,4,spike,0,-,0,0,150,1,0,-1,0,Purple,cant,3,1,force_destroyed,393,13.10,False,131,103,131,36,73,8,291,91,0,217,0.5576,-1
Purple,5,bit,1,4,spike,0,-,0,0,150,1,0,-1,0,Purple,cant,5,1,force_destroyed,564,18.80,False,113,103,113,21,59,10,341,91,0,292,0.6635,-1
Purple,5,bit,1,4,spike,0,-,0,0,150,1,0,-1,0,Purple,cant,10,1,force_destroyed,1110,37.00,False,111,109,111,10,61,21,616,91,0,610,1.0000,344
Purple,5,bit,1,4,spike,0,-,0,0,150,1,0,-1,0,Purple,cant,15,1,force_destroyed,1570,52.33,False,105,103,105,7,63,32,891,91,0,940,1.0000,291
Purple,5,bit,1,4,spike,0,-,0,0,150,1,0,-1,0,Purple,cant,30,1,castle_destroyed,1099,36.63,False,37,37,37,3,0,37,1016,91,1,-1,1.0000,247
Purple,5,bit,1,4,spike,5,bit,1,91,150,1,0,150,0,Purple,cant,0,1,castle_destroyed,1044,34.80,False,0,0,0,1,0,35,966,91,1,-1,1.0000,143
Purple,5,bit,1,4,spike,5,bit,1,91,150,1,1,150,0,Purple,cant,1,1,force_destroyed,182,6.07,False,182,64,182,119,106,4,191,91,0,106,0.5294,-1
Purple,5,bit,1,4,spike,5,bit,1,91,150,1,1,150,0,Purple,cant,2,1,force_destroyed,259,8.63,False,130,76,130,54,72,5,216,91,0,144,0.5365,-1
Purple,5,bit,1,4,spike,5,bit,1,91,150,1,1,150,0,Purple,cant,3,1,force_destroyed,431,14.37,False,144,95,144,67,164,8,291,91,0,217,0.5576,-1
Purple,5,bit,1,4,spike,5,bit,1,91,150,1,1,150,0,Purple,cant,5,1,force_destroyed,485,16.17,False,97,68,97,47,135,8,291,91,0,217,0.5929,-1
Purple,5,bit,1,4,spike,5,bit,1,91,150,1,0,150,0,Purple,cant,10,1,force_destroyed,930,31.00,False,93,91,93,10,134,15,466,91,0,422,0.8471,489
Purple,5,bit,1,4,spike,5,bit,1,91,150,1,0,150,0,Purple,cant,15,1,force_destroyed,969,32.30,False,65,63,65,7,114,12,391,91,0,334,0.7824,459
Purple,5,bit,1,4,spike,5,bit,1,91,150,1,0,150,0,Purple,cant,30,1,castle_destroyed,1194,39.80,False,40,40,40,4,129,38,1041,91,0,1120,1.0000,338
Purple,5,bit,3,0,-,0,-,0,0,150,1,0,-1,0,Purple,cant,0,1,castle_destroyed,2081,69.37,False,0,0,0,0,0,0,273,273,3,-1,1.0000,143
Purple,5,bit,3,0,-,0,-,0,0,150,1,0,-1,0,Purple,cant,1,1,force_destroyed,177,5.90,False,177,74,177,108,177,0,273,273,0,177,0.5294,-1
Purple,5,bit,3,0,-,0,-,0,0,150,1,0,-1,0,Purple,cant,2,1,force_destroyed,210,7.00,False,105,56,105,53,105,0,273,273,0,210,0.5576,-1
Purple,5,bit,3,0,-,0,-,0,0,150,1,0,-1,0,Purple,cant,3,1,force_destroyed,258,8.60,False,86,53,86,35,86,0,273,273,0,258,0.5506,-1
Purple,5,bit,3,0,-,0,-,0,0,150,1,0,-1,0,Purple,cant,5,1,force_destroyed,323,10.77,False,65,49,65,21,65,0,273,273,0,323,0.6494,-1
Purple,5,bit,3,0,-,0,-,0,0,150,1,0,-1,0,Purple,cant,10,1,force_destroyed,530,17.67,False,53,52,53,10,53,0,273,273,0,530,1.0000,-1
Purple,5,bit,3,0,-,0,-,0,0,150,1,0,-1,0,Purple,cant,15,1,force_destroyed,835,27.83,False,56,54,56,7,56,0,273,273,0,835,1.0000,318
Purple,5,bit,3,0,-,0,-,0,0,150,1,0,-1,0,Purple,cant,30,1,force_destroyed,1621,54.03,False,55,53,55,3,55,0,273,273,0,1621,1.0000,203
Purple,5,bit,3,0,-,5,bit,1,91,150,1,0,150,0,Purple,cant,0,1,castle_destroyed,3144,104.80,False,0,0,0,1,0,0,273,273,2,-1,1.0000,143
Purple,5,bit,3,0,-,5,bit,1,91,150,1,1,150,0,Purple,cant,1,1,force_destroyed,177,5.90,False,177,73,177,109,268,0,273,273,0,177,0.5294,-1
Purple,5,bit,3,0,-,5,bit,1,91,150,1,1,150,0,Purple,cant,2,1,force_destroyed,210,7.00,False,105,55,105,53,196,0,273,273,0,210,0.5576,-1
Purple,5,bit,3,0,-,5,bit,1,91,150,1,1,150,0,Purple,cant,3,1,force_destroyed,254,8.47,False,85,50,85,35,176,0,273,273,0,254,0.5506,-1
Purple,5,bit,3,0,-,5,bit,1,91,150,1,1,150,0,Purple,cant,5,1,force_destroyed,304,10.13,False,61,39,61,24,152,0,273,273,0,304,0.6212,-1
Purple,5,bit,3,0,-,5,bit,1,91,150,1,0,150,0,Purple,cant,10,1,force_destroyed,275,9.17,False,28,16,28,14,119,0,273,273,0,275,0.6776,-1
Purple,5,bit,3,0,-,5,bit,1,91,150,1,0,150,0,Purple,cant,15,1,force_destroyed,328,10.93,False,22,16,22,8,113,0,273,273,0,328,0.7906,-1
Purple,5,bit,3,0,-,5,bit,1,91,150,1,0,150,0,Purple,cant,30,1,force_destroyed,998,33.27,False,34,32,34,3,125,0,273,273,0,998,1.0000,357
Purple,5,bit,3,4,spike,0,-,0,0,150,1,0,-1,0,Purple,cant,0,1,castle_destroyed,904,30.13,False,0,0,0,0,0,31,1048,273,3,-1,1.0000,143
Purple,5,bit,3,4,spike,0,-,0,0,150,1,0,-1,0,Purple,cant,1,1,force_destroyed,280,9.33,False,280,168,280,113,202,7,448,273,0,202,0.5294,-1
Purple,5,bit,3,4,spike,0,-,0,0,150,1,0,-1,0,Purple,cant,2,1,force_destroyed,431,14.37,False,216,169,216,53,142,10,523,273,0,284,0.6000,-1
Purple,5,bit,3,4,spike,0,-,0,0,150,1,0,-1,0,Purple,cant,3,1,force_destroyed,510,17.00,False,170,148,170,35,107,11,548,273,0,321,0.6635,-1
Purple,5,bit,3,4,spike,0,-,0,0,150,1,0,-1,0,Purple,cant,5,1,force_destroyed,764,25.47,False,153,151,153,21,88,15,648,273,0,437,0.9812,456
Purple,5,bit,3,4,spike,0,-,0,0,150,1,0,-1,0,Purple,cant,10,1,force_destroyed,1260,42.00,False,126,124,126,10,78,26,923,273,0,780,1.0000,346
Purple,5,bit,3,4,spike,0,-,0,0,150,1,0,-1,0,Purple,cant,15,1,castle_destroyed,1174,39.13,False,79,78,79,7,0,40,1273,273,2,-1,1.0000,246
Purple,5,bit,3,4,spike,0,-,0,0,150,1,0,-1,0,Purple,cant,30,1,castle_destroyed,976,32.53,False,33,33,33,3,0,33,1098,273,3,-1,1.0000,203
Purple,5,bit,3,4,spike,5,bit,1,91,150,1,0,150,0,Purple,cant,0,1,castle_destroyed,1030,34.33,False,0,0,0,1,0,35,1148,273,2,-1,1.0000,143
Purple,5,bit,3,4,spike,5,bit,1,91,150,1,1,150,0,Purple,cant,1,1,force_destroyed,279,9.30,False,279,166,279,114,293,7,448,273,0,202,0.5294,-1
Purple,5,bit,3,4,spike,5,bit,1,91,150,1,1,150,0,Purple,cant,2,1,force_destroyed,351,11.70,False,176,125,176,58,220,9,498,273,0,257,0.5718,-1
Purple,5,bit,3,4,spike,5,bit,1,91,150,1,1,150,0,Purple,cant,3,1,force_destroyed,551,18.37,False,184,134,184,60,198,11,548,273,0,320,0.6141,-1
Purple,5,bit,3,4,spike,5,bit,1,91,150,1,0,150,0,Purple,cant,5,1,force_destroyed,629,20.97,False,126,116,126,21,161,12,573,273,0,349,0.6918,-1
Purple,5,bit,3,4,spike,5,bit,1,91,150,1,0,150,0,Purple,cant,10,1,force_destroyed,910,30.33,False,91,88,91,10,135,15,648,273,0,439,0.7271,576
Purple,5,bit,3,4,spike,5,bit,1,91,150,1,0,150,0,Purple,cant,15,1,force_destroyed,1450,48.33,False,97,95,97,7,146,28,973,273,0,820,1.0000,364
Purple,5,bit,3,4,spike,5,bit,1,91,150,1,0,150,0,Purple,cant,30,1,castle_destroyed,1004,33.47,False,34,34,34,3,0,34,1123,273,3,-1,1.0000,291
Purple,5,bit,5,0,-,0,-,0,0,150,1,0,-1,0,Purple,cant,0,1,castle_destroyed,1351,45.03,False,0,0,0,0,0,0,455,455,5,-1,1.0000,143
Purple,5,bit,5,0,-,0,-,0,0,150,1,0,-1,0,Purple,cant,1,1,force_destroyed,215,7.17,False,215,99,215,116,215,0,455,455,0,215,0.5294,-1
Purple,5,bit,5,0,-,0,-,0,0,150,1,0,-1,0,Purple,cant,2,1,force_destroyed,282,9.40,False,141,94,141,53,141,0,455,455,0,282,0.5788,-1
Purple,5,bit,5,0,-,0,-,0,0,150,1,0,-1,0,Purple,cant,3,1,force_destroyed,331,11.03,False,111,81,111,35,111,0,455,455,0,331,0.5929,-1
Purple,5,bit,5,0,-,0,-,0,0,150,1,0,-1,0,Purple,cant,5,1,force_destroyed,393,13.10,False,79,66,79,21,79,0,455,455,0,393,0.7271,-1
Purple,5,bit,5,0,-,0,-,0,0,150,1,0,-1,0,Purple,cant,10,1,force_destroyed,750,25.00,False,75,73,75,10,75,0,455,455,0,750,1.0000,317
Purple,5,bit,5,0,-,0,-,0,0,150,1,0,-1,0,Purple,cant,15,1,force_destroyed,1089,36.30,False,73,71,73,7,73,0,455,455,0,1089,1.0000,246
Purple,5,bit,5,0,-,0,-,0,0,150,1,0,-1,0,Purple,cant,30,1,castle_destroyed,1779,59.30,False,60,59,60,3,0,0,455,455,3,-1,1.0000,203
Purple,5,bit,5,0,-,5,bit,1,91,150,1,0,150,0,Purple,cant,0,1,castle_destroyed,5794,193.13,False,0,0,0,1,0,0,455,455,1,-1,1.0000,143
Purple,5,bit,5,0,-,5,bit,1,91,150,1,1,150,0,Purple,cant,1,1,force_destroyed,215,7.17,False,215,98,215,117,306,0,455,455,0,215,0.5294,-1
Purple,5,bit,5,0,-,5,bit,1,91,150,1,1,150,0,Purple,cant,2,1,force_destroyed,275,9.17,False,138,82,138,70,229,0,455,455,0,275,0.5718,-1
Purple,5,bit,5,0,-,5,bit,1,91,150,1,1,150,0,Purple,cant,3,1,force_destroyed,316,10.53,False,106,60,106,46,197,0,455,455,0,316,0.5718,-1
Purple,5,bit,5,0,-,5,bit,1,91,150,1,1,150,0,Purple,cant,5,1,force_destroyed,327,10.90,False,66,48,66,24,157,0,455,455,0,327,0.6353,-1
Purple,5,bit,5,0,-,5,bit,1,91,150,1,0,150,0,Purple,cant,10,1,force_destroyed,414,13.80,False,42,29,42,13,133,0,455,455,0,414,0.7059,-1
Purple,5,bit,5,0,-,5,bit,1,91,150,1,0,150,0,Purple,cant,15,1,force_destroyed,662,22.07,False,45,42,45,7,136,0,455,455,0,662,1.0000,503
Purple,5,bit,5,0,-,5,bit,1,91,150,1,0,150,0,Purple,cant,30,1,force_destroyed,544,18.13,False,19,17,19,3,110,0,455,455,0,544,1.0000,296
Purple,5,bit,5,4,spike,0,-,0,0,150,1,0,-1,0,Purple,cant,0,1,castle_destroyed,811,27.03,False,0,0,0,0,0,28,1155,455,5,-1,1.0000,143
Purple,5,bit,5,4,spike,0,-,0,0,150,1,0,-1,0,Purple,cant,1,1,force_destroyed,340,11.33,False,340,228,340,113,262,9,680,455,0,262,0.5294,-1
Purple,5,bit,5,4,spike,0,-,0,0,150,1,0,-1,0,Purple,cant,2,1,force_destroyed,507,16.90,False,254,220,254,53,175,12,755,455,0,349,0.6212,-1
Purple,5,bit,5,4,spike,0,-,0,0,150,1,0,-1,0,Purple,cant,3,1,force_destroyed,619,20.63,False,207,188,207,35,133,14,805,455,0,399,0.7271,-1
Purple,5,bit,5,4,spike,0,-,0,0,150,1,0,-1,0,Purple,cant,5,1,force_destroyed,884,29.47,False,177,175,177,21,114,19,930,455,0,570,1.0000,426
Purple,5,bit,5,4,spike,0,-,0,0,150,1,0,-1,0,Purple,cant,10,1,force_destroyed,1500,50.00,False,150,148,150,10,101,34,1305,455,0,1010,1.0000,288
Purple,5,bit,5,4,spike,0,-,0,0,150,1,0,-1,0,Purple,cant,15,1,castle_destroyed,982,32.73,False,66,65,66,7,0,33,1280,455,5,-1,1.0000,234
Purple,5,bit,5,4,spike,0,-,0,0,150,1,0,-1,0,Purple,cant,30,1,castle_destroyed,874,29.13,False,30,29,30,3,0,30,1205,455,5,-1,1.0000,203
Purple,5,bit,5,4,spike,5,bit,1,91,150,1,0,150,0,Purple,cant,0,1,castle_destroyed,962,32.07,False,0,0,0,1,0,33,1280,455,4,-1,1.0000,143
Purple,5,bit,5,4,spike,5,bit,1,91,150,1,1,150,0,Purple,cant,1,1,force_destroyed,330,11.00,False,330,202,330,128,334,9,680,455,0,243,0.5294,-1
Purple,5,bit,5,4,spike,5,bit,1,91,150,1,1,150,0,Purple,cant,2,1,force_destroyed,513,17.10,False,257,192,257,82,292,14,805,455,0,401,0.5895,-1
Purple,5,bit,5,4,spike,5,bit,1,91,150,1,0,150,0,Purple,cant,3,1,force_destroyed,611,20.37,False,204,169,204,42,233,15,830,455,0,425,0.6141,-1
Purple,5,bit,5,4,spike,5,bit,1,91,150,1,0,150,0,Purple,cant,5,1,force_destroyed,824,27.47,False,165,163,165,21,190,17,880,455,0,492,0.9459,604
Purple,5,bit,5,4,spike,5,bit,1,91,150,1,0,150,0,Purple,cant,10,1,force_destroyed,1260,42.00,False,126,124,126,10,167,26,1105,455,0,760,1.0000,424
Purple,5,bit,5,4,spike,5,bit,1,91,150,1,0,150,0,Purple,cant,15,1,castle_destroyed,1134,37.80,False,76,75,76,7,0,38,1405,455,1,-1,1.0000,339
Purple,5,bit,5,4,spike,5,bit,1,91,150,1,0,150,0,Purple,cant,30,1,castle_destroyed,1174,39.13,False,40,39,40,3,0,40,1455,455,1,-1,1.0000,244
Red,5,birdo,1,0,-,0,-,0,0,150,1,0,-1,0,Red,derpyberd,0,1,castle_destroyed,5983,199.43,False,0,0,0,0,0,0,51,51,1,-1,1.0000,143
Red,5,birdo,1,0,-,0,-,0,0,150,1,0,-1,0,Red,derpyberd,1,1,force_destroyed,150,5.00,False,150,17,150,133,150,0,51,51,0,150,0.6706,-1
Red,5,birdo,1,0,-,0,-,0,0,150,1,0,-1,0,Red,derpyberd,2,1,force_destroyed,192,6.40,False,96,44,96,67,96,0,51,51,0,192,0.6718,-1
Red,5,birdo,1,0,-,0,-,0,0,150,1,0,-1,0,Red,derpyberd,3,1,force_destroyed,258,8.60,False,86,57,86,41,86,0,51,51,0,258,0.6953,-1
Red,5,birdo,1,0,-,0,-,0,0,150,1,0,-1,0,Red,derpyberd,5,1,force_destroyed,360,12.00,False,72,54,72,24,72,0,51,51,0,360,0.7500,-1
Red,5,birdo,1,0,-,0,-,0,0,150,1,0,-1,0,Red,derpyberd,10,1,force_destroyed,646,21.53,False,65,62,65,11,65,0,51,51,0,646,1.0000,-1
Red,5,birdo,1,0,-,0,-,0,0,150,1,0,-1,0,Red,derpyberd,15,1,force_destroyed,871,29.03,False,59,57,59,7,59,0,51,51,0,871,1.0000,-1
Red,5,birdo,1,0,-,0,-,0,0,150,1,0,-1,0,Red,derpyberd,30,1,force_destroyed,1996,66.53,False,67,66,67,4,67,0,51,51,0,1996,1.0000,192
Red,5,birdo,1,0,-,5,birdo,1,51,150,1,1,150,0,Red,derpyberd,0,1,force_destroyed,258,8.60,False,0,-1,0,1,51,0,51,51,0,258,1.0000,143
Red,5,birdo,1,0,-,5,birdo,0,0,150,1,0,-1,0,Red,derpyberd,1,1,force_destroyed,150,5.00,False,150,17,150,133,150,0,51,51,0,150,0.6706,-1
Red,5,birdo,1,0,-,5,birdo,1,51,150,1,1,150,0,Red,derpyberd,2,1,force_destroyed,192,6.40,False,96,43,96,68,147,0,51,51,0,192,0.6718,-1
Red,5,birdo,1,0,-,5,birdo,1,51,150,1,1,150,0,Red,derpyberd,3,1,force_destroyed,209,6.97,False,70,28,70,42,121,0,51,51,0,209,0.6953,-1
Red,5,birdo,1,0,-,5,birdo,1,51,150,1,1,150,0,Red,derpyberd,5,1,force_destroyed,253,8.43,False,51,24,51,29,102,0,51,51,0,253,0.7171,-1
Red,5,birdo,1,0,-,5,birdo,1,51,150,1,1,150,0,Red,derpyberd,10,1,force_destroyed,274,9.13,False,28,17,28,14,79,0,51,51,0,274,0.7788,-1
Red,5,birdo,1,0,-,5,birdo,1,51,150,1,1,150,0,Red,derpyberd,15,1,force_destroyed,268,8.93,False,18,10,18,9,69,0,51,51,0,268,0.7665,-1
Red,5,birdo,1,0,-,5,birdo,1,51,150,1,1,150,0,Red,derpyberd,30,1,force_destroyed,269,8.97,False,9,6,9,4,60,0,51,51,0,269,0.9600,-1
Red,5,birdo,1,4,lobbo,0,-,0,0,150,1,0,-1,0,Red,derpyberd,0,1,castle_destroyed,852,28.40,False,0,0,0,0,0,29,428,51,1,-1,1.0000,143
Red,5,birdo,1,4,lobbo,0,-,0,0,150,1,0,-1,0,Red,derpyberd,1,1,force_destroyed,288,9.60,False,288,177,288,117,206,7,142,51,0,206,0.6706,-1
Red,5,birdo,1,4,lobbo,0,-,0,0,150,1,0,-1,0,Red,derpyberd,2,1,force_destroyed,465,15.50,False,233,212,233,50,161,11,194,51,0,322,0.8035,-1
Red,5,birdo,1,4,lobbo,0,-,0,0,150,1,0,-1,0,Red,derpyberd,3,1,force_destroyed,631,21.03,False,211,204,211,33,149,15,246,51,0,445,0.9629,486
Red,5,birdo,1,4,lobbo,0,-,0,0,150,1,0,-1,0,Red,derpyberd,5,1,force_destroyed,856,28.53,False,172,168,172,20,126,21,324,51,0,626,1.0000,264
Red,5,birdo,1,4,lobbo,0,-,0,0,150,1,0,-1,0,Red,derpyberd,10,1,force_destroyed,1506,50.20,False,151,149,151,10,116,39,558,51,0,1156,1.0000,180
Red,5,birdo,1,4,lobbo,0,-,0,0,150,1,0,-1,0,Red,derpyberd,15,1,castle_destroyed,1109,36.97,False,74,73,74,7,0,37,532,51,1,-1,1.0000,157
Red,5,birdo,1,4,lobbo,0,-,0,0,150,1,0,-1,0,Red,derpyberd,30,1,castle_destroyed,876,29.20,False,30,29,30,4,0,30,441,51,1,-1,1.0000,151
Red,5,birdo,1,4,lobbo,5,birdo,1,51,150,1,0,150,0,Red,derpyberd,0,1,castle_destroyed,940,31.33,False,0,0,0,1,0,32,467,51,1,-1,1.0000,143
Red,5,birdo,1,4,lobbo,5,birdo,1,51,150,1,1,150,0,Red,derpyberd,1,1,force_destroyed,261,8.70,False,261,131,261,134,257,7,142,51,0,206,0.6706,-1
Red,5,birdo,1,4,lobbo,5,birdo,1,51,150,1,1,150,0,Red,derpyberd,2,1,force_destroyed,326,10.87,False,163,110,163,53,175,9,168,51,0,247,0.7171,-1
Red,5,birdo,1,4,lobbo,5,birdo,1,51,150,1,0,150,0,Red,derpyberd,3,1,force_destroyed,389,12.97,False,130,96,130,38,138,9,168,51,0,261,0.7553,-1
Red,5,birdo,1,4,lobbo,5,birdo,1,51,150,1,0,150,0,Red,derpyberd,5,1,force_destroyed,616,20.53,False,124,120,124,21,126,13,220,51,0,371,0.9176,420
Red,5,birdo,1,4,lobbo,5,birdo,1,51,150,1,0,150,0,Red,derpyberd,10,1,force_destroyed,636,21.20,False,64,62,64,10,80,10,181,51,0,281,0.9729,355
Red,5,birdo,1,4,lobbo,5,birdo,1,51,150,1,0,150,0,Red,derpyberd,15,1,force_destroyed,1171,39.03,False,79,77,79,7,99,24,363,51,0,706,1.0000,157
Red,5,birdo,1,4,lobbo,5,birdo,1,51,150,1,0,150,0,Red,derpyberd,30,1,force_destroyed,1156,38.53,False,39,38,39,4,63,12,207,51,0,352,1.0000,151
Red,5,birdo,3,0,-,0,-,0,0,150,1,0,-1,0,Red,derpyberd,0,1,castle_destroyed,2111,70.37,False,0,0,0,0,0,0,153,153,3,-1,1.0000,143
Red,5,birdo,3,0,-,0,-,0,0,150,1,0,-1,0,Red,derpyberd,1,1,force_destroyed,272,9.07,False,272,175,272,110,272,0,153,153,0,272,0.6706,-1
Red,5,birdo,3,0,-,0,-,0,0,150,1,0,-1,0,Red,derpyberd,2,1,force_destroyed,343,11.43,False,172,124,172,55,172,0,153,153,0,343,0.7253,-1
Red,5,birdo,3,0,-,0,-,0,0,150,1,0,-1,0,Red,derpyberd,3,1,force_destroyed,400,13.33,False,134,108,134,36,134,0,153,153,0,400,0.8065,-1
Red,5,birdo,3,0,-,0,-,0,0,150,1,0,-1,0,Red,derpyberd,5,1,force_destroyed,524,17.47,False,105,98,105,22,105,0,153,153,0,524,0.9559,-1
Red,5,birdo,3,0,-,0,-,0,0,150,1,0,-1,0,Red,derpyberd,10,1,force_destroyed,1100,36.67,False,110,106,110,11,110,0,153,153,0,1100,1.0000,240
Red,5,birdo,3,0,-,0,-,0,0,150,1,0,-1,0,Red,derpyberd,15,1,force_destroyed,1709,56.97,False,114,111,114,7,114,0,153,153,0,1709,1.0000,206
Red,5,birdo,3,0,-,0,-,0,0,150,1,0,-1,0,Red,derpyberd,30,1,force_destroyed,2806,93.53,False,94,93,94,4,94,0,153,153,0,2806,1.0000,176
Red,5,birdo,3,0,-,5,birdo,1,51,150,1,0,150,0,Red,derpyberd,0,1,castle_destroyed,2191,73.03,False,0,0,0,1,0,0,153,153,3,-1,1.0000,143
Red,5,birdo,3,0,-,5,birdo,1,51,150,1,1,150,0,Red,derpyberd,1,1,force_destroyed,251,8.37,False,251,152,251,116,302,0,153,153,0,251,0.6706,-1
Red,5,birdo,3,0,-,5,birdo,1,51,150,1,1,150,0,Red,derpyberd,2,1,force_destroyed,318,10.60,False,159,105,159,55,210,0,153,153,0,318,0.6841,-1
Red,5,birdo,3,0,-,5,birdo,1,51,150,1,1,150,0,Red,derpyberd,3,1,force_destroyed,306,10.20,False,102,58,102,44,153,0,153,153,0,306,0.7129,-1
Red,5,birdo,3,0,-,5,birdo,1,51,150,1,1,150,0,Red,derpyberd,5,1,force_destroyed,317,10.57,False,64,38,64,29,115,0,153,153,0,317,0.7171,-1
Red,5,birdo,3,0,-,5,birdo,1,51,150,1,1,150,0,Red,derpyberd,10,1,force_destroyed,321,10.70,False,33,23,33,12,84,0,153,153,0,321,0.8259,-1
Red,5,birdo,3,0,-,5,birdo,1,51,150,1,0,150,0,Red,derpyberd,15,1,force_destroyed,370,12.33,False,25,20,25,7,76,0,153,153,0,370,0.9765,-1
Red,5,birdo,3,0,-,5,birdo,1,51,150,1,0,150,0,Red,derpyberd,30,1,force_destroyed,586,19.53,False,20,19,20,4,71,0,153,153,0,586,1.0000,203
Red,5,birdo,3,4,lobbo,0,-,0,0,150,1,0,-1,0,Red,derpyberd,0,1,castle_destroyed,769,25.63,False,0,0,0,0,0,26,491,153,3,-1,1.0000,143
Red,5,birdo,3,4,lobbo,0,-,0,0,150,1,0,-1,0,Red,derpyberd,1,1,force_destroyed,380,12.67,False,380,272,380,114,295,10,283,153,0,295,0.6706,-1
Red,5,birdo,3,4,lobbo,0,-,0,0,150,1,0,-1,0,Red,derpyberd,2,1,force_destroyed,559,18.63,False,280,261,280,50,196,14,335,153,0,392,0.8324,-1
Red,5,birdo,3,4,lobbo,0,-,0,0,150,1,0,-1,0,Red,derpyberd,3,1,force_destroyed,661,22.03,False,221,214,221,33,160,16,361,153,0,478,1.0000,402
Red,5,birdo,3,4,lobbo,0,-,0,0,150,1,0,-1,0,Red,derpyberd,5,1,force_destroyed,1006,33.53,False,202,198,202,20,151,26,491,153,0,751,1.0000,263
Red,5,birdo,3,4,lobbo,0,-,0,0,150,1,0,-1,0,Red,derpyberd,10,1,castle_destroyed,1121,37.37,False,113,111,113,10,0,38,647,153,3,-1,1.0000,180
Red,5,birdo,3,4,lobbo,0,-,0,0,150,1,0,-1,0,Red,derpyberd,15,1,castle_destroyed,921,30.70,False,62,61,62,7,0,31,556,153,3,-1,1.0000,157
Red,5,birdo,3,4,lobbo,0,-,0,0,150,1,0,-1,0,Red,derpyberd,30,1,castle_destroyed,788,26.27,False,27,26,27,4,0,27,504,153,3,-1,1.0000,151
Red,5,birdo,3,4,lobbo,5,birdo,1,51,150,1,0,150,0,Red,derpyberd,0,1,castle_destroyed,904,30.13,False,0,0,0,1,0,31,556,153,3,-1,1.0000,143
Red,5,birdo,3,4,lobbo,5,birdo,1,51,150,1,1,150,0,Red,derpyberd,1,1,force_destroyed,370,12.33,False,370,226,370,147,322,10,283,153,0,271,0.6706,-1
Red,5,birdo,3,4,lobbo,5,birdo,1,51,150,1,0,150,0,Red,derpyberd,2,1,force_destroyed,470,15.67,False,235,193,235,57,227,12,309,153,0,351,0.7253,-1
Red,5,birdo,3,4,lobbo,5,birdo,1,51,150,1,0,150,0,Red,derpyberd,3,1,force_destroyed,661,22.03,False,221,214,221,33,203,16,361,153,0,456,0.9547,524
Red,5,birdo,3,4,lobbo,5,birdo,1,51,150,1,0,150,0,Red,derpyberd,5,1,force_destroyed,886,29.53,False,178,174,178,20,178,22,439,153,0,631,1.0000,324
Red,5,birdo,3,4,lobbo,5,birdo,1,51,150,1,0,150,0,Red,derpyberd,10,1,force_destroyed,1356,45.20,False,136,134,136,10,152,34,595,153,0,1006,1.0000,285
Red,5,birdo,3,4,lobbo,5,birdo,1,51,150,1,0,150,0,Red,derpyberd,15,1,castle_destroyed,1076,35.87,False,72,71,72,7,0,36,621,153,2,-1,1.0000,157
Red,5,birdo,3,4,lobbo,5,birdo,1,51,150,1,0,150,0,Red,derpyberd,30,1,castle_destroyed,943,31.43,False,32,31,32,4,0,32,569,153,2,-1,1.0000,151
Red,5,birdo,5,0,-,0,-,0,0,150,1,0,-1,0,Red,derpyberd,0,1,castle_destroyed,1367,45.57,False,0,0,0,0,0,0,255,255,5,-1,1.0000,143
Red,5,birdo,5,0,-,0,-,0,0,150,1,0,-1,0,Red,derpyberd,1,1,force_destroyed,333,11.10,False,333,230,333,110,333,0,255,255,0,333,0.6706,-1
Red,5,birdo,5,0,-,0,-,0,0,150,1,0,-1,0,Red,derpyberd,2,1,force_destroyed,418,13.93,False,209,161,209,55,209,0,255,255,0,418,0.7253,-1
Red,5,birdo,5,0,-,0,-,0,0,150,1,0,-1,0,Red,derpyberd,3,1,force_destroyed,493,16.43,False,165,147,165,36,165,0,255,255,0,493,0.9135,-1
Red,5,birdo,5,0,-,0,-,0,0,150,1,0,-1,0,Red,derpyberd,5,1,force_destroyed,663,22.10,False,133,127,133,22,133,0,255,255,0,663,1.0000,484
Red,5,birdo,5,0,-,0,-,0,0,150,1,0,-1,0,Red,derpyberd,10,1,force_destroyed,1220,40.67,False,122,119,122,11,122,0,255,255,0,1220,1.0000,233
Red,5,birdo,5,0,-,0,-,0,0,150,1,0,-1,0,Red,derpyberd,15,1,force_destroyed,1786,59.53,False,120,118,120,7,120,0,255,255,0,1786,1.0000,206
Red,5,birdo,5,0,-,0,-,0,0,150,1,0,-1,0,Red,derpyberd,30,1,castle_destroyed,1543,51.43,False,52,51,52,4,0,0,255,255,5,-1,1.0000,176
Red,5,birdo,5,0,-,5,birdo,1,51,150,1,0,150,0,Red,derpyberd,0,1,castle_destroyed,1744,58.13,False,0,0,0,1,0,0,255,255,4,-1,1.0000,143
Red,5,birdo,5,0,-,5,birdo,1,51,150,1,1,150,0,Red,derpyberd,1,1,force_destroyed,334,11.13,False,334,217,334,127,385,0,255,255,0,334,0.6706,-1
Red,5,birdo,5,0,-,5,birdo,1,51,150,1,1,150,0,Red,derpyberd,2,1,force_destroyed,354,11.80,False,177,105,177,75,228,0,255,255,0,354,0.6759,-1
Red,5,birdo,5,0,-,5,birdo,1,51,150,1,0,150,0,Red,derpyberd,3,1,force_destroyed,346,11.53,False,116,72,116,46,167,0,255,255,0,346,0.7129,-1
Red,5,birdo,5,0,-,5,birdo,1,51,150,1,1,150,0,Red,derpyberd,5,1,force_destroyed,377,12.57,False,76,47,76,31,127,0,255,255,0,377,0.7171,-1
Red,5,birdo,5,0,-,5,birdo,1,51,150,1,0,150,0,Red,derpyberd,10,1,force_destroyed,1096,36.53,False,110,106,110,11,161,0,255,255,0,1096,1.0000,353
Red,5,birdo,5,0,-,5,birdo,1,51,150,1,0,150,0,Red,derpyberd,15,1,force_destroyed,646,21.53,False,44,42,44,7,95,0,255,255,0,646,1.0000,282
Red,5,birdo,5,0,-,5,birdo,1,51,150,1,0,150,0,Red,derpyberd,30,1,force_destroyed,1133,37.77,False,38,37,38,4,89,0,255,255,0,1133,1.0000,203
Red,5,birdo,5,4,lobbo,0,-,0,0,150,1,0,-1,0,Red,derpyberd,0,1,castle_destroyed,707,23.57,False,0,0,0,0,0,24,567,255,5,-1,1.0000,143
Red,5,birdo,5,4,lobbo,0,-,0,0,150,1,0,-1,0,Red,derpyberd,1,1,force_destroyed,440,14.67,False,440,333,440,113,359,12,411,255,0,359,0.6706,-1
Red,5,birdo,5,4,lobbo,0,-,0,0,150,1,0,-1,0,Red,derpyberd,2,1,force_destroyed,625,20.83,False,313,299,313,50,226,16,463,255,0,452,0.8653,-1
Red,5,birdo,5,4,lobbo,0,-,0,0,150,1,0,-1,0,Red,derpyberd,3,1,force_destroyed,781,26.03,False,261,254,261,33,200,20,515,255,0,598,1.0000,377
Red,5,birdo,5,4,lobbo,0,-,0,0,150,1,0,-1,0,Red,derpyberd,5,1,force_destroyed,1126,37.53,False,226,222,226,20,176,30,645,255,0,876,1.0000,255
Red,5,birdo,5,4,lobbo,0,-,0,0,150,1,0,-1,0,Red,derpyberd,10,1,castle_destroyed,929,30.97,False,93,92,93,10,0,31,658,255,5,-1,1.0000,180
Red,5,birdo,5,4,lobbo,0,-,0,0,150,1,0,-1,0,Red,derpyberd,15,1,castle_destroyed,803,26.77,False,54,53,54,7,0,27,606,255,5,-1,1.0000,157
Red,5,birdo,5,4,lobbo,0,-,0,0,150,1,0,-1,0,Red,derpyberd,30,1,castle_destroyed,720,24.00,False,24,24,24,4,0,24,567,255,5,-1,1.0000,151
Red,5,birdo,5,4,lobbo,5,birdo,1,51,150,1,0,150,0,Red,derpyberd,0,1,castle_destroyed,830,27.67,False,0,0,0,1,0,28,619,255,5,-1,1.0000,143
Red,5,birdo,5,4,lobbo,5,birdo,1,51,150,1,1,150,0,Red,derpyberd,1,1,force_destroyed,402,13.40,False,402,262,402,140,388,12,411,255,0,337,0.6706,-1
Red,5,birdo,5,4,lobbo,5,birdo,1,51,150,1,0,150,0,Red,derpyberd,2,1,force_destroyed,534,17.80,False,267,227,267,57,253,14,437,255,0,404,0.7253,-1
Red,5,birdo,5,4,lobbo,5,birdo,1,51,150,1,0,150,0,Red,derpyberd,3,1,force_destroyed,721,24.03,False,241,234,241,33,230,18,489,255,0,535,1.0000,498
Red,5,birdo,5,4,lobbo,5,birdo,1,51,150,1,0,150,0,Red,derpyberd,5,1,force_destroyed,946,31.53,False,190,186,190,20,195,24,567,255,0,716,1.0000,344
Red,5,birdo,5,4,lobbo,5,birdo,1,51,150,1,0,150,0,Red,derpyberd,10,1,castle_destroyed,1007,33.57,False,101,100,101,10,0,34,697,255,3,-1,1.0000,255
Red,5,birdo,5,4,lobbo,5,birdo,1,51,150,1,0,150,0,Red,derpyberd,15,1,castle_destroyed,926,30.87,False,62,61,62,7,0,31,658,255,4,-1,1.0000,157
Red,5,birdo,5,4,lobbo,5,birdo,1,51,150,1,0,150,0,Red,derpyberd,30,1,castle_destroyed,863,28.77,False,29,29,29,4,0,29,632,255,4,-1,1.0000,151
White,5,alpacco,1,0,-,0,-,0,0,150,1,0,-1,0,White,doggo,0,1,castle_destroyed,7299,243.30,False,0,0,0,0,0,0,81,81,1,-1,1.0000,171
White,5,alpacco,1,0,-,0,-,0,0,150,1,0,-1,0,White,doggo,1,1,force_destroyed,150,5.00,False,150,1,450,149,450,0,81,81,0,150,0.6235,-1
White,5,alpacco,1,0,-,0,-,0,0,150,1,0,-1,0,White,doggo,2,1,force_destroyed,194,6.47,False,97,39,291,77,291,0,81,81,0,194,0.6306,-1
White,5,alpacco,1,0,-,0,-,0,0,150,1,0,-1,0,White,doggo,3,1,force_destroyed,258,8.60,False,86,42,258,49,258,0,81,81,0,258,0.6306,-1
White,5,alpacco,1,0,-,0,-,0,0,150,1,0,-1,0,White,doggo,5,1,force_destroyed,346,11.53,False,70,45,210,30,210,0,81,81,0,346,0.6671,-1
White,5,alpacco,1,0,-,0,-,0,0,150,1,0,-1,0,White,doggo,10,1,force_destroyed,551,18.37,False,56,48,168,13,168,0,81,81,0,551,0.7876,-1
White,5,alpacco,1,0,-,0,-,0,0,150,1,0,-1,0,White,doggo,15,1,force_destroyed,714,23.80,False,48,44,144,8,144,0,81,81,0,714,0.9147,-1
White,5,alpacco,1,0,-,0,-,0,0,150,1,0,-1,0,White,doggo,30,1,force_destroyed,1186,39.53,False,40,39,120,4,120,0,81,81,0,1186,1.0000,1004
White,5,alpacco,1,0,-,5,alpacco,1,81,150,1,0,150,0,White,doggo,0,1,force_destroyed,430,14.33,False,0,0,0,1,81,0,81,81,0,430,0.9729,-1
White,5,alpacco,1,0,-,5,alpacco,0,0,150,1,0,-1,0,White,doggo,1,1,force_destroyed,150,5.00,False,150,1,450,149,450,0,81,81,0,150,0.6235,-1
White,5,alpacco,1,0,-,5,alpacco,1,81,150,1,1,150,0,White,doggo,2,1,force_destroyed,194,6.47,False,97,38,291,78,372,0,81,81,0,194,0.6306,-1
White,5,alpacco,1,0,-,5,alpacco,1,81,150,1,1,150,0,White,doggo,3,1,force_destroyed,227,7.57,False,76,32,228,50,309,0,81,81,0,227,0.6306,-1
White,5,alpacco,1,0,-,5,alpacco,1,81,150,1,1,150,0,White,doggo,5,1,force_destroyed,291,9.70,False,59,33,177,31,258,0,81,81,0,291,0.6553,-1
White,5,alpacco,1,0,-,5,alpacco,1,81,150,1,1,150,0,White,doggo,10,1,force_destroyed,306,10.20,False,31,17,93,19,174,0,81,81,0,306,0.6882,-1
White,5,alpacco,1,0,-,5,alpacco,1,81,150,1,1,150,0,White,doggo,15,1,force_destroyed,341,11.37,False,23,11,69,13,150,0,81,81,0,341,0.7088,-1
White,5,alpacco,1,0,-,5,alpacco,1,81,150,1,1,150,0,White,doggo,30,1,force_destroyed,337,11.23,False,12,5,36,7,117,0,81,81,0,337,0.7706,-1
White,5,alpacco,1,4,ringo,0,-,0,0,150,1,0,-1,0,White,doggo,0,1,castle_destroyed,874,29.13,False,0,0,0,0,0,30,621,81,1,-1,1.0000,132
White,5,alpacco,1,4,ringo,0,-,0,0,150,1,0,-1,0,White,doggo,1,1,force_destroyed,305,10.17,False,305,187,915,121,708,8,225,81,0,236,0.6706,-1
White,5,alpacco,1,4,ringo,0,-,0,0,150,1,0,-1,0,White,doggo,2,1,force_destroyed,575,19.17,False,288,271,864,48,651,15,351,81,0,434,0.8653,-1
White,5,alpacco,1,4,ringo,0,-,0,0,150,1,0,-1,0,White,doggo,3,1,force_destroyed,787,26.23,False,263,256,789,32,612,21,459,81,0,610,1.0000,471
White,5,alpacco,1,4,ringo,0,-,0,0,150,1,0,-1,0,White,doggo,5,1,force_destroyed,1096,36.53,False,220,216,660,19,540,30,621,81,0,896,1.0000,259
White,5,alpacco,1,4,ringo,0,-,0,0,150,1,0,-1,0,White,doggo,10,1,force_destroyed,1936,64.53,False,194,192,582,9,495,55,1071,81,0,1646,1.0000,213
White,5,alpacco,1,4,ringo,0,-,0,0,150,1,0,-1,0,White,doggo,15,1,castle_destroyed,1317,43.90,False,88,87,264,6,0,44,873,81,1,-1,1.0000,161
White,5,alpacco,1,4,ringo,0,-,0,0,150,1,0,-1,0,White,doggo,30,1,castle_destroyed,935,31.17,False,32,31,96,3,0,32,657,81,1,-1,1.0000,144
White,5,alpacco,1,4,ringo,5,alpacco,1,81,150,1,0,150,0,White,doggo,0,1,castle_destroyed,1108,36.93,False,0,0,0,1,0,37,747,81,1,-1,1.0000,132
White,5,alpacco,1,4,ringo,5,alpacco,1,81,150,1,1,150,0,White,doggo,1,1,force_destroyed,292,9.73,False,292,158,876,140,741,8,225,81,0,220,0.6706,-1
White,5,alpacco,1,4,ringo,5,alpacco,1,81,150,1,1,150,0,White,doggo,2,1,force_destroyed,392,13.07,False,196,140,588,56,570,11,279,81,0,325,0.7541,-1
White,5,alpacco,1,4,ringo,5,alpacco,1,81,150,1,0,150,0,White,doggo,3,1,force_destroyed,446,14.87,False,149,106,447,56,429,12,297,81,0,347,0.7706,-1
White,5,alpacco,1,4,ringo,5,alpacco,1,81,150,1,0,150,0,White,doggo,5,1,force_destroyed,916,30.53,False,184,180,552,19,510,24,513,81,0,711,1.0000,445
White,5,alpacco,1,4,ringo,5,alpacco,1,81,150,1,0,150,0,White,doggo,10,1,force_destroyed,1666,55.53,False,167,165,501,9,492,46,909,81,0,1366,1.0000,330
White,5,alpacco,1,4,ringo,5,alpacco,1,81,150,1,0,150,0,White,doggo,15,1,castle_destroyed,1554,51.80,False,104,103,312,7,381,50,981,81,0,1486,1.0000,162
White,5,alpacco,1,4,ringo,5,alpacco,1,81,150,1,0,150,0,White,doggo,30,1,castle_destroyed,1169,38.97,False,39,39,117,4,0,39,783,81,1,-1,1.0000,144
White,5,alpacco,3,0,-,0,-,0,0,150,1,0,-1,0,White,doggo,0,1,castle_destroyed,2574,85.80,False,0,0,0,0,0,0,243,243,3,-1,1.0000,171
White,5,alpacco,3,0,-,0,-,0,0,150,1,0,-1,0,White,doggo,1,1,force_destroyed,269,8.97,False,269,145,807,136,807,0,243,243,0,269,0.6235,-1
White,5,alpacco,3,0,-,0,-,0,0,150,1,0,-1,0,White,doggo,2,1,force_destroyed,344,11.47,False,172,105,516,67,516,0,243,243,0,344,0.6512,-1
White,5,alpacco,3,0,-,0,-,0,0,150,1,0,-1,0,White,doggo,3,1,force_destroyed,420,14.00,False,140,99,420,44,420,0,243,243,0,420,0.6876,-1
White,5,alpacco,3,0,-,0,-,0,0,150,1,0,-1,0,White,doggo,5,1,force_destroyed,616,20.53,False,124,109,372,26,372,0,243,243,0,616,0.8424,-1
White,5,alpacco,3,0,-,0,-,0,0,150,1,0,-1,0,White,doggo,10,1,force_destroyed,986,32.87,False,99,97,297,13,297,0,243,243,0,986,1.0000,795
White,5,alpacco,3,0,-,0,-,0,0,150,1,0,-1,0,White,doggo,15,1,force_destroyed,1448,48.27,False,97,94,291,8,291,0,243,243,0,1448,1.0000,296
White,5,alpacco,3,0,-,0,-,0,0,150,1,0,-1,0,White,doggo,30,1,force_destroyed,3127,104.23,False,105,103,315,4,315,0,243,243,0,3127,1.0000,220
White,5,alpacco,3,0,-,5,alpacco,1,81,150,1,0,150,0,White,doggo,0,1,castle_destroyed,2661,88.70,False,0,0,0,1,0,0,243,243,3,-1,1.0000,201
White,5,alpacco,3,0,-,5,alpacco,1,81,150,1,1,150,0,White,doggo,1,1,force_destroyed,253,8.43,False,253,117,759,137,840,0,243,243,0,253,0.6235,-1
White,5,alpacco,3,0,-,5,alpacco,1,81,150,1,1,150,0,White,doggo,2,1,force_destroyed,309,10.30,False,155,103,465,68,546,0,243,243,0,309,0.6494,-1
White,5,alpacco,3,0,-,5,alpacco,1,81,150,1,1,150,0,White,doggo,3,1,force_destroyed,342,11.40,False,114,67,342,48,423,0,243,243,0,342,0.6553,-1
White,5,alpacco,3,0,-,5,alpacco,1,81,150,1,1,150,0,White,doggo,5,1,force_destroyed,384,12.80,False,77,45,231,33,312,0,243,243,0,384,0.6700,-1
White,5,alpacco,3,0,-,5,alpacco,1,81,150,1,0,150,0,White,doggo,10,1,force_destroyed,407,13.57,False,41,24,123,18,204,0,243,243,0,407,0.7082,-1
White,5,alpacco,3,0,-,5,alpacco,1,81,150,1,0,150,0,White,doggo,15,1,force_destroyed,388,12.93,False,26,17,78,10,159,0,243,243,0,388,0.7647,-1
White,5,alpacco,3,0,-,5,alpacco,1,81,150,1,0,150,0,White,doggo,30,1,force_destroyed,635,21.17,False,22,19,66,5,147,0,243,243,0,635,0.8694,-1
White,5,alpacco,3,4,ringo,0,-,0,0,150,1,0,-1,0,White,doggo,0,1,castle_destroyed,804,26.80,False,0,0,0,0,0,27,729,243,3,-1,1.0000,132
White,5,alpacco,3,4,ringo,0,-,0,0,150,1,0,-1,0,White,doggo,1,1,force_destroyed,417,13.90,False,417,290,1251,132,1035,12,459,243,0,345,0.6706,-1
White,5,alpacco,3,4,ringo,0,-,0,0,150,1,0,-1,0,White,doggo,2,1,force_destroyed,640,21.33,False,320,308,960,48,750,17,549,243,0,500,0.9147,-1
White,5,alpacco,3,4,ringo,0,-,0,0,150,1,0,-1,0,White,doggo,3,1,force_destroyed,847,28.23,False,283,276,849,32,672,23,657,243,0,670,1.0000,462
White,5,alpacco,3,4,ringo,0,-,0,0,150,1,0,-1,0,White,doggo,5,1,force_destroyed,1186,39.53,False,238,234,714,19,588,33,837,243,0,976,1.0000,257
White,5,alpacco,3,4,ringo,0,-,0,0,150,1,0,-1,0,White,doggo,10,1,castle_destroyed,1384,46.13,False,139,137,417,9,0,47,1089,243,3,-1,1.0000,213
White,5,alpacco,3,4,ringo,0,-,0,0,150,1,0,-1,0,White,doggo,15,1,castle_destroyed,1064,35.47,False,71,70,213,6,0,36,891,243,3,-1,1.0000,161
White,5,alpacco,3,4,ringo,0,-,0,0,150,1,0,-1,0,White,doggo,30,1,castle_destroyed,836,27.87,False,28,28,84,3,0,28,747,243,3,-1,1.0000,144
White,5,alpacco,3,4,ringo,5,alpacco,1,81,150,1,0,150,0,White,doggo,0,1,castle_destroyed,1028,34.27,False,0,0,0,1,0,35,873,243,3,-1,1.0000,132
White,5,alpacco,3,4,ringo,5,alpacco,1,81,150,1,1,150,0,White,doggo,1,1,force_destroyed,443,14.77,False,443,297,1329,152,1167,13,477,243,0,362,0.6706,-1
White,5,alpacco,3,4,ringo,5,alpacco,1,81,150,1,0,150,0,White,doggo,2,1,force_destroyed,574,19.13,False,287,242,861,68,777,16,531,243,0,464,0.7582,-1
White,5,alpacco,3,4,ringo,5,alpacco,1,81,150,1,0,150,0,White,doggo,3,1,force_destroyed,686,22.87,False,229,205,687,46,645,19,585,243,0,563,0.7881,-1
White,5,alpacco,3,4,ringo,5,alpacco,1,81,150,1,0,150,0,White,doggo,5,1,force_destroyed,1006,33.53,False,202,198,606,19,567,27,729,243,0,806,1.0000,402
White,5,alpacco,3,4,ringo,5,alpacco,1,81,150,1,0,150,0,White,doggo,10,1,castle_destroyed,1552,51.73,False,156,154,468,9,510,48,1107,243,0,1426,1.0000,319
White,5,alpacco,3,4,ringo,5,alpacco,1,81,150,1,0,150,0,White,doggo,15,1,castle_destroyed,1209,40.30,False,81,80,243,6,0,41,981,243,3,-1,1.0000,162
White,5,alpacco,3,4,ringo,5,alpacco,1,81,150,1,0,150,0,White,doggo,30,1,castle_destroyed,1052,35.07,False,36,35,108,3,0,36,891,243,3,-1,1.0000,144
White,5,alpacco,5,0,-,0,-,0,0,150,1,0,-1,0,White,doggo,0,1,castle_destroyed,1641,54.70,False,0,0,0,0,0,0,405,405,5,-1,1.0000,171
White,5,alpacco,5,0,-,0,-,0,0,150,1,0,-1,0,White,doggo,1,1,force_destroyed,335,11.17,False,335,212,1005,136,1005,0,405,405,0,335,0.6235,-1
White,5,alpacco,5,0,-,0,-,0,0,150,1,0,-1,0,White,doggo,2,1,force_destroyed,425,14.17,False,213,146,639,67,639,0,405,405,0,425,0.6676,-1
White,5,alpacco,5,0,-,0,-,0,0,150,1,0,-1,0,White,doggo,3,1,force_destroyed,581,19.37,False,194,161,582,44,582,0,405,405,0,581,0.7829,-1
White,5,alpacco,5,0,-,0,-,0,0,150,1,0,-1,0,White,doggo,5,1,force_destroyed,776,25.87,False,156,149,468,26,468,0,405,405,0,776,1.0000,584
White,5,alpacco,5,0,-,0,-,0,0,150,1,0,-1,0,White,doggo,10,1,force_destroyed,1320,44.00,False,132,128,396,13,396,0,405,405,0,1320,1.0000,315
White,5,alpacco,5,0,-,0,-,0,0,150,1,0,-1,0,White,doggo,15,1,force_destroyed,1950,65.00,False,130,128,390,8,390,0,405,405,0,1950,1.0000,292
White,5,alpacco,5,0,-,0,-,0,0,150,1,0,-1,0,White,doggo,30,1,castle_destroyed,2114,70.47,False,71,70,213,4,0,0,405,405,5,-1,1.0000,220
White,5,alpacco,5,0,-,5,alpacco,1,81,150,1,0,150,0,White,doggo,0,1,castle_destroyed,1716,57.20,False,0,0,0,1,0,0,405,405,5,-1,1.0000,201
White,5,alpacco,5,0,-,5,alpacco,1,81,150,1,1,150,0,White,doggo,1,1,force_destroyed,365,12.17,False,365,213,1095,174,1176,0,405,405,0,365,0.6235,-1
White,5,alpacco,5,0,-,5,alpacco,1,81,150,1,1,150,0,White,doggo,2,1,force_destroyed,418,13.93,False,209,136,627,73,708,0,405,405,0,418,0.6553,-1
White,5,alpacco,5,0,-,5,alpacco,1,81,150,1,0,150,0,White,doggo,3,1,force_destroyed,389,12.97,False,130,78,390,56,471,0,405,405,0,389,0.6694,-1
White,5,alpacco,5,0,-,5,alpacco,1,81,150,1,0,150,0,White,doggo,5,1,force_destroyed,416,13.87,False,84,54,252,35,333,0,405,405,0,416,0.6700,-1
White,5,alpacco,5,0,-,5,alpacco,1,81,150,1,0,150,0,White,doggo,10,1,force_destroyed,530,17.67,False,53,41,159,14,240,0,405,405,0,530,0.7582,-1
White,5,alpacco,5,0,-,5,alpacco,1,81,150,1,0,150,0,White,doggo,15,1,force_destroyed,1073,35.77,False,72,70,216,9,297,0,405,405,0,1073,1.0000,540
White,5,alpacco,5,0,-,5,alpacco,1,81,150,1,0,150,0,White,doggo,30,1,force_destroyed,1036,34.53,False,35,34,105,5,186,0,405,405,0,1036,1.0000,298
White,5,alpacco,5,4,ringo,0,-,0,0,150,1,0,-1,0,White,doggo,0,1,castle_destroyed,748,24.93,False,0,0,0,0,0,25,855,405,5,-1,1.0000,132
White,5,alpacco,5,4,ringo,0,-,0,0,150,1,0,-1,0,White,doggo,1,1,force_destroyed,477,15.90,False,477,350,1431,132,1215,14,657,405,0,405,0.6706,-1
White,5,alpacco,5,4,ringo,0,-,0,0,150,1,0,-1,0,White,doggo,2,1,force_destroyed,708,23.60,False,354,346,1062,48,849,19,747,405,0,565,0.9518,-1
White,5,alpacco,5,4,ringo,0,-,0,0,150,1,0,-1,0,White,doggo,3,1,force_destroyed,907,30.23,False,303,296,909,32,741,25,855,405,0,739,1.0000,465
White,5,alpacco,5,4,ringo,0,-,0,0,150,1,0,-1,0,White,doggo,5,1,force_destroyed,1276,42.53,False,256,252,768,19,633,36,1053,405,0,1051,1.0000,257
White,5,alpacco,5,4,ringo,0,-,0,0,150,1,0,-1,0,White,doggo,10,1,castle_destroyed,1130,37.67,False,113,112,339,9,0,38,1089,405,5,-1,1.0000,213
White,5,alpacco,5,4,ringo,0,-,0,0,150,1,0,-1,0,White,doggo,15,1,castle_destroyed,910,30.33,False,61,60,183,6,0,31,963,405,5,-1,1.0000,161
White,5,alpacco,5,4,ringo,0,-,0,0,150,1,0,-1,0,White,doggo,30,1,castle_destroyed,768,25.60,False,26,26,78,3,0,26,873,405,5,-1,1.0000,144
White,5,alpacco,5,4,ringo,5,alpacco,1,81,150,1,0,150,0,White,doggo,0,1,castle_destroyed,973,32.43,False,0,0,0,1,0,33,999,405,5,-1,1.0000,132
White,5,alpacco,5,4,ringo,5,alpacco,1,81,150,1,1,150,0,White,doggo,1,1,force_destroyed,463,15.43,False,463,312,1389,154,1287,14,657,405,0,402,0.6706,-1
White,5,alpacco,5,4,ringo,5,alpacco,1,81,150,1,0,150,0,White,doggo,2,1,force_destroyed,649,21.63,False,325,293,975,51,861,18,729,405,0,519,0.7624,-1
White,5,alpacco,5,4,ringo,5,alpacco,1,81,150,1,0,150,0,White,doggo,3,1,force_destroyed,907,30.23,False,303,296,909,32,813,25,855,405,0,730,1.0000,585
White,5,alpacco,5,4,ringo,5,alpacco,1,81,150,1,0,150,0,White,doggo,5,1,force_destroyed,1246,41.53,False,250,246,750,19,708,35,1035,405,0,1041,1.0000,325
White,5,alpacco,5,4,ringo,5,alpacco,1,81,150,1,0,150,0,White,doggo,10,1,castle_destroyed,1213,40.43,False,122,120,366,9,0,41,1143,405,5,-1,1.0000,301
White,5,alpacco,5,4,ringo,5,alpacco,1,81,150,1,0,150,0,White,doggo,15,1,castle_destroyed,1047,34.90,False,70,69,210,6,0,35,1035,405,5,-1,1.0000,162
White,5,alpacco,5,4,ringo,5,alpacco,1,81,150,1,0,150,0,White,doggo,30,1,castle_destroyed,1000,33.33,False,34,33,102,3,0,34,1017,405,5,-1,1.0000,144
Yellow,5,jig,1,0,-,0,-,0,0,150,1,0,-1,0,Yellow,minnow,0,1,castle_destroyed,4860,162.00,False,0,0,0,0,0,0,60,60,1,-1,1.0000,115
Yellow,5,jig,1,0,-,0,-,0,0,150,1,0,-1,0,Yellow,minnow,1,1,force_destroyed,115,3.83,False,115,27,230,88,230,0,60,60,0,115,0.5912,-1
Yellow,5,jig,1,0,-,0,-,0,0,150,1,0,-1,0,Yellow,minnow,2,1,force_destroyed,156,5.20,False,78,36,156,42,156,0,60,60,0,156,0.6212,-1
Yellow,5,jig,1,0,-,0,-,0,0,150,1,0,-1,0,Yellow,minnow,3,1,force_destroyed,187,6.23,False,63,33,126,30,126,0,60,60,0,187,0.6353,-1
Yellow,5,jig,1,0,-,0,-,0,0,150,1,0,-1,0,Yellow,minnow,5,1,force_destroyed,259,8.63,False,52,37,104,15,104,0,60,60,0,259,0.7765,-1
Yellow,5,jig,1,0,-,0,-,0,0,150,1,0,-1,0,Yellow,minnow,10,1,force_destroyed,372,12.40,False,38,34,76,8,76,0,60,60,0,372,0.8965,-1
Yellow,5,jig,1,0,-,0,-,0,0,150,1,0,-1,0,Yellow,minnow,15,1,force_destroyed,535,17.83,False,36,35,72,5,72,0,60,60,0,535,1.0000,534
Yellow,5,jig,1,0,-,0,-,0,0,150,1,0,-1,0,Yellow,minnow,30,1,force_destroyed,1330,44.33,False,45,44,90,3,90,0,60,60,0,1330,1.0000,123
Yellow,5,jig,1,0,-,5,jig,1,60,150,1,1,150,0,Yellow,minnow,0,1,force_destroyed,264,8.80,False,0,-1,0,1,60,0,60,60,0,264,1.0000,115
Yellow,5,jig,1,0,-,5,jig,0,0,150,1,0,-1,0,Yellow,minnow,1,1,force_destroyed,115,3.83,False,115,27,230,88,230,0,60,60,0,115,0.5912,-1
Yellow,5,jig,1,0,-,5,jig,1,60,150,1,1,150,0,Yellow,minnow,2,1,force_destroyed,156,5.20,False,78,35,156,43,216,0,60,60,0,156,0.6212,-1
Yellow,5,jig,1,0,-,5,jig,1,60,150,1,1,150,0,Yellow,minnow,3,1,force_destroyed,187,6.23,False,63,32,126,31,186,0,60,60,0,187,0.6353,-1
Yellow,5,jig,1,0,-,5,jig,1,60,150,1,1,150,0,Yellow,minnow,5,1,force_destroyed,224,7.47,False,45,27,90,18,150,0,60,60,0,224,0.7341,-1
Yellow,5,jig,1,0,-,5,jig,1,60,150,1,1,150,0,Yellow,minnow,10,1,force_destroyed,235,7.83,False,24,13,48,11,108,0,60,60,0,235,0.7412,-1
Yellow,5,jig,1,0,-,5,jig,1,60,150,1,1,150,0,Yellow,minnow,15,1,force_destroyed,273,9.10,False,19,13,38,8,98,0,60,60,0,273,0.7906,-1
Yellow,5,jig,1,0,-,5,jig,1,60,150,1,1,150,0,Yellow,minnow,30,1,force_destroyed,237,7.90,False,8,7,16,3,76,0,60,60,0,237,1.0000,123
Yellow,5,jig,1,4,doc,0,-,0,0,150,1,0,-1,0,Yellow,minnow,0,1,castle_destroyed,839,27.97,False,0,0,0,0,0,28,536,60,1,-1,1.0000,115
Yellow,5,jig,1,4,doc,0,-,0,0,150,1,0,-1,0,Yellow,minnow,1,1,force_destroyed,208,6.93,False,208,123,416,87,286,5,145,60,0,143,0.5912,-1
Yellow,5,jig,1,4,doc,0,-,0,0,150,1,0,-1,0,Yellow,minnow,2,1,force_destroyed,360,12.00,False,180,163,360,39,218,8,196,60,0,217,0.7200,-1
Yellow,5,jig,1,4,doc,0,-,0,0,150,1,0,-1,0,Yellow,minnow,3,1,force_destroyed,429,14.30,False,143,138,286,26,180,9,213,60,0,270,0.8400,-1
Yellow,5,jig,1,4,doc,0,-,0,0,150,1,0,-1,0,Yellow,minnow,5,1,force_destroyed,600,20.00,False,120,117,240,15,150,13,281,60,0,375,1.0000,233
Yellow,5,jig,1,4,doc,0,-,0,0,150,1,0,-1,0,Yellow,minnow,10,1,force_destroyed,1030,34.33,False,103,102,206,7,140,24,468,60,0,700,1.0000,173
Yellow,5,jig,1,4,doc,0,-,0,0,150,1,0,-1,0,Yellow,minnow,15,1,castle_destroyed,1193,39.77,False,80,79,160,5,140,35,655,60,0,1045,1.0000,151
Yellow,5,jig,1,4,doc,0,-,0,0,150,1,0,-1,0,Yellow,minnow,30,1,castle_destroyed,872,29.07,False,30,29,60,3,0,30,570,60,1,-1,1.0000,123
Yellow,5,jig,1,4,doc,5,jig,1,60,150,1,0,150,0,Yellow,minnow,0,1,castle_destroyed,961,32.03,False,0,0,0,1,0,33,621,60,1,-1,1.0000,115
Yellow,5,jig,1,4,doc,5,jig,1,60,150,1,1,150,0,Yellow,minnow,1,1,force_destroyed,208,6.93,False,208,122,416,88,286,5,145,60,0,143,0.5912,-1
Yellow,5,jig,1,4,doc,5,jig,1,60,150,1,1,150,0,Yellow,minnow,2,1,force_destroyed,260,8.67,False,130,87,260,46,252,7,179,60,0,192,0.6988,-1
Yellow,5,jig,1,4,doc,5,jig,1,60,150,1,1,150,0,Yellow,minnow,3,1,force_destroyed,259,8.63,False,87,61,174,26,186,7,179,60,0,187,0.7429,-1
Yellow,5,jig,1,4,doc,5,jig,1,60,150,1,0,150,0,Yellow,minnow,5,1,force_destroyed,435,14.50,False,87,86,174,15,158,9,213,60,0,244,0.8700,-1
Yellow,5,jig,1,4,doc,5,jig,1,60,150,1,0,150,0,Yellow,minnow,10,1,force_destroyed,820,27.33,False,82,81,164,7,158,17,349,60,0,490,1.0000,268
Yellow,5,jig,1,4,doc,5,jig,1,60,150,1,0,150,0,Yellow,minnow,15,1,force_destroyed,640,21.33,False,43,43,86,5,92,8,196,60,0,226,1.0000,151
Yellow,5,jig,1,4,doc,5,jig,1,60,150,1,0,150,0,Yellow,minnow,30,1,force_destroyed,1060,35.33,False,36,35,72,3,84,12,264,60,0,340,1.0000,123
Yellow,5,jig,3,0,-,0,-,0,0,150,1,0,-1,0,Yellow,minnow,0,1,castle_destroyed,1722,57.40,False,0,0,0,0,0,0,180,180,3,-1,1.0000,115
Yellow,5,jig,3,0,-,0,-,0,0,150,1,0,-1,0,Yellow,minnow,1,1,force_destroyed,190,6.33,False,190,101,380,89,380,0,180,180,0,190,0.5912,-1
Yellow,5,jig,3,0,-,0,-,0,0,150,1,0,-1,0,Yellow,minnow,2,1,force_destroyed,270,9.00,False,135,104,270,39,270,0,180,180,0,270,0.6776,-1
Yellow,5,jig,3,0,-,0,-,0,0,150,1,0,-1,0,Yellow,minnow,3,1,force_destroyed,334,11.13,False,112,95,224,26,224,0,180,180,0,334,0.7959,-1
Yellow,5,jig,3,0,-,0,-,0,0,150,1,0,-1,0,Yellow,minnow,5,1,force_destroyed,455,15.17,False,91,88,182,15,182,0,180,180,0,455,1.0000,-1
Yellow,5,jig,3,0,-,0,-,0,0,150,1,0,-1,0,Yellow,minnow,10,1,force_destroyed,800,26.67,False,80,79,160,8,160,0,180,180,0,800,1.0000,183
Yellow,5,jig,3,0,-,0,-,0,0,150,1,0,-1,0,Yellow,minnow,15,1,force_destroyed,1127,37.57,False,76,74,152,5,152,0,180,180,0,1127,1.0000,154
Yellow,5,jig,3,0,-,0,-,0,0,150,1,0,-1,0,Yellow,minnow,30,1,force_destroyed,2020,67.33,False,68,67,136,3,136,0,180,180,0,2020,1.0000,123
Yellow,5,jig,3,0,-,5,jig,1,60,150,1,0,150,0,Yellow,minnow,0,1,castle_destroyed,4907,163.57,False,0,0,0,1,0,0,180,180,1,-1,1.0000,115
Yellow,5,jig,3,0,-,5,jig,1,60,150,1,1,150,0,Yellow,minnow,1,1,force_destroyed,190,6.33,False,190,100,380,90,440,0,180,180,0,190,0.5912,-1
Yellow,5,jig,3,0,-,5,jig,1,60,150,1,1,150,0,Yellow,minnow,2,1,force_destroyed,235,7.83,False,118,68,236,50,296,0,180,180,0,235,0.6706,-1
Yellow,5,jig,3,0,-,5,jig,1,60,150,1,1,150,0,Yellow,minnow,3,1,force_destroyed,244,8.13,False,82,46,164,36,224,0,180,180,0,244,0.7006,-1
Yellow,5,jig,3,0,-,5,jig,1,60,150,1,1,150,0,Yellow,minnow,5,1,force_destroyed,274,9.13,False,55,36,110,20,170,0,180,180,0,274,0.7412,-1
Yellow,5,jig,3,0,-,5,jig,1,60,150,1,1,150,0,Yellow,minnow,10,1,force_destroyed,330,11.00,False,33,27,66,8,126,0,180,180,0,330,0.9141,-1
Yellow,5,jig,3,0,-,5,jig,1,60,150,1,0,150,0,Yellow,minnow,15,1,force_destroyed,379,12.63,False,26,23,52,5,112,0,180,180,0,379,1.0000,154
Yellow,5,jig,3,0,-,5,jig,1,60,150,1,0,150,0,Yellow,minnow,30,1,force_destroyed,373,12.43,False,13,11,26,3,86,0,180,180,0,373,1.0000,123
Yellow,5,jig,3,4,doc,0,-,0,0,150,1,0,-1,0,Yellow,minnow,0,1,castle_destroyed,738,24.60,False,0,0,0,0,0,25,605,180,3,-1,1.0000,115
Yellow,5,jig,3,4,doc,0,-,0,0,150,1,0,-1,0,Yellow,minnow,1,1,force_destroyed,296,9.87,False,296,208,592,90,450,8,316,180,0,225,0.5912,-1
Yellow,5,jig,3,4,doc,0,-,0,0,150,1,0,-1,0,Yellow,minnow,2,1,force_destroyed,430,14.33,False,215,203,430,39,288,10,350,180,0,287,0.7906,-1
Yellow,5,jig,3,4,doc,0,-,0,0,150,1,0,-1,0,Yellow,minnow,3,1,force_destroyed,532,17.73,False,178,174,356,26,234,12,384,180,0,349,1.0000,330
Yellow,5,jig,3,4,doc,0,-,0,0,150,1,0,-1,0,Yellow,minnow,5,1,force_destroyed,720,24.00,False,144,141,288,15,204,17,469,180,0,510,1.0000,204
Yellow,5,jig,3,4,doc,0,-,0,0,150,1,0,-1,0,Yellow,minnow,10,1,force_destroyed,1210,40.33,False,121,120,242,7,178,30,690,180,0,890,1.0000,162
Yellow,5,jig,3,4,doc,0,-,0,0,150,1,0,-1,0,Yellow,minnow,15,1,castle_destroyed,905,30.17,False,61,60,122,5,0,31,707,180,3,-1,1.0000,151
Yellow,5,jig,3,4,doc,0,-,0,0,150,1,0,-1,0,Yellow,minnow,30,1,castle_destroyed,754,25.13,False,26,25,52,3,0,26,622,180,3,-1,1.0000,123
Yellow,5,jig,3,4,doc,5,jig,1,60,150,1,0,150,0,Yellow,minnow,0,1,castle_destroyed,928,30.93,False,0,0,0,1,0,31,707,180,3,-1,1.0000,115
Yellow,5,jig,3,4,doc,5,jig,1,60,150,1,1,150,0,Yellow,minnow,1,1,force_destroyed,287,9.57,False,287,194,574,97,498,8,316,180,0,219,0.5912,-1
Yellow,5,jig,3,4,doc,5,jig,1,60,150,1,0,150,0,Yellow,minnow,2,1,force_destroyed,366,12.20,False,183,154,366,43,322,9,333,180,0,262,0.7251,-1
Yellow,5,jig,3,4,doc,5,jig,1,60,150,1,0,150,0,Yellow,minnow,3,1,force_destroyed,404,13.47,False,135,122,270,26,238,9,333,180,0,265,0.7668,-1
Yellow,5,jig,3,4,doc,5,jig,1,60,150,1,0,150,0,Yellow,minnow,5,1,force_destroyed,660,22.00,False,132,129,264,15,230,15,435,180,0,425,1.0000,333
Yellow,5,jig,3,4,doc,5,jig,1,60,150,1,0,150,0,Yellow,minnow,10,1,force_destroyed,910,30.33,False,91,90,182,7,176,20,520,180,0,580,1.0000,168
Yellow,5,jig,3,4,doc,5,jig,1,60,150,1,0,150,0,Yellow,minnow,15,1,castle_destroyed,981,32.70,False,66,65,132,5,0,33,741,180,1,-1,1.0000,151
Yellow,5,jig,3,4,doc,5,jig,1,60,150,1,0,150,0,Yellow,minnow,30,1,castle_destroyed,1040,34.67,False,35,35,70,3,0,35,775,180,1,-1,1.0000,123
Yellow,5,jig,5,0,-,0,-,0,0,150,1,0,-1,0,Yellow,minnow,0,1,castle_destroyed,1119,37.30,False,0,0,0,0,0,0,300,300,5,-1,1.0000,115
Yellow,5,jig,5,0,-,0,-,0,0,150,1,0,-1,0,Yellow,minnow,1,1,force_destroyed,234,7.80,False,234,147,468,87,468,0,300,300,0,234,0.5912,-1
Yellow,5,jig,5,0,-,0,-,0,0,150,1,0,-1,0,Yellow,minnow,2,1,force_destroyed,340,11.33,False,170,141,340,39,340,0,300,300,0,340,0.7129,-1
Yellow,5,jig,5,0,-,0,-,0,0,150,1,0,-1,0,Yellow,minnow,3,1,force_destroyed,403,13.43,False,135,124,270,26,270,0,300,300,0,403,0.9212,-1
Yellow,5,jig,5,0,-,0,-,0,0,150,1,0,-1,0,Yellow,minnow,5,1,force_destroyed,522,17.40,False,105,103,210,15,210,0,300,300,0,522,1.0000,347
Yellow,5,jig,5,0,-,0,-,0,0,150,1,0,-1,0,Yellow,minnow,10,1,force_destroyed,930,31.00,False,93,92,186,8,186,0,300,300,0,930,1.0000,183
Yellow,5,jig,5,0,-,0,-,0,0,150,1,0,-1,0,Yellow,minnow,15,1,force_destroyed,1262,42.07,False,85,83,170,5,170,0,300,300,0,1262,1.0000,154
Yellow,5,jig,5,0,-,0,-,0,0,150,1,0,-1,0,Yellow,minnow,30,1,castle_destroyed,1249,41.63,False,42,42,84,3,0,0,300,300,5,-1,1.0000,123
Yellow,5,jig,5,0,-,5,jig,1,60,150,1,0,150,0,Yellow,minnow,0,1,castle_destroyed,1852,61.73,False,0,0,0,1,0,0,300,300,3,-1,1.0000,115
Yellow,5,jig,5,0,-,5,jig,1,60,150,1,1,150,0,Yellow,minnow,1,1,force_destroyed,249,8.30,False,249,134,498,115,558,0,300,300,0,249,0.5912,-1
Yellow,5,jig,5,0,-,5,jig,1,60,150,1,1,150,0,Yellow,minnow,2,1,force_destroyed,322,10.73,False,161,130,322,39,382,0,300,300,0,322,0.7200,-1
Yellow,5,jig,5,0,-,5,jig,1,60,150,1,1,150,0,Yellow,minnow,3,1,force_destroyed,361,12.03,False,121,104,242,26,302,0,300,300,0,361,0.7588,-1
Yellow,5,jig,5,0,-,5,jig,1,60,150,1,0,150,0,Yellow,minnow,5,1,force_destroyed,437,14.57,False,88,82,176,15,236,0,300,300,0,437,0.9318,-1
Yellow,5,jig,5,0,-,5,jig,1,60,150,1,0,150,0,Yellow,minnow,10,1,force_destroyed,610,20.33,False,61,60,122,8,182,0,300,300,0,610,1.0000,416
Yellow,5,jig,5,0,-,5,jig,1,60,150,1,0,150,0,Yellow,minnow,15,1,force_destroyed,465,15.50,False,31,29,62,5,122,0,300,300,0,465,1.0000,154
Yellow,5,jig,5,0,-,5,jig,1,60,150,1,0,150,0,Yellow,minnow,30,1,force_destroyed,790,26.33,False,27,26,54,3,114,0,300,300,0,790,1.0000,123
Yellow,5,jig,5,4,doc,0,-,0,0,150,1,0,-1,0,Yellow,minnow,0,1,castle_destroyed,663,22.10,False,0,0,0,0,0,23,691,300,5,-1,1.0000,115
Yellow,5,jig,5,4,doc,0,-,0,0,150,1,0,-1,0,Yellow,minnow,1,1,force_destroyed,356,11.87,False,356,268,712,90,570,10,470,300,0,285,0.5912,-1
Yellow,5,jig,5,4,doc,0,-,0,0,150,1,0,-1,0,Yellow,minnow,2,1,force_destroyed,542,18.07,False,271,264,542,39,362,13,521,300,0,362,0.8965,-1
Yellow,5,jig,5,4,doc,0,-,0,0,150,1,0,-1,0,Yellow,minnow,3,1,force_destroyed,622,20.73,False,208,204,416,26,288,15,555,300,0,430,1.0000,297
Yellow,5,jig,5,4,doc,0,-,0,0,150,1,0,-1,0,Yellow,minnow,5,1,force_destroyed,840,28.00,False,168,165,336,15,242,21,657,300,0,605,1.0000,204
Yellow,5,jig,5,4,doc,0,-,0,0,150,1,0,-1,0,Yellow,minnow,10,1,castle_destroyed,912,30.40,False,92,91,184,7,0,31,827,300,2,-1,1.0000,162
Yellow,5,jig,5,4,doc,0,-,0,0,150,1,0,-1,0,Yellow,minnow,15,1,castle_destroyed,762,25.40,False,51,51,102,5,0,26,742,300,5,-1,1.0000,151
Yellow,5,jig,5,4,doc,0,-,0,0,150,1,0,-1,0,Yellow,minnow,30,1,castle_destroyed,677,22.57,False,23,23,46,3,0,23,691,300,5,-1,1.0000,123
Yellow,5,jig,5,4,doc,5,jig,1,60,150,1,0,150,0,Yellow,minnow,0,1,castle_destroyed,837,27.90,False,0,0,0,1,0,28,776,300,5,-1,1.0000,115
Yellow,5,jig,5,4,doc,5,jig,1,60,150,1,1,150,0,Yellow,minnow,1,1,force_destroyed,288,9.60,False,288,184,576,124,590,9,453,300,0,265,0.5912,-1
Yellow,5,jig,5,4,doc,5,jig,1,60,150,1,0,150,0,Yellow,minnow,2,1,force_destroyed,445,14.83,False,223,190,446,45,420,12,504,300,0,360,0.7059,-1
Yellow,5,jig,5,4,doc,5,jig,1,60,150,1,0,150,0,Yellow,minnow,3,1,force_destroyed,592,19.73,False,198,194,396,26,340,14,538,300,0,418,1.0000,404
Yellow,5,jig,5,4,doc,5,jig,1,60,150,1,0,150,0,Yellow,minnow,5,1,force_destroyed,750,25.00,False,150,147,300,15,276,18,606,300,0,540,1.0000,298
Yellow,5,jig,5,4,doc,5,jig,1,60,150,1,0,150,0,Yellow,minnow,10,1,force_destroyed,1090,36.33,False,109,108,218,7,216,26,742,300,0,780,1.0000,168
Yellow,5,jig,5,4,doc,5,jig,1,60,150,1,0,150,0,Yellow,minnow,15,1,castle_destroyed,788,26.27,False,53,52,106,5,0,27,759,300,4,-1,1.0000,151
Yellow,5,jig,5,4,doc,5,jig,1,60,150,1,0,150,0,Yellow,minnow,30,1,castle_destroyed,922,30.73,False,31,31,62,3,0,31,827,300,3,-1,1.0000,123
