tick,hp,maxhp,money,inv,own,enemy,enemy_dps,enemy_swings,enemy_value,choice,t1,t2,t3,t4,t5,t6,t7,t8
3,2000,2000,0,0,0,0,0,0.0,0,,0,0,0,0,0,0,0,0
6,2000,2000,0,0,0,0,0,0.0,0,,0,0,0,0,0,0,0,0
9,2000,2000,0,0,0,0,0,0.0,0,,0,0,0,0,0,0,0,0
12,2000,2000,0,0,0,0,0,0.0,0,,0,0,0,0,0,0,0,0
15,2000,2000,0,0,0,0,0,0.0,0,,0,0,0,0,0,0,0,0
18,2000,2000,0,0,0,0,0,0.0,0,,0,0,0,0,0,0,0,0
21,2000,2000,0,0,0,0,0,0.0,0,,0,0,0,0,0,0,0,0
24,2000,2000,0,0,0,0,0,0.0,0,,0,0,0,0,0,0,0,0
27,2000,2000,0,0,0,0,0,0.0,0,,0,0,0,0,0,0,0,0
30,2000,2000,2,0,0,0,0,0.0,0,,0,0,0,0,0,0,0,0
33,2000,2000,2,0,0,0,0,0.0,0,,0,0,0,0,0,0,0,0
36,2000,2000,2,0,0,0,0,0.0,0,,0,0,0,0,0,0,0,0
39,2000,2000,2,0,0,0,0,0.0,0,,0,0,0,0,0,0,0,0
42,2000,2000,2,0,0,0,0,0.0,0,,0,0,0,0,0,0,0,0
45,2000,2000,2,0,0,0,0,0.0,0,,0,0,0,0,0,0,0,0
48,2000,2000,2,0,0,0,0,0.0,0,,0,0,0,0,0,0,0,0
51,2000,2000,2,0,0,0,0,0.0,0,,0,0,0,0,0,0,0,0
54,2000,2000,2,0,0,0,0,0.0,0,,0,0,0,0,0,0,0,0
57,2000,2000,2,0,0,0,0,0.0,0,,0,0,0,0,0,0,0,0
60,2000,2000,4,0,0,0,0,0.0,0,,0,0,0,0,0,0,0,0
63,2000,2000,4,0,0,0,0,0.0,0,,0,0,0,0,0,0,0,0
66,2000,2000,4,0,0,0,0,0.0,0,,0,0,0,0,0,0,0,0
69,2000,2000,4,0,0,0,0,0.0,0,,0,0,0,0,0,0,0,0
72,2000,2000,4,0,0,0,0,0.0,0,,0,0,0,0,0,0,0,0
75,2000,2000,4,0,0,0,0,0.0,0,,0,0,0,0,0,0,0,0
78,2000,2000,4,0,0,0,0,0.0,0,,0,0,0,0,0,0,0,0
81,2000,2000,4,0,0,0,0,0.0,0,,0,0,0,0,0,0,0,0
84,2000,2000,4,0,0,0,0,0.0,0,,0,0,0,0,0,0,0,0
87,2000,2000,4,0,0,0,0,0.0,0,,0,0,0,0,0,0,0,0
90,2000,2000,6,0,0,0,0,0.0,0,,0,0,0,0,0,0,0,0
93,2000,2000,6,0,0,0,0,0.0,0,,0,0,0,0,0,0,0,0
96,2000,2000,6,0,0,0,0,0.0,0,,0,0,0,0,0,0,0,0
99,2000,2000,6,0,0,0,0,0.0,0,,0,0,0,0,0,0,0,0
102,2000,2000,6,0,0,0,0,0.0,0,,0,0,0,0,0,0,0,0
105,2000,2000,6,0,0,0,0,0.0,0,,0,0,0,0,0,0,0,0
108,2000,2000,6,0,0,0,0,0.0,0,,0,0,0,0,0,0,0,0
111,2000,2000,6,0,0,0,0,0.0,0,,0,0,0,0,0,0,0,0
114,2000,2000,6,0,0,0,0,0.0,0,,0,0,0,0,0,0,0,0
117,2000,2000,6,0,0,0,0,0.0,0,,0,0,0,0,0,0,0,0
120,2000,2000,8,0,0,0,0,0.0,0,,0,0,0,0,0,0,0,0
123,2000,2000,8,0,0,0,0,0.0,0,,0,0,0,0,0,0,0,0
126,2000,2000,8,0,0,0,0,0.0,0,,0,0,0,0,0,0,0,0
129,2000,2000,8,0,0,0,0,0.0,0,,0,0,0,0,0,0,0,0
132,2000,2000,8,0,0,0,0,0.0,0,,0,0,0,0,0,0,0,0
135,2000,2000,8,0,0,0,0,0.0,0,,0,0,0,0,0,0,0,0
138,2000,2000,8,0,0,0,0,0.0,0,,0,0,0,0,0,0,0,0
141,2000,2000,8,0,0,0,0,0.0,0,,0,0,0,0,0,0,0,0
144,2000,2000,8,0,0,0,0,0.0,0,,0,0,0,0,0,0,0,0
147,2000,2000,8,0,0,0,0,0.0,0,,0,0,0,0,0,0,0,0
150,2000,2000,10,0,0,0,0,0.0,0,,0,0,0,0,0,0,0,0
153,2000,2000,10,0,0,0,0,0.0,0,,0,0,0,0,0,0,0,0
156,2000,2000,10,0,0,0,0,0.0,0,,0,0,0,0,0,0,0,0
159,2000,2000,10,0,0,0,0,0.0,0,,0,0,0,0,0,0,0,0
162,2000,2000,10,0,0,0,0,0.0,0,,0,0,0,0,0,0,0,0
165,2000,2000,10,0,0,0,0,0.0,0,,0,0,0,0,0,0,0,0
168,2000,2000,10,0,0,0,0,0.0,0,,0,0,0,0,0,0,0,0
171,2000,2000,10,0,0,0,0,0.0,0,,0,0,0,0,0,0,0,0
174,2000,2000,10,0,0,0,0,0.0,0,,0,0,0,0,0,0,0,0
177,2000,2000,10,0,0,0,0,0.0,0,,0,0,0,0,0,0,0,0
180,2000,2000,12,0,0,0,0,0.0,0,,0,0,0,0,0,0,0,0
183,2000,2000,12,0,0,0,0,0.0,0,,0,0,0,0,0,0,0,0
186,2000,2000,12,0,0,0,0,0.0,0,,0,0,0,0,0,0,0,0
189,2000,2000,12,0,0,0,0,0.0,0,,0,0,0,0,0,0,0,0
192,2000,2000,12,0,0,0,0,0.0,0,,0,0,0,0,0,0,0,0
195,2000,2000,12,0,0,0,0,0.0,0,,0,0,0,0,0,0,0,0
198,2000,2000,12,0,0,0,0,0.0,0,,0,0,0,0,0,0,0,0
201,2000,2000,12,0,0,0,0,0.0,0,,0,0,0,0,0,0,0,0
204,2000,2000,12,0,0,0,0,0.0,0,,0,0,0,0,0,0,0,0
207,2000,2000,12,0,0,0,0,0.0,0,,0,0,0,0,0,0,0,0
210,2000,2000,14,0,0,0,0,0.0,0,,0,0,0,0,0,0,0,0
213,2000,2000,14,0,0,0,0,0.0,0,,0,0,0,0,0,0,0,0
216,2000,2000,14,0,0,0,0,0.0,0,,0,0,0,0,0,0,0,0
219,2000,2000,14,0,0,0,0,0.0,0,,0,0,0,0,0,0,0,0
222,2000,2000,14,0,0,0,0,0.0,0,,0,0,0,0,0,0,0,0
225,2000,2000,14,0,0,0,0,0.0,0,,0,0,0,0,0,0,0,0
228,2000,2000,14,0,0,0,0,0.0,0,,0,0,0,0,0,0,0,0
231,2000,2000,14,0,0,0,0,0.0,0,,0,0,0,0,0,0,0,0
234,2000,2000,14,0,0,0,0,0.0,0,,0,0,0,0,0,0,0,0
237,2000,2000,14,0,0,0,0,0.0,0,,0,0,0,0,0,0,0,0
240,2000,2000,16,0,0,0,0,0.0,0,,0,0,0,0,0,0,0,0
243,2000,2000,16,0,0,0,0,0.0,0,,0,0,0,0,0,0,0,0
246,2000,2000,16,0,0,0,0,0.0,0,,0,0,0,0,0,0,0,0
249,2000,2000,16,0,0,0,0,0.0,0,,0,0,0,0,0,0,0,0
252,2000,2000,16,0,0,0,0,0.0,0,,0,0,0,0,0,0,0,0
255,2000,2000,16,0,0,0,0,0.0,0,,0,0,0,0,0,0,0,0
258,2000,2000,16,0,0,0,0,0.0,0,,0,0,0,0,0,0,0,0
261,2000,2000,16,0,0,0,0,0.0,0,,0,0,0,0,0,0,0,0
264,2000,2000,16,0,0,0,0,0.0,0,,0,0,0,0,0,0,0,0
267,2000,2000,16,0,0,0,0,0.0,0,,0,0,0,0,0,0,0,0
270,2000,2000,18,0,0,0,0,0.0,0,,0,0,0,0,0,0,0,0
273,2000,2000,0,1,0,0,0,0.0,0,,0,0,0,0,0,0,0,0
276,2000,2000,0,1,0,0,0,0.0,0,,0,0,0,0,0,0,0,0
279,2000,2000,0,1,0,0,0,0.0,0,,0,0,0,0,0,0,0,0
282,2000,2000,0,1,0,0,0,0.0,0,,0,0,0,0,0,0,0,0
285,2000,2000,0,1,0,0,0,0.0,0,,0,0,0,0,0,0,0,0
288,2000,2000,0,1,0,0,0,0.0,0,,0,0,0,0,0,0,0,0
291,2000,2000,0,1,0,0,0,0.0,0,,0,0,0,0,0,0,0,0
294,2000,2000,0,1,0,0,0,0.0,0,,0,0,0,0,0,0,0,0
297,2000,2000,0,1,0,0,0,0.0,0,,0,0,0,0,0,0,0,0
300,2000,2000,3,1,0,0,0,0.0,0,,0,0,0,0,0,0,0,0
303,2000,2000,3,1,0,0,0,0.0,0,,0,0,0,0,0,0,0,0
306,2000,2000,3,1,0,0,0,0.0,0,,0,0,0,0,0,0,0,0
309,2000,2000,3,1,0,0,0,0.0,0,,0,0,0,0,0,0,0,0
312,2000,2000,3,1,0,0,0,0.0,0,,0,0,0,0,0,0,0,0
315,2000,2000,3,1,0,0,0,0.0,0,,0,0,0,0,0,0,0,0
318,2000,2000,3,1,0,0,0,0.0,0,,0,0,0,0,0,0,0,0
321,2000,2000,3,1,0,0,0,0.0,0,,0,0,0,0,0,0,0,0
324,2000,2000,3,1,0,0,0,0.0,0,,0,0,0,0,0,0,0,0
327,2000,2000,3,1,0,0,0,0.0,0,,0,0,0,0,0,0,0,0
330,2000,2000,5,1,0,0,0,0.0,0,,0,0,0,0,0,0,0,0
333,2000,2000,5,1,0,0,0,0.0,0,,0,0,0,0,0,0,0,0
336,2000,2000,5,1,0,0,0,0.0,0,,0,0,0,0,0,0,0,0
339,2000,2000,5,1,0,0,0,0.0,0,,0,0,0,0,0,0,0,0
342,2000,2000,5,1,0,0,0,0.0,0,,0,0,0,0,0,0,0,0
345,2000,2000,5,1,0,0,0,0.0,0,,0,0,0,0,0,0,0,0
348,2000,2000,5,1,0,0,0,0.0,0,,0,0,0,0,0,0,0,0
351,2000,2000,5,1,0,0,0,0.0,0,,0,0,0,0,0,0,0,0
354,2000,2000,5,1,0,0,0,0.0,0,,0,0,0,0,0,0,0,0
357,2000,2000,5,1,0,0,0,0.0,0,,0,0,0,0,0,0,0,0
360,2000,2000,8,1,0,0,0,0.0,0,,0,0,0,0,0,0,0,0
363,2000,2000,8,1,0,0,0,0.0,0,,0,0,0,0,0,0,0,0
366,2000,2000,8,1,0,0,0,0.0,0,,0,0,0,0,0,0,0,0
369,2000,2000,8,1,0,0,0,0.0,0,,0,0,0,0,0,0,0,0
372,2000,2000,8,1,0,0,0,0.0,0,,0,0,0,0,0,0,0,0
375,2000,2000,8,1,0,0,0,0.0,0,,0,0,0,0,0,0,0,0
378,2000,2000,8,1,0,0,0,0.0,0,,0,0,0,0,0,0,0,0
381,2000,2000,8,1,0,0,0,0.0,0,,0,0,0,0,0,0,0,0
384,2000,2000,8,1,0,0,0,0.0,0,,0,0,0,0,0,0,0,0
387,2000,2000,8,1,0,0,0,0.0,0,,0,0,0,0,0,0,0,0
390,2000,2000,11,1,0,0,0,0.0,0,,0,0,0,0,0,0,0,0
393,2000,2000,11,1,0,0,0,0.0,0,,0,0,0,0,0,0,0,0
396,2000,2000,11,1,0,0,0,0.0,0,,0,0,0,0,0,0,0,0
399,2000,2000,11,1,0,0,0,0.0,0,,0,0,0,0,0,0,0,0
402,2000,2000,11,1,0,0,0,0.0,0,,0,0,0,0,0,0,0,0
405,2000,2000,11,1,0,0,0,0.0,0,,0,0,0,0,0,0,0,0
408,2000,2000,11,1,0,0,0,0.0,0,,0,0,0,0,0,0,0,0
411,2000,2000,11,1,0,0,0,0.0,0,,0,0,0,0,0,0,0,0
414,2000,2000,11,1,0,0,0,0.0,0,,0,0,0,0,0,0,0,0
417,2000,2000,11,1,0,0,0,0.0,0,,0,0,0,0,0,0,0,0
420,2000,2000,13,1,0,0,0,0.0,0,,0,0,0,0,0,0,0,0
423,2000,2000,13,1,0,0,0,0.0,0,,0,0,0,0,0,0,0,0
426,2000,2000,13,1,0,0,0,0.0,0,,0,0,0,0,0,0,0,0
429,2000,2000,13,1,0,0,0,0.0,0,,0,0,0,0,0,0,0,0
432,2000,2000,13,1,0,0,0,0.0,0,,0,0,0,0,0,0,0,0
435,2000,2000,13,1,0,0,0,0.0,0,,0,0,0,0,0,0,0,0
438,2000,2000,13,1,0,0,0,0.0,0,,0,0,0,0,0,0,0,0
441,2000,2000,13,1,0,0,0,0.0,0,,0,0,0,0,0,0,0,0
444,2000,2000,13,1,0,0,0,0.0,0,,0,0,0,0,0,0,0,0
447,2000,2000,13,1,0,0,0,0.0,0,,0,0,0,0,0,0,0,0
450,2000,2000,16,1,0,0,0,0.0,0,,0,0,0,0,0,0,0,0
453,2000,2000,16,1,0,0,0,0.0,0,,0,0,0,0,0,0,0,0
456,2000,2000,16,1,0,0,0,0.0,0,,0,0,0,0,0,0,0,0
459,2000,2000,16,1,0,0,0,0.0,0,,0,0,0,0,0,0,0,0
462,2000,2000,16,1,0,0,0,0.0,0,,0,0,0,0,0,0,0,0
465,2000,2000,16,1,0,0,0,0.0,0,,0,0,0,0,0,0,0,0
468,2000,2000,16,1,0,0,0,0.0,0,,0,0,0,0,0,0,0,0
471,2000,2000,16,1,0,0,0,0.0,0,,0,0,0,0,0,0,0,0
474,2000,2000,16,1,0,0,0,0.0,0,,0,0,0,0,0,0,0,0
477,2000,2000,16,1,0,0,0,0.0,0,,0,0,0,0,0,0,0,0
480,2000,2000,19,1,0,0,0,0.0,0,,0,0,0,0,0,0,0,0
483,2000,2000,19,1,0,0,0,0.0,0,,0,0,0,0,0,0,0,0
486,2000,2000,19,1,0,0,0,0.0,0,,0,0,0,0,0,0,0,0
489,2000,2000,19,1,0,0,0,0.0,0,,0,0,0,0,0,0,0,0
492,2000,2000,19,1,0,0,0,0.0,0,,0,0,0,0,0,0,0,0
495,2000,2000,19,1,0,0,0,0.0,0,,0,0,0,0,0,0,0,0
498,2000,2000,19,1,0,0,0,0.0,0,,0,0,0,0,0,0,0,0
501,2000,2000,19,1,0,0,0,0.0,0,,0,0,0,0,0,0,0,0
504,2000,2000,19,1,0,0,0,0.0,0,,0,0,0,0,0,0,0,0
507,2000,2000,19,1,0,0,0,0.0,0,,0,0,0,0,0,0,0,0
510,2000,2000,21,1,0,0,0,0.0,0,,0,0,0,0,0,0,0,0
513,2000,2000,21,1,0,0,0,0.0,0,,0,0,0,0,0,0,0,0
516,2000,2000,21,1,0,0,0,0.0,0,,0,0,0,0,0,0,0,0
519,2000,2000,21,1,0,0,0,0.0,0,,0,0,0,0,0,0,0,0
522,2000,2000,21,1,0,0,0,0.0,0,,0,0,0,0,0,0,0,0
525,2000,2000,21,1,0,0,0,0.0,0,,0,0,0,0,0,0,0,0
528,2000,2000,21,1,0,0,0,0.0,0,,0,0,0,0,0,0,0,0
531,2000,2000,21,1,0,0,0,0.0,0,,0,0,0,0,0,0,0,0
534,2000,2000,21,1,0,0,0,0.0,0,,0,0,0,0,0,0,0,0
537,2000,2000,21,1,0,0,0,0.0,0,,0,0,0,0,0,0,0,0
540,2000,2000,24,1,0,0,0,0.0,0,,0,0,0,0,0,0,0,0
543,2000,2000,24,1,0,0,0,0.0,0,,0,0,0,0,0,0,0,0
546,2000,2000,24,1,0,0,0,0.0,0,,0,0,0,0,0,0,0,0
549,2000,2000,24,1,0,0,0,0.0,0,,0,0,0,0,0,0,0,0
552,2000,2000,24,1,0,0,0,0.0,0,,0,0,0,0,0,0,0,0
555,2000,2000,24,1,0,0,0,0.0,0,,0,0,0,0,0,0,0,0
558,2000,2000,24,1,0,0,0,0.0,0,,0,0,0,0,0,0,0,0
561,2000,2000,24,1,0,0,0,0.0,0,,0,0,0,0,0,0,0,0
564,2000,2000,24,1,0,0,0,0.0,0,,0,0,0,0,0,0,0,0
567,2000,2000,24,1,0,0,0,0.0,0,,0,0,0,0,0,0,0,0
570,2000,2000,26,1,0,0,0,0.0,0,,0,0,0,0,0,0,0,0
573,2000,2000,26,1,0,0,0,0.0,0,,0,0,0,0,0,0,0,0
576,2000,2000,26,1,0,0,0,0.0,0,,0,0,0,0,0,0,0,0
579,2000,2000,26,1,0,0,0,0.0,0,,0,0,0,0,0,0,0,0
582,2000,2000,26,1,0,0,0,0.0,0,,0,0,0,0,0,0,0,0
585,2000,2000,26,1,0,0,0,0.0,0,,0,0,0,0,0,0,0,0
588,2000,2000,26,1,0,0,0,0.0,0,,0,0,0,0,0,0,0,0
591,2000,2000,26,1,0,0,0,0.0,0,,0,0,0,0,0,0,0,0
594,2000,2000,26,1,0,0,0,0.0,0,,0,0,0,0,0,0,0,0
597,2000,2000,26,1,0,0,0,0.0,0,,0,0,0,0,0,0,0,0
600,2000,2000,29,1,0,0,0,0.0,0,,0,0,0,0,0,0,0,0
603,2000,2000,29,1,0,0,0,0.0,0,,0,0,0,0,0,0,0,0
606,2000,2000,29,1,0,0,0,0.0,0,,0,0,0,0,0,0,0,0
609,2000,2000,29,1,0,0,0,0.0,0,,0,0,0,0,0,0,0,0
612,2000,2000,29,1,0,0,0,0.0,0,,0,0,0,0,0,0,0,0
615,2000,2000,29,1,0,0,0,0.0,0,,0,0,0,0,0,0,0,0
618,2000,2000,29,1,0,0,0,0.0,0,,0,0,0,0,0,0,0,0
621,2000,2000,29,1,0,0,0,0.0,0,,0,0,0,0,0,0,0,0
624,2000,2000,29,1,0,0,0,0.0,0,,0,0,0,0,0,0,0,0
627,2000,2000,29,1,0,0,0,0.0,0,,0,0,0,0,0,0,0,0
630,2000,2000,32,1,0,0,0,0.0,0,,0,0,0,0,0,0,0,0
633,2000,2000,0,2,0,0,0,0.0,0,,0,0,0,0,0,0,0,0
636,2000,2000,0,2,0,0,0,0.0,0,,0,0,0,0,0,0,0,0
639,2000,2000,0,2,0,0,0,0.0,0,,0,0,0,0,0,0,0,0
642,2000,2000,0,2,0,0,0,0.0,0,,0,0,0,0,0,0,0,0
645,2000,2000,0,2,0,0,0,0.0,0,,0,0,0,0,0,0,0,0
648,2000,2000,0,2,0,0,0,0.0,0,,0,0,0,0,0,0,0,0
651,2000,2000,0,2,0,0,0,0.0,0,,0,0,0,0,0,0,0,0
654,2000,2000,0,2,0,0,0,0.0,0,,0,0,0,0,0,0,0,0
657,2000,2000,0,2,0,0,0,0.0,0,,0,0,0,0,0,0,0,0
660,2000,2000,4,2,0,0,0,0.0,0,,0,0,0,0,0,0,0,0
663,2000,2000,4,2,0,0,0,0.0,0,,0,0,0,0,0,0,0,0
666,2000,2000,4,2,0,0,0,0.0,0,,0,0,0,0,0,0,0,0
669,2000,2000,4,2,0,0,0,0.0,0,,0,0,0,0,0,0,0,0
672,2000,2000,4,2,0,0,0,0.0,0,,0,0,0,0,0,0,0,0
675,2000,2000,4,2,0,0,0,0.0,0,,0,0,0,0,0,0,0,0
678,2000,2000,4,2,0,0,0,0.0,0,,0,0,0,0,0,0,0,0
681,2000,2000,4,2,0,0,0,0.0,0,,0,0,0,0,0,0,0,0
684,2000,2000,4,2,0,0,0,0.0,0,,0,0,0,0,0,0,0,0
687,2000,2000,4,2,0,0,0,0.0,0,,0,0,0,0,0,0,0,0
690,2000,2000,9,2,0,0,0,0.0,0,,0,0,0,0,0,0,0,0
693,2000,2000,9,2,0,0,0,0.0,0,,0,0,0,0,0,0,0,0
696,2000,2000,9,2,0,0,0,0.0,0,,0,0,0,0,0,0,0,0
699,2000,2000,9,2,0,0,0,0.0,0,,0,0,0,0,0,0,0,0
702,2000,2000,9,2,0,0,0,0.0,0,,0,0,0,0,0,0,0,0
705,2000,2000,9,2,0,0,0,0.0,0,,0,0,0,0,0,0,0,0
708,2000,2000,9,2,0,0,0,0.0,0,,0,0,0,0,0,0,0,0
711,2000,2000,9,2,0,0,0,0.0,0,,0,0,0,0,0,0,0,0
714,2000,2000,9,2,0,0,0,0.0,0,,0,0,0,0,0,0,0,0
717,2000,2000,9,2,0,0,0,0.0,0,,0,0,0,0,0,0,0,0
720,2000,2000,13,2,0,0,0,0.0,0,,0,0,0,0,0,0,0,0
723,2000,2000,13,2,0,0,0,0.0,0,,0,0,0,0,0,0,0,0
726,2000,2000,13,2,0,0,0,0.0,0,,0,0,0,0,0,0,0,0
729,2000,2000,13,2,0,0,0,0.0,0,,0,0,0,0,0,0,0,0
732,2000,2000,13,2,0,0,0,0.0,0,,0,0,0,0,0,0,0,0
735,2000,2000,13,2,0,0,0,0.0,0,,0,0,0,0,0,0,0,0
738,2000,2000,13,2,0,0,0,0.0,0,,0,0,0,0,0,0,0,0
741,2000,2000,13,2,0,0,0,0.0,0,,0,0,0,0,0,0,0,0
744,2000,2000,13,2,0,0,0,0.0,0,,0,0,0,0,0,0,0,0
747,2000,2000,13,2,0,0,0,0.0,0,,0,0,0,0,0,0,0,0
750,2000,2000,18,2,0,0,0,0.0,0,,0,0,0,0,0,0,0,0
753,2000,2000,18,2,0,0,0,0.0,0,,0,0,0,0,0,0,0,0
756,2000,2000,18,2,0,0,0,0.0,0,,0,0,0,0,0,0,0,0
759,2000,2000,18,2,0,0,0,0.0,0,,0,0,0,0,0,0,0,0
762,2000,2000,18,2,0,0,0,0.0,0,,0,0,0,0,0,0,0,0
765,2000,2000,18,2,0,0,0,0.0,0,,0,0,0,0,0,0,0,0
768,2000,2000,18,2,0,0,0,0.0,0,,0,0,0,0,0,0,0,0
771,2000,2000,18,2,0,0,0,0.0,0,,0,0,0,0,0,0,0,0
774,2000,2000,18,2,0,0,0,0.0,0,,0,0,0,0,0,0,0,0
777,2000,2000,18,2,0,0,0,0.0,0,,0,0,0,0,0,0,0,0
780,2000,2000,22,2,0,0,0,0.0,0,,0,0,0,0,0,0,0,0
783,2000,2000,22,2,0,0,0,0.0,0,,0,0,0,0,0,0,0,0
786,2000,2000,22,2,0,0,0,0.0,0,,0,0,0,0,0,0,0,0
789,2000,2000,22,2,0,0,0,0.0,0,,0,0,0,0,0,0,0,0
792,2000,2000,22,2,0,0,0,0.0,0,,0,0,0,0,0,0,0,0
795,2000,2000,22,2,0,0,0,0.0,0,,0,0,0,0,0,0,0,0
798,2000,2000,22,2,0,0,0,0.0,0,,0,0,0,0,0,0,0,0
801,2000,2000,22,2,0,0,0,0.0,0,,0,0,0,0,0,0,0,0
804,2000,2000,22,2,0,0,0,0.0,0,,0,0,0,0,0,0,0,0
807,2000,2000,22,2,0,0,0,0.0,0,,0,0,0,0,0,0,0,0
810,2000,2000,27,2,0,0,0,0.0,0,,0,0,0,0,0,0,0,0
813,2000,2000,27,2,0,0,0,0.0,0,,0,0,0,0,0,0,0,0
816,2000,2000,27,2,0,0,0,0.0,0,,0,0,0,0,0,0,0,0
819,2000,2000,27,2,0,0,0,0.0,0,,0,0,0,0,0,0,0,0
822,2000,2000,27,2,0,0,0,0.0,0,,0,0,0,0,0,0,0,0
825,2000,2000,27,2,0,0,0,0.0,0,,0,0,0,0,0,0,0,0
828,2000,2000,27,2,0,0,0,0.0,0,,0,0,0,0,0,0,0,0
831,2000,2000,27,2,0,0,0,0.0,0,,0,0,0,0,0,0,0,0
834,2000,2000,27,2,0,0,0,0.0,0,,0,0,0,0,0,0,0,0
837,2000,2000,27,2,0,0,0,0.0,0,,0,0,0,0,0,0,0,0
840,2000,2000,31,2,0,0,0,0.0,0,,0,0,0,0,0,0,0,0
843,2000,2000,31,2,0,0,0,0.0,0,,0,0,0,0,0,0,0,0
846,2000,2000,31,2,0,0,0,0.0,0,,0,0,0,0,0,0,0,0
849,2000,2000,31,2,0,0,0,0.0,0,,0,0,0,0,0,0,0,0
852,2000,2000,31,2,0,0,0,0.0,0,,0,0,0,0,0,0,0,0
855,2000,2000,31,2,0,0,0,0.0,0,,0,0,0,0,0,0,0,0
858,2000,2000,31,2,0,0,0,0.0,0,,0,0,0,0,0,0,0,0
861,2000,2000,31,2,0,0,0,0.0,0,,0,0,0,0,0,0,0,0
864,2000,2000,31,2,0,0,0,0.0,0,,0,0,0,0,0,0,0,0
867,2000,2000,31,2,0,0,0,0.0,0,,0,0,0,0,0,0,0,0
870,2000,2000,35,2,0,0,0,0.0,0,,0,0,0,0,0,0,0,0
873,2000,2000,35,2,0,0,0,0.0,0,,0,0,0,0,0,0,0,0
876,2000,2000,35,2,0,0,0,0.0,0,,0,0,0,0,0,0,0,0
879,2000,2000,35,2,0,0,0,0.0,0,,0,0,0,0,0,0,0,0
882,2000,2000,35,2,0,0,0,0.0,0,,0,0,0,0,0,0,0,0
885,2000,2000,35,2,0,0,0,0.0,0,,0,0,0,0,0,0,0,0
888,2000,2000,35,2,0,0,0,0.0,0,,0,0,0,0,0,0,0,0
891,2000,2000,35,2,0,0,0,0.0,0,,0,0,0,0,0,0,0,0
894,2000,2000,35,2,0,0,0,0.0,0,,0,0,0,0,0,0,0,0
897,2000,2000,35,2,0,0,0,0.0,0,,0,0,0,0,0,0,0,0
900,2000,2000,40,2,0,0,0,0.0,0,,0,0,0,0,0,0,0,0
903,2000,2000,40,2,0,0,0,0.0,0,,0,0,0,0,0,0,0,0
906,2000,2000,40,2,0,0,0,0.0,0,,0,0,0,0,0,0,0,0
909,2000,2000,40,2,0,0,0,0.0,0,,0,0,0,0,0,0,0,0
912,2000,2000,40,2,0,0,0,0.0,0,,0,0,0,0,0,0,0,0
915,2000,2000,40,2,0,0,0,0.0,0,,0,0,0,0,0,0,0,0
918,2000,2000,40,2,0,0,0,0.0,0,,0,0,0,0,0,0,0,0
921,2000,2000,40,2,0,0,0,0.0,0,,0,0,0,0,0,0,0,0
924,2000,2000,40,2,0,0,0,0.0,0,,0,0,0,0,0,0,0,0
927,2000,2000,40,2,0,0,0,0.0,0,,0,0,0,0,0,0,0,0
930,2000,2000,44,2,0,0,0,0.0,0,,0,0,0,0,0,0,0,0
933,2000,2000,44,2,0,0,0,0.0,0,,0,0,0,0,0,0,0,0
936,2000,2000,44,2,0,0,0,0.0,0,,0,0,0,0,0,0,0,0
939,2000,2000,44,2,0,0,0,0.0,0,,0,0,0,0,0,0,0,0
942,2000,2000,44,2,0,0,0,0.0,0,,0,0,0,0,0,0,0,0
945,2000,2000,44,2,0,0,0,0.0,0,,0,0,0,0,0,0,0,0
948,2000,2000,44,2,0,0,0,0.0,0,,0,0,0,0,0,0,0,0
951,2000,2000,44,2,0,0,0,0.0,0,,0,0,0,0,0,0,0,0
954,2000,2000,44,2,0,0,0,0.0,0,,0,0,0,0,0,0,0,0
957,2000,2000,44,2,0,0,0,0.0,0,,0,0,0,0,0,0,0,0
960,2000,2000,49,2,0,0,0,0.0,0,,0,0,0,0,0,0,0,0
963,2000,2000,49,2,0,0,0,0.0,0,,0,0,0,0,0,0,0,0
966,2000,2000,49,2,0,0,0,0.0,0,,0,0,0,0,0,0,0,0
969,2000,2000,49,2,0,0,0,0.0,0,,0,0,0,0,0,0,0,0
972,2000,2000,49,2,0,0,0,0.0,0,,0,0,0,0,0,0,0,0
975,2000,2000,49,2,0,0,0,0.0,0,,0,0,0,0,0,0,0,0
978,2000,2000,49,2,0,0,0,0.0,0,,0,0,0,0,0,0,0,0
981,2000,2000,49,2,0,0,0,0.0,0,,0,0,0,0,0,0,0,0
984,2000,2000,49,2,0,0,0,0.0,0,,0,0,0,0,0,0,0,0
987,2000,2000,49,2,0,0,0,0.0,0,,0,0,0,0,0,0,0,0
990,2000,2000,53,2,0,0,0,0.0,0,,0,0,0,0,0,0,0,0
993,2000,2000,53,2,0,0,0,0.0,0,,0,0,0,0,0,0,0,0
996,2000,2000,53,2,0,0,0,0.0,0,,0,0,0,0,0,0,0,0
999,2000,2000,53,2,0,0,0,0.0,0,,0,0,0,0,0,0,0,0
1002,2000,2000,53,2,0,0,0,0.0,0,,0,0,0,0,0,0,0,0
1005,2000,2000,53,2,0,0,0,0.0,0,,0,0,0,0,0,0,0,0
1008,2000,2000,53,2,0,0,0,0.0,0,,0,0,0,0,0,0,0,0
1011,2000,2000,53,2,0,0,0,0.0,0,,0,0,0,0,0,0,0,0
1014,2000,2000,53,2,0,0,0,0.0,0,,0,0,0,0,0,0,0,0
1017,2000,2000,53,2,0,0,0,0.0,0,,0,0,0,0,0,0,0,0
1020,2000,2000,58,2,0,0,0,0.0,0,,0,0,0,0,0,0,0,0
1023,2000,2000,58,2,0,0,0,0.0,0,,0,0,0,0,0,0,0,0
1026,2000,2000,58,2,0,0,0,0.0,0,,0,0,0,0,0,0,0,0
1029,2000,2000,58,2,0,0,0,0.0,0,,0,0,0,0,0,0,0,0
1032,2000,2000,58,2,0,0,0,0.0,0,,0,0,0,0,0,0,0,0
1035,2000,2000,58,2,0,0,0,0.0,0,,0,0,0,0,0,0,0,0
1038,2000,2000,58,2,0,0,0,0.0,0,,0,0,0,0,0,0,0,0
1041,2000,2000,58,2,0,0,0,0.0,0,,0,0,0,0,0,0,0,0
1044,2000,2000,58,2,0,0,0,0.0,0,,0,0,0,0,0,0,0,0
1047,2000,2000,58,2,0,0,0,0.0,0,,0,0,0,0,0,0,0,0
1050,2000,2000,62,2,0,0,0,0.0,0,,0,0,0,0,0,0,0,0
1053,2000,2000,62,2,0,0,0,0.0,0,,0,0,0,0,0,0,0,0
1056,2000,2000,62,2,0,0,0,0.0,0,,0,0,0,0,0,0,0,0
1059,2000,2000,62,2,0,0,0,0.0,0,,0,0,0,0,0,0,0,0
1062,2000,2000,62,2,0,0,0,0.0,0,,0,0,0,0,0,0,0,0
1065,2000,2000,62,2,0,0,0,0.0,0,,0,0,0,0,0,0,0,0
1068,2000,2000,62,2,0,0,0,0.0,0,,0,0,0,0,0,0,0,0
1071,2000,2000,62,2,0,0,0,0.0,0,,0,0,0,0,0,0,0,0
1074,2000,2000,62,2,0,0,0,0.0,0,,0,0,0,0,0,0,0,0
1077,2000,2000,62,2,0,0,0,0.0,0,,0,0,0,0,0,0,0,0
1080,2000,2000,66,2,0,0,0,0.0,0,,0,0,0,0,0,0,0,0
1083,2000,2000,1,2,0,0,0,0.0,0,,0,0,0,0,0,0,0,0
1086,2000,2000,1,2,0,0,0,0.0,0,,0,0,0,0,0,0,0,0
1089,2000,2000,1,2,0,0,0,0.0,0,,0,0,0,0,0,0,0,0
1092,2000,2000,1,2,0,0,0,0.0,0,,0,0,0,0,0,0,0,0
1095,2000,2000,1,2,0,0,0,0.0,0,,0,0,0,0,0,0,0,0
1098,2000,2000,1,2,0,0,0,0.0,0,,0,0,0,0,0,0,0,0
1101,2000,2000,1,2,0,0,0,0.0,0,,0,0,0,0,0,0,0,0
1104,2000,2000,1,2,0,0,0,0.0,0,,0,0,0,0,0,0,0,0
1107,2000,2000,1,2,0,0,0,0.0,0,,0,0,0,0,0,0,0,0
1110,2000,2000,6,2,0,0,0,0.0,0,,0,0,0,0,0,0,0,0
1113,2000,2000,6,2,0,0,0,0.0,0,,0,0,0,0,0,0,0,0
1116,2000,2000,6,2,0,0,0,0.0,0,,0,0,0,0,0,0,0,0
1119,2000,2000,6,2,0,0,0,0.0,0,,0,0,0,0,0,0,0,0
1122,2000,2000,6,2,0,0,0,0.0,0,,0,0,0,0,0,0,0,0
1125,2000,2000,6,2,0,0,0,0.0,0,,0,0,0,0,0,0,0,0
1128,2000,2000,6,2,0,0,0,0.0,0,,0,0,0,0,0,0,0,0
1131,2000,2000,35,3,0,0,0,0.0,0,,0,0,0,0,0,0,0,0
1134,2000,2000,35,3,0,0,0,0.0,0,,0,0,0,0,0,0,0,0
1137,2000,2000,23,3,1,1,14,4.7,3,,1,0,0,0,0,0,0,0
1140,2000,2000,31,3,1,1,14,4.7,3,,1,0,0,0,0,0,0,0
1143,2000,2000,31,3,1,1,14,4.7,3,watch,1,0,0,0,0,0,0,0
1146,2000,2000,31,3,1,1,14,4.7,3,watch,1,0,0,0,0,0,0,0
1149,2000,2000,31,3,2,2,28,9.3,6,watch,2,0,0,0,0,0,0,0
1152,2000,2000,31,3,2,2,28,9.3,6,watch,2,0,0,0,0,0,0,0
1155,2000,2000,31,3,2,2,28,9.3,6,watch,2,0,0,0,0,0,0,0
1158,2000,2000,31,3,3,3,42,14.0,9,watch,3,0,0,0,0,0,0,0
1161,2000,2000,31,3,3,3,42,14.0,9,watch,3,0,0,0,0,0,0,0
1164,2000,2000,31,3,3,3,42,14.0,9,watch,3,0,0,0,0,0,0,0
1167,2000,2000,31,3,4,4,56,18.7,12,watch,4,0,0,0,0,0,0,0
1170,2000,2000,40,3,4,4,56,18.7,12,watch,4,0,0,0,0,0,0,0
1173,2000,2000,40,3,4,4,56,18.7,12,watch,4,0,0,0,0,0,0,0
1176,2000,2000,40,3,4,4,56,18.7,12,watch,4,0,0,0,0,0,0,0
1179,2000,2000,40,3,5,5,70,23.3,15,watch,5,0,0,0,0,0,0,0
1182,2000,2000,40,3,5,5,70,23.3,15,watch,5,0,0,0,0,0,0,0
1185,2000,2000,40,3,5,5,70,23.3,15,watch,5,0,0,0,0,0,0,0
1188,2000,2000,40,3,5,5,70,23.3,15,watch,5,0,0,0,0,0,0,0
1191,2000,2000,40,3,5,5,70,23.3,15,watch,5,0,0,0,0,0,0,0
1194,2000,2000,40,3,5,5,70,23.3,15,watch,5,0,0,0,0,0,0,0
1197,2000,2000,40,3,5,5,70,23.3,15,watch,5,0,0,0,0,0,0,0
1200,2000,2000,48,3,5,5,70,23.3,15,watch,5,0,0,0,0,0,0,0
1203,2000,2000,48,3,5,5,70,23.3,15,watch,5,0,0,0,0,0,0,0
1206,2000,2000,48,3,5,5,70,23.3,15,watch,5,0,0,0,0,0,0,0
1209,2000,2000,48,3,5,5,70,23.3,15,watch,5,0,0,0,0,0,0,0
1212,2000,2000,48,3,5,5,70,23.3,15,watch,5,0,0,0,0,0,0,0
1215,2000,2000,48,3,5,5,70,23.3,15,watch,5,0,0,0,0,0,0,0
1218,2000,2000,48,3,5,5,70,23.3,15,watch,5,0,0,0,0,0,0,0
1221,2000,2000,48,3,5,5,70,23.3,15,watch,5,0,0,0,0,0,0,0
1224,2000,2000,48,3,5,5,70,23.3,15,watch,5,0,0,0,0,0,0,0
1227,2000,2000,48,3,5,5,70,23.3,15,watch,5,0,0,0,0,0,0,0
1230,2000,2000,57,3,5,5,70,23.3,15,watch,5,0,0,0,0,0,0,0
1233,2000,2000,57,3,5,5,70,23.3,15,watch,5,0,0,0,0,0,0,0
1236,2000,2000,57,3,5,5,70,23.3,15,watch,5,0,0,0,0,0,0,0
1239,2000,2000,57,3,5,5,70,23.3,15,watch,5,0,0,0,0,0,0,0
1242,2000,2000,57,3,5,5,70,23.3,15,watch,5,0,0,0,0,0,0,0
1245,2000,2000,57,3,5,5,70,23.3,15,watch,5,0,0,0,0,0,0,0
1248,2000,2000,57,3,5,5,70,23.3,15,watch,5,0,0,0,0,0,0,0
1251,2000,2000,57,3,5,5,70,23.3,15,watch,5,0,0,0,0,0,0,0
1254,2000,2000,57,3,5,5,70,23.3,15,watch,5,0,0,0,0,0,0,0
1257,2000,2000,57,3,5,5,70,23.3,15,watch,5,0,0,0,0,0,0,0
1260,2000,2000,65,3,5,5,70,23.3,15,watch,5,0,0,0,0,0,0,0
1263,2000,2000,65,3,5,5,70,23.3,15,watch,5,0,0,0,0,0,0,0
1266,2000,2000,65,3,5,5,56,18.7,15,watch,5,0,0,0,0,0,0,0
1269,2000,2000,65,3,5,5,56,18.7,15,watch,5,0,0,0,0,0,0,0
1272,2000,2000,65,3,5,5,56,18.7,15,watch,5,0,0,0,0,0,0,0
1275,2000,2000,65,3,5,5,56,18.7,15,watch,5,0,0,0,0,0,0,0
1278,2000,2000,65,3,5,5,42,14.0,15,watch,5,0,0,0,0,0,0,0
1281,2000,2000,65,3,5,5,42,14.0,15,watch,5,0,0,0,0,0,0,0
1284,2000,2000,65,3,5,5,42,14.0,15,watch,5,0,0,0,0,0,0,0
1287,2000,2000,65,3,5,5,28,9.3,15,watch,5,0,0,0,0,0,0,0
1290,2000,2000,74,3,5,5,28,9.3,15,watch,5,0,0,0,0,0,0,0
1293,2000,2000,74,3,5,5,28,9.3,15,watch,5,0,0,0,0,0,0,0
1296,2000,2000,74,3,5,5,14,4.7,15,watch,5,0,0,0,0,0,0,0
1299,2000,2000,74,3,5,5,14,4.7,15,watch,5,0,0,0,0,0,0,0
1302,2000,2000,74,3,5,5,28,9.3,15,watch,5,0,0,0,0,0,0,0
1305,2000,2000,74,3,5,5,28,9.3,15,watch,5,0,0,0,0,0,0,0
1308,2000,2000,74,3,5,5,14,4.7,15,watch,5,0,0,0,0,0,0,0
1311,2000,2000,74,3,5,5,28,9.3,15,watch,5,0,0,0,0,0,0,0
1314,2000,2000,74,3,5,5,28,9.3,15,watch,5,0,0,0,0,0,0,0
1317,2000,2000,74,3,5,5,28,9.3,15,watch,5,0,0,0,0,0,0,0
1320,2000,2000,82,3,5,5,42,14.0,15,watch,5,0,0,0,0,0,0,0
1323,2000,2000,70,3,6,6,56,18.7,18,watch,6,0,0,0,0,0,0,0
1326,2000,2000,70,3,6,6,56,18.7,18,watch,6,0,0,0,0,0,0,0
1329,2000,2000,70,3,6,6,42,14.0,18,watch,6,0,0,0,0,0,0,0
1332,2000,2000,70,3,7,7,70,23.3,21,watch,7,0,0,0,0,0,0,0
1335,2000,2000,70,3,7,7,70,23.3,21,watch,7,0,0,0,0,0,0,0
1338,2000,2000,70,3,7,7,56,18.7,21,watch,7,0,0,0,0,0,0,0
1341,2000,2000,70,3,7,7,70,23.3,21,watch,7,0,0,0,0,0,0,0
1344,2000,2000,70,3,8,8,84,28.0,24,watch,8,0,0,0,0,0,0,0
1347,2000,2000,70,3,8,8,84,28.0,24,watch,8,0,0,0,0,0,0,0
1350,2000,2000,79,3,8,8,70,23.3,24,watch,8,0,0,0,0,0,0,0
1353,2000,2000,79,3,9,9,84,28.0,27,watch,9,0,0,0,0,0,0,0
1356,2000,2000,79,3,9,9,84,28.0,27,watch,9,0,0,0,0,0,0,0
1359,2000,2000,79,3,9,9,70,23.3,27,watch,9,0,0,0,0,0,0,0
1362,2000,2000,79,3,10,10,98,32.7,30,watch,10,0,0,0,0,0,0,0
1365,2000,2000,79,3,10,10,98,32.7,30,watch,10,0,0,0,0,0,0,0
1368,2000,2000,79,3,10,10,84,28.0,30,watch,10,0,0,0,0,0,0,0
1371,2000,2000,79,3,10,10,98,32.7,30,watch,10,0,0,0,0,0,0,0
1374,2000,2000,79,3,10,10,98,32.7,30,watch,10,0,0,0,0,0,0,0
1377,2000,2000,79,3,10,10,98,32.7,30,watch,10,0,0,0,0,0,0,0
1380,2000,2000,87,3,10,10,112,37.3,30,watch,10,0,0,0,0,0,0,0
1383,2000,2000,87,3,9,9,98,32.7,27,watch,9,0,0,0,0,0,0,0
1386,2000,2000,87,3,9,9,98,32.7,27,watch,9,0,0,0,0,0,0,0
1389,2000,2000,87,3,9,9,98,32.7,27,watch,9,0,0,0,0,0,0,0
1392,2000,2000,87,3,8,8,98,32.7,24,watch,8,0,0,0,0,0,0,0
1395,2000,2000,87,3,8,8,98,32.7,24,watch,8,0,0,0,0,0,0,0
1398,2000,2000,87,3,8,8,98,32.7,24,watch,8,0,0,0,0,0,0,0
1401,2000,2000,87,3,7,7,98,32.7,21,watch,7,0,0,0,0,0,0,0
1404,2000,2000,87,3,7,7,98,32.7,21,watch,7,0,0,0,0,0,0,0
1407,2000,2000,87,3,7,7,98,32.7,21,watch,7,0,0,0,0,0,0,0
1410,2000,2000,96,3,7,7,98,32.7,21,watch,7,0,0,0,0,0,0,0
1413,2000,2000,96,3,6,6,84,28.0,18,watch,6,0,0,0,0,0,0,0
1416,2000,2000,96,3,6,6,84,28.0,18,watch,6,0,0,0,0,0,0,0
1419,2000,2000,96,3,6,6,84,28.0,18,watch,6,0,0,0,0,0,0,0
1422,2000,2000,96,3,5,5,70,23.3,15,watch,5,0,0,0,0,0,0,0
1425,2000,2000,96,3,5,5,70,23.3,15,watch,5,0,0,0,0,0,0,0
1428,2000,2000,96,3,5,5,70,23.3,15,watch,5,0,0,0,0,0,0,0
1431,2000,2000,96,3,5,5,70,23.3,15,watch,5,0,0,0,0,0,0,0
1434,2000,2000,96,3,5,5,70,23.3,15,watch,5,0,0,0,0,0,0,0
1437,2000,2000,96,3,5,5,70,23.3,15,watch,5,0,0,0,0,0,0,0
1440,2000,2000,104,3,5,5,70,23.3,15,watch,5,0,0,0,0,0,0,0
1443,2000,2000,104,3,5,5,70,23.3,15,watch,5,0,0,0,0,0,0,0
1446,2000,2000,104,3,5,5,70,23.3,15,watch,5,0,0,0,0,0,0,0
1449,2000,2000,104,3,5,5,70,23.3,15,watch,5,0,0,0,0,0,0,0
1452,2000,2000,104,3,5,5,56,18.7,15,watch,5,0,0,0,0,0,0,0
1455,2000,2000,104,3,5,5,56,18.7,15,watch,5,0,0,0,0,0,0,0
1458,2000,2000,104,3,5,5,56,18.7,15,watch,5,0,0,0,0,0,0,0
1461,2000,2000,104,3,5,5,42,14.0,15,watch,5,0,0,0,0,0,0,0
1464,2000,2000,104,3,5,5,42,14.0,15,watch,5,0,0,0,0,0,0,0
1467,2000,2000,104,3,5,5,42,14.0,15,watch,5,0,0,0,0,0,0,0
1470,2000,2000,113,3,5,5,42,14.0,15,watch,5,0,0,0,0,0,0,0
1473,2000,2000,113,3,5,5,28,9.3,15,watch,5,0,0,0,0,0,0,0
1476,2000,2000,113,3,5,5,28,9.3,15,watch,5,0,0,0,0,0,0,0
1479,2000,2000,113,3,5,5,28,9.3,15,watch,5,0,0,0,0,0,0,0
1482,2000,2000,113,3,5,5,14,4.7,15,watch,5,0,0,0,0,0,0,0
1485,2000,2000,113,3,5,5,28,9.3,15,watch,5,0,0,0,0,0,0,0
1488,2000,2000,113,3,5,5,28,9.3,15,watch,5,0,0,0,0,0,0,0
1491,2000,2000,113,3,5,5,14,4.7,15,watch,5,0,0,0,0,0,0,0
1494,2000,2000,113,3,5,5,14,4.7,15,watch,5,0,0,0,0,0,0,0
1497,2000,2000,113,3,5,5,28,9.3,15,watch,5,0,0,0,0,0,0,0
1500,2000,2000,121,3,5,5,28,9.3,15,watch,5,0,0,0,0,0,0,0
1503,2000,2000,121,3,5,5,28,9.3,15,watch,5,0,0,0,0,0,0,0
1506,2000,2000,109,3,5,5,42,14.0,15,watch,5,0,0,0,0,0,0,0
1509,2000,2000,109,3,6,6,56,18.7,18,watch,6,0,0,0,0,0,0,0
1512,2000,2000,109,3,6,6,56,18.7,18,watch,6,0,0,0,0,0,0,0
1515,2000,2000,109,3,6,6,56,18.7,18,watch,6,0,0,0,0,0,0,0
1518,2000,2000,109,3,7,7,70,23.3,21,watch,7,0,0,0,0,0,0,0
1521,2000,2000,109,3,7,7,70,23.3,21,watch,7,0,0,0,0,0,0,0
1524,2000,2000,109,3,7,7,56,18.7,21,watch,7,0,0,0,0,0,0,0
1527,2000,2000,109,3,8,8,84,28.0,24,watch,8,0,0,0,0,0,0,0
1530,2000,2000,118,3,8,8,84,28.0,24,watch,8,0,0,0,0,0,0,0
1533,2000,2000,118,3,8,8,70,23.3,24,watch,8,0,0,0,0,0,0,0
1536,2000,2000,53,3,8,8,70,23.3,24,watch,8,0,0,0,0,0,0,0
1539,2000,2000,53,3,9,9,84,28.0,27,watch,9,0,0,0,0,0,0,0
1542,2000,2000,53,3,9,9,84,28.0,27,watch,9,0,0,0,0,0,0,0
1545,2000,2000,53,3,9,9,84,28.0,27,watch,9,0,0,0,0,0,0,0
1548,2000,2000,53,3,10,10,98,32.7,30,watch,10,0,0,0,0,0,0,0
1551,2000,2000,53,3,10,10,98,32.7,30,watch,10,0,0,0,0,0,0,0
1554,2000,2000,53,3,10,10,84,28.0,30,watch,10,0,0,0,0,0,0,0
1557,2000,2000,53,3,10,10,98,32.7,30,watch,10,0,0,0,0,0,0,0
1560,2000,2000,61,3,10,10,98,32.7,30,watch,10,0,0,0,0,0,0,0
1563,2000,2000,61,3,10,10,98,32.7,30,watch,10,0,0,0,0,0,0,0
1566,2000,2000,61,3,9,9,98,32.7,27,watch,9,0,0,0,0,0,0,0
1569,2000,2000,61,3,9,9,98,32.7,27,watch,9,0,0,0,0,0,0,0
1572,2000,2000,61,3,9,9,98,32.7,27,watch,9,0,0,0,0,0,0,0
1575,2000,2000,61,3,9,9,112,37.3,27,watch,9,0,0,0,0,0,0,0
1578,2000,2000,61,3,8,8,98,32.7,24,watch,8,0,0,0,0,0,0,0
1581,2000,2000,61,3,8,8,98,32.7,24,watch,8,0,0,0,0,0,0,0
1584,2000,2000,61,3,8,8,98,32.7,24,watch,8,0,0,0,0,0,0,0
1587,2000,2000,161,3,7,7,98,32.7,21,watch,7,0,0,0,0,0,0,0
1590,2000,2000,169,3,7,7,98,32.7,21,watch,7,0,0,0,0,0,0,0
1593,2000,2000,0,4,7,7,98,32.7,21,watch,7,0,0,0,0,0,0,0
1596,2000,2000,0,4,6,6,84,28.0,18,watch,6,0,0,0,0,0,0,0
1599,2000,2000,0,4,6,6,84,28.0,18,watch,6,0,0,0,0,0,0,0
1602,2000,2000,0,4,6,6,84,28.0,18,watch,6,0,0,0,0,0,0,0
1605,2000,2000,0,4,6,6,84,28.0,18,watch,6,0,0,0,0,0,0,0
1608,2000,2000,0,4,5,5,70,23.3,15,watch,5,0,0,0,0,0,0,0
1611,2000,2000,0,4,5,5,70,23.3,15,watch,5,0,0,0,0,0,0,0
1614,2000,2000,0,4,5,5,70,23.3,15,watch,5,0,0,0,0,0,0,0
1617,2000,2000,0,4,5,5,70,23.3,15,watch,5,0,0,0,0,0,0,0
1620,2000,2000,20,4,5,5,70,23.3,15,watch,5,0,0,0,0,0,0,0
1623,2000,2000,20,4,5,5,70,23.3,15,watch,5,0,0,0,0,0,0,0
1626,2000,2000,20,4,5,5,70,23.3,15,watch,5,0,0,0,0,0,0,0
1629,2000,2000,20,4,5,5,70,23.3,15,watch,5,0,0,0,0,0,0,0
1632,2000,2000,20,4,5,5,70,23.3,15,watch,5,0,0,0,0,0,0,0
1635,2000,2000,20,4,5,5,70,23.3,15,watch,5,0,0,0,0,0,0,0
1638,2000,2000,20,4,5,5,56,18.7,15,watch,5,0,0,0,0,0,0,0
1641,2000,2000,20,4,5,5,56,18.7,15,watch,5,0,0,0,0,0,0,0
1644,2000,2000,20,4,5,5,56,18.7,15,watch,5,0,0,0,0,0,0,0
1647,2000,2000,20,4,5,5,42,14.0,15,watch,5,0,0,0,0,0,0,0
1650,2000,2000,40,4,5,5,42,14.0,15,watch,5,0,0,0,0,0,0,0
1653,2000,2000,40,4,5,5,42,14.0,15,watch,5,0,0,0,0,0,0,0
1656,2000,2000,40,4,5,5,28,9.3,15,watch,5,0,0,0,0,0,0,0
1659,2000,2000,40,4,5,5,28,9.3,15,watch,5,0,0,0,0,0,0,0
1662,2000,2000,40,4,5,5,28,9.3,15,watch,5,0,0,0,0,0,0,0
1665,2000,2000,40,4,5,5,28,9.3,15,watch,5,0,0,0,0,0,0,0
1668,2000,2000,40,4,5,5,14,4.7,15,watch,5,0,0,0,0,0,0,0
1671,2000,2000,40,4,5,5,28,9.3,15,watch,5,0,0,0,0,0,0,0
1674,2000,2000,40,4,5,5,28,9.3,15,watch,5,0,0,0,0,0,0,0
1677,2000,2000,40,4,5,5,14,4.7,15,watch,5,0,0,0,0,0,0,0
1680,2000,2000,59,4,5,5,28,9.3,15,watch,5,0,0,0,0,0,0,0
1683,2000,2000,59,4,5,5,28,9.3,15,watch,5,0,0,0,0,0,0,0
1686,2000,2000,59,4,5,5,28,9.3,15,watch,5,0,0,0,0,0,0,0
1689,2000,2000,59,4,5,5,28,9.3,15,watch,5,0,0,0,0,0,0,0
1692,2000,2000,47,4,6,6,56,18.7,18,watch,6,0,0,0,0,0,0,0
1695,2000,2000,47,4,6,6,56,18.7,18,watch,6,0,0,0,0,0,0,0
1698,2000,2000,47,4,6,6,42,14.0,18,watch,6,0,0,0,0,0,0,0
1701,2000,2000,47,4,6,6,56,18.7,18,watch,6,0,0,0,0,0,0,0
1704,2000,2000,47,4,7,7,70,23.3,21,watch,7,0,0,0,0,0,0,0
1707,2000,2000,47,4,7,7,70,23.3,21,watch,7,0,0,0,0,0,0,0
1710,2000,2000,67,4,7,7,70,23.3,21,watch,7,0,0,0,0,0,0,0
1713,2000,2000,67,4,8,8,84,28.0,24,watch,8,0,0,0,0,0,0,0
1716,2000,2000,67,4,8,8,84,28.0,24,watch,8,0,0,0,0,0,0,0
1719,2000,2000,67,4,8,8,70,23.3,24,watch,8,0,0,0,0,0,0,0
1722,2000,2000,67,4,9,9,84,28.0,27,watch,9,0,0,0,0,0,0,0
1725,2000,2000,67,4,9,9,84,28.0,27,watch,9,0,0,0,0,0,0,0
1728,2000,2000,67,4,9,9,70,23.3,27,watch,9,0,0,0,0,0,0,0
1731,2000,2000,67,4,9,9,84,28.0,27,watch,9,0,0,0,0,0,0,0
1734,2000,2000,67,4,10,10,98,32.7,30,watch,10,0,0,0,0,0,0,0
1737,2000,2000,67,4,10,10,98,32.7,30,watch,10,0,0,0,0,0,0,0
1740,2000,2000,87,4,10,10,98,32.7,30,watch,10,0,0,0,0,0,0,0
1743,2000,2000,87,4,10,10,98,32.7,30,watch,10,0,0,0,0,0,0,0
1746,2000,2000,87,4,10,10,98,32.7,30,watch,10,0,0,0,0,0,0,0
1749,2000,2000,87,4,10,10,98,32.7,30,watch,10,0,0,0,0,0,0,0
1752,2000,2000,87,4,9,9,98,32.7,27,watch,9,0,0,0,0,0,0,0
1755,2000,2000,87,4,9,9,98,32.7,27,watch,9,0,0,0,0,0,0,0
1758,2000,2000,87,4,9,9,98,32.7,27,watch,9,0,0,0,0,0,0,0
1761,2000,2000,87,4,8,8,98,32.7,24,watch,8,0,0,0,0,0,0,0
1764,2000,2000,87,4,8,8,98,32.7,24,watch,8,0,0,0,0,0,0,0
1767,2000,2000,87,4,8,8,98,32.7,24,watch,8,0,0,0,0,0,0,0
1770,2000,2000,107,4,8,8,112,37.3,24,watch,8,0,0,0,0,0,0,0
1773,2000,2000,107,4,7,7,98,32.7,21,watch,7,0,0,0,0,0,0,0
1776,2000,2000,107,4,7,7,98,32.7,21,watch,7,0,0,0,0,0,0,0
1779,2000,2000,107,4,7,7,98,32.7,21,watch,7,0,0,0,0,0,0,0
1782,2000,2000,107,4,6,6,84,28.0,18,watch,6,0,0,0,0,0,0,0
1785,2000,2000,107,4,6,6,84,28.0,18,watch,6,0,0,0,0,0,0,0
1788,2000,2000,107,4,6,6,84,28.0,18,watch,6,0,0,0,0,0,0,0
1791,2000,2000,107,4,5,5,70,23.3,15,watch,5,0,0,0,0,0,0,0
1794,2000,2000,107,4,5,5,70,23.3,15,watch,5,0,0,0,0,0,0,0
1797,2000,2000,107,4,5,5,70,23.3,15,watch,5,0,0,0,0,0,0,0
1800,2000,2000,126,4,5,5,70,23.3,15,watch,5,0,0,0,0,0,0,0
1803,2000,2000,126,4,5,5,70,23.3,15,watch,5,0,0,0,0,0,0,0
1806,2000,2000,126,4,5,5,70,23.3,15,watch,5,0,0,0,0,0,0,0
1809,2000,2000,126,4,5,5,70,23.3,15,watch,5,0,0,0,0,0,0,0
1812,2000,2000,126,4,5,5,70,23.3,15,watch,5,0,0,0,0,0,0,0
1815,2000,2000,126,4,5,5,70,23.3,15,watch,5,0,0,0,0,0,0,0
1818,2000,2000,126,4,5,5,70,23.3,15,watch,5,0,0,0,0,0,0,0
1821,2000,2000,126,4,5,5,56,18.7,15,watch,5,0,0,0,0,0,0,0
1824,2000,2000,126,4,5,5,56,18.7,15,watch,5,0,0,0,0,0,0,0
1827,2000,2000,126,4,5,5,56,18.7,15,watch,5,0,0,0,0,0,0,0
1830,2000,2000,146,4,5,5,56,18.7,15,watch,5,0,0,0,0,0,0,0
1833,2000,2000,146,4,5,5,42,14.0,15,watch,5,0,0,0,0,0,0,0
1836,2000,2000,146,4,5,5,42,14.0,15,watch,5,0,0,0,0,0,0,0
1839,2000,2000,146,4,5,5,42,14.0,15,watch,5,0,0,0,0,0,0,0
1842,2000,2000,146,4,5,5,28,9.3,15,watch,5,0,0,0,0,0,0,0
1845,2000,2000,146,4,5,5,28,9.3,15,watch,5,0,0,0,0,0,0,0
1848,2000,2000,146,4,5,5,28,9.3,15,watch,5,0,0,0,0,0,0,0
1851,2000,2000,146,4,5,5,14,4.7,15,watch,5,0,0,0,0,0,0,0
1854,2000,2000,146,4,5,5,14,4.7,15,watch,5,0,0,0,0,0,0,0
1857,2000,2000,146,4,5,5,28,9.3,15,watch,5,0,0,0,0,0,0,0
1860,2000,2000,166,4,5,5,28,9.3,15,watch,5,0,0,0,0,0,0,0
1863,2000,2000,166,4,5,5,14,4.7,15,watch,5,0,0,0,0,0,0,0
1866,2000,2000,166,4,5,5,28,9.3,15,watch,5,0,0,0,0,0,0,0
1869,2000,2000,166,4,5,5,28,9.3,15,watch,5,0,0,0,0,0,0,0
1872,2000,2000,166,4,5,5,28,9.3,15,watch,5,0,0,0,0,0,0,0
1875,2000,2000,166,4,5,5,42,14.0,15,watch,5,0,0,0,0,0,0,0
1878,2000,2000,154,4,6,6,56,18.7,18,watch,6,0,0,0,0,0,0,0
1881,2000,2000,154,4,6,6,56,18.7,18,watch,6,0,0,0,0,0,0,0
1884,2000,2000,154,4,6,6,42,14.0,18,watch,6,0,0,0,0,0,0,0
1887,2000,2000,154,4,7,7,70,23.3,21,watch,7,0,0,0,0,0,0,0
1890,2000,2000,173,4,7,7,70,23.3,21,watch,7,0,0,0,0,0,0,0
1893,2000,2000,173,4,7,7,56,18.7,21,watch,7,0,0,0,0,0,0,0
1896,2000,2000,173,4,7,7,70,23.3,21,watch,7,0,0,0,0,0,0,0
1899,2000,2000,173,4,8,8,84,28.0,24,watch,8,0,0,0,0,0,0,0
1902,2000,2000,173,4,8,8,84,28.0,24,watch,8,0,0,0,0,0,0,0
1905,2000,2000,173,4,8,8,70,23.3,24,watch,8,0,0,0,0,0,0,0
1908,2000,2000,173,4,9,9,84,28.0,27,watch,9,0,0,0,0,0,0,0
1911,2000,2000,173,4,9,9,84,28.0,27,watch,9,0,0,0,0,0,0,0
1914,2000,2000,173,4,9,9,70,23.3,27,watch,9,0,0,0,0,0,0,0
1917,2000,2000,173,4,10,10,98,32.7,30,watch,10,0,0,0,0,0,0,0
1920,2000,2000,193,4,10,10,98,32.7,30,watch,10,0,0,0,0,0,0,0
1923,2000,2000,193,4,10,10,84,28.0,30,watch,10,0,0,0,0,0,0,0
1926,2000,2000,193,4,10,10,98,32.7,30,watch,10,0,0,0,0,0,0,0
1929,2000,2000,193,4,10,10,98,32.7,30,watch,10,0,0,0,0,0,0,0
1932,2000,2000,193,4,10,10,98,32.7,30,watch,10,0,0,0,0,0,0,0
1935,2000,2000,193,4,10,10,112,37.3,30,watch,10,0,0,0,0,0,0,0
1938,2000,2000,193,4,9,9,98,32.7,27,watch,9,0,0,0,0,0,0,0
1941,2000,2000,193,4,9,9,98,32.7,27,watch,9,0,0,0,0,0,0,0
1944,2000,2000,193,4,9,9,98,32.7,27,watch,9,0,0,0,0,0,0,0
1947,2000,2000,193,4,8,8,98,32.7,24,watch,8,0,0,0,0,0,0,0
1950,2000,2000,213,4,8,8,98,32.7,24,watch,8,0,0,0,0,0,0,0
1953,2000,2000,213,4,8,8,98,32.7,24,watch,8,0,0,0,0,0,0,0
1956,2000,2000,213,4,7,7,98,32.7,21,watch,7,0,0,0,0,0,0,0
1959,2000,2000,213,4,7,7,98,32.7,21,watch,7,0,0,0,0,0,0,0
1962,2000,2000,213,4,7,7,98,32.7,21,watch,7,0,0,0,0,0,0,0
1965,2000,2000,213,4,7,7,98,32.7,21,watch,7,0,0,0,0,0,0,0
1968,2000,2000,213,4,6,6,84,28.0,18,watch,6,0,0,0,0,0,0,0
1971,2000,2000,213,4,6,6,84,28.0,18,watch,6,0,0,0,0,0,0,0
1974,2000,2000,213,4,6,6,84,28.0,18,watch,6,0,0,0,0,0,0,0
1977,2000,2000,213,4,5,5,70,23.3,15,watch,5,0,0,0,0,0,0,0
1980,2000,2000,233,4,5,5,70,23.3,15,watch,5,0,0,0,0,0,0,0
1983,2000,2000,233,4,5,5,70,23.3,15,watch,5,0,0,0,0,0,0,0
1986,2000,2000,233,4,5,5,70,23.3,15,watch,5,0,0,0,0,0,0,0
1989,2000,2000,233,4,5,5,70,23.3,15,watch,5,0,0,0,0,0,0,0
1992,2000,2000,168,4,5,5,70,23.3,15,watch,5,0,0,0,0,0,0,0
1995,2000,2000,168,4,5,5,70,23.3,15,watch,5,0,0,0,0,0,0,0
1998,2000,2000,168,4,5,5,70,23.3,15,watch,5,0,0,0,0,0,0,0
2001,2000,2000,168,4,5,5,70,23.3,15,watch,5,0,0,0,0,0,0,0
2004,2000,2000,168,4,5,5,70,23.3,15,watch,5,0,0,0,0,0,0,0
2007,2000,2000,168,4,5,5,56,18.7,15,watch,5,0,0,0,0,0,0,0
2010,2000,2000,187,4,5,5,56,18.7,15,watch,5,0,0,0,0,0,0,0
2013,2000,2000,187,4,5,5,56,18.7,15,watch,5,0,0,0,0,0,0,0
2016,2000,2000,187,4,5,5,42,14.0,15,watch,5,0,0,0,0,0,0,0
2019,2000,2000,187,4,5,5,42,14.0,15,watch,5,0,0,0,0,0,0,0
2022,2000,2000,187,4,5,5,42,14.0,15,watch,5,0,0,0,0,0,0,0
2025,2000,2000,187,4,5,5,42,14.0,15,watch,5,0,0,0,0,0,0,0
2028,2000,2000,187,4,5,5,28,9.3,15,watch,5,0,0,0,0,0,0,0
2031,2000,2000,187,4,5,5,28,9.3,15,watch,5,0,0,0,0,0,0,0
2034,2000,2000,187,4,5,5,28,9.3,15,watch,5,0,0,0,0,0,0,0
2037,2000,2000,187,4,5,5,14,4.7,15,watch,5,0,0,0,0,0,0,0
2040,2000,2000,307,4,5,5,28,9.3,15,watch,5,0,0,0,0,0,0,0
2043,2000,2000,307,4,5,5,28,9.3,15,watch,5,0,0,0,0,0,0,0
2046,2000,2000,307,4,5,5,14,4.7,15,watch,5,0,0,0,0,0,0,0
2049,2000,2000,307,4,5,5,14,4.7,15,watch,5,0,0,0,0,0,0,0
2052,2000,2000,307,4,5,5,28,9.3,15,watch,5,0,0,0,0,0,0,0
2055,2000,2000,307,4,5,5,28,9.3,15,watch,5,0,0,0,0,0,0,0
2058,2000,2000,307,4,5,5,28,9.3,15,watch,5,0,0,0,0,0,0,0
2061,2000,2000,295,4,5,5,42,14.0,15,watch,5,0,0,0,0,0,0,0
2064,2000,2000,295,4,6,6,56,18.7,18,watch,6,0,0,0,0,0,0,0
2067,2000,2000,295,4,6,6,56,18.7,18,watch,6,0,0,0,0,0,0,0
2070,2000,2000,315,4,6,6,56,18.7,18,watch,6,0,0,0,0,0,0,0
2073,2000,2000,315,4,7,7,70,23.3,21,watch,7,0,0,0,0,0,0,0
2076,2000,2000,315,4,7,7,70,23.3,21,watch,7,0,0,0,0,0,0,0
2079,2000,2000,315,4,7,7,56,18.7,21,watch,7,0,0,0,0,0,0,0
2082,2000,2000,315,4,8,8,84,28.0,24,watch,8,0,0,0,0,0,0,0
2085,2000,2000,315,4,8,8,84,28.0,24,watch,8,0,0,0,0,0,0,0
2088,2000,2000,315,4,8,8,70,23.3,24,watch,8,0,0,0,0,0,0,0
2091,2000,2000,315,4,8,8,70,23.3,24,watch,8,0,0,0,0,0,0,0
2094,2000,2000,315,4,9,9,84,28.0,27,watch,9,0,0,0,0,0,0,0
2097,2000,2000,315,4,9,9,84,28.0,27,watch,9,0,0,0,0,0,0,0
2100,2000,2000,335,4,9,9,84,28.0,27,watch,9,0,0,0,0,0,0,0
2103,2000,2000,335,4,10,10,98,32.7,30,watch,10,0,0,0,0,0,0,0
2106,2000,2000,335,4,10,10,98,32.7,30,watch,10,0,0,0,0,0,0,0
2109,2000,2000,335,4,10,10,84,28.0,30,watch,10,0,0,0,0,0,0,0
2112,2000,2000,335,4,10,10,98,32.7,30,watch,10,0,0,0,0,0,0,0
2115,2000,2000,335,4,10,10,98,32.7,30,watch,10,0,0,0,0,0,0,0
2118,2000,2000,335,4,10,10,98,32.7,30,watch,10,0,0,0,0,0,0,0
2121,2000,2000,335,4,9,9,98,32.7,27,watch,9,0,0,0,0,0,0,0
2124,2000,2000,335,4,9,9,98,32.7,27,watch,9,0,0,0,0,0,0,0
2127,2000,2000,335,4,9,9,98,32.7,27,watch,9,0,0,0,0,0,0,0
2130,2000,2000,354,4,9,9,112,37.3,27,watch,9,0,0,0,0,0,0,0
2133,2000,2000,354,4,8,8,98,32.7,24,watch,8,0,0,0,0,0,0,0
2136,2000,2000,354,4,8,8,98,32.7,24,watch,8,0,0,0,0,0,0,0
2139,2000,2000,354,4,8,8,98,32.7,24,watch,8,0,0,0,0,0,0,0
2142,2000,2000,354,4,7,7,98,32.7,21,watch,7,0,0,0,0,0,0,0
2145,2000,2000,354,4,7,7,98,32.7,21,watch,7,0,0,0,0,0,0,0
2148,2000,2000,354,4,7,7,98,32.7,21,watch,7,0,0,0,0,0,0,0
2151,2000,2000,354,4,6,6,84,28.0,18,watch,6,0,0,0,0,0,0,0
2154,2000,2000,354,4,6,6,84,28.0,18,watch,6,0,0,0,0,0,0,0
2157,2000,2000,354,4,6,6,84,28.0,18,watch,6,0,0,0,0,0,0,0
2160,2000,2000,374,4,6,6,84,28.0,18,watch,6,0,0,0,0,0,0,0
2163,2000,2000,374,4,5,5,70,23.3,15,watch,5,0,0,0,0,0,0,0
2166,2000,2000,374,4,5,5,70,23.3,15,watch,5,0,0,0,0,0,0,0
2169,2000,2000,374,4,5,5,70,23.3,15,watch,5,0,0,0,0,0,0,0
2172,2000,2000,374,4,5,5,70,23.3,15,watch,5,0,0,0,0,0,0,0
2175,2000,2000,374,4,5,5,70,23.3,15,watch,5,0,0,0,0,0,0,0
2178,2000,2000,374,4,5,5,70,23.3,15,watch,5,0,0,0,0,0,0,0
2181,2000,2000,374,4,5,5,70,23.3,15,watch,5,0,0,0,0,0,0,0
2184,2000,2000,374,4,5,5,70,23.3,15,watch,5,0,0,0,0,0,0,0
2187,2000,2000,374,4,5,5,70,23.3,15,watch,5,0,0,0,0,0,0,0
2190,2000,2000,394,4,5,5,70,23.3,15,watch,5,0,0,0,0,0,0,0
2193,2000,2000,394,4,5,5,56,18.7,15,watch,5,0,0,0,0,0,0,0
2196,2000,2000,394,4,5,5,56,18.7,15,watch,5,0,0,0,0,0,0,0
2199,2000,2000,394,4,5,5,56,18.7,15,watch,5,0,0,0,0,0,0,0
2202,2000,2000,394,4,5,5,42,14.0,15,watch,5,0,0,0,0,0,0,0
2205,2000,2000,394,4,5,5,42,14.0,15,watch,5,0,0,0,0,0,0,0
2208,2000,2000,394,4,5,5,42,14.0,15,watch,5,0,0,0,0,0,0,0
2211,2000,2000,394,4,5,5,28,9.3,15,watch,5,0,0,0,0,0,0,0
2214,2000,2000,394,4,5,5,28,9.3,15,watch,5,0,0,0,0,0,0,0
2217,2000,2000,394,4,5,5,28,9.3,15,watch,5,0,0,0,0,0,0,0
2220,2000,2000,414,4,5,5,28,9.3,15,watch,5,0,0,0,0,0,0,0
2223,2000,2000,414,4,5,5,14,4.7,15,watch,5,0,0,0,0,0,0,0
2226,2000,2000,414,4,5,5,28,9.3,15,watch,5,0,0,0,0,0,0,0
2229,2000,2000,414,4,5,5,28,9.3,15,watch,5,0,0,0,0,0,0,0
2232,2000,2000,414,4,5,5,14,4.7,15,watch,5,0,0,0,0,0,0,0
2235,2000,2000,414,4,5,5,28,9.3,15,watch,5,0,0,0,0,0,0,0
2238,2000,2000,414,4,5,5,28,9.3,15,watch,5,0,0,0,0,0,0,0
2241,2000,2000,414,4,5,5,28,9.3,15,watch,5,0,0,0,0,0,0,0
2244,2000,2000,414,4,5,5,28,9.3,15,watch,5,0,0,0,0,0,0,0
2247,2000,2000,414,4,5,5,42,14.0,15,watch,5,0,0,0,0,0,0,0
2250,2000,2000,433,4,5,5,42,14.0,15,watch,5,0,0,0,0,0,0,0
2253,2000,2000,433,4,5,5,28,9.3,15,watch,5,0,0,0,0,0,0,0
2256,2000,2000,433,4,5,5,42,14.0,15,watch,5,0,0,0,0,0,0,0
2259,2000,2000,433,4,5,5,42,14.0,15,watch,5,0,0,0,0,0,0,0
2262,2000,2000,433,4,5,5,42,14.0,15,watch,5,0,0,0,0,0,0,0
2265,2000,2000,433,4,5,5,42,14.0,15,watch,5,0,0,0,0,0,0,0
2268,2000,2000,433,4,5,5,42,14.0,15,watch,5,0,0,0,0,0,0,0
2271,2000,2000,433,4,5,5,42,14.0,15,watch,5,0,0,0,0,0,0,0
2274,2000,2000,433,4,5,5,28,9.3,15,watch,5,0,0,0,0,0,0,0
2277,2000,2000,433,4,5,5,28,9.3,15,watch,5,0,0,0,0,0,0,0
2280,2000,2000,453,4,5,5,28,9.3,15,watch,5,0,0,0,0,0,0,0
2283,2000,2000,453,4,5,5,14,4.7,15,watch,5,0,0,0,0,0,0,0
2286,2000,2000,453,4,5,5,28,9.3,15,watch,5,0,0,0,0,0,0,0
2289,2000,2000,453,4,5,5,28,9.3,15,watch,5,0,0,0,0,0,0,0
2292,2000,2000,453,4,5,5,28,9.3,15,watch,5,0,0,0,0,0,0,0
2295,2000,2000,453,4,5,5,28,9.3,15,watch,5,0,0,0,0,0,0,0
2298,2000,2000,453,4,5,5,28,9.3,15,watch,5,0,0,0,0,0,0,0
2301,2000,2000,453,4,5,5,28,9.3,15,watch,5,0,0,0,0,0,0,0
2304,2000,2000,453,4,5,5,28,9.3,15,watch,5,0,0,0,0,0,0,0
2307,2000,2000,453,4,4,4,28,9.3,12,watch,4,0,0,0,0,0,0,0
2310,2000,2000,473,4,4,4,28,9.3,12,watch,4,0,0,0,0,0,0,0
2313,2000,2000,473,4,4,4,28,9.3,12,watch,4,0,0,0,0,0,0,0
2316,2000,2000,473,4,3,3,28,9.3,9,watch,3,0,0,0,0,0,0,0
2319,2000,2000,473,4,3,3,28,9.3,9,watch,3,0,0,0,0,0,0,0
2322,2000,2000,473,4,3,3,28,9.3,9,watch,3,0,0,0,0,0,0,0
2325,2000,2000,473,4,3,3,42,14.0,9,watch,3,0,0,0,0,0,0,0
2328,2000,2000,473,4,2,2,28,9.3,6,watch,2,0,0,0,0,0,0,0
2331,2000,2000,473,4,2,2,28,9.3,6,watch,2,0,0,0,0,0,0,0
2334,2000,2000,473,4,2,2,28,9.3,6,watch,2,0,0,0,0,0,0,0
2337,2000,2000,473,4,1,1,14,4.7,3,watch,1,0,0,0,0,0,0,0
2340,2000,2000,493,4,1,1,14,4.7,3,watch,1,0,0,0,0,0,0,0
2343,2000,2000,19,5,1,1,14,4.7,3,watch,1,0,0,0,0,0,0,0
2346,2000,2000,19,5,0,0,0,0.0,0,watch,0,0,0,0,0,0,0,0
2349,2000,2000,19,5,0,0,0,0.0,0,watch,0,0,0,0,0,0,0,0
2352,2000,2000,19,5,0,0,0,0.0,0,watch,0,0,0,0,0,0,0,0
2355,2000,2000,19,5,0,0,0,0.0,0,watch,0,0,0,0,0,0,0,0
2358,2000,2000,19,5,0,0,0,0.0,0,watch,0,0,0,0,0,0,0,0
2361,2000,2000,19,5,0,0,0,0.0,0,watch,0,0,0,0,0,0,0,0
2364,2000,2000,19,5,0,0,0,0.0,0,watch,0,0,0,0,0,0,0,0
2367,2000,2000,19,5,0,0,0,0.0,0,watch,0,0,0,0,0,0,0,0
2370,2000,2000,79,5,0,0,0,0.0,0,watch,0,0,0,0,0,0,0,0
2373,2000,2000,79,5,0,0,0,0.0,0,watch,0,0,0,0,0,0,0,0
2376,2000,2000,79,5,0,0,0,0.0,0,watch,0,0,0,0,0,0,0,0
2379,2000,2000,79,5,0,0,0,0.0,0,watch,0,0,0,0,0,0,0,0
2382,2000,2000,79,5,0,0,0,0.0,0,watch,0,0,0,0,0,0,0,0
2385,2000,2000,79,5,0,0,0,0.0,0,watch,0,0,0,0,0,0,0,0
2388,2000,2000,79,5,0,0,0,0.0,0,watch,0,0,0,0,0,0,0,0
2391,2000,2000,79,5,0,0,0,0.0,0,watch,0,0,0,0,0,0,0,0
2394,2000,2000,79,5,0,0,0,0.0,0,watch,0,0,0,0,0,0,0,0
2397,2000,2000,79,5,0,0,0,0.0,0,watch,0,0,0,0,0,0,0,0
2400,2000,2000,139,5,0,0,0,0.0,0,watch,0,0,0,0,0,0,0,0
2403,2000,2000,139,5,0,0,0,0.0,0,watch,0,0,0,0,0,0,0,0
2406,2000,2000,139,5,0,0,0,0.0,0,watch,0,0,0,0,0,0,0,0
2409,2000,2000,139,5,0,0,0,0.0,0,watch,0,0,0,0,0,0,0,0
2412,2000,2000,139,5,0,0,0,0.0,0,watch,0,0,0,0,0,0,0,0
2415,2000,2000,139,5,0,0,0,0.0,0,watch,0,0,0,0,0,0,0,0
2418,2000,2000,139,5,0,0,0,0.0,0,watch,0,0,0,0,0,0,0,0
2421,2000,2000,139,5,0,0,0,0.0,0,watch,0,0,0,0,0,0,0,0
2424,2000,2000,139,5,0,0,0,0.0,0,watch,0,0,0,0,0,0,0,0
2427,2000,2000,139,5,0,0,0,0.0,0,watch,0,0,0,0,0,0,0,0
2430,2000,2000,198,5,0,0,0,0.0,0,watch,0,0,0,0,0,0,0,0
2433,2000,2000,18,5,1,1,100,1.1,81,watch,0,0,0,0,1,0,0,0
2436,2000,2000,18,5,1,1,100,1.1,81,watch,0,0,0,0,1,0,0,0
2439,2000,2000,18,5,1,1,100,1.1,81,watch,0,0,0,0,1,0,0,0
2442,2000,2000,18,5,2,2,200,2.3,162,watch,0,0,0,0,2,0,0,0
2445,2000,2000,18,5,2,2,200,2.3,162,watch,0,0,0,0,2,0,0,0
2448,2000,2000,18,5,2,2,200,2.3,162,watch,0,0,0,0,2,0,0,0
2451,2000,2000,18,5,2,2,200,2.3,162,watch,0,0,0,0,2,0,0,0
2454,2000,2000,18,5,3,3,300,3.4,243,watch,0,0,0,0,3,0,0,0
2457,2000,2000,18,5,3,3,300,3.4,243,watch,0,0,0,0,3,0,0,0
2460,2000,2000,78,5,3,3,300,3.4,243,watch,0,0,0,0,3,0,0,0
2463,2000,2000,58,5,4,4,400,4.6,324,watch,0,0,0,0,4,0,0,0
2466,2000,2000,58,5,4,4,400,4.6,324,watch,0,0,0,0,4,0,0,0
2469,2000,2000,58,5,4,4,400,4.6,324,watch,0,0,0,0,4,0,0,0
2472,2000,2000,58,5,5,5,500,5.7,405,watch,0,0,0,0,5,0,0,0
2475,2000,2000,58,5,5,5,500,5.7,405,watch,0,0,0,0,5,0,0,0
2478,2000,2000,58,5,5,5,500,5.7,405,watch,0,0,0,0,5,0,0,0
2481,2000,2000,58,5,5,5,500,5.7,405,watch,0,0,0,0,5,0,0,0
2484,2000,2000,58,5,5,5,500,5.7,405,watch,0,0,0,0,5,0,0,0
2487,2000,2000,58,5,5,5,500,5.7,405,watch,0,0,0,0,5,0,0,0
2490,2000,2000,118,5,5,5,500,5.7,405,watch,0,0,0,0,5,0,0,0
2493,2000,2000,53,5,5,5,500,5.7,405,watch,0,0,0,0,5,0,0,0
2496,2000,2000,53,5,5,5,500,5.7,405,watch,0,0,0,0,5,0,0,0
2499,2000,2000,53,5,5,5,500,5.7,405,watch,0,0,0,0,5,0,0,0
2502,2000,2000,53,5,5,5,500,5.7,405,watch,0,0,0,0,5,0,0,0
2505,2000,2000,53,5,5,5,500,5.7,405,watch,0,0,0,0,5,0,0,0
2508,2000,2000,53,5,5,5,500,5.7,405,watch,0,0,0,0,5,0,0,0
2511,1800,2000,53,5,5,5,100,1.1,405,watch,0,0,0,0,5,0,0,0
2514,1800,2000,53,5,5,5,100,1.1,405,watch,0,0,0,0,5,0,0,0
2517,1800,2000,53,5,5,5,100,1.1,405,watch,0,0,0,0,5,0,0,0
2520,1800,2000,113,5,5,5,100,1.1,405,watch,0,0,0,0,5,0,0,0
2523,1800,2000,113,5,5,5,100,1.1,405,watch,0,0,0,0,5,0,0,0
2526,1800,2000,113,5,5,5,100,1.1,405,watch,0,0,0,0,5,0,0,0
2529,1800,2000,113,5,5,5,100,1.1,405,watch,0,0,0,0,5,0,0,0
2532,1800,2000,113,5,5,5,100,1.1,405,watch,0,0,0,0,5,0,0,0
2535,1800,2000,113,5,5,5,100,1.1,405,watch,0,0,0,0,5,0,0,0
2538,1800,2000,113,5,5,5,100,1.1,405,watch,0,0,0,0,5,0,0,0
2541,1800,2000,213,5,5,5,500,5.7,405,watch,0,0,0,0,5,0,0,0
2544,1800,2000,213,5,5,5,500,5.7,405,watch,0,0,0,0,5,0,0,0
2547,1800,2000,213,5,5,5,500,5.7,405,watch,0,0,0,0,5,0,0,0
2550,1800,2000,273,5,5,5,500,5.7,405,watch,0,0,0,0,5,0,0,0
2553,1800,2000,273,5,5,5,500,5.7,405,watch,0,0,0,0,5,0,0,0
2556,1800,2000,273,5,5,5,500,5.7,405,watch,0,0,0,0,5,0,0,0
2559,1800,2000,273,5,5,5,500,5.7,405,watch,0,0,0,0,5,0,0,0
2562,1800,2000,273,5,5,5,500,5.7,405,watch,0,0,0,0,5,0,0,0
2565,1800,2000,273,5,5,5,500,5.7,405,watch,0,0,0,0,5,0,0,0
2568,1800,2000,273,5,4,4,400,4.6,324,watch,0,0,0,0,4,0,0,0
2571,1800,2000,273,5,4,4,400,4.6,324,watch,0,0,0,0,4,0,0,0
2574,1800,2000,273,5,4,4,400,4.6,324,watch,0,0,0,0,4,0,0,0
2577,1800,2000,273,5,4,4,200,2.3,324,watch,0,0,0,0,4,0,0,0
2580,1800,2000,333,5,4,4,200,2.3,324,watch,0,0,0,0,4,0,0,0
2583,1800,2000,333,5,4,4,200,2.3,324,watch,0,0,0,0,4,0,0,0
2586,1800,2000,333,5,4,4,100,1.1,324,watch,0,0,0,0,4,0,0,0
2589,1800,2000,333,5,4,4,100,1.1,324,watch,0,0,0,0,4,0,0,0
2592,1800,2000,333,5,4,4,100,1.1,324,watch,0,0,0,0,4,0,0,0
2595,1800,2000,333,5,4,4,100,1.1,324,watch,0,0,0,0,4,0,0,0
2598,1800,2000,333,5,4,4,100,1.1,324,watch,0,0,0,0,4,0,0,0
2601,1800,2000,333,5,4,4,100,1.1,324,watch,0,0,0,0,4,0,0,0
2604,1800,2000,333,5,4,4,100,1.1,324,watch,0,0,0,0,4,0,0,0
2607,1800,2000,333,5,4,4,100,1.1,324,watch,0,0,0,0,4,0,0,0
2610,1800,2000,393,5,4,4,300,3.4,324,watch,0,0,0,0,4,0,0,0
2613,1800,2000,393,5,4,4,200,2.3,324,watch,0,0,0,0,4,0,0,0
2616,1800,2000,393,5,4,4,200,2.3,324,watch,0,0,0,0,4,0,0,0
2619,1800,2000,393,5,4,4,200,2.3,324,watch,0,0,0,0,4,0,0,0
2622,1800,2000,393,5,4,4,300,3.4,324,watch,0,0,0,0,4,0,0,0
2625,1800,2000,393,5,4,4,300,3.4,324,watch,0,0,0,0,4,0,0,0
2628,1800,2000,393,5,4,4,300,3.4,324,watch,0,0,0,0,4,0,0,0
2631,1800,2000,393,5,4,4,300,3.4,324,watch,0,0,0,0,4,0,0,0
2634,1800,2000,393,5,4,4,300,3.4,324,watch,0,0,0,0,4,0,0,0
2637,1800,2000,393,5,4,4,300,3.4,324,watch,0,0,0,0,4,0,0,0
2640,1800,2000,453,5,4,4,300,3.4,324,watch,0,0,0,0,4,0,0,0
2643,1800,2000,453,5,4,4,300,3.4,324,watch,0,0,0,0,4,0,0,0
2646,1800,2000,453,5,3,3,200,2.3,243,watch,0,0,0,0,3,0,0,0
2649,1800,2000,453,5,3,3,200,2.3,243,watch,0,0,0,0,3,0,0,0
2652,1800,2000,453,5,3,3,200,2.3,243,watch,0,0,0,0,3,0,0,0
2655,1800,2000,453,5,3,3,100,1.1,243,watch,0,0,0,0,3,0,0,0
2658,1800,2000,453,5,3,3,100,1.1,243,watch,0,0,0,0,3,0,0,0
2661,1800,2000,453,5,3,3,100,1.1,243,watch,0,0,0,0,3,0,0,0
2664,1800,2000,453,5,3,3,100,1.1,243,watch,0,0,0,0,3,0,0,0
2667,1800,2000,453,5,3,3,100,1.1,243,watch,0,0,0,0,3,0,0,0
2670,1800,2000,513,5,3,3,100,1.1,243,watch,0,0,0,0,3,0,0,0
2673,1800,2000,513,5,3,3,100,1.1,243,watch,0,0,0,0,3,0,0,0
2676,1800,2000,513,5,3,3,200,2.3,243,watch,0,0,0,0,3,0,0,0
2679,1800,2000,513,5,3,3,200,2.3,243,watch,0,0,0,0,3,0,0,0
2682,1800,2000,513,5,3,3,100,1.1,243,watch,0,0,0,0,3,0,0,0
2685,1800,2000,513,5,3,3,200,2.3,243,watch,0,0,0,0,3,0,0,0
2688,1800,2000,513,5,3,3,200,2.3,243,watch,0,0,0,0,3,0,0,0
2691,1800,2000,513,5,3,3,200,2.3,243,watch,0,0,0,0,3,0,0,0
2694,1800,2000,513,5,3,3,200,2.3,243,watch,0,0,0,0,3,0,0,0
2697,1800,2000,513,5,3,3,200,2.3,243,watch,0,0,0,0,3,0,0,0
2700,1800,2000,572,5,3,3,200,2.3,243,watch,0,0,0,0,3,0,0,0
2703,1800,2000,572,5,3,3,200,2.3,243,watch,0,0,0,0,3,0,0,0
2706,1800,2000,572,5,3,3,200,2.3,243,watch,0,0,0,0,3,0,0,0
2709,1800,2000,572,5,3,3,200,2.3,243,watch,0,0,0,0,3,0,0,0
2712,1800,2000,572,5,3,3,300,3.4,243,watch,0,0,0,0,3,0,0,0
2715,1800,2000,572,5,3,3,300,3.4,243,watch,0,0,0,0,3,0,0,0
2718,1800,2000,572,5,3,3,300,3.4,243,watch,0,0,0,0,3,0,0,0
2721,1800,2000,572,5,2,2,200,2.3,162,watch,0,0,0,0,2,0,0,0
2724,1800,2000,572,5,2,2,200,2.3,162,watch,0,0,0,0,2,0,0,0
2727,1800,2000,572,5,2,2,200,2.3,162,watch,0,0,0,0,2,0,0,0
2730,1800,2000,632,5,2,2,200,2.3,162,watch,0,0,0,0,2,0,0,0
2733,1800,2000,632,5,2,2,200,2.3,162,watch,0,0,0,0,2,0,0,0
2736,1800,2000,452,5,2,2,200,2.3,162,watch,0,0,0,0,2,0,0,0
2739,1800,2000,452,5,3,3,300,3.4,243,watch,0,0,0,0,3,0,0,0
2742,1800,2000,432,5,3,3,300,3.4,243,watch,0,0,0,0,3,0,0,0
2745,1800,2000,432,5,1,1,100,1.1,81,watch,0,0,0,0,1,0,0,0
2748,1800,2000,432,5,2,2,200,2.3,162,watch,0,0,0,0,2,0,0,0
2751,1800,2000,432,5,2,2,200,2.3,162,watch,0,0,0,0,2,0,0,0
2754,1800,2000,432,5,2,2,200,2.3,162,watch,0,0,0,0,2,0,0,0
2757,1800,2000,432,5,3,3,300,3.4,243,watch,0,0,0,0,3,0,0,0
2760,1800,2000,492,5,3,3,300,3.4,243,watch,0,0,0,0,3,0,0,0
2763,1800,2000,492,5,3,3,300,3.4,243,watch,0,0,0,0,3,0,0,0
2766,1800,2000,492,5,3,3,300,3.4,243,watch,0,0,0,0,3,0,0,0
2769,1800,2000,492,5,4,4,400,4.6,324,watch,0,0,0,0,4,0,0,0
2772,1800,2000,492,5,4,4,400,4.6,324,watch,0,0,0,0,4,0,0,0
2775,1800,2000,492,5,4,4,400,4.6,324,watch,0,0,0,0,4,0,0,0
2778,1800,2000,492,5,5,5,500,5.7,405,watch,0,0,0,0,5,0,0,0
2781,1800,2000,492,5,5,5,500,5.7,405,watch,0,0,0,0,5,0,0,0
2784,1800,2000,492,5,5,5,500,5.7,405,watch,0,0,0,0,5,0,0,0
2787,1800,2000,492,5,5,5,500,5.7,405,watch,0,0,0,0,5,0,0,0
2790,1600,2000,552,5,5,5,100,1.1,405,watch,0,0,0,0,5,0,0,0
2793,1600,2000,552,5,5,5,100,1.1,405,watch,0,0,0,0,5,0,0,0
2796,1600,2000,552,5,5,5,100,1.1,405,watch,0,0,0,0,5,0,0,0
2799,1600,2000,552,5,5,5,100,1.1,405,watch,0,0,0,0,5,0,0,0
2802,1600,2000,552,5,5,5,100,1.1,405,watch,0,0,0,0,5,0,0,0
2805,1600,2000,552,5,5,5,100,1.1,405,watch,0,0,0,0,5,0,0,0
2808,1600,2000,552,5,5,5,100,1.1,405,watch,0,0,0,0,5,0,0,0
2811,1600,2000,552,5,5,5,100,1.1,405,watch,0,0,0,0,5,0,0,0
2814,1600,2000,552,5,5,5,100,1.1,405,watch,0,0,0,0,5,0,0,0
2817,1600,2000,552,5,5,5,100,1.1,405,watch,0,0,0,0,5,0,0,0
2820,1600,2000,612,5,5,5,500,5.7,405,watch,0,0,0,0,5,0,0,0
2823,1600,2000,612,5,5,5,500,5.7,405,watch,0,0,0,0,5,0,0,0
2826,1600,2000,612,5,5,5,500,5.7,405,watch,0,0,0,0,5,0,0,0
2829,1600,2000,612,5,5,5,500,5.7,405,watch,0,0,0,0,5,0,0,0
2832,1600,2000,612,5,5,5,500,5.7,405,watch,0,0,0,0,5,0,0,0
2835,1600,2000,612,5,5,5,500,5.7,405,watch,0,0,0,0,5,0,0,0
2838,1600,2000,612,5,5,5,500,5.7,405,watch,0,0,0,0,5,0,0,0
2841,1600,2000,612,5,5,5,500,5.7,405,watch,0,0,0,0,5,0,0,0
2844,1600,2000,612,5,5,5,500,5.7,405,watch,0,0,0,0,5,0,0,0
2847,1600,2000,612,5,5,5,500,5.7,405,watch,0,0,0,0,5,0,0,0
2850,1600,2000,672,5,5,5,500,5.7,405,watch,0,0,0,0,5,0,0,0
2853,1600,2000,672,5,5,5,500,5.7,405,watch,0,0,0,0,5,0,0,0
2856,1600,2000,672,5,5,5,500,5.7,405,outmatched,0,0,0,0,5,0,0,0
2859,1600,2000,672,5,5,5,500,5.7,405,outmatched,0,0,0,0,5,0,0,0
2862,1600,2000,672,5,5,5,400,4.6,405,watch,0,0,0,0,5,0,0,0
2865,1600,2000,672,5,5,5,400,4.6,405,watch,0,0,0,0,5,0,0,0
2868,1600,2000,672,5,5,5,300,3.4,405,watch,0,0,0,0,5,0,0,0
2871,1600,2000,672,5,5,5,200,2.3,405,watch,0,0,0,0,5,0,0,0
2874,1600,2000,672,5,5,5,200,2.3,405,watch,0,0,0,0,5,0,0,0
2877,1600,2000,672,5,5,5,200,2.3,405,watch,0,0,0,0,5,0,0,0
2880,1600,2000,732,5,5,5,200,2.3,405,watch,0,0,0,0,5,0,0,0
2883,1600,2000,732,5,5,5,100,1.1,405,watch,0,0,0,0,5,0,0,0
2886,1600,2000,732,5,5,5,100,1.1,405,watch,0,0,0,0,5,0,0,0
2889,1600,2000,732,5,5,5,100,1.1,405,watch,0,0,0,0,5,0,0,0
2892,1600,2000,732,5,5,5,0,0.0,405,watch,0,0,0,0,5,0,0,0
2895,1600,2000,732,5,5,5,100,1.1,405,watch,0,0,0,0,5,0,0,0
2898,1600,2000,732,5,5,5,100,1.1,405,watch,0,0,0,0,5,0,0,0
2901,1600,2000,732,5,5,5,200,2.3,405,watch,0,0,0,0,5,0,0,0
2904,1600,2000,732,5,5,5,200,2.3,405,watch,0,0,0,0,5,0,0,0
2907,1600,2000,732,5,5,5,300,3.4,405,watch,0,0,0,0,5,0,0,0
2910,1600,2000,792,5,5,5,300,3.4,405,watch,0,0,0,0,5,0,0,0
2913,1600,2000,792,5,5,5,300,3.4,405,watch,0,0,0,0,5,0,0,0
2916,1600,2000,792,5,5,5,400,4.6,405,watch,0,0,0,0,5,0,0,0
2919,1600,2000,792,5,5,5,400,4.6,405,watch,0,0,0,0,5,0,0,0
2922,1600,2000,792,5,5,5,400,4.6,405,watch,0,0,0,0,5,0,0,0
2925,1600,2000,792,5,5,5,500,5.7,405,watch,0,0,0,0,5,0,0,0
2928,1600,2000,792,5,5,5,500,5.7,405,outmatched,0,0,0,0,5,0,0,0
2931,1600,2000,792,5,5,5,400,4.6,405,watch,0,0,0,0,5,0,0,0
2934,1600,2000,792,5,5,5,400,4.6,405,watch,0,0,0,0,5,0,0,0
2937,1600,2000,792,5,5,5,300,3.4,405,watch,0,0,0,0,5,0,0,0
2940,1600,2000,851,5,5,5,200,2.3,405,watch,0,0,0,0,5,0,0,0
2943,1600,2000,851,5,5,5,200,2.3,405,watch,0,0,0,0,5,0,0,0
2946,1600,2000,786,5,5,5,200,2.3,405,watch,0,0,0,0,5,0,0,0
2949,1600,2000,786,5,5,5,200,2.3,405,watch,0,0,0,0,5,0,0,0
2952,1600,2000,786,5,5,5,100,1.1,405,watch,0,0,0,0,5,0,0,0
2955,1600,2000,786,5,5,5,100,1.1,405,watch,0,0,0,0,5,0,0,0
2958,1600,2000,786,5,5,5,100,1.1,405,watch,0,0,0,0,5,0,0,0
2961,1600,2000,786,5,5,5,100,1.1,405,watch,0,0,0,0,5,0,0,0
2964,1600,2000,786,5,5,5,100,1.1,405,watch,0,0,0,0,5,0,0,0
2967,1600,2000,786,5,5,5,200,2.3,405,watch,0,0,0,0,5,0,0,0
2970,1600,2000,846,5,5,5,300,3.4,405,watch,0,0,0,0,5,0,0,0
2973,1600,2000,846,5,5,5,300,3.4,405,watch,0,0,0,0,5,0,0,0
2976,1600,2000,846,5,5,5,300,3.4,405,watch,0,0,0,0,5,0,0,0
2979,1600,2000,846,5,5,5,300,3.4,405,watch,0,0,0,0,5,0,0,0
2982,1600,2000,846,5,5,5,400,4.6,405,watch,0,0,0,0,5,0,0,0
2985,1600,2000,846,5,5,5,400,4.6,405,watch,0,0,0,0,5,0,0,0
2988,1600,2000,846,5,5,5,400,4.6,405,watch,0,0,0,0,5,0,0,0
2991,1600,2000,846,5,5,5,500,5.7,405,outmatched,0,0,0,0,5,0,0,0
2994,1600,2000,846,5,5,5,500,5.7,405,outmatched,0,0,0,0,5,0,0,0
2997,1600,2000,946,5,4,4,400,4.6,324,watch,0,0,0,0,4,0,0,0
3000,1600,2000,1006,5,4,4,300,3.4,324,watch,0,0,0,0,4,0,0,0
3003,1600,2000,1006,5,4,4,300,3.4,324,watch,0,0,0,0,4,0,0,0
3006,1600,2000,1006,5,3,3,200,2.3,243,watch,0,0,0,0,3,0,0,0
3009,1600,2000,1006,5,3,3,200,2.3,243,watch,0,0,0,0,3,0,0,0
3012,1600,2000,1006,5,3,3,200,2.3,243,watch,0,0,0,0,3,0,0,0
3015,1600,2000,1006,5,2,2,100,1.1,162,watch,0,0,0,0,2,0,0,0
3018,1600,2000,1006,5,2,2,100,1.1,162,watch,0,0,0,0,2,0,0,0
3021,1600,2000,1006,5,2,2,100,1.1,162,watch,0,0,0,0,2,0,0,0
3024,1600,2000,1006,5,2,2,100,1.1,162,watch,0,0,0,0,2,0,0,0
3027,1600,2000,1006,5,1,1,0,0.0,81,watch,0,0,0,0,1,0,0,0
3030,1600,2000,1066,5,1,1,100,1.1,81,watch,0,0,0,0,1,0,0,0
3033,1600,2000,1066,5,1,1,100,1.1,81,watch,0,0,0,0,1,0,0,0
3036,1600,2000,1066,5,1,1,100,1.1,81,watch,0,0,0,0,1,0,0,0
3039,1600,2000,1066,5,1,1,100,1.1,81,watch,0,0,0,0,1,0,0,0
3042,1600,2000,886,5,2,2,200,2.3,162,watch,0,0,0,0,2,0,0,0
3045,1600,2000,886,5,2,2,200,2.3,162,watch,0,0,0,0,2,0,0,0
3048,1600,2000,886,5,2,2,200,2.3,162,watch,0,0,0,0,2,0,0,0
3051,1600,2000,886,5,2,2,200,2.3,162,watch,0,0,0,0,2,0,0,0
3054,1600,2000,886,5,3,3,300,3.4,243,watch,0,0,0,0,3,0,0,0
3057,1600,2000,866,5,3,3,300,3.4,243,watch,0,0,0,0,3,0,0,0
3060,1600,2000,926,5,3,3,300,3.4,243,watch,0,0,0,0,3,0,0,0
3063,1600,2000,926,5,4,4,400,4.6,324,watch,0,0,0,0,4,0,0,0
3066,1600,2000,926,5,4,4,300,3.4,324,watch,0,0,0,0,4,0,0,0
3069,1600,2000,926,5,4,4,300,3.4,324,watch,0,0,0,0,4,0,0,0
3072,1600,2000,926,5,5,5,400,4.6,405,watch,0,0,0,0,5,0,0,0
3075,1600,2000,926,5,5,5,400,4.6,405,watch,0,0,0,0,5,0,0,0
3078,1600,2000,926,5,5,5,400,4.6,405,watch,0,0,0,0,5,0,0,0
3081,1600,2000,926,5,5,5,400,4.6,405,watch,0,0,0,0,5,0,0,0
3084,1600,2000,926,5,6,6,500,5.7,486,watch,0,0,0,0,6,0,0,0
3087,1600,2000,926,5,6,6,500,5.7,486,watch,0,0,0,0,6,0,0,0
3090,1600,2000,986,5,6,6,500,5.7,486,watch,0,0,0,0,6,0,0,0
3093,1600,2000,986,5,6,6,500,5.7,486,watch,0,0,0,0,6,0,0,0
3096,1600,2000,986,5,6,6,600,6.9,486,watch,0,0,0,0,6,0,0,0
3099,1600,2000,986,5,6,6,600,6.9,486,watch,0,0,0,0,6,0,0,0
3102,1600,2000,986,5,6,6,600,6.9,486,watch,0,0,0,0,6,0,0,0
3105,1400,2000,986,5,5,5,100,1.1,405,watch,0,0,0,0,5,0,0,0
3108,1400,2000,986,5,5,5,100,1.1,405,watch,0,0,0,0,5,0,0,0
3111,1400,2000,986,5,5,5,100,1.1,405,watch,0,0,0,0,5,0,0,0
3114,1400,2000,986,5,5,5,100,1.1,405,watch,0,0,0,0,5,0,0,0
3117,1400,2000,986,5,5,5,100,1.1,405,watch,0,0,0,0,5,0,0,0
3120,1400,2000,1046,5,5,5,100,1.1,405,watch,0,0,0,0,5,0,0,0
3123,1400,2000,1046,5,5,5,100,1.1,405,watch,0,0,0,0,5,0,0,0
3126,1400,2000,1046,5,5,5,100,1.1,405,watch,0,0,0,0,5,0,0,0
3129,1400,2000,1046,5,5,5,100,1.1,405,watch,0,0,0,0,5,0,0,0
3132,1400,2000,1046,5,5,5,100,1.1,405,watch,0,0,0,0,5,0,0,0
3135,1400,2000,1046,5,5,5,500,5.7,405,watch,0,0,0,0,5,0,0,0
3138,1400,2000,1046,5,5,5,500,5.7,405,watch,0,0,0,0,5,0,0,0
3141,1400,2000,1046,5,5,5,500,5.7,405,watch,0,0,0,0,5,0,0,0
3144,1400,2000,1046,5,5,5,500,5.7,405,watch,0,0,0,0,5,0,0,0
3147,1400,2000,1046,5,5,5,500,5.7,405,watch,0,0,0,0,5,0,0,0
3150,1400,2000,1106,5,5,5,500,5.7,405,watch,0,0,0,0,5,0,0,0
3153,1400,2000,1106,5,5,5,500,5.7,405,outmatched,0,0,0,0,5,0,0,0
3156,1400,2000,1106,5,5,5,500,5.7,405,outmatched,0,0,0,0,5,0,0,0
3159,1400,2000,1106,5,5,5,500,5.7,405,outmatched,0,0,0,0,5,0,0,0
3162,1400,2000,1106,5,5,5,500,5.7,405,outmatched,0,0,0,0,5,0,0,0
3165,1400,2000,1106,5,5,5,500,5.7,405,outmatched,0,0,0,0,5,0,0,0
3168,1400,2000,1106,5,5,5,400,4.6,405,watch,0,0,0,0,5,0,0,0
3171,1400,2000,1106,5,5,5,400,4.6,405,watch,0,0,0,0,5,0,0,0
3174,1400,2000,1106,5,5,5,300,3.4,405,watch,0,0,0,0,5,0,0,0
3177,1400,2000,1106,5,5,5,200,2.3,405,watch,0,0,0,0,5,0,0,0
3180,1400,2000,1165,5,5,5,200,2.3,405,watch,0,0,0,0,5,0,0,0
3183,1400,2000,1165,5,5,5,200,2.3,405,watch,0,0,0,0,5,0,0,0
3186,1400,2000,1165,5,5,5,100,1.1,405,watch,0,0,0,0,5,0,0,0
3189,1400,2000,1165,5,5,5,100,1.1,405,watch,0,0,0,0,5,0,0,0
3192,1400,2000,1165,5,5,5,100,1.1,405,watch,0,0,0,0,5,0,0,0
3195,1400,2000,1165,5,5,5,100,1.1,405,watch,0,0,0,0,5,0,0,0
3198,1400,2000,1165,5,5,5,0,0.0,405,watch,0,0,0,0,5,0,0,0
3201,1400,2000,1165,5,5,5,100,1.1,405,watch,0,0,0,0,5,0,0,0
3204,1400,2000,1165,5,5,5,100,1.1,405,watch,0,0,0,0,5,0,0,0
3207,1400,2000,1165,5,5,5,200,2.3,405,watch,0,0,0,0,5,0,0,0
3210,1400,2000,1225,5,5,5,300,3.4,405,watch,0,0,0,0,5,0,0,0
3213,1400,2000,1225,5,5,5,300,3.4,405,watch,0,0,0,0,5,0,0,0
3216,1400,2000,1225,5,5,5,300,3.4,405,watch,0,0,0,0,5,0,0,0
3219,1400,2000,1225,5,5,5,300,3.4,405,watch,0,0,0,0,5,0,0,0
3222,1400,2000,1225,5,5,5,400,4.6,405,watch,0,0,0,0,5,0,0,0
3225,1400,2000,1225,5,5,5,400,4.6,405,watch,0,0,0,0,5,0,0,0
3228,1400,2000,1225,5,5,5,400,4.6,405,watch,0,0,0,0,5,0,0,0
3231,1400,2000,1225,5,5,5,500,5.7,405,outmatched,0,0,0,0,5,0,0,0
3234,1400,2000,1225,5,5,5,500,5.7,405,outmatched,0,0,0,0,5,0,0,0
3237,1400,2000,1225,5,5,5,400,4.6,405,watch,0,0,0,0,5,0,0,0
3240,1400,2000,1285,5,5,5,300,3.4,405,watch,0,0,0,0,5,0,0,0
3243,1400,2000,1285,5,5,5,300,3.4,405,watch,0,0,0,0,5,0,0,0
3246,1400,2000,1285,5,5,5,200,2.3,405,watch,0,0,0,0,5,0,0,0
3249,1400,2000,1285,5,5,5,200,2.3,405,watch,0,0,0,0,5,0,0,0
3252,1400,2000,1285,5,5,5,200,2.3,405,watch,0,0,0,0,5,0,0,0
3255,1400,2000,1285,5,5,5,100,1.1,405,watch,0,0,0,0,5,0,0,0
3258,1400,2000,1285,5,5,5,100,1.1,405,watch,0,0,0,0,5,0,0,0
3261,1400,2000,1285,5,5,5,100,1.1,405,watch,0,0,0,0,5,0,0,0
3264,1400,2000,1285,5,5,5,100,1.1,405,watch,0,0,0,0,5,0,0,0
3267,1400,2000,1285,5,5,5,100,1.1,405,watch,0,0,0,0,5,0,0,0
3270,1400,2000,1345,5,5,5,200,2.3,405,watch,0,0,0,0,5,0,0,0
3273,1400,2000,1345,5,5,5,200,2.3,405,watch,0,0,0,0,5,0,0,0
3276,1400,2000,1345,5,5,5,300,3.4,405,watch,0,0,0,0,5,0,0,0
3279,1400,2000,1345,5,5,5,300,3.4,405,watch,0,0,0,0,5,0,0,0
3282,1400,2000,1345,5,5,5,300,3.4,405,watch,0,0,0,0,5,0,0,0
3285,1400,2000,1345,5,5,5,400,4.6,405,watch,0,0,0,0,5,0,0,0
3288,1400,2000,1345,5,5,5,400,4.6,405,watch,0,0,0,0,5,0,0,0
3291,1400,2000,1345,5,5,5,400,4.6,405,watch,0,0,0,0,5,0,0,0
3294,1400,2000,1345,5,5,5,400,4.6,405,watch,0,0,0,0,5,0,0,0
3297,1400,2000,1345,5,5,5,500,5.7,405,outmatched,0,0,0,0,5,0,0,0
3300,1400,2000,1405,5,4,4,400,4.6,324,outmatched,0,0,0,0,4,0,0,0
3303,1400,2000,1405,5,4,4,400,4.6,324,watch,0,0,0,0,4,0,0,0
3306,1400,2000,1405,5,4,4,300,3.4,324,watch,0,0,0,0,4,0,0,0
3309,1400,2000,1405,5,4,4,300,3.4,324,watch,0,0,0,0,4,0,0,0
3312,1400,2000,1405,5,3,3,200,2.3,243,watch,0,0,0,0,3,0,0,0
3315,1400,2000,1405,5,3,3,200,2.3,243,watch,0,0,0,0,3,0,0,0
3318,1400,2000,1405,5,3,3,200,2.3,243,watch,0,0,0,0,3,0,0,0
3321,1400,2000,1405,5,2,2,100,1.1,162,watch,0,0,0,0,2,0,0,0
3324,1400,2000,1405,5,2,2,100,1.1,162,watch,0,0,0,0,2,0,0,0
3327,1400,2000,1405,5,2,2,100,1.1,162,watch,0,0,0,0,2,0,0,0
3330,1400,2000,1465,5,1,1,0,0.0,81,watch,0,0,0,0,1,0,0,0
3333,1400,2000,1465,5,1,1,0,0.0,81,watch,0,0,0,0,1,0,0,0
3336,1400,2000,1465,5,1,1,100,1.1,81,watch,0,0,0,0,1,0,0,0
3339,1400,2000,1465,5,1,1,100,1.1,81,watch,0,0,0,0,1,0,0,0
3342,1400,2000,1465,5,1,1,100,1.1,81,watch,0,0,0,0,1,0,0,0
3345,1400,2000,1465,5,1,1,100,1.1,81,watch,0,0,0,0,1,0,0,0
3348,1400,2000,1285,5,2,2,200,2.3,162,watch,0,0,0,0,2,0,0,0
3351,1400,2000,1285,5,2,2,200,2.3,162,watch,0,0,0,0,2,0,0,0
3354,1400,2000,1285,5,2,2,200,2.3,162,watch,0,0,0,0,2,0,0,0
3357,1400,2000,1285,5,3,3,300,3.4,243,watch,0,0,0,0,3,0,0,0
3360,1400,2000,1345,5,3,3,300,3.4,243,watch,0,0,0,0,3,0,0,0
3363,1400,2000,1325,5,3,3,300,3.4,243,watch,0,0,0,0,3,0,0,0
3366,1400,2000,1325,5,3,3,300,3.4,243,watch,0,0,0,0,3,0,0,0
3369,1400,2000,1325,5,4,4,400,4.6,324,watch,0,0,0,0,4,0,0,0
3372,1400,2000,1325,5,4,4,300,3.4,324,watch,0,0,0,0,4,0,0,0
3375,1400,2000,1325,5,4,4,300,3.4,324,watch,0,0,0,0,4,0,0,0
3378,1400,2000,1325,5,5,5,400,4.6,405,watch,0,0,0,0,5,0,0,0
3381,1400,2000,1325,5,5,5,400,4.6,405,watch,0,0,0,0,5,0,0,0
3384,1400,2000,1325,5,5,5,400,4.6,405,watch,0,0,0,0,5,0,0,0
3387,1400,2000,1325,5,6,6,500,5.7,486,watch,0,0,0,0,6,0,0,0
3390,1400,2000,1385,5,6,6,500,5.7,486,watch,0,0,0,0,6,0,0,0
3393,1400,2000,1385,5,6,6,500,5.7,486,watch,0,0,0,0,6,0,0,0
3396,1400,2000,1385,5,6,6,500,5.7,486,watch,0,0,0,0,6,0,0,0
3399,1400,2000,1385,5,6,6,500,5.7,486,watch,0,0,0,0,6,0,0,0
3402,1400,2000,410,5,6,6,600,6.9,486,watch,0,0,0,0,6,0,0,0
3405,1400,2000,410,5,6,6,600,6.9,486,watch,0,0,0,0,6,0,0,0
3408,1400,2000,410,5,6,6,600,6.9,486,wait,0,0,0,0,6,0,0,0
3411,1200,2000,410,5,5,5,100,1.1,405,watch,0,0,0,0,5,0,0,0
3414,1200,2000,410,5,5,5,100,1.1,405,watch,0,0,0,0,5,0,0,0
3417,1200,2000,410,5,5,5,100,1.1,405,watch,0,0,0,0,5,0,0,0
3420,1200,2000,469,5,5,5,100,1.1,405,watch,0,0,0,0,5,0,0,0
3423,1200,2000,469,5,5,5,100,1.1,405,watch,0,0,0,0,5,0,0,0
3426,1200,2000,469,5,5,5,100,1.1,405,watch,0,0,0,0,5,0,0,0
3429,1200,2000,469,5,5,5,100,1.1,405,watch,0,0,0,0,5,0,0,0
3432,1200,2000,469,5,5,5,100,1.1,405,watch,0,0,0,0,5,0,0,0
3435,1200,2000,469,5,5,5,100,1.1,405,watch,0,0,0,0,5,0,0,0
3438,1200,2000,469,5,5,5,100,1.1,405,watch,0,0,0,0,5,0,0,0
3441,1200,2000,469,5,5,5,500,5.7,405,watch,0,0,0,0,5,0,0,0
3444,1200,2000,469,5,5,5,500,5.7,405,watch,0,0,0,0,5,0,0,0
3447,1200,2000,469,5,5,5,500,5.7,405,outmatched,0,0,0,0,5,0,0,0
3450,1200,2000,2029,5,5,5,500,5.7,405,outmatched,0,0,0,0,5,0,0,0
3453,1200,2000,353,6,5,5,500,5.7,405,outmatched,0,0,0,0,5,0,0,0
3456,1200,2000,353,6,5,5,500,5.7,405,outmatched,0,0,0,0,5,0,0,0
3459,1200,2000,353,6,5,6,514,10.4,408,outmatched,1,0,0,0,5,0,0,0
3462,1200,2000,350,6,6,7,528,15.1,411,critical,2,0,0,0,5,0,0,0
3465,1200,2000,350,6,6,7,528,15.1,411,critical,2,0,0,0,5,0,0,0
3468,1200,2000,347,6,7,8,542,19.7,414,critical,3,0,0,0,5,0,0,0
3471,1200,2000,347,6,7,8,442,18.6,414,outmatched,3,0,0,0,5,0,0,0
3474,1200,2000,347,6,7,9,517,23.6,432,outmatched,3,0,0,1,5,0,0,0
3477,1200,2000,344,6,8,10,431,27.1,435,critical,4,0,0,1,5,0,0,0
3480,1200,2000,596,6,8,10,431,27.1,435,critical,4,0,0,1,5,0,0,0
3483,1200,2000,596,6,8,11,345,30.6,438,watch,5,0,0,1,5,0,0,0
3486,1200,2000,596,6,8,11,345,30.6,438,watch,5,0,0,1,5,0,0,0
3489,1200,2000,596,6,8,12,359,35.3,441,watch,6,0,0,1,5,0,0,0
3492,1200,2000,596,6,8,13,334,39.1,459,watch,6,0,0,2,5,0,0,0
3495,1200,2000,596,6,8,13,334,39.1,459,watch,6,0,0,2,5,0,0,0
3498,1200,2000,596,6,8,14,348,43.8,462,watch,7,0,0,2,5,0,0,0
3501,1200,2000,596,6,8,14,248,42.7,462,watch,7,0,0,2,5,0,0,0
3504,1200,2000,596,6,8,15,262,47.3,465,watch,8,0,0,2,5,0,0,0
3507,1200,2000,596,6,8,16,376,53.1,468,watch,9,0,0,2,5,0,0,0
3510,1200,2000,849,6,8,16,476,54.3,468,watch,9,0,0,2,5,0,0,0
3513,1200,2000,849,6,8,17,551,59.3,486,wait,9,0,0,3,5,0,0,0
3516,1200,2000,846,6,9,17,651,60.4,486,critical,9,0,0,3,5,0,0,0
3519,1200,2000,846,6,9,18,665,65.1,489,critical,10,0,0,3,5,0,0,0
3522,1200,2000,843,6,10,19,679,69.8,492,critical,11,0,0,3,5,0,0,0
3525,1200,2000,843,6,10,19,779,70.9,492,critical,11,0,0,3,5,0,0,0
3528,1200,2000,840,6,11,20,854,75.9,510,critical,11,0,0,4,5,0,0,0
3531,1200,2000,837,6,12,20,854,75.9,510,critical,11,0,0,4,5,0,0,0
3534,1200,2000,837,6,12,21,868,80.6,513,critical,12,0,0,4,5,0,0,0
3537,1200,2000,834,6,13,22,982,86.4,516,critical,13,0,0,4,5,0,0,0
3540,1200,2000,1086,6,13,22,882,85.3,516,critical,13,0,0,4,5,0,0,0
3543,1200,2000,1083,6,14,22,821,84.9,501,critical,14,0,0,3,5,0,0,0
3546,1200,2000,1080,6,15,22,821,84.9,501,critical,14,0,0,3,5,0,0,0
3549,1200,2000,1080,6,15,23,796,88.8,519,critical,14,0,0,4,5,0,0,0
3552,1200,2000,1077,6,16,24,810,93.4,522,critical,15,0,0,4,5,0,0,0
3555,1200,2000,1077,6,16,24,810,93.4,522,critical,15,0,0,4,5,0,0,0
3558,9600,12000,1057,6,16,25,724,97.0,525,critical,16,0,0,4,5,0,0,0
3561,9600,12000,1057,6,16,25,724,97.0,525,watch,16,0,0,4,5,0,0,0
3564,9600,12000,1057,6,16,26,738,101.6,528,watch,17,0,0,4,5,0,0,0
3567,9600,12000,1057,6,16,26,638,100.5,528,watch,17,0,0,4,5,0,0,0
3570,9600,12000,1310,6,16,26,738,101.6,528,watch,17,0,0,4,5,0,0,0
3573,9600,12000,1310,6,16,27,752,106.3,531,watch,18,0,0,4,5,0,0,0
3576,9600,12000,1310,6,16,27,652,105.1,531,watch,18,0,0,4,5,0,0,0
3579,9600,12000,1310,6,16,28,666,109.8,534,watch,19,0,0,4,5,0,0,0
3582,9600,12000,1310,6,16,29,780,115.6,537,watch,20,0,0,4,5,0,0,0
3585,9600,12000,1310,6,16,29,780,115.6,537,watch,20,0,0,4,5,0,0,0
3588,9600,12000,1310,6,16,30,855,120.6,555,watch,20,0,0,5,5,0,0,0
3591,9600,12000,1130,6,16,30,955,121.8,555,wait,20,0,0,5,5,0,0,0
3594,9600,12000,1130,6,17,32,1069,127.6,639,wait,21,0,0,5,6,0,0,0
3597,9600,12000,1130,6,16,33,1083,132.3,642,wait,22,0,0,5,6,0,0,0
3600,9600,12000,1382,6,16,33,1183,133.4,642,wait,22,0,0,5,6,0,0,0
3603,9600,12000,1382,6,16,30,1166,115.6,696,wait,19,0,0,4,7,0,0,0
3606,9600,12000,1382,6,16,28,1152,110.9,612,wait,18,0,0,4,6,0,0,0
3609,9600,12000,1382,6,16,29,1152,110.9,615,wait,19,0,0,4,6,0,0,0
3612,9600,12000,1382,6,16,31,1266,116.7,699,wait,20,0,0,4,7,0,0,0
3615,9600,12000,1382,6,16,31,1266,116.7,699,wait,20,0,0,4,7,0,0,0
3618,9600,12000,1382,6,16,32,1180,120.2,702,wait,21,0,0,4,7,0,0,0
3621,9600,12000,1382,6,16,32,1180,120.2,702,wait,21,0,0,4,7,0,0,0
3624,9600,12000,1382,6,16,34,1355,126.4,801,wait,21,0,0,5,8,0,0,0
3627,9600,12000,1382,6,16,32,1180,120.2,702,wait,21,0,0,4,7,0,0,0
3630,9600,12000,1635,6,16,32,1180,120.2,702,wait,21,0,0,4,7,0,0,0
3633,9600,12000,1635,6,17,34,1294,126.0,786,wait,22,0,0,4,8,0,0,0
3636,9600,12000,1635,6,17,33,1280,121.4,783,wait,21,0,0,4,8,0,0,0
3639,9600,12000,1635,6,15,34,1280,121.4,786,wait,22,0,0,4,8,0,0,0
3642,9600,12000,1635,6,14,35,1369,131.0,804,wait,22,0,0,5,8,0,0,0
3645,9600,12000,1635,6,13,35,1369,131.0,804,wait,22,0,0,5,8,0,0,0
3648,9600,12000,1635,6,12,36,1369,131.0,807,wait,23,0,0,5,8,0,0,0
3651,9600,12000,1635,6,12,36,1469,132.2,807,wait,23,0,0,5,8,0,0,0
3654,9600,12000,1635,6,12,37,1483,136.9,810,wait,24,0,0,5,8,0,0,0
3657,9600,12000,1635,6,10,38,1497,141.5,813,wait,25,0,0,5,8,0,0,0
3660,9600,12000,1887,6,10,35,1222,134.2,633,wait,25,0,0,4,6,0,0,0
3663,9600,12000,1887,6,10,36,1283,134.6,651,wait,25,0,0,5,6,0,0,0
3666,9600,12000,1887,6,8,36,1283,134.6,651,wait,25,0,0,5,6,0,0,0
3669,9600,12000,1887,6,8,37,1297,139.2,654,wait,26,0,0,5,6,0,0,0
3672,9600,12000,1887,6,7,37,1250,143.6,639,wait,27,0,0,4,6,0,0,0
3675,9600,12000,1887,6,7,37,1250,143.6,639,wait,27,0,0,4,6,0,0,0
3678,9600,12000,1887,6,7,38,1325,148.6,657,wait,27,0,0,5,6,0,0,0
3681,9600,12000,1887,6,7,38,1339,153.2,657,wait,27,0,0,5,6,0,0,0
3684,9600,12000,1887,6,7,34,1222,134.2,630,wait,24,0,0,4,6,0,0,0
3687,9600,12000,1887,6,7,35,1236,138.9,633,wait,25,0,0,4,6,0,0,0
3690,9600,12000,2140,6,7,35,1236,138.9,633,wait,25,0,0,4,6,0,0,0
3693,9600,12000,2140,6,7,35,1236,138.9,633,wait,25,0,0,4,6,0,0,0
3696,9600,12000,2140,6,7,35,1250,143.6,633,wait,25,0,0,4,6,0,0,0
3699,9600,12000,2140,6,7,36,1311,143.9,651,wait,25,0,0,5,6,0,0,0
3702,9600,12000,2140,6,6,34,1022,131.9,630,wait,24,0,0,4,6,0,0,0
3705,9600,12000,2140,6,6,34,1022,131.9,630,wait,24,0,0,4,6,0,0,0
3708,9600,12000,2140,6,6,35,1008,127.3,633,wait,25,0,0,4,6,0,0,0
3711,9600,12000,2140,6,6,35,908,126.1,633,wait,25,0,0,4,6,0,0,0
3714,9600,12000,2140,6,5,36,822,129.6,636,wait,26,0,0,4,6,0,0,0
3717,9600,12000,2140,6,5,37,897,134.6,654,watch,26,0,0,5,6,0,0,0
3720,9600,12000,2392,6,5,37,897,134.6,654,watch,26,0,0,5,6,0,0,0
3723,9600,12000,2392,6,5,38,911,139.3,657,wait,27,0,0,5,6,0,0,0
3726,9600,12000,2392,6,5,38,911,139.3,657,wait,27,0,0,5,6,0,0,0
3729,9600,12000,2392,6,5,39,925,144.0,660,wait,28,0,0,5,6,0,0,0
3732,9600,12000,2392,6,5,40,953,153.3,663,wait,29,0,0,5,6,0,0,0
3735,9600,12000,2392,6,5,40,1153,155.6,663,wait,29,0,0,5,6,0,0,0
3738,9600,12000,2392,6,5,35,883,130.0,648,wait,24,0,0,5,6,0,0,0
3741,9600,12000,2392,6,5,35,1011,140.4,648,wait,24,0,0,5,6,0,0,0
3744,9600,12000,2392,6,5,36,1025,145.1,651,wait,25,0,0,5,6,0,0,0
3747,9600,12000,2392,6,5,37,1139,150.9,654,wait,26,0,0,5,6,0,0,0
3750,9600,12000,2645,6,4,37,1139,150.9,654,wait,26,0,0,5,6,0,0,0
3753,9600,12000,2645,6,4,38,1214,155.9,672,wait,26,0,0,6,6,0,0,0
3756,9500,12000,2645,6,4,37,1139,150.9,654,wait,26,0,0,5,6,0,0,0
3759,9500,12000,2645,6,4,38,1153,155.6,657,wait,27,0,0,5,6,0,0,0
3762,9500,12000,2645,6,4,38,1092,155.3,642,wait,28,0,0,4,6,0,0,0
3765,9500,12000,2645,6,4,38,1092,155.3,642,wait,28,0,0,4,6,0,0,0
3768,9500,12000,2625,6,4,39,1106,159.9,645,wait,29,0,0,4,6,0,0,0
3771,9500,12000,2625,6,4,36,1264,148.2,636,wait,26,0,0,4,6,0,0,0
3774,9500,12000,2625,6,4,37,1339,153.2,654,wait,26,0,0,5,6,0,0,0
3777,9500,12000,2625,6,4,38,1353,157.9,657,wait,27,0,0,5,6,0,0,0
3780,9500,12000,2877,6,2,38,1353,157.9,657,wait,27,0,0,5,6,0,0,0
3783,9500,12000,2877,6,2,39,1367,162.6,660,wait,28,0,0,5,6,0,0,0
3786,9500,12000,2877,6,1,32,922,130.8,546,wait,23,0,0,4,5,0,0,0
3789,9500,12000,2877,6,1,33,936,135.4,549,wait,24,0,0,4,5,0,0,0
3792,9500,12000,2877,6,1,34,1011,140.4,567,wait,24,0,0,5,5,0,0,0
3795,9500,12000,2877,6,1,34,1011,140.4,567,wait,24,0,0,5,5,0,0,0
3798,9500,12000,2877,6,1,35,1025,145.1,570,wait,25,0,0,5,5,0,0,0
3801,9500,12000,2877,6,0,35,1025,145.1,570,wait,25,0,0,5,5,0,0,0
3804,9500,12000,2877,6,0,36,1039,149.8,573,wait,26,0,0,5,5,0,0,0
3807,9500,12000,2877,6,0,37,1053,154.4,576,wait,27,0,0,5,5,0,0,0
3810,9500,12000,3130,6,0,37,1053,154.4,576,wait,27,0,0,5,5,0,0,0
3813,9500,12000,3130,6,0,38,1128,159.4,594,wait,27,0,0,6,5,0,0,0
3816,9400,12000,3130,6,0,37,1053,154.4,576,wait,27,0,0,5,5,0,0,0
3819,9400,12000,3130,6,0,38,1067,159.1,579,wait,28,0,0,5,5,0,0,0
3822,9400,12000,3130,6,0,39,1281,166.1,582,wait,29,0,0,5,5,0,0,0
3825,9400,12000,3130,6,0,39,1281,166.1,582,wait,29,0,0,5,5,0,0,0
3828,9400,12000,3130,6,0,40,1356,171.1,600,wait,29,0,0,6,5,0,0,0
3831,9400,12000,3130,6,0,40,1356,171.1,600,wait,29,0,0,6,5,0,0,0
3834,9400,12000,3130,6,0,41,1370,175.7,603,wait,30,0,0,6,5,0,0,0
3837,9400,12000,2950,6,1,42,1470,176.9,684,wait,30,0,0,6,6,0,0,0
3840,9400,12000,3202,6,1,43,1484,181.6,687,wait,31,0,0,6,6,0,0,0
3843,9400,12000,3202,6,1,44,1498,186.2,690,wait,32,0,0,6,6,0,0,0
3846,9400,12000,3202,6,1,44,1498,186.2,690,wait,32,0,0,6,6,0,0,0
3849,9400,12000,3202,6,2,46,1673,192.4,789,wait,32,0,0,7,7,0,0,0
3852,9400,12000,3202,6,2,47,1687,197.0,792,wait,33,0,0,7,7,0,0,0
3855,9400,12000,3202,6,2,47,1587,195.9,792,wait,33,0,0,7,7,0,0,0
3858,9400,12000,2227,6,3,49,1701,201.7,876,wait,34,0,0,7,8,0,0,0
3861,9400,12000,2227,6,3,49,1701,201.7,876,wait,34,0,0,7,8,0,0,0
3864,9400,12000,2227,6,3,49,1640,201.4,861,wait,35,0,0,6,8,0,0,0
3867,9400,12000,1889,6,5,51,1815,207.5,960,wipe,35,0,0,7,9,0,0,0
3870,9400,12000,2142,6,5,51,1815,207.5,960,wipe,35,0,0,7,9,0,0,0
3873,9400,12000,2139,6,6,52,1629,209.9,963,critical,36,0,0,7,9,0,0,0
3876,9400,12000,2139,6,6,52,1629,209.9,963,wait,36,0,0,7,9,0,0,0
3879,9400,12000,2139,6,7,54,1743,215.7,1047,wait,37,0,0,7,10,0,0,0
3882,9400,12000,2139,6,7,55,1818,220.7,1065,wait,37,0,0,8,10,0,0,0
3885,9400,12000,2139,6,7,50,1787,198.2,1035,wait,33,0,0,7,10,0,0,0
3888,9400,12000,2139,6,7,51,1801,202.9,1038,wait,34,0,0,7,10,0,0,0
3891,9400,12000,2139,6,7,50,1787,198.2,1035,wait,33,0,0,7,10,0,0,0
3894,9400,12000,2139,6,7,51,1801,202.9,1038,wait,34,0,0,7,10,0,0,0
3897,9400,12000,2139,6,7,52,1815,207.5,1041,wait,35,0,0,7,10,0,0,0
3900,9400,12000,2391,6,7,49,1712,193.2,1017,wait,33,0,0,6,10,0,0,0
3903,9400,12000,2391,6,7,50,1587,195.9,1035,wait,33,0,0,7,10,0,0,0
3906,9400,12000,3891,6,7,50,1773,193.5,1035,wait,33,0,0,7,10,0,0,0
3909,9400,12000,3891,6,7,51,1787,198.2,1038,wait,34,0,0,7,10,0,0,0
3912,9400,12000,3891,6,7,52,1801,202.9,1041,wait,35,0,0,7,10,0,0,0
3915,9400,12000,3891,6,7,52,1801,202.9,1041,wait,35,0,0,7,10,0,0,0
3918,9400,12000,3891,6,7,52,1801,202.9,1041,wait,35,0,0,7,10,0,0,0
3921,9400,12000,3891,6,7,52,1801,202.9,1041,wait,35,0,0,7,10,0,0,0
3924,9400,12000,3891,6,7,53,1876,207.9,1059,wait,35,0,0,8,10,0,0,0
3927,9400,12000,3888,6,8,54,1890,212.5,1062,critical,36,0,0,8,10,0,0,0
3930,9400,12000,4141,6,8,50,1673,192.4,1035,critical,33,0,0,7,10,0,0,0
3933,9400,12000,4141,6,8,51,1687,197.0,1038,wait,34,0,0,7,10,0,0,0
3936,9400,12000,4138,6,9,51,1887,199.3,1038,critical,34,0,0,7,10,0,0,0
3939,9400,12000,4138,6,9,52,1901,204.0,1041,critical,35,0,0,7,10,0,0,0
3942,9400,12000,4135,6,10,53,1990,213.7,1059,critical,35,0,0,8,10,0,0,0
3945,9400,12000,4135,6,10,53,1990,213.7,1059,critical,35,0,0,8,10,0,0,0
3948,9400,12000,4132,6,11,54,2004,218.3,1062,critical,36,0,0,8,10,0,0,0
3951,9400,12000,4132,6,11,47,1612,192.0,855,wait,33,0,0,6,8,0,0,0
3954,9400,12000,4132,6,11,48,1626,196.7,858,wait,34,0,0,6,8,0,0,0
3957,9400,12000,4132,6,11,48,1687,197.0,873,wait,33,0,0,7,8,0,0,0
3960,9400,12000,4384,6,11,48,1787,198.2,873,wait,33,0,0,7,8,0,0,0
3963,9400,12000,4384,6,11,49,1801,202.9,876,wait,34,0,0,7,8,0,0,0
3966,9400,12000,4384,6,10,49,1787,198.2,876,wait,34,0,0,7,8,0,0,0
3969,9400,12000,4384,6,9,50,1801,202.9,879,wait,35,0,0,7,8,0,0,0
3972,9400,12000,4384,6,9,48,1512,190.9,858,wait,34,0,0,6,8,0,0,0
3975,9400,12000,4384,6,9,48,1512,190.9,858,wait,34,0,0,6,8,0,0,0
3978,9400,12000,4384,6,9,49,1573,191.2,876,wait,34,0,0,7,8,0,0,0
3981,9400,12000,4384,6,9,49,1573,191.2,876,wait,34,0,0,7,8,0,0,0
3984,9400,12000,4384,6,9,50,1573,191.2,879,wait,35,0,0,7,8,0,0,0
3987,9400,12000,4384,6,9,51,1587,195.9,882,wait,36,0,0,7,8,0,0,0
3990,9400,12000,4637,6,7,51,1573,191.2,882,wait,36,0,0,7,8,0,0,0
3993,9400,12000,4637,6,6,52,1587,195.9,885,wait,37,0,0,7,8,0,0,0
3996,9400,12000,4637,6,6,52,1601,200.6,885,wait,37,0,0,7,8,0,0,0
3999,9400,12000,4637,6,6,53,1676,205.6,903,wait,37,0,0,8,8,0,0,0
4002,9400,12000,4637,6,5,52,1401,198.3,885,wait,37,0,0,7,8,0,0,0
4005,9400,12000,4637,6,5,51,1426,194.4,867,wait,37,0,0,6,8,0,0,0
4008,9400,12000,4637,6,5,52,1440,199.1,870,wait,38,0,0,6,8,0,0,0
4011,9400,12000,4637,6,5,51,1440,199.1,867,wait,37,0,0,6,8,0,0,0
4014,9400,12000,4637,6,4,52,1440,199.1,870,wait,38,0,0,6,8,0,0,0
4017,9400,12000,4637,6,4,53,1529,208.7,888,wait,38,0,0,7,8,0,0,0
4020,9400,12000,4889,6,4,53,1543,213.4,888,wait,38,0,0,7,8,0,0,0
4023,9400,12000,4889,6,4,54,1557,218.1,891,wait,39,0,0,7,8,0,0,0
4026,9400,12000,4889,6,4,54,1543,213.4,891,wait,39,0,0,7,8,0,0,0
4029,9400,12000,4889,6,4,53,1268,206.1,873,wait,39,0,0,6,8,0,0,0
4032,9400,12000,4889,6,4,54,1529,208.7,891,wait,39,0,0,7,8,0,0,0
4035,9400,12000,4889,6,4,54,1629,209.9,891,wait,39,0,0,7,8,0,0,0
4038,9400,12000,4889,6,3,55,1643,214.6,894,wait,40,0,0,7,8,0,0,0
4041,9400,12000,4889,6,3,55,1643,214.6,894,wait,40,0,0,7,8,0,0,0
4044,9400,12000,4889,6,3,56,1657,219.2,897,wait,41,0,0,7,8,0,0,0
4047,9400,12000,4889,6,3,57,1685,228.6,900,wait,42,0,0,7,8,0,0,0
4050,9400,12000,5142,6,3,57,1685,228.6,900,wait,42,0,0,7,8,0,0,0
4053,9400,12000,5142,6,3,58,1760,233.6,918,wait,42,0,0,8,8,0,0,0
4056,9400,12000,5139,6,4,58,1774,238.2,918,critical,42,0,0,8,8,0,0,0
4059,9400,12000,5139,6,4,59,1788,242.9,921,critical,43,0,0,8,8,0,0,0
4062,9400,12000,5136,6,5,60,2002,249.9,924,critical,44,0,0,8,8,0,0,0
4065,9400,12000,5136,6,5,60,2016,254.5,924,critical,44,0,0,8,8,0,0,0
4068,9400,12000,5133,6,6,61,2030,259.2,927,critical,45,0,0,8,8,0,0,0
4071,9400,12000,5130,6,7,61,2030,259.2,927,critical,45,0,0,8,8,0,0,0
4074,9400,12000,5130,6,7,51,1557,218.1,726,critical,38,0,0,7,6,0,0,0
4077,9400,12000,4792,6,7,51,1557,218.1,726,wipe,38,0,0,7,6,0,0,0
4080,9400,12000,5044,6,7,51,1529,208.7,726,wipe,38,0,0,7,6,0,0,0
4083,9400,12000,4864,6,8,53,1643,214.6,810,wait,39,0,0,7,7,0,0,0
4086,9400,12000,4864,6,7,53,1643,214.6,810,wait,39,0,0,7,7,0,0,0
4089,9400,12000,4864,6,7,54,1629,209.9,813,wait,40,0,0,7,7,0,0,0
4092,9400,12000,4864,6,8,54,1429,207.6,813,wait,40,0,0,7,7,0,0,0
4095,9400,12000,4864,6,8,54,1415,202.9,813,wait,40,0,0,7,7,0,0,0
4098,9400,12000,4864,6,8,54,1415,202.9,813,wait,40,0,0,7,7,0,0,0
4101,9400,12000,4864,6,8,53,1401,198.3,810,wait,39,0,0,7,7,0,0,0
4104,9400,12000,4864,6,8,55,1515,204.1,894,wait,40,0,0,7,8,0,0,0
4107,9400,12000,4864,6,8,55,1615,205.2,894,wait,40,0,0,7,8,0,0,0
4110,9400,12000,5117,6,8,55,1643,214.6,894,wait,40,0,0,7,8,0,0,0
4113,9400,12000,5117,6,9,57,1757,220.4,978,wait,41,0,0,7,9,0,0,0
4116,9400,12000,5117,6,9,56,1543,213.4,975,wait,40,0,0,7,9,0,0,0
4119,9400,12000,5117,6,9,57,1557,218.1,978,wait,41,0,0,7,9,0,0,0
4122,9400,12000,5117,6,10,59,1699,233.2,1062,wait,42,0,0,7,10,0,0,0
4125,9400,12000,5117,6,10,58,1899,235.5,1059,wait,41,0,0,7,10,0,0,0
4128,9400,12000,5114,6,11,59,1974,240.5,1077,critical,41,0,0,8,10,0,0,0
4131,9400,12000,5111,6,12,59,1960,235.9,1077,critical,41,0,0,8,10,0,0,0
4134,9400,12000,5111,6,11,60,1974,240.5,1080,critical,42,0,0,8,10,0,0,0
4137,9400,12000,5108,6,12,57,1871,226.2,1056,critical,40,0,0,7,10,0,0,0
4140,9400,12000,5360,6,12,57,1857,221.5,1056,critical,40,0,0,7,10,0,0,0
4143,9400,12000,5360,6,11,56,1743,215.7,1053,wait,39,0,0,7,10,0,0,0
4146,9400,12000,5357,6,12,56,1943,218.0,1053,critical,39,0,0,7,10,0,0,0
4149,9400,12000,5357,6,12,57,2004,218.3,1071,critical,39,0,0,8,10,0,0,0
4152,9400,12000,5354,6,13,58,2018,223.0,1074,critical,40,0,0,8,10,0,0,0
4155,9400,12000,5354,6,13,58,2004,218.3,1074,critical,40,0,0,8,10,0,0,0
4158,9400,12000,5351,6,14,58,1990,213.7,1074,critical,40,0,0,8,10,0,0,0
4161,9400,12000,5348,6,13,58,2004,218.3,1074,critical,40,0,0,8,10,0,0,0
4164,9400,12000,5348,6,13,57,1668,210.7,1041,critical,41,0,0,6,10,0,0,0
4167,9400,12000,5348,6,13,58,1743,215.7,1059,wait,41,0,0,7,10,0,0,0
4170,9400,12000,5601,6,12,57,1729,211.0,1056,wait,40,0,0,7,10,0,0,0
4173,9400,12000,5601,6,12,58,1743,215.7,1059,wait,41,0,0,7,10,0,0,0
4176,9400,12000,5598,6,13,58,1829,212.2,1059,critical,41,0,0,7,10,0,0,0
4179,9400,12000,5598,6,12,59,1843,216.9,1062,critical,42,0,0,7,10,0,0,0
4182,9400,12000,5595,6,13,60,1932,226.5,1080,critical,42,0,0,8,10,0,0,0
4185,9400,12000,5595,6,13,60,1946,231.2,1080,critical,42,0,0,8,10,0,0,0
4188,9400,12000,5592,6,14,61,1960,235.9,1083,critical,43,0,0,8,10,0,0,0
4191,9400,12000,5592,6,14,56,1643,214.6,1053,wait,39,0,0,7,10,0,0,0
4194,9400,12000,5592,6,14,57,1657,219.2,1056,wait,40,0,0,7,10,0,0,0
4197,9400,12000,5589,6,14,58,1857,221.5,1059,critical,41,0,0,7,10,0,0,0
4200,9400,12000,5841,6,14,58,1871,226.2,1059,critical,41,0,0,7,10,0,0,0
4203,9400,12000,5838,6,15,59,1932,226.5,1077,critical,41,0,0,8,10,0,0,0
4206,9400,12000,5835,6,16,55,1829,212.2,1050,critical,38,0,0,7,10,0,0,0
4209,9400,12000,5835,6,14,56,1843,216.9,1053,critical,39,0,0,7,10,0,0,0
4212,9400,12000,5832,6,15,56,1843,216.9,1053,critical,39,0,0,7,10,0,0,0
4215,9400,12000,5832,6,15,56,1743,215.7,1053,critical,39,0,0,7,10,0,0,0
4218,9400,12000,5832,6,15,57,1757,220.4,1056,wait,40,0,0,7,10,0,0,0
4221,9400,12000,5829,6,15,57,1957,222.7,1056,critical,40,0,0,7,10,0,0,0
4224,9400,12000,5829,6,14,55,1901,204.0,1050,critical,38,0,0,7,10,0,0,0
4227,9400,12000,5826,6,15,56,1915,208.7,1053,critical,39,0,0,7,10,0,0,0
4230,9400,12000,6079,6,15,56,1915,208.7,1053,critical,39,0,0,7,10,0,0,0
4233,9400,12000,6076,6,13,57,1915,208.7,1056,critical,40,0,0,7,10,0,0,0
4236,9400,12000,6073,6,14,57,1929,213.3,1056,critical,40,0,0,7,10,0,0,0
4239,9400,12000,6073,6,13,58,2004,218.3,1074,critical,40,0,0,8,10,0,0,0
4242,9400,12000,6070,6,14,59,2018,223.0,1077,critical,41,0,0,8,10,0,0,0
4245,9400,12000,6070,6,14,59,2118,224.2,1077,critical,41,0,0,8,10,0,0,0
4248,9400,12000,6067,6,14,60,2132,228.8,1080,critical,42,0,0,8,10,0,0,0
4251,9400,12000,6064,6,15,56,1915,208.7,1053,critical,39,0,0,7,10,0,0,0
4254,9400,12000,6064,6,14,57,1929,213.3,1056,critical,40,0,0,7,10,0,0,0
4257,9400,12000,6061,6,15,58,2032,227.7,1074,critical,40,0,0,8,10,0,0,0
4260,9400,12000,6313,6,14,58,2046,232.3,1074,critical,40,0,0,8,10,0,0,0
4263,9400,12000,6310,6,14,59,2060,237.0,1077,critical,41,0,0,8,10,0,0,0
4266,9400,12000,6307,6,12,58,2032,227.7,1074,critical,40,0,0,8,10,0,0,0
4269,9400,12000,6307,6,11,59,2046,232.3,1077,critical,41,0,0,8,10,0,0,0
4272,9400,12000,6304,6,12,60,2060,237.0,1080,critical,42,0,0,8,10,0,0,0
4275,9400,12000,6304,6,9,55,1496,217.7,879,critical,41,0,0,6,8,0,0,0
4278,9400,12000,6304,6,9,56,1571,222.7,897,wait,41,0,0,7,8,0,0,0
4281,9400,12000,6304,6,9,56,1671,223.9,897,wait,41,0,0,7,8,0,0,0
4284,9400,12000,6304,6,9,57,1685,228.6,900,wait,42,0,0,7,8,0,0,0
4287,9400,12000,6304,6,9,58,1699,233.2,903,wait,43,0,0,7,8,0,0,0
4290,9400,12000,6557,6,9,58,1699,233.2,903,wait,43,0,0,7,8,0,0,0
4293,9400,12000,6557,6,9,59,1713,237.9,906,wait,44,0,0,7,8,0,0,0
4296,9400,12000,6557,6,9,59,1713,237.9,906,wait,44,0,0,7,8,0,0,0
4299,9400,12000,6557,6,9,60,1788,242.9,924,wait,44,0,0,8,8,0,0,0
4302,9400,12000,6554,6,10,61,1830,256.9,927,critical,45,0,0,8,8,0,0,0
4305,9400,12000,6554,6,6,61,2030,259.2,927,critical,45,0,0,8,8,0,0,0
4308,9400,12000,6216,6,7,58,1455,248.4,747,wipe,45,0,0,7,6,0,0,0
4311,9400,12000,5241,6,5,57,1343,211.1,744,wait,44,0,0,7,6,0,0,0
4314,9400,12000,5241,6,5,58,1404,211.4,762,wait,44,0,0,8,6,0,0,0
4317,9400,12000,5241,6,3,59,1418,216.1,765,wait,45,0,0,8,6,0,0,0
4320,9400,12000,5493,6,3,59,1418,216.1,765,wait,45,0,0,8,6,0,0,0
4323,9400,12000,5493,6,3,59,1357,215.8,750,wait,46,0,0,7,6,0,0,0
4326,9400,12000,5313,6,3,59,1357,215.8,750,wait,46,0,0,7,6,0,0,0
4329,9400,12000,5313,6,4,61,1471,221.6,834,wait,47,0,0,7,7,0,0,0
4332,9400,12000,5313,6,4,62,1546,226.6,852,wait,47,0,0,8,7,0,0,0
4335,9400,12000,5313,6,4,62,1546,226.6,852,wait,47,0,0,8,7,0,0,0
4338,9400,12000,5313,6,5,59,1443,212.3,828,wait,45,0,0,7,7,0,0,0
4341,9400,12000,5313,6,5,58,1729,211.0,825,wait,44,0,0,7,7,0,0,0
4344,9400,12000,5313,6,5,59,1743,215.7,828,wait,45,0,0,7,7,0,0,0
4347,9400,12000,5310,6,7,61,1969,258.9,912,critical,46,0,0,7,8,0,0,0
4350,9400,12000,5563,6,7,61,1969,258.9,912,critical,46,0,0,7,8,0,0,0
4353,9400,12000,5563,6,7,60,1755,251.9,909,wait,45,0,0,7,8,0,0,0
4356,9400,12000,5563,6,7,60,1755,251.9,909,wait,45,0,0,7,8,0,0,0
4359,9400,12000,5563,6,8,62,1869,257.7,993,wait,46,0,0,7,9,0,0,0
4362,9400,12000,7060,6,9,62,1869,257.7,993,critical,46,0,0,7,9,0,0,0
4365,9400,12000,7060,6,9,62,1869,257.7,993,critical,46,0,0,7,9,0,0,0
4368,9400,12000,7057,6,11,64,1983,263.5,1077,critical,47,0,0,7,10,0,0,0
4371,9400,12000,7054,6,12,62,1927,244.9,1071,critical,45,0,0,7,10,0,0,0
4374,9400,12000,7054,6,10,61,1913,240.2,1068,critical,44,0,0,7,10,0,0,0
4377,9400,12000,7051,6,11,62,1927,244.9,1071,critical,45,0,0,7,10,0,0,0
4380,9400,12000,7303,6,11,62,1913,240.2,1071,critical,45,0,0,7,10,0,0,0
4383,9400,12000,7303,6,11,61,1613,236.7,990,wait,45,0,0,7,9,0,0,0
4386,9400,12000,7303,6,9,60,1738,234.0,972,wait,45,0,0,6,9,0,0,0
4389,9400,12000,7303,6,9,61,1813,239.0,990,wait,45,0,0,7,9,0,0,0
4392,9400,12000,7303,6,9,55,1729,211.0,972,wait,39,0,0,7,9,0,0,0
4395,9400,12000,7303,6,9,55,1729,211.0,972,wait,39,0,0,7,9,0,0,0
4398,9400,12000,7303,6,9,54,1701,201.7,969,wait,38,0,0,7,9,0,0,0
4401,9400,12000,7303,6,9,54,1729,211.0,969,wait,38,0,0,7,9,0,0,0
4404,9400,12000,7303,6,9,55,1743,215.7,972,wait,39,0,0,7,9,0,0,0
4407,9400,12000,7303,6,9,56,1818,220.7,990,wait,39,0,0,8,9,0,0,0
4410,9400,12000,7556,6,8,55,1757,220.4,972,wait,39,0,0,7,9,0,0,0
4413,9400,12000,7556,6,8,54,1743,215.7,969,wait,38,0,0,7,9,0,0,0
4416,9400,12000,7553,6,6,54,1943,218.0,969,critical,38,0,0,7,9,0,0,0
4419,9400,12000,7553,6,6,55,1757,220.4,972,critical,39,0,0,7,9,0,0,0
4422,9400,12000,7553,6,6,56,1771,225.0,975,wait,40,0,0,7,9,0,0,0
4425,9400,12000,7553,6,6,56,1771,225.0,975,wait,40,0,0,7,9,0,0,0
4428,9400,12000,7215,6,7,57,1846,230.0,993,wipe,40,0,0,8,9,0,0,0
4431,9400,12000,7212,6,8,57,1860,234.7,993,critical,40,0,0,8,9,0,0,0
4434,9400,12000,7212,6,8,58,1874,239.4,996,critical,41,0,0,8,9,0,0,0
4437,9400,12000,7209,6,9,59,1888,244.0,999,critical,42,0,0,8,9,0,0,0
4440,9400,12000,7461,6,9,59,1888,244.0,999,critical,42,0,0,8,9,0,0,0
4443,9400,12000,7458,6,9,60,1804,216.0,1002,critical,43,0,0,8,9,0,0,0
4446,9400,12000,7458,6,9,57,1640,201.4,963,wait,42,0,0,6,9,0,0,0
4449,9400,12000,7458,6,8,56,1515,204.1,819,wait,42,0,0,7,7,0,0,0
4452,9400,12000,7458,6,8,57,1715,206.4,822,wait,43,0,0,7,7,0,0,0
4455,9400,12000,7458,6,8,56,1701,201.7,819,wait,42,0,0,7,7,0,0,0
4458,9400,12000,7458,6,8,57,1715,206.4,822,wait,43,0,0,7,7,0,0,0
4461,9400,12000,7458,6,8,57,1715,206.4,822,wait,43,0,0,7,7,0,0,0
4464,9400,12000,7458,6,6,58,1790,211.4,840,wait,43,0,0,8,7,0,0,0
4467,9400,12000,7455,6,7,59,1804,216.0,843,critical,44,0,0,8,7,0,0,0
4470,9400,12000,7708,6,5,59,1804,216.0,843,critical,44,0,0,8,7,0,0,0
4473,9400,12000,7705,6,6,60,1818,220.7,846,critical,45,0,0,8,7,0,0,0
4476,9400,12000,7702,6,7,60,1916,253.4,846,critical,45,0,0,8,7,0,0,0
4479,9400,12000,7702,6,7,60,1855,253.0,831,critical,46,0,0,7,7,0,0,0
4482,9400,12000,7699,6,8,61,1930,258.0,849,critical,46,0,0,8,7,0,0,0
4485,9400,12000,7699,6,8,61,1944,262.7,849,critical,46,0,0,8,7,0,0,0
4488,9400,12000,7696,6,8,62,1958,267.4,852,critical,47,0,0,8,7,0,0,0
4491,9400,12000,7693,6,8,62,1958,267.4,852,critical,47,0,0,8,7,0,0,0
4494,9400,12000,7693,6,8,63,1972,272.0,855,critical,48,0,0,8,7,0,0,0
4497,9400,12000,7690,6,8,64,1986,276.7,858,critical,49,0,0,8,7,0,0,0
4500,9400,12000,7942,6,7,64,1986,276.7,858,critical,49,0,0,8,7,0,0,0
4503,9400,12000,7939,6,7,65,2061,281.7,876,critical,49,0,0,9,7,0,0,0
4506,9400,12000,7936,6,7,64,1986,276.7,858,critical,49,0,0,8,7,0,0,0
4509,9385,12000,7936,6,6,65,1818,220.7,861,critical,50,0,0,8,7,0,0,0
4512,9208,12000,7933,6,7,66,1818,220.7,864,critical,51,0,0,8,7,0,0,0
4515,9208,12000,7933,6,6,66,1818,220.7,864,critical,51,0,0,8,7,0,0,0
4518,9208,12000,7933,6,5,60,1329,206.4,519,wait,50,0,0,7,3,0,0,0
4521,9208,12000,7933,6,5,60,1329,206.4,519,wait,50,0,0,7,3,0,0,0
4524,9208,12000,7933,6,5,61,1404,211.4,537,wait,50,0,0,8,3,0,0,0
4527,9208,12000,7933,6,3,62,1404,211.4,540,wait,51,0,0,8,3,0,0,0
4530,9208,12000,8186,6,3,62,1404,211.4,540,wait,51,0,0,8,3,0,0,0
4533,9208,12000,106,7,3,62,1404,211.4,540,wait,51,0,0,8,3,0,0,0
4536,9208,12000,106,7,3,59,1101,194.8,516,wait,49,0,0,7,3,0,0,0
4539,9208,12000,106,7,3,59,1101,194.8,516,wait,49,0,0,7,3,0,0,0
4542,9208,12000,106,7,3,59,1283,255.5,516,wait,49,0,0,7,3,0,0,0
4545,9208,12000,106,7,2,59,1297,260.1,516,wait,49,0,0,7,3,0,0,0
4548,9208,12000,106,7,2,59,1297,260.1,516,wait,49,0,0,7,3,0,0,0
4551,9208,12000,106,7,2,59,1297,260.1,516,wait,49,0,0,7,3,0,0,0
4554,9208,12000,106,7,2,55,1094,244.7,411,wait,47,0,0,6,2,0,0,0
4557,9208,12000,106,7,2,55,1094,244.7,411,wait,47,0,0,6,2,0,0,0
4560,9208,12000,856,7,2,55,1108,249.3,411,wait,47,0,0,6,2,0,0,0
4563,9208,12000,856,7,2,55,1108,249.3,411,outmatched,47,0,0,6,2,0,0,0
4566,9208,12000,856,7,2,55,1108,249.3,411,outmatched,47,0,0,6,2,0,0,0
4569,9208,12000,856,7,2,55,1108,249.3,411,outmatched,47,0,0,6,2,0,0,0
4572,9208,12000,676,7,3,56,1408,252.8,492,outmatched,47,0,0,6,3,0,0,0
4575,9208,12000,676,7,3,56,1408,252.8,492,outmatched,47,0,0,6,3,0,0,0
4578,9166,12000,676,7,3,56,1408,252.8,492,outmatched,47,0,0,6,3,0,0,0
4581,9121,12000,676,7,3,56,1408,252.8,492,outmatched,47,0,0,6,3,0,0,0
4584,9121,12000,676,7,4,36,1092,155.3,480,outmatched,28,0,0,4,4,0,0,0
4587,9121,12000,676,7,4,36,1092,155.3,480,outmatched,28,0,0,4,4,0,0,0
4590,9121,12000,1426,7,4,36,1092,155.3,480,outmatched,28,0,0,4,4,0,0,0
4593,9121,12000,1426,7,5,36,1178,151.7,558,wait,27,0,0,4,5,0,0,0
4596,9121,12000,1426,7,5,36,1178,151.7,558,wait,27,0,0,4,5,0,0,0
4599,9121,12000,1426,7,5,36,1178,151.7,558,wait,27,0,0,4,5,0,0,0
4602,9121,12000,1426,7,6,34,1175,138.6,615,wait,25,0,0,3,6,0,0,0
4605,9121,12000,1426,7,6,34,1175,138.6,615,wait,25,0,0,3,6,0,0,0
4608,9121,12000,1426,7,6,34,1175,138.6,615,wait,25,0,0,3,6,0,0,0
4611,9115,12000,1426,7,6,34,1175,138.6,615,wait,25,0,0,3,6,0,0,0
4614,9115,12000,1426,7,7,33,1047,128.1,690,wait,23,0,0,3,7,0,0,0
4617,9115,12000,1426,7,7,33,1047,128.1,690,wait,23,0,0,3,7,0,0,0
4620,9115,12000,2176,7,7,32,972,123.1,672,wait,23,0,0,2,7,0,0,0
4623,9115,12000,2176,7,7,31,958,118.4,669,wait,22,0,0,2,7,0,0,0
4626,9115,12000,2176,7,7,30,944,113.7,666,wait,21,0,0,2,7,0,0,0
4629,9115,12000,2176,7,7,30,944,113.7,666,wait,21,0,0,2,7,0,0,0
4632,9115,12000,2176,7,7,30,944,113.7,666,wait,21,0,0,2,7,0,0,0
4635,9115,12000,2176,7,7,29,930,109.1,663,wait,20,0,0,2,7,0,0,0
4638,9115,12000,2176,7,7,29,930,109.1,663,wait,20,0,0,2,7,0,0,0
4641,9115,12000,2176,7,7,29,930,109.1,663,wait,20,0,0,2,7,0,0,0
4644,9115,12000,2176,7,7,29,930,109.1,663,wait,20,0,0,2,7,0,0,0
4647,9115,12000,2176,7,7,29,1130,111.4,663,wait,20,0,0,2,7,0,0,0
4650,9115,12000,2926,7,7,28,1055,106.4,645,wait,20,0,0,1,7,0,0,0
4653,9115,12000,2926,7,7,24,938,87.4,618,outmatched,17,0,0,0,7,0,0,0
4656,9115,12000,2926,7,7,23,924,82.7,615,outmatched,16,0,0,0,7,0,0,0
4659,9115,12000,2926,7,7,23,924,82.7,615,outmatched,16,0,0,0,7,0,0,0
4662,9115,12000,2926,7,7,22,910,78.0,612,outmatched,15,0,0,0,7,0,0,0
4665,9115,12000,2926,7,7,21,896,73.4,609,outmatched,14,0,0,0,7,0,0,0
4668,9115,12000,2926,7,7,21,896,73.4,609,outmatched,14,0,0,0,7,0,0,0
4671,9115,12000,2926,7,7,21,896,73.4,609,outmatched,14,0,0,0,7,0,0,0
4674,9115,12000,2926,7,7,21,896,73.4,609,outmatched,14,0,0,0,7,0,0,0
4677,9115,12000,2926,7,7,19,668,61.7,603,outmatched,12,0,0,0,7,0,0,0
4680,9115,12000,3676,7,7,19,668,61.7,603,outmatched,12,0,0,0,7,0,0,0
4683,9115,12000,3676,7,7,19,668,61.7,603,watch,12,0,0,0,7,0,0,0
4686,9115,12000,3676,7,7,19,668,61.7,603,watch,12,0,0,0,7,0,0,0
4689,9115,12000,3676,7,7,19,668,61.7,603,watch,12,0,0,0,7,0,0,0
4692,9115,12000,3676,7,7,17,640,52.4,597,watch,10,0,0,0,7,0,0,0
4695,9115,12000,3676,7,7,17,640,52.4,597,watch,10,0,0,0,7,0,0,0
4698,9115,12000,3676,7,7,17,640,52.4,597,watch,10,0,0,0,7,0,0,0
4701,9115,12000,3676,7,7,17,640,52.4,597,watch,10,0,0,0,7,0,0,0
4704,9115,12000,3676,7,7,14,598,38.4,588,watch,7,0,0,0,7,0,0,0
4707,9115,12000,3676,7,7,14,598,38.4,588,watch,7,0,0,0,7,0,0,0
4710,9115,12000,4426,7,7,14,798,40.7,588,watch,7,0,0,0,7,0,0,0
4713,9115,12000,4426,7,7,14,798,40.7,588,watch,7,0,0,0,7,0,0,0
4716,9115,12000,4426,7,7,14,798,40.7,588,watch,7,0,0,0,7,0,0,0
4719,9115,12000,4426,7,7,11,756,26.7,579,watch,4,0,0,0,7,0,0,0
4722,9115,12000,4426,7,7,11,756,26.7,579,watch,4,0,0,0,7,0,0,0
4725,9115,12000,4426,7,7,11,756,26.7,579,watch,4,0,0,0,7,0,0,0
4728,9115,12000,4426,7,7,10,656,25.6,498,watch,4,0,0,0,6,0,0,0
4731,9115,12000,4426,7,7,10,656,25.6,498,watch,4,0,0,0,6,0,0,0
4734,9115,12000,4426,7,7,10,656,25.6,498,watch,4,0,0,0,6,0,0,0
4737,9115,12000,4426,7,7,10,656,25.6,498,watch,4,0,0,0,6,0,0,0
4740,9115,12000,5176,7,7,10,656,25.6,498,watch,4,0,0,0,6,0,0,0
4743,9115,12000,5176,7,6,10,656,25.6,498,watch,4,0,0,0,6,0,0,0
4746,9115,12000,5176,7,6,10,656,25.6,498,watch,4,0,0,0,6,0,0,0
4749,9115,12000,5176,7,6,10,656,25.6,498,watch,4,0,0,0,6,0,0,0
4752,9115,12000,5176,7,6,10,656,25.6,498,watch,4,0,0,0,6,0,0,0
4755,9115,12000,5176,7,6,10,656,25.6,498,watch,4,0,0,0,6,0,0,0
4758,9115,12000,5176,7,6,10,656,25.6,498,watch,4,0,0,0,6,0,0,0
4761,9115,12000,5176,7,6,10,656,25.6,498,watch,4,0,0,0,6,0,0,0
4764,9115,12000,5176,7,5,10,656,25.6,498,watch,4,0,0,0,6,0,0,0
4767,9115,12000,4201,7,5,10,656,25.6,498,watch,4,0,0,0,6,0,0,0
4770,9115,12000,4951,7,5,10,656,25.6,498,watch,4,0,0,0,6,0,0,0
4773,9115,12000,4951,7,4,8,156,19.8,336,watch,4,0,0,0,4,0,0,0
4776,9115,12000,4951,7,4,4,100,1.1,324,watch,0,0,0,0,4,0,0,0
4779,9115,12000,4951,7,2,4,100,1.1,324,watch,0,0,0,0,4,0,0,0
4782,9115,12000,4951,7,2,4,100,1.1,324,watch,0,0,0,0,4,0,0,0
4785,9115,12000,4951,7,2,4,100,1.1,324,watch,0,0,0,0,4,0,0,0
4788,9115,12000,4951,7,2,4,100,1.1,324,watch,0,0,0,0,4,0,0,0
4791,9115,12000,4951,7,2,4,100,1.1,324,watch,0,0,0,0,4,0,0,0
4794,9115,12000,4951,7,2,4,100,1.1,324,watch,0,0,0,0,4,0,0,0
4797,9115,12000,4951,7,2,4,100,1.1,324,watch,0,0,0,0,4,0,0,0
4800,9115,12000,5701,7,2,4,100,1.1,324,watch,0,0,0,0,4,0,0,0
4803,9115,12000,5701,7,2,4,0,0.0,324,watch,0,0,0,0,4,0,0,0
4806,9115,12000,5701,7,2,4,300,3.4,324,watch,0,0,0,0,4,0,0,0
4809,9115,12000,5701,7,2,4,300,3.4,324,watch,0,0,0,0,4,0,0,0
4812,9115,12000,5701,7,2,4,300,3.4,324,watch,0,0,0,0,4,0,0,0
4815,9115,12000,7201,7,2,4,300,3.4,324,watch,0,0,0,0,4,0,0,0
4818,9115,12000,7201,7,2,4,300,3.4,324,watch,0,0,0,0,4,0,0,0
4821,9115,12000,7201,7,2,4,300,3.4,324,watch,0,0,0,0,4,0,0,0
4824,9115,12000,7201,7,2,4,300,3.4,324,watch,0,0,0,0,4,0,0,0
4827,9115,12000,7201,7,2,4,300,3.4,324,watch,0,0,0,0,4,0,0,0
4830,9115,12000,7951,7,2,4,300,3.4,324,watch,0,0,0,0,4,0,0,0
4833,9115,12000,7951,7,2,4,300,3.4,324,watch,0,0,0,0,4,0,0,0
4836,9115,12000,7951,7,2,4,400,4.6,324,watch,0,0,0,0,4,0,0,0
4839,9115,12000,7951,7,1,4,400,4.6,324,watch,0,0,0,0,4,0,0,0
4842,9115,12000,7951,7,1,4,400,4.6,324,watch,0,0,0,0,4,0,0,0
4845,9115,12000,7951,7,1,4,400,4.6,324,watch,0,0,0,0,4,0,0,0
4848,9115,12000,7951,7,1,4,400,4.6,324,watch,0,0,0,0,4,0,0,0
4851,9115,12000,7951,7,1,4,400,4.6,324,watch,0,0,0,0,4,0,0,0
4854,9115,12000,7951,7,1,4,400,4.6,324,watch,0,0,0,0,4,0,0,0
4857,9115,12000,7951,7,1,4,400,4.6,324,watch,0,0,0,0,4,0,0,0
4860,9115,12000,8701,7,1,4,400,4.6,324,watch,0,0,0,0,4,0,0,0
4863,9115,12000,8701,7,1,4,400,4.6,324,watch,0,0,0,0,4,0,0,0
4866,9115,12000,8701,7,1,4,400,4.6,324,watch,0,0,0,0,4,0,0,0
4869,9115,12000,8701,7,1,4,400,4.6,324,watch,0,0,0,0,4,0,0,0
4872,9115,12000,8701,7,1,4,400,4.6,324,watch,0,0,0,0,4,0,0,0
4875,9115,12000,8701,7,0,4,300,3.4,324,watch,0,0,0,0,4,0,0,0
4878,9115,12000,6961,7,1,4,300,3.4,324,watch,0,0,0,0,4,0,0,0
4881,8854,12000,6961,7,1,4,300,3.4,324,watch,0,0,0,0,4,0,0,0
4884,8854,12000,6961,7,1,5,3730,4.1,2390,watch,0,0,0,0,4,0,1,0
4887,8854,12000,6961,7,1,5,3730,4.1,2390,critical,0,0,0,0,4,0,1,0
4890,8854,12000,7711,7,2,2,3430,0.7,2147,critical,0,0,0,0,1,0,1,0
4893,8854,12000,7711,7,2,3,6860,1.3,4213,wait,0,0,0,0,1,0,2,0
4896,8854,12000,7711,7,2,3,6860,1.3,4213,wait,0,0,0,0,1,0,2,0
4899,8854,12000,7711,7,3,3,6860,1.3,4213,wait,0,0,0,0,1,0,2,0
4902,8854,12000,7711,7,3,4,10290,2.0,6279,wait,0,0,0,0,1,0,3,0
4905,8854,12000,7711,7,3,4,10390,3.1,6279,wait,0,0,0,0,1,0,3,0
4908,8854,12000,7711,7,4,4,10390,3.1,6279,critical,0,0,0,0,1,0,3,0
4911,8854,12000,7708,7,5,4,10390,3.1,6279,critical,0,0,0,0,1,0,3,0
4914,8854,12000,7708,7,5,5,13820,3.8,8345,critical,0,0,0,0,1,0,4,0
4917,8854,12000,7708,7,5,5,13820,3.8,8345,critical,0,0,0,0,1,0,4,0
4920,8854,12000,8458,7,6,5,13820,3.8,8345,critical,0,0,0,0,1,0,4,0
4923,8854,12000,8455,7,7,6,17250,4.5,10411,critical,0,0,0,0,1,0,5,0
4926,7354,12000,8455,7,5,5,17150,3.3,10330,critical,0,0,0,0,0,0,5,0
4929,7354,12000,8455,7,5,5,17150,3.3,10330,critical,0,0,0,0,0,0,5,0
4932,7354,12000,8452,7,6,5,17150,3.3,10330,critical,0,0,0,0,0,0,5,0
4935,7354,12000,8452,7,6,5,17150,3.3,10330,critical,0,0,0,0,0,0,5,0
4938,18695,23000,8425,7,6,5,17150,3.3,10330,critical,0,0,0,0,0,0,5,0
4941,18695,23000,8425,7,6,5,17150,3.3,10330,critical,0,0,0,0,0,0,5,0
4944,18695,23000,8425,7,6,5,17150,3.3,10330,critical,0,0,0,0,0,0,5,0
4947,18695,23000,8422,7,7,5,17150,3.3,10330,critical,0,0,0,0,0,0,5,0
4950,18695,23000,9172,7,7,5,17150,3.3,10330,critical,0,0,0,0,0,0,5,0
4953,18695,23000,9169,7,8,5,17150,3.3,10330,critical,0,0,0,0,0,0,5,0
4956,34000,34000,9103,7,8,5,17150,3.3,10330,critical,0,0,0,0,0,0,5,0
4959,34000,34000,9103,7,8,5,17150,3.3,10330,critical,0,0,0,0,0,0,5,0
4962,34000,34000,9103,7,8,5,17150,3.3,10330,critical,0,0,0,0,0,0,5,0
4965,34000,34000,9103,7,8,5,17150,3.3,10330,critical,0,0,0,0,0,0,5,0
4968,34000,34000,9100,7,9,5,17150,3.3,10330,critical,0,0,0,0,0,0,5,0
4971,34000,34000,9100,7,9,5,17150,3.3,10330,critical,0,0,0,0,0,0,5,0
4974,34000,34000,9100,7,9,5,17150,3.3,10330,critical,0,0,0,0,0,0,5,0
4977,45000,45000,8930,7,1,5,0,0.0,10330,critical,0,0,0,0,0,0,5,0
4980,45000,45000,9680,7,1,5,0,0.0,10330,critical,0,0,0,0,0,0,5,0
4983,45000,45000,9680,7,1,5,0,0.0,10330,critical,0,0,0,0,0,0,5,0
4986,45000,45000,9680,7,1,5,0,0.0,10330,critical,0,0,0,0,0,0,5,0
4989,45000,45000,9680,7,1,5,0,0.0,10330,critical,0,0,0,0,0,0,5,0
4992,45000,45000,9680,7,1,5,0,0.0,10330,critical,0,0,0,0,0,0,5,0
4995,45000,45000,9680,7,1,5,0,0.0,10330,critical,0,0,0,0,0,0,5,0
4998,45000,45000,9680,7,1,5,0,0.0,10330,critical,0,0,0,0,0,0,5,0
5001,45000,45000,9680,7,1,5,0,0.0,10330,critical,0,0,0,0,0,0,5,0
5004,45000,45000,9680,7,1,5,0,0.0,10330,critical,0,0,0,0,0,0,5,0
5007,45000,45000,9680,7,1,5,17150,3.3,10330,critical,0,0,0,0,0,0,5,0
5010,45000,45000,10430,7,1,5,17150,3.3,10330,critical,0,0,0,0,0,0,5,0
5013,45000,45000,10427,7,2,5,17150,3.3,10330,critical,0,0,0,0,0,0,5,0
5016,45000,45000,10427,7,2,5,17150,3.3,10330,critical,0,0,0,0,0,0,5,0
5019,45000,45000,10427,7,2,6,17225,8.3,10348,critical,0,0,0,1,0,0,5,0
5022,56000,56000,9934,7,2,7,17300,13.3,10366,critical,0,0,0,2,0,0,5,0
5025,56000,56000,9934,7,2,7,17300,13.3,10366,critical,0,0,0,2,0,0,5,0
5028,56000,56000,9931,7,3,8,17375,18.3,10384,critical,0,0,0,3,0,0,5,0
5031,56000,56000,9928,7,4,8,17375,18.3,10384,critical,0,0,0,3,0,0,5,0
5034,56000,56000,9928,7,4,9,17450,23.3,10402,critical,0,0,0,4,0,0,5,0
5037,67000,67000,8132,7,4,10,17525,28.3,10420,critical,0,0,0,5,0,0,5,0
5040,67000,67000,8882,7,4,10,17525,28.3,10420,critical,0,0,0,5,0,0,5,0
5043,67000,67000,6816,7,4,11,17600,33.3,10438,wipe,0,0,0,6,0,0,5,0
5046,67000,67000,6813,7,5,11,17600,33.3,10438,critical,0,0,0,6,0,0,5,0
5049,67000,67000,6813,7,5,12,17675,38.3,10456,critical,0,0,0,7,0,0,5,0
5052,67000,67000,6810,7,6,13,17750,43.3,10474,critical,0,0,0,8,0,0,5,0
5055,67000,67000,6810,7,6,13,17750,43.3,10474,critical,0,0,0,8,0,0,5,0
5058,67000,67000,6807,7,7,14,17825,48.3,10492,critical,0,0,0,9,0,0,5,0
5061,67000,67000,6804,7,8,14,17825,48.3,10492,critical,0,0,0,9,0,0,5,0
5064,67000,67000,6804,7,8,15,17900,53.3,10510,critical,0,0,0,10,0,0,5,0
5067,67000,67000,6801,7,9,16,17975,58.3,10528,critical,0,0,0,11,0,0,5,0
5070,67000,67000,7551,7,8,16,17975,58.3,10528,critical,0,0,0,11,0,0,5,0
5073,67000,67000,7548,7,9,17,18050,63.3,10546,critical,0,0,0,12,0,0,5,0
5076,67000,67000,7548,7,9,15,11190,62.0,6414,outmatched,0,0,0,12,0,0,3,0
5079,67000,67000,7548,7,9,16,11265,67.0,6432,outmatched,0,0,0,13,0,0,3,0
5082,67000,67000,7548,7,8,17,11340,72.0,6450,outmatched,0,0,0,14,0,0,3,0
5085,67000,67000,7548,7,8,17,11340,72.0,6450,outmatched,0,0,0,14,0,0,3,0
5088,67000,67000,7548,7,8,18,11415,77.0,6468,outmatched,0,0,0,15,0,0,3,0
5091,67000,67000,7548,7,6,18,11415,77.0,6468,outmatched,0,0,0,15,0,0,3,0
5094,67000,67000,7548,7,6,19,11490,82.0,6486,outmatched,0,0,0,16,0,0,3,0
5097,67000,67000,7548,7,6,20,11565,87.0,6504,outmatched,0,0,0,17,0,0,3,0
5100,67000,67000,8298,7,6,20,11565,87.0,6504,outmatched,0,0,0,17,0,0,3,0
5103,67000,67000,8298,7,5,21,11640,92.0,6522,outmatched,0,0,0,18,0,0,3,0
5106,67000,67000,8298,7,5,21,11640,92.0,6522,outmatched,0,0,0,18,0,0,3,0
5109,67000,67000,8298,7,5,22,11715,97.0,6540,outmatched,0,0,0,19,0,0,3,0
5112,67000,67000,8298,7,5,23,11790,102.0,6558,outmatched,0,0,0,20,0,0,3,0
5115,67000,67000,8298,7,5,23,11790,102.0,6558,outmatched,0,0,0,20,0,0,3,0
5118,67000,67000,8298,7,5,24,11865,107.0,6576,outmatched,0,0,0,21,0,0,3,0
5121,67000,67000,8298,7,5,24,11865,107.0,6576,outmatched,0,0,0,21,0,0,3,0
5124,67000,67000,8298,7,5,25,11940,112.0,6594,outmatched,0,0,0,22,0,0,3,0
5127,67000,67000,8298,7,0,26,12015,117.0,6612,outmatched,0,0,0,23,0,0,3,0
5130,67000,67000,9048,7,0,26,12015,117.0,6612,outmatched,0,0,0,23,0,0,3,0
5133,67000,67000,9048,7,0,27,12090,122.0,6630,outmatched,0,0,0,24,0,0,3,0
5136,67000,67000,9048,7,0,27,12090,122.0,6630,outmatched,0,0,0,24,0,0,3,0
5139,67000,67000,9048,7,0,28,12165,127.0,6648,outmatched,0,0,0,25,0,0,3,0
5142,67000,67000,9048,7,0,29,12240,132.0,6666,outmatched,0,0,0,26,0,0,3,0
5145,67000,67000,9048,7,0,29,12240,132.0,6666,outmatched,0,0,0,26,0,0,3,0
5148,66985,67000,9045,7,1,30,12315,137.0,6684,critical,0,0,0,27,0,0,3,0
5151,78000,78000,207,7,1,30,12315,137.0,6684,critical,0,0,0,27,0,0,3,0
5154,77985,78000,207,7,1,31,15745,137.6,8750,critical,0,0,0,27,0,0,4,0
5157,77970,78000,204,7,2,32,19175,138.3,10816,critical,0,0,0,27,0,0,5,0
5160,77940,78000,954,7,2,32,19175,138.3,10816,critical,0,0,0,27,0,0,5,0
5163,77925,78000,951,7,2,33,19250,143.3,10834,critical,0,0,0,28,0,0,5,0
5166,77910,78000,948,7,3,33,19250,143.3,10834,critical,0,0,0,28,0,0,5,0
5169,77865,78000,948,7,3,34,22680,144.0,12900,critical,0,0,0,28,0,0,6,0
5172,77850,78000,945,7,3,35,22755,149.0,12918,critical,0,0,0,29,0,0,6,0
5175,77805,78000,945,7,3,35,22755,149.0,12918,critical,0,0,0,29,0,0,6,0
5178,77775,78000,942,7,3,36,22830,154.0,12936,critical,0,0,0,30,0,0,6,0
5181,77730,78000,939,7,4,36,22830,154.0,12936,critical,0,0,0,30,0,0,6,0
5184,77685,78000,939,7,3,37,22905,159.0,12954,critical,0,0,0,31,0,0,6,0
5187,77655,78000,936,7,3,38,26335,159.6,15020,critical,0,0,0,31,0,0,7,0
5190,77580,78000,1686,7,3,39,26410,164.6,15038,critical,0,0,0,32,0,0,7,0
5193,77535,78000,243,7,4,40,26485,169.6,15056,critical,0,0,0,33,0,0,7,0
5196,67115,78000,240,7,5,40,26485,169.6,15056,critical,0,0,0,33,0,0,7,0
5199,67070,78000,240,7,4,42,29990,175.3,17140,critical,0,0,0,34,0,0,8,0
5202,67025,78000,237,7,5,29,18950,123.3,10762,critical,0,0,0,24,0,0,5,0
5205,67025,78000,237,7,5,29,18950,123.3,10762,critical,0,0,0,24,0,0,5,0
5208,67025,78000,156,7,5,31,22455,129.0,12846,wipe,0,0,0,25,0,0,6,0
5211,67025,78000,153,7,6,31,22455,129.0,12846,critical,0,0,0,25,0,0,6,0
5214,67025,78000,153,7,6,30,22380,124.0,12828,critical,0,0,0,24,0,0,6,0
5217,67025,78000,150,7,7,31,25810,124.6,14894,critical,0,0,0,24,0,0,7,0
5220,67025,78000,900,7,6,31,25810,124.6,14894,critical,0,0,0,24,0,0,7,0
5223,67025,78000,897,7,8,31,25810,124.6,14894,critical,0,0,0,24,0,0,7,0
5226,67025,78000,894,7,9,31,25810,124.6,14894,critical,0,0,0,24,0,0,7,0
5229,67025,78000,894,7,8,33,29315,130.3,16978,critical,0,0,0,25,0,0,8,0
5232,67025,78000,891,7,10,32,29240,125.3,16960,critical,0,0,0,24,0,0,8,0
5235,67025,78000,891,7,9,32,29240,125.3,16960,critical,0,0,0,24,0,0,8,0
5238,67025,78000,888,7,9,33,29315,130.3,16978,critical,0,0,0,25,0,0,8,0
5241,67025,78000,885,7,10,33,29315,130.3,16978,critical,0,0,0,25,0,0,8,0
5244,67025,78000,885,7,9,32,29240,125.3,16960,critical,0,0,0,24,0,0,8,0
5247,67025,78000,882,7,10,33,29315,130.3,16978,critical,0,0,0,25,0,0,8,0
5250,67025,78000,1632,7,9,31,29165,120.3,16942,critical,0,0,0,23,0,0,8,0
5253,67025,78000,654,7,10,32,29240,125.3,16960,critical,0,0,0,24,0,0,8,0
5256,67025,78000,651,7,10,31,29165,120.3,16942,critical,0,0,0,23,0,0,8,0
5259,67025,78000,651,7,10,31,29165,120.3,16942,critical,0,0,0,23,0,0,8,0
5262,67025,78000,648,7,11,32,29240,125.3,16960,critical,0,0,0,24,0,0,8,0
5265,67025,78000,648,7,11,32,29240,125.3,16960,critical,0,0,0,24,0,0,8,0
5268,67025,78000,645,7,10,31,29165,120.3,16942,critical,0,0,0,23,0,0,8,0
5271,67025,78000,642,7,11,31,29165,120.3,16942,critical,0,0,0,23,0,0,8,0
5274,67025,78000,642,7,11,32,29240,125.3,16960,critical,0,0,0,24,0,0,8,0
5277,67025,78000,639,7,11,33,29315,130.3,16978,critical,0,0,0,25,0,0,8,0
5280,67025,78000,1389,7,11,31,29165,120.3,16942,critical,0,0,0,23,0,0,8,0
5283,67025,78000,1386,7,12,32,29240,125.3,16960,critical,0,0,0,24,0,0,8,0
5286,67025,78000,1383,7,13,31,29165,120.3,16942,critical,0,0,0,23,0,0,8,0
5289,67025,78000,1383,7,13,32,29240,125.3,16960,critical,0,0,0,24,0,0,8,0
5292,67025,78000,1380,7,14,32,29240,125.3,16960,critical,0,0,0,24,0,0,8,0
5295,67025,78000,1380,7,14,31,29165,120.3,16942,critical,0,0,0,23,0,0,8,0
5298,67025,78000,1377,7,15,32,29240,125.3,16960,critical,0,0,0,24,0,0,8,0
5301,67025,78000,2874,7,16,32,29240,125.3,16960,critical,0,0,0,24,0,0,8,0
5304,67025,78000,2874,7,10,33,29315,130.3,16978,critical,0,0,0,25,0,0,8,0
5307,67025,78000,2871,7,10,34,29415,131.4,17059,critical,0,0,0,25,1,0,8,0
5310,67025,78000,3621,7,9,34,29415,131.4,17059,critical,0,0,0,25,1,0,8,0
5313,67025,78000,3618,7,9,35,29515,132.6,17140,critical,0,0,0,25,2,0,8,0
5316,67025,78000,3615,7,9,35,29515,132.6,17140,critical,0,0,0,25,2,0,8,0
5319,67025,78000,3615,7,8,32,22430,116.3,17086,critical,0,0,0,22,2,0,8,0
5322,67025,78000,3612,7,9,33,22505,121.3,17104,critical,0,0,0,23,2,0,8,0
5325,67025,78000,3612,7,7,33,22505,121.3,17104,critical,0,0,0,23,2,0,8,0
5328,67025,78000,1546,7,7,34,22580,126.3,17122,wipe,0,0,0,24,2,0,8,0
5331,67025,78000,1543,7,7,34,22580,126.3,17122,critical,0,0,0,24,2,0,8,0
5334,67025,78000,1543,7,7,35,22655,131.3,17140,critical,0,0,0,25,2,0,8,0
5337,67025,78000,1540,7,6,36,22730,136.3,17158,critical,0,0,0,26,2,0,8,0
5340,67025,78000,2290,7,6,36,22730,136.3,17158,critical,0,0,0,26,2,0,8,0
5343,67025,78000,2287,7,5,37,22805,141.3,17176,critical,0,0,0,27,2,0,8,0
5346,67025,78000,2284,7,6,32,19075,120.6,15038,critical,0,0,0,23,2,0,7,0
5349,67025,78000,2284,7,5,33,19150,125.6,15056,critical,0,0,0,24,2,0,7,0
5352,67025,78000,2281,7,5,34,26085,131.9,15074,critical,0,0,0,25,2,0,7,0
5355,67025,78000,2281,7,4,34,26085,131.9,15074,critical,0,0,0,25,2,0,7,0
5358,67025,78000,2278,7,5,35,26160,136.9,15092,critical,0,0,0,26,2,0,7,0
5361,67025,78000,2275,7,5,35,26160,136.9,15092,critical,0,0,0,26,2,0,7,0
5364,67025,78000,2275,7,4,36,26235,141.9,15110,critical,0,0,0,27,2,0,7,0
5367,67025,78000,2272,7,4,37,26310,146.9,15128,critical,0,0,0,28,2,0,7,0
5370,66995,78000,3022,7,3,37,26310,146.9,15128,critical,0,0,0,28,2,0,7,0
5373,66995,78000,3019,7,3,38,26385,151.9,15146,critical,0,0,0,29,2,0,7,0
5376,66980,78000,3016,7,4,38,26385,151.9,15146,critical,0,0,0,29,2,0,7,0
5379,66965,78000,3016,7,3,39,26460,156.9,15164,critical,0,0,0,30,2,0,7,0
5382,66935,78000,3013,7,3,40,26535,161.9,15182,critical,0,0,0,31,2,0,7,0
5385,66875,78000,3013,7,3,40,26535,161.9,15182,critical,0,0,0,31,2,0,7,0
5388,66860,78000,3010,7,3,41,26610,166.9,15200,critical,0,0,0,32,2,0,7,0
5391,66800,78000,3007,7,4,41,26610,166.9,15200,critical,0,0,0,32,2,0,7,0
5394,66755,78000,3007,7,3,42,26685,171.9,15218,critical,0,0,0,33,2,0,7,0
5397,61545,78000,3004,7,3,43,26760,176.9,15236,critical,0,0,0,34,2,0,7,0
5400,61470,78000,3754,7,3,43,26760,176.9,15236,critical,0,0,0,34,2,0,7,0
5403,61410,78000,3751,7,3,44,26835,181.9,15254,critical,0,0,0,35,2,0,7,0
5406,61335,78000,3748,7,4,44,26835,181.9,15254,critical,0,0,0,35,2,0,7,0
5409,50915,78000,3748,7,3,45,26910,186.9,15272,critical,0,0,0,36,2,0,7,0
5412,50870,78000,3745,7,3,46,26985,191.9,15290,critical,0,0,0,37,2,0,7,0
5415,50780,78000,3745,7,3,46,26985,191.9,15290,critical,0,0,0,37,2,0,7,0
5418,50735,78000,3742,7,3,47,27060,196.9,15308,critical,0,0,0,38,2,0,7,0
5421,50645,78000,3739,7,4,47,27060,196.9,15308,critical,0,0,0,38,2,0,7,0
5424,45405,78000,3739,7,3,48,27135,201.9,15326,critical,0,0,0,39,2,0,7,0
5427,45330,78000,3736,7,3,49,27210,206.9,15344,critical,0,0,0,40,2,0,7,0
5430,45225,78000,4486,7,3,49,27210,206.9,15344,critical,0,0,0,40,2,0,7,0
5433,39970,78000,4483,7,3,49,27210,206.9,15344,critical,0,0,0,40,2,0,7,0
5436,39865,78000,4480,7,4,49,27210,206.9,15344,critical,0,0,0,40,2,0,7,0
5439,39805,78000,4480,7,3,49,27210,206.9,15344,critical,0,0,0,40,2,0,7,0
5442,34550,78000,4477,7,3,50,27285,211.9,15362,critical,0,0,0,41,2,0,7,0
5445,29280,78000,4477,7,3,50,27285,211.9,15362,critical,0,0,0,41,2,0,7,0
5448,29205,78000,2411,7,3,51,27360,216.9,15380,wipe,0,0,0,42,2,0,7,0
5451,29115,78000,2408,7,4,51,27360,216.9,15380,critical,0,0,0,42,2,0,7,0
5454,18665,78000,2408,7,3,52,27435,221.9,15398,critical,0,0,0,43,2,0,7,0
5457,18590,78000,2405,7,3,29,2225,137.3,648,critical,0,0,0,27,2,0,0,0
5460,18590,78000,3155,7,3,29,2225,137.3,648,critical,0,0,0,27,2,0,0,0
5463,18590,78000,3155,7,3,30,2300,142.3,666,outmatched,0,0,0,28,2,0,0,0
5466,18590,78000,3155,7,3,30,2300,142.3,666,outmatched,0,0,0,28,2,0,0,0
5469,18590,78000,3155,7,2,31,2375,147.3,684,outmatched,0,0,0,29,2,0,0,0
5472,18590,78000,3155,7,1,32,2450,152.3,702,outmatched,0,0,0,30,2,0,0,0
5475,18590,78000,3155,7,1,32,2450,152.3,702,outmatched,0,0,0,30,2,0,0,0
5478,18575,78000,3155,7,1,33,2525,157.3,720,outmatched,0,0,0,31,2,0,0,0
5481,18545,78000,3155,7,1,33,2525,157.3,720,outmatched,0,0,0,31,2,0,0,0
5484,18413,78000,3155,7,1,34,2600,162.3,738,outmatched,0,0,0,32,2,0,0,0
5487,18368,78000,3155,7,1,35,2675,167.3,756,outmatched,0,0,0,33,2,0,0,0
5490,18323,78000,3905,7,1,35,2675,167.3,756,outmatched,0,0,0,33,2,0,0,0
5493,18263,78000,3905,7,1,37,6180,173.0,2840,outmatched,0,0,0,34,2,0,1,0
5496,18218,78000,2465,7,1,37,6180,173.0,2840,critical,0,0,0,34,2,0,1,0
5499,18158,78000,2462,7,3,38,6255,178.0,2858,critical,0,0,0,35,2,0,1,0
5502,18098,78000,2459,7,4,40,9760,183.6,4942,critical,0,0,0,36,2,0,2,0
5505,17936,78000,2459,7,4,40,9760,183.6,4942,critical,0,0,0,36,2,0,2,0
5508,17921,78000,2456,7,6,29,8885,136.3,4618,critical,0,0,0,27,0,0,2,0
5511,17921,78000,2156,7,6,29,8885,136.3,4618,critical,0,0,0,27,0,0,2,0
5514,17921,78000,2153,7,6,30,12315,137.0,6684,critical,0,0,0,27,0,0,3,0
5517,17921,78000,2150,7,8,30,12315,137.0,6684,critical,0,0,0,27,0,0,3,0
5520,17921,78000,2900,7,7,30,12315,137.0,6684,critical,0,0,0,27,0,0,3,0
5523,17921,78000,2897,7,7,32,15820,142.6,8768,critical,0,0,0,28,0,0,4,0
5526,17921,78000,2894,7,8,32,15820,142.6,8768,critical,0,0,0,28,0,0,4,0
5529,17921,78000,2894,7,8,31,15745,137.6,8750,critical,0,0,0,27,0,0,4,0
5532,17921,78000,2891,7,9,33,19250,143.3,10834,critical,0,0,0,28,0,0,5,0
5535,17921,78000,2891,7,8,33,19250,143.3,10834,critical,0,0,0,28,0,0,5,0
5538,17921,78000,2888,7,9,32,19175,138.3,10816,critical,0,0,0,27,0,0,5,0
5541,17921,78000,2885,7,10,32,19175,138.3,10816,critical,0,0,0,27,0,0,5,0
5544,17921,78000,2885,7,9,33,19250,143.3,10834,critical,0,0,0,28,0,0,5,0
5547,17921,78000,2882,7,10,32,19175,138.3,10816,critical,0,0,0,27,0,0,5,0
5550,17921,78000,3632,7,9,32,19175,138.3,10816,critical,0,0,0,27,0,0,5,0
5553,17921,78000,3629,7,9,31,19100,133.3,10798,critical,0,0,0,26,0,0,5,0
5556,17921,78000,3626,7,10,31,19100,133.3,10798,critical,0,0,0,26,0,0,5,0
5559,17921,78000,3626,7,10,31,19100,133.3,10798,critical,0,0,0,26,0,0,5,0
5562,16421,78000,3623,7,10,13,10890,42.0,10474,critical,0,0,0,8,0,0,5,0
5565,16421,78000,3623,7,10,14,10965,47.0,10492,critical,0,0,0,9,0,0,5,0
5568,16421,78000,3620,7,11,15,11040,52.0,10510,critical,0,0,0,10,0,0,5,0
5571,16421,78000,3617,7,12,15,11040,52.0,10510,critical,0,0,0,10,0,0,5,0
5574,16421,78000,3617,7,12,16,11115,57.0,10528,critical,0,0,0,11,0,0,5,0
5577,16421,78000,3614,7,13,17,11190,62.0,10546,critical,0,0,0,12,0,0,5,0
5580,16421,78000,4364,7,13,17,11190,62.0,10546,critical,0,0,0,12,0,0,5,0
5583,16421,78000,4361,7,14,18,11265,67.0,10564,critical,0,0,0,13,0,0,5,0
5586,16421,78000,4358,7,15,18,11265,67.0,10564,critical,0,0,0,13,0,0,5,0
5589,16421,78000,4358,7,15,19,11340,72.0,10582,critical,0,0,0,14,0,0,5,0
5592,16421,78000,4355,7,16,20,18275,78.3,10600,critical,0,0,0,15,0,0,5,0
5595,16421,78000,4355,7,16,20,18275,78.3,10600,critical,0,0,0,15,0,0,5,0
5598,16421,78000,4352,7,17,21,18350,83.3,10618,critical,0,0,0,16,0,0,5,0
5601,16421,78000,4349,7,18,21,18350,83.3,10618,critical,0,0,0,16,0,0,5,0
5604,16421,78000,4349,7,18,21,18350,83.3,10618,critical,0,0,0,16,0,0,5,0
5607,16421,78000,4346,7,19,22,18425,88.3,10636,critical,0,0,0,17,0,0,5,0
5610,14921,78000,5096,7,6,12,675,45.0,6360,critical,0,0,0,9,0,0,3,0
5613,14921,78000,5096,7,6,12,675,45.0,6360,watch,0,0,0,9,0,0,3,0
5616,14921,78000,5096,7,6,12,675,45.0,6360,watch,0,0,0,9,0,0,3,0
5619,14921,78000,5096,7,6,13,750,50.0,6378,watch,0,0,0,10,0,0,3,0
5622,14921,78000,5096,7,6,14,825,55.0,6396,watch,0,0,0,11,0,0,3,0
5625,14921,78000,5096,7,6,14,825,55.0,6396,watch,0,0,0,11,0,0,3,0
5628,14921,78000,5096,7,6,15,900,60.0,6414,watch,0,0,0,12,0,0,3,0
5631,14921,78000,5096,7,6,15,900,60.0,6414,outmatched,0,0,0,12,0,0,3,0
5634,14921,78000,5096,7,6,16,975,65.0,6432,outmatched,0,0,0,13,0,0,3,0
5637,14921,78000,5096,7,6,17,1050,70.0,6450,outmatched,0,0,0,14,0,0,3,0
5640,14921,78000,5846,7,6,17,11340,72.0,6450,outmatched,0,0,0,14,0,0,3,0
5643,14921,78000,5843,7,7,18,11415,77.0,6468,critical,0,0,0,15,0,0,3,0
5646,14921,78000,5840,7,8,18,11415,77.0,6468,critical,0,0,0,15,0,0,3,0
5649,14921,78000,5840,7,8,18,11415,77.0,6468,critical,0,0,0,15,0,0,3,0
5652,14921,78000,5837,7,9,19,11490,82.0,6486,critical,0,0,0,16,0,0,3,0
5655,14921,78000,5837,7,3,19,11490,82.0,6486,critical,0,0,0,16,0,0,3,0
5658,14921,78000,5834,7,4,20,11565,87.0,6504,critical,0,0,0,17,0,0,3,0
5661,14921,78000,5831,7,5,20,11565,87.0,6504,critical,0,0,0,17,0,0,3,0
5664,14921,78000,5831,7,5,21,11640,92.0,6522,critical,0,0,0,18,0,0,3,0
5667,14921,78000,3765,7,6,22,11715,97.0,6540,wipe,0,0,0,19,0,0,3,0
5670,14921,78000,4515,7,6,22,11715,97.0,6540,wipe,0,0,0,19,0,0,3,0
5673,14921,78000,4512,7,7,23,11790,102.0,6558,critical,0,0,0,20,0,0,3,0
5676,14921,78000,4509,7,8,23,11790,102.0,6558,critical,0,0,0,20,0,0,3,0
5679,14921,78000,4509,7,8,24,11865,107.0,6576,critical,0,0,0,21,0,0,3,0
5682,14921,78000,4506,7,9,25,11940,112.0,6594,critical,0,0,0,22,0,0,3,0
5685,14921,78000,4506,7,9,25,11940,112.0,6594,critical,0,0,0,22,0,0,3,0
5688,14921,78000,4503,7,9,26,12015,117.0,6612,critical,0,0,0,23,0,0,3,0
5691,14921,78000,4500,7,9,26,12015,117.0,6612,critical,0,0,0,23,0,0,3,0
5694,14921,78000,4500,7,8,27,12090,122.0,6630,critical,0,0,0,24,0,0,3,0
5697,14921,78000,4497,7,9,25,11940,112.0,6594,critical,0,0,0,22,0,0,3,0
5700,14921,78000,5247,7,7,25,11940,112.0,6594,critical,0,0,0,22,0,0,3,0
5703,14921,78000,5244,7,8,26,12015,117.0,6612,critical,0,0,0,23,0,0,3,0
5706,14921,78000,4269,7,7,26,12015,117.0,6612,critical,0,0,0,23,0,0,3,0
5709,14921,78000,4266,7,7,27,12090,122.0,6630,critical,0,0,0,24,0,0,3,0
5712,14921,78000,4263,7,7,28,12165,127.0,6648,critical,0,0,0,25,0,0,3,0
5715,14921,78000,4263,7,6,28,12165,127.0,6648,critical,0,0,0,25,0,0,3,0
5718,14921,78000,4260,7,6,29,12240,132.0,6666,critical,0,0,0,26,0,0,3,0
5721,14921,78000,4257,7,6,29,12240,132.0,6666,critical,0,0,0,26,0,0,3,0
5724,14921,78000,4257,7,5,30,12315,137.0,6684,critical,0,0,0,27,0,0,3,0
5727,14921,78000,4254,7,5,31,12390,142.0,6702,critical,0,0,0,28,0,0,3,0
5730,14921,78000,5004,7,4,31,12390,142.0,6702,critical,0,0,0,28,0,0,3,0
5733,14921,78000,5001,7,4,32,12465,147.0,6720,critical,0,0,0,29,0,0,3,0
5736,14906,78000,4998,7,4,32,12465,147.0,6720,critical,0,0,0,29,0,0,3,0
5739,14906,78000,4998,7,3,33,12540,152.0,6738,critical,0,0,0,30,0,0,3,0
5742,14891,78000,4995,7,4,34,12615,157.0,6756,critical,0,0,0,31,0,0,3,0
5745,14846,78000,4995,7,3,34,12615,157.0,6756,critical,0,0,0,31,0,0,3,0
5748,9666,78000,4992,7,3,35,12690,162.0,6774,critical,0,0,0,32,0,0,3,0
5751,9651,78000,4989,7,4,35,12690,162.0,6774,critical,0,0,0,32,0,0,3,0
5754,9636,78000,4989,7,3,36,12765,167.0,6792,critical,0,0,0,33,0,0,3,0
5757,9606,78000,6486,7,3,37,12840,172.0,6810,critical,0,0,0,34,0,0,3,0
5760,4351,78000,7236,7,3,37,12840,172.0,6810,critical,0,0,0,34,0,0,3,0
5763,4336,78000,7233,7,3,38,12915,177.0,6828,critical,0,0,0,35,0,0,3,0
5766,4261,78000,7230,7,4,38,12915,177.0,6828,critical,0,0,0,35,0,0,3,0
5769,4216,78000,7230,7,3,39,12990,182.0,6846,critical,0,0,0,36,0,0,3,0
5772,4186,78000,7227,7,3,39,12990,182.0,6846,critical,0,0,0,36,0,0,3,0
5775,4096,78000,7227,7,3,39,12990,182.0,6846,critical,0,0,0,36,0,0,3,0
5778,4066,78000,7224,7,3,39,12990,182.0,6846,critical,0,0,0,36,0,0,3,0
