tick,hp,maxhp,money,inv,own,enemy,enemy_dps,enemy_swings,enemy_value,choice,t1,t2,t3,t4,t5,t6,t7,t8,wipe_veto,w_radius,w_reach,w_valrad,w_valreach,w_spread,p2money,p2inv,p1income,p2income,p1spent,p2spent,own_lost,foe_lost,own_val,foe_val,p1def,p2def,p1off,p2off,o1,o2,o3,o4,o5,o6,o7,o8,p2hp,p2maxhp,ownpos,foepos
3,2000,2000,0,0,0,0,0,0.0,0,,0,0,0,0,0,0,0,0,,0,0,0,0,0,0,0,2,2,0,0,0,0,0,0,reinforcements,reinforcements,nuke,nuke,0,0,0,0,0,0,0,0,2000,2000,0,0
6,2000,2000,0,0,0,0,0,0.0,0,,0,0,0,0,0,0,0,0,,0,0,0,0,0,0,0,2,2,0,0,0,0,0,0,reinforcements,reinforcements,nuke,nuke,0,0,0,0,0,0,0,0,2000,2000,0,0
9,2000,2000,0,0,0,0,0,0.0,0,,0,0,0,0,0,0,0,0,,0,0,0,0,0,0,0,2,2,0,0,0,0,0,0,reinforcements,reinforcements,nuke,nuke,0,0,0,0,0,0,0,0,2000,2000,0,0
12,2000,2000,0,0,0,0,0,0.0,0,,0,0,0,0,0,0,0,0,,0,0,0,0,0,0,0,2,2,0,0,0,0,0,0,reinforcements,reinforcements,nuke,nuke,0,0,0,0,0,0,0,0,2000,2000,0,0
15,2000,2000,0,0,0,0,0,0.0,0,,0,0,0,0,0,0,0,0,,0,0,0,0,0,0,0,2,2,0,0,0,0,0,0,reinforcements,reinforcements,nuke,nuke,0,0,0,0,0,0,0,0,2000,2000,0,0
18,2000,2000,0,0,0,0,0,0.0,0,,0,0,0,0,0,0,0,0,,0,0,0,0,0,0,0,2,2,0,0,0,0,0,0,reinforcements,reinforcements,nuke,nuke,0,0,0,0,0,0,0,0,2000,2000,0,0
21,2000,2000,0,0,0,0,0,0.0,0,,0,0,0,0,0,0,0,0,,0,0,0,0,0,0,0,2,2,0,0,0,0,0,0,reinforcements,reinforcements,nuke,nuke,0,0,0,0,0,0,0,0,2000,2000,0,0
24,2000,2000,0,0,0,0,0,0.0,0,,0,0,0,0,0,0,0,0,,0,0,0,0,0,0,0,2,2,0,0,0,0,0,0,reinforcements,reinforcements,nuke,nuke,0,0,0,0,0,0,0,0,2000,2000,0,0
27,2000,2000,0,0,0,0,0,0.0,0,,0,0,0,0,0,0,0,0,,0,0,0,0,0,0,0,2,2,0,0,0,0,0,0,reinforcements,reinforcements,nuke,nuke,0,0,0,0,0,0,0,0,2000,2000,0,0
30,2000,2000,2,0,0,0,0,0.0,0,,0,0,0,0,0,0,0,0,,0,0,0,0,0,2,0,2,2,0,0,0,0,0,0,reinforcements,reinforcements,nuke,nuke,0,0,0,0,0,0,0,0,2000,2000,0,0
33,2000,2000,2,0,0,0,0,0.0,0,,0,0,0,0,0,0,0,0,,0,0,0,0,0,2,0,2,2,0,0,0,0,0,0,reinforcements,reinforcements,nuke,nuke,0,0,0,0,0,0,0,0,2000,2000,0,0
36,2000,2000,2,0,0,0,0,0.0,0,,0,0,0,0,0,0,0,0,,0,0,0,0,0,2,0,2,2,0,0,0,0,0,0,reinforcements,reinforcements,nuke,nuke,0,0,0,0,0,0,0,0,2000,2000,0,0
39,2000,2000,2,0,0,0,0,0.0,0,,0,0,0,0,0,0,0,0,,0,0,0,0,0,2,0,2,2,0,0,0,0,0,0,reinforcements,reinforcements,nuke,nuke,0,0,0,0,0,0,0,0,2000,2000,0,0
42,2000,2000,2,0,0,0,0,0.0,0,,0,0,0,0,0,0,0,0,,0,0,0,0,0,2,0,2,2,0,0,0,0,0,0,reinforcements,reinforcements,nuke,nuke,0,0,0,0,0,0,0,0,2000,2000,0,0
45,2000,2000,2,0,0,0,0,0.0,0,,0,0,0,0,0,0,0,0,,0,0,0,0,0,2,0,2,2,0,0,0,0,0,0,reinforcements,reinforcements,nuke,nuke,0,0,0,0,0,0,0,0,2000,2000,0,0
48,2000,2000,2,0,0,0,0,0.0,0,,0,0,0,0,0,0,0,0,,0,0,0,0,0,2,0,2,2,0,0,0,0,0,0,reinforcements,reinforcements,nuke,nuke,0,0,0,0,0,0,0,0,2000,2000,0,0
51,2000,2000,2,0,0,0,0,0.0,0,,0,0,0,0,0,0,0,0,,0,0,0,0,0,2,0,2,2,0,0,0,0,0,0,reinforcements,reinforcements,nuke,nuke,0,0,0,0,0,0,0,0,2000,2000,0,0
54,2000,2000,2,0,0,0,0,0.0,0,,0,0,0,0,0,0,0,0,,0,0,0,0,0,2,0,2,2,0,0,0,0,0,0,reinforcements,reinforcements,nuke,nuke,0,0,0,0,0,0,0,0,2000,2000,0,0
57,2000,2000,2,0,0,0,0,0.0,0,,0,0,0,0,0,0,0,0,,0,0,0,0,0,2,0,2,2,0,0,0,0,0,0,reinforcements,reinforcements,nuke,nuke,0,0,0,0,0,0,0,0,2000,2000,0,0
60,2000,2000,4,0,0,0,0,0.0,0,,0,0,0,0,0,0,0,0,,0,0,0,0,0,4,0,2,2,0,0,0,0,0,0,reinforcements,reinforcements,nuke,nuke,0,0,0,0,0,0,0,0,2000,2000,0,0
63,2000,2000,4,0,0,0,0,0.0,0,,0,0,0,0,0,0,0,0,,0,0,0,0,0,4,0,2,2,0,0,0,0,0,0,reinforcements,reinforcements,nuke,nuke,0,0,0,0,0,0,0,0,2000,2000,0,0
66,2000,2000,4,0,0,0,0,0.0,0,,0,0,0,0,0,0,0,0,,0,0,0,0,0,4,0,2,2,0,0,0,0,0,0,reinforcements,reinforcements,nuke,nuke,0,0,0,0,0,0,0,0,2000,2000,0,0
69,2000,2000,4,0,0,0,0,0.0,0,,0,0,0,0,0,0,0,0,,0,0,0,0,0,4,0,2,2,0,0,0,0,0,0,reinforcements,reinforcements,nuke,nuke,0,0,0,0,0,0,0,0,2000,2000,0,0
72,2000,2000,4,0,0,0,0,0.0,0,,0,0,0,0,0,0,0,0,,0,0,0,0,0,4,0,2,2,0,0,0,0,0,0,reinforcements,reinforcements,nuke,nuke,0,0,0,0,0,0,0,0,2000,2000,0,0
75,2000,2000,4,0,0,0,0,0.0,0,,0,0,0,0,0,0,0,0,,0,0,0,0,0,4,0,2,2,0,0,0,0,0,0,reinforcements,reinforcements,nuke,nuke,0,0,0,0,0,0,0,0,2000,2000,0,0
78,2000,2000,4,0,0,0,0,0.0,0,,0,0,0,0,0,0,0,0,,0,0,0,0,0,4,0,2,2,0,0,0,0,0,0,reinforcements,reinforcements,nuke,nuke,0,0,0,0,0,0,0,0,2000,2000,0,0
81,2000,2000,4,0,0,0,0,0.0,0,,0,0,0,0,0,0,0,0,,0,0,0,0,0,4,0,2,2,0,0,0,0,0,0,reinforcements,reinforcements,nuke,nuke,0,0,0,0,0,0,0,0,2000,2000,0,0
84,2000,2000,4,0,0,0,0,0.0,0,,0,0,0,0,0,0,0,0,,0,0,0,0,0,4,0,2,2,0,0,0,0,0,0,reinforcements,reinforcements,nuke,nuke,0,0,0,0,0,0,0,0,2000,2000,0,0
87,2000,2000,4,0,0,0,0,0.0,0,,0,0,0,0,0,0,0,0,,0,0,0,0,0,4,0,2,2,0,0,0,0,0,0,reinforcements,reinforcements,nuke,nuke,0,0,0,0,0,0,0,0,2000,2000,0,0
90,2000,2000,6,0,0,0,0,0.0,0,,0,0,0,0,0,0,0,0,,0,0,0,0,0,6,0,2,2,0,0,0,0,0,0,reinforcements,reinforcements,nuke,nuke,0,0,0,0,0,0,0,0,2000,2000,0,0
93,2000,2000,6,0,0,0,0,0.0,0,,0,0,0,0,0,0,0,0,,0,0,0,0,0,6,0,2,2,0,0,0,0,0,0,reinforcements,reinforcements,nuke,nuke,0,0,0,0,0,0,0,0,2000,2000,0,0
96,2000,2000,6,0,0,0,0,0.0,0,,0,0,0,0,0,0,0,0,,0,0,0,0,0,6,0,2,2,0,0,0,0,0,0,reinforcements,reinforcements,nuke,nuke,0,0,0,0,0,0,0,0,2000,2000,0,0
99,2000,2000,6,0,0,0,0,0.0,0,,0,0,0,0,0,0,0,0,,0,0,0,0,0,6,0,2,2,0,0,0,0,0,0,reinforcements,reinforcements,nuke,nuke,0,0,0,0,0,0,0,0,2000,2000,0,0
102,2000,2000,6,0,0,0,0,0.0,0,,0,0,0,0,0,0,0,0,,0,0,0,0,0,6,0,2,2,0,0,0,0,0,0,reinforcements,reinforcements,nuke,nuke,0,0,0,0,0,0,0,0,2000,2000,0,0
105,2000,2000,6,0,0,0,0,0.0,0,,0,0,0,0,0,0,0,0,,0,0,0,0,0,6,0,2,2,0,0,0,0,0,0,reinforcements,reinforcements,nuke,nuke,0,0,0,0,0,0,0,0,2000,2000,0,0
108,2000,2000,6,0,0,0,0,0.0,0,,0,0,0,0,0,0,0,0,,0,0,0,0,0,6,0,2,2,0,0,0,0,0,0,reinforcements,reinforcements,nuke,nuke,0,0,0,0,0,0,0,0,2000,2000,0,0
111,2000,2000,6,0,0,0,0,0.0,0,,0,0,0,0,0,0,0,0,,0,0,0,0,0,6,0,2,2,0,0,0,0,0,0,reinforcements,reinforcements,nuke,nuke,0,0,0,0,0,0,0,0,2000,2000,0,0
114,2000,2000,6,0,0,0,0,0.0,0,,0,0,0,0,0,0,0,0,,0,0,0,0,0,6,0,2,2,0,0,0,0,0,0,reinforcements,reinforcements,nuke,nuke,0,0,0,0,0,0,0,0,2000,2000,0,0
117,2000,2000,6,0,0,0,0,0.0,0,,0,0,0,0,0,0,0,0,,0,0,0,0,0,6,0,2,2,0,0,0,0,0,0,reinforcements,reinforcements,nuke,nuke,0,0,0,0,0,0,0,0,2000,2000,0,0
120,2000,2000,8,0,0,0,0,0.0,0,,0,0,0,0,0,0,0,0,,0,0,0,0,0,8,0,2,2,0,0,0,0,0,0,reinforcements,reinforcements,nuke,nuke,0,0,0,0,0,0,0,0,2000,2000,0,0
123,2000,2000,8,0,0,0,0,0.0,0,,0,0,0,0,0,0,0,0,,0,0,0,0,0,8,0,2,2,0,0,0,0,0,0,reinforcements,reinforcements,nuke,nuke,0,0,0,0,0,0,0,0,2000,2000,0,0
126,2000,2000,8,0,0,0,0,0.0,0,,0,0,0,0,0,0,0,0,,0,0,0,0,0,8,0,2,2,0,0,0,0,0,0,reinforcements,reinforcements,nuke,nuke,0,0,0,0,0,0,0,0,2000,2000,0,0
129,2000,2000,8,0,0,0,0,0.0,0,,0,0,0,0,0,0,0,0,,0,0,0,0,0,8,0,2,2,0,0,0,0,0,0,reinforcements,reinforcements,nuke,nuke,0,0,0,0,0,0,0,0,2000,2000,0,0
132,2000,2000,8,0,0,0,0,0.0,0,,0,0,0,0,0,0,0,0,,0,0,0,0,0,8,0,2,2,0,0,0,0,0,0,reinforcements,reinforcements,nuke,nuke,0,0,0,0,0,0,0,0,2000,2000,0,0
135,2000,2000,8,0,0,0,0,0.0,0,,0,0,0,0,0,0,0,0,,0,0,0,0,0,8,0,2,2,0,0,0,0,0,0,reinforcements,reinforcements,nuke,nuke,0,0,0,0,0,0,0,0,2000,2000,0,0
138,2000,2000,8,0,0,0,0,0.0,0,,0,0,0,0,0,0,0,0,,0,0,0,0,0,8,0,2,2,0,0,0,0,0,0,reinforcements,reinforcements,nuke,nuke,0,0,0,0,0,0,0,0,2000,2000,0,0
141,2000,2000,8,0,0,0,0,0.0,0,,0,0,0,0,0,0,0,0,,0,0,0,0,0,8,0,2,2,0,0,0,0,0,0,reinforcements,reinforcements,nuke,nuke,0,0,0,0,0,0,0,0,2000,2000,0,0
144,2000,2000,8,0,0,0,0,0.0,0,,0,0,0,0,0,0,0,0,,0,0,0,0,0,8,0,2,2,0,0,0,0,0,0,reinforcements,reinforcements,nuke,nuke,0,0,0,0,0,0,0,0,2000,2000,0,0
147,2000,2000,8,0,0,0,0,0.0,0,,0,0,0,0,0,0,0,0,,0,0,0,0,0,8,0,2,2,0,0,0,0,0,0,reinforcements,reinforcements,nuke,nuke,0,0,0,0,0,0,0,0,2000,2000,0,0
150,2000,2000,10,0,0,0,0,0.0,0,,0,0,0,0,0,0,0,0,,0,0,0,0,0,10,0,2,2,0,0,0,0,0,0,reinforcements,reinforcements,nuke,nuke,0,0,0,0,0,0,0,0,2000,2000,0,0
153,2000,2000,10,0,0,0,0,0.0,0,,0,0,0,0,0,0,0,0,,0,0,0,0,0,10,0,2,2,0,0,0,0,0,0,reinforcements,reinforcements,nuke,nuke,0,0,0,0,0,0,0,0,2000,2000,0,0
156,2000,2000,10,0,0,0,0,0.0,0,,0,0,0,0,0,0,0,0,,0,0,0,0,0,10,0,2,2,0,0,0,0,0,0,reinforcements,reinforcements,nuke,nuke,0,0,0,0,0,0,0,0,2000,2000,0,0
159,2000,2000,10,0,0,0,0,0.0,0,,0,0,0,0,0,0,0,0,,0,0,0,0,0,10,0,2,2,0,0,0,0,0,0,reinforcements,reinforcements,nuke,nuke,0,0,0,0,0,0,0,0,2000,2000,0,0
162,2000,2000,10,0,0,0,0,0.0,0,,0,0,0,0,0,0,0,0,,0,0,0,0,0,10,0,2,2,0,0,0,0,0,0,reinforcements,reinforcements,nuke,nuke,0,0,0,0,0,0,0,0,2000,2000,0,0
165,2000,2000,10,0,0,0,0,0.0,0,,0,0,0,0,0,0,0,0,,0,0,0,0,0,10,0,2,2,0,0,0,0,0,0,reinforcements,reinforcements,nuke,nuke,0,0,0,0,0,0,0,0,2000,2000,0,0
168,2000,2000,10,0,0,0,0,0.0,0,,0,0,0,0,0,0,0,0,,0,0,0,0,0,10,0,2,2,0,0,0,0,0,0,reinforcements,reinforcements,nuke,nuke,0,0,0,0,0,0,0,0,2000,2000,0,0
171,2000,2000,10,0,0,0,0,0.0,0,,0,0,0,0,0,0,0,0,,0,0,0,0,0,10,0,2,2,0,0,0,0,0,0,reinforcements,reinforcements,nuke,nuke,0,0,0,0,0,0,0,0,2000,2000,0,0
174,2000,2000,10,0,0,0,0,0.0,0,,0,0,0,0,0,0,0,0,,0,0,0,0,0,10,0,2,2,0,0,0,0,0,0,reinforcements,reinforcements,nuke,nuke,0,0,0,0,0,0,0,0,2000,2000,0,0
177,2000,2000,10,0,0,0,0,0.0,0,,0,0,0,0,0,0,0,0,,0,0,0,0,0,10,0,2,2,0,0,0,0,0,0,reinforcements,reinforcements,nuke,nuke,0,0,0,0,0,0,0,0,2000,2000,0,0
180,2000,2000,12,0,0,0,0,0.0,0,,0,0,0,0,0,0,0,0,,0,0,0,0,0,12,0,2,2,0,0,0,0,0,0,reinforcements,reinforcements,nuke,nuke,0,0,0,0,0,0,0,0,2000,2000,0,0
183,2000,2000,12,0,0,0,0,0.0,0,,0,0,0,0,0,0,0,0,,0,0,0,0,0,12,0,2,2,0,0,0,0,0,0,reinforcements,reinforcements,nuke,nuke,0,0,0,0,0,0,0,0,2000,2000,0,0
186,2000,2000,12,0,0,0,0,0.0,0,,0,0,0,0,0,0,0,0,,0,0,0,0,0,12,0,2,2,0,0,0,0,0,0,reinforcements,reinforcements,nuke,nuke,0,0,0,0,0,0,0,0,2000,2000,0,0
189,2000,2000,12,0,0,0,0,0.0,0,,0,0,0,0,0,0,0,0,,0,0,0,0,0,12,0,2,2,0,0,0,0,0,0,reinforcements,reinforcements,nuke,nuke,0,0,0,0,0,0,0,0,2000,2000,0,0
192,2000,2000,12,0,0,0,0,0.0,0,,0,0,0,0,0,0,0,0,,0,0,0,0,0,12,0,2,2,0,0,0,0,0,0,reinforcements,reinforcements,nuke,nuke,0,0,0,0,0,0,0,0,2000,2000,0,0
195,2000,2000,12,0,0,0,0,0.0,0,,0,0,0,0,0,0,0,0,,0,0,0,0,0,12,0,2,2,0,0,0,0,0,0,reinforcements,reinforcements,nuke,nuke,0,0,0,0,0,0,0,0,2000,2000,0,0
198,2000,2000,12,0,0,0,0,0.0,0,,0,0,0,0,0,0,0,0,,0,0,0,0,0,12,0,2,2,0,0,0,0,0,0,reinforcements,reinforcements,nuke,nuke,0,0,0,0,0,0,0,0,2000,2000,0,0
201,2000,2000,12,0,0,0,0,0.0,0,,0,0,0,0,0,0,0,0,,0,0,0,0,0,12,0,2,2,0,0,0,0,0,0,reinforcements,reinforcements,nuke,nuke,0,0,0,0,0,0,0,0,2000,2000,0,0
204,2000,2000,12,0,0,0,0,0.0,0,,0,0,0,0,0,0,0,0,,0,0,0,0,0,12,0,2,2,0,0,0,0,0,0,reinforcements,reinforcements,nuke,nuke,0,0,0,0,0,0,0,0,2000,2000,0,0
207,2000,2000,12,0,0,0,0,0.0,0,,0,0,0,0,0,0,0,0,,0,0,0,0,0,12,0,2,2,0,0,0,0,0,0,reinforcements,reinforcements,nuke,nuke,0,0,0,0,0,0,0,0,2000,2000,0,0
210,2000,2000,14,0,0,0,0,0.0,0,,0,0,0,0,0,0,0,0,,0,0,0,0,0,14,0,2,2,0,0,0,0,0,0,reinforcements,reinforcements,nuke,nuke,0,0,0,0,0,0,0,0,2000,2000,0,0
213,2000,2000,14,0,0,0,0,0.0,0,,0,0,0,0,0,0,0,0,,0,0,0,0,0,14,0,2,2,0,0,0,0,0,0,reinforcements,reinforcements,nuke,nuke,0,0,0,0,0,0,0,0,2000,2000,0,0
216,2000,2000,14,0,0,0,0,0.0,0,,0,0,0,0,0,0,0,0,,0,0,0,0,0,14,0,2,2,0,0,0,0,0,0,reinforcements,reinforcements,nuke,nuke,0,0,0,0,0,0,0,0,2000,2000,0,0
219,2000,2000,14,0,0,0,0,0.0,0,,0,0,0,0,0,0,0,0,,0,0,0,0,0,14,0,2,2,0,0,0,0,0,0,reinforcements,reinforcements,nuke,nuke,0,0,0,0,0,0,0,0,2000,2000,0,0
222,2000,2000,14,0,0,0,0,0.0,0,,0,0,0,0,0,0,0,0,,0,0,0,0,0,14,0,2,2,0,0,0,0,0,0,reinforcements,reinforcements,nuke,nuke,0,0,0,0,0,0,0,0,2000,2000,0,0
225,2000,2000,14,0,0,0,0,0.0,0,,0,0,0,0,0,0,0,0,,0,0,0,0,0,14,0,2,2,0,0,0,0,0,0,reinforcements,reinforcements,nuke,nuke,0,0,0,0,0,0,0,0,2000,2000,0,0
228,2000,2000,14,0,0,0,0,0.0,0,,0,0,0,0,0,0,0,0,,0,0,0,0,0,14,0,2,2,0,0,0,0,0,0,reinforcements,reinforcements,nuke,nuke,0,0,0,0,0,0,0,0,2000,2000,0,0
231,2000,2000,14,0,0,0,0,0.0,0,,0,0,0,0,0,0,0,0,,0,0,0,0,0,14,0,2,2,0,0,0,0,0,0,reinforcements,reinforcements,nuke,nuke,0,0,0,0,0,0,0,0,2000,2000,0,0
234,2000,2000,14,0,0,0,0,0.0,0,,0,0,0,0,0,0,0,0,,0,0,0,0,0,14,0,2,2,0,0,0,0,0,0,reinforcements,reinforcements,nuke,nuke,0,0,0,0,0,0,0,0,2000,2000,0,0
237,2000,2000,14,0,0,0,0,0.0,0,,0,0,0,0,0,0,0,0,,0,0,0,0,0,14,0,2,2,0,0,0,0,0,0,reinforcements,reinforcements,nuke,nuke,0,0,0,0,0,0,0,0,2000,2000,0,0
240,2000,2000,16,0,0,0,0,0.0,0,,0,0,0,0,0,0,0,0,,0,0,0,0,0,16,0,2,2,0,0,0,0,0,0,reinforcements,reinforcements,nuke,nuke,0,0,0,0,0,0,0,0,2000,2000,0,0
243,2000,2000,16,0,0,0,0,0.0,0,,0,0,0,0,0,0,0,0,,0,0,0,0,0,16,0,2,2,0,0,0,0,0,0,reinforcements,reinforcements,nuke,nuke,0,0,0,0,0,0,0,0,2000,2000,0,0
246,2000,2000,16,0,0,0,0,0.0,0,,0,0,0,0,0,0,0,0,,0,0,0,0,0,16,0,2,2,0,0,0,0,0,0,reinforcements,reinforcements,nuke,nuke,0,0,0,0,0,0,0,0,2000,2000,0,0
249,2000,2000,16,0,0,0,0,0.0,0,,0,0,0,0,0,0,0,0,,0,0,0,0,0,16,0,2,2,0,0,0,0,0,0,reinforcements,reinforcements,nuke,nuke,0,0,0,0,0,0,0,0,2000,2000,0,0
252,2000,2000,16,0,0,0,0,0.0,0,,0,0,0,0,0,0,0,0,,0,0,0,0,0,16,0,2,2,0,0,0,0,0,0,reinforcements,reinforcements,nuke,nuke,0,0,0,0,0,0,0,0,2000,2000,0,0
255,2000,2000,16,0,0,0,0,0.0,0,,0,0,0,0,0,0,0,0,,0,0,0,0,0,16,0,2,2,0,0,0,0,0,0,reinforcements,reinforcements,nuke,nuke,0,0,0,0,0,0,0,0,2000,2000,0,0
258,2000,2000,16,0,0,0,0,0.0,0,,0,0,0,0,0,0,0,0,,0,0,0,0,0,16,0,2,2,0,0,0,0,0,0,reinforcements,reinforcements,nuke,nuke,0,0,0,0,0,0,0,0,2000,2000,0,0
261,2000,2000,16,0,0,0,0,0.0,0,,0,0,0,0,0,0,0,0,,0,0,0,0,0,16,0,2,2,0,0,0,0,0,0,reinforcements,reinforcements,nuke,nuke,0,0,0,0,0,0,0,0,2000,2000,0,0
264,2000,2000,16,0,0,0,0,0.0,0,,0,0,0,0,0,0,0,0,,0,0,0,0,0,16,0,2,2,0,0,0,0,0,0,reinforcements,reinforcements,nuke,nuke,0,0,0,0,0,0,0,0,2000,2000,0,0
267,2000,2000,16,0,0,0,0,0.0,0,,0,0,0,0,0,0,0,0,,0,0,0,0,0,16,0,2,2,0,0,0,0,0,0,reinforcements,reinforcements,nuke,nuke,0,0,0,0,0,0,0,0,2000,2000,0,0
270,2000,2000,18,0,0,0,0,0.0,0,,0,0,0,0,0,0,0,0,,0,0,0,0,0,18,0,2,2,0,0,0,0,0,0,reinforcements,reinforcements,nuke,nuke,0,0,0,0,0,0,0,0,2000,2000,0,0
273,2000,2000,0,1,0,0,0,0.0,0,,0,0,0,0,0,0,0,0,,0,0,0,0,0,0,1,3,3,0,0,0,0,0,0,reinforcements,reinforcements,nuke,nuke,0,0,0,0,0,0,0,0,2000,2000,0,0
276,2000,2000,0,1,0,0,0,0.0,0,,0,0,0,0,0,0,0,0,,0,0,0,0,0,0,1,3,3,0,0,0,0,0,0,reinforcements,reinforcements,nuke,nuke,0,0,0,0,0,0,0,0,2000,2000,0,0
279,2000,2000,0,1,0,0,0,0.0,0,,0,0,0,0,0,0,0,0,,0,0,0,0,0,0,1,3,3,0,0,0,0,0,0,reinforcements,reinforcements,nuke,nuke,0,0,0,0,0,0,0,0,2000,2000,0,0
282,2000,2000,0,1,0,0,0,0.0,0,,0,0,0,0,0,0,0,0,,0,0,0,0,0,0,1,3,3,0,0,0,0,0,0,reinforcements,reinforcements,nuke,nuke,0,0,0,0,0,0,0,0,2000,2000,0,0
285,2000,2000,0,1,0,0,0,0.0,0,,0,0,0,0,0,0,0,0,,0,0,0,0,0,0,1,3,3,0,0,0,0,0,0,reinforcements,reinforcements,nuke,nuke,0,0,0,0,0,0,0,0,2000,2000,0,0
288,2000,2000,0,1,0,0,0,0.0,0,,0,0,0,0,0,0,0,0,,0,0,0,0,0,0,1,3,3,0,0,0,0,0,0,reinforcements,reinforcements,nuke,nuke,0,0,0,0,0,0,0,0,2000,2000,0,0
291,2000,2000,0,1,0,0,0,0.0,0,,0,0,0,0,0,0,0,0,,0,0,0,0,0,0,1,3,3,0,0,0,0,0,0,reinforcements,reinforcements,nuke,nuke,0,0,0,0,0,0,0,0,2000,2000,0,0
294,2000,2000,0,1,0,0,0,0.0,0,,0,0,0,0,0,0,0,0,,0,0,0,0,0,0,1,3,3,0,0,0,0,0,0,reinforcements,reinforcements,nuke,nuke,0,0,0,0,0,0,0,0,2000,2000,0,0
297,2000,2000,0,1,0,0,0,0.0,0,,0,0,0,0,0,0,0,0,,0,0,0,0,0,0,1,3,3,0,0,0,0,0,0,reinforcements,reinforcements,nuke,nuke,0,0,0,0,0,0,0,0,2000,2000,0,0
300,2000,2000,3,1,0,0,0,0.0,0,,0,0,0,0,0,0,0,0,,0,0,0,0,0,3,1,3,3,0,0,0,0,0,0,reinforcements,reinforcements,nuke,nuke,0,0,0,0,0,0,0,0,2000,2000,0,0
303,2000,2000,3,1,0,0,0,0.0,0,,0,0,0,0,0,0,0,0,,0,0,0,0,0,3,1,3,3,0,0,0,0,0,0,reinforcements,reinforcements,nuke,nuke,0,0,0,0,0,0,0,0,2000,2000,0,0
306,2000,2000,3,1,0,0,0,0.0,0,,0,0,0,0,0,0,0,0,,0,0,0,0,0,3,1,3,3,0,0,0,0,0,0,reinforcements,reinforcements,nuke,nuke,0,0,0,0,0,0,0,0,2000,2000,0,0
309,2000,2000,3,1,0,0,0,0.0,0,,0,0,0,0,0,0,0,0,,0,0,0,0,0,3,1,3,3,0,0,0,0,0,0,reinforcements,reinforcements,nuke,nuke,0,0,0,0,0,0,0,0,2000,2000,0,0
312,2000,2000,3,1,0,0,0,0.0,0,,0,0,0,0,0,0,0,0,,0,0,0,0,0,3,1,3,3,0,0,0,0,0,0,reinforcements,reinforcements,nuke,nuke,0,0,0,0,0,0,0,0,2000,2000,0,0
315,2000,2000,3,1,0,0,0,0.0,0,,0,0,0,0,0,0,0,0,,0,0,0,0,0,3,1,3,3,0,0,0,0,0,0,reinforcements,reinforcements,nuke,nuke,0,0,0,0,0,0,0,0,2000,2000,0,0
318,2000,2000,3,1,0,0,0,0.0,0,,0,0,0,0,0,0,0,0,,0,0,0,0,0,3,1,3,3,0,0,0,0,0,0,reinforcements,reinforcements,nuke,nuke,0,0,0,0,0,0,0,0,2000,2000,0,0
321,2000,2000,3,1,0,0,0,0.0,0,,0,0,0,0,0,0,0,0,,0,0,0,0,0,3,1,3,3,0,0,0,0,0,0,reinforcements,reinforcements,nuke,nuke,0,0,0,0,0,0,0,0,2000,2000,0,0
324,2000,2000,3,1,0,0,0,0.0,0,,0,0,0,0,0,0,0,0,,0,0,0,0,0,3,1,3,3,0,0,0,0,0,0,reinforcements,reinforcements,nuke,nuke,0,0,0,0,0,0,0,0,2000,2000,0,0
327,2000,2000,3,1,0,0,0,0.0,0,,0,0,0,0,0,0,0,0,,0,0,0,0,0,3,1,3,3,0,0,0,0,0,0,reinforcements,reinforcements,nuke,nuke,0,0,0,0,0,0,0,0,2000,2000,0,0
330,2000,2000,5,1,0,0,0,0.0,0,,0,0,0,0,0,0,0,0,,0,0,0,0,0,5,1,3,3,0,0,0,0,0,0,reinforcements,reinforcements,nuke,nuke,0,0,0,0,0,0,0,0,2000,2000,0,0
333,2000,2000,5,1,0,0,0,0.0,0,,0,0,0,0,0,0,0,0,,0,0,0,0,0,5,1,3,3,0,0,0,0,0,0,reinforcements,reinforcements,nuke,nuke,0,0,0,0,0,0,0,0,2000,2000,0,0
336,2000,2000,5,1,0,0,0,0.0,0,,0,0,0,0,0,0,0,0,,0,0,0,0,0,5,1,3,3,0,0,0,0,0,0,reinforcements,reinforcements,nuke,nuke,0,0,0,0,0,0,0,0,2000,2000,0,0
339,2000,2000,5,1,0,0,0,0.0,0,,0,0,0,0,0,0,0,0,,0,0,0,0,0,5,1,3,3,0,0,0,0,0,0,reinforcements,reinforcements,nuke,nuke,0,0,0,0,0,0,0,0,2000,2000,0,0
342,2000,2000,5,1,0,0,0,0.0,0,,0,0,0,0,0,0,0,0,,0,0,0,0,0,5,1,3,3,0,0,0,0,0,0,reinforcements,reinforcements,nuke,nuke,0,0,0,0,0,0,0,0,2000,2000,0,0
345,2000,2000,5,1,0,0,0,0.0,0,,0,0,0,0,0,0,0,0,,0,0,0,0,0,5,1,3,3,0,0,0,0,0,0,reinforcements,reinforcements,nuke,nuke,0,0,0,0,0,0,0,0,2000,2000,0,0
348,2000,2000,5,1,0,0,0,0.0,0,,0,0,0,0,0,0,0,0,,0,0,0,0,0,5,1,3,3,0,0,0,0,0,0,reinforcements,reinforcements,nuke,nuke,0,0,0,0,0,0,0,0,2000,2000,0,0
351,2000,2000,5,1,0,0,0,0.0,0,,0,0,0,0,0,0,0,0,,0,0,0,0,0,5,1,3,3,0,0,0,0,0,0,reinforcements,reinforcements,nuke,nuke,0,0,0,0,0,0,0,0,2000,2000,0,0
354,2000,2000,5,1,0,0,0,0.0,0,,0,0,0,0,0,0,0,0,,0,0,0,0,0,5,1,3,3,0,0,0,0,0,0,reinforcements,reinforcements,nuke,nuke,0,0,0,0,0,0,0,0,2000,2000,0,0
357,2000,2000,5,1,0,0,0,0.0,0,,0,0,0,0,0,0,0,0,,0,0,0,0,0,5,1,3,3,0,0,0,0,0,0,reinforcements,reinforcements,nuke,nuke,0,0,0,0,0,0,0,0,2000,2000,0,0
360,2000,2000,8,1,0,0,0,0.0,0,,0,0,0,0,0,0,0,0,,0,0,0,0,0,8,1,3,3,0,0,0,0,0,0,reinforcements,reinforcements,nuke,nuke,0,0,0,0,0,0,0,0,2000,2000,0,0
363,2000,2000,8,1,0,0,0,0.0,0,,0,0,0,0,0,0,0,0,,0,0,0,0,0,8,1,3,3,0,0,0,0,0,0,reinforcements,reinforcements,nuke,nuke,0,0,0,0,0,0,0,0,2000,2000,0,0
366,2000,2000,8,1,0,0,0,0.0,0,,0,0,0,0,0,0,0,0,,0,0,0,0,0,8,1,3,3,0,0,0,0,0,0,reinforcements,reinforcements,nuke,nuke,0,0,0,0,0,0,0,0,2000,2000,0,0
369,2000,2000,8,1,0,0,0,0.0,0,,0,0,0,0,0,0,0,0,,0,0,0,0,0,8,1,3,3,0,0,0,0,0,0,reinforcements,reinforcements,nuke,nuke,0,0,0,0,0,0,0,0,2000,2000,0,0
372,2000,2000,8,1,0,0,0,0.0,0,,0,0,0,0,0,0,0,0,,0,0,0,0,0,8,1,3,3,0,0,0,0,0,0,reinforcements,reinforcements,nuke,nuke,0,0,0,0,0,0,0,0,2000,2000,0,0
375,2000,2000,8,1,0,0,0,0.0,0,,0,0,0,0,0,0,0,0,,0,0,0,0,0,8,1,3,3,0,0,0,0,0,0,reinforcements,reinforcements,nuke,nuke,0,0,0,0,0,0,0,0,2000,2000,0,0
378,2000,2000,8,1,0,0,0,0.0,0,,0,0,0,0,0,0,0,0,,0,0,0,0,0,8,1,3,3,0,0,0,0,0,0,reinforcements,reinforcements,nuke,nuke,0,0,0,0,0,0,0,0,2000,2000,0,0
381,2000,2000,8,1,0,0,0,0.0,0,,0,0,0,0,0,0,0,0,,0,0,0,0,0,8,1,3,3,0,0,0,0,0,0,reinforcements,reinforcements,nuke,nuke,0,0,0,0,0,0,0,0,2000,2000,0,0
384,2000,2000,8,1,0,0,0,0.0,0,,0,0,0,0,0,0,0,0,,0,0,0,0,0,8,1,3,3,0,0,0,0,0,0,reinforcements,reinforcements,nuke,nuke,0,0,0,0,0,0,0,0,2000,2000,0,0
387,2000,2000,8,1,0,0,0,0.0,0,,0,0,0,0,0,0,0,0,,0,0,0,0,0,8,1,3,3,0,0,0,0,0,0,reinforcements,reinforcements,nuke,nuke,0,0,0,0,0,0,0,0,2000,2000,0,0
390,2000,2000,11,1,0,0,0,0.0,0,,0,0,0,0,0,0,0,0,,0,0,0,0,0,11,1,3,3,0,0,0,0,0,0,reinforcements,reinforcements,nuke,nuke,0,0,0,0,0,0,0,0,2000,2000,0,0
393,2000,2000,11,1,0,0,0,0.0,0,,0,0,0,0,0,0,0,0,,0,0,0,0,0,11,1,3,3,0,0,0,0,0,0,reinforcements,reinforcements,nuke,nuke,0,0,0,0,0,0,0,0,2000,2000,0,0
396,2000,2000,11,1,0,0,0,0.0,0,,0,0,0,0,0,0,0,0,,0,0,0,0,0,11,1,3,3,0,0,0,0,0,0,reinforcements,reinforcements,nuke,nuke,0,0,0,0,0,0,0,0,2000,2000,0,0
399,2000,2000,11,1,0,0,0,0.0,0,,0,0,0,0,0,0,0,0,,0,0,0,0,0,11,1,3,3,0,0,0,0,0,0,reinforcements,reinforcements,nuke,nuke,0,0,0,0,0,0,0,0,2000,2000,0,0
402,2000,2000,11,1,0,0,0,0.0,0,,0,0,0,0,0,0,0,0,,0,0,0,0,0,11,1,3,3,0,0,0,0,0,0,reinforcements,reinforcements,nuke,nuke,0,0,0,0,0,0,0,0,2000,2000,0,0
405,2000,2000,11,1,0,0,0,0.0,0,,0,0,0,0,0,0,0,0,,0,0,0,0,0,11,1,3,3,0,0,0,0,0,0,reinforcements,reinforcements,nuke,nuke,0,0,0,0,0,0,0,0,2000,2000,0,0
408,2000,2000,11,1,0,0,0,0.0,0,,0,0,0,0,0,0,0,0,,0,0,0,0,0,11,1,3,3,0,0,0,0,0,0,reinforcements,reinforcements,nuke,nuke,0,0,0,0,0,0,0,0,2000,2000,0,0
411,2000,2000,11,1,0,0,0,0.0,0,,0,0,0,0,0,0,0,0,,0,0,0,0,0,11,1,3,3,0,0,0,0,0,0,reinforcements,reinforcements,nuke,nuke,0,0,0,0,0,0,0,0,2000,2000,0,0
414,2000,2000,11,1,0,0,0,0.0,0,,0,0,0,0,0,0,0,0,,0,0,0,0,0,11,1,3,3,0,0,0,0,0,0,reinforcements,reinforcements,nuke,nuke,0,0,0,0,0,0,0,0,2000,2000,0,0
417,2000,2000,11,1,0,0,0,0.0,0,,0,0,0,0,0,0,0,0,,0,0,0,0,0,11,1,3,3,0,0,0,0,0,0,reinforcements,reinforcements,nuke,nuke,0,0,0,0,0,0,0,0,2000,2000,0,0
420,2000,2000,13,1,0,0,0,0.0,0,,0,0,0,0,0,0,0,0,,0,0,0,0,0,13,1,3,3,0,0,0,0,0,0,reinforcements,reinforcements,nuke,nuke,0,0,0,0,0,0,0,0,2000,2000,0,0
423,2000,2000,13,1,0,0,0,0.0,0,,0,0,0,0,0,0,0,0,,0,0,0,0,0,13,1,3,3,0,0,0,0,0,0,reinforcements,reinforcements,nuke,nuke,0,0,0,0,0,0,0,0,2000,2000,0,0
426,2000,2000,13,1,0,0,0,0.0,0,,0,0,0,0,0,0,0,0,,0,0,0,0,0,13,1,3,3,0,0,0,0,0,0,reinforcements,reinforcements,nuke,nuke,0,0,0,0,0,0,0,0,2000,2000,0,0
429,2000,2000,13,1,0,0,0,0.0,0,,0,0,0,0,0,0,0,0,,0,0,0,0,0,13,1,3,3,0,0,0,0,0,0,reinforcements,reinforcements,nuke,nuke,0,0,0,0,0,0,0,0,2000,2000,0,0
432,2000,2000,13,1,0,0,0,0.0,0,,0,0,0,0,0,0,0,0,,0,0,0,0,0,13,1,3,3,0,0,0,0,0,0,reinforcements,reinforcements,nuke,nuke,0,0,0,0,0,0,0,0,2000,2000,0,0
435,2000,2000,13,1,0,0,0,0.0,0,,0,0,0,0,0,0,0,0,,0,0,0,0,0,13,1,3,3,0,0,0,0,0,0,reinforcements,reinforcements,nuke,nuke,0,0,0,0,0,0,0,0,2000,2000,0,0
438,2000,2000,13,1,0,0,0,0.0,0,,0,0,0,0,0,0,0,0,,0,0,0,0,0,13,1,3,3,0,0,0,0,0,0,reinforcements,reinforcements,nuke,nuke,0,0,0,0,0,0,0,0,2000,2000,0,0
441,2000,2000,13,1,0,0,0,0.0,0,,0,0,0,0,0,0,0,0,,0,0,0,0,0,13,1,3,3,0,0,0,0,0,0,reinforcements,reinforcements,nuke,nuke,0,0,0,0,0,0,0,0,2000,2000,0,0
444,2000,2000,13,1,0,0,0,0.0,0,,0,0,0,0,0,0,0,0,,0,0,0,0,0,13,1,3,3,0,0,0,0,0,0,reinforcements,reinforcements,nuke,nuke,0,0,0,0,0,0,0,0,2000,2000,0,0
447,2000,2000,13,1,0,0,0,0.0,0,,0,0,0,0,0,0,0,0,,0,0,0,0,0,13,1,3,3,0,0,0,0,0,0,reinforcements,reinforcements,nuke,nuke,0,0,0,0,0,0,0,0,2000,2000,0,0
450,2000,2000,16,1,0,0,0,0.0,0,,0,0,0,0,0,0,0,0,,0,0,0,0,0,16,1,3,3,0,0,0,0,0,0,reinforcements,reinforcements,nuke,nuke,0,0,0,0,0,0,0,0,2000,2000,0,0
453,2000,2000,16,1,0,0,0,0.0,0,,0,0,0,0,0,0,0,0,,0,0,0,0,0,16,1,3,3,0,0,0,0,0,0,reinforcements,reinforcements,nuke,nuke,0,0,0,0,0,0,0,0,2000,2000,0,0
456,2000,2000,16,1,0,0,0,0.0,0,,0,0,0,0,0,0,0,0,,0,0,0,0,0,16,1,3,3,0,0,0,0,0,0,reinforcements,reinforcements,nuke,nuke,0,0,0,0,0,0,0,0,2000,2000,0,0
459,2000,2000,16,1,0,0,0,0.0,0,,0,0,0,0,0,0,0,0,,0,0,0,0,0,16,1,3,3,0,0,0,0,0,0,reinforcements,reinforcements,nuke,nuke,0,0,0,0,0,0,0,0,2000,2000,0,0
462,2000,2000,16,1,0,0,0,0.0,0,,0,0,0,0,0,0,0,0,,0,0,0,0,0,16,1,3,3,0,0,0,0,0,0,reinforcements,reinforcements,nuke,nuke,0,0,0,0,0,0,0,0,2000,2000,0,0
465,2000,2000,16,1,0,0,0,0.0,0,,0,0,0,0,0,0,0,0,,0,0,0,0,0,16,1,3,3,0,0,0,0,0,0,reinforcements,reinforcements,nuke,nuke,0,0,0,0,0,0,0,0,2000,2000,0,0
468,2000,2000,16,1,0,0,0,0.0,0,,0,0,0,0,0,0,0,0,,0,0,0,0,0,16,1,3,3,0,0,0,0,0,0,reinforcements,reinforcements,nuke,nuke,0,0,0,0,0,0,0,0,2000,2000,0,0
471,2000,2000,16,1,0,0,0,0.0,0,,0,0,0,0,0,0,0,0,,0,0,0,0,0,16,1,3,3,0,0,0,0,0,0,reinforcements,reinforcements,nuke,nuke,0,0,0,0,0,0,0,0,2000,2000,0,0
474,2000,2000,16,1,0,0,0,0.0,0,,0,0,0,0,0,0,0,0,,0,0,0,0,0,16,1,3,3,0,0,0,0,0,0,reinforcements,reinforcements,nuke,nuke,0,0,0,0,0,0,0,0,2000,2000,0,0
477,2000,2000,16,1,0,0,0,0.0,0,,0,0,0,0,0,0,0,0,,0,0,0,0,0,16,1,3,3,0,0,0,0,0,0,reinforcements,reinforcements,nuke,nuke,0,0,0,0,0,0,0,0,2000,2000,0,0
480,2000,2000,19,1,0,0,0,0.0,0,,0,0,0,0,0,0,0,0,,0,0,0,0,0,19,1,3,3,0,0,0,0,0,0,reinforcements,reinforcements,nuke,nuke,0,0,0,0,0,0,0,0,2000,2000,0,0
483,2000,2000,19,1,0,0,0,0.0,0,,0,0,0,0,0,0,0,0,,0,0,0,0,0,19,1,3,3,0,0,0,0,0,0,reinforcements,reinforcements,nuke,nuke,0,0,0,0,0,0,0,0,2000,2000,0,0
486,2000,2000,19,1,0,0,0,0.0,0,,0,0,0,0,0,0,0,0,,0,0,0,0,0,19,1,3,3,0,0,0,0,0,0,reinforcements,reinforcements,nuke,nuke,0,0,0,0,0,0,0,0,2000,2000,0,0
489,2000,2000,19,1,0,0,0,0.0,0,,0,0,0,0,0,0,0,0,,0,0,0,0,0,19,1,3,3,0,0,0,0,0,0,reinforcements,reinforcements,nuke,nuke,0,0,0,0,0,0,0,0,2000,2000,0,0
492,2000,2000,19,1,0,0,0,0.0,0,,0,0,0,0,0,0,0,0,,0,0,0,0,0,19,1,3,3,0,0,0,0,0,0,reinforcements,reinforcements,nuke,nuke,0,0,0,0,0,0,0,0,2000,2000,0,0
495,2000,2000,19,1,0,0,0,0.0,0,,0,0,0,0,0,0,0,0,,0,0,0,0,0,19,1,3,3,0,0,0,0,0,0,reinforcements,reinforcements,nuke,nuke,0,0,0,0,0,0,0,0,2000,2000,0,0
498,2000,2000,19,1,0,0,0,0.0,0,,0,0,0,0,0,0,0,0,,0,0,0,0,0,19,1,3,3,0,0,0,0,0,0,reinforcements,reinforcements,nuke,nuke,0,0,0,0,0,0,0,0,2000,2000,0,0
501,2000,2000,19,1,0,0,0,0.0,0,,0,0,0,0,0,0,0,0,,0,0,0,0,0,19,1,3,3,0,0,0,0,0,0,reinforcements,reinforcements,nuke,nuke,0,0,0,0,0,0,0,0,2000,2000,0,0
504,2000,2000,19,1,0,0,0,0.0,0,,0,0,0,0,0,0,0,0,,0,0,0,0,0,19,1,3,3,0,0,0,0,0,0,reinforcements,reinforcements,nuke,nuke,0,0,0,0,0,0,0,0,2000,2000,0,0
507,2000,2000,19,1,0,0,0,0.0,0,,0,0,0,0,0,0,0,0,,0,0,0,0,0,19,1,3,3,0,0,0,0,0,0,reinforcements,reinforcements,nuke,nuke,0,0,0,0,0,0,0,0,2000,2000,0,0
510,2000,2000,21,1,0,0,0,0.0,0,,0,0,0,0,0,0,0,0,,0,0,0,0,0,21,1,3,3,0,0,0,0,0,0,reinforcements,reinforcements,nuke,nuke,0,0,0,0,0,0,0,0,2000,2000,0,0
513,2000,2000,21,1,0,0,0,0.0,0,,0,0,0,0,0,0,0,0,,0,0,0,0,0,21,1,3,3,0,0,0,0,0,0,reinforcements,reinforcements,nuke,nuke,0,0,0,0,0,0,0,0,2000,2000,0,0
516,2000,2000,21,1,0,0,0,0.0,0,,0,0,0,0,0,0,0,0,,0,0,0,0,0,21,1,3,3,0,0,0,0,0,0,reinforcements,reinforcements,nuke,nuke,0,0,0,0,0,0,0,0,2000,2000,0,0
519,2000,2000,21,1,0,0,0,0.0,0,,0,0,0,0,0,0,0,0,,0,0,0,0,0,21,1,3,3,0,0,0,0,0,0,reinforcements,reinforcements,nuke,nuke,0,0,0,0,0,0,0,0,2000,2000,0,0
522,2000,2000,21,1,0,0,0,0.0,0,,0,0,0,0,0,0,0,0,,0,0,0,0,0,21,1,3,3,0,0,0,0,0,0,reinforcements,reinforcements,nuke,nuke,0,0,0,0,0,0,0,0,2000,2000,0,0
525,2000,2000,21,1,0,0,0,0.0,0,,0,0,0,0,0,0,0,0,,0,0,0,0,0,21,1,3,3,0,0,0,0,0,0,reinforcements,reinforcements,nuke,nuke,0,0,0,0,0,0,0,0,2000,2000,0,0
528,2000,2000,21,1,0,0,0,0.0,0,,0,0,0,0,0,0,0,0,,0,0,0,0,0,21,1,3,3,0,0,0,0,0,0,reinforcements,reinforcements,nuke,nuke,0,0,0,0,0,0,0,0,2000,2000,0,0
531,2000,2000,21,1,0,0,0,0.0,0,,0,0,0,0,0,0,0,0,,0,0,0,0,0,21,1,3,3,0,0,0,0,0,0,reinforcements,reinforcements,nuke,nuke,0,0,0,0,0,0,0,0,2000,2000,0,0
534,2000,2000,21,1,0,0,0,0.0,0,,0,0,0,0,0,0,0,0,,0,0,0,0,0,21,1,3,3,0,0,0,0,0,0,reinforcements,reinforcements,nuke,nuke,0,0,0,0,0,0,0,0,2000,2000,0,0
537,2000,2000,21,1,0,0,0,0.0,0,,0,0,0,0,0,0,0,0,,0,0,0,0,0,21,1,3,3,0,0,0,0,0,0,reinforcements,reinforcements,nuke,nuke,0,0,0,0,0,0,0,0,2000,2000,0,0
540,2000,2000,24,1,0,0,0,0.0,0,,0,0,0,0,0,0,0,0,,0,0,0,0,0,24,1,3,3,0,0,0,0,0,0,reinforcements,reinforcements,nuke,nuke,0,0,0,0,0,0,0,0,2000,2000,0,0
543,2000,2000,24,1,0,0,0,0.0,0,,0,0,0,0,0,0,0,0,,0,0,0,0,0,24,1,3,3,0,0,0,0,0,0,reinforcements,reinforcements,nuke,nuke,0,0,0,0,0,0,0,0,2000,2000,0,0
546,2000,2000,24,1,0,0,0,0.0,0,,0,0,0,0,0,0,0,0,,0,0,0,0,0,24,1,3,3,0,0,0,0,0,0,reinforcements,reinforcements,nuke,nuke,0,0,0,0,0,0,0,0,2000,2000,0,0
549,2000,2000,24,1,0,0,0,0.0,0,,0,0,0,0,0,0,0,0,,0,0,0,0,0,24,1,3,3,0,0,0,0,0,0,reinforcements,reinforcements,nuke,nuke,0,0,0,0,0,0,0,0,2000,2000,0,0
552,2000,2000,24,1,0,0,0,0.0,0,,0,0,0,0,0,0,0,0,,0,0,0,0,0,24,1,3,3,0,0,0,0,0,0,reinforcements,reinforcements,nuke,nuke,0,0,0,0,0,0,0,0,2000,2000,0,0
555,2000,2000,24,1,0,0,0,0.0,0,,0,0,0,0,0,0,0,0,,0,0,0,0,0,24,1,3,3,0,0,0,0,0,0,reinforcements,reinforcements,nuke,nuke,0,0,0,0,0,0,0,0,2000,2000,0,0
558,2000,2000,24,1,0,0,0,0.0,0,,0,0,0,0,0,0,0,0,,0,0,0,0,0,24,1,3,3,0,0,0,0,0,0,reinforcements,reinforcements,nuke,nuke,0,0,0,0,0,0,0,0,2000,2000,0,0
561,2000,2000,24,1,0,0,0,0.0,0,,0,0,0,0,0,0,0,0,,0,0,0,0,0,24,1,3,3,0,0,0,0,0,0,reinforcements,reinforcements,nuke,nuke,0,0,0,0,0,0,0,0,2000,2000,0,0
564,2000,2000,24,1,0,0,0,0.0,0,,0,0,0,0,0,0,0,0,,0,0,0,0,0,24,1,3,3,0,0,0,0,0,0,reinforcements,reinforcements,nuke,nuke,0,0,0,0,0,0,0,0,2000,2000,0,0
567,2000,2000,24,1,0,0,0,0.0,0,,0,0,0,0,0,0,0,0,,0,0,0,0,0,24,1,3,3,0,0,0,0,0,0,reinforcements,reinforcements,nuke,nuke,0,0,0,0,0,0,0,0,2000,2000,0,0
570,2000,2000,26,1,0,0,0,0.0,0,,0,0,0,0,0,0,0,0,,0,0,0,0,0,26,1,3,3,0,0,0,0,0,0,reinforcements,reinforcements,nuke,nuke,0,0,0,0,0,0,0,0,2000,2000,0,0
573,2000,2000,26,1,0,0,0,0.0,0,,0,0,0,0,0,0,0,0,,0,0,0,0,0,26,1,3,3,0,0,0,0,0,0,reinforcements,reinforcements,nuke,nuke,0,0,0,0,0,0,0,0,2000,2000,0,0
576,2000,2000,26,1,0,0,0,0.0,0,,0,0,0,0,0,0,0,0,,0,0,0,0,0,26,1,3,3,0,0,0,0,0,0,reinforcements,reinforcements,nuke,nuke,0,0,0,0,0,0,0,0,2000,2000,0,0
579,2000,2000,26,1,0,0,0,0.0,0,,0,0,0,0,0,0,0,0,,0,0,0,0,0,26,1,3,3,0,0,0,0,0,0,reinforcements,reinforcements,nuke,nuke,0,0,0,0,0,0,0,0,2000,2000,0,0
582,2000,2000,26,1,0,0,0,0.0,0,,0,0,0,0,0,0,0,0,,0,0,0,0,0,26,1,3,3,0,0,0,0,0,0,reinforcements,reinforcements,nuke,nuke,0,0,0,0,0,0,0,0,2000,2000,0,0
585,2000,2000,26,1,0,0,0,0.0,0,,0,0,0,0,0,0,0,0,,0,0,0,0,0,26,1,3,3,0,0,0,0,0,0,reinforcements,reinforcements,nuke,nuke,0,0,0,0,0,0,0,0,2000,2000,0,0
588,2000,2000,26,1,0,0,0,0.0,0,,0,0,0,0,0,0,0,0,,0,0,0,0,0,26,1,3,3,0,0,0,0,0,0,reinforcements,reinforcements,nuke,nuke,0,0,0,0,0,0,0,0,2000,2000,0,0
591,2000,2000,26,1,0,0,0,0.0,0,,0,0,0,0,0,0,0,0,,0,0,0,0,0,26,1,3,3,0,0,0,0,0,0,reinforcements,reinforcements,nuke,nuke,0,0,0,0,0,0,0,0,2000,2000,0,0
594,2000,2000,26,1,0,0,0,0.0,0,,0,0,0,0,0,0,0,0,,0,0,0,0,0,26,1,3,3,0,0,0,0,0,0,reinforcements,reinforcements,nuke,nuke,0,0,0,0,0,0,0,0,2000,2000,0,0
597,2000,2000,26,1,0,0,0,0.0,0,,0,0,0,0,0,0,0,0,,0,0,0,0,0,26,1,3,3,0,0,0,0,0,0,reinforcements,reinforcements,nuke,nuke,0,0,0,0,0,0,0,0,2000,2000,0,0
600,2000,2000,29,1,0,0,0,0.0,0,,0,0,0,0,0,0,0,0,,0,0,0,0,0,29,1,3,3,0,0,0,0,0,0,reinforcements,reinforcements,nuke,nuke,0,0,0,0,0,0,0,0,2000,2000,0,0
603,2000,2000,29,1,0,0,0,0.0,0,,0,0,0,0,0,0,0,0,,0,0,0,0,0,29,1,3,3,0,0,0,0,0,0,reinforcements,reinforcements,nuke,nuke,0,0,0,0,0,0,0,0,2000,2000,0,0
606,2000,2000,29,1,0,0,0,0.0,0,,0,0,0,0,0,0,0,0,,0,0,0,0,0,29,1,3,3,0,0,0,0,0,0,reinforcements,reinforcements,nuke,nuke,0,0,0,0,0,0,0,0,2000,2000,0,0
609,2000,2000,29,1,0,0,0,0.0,0,,0,0,0,0,0,0,0,0,,0,0,0,0,0,29,1,3,3,0,0,0,0,0,0,reinforcements,reinforcements,nuke,nuke,0,0,0,0,0,0,0,0,2000,2000,0,0
612,2000,2000,29,1,0,0,0,0.0,0,,0,0,0,0,0,0,0,0,,0,0,0,0,0,29,1,3,3,0,0,0,0,0,0,reinforcements,reinforcements,nuke,nuke,0,0,0,0,0,0,0,0,2000,2000,0,0
615,2000,2000,29,1,0,0,0,0.0,0,,0,0,0,0,0,0,0,0,,0,0,0,0,0,29,1,3,3,0,0,0,0,0,0,reinforcements,reinforcements,nuke,nuke,0,0,0,0,0,0,0,0,2000,2000,0,0
618,2000,2000,29,1,0,0,0,0.0,0,,0,0,0,0,0,0,0,0,,0,0,0,0,0,29,1,3,3,0,0,0,0,0,0,reinforcements,reinforcements,nuke,nuke,0,0,0,0,0,0,0,0,2000,2000,0,0
621,2000,2000,29,1,0,0,0,0.0,0,,0,0,0,0,0,0,0,0,,0,0,0,0,0,29,1,3,3,0,0,0,0,0,0,reinforcements,reinforcements,nuke,nuke,0,0,0,0,0,0,0,0,2000,2000,0,0
624,2000,2000,29,1,0,0,0,0.0,0,,0,0,0,0,0,0,0,0,,0,0,0,0,0,29,1,3,3,0,0,0,0,0,0,reinforcements,reinforcements,nuke,nuke,0,0,0,0,0,0,0,0,2000,2000,0,0
627,2000,2000,29,1,0,0,0,0.0,0,,0,0,0,0,0,0,0,0,,0,0,0,0,0,29,1,3,3,0,0,0,0,0,0,reinforcements,reinforcements,nuke,nuke,0,0,0,0,0,0,0,0,2000,2000,0,0
630,2000,2000,32,1,0,0,0,0.0,0,,0,0,0,0,0,0,0,0,,0,0,0,0,0,32,1,3,3,0,0,0,0,0,0,reinforcements,reinforcements,nuke,nuke,0,0,0,0,0,0,0,0,2000,2000,0,0
633,2000,2000,0,2,0,0,0,0.0,0,,0,0,0,0,0,0,0,0,,0,0,0,0,0,0,2,4,4,0,0,0,0,0,0,reinforcements,reinforcements,nuke,nuke,0,0,0,0,0,0,0,0,2000,2000,0,0
636,2000,2000,0,2,0,0,0,0.0,0,,0,0,0,0,0,0,0,0,,0,0,0,0,0,0,2,4,4,0,0,0,0,0,0,reinforcements,reinforcements,nuke,nuke,0,0,0,0,0,0,0,0,2000,2000,0,0
639,2000,2000,0,2,0,0,0,0.0,0,,0,0,0,0,0,0,0,0,,0,0,0,0,0,0,2,4,4,0,0,0,0,0,0,reinforcements,reinforcements,nuke,nuke,0,0,0,0,0,0,0,0,2000,2000,0,0
642,2000,2000,0,2,0,0,0,0.0,0,,0,0,0,0,0,0,0,0,,0,0,0,0,0,0,2,4,4,0,0,0,0,0,0,reinforcements,reinforcements,nuke,nuke,0,0,0,0,0,0,0,0,2000,2000,0,0
645,2000,2000,0,2,0,0,0,0.0,0,,0,0,0,0,0,0,0,0,,0,0,0,0,0,0,2,4,4,0,0,0,0,0,0,reinforcements,reinforcements,nuke,nuke,0,0,0,0,0,0,0,0,2000,2000,0,0
648,2000,2000,0,2,0,0,0,0.0,0,,0,0,0,0,0,0,0,0,,0,0,0,0,0,0,2,4,4,0,0,0,0,0,0,reinforcements,reinforcements,nuke,nuke,0,0,0,0,0,0,0,0,2000,2000,0,0
651,2000,2000,0,2,0,0,0,0.0,0,,0,0,0,0,0,0,0,0,,0,0,0,0,0,0,2,4,4,0,0,0,0,0,0,reinforcements,reinforcements,nuke,nuke,0,0,0,0,0,0,0,0,2000,2000,0,0
654,2000,2000,0,2,0,0,0,0.0,0,,0,0,0,0,0,0,0,0,,0,0,0,0,0,0,2,4,4,0,0,0,0,0,0,reinforcements,reinforcements,nuke,nuke,0,0,0,0,0,0,0,0,2000,2000,0,0
657,2000,2000,0,2,0,0,0,0.0,0,,0,0,0,0,0,0,0,0,,0,0,0,0,0,0,2,4,4,0,0,0,0,0,0,reinforcements,reinforcements,nuke,nuke,0,0,0,0,0,0,0,0,2000,2000,0,0
660,2000,2000,4,2,0,0,0,0.0,0,,0,0,0,0,0,0,0,0,,0,0,0,0,0,4,2,4,4,0,0,0,0,0,0,reinforcements,reinforcements,nuke,nuke,0,0,0,0,0,0,0,0,2000,2000,0,0
663,2000,2000,4,2,0,0,0,0.0,0,,0,0,0,0,0,0,0,0,,0,0,0,0,0,4,2,4,4,0,0,0,0,0,0,reinforcements,reinforcements,nuke,nuke,0,0,0,0,0,0,0,0,2000,2000,0,0
666,2000,2000,4,2,0,0,0,0.0,0,,0,0,0,0,0,0,0,0,,0,0,0,0,0,4,2,4,4,0,0,0,0,0,0,reinforcements,reinforcements,nuke,nuke,0,0,0,0,0,0,0,0,2000,2000,0,0
669,2000,2000,4,2,0,0,0,0.0,0,,0,0,0,0,0,0,0,0,,0,0,0,0,0,4,2,4,4,0,0,0,0,0,0,reinforcements,reinforcements,nuke,nuke,0,0,0,0,0,0,0,0,2000,2000,0,0
672,2000,2000,4,2,0,0,0,0.0,0,,0,0,0,0,0,0,0,0,,0,0,0,0,0,4,2,4,4,0,0,0,0,0,0,reinforcements,reinforcements,nuke,nuke,0,0,0,0,0,0,0,0,2000,2000,0,0
675,2000,2000,4,2,0,0,0,0.0,0,,0,0,0,0,0,0,0,0,,0,0,0,0,0,4,2,4,4,0,0,0,0,0,0,reinforcements,reinforcements,nuke,nuke,0,0,0,0,0,0,0,0,2000,2000,0,0
678,2000,2000,4,2,0,0,0,0.0,0,,0,0,0,0,0,0,0,0,,0,0,0,0,0,4,2,4,4,0,0,0,0,0,0,reinforcements,reinforcements,nuke,nuke,0,0,0,0,0,0,0,0,2000,2000,0,0
681,2000,2000,4,2,0,0,0,0.0,0,,0,0,0,0,0,0,0,0,,0,0,0,0,0,4,2,4,4,0,0,0,0,0,0,reinforcements,reinforcements,nuke,nuke,0,0,0,0,0,0,0,0,2000,2000,0,0
684,2000,2000,4,2,0,0,0,0.0,0,,0,0,0,0,0,0,0,0,,0,0,0,0,0,4,2,4,4,0,0,0,0,0,0,reinforcements,reinforcements,nuke,nuke,0,0,0,0,0,0,0,0,2000,2000,0,0
687,2000,2000,4,2,0,0,0,0.0,0,,0,0,0,0,0,0,0,0,,0,0,0,0,0,4,2,4,4,0,0,0,0,0,0,reinforcements,reinforcements,nuke,nuke,0,0,0,0,0,0,0,0,2000,2000,0,0
690,2000,2000,9,2,0,0,0,0.0,0,,0,0,0,0,0,0,0,0,,0,0,0,0,0,9,2,4,4,0,0,0,0,0,0,reinforcements,reinforcements,nuke,nuke,0,0,0,0,0,0,0,0,2000,2000,0,0
693,2000,2000,9,2,0,0,0,0.0,0,,0,0,0,0,0,0,0,0,,0,0,0,0,0,9,2,4,4,0,0,0,0,0,0,reinforcements,reinforcements,nuke,nuke,0,0,0,0,0,0,0,0,2000,2000,0,0
696,2000,2000,9,2,0,0,0,0.0,0,,0,0,0,0,0,0,0,0,,0,0,0,0,0,9,2,4,4,0,0,0,0,0,0,reinforcements,reinforcements,nuke,nuke,0,0,0,0,0,0,0,0,2000,2000,0,0
699,2000,2000,9,2,0,0,0,0.0,0,,0,0,0,0,0,0,0,0,,0,0,0,0,0,9,2,4,4,0,0,0,0,0,0,reinforcements,reinforcements,nuke,nuke,0,0,0,0,0,0,0,0,2000,2000,0,0
702,2000,2000,9,2,0,0,0,0.0,0,,0,0,0,0,0,0,0,0,,0,0,0,0,0,9,2,4,4,0,0,0,0,0,0,reinforcements,reinforcements,nuke,nuke,0,0,0,0,0,0,0,0,2000,2000,0,0
705,2000,2000,9,2,0,0,0,0.0,0,,0,0,0,0,0,0,0,0,,0,0,0,0,0,9,2,4,4,0,0,0,0,0,0,reinforcements,reinforcements,nuke,nuke,0,0,0,0,0,0,0,0,2000,2000,0,0
708,2000,2000,9,2,0,0,0,0.0,0,,0,0,0,0,0,0,0,0,,0,0,0,0,0,9,2,4,4,0,0,0,0,0,0,reinforcements,reinforcements,nuke,nuke,0,0,0,0,0,0,0,0,2000,2000,0,0
711,2000,2000,9,2,0,0,0,0.0,0,,0,0,0,0,0,0,0,0,,0,0,0,0,0,9,2,4,4,0,0,0,0,0,0,reinforcements,reinforcements,nuke,nuke,0,0,0,0,0,0,0,0,2000,2000,0,0
714,2000,2000,9,2,0,0,0,0.0,0,,0,0,0,0,0,0,0,0,,0,0,0,0,0,9,2,4,4,0,0,0,0,0,0,reinforcements,reinforcements,nuke,nuke,0,0,0,0,0,0,0,0,2000,2000,0,0
717,2000,2000,9,2,0,0,0,0.0,0,,0,0,0,0,0,0,0,0,,0,0,0,0,0,9,2,4,4,0,0,0,0,0,0,reinforcements,reinforcements,nuke,nuke,0,0,0,0,0,0,0,0,2000,2000,0,0
720,2000,2000,13,2,0,0,0,0.0,0,,0,0,0,0,0,0,0,0,,0,0,0,0,0,13,2,4,4,0,0,0,0,0,0,reinforcements,reinforcements,nuke,nuke,0,0,0,0,0,0,0,0,2000,2000,0,0
723,2000,2000,13,2,0,0,0,0.0,0,,0,0,0,0,0,0,0,0,,0,0,0,0,0,13,2,4,4,0,0,0,0,0,0,reinforcements,reinforcements,nuke,nuke,0,0,0,0,0,0,0,0,2000,2000,0,0
726,2000,2000,13,2,0,0,0,0.0,0,,0,0,0,0,0,0,0,0,,0,0,0,0,0,13,2,4,4,0,0,0,0,0,0,reinforcements,reinforcements,nuke,nuke,0,0,0,0,0,0,0,0,2000,2000,0,0
729,2000,2000,13,2,0,0,0,0.0,0,,0,0,0,0,0,0,0,0,,0,0,0,0,0,13,2,4,4,0,0,0,0,0,0,reinforcements,reinforcements,nuke,nuke,0,0,0,0,0,0,0,0,2000,2000,0,0
732,2000,2000,13,2,0,0,0,0.0,0,,0,0,0,0,0,0,0,0,,0,0,0,0,0,13,2,4,4,0,0,0,0,0,0,reinforcements,reinforcements,nuke,nuke,0,0,0,0,0,0,0,0,2000,2000,0,0
735,2000,2000,13,2,0,0,0,0.0,0,,0,0,0,0,0,0,0,0,,0,0,0,0,0,13,2,4,4,0,0,0,0,0,0,reinforcements,reinforcements,nuke,nuke,0,0,0,0,0,0,0,0,2000,2000,0,0
738,2000,2000,13,2,0,0,0,0.0,0,,0,0,0,0,0,0,0,0,,0,0,0,0,0,13,2,4,4,0,0,0,0,0,0,reinforcements,reinforcements,nuke,nuke,0,0,0,0,0,0,0,0,2000,2000,0,0
741,2000,2000,13,2,0,0,0,0.0,0,,0,0,0,0,0,0,0,0,,0,0,0,0,0,13,2,4,4,0,0,0,0,0,0,reinforcements,reinforcements,nuke,nuke,0,0,0,0,0,0,0,0,2000,2000,0,0
744,2000,2000,13,2,0,0,0,0.0,0,,0,0,0,0,0,0,0,0,,0,0,0,0,0,13,2,4,4,0,0,0,0,0,0,reinforcements,reinforcements,nuke,nuke,0,0,0,0,0,0,0,0,2000,2000,0,0
747,2000,2000,13,2,0,0,0,0.0,0,,0,0,0,0,0,0,0,0,,0,0,0,0,0,13,2,4,4,0,0,0,0,0,0,reinforcements,reinforcements,nuke,nuke,0,0,0,0,0,0,0,0,2000,2000,0,0
750,2000,2000,18,2,0,0,0,0.0,0,,0,0,0,0,0,0,0,0,,0,0,0,0,0,18,2,4,4,0,0,0,0,0,0,reinforcements,reinforcements,nuke,nuke,0,0,0,0,0,0,0,0,2000,2000,0,0
753,2000,2000,18,2,0,0,0,0.0,0,,0,0,0,0,0,0,0,0,,0,0,0,0,0,18,2,4,4,0,0,0,0,0,0,reinforcements,reinforcements,nuke,nuke,0,0,0,0,0,0,0,0,2000,2000,0,0
756,2000,2000,18,2,0,0,0,0.0,0,,0,0,0,0,0,0,0,0,,0,0,0,0,0,18,2,4,4,0,0,0,0,0,0,reinforcements,reinforcements,nuke,nuke,0,0,0,0,0,0,0,0,2000,2000,0,0
759,2000,2000,18,2,0,0,0,0.0,0,,0,0,0,0,0,0,0,0,,0,0,0,0,0,18,2,4,4,0,0,0,0,0,0,reinforcements,reinforcements,nuke,nuke,0,0,0,0,0,0,0,0,2000,2000,0,0
762,2000,2000,18,2,0,0,0,0.0,0,,0,0,0,0,0,0,0,0,,0,0,0,0,0,18,2,4,4,0,0,0,0,0,0,reinforcements,reinforcements,nuke,nuke,0,0,0,0,0,0,0,0,2000,2000,0,0
765,2000,2000,18,2,0,0,0,0.0,0,,0,0,0,0,0,0,0,0,,0,0,0,0,0,18,2,4,4,0,0,0,0,0,0,reinforcements,reinforcements,nuke,nuke,0,0,0,0,0,0,0,0,2000,2000,0,0
768,2000,2000,18,2,0,0,0,0.0,0,,0,0,0,0,0,0,0,0,,0,0,0,0,0,18,2,4,4,0,0,0,0,0,0,reinforcements,reinforcements,nuke,nuke,0,0,0,0,0,0,0,0,2000,2000,0,0
771,2000,2000,18,2,0,0,0,0.0,0,,0,0,0,0,0,0,0,0,,0,0,0,0,0,18,2,4,4,0,0,0,0,0,0,reinforcements,reinforcements,nuke,nuke,0,0,0,0,0,0,0,0,2000,2000,0,0
774,2000,2000,18,2,0,0,0,0.0,0,,0,0,0,0,0,0,0,0,,0,0,0,0,0,18,2,4,4,0,0,0,0,0,0,reinforcements,reinforcements,nuke,nuke,0,0,0,0,0,0,0,0,2000,2000,0,0
777,2000,2000,18,2,0,0,0,0.0,0,,0,0,0,0,0,0,0,0,,0,0,0,0,0,18,2,4,4,0,0,0,0,0,0,reinforcements,reinforcements,nuke,nuke,0,0,0,0,0,0,0,0,2000,2000,0,0
780,2000,2000,22,2,0,0,0,0.0,0,,0,0,0,0,0,0,0,0,,0,0,0,0,0,22,2,4,4,0,0,0,0,0,0,reinforcements,reinforcements,nuke,nuke,0,0,0,0,0,0,0,0,2000,2000,0,0
783,2000,2000,22,2,0,0,0,0.0,0,,0,0,0,0,0,0,0,0,,0,0,0,0,0,22,2,4,4,0,0,0,0,0,0,reinforcements,reinforcements,nuke,nuke,0,0,0,0,0,0,0,0,2000,2000,0,0
786,2000,2000,22,2,0,0,0,0.0,0,,0,0,0,0,0,0,0,0,,0,0,0,0,0,22,2,4,4,0,0,0,0,0,0,reinforcements,reinforcements,nuke,nuke,0,0,0,0,0,0,0,0,2000,2000,0,0
789,2000,2000,22,2,0,0,0,0.0,0,,0,0,0,0,0,0,0,0,,0,0,0,0,0,22,2,4,4,0,0,0,0,0,0,reinforcements,reinforcements,nuke,nuke,0,0,0,0,0,0,0,0,2000,2000,0,0
792,2000,2000,22,2,0,0,0,0.0,0,,0,0,0,0,0,0,0,0,,0,0,0,0,0,22,2,4,4,0,0,0,0,0,0,reinforcements,reinforcements,nuke,nuke,0,0,0,0,0,0,0,0,2000,2000,0,0
795,2000,2000,22,2,0,0,0,0.0,0,,0,0,0,0,0,0,0,0,,0,0,0,0,0,22,2,4,4,0,0,0,0,0,0,reinforcements,reinforcements,nuke,nuke,0,0,0,0,0,0,0,0,2000,2000,0,0
798,2000,2000,22,2,0,0,0,0.0,0,,0,0,0,0,0,0,0,0,,0,0,0,0,0,22,2,4,4,0,0,0,0,0,0,reinforcements,reinforcements,nuke,nuke,0,0,0,0,0,0,0,0,2000,2000,0,0
801,2000,2000,22,2,0,0,0,0.0,0,,0,0,0,0,0,0,0,0,,0,0,0,0,0,22,2,4,4,0,0,0,0,0,0,reinforcements,reinforcements,nuke,nuke,0,0,0,0,0,0,0,0,2000,2000,0,0
804,2000,2000,22,2,0,0,0,0.0,0,,0,0,0,0,0,0,0,0,,0,0,0,0,0,22,2,4,4,0,0,0,0,0,0,reinforcements,reinforcements,nuke,nuke,0,0,0,0,0,0,0,0,2000,2000,0,0
807,2000,2000,22,2,0,0,0,0.0,0,,0,0,0,0,0,0,0,0,,0,0,0,0,0,22,2,4,4,0,0,0,0,0,0,reinforcements,reinforcements,nuke,nuke,0,0,0,0,0,0,0,0,2000,2000,0,0
810,2000,2000,27,2,0,0,0,0.0,0,,0,0,0,0,0,0,0,0,,0,0,0,0,0,27,2,4,4,0,0,0,0,0,0,reinforcements,reinforcements,nuke,nuke,0,0,0,0,0,0,0,0,2000,2000,0,0
813,2000,2000,27,2,0,0,0,0.0,0,,0,0,0,0,0,0,0,0,,0,0,0,0,0,27,2,4,4,0,0,0,0,0,0,reinforcements,reinforcements,nuke,nuke,0,0,0,0,0,0,0,0,2000,2000,0,0
816,2000,2000,27,2,0,0,0,0.0,0,,0,0,0,0,0,0,0,0,,0,0,0,0,0,27,2,4,4,0,0,0,0,0,0,reinforcements,reinforcements,nuke,nuke,0,0,0,0,0,0,0,0,2000,2000,0,0
819,2000,2000,27,2,0,0,0,0.0,0,,0,0,0,0,0,0,0,0,,0,0,0,0,0,27,2,4,4,0,0,0,0,0,0,reinforcements,reinforcements,nuke,nuke,0,0,0,0,0,0,0,0,2000,2000,0,0
822,2000,2000,27,2,0,0,0,0.0,0,,0,0,0,0,0,0,0,0,,0,0,0,0,0,27,2,4,4,0,0,0,0,0,0,reinforcements,reinforcements,nuke,nuke,0,0,0,0,0,0,0,0,2000,2000,0,0
825,2000,2000,27,2,0,0,0,0.0,0,,0,0,0,0,0,0,0,0,,0,0,0,0,0,27,2,4,4,0,0,0,0,0,0,reinforcements,reinforcements,nuke,nuke,0,0,0,0,0,0,0,0,2000,2000,0,0
828,2000,2000,27,2,0,0,0,0.0,0,,0,0,0,0,0,0,0,0,,0,0,0,0,0,27,2,4,4,0,0,0,0,0,0,reinforcements,reinforcements,nuke,nuke,0,0,0,0,0,0,0,0,2000,2000,0,0
831,2000,2000,27,2,0,0,0,0.0,0,,0,0,0,0,0,0,0,0,,0,0,0,0,0,27,2,4,4,0,0,0,0,0,0,reinforcements,reinforcements,nuke,nuke,0,0,0,0,0,0,0,0,2000,2000,0,0
834,2000,2000,27,2,0,0,0,0.0,0,,0,0,0,0,0,0,0,0,,0,0,0,0,0,27,2,4,4,0,0,0,0,0,0,reinforcements,reinforcements,nuke,nuke,0,0,0,0,0,0,0,0,2000,2000,0,0
837,2000,2000,27,2,0,0,0,0.0,0,,0,0,0,0,0,0,0,0,,0,0,0,0,0,27,2,4,4,0,0,0,0,0,0,reinforcements,reinforcements,nuke,nuke,0,0,0,0,0,0,0,0,2000,2000,0,0
840,2000,2000,31,2,0,0,0,0.0,0,,0,0,0,0,0,0,0,0,,0,0,0,0,0,31,2,4,4,0,0,0,0,0,0,reinforcements,reinforcements,nuke,nuke,0,0,0,0,0,0,0,0,2000,2000,0,0
843,2000,2000,31,2,0,0,0,0.0,0,,0,0,0,0,0,0,0,0,,0,0,0,0,0,31,2,4,4,0,0,0,0,0,0,reinforcements,reinforcements,nuke,nuke,0,0,0,0,0,0,0,0,2000,2000,0,0
846,2000,2000,31,2,0,0,0,0.0,0,,0,0,0,0,0,0,0,0,,0,0,0,0,0,31,2,4,4,0,0,0,0,0,0,reinforcements,reinforcements,nuke,nuke,0,0,0,0,0,0,0,0,2000,2000,0,0
849,2000,2000,31,2,0,0,0,0.0,0,,0,0,0,0,0,0,0,0,,0,0,0,0,0,31,2,4,4,0,0,0,0,0,0,reinforcements,reinforcements,nuke,nuke,0,0,0,0,0,0,0,0,2000,2000,0,0
852,2000,2000,31,2,0,0,0,0.0,0,,0,0,0,0,0,0,0,0,,0,0,0,0,0,31,2,4,4,0,0,0,0,0,0,reinforcements,reinforcements,nuke,nuke,0,0,0,0,0,0,0,0,2000,2000,0,0
855,2000,2000,31,2,0,0,0,0.0,0,,0,0,0,0,0,0,0,0,,0,0,0,0,0,31,2,4,4,0,0,0,0,0,0,reinforcements,reinforcements,nuke,nuke,0,0,0,0,0,0,0,0,2000,2000,0,0
858,2000,2000,31,2,0,0,0,0.0,0,,0,0,0,0,0,0,0,0,,0,0,0,0,0,31,2,4,4,0,0,0,0,0,0,reinforcements,reinforcements,nuke,nuke,0,0,0,0,0,0,0,0,2000,2000,0,0
861,2000,2000,31,2,0,0,0,0.0,0,,0,0,0,0,0,0,0,0,,0,0,0,0,0,31,2,4,4,0,0,0,0,0,0,reinforcements,reinforcements,nuke,nuke,0,0,0,0,0,0,0,0,2000,2000,0,0
864,2000,2000,31,2,0,0,0,0.0,0,,0,0,0,0,0,0,0,0,,0,0,0,0,0,31,2,4,4,0,0,0,0,0,0,reinforcements,reinforcements,nuke,nuke,0,0,0,0,0,0,0,0,2000,2000,0,0
867,2000,2000,31,2,0,0,0,0.0,0,,0,0,0,0,0,0,0,0,,0,0,0,0,0,31,2,4,4,0,0,0,0,0,0,reinforcements,reinforcements,nuke,nuke,0,0,0,0,0,0,0,0,2000,2000,0,0
870,2000,2000,35,2,0,0,0,0.0,0,,0,0,0,0,0,0,0,0,,0,0,0,0,0,35,2,4,4,0,0,0,0,0,0,reinforcements,reinforcements,nuke,nuke,0,0,0,0,0,0,0,0,2000,2000,0,0
873,2000,2000,35,2,0,0,0,0.0,0,,0,0,0,0,0,0,0,0,,0,0,0,0,0,35,2,4,4,0,0,0,0,0,0,reinforcements,reinforcements,nuke,nuke,0,0,0,0,0,0,0,0,2000,2000,0,0
876,2000,2000,35,2,0,0,0,0.0,0,,0,0,0,0,0,0,0,0,,0,0,0,0,0,35,2,4,4,0,0,0,0,0,0,reinforcements,reinforcements,nuke,nuke,0,0,0,0,0,0,0,0,2000,2000,0,0
879,2000,2000,35,2,0,0,0,0.0,0,,0,0,0,0,0,0,0,0,,0,0,0,0,0,35,2,4,4,0,0,0,0,0,0,reinforcements,reinforcements,nuke,nuke,0,0,0,0,0,0,0,0,2000,2000,0,0
882,2000,2000,35,2,0,0,0,0.0,0,,0,0,0,0,0,0,0,0,,0,0,0,0,0,35,2,4,4,0,0,0,0,0,0,reinforcements,reinforcements,nuke,nuke,0,0,0,0,0,0,0,0,2000,2000,0,0
885,2000,2000,35,2,0,0,0,0.0,0,,0,0,0,0,0,0,0,0,,0,0,0,0,0,35,2,4,4,0,0,0,0,0,0,reinforcements,reinforcements,nuke,nuke,0,0,0,0,0,0,0,0,2000,2000,0,0
888,2000,2000,35,2,0,0,0,0.0,0,,0,0,0,0,0,0,0,0,,0,0,0,0,0,35,2,4,4,0,0,0,0,0,0,reinforcements,reinforcements,nuke,nuke,0,0,0,0,0,0,0,0,2000,2000,0,0
891,2000,2000,35,2,0,0,0,0.0,0,,0,0,0,0,0,0,0,0,,0,0,0,0,0,35,2,4,4,0,0,0,0,0,0,reinforcements,reinforcements,nuke,nuke,0,0,0,0,0,0,0,0,2000,2000,0,0
894,2000,2000,35,2,0,0,0,0.0,0,,0,0,0,0,0,0,0,0,,0,0,0,0,0,35,2,4,4,0,0,0,0,0,0,reinforcements,reinforcements,nuke,nuke,0,0,0,0,0,0,0,0,2000,2000,0,0
897,2000,2000,35,2,0,0,0,0.0,0,,0,0,0,0,0,0,0,0,,0,0,0,0,0,35,2,4,4,0,0,0,0,0,0,reinforcements,reinforcements,nuke,nuke,0,0,0,0,0,0,0,0,2000,2000,0,0
900,2000,2000,40,2,0,0,0,0.0,0,,0,0,0,0,0,0,0,0,,0,0,0,0,0,40,2,4,4,0,0,0,0,0,0,reinforcements,reinforcements,nuke,nuke,0,0,0,0,0,0,0,0,2000,2000,0,0
903,2000,2000,40,2,0,0,0,0.0,0,,0,0,0,0,0,0,0,0,,0,0,0,0,0,40,2,4,4,0,0,0,0,0,0,reinforcements,reinforcements,nuke,nuke,0,0,0,0,0,0,0,0,2000,2000,0,0
906,2000,2000,40,2,0,0,0,0.0,0,,0,0,0,0,0,0,0,0,,0,0,0,0,0,40,2,4,4,0,0,0,0,0,0,reinforcements,reinforcements,nuke,nuke,0,0,0,0,0,0,0,0,2000,2000,0,0
909,2000,2000,40,2,0,0,0,0.0,0,,0,0,0,0,0,0,0,0,,0,0,0,0,0,40,2,4,4,0,0,0,0,0,0,reinforcements,reinforcements,nuke,nuke,0,0,0,0,0,0,0,0,2000,2000,0,0
912,2000,2000,40,2,0,0,0,0.0,0,,0,0,0,0,0,0,0,0,,0,0,0,0,0,40,2,4,4,0,0,0,0,0,0,reinforcements,reinforcements,nuke,nuke,0,0,0,0,0,0,0,0,2000,2000,0,0
915,2000,2000,40,2,0,0,0,0.0,0,,0,0,0,0,0,0,0,0,,0,0,0,0,0,40,2,4,4,0,0,0,0,0,0,reinforcements,reinforcements,nuke,nuke,0,0,0,0,0,0,0,0,2000,2000,0,0
918,2000,2000,40,2,0,0,0,0.0,0,,0,0,0,0,0,0,0,0,,0,0,0,0,0,40,2,4,4,0,0,0,0,0,0,reinforcements,reinforcements,nuke,nuke,0,0,0,0,0,0,0,0,2000,2000,0,0
921,2000,2000,40,2,0,0,0,0.0,0,,0,0,0,0,0,0,0,0,,0,0,0,0,0,40,2,4,4,0,0,0,0,0,0,reinforcements,reinforcements,nuke,nuke,0,0,0,0,0,0,0,0,2000,2000,0,0
924,2000,2000,40,2,0,0,0,0.0,0,,0,0,0,0,0,0,0,0,,0,0,0,0,0,40,2,4,4,0,0,0,0,0,0,reinforcements,reinforcements,nuke,nuke,0,0,0,0,0,0,0,0,2000,2000,0,0
927,2000,2000,40,2,0,0,0,0.0,0,,0,0,0,0,0,0,0,0,,0,0,0,0,0,40,2,4,4,0,0,0,0,0,0,reinforcements,reinforcements,nuke,nuke,0,0,0,0,0,0,0,0,2000,2000,0,0
930,2000,2000,44,2,0,0,0,0.0,0,,0,0,0,0,0,0,0,0,,0,0,0,0,0,44,2,4,4,0,0,0,0,0,0,reinforcements,reinforcements,nuke,nuke,0,0,0,0,0,0,0,0,2000,2000,0,0
933,2000,2000,44,2,0,0,0,0.0,0,,0,0,0,0,0,0,0,0,,0,0,0,0,0,44,2,4,4,0,0,0,0,0,0,reinforcements,reinforcements,nuke,nuke,0,0,0,0,0,0,0,0,2000,2000,0,0
936,2000,2000,44,2,0,0,0,0.0,0,,0,0,0,0,0,0,0,0,,0,0,0,0,0,44,2,4,4,0,0,0,0,0,0,reinforcements,reinforcements,nuke,nuke,0,0,0,0,0,0,0,0,2000,2000,0,0
939,2000,2000,44,2,0,0,0,0.0,0,,0,0,0,0,0,0,0,0,,0,0,0,0,0,44,2,4,4,0,0,0,0,0,0,reinforcements,reinforcements,nuke,nuke,0,0,0,0,0,0,0,0,2000,2000,0,0
942,2000,2000,44,2,0,0,0,0.0,0,,0,0,0,0,0,0,0,0,,0,0,0,0,0,44,2,4,4,0,0,0,0,0,0,reinforcements,reinforcements,nuke,nuke,0,0,0,0,0,0,0,0,2000,2000,0,0
945,2000,2000,44,2,0,0,0,0.0,0,,0,0,0,0,0,0,0,0,,0,0,0,0,0,44,2,4,4,0,0,0,0,0,0,reinforcements,reinforcements,nuke,nuke,0,0,0,0,0,0,0,0,2000,2000,0,0
948,2000,2000,44,2,0,0,0,0.0,0,,0,0,0,0,0,0,0,0,,0,0,0,0,0,44,2,4,4,0,0,0,0,0,0,reinforcements,reinforcements,nuke,nuke,0,0,0,0,0,0,0,0,2000,2000,0,0
951,2000,2000,44,2,0,0,0,0.0,0,,0,0,0,0,0,0,0,0,,0,0,0,0,0,44,2,4,4,0,0,0,0,0,0,reinforcements,reinforcements,nuke,nuke,0,0,0,0,0,0,0,0,2000,2000,0,0
954,2000,2000,44,2,0,0,0,0.0,0,,0,0,0,0,0,0,0,0,,0,0,0,0,0,44,2,4,4,0,0,0,0,0,0,reinforcements,reinforcements,nuke,nuke,0,0,0,0,0,0,0,0,2000,2000,0,0
957,2000,2000,44,2,0,0,0,0.0,0,,0,0,0,0,0,0,0,0,,0,0,0,0,0,44,2,4,4,0,0,0,0,0,0,reinforcements,reinforcements,nuke,nuke,0,0,0,0,0,0,0,0,2000,2000,0,0
960,2000,2000,49,2,0,0,0,0.0,0,,0,0,0,0,0,0,0,0,,0,0,0,0,0,49,2,4,4,0,0,0,0,0,0,reinforcements,reinforcements,nuke,nuke,0,0,0,0,0,0,0,0,2000,2000,0,0
963,2000,2000,49,2,0,0,0,0.0,0,,0,0,0,0,0,0,0,0,,0,0,0,0,0,49,2,4,4,0,0,0,0,0,0,reinforcements,reinforcements,nuke,nuke,0,0,0,0,0,0,0,0,2000,2000,0,0
966,2000,2000,49,2,0,0,0,0.0,0,,0,0,0,0,0,0,0,0,,0,0,0,0,0,49,2,4,4,0,0,0,0,0,0,reinforcements,reinforcements,nuke,nuke,0,0,0,0,0,0,0,0,2000,2000,0,0
969,2000,2000,49,2,0,0,0,0.0,0,,0,0,0,0,0,0,0,0,,0,0,0,0,0,49,2,4,4,0,0,0,0,0,0,reinforcements,reinforcements,nuke,nuke,0,0,0,0,0,0,0,0,2000,2000,0,0
972,2000,2000,49,2,0,0,0,0.0,0,,0,0,0,0,0,0,0,0,,0,0,0,0,0,49,2,4,4,0,0,0,0,0,0,reinforcements,reinforcements,nuke,nuke,0,0,0,0,0,0,0,0,2000,2000,0,0
975,2000,2000,49,2,0,0,0,0.0,0,,0,0,0,0,0,0,0,0,,0,0,0,0,0,49,2,4,4,0,0,0,0,0,0,reinforcements,reinforcements,nuke,nuke,0,0,0,0,0,0,0,0,2000,2000,0,0
978,2000,2000,49,2,0,0,0,0.0,0,,0,0,0,0,0,0,0,0,,0,0,0,0,0,49,2,4,4,0,0,0,0,0,0,reinforcements,reinforcements,nuke,nuke,0,0,0,0,0,0,0,0,2000,2000,0,0
981,2000,2000,49,2,0,0,0,0.0,0,,0,0,0,0,0,0,0,0,,0,0,0,0,0,49,2,4,4,0,0,0,0,0,0,reinforcements,reinforcements,nuke,nuke,0,0,0,0,0,0,0,0,2000,2000,0,0
984,2000,2000,49,2,0,0,0,0.0,0,,0,0,0,0,0,0,0,0,,0,0,0,0,0,49,2,4,4,0,0,0,0,0,0,reinforcements,reinforcements,nuke,nuke,0,0,0,0,0,0,0,0,2000,2000,0,0
987,2000,2000,49,2,0,0,0,0.0,0,,0,0,0,0,0,0,0,0,,0,0,0,0,0,49,2,4,4,0,0,0,0,0,0,reinforcements,reinforcements,nuke,nuke,0,0,0,0,0,0,0,0,2000,2000,0,0
990,2000,2000,53,2,0,0,0,0.0,0,,0,0,0,0,0,0,0,0,,0,0,0,0,0,53,2,4,4,0,0,0,0,0,0,reinforcements,reinforcements,nuke,nuke,0,0,0,0,0,0,0,0,2000,2000,0,0
993,2000,2000,53,2,0,0,0,0.0,0,,0,0,0,0,0,0,0,0,,0,0,0,0,0,53,2,4,4,0,0,0,0,0,0,reinforcements,reinforcements,nuke,nuke,0,0,0,0,0,0,0,0,2000,2000,0,0
996,2000,2000,53,2,0,0,0,0.0,0,,0,0,0,0,0,0,0,0,,0,0,0,0,0,53,2,4,4,0,0,0,0,0,0,reinforcements,reinforcements,nuke,nuke,0,0,0,0,0,0,0,0,2000,2000,0,0
999,2000,2000,53,2,0,0,0,0.0,0,,0,0,0,0,0,0,0,0,,0,0,0,0,0,53,2,4,4,0,0,0,0,0,0,reinforcements,reinforcements,nuke,nuke,0,0,0,0,0,0,0,0,2000,2000,0,0
1002,2000,2000,53,2,0,0,0,0.0,0,,0,0,0,0,0,0,0,0,,0,0,0,0,0,53,2,4,4,0,0,0,0,0,0,reinforcements,reinforcements,nuke,nuke,0,0,0,0,0,0,0,0,2000,2000,0,0
1005,2000,2000,53,2,0,0,0,0.0,0,,0,0,0,0,0,0,0,0,,0,0,0,0,0,53,2,4,4,0,0,0,0,0,0,reinforcements,reinforcements,nuke,nuke,0,0,0,0,0,0,0,0,2000,2000,0,0
1008,2000,2000,53,2,0,0,0,0.0,0,,0,0,0,0,0,0,0,0,,0,0,0,0,0,53,2,4,4,0,0,0,0,0,0,reinforcements,reinforcements,nuke,nuke,0,0,0,0,0,0,0,0,2000,2000,0,0
1011,2000,2000,53,2,0,0,0,0.0,0,,0,0,0,0,0,0,0,0,,0,0,0,0,0,53,2,4,4,0,0,0,0,0,0,reinforcements,reinforcements,nuke,nuke,0,0,0,0,0,0,0,0,2000,2000,0,0
1014,2000,2000,53,2,0,0,0,0.0,0,,0,0,0,0,0,0,0,0,,0,0,0,0,0,53,2,4,4,0,0,0,0,0,0,reinforcements,reinforcements,nuke,nuke,0,0,0,0,0,0,0,0,2000,2000,0,0
1017,2000,2000,53,2,0,0,0,0.0,0,,0,0,0,0,0,0,0,0,,0,0,0,0,0,53,2,4,4,0,0,0,0,0,0,reinforcements,reinforcements,nuke,nuke,0,0,0,0,0,0,0,0,2000,2000,0,0
1020,2000,2000,58,2,0,0,0,0.0,0,,0,0,0,0,0,0,0,0,,0,0,0,0,0,58,2,4,4,0,0,0,0,0,0,reinforcements,reinforcements,nuke,nuke,0,0,0,0,0,0,0,0,2000,2000,0,0
1023,2000,2000,58,2,0,0,0,0.0,0,,0,0,0,0,0,0,0,0,,0,0,0,0,0,58,2,4,4,0,0,0,0,0,0,reinforcements,reinforcements,nuke,nuke,0,0,0,0,0,0,0,0,2000,2000,0,0
1026,2000,2000,58,2,0,0,0,0.0,0,,0,0,0,0,0,0,0,0,,0,0,0,0,0,58,2,4,4,0,0,0,0,0,0,reinforcements,reinforcements,nuke,nuke,0,0,0,0,0,0,0,0,2000,2000,0,0
1029,2000,2000,58,2,0,0,0,0.0,0,,0,0,0,0,0,0,0,0,,0,0,0,0,0,58,2,4,4,0,0,0,0,0,0,reinforcements,reinforcements,nuke,nuke,0,0,0,0,0,0,0,0,2000,2000,0,0
1032,2000,2000,58,2,0,0,0,0.0,0,,0,0,0,0,0,0,0,0,,0,0,0,0,0,58,2,4,4,0,0,0,0,0,0,reinforcements,reinforcements,nuke,nuke,0,0,0,0,0,0,0,0,2000,2000,0,0
1035,2000,2000,58,2,0,0,0,0.0,0,,0,0,0,0,0,0,0,0,,0,0,0,0,0,58,2,4,4,0,0,0,0,0,0,reinforcements,reinforcements,nuke,nuke,0,0,0,0,0,0,0,0,2000,2000,0,0
1038,2000,2000,58,2,0,0,0,0.0,0,,0,0,0,0,0,0,0,0,,0,0,0,0,0,58,2,4,4,0,0,0,0,0,0,reinforcements,reinforcements,nuke,nuke,0,0,0,0,0,0,0,0,2000,2000,0,0
1041,2000,2000,58,2,0,0,0,0.0,0,,0,0,0,0,0,0,0,0,,0,0,0,0,0,58,2,4,4,0,0,0,0,0,0,reinforcements,reinforcements,nuke,nuke,0,0,0,0,0,0,0,0,2000,2000,0,0
1044,2000,2000,58,2,0,0,0,0.0,0,,0,0,0,0,0,0,0,0,,0,0,0,0,0,58,2,4,4,0,0,0,0,0,0,reinforcements,reinforcements,nuke,nuke,0,0,0,0,0,0,0,0,2000,2000,0,0
1047,2000,2000,58,2,0,0,0,0.0,0,,0,0,0,0,0,0,0,0,,0,0,0,0,0,58,2,4,4,0,0,0,0,0,0,reinforcements,reinforcements,nuke,nuke,0,0,0,0,0,0,0,0,2000,2000,0,0
1050,2000,2000,62,2,0,0,0,0.0,0,,0,0,0,0,0,0,0,0,,0,0,0,0,0,62,2,4,4,0,0,0,0,0,0,reinforcements,reinforcements,nuke,nuke,0,0,0,0,0,0,0,0,2000,2000,0,0
1053,2000,2000,62,2,0,0,0,0.0,0,,0,0,0,0,0,0,0,0,,0,0,0,0,0,62,2,4,4,0,0,0,0,0,0,reinforcements,reinforcements,nuke,nuke,0,0,0,0,0,0,0,0,2000,2000,0,0
1056,2000,2000,62,2,0,0,0,0.0,0,,0,0,0,0,0,0,0,0,,0,0,0,0,0,62,2,4,4,0,0,0,0,0,0,reinforcements,reinforcements,nuke,nuke,0,0,0,0,0,0,0,0,2000,2000,0,0
1059,2000,2000,62,2,0,0,0,0.0,0,,0,0,0,0,0,0,0,0,,0,0,0,0,0,62,2,4,4,0,0,0,0,0,0,reinforcements,reinforcements,nuke,nuke,0,0,0,0,0,0,0,0,2000,2000,0,0
1062,2000,2000,62,2,0,0,0,0.0,0,,0,0,0,0,0,0,0,0,,0,0,0,0,0,62,2,4,4,0,0,0,0,0,0,reinforcements,reinforcements,nuke,nuke,0,0,0,0,0,0,0,0,2000,2000,0,0
1065,2000,2000,62,2,0,0,0,0.0,0,,0,0,0,0,0,0,0,0,,0,0,0,0,0,62,2,4,4,0,0,0,0,0,0,reinforcements,reinforcements,nuke,nuke,0,0,0,0,0,0,0,0,2000,2000,0,0
1068,2000,2000,62,2,0,0,0,0.0,0,,0,0,0,0,0,0,0,0,,0,0,0,0,0,62,2,4,4,0,0,0,0,0,0,reinforcements,reinforcements,nuke,nuke,0,0,0,0,0,0,0,0,2000,2000,0,0
1071,2000,2000,62,2,0,0,0,0.0,0,,0,0,0,0,0,0,0,0,,0,0,0,0,0,62,2,4,4,0,0,0,0,0,0,reinforcements,reinforcements,nuke,nuke,0,0,0,0,0,0,0,0,2000,2000,0,0
1074,2000,2000,62,2,0,0,0,0.0,0,,0,0,0,0,0,0,0,0,,0,0,0,0,0,62,2,4,4,0,0,0,0,0,0,reinforcements,reinforcements,nuke,nuke,0,0,0,0,0,0,0,0,2000,2000,0,0
1077,2000,2000,62,2,0,0,0,0.0,0,,0,0,0,0,0,0,0,0,,0,0,0,0,0,62,2,4,4,0,0,0,0,0,0,reinforcements,reinforcements,nuke,nuke,0,0,0,0,0,0,0,0,2000,2000,0,0
1080,2000,2000,66,2,0,0,0,0.0,0,,0,0,0,0,0,0,0,0,,0,0,0,0,0,66,2,4,4,0,0,0,0,0,0,reinforcements,reinforcements,nuke,nuke,0,0,0,0,0,0,0,0,2000,2000,0,0
1083,2000,2000,1,2,0,0,0,0.0,0,,0,0,0,0,0,0,0,0,,0,0,0,0,0,1,2,4,4,0,0,0,0,0,0,reinforcements,reinforcements,nuke,nuke,0,0,0,0,0,0,0,0,2000,2000,0,0
1086,2000,2000,1,2,0,0,0,0.0,0,,0,0,0,0,0,0,0,0,,0,0,0,0,0,1,2,4,4,0,0,0,0,0,0,reinforcements,reinforcements,nuke,nuke,0,0,0,0,0,0,0,0,2000,2000,0,0
1089,2000,2000,1,2,0,0,0,0.0,0,,0,0,0,0,0,0,0,0,,0,0,0,0,0,1,2,4,4,0,0,0,0,0,0,reinforcements,reinforcements,nuke,nuke,0,0,0,0,0,0,0,0,2000,2000,0,0
1092,2000,2000,1,2,0,0,0,0.0,0,,0,0,0,0,0,0,0,0,,0,0,0,0,0,1,2,4,4,0,0,0,0,0,0,reinforcements,reinforcements,nuke,nuke,0,0,0,0,0,0,0,0,2000,2000,0,0
1095,2000,2000,1,2,0,0,0,0.0,0,,0,0,0,0,0,0,0,0,,0,0,0,0,0,1,2,4,4,0,0,0,0,0,0,reinforcements,reinforcements,nuke,nuke,0,0,0,0,0,0,0,0,2000,2000,0,0
1098,2000,2000,1,2,0,0,0,0.0,0,,0,0,0,0,0,0,0,0,,0,0,0,0,0,1,2,4,4,0,0,0,0,0,0,reinforcements,reinforcements,nuke,nuke,0,0,0,0,0,0,0,0,2000,2000,0,0
1101,2000,2000,1,2,0,0,0,0.0,0,,0,0,0,0,0,0,0,0,,0,0,0,0,0,1,2,4,4,0,0,0,0,0,0,reinforcements,reinforcements,nuke,nuke,0,0,0,0,0,0,0,0,2000,2000,0,0
1104,2000,2000,1,2,0,0,0,0.0,0,,0,0,0,0,0,0,0,0,,0,0,0,0,0,1,2,4,4,0,0,0,0,0,0,reinforcements,reinforcements,nuke,nuke,0,0,0,0,0,0,0,0,2000,2000,0,0
1107,2000,2000,1,2,0,0,0,0.0,0,,0,0,0,0,0,0,0,0,,0,0,0,0,0,1,2,4,4,0,0,0,0,0,0,reinforcements,reinforcements,nuke,nuke,0,0,0,0,0,0,0,0,2000,2000,0,0
1110,2000,2000,6,2,0,0,0,0.0,0,,0,0,0,0,0,0,0,0,,0,0,0,0,0,6,2,4,4,0,0,0,0,0,0,reinforcements,reinforcements,nuke,nuke,0,0,0,0,0,0,0,0,2000,2000,0,0
1113,2000,2000,6,2,0,0,0,0.0,0,,0,0,0,0,0,0,0,0,,0,0,0,0,0,6,2,4,4,0,0,0,0,0,0,reinforcements,reinforcements,nuke,nuke,0,0,0,0,0,0,0,0,2000,2000,0,0
1116,2000,2000,6,2,0,0,0,0.0,0,,0,0,0,0,0,0,0,0,,0,0,0,0,0,6,2,4,4,0,0,0,0,0,0,reinforcements,reinforcements,nuke,nuke,0,0,0,0,0,0,0,0,2000,2000,0,0
1119,2000,2000,6,2,0,0,0,0.0,0,,0,0,0,0,0,0,0,0,,0,0,0,0,0,6,2,4,4,0,0,0,0,0,0,reinforcements,reinforcements,nuke,nuke,0,0,0,0,0,0,0,0,2000,2000,0,0
1122,2000,2000,6,2,0,0,0,0.0,0,,0,0,0,0,0,0,0,0,,0,0,0,0,0,6,2,4,4,0,0,0,0,0,0,reinforcements,reinforcements,nuke,nuke,0,0,0,0,0,0,0,0,2000,2000,0,0
1125,2000,2000,6,2,0,0,0,0.0,0,,0,0,0,0,0,0,0,0,,0,0,0,0,0,6,2,4,4,0,0,0,0,0,0,reinforcements,reinforcements,nuke,nuke,0,0,0,0,0,0,0,0,2000,2000,0,0
1128,2000,2000,6,2,0,0,0,0.0,0,,0,0,0,0,0,0,0,0,,0,0,0,0,0,6,2,4,4,0,0,0,0,0,0,reinforcements,reinforcements,nuke,nuke,0,0,0,0,0,0,0,0,2000,2000,0,0
1131,2000,2000,35,3,0,0,0,0.0,0,,0,0,0,0,0,0,0,0,,0,0,0,0,0,106,2,8,4,0,0,0,0,0,0,reinforcements,reinforcements,nuke,nuke,0,0,0,0,0,0,0,0,2000,2000,0,0
1134,2000,2000,35,3,0,0,0,0.0,0,,0,0,0,0,0,0,0,0,,0,0,0,0,0,35,3,8,8,0,0,0,0,0,0,reinforcements,reinforcements,nuke,nuke,0,0,0,0,0,0,0,0,2000,2000,0,0
1137,2000,2000,23,3,1,1,14,4.7,3,,1,0,0,0,0,0,0,0,,0,0,0,0,0,23,3,8,8,0,0,0,0,0,0,reinforcements,reinforcements,nuke,nuke,1,0,0,0,0,0,0,0,2000,2000,57,1893
1140,2000,2000,31,3,1,1,14,4.7,3,,1,0,0,0,0,0,0,0,,0,0,0,0,0,31,3,8,8,0,0,0,0,3,3,reinforcements,reinforcements,nuke,nuke,1,0,0,0,0,0,0,0,2000,2000,78,1872
1143,2000,2000,31,3,1,1,14,4.7,3,watch,1,0,0,0,0,0,0,0,,0,0,0,0,0,31,3,8,8,0,0,0,0,3,3,reinforcements,reinforcements,nuke,nuke,1,0,0,0,0,0,0,0,2000,2000,99,1851
1146,2000,2000,31,3,1,1,14,4.7,3,watch,1,0,0,0,0,0,0,0,,0,0,0,0,0,31,3,8,8,0,0,0,0,3,3,reinforcements,reinforcements,nuke,nuke,1,0,0,0,0,0,0,0,2000,2000,120,1830
1149,2000,2000,31,3,2,2,28,9.3,6,watch,2,0,0,0,0,0,0,0,,0,0,0,0,0,31,3,8,8,0,0,0,0,6,6,reinforcements,reinforcements,nuke,nuke,2,0,0,0,0,0,0,0,2000,2000,106,1844
1152,2000,2000,31,3,2,2,28,9.3,6,watch,2,0,0,0,0,0,0,0,,0,0,0,0,0,31,3,8,8,0,0,0,0,6,6,reinforcements,reinforcements,nuke,nuke,2,0,0,0,0,0,0,0,2000,2000,127,1823
1155,2000,2000,31,3,2,2,28,9.3,6,watch,2,0,0,0,0,0,0,0,,0,0,0,0,0,31,3,8,8,0,0,0,0,6,6,reinforcements,reinforcements,nuke,nuke,2,0,0,0,0,0,0,0,2000,2000,148,1802
1158,2000,2000,31,3,3,3,42,14.0,9,watch,3,0,0,0,0,0,0,0,,0,0,0,0,0,31,3,8,8,0,0,0,0,9,9,reinforcements,reinforcements,nuke,nuke,3,0,0,0,0,0,0,0,2000,2000,134,1816
1161,2000,2000,31,3,3,3,42,14.0,9,watch,3,0,0,0,0,0,0,0,,0,0,0,0,0,31,3,8,8,0,0,0,0,9,9,reinforcements,reinforcements,nuke,nuke,3,0,0,0,0,0,0,0,2000,2000,155,1795
1164,2000,2000,31,3,3,3,42,14.0,9,watch,3,0,0,0,0,0,0,0,,0,0,0,0,0,31,3,8,8,0,0,0,0,9,9,reinforcements,reinforcements,nuke,nuke,3,0,0,0,0,0,0,0,2000,2000,176,1774
1167,2000,2000,31,3,4,4,56,18.7,12,watch,4,0,0,0,0,0,0,0,,0,0,0,0,0,31,3,8,8,0,0,0,0,9,9,reinforcements,reinforcements,nuke,nuke,4,0,0,0,0,0,0,0,2000,2000,162,1788
1170,2000,2000,40,3,4,4,56,18.7,12,watch,4,0,0,0,0,0,0,0,,0,0,0,0,0,40,3,8,8,0,0,0,0,12,12,reinforcements,reinforcements,nuke,nuke,4,0,0,0,0,0,0,0,2000,2000,183,1767
1173,2000,2000,40,3,4,4,56,18.7,12,watch,4,0,0,0,0,0,0,0,,0,0,0,0,0,40,3,8,8,0,0,0,0,12,12,reinforcements,reinforcements,nuke,nuke,4,0,0,0,0,0,0,0,2000,2000,204,1746
1176,2000,2000,40,3,4,4,56,18.7,12,watch,4,0,0,0,0,0,0,0,,0,0,0,0,0,40,3,8,8,0,0,0,0,12,12,reinforcements,reinforcements,nuke,nuke,4,0,0,0,0,0,0,0,2000,2000,225,1725
1179,2000,2000,40,3,5,5,70,23.3,15,watch,5,0,0,0,0,0,0,0,,0,0,0,0,0,40,3,8,8,0,0,0,0,15,15,reinforcements,reinforcements,nuke,nuke,5,0,0,0,0,0,0,0,2000,2000,211,1739
1182,2000,2000,40,3,5,5,70,23.3,15,watch,5,0,0,0,0,0,0,0,,0,0,0,0,0,40,3,8,8,0,0,0,0,15,15,reinforcements,reinforcements,nuke,nuke,5,0,0,0,0,0,0,0,2000,2000,232,1718
1185,2000,2000,40,3,5,5,70,23.3,15,watch,5,0,0,0,0,0,0,0,,0,0,0,0,0,40,3,8,8,0,0,0,0,15,15,reinforcements,reinforcements,nuke,nuke,5,0,0,0,0,0,0,0,2000,2000,253,1697
1188,2000,2000,40,3,5,5,70,23.3,15,watch,5,0,0,0,0,0,0,0,,0,0,0,0,0,40,3,8,8,0,0,0,0,15,15,reinforcements,reinforcements,nuke,nuke,5,0,0,0,0,0,0,0,2000,2000,274,1676
1191,2000,2000,40,3,5,5,70,23.3,15,watch,5,0,0,0,0,0,0,0,,0,0,0,0,0,40,3,8,8,0,0,0,0,15,15,reinforcements,reinforcements,nuke,nuke,5,0,0,0,0,0,0,0,2000,2000,295,1655
1194,2000,2000,40,3,5,5,70,23.3,15,watch,5,0,0,0,0,0,0,0,,0,0,0,0,0,40,3,8,8,0,0,0,0,15,15,reinforcements,reinforcements,nuke,nuke,5,0,0,0,0,0,0,0,2000,2000,316,1634
1197,2000,2000,40,3,5,5,70,23.3,15,watch,5,0,0,0,0,0,0,0,,0,0,0,0,0,40,3,8,8,0,0,0,0,15,15,reinforcements,reinforcements,nuke,nuke,5,0,0,0,0,0,0,0,2000,2000,337,1613
1200,2000,2000,48,3,5,5,70,23.3,15,watch,5,0,0,0,0,0,0,0,,0,0,0,0,0,48,3,8,8,0,0,0,0,15,15,reinforcements,reinforcements,nuke,nuke,5,0,0,0,0,0,0,0,2000,2000,358,1592
1203,2000,2000,48,3,5,5,70,23.3,15,watch,5,0,0,0,0,0,0,0,,0,0,0,0,0,48,3,8,8,0,0,0,0,15,15,reinforcements,reinforcements,nuke,nuke,5,0,0,0,0,0,0,0,2000,2000,379,1571
1206,2000,2000,48,3,5,5,70,23.3,15,watch,5,0,0,0,0,0,0,0,,0,0,0,0,0,48,3,8,8,0,0,0,0,15,15,reinforcements,reinforcements,nuke,nuke,5,0,0,0,0,0,0,0,2000,2000,400,1550
1209,2000,2000,48,3,5,5,70,23.3,15,watch,5,0,0,0,0,0,0,0,,0,0,0,0,0,48,3,8,8,0,0,0,0,15,15,reinforcements,reinforcements,nuke,nuke,5,0,0,0,0,0,0,0,2000,2000,421,1529
1212,2000,2000,48,3,5,5,70,23.3,15,watch,5,0,0,0,0,0,0,0,,0,0,0,0,0,48,3,8,8,0,0,0,0,15,15,reinforcements,reinforcements,nuke,nuke,5,0,0,0,0,0,0,0,2000,2000,442,1508
1215,2000,2000,48,3,5,5,70,23.3,15,watch,5,0,0,0,0,0,0,0,,0,0,0,0,0,48,3,8,8,0,0,0,0,15,15,reinforcements,reinforcements,nuke,nuke,5,0,0,0,0,0,0,0,2000,2000,463,1487
1218,2000,2000,48,3,5,5,70,23.3,15,watch,5,0,0,0,0,0,0,0,,0,0,0,0,0,48,3,8,8,0,0,0,0,15,15,reinforcements,reinforcements,nuke,nuke,5,0,0,0,0,0,0,0,2000,2000,484,1466
1221,2000,2000,48,3,5,5,70,23.3,15,watch,5,0,0,0,0,0,0,0,,0,0,0,0,0,48,3,8,8,0,0,0,0,15,15,reinforcements,reinforcements,nuke,nuke,5,0,0,0,0,0,0,0,2000,2000,505,1445
1224,2000,2000,48,3,5,5,70,23.3,15,watch,5,0,0,0,0,0,0,0,,0,0,0,0,0,48,3,8,8,0,0,0,0,15,15,reinforcements,reinforcements,nuke,nuke,5,0,0,0,0,0,0,0,2000,2000,526,1424
1227,2000,2000,48,3,5,5,70,23.3,15,watch,5,0,0,0,0,0,0,0,,0,0,0,0,0,48,3,8,8,0,0,0,0,15,15,reinforcements,reinforcements,nuke,nuke,5,0,0,0,0,0,0,0,2000,2000,547,1403
1230,2000,2000,57,3,5,5,70,23.3,15,watch,5,0,0,0,0,0,0,0,,0,0,0,0,0,57,3,8,8,0,0,0,0,15,15,reinforcements,reinforcements,nuke,nuke,5,0,0,0,0,0,0,0,2000,2000,568,1382
1233,2000,2000,57,3,5,5,70,23.3,15,watch,5,0,0,0,0,0,0,0,,0,0,0,0,0,57,3,8,8,0,0,0,0,15,15,reinforcements,reinforcements,nuke,nuke,5,0,0,0,0,0,0,0,2000,2000,589,1361
1236,2000,2000,57,3,5,5,70,23.3,15,watch,5,0,0,0,0,0,0,0,,0,0,0,0,0,57,3,8,8,0,0,0,0,15,15,reinforcements,reinforcements,nuke,nuke,5,0,0,0,0,0,0,0,2000,2000,610,1340
1239,2000,2000,57,3,5,5,70,23.3,15,watch,5,0,0,0,0,0,0,0,,0,0,0,0,0,57,3,8,8,0,0,0,0,15,15,reinforcements,reinforcements,nuke,nuke,5,0,0,0,0,0,0,0,2000,2000,631,1319
1242,2000,2000,57,3,5,5,70,23.3,15,watch,5,0,0,0,0,0,0,0,,0,0,0,0,0,57,3,8,8,0,0,0,0,15,15,reinforcements,reinforcements,nuke,nuke,5,0,0,0,0,0,0,0,2000,2000,652,1298
1245,2000,2000,57,3,5,5,70,23.3,15,watch,5,0,0,0,0,0,0,0,,0,0,0,0,0,57,3,8,8,0,0,0,0,15,15,reinforcements,reinforcements,nuke,nuke,5,0,0,0,0,0,0,0,2000,2000,673,1277
1248,2000,2000,57,3,5,5,70,23.3,15,watch,5,0,0,0,0,0,0,0,,0,0,0,0,0,57,3,8,8,0,0,0,0,15,15,reinforcements,reinforcements,nuke,nuke,5,0,0,0,0,0,0,0,2000,2000,694,1256
1251,2000,2000,57,3,5,5,70,23.3,15,watch,5,0,0,0,0,0,0,0,,0,0,0,0,0,57,3,8,8,0,0,0,0,15,15,reinforcements,reinforcements,nuke,nuke,5,0,0,0,0,0,0,0,2000,2000,715,1235
1254,2000,2000,57,3,5,5,70,23.3,15,watch,5,0,0,0,0,0,0,0,,0,0,0,0,0,57,3,8,8,0,0,0,0,15,15,reinforcements,reinforcements,nuke,nuke,5,0,0,0,0,0,0,0,2000,2000,736,1214
1257,2000,2000,57,3,5,5,70,23.3,15,watch,5,0,0,0,0,0,0,0,,0,0,0,0,0,57,3,8,8,0,0,0,0,15,15,reinforcements,reinforcements,nuke,nuke,5,0,0,0,0,0,0,0,2000,2000,757,1193
1260,2000,2000,65,3,5,5,70,23.3,15,watch,5,0,0,0,0,0,0,0,,0,0,0,0,0,65,3,8,8,0,0,0,0,15,15,reinforcements,reinforcements,nuke,nuke,5,0,0,0,0,0,0,0,2000,2000,778,1172
1263,2000,2000,65,3,5,5,70,23.3,15,watch,5,0,0,0,0,0,0,0,,0,0,0,0,0,65,3,8,8,0,0,0,0,15,15,reinforcements,reinforcements,nuke,nuke,5,0,0,0,0,0,0,0,2000,2000,799,1151
1266,2000,2000,65,3,5,5,56,18.7,15,watch,5,0,0,0,0,0,0,0,,0,0,0,0,0,65,3,8,8,0,0,0,0,15,15,reinforcements,reinforcements,nuke,nuke,5,0,0,0,0,0,0,0,2000,2000,789,1161
1269,2000,2000,65,3,5,5,56,18.7,15,watch,5,0,0,0,0,0,0,0,,0,0,0,0,0,65,3,8,8,0,0,0,0,15,15,reinforcements,reinforcements,nuke,nuke,5,0,0,0,0,0,0,0,2000,2000,806,1144
1272,2000,2000,65,3,5,5,56,18.7,15,watch,5,0,0,0,0,0,0,0,,0,0,0,0,0,65,3,8,8,0,0,0,0,15,15,reinforcements,reinforcements,nuke,nuke,5,0,0,0,0,0,0,0,2000,2000,823,1127
1275,2000,2000,65,3,5,5,56,18.7,15,watch,5,0,0,0,0,0,0,0,,0,0,0,0,0,65,3,8,8,0,0,0,0,15,15,reinforcements,reinforcements,nuke,nuke,5,0,0,0,0,0,0,0,2000,2000,840,1110
1278,2000,2000,65,3,5,5,42,14.0,15,watch,5,0,0,0,0,0,0,0,,0,0,0,0,0,65,3,8,8,0,0,0,0,15,15,reinforcements,reinforcements,nuke,nuke,5,0,0,0,0,0,0,0,2000,2000,823,1127
1281,2000,2000,65,3,5,5,42,14.0,15,watch,5,0,0,0,0,0,0,0,,0,0,0,0,0,65,3,8,8,0,0,0,0,15,15,reinforcements,reinforcements,nuke,nuke,5,0,0,0,0,0,0,0,2000,2000,835,1115
1284,2000,2000,65,3,5,5,42,14.0,15,watch,5,0,0,0,0,0,0,0,,0,0,0,0,0,65,3,8,8,0,0,0,0,15,15,reinforcements,reinforcements,nuke,nuke,5,0,0,0,0,0,0,0,2000,2000,848,1102
1287,2000,2000,65,3,5,5,28,9.3,15,watch,5,0,0,0,0,0,0,0,,0,0,0,0,0,65,3,8,8,0,0,0,0,15,15,reinforcements,reinforcements,nuke,nuke,5,0,0,0,0,0,0,0,2000,2000,828,1122
1290,2000,2000,74,3,5,5,28,9.3,15,watch,5,0,0,0,0,0,0,0,,0,0,0,0,0,74,3,8,8,0,0,0,0,15,15,reinforcements,reinforcements,nuke,nuke,5,0,0,0,0,0,0,0,2000,2000,837,1113
1293,2000,2000,74,3,5,5,28,9.3,15,watch,5,0,0,0,0,0,0,0,,0,0,0,0,0,74,3,8,8,0,0,0,0,15,15,reinforcements,reinforcements,nuke,nuke,5,0,0,0,0,0,0,0,2000,2000,845,1105
1296,2000,2000,74,3,5,5,14,4.7,15,watch,5,0,0,0,0,0,0,0,,0,0,0,0,0,74,3,8,8,0,0,0,0,15,15,reinforcements,reinforcements,nuke,nuke,5,0,0,0,0,0,0,0,2000,2000,823,1127
1299,2000,2000,74,3,5,5,14,4.7,15,watch,5,0,0,0,0,0,0,0,,0,0,0,0,0,74,3,8,8,0,0,0,0,15,15,reinforcements,reinforcements,nuke,nuke,5,0,0,0,0,0,0,0,2000,2000,827,1123
1302,2000,2000,74,3,5,5,28,9.3,15,watch,5,0,0,0,0,0,0,0,,0,0,0,0,0,74,3,8,8,0,0,0,0,15,15,reinforcements,reinforcements,nuke,nuke,5,0,0,0,0,0,0,0,2000,2000,835,1115
1305,2000,2000,74,3,5,5,28,9.3,15,watch,5,0,0,0,0,0,0,0,,0,0,0,0,0,74,3,8,8,0,0,0,0,15,15,reinforcements,reinforcements,nuke,nuke,5,0,0,0,0,0,0,0,2000,2000,844,1106
1308,2000,2000,74,3,5,5,14,4.7,15,watch,5,0,0,0,0,0,0,0,,0,0,0,0,0,74,3,8,8,0,0,0,0,15,15,reinforcements,reinforcements,nuke,nuke,5,0,0,0,0,0,0,0,2000,2000,819,1131
1311,2000,2000,74,3,5,5,28,9.3,15,watch,5,0,0,0,0,0,0,0,,0,0,0,0,0,74,3,8,8,0,0,0,0,15,15,reinforcements,reinforcements,nuke,nuke,5,0,0,0,0,0,0,0,2000,2000,826,1124
1314,2000,2000,74,3,5,5,28,9.3,15,watch,5,0,0,0,0,0,0,0,,0,0,0,0,0,74,3,8,8,0,0,0,0,15,15,reinforcements,reinforcements,nuke,nuke,5,0,0,0,0,0,0,0,2000,2000,834,1116
1317,2000,2000,74,3,5,5,28,9.3,15,watch,5,0,0,0,0,0,0,0,,0,0,0,0,0,74,3,8,8,0,0,0,0,15,15,reinforcements,reinforcements,nuke,nuke,5,0,0,0,0,0,0,0,2000,2000,842,1108
1320,2000,2000,82,3,5,5,42,14.0,15,watch,5,0,0,0,0,0,0,0,,0,0,0,0,0,82,3,8,8,0,0,0,0,15,15,reinforcements,reinforcements,nuke,nuke,5,0,0,0,0,0,0,0,2000,2000,852,1098
1323,2000,2000,70,3,6,6,56,18.7,18,watch,6,0,0,0,0,0,0,0,,0,0,0,0,0,70,3,8,8,0,0,0,0,18,18,reinforcements,reinforcements,nuke,nuke,6,0,0,0,0,0,0,0,2000,2000,728,1222
1326,2000,2000,70,3,6,6,56,18.7,18,watch,6,0,0,0,0,0,0,0,,0,0,0,0,0,70,3,8,8,0,0,0,0,18,18,reinforcements,reinforcements,nuke,nuke,6,0,0,0,0,0,0,0,2000,2000,738,1212
1329,2000,2000,70,3,6,6,42,14.0,18,watch,6,0,0,0,0,0,0,0,,0,0,0,0,0,70,3,8,8,0,0,0,0,18,18,reinforcements,reinforcements,nuke,nuke,6,0,0,0,0,0,0,0,2000,2000,724,1226
1332,2000,2000,70,3,7,7,70,23.3,21,watch,7,0,0,0,0,0,0,0,,0,0,0,0,0,70,3,8,8,0,0,0,0,18,18,reinforcements,reinforcements,nuke,nuke,7,0,0,0,0,0,0,0,2000,2000,639,1311
1335,2000,2000,70,3,7,7,70,23.3,21,watch,7,0,0,0,0,0,0,0,,0,0,0,0,0,70,3,8,8,0,0,0,0,21,21,reinforcements,reinforcements,nuke,nuke,7,0,0,0,0,0,0,0,2000,2000,651,1299
1338,2000,2000,70,3,7,7,56,18.7,21,watch,7,0,0,0,0,0,0,0,,0,0,0,0,0,70,3,8,8,0,0,0,0,21,21,reinforcements,reinforcements,nuke,nuke,7,0,0,0,0,0,0,0,2000,2000,642,1308
1341,2000,2000,70,3,7,7,70,23.3,21,watch,7,0,0,0,0,0,0,0,,0,0,0,0,0,70,3,8,8,0,0,0,0,21,21,reinforcements,reinforcements,nuke,nuke,7,0,0,0,0,0,0,0,2000,2000,655,1295
1344,2000,2000,70,3,8,8,84,28.0,24,watch,8,0,0,0,0,0,0,0,,0,0,0,0,0,70,3,8,8,0,0,0,0,24,24,reinforcements,reinforcements,nuke,nuke,8,0,0,0,0,0,0,0,2000,2000,592,1358
1347,2000,2000,70,3,8,8,84,28.0,24,watch,8,0,0,0,0,0,0,0,,0,0,0,0,0,70,3,8,8,0,0,0,0,24,24,reinforcements,reinforcements,nuke,nuke,8,0,0,0,0,0,0,0,2000,2000,606,1344
1350,2000,2000,79,3,8,8,70,23.3,24,watch,8,0,0,0,0,0,0,0,,0,0,0,0,0,79,3,8,8,0,0,0,0,24,24,reinforcements,reinforcements,nuke,nuke,8,0,0,0,0,0,0,0,2000,2000,600,1350
1353,2000,2000,79,3,9,9,84,28.0,27,watch,9,0,0,0,0,0,0,0,,0,0,0,0,0,79,3,8,8,0,0,0,0,27,27,reinforcements,reinforcements,nuke,nuke,9,0,0,0,0,0,0,0,2000,2000,550,1400
1356,2000,2000,79,3,9,9,84,28.0,27,watch,9,0,0,0,0,0,0,0,,0,0,0,0,0,79,3,8,8,0,0,0,0,27,27,reinforcements,reinforcements,nuke,nuke,9,0,0,0,0,0,0,0,2000,2000,562,1388
1359,2000,2000,79,3,9,9,70,23.3,27,watch,9,0,0,0,0,0,0,0,,0,0,0,0,0,79,3,8,8,0,0,0,0,27,27,reinforcements,reinforcements,nuke,nuke,9,0,0,0,0,0,0,0,2000,2000,557,1393
1362,2000,2000,79,3,10,10,98,32.7,30,watch,10,0,0,0,0,0,0,0,,0,0,0,0,0,79,3,8,8,0,0,0,0,27,27,reinforcements,reinforcements,nuke,nuke,10,0,0,0,0,0,0,0,2000,2000,518,1432
1365,2000,2000,79,3,10,10,98,32.7,30,watch,10,0,0,0,0,0,0,0,,0,0,0,0,0,79,3,8,8,0,0,0,0,30,30,reinforcements,reinforcements,nuke,nuke,10,0,0,0,0,0,0,0,2000,2000,531,1419
1368,2000,2000,79,3,10,10,84,28.0,30,watch,10,0,0,0,0,0,0,0,,0,0,0,0,0,79,3,8,8,0,0,0,0,30,30,reinforcements,reinforcements,nuke,nuke,10,0,0,0,0,0,0,0,2000,2000,529,1421
1371,2000,2000,79,3,10,10,98,32.7,30,watch,10,0,0,0,0,0,0,0,,0,0,0,0,0,79,3,8,8,0,0,0,0,30,30,reinforcements,reinforcements,nuke,nuke,10,0,0,0,0,0,0,0,2000,2000,543,1407
1374,2000,2000,79,3,10,10,98,32.7,30,watch,10,0,0,0,0,0,0,0,,0,0,0,0,0,79,3,8,8,0,0,0,0,30,30,reinforcements,reinforcements,nuke,nuke,10,0,0,0,0,0,0,0,2000,2000,558,1392
1377,2000,2000,79,3,10,10,98,32.7,30,watch,10,0,0,0,0,0,0,0,,0,0,0,0,0,79,3,8,8,0,0,0,0,30,30,reinforcements,reinforcements,nuke,nuke,10,0,0,0,0,0,0,0,2000,2000,572,1378
1380,2000,2000,87,3,10,10,112,37.3,30,watch,10,0,0,0,0,0,0,0,,0,0,0,0,0,87,3,8,8,0,0,0,0,30,30,reinforcements,reinforcements,nuke,nuke,10,0,0,0,0,0,0,0,2000,2000,588,1362
1383,2000,2000,87,3,9,9,98,32.7,27,watch,9,0,0,0,0,0,0,0,,0,0,0,0,0,87,3,8,8,0,0,3,3,30,30,reinforcements,reinforcements,nuke,nuke,9,0,0,0,0,0,0,0,2000,2000,563,1387
1386,2000,2000,87,3,9,9,98,32.7,27,watch,9,0,0,0,0,0,0,0,,0,0,0,0,0,87,3,8,8,0,0,3,3,30,30,reinforcements,reinforcements,nuke,nuke,9,0,0,0,0,0,0,0,2000,2000,580,1370
1389,2000,2000,87,3,9,9,98,32.7,27,watch,9,0,0,0,0,0,0,0,,0,0,0,0,0,87,3,8,8,0,0,3,3,30,30,reinforcements,reinforcements,nuke,nuke,9,0,0,0,0,0,0,0,2000,2000,596,1354
1392,2000,2000,87,3,8,8,98,32.7,24,watch,8,0,0,0,0,0,0,0,,0,0,0,0,0,87,3,8,8,0,0,6,6,30,30,reinforcements,reinforcements,nuke,nuke,8,0,0,0,0,0,0,0,2000,2000,571,1379
1395,2000,2000,87,3,8,8,98,32.7,24,watch,8,0,0,0,0,0,0,0,,0,0,0,0,0,87,3,8,8,0,0,6,6,30,30,reinforcements,reinforcements,nuke,nuke,8,0,0,0,0,0,0,0,2000,2000,589,1361
1398,2000,2000,87,3,8,8,98,32.7,24,watch,8,0,0,0,0,0,0,0,,0,0,0,0,0,87,3,8,8,0,0,6,6,30,30,reinforcements,reinforcements,nuke,nuke,8,0,0,0,0,0,0,0,2000,2000,607,1343
1401,2000,2000,87,3,7,7,98,32.7,21,watch,7,0,0,0,0,0,0,0,,0,0,0,0,0,87,3,8,8,0,0,6,6,30,30,reinforcements,reinforcements,nuke,nuke,7,0,0,0,0,0,0,0,2000,2000,580,1370
1404,2000,2000,87,3,7,7,98,32.7,21,watch,7,0,0,0,0,0,0,0,,0,0,0,0,0,87,3,8,8,0,0,9,9,30,30,reinforcements,reinforcements,nuke,nuke,7,0,0,0,0,0,0,0,2000,2000,601,1349
1407,2000,2000,87,3,7,7,98,32.7,21,watch,7,0,0,0,0,0,0,0,,0,0,0,0,0,87,3,8,8,0,0,9,9,30,30,reinforcements,reinforcements,nuke,nuke,7,0,0,0,0,0,0,0,2000,2000,622,1328
1410,2000,2000,96,3,7,7,98,32.7,21,watch,7,0,0,0,0,0,0,0,,0,0,0,0,0,96,3,8,8,0,0,9,9,30,30,reinforcements,reinforcements,nuke,nuke,7,0,0,0,0,0,0,0,2000,2000,643,1307
1413,2000,2000,96,3,6,6,84,28.0,18,watch,6,0,0,0,0,0,0,0,,0,0,0,0,0,96,3,8,8,0,0,12,12,30,30,reinforcements,reinforcements,nuke,nuke,6,0,0,0,0,0,0,0,2000,2000,612,1338
1416,2000,2000,96,3,6,6,84,28.0,18,watch,6,0,0,0,0,0,0,0,,0,0,0,0,0,96,3,8,8,0,0,12,12,30,30,reinforcements,reinforcements,nuke,nuke,6,0,0,0,0,0,0,0,2000,2000,633,1317
1419,2000,2000,96,3,6,6,84,28.0,18,watch,6,0,0,0,0,0,0,0,,0,0,0,0,0,96,3,8,8,0,0,12,12,30,30,reinforcements,reinforcements,nuke,nuke,6,0,0,0,0,0,0,0,2000,2000,654,1296
1422,2000,2000,96,3,5,5,70,23.3,15,watch,5,0,0,0,0,0,0,0,,0,0,0,0,0,96,3,8,8,0,0,15,15,30,30,reinforcements,reinforcements,nuke,nuke,5,0,0,0,0,0,0,0,2000,2000,617,1333
1425,2000,2000,96,3,5,5,70,23.3,15,watch,5,0,0,0,0,0,0,0,,0,0,0,0,0,96,3,8,8,0,0,15,15,30,30,reinforcements,reinforcements,nuke,nuke,5,0,0,0,0,0,0,0,2000,2000,638,1312
1428,2000,2000,96,3,5,5,70,23.3,15,watch,5,0,0,0,0,0,0,0,,0,0,0,0,0,96,3,8,8,0,0,15,15,30,30,reinforcements,reinforcements,nuke,nuke,5,0,0,0,0,0,0,0,2000,2000,659,1291
1431,2000,2000,96,3,5,5,70,23.3,15,watch,5,0,0,0,0,0,0,0,,0,0,0,0,0,96,3,8,8,0,0,15,15,30,30,reinforcements,reinforcements,nuke,nuke,5,0,0,0,0,0,0,0,2000,2000,680,1270
1434,2000,2000,96,3,5,5,70,23.3,15,watch,5,0,0,0,0,0,0,0,,0,0,0,0,0,96,3,8,8,0,0,15,15,30,30,reinforcements,reinforcements,nuke,nuke,5,0,0,0,0,0,0,0,2000,2000,701,1249
1437,2000,2000,96,3,5,5,70,23.3,15,watch,5,0,0,0,0,0,0,0,,0,0,0,0,0,96,3,8,8,0,0,15,15,30,30,reinforcements,reinforcements,nuke,nuke,5,0,0,0,0,0,0,0,2000,2000,722,1228
1440,2000,2000,104,3,5,5,70,23.3,15,watch,5,0,0,0,0,0,0,0,,0,0,0,0,0,104,3,8,8,0,0,15,15,30,30,reinforcements,reinforcements,nuke,nuke,5,0,0,0,0,0,0,0,2000,2000,743,1207
1443,2000,2000,104,3,5,5,70,23.3,15,watch,5,0,0,0,0,0,0,0,,0,0,0,0,0,104,3,8,8,0,0,15,15,30,30,reinforcements,reinforcements,nuke,nuke,5,0,0,0,0,0,0,0,2000,2000,764,1186
1446,2000,2000,104,3,5,5,70,23.3,15,watch,5,0,0,0,0,0,0,0,,0,0,0,0,0,104,3,8,8,0,0,15,15,30,30,reinforcements,reinforcements,nuke,nuke,5,0,0,0,0,0,0,0,2000,2000,785,1165
1449,2000,2000,104,3,5,5,70,23.3,15,watch,5,0,0,0,0,0,0,0,,0,0,0,0,0,104,3,8,8,0,0,15,15,30,30,reinforcements,reinforcements,nuke,nuke,5,0,0,0,0,0,0,0,2000,2000,806,1144
1452,2000,2000,104,3,5,5,56,18.7,15,watch,5,0,0,0,0,0,0,0,,0,0,0,0,0,104,3,8,8,0,0,15,15,30,30,reinforcements,reinforcements,nuke,nuke,5,0,0,0,0,0,0,0,2000,2000,795,1155
1455,2000,2000,104,3,5,5,56,18.7,15,watch,5,0,0,0,0,0,0,0,,0,0,0,0,0,104,3,8,8,0,0,15,15,30,30,reinforcements,reinforcements,nuke,nuke,5,0,0,0,0,0,0,0,2000,2000,812,1138
1458,2000,2000,104,3,5,5,56,18.7,15,watch,5,0,0,0,0,0,0,0,,0,0,0,0,0,104,3,8,8,0,0,15,15,30,30,reinforcements,reinforcements,nuke,nuke,5,0,0,0,0,0,0,0,2000,2000,828,1122
1461,2000,2000,104,3,5,5,42,14.0,15,watch,5,0,0,0,0,0,0,0,,0,0,0,0,0,104,3,8,8,0,0,15,15,30,30,reinforcements,reinforcements,nuke,nuke,5,0,0,0,0,0,0,0,2000,2000,814,1136
1464,2000,2000,104,3,5,5,42,14.0,15,watch,5,0,0,0,0,0,0,0,,0,0,0,0,0,104,3,8,8,0,0,15,15,30,30,reinforcements,reinforcements,nuke,nuke,5,0,0,0,0,0,0,0,2000,2000,827,1123
1467,2000,2000,104,3,5,5,42,14.0,15,watch,5,0,0,0,0,0,0,0,,0,0,0,0,0,104,3,8,8,0,0,15,15,30,30,reinforcements,reinforcements,nuke,nuke,5,0,0,0,0,0,0,0,2000,2000,840,1110
1470,2000,2000,113,3,5,5,42,14.0,15,watch,5,0,0,0,0,0,0,0,,0,0,0,0,0,113,3,8,8,0,0,15,15,30,30,reinforcements,reinforcements,nuke,nuke,5,0,0,0,0,0,0,0,2000,2000,852,1098
1473,2000,2000,113,3,5,5,28,9.3,15,watch,5,0,0,0,0,0,0,0,,0,0,0,0,0,113,3,8,8,0,0,15,15,30,30,reinforcements,reinforcements,nuke,nuke,5,0,0,0,0,0,0,0,2000,2000,831,1119
1476,2000,2000,113,3,5,5,28,9.3,15,watch,5,0,0,0,0,0,0,0,,0,0,0,0,0,113,3,8,8,0,0,15,15,30,30,reinforcements,reinforcements,nuke,nuke,5,0,0,0,0,0,0,0,2000,2000,840,1110
1479,2000,2000,113,3,5,5,28,9.3,15,watch,5,0,0,0,0,0,0,0,,0,0,0,0,0,113,3,8,8,0,0,15,15,30,30,reinforcements,reinforcements,nuke,nuke,5,0,0,0,0,0,0,0,2000,2000,848,1102
1482,2000,2000,113,3,5,5,14,4.7,15,watch,5,0,0,0,0,0,0,0,,0,0,0,0,0,113,3,8,8,0,0,15,15,30,30,reinforcements,reinforcements,nuke,nuke,5,0,0,0,0,0,0,0,2000,2000,824,1126
1485,2000,2000,113,3,5,5,28,9.3,15,watch,5,0,0,0,0,0,0,0,,0,0,0,0,0,113,3,8,8,0,0,15,15,30,30,reinforcements,reinforcements,nuke,nuke,5,0,0,0,0,0,0,0,2000,2000,830,1120
1488,2000,2000,113,3,5,5,28,9.3,15,watch,5,0,0,0,0,0,0,0,,0,0,0,0,0,113,3,8,8,0,0,15,15,30,30,reinforcements,reinforcements,nuke,nuke,5,0,0,0,0,0,0,0,2000,2000,838,1112
1491,2000,2000,113,3,5,5,14,4.7,15,watch,5,0,0,0,0,0,0,0,,0,0,0,0,0,113,3,8,8,0,0,15,15,30,30,reinforcements,reinforcements,nuke,nuke,5,0,0,0,0,0,0,0,2000,2000,816,1134
1494,2000,2000,113,3,5,5,14,4.7,15,watch,5,0,0,0,0,0,0,0,,0,0,0,0,0,113,3,8,8,0,0,15,15,30,30,reinforcements,reinforcements,nuke,nuke,5,0,0,0,0,0,0,0,2000,2000,820,1130
1497,2000,2000,113,3,5,5,28,9.3,15,watch,5,0,0,0,0,0,0,0,,0,0,0,0,0,113,3,8,8,0,0,15,15,30,30,reinforcements,reinforcements,nuke,nuke,5,0,0,0,0,0,0,0,2000,2000,828,1122
1500,2000,2000,121,3,5,5,28,9.3,15,watch,5,0,0,0,0,0,0,0,,0,0,0,0,0,121,3,8,8,0,0,15,15,30,30,reinforcements,reinforcements,nuke,nuke,5,0,0,0,0,0,0,0,2000,2000,837,1113
1503,2000,2000,121,3,5,5,28,9.3,15,watch,5,0,0,0,0,0,0,0,,0,0,0,0,0,121,3,8,8,0,0,15,15,30,30,reinforcements,reinforcements,nuke,nuke,5,0,0,0,0,0,0,0,2000,2000,845,1105
1506,2000,2000,109,3,5,5,42,14.0,15,watch,5,0,0,0,0,0,0,0,,0,0,0,0,0,121,3,8,8,0,0,15,15,30,30,reinforcements,reinforcements,nuke,nuke,5,0,0,0,0,0,0,0,2000,2000,855,1095
1509,2000,2000,109,3,6,6,56,18.7,18,watch,6,0,0,0,0,0,0,0,,0,0,0,0,0,109,3,8,8,0,0,15,15,33,33,reinforcements,reinforcements,nuke,nuke,6,0,0,0,0,0,0,0,2000,2000,731,1219
1512,2000,2000,109,3,6,6,56,18.7,18,watch,6,0,0,0,0,0,0,0,,0,0,0,0,0,109,3,8,8,0,0,15,15,33,33,reinforcements,reinforcements,nuke,nuke,6,0,0,0,0,0,0,0,2000,2000,742,1208
1515,2000,2000,109,3,6,6,56,18.7,18,watch,6,0,0,0,0,0,0,0,,0,0,0,0,0,109,3,8,8,0,0,15,15,33,33,reinforcements,reinforcements,nuke,nuke,6,0,0,0,0,0,0,0,2000,2000,729,1221
1518,2000,2000,109,3,7,7,70,23.3,21,watch,7,0,0,0,0,0,0,0,,0,0,0,0,0,109,3,8,8,0,0,15,15,36,36,reinforcements,reinforcements,nuke,nuke,7,0,0,0,0,0,0,0,2000,2000,643,1307
1521,2000,2000,109,3,7,7,70,23.3,21,watch,7,0,0,0,0,0,0,0,,0,0,0,0,0,109,3,8,8,0,0,15,15,36,36,reinforcements,reinforcements,nuke,nuke,7,0,0,0,0,0,0,0,2000,2000,655,1295
1524,2000,2000,109,3,7,7,56,18.7,21,watch,7,0,0,0,0,0,0,0,,0,0,0,0,0,109,3,8,8,0,0,15,15,36,36,reinforcements,reinforcements,nuke,nuke,7,0,0,0,0,0,0,0,2000,2000,646,1304
1527,2000,2000,109,3,8,8,84,28.0,24,watch,8,0,0,0,0,0,0,0,,0,0,0,0,0,109,3,8,8,0,0,15,15,36,36,reinforcements,reinforcements,nuke,nuke,8,0,0,0,0,0,0,0,2000,2000,584,1366
1530,2000,2000,118,3,8,8,84,28.0,24,watch,8,0,0,0,0,0,0,0,,0,0,0,0,0,118,3,8,8,0,0,15,15,39,39,reinforcements,reinforcements,nuke,nuke,8,0,0,0,0,0,0,0,2000,2000,597,1353
1533,2000,2000,118,3,8,8,70,23.3,24,watch,8,0,0,0,0,0,0,0,,0,0,0,0,0,118,3,8,8,0,0,15,15,39,39,reinforcements,reinforcements,nuke,nuke,8,0,0,0,0,0,0,0,2000,2000,592,1358
1536,2000,2000,53,3,8,8,70,23.3,24,watch,8,0,0,0,0,0,0,0,,0,0,0,0,0,118,3,8,8,0,0,15,15,39,39,reinforcements,reinforcements,nuke,nuke,8,0,0,0,0,0,0,0,2000,2000,604,1346
1539,2000,2000,53,3,9,9,84,28.0,27,watch,9,0,0,0,0,0,0,0,,0,0,0,0,0,53,3,8,8,0,0,15,15,42,42,reinforcements,reinforcements,nuke,nuke,9,0,0,0,0,0,0,0,2000,2000,554,1396
1542,2000,2000,53,3,9,9,84,28.0,27,watch,9,0,0,0,0,0,0,0,,0,0,0,0,0,53,3,8,8,0,0,15,15,42,42,reinforcements,reinforcements,nuke,nuke,9,0,0,0,0,0,0,0,2000,2000,566,1384
1545,2000,2000,53,3,9,9,84,28.0,27,watch,9,0,0,0,0,0,0,0,,0,0,0,0,0,53,3,8,8,0,0,15,15,42,42,reinforcements,reinforcements,nuke,nuke,9,0,0,0,0,0,0,0,2000,2000,562,1388
1548,2000,2000,53,3,10,10,98,32.7,30,watch,10,0,0,0,0,0,0,0,,0,0,0,0,0,53,3,8,8,0,0,15,15,45,45,reinforcements,reinforcements,nuke,nuke,10,0,0,0,0,0,0,0,2000,2000,522,1428
1551,2000,2000,53,3,10,10,98,32.7,30,watch,10,0,0,0,0,0,0,0,,0,0,0,0,0,53,3,8,8,0,0,15,15,45,45,reinforcements,reinforcements,nuke,nuke,10,0,0,0,0,0,0,0,2000,2000,535,1415
1554,2000,2000,53,3,10,10,84,28.0,30,watch,10,0,0,0,0,0,0,0,,0,0,0,0,0,53,3,8,8,0,0,15,15,45,45,reinforcements,reinforcements,nuke,nuke,10,0,0,0,0,0,0,0,2000,2000,533,1417
1557,2000,2000,53,3,10,10,98,32.7,30,watch,10,0,0,0,0,0,0,0,,0,0,0,0,0,53,3,8,8,0,0,15,15,45,45,reinforcements,reinforcements,nuke,nuke,10,0,0,0,0,0,0,0,2000,2000,548,1402
1560,2000,2000,61,3,10,10,98,32.7,30,watch,10,0,0,0,0,0,0,0,,0,0,0,0,0,61,3,8,8,0,0,15,15,45,45,reinforcements,reinforcements,nuke,nuke,10,0,0,0,0,0,0,0,2000,2000,562,1388
1563,2000,2000,61,3,10,10,98,32.7,30,watch,10,0,0,0,0,0,0,0,,0,0,0,0,0,61,3,8,8,0,0,15,15,45,45,reinforcements,reinforcements,nuke,nuke,10,0,0,0,0,0,0,0,2000,2000,577,1373
1566,2000,2000,61,3,9,9,98,32.7,27,watch,9,0,0,0,0,0,0,0,,0,0,0,0,0,61,3,8,8,0,0,15,15,45,45,reinforcements,reinforcements,nuke,nuke,9,0,0,0,0,0,0,0,2000,2000,552,1398
1569,2000,2000,61,3,9,9,98,32.7,27,watch,9,0,0,0,0,0,0,0,,0,0,0,0,0,61,3,8,8,0,0,18,18,45,45,reinforcements,reinforcements,nuke,nuke,9,0,0,0,0,0,0,0,2000,2000,569,1381
1572,2000,2000,61,3,9,9,98,32.7,27,watch,9,0,0,0,0,0,0,0,,0,0,0,0,0,61,3,8,8,0,0,18,18,45,45,reinforcements,reinforcements,nuke,nuke,9,0,0,0,0,0,0,0,2000,2000,585,1365
1575,2000,2000,61,3,9,9,112,37.3,27,watch,9,0,0,0,0,0,0,0,,0,0,0,0,0,61,3,8,8,0,0,18,18,45,45,reinforcements,reinforcements,nuke,nuke,9,0,0,0,0,0,0,0,2000,2000,602,1348
1578,2000,2000,61,3,8,8,98,32.7,24,watch,8,0,0,0,0,0,0,0,,0,0,0,0,0,61,3,8,8,0,0,21,21,45,45,reinforcements,reinforcements,nuke,nuke,8,0,0,0,0,0,0,0,2000,2000,577,1373
1581,2000,2000,61,3,8,8,98,32.7,24,watch,8,0,0,0,0,0,0,0,,0,0,0,0,0,61,3,8,8,0,0,21,21,45,45,reinforcements,reinforcements,nuke,nuke,8,0,0,0,0,0,0,0,2000,2000,595,1355
1584,2000,2000,61,3,8,8,98,32.7,24,watch,8,0,0,0,0,0,0,0,,0,0,0,0,0,61,3,8,8,0,0,21,21,45,45,reinforcements,reinforcements,nuke,nuke,8,0,0,0,0,0,0,0,2000,2000,614,1336
1587,2000,2000,161,3,7,7,98,32.7,21,watch,7,0,0,0,0,0,0,0,,0,0,0,0,0,161,3,8,8,0,0,24,24,45,45,reinforcements,reinforcements,nuke,nuke,7,0,0,0,0,0,0,0,2000,2000,587,1363
1590,2000,2000,169,3,7,7,98,32.7,21,watch,7,0,0,0,0,0,0,0,,0,0,0,0,0,169,3,8,8,0,0,24,24,45,45,reinforcements,reinforcements,nuke,nuke,7,0,0,0,0,0,0,0,2000,2000,608,1342
1593,2000,2000,0,4,7,7,98,32.7,21,watch,7,0,0,0,0,0,0,0,,0,0,0,0,0,0,4,20,20,0,0,24,24,45,45,reinforcements,reinforcements,nuke,nuke,7,0,0,0,0,0,0,0,2000,2000,629,1321
1596,2000,2000,0,4,6,6,84,28.0,18,watch,6,0,0,0,0,0,0,0,,0,0,0,0,0,0,4,20,20,0,0,24,24,45,45,reinforcements,reinforcements,nuke,nuke,6,0,0,0,0,0,0,0,2000,2000,598,1352
1599,2000,2000,0,4,6,6,84,28.0,18,watch,6,0,0,0,0,0,0,0,,0,0,0,0,0,0,4,20,20,0,0,27,27,45,45,reinforcements,reinforcements,nuke,nuke,6,0,0,0,0,0,0,0,2000,2000,619,1331
1602,2000,2000,0,4,6,6,84,28.0,18,watch,6,0,0,0,0,0,0,0,,0,0,0,0,0,0,4,20,20,0,0,27,27,45,45,reinforcements,reinforcements,nuke,nuke,6,0,0,0,0,0,0,0,2000,2000,640,1310
1605,2000,2000,0,4,6,6,84,28.0,18,watch,6,0,0,0,0,0,0,0,,0,0,0,0,0,0,4,20,20,0,0,27,27,45,45,reinforcements,reinforcements,nuke,nuke,6,0,0,0,0,0,0,0,2000,2000,661,1289
1608,2000,2000,0,4,5,5,70,23.3,15,watch,5,0,0,0,0,0,0,0,,0,0,0,0,0,0,4,20,20,0,0,30,30,45,45,reinforcements,reinforcements,nuke,nuke,5,0,0,0,0,0,0,0,2000,2000,624,1326
1611,2000,2000,0,4,5,5,70,23.3,15,watch,5,0,0,0,0,0,0,0,,0,0,0,0,0,0,4,20,20,0,0,30,30,45,45,reinforcements,reinforcements,nuke,nuke,5,0,0,0,0,0,0,0,2000,2000,645,1305
1614,2000,2000,0,4,5,5,70,23.3,15,watch,5,0,0,0,0,0,0,0,,0,0,0,0,0,0,4,20,20,0,0,30,30,45,45,reinforcements,reinforcements,nuke,nuke,5,0,0,0,0,0,0,0,2000,2000,666,1284
1617,2000,2000,0,4,5,5,70,23.3,15,watch,5,0,0,0,0,0,0,0,,0,0,0,0,0,0,4,20,20,0,0,30,30,45,45,reinforcements,reinforcements,nuke,nuke,5,0,0,0,0,0,0,0,2000,2000,687,1263
1620,2000,2000,20,4,5,5,70,23.3,15,watch,5,0,0,0,0,0,0,0,,0,0,0,0,0,20,4,20,20,0,0,30,30,45,45,reinforcements,reinforcements,nuke,nuke,5,0,0,0,0,0,0,0,2000,2000,708,1242
1623,2000,2000,20,4,5,5,70,23.3,15,watch,5,0,0,0,0,0,0,0,,0,0,0,0,0,20,4,20,20,0,0,30,30,45,45,reinforcements,reinforcements,nuke,nuke,5,0,0,0,0,0,0,0,2000,2000,729,1221
1626,2000,2000,20,4,5,5,70,23.3,15,watch,5,0,0,0,0,0,0,0,,0,0,0,0,0,20,4,20,20,0,0,30,30,45,45,reinforcements,reinforcements,nuke,nuke,5,0,0,0,0,0,0,0,2000,2000,750,1200
1629,2000,2000,20,4,5,5,70,23.3,15,watch,5,0,0,0,0,0,0,0,,0,0,0,0,0,20,4,20,20,0,0,30,30,45,45,reinforcements,reinforcements,nuke,nuke,5,0,0,0,0,0,0,0,2000,2000,771,1179
1632,2000,2000,20,4,5,5,70,23.3,15,watch,5,0,0,0,0,0,0,0,,0,0,0,0,0,20,4,20,20,0,0,30,30,45,45,reinforcements,reinforcements,nuke,nuke,5,0,0,0,0,0,0,0,2000,2000,792,1158
1635,2000,2000,20,4,5,5,70,23.3,15,watch,5,0,0,0,0,0,0,0,,0,0,0,0,0,20,4,20,20,0,0,30,30,45,45,reinforcements,reinforcements,nuke,nuke,5,0,0,0,0,0,0,0,2000,2000,813,1137
1638,2000,2000,20,4,5,5,56,18.7,15,watch,5,0,0,0,0,0,0,0,,0,0,0,0,0,20,4,20,20,0,0,30,30,45,45,reinforcements,reinforcements,nuke,nuke,5,0,0,0,0,0,0,0,2000,2000,800,1150
1641,2000,2000,20,4,5,5,56,18.7,15,watch,5,0,0,0,0,0,0,0,,0,0,0,0,0,20,4,20,20,0,0,30,30,45,45,reinforcements,reinforcements,nuke,nuke,5,0,0,0,0,0,0,0,2000,2000,817,1133
1644,2000,2000,20,4,5,5,56,18.7,15,watch,5,0,0,0,0,0,0,0,,0,0,0,0,0,20,4,20,20,0,0,30,30,45,45,reinforcements,reinforcements,nuke,nuke,5,0,0,0,0,0,0,0,2000,2000,834,1116
1647,2000,2000,20,4,5,5,42,14.0,15,watch,5,0,0,0,0,0,0,0,,0,0,0,0,0,20,4,20,20,0,0,30,30,45,45,reinforcements,reinforcements,nuke,nuke,5,0,0,0,0,0,0,0,2000,2000,819,1131
1650,2000,2000,40,4,5,5,42,14.0,15,watch,5,0,0,0,0,0,0,0,,0,0,0,0,0,40,4,20,20,0,0,30,30,45,45,reinforcements,reinforcements,nuke,nuke,5,0,0,0,0,0,0,0,2000,2000,831,1119
1653,2000,2000,40,4,5,5,42,14.0,15,watch,5,0,0,0,0,0,0,0,,0,0,0,0,0,40,4,20,20,0,0,30,30,45,45,reinforcements,reinforcements,nuke,nuke,5,0,0,0,0,0,0,0,2000,2000,844,1106
1656,2000,2000,40,4,5,5,28,9.3,15,watch,5,0,0,0,0,0,0,0,,0,0,0,0,0,40,4,20,20,0,0,30,30,45,45,reinforcements,reinforcements,nuke,nuke,5,0,0,0,0,0,0,0,2000,2000,826,1124
1659,2000,2000,40,4,5,5,28,9.3,15,watch,5,0,0,0,0,0,0,0,,0,0,0,0,0,40,4,20,20,0,0,30,30,45,45,reinforcements,reinforcements,nuke,nuke,5,0,0,0,0,0,0,0,2000,2000,834,1116
1662,2000,2000,40,4,5,5,28,9.3,15,watch,5,0,0,0,0,0,0,0,,0,0,0,0,0,40,4,20,20,0,0,30,30,45,45,reinforcements,reinforcements,nuke,nuke,5,0,0,0,0,0,0,0,2000,2000,842,1108
1665,2000,2000,40,4,5,5,28,9.3,15,watch,5,0,0,0,0,0,0,0,,0,0,0,0,0,40,4,20,20,0,0,30,30,45,45,reinforcements,reinforcements,nuke,nuke,5,0,0,0,0,0,0,0,2000,2000,851,1099
1668,2000,2000,40,4,5,5,14,4.7,15,watch,5,0,0,0,0,0,0,0,,0,0,0,0,0,40,4,20,20,0,0,30,30,45,45,reinforcements,reinforcements,nuke,nuke,5,0,0,0,0,0,0,0,2000,2000,826,1124
1671,2000,2000,40,4,5,5,28,9.3,15,watch,5,0,0,0,0,0,0,0,,0,0,0,0,0,40,4,20,20,0,0,30,30,45,45,reinforcements,reinforcements,nuke,nuke,5,0,0,0,0,0,0,0,2000,2000,833,1117
1674,2000,2000,40,4,5,5,28,9.3,15,watch,5,0,0,0,0,0,0,0,,0,0,0,0,0,40,4,20,20,0,0,30,30,45,45,reinforcements,reinforcements,nuke,nuke,5,0,0,0,0,0,0,0,2000,2000,841,1109
1677,2000,2000,40,4,5,5,14,4.7,15,watch,5,0,0,0,0,0,0,0,,0,0,0,0,0,40,4,20,20,0,0,30,30,45,45,reinforcements,reinforcements,nuke,nuke,5,0,0,0,0,0,0,0,2000,2000,817,1133
1680,2000,2000,59,4,5,5,28,9.3,15,watch,5,0,0,0,0,0,0,0,,0,0,0,0,0,59,4,20,20,0,0,30,30,45,45,reinforcements,reinforcements,nuke,nuke,5,0,0,0,0,0,0,0,2000,2000,823,1127
1683,2000,2000,59,4,5,5,28,9.3,15,watch,5,0,0,0,0,0,0,0,,0,0,0,0,0,59,4,20,20,0,0,30,30,45,45,reinforcements,reinforcements,nuke,nuke,5,0,0,0,0,0,0,0,2000,2000,831,1119
1686,2000,2000,59,4,5,5,28,9.3,15,watch,5,0,0,0,0,0,0,0,,0,0,0,0,0,59,4,20,20,0,0,30,30,45,45,reinforcements,reinforcements,nuke,nuke,5,0,0,0,0,0,0,0,2000,2000,840,1110
1689,2000,2000,59,4,5,5,28,9.3,15,watch,5,0,0,0,0,0,0,0,,0,0,0,0,0,59,4,20,20,0,0,30,30,45,45,reinforcements,reinforcements,nuke,nuke,5,0,0,0,0,0,0,0,2000,2000,848,1102
1692,2000,2000,47,4,6,6,56,18.7,18,watch,6,0,0,0,0,0,0,0,,0,0,0,0,0,47,4,20,20,0,0,30,30,45,45,reinforcements,reinforcements,nuke,nuke,6,0,0,0,0,0,0,0,2000,2000,724,1226
1695,2000,2000,47,4,6,6,56,18.7,18,watch,6,0,0,0,0,0,0,0,,0,0,0,0,0,47,4,20,20,0,0,30,30,48,48,reinforcements,reinforcements,nuke,nuke,6,0,0,0,0,0,0,0,2000,2000,735,1215
1698,2000,2000,47,4,6,6,42,14.0,18,watch,6,0,0,0,0,0,0,0,,0,0,0,0,0,47,4,20,20,0,0,30,30,48,48,reinforcements,reinforcements,nuke,nuke,6,0,0,0,0,0,0,0,2000,2000,721,1229
1701,2000,2000,47,4,6,6,56,18.7,18,watch,6,0,0,0,0,0,0,0,,0,0,0,0,0,47,4,20,20,0,0,30,30,48,48,reinforcements,reinforcements,nuke,nuke,6,0,0,0,0,0,0,0,2000,2000,732,1218
1704,2000,2000,47,4,7,7,70,23.3,21,watch,7,0,0,0,0,0,0,0,,0,0,0,0,0,47,4,20,20,0,0,30,30,51,51,reinforcements,reinforcements,nuke,nuke,7,0,0,0,0,0,0,0,2000,2000,647,1303
1707,2000,2000,47,4,7,7,70,23.3,21,watch,7,0,0,0,0,0,0,0,,0,0,0,0,0,47,4,20,20,0,0,30,30,51,51,reinforcements,reinforcements,nuke,nuke,7,0,0,0,0,0,0,0,2000,2000,659,1291
1710,2000,2000,67,4,7,7,70,23.3,21,watch,7,0,0,0,0,0,0,0,,0,0,0,0,0,67,4,20,20,0,0,30,30,51,51,reinforcements,reinforcements,nuke,nuke,7,0,0,0,0,0,0,0,2000,2000,651,1299
1713,2000,2000,67,4,8,8,84,28.0,24,watch,8,0,0,0,0,0,0,0,,0,0,0,0,0,67,4,20,20,0,0,30,30,54,54,reinforcements,reinforcements,nuke,nuke,8,0,0,0,0,0,0,0,2000,2000,588,1362
1716,2000,2000,67,4,8,8,84,28.0,24,watch,8,0,0,0,0,0,0,0,,0,0,0,0,0,67,4,20,20,0,0,30,30,54,54,reinforcements,reinforcements,nuke,nuke,8,0,0,0,0,0,0,0,2000,2000,601,1349
1719,2000,2000,67,4,8,8,70,23.3,24,watch,8,0,0,0,0,0,0,0,,0,0,0,0,0,67,4,20,20,0,0,30,30,54,54,reinforcements,reinforcements,nuke,nuke,8,0,0,0,0,0,0,0,2000,2000,596,1354
1722,2000,2000,67,4,9,9,84,28.0,27,watch,9,0,0,0,0,0,0,0,,0,0,0,0,0,67,4,20,20,0,0,30,30,54,54,reinforcements,reinforcements,nuke,nuke,9,0,0,0,0,0,0,0,2000,2000,546,1404
1725,2000,2000,67,4,9,9,84,28.0,27,watch,9,0,0,0,0,0,0,0,,0,0,0,0,0,67,4,20,20,0,0,30,30,57,57,reinforcements,reinforcements,nuke,nuke,9,0,0,0,0,0,0,0,2000,2000,558,1392
1728,2000,2000,67,4,9,9,70,23.3,27,watch,9,0,0,0,0,0,0,0,,0,0,0,0,0,67,4,20,20,0,0,30,30,57,57,reinforcements,reinforcements,nuke,nuke,9,0,0,0,0,0,0,0,2000,2000,553,1397
1731,2000,2000,67,4,9,9,84,28.0,27,watch,9,0,0,0,0,0,0,0,,0,0,0,0,0,67,4,20,20,0,0,30,30,57,57,reinforcements,reinforcements,nuke,nuke,9,0,0,0,0,0,0,0,2000,2000,566,1384
1734,2000,2000,67,4,10,10,98,32.7,30,watch,10,0,0,0,0,0,0,0,,0,0,0,0,0,67,4,20,20,0,0,30,30,60,60,reinforcements,reinforcements,nuke,nuke,10,0,0,0,0,0,0,0,2000,2000,527,1423
1737,2000,2000,67,4,10,10,98,32.7,30,watch,10,0,0,0,0,0,0,0,,0,0,0,0,0,67,4,20,20,0,0,30,30,60,60,reinforcements,reinforcements,nuke,nuke,10,0,0,0,0,0,0,0,2000,2000,539,1411
1740,2000,2000,87,4,10,10,98,32.7,30,watch,10,0,0,0,0,0,0,0,,0,0,0,0,0,87,4,20,20,0,0,30,30,60,60,reinforcements,reinforcements,nuke,nuke,10,0,0,0,0,0,0,0,2000,2000,538,1412
1743,2000,2000,87,4,10,10,98,32.7,30,watch,10,0,0,0,0,0,0,0,,0,0,0,0,0,87,4,20,20,0,0,30,30,60,60,reinforcements,reinforcements,nuke,nuke,10,0,0,0,0,0,0,0,2000,2000,553,1397
1746,2000,2000,87,4,10,10,98,32.7,30,watch,10,0,0,0,0,0,0,0,,0,0,0,0,0,87,4,20,20,0,0,30,30,60,60,reinforcements,reinforcements,nuke,nuke,10,0,0,0,0,0,0,0,2000,2000,567,1383
1749,2000,2000,87,4,10,10,98,32.7,30,watch,10,0,0,0,0,0,0,0,,0,0,0,0,0,87,4,20,20,0,0,30,30,60,60,reinforcements,reinforcements,nuke,nuke,10,0,0,0,0,0,0,0,2000,2000,582,1368
1752,2000,2000,87,4,9,9,98,32.7,27,watch,9,0,0,0,0,0,0,0,,0,0,0,0,0,87,4,20,20,0,0,33,33,60,60,reinforcements,reinforcements,nuke,nuke,9,0,0,0,0,0,0,0,2000,2000,558,1392
1755,2000,2000,87,4,9,9,98,32.7,27,watch,9,0,0,0,0,0,0,0,,0,0,0,0,0,87,4,20,20,0,0,33,33,60,60,reinforcements,reinforcements,nuke,nuke,9,0,0,0,0,0,0,0,2000,2000,574,1376
1758,2000,2000,87,4,9,9,98,32.7,27,watch,9,0,0,0,0,0,0,0,,0,0,0,0,0,87,4,20,20,0,0,33,33,60,60,reinforcements,reinforcements,nuke,nuke,9,0,0,0,0,0,0,0,2000,2000,591,1359
1761,2000,2000,87,4,8,8,98,32.7,24,watch,8,0,0,0,0,0,0,0,,0,0,0,0,0,87,4,20,20,0,0,33,33,60,60,reinforcements,reinforcements,nuke,nuke,8,0,0,0,0,0,0,0,2000,2000,564,1386
1764,2000,2000,87,4,8,8,98,32.7,24,watch,8,0,0,0,0,0,0,0,,0,0,0,0,0,87,4,20,20,0,0,36,36,60,60,reinforcements,reinforcements,nuke,nuke,8,0,0,0,0,0,0,0,2000,2000,583,1367
1767,2000,2000,87,4,8,8,98,32.7,24,watch,8,0,0,0,0,0,0,0,,0,0,0,0,0,87,4,20,20,0,0,36,36,60,60,reinforcements,reinforcements,nuke,nuke,8,0,0,0,0,0,0,0,2000,2000,601,1349
1770,2000,2000,107,4,8,8,112,37.3,24,watch,8,0,0,0,0,0,0,0,,0,0,0,0,0,107,4,20,20,0,0,36,36,60,60,reinforcements,reinforcements,nuke,nuke,8,0,0,0,0,0,0,0,2000,2000,620,1330
1773,2000,2000,107,4,7,7,98,32.7,21,watch,7,0,0,0,0,0,0,0,,0,0,0,0,0,107,4,20,20,0,0,39,39,60,60,reinforcements,reinforcements,nuke,nuke,7,0,0,0,0,0,0,0,2000,2000,594,1356
1776,2000,2000,107,4,7,7,98,32.7,21,watch,7,0,0,0,0,0,0,0,,0,0,0,0,0,107,4,20,20,0,0,39,39,60,60,reinforcements,reinforcements,nuke,nuke,7,0,0,0,0,0,0,0,2000,2000,615,1335
1779,2000,2000,107,4,7,7,98,32.7,21,watch,7,0,0,0,0,0,0,0,,0,0,0,0,0,107,4,20,20,0,0,39,39,60,60,reinforcements,reinforcements,nuke,nuke,7,0,0,0,0,0,0,0,2000,2000,636,1314
1782,2000,2000,107,4,6,6,84,28.0,18,watch,6,0,0,0,0,0,0,0,,0,0,0,0,0,107,4,20,20,0,0,42,42,60,60,reinforcements,reinforcements,nuke,nuke,6,0,0,0,0,0,0,0,2000,2000,605,1345
1785,2000,2000,107,4,6,6,84,28.0,18,watch,6,0,0,0,0,0,0,0,,0,0,0,0,0,107,4,20,20,0,0,42,42,60,60,reinforcements,reinforcements,nuke,nuke,6,0,0,0,0,0,0,0,2000,2000,626,1324
1788,2000,2000,107,4,6,6,84,28.0,18,watch,6,0,0,0,0,0,0,0,,0,0,0,0,0,107,4,20,20,0,0,42,42,60,60,reinforcements,reinforcements,nuke,nuke,6,0,0,0,0,0,0,0,2000,2000,647,1303
1791,2000,2000,107,4,5,5,70,23.3,15,watch,5,0,0,0,0,0,0,0,,0,0,0,0,0,107,4,20,20,0,0,42,42,60,60,reinforcements,reinforcements,nuke,nuke,5,0,0,0,0,0,0,0,2000,2000,610,1340
1794,2000,2000,107,4,5,5,70,23.3,15,watch,5,0,0,0,0,0,0,0,,0,0,0,0,0,107,4,20,20,0,0,45,45,60,60,reinforcements,reinforcements,nuke,nuke,5,0,0,0,0,0,0,0,2000,2000,631,1319
1797,2000,2000,107,4,5,5,70,23.3,15,watch,5,0,0,0,0,0,0,0,,0,0,0,0,0,107,4,20,20,0,0,45,45,60,60,reinforcements,reinforcements,nuke,nuke,5,0,0,0,0,0,0,0,2000,2000,652,1298
1800,2000,2000,126,4,5,5,70,23.3,15,watch,5,0,0,0,0,0,0,0,,0,0,0,0,0,126,4,20,20,0,0,45,45,60,60,reinforcements,reinforcements,nuke,nuke,5,0,0,0,0,0,0,0,2000,2000,673,1277
1803,2000,2000,126,4,5,5,70,23.3,15,watch,5,0,0,0,0,0,0,0,,0,0,0,0,0,126,4,20,20,0,0,45,45,60,60,reinforcements,reinforcements,nuke,nuke,5,0,0,0,0,0,0,0,2000,2000,694,1256
1806,2000,2000,126,4,5,5,70,23.3,15,watch,5,0,0,0,0,0,0,0,,0,0,0,0,0,126,4,20,20,0,0,45,45,60,60,reinforcements,reinforcements,nuke,nuke,5,0,0,0,0,0,0,0,2000,2000,715,1235
1809,2000,2000,126,4,5,5,70,23.3,15,watch,5,0,0,0,0,0,0,0,,0,0,0,0,0,126,4,20,20,0,0,45,45,60,60,reinforcements,reinforcements,nuke,nuke,5,0,0,0,0,0,0,0,2000,2000,736,1214
1812,2000,2000,126,4,5,5,70,23.3,15,watch,5,0,0,0,0,0,0,0,,0,0,0,0,0,126,4,20,20,0,0,45,45,60,60,reinforcements,reinforcements,nuke,nuke,5,0,0,0,0,0,0,0,2000,2000,757,1193
1815,2000,2000,126,4,5,5,70,23.3,15,watch,5,0,0,0,0,0,0,0,,0,0,0,0,0,126,4,20,20,0,0,45,45,60,60,reinforcements,reinforcements,nuke,nuke,5,0,0,0,0,0,0,0,2000,2000,778,1172
1818,2000,2000,126,4,5,5,70,23.3,15,watch,5,0,0,0,0,0,0,0,,0,0,0,0,0,126,4,20,20,0,0,45,45,60,60,reinforcements,reinforcements,nuke,nuke,5,0,0,0,0,0,0,0,2000,2000,799,1151
1821,2000,2000,126,4,5,5,56,18.7,15,watch,5,0,0,0,0,0,0,0,,0,0,0,0,0,126,4,20,20,0,0,45,45,60,60,reinforcements,reinforcements,nuke,nuke,5,0,0,0,0,0,0,0,2000,2000,789,1161
1824,2000,2000,126,4,5,5,56,18.7,15,watch,5,0,0,0,0,0,0,0,,0,0,0,0,0,126,4,20,20,0,0,45,45,60,60,reinforcements,reinforcements,nuke,nuke,5,0,0,0,0,0,0,0,2000,2000,806,1144
1827,2000,2000,126,4,5,5,56,18.7,15,watch,5,0,0,0,0,0,0,0,,0,0,0,0,0,126,4,20,20,0,0,45,45,60,60,reinforcements,reinforcements,nuke,nuke,5,0,0,0,0,0,0,0,2000,2000,823,1127
1830,2000,2000,146,4,5,5,56,18.7,15,watch,5,0,0,0,0,0,0,0,,0,0,0,0,0,146,4,20,20,0,0,45,45,60,60,reinforcements,reinforcements,nuke,nuke,5,0,0,0,0,0,0,0,2000,2000,840,1110
1833,2000,2000,146,4,5,5,42,14.0,15,watch,5,0,0,0,0,0,0,0,,0,0,0,0,0,146,4,20,20,0,0,45,45,60,60,reinforcements,reinforcements,nuke,nuke,5,0,0,0,0,0,0,0,2000,2000,823,1127
1836,2000,2000,146,4,5,5,42,14.0,15,watch,5,0,0,0,0,0,0,0,,0,0,0,0,0,146,4,20,20,0,0,45,45,60,60,reinforcements,reinforcements,nuke,nuke,5,0,0,0,0,0,0,0,2000,2000,835,1115
1839,2000,2000,146,4,5,5,42,14.0,15,watch,5,0,0,0,0,0,0,0,,0,0,0,0,0,146,4,20,20,0,0,45,45,60,60,reinforcements,reinforcements,nuke,nuke,5,0,0,0,0,0,0,0,2000,2000,848,1102
1842,2000,2000,146,4,5,5,28,9.3,15,watch,5,0,0,0,0,0,0,0,,0,0,0,0,0,146,4,20,20,0,0,45,45,60,60,reinforcements,reinforcements,nuke,nuke,5,0,0,0,0,0,0,0,2000,2000,828,1122
1845,2000,2000,146,4,5,5,28,9.3,15,watch,5,0,0,0,0,0,0,0,,0,0,0,0,0,146,4,20,20,0,0,45,45,60,60,reinforcements,reinforcements,nuke,nuke,5,0,0,0,0,0,0,0,2000,2000,837,1113
1848,2000,2000,146,4,5,5,28,9.3,15,watch,5,0,0,0,0,0,0,0,,0,0,0,0,0,146,4,20,20,0,0,45,45,60,60,reinforcements,reinforcements,nuke,nuke,5,0,0,0,0,0,0,0,2000,2000,845,1105
1851,2000,2000,146,4,5,5,14,4.7,15,watch,5,0,0,0,0,0,0,0,,0,0,0,0,0,146,4,20,20,0,0,45,45,60,60,reinforcements,reinforcements,nuke,nuke,5,0,0,0,0,0,0,0,2000,2000,823,1127
1854,2000,2000,146,4,5,5,14,4.7,15,watch,5,0,0,0,0,0,0,0,,0,0,0,0,0,146,4,20,20,0,0,45,45,60,60,reinforcements,reinforcements,nuke,nuke,5,0,0,0,0,0,0,0,2000,2000,827,1123
1857,2000,2000,146,4,5,5,28,9.3,15,watch,5,0,0,0,0,0,0,0,,0,0,0,0,0,146,4,20,20,0,0,45,45,60,60,reinforcements,reinforcements,nuke,nuke,5,0,0,0,0,0,0,0,2000,2000,835,1115
1860,2000,2000,166,4,5,5,28,9.3,15,watch,5,0,0,0,0,0,0,0,,0,0,0,0,0,166,4,20,20,0,0,45,45,60,60,reinforcements,reinforcements,nuke,nuke,5,0,0,0,0,0,0,0,2000,2000,844,1106
1863,2000,2000,166,4,5,5,14,4.7,15,watch,5,0,0,0,0,0,0,0,,0,0,0,0,0,166,4,20,20,0,0,45,45,60,60,reinforcements,reinforcements,nuke,nuke,5,0,0,0,0,0,0,0,2000,2000,819,1131
1866,2000,2000,166,4,5,5,28,9.3,15,watch,5,0,0,0,0,0,0,0,,0,0,0,0,0,166,4,20,20,0,0,45,45,60,60,reinforcements,reinforcements,nuke,nuke,5,0,0,0,0,0,0,0,2000,2000,826,1124
1869,2000,2000,166,4,5,5,28,9.3,15,watch,5,0,0,0,0,0,0,0,,0,0,0,0,0,166,4,20,20,0,0,45,45,60,60,reinforcements,reinforcements,nuke,nuke,5,0,0,0,0,0,0,0,2000,2000,834,1116
1872,2000,2000,166,4,5,5,28,9.3,15,watch,5,0,0,0,0,0,0,0,,0,0,0,0,0,166,4,20,20,0,0,45,45,60,60,reinforcements,reinforcements,nuke,nuke,5,0,0,0,0,0,0,0,2000,2000,842,1108
1875,2000,2000,166,4,5,5,42,14.0,15,watch,5,0,0,0,0,0,0,0,,0,0,0,0,0,166,4,20,20,0,0,45,45,60,60,reinforcements,reinforcements,nuke,nuke,5,0,0,0,0,0,0,0,2000,2000,852,1098
1878,2000,2000,154,4,6,6,56,18.7,18,watch,6,0,0,0,0,0,0,0,,0,0,0,0,0,154,4,20,20,0,0,45,45,63,63,reinforcements,reinforcements,nuke,nuke,6,0,0,0,0,0,0,0,2000,2000,728,1222
1881,2000,2000,154,4,6,6,56,18.7,18,watch,6,0,0,0,0,0,0,0,,0,0,0,0,0,154,4,20,20,0,0,45,45,63,63,reinforcements,reinforcements,nuke,nuke,6,0,0,0,0,0,0,0,2000,2000,738,1212
1884,2000,2000,154,4,6,6,42,14.0,18,watch,6,0,0,0,0,0,0,0,,0,0,0,0,0,154,4,20,20,0,0,45,45,63,63,reinforcements,reinforcements,nuke,nuke,6,0,0,0,0,0,0,0,2000,2000,724,1226
1887,2000,2000,154,4,7,7,70,23.3,21,watch,7,0,0,0,0,0,0,0,,0,0,0,0,0,154,4,20,20,0,0,45,45,63,63,reinforcements,reinforcements,nuke,nuke,7,0,0,0,0,0,0,0,2000,2000,639,1311
1890,2000,2000,173,4,7,7,70,23.3,21,watch,7,0,0,0,0,0,0,0,,0,0,0,0,0,173,4,20,20,0,0,45,45,66,66,reinforcements,reinforcements,nuke,nuke,7,0,0,0,0,0,0,0,2000,2000,651,1299
1893,2000,2000,173,4,7,7,56,18.7,21,watch,7,0,0,0,0,0,0,0,,0,0,0,0,0,173,4,20,20,0,0,45,45,66,66,reinforcements,reinforcements,nuke,nuke,7,0,0,0,0,0,0,0,2000,2000,642,1308
1896,2000,2000,173,4,7,7,70,23.3,21,watch,7,0,0,0,0,0,0,0,,0,0,0,0,0,173,4,20,20,0,0,45,45,66,66,reinforcements,reinforcements,nuke,nuke,7,0,0,0,0,0,0,0,2000,2000,655,1295
1899,2000,2000,173,4,8,8,84,28.0,24,watch,8,0,0,0,0,0,0,0,,0,0,0,0,0,173,4,20,20,0,0,45,45,69,69,reinforcements,reinforcements,nuke,nuke,8,0,0,0,0,0,0,0,2000,2000,592,1358
1902,2000,2000,173,4,8,8,84,28.0,24,watch,8,0,0,0,0,0,0,0,,0,0,0,0,0,173,4,20,20,0,0,45,45,69,69,reinforcements,reinforcements,nuke,nuke,8,0,0,0,0,0,0,0,2000,2000,606,1344
1905,2000,2000,173,4,8,8,70,23.3,24,watch,8,0,0,0,0,0,0,0,,0,0,0,0,0,173,4,20,20,0,0,45,45,69,69,reinforcements,reinforcements,nuke,nuke,8,0,0,0,0,0,0,0,2000,2000,600,1350
1908,2000,2000,173,4,9,9,84,28.0,27,watch,9,0,0,0,0,0,0,0,,0,0,0,0,0,173,4,20,20,0,0,45,45,72,72,reinforcements,reinforcements,nuke,nuke,9,0,0,0,0,0,0,0,2000,2000,550,1400
1911,2000,2000,173,4,9,9,84,28.0,27,watch,9,0,0,0,0,0,0,0,,0,0,0,0,0,173,4,20,20,0,0,45,45,72,72,reinforcements,reinforcements,nuke,nuke,9,0,0,0,0,0,0,0,2000,2000,562,1388
1914,2000,2000,173,4,9,9,70,23.3,27,watch,9,0,0,0,0,0,0,0,,0,0,0,0,0,173,4,20,20,0,0,45,45,72,72,reinforcements,reinforcements,nuke,nuke,9,0,0,0,0,0,0,0,2000,2000,557,1393
1917,2000,2000,173,4,10,10,98,32.7,30,watch,10,0,0,0,0,0,0,0,,0,0,0,0,0,173,4,20,20,0,0,45,45,72,72,reinforcements,reinforcements,nuke,nuke,10,0,0,0,0,0,0,0,2000,2000,518,1432
1920,2000,2000,193,4,10,10,98,32.7,30,watch,10,0,0,0,0,0,0,0,,0,0,0,0,0,193,4,20,20,0,0,45,45,75,75,reinforcements,reinforcements,nuke,nuke,10,0,0,0,0,0,0,0,2000,2000,531,1419
1923,2000,2000,193,4,10,10,84,28.0,30,watch,10,0,0,0,0,0,0,0,,0,0,0,0,0,193,4,20,20,0,0,45,45,75,75,reinforcements,reinforcements,nuke,nuke,10,0,0,0,0,0,0,0,2000,2000,529,1421
1926,2000,2000,193,4,10,10,98,32.7,30,watch,10,0,0,0,0,0,0,0,,0,0,0,0,0,193,4,20,20,0,0,45,45,75,75,reinforcements,reinforcements,nuke,nuke,10,0,0,0,0,0,0,0,2000,2000,543,1407
1929,2000,2000,193,4,10,10,98,32.7,30,watch,10,0,0,0,0,0,0,0,,0,0,0,0,0,193,4,20,20,0,0,45,45,75,75,reinforcements,reinforcements,nuke,nuke,10,0,0,0,0,0,0,0,2000,2000,558,1392
1932,2000,2000,193,4,10,10,98,32.7,30,watch,10,0,0,0,0,0,0,0,,0,0,0,0,0,193,4,20,20,0,0,45,45,75,75,reinforcements,reinforcements,nuke,nuke,10,0,0,0,0,0,0,0,2000,2000,572,1378
1935,2000,2000,193,4,10,10,112,37.3,30,watch,10,0,0,0,0,0,0,0,,0,0,0,0,0,193,4,20,20,0,0,45,45,75,75,reinforcements,reinforcements,nuke,nuke,10,0,0,0,0,0,0,0,2000,2000,588,1362
1938,2000,2000,193,4,9,9,98,32.7,27,watch,9,0,0,0,0,0,0,0,,0,0,0,0,0,193,4,20,20,0,0,48,48,75,75,reinforcements,reinforcements,nuke,nuke,9,0,0,0,0,0,0,0,2000,2000,563,1387
1941,2000,2000,193,4,9,9,98,32.7,27,watch,9,0,0,0,0,0,0,0,,0,0,0,0,0,193,4,20,20,0,0,48,48,75,75,reinforcements,reinforcements,nuke,nuke,9,0,0,0,0,0,0,0,2000,2000,580,1370
1944,2000,2000,193,4,9,9,98,32.7,27,watch,9,0,0,0,0,0,0,0,,0,0,0,0,0,193,4,20,20,0,0,48,48,75,75,reinforcements,reinforcements,nuke,nuke,9,0,0,0,0,0,0,0,2000,2000,596,1354
1947,2000,2000,193,4,8,8,98,32.7,24,watch,8,0,0,0,0,0,0,0,,0,0,0,0,0,193,4,20,20,0,0,51,51,75,75,reinforcements,reinforcements,nuke,nuke,8,0,0,0,0,0,0,0,2000,2000,571,1379
1950,2000,2000,213,4,8,8,98,32.7,24,watch,8,0,0,0,0,0,0,0,,0,0,0,0,0,213,4,20,20,0,0,51,51,75,75,reinforcements,reinforcements,nuke,nuke,8,0,0,0,0,0,0,0,2000,2000,589,1361
1953,2000,2000,213,4,8,8,98,32.7,24,watch,8,0,0,0,0,0,0,0,,0,0,0,0,0,213,4,20,20,0,0,51,51,75,75,reinforcements,reinforcements,nuke,nuke,8,0,0,0,0,0,0,0,2000,2000,607,1343
1956,2000,2000,213,4,7,7,98,32.7,21,watch,7,0,0,0,0,0,0,0,,0,0,0,0,0,213,4,20,20,0,0,51,51,75,75,reinforcements,reinforcements,nuke,nuke,7,0,0,0,0,0,0,0,2000,2000,580,1370
1959,2000,2000,213,4,7,7,98,32.7,21,watch,7,0,0,0,0,0,0,0,,0,0,0,0,0,213,4,20,20,0,0,54,54,75,75,reinforcements,reinforcements,nuke,nuke,7,0,0,0,0,0,0,0,2000,2000,601,1349
1962,2000,2000,213,4,7,7,98,32.7,21,watch,7,0,0,0,0,0,0,0,,0,0,0,0,0,213,4,20,20,0,0,54,54,75,75,reinforcements,reinforcements,nuke,nuke,7,0,0,0,0,0,0,0,2000,2000,622,1328
1965,2000,2000,213,4,7,7,98,32.7,21,watch,7,0,0,0,0,0,0,0,,0,0,0,0,0,213,4,20,20,0,0,54,54,75,75,reinforcements,reinforcements,nuke,nuke,7,0,0,0,0,0,0,0,2000,2000,643,1307
1968,2000,2000,213,4,6,6,84,28.0,18,watch,6,0,0,0,0,0,0,0,,0,0,0,0,0,213,4,20,20,0,0,57,57,75,75,reinforcements,reinforcements,nuke,nuke,6,0,0,0,0,0,0,0,2000,2000,612,1338
1971,2000,2000,213,4,6,6,84,28.0,18,watch,6,0,0,0,0,0,0,0,,0,0,0,0,0,213,4,20,20,0,0,57,57,75,75,reinforcements,reinforcements,nuke,nuke,6,0,0,0,0,0,0,0,2000,2000,633,1317
1974,2000,2000,213,4,6,6,84,28.0,18,watch,6,0,0,0,0,0,0,0,,0,0,0,0,0,213,4,20,20,0,0,57,57,75,75,reinforcements,reinforcements,nuke,nuke,6,0,0,0,0,0,0,0,2000,2000,654,1296
1977,2000,2000,213,4,5,5,70,23.3,15,watch,5,0,0,0,0,0,0,0,,0,0,0,0,0,213,4,20,20,0,0,60,60,75,75,reinforcements,reinforcements,nuke,nuke,5,0,0,0,0,0,0,0,2000,2000,617,1333
1980,2000,2000,233,4,5,5,70,23.3,15,watch,5,0,0,0,0,0,0,0,,0,0,0,0,0,233,4,20,20,0,0,60,60,75,75,reinforcements,reinforcements,nuke,nuke,5,0,0,0,0,0,0,0,2000,2000,638,1312
1983,2000,2000,233,4,5,5,70,23.3,15,watch,5,0,0,0,0,0,0,0,,0,0,0,0,0,233,4,20,20,0,0,60,60,75,75,reinforcements,reinforcements,nuke,nuke,5,0,0,0,0,0,0,0,2000,2000,659,1291
1986,2000,2000,233,4,5,5,70,23.3,15,watch,5,0,0,0,0,0,0,0,,0,0,0,0,0,233,4,20,20,0,0,60,60,75,75,reinforcements,reinforcements,nuke,nuke,5,0,0,0,0,0,0,0,2000,2000,680,1270
1989,2000,2000,233,4,5,5,70,23.3,15,watch,5,0,0,0,0,0,0,0,,0,0,0,0,0,233,4,20,20,0,0,60,60,75,75,reinforcements,reinforcements,nuke,nuke,5,0,0,0,0,0,0,0,2000,2000,701,1249
1992,2000,2000,168,4,5,5,70,23.3,15,watch,5,0,0,0,0,0,0,0,,0,0,0,0,0,168,4,20,20,0,0,60,60,75,75,reinforcements,reinforcements,nuke,nuke,5,0,0,0,0,0,0,0,2000,2000,722,1228
1995,2000,2000,168,4,5,5,70,23.3,15,watch,5,0,0,0,0,0,0,0,,0,0,0,0,0,168,4,20,20,0,0,60,60,75,75,reinforcements,reinforcements,nuke,nuke,5,0,0,0,0,0,0,0,2000,2000,743,1207
1998,2000,2000,168,4,5,5,70,23.3,15,watch,5,0,0,0,0,0,0,0,,0,0,0,0,0,168,4,20,20,0,0,60,60,75,75,reinforcements,reinforcements,nuke,nuke,5,0,0,0,0,0,0,0,2000,2000,764,1186
2001,2000,2000,168,4,5,5,70,23.3,15,watch,5,0,0,0,0,0,0,0,,0,0,0,0,0,168,4,20,20,0,0,60,60,75,75,reinforcements,reinforcements,nuke,nuke,5,0,0,0,0,0,0,0,2000,2000,785,1165
2004,2000,2000,168,4,5,5,70,23.3,15,watch,5,0,0,0,0,0,0,0,,0,0,0,0,0,168,4,20,20,0,0,60,60,75,75,reinforcements,reinforcements,nuke,nuke,5,0,0,0,0,0,0,0,2000,2000,806,1144
2007,2000,2000,168,4,5,5,56,18.7,15,watch,5,0,0,0,0,0,0,0,,0,0,0,0,0,168,4,20,20,0,0,60,60,75,75,reinforcements,reinforcements,nuke,nuke,5,0,0,0,0,0,0,0,2000,2000,795,1155
2010,2000,2000,187,4,5,5,56,18.7,15,watch,5,0,0,0,0,0,0,0,,0,0,0,0,0,187,4,20,20,0,0,60,60,75,75,reinforcements,reinforcements,nuke,nuke,5,0,0,0,0,0,0,0,2000,2000,812,1138
2013,2000,2000,187,4,5,5,56,18.7,15,watch,5,0,0,0,0,0,0,0,,0,0,0,0,0,187,4,20,20,0,0,60,60,75,75,reinforcements,reinforcements,nuke,nuke,5,0,0,0,0,0,0,0,2000,2000,828,1122
2016,2000,2000,187,4,5,5,42,14.0,15,watch,5,0,0,0,0,0,0,0,,0,0,0,0,0,187,4,20,20,0,0,60,60,75,75,reinforcements,reinforcements,nuke,nuke,5,0,0,0,0,0,0,0,2000,2000,814,1136
2019,2000,2000,187,4,5,5,42,14.0,15,watch,5,0,0,0,0,0,0,0,,0,0,0,0,0,187,4,20,20,0,0,60,60,75,75,reinforcements,reinforcements,nuke,nuke,5,0,0,0,0,0,0,0,2000,2000,827,1123
2022,2000,2000,187,4,5,5,42,14.0,15,watch,5,0,0,0,0,0,0,0,,0,0,0,0,0,187,4,20,20,0,0,60,60,75,75,reinforcements,reinforcements,nuke,nuke,5,0,0,0,0,0,0,0,2000,2000,840,1110
2025,2000,2000,187,4,5,5,42,14.0,15,watch,5,0,0,0,0,0,0,0,,0,0,0,0,0,187,4,20,20,0,0,60,60,75,75,reinforcements,reinforcements,nuke,nuke,5,0,0,0,0,0,0,0,2000,2000,852,1098
2028,2000,2000,187,4,5,5,28,9.3,15,watch,5,0,0,0,0,0,0,0,,0,0,0,0,0,187,4,20,20,0,0,60,60,75,75,reinforcements,reinforcements,nuke,nuke,5,0,0,0,0,0,0,0,2000,2000,831,1119
2031,2000,2000,187,4,5,5,28,9.3,15,watch,5,0,0,0,0,0,0,0,,0,0,0,0,0,187,4,20,20,0,0,60,60,75,75,reinforcements,reinforcements,nuke,nuke,5,0,0,0,0,0,0,0,2000,2000,840,1110
2034,2000,2000,187,4,5,5,28,9.3,15,watch,5,0,0,0,0,0,0,0,,0,0,0,0,0,187,4,20,20,0,0,60,60,75,75,reinforcements,reinforcements,nuke,nuke,5,0,0,0,0,0,0,0,2000,2000,848,1102
2037,2000,2000,187,4,5,5,14,4.7,15,watch,5,0,0,0,0,0,0,0,,0,0,0,0,0,187,4,20,20,0,0,60,60,75,75,reinforcements,reinforcements,nuke,nuke,5,0,0,0,0,0,0,0,2000,2000,824,1126
2040,2000,2000,307,4,5,5,28,9.3,15,watch,5,0,0,0,0,0,0,0,,0,0,0,0,0,307,4,20,20,0,0,60,60,75,75,reinforcements,reinforcements,nuke,nuke,5,0,0,0,0,0,0,0,2000,2000,830,1120
2043,2000,2000,307,4,5,5,28,9.3,15,watch,5,0,0,0,0,0,0,0,,0,0,0,0,0,307,4,20,20,0,0,60,60,75,75,reinforcements,reinforcements,nuke,nuke,5,0,0,0,0,0,0,0,2000,2000,838,1112
2046,2000,2000,307,4,5,5,14,4.7,15,watch,5,0,0,0,0,0,0,0,,0,0,0,0,0,307,4,20,20,0,0,60,60,75,75,reinforcements,reinforcements,nuke,nuke,5,0,0,0,0,0,0,0,2000,2000,816,1134
2049,2000,2000,307,4,5,5,14,4.7,15,watch,5,0,0,0,0,0,0,0,,0,0,0,0,0,307,4,20,20,0,0,60,60,75,75,reinforcements,reinforcements,nuke,nuke,5,0,0,0,0,0,0,0,2000,2000,820,1130
2052,2000,2000,307,4,5,5,28,9.3,15,watch,5,0,0,0,0,0,0,0,,0,0,0,0,0,307,4,20,20,0,0,60,60,75,75,reinforcements,reinforcements,nuke,nuke,5,0,0,0,0,0,0,0,2000,2000,828,1122
2055,2000,2000,307,4,5,5,28,9.3,15,watch,5,0,0,0,0,0,0,0,,0,0,0,0,0,307,4,20,20,0,0,60,60,75,75,reinforcements,reinforcements,nuke,nuke,5,0,0,0,0,0,0,0,2000,2000,837,1113
2058,2000,2000,307,4,5,5,28,9.3,15,watch,5,0,0,0,0,0,0,0,,0,0,0,0,0,307,4,20,20,0,0,60,60,75,75,reinforcements,reinforcements,nuke,nuke,5,0,0,0,0,0,0,0,2000,2000,845,1105
2061,2000,2000,295,4,5,5,42,14.0,15,watch,5,0,0,0,0,0,0,0,,0,0,0,0,0,307,4,20,20,0,0,60,60,75,75,reinforcements_2,reinforcements,nuke,nuke,5,0,0,0,0,0,0,0,2000,2000,855,1095
2064,2000,2000,295,4,6,6,56,18.7,18,watch,6,0,0,0,0,0,0,0,,0,0,0,0,0,295,4,20,20,0,0,60,60,78,78,reinforcements_2,reinforcements_2,nuke,nuke,6,0,0,0,0,0,0,0,2000,2000,731,1219
2067,2000,2000,295,4,6,6,56,18.7,18,watch,6,0,0,0,0,0,0,0,,0,0,0,0,0,295,4,20,20,0,0,60,60,78,78,reinforcements_2,reinforcements_2,nuke,nuke,6,0,0,0,0,0,0,0,2000,2000,742,1208
2070,2000,2000,315,4,6,6,56,18.7,18,watch,6,0,0,0,0,0,0,0,,0,0,0,0,0,315,4,20,20,0,0,60,60,78,78,reinforcements_2,reinforcements_2,nuke,nuke,6,0,0,0,0,0,0,0,2000,2000,729,1221
2073,2000,2000,315,4,7,7,70,23.3,21,watch,7,0,0,0,0,0,0,0,,0,0,0,0,0,315,4,20,20,0,0,60,60,81,81,reinforcements_2,reinforcements_2,nuke,nuke,7,0,0,0,0,0,0,0,2000,2000,643,1307
2076,2000,2000,315,4,7,7,70,23.3,21,watch,7,0,0,0,0,0,0,0,,0,0,0,0,0,315,4,20,20,0,0,60,60,81,81,reinforcements_2,reinforcements_2,nuke,nuke,7,0,0,0,0,0,0,0,2000,2000,655,1295
2079,2000,2000,315,4,7,7,56,18.7,21,watch,7,0,0,0,0,0,0,0,,0,0,0,0,0,315,4,20,20,0,0,60,60,81,81,reinforcements_2,reinforcements_2,nuke,nuke,7,0,0,0,0,0,0,0,2000,2000,646,1304
2082,2000,2000,315,4,8,8,84,28.0,24,watch,8,0,0,0,0,0,0,0,,0,0,0,0,0,315,4,20,20,0,0,60,60,81,81,reinforcements_2,reinforcements_2,nuke,nuke,8,0,0,0,0,0,0,0,2000,2000,584,1366
2085,2000,2000,315,4,8,8,84,28.0,24,watch,8,0,0,0,0,0,0,0,,0,0,0,0,0,315,4,20,20,0,0,60,60,84,84,reinforcements_2,reinforcements_2,nuke,nuke,8,0,0,0,0,0,0,0,2000,2000,597,1353
2088,2000,2000,315,4,8,8,70,23.3,24,watch,8,0,0,0,0,0,0,0,,0,0,0,0,0,315,4,20,20,0,0,60,60,84,84,reinforcements_2,reinforcements_2,nuke,nuke,8,0,0,0,0,0,0,0,2000,2000,592,1358
2091,2000,2000,315,4,8,8,70,23.3,24,watch,8,0,0,0,0,0,0,0,,0,0,0,0,0,315,4,20,20,0,0,60,60,84,84,reinforcements_2,reinforcements_2,nuke,nuke,8,0,0,0,0,0,0,0,2000,2000,604,1346
2094,2000,2000,315,4,9,9,84,28.0,27,watch,9,0,0,0,0,0,0,0,,0,0,0,0,0,315,4,20,20,0,0,60,60,87,87,reinforcements_2,reinforcements_2,nuke,nuke,9,0,0,0,0,0,0,0,2000,2000,554,1396
2097,2000,2000,315,4,9,9,84,28.0,27,watch,9,0,0,0,0,0,0,0,,0,0,0,0,0,315,4,20,20,0,0,60,60,87,87,reinforcements_2,reinforcements_2,nuke,nuke,9,0,0,0,0,0,0,0,2000,2000,566,1384
2100,2000,2000,335,4,9,9,84,28.0,27,watch,9,0,0,0,0,0,0,0,,0,0,0,0,0,335,4,20,20,0,0,60,60,87,87,reinforcements_2,reinforcements_2,nuke,nuke,9,0,0,0,0,0,0,0,2000,2000,562,1388
2103,2000,2000,335,4,10,10,98,32.7,30,watch,10,0,0,0,0,0,0,0,,0,0,0,0,0,335,4,20,20,0,0,60,60,90,90,reinforcements_2,reinforcements_2,nuke,nuke,10,0,0,0,0,0,0,0,2000,2000,522,1428
2106,2000,2000,335,4,10,10,98,32.7,30,watch,10,0,0,0,0,0,0,0,,0,0,0,0,0,335,4,20,20,0,0,60,60,90,90,reinforcements_2,reinforcements_2,nuke,nuke,10,0,0,0,0,0,0,0,2000,2000,535,1415
2109,2000,2000,335,4,10,10,84,28.0,30,watch,10,0,0,0,0,0,0,0,,0,0,0,0,0,335,4,20,20,0,0,60,60,90,90,reinforcements_2,reinforcements_2,nuke,nuke,10,0,0,0,0,0,0,0,2000,2000,533,1417
2112,2000,2000,335,4,10,10,98,32.7,30,watch,10,0,0,0,0,0,0,0,,0,0,0,0,0,335,4,20,20,0,0,60,60,90,90,reinforcements_2,reinforcements_2,nuke,nuke,10,0,0,0,0,0,0,0,2000,2000,548,1402
2115,2000,2000,335,4,10,10,98,32.7,30,watch,10,0,0,0,0,0,0,0,,0,0,0,0,0,335,4,20,20,0,0,60,60,90,90,reinforcements_2,reinforcements_2,nuke,nuke,10,0,0,0,0,0,0,0,2000,2000,562,1388
2118,2000,2000,335,4,10,10,98,32.7,30,watch,10,0,0,0,0,0,0,0,,0,0,0,0,0,335,4,20,20,0,0,60,60,90,90,reinforcements_2,reinforcements_2,nuke,nuke,10,0,0,0,0,0,0,0,2000,2000,577,1373
2121,2000,2000,335,4,9,9,98,32.7,27,watch,9,0,0,0,0,0,0,0,,0,0,0,0,0,335,4,20,20,0,0,60,60,90,90,reinforcements_2,reinforcements_2,nuke,nuke,9,0,0,0,0,0,0,0,2000,2000,552,1398
2124,2000,2000,335,4,9,9,98,32.7,27,watch,9,0,0,0,0,0,0,0,,0,0,0,0,0,335,4,20,20,0,0,63,63,90,90,reinforcements_2,reinforcements_2,nuke,nuke,9,0,0,0,0,0,0,0,2000,2000,569,1381
2127,2000,2000,335,4,9,9,98,32.7,27,watch,9,0,0,0,0,0,0,0,,0,0,0,0,0,335,4,20,20,0,0,63,63,90,90,reinforcements_2,reinforcements_2,nuke,nuke,9,0,0,0,0,0,0,0,2000,2000,585,1365
2130,2000,2000,354,4,9,9,112,37.3,27,watch,9,0,0,0,0,0,0,0,,0,0,0,0,0,354,4,20,20,0,0,63,63,90,90,reinforcements_2,reinforcements_2,nuke,nuke,9,0,0,0,0,0,0,0,2000,2000,602,1348
2133,2000,2000,354,4,8,8,98,32.7,24,watch,8,0,0,0,0,0,0,0,,0,0,0,0,0,354,4,20,20,0,0,66,66,90,90,reinforcements_2,reinforcements_2,nuke,nuke,8,0,0,0,0,0,0,0,2000,2000,577,1373
2136,2000,2000,354,4,8,8,98,32.7,24,watch,8,0,0,0,0,0,0,0,,0,0,0,0,0,354,4,20,20,0,0,66,66,90,90,reinforcements_2,reinforcements_2,nuke,nuke,8,0,0,0,0,0,0,0,2000,2000,595,1355
2139,2000,2000,354,4,8,8,98,32.7,24,watch,8,0,0,0,0,0,0,0,,0,0,0,0,0,354,4,20,20,0,0,66,66,90,90,reinforcements_2,reinforcements_2,nuke,nuke,8,0,0,0,0,0,0,0,2000,2000,614,1336
2142,2000,2000,354,4,7,7,98,32.7,21,watch,7,0,0,0,0,0,0,0,,0,0,0,0,0,354,4,20,20,0,0,69,69,90,90,reinforcements_2,reinforcements_2,nuke,nuke,7,0,0,0,0,0,0,0,2000,2000,587,1363
2145,2000,2000,354,4,7,7,98,32.7,21,watch,7,0,0,0,0,0,0,0,,0,0,0,0,0,354,4,20,20,0,0,69,69,90,90,reinforcements_2,reinforcements_2,nuke,nuke,7,0,0,0,0,0,0,0,2000,2000,608,1342
2148,2000,2000,354,4,7,7,98,32.7,21,watch,7,0,0,0,0,0,0,0,,0,0,0,0,0,354,4,20,20,0,0,69,69,90,90,reinforcements_2,reinforcements_2,nuke,nuke,7,0,0,0,0,0,0,0,2000,2000,629,1321
2151,2000,2000,354,4,6,6,84,28.0,18,watch,6,0,0,0,0,0,0,0,,0,0,0,0,0,354,4,20,20,0,0,69,69,90,90,reinforcements_2,reinforcements_2,nuke,nuke,6,0,0,0,0,0,0,0,2000,2000,598,1352
2154,2000,2000,354,4,6,6,84,28.0,18,watch,6,0,0,0,0,0,0,0,,0,0,0,0,0,354,4,20,20,0,0,72,72,90,90,reinforcements_2,reinforcements_2,nuke,nuke,6,0,0,0,0,0,0,0,2000,2000,619,1331
2157,2000,2000,354,4,6,6,84,28.0,18,watch,6,0,0,0,0,0,0,0,,0,0,0,0,0,354,4,20,20,0,0,72,72,90,90,reinforcements_2,reinforcements_2,nuke,nuke,6,0,0,0,0,0,0,0,2000,2000,640,1310
2160,2000,2000,374,4,6,6,84,28.0,18,watch,6,0,0,0,0,0,0,0,,0,0,0,0,0,374,4,20,20,0,0,72,72,90,90,reinforcements_2,reinforcements_2,nuke,nuke,6,0,0,0,0,0,0,0,2000,2000,661,1289
2163,2000,2000,374,4,5,5,70,23.3,15,watch,5,0,0,0,0,0,0,0,,0,0,0,0,0,374,4,20,20,0,0,75,75,90,90,reinforcements_2,reinforcements_2,nuke,nuke,5,0,0,0,0,0,0,0,2000,2000,624,1326
2166,2000,2000,374,4,5,5,70,23.3,15,watch,5,0,0,0,0,0,0,0,,0,0,0,0,0,374,4,20,20,0,0,75,75,90,90,reinforcements_2,reinforcements_2,nuke,nuke,5,0,0,0,0,0,0,0,2000,2000,645,1305
2169,2000,2000,374,4,5,5,70,23.3,15,watch,5,0,0,0,0,0,0,0,,0,0,0,0,0,374,4,20,20,0,0,75,75,90,90,reinforcements_2,reinforcements_2,nuke,nuke,5,0,0,0,0,0,0,0,2000,2000,666,1284
2172,2000,2000,374,4,5,5,70,23.3,15,watch,5,0,0,0,0,0,0,0,,0,0,0,0,0,374,4,20,20,0,0,75,75,90,90,reinforcements_2,reinforcements_2,nuke,nuke,5,0,0,0,0,0,0,0,2000,2000,687,1263
2175,2000,2000,374,4,5,5,70,23.3,15,watch,5,0,0,0,0,0,0,0,,0,0,0,0,0,374,4,20,20,0,0,75,75,90,90,reinforcements_2,reinforcements_2,nuke,nuke,5,0,0,0,0,0,0,0,2000,2000,708,1242
2178,2000,2000,374,4,5,5,70,23.3,15,watch,5,0,0,0,0,0,0,0,,0,0,0,0,0,374,4,20,20,0,0,75,75,90,90,reinforcements_2,reinforcements_2,nuke,nuke,5,0,0,0,0,0,0,0,2000,2000,729,1221
2181,2000,2000,374,4,5,5,70,23.3,15,watch,5,0,0,0,0,0,0,0,,0,0,0,0,0,374,4,20,20,0,0,75,75,90,90,reinforcements_2,reinforcements_2,nuke,nuke,5,0,0,0,0,0,0,0,2000,2000,750,1200
2184,2000,2000,374,4,5,5,70,23.3,15,watch,5,0,0,0,0,0,0,0,,0,0,0,0,0,374,4,20,20,0,0,75,75,90,90,reinforcements_2,reinforcements_2,nuke,nuke,5,0,0,0,0,0,0,0,2000,2000,771,1179
2187,2000,2000,374,4,5,5,70,23.3,15,watch,5,0,0,0,0,0,0,0,,0,0,0,0,0,374,4,20,20,0,0,75,75,90,90,reinforcements_2,reinforcements_2,nuke,nuke,5,0,0,0,0,0,0,0,2000,2000,792,1158
2190,2000,2000,394,4,5,5,70,23.3,15,watch,5,0,0,0,0,0,0,0,,0,0,0,0,0,394,4,20,20,0,0,75,75,90,90,reinforcements_2,reinforcements_2,nuke,nuke,5,0,0,0,0,0,0,0,2000,2000,813,1137
2193,2000,2000,394,4,5,5,56,18.7,15,watch,5,0,0,0,0,0,0,0,,0,0,0,0,0,394,4,20,20,0,0,75,75,90,90,reinforcements_2,reinforcements_2,nuke,nuke,5,0,0,0,0,0,0,0,2000,2000,800,1150
2196,2000,2000,394,4,5,5,56,18.7,15,watch,5,0,0,0,0,0,0,0,,0,0,0,0,0,394,4,20,20,0,0,75,75,90,90,reinforcements_2,reinforcements_2,nuke,nuke,5,0,0,0,0,0,0,0,2000,2000,817,1133
2199,2000,2000,394,4,5,5,56,18.7,15,watch,5,0,0,0,0,0,0,0,,0,0,0,0,0,394,4,20,20,0,0,75,75,90,90,reinforcements_2,reinforcements_2,nuke,nuke,5,0,0,0,0,0,0,0,2000,2000,834,1116
2202,2000,2000,394,4,5,5,42,14.0,15,watch,5,0,0,0,0,0,0,0,,0,0,0,0,0,394,4,20,20,0,0,75,75,90,90,reinforcements_2,reinforcements_2,nuke,nuke,5,0,0,0,0,0,0,0,2000,2000,819,1131
2205,2000,2000,394,4,5,5,42,14.0,15,watch,5,0,0,0,0,0,0,0,,0,0,0,0,0,394,4,20,20,0,0,75,75,90,90,reinforcements_2,reinforcements_2,nuke,nuke,5,0,0,0,0,0,0,0,2000,2000,831,1119
2208,2000,2000,394,4,5,5,42,14.0,15,watch,5,0,0,0,0,0,0,0,,0,0,0,0,0,394,4,20,20,0,0,75,75,90,90,reinforcements_2,reinforcements_2,nuke,nuke,5,0,0,0,0,0,0,0,2000,2000,844,1106
2211,2000,2000,394,4,5,5,28,9.3,15,watch,5,0,0,0,0,0,0,0,,0,0,0,0,0,394,4,20,20,0,0,75,75,90,90,reinforcements_2,reinforcements_2,nuke,nuke,5,0,0,0,0,0,0,0,2000,2000,826,1124
2214,2000,2000,394,4,5,5,28,9.3,15,watch,5,0,0,0,0,0,0,0,,0,0,0,0,0,394,4,20,20,0,0,75,75,90,90,reinforcements_2,reinforcements_2,nuke,nuke,5,0,0,0,0,0,0,0,2000,2000,834,1116
2217,2000,2000,394,4,5,5,28,9.3,15,watch,5,0,0,0,0,0,0,0,,0,0,0,0,0,394,4,20,20,0,0,75,75,90,90,reinforcements_2,reinforcements_2,nuke,nuke,5,0,0,0,0,0,0,0,2000,2000,842,1108
2220,2000,2000,414,4,5,5,28,9.3,15,watch,5,0,0,0,0,0,0,0,,0,0,0,0,0,414,4,20,20,0,0,75,75,90,90,reinforcements_2,reinforcements_2,nuke,nuke,5,0,0,0,0,0,0,0,2000,2000,851,1099
2223,2000,2000,414,4,5,5,14,4.7,15,watch,5,0,0,0,0,0,0,0,,0,0,0,0,0,414,4,20,20,0,0,75,75,90,90,reinforcements_2,reinforcements_2,nuke,nuke,5,0,0,0,0,0,0,0,2000,2000,826,1124
2226,2000,2000,414,4,5,5,28,9.3,15,watch,5,0,0,0,0,0,0,0,,0,0,0,0,0,414,4,20,20,0,0,75,75,90,90,reinforcements_2,reinforcements_2,nuke,nuke,5,0,0,0,0,0,0,0,2000,2000,833,1117
2229,2000,2000,414,4,5,5,28,9.3,15,watch,5,0,0,0,0,0,0,0,,0,0,0,0,0,414,4,20,20,0,0,75,75,90,90,reinforcements_2,reinforcements_2,nuke,nuke,5,0,0,0,0,0,0,0,2000,2000,841,1109
2232,2000,2000,414,4,5,5,14,4.7,15,watch,5,0,0,0,0,0,0,0,,0,0,0,0,0,414,4,20,20,0,0,75,75,90,90,reinforcements_2,reinforcements_2,nuke,nuke,5,0,0,0,0,0,0,0,2000,2000,817,1133
2235,2000,2000,414,4,5,5,28,9.3,15,watch,5,0,0,0,0,0,0,0,,0,0,0,0,0,414,4,20,20,0,0,75,75,90,90,reinforcements_2,reinforcements_2,nuke,nuke,5,0,0,0,0,0,0,0,2000,2000,823,1127
2238,2000,2000,414,4,5,5,28,9.3,15,watch,5,0,0,0,0,0,0,0,,0,0,0,0,0,414,4,20,20,0,0,75,75,90,90,reinforcements_2,reinforcements_2,nuke,nuke,5,0,0,0,0,0,0,0,2000,2000,831,1119
2241,2000,2000,414,4,5,5,28,9.3,15,watch,5,0,0,0,0,0,0,0,,0,0,0,0,0,414,4,20,20,0,0,75,75,90,90,reinforcements_2,reinforcements_2,nuke,nuke,5,0,0,0,0,0,0,0,2000,2000,840,1110
2244,2000,2000,414,4,5,5,28,9.3,15,watch,5,0,0,0,0,0,0,0,,0,0,0,0,0,414,4,20,20,0,0,75,75,90,90,reinforcements_2,reinforcements_2,nuke,nuke,5,0,0,0,0,0,0,0,2000,2000,848,1102
2247,2000,2000,414,4,5,5,42,14.0,15,watch,5,0,0,0,0,0,0,0,,0,0,0,0,0,414,4,20,20,0,0,75,75,90,90,reinforcements_2,reinforcements_2,nuke,nuke,5,0,0,0,0,0,0,0,2000,2000,858,1092
2250,2000,2000,433,4,5,5,42,14.0,15,watch,5,0,0,0,0,0,0,0,,0,0,0,0,0,433,4,20,20,0,0,75,75,90,90,reinforcements_2,reinforcements_2,nuke,nuke,5,0,0,0,0,0,0,0,2000,2000,866,1084
2253,2000,2000,433,4,5,5,28,9.3,15,watch,5,0,0,0,0,0,0,0,,0,0,0,0,0,433,4,20,20,0,0,75,75,90,90,reinforcements_2,reinforcements_2,nuke,nuke,5,0,0,0,0,0,0,0,2000,2000,845,1105
2256,2000,2000,433,4,5,5,42,14.0,15,watch,5,0,0,0,0,0,0,0,,0,0,0,0,0,433,4,20,20,0,0,75,75,90,90,reinforcements_2,reinforcements_2,nuke,nuke,5,0,0,0,0,0,0,0,2000,2000,855,1095
2259,2000,2000,433,4,5,5,42,14.0,15,watch,5,0,0,0,0,0,0,0,,0,0,0,0,0,433,4,20,20,0,0,75,75,90,90,reinforcements_2,reinforcements_2,nuke,nuke,5,0,0,0,0,0,0,0,2000,2000,863,1087
2262,2000,2000,433,4,5,5,42,14.0,15,watch,5,0,0,0,0,0,0,0,,0,0,0,0,0,433,4,20,20,0,0,75,75,90,90,reinforcements_2,reinforcements_2,nuke,nuke,5,0,0,0,0,0,0,0,2000,2000,872,1078
2265,2000,2000,433,4,5,5,42,14.0,15,watch,5,0,0,0,0,0,0,0,,0,0,0,0,0,433,4,20,20,0,0,75,75,90,90,reinforcements_2,reinforcements_2,nuke,nuke,5,0,0,0,0,0,0,0,2000,2000,852,1098
2268,2000,2000,433,4,5,5,42,14.0,15,watch,5,0,0,0,0,0,0,0,,0,0,0,0,0,433,4,20,20,0,0,75,75,90,90,reinforcements_2,reinforcements_2,nuke,nuke,5,0,0,0,0,0,0,0,2000,2000,861,1089
2271,2000,2000,433,4,5,5,42,14.0,15,watch,5,0,0,0,0,0,0,0,,0,0,0,0,0,433,4,20,20,0,0,75,75,90,90,reinforcements_2,reinforcements_2,nuke,nuke,5,0,0,0,0,0,0,0,2000,2000,869,1081
2274,2000,2000,433,4,5,5,28,9.3,15,watch,5,0,0,0,0,0,0,0,,0,0,0,0,0,433,4,20,20,0,0,75,75,90,90,reinforcements_2,reinforcements_2,nuke,nuke,5,0,0,0,0,0,0,0,2000,2000,848,1102
2277,2000,2000,433,4,5,5,28,9.3,15,watch,5,0,0,0,0,0,0,0,,0,0,0,0,0,433,4,20,20,0,0,75,75,90,90,reinforcements_2,reinforcements_2,nuke,nuke,5,0,0,0,0,0,0,0,2000,2000,854,1096
2280,2000,2000,453,4,5,5,28,9.3,15,watch,5,0,0,0,0,0,0,0,,0,0,0,0,0,453,4,20,20,0,0,75,75,90,90,reinforcements_2,reinforcements_2,nuke,nuke,5,0,0,0,0,0,0,0,2000,2000,858,1092
2283,2000,2000,453,4,5,5,14,4.7,15,watch,5,0,0,0,0,0,0,0,,0,0,0,0,0,453,4,20,20,0,0,75,75,90,90,reinforcements_2,reinforcements_2,nuke,nuke,5,0,0,0,0,0,0,0,2000,2000,833,1117
2286,2000,2000,453,4,5,5,28,9.3,15,watch,5,0,0,0,0,0,0,0,,0,0,0,0,0,453,4,20,20,0,0,75,75,90,90,reinforcements_2,reinforcements_2,nuke,nuke,5,0,0,0,0,0,0,0,2000,2000,838,1112
2289,2000,2000,453,4,5,5,28,9.3,15,watch,5,0,0,0,0,0,0,0,,0,0,0,0,0,453,4,20,20,0,0,75,75,90,90,reinforcements_2,reinforcements_2,nuke,nuke,5,0,0,0,0,0,0,0,2000,2000,842,1108
2292,2000,2000,453,4,5,5,28,9.3,15,watch,5,0,0,0,0,0,0,0,,0,0,0,0,0,453,4,20,20,0,0,75,75,90,90,reinforcements_2,reinforcements_2,nuke,nuke,5,0,0,0,0,0,0,0,2000,2000,847,1103
2295,2000,2000,453,4,5,5,28,9.3,15,watch,5,0,0,0,0,0,0,0,,0,0,0,0,0,453,4,20,20,0,0,75,75,90,90,reinforcements_2,reinforcements_2,nuke,nuke,5,0,0,0,0,0,0,0,2000,2000,823,1127
2298,2000,2000,453,4,5,5,28,9.3,15,watch,5,0,0,0,0,0,0,0,,0,0,0,0,0,453,4,20,20,0,0,75,75,90,90,reinforcements_2,reinforcements_2,nuke,nuke,5,0,0,0,0,0,0,0,2000,2000,831,1119
2301,2000,2000,453,4,5,5,28,9.3,15,watch,5,0,0,0,0,0,0,0,,0,0,0,0,0,453,4,20,20,0,0,75,75,90,90,reinforcements_2,reinforcements_2,nuke,nuke,5,0,0,0,0,0,0,0,2000,2000,840,1110
2304,2000,2000,453,4,5,5,28,9.3,15,watch,5,0,0,0,0,0,0,0,,0,0,0,0,0,453,4,20,20,0,0,75,75,90,90,reinforcements_2,reinforcements_2,nuke,nuke,5,0,0,0,0,0,0,0,2000,2000,848,1102
2307,2000,2000,453,4,4,4,28,9.3,12,watch,4,0,0,0,0,0,0,0,,0,0,0,0,0,453,4,20,20,0,0,78,78,90,90,reinforcements_2,reinforcements_2,nuke,nuke,4,0,0,0,0,0,0,0,2000,2000,834,1116
2310,2000,2000,473,4,4,4,28,9.3,12,watch,4,0,0,0,0,0,0,0,,0,0,0,0,0,473,4,20,20,0,0,78,78,90,90,reinforcements_2,reinforcements_2,nuke,nuke,4,0,0,0,0,0,0,0,2000,2000,844,1106
2313,2000,2000,473,4,4,4,28,9.3,12,watch,4,0,0,0,0,0,0,0,,0,0,0,0,0,473,4,20,20,0,0,78,78,90,90,reinforcements_2,reinforcements_2,nuke,nuke,4,0,0,0,0,0,0,0,2000,2000,855,1095
2316,2000,2000,473,4,3,3,28,9.3,9,watch,3,0,0,0,0,0,0,0,,0,0,0,0,0,473,4,20,20,0,0,78,78,90,90,reinforcements_2,reinforcements_2,nuke,nuke,3,0,0,0,0,0,0,0,2000,2000,839,1111
2319,2000,2000,473,4,3,3,28,9.3,9,watch,3,0,0,0,0,0,0,0,,0,0,0,0,0,473,4,20,20,0,0,81,81,90,90,reinforcements_2,reinforcements_2,nuke,nuke,3,0,0,0,0,0,0,0,2000,2000,853,1097
2322,2000,2000,473,4,3,3,28,9.3,9,watch,3,0,0,0,0,0,0,0,,0,0,0,0,0,473,4,20,20,0,0,81,81,90,90,reinforcements_2,reinforcements_2,nuke,nuke,3,0,0,0,0,0,0,0,2000,2000,867,1083
2325,2000,2000,473,4,3,3,42,14.0,9,watch,3,0,0,0,0,0,0,0,,0,0,0,0,0,473,4,20,20,0,0,81,81,90,90,reinforcements_2,reinforcements_2,nuke,nuke,3,0,0,0,0,0,0,0,2000,2000,883,1067
2328,2000,2000,473,4,2,2,28,9.3,6,watch,2,0,0,0,0,0,0,0,,0,0,0,0,0,473,4,20,20,0,0,84,84,90,90,reinforcements_2,reinforcements_2,nuke,nuke,2,0,0,0,0,0,0,0,2000,2000,869,1081
2331,2000,2000,473,4,2,2,28,9.3,6,watch,2,0,0,0,0,0,0,0,,0,0,0,0,0,473,4,20,20,0,0,84,84,90,90,reinforcements_2,reinforcements_2,nuke,nuke,2,0,0,0,0,0,0,0,2000,2000,890,1060
2334,2000,2000,473,4,2,2,28,9.3,6,watch,2,0,0,0,0,0,0,0,,0,0,0,0,0,473,4,20,20,0,0,84,84,90,90,reinforcements_2,reinforcements_2,nuke,nuke,2,0,0,0,0,0,0,0,2000,2000,911,1039
2337,2000,2000,473,4,1,1,14,4.7,3,watch,1,0,0,0,0,0,0,0,,0,0,0,0,0,473,4,20,20,0,0,87,87,90,90,reinforcements_2,reinforcements_2,nuke,nuke,1,0,0,0,0,0,0,0,2000,2000,897,1053
2340,2000,2000,493,4,1,1,14,4.7,3,watch,1,0,0,0,0,0,0,0,,0,0,0,0,0,493,4,20,20,0,0,87,87,90,90,reinforcements_2,reinforcements_2,nuke,nuke,1,0,0,0,0,0,0,0,2000,2000,918,1032
2343,2000,2000,19,5,1,1,14,4.7,3,watch,1,0,0,0,0,0,0,0,,0,0,0,0,0,19,5,60,60,0,0,87,87,90,90,reinforcements_2,reinforcements_2,nuke,nuke,1,0,0,0,0,0,0,0,2000,2000,939,1011
2346,2000,2000,19,5,0,0,0,0.0,0,watch,0,0,0,0,0,0,0,0,,0,0,0,0,0,19,5,60,60,0,0,87,87,90,90,reinforcements_2,reinforcements_2,nuke,nuke,0,0,0,0,0,0,0,0,2000,2000,0,0
2349,2000,2000,19,5,0,0,0,0.0,0,watch,0,0,0,0,0,0,0,0,,0,0,0,0,0,19,5,60,60,0,0,90,90,90,90,reinforcements_2,reinforcements_2,nuke,nuke,0,0,0,0,0,0,0,0,2000,2000,0,0
2352,2000,2000,19,5,0,0,0,0.0,0,watch,0,0,0,0,0,0,0,0,,0,0,0,0,0,19,5,60,60,0,0,90,90,90,90,reinforcements_2,reinforcements_2,nuke,nuke,0,0,0,0,0,0,0,0,2000,2000,0,0
2355,2000,2000,19,5,0,0,0,0.0,0,watch,0,0,0,0,0,0,0,0,,0,0,0,0,0,19,5,60,60,0,0,90,90,90,90,reinforcements_2,reinforcements_2,nuke,nuke,0,0,0,0,0,0,0,0,2000,2000,0,0
2358,2000,2000,19,5,0,0,0,0.0,0,watch,0,0,0,0,0,0,0,0,,0,0,0,0,0,19,5,60,60,0,0,90,90,90,90,reinforcements_2,reinforcements_2,nuke,nuke,0,0,0,0,0,0,0,0,2000,2000,0,0
2361,2000,2000,19,5,0,0,0,0.0,0,watch,0,0,0,0,0,0,0,0,,0,0,0,0,0,19,5,60,60,0,0,90,90,90,90,reinforcements_2,reinforcements_2,nuke,nuke,0,0,0,0,0,0,0,0,2000,2000,0,0
2364,2000,2000,19,5,0,0,0,0.0,0,watch,0,0,0,0,0,0,0,0,,0,0,0,0,0,19,5,60,60,0,0,90,90,90,90,reinforcements_2,reinforcements_2,nuke,nuke,0,0,0,0,0,0,0,0,2000,2000,0,0
2367,2000,2000,19,5,0,0,0,0.0,0,watch,0,0,0,0,0,0,0,0,,0,0,0,0,0,19,5,60,60,0,0,90,90,90,90,reinforcements_2,reinforcements_2,nuke,nuke,0,0,0,0,0,0,0,0,2000,2000,0,0
2370,2000,2000,79,5,0,0,0,0.0,0,watch,0,0,0,0,0,0,0,0,,0,0,0,0,0,79,5,60,60,0,0,90,90,90,90,reinforcements_2,reinforcements_2,nuke,nuke,0,0,0,0,0,0,0,0,2000,2000,0,0
2373,2000,2000,79,5,0,0,0,0.0,0,watch,0,0,0,0,0,0,0,0,,0,0,0,0,0,79,5,60,60,0,0,90,90,90,90,reinforcements_2,reinforcements_2,nuke,nuke,0,0,0,0,0,0,0,0,2000,2000,0,0
2376,2000,2000,79,5,0,0,0,0.0,0,watch,0,0,0,0,0,0,0,0,,0,0,0,0,0,79,5,60,60,0,0,90,90,90,90,reinforcements_2,reinforcements_2,nuke,nuke,0,0,0,0,0,0,0,0,2000,2000,0,0
2379,2000,2000,79,5,0,0,0,0.0,0,watch,0,0,0,0,0,0,0,0,,0,0,0,0,0,79,5,60,60,0,0,90,90,90,90,reinforcements_2,reinforcements_2,nuke,nuke,0,0,0,0,0,0,0,0,2000,2000,0,0
2382,2000,2000,79,5,0,0,0,0.0,0,watch,0,0,0,0,0,0,0,0,,0,0,0,0,0,79,5,60,60,0,0,90,90,90,90,reinforcements_2,reinforcements_2,nuke,nuke,0,0,0,0,0,0,0,0,2000,2000,0,0
2385,2000,2000,79,5,0,0,0,0.0,0,watch,0,0,0,0,0,0,0,0,,0,0,0,0,0,79,5,60,60,0,0,90,90,90,90,reinforcements_2,reinforcements_2,nuke,nuke,0,0,0,0,0,0,0,0,2000,2000,0,0
2388,2000,2000,79,5,0,0,0,0.0,0,watch,0,0,0,0,0,0,0,0,,0,0,0,0,0,79,5,60,60,0,0,90,90,90,90,reinforcements_2,reinforcements_2,nuke,nuke,0,0,0,0,0,0,0,0,2000,2000,0,0
2391,2000,2000,79,5,0,0,0,0.0,0,watch,0,0,0,0,0,0,0,0,,0,0,0,0,0,79,5,60,60,0,0,90,90,90,90,reinforcements_2,reinforcements_2,nuke,nuke,0,0,0,0,0,0,0,0,2000,2000,0,0
2394,2000,2000,79,5,0,0,0,0.0,0,watch,0,0,0,0,0,0,0,0,,0,0,0,0,0,79,5,60,60,0,0,90,90,90,90,reinforcements_2,reinforcements_2,nuke,nuke,0,0,0,0,0,0,0,0,2000,2000,0,0
2397,2000,2000,79,5,0,0,0,0.0,0,watch,0,0,0,0,0,0,0,0,,0,0,0,0,0,79,5,60,60,0,0,90,90,90,90,reinforcements_2,reinforcements_2,nuke,nuke,0,0,0,0,0,0,0,0,2000,2000,0,0
2400,2000,2000,139,5,0,0,0,0.0,0,watch,0,0,0,0,0,0,0,0,,0,0,0,0,0,139,5,60,60,0,0,90,90,90,90,reinforcements_2,reinforcements_2,nuke,nuke,0,0,0,0,0,0,0,0,2000,2000,0,0
2403,2000,2000,139,5,0,0,0,0.0,0,watch,0,0,0,0,0,0,0,0,,0,0,0,0,0,139,5,60,60,0,0,90,90,90,90,reinforcements_2,reinforcements_2,nuke,nuke,0,0,0,0,0,0,0,0,2000,2000,0,0
2406,2000,2000,139,5,0,0,0,0.0,0,watch,0,0,0,0,0,0,0,0,,0,0,0,0,0,139,5,60,60,0,0,90,90,90,90,reinforcements_2,reinforcements_2,nuke,nuke,0,0,0,0,0,0,0,0,2000,2000,0,0
2409,2000,2000,139,5,0,0,0,0.0,0,watch,0,0,0,0,0,0,0,0,,0,0,0,0,0,139,5,60,60,0,0,90,90,90,90,reinforcements_2,reinforcements_2,nuke,nuke,0,0,0,0,0,0,0,0,2000,2000,0,0
2412,2000,2000,139,5,0,0,0,0.0,0,watch,0,0,0,0,0,0,0,0,,0,0,0,0,0,139,5,60,60,0,0,90,90,90,90,reinforcements_2,reinforcements_2,nuke,nuke,0,0,0,0,0,0,0,0,2000,2000,0,0
2415,2000,2000,139,5,0,0,0,0.0,0,watch,0,0,0,0,0,0,0,0,,0,0,0,0,0,139,5,60,60,0,0,90,90,90,90,reinforcements_2,reinforcements_2,nuke,nuke,0,0,0,0,0,0,0,0,2000,2000,0,0
2418,2000,2000,139,5,0,0,0,0.0,0,watch,0,0,0,0,0,0,0,0,,0,0,0,0,0,139,5,60,60,0,0,90,90,90,90,reinforcements_2,reinforcements_2,nuke,nuke,0,0,0,0,0,0,0,0,2000,2000,0,0
2421,2000,2000,139,5,0,0,0,0.0,0,watch,0,0,0,0,0,0,0,0,,0,0,0,0,0,139,5,60,60,0,0,90,90,90,90,reinforcements_2,reinforcements_2,nuke,nuke,0,0,0,0,0,0,0,0,2000,2000,0,0
2424,2000,2000,139,5,0,0,0,0.0,0,watch,0,0,0,0,0,0,0,0,,0,0,0,0,0,139,5,60,60,0,0,90,90,90,90,reinforcements_2,reinforcements_2,nuke,nuke,0,0,0,0,0,0,0,0,2000,2000,0,0
2427,2000,2000,139,5,0,0,0,0.0,0,watch,0,0,0,0,0,0,0,0,,0,0,0,0,0,139,5,60,60,0,0,90,90,90,90,reinforcements_2,reinforcements_2,nuke,nuke,0,0,0,0,0,0,0,0,2000,2000,0,0
2430,2000,2000,198,5,0,0,0,0.0,0,watch,0,0,0,0,0,0,0,0,,0,0,0,0,0,198,5,60,60,0,0,90,90,90,90,reinforcements_2,reinforcements_2,nuke,nuke,0,0,0,0,0,0,0,0,2000,2000,0,0
2433,2000,2000,18,5,1,1,100,1.1,81,watch,0,0,0,0,1,0,0,0,,0,0,0,0,0,18,5,60,60,0,0,90,90,171,171,reinforcements_2,reinforcements_2,nuke,nuke,0,0,0,0,1,0,0,0,2000,2000,45,1880
2436,2000,2000,18,5,1,1,100,1.1,81,watch,0,0,0,0,1,0,0,0,,0,0,0,0,0,18,5,60,60,0,0,90,90,171,171,reinforcements_2,reinforcements_2,nuke,nuke,0,0,0,0,1,0,0,0,2000,2000,75,1850
2439,2000,2000,18,5,1,1,100,1.1,81,watch,0,0,0,0,1,0,0,0,,0,0,0,0,0,18,5,60,60,0,0,90,90,171,171,reinforcements_2,reinforcements_2,nuke,nuke,0,0,0,0,1,0,0,0,2000,2000,105,1820
2442,2000,2000,18,5,2,2,200,2.3,162,watch,0,0,0,0,2,0,0,0,,0,0,0,0,0,18,5,60,60,0,0,90,90,171,171,reinforcements_2,reinforcements_2,nuke,nuke,0,0,0,0,2,0,0,0,2000,2000,85,1840
2445,2000,2000,18,5,2,2,200,2.3,162,watch,0,0,0,0,2,0,0,0,,0,0,0,0,0,18,5,60,60,0,0,90,90,252,252,reinforcements_2,reinforcements_2,nuke,nuke,0,0,0,0,2,0,0,0,2000,2000,115,1810
2448,2000,2000,18,5,2,2,200,2.3,162,watch,0,0,0,0,2,0,0,0,,0,0,0,0,0,18,5,60,60,0,0,90,90,252,252,reinforcements_2,reinforcements_2,nuke,nuke,0,0,0,0,2,0,0,0,2000,2000,145,1780
2451,2000,2000,18,5,2,2,200,2.3,162,watch,0,0,0,0,2,0,0,0,,0,0,0,0,0,18,5,60,60,0,0,90,90,252,252,reinforcements_2,reinforcements_2,nuke,nuke,0,0,0,0,2,0,0,0,2000,2000,175,1750
2454,2000,2000,18,5,3,3,300,3.4,243,watch,0,0,0,0,3,0,0,0,,0,0,0,0,0,18,5,60,60,0,0,90,90,333,333,reinforcements_2,reinforcements_2,nuke,nuke,0,0,0,0,3,0,0,0,2000,2000,155,1770
2457,2000,2000,18,5,3,3,300,3.4,243,watch,0,0,0,0,3,0,0,0,,0,0,0,0,0,18,5,60,60,0,0,90,90,333,333,reinforcements_2,reinforcements_2,nuke,nuke,0,0,0,0,3,0,0,0,2000,2000,185,1740
2460,2000,2000,78,5,3,3,300,3.4,243,watch,0,0,0,0,3,0,0,0,,0,0,0,0,0,78,5,60,60,0,0,90,90,333,333,reinforcements_2,reinforcements_2,nuke,nuke,0,0,0,0,3,0,0,0,2000,2000,215,1710
2463,2000,2000,58,5,4,4,400,4.6,324,watch,0,0,0,0,4,0,0,0,,0,0,0,0,0,58,5,60,60,0,0,90,90,414,414,reinforcements_2,reinforcements_2,nuke,nuke,0,0,0,0,4,0,0,0,2000,2000,195,1730
2466,2000,2000,58,5,4,4,400,4.6,324,watch,0,0,0,0,4,0,0,0,,0,0,0,0,0,58,5,60,60,0,0,90,90,414,414,reinforcements_2,reinforcements_2,nuke,nuke,0,0,0,0,4,0,0,0,2000,2000,225,1700
2469,2000,2000,58,5,4,4,400,4.6,324,watch,0,0,0,0,4,0,0,0,,0,0,0,0,0,58,5,60,60,0,0,90,90,414,414,reinforcements_2,reinforcements_2,nuke,nuke,0,0,0,0,4,0,0,0,2000,2000,255,1670
2472,2000,2000,58,5,5,5,500,5.7,405,watch,0,0,0,0,5,0,0,0,,0,0,0,0,0,58,5,60,60,0,0,90,90,414,414,reinforcements_2,reinforcements_2,nuke,nuke,0,0,0,0,5,0,0,0,2000,2000,235,1690
2475,2000,2000,58,5,5,5,500,5.7,405,watch,0,0,0,0,5,0,0,0,,0,0,0,0,0,58,5,60,60,0,0,90,90,495,495,reinforcements_2,reinforcements_2,nuke,nuke,0,0,0,0,5,0,0,0,2000,2000,265,1660
2478,2000,2000,58,5,5,5,500,5.7,405,watch,0,0,0,0,5,0,0,0,,0,0,0,0,0,58,5,60,60,0,0,90,90,495,495,reinforcements_2,reinforcements_2,nuke,nuke,0,0,0,0,5,0,0,0,2000,2000,295,1630
2481,2000,2000,58,5,5,5,500,5.7,405,watch,0,0,0,0,5,0,0,0,,0,0,0,0,0,58,5,60,60,0,0,90,90,495,495,reinforcements_2,reinforcements_2,nuke,nuke,0,0,0,0,5,0,0,0,2000,2000,325,1600
2484,2000,2000,58,5,5,5,500,5.7,405,watch,0,0,0,0,5,0,0,0,,0,0,0,0,0,58,5,60,60,0,0,90,90,495,495,reinforcements_2,reinforcements_2,nuke,nuke,0,0,0,0,5,0,0,0,2000,2000,355,1570
2487,2000,2000,58,5,5,5,500,5.7,405,watch,0,0,0,0,5,0,0,0,,0,0,0,0,0,58,5,60,60,0,0,90,90,495,495,reinforcements_2,reinforcements_2,nuke,nuke,0,0,0,0,5,0,0,0,2000,2000,385,1540
2490,2000,2000,118,5,5,5,500,5.7,405,watch,0,0,0,0,5,0,0,0,,0,0,0,0,0,118,5,60,60,0,0,90,90,495,495,reinforcements_2,reinforcements_2,nuke,nuke,0,0,0,0,5,0,0,0,2000,2000,415,1510
2493,2000,2000,53,5,5,5,500,5.7,405,watch,0,0,0,0,5,0,0,0,,0,0,0,0,0,53,5,60,60,0,0,90,90,495,495,reinforcements_2,reinforcements_2,nuke,nuke,0,0,0,0,5,0,0,0,2000,2000,445,1480
2496,2000,2000,53,5,5,5,500,5.7,405,watch,0,0,0,0,5,0,0,0,,0,0,0,0,0,53,5,60,60,0,0,90,90,495,495,reinforcements_2,reinforcements_2,nuke,nuke,0,0,0,0,5,0,0,0,2000,2000,475,1450
2499,2000,2000,53,5,5,5,500,5.7,405,watch,0,0,0,0,5,0,0,0,,0,0,0,0,0,53,5,60,60,0,0,90,90,495,495,reinforcements_2,reinforcements_2,nuke,nuke,0,0,0,0,5,0,0,0,2000,2000,505,1420
2502,2000,2000,53,5,5,5,500,5.7,405,watch,0,0,0,0,5,0,0,0,,0,0,0,0,0,53,5,60,60,0,0,90,90,495,495,reinforcements_2,reinforcements_2,nuke,nuke,0,0,0,0,5,0,0,0,2000,2000,535,1390
2505,2000,2000,53,5,5,5,500,5.7,405,watch,0,0,0,0,5,0,0,0,,0,0,0,0,0,53,5,60,60,0,0,90,90,495,495,reinforcements_2,reinforcements_2,nuke,nuke,0,0,0,0,5,0,0,0,2000,2000,565,1360
2508,2000,2000,53,5,5,5,500,5.7,405,watch,0,0,0,0,5,0,0,0,,0,0,0,0,0,53,5,60,60,0,0,90,90,495,495,reinforcements_2,reinforcements_2,nuke,nuke,0,0,0,0,5,0,0,0,2000,2000,595,1330
2511,1800,2000,53,5,5,5,100,1.1,405,watch,0,0,0,0,5,0,0,0,,0,0,0,0,0,53,5,60,60,0,0,90,90,495,495,reinforcements_2,reinforcements_2,nuke,nuke,0,0,0,0,5,0,0,0,1800,2000,579,1346
2514,1800,2000,53,5,5,5,100,1.1,405,watch,0,0,0,0,5,0,0,0,,0,0,0,0,0,53,5,60,60,0,0,90,90,495,495,reinforcements_2,reinforcements_2,nuke,nuke,0,0,0,0,5,0,0,0,1800,2000,585,1340
2517,1800,2000,53,5,5,5,100,1.1,405,watch,0,0,0,0,5,0,0,0,,0,0,0,0,0,53,5,60,60,0,0,90,90,495,495,reinforcements_2,reinforcements_2,nuke,nuke,0,0,0,0,5,0,0,0,1800,2000,591,1334
2520,1800,2000,113,5,5,5,100,1.1,405,watch,0,0,0,0,5,0,0,0,,0,0,0,0,0,113,5,60,60,0,0,90,90,495,495,reinforcements_2,reinforcements_2,nuke,nuke,0,0,0,0,5,0,0,0,1800,2000,597,1328
2523,1800,2000,113,5,5,5,100,1.1,405,watch,0,0,0,0,5,0,0,0,,0,0,0,0,0,113,5,60,60,0,0,90,90,495,495,reinforcements_2,reinforcements_2,nuke,nuke,0,0,0,0,5,0,0,0,1800,2000,603,1322
2526,1800,2000,113,5,5,5,100,1.1,405,watch,0,0,0,0,5,0,0,0,,0,0,0,0,0,113,5,60,60,0,0,90,90,495,495,reinforcements_2,reinforcements_2,nuke,nuke,0,0,0,0,5,0,0,0,1800,2000,609,1316
2529,1800,2000,113,5,5,5,100,1.1,405,watch,0,0,0,0,5,0,0,0,,0,0,0,0,0,113,5,60,60,0,0,90,90,495,495,reinforcements_2,reinforcements_2,nuke,nuke,0,0,0,0,5,0,0,0,1800,2000,615,1310
2532,1800,2000,113,5,5,5,100,1.1,405,watch,0,0,0,0,5,0,0,0,,0,0,0,0,0,113,5,60,60,0,0,90,90,495,495,reinforcements_2,reinforcements_2,nuke,nuke,0,0,0,0,5,0,0,0,1800,2000,621,1304
2535,1800,2000,113,5,5,5,100,1.1,405,watch,0,0,0,0,5,0,0,0,,0,0,0,0,0,113,5,60,60,0,0,90,90,495,495,reinforcements_2,reinforcements_2,nuke,nuke,0,0,0,0,5,0,0,0,1800,2000,627,1298
2538,1800,2000,113,5,5,5,100,1.1,405,watch,0,0,0,0,5,0,0,0,,0,0,0,0,0,113,5,60,60,0,0,90,90,495,495,reinforcements_2,reinforcements_2,nuke,nuke,0,0,0,0,5,0,0,0,1800,2000,633,1292
2541,1800,2000,213,5,5,5,500,5.7,405,watch,0,0,0,0,5,0,0,0,,0,0,0,0,0,213,5,60,60,0,0,90,90,495,495,reinforcements_2,reinforcements_2,nuke,nuke,0,0,0,0,5,0,0,0,1800,2000,655,1270
2544,1800,2000,213,5,5,5,500,5.7,405,watch,0,0,0,0,5,0,0,0,,0,0,0,0,0,213,5,60,60,0,0,90,90,495,495,reinforcements_2,reinforcements_2,nuke,nuke,0,0,0,0,5,0,0,0,1800,2000,685,1240
2547,1800,2000,213,5,5,5,500,5.7,405,watch,0,0,0,0,5,0,0,0,,0,0,0,0,0,213,5,60,60,0,0,90,90,495,495,reinforcements_2,reinforcements_2,nuke,nuke,0,0,0,0,5,0,0,0,1800,2000,715,1210
2550,1800,2000,273,5,5,5,500,5.7,405,watch,0,0,0,0,5,0,0,0,,0,0,0,0,0,273,5,60,60,0,0,90,90,495,495,reinforcements_2,reinforcements_2,nuke,nuke,0,0,0,0,5,0,0,0,1800,2000,745,1180
2553,1800,2000,273,5,5,5,500,5.7,405,watch,0,0,0,0,5,0,0,0,,0,0,0,0,0,273,5,60,60,0,0,90,90,495,495,reinforcements_2,reinforcements_2,nuke,nuke,0,0,0,0,5,0,0,0,1800,2000,775,1150
2556,1800,2000,273,5,5,5,500,5.7,405,watch,0,0,0,0,5,0,0,0,,0,0,0,0,0,273,5,60,60,0,0,90,90,495,495,reinforcements_2,reinforcements_2,nuke,nuke,0,0,0,0,5,0,0,0,1800,2000,803,1122
2559,1800,2000,273,5,5,5,500,5.7,405,watch,0,0,0,0,5,0,0,0,,0,0,0,0,0,273,5,60,60,0,0,90,90,495,495,reinforcements_2,reinforcements_2,nuke,nuke,0,0,0,0,5,0,0,0,1800,2000,827,1098
2562,1800,2000,273,5,5,5,500,5.7,405,watch,0,0,0,0,5,0,0,0,,0,0,0,0,0,273,5,60,60,0,0,90,90,495,495,reinforcements_2,reinforcements_2,nuke,nuke,0,0,0,0,5,0,0,0,1800,2000,848,1077
2565,1800,2000,273,5,5,5,500,5.7,405,watch,0,0,0,0,5,0,0,0,,0,0,0,0,0,273,5,60,60,0,0,90,90,495,495,reinforcements_2,reinforcements_2,nuke,nuke,0,0,0,0,5,0,0,0,1800,2000,865,1060
2568,1800,2000,273,5,4,4,400,4.6,324,watch,0,0,0,0,4,0,0,0,,0,0,0,0,0,273,5,60,60,0,0,171,171,495,495,reinforcements_2,reinforcements_2,nuke,nuke,0,0,0,0,4,0,0,0,1800,2000,867,1058
2571,1800,2000,273,5,4,4,400,4.6,324,watch,0,0,0,0,4,0,0,0,,0,0,0,0,0,273,5,60,60,0,0,171,171,495,495,reinforcements_2,reinforcements_2,nuke,nuke,0,0,0,0,4,0,0,0,1800,2000,882,1043
2574,1800,2000,273,5,4,4,400,4.6,324,watch,0,0,0,0,4,0,0,0,,0,0,0,0,0,273,5,60,60,0,0,171,171,495,495,reinforcements_2,reinforcements_2,nuke,nuke,0,0,0,0,4,0,0,0,1800,2000,897,1028
2577,1800,2000,273,5,4,4,200,2.3,324,watch,0,0,0,0,4,0,0,0,,0,0,0,0,0,273,5,60,60,0,0,171,171,495,495,reinforcements_2,reinforcements_2,nuke,nuke,0,0,0,0,4,0,0,0,1800,2000,733,1192
2580,1800,2000,333,5,4,4,200,2.3,324,watch,0,0,0,0,4,0,0,0,,0,0,0,0,0,333,5,60,60,0,0,171,171,495,495,reinforcements_2,reinforcements_2,nuke,nuke,0,0,0,0,4,0,0,0,1800,2000,740,1185
2583,1800,2000,333,5,4,4,200,2.3,324,watch,0,0,0,0,4,0,0,0,,0,0,0,0,0,333,5,60,60,0,0,171,171,495,495,reinforcements_2,reinforcements_2,nuke,nuke,0,0,0,0,4,0,0,0,1800,2000,748,1177
2586,1800,2000,333,5,4,4,100,1.1,324,watch,0,0,0,0,4,0,0,0,,0,0,0,0,0,333,5,60,60,0,0,171,171,495,495,reinforcements_2,reinforcements_2,nuke,nuke,0,0,0,0,4,0,0,0,1800,2000,665,1260
2589,1800,2000,333,5,4,4,100,1.1,324,watch,0,0,0,0,4,0,0,0,,0,0,0,0,0,333,5,60,60,0,0,171,171,495,495,reinforcements_2,reinforcements_2,nuke,nuke,0,0,0,0,4,0,0,0,1800,2000,666,1259
2592,1800,2000,333,5,4,4,100,1.1,324,watch,0,0,0,0,4,0,0,0,,0,0,0,0,0,333,5,60,60,0,0,171,171,495,495,reinforcements_2,reinforcements_2,nuke,nuke,0,0,0,0,4,0,0,0,1800,2000,666,1259
2595,1800,2000,333,5,4,4,100,1.1,324,watch,0,0,0,0,4,0,0,0,,0,0,0,0,0,333,5,60,60,0,0,171,171,495,495,reinforcements_2,reinforcements_2,nuke,nuke,0,0,0,0,4,0,0,0,1800,2000,666,1259
2598,1800,2000,333,5,4,4,100,1.1,324,watch,0,0,0,0,4,0,0,0,,0,0,0,0,0,333,5,60,60,0,0,171,171,495,495,reinforcements_2,reinforcements_2,nuke,nuke,0,0,0,0,4,0,0,0,1800,2000,666,1259
2601,1800,2000,333,5,4,4,100,1.1,324,watch,0,0,0,0,4,0,0,0,,0,0,0,0,0,333,5,60,60,0,0,171,171,495,495,reinforcements_2,reinforcements_2,nuke,nuke,0,0,0,0,4,0,0,0,1800,2000,666,1259
2604,1800,2000,333,5,4,4,100,1.1,324,watch,0,0,0,0,4,0,0,0,,0,0,0,0,0,333,5,60,60,0,0,171,171,495,495,reinforcements_2,reinforcements_2,nuke,nuke,0,0,0,0,4,0,0,0,1800,2000,666,1259
2607,1800,2000,333,5,4,4,100,1.1,324,watch,0,0,0,0,4,0,0,0,,0,0,0,0,0,333,5,60,60,0,0,171,171,495,495,reinforcements_2,reinforcements_2,nuke,nuke,0,0,0,0,4,0,0,0,1800,2000,666,1259
2610,1800,2000,393,5,4,4,300,3.4,324,watch,0,0,0,0,4,0,0,0,,0,0,0,0,0,393,5,60,60,0,0,171,171,495,495,reinforcements_2,reinforcements_2,nuke,nuke,0,0,0,0,4,0,0,0,1800,2000,671,1254
2613,1800,2000,393,5,4,4,200,2.3,324,watch,0,0,0,0,4,0,0,0,,0,0,0,0,0,393,5,60,60,0,0,171,171,495,495,reinforcements_2,reinforcements_2,nuke,nuke,0,0,0,0,4,0,0,0,1800,2000,599,1326
2616,1800,2000,393,5,4,4,200,2.3,324,watch,0,0,0,0,4,0,0,0,,0,0,0,0,0,393,5,60,60,0,0,171,171,495,495,reinforcements_2,reinforcements_2,nuke,nuke,0,0,0,0,4,0,0,0,1800,2000,614,1311
2619,1800,2000,393,5,4,4,200,2.3,324,watch,0,0,0,0,4,0,0,0,,0,0,0,0,0,393,5,60,60,0,0,171,171,495,495,reinforcements_2,reinforcements_2,nuke,nuke,0,0,0,0,4,0,0,0,1800,2000,629,1296
2622,1800,2000,393,5,4,4,300,3.4,324,watch,0,0,0,0,4,0,0,0,,0,0,0,0,0,393,5,60,60,0,0,171,171,495,495,reinforcements_2,reinforcements_2,nuke,nuke,0,0,0,0,4,0,0,0,1800,2000,651,1274
2625,1800,2000,393,5,4,4,300,3.4,324,watch,0,0,0,0,4,0,0,0,,0,0,0,0,0,393,5,60,60,0,0,171,171,495,495,reinforcements_2,reinforcements_2,nuke,nuke,0,0,0,0,4,0,0,0,1800,2000,674,1251
2628,1800,2000,393,5,4,4,300,3.4,324,watch,0,0,0,0,4,0,0,0,,0,0,0,0,0,393,5,60,60,0,0,171,171,495,495,reinforcements_2,reinforcements_2,nuke,nuke,0,0,0,0,4,0,0,0,1800,2000,696,1229
2631,1800,2000,393,5,4,4,300,3.4,324,watch,0,0,0,0,4,0,0,0,,0,0,0,0,0,393,5,60,60,0,0,171,171,495,495,reinforcements_2,reinforcements_2,nuke,nuke,0,0,0,0,4,0,0,0,1800,2000,719,1206
2634,1800,2000,393,5,4,4,300,3.4,324,watch,0,0,0,0,4,0,0,0,,0,0,0,0,0,393,5,60,60,0,0,171,171,495,495,reinforcements_2,reinforcements_2,nuke,nuke,0,0,0,0,4,0,0,0,1800,2000,741,1184
2637,1800,2000,393,5,4,4,300,3.4,324,watch,0,0,0,0,4,0,0,0,,0,0,0,0,0,393,5,60,60,0,0,171,171,495,495,reinforcements_2,reinforcements_2,nuke,nuke,0,0,0,0,4,0,0,0,1800,2000,764,1161
2640,1800,2000,453,5,4,4,300,3.4,324,watch,0,0,0,0,4,0,0,0,,0,0,0,0,0,453,5,60,60,0,0,171,171,495,495,reinforcements_2,reinforcements_2,nuke,nuke,0,0,0,0,4,0,0,0,1800,2000,786,1139
2643,1800,2000,453,5,4,4,300,3.4,324,watch,0,0,0,0,4,0,0,0,,0,0,0,0,0,453,5,60,60,0,0,171,171,495,495,reinforcements_2,reinforcements_2,nuke,nuke,0,0,0,0,4,0,0,0,1800,2000,809,1116
2646,1800,2000,453,5,3,3,200,2.3,243,watch,0,0,0,0,3,0,0,0,,0,0,0,0,0,453,5,60,60,0,0,252,252,495,495,reinforcements_2,reinforcements_2,nuke,nuke,0,0,0,0,3,0,0,0,1800,2000,560,1365
2649,1800,2000,453,5,3,3,200,2.3,243,watch,0,0,0,0,3,0,0,0,,0,0,0,0,0,453,5,60,60,0,0,252,252,495,495,reinforcements_2,reinforcements_2,nuke,nuke,0,0,0,0,3,0,0,0,1800,2000,580,1345
2652,1800,2000,453,5,3,3,200,2.3,243,watch,0,0,0,0,3,0,0,0,,0,0,0,0,0,453,5,60,60,0,0,252,252,495,495,reinforcements_2,reinforcements_2,nuke,nuke,0,0,0,0,3,0,0,0,1800,2000,600,1325
2655,1800,2000,453,5,3,3,100,1.1,243,watch,0,0,0,0,3,0,0,0,,0,0,0,0,0,453,5,60,60,0,0,252,252,495,495,reinforcements_2,reinforcements_2,nuke,nuke,0,0,0,0,3,0,0,0,1800,2000,501,1424
2658,1800,2000,453,5,3,3,100,1.1,243,watch,0,0,0,0,3,0,0,0,,0,0,0,0,0,453,5,60,60,0,0,252,252,495,495,reinforcements_2,reinforcements_2,nuke,nuke,0,0,0,0,3,0,0,0,1800,2000,511,1414
2661,1800,2000,453,5,3,3,100,1.1,243,watch,0,0,0,0,3,0,0,0,,0,0,0,0,0,453,5,60,60,0,0,252,252,495,495,reinforcements_2,reinforcements_2,nuke,nuke,0,0,0,0,3,0,0,0,1800,2000,521,1404
2664,1800,2000,453,5,3,3,100,1.1,243,watch,0,0,0,0,3,0,0,0,,0,0,0,0,0,453,5,60,60,0,0,252,252,495,495,reinforcements_2,reinforcements_2,nuke,nuke,0,0,0,0,3,0,0,0,1800,2000,531,1394
2667,1800,2000,453,5,3,3,100,1.1,243,watch,0,0,0,0,3,0,0,0,,0,0,0,0,0,453,5,60,60,0,0,252,252,495,495,reinforcements_2,reinforcements_2,nuke,nuke,0,0,0,0,3,0,0,0,1800,2000,541,1384
2670,1800,2000,513,5,3,3,100,1.1,243,watch,0,0,0,0,3,0,0,0,,0,0,0,0,0,513,5,60,60,0,0,252,252,495,495,reinforcements_2,reinforcements_2,nuke,nuke,0,0,0,0,3,0,0,0,1800,2000,551,1374
2673,1800,2000,513,5,3,3,100,1.1,243,watch,0,0,0,0,3,0,0,0,,0,0,0,0,0,513,5,60,60,0,0,252,252,495,495,reinforcements_2,reinforcements_2,nuke,nuke,0,0,0,0,3,0,0,0,1800,2000,561,1364
2676,1800,2000,513,5,3,3,200,2.3,243,watch,0,0,0,0,3,0,0,0,,0,0,0,0,0,513,5,60,60,0,0,252,252,495,495,reinforcements_2,reinforcements_2,nuke,nuke,0,0,0,0,3,0,0,0,1800,2000,578,1347
2679,1800,2000,513,5,3,3,200,2.3,243,watch,0,0,0,0,3,0,0,0,,0,0,0,0,0,513,5,60,60,0,0,252,252,495,495,reinforcements_2,reinforcements_2,nuke,nuke,0,0,0,0,3,0,0,0,1800,2000,598,1327
2682,1800,2000,513,5,3,3,100,1.1,243,watch,0,0,0,0,3,0,0,0,,0,0,0,0,0,513,5,60,60,0,0,252,252,495,495,reinforcements_2,reinforcements_2,nuke,nuke,0,0,0,0,3,0,0,0,1800,2000,492,1433
2685,1800,2000,513,5,3,3,200,2.3,243,watch,0,0,0,0,3,0,0,0,,0,0,0,0,0,513,5,60,60,0,0,252,252,495,495,reinforcements_2,reinforcements_2,nuke,nuke,0,0,0,0,3,0,0,0,1800,2000,505,1420
2688,1800,2000,513,5,3,3,200,2.3,243,watch,0,0,0,0,3,0,0,0,,0,0,0,0,0,513,5,60,60,0,0,252,252,495,495,reinforcements_2,reinforcements_2,nuke,nuke,0,0,0,0,3,0,0,0,1800,2000,525,1400
2691,1800,2000,513,5,3,3,200,2.3,243,watch,0,0,0,0,3,0,0,0,,0,0,0,0,0,513,5,60,60,0,0,252,252,495,495,reinforcements_2,reinforcements_2,nuke,nuke,0,0,0,0,3,0,0,0,1800,2000,545,1380
2694,1800,2000,513,5,3,3,200,2.3,243,watch,0,0,0,0,3,0,0,0,,0,0,0,0,0,513,5,60,60,0,0,252,252,495,495,reinforcements_2,reinforcements_2,nuke,nuke,0,0,0,0,3,0,0,0,1800,2000,565,1360
2697,1800,2000,513,5,3,3,200,2.3,243,watch,0,0,0,0,3,0,0,0,,0,0,0,0,0,513,5,60,60,0,0,252,252,495,495,reinforcements_2,reinforcements_2,nuke,nuke,0,0,0,0,3,0,0,0,1800,2000,585,1340
2700,1800,2000,572,5,3,3,200,2.3,243,watch,0,0,0,0,3,0,0,0,,0,0,0,0,0,572,5,60,60,0,0,252,252,495,495,reinforcements_2,reinforcements_2,nuke,nuke,0,0,0,0,3,0,0,0,1800,2000,605,1320
2703,1800,2000,572,5,3,3,200,2.3,243,watch,0,0,0,0,3,0,0,0,,0,0,0,0,0,572,5,60,60,0,0,252,252,495,495,reinforcements_2,reinforcements_2,nuke,nuke,0,0,0,0,3,0,0,0,1800,2000,625,1300
2706,1800,2000,572,5,3,3,200,2.3,243,watch,0,0,0,0,3,0,0,0,,0,0,0,0,0,572,5,60,60,0,0,252,252,495,495,reinforcements_2,reinforcements_2,nuke,nuke,0,0,0,0,3,0,0,0,1800,2000,645,1280
2709,1800,2000,572,5,3,3,200,2.3,243,watch,0,0,0,0,3,0,0,0,,0,0,0,0,0,572,5,60,60,0,0,252,252,495,495,reinforcements_2,reinforcements_2,nuke,nuke,0,0,0,0,3,0,0,0,1800,2000,665,1260
2712,1800,2000,572,5,3,3,300,3.4,243,watch,0,0,0,0,3,0,0,0,,0,0,0,0,0,572,5,60,60,0,0,252,252,495,495,reinforcements_2,reinforcements_2,nuke,nuke,0,0,0,0,3,0,0,0,1800,2000,695,1230
2715,1800,2000,572,5,3,3,300,3.4,243,watch,0,0,0,0,3,0,0,0,,0,0,0,0,0,572,5,60,60,0,0,252,252,495,495,reinforcements_2,reinforcements_2,nuke,nuke,0,0,0,0,3,0,0,0,1800,2000,725,1200
2718,1800,2000,572,5,3,3,300,3.4,243,watch,0,0,0,0,3,0,0,0,,0,0,0,0,0,572,5,60,60,0,0,252,252,495,495,reinforcements_2,reinforcements_2,nuke,nuke,0,0,0,0,3,0,0,0,1800,2000,755,1170
2721,1800,2000,572,5,2,2,200,2.3,162,watch,0,0,0,0,2,0,0,0,,0,0,0,0,0,572,5,60,60,0,0,333,333,495,495,reinforcements_2,reinforcements_2,nuke,nuke,0,0,0,0,2,0,0,0,1800,2000,702,1223
2724,1800,2000,572,5,2,2,200,2.3,162,watch,0,0,0,0,2,0,0,0,,0,0,0,0,0,572,5,60,60,0,0,333,333,495,495,reinforcements_2,reinforcements_2,nuke,nuke,0,0,0,0,2,0,0,0,1800,2000,732,1193
2727,1800,2000,572,5,2,2,200,2.3,162,watch,0,0,0,0,2,0,0,0,,0,0,0,0,0,572,5,60,60,0,0,333,333,495,495,reinforcements_2,reinforcements_2,nuke,nuke,0,0,0,0,2,0,0,0,1800,2000,762,1163
2730,1800,2000,632,5,2,2,200,2.3,162,watch,0,0,0,0,2,0,0,0,,0,0,0,0,0,632,5,60,60,0,0,333,333,495,495,reinforcements_2,reinforcements_2,nuke,nuke,0,0,0,0,2,0,0,0,1800,2000,792,1133
2733,1800,2000,632,5,2,2,200,2.3,162,watch,0,0,0,0,2,0,0,0,,0,0,0,0,0,632,5,60,60,0,0,333,333,495,495,reinforcements_2,reinforcements_2,nuke,nuke,0,0,0,0,2,0,0,0,1800,2000,822,1103
2736,1800,2000,452,5,2,2,200,2.3,162,watch,0,0,0,0,2,0,0,0,,0,0,0,0,0,632,5,60,60,0,0,333,333,495,495,reinforcements_2,reinforcements_2,nuke,nuke,0,0,0,0,2,0,0,0,1800,2000,852,1073
2739,1800,2000,452,5,3,3,300,3.4,243,watch,0,0,0,0,3,0,0,0,,0,0,0,0,0,452,5,60,60,0,0,333,333,576,576,reinforcements_2,reinforcements_2,nuke,nuke,0,0,0,0,3,0,0,0,1800,2000,606,1319
2742,1800,2000,432,5,3,3,300,3.4,243,watch,0,0,0,0,3,0,0,0,,0,0,0,0,0,432,5,60,60,0,0,333,333,576,576,reinforcements_2,reinforcements_2,nuke,nuke,0,0,0,0,3,0,0,0,1800,2000,636,1289
2745,1800,2000,432,5,1,1,100,1.1,81,watch,0,0,0,0,1,0,0,0,,0,0,0,0,0,432,5,60,60,0,0,333,333,576,576,reinforcements_2,reinforcements_2,nuke,nuke,0,0,0,0,1,0,0,0,1800,2000,115,1810
2748,1800,2000,432,5,2,2,200,2.3,162,watch,0,0,0,0,2,0,0,0,,0,0,0,0,0,432,5,60,60,0,0,495,495,657,657,reinforcements_2,reinforcements_2,nuke,nuke,0,0,0,0,2,0,0,0,1800,2000,95,1830
2751,1800,2000,432,5,2,2,200,2.3,162,watch,0,0,0,0,2,0,0,0,,0,0,0,0,0,432,5,60,60,0,0,495,495,657,657,reinforcements_2,reinforcements_2,nuke,nuke,0,0,0,0,2,0,0,0,1800,2000,125,1800
2754,1800,2000,432,5,2,2,200,2.3,162,watch,0,0,0,0,2,0,0,0,,0,0,0,0,0,432,5,60,60,0,0,495,495,657,657,reinforcements_2,reinforcements_2,nuke,nuke,0,0,0,0,2,0,0,0,1800,2000,155,1770
2757,1800,2000,432,5,3,3,300,3.4,243,watch,0,0,0,0,3,0,0,0,,0,0,0,0,0,432,5,60,60,0,0,495,495,657,657,reinforcements_2,reinforcements_2,nuke,nuke,0,0,0,0,3,0,0,0,1800,2000,135,1790
2760,1800,2000,492,5,3,3,300,3.4,243,watch,0,0,0,0,3,0,0,0,,0,0,0,0,0,492,5,60,60,0,0,495,495,738,738,reinforcements_2,reinforcements_2,nuke,nuke,0,0,0,0,3,0,0,0,1800,2000,165,1760
2763,1800,2000,492,5,3,3,300,3.4,243,watch,0,0,0,0,3,0,0,0,,0,0,0,0,0,492,5,60,60,0,0,495,495,738,738,reinforcements_2,reinforcements_2,nuke,nuke,0,0,0,0,3,0,0,0,1800,2000,195,1730
2766,1800,2000,492,5,3,3,300,3.4,243,watch,0,0,0,0,3,0,0,0,,0,0,0,0,0,492,5,60,60,0,0,495,495,738,738,reinforcements_2,reinforcements_2,nuke,nuke,0,0,0,0,3,0,0,0,1800,2000,225,1700
2769,1800,2000,492,5,4,4,400,4.6,324,watch,0,0,0,0,4,0,0,0,,0,0,0,0,0,492,5,60,60,0,0,495,495,819,819,reinforcements_2,reinforcements_2,nuke,nuke,0,0,0,0,4,0,0,0,1800,2000,205,1720
2772,1800,2000,492,5,4,4,400,4.6,324,watch,0,0,0,0,4,0,0,0,,0,0,0,0,0,492,5,60,60,0,0,495,495,819,819,reinforcements_2,reinforcements_2,nuke,nuke,0,0,0,0,4,0,0,0,1800,2000,235,1690
2775,1800,2000,492,5,4,4,400,4.6,324,watch,0,0,0,0,4,0,0,0,,0,0,0,0,0,492,5,60,60,0,0,495,495,819,819,reinforcements_2,reinforcements_2,nuke,nuke,0,0,0,0,4,0,0,0,1800,2000,265,1660
2778,1800,2000,492,5,5,5,500,5.7,405,watch,0,0,0,0,5,0,0,0,,0,0,0,0,0,492,5,60,60,0,0,495,495,900,900,reinforcements_2,reinforcements_2,nuke,nuke,0,0,0,0,5,0,0,0,1800,2000,245,1680
2781,1800,2000,492,5,5,5,500,5.7,405,watch,0,0,0,0,5,0,0,0,,0,0,0,0,0,492,5,60,60,0,0,495,495,900,900,reinforcements_2,reinforcements_2,nuke,nuke,0,0,0,0,5,0,0,0,1800,2000,275,1650
2784,1800,2000,492,5,5,5,500,5.7,405,watch,0,0,0,0,5,0,0,0,,0,0,0,0,0,492,5,60,60,0,0,495,495,900,900,reinforcements_2,reinforcements_2,nuke,nuke,0,0,0,0,5,0,0,0,1800,2000,305,1620
2787,1800,2000,492,5,5,5,500,5.7,405,watch,0,0,0,0,5,0,0,0,,0,0,0,0,0,492,5,60,60,0,0,495,495,900,900,reinforcements_2,reinforcements_2,nuke,nuke,0,0,0,0,5,0,0,0,1800,2000,335,1590
2790,1600,2000,552,5,5,5,100,1.1,405,watch,0,0,0,0,5,0,0,0,,0,0,0,0,0,552,5,60,60,0,0,495,495,900,900,reinforcements_2,reinforcements_2,nuke,nuke,0,0,0,0,5,0,0,0,1600,2000,327,1598
2793,1600,2000,552,5,5,5,100,1.1,405,watch,0,0,0,0,5,0,0,0,,0,0,0,0,0,552,5,60,60,0,0,495,495,900,900,reinforcements_2,reinforcements_2,nuke,nuke,0,0,0,0,5,0,0,0,1600,2000,333,1592
2796,1600,2000,552,5,5,5,100,1.1,405,watch,0,0,0,0,5,0,0,0,,0,0,0,0,0,552,5,60,60,0,0,495,495,900,900,reinforcements_2,reinforcements_2,nuke,nuke,0,0,0,0,5,0,0,0,1600,2000,339,1586
2799,1600,2000,552,5,5,5,100,1.1,405,watch,0,0,0,0,5,0,0,0,,0,0,0,0,0,552,5,60,60,0,0,495,495,900,900,reinforcements_2,reinforcements_2,nuke,nuke,0,0,0,0,5,0,0,0,1600,2000,345,1580
2802,1600,2000,552,5,5,5,100,1.1,405,watch,0,0,0,0,5,0,0,0,,0,0,0,0,0,552,5,60,60,0,0,495,495,900,900,reinforcements_2,reinforcements_2,nuke,nuke,0,0,0,0,5,0,0,0,1600,2000,351,1574
2805,1600,2000,552,5,5,5,100,1.1,405,watch,0,0,0,0,5,0,0,0,,0,0,0,0,0,552,5,60,60,0,0,495,495,900,900,reinforcements_2,reinforcements_2,nuke,nuke,0,0,0,0,5,0,0,0,1600,2000,357,1568
2808,1600,2000,552,5,5,5,100,1.1,405,watch,0,0,0,0,5,0,0,0,,0,0,0,0,0,552,5,60,60,0,0,495,495,900,900,reinforcements_2,reinforcements_2,nuke,nuke,0,0,0,0,5,0,0,0,1600,2000,363,1562
2811,1600,2000,552,5,5,5,100,1.1,405,watch,0,0,0,0,5,0,0,0,,0,0,0,0,0,552,5,60,60,0,0,495,495,900,900,reinforcements_2,reinforcements_2,nuke,nuke,0,0,0,0,5,0,0,0,1600,2000,369,1556
2814,1600,2000,552,5,5,5,100,1.1,405,watch,0,0,0,0,5,0,0,0,,0,0,0,0,0,552,5,60,60,0,0,495,495,900,900,reinforcements_2,reinforcements_2,nuke,nuke,0,0,0,0,5,0,0,0,1600,2000,375,1550
2817,1600,2000,552,5,5,5,100,1.1,405,watch,0,0,0,0,5,0,0,0,,0,0,0,0,0,552,5,60,60,0,0,495,495,900,900,reinforcements_2,reinforcements_2,nuke,nuke,0,0,0,0,5,0,0,0,1600,2000,381,1544
2820,1600,2000,612,5,5,5,500,5.7,405,watch,0,0,0,0,5,0,0,0,,0,0,0,0,0,612,5,60,60,0,0,495,495,900,900,reinforcements_2,reinforcements_2,nuke,nuke,0,0,0,0,5,0,0,0,1600,2000,395,1530
2823,1600,2000,612,5,5,5,500,5.7,405,watch,0,0,0,0,5,0,0,0,,0,0,0,0,0,612,5,60,60,0,0,495,495,900,900,reinforcements_2,reinforcements_2,nuke,nuke,0,0,0,0,5,0,0,0,1600,2000,425,1500
2826,1600,2000,612,5,5,5,500,5.7,405,watch,0,0,0,0,5,0,0,0,,0,0,0,0,0,612,5,60,60,0,0,495,495,900,900,reinforcements_2,reinforcements_2,nuke,nuke,0,0,0,0,5,0,0,0,1600,2000,455,1470
2829,1600,2000,612,5,5,5,500,5.7,405,watch,0,0,0,0,5,0,0,0,,0,0,0,0,0,612,5,60,60,0,0,495,495,900,900,reinforcements_2,reinforcements_2,nuke,nuke,0,0,0,0,5,0,0,0,1600,2000,485,1440
2832,1600,2000,612,5,5,5,500,5.7,405,watch,0,0,0,0,5,0,0,0,,0,0,0,0,0,612,5,60,60,0,0,495,495,900,900,reinforcements_2,reinforcements_2,nuke,nuke,0,0,0,0,5,0,0,0,1600,2000,515,1410
2835,1600,2000,612,5,5,5,500,5.7,405,watch,0,0,0,0,5,0,0,0,,0,0,0,0,0,612,5,60,60,0,0,495,495,900,900,reinforcements_2,reinforcements_2,nuke,nuke,0,0,0,0,5,0,0,0,1600,2000,545,1380
2838,1600,2000,612,5,5,5,500,5.7,405,watch,0,0,0,0,5,0,0,0,,0,0,0,0,0,612,5,60,60,0,0,495,495,900,900,reinforcements_2,reinforcements_2,nuke,nuke,0,0,0,0,5,0,0,0,1600,2000,575,1350
2841,1600,2000,612,5,5,5,500,5.7,405,watch,0,0,0,0,5,0,0,0,,0,0,0,0,0,612,5,60,60,0,0,495,495,900,900,reinforcements_2,reinforcements_2,nuke,nuke,0,0,0,0,5,0,0,0,1600,2000,605,1320
2844,1600,2000,612,5,5,5,500,5.7,405,watch,0,0,0,0,5,0,0,0,,0,0,0,0,0,612,5,60,60,0,0,495,495,900,900,reinforcements_2,reinforcements_2,nuke,nuke,0,0,0,0,5,0,0,0,1600,2000,635,1290
2847,1600,2000,612,5,5,5,500,5.7,405,watch,0,0,0,0,5,0,0,0,,0,0,0,0,0,612,5,60,60,0,0,495,495,900,900,reinforcements_2,reinforcements_2,nuke,nuke,0,0,0,0,5,0,0,0,1600,2000,665,1260
2850,1600,2000,672,5,5,5,500,5.7,405,watch,0,0,0,0,5,0,0,0,,0,0,0,0,0,672,5,60,60,0,0,495,495,900,900,reinforcements_2,reinforcements_2,nuke,nuke,0,0,0,0,5,0,0,0,1600,2000,695,1230
2853,1600,2000,672,5,5,5,500,5.7,405,watch,0,0,0,0,5,0,0,0,,0,0,0,0,0,672,5,60,60,0,0,495,495,900,900,reinforcements_2,reinforcements_2,nuke,nuke,0,0,0,0,5,0,0,0,1600,2000,725,1200
2856,1600,2000,672,5,5,5,500,5.7,405,block,0,0,0,0,5,0,0,0,out-of-radius,0,0,0,0,0,672,5,60,60,0,0,495,495,900,900,reinforcements_2,reinforcements_2,nuke,nuke,0,0,0,0,5,0,0,0,1600,2000,755,1170
2859,1600,2000,672,5,5,5,500,5.7,405,block,0,0,0,0,5,0,0,0,out-of-radius,0,0,0,0,0,672,5,60,60,0,0,495,495,900,900,reinforcements_2,reinforcements_2,nuke,nuke,0,0,0,0,5,0,0,0,1600,2000,785,1140
2862,1600,2000,672,5,5,5,400,4.6,405,watch,0,0,0,0,5,0,0,0,out-of-radius,0,0,0,0,0,672,5,60,60,0,0,495,495,900,900,reinforcements_2,reinforcements_2,nuke,nuke,0,0,0,0,5,0,0,0,1600,2000,741,1184
2865,1600,2000,672,5,5,5,400,4.6,405,watch,0,0,0,0,5,0,0,0,out-of-radius,0,0,0,0,0,672,5,60,60,0,0,495,495,900,900,reinforcements_2,reinforcements_2,nuke,nuke,0,0,0,0,5,0,0,0,1600,2000,765,1160
2868,1600,2000,672,5,5,5,300,3.4,405,watch,0,0,0,0,5,0,0,0,out-of-radius,0,0,0,0,0,672,5,60,60,0,0,495,495,900,900,reinforcements_2,reinforcements_2,nuke,nuke,0,0,0,0,5,0,0,0,1600,2000,715,1210
2871,1600,2000,672,5,5,5,200,2.3,405,watch,0,0,0,0,5,0,0,0,out-of-radius,0,0,0,0,0,672,5,60,60,0,0,495,495,900,900,reinforcements_2,reinforcements_2,nuke,nuke,0,0,0,0,5,0,0,0,1600,2000,662,1263
2874,1600,2000,672,5,5,5,200,2.3,405,watch,0,0,0,0,5,0,0,0,out-of-radius,0,0,0,0,0,672,5,60,60,0,0,495,495,900,900,reinforcements_2,reinforcements_2,nuke,nuke,0,0,0,0,5,0,0,0,1600,2000,674,1251
2877,1600,2000,672,5,5,5,200,2.3,405,watch,0,0,0,0,5,0,0,0,out-of-radius,0,0,0,0,0,672,5,60,60,0,0,495,495,900,900,reinforcements_2,reinforcements_2,nuke,nuke,0,0,0,0,5,0,0,0,1600,2000,686,1239
2880,1600,2000,732,5,5,5,200,2.3,405,watch,0,0,0,0,5,0,0,0,out-of-radius,0,0,0,0,0,732,5,60,60,0,0,495,495,900,900,reinforcements_2,reinforcements_2,nuke,nuke,0,0,0,0,5,0,0,0,1600,2000,698,1227
2883,1600,2000,732,5,5,5,100,1.1,405,watch,0,0,0,0,5,0,0,0,out-of-radius,0,0,0,0,0,732,5,60,60,0,0,495,495,900,900,reinforcements_2,reinforcements_2,nuke,nuke,0,0,0,0,5,0,0,0,1600,2000,634,1291
2886,1600,2000,732,5,5,5,100,1.1,405,watch,0,0,0,0,5,0,0,0,out-of-radius,0,0,0,0,0,732,5,60,60,0,0,495,495,900,900,reinforcements_2,reinforcements_2,nuke,nuke,0,0,0,0,5,0,0,0,1600,2000,640,1285
2889,1600,2000,732,5,5,5,100,1.1,405,watch,0,0,0,0,5,0,0,0,out-of-radius,0,0,0,0,0,732,5,60,60,0,0,495,495,900,900,reinforcements_2,reinforcements_2,nuke,nuke,0,0,0,0,5,0,0,0,1600,2000,646,1279
2892,1600,2000,732,5,5,5,0,0.0,405,watch,0,0,0,0,5,0,0,0,out-of-radius,0,0,0,0,0,732,5,60,60,0,0,495,495,900,900,reinforcements_2,reinforcements_2,nuke,nuke,0,0,0,0,5,0,0,0,1600,2000,579,1346
2895,1600,2000,732,5,5,5,100,1.1,405,watch,0,0,0,0,5,0,0,0,out-of-radius,0,0,0,0,0,732,5,60,60,0,0,495,495,900,900,reinforcements_2,reinforcements_2,nuke,nuke,0,0,0,0,5,0,0,0,1600,2000,581,1344
2898,1600,2000,732,5,5,5,100,1.1,405,watch,0,0,0,0,5,0,0,0,out-of-radius,0,0,0,0,0,732,5,60,60,0,0,495,495,900,900,reinforcements_2,reinforcements_2,nuke,nuke,0,0,0,0,5,0,0,0,1600,2000,587,1338
2901,1600,2000,732,5,5,5,200,2.3,405,watch,0,0,0,0,5,0,0,0,out-of-radius,0,0,0,0,0,732,5,60,60,0,0,495,495,900,900,reinforcements_2,reinforcements_2,nuke,nuke,0,0,0,0,5,0,0,0,1600,2000,597,1328
2904,1600,2000,732,5,5,5,200,2.3,405,watch,0,0,0,0,5,0,0,0,out-of-radius,0,0,0,0,0,732,5,60,60,0,0,495,495,900,900,reinforcements_2,reinforcements_2,nuke,nuke,0,0,0,0,5,0,0,0,1600,2000,609,1316
2907,1600,2000,732,5,5,5,300,3.4,405,watch,0,0,0,0,5,0,0,0,out-of-radius,0,0,0,0,0,732,5,60,60,0,0,495,495,900,900,reinforcements_2,reinforcements_2,nuke,nuke,0,0,0,0,5,0,0,0,1600,2000,627,1298
2910,1600,2000,792,5,5,5,300,3.4,405,watch,0,0,0,0,5,0,0,0,out-of-radius,0,0,0,0,0,792,5,60,60,0,0,495,495,900,900,reinforcements_2,reinforcements_2,nuke,nuke,0,0,0,0,5,0,0,0,1600,2000,645,1280
2913,1600,2000,792,5,5,5,300,3.4,405,watch,0,0,0,0,5,0,0,0,out-of-radius,0,0,0,0,0,792,5,60,60,0,0,495,495,900,900,reinforcements_2,reinforcements_2,nuke,nuke,0,0,0,0,5,0,0,0,1600,2000,663,1262
2916,1600,2000,792,5,5,5,400,4.6,405,watch,0,0,0,0,5,0,0,0,out-of-radius,0,0,0,0,0,792,5,60,60,0,0,495,495,900,900,reinforcements_2,reinforcements_2,nuke,nuke,0,0,0,0,5,0,0,0,1600,2000,685,1240
2919,1600,2000,792,5,5,5,400,4.6,405,watch,0,0,0,0,5,0,0,0,out-of-radius,0,0,0,0,0,792,5,60,60,0,0,495,495,900,900,reinforcements_2,reinforcements_2,nuke,nuke,0,0,0,0,5,0,0,0,1600,2000,709,1216
2922,1600,2000,792,5,5,5,400,4.6,405,watch,0,0,0,0,5,0,0,0,out-of-radius,0,0,0,0,0,792,5,60,60,0,0,495,495,900,900,reinforcements_2,reinforcements_2,nuke,nuke,0,0,0,0,5,0,0,0,1600,2000,733,1192
2925,1600,2000,792,5,5,5,500,5.7,405,watch,0,0,0,0,5,0,0,0,out-of-radius,0,0,0,0,0,792,5,60,60,0,0,495,495,900,900,reinforcements_2,reinforcements_2,nuke,nuke,0,0,0,0,5,0,0,0,1600,2000,759,1166
2928,1600,2000,792,5,5,5,500,5.7,405,block,0,0,0,0,5,0,0,0,out-of-radius,0,0,0,0,0,792,5,60,60,0,0,495,495,900,900,reinforcements_2,reinforcements_2,nuke,nuke,0,0,0,0,5,0,0,0,1600,2000,789,1136
2931,1600,2000,792,5,5,5,400,4.6,405,watch,0,0,0,0,5,0,0,0,out-of-radius,0,0,0,0,0,792,5,60,60,0,0,495,495,900,900,reinforcements_2,reinforcements_2,nuke,nuke,0,0,0,0,5,0,0,0,1600,2000,745,1180
2934,1600,2000,792,5,5,5,400,4.6,405,watch,0,0,0,0,5,0,0,0,out-of-radius,0,0,0,0,0,792,5,60,60,0,0,495,495,900,900,reinforcements_2,reinforcements_2,nuke,nuke,0,0,0,0,5,0,0,0,1600,2000,769,1156
2937,1600,2000,792,5,5,5,300,3.4,405,watch,0,0,0,0,5,0,0,0,out-of-radius,0,0,0,0,0,792,5,60,60,0,0,495,495,900,900,reinforcements_2,reinforcements_2,nuke,nuke,0,0,0,0,5,0,0,0,1600,2000,717,1208
2940,1600,2000,851,5,5,5,200,2.3,405,watch,0,0,0,0,5,0,0,0,out-of-radius,0,0,0,0,0,851,5,60,60,0,0,495,495,900,900,reinforcements_2,reinforcements_2,nuke,nuke,0,0,0,0,5,0,0,0,1600,2000,664,1261
2943,1600,2000,851,5,5,5,200,2.3,405,watch,0,0,0,0,5,0,0,0,out-of-radius,0,0,0,0,0,851,5,60,60,0,0,495,495,900,900,reinforcements_2,reinforcements_2,nuke,nuke,0,0,0,0,5,0,0,0,1600,2000,676,1249
2946,1600,2000,786,5,5,5,200,2.3,405,watch,0,0,0,0,5,0,0,0,out-of-radius,0,0,0,0,0,851,5,60,60,0,0,495,495,900,900,reinforcements_2,reinforcements_2,nuke,nuke,0,0,0,0,5,0,0,0,1600,2000,688,1237
2949,1600,2000,786,5,5,5,200,2.3,405,watch,0,0,0,0,5,0,0,0,out-of-radius,0,0,0,0,0,786,5,60,60,0,0,495,495,900,900,reinforcements_2,reinforcements_2,nuke,nuke,0,0,0,0,5,0,0,0,1600,2000,700,1225
2952,1600,2000,786,5,5,5,100,1.1,405,watch,0,0,0,0,5,0,0,0,out-of-radius,0,0,0,0,0,786,5,60,60,0,0,495,495,900,900,reinforcements_2,reinforcements_2,nuke,nuke,0,0,0,0,5,0,0,0,1600,2000,636,1289
2955,1600,2000,786,5,5,5,100,1.1,405,watch,0,0,0,0,5,0,0,0,out-of-radius,0,0,0,0,0,786,5,60,60,0,0,495,495,900,900,reinforcements_2,reinforcements_2,nuke,nuke,0,0,0,0,5,0,0,0,1600,2000,642,1283
2958,1600,2000,786,5,5,5,100,1.1,405,watch,0,0,0,0,5,0,0,0,out-of-radius,0,0,0,0,0,786,5,60,60,0,0,495,495,900,900,reinforcements_2,reinforcements_2,nuke,nuke,0,0,0,0,5,0,0,0,1600,2000,648,1277
2961,1600,2000,786,5,5,5,100,1.1,405,watch,0,0,0,0,5,0,0,0,out-of-radius,0,0,0,0,0,786,5,60,60,0,0,495,495,900,900,reinforcements_2,reinforcements_2,nuke,nuke,0,0,0,0,5,0,0,0,1600,2000,585,1340
2964,1600,2000,786,5,5,5,100,1.1,405,watch,0,0,0,0,5,0,0,0,out-of-radius,0,0,0,0,0,786,5,60,60,0,0,495,495,900,900,reinforcements_2,reinforcements_2,nuke,nuke,0,0,0,0,5,0,0,0,1600,2000,591,1334
2967,1600,2000,786,5,5,5,200,2.3,405,watch,0,0,0,0,5,0,0,0,out-of-radius,0,0,0,0,0,786,5,60,60,0,0,495,495,900,900,reinforcements_2,reinforcements_2,nuke,nuke,0,0,0,0,5,0,0,0,1600,2000,603,1322
2970,1600,2000,846,5,5,5,300,3.4,405,watch,0,0,0,0,5,0,0,0,out-of-radius,0,0,0,0,0,846,5,60,60,0,0,495,495,900,900,reinforcements_2,reinforcements_2,nuke,nuke,0,0,0,0,5,0,0,0,1600,2000,617,1308
2973,1600,2000,846,5,5,5,300,3.4,405,watch,0,0,0,0,5,0,0,0,out-of-radius,0,0,0,0,0,846,5,60,60,0,0,495,495,900,900,reinforcements_2,reinforcements_2,nuke,nuke,0,0,0,0,5,0,0,0,1600,2000,635,1290
2976,1600,2000,846,5,5,5,300,3.4,405,watch,0,0,0,0,5,0,0,0,out-of-radius,0,0,0,0,0,846,5,60,60,0,0,495,495,900,900,reinforcements_2,reinforcements_2,nuke,nuke,0,0,0,0,5,0,0,0,1600,2000,653,1272
2979,1600,2000,846,5,5,5,300,3.4,405,watch,0,0,0,0,5,0,0,0,out-of-radius,0,0,0,0,0,846,5,60,60,0,0,495,495,900,900,reinforcements_2,reinforcements_2,nuke,nuke,0,0,0,0,5,0,0,0,1600,2000,671,1254
2982,1600,2000,846,5,5,5,400,4.6,405,watch,0,0,0,0,5,0,0,0,out-of-radius,0,0,0,0,0,846,5,60,60,0,0,495,495,900,900,reinforcements_2,reinforcements_2,nuke,nuke,0,0,0,0,5,0,0,0,1600,2000,695,1230
2985,1600,2000,846,5,5,5,400,4.6,405,watch,0,0,0,0,5,0,0,0,out-of-radius,0,0,0,0,0,846,5,60,60,0,0,495,495,900,900,reinforcements_2,reinforcements_2,nuke,nuke,0,0,0,0,5,0,0,0,1600,2000,719,1206
2988,1600,2000,846,5,5,5,400,4.6,405,watch,0,0,0,0,5,0,0,0,out-of-radius,0,0,0,0,0,846,5,60,60,0,0,495,495,900,900,reinforcements_2,reinforcements_2,nuke,nuke,0,0,0,0,5,0,0,0,1600,2000,743,1182
2991,1600,2000,846,5,5,5,500,5.7,405,block,0,0,0,0,5,0,0,0,out-of-radius,0,0,0,0,0,846,5,60,60,0,0,495,495,900,900,reinforcements_2,reinforcements_2,nuke,nuke,0,0,0,0,5,0,0,0,1600,2000,771,1154
2994,1600,2000,846,5,5,5,500,5.7,405,block,0,0,0,0,5,0,0,0,out-of-radius,0,0,0,0,0,846,5,60,60,0,0,495,495,900,900,reinforcements_2,reinforcements_2,nuke,nuke,0,0,0,0,5,0,0,0,1600,2000,800,1125
2997,1600,2000,946,5,4,4,400,4.6,324,watch,0,0,0,0,4,0,0,0,out-of-radius,0,0,0,0,0,946,5,60,60,0,0,576,576,900,900,reinforcements_2,reinforcements_2,nuke,nuke,0,0,0,0,4,0,0,0,1600,2000,798,1127
3000,1600,2000,1006,5,4,4,300,3.4,324,watch,0,0,0,0,4,0,0,0,out-of-radius,0,0,0,0,0,1006,5,60,60,0,0,576,576,900,900,reinforcements_2,reinforcements_2,nuke,nuke,0,0,0,0,4,0,0,0,1600,2000,738,1187
3003,1600,2000,1006,5,4,4,300,3.4,324,watch,0,0,0,0,4,0,0,0,out-of-radius,0,0,0,0,0,1006,5,60,60,0,0,576,576,900,900,reinforcements_2,reinforcements_2,nuke,nuke,0,0,0,0,4,0,0,0,1600,2000,761,1164
3006,1600,2000,1006,5,3,3,200,2.3,243,watch,0,0,0,0,3,0,0,0,out-of-radius,0,0,0,0,0,1006,5,60,60,0,0,657,657,900,900,reinforcements_2,reinforcements_2,nuke,nuke,0,0,0,0,3,0,0,0,1600,2000,728,1197
3009,1600,2000,1006,5,3,3,200,2.3,243,watch,0,0,0,0,3,0,0,0,out-of-radius,0,0,0,0,0,1006,5,60,60,0,0,657,657,900,900,reinforcements_2,reinforcements_2,nuke,nuke,0,0,0,0,3,0,0,0,1600,2000,748,1177
3012,1600,2000,1006,5,3,3,200,2.3,243,watch,0,0,0,0,3,0,0,0,out-of-radius,0,0,0,0,0,1006,5,60,60,0,0,657,657,900,900,reinforcements_2,reinforcements_2,nuke,nuke,0,0,0,0,3,0,0,0,1600,2000,768,1157
3015,1600,2000,1006,5,2,2,100,1.1,162,watch,0,0,0,0,2,0,0,0,out-of-radius,0,0,0,0,0,1006,5,60,60,0,0,657,657,900,900,reinforcements_2,reinforcements_2,nuke,nuke,0,0,0,0,2,0,0,0,1600,2000,711,1214
3018,1600,2000,1006,5,2,2,100,1.1,162,watch,0,0,0,0,2,0,0,0,out-of-radius,0,0,0,0,0,1006,5,60,60,0,0,738,738,900,900,reinforcements_2,reinforcements_2,nuke,nuke,0,0,0,0,2,0,0,0,1600,2000,726,1199
3021,1600,2000,1006,5,2,2,100,1.1,162,watch,0,0,0,0,2,0,0,0,out-of-radius,0,0,0,0,0,1006,5,60,60,0,0,738,738,900,900,reinforcements_2,reinforcements_2,nuke,nuke,0,0,0,0,2,0,0,0,1600,2000,741,1184
3024,1600,2000,1006,5,2,2,100,1.1,162,watch,0,0,0,0,2,0,0,0,out-of-radius,0,0,0,0,0,1006,5,60,60,0,0,738,738,900,900,reinforcements_2,reinforcements_2,nuke,nuke,0,0,0,0,2,0,0,0,1600,2000,755,1170
3027,1600,2000,1006,5,1,1,0,0.0,81,watch,0,0,0,0,1,0,0,0,out-of-radius,0,0,0,0,0,1006,5,60,60,0,0,819,819,900,900,reinforcements_2,reinforcements_2,nuke,nuke,0,0,0,0,1,0,0,0,1600,2000,581,1344
3030,1600,2000,1066,5,1,1,100,1.1,81,watch,0,0,0,0,1,0,0,0,out-of-radius,0,0,0,0,0,1066,5,60,60,0,0,819,819,900,900,reinforcements_2,reinforcements_2,nuke,nuke,0,0,0,0,1,0,0,0,1600,2000,591,1334
3033,1600,2000,1066,5,1,1,100,1.1,81,watch,0,0,0,0,1,0,0,0,out-of-radius,0,0,0,0,0,1066,5,60,60,0,0,819,819,900,900,reinforcements_2,reinforcements_2,nuke,nuke,0,0,0,0,1,0,0,0,1600,2000,621,1304
3036,1600,2000,1066,5,1,1,100,1.1,81,watch,0,0,0,0,1,0,0,0,out-of-radius,0,0,0,0,0,1066,5,60,60,0,0,819,819,900,900,reinforcements_2,reinforcements_2,nuke,nuke,0,0,0,0,1,0,0,0,1600,2000,651,1274
3039,1600,2000,1066,5,1,1,100,1.1,81,watch,0,0,0,0,1,0,0,0,out-of-radius,0,0,0,0,0,1066,5,60,60,0,0,819,819,900,900,reinforcements_2,reinforcements_2,nuke,nuke,0,0,0,0,1,0,0,0,1600,2000,681,1244
3042,1600,2000,886,5,2,2,200,2.3,162,watch,0,0,0,0,2,0,0,0,out-of-radius,0,0,0,0,0,886,5,60,60,0,0,819,819,900,900,reinforcements_2,reinforcements_2,nuke,nuke,0,0,0,0,2,0,0,0,1600,2000,373,1552
3045,1600,2000,886,5,2,2,200,2.3,162,watch,0,0,0,0,2,0,0,0,out-of-radius,0,0,0,0,0,886,5,60,60,0,0,819,819,981,981,reinforcements_2,reinforcements_2,nuke,nuke,0,0,0,0,2,0,0,0,1600,2000,403,1522
3048,1600,2000,886,5,2,2,200,2.3,162,watch,0,0,0,0,2,0,0,0,out-of-radius,0,0,0,0,0,886,5,60,60,0,0,819,819,981,981,reinforcements_2,reinforcements_2,nuke,nuke,0,0,0,0,2,0,0,0,1600,2000,433,1492
3051,1600,2000,886,5,2,2,200,2.3,162,watch,0,0,0,0,2,0,0,0,out-of-radius,0,0,0,0,0,886,5,60,60,0,0,819,819,981,981,reinforcements_2,reinforcements_2,nuke,nuke,0,0,0,0,2,0,0,0,1600,2000,463,1462
3054,1600,2000,886,5,3,3,300,3.4,243,watch,0,0,0,0,3,0,0,0,out-of-radius,0,0,0,0,0,886,5,60,60,0,0,819,819,1062,1062,reinforcements_2,reinforcements_2,nuke,nuke,0,0,0,0,3,0,0,0,1600,2000,347,1578
3057,1600,2000,866,5,3,3,300,3.4,243,watch,0,0,0,0,3,0,0,0,out-of-radius,0,0,0,0,0,866,5,60,60,0,0,819,819,1062,1062,reinforcements_2,reinforcements_2,nuke,nuke,0,0,0,0,3,0,0,0,1600,2000,377,1548
3060,1600,2000,926,5,3,3,300,3.4,243,watch,0,0,0,0,3,0,0,0,out-of-radius,0,0,0,0,0,926,5,60,60,0,0,819,819,1062,1062,reinforcements_2,reinforcements_2,nuke,nuke,0,0,0,0,3,0,0,0,1600,2000,407,1518
3063,1600,2000,926,5,4,4,400,4.6,324,watch,0,0,0,0,4,0,0,0,out-of-radius,0,0,0,0,0,926,5,60,60,0,0,819,819,1143,1143,reinforcements_2,reinforcements_2,nuke,nuke,0,0,0,0,4,0,0,0,1600,2000,339,1586
3066,1600,2000,926,5,4,4,300,3.4,324,watch,0,0,0,0,4,0,0,0,out-of-radius,0,0,0,0,0,926,5,60,60,0,0,819,819,1143,1143,reinforcements_2,reinforcements_2,nuke,nuke,0,0,0,0,4,0,0,0,1600,2000,276,1648
3069,1600,2000,926,5,4,4,300,3.4,324,watch,0,0,0,0,4,0,0,0,out-of-radius,0,0,0,0,0,926,5,60,60,0,0,819,819,1143,1143,reinforcements_2,reinforcements_2,nuke,nuke,0,0,0,0,4,0,0,0,1600,2000,299,1626
3072,1600,2000,926,5,5,5,400,4.6,405,watch,0,0,0,0,5,0,0,0,out-of-radius,0,0,0,0,0,926,5,60,60,0,0,819,819,1143,1143,reinforcements_2,reinforcements_2,nuke,nuke,0,0,0,0,5,0,0,0,1600,2000,264,1661
3075,1600,2000,926,5,5,5,400,4.6,405,watch,0,0,0,0,5,0,0,0,out-of-radius,0,0,0,0,0,926,5,60,60,0,0,819,819,1224,1224,reinforcements_2,reinforcements_2,nuke,nuke,0,0,0,0,5,0,0,0,1600,2000,288,1637
3078,1600,2000,926,5,5,5,400,4.6,405,watch,0,0,0,0,5,0,0,0,out-of-radius,0,0,0,0,0,926,5,60,60,0,0,819,819,1224,1224,reinforcements_2,reinforcements_2,nuke,nuke,0,0,0,0,5,0,0,0,1600,2000,312,1613
3081,1600,2000,926,5,5,5,400,4.6,405,watch,0,0,0,0,5,0,0,0,out-of-radius,0,0,0,0,0,926,5,60,60,0,0,819,819,1224,1224,reinforcements_2,reinforcements_2,nuke,nuke,0,0,0,0,5,0,0,0,1600,2000,336,1589
3084,1600,2000,926,5,6,6,500,5.7,486,watch,0,0,0,0,6,0,0,0,out-of-radius,0,0,0,0,0,926,5,60,60,0,0,819,819,1305,1305,reinforcements_2,reinforcements_2,nuke,nuke,0,0,0,0,6,0,0,0,1600,2000,309,1616
3087,1600,2000,926,5,6,6,500,5.7,486,watch,0,0,0,0,6,0,0,0,out-of-radius,0,0,0,0,0,926,5,60,60,0,0,819,819,1305,1305,reinforcements_2,reinforcements_2,nuke,nuke,0,0,0,0,6,0,0,0,1600,2000,334,1591
3090,1600,2000,986,5,6,6,500,5.7,486,watch,0,0,0,0,6,0,0,0,out-of-radius,0,0,0,0,0,986,5,60,60,0,0,819,819,1305,1305,reinforcements_2,reinforcements_2,nuke,nuke,0,0,0,0,6,0,0,0,1600,2000,359,1566
3093,1600,2000,986,5,6,6,500,5.7,486,watch,0,0,0,0,6,0,0,0,out-of-radius,0,0,0,0,0,986,5,60,60,0,0,819,819,1305,1305,reinforcements_2,reinforcements_2,nuke,nuke,0,0,0,0,6,0,0,0,1600,2000,384,1541
3096,1600,2000,986,5,6,6,600,6.9,486,watch,0,0,0,0,6,0,0,0,out-of-radius,0,0,0,0,0,986,5,60,60,0,0,819,819,1305,1305,reinforcements_2,reinforcements_2,nuke,nuke,0,0,0,0,6,0,0,0,1600,2000,413,1512
3099,1600,2000,986,5,6,6,600,6.9,486,watch,0,0,0,0,6,0,0,0,out-of-radius,0,0,0,0,0,986,5,60,60,0,0,819,819,1305,1305,reinforcements_2,reinforcements_2,nuke,nuke,0,0,0,0,6,0,0,0,1600,2000,443,1482
3102,1600,2000,986,5,6,6,600,6.9,486,watch,0,0,0,0,6,0,0,0,out-of-radius,0,0,0,0,0,986,5,60,60,0,0,819,819,1305,1305,reinforcements_2,reinforcements_2,nuke,nuke,0,0,0,0,6,0,0,0,1600,2000,473,1452
3105,1400,2000,986,5,5,5,100,1.1,405,watch,0,0,0,0,5,0,0,0,out-of-radius,0,0,0,0,0,986,5,60,60,0,0,819,819,1305,1305,reinforcements_2,reinforcements_2,nuke,nuke,0,0,0,0,5,0,0,0,1400,2000,427,1498
3108,1400,2000,986,5,5,5,100,1.1,405,watch,0,0,0,0,5,0,0,0,out-of-radius,0,0,0,0,0,986,5,60,60,0,0,900,900,1305,1305,reinforcements_2,reinforcements_2,nuke,nuke,0,0,0,0,5,0,0,0,1400,2000,433,1492
3111,1400,2000,986,5,5,5,100,1.1,405,watch,0,0,0,0,5,0,0,0,out-of-radius,0,0,0,0,0,986,5,60,60,0,0,900,900,1305,1305,reinforcements_2,reinforcements_2,nuke,nuke,0,0,0,0,5,0,0,0,1400,2000,439,1486
3114,1400,2000,986,5,5,5,100,1.1,405,watch,0,0,0,0,5,0,0,0,out-of-radius,0,0,0,0,0,986,5,60,60,0,0,900,900,1305,1305,reinforcements_2,reinforcements_2,nuke,nuke,0,0,0,0,5,0,0,0,1400,2000,445,1480
3117,1400,2000,986,5,5,5,100,1.1,405,watch,0,0,0,0,5,0,0,0,out-of-radius,0,0,0,0,0,986,5,60,60,0,0,900,900,1305,1305,reinforcements_2,reinforcements_2,nuke,nuke,0,0,0,0,5,0,0,0,1400,2000,451,1474
3120,1400,2000,1046,5,5,5,100,1.1,405,watch,0,0,0,0,5,0,0,0,out-of-radius,0,0,0,0,0,1046,5,60,60,0,0,900,900,1305,1305,reinforcements_2,reinforcements_2,nuke,nuke,0,0,0,0,5,0,0,0,1400,2000,457,1468
3123,1400,2000,1046,5,5,5,100,1.1,405,watch,0,0,0,0,5,0,0,0,out-of-radius,0,0,0,0,0,1046,5,60,60,0,0,900,900,1305,1305,reinforcements_2,reinforcements_2,nuke,nuke,0,0,0,0,5,0,0,0,1400,2000,463,1462
3126,1400,2000,1046,5,5,5,100,1.1,405,watch,0,0,0,0,5,0,0,0,out-of-radius,0,0,0,0,0,1046,5,60,60,0,0,900,900,1305,1305,reinforcements_2,reinforcements_2,nuke,nuke,0,0,0,0,5,0,0,0,1400,2000,469,1456
3129,1400,2000,1046,5,5,5,100,1.1,405,watch,0,0,0,0,5,0,0,0,out-of-radius,0,0,0,0,0,1046,5,60,60,0,0,900,900,1305,1305,reinforcements_2,reinforcements_2,nuke,nuke,0,0,0,0,5,0,0,0,1400,2000,475,1450
3132,1400,2000,1046,5,5,5,100,1.1,405,watch,0,0,0,0,5,0,0,0,out-of-radius,0,0,0,0,0,1046,5,60,60,0,0,900,900,1305,1305,reinforcements_2,reinforcements_2,nuke,nuke,0,0,0,0,5,0,0,0,1400,2000,481,1444
3135,1400,2000,1046,5,5,5,500,5.7,405,watch,0,0,0,0,5,0,0,0,out-of-radius,0,0,0,0,0,1046,5,60,60,0,0,900,900,1305,1305,reinforcements_2,reinforcements_2,nuke,nuke,0,0,0,0,5,0,0,0,1400,2000,495,1430
3138,1400,2000,1046,5,5,5,500,5.7,405,watch,0,0,0,0,5,0,0,0,out-of-radius,0,0,0,0,0,1046,5,60,60,0,0,900,900,1305,1305,reinforcements_2,reinforcements_2,nuke,nuke,0,0,0,0,5,0,0,0,1400,2000,525,1400
3141,1400,2000,1046,5,5,5,500,5.7,405,watch,0,0,0,0,5,0,0,0,out-of-radius,0,0,0,0,0,1046,5,60,60,0,0,900,900,1305,1305,reinforcements_2,reinforcements_2,nuke,nuke,0,0,0,0,5,0,0,0,1400,2000,555,1370
3144,1400,2000,1046,5,5,5,500,5.7,405,watch,0,0,0,0,5,0,0,0,out-of-radius,0,0,0,0,0,1046,5,60,60,0,0,900,900,1305,1305,reinforcements_2,reinforcements_2,nuke,nuke,0,0,0,0,5,0,0,0,1400,2000,585,1340
3147,1400,2000,1046,5,5,5,500,5.7,405,watch,0,0,0,0,5,0,0,0,out-of-radius,0,0,0,0,0,1046,5,60,60,0,0,900,900,1305,1305,reinforcements_2,reinforcements_2,nuke,nuke,0,0,0,0,5,0,0,0,1400,2000,615,1310
3150,1400,2000,1106,5,5,5,500,5.7,405,watch,0,0,0,0,5,0,0,0,out-of-radius,0,0,0,0,0,1106,5,60,60,0,0,900,900,1305,1305,reinforcements_2,reinforcements_2,nuke,nuke,0,0,0,0,5,0,0,0,1400,2000,645,1280
3153,1400,2000,1106,5,5,5,500,5.7,405,block,0,0,0,0,5,0,0,0,out-of-radius,0,0,0,0,0,1106,5,60,60,0,0,900,900,1305,1305,reinforcements_2,reinforcements_2,nuke,nuke,0,0,0,0,5,0,0,0,1400,2000,675,1250
3156,1400,2000,1103,5,6,5,500,5.7,405,block,0,0,0,0,5,0,0,0,out-of-radius,0,0,0,0,0,1106,5,60,60,3,0,900,900,1305,1305,reinforcements_2,reinforcements_2,nuke,nuke,1,0,0,0,5,0,0,0,1400,2000,595,1220
3159,1400,2000,1103,5,6,5,500,5.7,405,block,0,0,0,0,5,0,0,0,out-of-radius,0,0,0,0,0,1106,5,60,60,3,0,900,900,1308,1305,reinforcements_2,reinforcements_2,nuke,nuke,1,0,0,0,5,0,0,0,1400,2000,624,1190
3162,1400,2000,1100,5,7,5,500,5.7,405,block,0,0,0,0,5,0,0,0,out-of-radius,0,0,0,0,0,1106,5,60,60,6,0,900,900,1311,1305,reinforcements_2,reinforcements_2,nuke,nuke,2,0,0,0,5,0,0,0,1400,2000,567,1160
3165,1400,2000,1100,5,7,5,500,5.7,405,block,0,0,0,0,5,0,0,0,out-of-radius,0,0,0,0,0,1106,5,60,60,6,0,900,900,1311,1305,reinforcements_2,reinforcements_2,nuke,nuke,2,0,0,0,5,0,0,0,1400,2000,595,1130
3168,1400,2000,1100,5,7,5,400,4.6,405,watch,0,0,0,0,5,0,0,0,out-of-radius,0,0,0,0,0,1106,5,60,60,6,0,900,900,1311,1305,reinforcements_2,reinforcements_2,nuke,nuke,2,0,0,0,5,0,0,0,1400,2000,568,1176
3171,1400,2000,1100,5,7,5,400,4.6,405,watch,0,0,0,0,5,0,0,0,out-of-radius,0,0,0,0,0,1106,5,60,60,6,0,900,900,1311,1305,reinforcements_2,reinforcements_2,nuke,nuke,2,0,0,0,5,0,0,0,1400,2000,591,1152
3174,1400,2000,1100,5,7,5,300,3.4,405,watch,0,0,0,0,5,0,0,0,out-of-radius,0,0,0,0,0,1106,5,60,60,6,0,900,900,1311,1305,reinforcements_2,reinforcements_2,nuke,nuke,2,0,0,0,5,0,0,0,1400,2000,561,1204
3177,1400,2000,1100,5,7,5,200,2.3,405,watch,0,0,0,0,5,0,0,0,out-of-radius,0,0,0,0,0,1106,5,60,60,6,0,900,900,1311,1305,reinforcements_2,reinforcements_2,nuke,nuke,2,0,0,0,5,0,0,0,1400,2000,527,1259
3180,1400,2000,1159,5,7,5,200,2.3,405,watch,0,0,0,0,5,0,0,0,out-of-radius,0,0,0,0,0,1165,5,60,60,6,0,900,900,1311,1305,reinforcements_2,reinforcements_2,nuke,nuke,2,0,0,0,5,0,0,0,1400,2000,541,1247
3183,1400,2000,1159,5,7,5,200,2.3,405,watch,0,0,0,0,5,0,0,0,out-of-radius,0,0,0,0,0,1165,5,60,60,6,0,900,900,1311,1305,reinforcements_2,reinforcements_2,nuke,nuke,2,0,0,0,5,0,0,0,1400,2000,556,1235
3186,1400,2000,1159,5,7,5,100,1.1,405,watch,0,0,0,0,5,0,0,0,out-of-radius,0,0,0,0,0,1165,5,60,60,6,0,900,900,1311,1305,reinforcements_2,reinforcements_2,nuke,nuke,2,0,0,0,5,0,0,0,1400,2000,519,1295
3189,1400,2000,1159,5,7,5,100,1.1,405,watch,0,0,0,0,5,0,0,0,out-of-radius,0,0,0,0,0,1165,5,60,60,6,0,900,900,1311,1305,reinforcements_2,reinforcements_2,nuke,nuke,2,0,0,0,5,0,0,0,1400,2000,530,1289
3192,1400,2000,1159,5,7,5,100,1.1,405,watch,0,0,0,0,5,0,0,0,out-of-radius,0,0,0,0,0,1165,5,60,60,6,0,900,900,1311,1305,reinforcements_2,reinforcements_2,nuke,nuke,2,0,0,0,5,0,0,0,1400,2000,540,1283
3195,1400,2000,1159,5,7,5,100,1.1,405,watch,0,0,0,0,5,0,0,0,out-of-radius,0,0,0,0,0,1165,5,60,60,6,0,900,900,1311,1305,reinforcements_2,reinforcements_2,nuke,nuke,2,0,0,0,5,0,0,0,1400,2000,550,1277
3198,1400,2000,1159,5,7,5,0,0.0,405,watch,0,0,0,0,5,0,0,0,out-of-radius,0,0,0,0,0,1165,5,60,60,6,0,900,900,1311,1305,reinforcements_2,reinforcements_2,nuke,nuke,2,0,0,0,5,0,0,0,1400,2000,507,1346
3201,1400,2000,1159,5,7,5,100,1.1,405,watch,0,0,0,0,5,0,0,0,out-of-radius,0,0,0,0,0,1165,5,60,60,6,0,900,900,1311,1305,reinforcements_2,reinforcements_2,nuke,nuke,2,0,0,0,5,0,0,0,1400,2000,515,1342
3204,1400,2000,1159,5,7,5,100,1.1,405,watch,0,0,0,0,5,0,0,0,out-of-radius,0,0,0,0,0,1165,5,60,60,6,0,900,900,1311,1305,reinforcements_2,reinforcements_2,nuke,nuke,2,0,0,0,5,0,0,0,1400,2000,526,1336
3207,1400,2000,1159,5,7,5,200,2.3,405,watch,0,0,0,0,5,0,0,0,out-of-radius,0,0,0,0,0,1165,5,60,60,6,0,900,900,1311,1305,reinforcements_2,reinforcements_2,nuke,nuke,2,0,0,0,5,0,0,0,1400,2000,540,1324
3210,1400,2000,1219,5,7,5,300,3.4,405,watch,0,0,0,0,5,0,0,0,out-of-radius,0,0,0,0,0,1225,5,60,60,6,0,900,900,1311,1305,reinforcements_2,reinforcements_2,nuke,nuke,2,0,0,0,5,0,0,0,1400,2000,556,1310
3213,1400,2000,1219,5,7,5,300,3.4,405,watch,0,0,0,0,5,0,0,0,out-of-radius,0,0,0,0,0,1225,5,60,60,6,0,900,900,1311,1305,reinforcements_2,reinforcements_2,nuke,nuke,2,0,0,0,5,0,0,0,1400,2000,575,1292
3216,1400,2000,1219,5,7,5,300,3.4,405,watch,0,0,0,0,5,0,0,0,out-of-radius,0,0,0,0,0,1225,5,60,60,6,0,900,900,1311,1305,reinforcements_2,reinforcements_2,nuke,nuke,2,0,0,0,5,0,0,0,1400,2000,594,1274
3219,1400,2000,1219,5,7,5,300,3.4,405,watch,0,0,0,0,5,0,0,0,out-of-radius,0,0,0,0,0,1225,5,60,60,6,0,900,900,1311,1305,reinforcements_2,reinforcements_2,nuke,nuke,2,0,0,0,5,0,0,0,1400,2000,613,1256
3222,1400,2000,1219,5,7,5,400,4.6,405,watch,0,0,0,0,5,0,0,0,out-of-radius,0,0,0,0,0,1225,5,60,60,6,0,900,900,1311,1305,reinforcements_2,reinforcements_2,nuke,nuke,2,0,0,0,5,0,0,0,1400,2000,636,1232
3225,1400,2000,1219,5,7,5,400,4.6,405,watch,0,0,0,0,5,0,0,0,out-of-radius,0,0,0,0,0,1225,5,60,60,6,0,900,900,1311,1305,reinforcements_2,reinforcements_2,nuke,nuke,2,0,0,0,5,0,0,0,1400,2000,659,1208
3228,1400,2000,1219,5,7,5,400,4.6,405,watch,0,0,0,0,5,0,0,0,out-of-radius,0,0,0,0,0,1225,5,60,60,6,0,900,900,1311,1305,reinforcements_2,reinforcements_2,nuke,nuke,2,0,0,0,5,0,0,0,1400,2000,682,1184
3231,1400,2000,1219,5,7,5,500,5.7,405,block,0,0,0,0,5,0,0,0,out-of-radius,0,0,0,0,0,1225,5,60,60,6,0,900,900,1311,1305,reinforcements_2,reinforcements_2,nuke,nuke,2,0,0,0,5,0,0,0,1400,2000,708,1156
3234,1400,2000,1219,5,7,5,500,5.7,405,block,0,0,0,0,5,0,0,0,out-of-radius,0,0,0,0,0,1225,5,60,60,6,0,900,900,1311,1305,reinforcements_2,reinforcements_2,nuke,nuke,2,0,0,0,5,0,0,0,1400,2000,736,1126
3237,1400,2000,1219,5,7,5,400,4.6,405,watch,0,0,0,0,5,0,0,0,out-of-radius,0,0,0,0,0,1225,5,60,60,6,0,900,900,1311,1305,reinforcements_2,reinforcements_2,nuke,nuke,2,0,0,0,5,0,0,0,1400,2000,709,1172
3240,1400,2000,1279,5,7,5,300,3.4,405,watch,0,0,0,0,5,0,0,0,out-of-radius,0,0,0,0,0,1285,5,60,60,6,0,900,900,1311,1305,reinforcements_2,reinforcements_2,nuke,nuke,2,0,0,0,5,0,0,0,1400,2000,681,1220
3243,1400,2000,1279,5,7,5,300,3.4,405,watch,0,0,0,0,5,0,0,0,out-of-radius,0,0,0,0,0,1285,5,60,60,6,0,900,900,1311,1305,reinforcements_2,reinforcements_2,nuke,nuke,2,0,0,0,5,0,0,0,1400,2000,700,1202
3246,1400,2000,1279,5,7,5,200,2.3,405,watch,0,0,0,0,5,0,0,0,out-of-radius,0,0,0,0,0,1285,5,60,60,6,0,900,900,1311,1305,reinforcements_2,reinforcements_2,nuke,nuke,2,0,0,0,5,0,0,0,1400,2000,666,1257
3249,1400,2000,1279,5,7,5,200,2.3,405,watch,0,0,0,0,5,0,0,0,out-of-radius,0,0,0,0,0,1285,5,60,60,6,0,900,900,1311,1305,reinforcements_2,reinforcements_2,nuke,nuke,2,0,0,0,5,0,0,0,1400,2000,681,1245
3252,1400,2000,1279,5,7,5,200,2.3,405,watch,0,0,0,0,5,0,0,0,out-of-radius,0,0,0,0,0,1285,5,60,60,6,0,900,900,1311,1305,reinforcements_2,reinforcements_2,nuke,nuke,2,0,0,0,5,0,0,0,1400,2000,695,1233
3255,1400,2000,1279,5,7,5,100,1.1,405,watch,0,0,0,0,5,0,0,0,out-of-radius,0,0,0,0,0,1285,5,60,60,6,0,900,900,1311,1305,reinforcements_2,reinforcements_2,nuke,nuke,2,0,0,0,5,0,0,0,1400,2000,659,1293
3258,1400,2000,1279,5,7,5,100,1.1,405,watch,0,0,0,0,5,0,0,0,out-of-radius,0,0,0,0,0,1285,5,60,60,6,0,900,900,1311,1305,reinforcements_2,reinforcements_2,nuke,nuke,2,0,0,0,5,0,0,0,1400,2000,669,1287
3261,1400,2000,1279,5,7,5,100,1.1,405,watch,0,0,0,0,5,0,0,0,out-of-radius,0,0,0,0,0,1285,5,60,60,6,0,900,900,1311,1305,reinforcements_2,reinforcements_2,nuke,nuke,2,0,0,0,5,0,0,0,1400,2000,679,1281
3264,1400,2000,1279,5,7,5,100,1.1,405,watch,0,0,0,0,5,0,0,0,out-of-radius,0,0,0,0,0,1285,5,60,60,6,0,900,900,1311,1305,reinforcements_2,reinforcements_2,nuke,nuke,2,0,0,0,5,0,0,0,1400,2000,690,1275
3267,1400,2000,1279,5,7,5,100,1.1,405,watch,0,0,0,0,5,0,0,0,out-of-radius,0,0,0,0,0,1285,5,60,60,6,0,900,900,1311,1305,reinforcements_2,reinforcements_2,nuke,nuke,2,0,0,0,5,0,0,0,1400,2000,650,1338
3270,1400,2000,1339,5,7,5,200,2.3,405,watch,0,0,0,0,5,0,0,0,out-of-radius,0,0,0,0,0,1345,5,60,60,6,0,900,900,1311,1305,reinforcements_2,reinforcements_2,nuke,nuke,2,0,0,0,5,0,0,0,1400,2000,662,1330
3273,1400,2000,1339,5,7,5,200,2.3,405,watch,0,0,0,0,5,0,0,0,out-of-radius,0,0,0,0,0,1345,5,60,60,6,0,900,900,1311,1305,reinforcements_2,reinforcements_2,nuke,nuke,2,0,0,0,5,0,0,0,1400,2000,677,1318
3276,1400,2000,1339,5,7,5,300,3.4,405,watch,0,0,0,0,5,0,0,0,out-of-radius,0,0,0,0,0,1345,5,60,60,6,0,900,900,1311,1305,reinforcements_2,reinforcements_2,nuke,nuke,2,0,0,0,5,0,0,0,1400,2000,694,1302
3279,1400,2000,1339,5,7,5,300,3.4,405,watch,0,0,0,0,5,0,0,0,out-of-radius,0,0,0,0,0,1345,5,60,60,6,0,900,900,1311,1305,reinforcements_2,reinforcements_2,nuke,nuke,2,0,0,0,5,0,0,0,1400,2000,713,1284
3282,1400,2000,1339,5,7,5,300,3.4,405,watch,0,0,0,0,5,0,0,0,out-of-radius,0,0,0,0,0,1345,5,60,60,6,0,900,900,1311,1305,reinforcements_2,reinforcements_2,nuke,nuke,2,0,0,0,5,0,0,0,1400,2000,732,1266
3285,1400,2000,1339,5,7,5,400,4.6,405,watch,0,0,0,0,5,0,0,0,out-of-radius,0,0,0,0,0,1345,5,60,60,6,0,900,900,1311,1305,reinforcements_2,reinforcements_2,nuke,nuke,2,0,0,0,5,0,0,0,1400,2000,752,1246
3288,1400,2000,1339,5,7,5,400,4.6,405,watch,0,0,0,0,5,0,0,0,out-of-radius,0,0,0,0,0,1345,5,60,60,6,0,900,900,1311,1305,reinforcements_2,reinforcements_2,nuke,nuke,2,0,0,0,5,0,0,0,1400,2000,775,1222
3291,1400,2000,1339,5,7,5,400,4.6,405,watch,0,0,0,0,5,0,0,0,out-of-radius,0,0,0,0,0,1345,5,60,60,6,0,900,900,1311,1305,reinforcements_2,reinforcements_2,nuke,nuke,2,0,0,0,5,0,0,0,1400,2000,798,1198
3294,1400,2000,1339,5,6,5,400,4.6,405,watch,0,0,0,0,5,0,0,0,out-of-radius,0,0,0,0,0,1345,5,60,60,6,0,900,900,1311,1305,reinforcements_2,reinforcements_2,nuke,nuke,1,0,0,0,5,0,0,0,1400,2000,789,1176
3297,1400,2000,1339,5,6,5,500,5.7,405,block,0,0,0,0,5,0,0,0,out-of-radius,0,0,0,0,0,1345,5,60,60,6,0,903,900,1311,1305,reinforcements_2,reinforcements_2,nuke,nuke,1,0,0,0,5,0,0,0,1400,2000,816,1149
3300,1400,2000,1399,5,6,5,500,5.7,405,block,0,0,0,0,5,0,0,0,out-of-radius,0,0,0,0,0,1405,5,60,60,6,0,903,900,1311,1305,reinforcements_2,reinforcements_2,nuke,nuke,1,0,0,0,5,0,0,0,1400,2000,841,1127
3303,1400,2000,1396,5,6,4,300,3.4,324,block,0,0,0,0,4,0,0,0,out-of-radius,0,0,0,0,0,1405,5,60,60,9,0,906,900,1314,1305,reinforcements_2,reinforcements_2,nuke,nuke,1,0,0,0,5,0,0,0,1400,2000,709,1211
3306,1400,2000,1396,5,5,4,300,3.4,324,watch,0,0,0,0,4,0,0,0,out-of-radius,0,0,0,0,0,1405,5,60,60,9,0,987,981,1314,1305,reinforcements_2,reinforcements_2,nuke,nuke,1,0,0,0,4,0,0,0,1400,2000,687,1191
3309,1400,2000,1396,5,5,3,200,2.3,243,watch,0,0,0,0,3,0,0,0,out-of-radius,0,0,0,0,0,1405,5,60,60,9,0,987,1062,1314,1305,reinforcements_2,reinforcements_2,nuke,nuke,1,0,0,0,4,0,0,0,1400,2000,714,1223
3312,1400,2000,1396,5,5,3,200,2.3,243,watch,0,0,0,0,3,0,0,0,out-of-radius,0,0,0,0,0,1405,5,60,60,9,0,987,1062,1314,1305,reinforcements_2,reinforcements_2,nuke,nuke,1,0,0,0,4,0,0,0,1400,2000,742,1203
3315,1400,2000,1396,5,5,2,100,1.1,162,watch,0,0,0,0,2,0,0,0,out-of-radius,0,0,0,0,0,1405,5,60,60,9,0,987,1062,1314,1305,reinforcements_2,reinforcements_2,nuke,nuke,1,0,0,0,4,0,0,0,1400,2000,692,1258
3318,1400,2000,1396,5,5,2,100,1.1,162,watch,0,0,0,0,2,0,0,0,out-of-radius,0,0,0,0,0,1405,5,60,60,9,0,987,1143,1314,1305,reinforcements_2,reinforcements_2,nuke,nuke,1,0,0,0,4,0,0,0,1400,2000,715,1243
3321,1400,2000,1396,5,4,2,100,1.1,162,watch,0,0,0,0,2,0,0,0,out-of-radius,0,0,0,0,0,1405,5,60,60,9,0,1068,1143,1314,1305,reinforcements_2,reinforcements_2,nuke,nuke,1,0,0,0,3,0,0,0,1400,2000,661,1233
3324,1400,2000,1396,5,4,2,100,1.1,162,watch,0,0,0,0,2,0,0,0,out-of-radius,0,0,0,0,0,1405,5,60,60,9,0,1068,1143,1314,1305,reinforcements_2,reinforcements_2,nuke,nuke,1,0,0,0,3,0,0,0,1400,2000,681,1218
3327,1400,2000,1396,5,4,1,0,0.0,81,watch,0,0,0,0,1,0,0,0,out-of-radius,0,0,0,0,0,1405,5,60,60,9,0,1068,1224,1314,1305,reinforcements_2,reinforcements_2,nuke,nuke,1,0,0,0,3,0,0,0,1400,2000,699,1382
3330,1400,2000,1456,5,4,1,0,0.0,81,watch,0,0,0,0,1,0,0,0,out-of-radius,0,0,0,0,0,1465,5,60,60,9,0,1068,1224,1314,1305,reinforcements_2,reinforcements_2,nuke,nuke,1,0,0,0,3,0,0,0,1400,2000,719,1382
3333,1400,2000,1456,5,4,1,0,0.0,81,watch,0,0,0,0,1,0,0,0,out-of-radius,0,0,0,0,0,1465,5,60,60,9,0,1068,1224,1314,1305,reinforcements_2,reinforcements_2,nuke,nuke,1,0,0,0,3,0,0,0,1400,2000,739,1382
3336,1400,2000,1456,5,4,1,100,1.1,81,watch,0,0,0,0,1,0,0,0,out-of-radius,0,0,0,0,0,1465,5,60,60,9,0,1068,1224,1314,1305,reinforcements_2,reinforcements_2,nuke,nuke,1,0,0,0,3,0,0,0,1400,2000,759,1362
3339,1400,2000,1456,5,4,1,100,1.1,81,watch,0,0,0,0,1,0,0,0,out-of-radius,0,0,0,0,0,1465,5,60,60,9,0,1068,1224,1314,1305,reinforcements_2,reinforcements_2,nuke,nuke,1,0,0,0,3,0,0,0,1400,2000,780,1332
3342,1400,2000,1456,5,4,1,100,1.1,81,watch,0,0,0,0,1,0,0,0,out-of-radius,0,0,0,0,0,1445,5,60,60,9,0,1068,1224,1314,1305,reinforcements_2,reinforcements_2,nuke,nuke,1,0,0,0,3,0,0,0,1400,2000,800,1302
3345,1400,2000,1456,5,4,1,100,1.1,81,watch,0,0,0,0,1,0,0,0,out-of-radius,0,0,0,0,0,1445,5,60,60,9,0,1068,1224,1314,1305,reinforcements_2,reinforcements_2,nuke,nuke,1,0,0,0,3,0,0,0,1400,2000,823,1272
3348,1400,2000,1276,5,4,2,200,2.3,162,watch,0,0,0,0,2,0,0,0,out-of-radius,0,0,0,0,0,1265,5,60,60,9,0,1149,1224,1395,1386,reinforcements_2,reinforcements_2,nuke,nuke,1,0,0,0,3,0,0,0,1400,2000,559,1566
3351,1400,2000,1276,5,4,2,200,2.3,162,watch,0,0,0,0,2,0,0,0,out-of-radius,0,0,0,0,0,1265,5,60,60,9,0,1149,1224,1395,1386,reinforcements_2,reinforcements_2,nuke,nuke,1,0,0,0,3,0,0,0,1400,2000,587,1536
3354,1400,2000,1276,5,4,2,200,2.3,162,watch,0,0,0,0,2,0,0,0,out-of-radius,0,0,0,0,0,1265,5,60,60,9,0,1149,1224,1395,1386,reinforcements_2,reinforcements_2,nuke,nuke,1,0,0,0,3,0,0,0,1400,2000,607,1521
3357,1400,2000,1276,5,5,3,300,3.4,243,watch,0,0,0,0,3,0,0,0,out-of-radius,0,0,0,0,0,1265,5,60,60,9,0,1149,1224,1395,1386,reinforcements_2,reinforcements_2,nuke,nuke,1,0,0,0,4,0,0,0,1400,2000,509,1634
3360,1400,2000,1336,5,5,3,300,3.4,243,watch,0,0,0,0,3,0,0,0,out-of-radius,0,0,0,0,0,1325,5,60,60,9,0,1149,1224,1476,1467,reinforcements_2,reinforcements_2,nuke,nuke,1,0,0,0,4,0,0,0,1400,2000,531,1614
3363,1400,2000,1336,5,5,3,300,3.4,243,watch,0,0,0,0,3,0,0,0,out-of-radius,0,0,0,0,0,1325,5,60,60,9,0,1149,1224,1476,1467,reinforcements_2,reinforcements_2,nuke,nuke,1,0,0,0,4,0,0,0,1400,2000,553,1594
3366,1400,2000,1336,5,5,3,300,3.4,243,watch,0,0,0,0,3,0,0,0,out-of-radius,0,0,0,0,0,1325,5,60,60,9,0,1149,1224,1476,1467,reinforcements_2,reinforcements_2,nuke,nuke,1,0,0,0,4,0,0,0,1400,2000,575,1574
3369,1400,2000,1336,5,6,4,400,4.6,324,watch,0,0,0,0,4,0,0,0,out-of-radius,0,0,0,0,0,1325,5,60,60,9,0,1149,1224,1557,1548,reinforcements_2,reinforcements_2,nuke,nuke,1,0,0,0,5,0,0,0,1400,2000,507,1633
3372,1400,2000,1336,5,6,4,400,4.6,324,watch,0,0,0,0,4,0,0,0,out-of-radius,0,0,0,0,0,1325,5,60,60,9,0,1149,1224,1557,1548,reinforcements_2,reinforcements_2,nuke,nuke,1,0,0,0,5,0,0,0,1400,2000,531,1611
3375,1400,2000,1336,5,5,4,400,4.6,324,watch,0,0,0,0,4,0,0,0,out-of-radius,0,0,0,0,0,1325,5,60,60,9,0,1230,1224,1557,1548,reinforcements_2,reinforcements_2,nuke,nuke,1,0,0,0,4,0,0,0,1400,2000,435,1586
3378,1400,2000,1336,5,6,5,500,5.7,405,watch,0,0,0,0,5,0,0,0,out-of-radius,0,0,0,0,0,1325,5,60,60,9,0,1230,1224,1638,1629,reinforcements_2,reinforcements_2,nuke,nuke,1,0,0,0,5,0,0,0,1400,2000,393,1620
3381,1400,2000,1336,5,6,5,500,5.7,405,block,0,0,0,0,5,0,0,0,out-of-radius,0,0,0,0,0,1325,5,60,60,9,0,1230,1224,1638,1629,reinforcements_2,reinforcements_2,nuke,nuke,1,0,0,0,5,0,0,0,1400,2000,422,1590
3384,1400,2000,1336,5,6,5,500,5.7,405,block,0,0,0,0,5,0,0,0,out-of-radius,0,0,0,0,0,1325,5,60,60,9,0,1230,1224,1638,1629,reinforcements_2,reinforcements_2,nuke,nuke,1,0,0,0,5,0,0,0,1400,2000,450,1560
3387,1400,2000,1336,5,7,5,500,5.7,405,watch,0,0,0,0,5,0,0,0,out-of-radius,0,0,0,0,0,1325,5,60,60,9,0,1230,1305,1638,1629,reinforcements_2,reinforcements_2,nuke,nuke,1,0,0,0,6,0,0,0,1400,2000,414,1690
3390,1300,2000,1396,5,7,5,0,0.0,405,watch,0,0,0,0,5,0,0,0,out-of-radius,0,0,0,0,0,1385,5,60,60,9,0,1230,1305,1719,1710,reinforcements_2,reinforcements_2,nuke,nuke,1,0,0,0,6,0,0,0,1300,2000,443,1708
3393,1300,2000,1396,5,7,5,0,0.0,405,watch,0,0,0,0,5,0,0,0,out-of-radius,0,0,0,0,0,1385,5,60,60,9,0,1230,1305,1719,1710,reinforcements_2,reinforcements_2,nuke,nuke,1,0,0,0,6,0,0,0,1300,2000,471,1708
3396,1300,2000,1396,5,7,5,0,0.0,405,watch,0,0,0,0,5,0,0,0,out-of-radius,0,0,0,0,0,1385,5,60,60,9,0,1230,1305,1719,1710,reinforcements_2,reinforcements_2,nuke,nuke,1,0,0,0,6,0,0,0,1300,2000,500,1708
3399,1300,2000,1396,5,7,5,0,0.0,405,watch,0,0,0,0,5,0,0,0,out-of-radius,0,0,0,0,0,1385,5,60,60,9,0,1230,1305,1719,1710,reinforcements_2,reinforcements_2,nuke,nuke,1,0,0,0,6,0,0,0,1300,2000,529,1708
3402,1300,2000,421,5,7,5,0,0.0,405,watch,0,0,0,0,5,0,0,0,out-of-radius,0,0,0,0,0,410,5,60,60,9,0,1230,1305,1719,1710,reinforcements_2,reinforcements_2,nuke,nuke,1,0,0,0,6,0,0,0,1300,2000,558,1708
3405,1300,2000,421,5,7,5,0,0.0,405,watch,0,0,0,0,5,0,0,0,out-of-radius,0,0,0,0,0,410,5,60,60,9,0,1230,1305,1719,1710,reinforcements_2,reinforcements_2,nuke,nuke,1,0,0,0,6,0,0,0,1300,2000,586,1708
3408,1300,2000,421,5,7,6,75,5.0,423,watch,0,0,0,1,5,0,0,0,out-of-radius,0,0,0,0,0,392,5,60,60,9,18,1230,1305,1719,1728,reinforcements_2,reinforcements_2,nuke,nuke,1,0,0,0,6,0,0,0,1300,2000,615,1736
3411,1300,2000,421,5,7,6,75,5.0,423,watch,0,0,0,1,5,0,0,0,out-of-radius,0,0,0,0,0,392,5,60,60,9,18,1230,1305,1719,1728,reinforcements_2,reinforcements_2,nuke,nuke,1,0,0,0,6,0,0,0,1300,2000,644,1729
3414,1300,2000,421,5,7,7,89,9.7,426,watch,1,0,0,1,5,0,0,0,out-of-radius,0,0,0,0,0,389,5,60,60,9,21,1230,1305,1719,1731,reinforcements_2,reinforcements_2,nuke,nuke,1,0,0,0,6,0,0,0,1300,2000,672,1745
3417,1300,2000,421,5,7,8,103,14.3,429,watch,2,0,0,1,5,0,0,0,out-of-radius,0,0,0,0,0,386,5,60,60,9,24,1230,1305,1719,1734,reinforcements_2,reinforcements_2,nuke,nuke,1,0,0,0,6,0,0,0,1300,2000,701,1756
3420,1300,2000,480,5,7,8,603,20.1,429,watch,2,0,0,1,5,0,0,0,out-of-radius,0,0,0,0,0,445,5,60,60,9,24,1230,1305,1719,1734,reinforcements_2,reinforcements_2,nuke,nuke,1,0,0,0,6,0,0,0,1300,2000,730,1740
3423,1300,2000,480,5,7,9,617,24.7,432,watch,3,0,0,1,5,0,0,0,out-of-radius,0,0,0,0,0,442,5,60,60,9,27,1230,1305,1719,1737,reinforcements_2,reinforcements_2,nuke,nuke,1,0,0,0,6,0,0,0,1300,2000,706,1732
3426,1300,2000,480,5,7,9,617,24.7,432,wait,3,0,0,1,5,0,0,0,out-of-radius,0,0,0,0,0,442,5,60,60,9,27,1230,1305,1719,1737,reinforcements_2,reinforcements_2,nuke,nuke,1,0,0,0,6,0,0,0,1300,2000,731,1704
3429,1300,2000,480,5,7,9,617,24.7,432,wait,3,0,0,1,5,0,0,0,out-of-radius,0,0,0,0,0,442,5,60,60,9,27,1230,1305,1719,1737,reinforcements_2,reinforcements_2,nuke,nuke,1,0,0,0,6,0,0,0,1300,2000,755,1676
3432,1300,2000,480,5,7,9,617,24.7,432,wait,3,0,0,1,5,0,0,0,out-of-radius,0,0,0,0,0,442,5,60,60,9,27,1230,1305,1719,1737,reinforcements_2,reinforcements_2,nuke,nuke,1,0,0,0,6,0,0,0,1300,2000,780,1648
3435,1300,2000,480,5,7,9,617,24.7,432,wait,3,0,0,1,5,0,0,0,out-of-radius,0,0,0,0,0,442,5,60,60,9,27,1230,1305,1719,1737,reinforcements_2,reinforcements_2,nuke,nuke,1,0,0,0,6,0,0,0,1300,2000,804,1620
3438,1300,2000,477,5,8,9,617,24.7,432,critical,3,0,0,1,5,0,0,0,out-of-radius,0,0,0,0,0,442,5,60,60,12,27,1230,1305,1722,1737,reinforcements_2,reinforcements_2,nuke,nuke,2,0,0,0,6,0,0,0,1300,2000,733,1592
3441,1300,2000,474,5,9,9,617,24.7,432,critical,3,0,0,1,5,0,0,0,out-of-radius,0,0,0,0,0,442,5,60,60,15,27,1230,1305,1722,1737,reinforcements_2,reinforcements_2,nuke,nuke,3,0,0,0,6,0,0,0,1300,2000,678,1564
3444,1300,2000,474,5,9,9,617,24.7,432,critical,3,0,0,1,5,0,0,0,out-of-radius,0,0,0,0,0,442,5,60,60,15,27,1230,1305,1725,1737,reinforcements_2,reinforcements_2,nuke,nuke,3,0,0,0,6,0,0,0,1300,2000,702,1536
3447,1300,2000,471,5,10,9,617,24.7,432,critical,3,0,0,1,5,0,0,0,out-of-radius,0,0,0,0,0,442,5,60,60,18,27,1230,1305,1728,1737,reinforcements_2,reinforcements_2,nuke,nuke,4,0,0,0,6,0,0,0,1300,2000,659,1508
3450,1300,2000,2031,5,10,9,617,24.7,432,critical,3,0,0,1,5,0,0,0,out-of-radius,0,0,0,0,0,2002,5,60,60,18,27,1230,1305,1728,1737,reinforcements_2,reinforcements_2,nuke,nuke,4,0,0,0,6,0,0,0,1300,2000,682,1480
3453,1300,2000,355,6,10,9,617,24.7,432,critical,3,0,0,1,5,0,0,0,out-of-radius,0,0,0,0,0,326,6,252,252,18,27,1230,1305,1728,1737,reinforcements_2,reinforcements_2,nuke,nuke,4,0,0,0,6,0,0,0,1300,2000,706,1452
3456,1300,2000,352,6,11,9,517,23.6,432,critical,3,0,0,1,5,0,0,0,out-of-radius,0,0,0,0,0,326,6,252,252,21,27,1230,1305,1728,1737,reinforcements_2,reinforcements_2,nuke,nuke,5,0,0,0,6,0,0,0,1300,2000,635,1465
3459,1300,2000,352,6,11,10,592,28.6,450,critical,3,0,0,2,5,0,0,0,out-of-radius,0,0,0,0,0,308,6,252,252,21,45,1230,1305,1731,1755,reinforcements_2,reinforcements_2,nuke,nuke,5,0,0,0,6,0,0,0,1300,2000,659,1483
3462,1300,2000,349,6,11,10,431,27.1,435,critical,4,0,0,1,5,0,0,0,out-of-radius,0,0,0,0,0,305,6,252,252,24,48,1233,1305,1734,1758,reinforcements_2,reinforcements_2,nuke,nuke,5,0,0,0,6,0,0,0,1300,2000,579,1566
3465,1300,2000,349,6,11,10,431,27.1,435,critical,4,0,0,1,5,0,0,0,out-of-radius,0,0,0,0,0,305,6,252,252,24,48,1233,1323,1734,1758,reinforcements_2,reinforcements_2,nuke,nuke,5,0,0,0,6,0,0,0,1300,2000,602,1545
3468,1300,2000,349,6,10,11,506,32.1,453,watch,4,0,0,2,5,0,0,0,out-of-radius,0,0,0,0,0,287,6,252,252,24,66,1314,1323,1734,1776,reinforcements_2,reinforcements_2,nuke,nuke,5,0,0,0,5,0,0,0,1300,2000,569,1556
3471,1300,2000,349,6,10,11,406,31.0,453,watch,4,0,0,2,5,0,0,0,out-of-radius,0,0,0,0,0,287,6,252,252,24,66,1314,1323,1734,1776,reinforcements_2,reinforcements_2,nuke,nuke,5,0,0,0,5,0,0,0,1300,2000,590,1567
3474,1300,2000,349,6,10,12,481,36.0,471,watch,4,0,0,3,5,0,0,0,out-of-radius,0,0,0,0,0,269,6,252,252,24,84,1314,1323,1734,1794,reinforcements_2,reinforcements_2,nuke,nuke,5,0,0,0,5,0,0,0,1300,2000,613,1573
3477,1300,2000,349,6,10,13,495,40.6,474,watch,5,0,0,3,5,0,0,0,out-of-radius,0,0,0,0,0,266,6,252,252,24,87,1314,1323,1734,1797,reinforcements_2,reinforcements_2,nuke,nuke,5,0,0,0,5,0,0,0,1300,2000,597,1578
3480,1300,2000,601,6,10,13,395,39.5,474,watch,5,0,0,3,5,0,0,0,out-of-radius,0,0,0,0,0,518,6,252,252,24,87,1314,1323,1734,1797,reinforcements_2,reinforcements_2,nuke,nuke,5,0,0,0,5,0,0,0,1300,2000,616,1584
3483,1300,2000,601,6,10,14,470,44.5,492,watch,5,0,0,4,5,0,0,0,out-of-radius,0,0,0,0,0,500,6,252,252,24,105,1314,1323,1734,1815,reinforcements_2,reinforcements_2,nuke,nuke,5,0,0,0,5,0,0,0,1300,2000,635,1587
3486,1300,2000,601,6,10,14,570,45.6,492,wait,5,0,0,4,5,0,0,0,out-of-radius,0,0,0,0,0,500,6,252,252,24,105,1314,1323,1734,1815,reinforcements_2,reinforcements_2,nuke,nuke,5,0,0,0,5,0,0,0,1300,2000,620,1565
3489,1300,2000,601,6,10,15,645,50.6,510,wait,5,0,0,5,5,0,0,0,out-of-radius,0,0,0,0,0,482,6,252,252,24,123,1314,1323,1734,1833,reinforcements_2,reinforcements_2,nuke,nuke,5,0,0,0,5,0,0,0,1300,2000,639,1564
3492,1300,2000,601,6,10,16,559,54.1,513,wait,6,0,0,5,5,0,0,0,out-of-radius,0,0,0,0,0,479,6,252,252,24,126,1314,1323,1734,1836,reinforcements_2,reinforcements_2,nuke,nuke,5,0,0,0,5,0,0,0,1300,2000,658,1586
3495,1300,2000,601,6,10,16,659,55.3,513,wait,6,0,0,5,5,0,0,0,out-of-radius,0,0,0,0,0,479,6,252,252,24,126,1314,1323,1734,1836,reinforcements_2,reinforcements_2,nuke,nuke,5,0,0,0,5,0,0,0,1300,2000,677,1563
3498,1300,2000,598,6,11,17,734,60.3,531,critical,6,0,0,6,5,0,0,0,out-of-radius,0,0,0,0,0,461,6,252,252,27,144,1314,1323,1737,1854,reinforcements_2,reinforcements_2,nuke,nuke,6,0,0,0,5,0,0,0,1300,2000,638,1559
3501,1300,2000,595,6,12,17,834,61.4,531,critical,6,0,0,6,5,0,0,0,out-of-radius,0,0,0,0,0,461,6,252,252,30,144,1314,1323,1737,1854,reinforcements_2,reinforcements_2,nuke,nuke,7,0,0,0,5,0,0,0,1300,2000,605,1535
3504,1300,2000,595,6,12,18,909,66.4,549,critical,6,0,0,7,5,0,0,0,out-of-radius,0,0,0,0,0,443,6,252,252,30,162,1314,1323,1740,1872,reinforcements_2,reinforcements_2,nuke,nuke,7,0,0,0,5,0,0,0,1300,2000,621,1531
3507,1300,2000,592,6,13,18,848,66.1,534,critical,7,0,0,6,5,0,0,0,out-of-radius,0,0,0,0,0,440,6,252,252,33,165,1314,1341,1743,1875,reinforcements_2,reinforcements_2,nuke,nuke,8,0,0,0,5,0,0,0,1300,2000,594,1540
3510,1300,2000,845,6,13,18,948,67.3,534,critical,7,0,0,6,5,0,0,0,out-of-radius,0,0,0,0,0,693,6,252,252,33,165,1314,1341,1743,1875,reinforcements_2,reinforcements_2,nuke,nuke,8,0,0,0,5,0,0,0,1300,2000,585,1518
3513,1300,2000,842,6,14,19,1023,72.3,552,critical,7,0,0,7,5,0,0,0,out-of-radius,0,0,0,0,0,675,6,252,252,36,183,1314,1341,1746,1893,reinforcements_2,reinforcements_2,nuke,nuke,9,0,0,0,5,0,0,0,1300,2000,564,1515
3516,1300,2000,839,6,15,19,1023,72.3,552,critical,7,0,0,7,5,0,0,0,out-of-radius,0,0,0,0,0,675,6,252,252,39,183,1314,1341,1746,1893,reinforcements_2,reinforcements_2,nuke,nuke,10,0,0,0,5,0,0,0,1300,2000,548,1493
3519,1300,2000,839,6,15,20,1037,76.9,555,critical,8,0,0,7,5,0,0,0,out-of-radius,0,0,0,0,0,672,6,252,252,39,186,1314,1341,1749,1896,reinforcements_2,reinforcements_2,nuke,nuke,10,0,0,0,5,0,0,0,1300,2000,568,1493
3522,1300,2000,836,6,16,21,1212,83.1,573,critical,8,0,0,8,5,0,0,0,out-of-radius,0,0,0,0,0,654,6,252,252,42,204,1314,1341,1752,1914,reinforcements_2,reinforcements_2,nuke,nuke,11,0,0,0,5,0,0,0,1300,2000,555,1492
3525,1300,2000,836,6,16,21,1212,83.1,573,critical,8,0,0,8,5,0,0,0,out-of-radius,0,0,0,0,0,654,6,252,252,42,204,1314,1341,1752,1914,reinforcements_2,reinforcements_2,nuke,nuke,11,0,0,0,5,0,0,0,1300,2000,575,1472
3528,1300,2000,833,6,17,22,1287,88.1,591,critical,8,0,0,9,5,0,0,0,out-of-radius,0,0,0,0,0,636,6,252,252,45,222,1314,1341,1755,1932,reinforcements_2,reinforcements_2,nuke,nuke,12,0,0,0,5,0,0,0,1300,2000,564,1471
3531,1300,2000,830,6,18,15,720,55.6,447,critical,5,0,0,6,4,0,0,0,out-of-radius,0,0,0,0,0,636,6,252,252,48,222,1314,1341,1755,1932,reinforcements_2,reinforcements_2,nuke,nuke,13,0,0,0,5,0,0,0,1300,2000,553,1576
3534,1300,2000,830,6,18,16,734,60.3,450,critical,6,0,0,6,4,0,0,0,out-of-radius,0,0,0,0,0,633,6,252,252,48,225,1314,1485,1758,1935,reinforcements_2,reinforcements_2,nuke,nuke,13,0,0,0,5,0,0,0,1300,2000,572,1572
3537,1300,2000,827,6,19,16,734,60.3,450,critical,6,0,0,6,4,0,0,0,out-of-radius,0,0,0,0,0,615,6,252,252,51,243,1314,1503,1761,1953,reinforcements_2,reinforcements_2,nuke,nuke,14,0,0,0,5,0,0,0,1300,2000,563,1585
3540,1300,2000,1079,6,19,16,734,60.3,450,critical,6,0,0,6,4,0,0,0,out-of-radius,0,0,0,0,0,867,6,252,252,51,243,1314,1503,1761,1953,reinforcements_2,reinforcements_2,nuke,nuke,14,0,0,0,5,0,0,0,1300,2000,582,1561
3543,1300,2000,1076,6,20,17,709,64.1,468,critical,6,0,0,7,4,0,0,0,out-of-radius,0,0,0,0,0,849,6,252,252,54,261,1314,1503,1764,1971,reinforcements_2,reinforcements_2,nuke,nuke,15,0,0,0,5,0,0,0,1300,2000,575,1577
3546,1300,2000,1073,6,21,17,709,64.1,468,critical,6,0,0,7,4,0,0,0,out-of-radius,0,0,0,0,0,849,6,252,252,57,261,1314,1503,1764,1971,reinforcements_2,reinforcements_2,nuke,nuke,16,0,0,0,5,0,0,0,1300,2000,568,1555
3549,1300,2000,1073,6,20,18,723,68.8,471,critical,7,0,0,7,4,0,0,0,out-of-radius,0,0,0,0,0,846,6,252,252,57,264,1395,1503,1767,1974,reinforcements_2,reinforcements_2,nuke,nuke,16,0,0,0,4,0,0,0,1300,2000,537,1553
3552,1300,2000,1070,6,21,19,798,73.8,489,critical,7,0,0,8,4,0,0,0,out-of-radius,0,0,0,0,0,828,6,252,252,60,282,1395,1503,1770,1992,reinforcements_2,reinforcements_2,nuke,nuke,17,0,0,0,4,0,0,0,1300,2000,533,1554
3555,1300,2000,1070,6,21,16,534,58.0,450,critical,6,0,0,6,4,0,0,0,out-of-radius,0,0,0,0,0,828,6,252,252,60,282,1395,1542,1770,1992,reinforcements_2,reinforcements_2,nuke,nuke,17,0,0,0,4,0,0,0,1300,2000,552,1602
3558,1300,2000,1067,6,22,17,609,63.0,468,critical,6,0,0,7,4,0,0,0,out-of-radius,0,0,0,0,0,810,6,252,252,63,300,1395,1542,1773,2010,reinforcements_2,reinforcements_2,nuke,nuke,18,0,0,0,4,0,0,0,1300,2000,548,1598
3561,1300,2000,1064,6,23,17,609,63.0,468,critical,6,0,0,7,4,0,0,0,out-of-radius,0,0,0,0,0,810,6,252,252,66,300,1395,1542,1773,2010,reinforcements_2,reinforcements_2,nuke,nuke,19,0,0,0,4,0,0,0,1300,2000,544,1577
3564,1300,2000,1064,6,23,18,623,67.7,471,critical,7,0,0,7,4,0,0,0,out-of-radius,0,0,0,0,0,807,6,252,252,66,303,1395,1542,1776,2013,reinforcements_2,reinforcements_2,nuke,nuke,19,0,0,0,4,0,0,0,1300,2000,562,1575
3567,1300,2000,1061,6,24,17,809,65.3,468,critical,6,0,0,7,4,0,0,0,out-of-radius,0,0,0,0,0,789,6,252,252,69,321,1395,1542,1779,2031,reinforcements_2,reinforcements_2,nuke,nuke,20,0,0,0,4,0,0,0,1300,2000,560,1601
3570,1300,2000,1314,6,24,17,809,65.3,468,critical,6,0,0,7,4,0,0,0,out-of-radius,0,0,0,0,0,1042,6,252,252,69,321,1395,1563,1779,2031,reinforcements_2,reinforcements_2,nuke,nuke,20,0,0,0,4,0,0,0,1300,2000,579,1576
3573,1300,2000,1311,6,25,18,823,70.0,471,critical,7,0,0,7,4,0,0,0,out-of-radius,0,0,0,0,0,1039,6,252,252,72,324,1395,1563,1782,2034,reinforcements_2,reinforcements_2,nuke,nuke,21,0,0,0,4,0,0,0,1300,2000,576,1571
3576,1300,2000,1308,6,26,18,923,71.1,471,critical,7,0,0,7,4,0,0,0,out-of-radius,0,0,0,0,0,1039,6,252,252,75,324,1395,1563,1782,2034,reinforcements_2,reinforcements_2,nuke,nuke,22,0,0,0,4,0,0,0,1300,2000,574,1548
3579,1300,2000,1308,6,26,16,834,61.4,450,critical,6,0,0,6,4,0,0,0,out-of-radius,0,0,0,0,0,1001,6,252,252,75,342,1395,1602,1785,2052,reinforcements_2,reinforcements_2,nuke,nuke_2,22,0,0,0,4,0,0,0,1300,2000,593,1587
3582,1300,2000,1305,6,27,17,909,66.4,468,critical,6,0,0,7,4,0,0,0,out-of-radius,0,0,0,0,0,983,6,252,252,78,360,1395,1602,1788,2070,reinforcements_2,reinforcements_2,nuke,nuke_2,23,0,0,0,4,0,0,0,1300,2000,592,1580
3585,1300,2000,1305,6,27,17,1009,67.6,468,critical,6,0,0,7,4,0,0,0,out-of-radius,0,0,0,0,0,983,6,252,252,78,360,1395,1602,1788,2070,reinforcements_2,reinforcements_2,nuke,nuke_2,23,0,0,0,4,0,0,0,1300,2000,611,1554
3588,1300,2000,1302,6,28,18,1023,72.3,471,critical,7,0,0,7,4,0,0,0,out-of-radius,0,0,0,0,0,980,6,252,252,81,363,1395,1602,1791,2073,reinforcements_2,reinforcements_2,nuke,nuke_2,24,0,0,0,4,0,0,0,1300,2000,610,1548
3591,1300,2000,1122,6,28,18,1023,72.3,471,critical,7,0,0,7,4,0,0,0,out-of-radius,0,0,0,0,0,980,6,252,252,81,363,1395,1602,1791,2073,reinforcements_2,reinforcements_2,nuke,nuke_2,24,0,0,0,4,0,0,0,1300,2000,630,1524
3594,1300,2000,1119,6,30,17,1034,63.7,531,critical,6,0,0,6,5,0,0,0,out-of-radius,0,0,0,0,0,782,6,252,252,84,381,1395,1620,1875,2172,reinforcements_2,reinforcements_2,nuke,nuke_2,25,0,0,0,5,0,0,0,1300,2000,610,1572
3597,1300,2000,1116,6,30,18,1109,68.7,549,critical,6,0,0,7,5,0,0,0,out-of-radius,0,0,0,0,0,764,6,252,252,87,399,1476,1641,1878,2190,reinforcements_2,reinforcements_2,nuke,nuke_2,26,0,0,0,4,0,0,0,1300,2000,589,1568
3600,1300,2000,1368,6,30,18,1109,68.7,549,critical,6,0,0,7,5,0,0,0,out-of-radius,0,0,0,0,0,1016,6,252,252,87,399,1476,1641,1878,2190,reinforcements_2,reinforcements_2,nuke,nuke_2,26,0,0,0,4,0,0,0,1300,2000,609,1544
3603,1300,2000,1365,6,32,20,1223,74.6,633,critical,7,0,0,7,6,0,0,0,out-of-radius,0,0,0,0,0,1013,6,252,252,90,402,1476,1641,1962,2274,reinforcements_2,reinforcements_2,nuke,nuke_2,27,0,0,0,5,0,0,0,1300,2000,593,1559
3606,1300,2000,1362,6,32,20,1223,74.6,633,critical,7,0,0,7,6,0,0,0,out-of-radius,0,0,0,0,0,1013,6,252,252,93,402,1476,1641,1962,2274,reinforcements_2,reinforcements_2,nuke,nuke_2,28,0,0,0,4,0,0,0,1300,2000,576,1537
3609,1300,2000,1362,6,32,21,1298,79.6,651,critical,7,0,0,8,6,0,0,0,out-of-radius,0,0,0,0,0,995,6,252,252,93,420,1557,1641,1965,2292,reinforcements_2,reinforcements_2,nuke,nuke_2,28,0,0,0,4,0,0,0,1300,2000,597,1530
3612,1300,2000,1359,6,34,23,1473,85.7,750,critical,7,0,0,9,7,0,0,0,out-of-radius,0,0,0,0,0,977,6,252,252,96,438,1557,1641,1968,2310,reinforcements_2,reinforcements_2,nuke,nuke_2,29,0,0,0,5,0,0,0,1300,2000,585,1543
3615,1300,2000,1359,6,34,16,920,57.9,450,critical,6,0,0,6,4,0,0,0,out-of-radius,0,0,0,0,0,977,6,252,252,96,438,1557,1641,2049,2391,reinforcements_2,reinforcements_2,nuke,nuke_2,29,0,0,0,5,0,0,0,1300,2000,601,1617
3618,1300,2000,1356,6,35,16,834,61.4,372,critical,7,0,0,6,3,0,0,0,out-of-radius,0,0,0,0,0,974,6,252,252,99,441,1557,1941,2052,2394,reinforcements_2,reinforcements_2,nuke,nuke_2,30,0,0,0,5,0,0,0,1300,2000,605,1625
3621,1300,2000,1353,6,35,16,834,61.4,372,critical,7,0,0,6,3,0,0,0,out-of-radius,0,0,0,0,0,974,6,252,252,102,441,1557,2022,2052,2394,reinforcements_2,reinforcements_2,nuke,nuke_2,30,0,0,0,5,0,0,0,1300,2000,590,1597
3624,1300,2000,1353,6,36,18,1009,67.6,471,critical,7,0,0,7,4,0,0,0,out-of-radius,0,0,0,0,0,956,6,252,252,102,459,1560,2022,2136,2493,reinforcements_2,reinforcements_2,nuke,nuke_2,30,0,0,0,6,0,0,0,1300,2000,595,1605
3627,1200,2000,1350,6,25,19,1084,72.6,489,critical,7,0,0,8,4,0,0,0,out-of-radius,0,0,0,0,0,938,6,252,252,105,477,1596,2022,2139,2511,reinforcements_2,reinforcements_2,nuke,nuke_2,19,0,0,0,6,0,0,0,1200,2000,446,1597
3630,1200,2000,1603,6,24,19,1084,72.6,489,critical,7,0,0,8,4,0,0,0,out-of-radius,0,0,0,0,0,1191,6,252,252,105,477,1599,2022,2139,2511,reinforcements_2,reinforcements_2,nuke,nuke_2,18,0,0,0,6,0,0,0,1200,2000,431,1573
3633,1200,2000,1600,6,26,21,1198,78.4,573,critical,8,0,0,8,5,0,0,0,out-of-radius,0,0,0,0,0,1188,6,252,252,108,480,1599,2022,2223,2595,reinforcements_2,reinforcements_2,nuke,nuke_2,19,0,0,0,7,0,0,0,1200,2000,421,1581
3636,1200,2000,1597,6,27,21,1198,78.4,573,critical,8,0,0,8,5,0,0,0,out-of-radius,0,0,0,0,0,1188,6,252,252,111,480,1599,2022,2223,2595,reinforcements_2,reinforcements_2,nuke,nuke_2,20,0,0,0,7,0,0,0,1200,2000,428,1558
3639,1200,2000,1597,6,27,22,1273,83.4,591,critical,8,0,0,9,5,0,0,0,out-of-radius,0,0,0,0,0,1170,6,252,252,111,498,1599,2022,2226,2613,reinforcements_2,reinforcements_2,nuke,nuke_2,20,0,0,0,7,0,0,0,1200,2000,449,1550
3642,1200,2000,1594,6,28,17,959,58.7,516,critical,7,0,0,5,5,0,0,0,out-of-radius,0,0,0,0,0,1167,6,252,252,114,501,1599,2022,2229,2616,reinforcements_2,reinforcements_2,nuke,nuke_2,21,0,0,0,7,0,0,0,1200,2000,455,1615
3645,1200,2000,1594,6,28,17,973,63.4,516,critical,7,0,0,5,5,0,0,0,out-of-radius,0,0,0,0,0,1167,6,252,252,114,501,1599,2100,2229,2616,reinforcements_2,reinforcements_2,nuke,nuke_2,21,0,0,0,7,0,0,0,1200,2000,476,1587
3648,1200,2000,1591,6,29,18,1048,68.4,534,critical,7,0,0,6,5,0,0,0,out-of-radius,0,0,0,0,0,1149,6,252,252,117,519,1599,2100,2232,2634,reinforcements_2,reinforcements_2,nuke,nuke_2,22,0,0,0,7,0,0,0,1200,2000,482,1576
3651,1200,2000,1588,6,29,18,1048,68.4,534,critical,7,0,0,6,5,0,0,0,out-of-radius,0,0,0,0,0,1149,6,252,252,120,519,1680,2100,2232,2634,reinforcements_2,reinforcements_2,nuke,nuke_2,23,0,0,0,6,0,0,0,1200,2000,462,1550
3654,1200,2000,1588,6,29,19,1123,73.4,552,critical,7,0,0,7,5,0,0,0,out-of-radius,0,0,0,0,0,1131,6,252,252,120,537,1680,2100,2235,2652,reinforcements_2,reinforcements_2,nuke,nuke_2,23,0,0,0,6,0,0,0,1200,2000,483,1543
3657,1200,2000,1585,6,30,18,948,67.3,534,critical,7,0,0,6,5,0,0,0,out-of-radius,0,0,0,0,0,1128,6,252,252,123,540,1680,2121,2238,2655,reinforcements_2,reinforcements_2,nuke,nuke_2,24,0,0,0,6,0,0,0,1200,2000,490,1579
3660,1200,2000,1837,6,30,18,948,67.3,534,critical,7,0,0,6,5,0,0,0,out-of-radius,0,0,0,0,0,1380,6,252,252,123,540,1680,2121,2238,2655,reinforcements_2,reinforcements_2,nuke,nuke_2,24,0,0,0,6,0,0,0,1200,2000,512,1555
3663,1200,2000,1834,6,31,19,1023,72.3,552,critical,7,0,0,7,5,0,0,0,out-of-radius,0,0,0,0,0,1362,6,252,252,126,558,1680,2121,2241,2673,reinforcements_2,reinforcements_2,nuke,nuke_2,25,0,0,0,6,0,0,0,1200,2000,519,1549
3666,1200,2000,1831,6,31,19,1023,72.3,552,critical,7,0,0,7,5,0,0,0,out-of-radius,0,0,0,0,0,1362,6,252,252,129,558,1680,2121,2241,2673,reinforcements_2,reinforcements_2,nuke,nuke_2,26,0,0,0,5,0,0,0,1200,2000,501,1527
3669,1200,2000,1831,6,31,20,1037,76.9,555,critical,8,0,0,7,5,0,0,0,out-of-radius,0,0,0,0,0,1359,6,252,252,129,561,1761,2121,2244,2676,reinforcements_2,reinforcements_2,nuke,nuke_2,26,0,0,0,5,0,0,0,1200,2000,524,1517
3672,1200,2000,1828,6,32,21,1051,81.6,558,critical,9,0,0,7,5,0,0,0,out-of-radius,0,0,0,0,0,1356,6,252,252,132,564,1761,2121,2247,2679,reinforcements_2,reinforcements_2,nuke,nuke_2,27,0,0,0,5,0,0,0,1200,2000,531,1509
3675,1200,2000,1828,6,32,21,1051,81.6,558,critical,9,0,0,7,5,0,0,0,out-of-radius,0,0,0,0,0,1356,6,252,252,132,564,1761,2121,2247,2679,reinforcements_2,reinforcements_2,nuke,nuke_2,27,0,0,0,5,0,0,0,1200,2000,553,1481
3678,1200,2000,1825,6,33,22,1065,86.3,561,critical,10,0,0,7,5,0,0,0,out-of-radius,0,0,0,0,0,1353,6,252,252,135,567,1761,2121,2250,2682,reinforcements_2,reinforcements_2,nuke,nuke_2,28,0,0,0,5,0,0,0,1200,2000,560,1473
3681,1200,2000,1822,6,34,22,1065,86.3,561,critical,10,0,0,7,5,0,0,0,out-of-radius,0,0,0,0,0,1353,6,252,252,138,567,1761,2121,2250,2682,reinforcements_2,reinforcements_2,nuke,nuke_2,29,0,0,0,5,0,0,0,1200,2000,567,1445
3684,1200,2000,1822,6,34,23,1140,91.3,579,critical,10,0,0,8,5,0,0,0,out-of-radius,0,0,0,0,0,1335,6,252,252,138,585,1761,2121,2253,2700,reinforcements_2,reinforcements_2,nuke,nuke_2,29,0,0,0,5,0,0,0,1200,2000,589,1437
3687,1200,2000,1819,6,34,24,1254,97.1,582,critical,11,0,0,8,5,0,0,0,out-of-radius,0,0,0,0,0,1332,6,252,252,141,588,1764,2121,2256,2703,reinforcements_2,reinforcements_2,nuke,nuke_2,29,0,0,0,5,0,0,0,1200,2000,582,1430
3690,1200,2000,2072,6,33,24,1254,97.1,582,critical,11,0,0,8,5,0,0,0,out-of-radius,0,0,0,0,0,1585,6,252,252,141,588,1764,2121,2256,2703,reinforcements_2,reinforcements_2,nuke,nuke_2,28,0,0,0,5,0,0,0,1200,2000,590,1405
3693,1200,2000,2069,6,33,23,1118,91.7,549,critical,12,0,0,6,5,0,0,0,out-of-radius,0,0,0,0,0,1582,6,252,252,144,591,1767,2157,2259,2706,reinforcements_2,reinforcements_2,nuke,nuke_2,28,0,0,0,5,0,0,0,1200,2000,571,1430
3696,1200,2000,2066,6,33,23,1118,91.7,549,critical,12,0,0,6,5,0,0,0,out-of-radius,0,0,0,0,0,1582,6,252,252,147,591,1770,2157,2259,2706,reinforcements_2,reinforcements_2,nuke,nuke_2,28,0,0,0,5,0,0,0,1200,2000,563,1404
3699,1200,2000,2066,6,33,23,857,89.1,534,critical,13,0,0,5,5,0,0,0,out-of-radius,0,0,0,0,0,1579,6,252,252,147,594,1773,2175,2262,2709,reinforcements_2,reinforcements_2,nuke,nuke_2,28,0,0,0,5,0,0,0,1200,2000,584,1445
3702,1200,2000,2063,6,33,24,932,94.1,552,critical,13,0,0,6,5,0,0,0,out-of-radius,0,0,0,0,0,1561,6,252,252,150,612,1773,2175,2265,2727,reinforcements_2,reinforcements_2,nuke,nuke_2,28,0,0,0,5,0,0,0,1200,2000,575,1441
3705,1200,2000,2063,6,33,24,932,94.1,552,critical,13,0,0,6,5,0,0,0,out-of-radius,0,0,0,0,0,1561,6,252,252,150,612,1776,2175,2265,2727,reinforcements_2,reinforcements_2,nuke,nuke_2,28,0,0,0,5,0,0,0,1200,2000,595,1418
3708,1200,2000,2060,6,33,24,871,93.8,537,critical,14,0,0,5,5,0,0,0,out-of-radius,0,0,0,0,0,1558,6,252,252,153,615,1779,2175,2268,2730,reinforcements_2,reinforcements_2,nuke,nuke_2,28,0,0,0,5,0,0,0,1200,2000,585,1431
3711,1200,2000,2057,6,34,24,843,84.4,537,critical,14,0,0,5,5,0,0,0,out-of-radius,0,0,0,0,0,1558,6,252,252,156,615,1779,2193,2268,2730,reinforcements_2,reinforcements_2,nuke,nuke_2,29,0,0,0,5,0,0,0,1200,2000,579,1422
3714,1200,2000,2057,6,34,25,857,89.1,540,critical,15,0,0,5,5,0,0,0,out-of-radius,0,0,0,0,0,1555,6,252,252,156,618,1779,2193,2271,2733,reinforcements_2,reinforcements_2,nuke,nuke_2,29,0,0,0,5,0,0,0,1200,2000,598,1421
3717,1200,2000,2054,6,34,26,871,93.8,543,critical,16,0,0,5,5,0,0,0,out-of-radius,0,0,0,0,0,1552,6,252,252,159,621,1779,2193,2274,2736,reinforcements_2,reinforcements_2,nuke,nuke_2,29,0,0,0,5,0,0,0,1200,2000,588,1422
3720,1200,2000,2306,6,34,24,521,81.5,507,critical,16,0,0,3,5,0,0,0,out-of-radius,0,0,0,0,0,1804,6,252,252,159,621,1782,2229,2274,2736,reinforcements_2,reinforcements_2,nuke,nuke_2,29,0,0,0,5,0,0,0,1200,2000,606,1463
3723,1200,2000,2303,6,35,25,582,81.8,525,critical,16,0,0,4,5,0,0,0,out-of-radius,0,0,0,0,0,1786,6,252,252,162,639,1782,2229,2277,2754,reinforcements_2,reinforcements_2,nuke,nuke_2,30,0,0,0,5,0,0,0,1200,2000,603,1468
3726,1200,2000,2300,6,35,25,582,81.8,525,critical,16,0,0,4,5,0,0,0,out-of-radius,0,0,0,0,0,1786,6,252,252,165,639,1782,2229,2277,2754,reinforcements_2,reinforcements_2,nuke,nuke_2,30,0,0,0,5,0,0,0,1200,2000,594,1451
3729,1200,2000,2300,6,35,25,521,81.5,510,critical,17,0,0,3,5,0,0,0,out-of-radius,0,0,0,0,0,1783,6,252,252,165,642,1785,2247,2280,2757,reinforcements_2,reinforcements_2,nuke,nuke_2,30,0,0,0,5,0,0,0,1200,2000,612,1466
3732,1200,2000,2297,6,36,26,735,88.4,513,critical,18,0,0,3,5,0,0,0,out-of-radius,0,0,0,0,0,1780,6,252,252,168,645,1785,2247,2283,2760,reinforcements_2,reinforcements_2,nuke,nuke_2,31,0,0,0,5,0,0,0,1200,2000,615,1463
3735,1200,2000,2297,6,36,25,721,83.8,510,critical,17,0,0,3,5,0,0,0,out-of-radius,0,0,0,0,0,1780,6,252,252,168,645,1785,2247,2283,2760,reinforcements_2,reinforcements_2,nuke,nuke_2,31,0,0,0,5,0,0,0,1200,2000,633,1458
3738,1200,2000,2294,6,37,26,796,88.8,528,critical,17,0,0,4,5,0,0,0,out-of-radius,0,0,0,0,0,1762,6,252,252,171,663,1785,2250,2286,2778,reinforcements_2,reinforcements_2,nuke,nuke_2,32,0,0,0,5,0,0,0,1200,2000,636,1455
3741,1200,2000,2291,6,38,26,824,98.1,528,critical,17,0,0,4,5,0,0,0,out-of-radius,0,0,0,0,0,1762,6,252,252,174,663,1785,2250,2286,2778,reinforcements_2,reinforcements_2,nuke,nuke_2,33,0,0,0,5,0,0,0,1200,2000,630,1435
3744,1200,2000,2291,6,38,27,838,102.8,531,critical,18,0,0,4,5,0,0,0,out-of-radius,0,0,0,0,0,1759,6,252,252,174,666,1785,2250,2289,2781,reinforcements_2,reinforcements_2,nuke,nuke_2,33,0,0,0,5,0,0,0,1200,2000,648,1433
3747,1200,2000,2288,6,39,28,852,107.4,534,critical,19,0,0,4,5,0,0,0,out-of-radius,0,0,0,0,0,1756,6,252,252,177,669,1785,2250,2292,2784,reinforcements_2,reinforcements_2,nuke,nuke_2,34,0,0,0,5,0,0,0,1200,2000,650,1431
3750,1200,2000,2541,6,37,28,1052,109.7,534,critical,19,0,0,4,5,0,0,0,out-of-radius,0,0,0,0,0,2009,6,252,252,177,669,1791,2250,2292,2784,reinforcements_2,reinforcements_2,nuke,nuke_2,32,0,0,0,5,0,0,0,1200,2000,646,1412
3753,1200,2000,2538,6,38,29,1066,114.4,537,critical,20,0,0,4,5,0,0,0,out-of-radius,0,0,0,0,0,2006,6,252,252,180,672,1791,2250,2295,2787,reinforcements_2,reinforcements_2,nuke,nuke_2,33,0,0,0,5,0,0,0,1200,2000,650,1410
3756,1200,2000,2535,6,37,28,905,112.9,519,critical,20,0,0,3,5,0,0,0,out-of-radius,0,0,0,0,0,2006,6,252,252,183,672,1797,2268,2295,2787,reinforcements_2,reinforcements_2,nuke,nuke_2,32,0,0,0,5,0,0,0,1200,2000,629,1413
3759,1200,2000,2535,6,37,29,980,117.9,537,critical,20,0,0,4,5,0,0,0,out-of-radius,0,0,0,0,0,1988,6,252,252,183,690,1797,2268,2298,2805,reinforcements_2,reinforcements_2,nuke,nuke_2,32,0,0,0,5,0,0,0,1200,2000,649,1410
3762,1200,2000,2532,6,38,29,966,113.3,537,critical,20,0,0,4,5,0,0,0,out-of-radius,0,0,0,0,0,1985,6,252,252,186,693,1797,2271,2301,2808,reinforcements_2,reinforcements_2,nuke,nuke_2,33,0,0,0,5,0,0,0,1200,2000,651,1423
3765,1200,2000,2532,6,38,26,663,96.6,513,critical,18,0,0,3,5,0,0,0,out-of-radius,0,0,0,0,0,1985,6,252,252,186,693,1797,2271,2301,2808,reinforcements_2,reinforcements_2,nuke,nuke_2,33,0,0,0,5,0,0,0,1200,2000,661,1463
3768,1200,2000,2529,6,39,27,663,96.6,516,critical,19,0,0,3,5,0,0,0,out-of-radius,0,0,0,0,0,1982,6,252,252,189,696,1797,2295,2304,2811,reinforcements_2,reinforcements_2,nuke,nuke_2,34,0,0,0,5,0,0,0,1200,2000,655,1466
3771,1200,2000,2526,6,40,27,663,96.6,516,critical,19,0,0,3,5,0,0,0,out-of-radius,0,0,0,0,0,1982,6,252,252,192,696,1797,2295,2304,2811,reinforcements_2,reinforcements_2,nuke,nuke_2,35,0,0,0,5,0,0,0,1200,2000,657,1447
3774,1200,2000,2526,6,40,28,677,101.3,519,critical,20,0,0,3,5,0,0,0,out-of-radius,0,0,0,0,0,1979,6,252,252,192,699,1797,2295,2307,2814,reinforcements_2,reinforcements_2,nuke,nuke_2,35,0,0,0,5,0,0,0,1200,2000,670,1444
3777,1200,2000,2523,6,41,28,724,97.0,534,critical,19,0,0,4,5,0,0,0,out-of-radius,0,0,0,0,0,1961,6,252,252,195,717,1797,2298,2310,2832,reinforcements_2,reinforcements_2,nuke,nuke_2,36,0,0,0,5,0,0,0,1200,2000,634,1458
3780,1200,2000,2775,6,41,28,724,97.0,534,critical,19,0,0,4,5,0,0,0,out-of-radius,0,0,0,0,0,2213,6,252,252,195,717,1797,2298,2310,2832,reinforcements_2,reinforcements_2,nuke,nuke_2,36,0,0,0,5,0,0,0,1200,2000,651,1441
3783,1200,2000,2772,6,41,29,724,97.0,537,critical,20,0,0,4,5,0,0,0,out-of-radius,0,0,0,0,0,2210,6,252,252,198,720,1800,2298,2313,2835,reinforcements_2,reinforcements_2,nuke,nuke_2,36,0,0,0,5,0,0,0,1200,2000,642,1445
3786,1200,2000,2769,6,42,29,824,98.1,537,critical,20,0,0,4,5,0,0,0,out-of-radius,0,0,0,0,0,2210,6,252,252,201,720,1800,2298,2313,2835,reinforcements_2,reinforcements_2,nuke,nuke_2,37,0,0,0,5,0,0,0,1200,2000,644,1429
3789,1200,2000,2769,6,40,30,824,98.1,540,critical,21,0,0,4,5,0,0,0,out-of-radius,0,0,0,0,0,2207,6,252,252,201,723,1806,2298,2316,2838,reinforcements_2,reinforcements_2,nuke,nuke_2,35,0,0,0,5,0,0,0,1200,2000,639,1433
3792,1200,2000,2766,6,41,31,838,102.8,543,critical,22,0,0,4,5,0,0,0,out-of-radius,0,0,0,0,0,2204,6,252,252,204,726,1806,2298,2319,2841,reinforcements_2,reinforcements_2,nuke,nuke_2,36,0,0,0,5,0,0,0,1200,2000,641,1433
3795,1200,2000,2766,6,38,30,777,102.4,525,critical,22,0,0,3,5,0,0,0,out-of-radius,0,0,0,0,0,2204,6,252,252,204,726,1806,2298,2319,2841,reinforcements_2,reinforcements_2,nuke,nuke_2,33,0,0,0,5,0,0,0,1200,2000,624,1448
3798,1200,2000,2763,6,39,31,852,107.4,543,critical,22,0,0,4,5,0,0,0,out-of-radius,0,0,0,0,0,2186,6,252,252,207,744,1815,2316,2322,2859,reinforcements_2,reinforcements_2,nuke,nuke_2,34,0,0,0,5,0,0,0,1200,2000,626,1445
3801,1200,2000,2760,6,40,31,866,112.1,543,critical,22,0,0,4,5,0,0,0,out-of-radius,0,0,0,0,0,2186,6,252,252,210,744,1815,2316,2322,2859,reinforcements_2,reinforcements_2,nuke,nuke_2,35,0,0,0,5,0,0,0,1200,2000,629,1426
3804,1200,2000,2760,6,37,32,852,107.4,546,critical,23,0,0,4,5,0,0,0,out-of-radius,0,0,0,0,0,2183,6,252,252,210,747,1896,2316,2325,2862,reinforcements_2,reinforcements_2,nuke,nuke_2,33,0,0,0,4,0,0,0,1200,2000,612,1432
3807,1200,2000,2757,6,38,33,866,112.1,549,critical,24,0,0,4,5,0,0,0,out-of-radius,0,0,0,0,0,2180,6,252,252,213,750,1902,2316,2328,2865,reinforcements_2,reinforcements_2,nuke,nuke_2,34,0,0,0,4,0,0,0,1200,2000,615,1428
3810,1200,2000,3010,6,38,32,791,107.1,531,critical,24,0,0,3,5,0,0,0,out-of-radius,0,0,0,0,0,2433,6,252,252,213,750,1902,2316,2328,2865,reinforcements_2,reinforcements_2,nuke,nuke_2,34,0,0,0,4,0,0,0,1200,2000,634,1423
3813,1200,2000,3007,6,39,33,866,112.1,549,critical,24,0,0,4,5,0,0,0,out-of-radius,0,0,0,0,0,2415,6,252,252,216,768,1902,2334,2331,2883,reinforcements_2,reinforcements_2,nuke,nuke_2,35,0,0,0,4,0,0,0,1200,2000,640,1419
3816,1200,2000,3004,6,40,33,866,112.1,549,critical,24,0,0,4,5,0,0,0,out-of-radius,0,0,0,0,0,2415,6,252,252,219,768,1902,2334,2331,2883,reinforcements_2,reinforcements_2,nuke,nuke_2,36,0,0,0,4,0,0,0,1200,2000,645,1405
3819,1200,2000,3004,6,38,32,852,107.4,546,critical,23,0,0,4,5,0,0,0,out-of-radius,0,0,0,0,0,2397,6,252,252,219,786,1902,2355,2334,2901,reinforcements_2,reinforcements_2,nuke,nuke_2,34,0,0,0,4,0,0,0,1200,2000,642,1418
3822,1200,2000,3001,6,39,33,880,116.8,549,critical,24,0,0,4,5,0,0,0,out-of-radius,0,0,0,0,0,2394,6,252,252,222,789,1908,2355,2337,2904,reinforcements_2,reinforcements_2,nuke,nuke_2,35,0,0,0,4,0,0,0,1200,2000,647,1415
3825,1200,2000,3001,6,39,33,1066,114.4,549,critical,24,0,0,4,5,0,0,0,out-of-radius,0,0,0,0,0,2394,6,252,252,222,789,1908,2355,2337,2904,reinforcements_2,reinforcements_2,nuke,nuke_2,35,0,0,0,4,0,0,0,1200,2000,663,1402
3828,1200,2000,2998,6,40,33,1052,109.7,549,critical,24,0,0,4,5,0,0,0,out-of-radius,0,0,0,0,0,2391,6,252,252,225,792,1908,2355,2340,2907,reinforcements_2,reinforcements_2,nuke,nuke_2,36,0,0,0,4,0,0,0,1200,2000,667,1414
3831,1200,2000,2995,6,38,33,1052,109.7,549,critical,24,0,0,4,5,0,0,0,out-of-radius,0,0,0,0,0,2391,6,252,252,228,792,1995,2358,2340,2907,reinforcements_2,reinforcements_2,nuke,nuke_2,35,0,0,0,3,0,0,0,1200,2000,636,1396
3834,1200,2000,2995,6,38,34,1066,114.4,552,critical,25,0,0,4,5,0,0,0,out-of-radius,0,0,0,0,0,2388,6,252,252,228,795,1995,2358,2343,2910,reinforcements_2,reinforcements_2,nuke,nuke_2,35,0,0,0,3,0,0,0,1200,2000,656,1393
3837,1200,2000,2812,6,39,34,1166,115.6,630,critical,24,0,0,4,6,0,0,0,out-of-radius,0,0,0,0,0,2208,6,252,252,231,795,1998,2358,2343,2910,reinforcements_2,reinforcements_2,nuke,nuke_2,35,0,0,0,4,0,0,0,1200,2000,624,1403
3840,1200,2000,3064,6,39,35,1255,125.2,648,critical,24,0,0,5,6,0,0,0,out-of-radius,0,0,0,0,0,2442,6,252,252,231,813,1998,2361,2427,3009,reinforcements_2,reinforcements_2,nuke,nuke_2,35,0,0,0,4,0,0,0,1200,2000,635,1400
3843,1200,2000,3061,6,40,35,1241,120.6,648,critical,24,0,0,5,6,0,0,0,out-of-radius,0,0,0,0,0,2439,6,252,252,234,816,1998,2364,2430,3012,reinforcements_2,reinforcements_2,nuke,nuke_2,36,0,0,0,4,0,0,0,1200,2000,635,1408
3846,1200,2000,3058,6,41,33,852,107.4,627,critical,23,0,0,4,6,0,0,0,out-of-radius,0,0,0,0,0,2439,6,252,252,237,816,1998,2385,2430,3012,reinforcements_2,reinforcements_2,nuke,nuke_2,37,0,0,0,4,0,0,0,1200,2000,639,1437
3849,1200,2000,3058,6,42,35,952,108.6,711,critical,24,0,0,4,7,0,0,0,out-of-radius,0,0,0,0,0,2436,6,252,252,237,819,1998,2385,2514,3096,reinforcements_2,reinforcements_2,nuke,nuke_2,37,0,0,0,5,0,0,0,1200,2000,639,1449
3852,1200,2000,3055,6,43,36,980,117.9,714,critical,25,0,0,4,7,0,0,0,out-of-radius,0,0,0,0,0,2433,6,252,252,240,822,1998,2385,2517,3099,reinforcements_2,reinforcements_2,nuke,nuke_2,38,0,0,0,5,0,0,0,1200,2000,637,1444
3855,1200,2000,3055,6,43,36,994,122.6,714,critical,25,0,0,4,7,0,0,0,out-of-radius,0,0,0,0,0,2433,6,252,252,240,822,1998,2385,2517,3099,reinforcements_2,reinforcements_2,nuke,nuke_2,38,0,0,0,5,0,0,0,1200,2000,654,1427
3858,1200,2000,2077,6,45,38,1169,128.7,813,critical,25,0,0,5,8,0,0,0,out-of-radius,0,0,0,0,0,1440,6,252,252,243,840,1998,2385,2601,3198,reinforcements_2,reinforcements_2,nuke,nuke_2,39,0,0,0,6,0,0,0,1200,2000,638,1438
3861,1200,2000,2074,6,46,38,1183,133.4,813,critical,25,0,0,5,8,0,0,0,out-of-radius,0,0,0,0,0,1440,6,252,252,246,840,1998,2385,2601,3198,reinforcements_2,reinforcements_2,nuke,nuke_2,40,0,0,0,6,0,0,0,1200,2000,643,1422
3864,1200,2000,2074,6,46,39,1258,138.4,831,critical,25,0,0,6,8,0,0,0,out-of-radius,0,0,0,0,0,1422,6,252,252,246,858,1998,2385,2604,3216,reinforcements_2,reinforcements_2,nuke,nuke_2,40,0,0,0,6,0,0,0,1200,2000,661,1418
3867,1200,2000,2071,6,47,39,1344,134.9,909,critical,24,0,0,6,9,0,0,0,out-of-radius,0,0,0,0,0,1419,6,252,252,249,861,2079,2391,2607,3219,reinforcements_2,reinforcements_2,nuke,nuke_2,41,0,0,0,6,0,0,0,1200,2000,630,1436
3870,1200,2000,2324,6,46,39,1330,130.2,909,critical,24,0,0,6,9,0,0,0,out-of-radius,0,0,0,0,0,1672,6,252,252,249,861,2082,2391,2688,3300,reinforcements_2,reinforcements_2,nuke,nuke_2,40,0,0,0,6,0,0,0,1200,2000,639,1424
3873,1200,2000,2321,6,46,40,1377,125.9,927,critical,24,0,0,7,9,0,0,0,out-of-radius,0,0,0,0,0,1654,6,252,252,252,879,2085,2391,2691,3318,reinforcements_2,reinforcements_2,nuke,nuke_2,40,0,0,0,6,0,0,0,1200,2000,635,1425
3876,1200,2000,2318,6,45,40,1691,134.0,927,critical,24,0,0,7,9,0,0,0,out-of-radius,0,0,0,0,0,1654,6,252,252,255,879,2091,2391,2691,3318,reinforcements_2,reinforcements_2,nuke,nuke_2,39,0,0,0,6,0,0,0,1200,2000,622,1405
3879,1200,2000,2318,6,45,40,1655,129.8,975,critical,25,0,0,5,10,0,0,0,out-of-radius,0,0,0,0,0,1651,6,252,252,255,882,2094,2427,2775,3402,reinforcements_2,reinforcements_2,nuke,nuke_2,38,0,0,0,7,0,0,0,1200,2000,617,1424
3882,1200,2000,2315,6,46,41,1655,129.8,978,critical,26,0,0,5,10,0,0,0,out-of-radius,0,0,0,0,0,1648,6,252,252,258,885,2094,2427,2778,3405,reinforcements_2,reinforcements_2,nuke,nuke_2,39,0,0,0,7,0,0,0,1200,2000,621,1424
3885,1200,2000,2315,6,42,41,1655,129.8,978,critical,26,0,0,5,10,0,0,0,out-of-radius,0,0,0,0,0,1648,6,252,252,258,885,2175,2427,2778,3405,reinforcements_2,reinforcements_2,nuke,nuke_2,36,0,0,0,6,0,0,0,1200,2000,583,1403
3888,1200,2000,2312,6,43,42,1669,134.5,981,critical,27,0,0,5,10,0,0,0,out-of-radius,0,0,0,0,0,1645,6,252,252,261,888,2184,2427,2781,3408,reinforcements_2,reinforcements_2,nuke,nuke_2,37,0,0,0,6,0,0,0,1200,2000,590,1394
3891,1200,2000,2309,6,44,42,1669,134.5,981,critical,27,0,0,5,10,0,0,0,out-of-radius,0,0,0,0,0,1645,6,252,252,264,888,2184,2427,2781,3408,reinforcements_2,reinforcements_2,nuke,nuke_2,38,0,0,0,6,0,0,0,1200,2000,589,1375
3894,1200,2000,2309,6,42,43,1744,139.5,999,critical,27,0,0,6,10,0,0,0,out-of-radius,0,0,0,0,0,1627,6,252,252,264,906,2190,2427,2784,3426,reinforcements_2,reinforcements_2,nuke,nuke_2,36,0,0,0,6,0,0,0,1200,2000,587,1368
3897,1200,2000,2306,6,43,44,1758,144.2,1002,critical,28,0,0,6,10,0,0,0,out-of-radius,0,0,0,0,0,1624,6,252,252,267,909,2190,2427,2787,3429,reinforcements_2,reinforcements_2,nuke,nuke_2,37,0,0,0,6,0,0,0,1200,2000,588,1360
3900,1200,2000,2558,6,41,43,1758,144.2,999,critical,27,0,0,6,10,0,0,0,out-of-radius,0,0,0,0,0,1876,6,252,252,267,909,2196,2430,2787,3429,reinforcements_2,reinforcements_2,nuke,nuke_2,35,0,0,0,6,0,0,0,1200,2000,586,1353
3903,1200,2000,2555,6,41,44,1772,148.8,1002,critical,28,0,0,6,10,0,0,0,out-of-radius,0,0,0,0,0,1873,6,252,252,270,912,2199,2430,2790,3432,reinforcements_2,reinforcements_2,nuke,nuke_2,35,0,0,0,6,0,0,0,1200,2000,582,1345
3906,9600,12000,4035,6,40,44,1800,158.2,1002,critical,28,0,0,6,10,0,0,0,out-of-radius,0,0,0,0,0,3373,6,252,252,270,912,2199,2430,2790,3432,reinforcements_2,reinforcements_2,nuke,nuke_2,34,0,0,0,6,0,0,0,1200,2000,591,1325
3909,9600,12000,4035,6,39,45,1847,153.8,1020,critical,28,0,0,7,10,0,0,0,out-of-radius,0,0,0,0,0,3355,6,252,252,270,930,2202,2430,2790,3450,reinforcements_2,reinforcements_2,nuke,nuke_2,33,0,0,0,6,0,0,0,1200,2000,601,1323
3912,9600,12000,4035,6,38,46,1833,149.2,1023,wait,29,0,0,7,10,0,0,0,out-of-radius,0,0,0,0,0,3352,6,252,252,270,933,2208,2430,2790,3453,reinforcements_2,reinforcements_2,nuke,nuke_2,32,0,0,0,6,0,0,0,1200,2000,610,1322
3915,9600,12000,4035,6,37,46,1847,153.8,1023,wait,29,0,0,7,10,0,0,0,out-of-radius,0,0,0,0,0,3352,6,252,252,270,933,2211,2430,2790,3453,reinforcements_2,reinforcements_2,nuke,nuke_2,31,0,0,0,6,0,0,0,1200,2000,620,1305
3918,9600,12000,4035,6,36,47,1861,158.5,1026,wait,30,0,0,7,10,0,0,0,out-of-radius,0,0,0,0,0,3349,6,252,252,270,936,2214,2430,2790,3456,reinforcements_2,reinforcements_2,nuke,nuke_2,30,0,0,0,6,0,0,0,1200,2000,622,1298
3921,9600,12000,4035,6,34,45,1758,144.2,1005,wait,29,0,0,6,10,0,0,0,out-of-radius,0,0,0,0,0,3349,6,252,252,270,936,2214,2451,2790,3456,reinforcements_2,reinforcements_2,nuke,nuke_2,28,0,0,0,6,0,0,0,1200,2000,622,1297
3924,9600,12000,4035,6,33,46,1772,148.8,1008,wait,30,0,0,6,10,0,0,0,out-of-radius,0,0,0,0,0,3346,6,252,252,270,939,2223,2451,2790,3459,reinforcements_2,reinforcements_2,nuke,nuke_2,27,0,0,0,6,0,0,0,1200,2000,632,1291
3927,9600,12000,4035,6,31,47,1847,153.8,1026,wait,30,0,0,7,10,0,0,0,out-of-radius,0,0,0,0,0,3328,6,252,252,270,957,2229,2451,2790,3477,reinforcements_2,reinforcements_2,nuke,nuke_2,25,0,0,0,6,0,0,0,1200,2000,631,1285
3930,9600,12000,4288,6,31,45,1111,141.6,990,wait,30,0,0,5,10,0,0,0,out-of-radius,0,0,0,0,0,3581,6,252,252,270,957,2229,2487,2790,3477,reinforcements_2,reinforcements_2,nuke,nuke_2,25,0,0,0,6,0,0,0,1200,2000,646,1326
3933,9600,12000,4288,6,31,46,1111,141.6,993,wait,31,0,0,5,10,0,0,0,out-of-radius,0,0,0,0,0,3578,6,252,252,270,960,2229,2487,2790,3480,reinforcements_2,reinforcements_2,nuke,nuke_2,25,0,0,0,6,0,0,0,1200,2000,666,1325
3936,9600,12000,4288,6,31,46,1111,141.6,993,wait,31,0,0,5,10,0,0,0,out-of-radius,0,0,0,0,0,3578,6,252,252,270,960,2229,2487,2790,3480,reinforcements_2,reinforcements_2,nuke,nuke_2,25,0,0,0,6,0,0,0,1200,2000,681,1308
3939,9600,12000,4288,6,30,46,936,135.4,978,wait,32,0,0,4,10,0,0,0,out-of-radius,0,0,0,0,0,3575,6,252,252,270,963,2232,2505,2790,3483,reinforcements_2,reinforcements_2,nuke,nuke_2,24,0,0,0,6,0,0,0,1200,2000,691,1322
3942,9600,12000,4288,6,30,47,978,149.4,981,wait,33,0,0,4,10,0,0,0,out-of-radius,0,0,0,0,0,3572,6,252,252,270,966,2232,2505,2790,3486,reinforcements_2,reinforcements_2,nuke,nuke_2,24,0,0,0,6,0,0,0,1200,2000,709,1318
3945,9600,12000,4288,6,30,46,964,144.8,978,wait,32,0,0,4,10,0,0,0,out-of-radius,0,0,0,0,0,3572,6,252,252,270,966,2232,2508,2790,3486,reinforcements_2,reinforcements_2,nuke,nuke_2,24,0,0,0,6,0,0,0,1200,2000,717,1319
3948,9600,12000,4288,6,29,46,864,143.6,978,wait,32,0,0,4,10,0,0,0,out-of-radius,0,0,0,0,0,3554,6,252,252,270,984,2235,2508,2790,3504,reinforcements_2,reinforcements_2,nuke,nuke_2,23,0,0,0,6,0,0,0,1200,2000,726,1330
3951,9600,12000,4288,6,29,46,864,143.6,978,wait,32,0,0,4,10,0,0,0,out-of-radius,0,0,0,0,0,3554,6,252,252,270,984,2235,2526,2790,3504,reinforcements_2,reinforcements_2,nuke,nuke_2,23,0,0,0,6,0,0,0,1200,2000,743,1317
3954,9600,12000,4288,6,28,47,850,139.0,981,wait,33,0,0,4,10,0,0,0,out-of-radius,0,0,0,0,0,3551,6,252,252,270,987,2238,2526,2790,3507,reinforcements_2,reinforcements_2,nuke,nuke_2,22,0,0,0,6,0,0,0,1200,2000,742,1320
3957,9600,12000,4288,6,27,48,850,139.0,984,wait,34,0,0,4,10,0,0,0,out-of-radius,0,0,0,0,0,3548,6,252,252,270,990,2238,2526,2790,3510,reinforcements_2,reinforcements_2,nuke,nuke_2,21,0,0,0,6,0,0,0,1200,2000,750,1320
3960,9600,12000,4540,6,27,47,1336,140.0,981,wait,33,0,0,4,10,0,0,0,out-of-radius,0,0,0,0,0,3800,6,252,252,270,990,2241,2526,2790,3510,reinforcements_2,reinforcements_2,nuke,nuke_2,21,0,0,0,6,0,0,0,1200,2000,766,1318
3963,9600,12000,4540,6,27,48,1350,144.7,984,wait,34,0,0,4,10,0,0,0,out-of-radius,0,0,0,0,0,3797,6,252,252,270,993,2241,2529,2790,3513,reinforcements_2,reinforcements_2,nuke,nuke_2,21,0,0,0,6,0,0,0,1200,2000,781,1312
3966,9600,12000,4540,6,25,48,1364,149.4,984,wait,34,0,0,4,10,0,0,0,out-of-radius,0,0,0,0,0,3797,6,252,252,270,993,2241,2529,2790,3513,reinforcements_2,reinforcements_2,nuke,nuke_2,19,0,0,0,6,0,0,0,1200,2000,783,1295
3969,9600,12000,4540,6,24,45,1222,134.2,975,wait,31,0,0,4,10,0,0,0,out-of-radius,0,0,0,0,0,3779,6,252,252,270,1011,2328,2529,2790,3531,reinforcements_2,reinforcements_2,nuke,nuke_2,19,0,0,0,5,0,0,0,1200,2000,787,1323
3972,9600,12000,4540,6,24,46,1350,144.7,978,wait,32,0,0,4,10,0,0,0,out-of-radius,0,0,0,0,0,3776,6,252,252,270,1014,2328,2556,2790,3534,reinforcements_2,reinforcements_2,nuke,nuke_2,19,0,0,0,5,0,0,0,1200,2000,802,1317
3975,9600,12000,4540,6,24,44,1336,140.0,972,wait,30,0,0,4,10,0,0,0,out-of-radius,0,0,0,0,0,3776,6,252,252,270,1014,2328,2556,2790,3534,reinforcements_2,reinforcements_2,nuke,nuke_2,19,0,0,0,5,0,0,0,1200,2000,810,1319
3978,9600,12000,4540,6,23,44,1275,139.7,957,wait,31,0,0,3,10,0,0,0,out-of-radius,0,0,0,0,0,3773,6,252,252,270,1017,2409,2580,2790,3537,reinforcements_2,reinforcements_2,nuke,nuke_2,19,0,0,0,4,0,0,0,1200,2000,819,1320
3981,9600,12000,4540,6,23,44,1361,136.2,957,wait,31,0,0,3,10,0,0,0,out-of-radius,0,0,0,0,0,3773,6,252,252,270,1017,2409,2580,2790,3537,reinforcements_2,reinforcements_2,nuke,nuke_2,19,0,0,0,4,0,0,0,1200,2000,827,1304
3984,9600,12000,4540,6,23,44,1408,131.9,972,wait,30,0,0,4,10,0,0,0,out-of-radius,0,0,0,0,0,3755,6,252,252,270,1035,2409,2580,2790,3555,reinforcements_2,reinforcements_2,nuke,nuke_2,19,0,0,0,4,0,0,0,1200,2000,835,1308
3987,9600,12000,4540,6,23,45,1464,150.5,975,wait,31,0,0,4,10,0,0,0,out-of-radius,0,0,0,0,0,3752,6,252,252,270,1038,2409,2583,2790,3558,reinforcements_2,reinforcements_2,nuke,nuke_2,19,0,0,0,4,0,0,0,1200,2000,849,1301
3990,9600,12000,4793,6,22,45,1578,156.3,975,wait,31,0,0,4,10,0,0,0,out-of-radius,0,0,0,0,0,4005,6,252,252,270,1038,2409,2583,2790,3558,reinforcements_2,reinforcements_2,nuke,nuke_2,18,0,0,0,4,0,0,0,1200,2000,855,1280
3993,9600,12000,4793,6,20,45,1578,156.3,975,wait,31,0,0,4,10,0,0,0,out-of-radius,0,0,0,0,0,4002,6,252,252,270,1041,2574,2583,2790,3561,reinforcements_2,reinforcements_2,nuke,nuke_2,18,0,0,0,2,0,0,0,1200,2000,857,1282
3996,9600,12000,4793,6,17,44,1550,147.0,972,wait,30,0,0,4,10,0,0,0,out-of-radius,0,0,0,0,0,4002,6,252,252,270,1041,2583,2586,2790,3561,reinforcements_2,reinforcements_2,nuke,nuke_2,15,0,0,0,2,0,0,0,1200,2000,848,1274
3999,9600,12000,4793,6,17,39,889,139.8,552,wait,31,0,0,3,5,0,0,0,out-of-radius,0,0,0,0,0,3999,6,252,252,270,1044,2583,2589,2790,3564,reinforcements_2,reinforcements_2,nuke,nuke_2,15,0,0,0,2,0,0,0,1200,2000,835,1318
4002,9600,12000,4793,6,17,37,1008,127.3,561,wait,28,0,0,4,5,0,0,0,out-of-radius,0,0,0,0,0,3981,6,252,252,270,1062,2583,3021,2790,3582,reinforcements_2,reinforcements_2,nuke,nuke_2,15,0,0,0,2,0,0,0,1200,2000,839,1343
4005,9600,12000,4793,6,17,37,1036,136.6,561,wait,28,0,0,4,5,0,0,0,out-of-radius,0,0,0,0,0,3981,6,252,252,270,1062,2583,3021,2790,3582,reinforcements_2,reinforcements_2,nuke,nuke_2,15,0,0,0,2,0,0,0,1200,2000,851,1325
4008,9600,12000,4793,6,17,37,1036,136.6,561,wait,28,0,0,4,5,0,0,0,out-of-radius,0,0,0,0,0,3978,6,252,252,270,1065,2583,3024,2790,3585,reinforcements_2,reinforcements_2,nuke,nuke_2,15,0,0,0,2,0,0,0,1200,2000,864,1330
4011,9600,12000,4793,6,17,36,1022,131.9,558,wait,27,0,0,4,5,0,0,0,out-of-radius,0,0,0,0,0,3978,6,252,252,270,1065,2583,3024,2790,3585,reinforcements_2,reinforcements_2,nuke,nuke_2,15,0,0,0,2,0,0,0,1200,2000,859,1324
4014,9600,12000,4793,6,17,37,936,135.4,561,wait,28,0,0,4,5,0,0,0,out-of-radius,0,0,0,0,0,3975,6,252,252,270,1068,2583,3027,2790,3588,reinforcements_2,reinforcements_2,nuke,nuke_2,15,0,0,0,2,0,0,0,1200,2000,871,1332
4017,9600,12000,4793,6,17,38,936,135.4,564,wait,29,0,0,4,5,0,0,0,out-of-radius,0,0,0,0,0,3972,6,252,252,270,1071,2583,3027,2790,3591,reinforcements_2,reinforcements_2,nuke,nuke_2,15,0,0,0,2,0,0,0,1200,2000,883,1337
4020,9600,12000,5045,6,17,38,922,130.8,564,wait,29,0,0,4,5,0,0,0,out-of-radius,0,0,0,0,0,4224,6,252,252,270,1071,2583,3027,2790,3591,reinforcements_2,reinforcements_2,nuke,nuke_2,15,0,0,0,2,0,0,0,1200,2000,895,1324
4023,9600,12000,5045,6,13,39,983,131.1,582,wait,29,0,0,5,5,0,0,0,out-of-radius,0,0,0,0,0,4206,6,252,252,270,1089,2595,3027,2790,3609,reinforcements_2,reinforcements_2,nuke,nuke_2,11,0,0,0,2,0,0,0,1200,2000,880,1326
4026,9600,12000,5045,6,13,37,941,117.1,576,wait,27,0,0,5,5,0,0,0,out-of-radius,0,0,0,0,0,4206,6,252,252,270,1089,2595,3030,2790,3609,reinforcements_2,reinforcements_2,nuke,nuke_2,11,0,0,0,2,0,0,0,1200,2000,879,1330
4029,9600,12000,5045,6,12,38,955,121.8,579,wait,28,0,0,5,5,0,0,0,out-of-radius,0,0,0,0,0,4203,6,252,252,270,1092,2598,3033,2790,3612,reinforcements_2,reinforcements_2,nuke,nuke_2,10,0,0,0,2,0,0,0,1200,2000,880,1329
4032,9600,12000,5045,6,12,38,1069,127.6,579,wait,28,0,0,5,5,0,0,0,out-of-radius,0,0,0,0,0,4200,6,252,252,270,1095,2598,3036,2790,3615,reinforcements_2,reinforcements_2,nuke,nuke_2,10,0,0,0,2,0,0,0,1200,2000,888,1335
4035,9600,12000,5045,6,9,38,1083,132.3,579,wait,28,0,0,5,5,0,0,0,out-of-radius,0,0,0,0,0,4200,6,252,252,270,1095,2607,3036,2790,3615,reinforcements_2,reinforcements_2,nuke,nuke_2,7,0,0,0,2,0,0,0,1200,2000,866,1320
4038,9600,12000,5045,6,9,38,1069,127.6,579,wait,28,0,0,5,5,0,0,0,out-of-radius,0,0,0,0,0,4197,6,252,252,270,1098,2607,3039,2790,3618,reinforcements_2,reinforcements_2,nuke,nuke_2,7,0,0,0,2,0,0,0,1200,2000,856,1331
4041,9600,12000,5045,6,7,38,1069,127.6,579,wait,28,0,0,5,5,0,0,0,out-of-radius,0,0,0,0,0,4197,6,252,252,270,1098,2613,3039,2790,3618,reinforcements_2,reinforcements_2,nuke,nuke_2,5,0,0,0,2,0,0,0,1200,2000,779,1314
4044,9600,12000,5045,6,7,39,1144,132.6,597,wait,28,0,0,6,5,0,0,0,out-of-radius,0,0,0,0,0,4179,6,252,252,270,1116,2613,3039,2790,3636,reinforcements_2,reinforcements_2,nuke,nuke_2,5,0,0,0,2,0,0,0,1200,2000,788,1314
4047,9600,12000,5045,6,7,40,1272,143.1,600,wait,29,0,0,6,5,0,0,0,out-of-radius,0,0,0,0,0,4176,6,252,252,270,1119,2613,3039,2790,3639,reinforcements_2,reinforcements_2,nuke,nuke_2,5,0,0,0,2,0,0,0,1200,2000,797,1312
4050,9600,12000,5298,6,6,40,1314,157.1,600,wait,29,0,0,6,5,0,0,0,out-of-radius,0,0,0,0,0,4429,6,252,252,270,1119,2613,3039,2790,3639,reinforcements_2,reinforcements_2,nuke,nuke_2,5,0,0,0,1,0,0,0,1200,2000,782,1295
4053,9600,12000,5298,6,6,41,1300,152.4,603,wait,30,0,0,6,5,0,0,0,out-of-radius,0,0,0,0,0,4426,6,252,252,270,1122,2694,3039,2790,3642,reinforcements_2,reinforcements_2,nuke,nuke_2,5,0,0,0,1,0,0,0,1200,2000,791,1297
4056,9600,12000,5298,6,5,41,1314,157.1,603,wait,30,0,0,6,5,0,0,0,out-of-radius,0,0,0,0,0,4426,6,252,252,270,1122,2697,3039,2790,3642,reinforcements_2,reinforcements_2,nuke,nuke_2,4,0,0,0,1,0,0,0,1200,2000,765,1278
4059,9600,12000,5298,6,5,42,1389,162.1,621,wait,30,0,0,7,5,0,0,0,out-of-radius,0,0,0,0,0,4408,6,252,252,270,1140,2697,3039,2790,3660,reinforcements_2,reinforcements_2,nuke,nuke_2,4,0,0,0,1,0,0,0,1200,2000,774,1270
4062,9600,12000,5278,6,5,43,1417,171.4,624,wait,31,0,0,7,5,0,0,0,out-of-radius,0,0,0,0,0,4405,6,252,252,270,1143,2697,3039,2790,3663,reinforcements_2,reinforcements_2,nuke,nuke_2,4,0,0,0,1,0,0,0,1200,2000,786,1261
4065,9600,12000,5278,6,4,43,1417,171.4,624,wait,31,0,0,7,5,0,0,0,out-of-radius,0,0,0,0,0,4405,6,252,252,270,1143,2700,3039,2790,3663,reinforcements_2,reinforcements_2,nuke,nuke_2,3,0,0,0,1,0,0,0,1200,2000,776,1240
4068,9600,12000,5278,6,3,44,1431,176.1,627,wait,32,0,0,7,5,0,0,0,out-of-radius,0,0,0,0,0,4402,6,252,252,270,1146,2703,3039,2790,3666,reinforcements_2,reinforcements_2,nuke,nuke_2,2,0,0,0,1,0,0,0,1200,2000,756,1234
4071,9600,12000,5278,6,2,44,1445,180.7,627,wait,32,0,0,7,5,0,0,0,out-of-radius,0,0,0,0,0,4402,6,252,252,270,1146,2703,3039,2790,3666,reinforcements_2,reinforcements_2,nuke,nuke_2,1,0,0,0,1,0,0,0,1200,2000,733,1215
4074,9600,12000,5278,6,1,45,1459,185.4,630,wait,33,0,0,7,5,0,0,0,out-of-radius,0,0,0,0,0,4399,6,252,252,270,1149,2706,3039,2790,3669,reinforcements_2,reinforcements_2,nuke,nuke_2,0,0,0,0,1,0,0,0,1200,2000,660,1211
4077,9600,12000,5278,6,1,46,1534,190.4,648,wait,33,0,0,8,5,0,0,0,out-of-radius,0,0,0,0,0,4381,6,252,252,270,1167,2709,3039,2790,3687,reinforcements_2,reinforcements_2,nuke,nuke_2,0,0,0,0,1,0,0,0,1200,2000,690,1202
4080,9600,12000,5530,6,1,46,1534,190.4,648,wait,33,0,0,8,5,0,0,0,out-of-radius,0,0,0,0,0,4633,6,252,252,270,1167,2709,3039,2790,3687,reinforcements_2,reinforcements_2,nuke,nuke_2,0,0,0,0,1,0,0,0,1200,2000,720,1178
4083,9600,12000,5350,6,1,45,1423,181.2,678,wait,34,0,0,5,6,0,0,0,out-of-radius,0,0,0,0,0,4450,6,252,252,270,1170,2790,3093,2871,3771,reinforcements_2,reinforcements_2,nuke,nuke_2,0,0,0,0,1,0,0,0,1200,2000,45,1212
4086,9600,12000,5350,6,1,45,1451,190.6,678,wait,34,0,0,5,6,0,0,0,out-of-radius,0,0,0,0,0,4450,6,252,252,270,1170,2790,3093,2871,3771,reinforcements_2,reinforcements_2,nuke,nuke_2,0,0,0,0,1,0,0,0,1200,2000,75,1188
4089,9600,12000,5350,6,1,46,1465,195.2,681,wait,35,0,0,5,6,0,0,0,out-of-radius,0,0,0,0,0,4447,6,252,252,270,1173,2790,3093,2871,3774,reinforcements_2,reinforcements_2,nuke,nuke_2,0,0,0,0,1,0,0,0,1200,2000,105,1180
4092,9600,12000,5350,6,2,48,1579,201.0,765,wait,36,0,0,5,7,0,0,0,out-of-radius,0,0,0,0,0,4444,6,252,252,270,1176,2790,3093,2871,3777,reinforcements_2,reinforcements_2,nuke,nuke_2,0,0,0,0,2,0,0,0,1200,2000,85,1186
4095,9600,12000,5350,6,2,48,1579,201.0,765,wait,36,0,0,5,7,0,0,0,out-of-radius,0,0,0,0,0,4444,6,252,252,270,1176,2790,3093,2952,3858,reinforcements_2,reinforcements_2,nuke,nuke_2,0,0,0,0,2,0,0,0,1200,2000,115,1162
4098,9600,12000,5350,6,2,49,1654,206.0,783,wait,36,0,0,6,7,0,0,0,lost-scoring,4,4,261,261,1,4426,6,252,252,270,1194,2790,3093,2952,3876,reinforcements_2,reinforcements_2,nuke,nuke_2,0,0,0,0,2,0,0,0,1200,2000,145,1153
4101,9600,12000,5012,6,3,49,1654,206.0,783,wipe,36,0,0,6,7,0,0,0,-,6,5,345,342,97,4426,6,252,252,608,1194,2790,3093,2952,3876,reinforcements_2,reinforcements_2,nuke,nuke_2,0,0,0,0,2,1,0,0,1200,2000,125,1128
4104,9600,12000,5012,6,4,51,1768,211.9,867,wipe,37,0,0,6,8,0,0,0,-,6,5,345,342,97,4423,6,252,252,608,1197,2790,3093,3371,3960,reinforcements_2,reinforcements_2,nuke,nuke_2,0,0,0,0,3,1,0,0,1200,2000,128,1134
4107,9600,12000,5012,6,4,52,1782,216.5,870,wait,38,0,0,6,8,0,0,0,cooldown,8,5,351,342,140,4420,6,252,252,608,1200,2790,3093,3371,3963,reinforcements_2,reinforcements_2,nuke,nuke_2,0,0,0,0,3,1,0,0,1200,2000,157,1125
4110,9500,12000,5265,6,4,51,1307,206.9,852,wait,38,0,0,5,8,0,0,0,cooldown,8,5,351,342,140,4673,6,252,252,608,1200,2790,3093,3371,3963,reinforcements_2,reinforcements_2,nuke,nuke_2,0,0,0,0,3,1,0,0,1100,2000,149,1116
4113,9500,12000,5265,6,5,53,1482,213.1,951,wait,38,0,0,6,9,0,0,0,cooldown,8,7,336,333,101,4655,6,252,252,608,1218,2790,3111,3452,4062,reinforcements_2,reinforcements_2,nuke,nuke_2,0,0,0,0,4,1,0,0,1100,2000,133,1124
4116,9500,12000,5265,6,5,53,1482,213.1,951,wait,38,0,0,6,9,0,0,0,cooldown,12,8,441,336,102,4655,6,252,252,608,1218,2790,3111,3452,4062,reinforcements_2,reinforcements_2,nuke,nuke_2,0,0,0,0,4,1,0,0,1100,2000,144,1101
4119,9500,12000,5265,6,5,54,1496,217.7,954,wait,39,0,0,6,9,0,0,0,cooldown,12,8,441,336,102,4652,6,252,252,608,1221,2790,3111,3452,4065,reinforcements_2,reinforcements_2,nuke,nuke_2,0,0,0,0,4,1,0,0,1100,2000,155,1094
4122,9500,12000,5265,6,6,56,1610,223.6,1038,wait,40,0,0,6,10,0,0,0,cooldown,15,10,450,435,119,4649,6,252,252,608,1224,2790,3111,3452,4068,reinforcements_2,reinforcements_2,nuke,nuke_2,0,0,0,0,5,1,0,0,1100,2000,144,1101
4125,9500,12000,5265,6,6,56,1610,223.6,1038,wait,40,0,0,6,10,0,0,0,cooldown,15,10,450,435,119,4649,6,252,252,608,1224,2790,3111,3533,4149,reinforcements_2,reinforcements_2,nuke,nuke_2,0,0,0,0,5,1,0,0,1100,2000,158,1078
4128,9500,12000,5265,6,6,57,1624,228.2,1041,wait,41,0,0,6,10,0,0,0,cooldown,17,9,456,354,154,4646,6,252,252,608,1227,2790,3111,3533,4152,reinforcements_2,reinforcements_2,nuke,nuke_2,0,0,0,0,5,1,0,0,1100,2000,172,1071
4131,9500,12000,5265,6,6,57,1624,228.2,1041,wait,41,0,0,6,10,0,0,0,lost-scoring,19,5,462,108,206,4646,6,252,252,608,1227,2790,3111,3533,4152,reinforcements_2,reinforcements_2,nuke,nuke_2,0,0,0,0,5,1,0,0,1100,2000,186,1048
4134,9500,12000,5265,6,6,58,1699,233.2,1059,wait,41,0,0,7,10,0,0,0,lost-scoring,19,5,462,108,206,4628,6,252,252,608,1245,2790,3111,3533,4170,reinforcements_2,reinforcements_2,nuke,nuke_2,0,0,0,0,5,1,0,0,1100,2000,200,1040
4137,9500,12000,5265,6,6,59,1713,237.9,1062,wait,42,0,0,7,10,0,0,0,lost-scoring,21,2,483,21,270,4625,6,252,252,608,1248,2790,3111,3533,4173,reinforcements_2,reinforcements_2,nuke,nuke_2,0,0,0,0,5,1,0,0,1100,2000,214,1033
4140,9500,12000,5517,6,6,58,2038,237.5,1044,wait,42,0,0,6,10,0,0,0,lost-scoring,21,2,483,21,270,4877,6,252,252,608,1248,2790,3129,3533,4173,reinforcements_2,reinforcements_2,nuke,nuke_2,0,0,0,0,5,1,0,0,1100,2000,231,1021
4143,9500,12000,5514,6,7,59,1952,241.0,1047,critical,43,0,0,6,10,0,0,0,lost-scoring,21,4,468,90,265,4874,6,252,252,611,1251,2790,3129,3536,4176,reinforcements_2,reinforcements_2,nuke,nuke_2,1,0,0,0,5,1,0,0,1100,2000,172,1017
4146,9500,12000,5514,6,7,58,1938,236.3,1044,wait,42,0,0,6,10,0,0,0,lost-scoring,20,3,387,9,273,4874,6,252,252,611,1251,2790,3129,3536,4176,reinforcements_2,reinforcements_2,nuke,nuke_2,1,0,0,0,5,1,0,0,1100,2000,191,1004
4149,9500,12000,5514,6,7,59,1952,241.0,1047,wait,43,0,0,6,10,0,0,0,lost-scoring,20,3,387,9,273,4871,6,252,252,611,1254,2790,3132,3536,4179,reinforcements_2,reinforcements_2,nuke,nuke_2,1,0,0,0,5,1,0,0,1100,2000,207,996
4152,9500,12000,5433,6,8,60,2027,246.0,1065,wipe,43,0,0,7,10,0,0,0,-,24,12,414,285,285,4853,6,252,252,692,1272,2790,3132,3617,4197,reinforcements_2,reinforcements_2,nuke,nuke_2,1,0,0,0,6,1,0,0,1100,2000,198,989
4155,9500,12000,5433,6,8,57,1985,232.0,1056,wipe,40,0,0,7,10,0,0,0,-,24,12,414,285,285,4853,6,252,252,692,1272,2790,3141,3617,4197,reinforcements_2,reinforcements_2,nuke,nuke_2,1,0,0,0,6,1,0,0,1100,2000,214,996
4158,9500,12000,5430,6,8,57,1985,232.0,1056,critical,40,0,0,7,10,0,0,0,cooldown,21,12,405,363,243,4850,6,252,252,695,1275,2871,3144,3620,4200,reinforcements_2,reinforcements_2,nuke,nuke_2,2,0,0,0,5,1,0,0,1100,2000,60,1000
4161,9500,12000,5427,6,9,57,1985,232.0,1056,critical,40,0,0,7,10,0,0,0,cooldown,21,13,405,366,266,4850,6,252,252,698,1275,2871,3144,3620,4200,reinforcements_2,reinforcements_2,nuke,nuke_2,3,0,0,0,5,1,0,0,1100,2000,70,979
4164,9500,12000,5427,6,9,58,1999,236.7,1059,critical,41,0,0,7,10,0,0,0,cooldown,21,13,405,366,266,4847,6,252,252,698,1278,2871,3144,3623,4203,reinforcements_2,reinforcements_2,nuke,nuke_2,3,0,0,0,5,1,0,0,1100,2000,84,975
4167,9500,12000,5424,6,10,56,1824,230.5,960,critical,41,0,0,6,9,0,0,0,cooldown,22,15,408,387,266,4844,6,252,252,701,1281,2871,3144,3626,4206,reinforcements_2,reinforcements_2,nuke,nuke_2,4,0,0,0,5,1,0,0,1100,2000,92,1002
4170,9500,12000,5677,6,10,56,1824,230.5,960,critical,41,0,0,6,9,0,0,0,cooldown,22,15,408,387,266,5097,6,252,252,701,1281,2871,3246,3626,4206,reinforcements_2,reinforcements_2,nuke,nuke_2,4,0,0,0,5,1,0,0,1100,2000,103,982
4173,9500,12000,5677,6,10,57,1899,235.5,978,wait,41,0,0,7,9,0,0,0,cooldown,21,13,327,288,266,5079,6,252,252,701,1299,2871,3246,3626,4224,reinforcements_2,reinforcements_2,nuke,nuke_2,4,0,0,0,5,1,0,0,1100,2000,114,978
4176,9500,12000,5674,6,11,57,1999,236.7,978,critical,41,0,0,7,9,0,0,0,cooldown,21,14,327,291,231,5079,6,252,252,704,1299,2871,3246,3626,4224,reinforcements_2,reinforcements_2,nuke,nuke_2,5,0,0,0,5,1,0,0,1100,2000,121,959
4179,9500,12000,5674,6,11,58,2013,241.3,981,critical,42,0,0,7,9,0,0,0,cooldown,21,14,327,291,231,5076,6,252,252,704,1302,2871,3246,3629,4227,reinforcements_2,reinforcements_2,nuke,nuke_2,5,0,0,0,5,1,0,0,1100,2000,138,956
4182,9500,12000,5674,6,11,46,1526,195.6,696,wait,34,0,0,6,6,0,0,0,lost-scoring,10,4,123,12,256,5073,6,252,252,704,1305,2871,3534,3629,4230,reinforcements_2,reinforcements_2,nuke,nuke_2,5,0,0,0,5,1,0,0,1100,2000,154,1107
4185,9500,12000,5674,6,11,45,1512,190.9,693,wait,33,0,0,6,6,0,0,0,lost-scoring,10,4,123,12,256,5073,6,252,252,704,1305,2871,3537,3629,4230,reinforcements_2,reinforcements_2,nuke,nuke_2,5,0,0,0,5,1,0,0,1100,2000,169,1097
4188,9500,12000,5674,6,11,46,1587,195.9,711,wait,33,0,0,7,6,0,0,0,lost-scoring,10,4,123,27,244,5055,6,252,252,704,1323,2871,3537,3629,4248,reinforcements_2,reinforcements_2,nuke,nuke_2,5,0,0,0,5,1,0,0,1100,2000,183,1091
4191,9500,12000,5674,6,11,46,1573,191.2,711,wait,33,0,0,7,6,0,0,0,lost-scoring,12,4,144,27,238,5055,6,252,252,704,1323,2871,3537,3629,4248,reinforcements_2,reinforcements_2,nuke,nuke_2,5,0,0,0,5,1,0,0,1100,2000,195,1071
4194,9500,12000,5674,6,11,47,1587,195.9,714,wait,34,0,0,7,6,0,0,0,lost-scoring,12,4,144,27,238,5052,6,252,252,704,1326,2871,3537,3629,4251,reinforcements_2,reinforcements_2,nuke,nuke_2,5,0,0,0,5,1,0,0,1100,2000,208,1066
4197,9500,12000,5674,6,11,48,1601,200.6,717,wait,35,0,0,7,6,0,0,0,lost-scoring,12,5,144,30,203,5049,6,252,252,704,1329,2871,3537,3629,4254,reinforcements_2,reinforcements_2,nuke,nuke_2,5,0,0,0,5,1,0,0,1100,2000,194,1061
4200,9500,12000,5926,6,11,48,1601,200.6,717,wait,35,0,0,7,6,0,0,0,lost-scoring,12,5,144,30,203,5301,6,252,252,704,1329,2871,3537,3629,4254,reinforcements_2,reinforcements_2,nuke,nuke_2,5,0,0,0,5,1,0,0,1100,2000,207,1039
4203,9500,12000,5926,6,11,49,1615,205.2,720,wait,36,0,0,7,6,0,0,0,lost-scoring,14,7,228,114,263,5298,6,252,252,704,1332,2871,3537,3629,4257,reinforcements_2,reinforcements_2,nuke,nuke_2,5,0,0,0,5,1,0,0,1100,2000,220,1035
4206,9500,12000,5926,6,11,49,1545,181.9,720,wait,36,0,0,7,6,0,0,0,lost-scoring,16,3,249,117,238,5298,6,252,252,704,1332,2871,3537,3629,4257,reinforcements_2,reinforcements_2,nuke,nuke_2,5,0,0,0,5,1,0,0,1100,2000,221,1029
4209,9500,12000,5926,6,11,49,1445,180.7,720,wait,36,0,0,7,6,0,0,0,lost-scoring,16,3,249,117,238,5280,6,252,252,704,1350,2871,3537,3629,4275,reinforcements_2,reinforcements_2,nuke,nuke_2,5,0,0,0,5,1,0,0,1100,2000,229,1044
4212,9500,12000,5926,6,11,50,1459,185.4,723,wait,37,0,0,7,6,0,0,0,lost-scoring,16,2,234,21,263,5277,6,252,252,704,1353,2871,3555,3629,4278,reinforcements_2,reinforcements_2,nuke,nuke_2,5,0,0,0,5,1,0,0,1100,2000,241,1041
4215,9500,12000,5926,6,11,48,1370,175.7,702,wait,36,0,0,6,6,0,0,0,lost-scoring,16,2,234,21,263,5277,6,252,252,704,1353,2871,3573,3629,4278,reinforcements_2,reinforcements_2,nuke,nuke_2,5,0,0,0,5,1,0,0,1100,2000,238,1044
4218,9500,12000,5926,6,11,49,1384,180.4,705,wait,37,0,0,6,6,0,0,0,lost-scoring,14,2,213,6,185,5274,6,252,252,704,1356,2871,3576,3629,4281,reinforcements_2,reinforcements_2,nuke,nuke_2,5,0,0,0,5,1,0,0,1100,2000,249,1041
4221,9500,12000,5926,6,11,49,1384,180.4,705,wait,37,0,0,6,6,0,0,0,lost-scoring,16,3,297,102,228,5274,6,252,252,704,1356,2871,3576,3629,4281,reinforcements_2,reinforcements_2,nuke,nuke_2,5,0,0,0,5,1,0,0,1100,2000,259,1023
4224,9500,12000,5926,6,11,50,1398,185.1,708,wait,38,0,0,6,6,0,0,0,lost-scoring,16,3,297,102,228,5271,6,252,252,704,1359,2871,3576,3629,4284,reinforcements_2,reinforcements_2,nuke,nuke_2,5,0,0,0,5,1,0,0,1100,2000,265,1021
4227,9500,12000,5926,6,10,50,1459,185.4,723,wait,37,0,0,7,6,0,0,0,lost-scoring,17,3,315,102,200,5253,6,252,252,704,1377,2952,3579,3629,4302,reinforcements_2,reinforcements_2,nuke,nuke_2,5,0,0,0,4,1,0,0,1100,2000,260,1030
4230,9500,12000,6179,6,9,50,1459,185.4,723,wait,37,0,0,7,6,0,0,0,lost-scoring,17,3,315,102,200,5506,6,252,252,704,1377,2955,3579,3629,4302,reinforcements_2,reinforcements_2,nuke,nuke_2,4,0,0,0,4,1,0,0,1100,2000,249,1010
4233,9500,12000,6179,6,9,51,1459,185.4,726,wait,38,0,0,7,6,0,0,0,lost-scoring,18,5,396,186,225,5503,6,252,252,704,1380,2955,3579,3629,4305,reinforcements_2,reinforcements_2,nuke,nuke_2,4,0,0,0,4,1,0,0,1100,2000,238,1011
4236,9500,12000,6179,6,8,51,1459,185.4,726,wait,38,0,0,7,6,0,0,0,lost-scoring,19,6,399,189,200,5503,6,252,252,704,1380,3036,3579,3629,4305,reinforcements_2,reinforcements_2,nuke,nuke_2,4,0,0,0,3,1,0,0,1100,2000,225,992
4239,9500,12000,6179,6,8,52,1473,190.1,729,wait,39,0,0,7,6,0,0,0,lost-scoring,19,6,399,189,200,5500,6,252,252,704,1383,3036,3579,3629,4308,reinforcements_2,reinforcements_2,nuke,nuke_2,4,0,0,0,3,1,0,0,1100,2000,231,991
4242,9500,12000,6179,6,8,53,1657,219.2,732,wait,40,0,0,7,6,0,0,0,lost-scoring,21,8,483,288,225,5497,6,252,252,704,1386,3036,3579,3629,4311,reinforcements_2,reinforcements_2,nuke,nuke_2,4,0,0,0,3,1,0,0,1100,2000,243,988
4245,9500,12000,6179,6,8,53,1657,219.2,732,wait,40,0,0,7,6,0,0,0,lost-scoring,21,8,483,288,225,5497,6,252,252,704,1386,3036,3579,3629,4311,reinforcements_2,reinforcements_2,nuke,nuke_2,4,0,0,0,3,1,0,0,1100,2000,256,969
4248,9500,12000,6179,6,8,54,1732,224.2,750,wait,40,0,0,8,6,0,0,0,lost-scoring,23,9,504,291,200,5479,6,252,252,704,1404,3036,3579,3629,4329,reinforcements_2,reinforcements_2,nuke,nuke_2,4,0,0,0,3,1,0,0,1100,2000,270,966
4251,9500,12000,6161,6,9,48,1240,196.8,702,wipe,36,0,0,6,6,0,0,0,-,15,7,294,99,157,5479,6,252,252,722,1404,3036,3579,3629,4329,reinforcements_2,reinforcements_2,nuke,nuke_2,4,0,0,1,3,1,0,0,1100,2000,257,1193
4254,9500,12000,6161,6,9,49,1254,201.4,705,wipe,37,0,0,6,6,0,0,0,-,15,7,294,99,157,5476,6,252,252,722,1407,3036,3627,3647,4332,reinforcements_2,reinforcements_2,nuke,nuke_2,4,0,0,1,3,1,0,0,1100,2000,273,1187
4257,9500,12000,6161,6,9,50,1168,205.0,708,wait,38,0,0,6,6,0,0,0,cooldown,16,7,297,99,199,5473,6,252,252,722,1410,3036,3627,3647,4335,reinforcements_2,reinforcements_2,nuke,nuke_2,4,0,0,1,3,1,0,0,1100,2000,290,1189
4260,9500,12000,6413,6,9,50,1168,205.0,708,wait,38,0,0,6,6,0,0,0,cooldown,16,7,297,99,199,5725,6,252,252,722,1410,3036,3627,3647,4335,reinforcements_2,reinforcements_2,nuke,nuke_2,4,0,0,1,3,1,0,0,1100,2000,305,1171
4263,9500,12000,6413,6,9,51,1243,210.0,726,wait,38,0,0,7,6,0,0,0,cooldown,16,12,219,207,189,5707,6,252,252,722,1428,3036,3627,3647,4353,reinforcements_2,reinforcements_2,nuke,nuke_2,4,0,0,1,3,1,0,0,1100,2000,320,1167
4266,9500,12000,6413,6,9,51,1257,214.6,726,wait,38,0,0,7,6,0,0,0,cooldown,18,13,240,210,189,5707,6,252,252,722,1428,3036,3627,3647,4353,reinforcements_2,reinforcements_2,nuke,nuke_2,4,0,0,1,3,1,0,0,1100,2000,336,1149
4269,9500,12000,6413,6,8,52,1187,191.3,729,wait,39,0,0,7,6,0,0,0,cooldown,18,13,240,210,189,5704,6,252,252,722,1431,3039,3627,3647,4356,reinforcements_2,reinforcements_2,nuke,nuke_2,3,0,0,1,3,1,0,0,1100,2000,335,1163
4272,9500,12000,6413,6,8,53,1201,196.0,732,wait,40,0,0,7,6,0,0,0,cooldown,18,7,240,192,150,5701,6,252,252,722,1434,3039,3627,3647,4359,reinforcements_2,reinforcements_2,nuke,nuke_2,3,0,0,1,3,1,0,0,1100,2000,351,1161
4275,9500,12000,6413,6,6,53,1159,182.0,732,wait,40,0,0,7,6,0,0,0,cooldown,18,7,240,192,150,5701,6,252,252,722,1434,3039,3627,3647,4359,reinforcements_2,reinforcements_2,nuke,nuke_2,1,0,0,1,3,1,0,0,1100,2000,338,1153
4278,9500,12000,6413,6,6,54,1173,186.6,735,wait,41,0,0,7,6,0,0,0,cooldown,19,7,243,207,185,5698,6,252,252,722,1437,3045,3627,3647,4362,reinforcements_2,reinforcements_2,nuke,nuke_2,1,0,0,1,3,1,0,0,1100,2000,353,1150
4281,9500,12000,6332,6,7,54,1173,186.6,735,wipe,41,0,0,7,6,0,0,0,-,21,8,264,210,185,5698,6,252,252,803,1437,3045,3627,3647,4362,reinforcements_2,reinforcements_2,nuke,nuke_2,1,0,0,1,4,1,0,0,1100,2000,322,1134
4284,9500,12000,6332,6,7,52,856,165.3,744,wipe,38,0,0,8,6,0,0,0,-,21,8,264,210,185,5680,6,252,252,803,1455,3045,3630,3728,4380,reinforcements_2,reinforcements_2,nuke,nuke_2,1,0,0,1,4,1,0,0,1100,2000,311,1176
4287,9500,12000,6332,6,7,53,1170,173.4,747,wait,39,0,0,8,6,0,0,0,cooldown,18,4,255,168,148,5677,6,252,252,803,1458,3045,3636,3728,4383,reinforcements_2,reinforcements_2,nuke,nuke_2,1,0,0,1,4,1,0,0,1100,2000,323,1172
4290,9500,12000,6585,6,7,53,1256,169.9,747,wait,39,0,0,8,6,0,0,0,cooldown,18,4,255,168,148,5930,6,252,252,803,1458,3045,3636,3728,4383,reinforcements_2,reinforcements_2,nuke,nuke_2,1,0,0,1,4,1,0,0,1100,2000,334,1157
4293,9500,12000,6585,6,7,54,1270,174.6,750,wait,40,0,0,8,6,0,0,0,cooldown,19,5,258,186,174,5927,6,252,252,803,1461,3045,3636,3728,4386,reinforcements_2,reinforcements_2,nuke,nuke_2,1,0,0,1,4,1,0,0,1100,2000,321,1153
4296,9500,12000,6585,6,7,54,1270,174.6,750,wait,40,0,0,8,6,0,0,0,cooldown,20,6,261,189,174,5927,6,252,252,803,1461,3045,3636,3728,4386,reinforcements_2,reinforcements_2,nuke,nuke_2,1,0,0,1,4,1,0,0,1100,2000,330,1136
4299,9500,12000,6585,6,7,55,1284,179.3,753,wait,41,0,0,8,6,0,0,0,cooldown,20,6,261,189,174,5924,6,252,252,803,1464,3045,3636,3728,4389,reinforcements_2,reinforcements_2,nuke,nuke_2,1,0,0,1,4,1,0,0,1100,2000,338,1132
4302,9500,12000,6585,6,7,56,1443,212.3,771,wait,41,0,0,9,6,0,0,0,cooldown,22,6,282,189,174,5906,6,252,252,803,1482,3045,3636,3728,4407,reinforcements_2,reinforcements_2,nuke,nuke_2,1,0,0,1,4,1,0,0,1100,2000,350,1127
4305,9500,12000,6585,6,7,52,1382,211.9,666,wait,39,0,0,8,5,0,0,0,cooldown,22,6,282,189,174,5906,6,252,252,803,1482,3045,3636,3728,4407,reinforcements_2,reinforcements_2,nuke,nuke_2,1,0,0,1,4,1,0,0,1100,2000,360,1154
4308,9500,12000,6585,6,7,51,1382,211.9,585,wait,39,0,0,8,4,0,0,0,cooldown,19,2,258,84,160,5903,6,252,252,803,1485,3045,3741,3728,4410,reinforcements_2,reinforcements_2,nuke,nuke_2,1,0,0,1,4,1,0,0,1100,2000,366,1171
4311,9500,12000,5610,6,7,51,1382,211.9,585,wipe,39,0,0,8,4,0,0,0,-,18,9,177,42,140,5903,6,252,252,803,1485,3045,3825,3728,4410,reinforcements_2,reinforcements_2,nuke,nuke_2,1,0,0,1,4,1,0,0,1100,2000,382,1149
4314,9500,12000,5592,6,8,50,1307,206.9,567,wipe,39,0,0,7,4,0,0,0,-,18,9,177,42,140,4925,6,252,252,821,1488,3045,3846,3746,4413,reinforcements_2,reinforcements_2,nuke,nuke_2,1,0,0,2,4,1,0,0,1100,2000,347,1167
4317,9500,12000,5592,6,8,51,1471,221.6,570,wait,40,0,0,7,4,0,0,0,cooldown,17,12,159,114,142,4922,6,252,252,821,1491,3045,3846,3746,4416,reinforcements_2,reinforcements_2,nuke,nuke_2,1,0,0,2,4,1,0,0,1100,2000,365,1160
4320,9500,12000,5844,6,8,51,1485,226.3,570,wait,40,0,0,7,4,0,0,0,cooldown,17,12,159,114,142,5174,6,252,252,821,1491,3045,3846,3746,4416,reinforcements_2,reinforcements_2,nuke,nuke_2,1,0,0,2,4,1,0,0,1100,2000,381,1140
4323,9500,12000,5844,6,8,46,1476,203.3,570,wait,34,0,0,8,4,0,0,0,cooldown,13,8,162,132,140,5156,6,252,252,821,1509,3045,3864,3746,4434,reinforcements_2,reinforcements_2,nuke,nuke_2,1,0,0,2,4,1,0,0,1100,2000,395,1214
4326,9500,12000,5664,6,8,39,1156,168.8,519,wait,29,0,0,6,4,0,0,0,cooldown,5,4,30,27,70,5156,6,252,252,821,1509,3045,3864,3746,4434,reinforcements_2,reinforcements_2,nuke,nuke_2,1,0,0,2,4,1,0,0,1100,2000,408,1321
4329,9500,12000,5664,6,9,41,1270,174.6,603,wait,30,0,0,6,5,0,0,0,cooldown,5,4,30,27,70,4973,6,252,252,821,1512,3045,3915,3827,4518,reinforcements_2,reinforcements_2,nuke,nuke_2,1,0,0,2,5,1,0,0,1100,2000,387,1326
4332,9500,12000,5664,6,9,42,1284,179.3,606,wait,31,0,0,6,5,0,0,0,cooldown,6,5,33,30,120,4970,6,252,252,821,1515,3045,3915,3827,4521,reinforcements_2,reinforcements_2,nuke,nuke_2,1,0,0,2,5,1,0,0,1100,2000,399,1317
4335,9500,12000,5664,6,9,41,1270,174.6,603,wait,30,0,0,6,5,0,0,0,cooldown,6,5,33,30,120,4970,6,252,252,821,1515,3045,3918,3827,4521,reinforcements_2,reinforcements_2,nuke,nuke_2,1,0,0,2,5,1,0,0,1100,2000,409,1314
4338,9500,12000,5664,6,10,43,1445,180.7,702,wait,30,0,0,7,6,0,0,0,cooldown,6,4,33,27,119,4952,6,252,252,821,1533,3045,3918,3908,4620,reinforcements_2,reinforcements_2,nuke,nuke_2,1,0,0,2,6,1,0,0,1100,2000,382,1319
4341,9500,12000,5664,6,10,40,1328,161.7,693,wait,27,0,0,7,6,0,0,0,lost-scoring,4,2,27,6,70,4952,6,252,252,821,1533,3045,3927,3908,4620,reinforcements_2,reinforcements_2,nuke,nuke_2,1,0,0,2,6,1,0,0,1100,2000,397,1356
4344,9500,12000,5664,6,10,41,1342,166.4,696,wait,28,0,0,7,6,0,0,0,lost-scoring,4,2,27,6,70,4949,6,252,252,821,1536,3045,3927,3908,4623,reinforcements_2,reinforcements_2,nuke,nuke_2,1,0,0,2,6,1,0,0,1100,2000,416,1346
4347,9500,12000,5664,6,11,42,1442,167.6,777,wait,28,0,0,7,7,0,0,0,lost-scoring,3,3,24,24,40,4946,6,252,252,821,1539,3045,3930,3908,4626,reinforcements_2,reinforcements_2,nuke,nuke_2,1,0,0,2,7,1,0,0,1100,2000,400,1367
4350,9500,12000,5917,6,11,40,1353,157.9,756,wait,27,0,0,6,7,0,0,0,lost-scoring,3,3,24,24,40,5199,6,252,252,821,1539,3045,3951,3989,4707,reinforcements_2,reinforcements_2,nuke,nuke_2,1,0,0,2,7,1,0,0,1100,2000,405,1382
4353,9500,12000,5917,6,11,40,1353,157.9,756,wait,27,0,0,6,7,0,0,0,lost-scoring,2,1,6,3,63,5196,6,252,252,821,1542,3045,3951,3989,4710,reinforcements_2,reinforcements_2,nuke,nuke_2,1,0,0,2,7,1,0,0,1100,2000,422,1391
4356,9500,12000,5917,6,11,40,1353,157.9,756,wait,27,0,0,6,7,0,0,0,lost-scoring,3,3,24,24,35,5196,6,252,252,821,1542,3045,3954,3989,4710,reinforcements_2,reinforcements_2,nuke,nuke_2,1,0,0,2,7,1,0,0,1100,2000,443,1368
4359,9500,12000,5917,6,12,41,1514,159.4,852,wait,26,0,0,7,8,0,0,0,lost-scoring,3,3,24,24,35,5178,6,252,252,821,1560,3045,3957,4070,4809,reinforcements_2,reinforcements_2,nuke,nuke_2,1,0,0,2,8,1,0,0,1100,2000,410,1388
4362,9500,12000,7417,6,12,42,1628,165.2,855,wait,27,0,0,7,8,0,0,0,lost-scoring,2,2,21,21,5,6675,6,252,252,821,1563,3045,3957,4070,4812,reinforcements_2,reinforcements_2,nuke,nuke_2,1,0,0,2,8,1,0,0,1100,2000,421,1377
4365,9500,12000,7417,6,12,42,1628,165.2,855,wait,27,0,0,7,8,0,0,0,lost-scoring,2,2,21,21,5,6675,6,252,252,821,1563,3045,3957,4070,4812,reinforcements_2,reinforcements_2,nuke,nuke_2,1,0,0,2,8,1,0,0,1100,2000,434,1354
4368,9500,12000,7417,6,12,44,1742,171.0,939,wait,28,0,0,7,9,0,0,0,lost-scoring,3,3,24,24,28,6672,6,252,252,821,1566,3126,3957,4151,4896,reinforcements_2,reinforcements_2,nuke,nuke_2,1,0,0,2,8,1,0,0,1100,2000,403,1355
4371,9500,12000,7417,6,12,44,1817,176.0,939,wait,28,0,0,7,9,0,0,0,lost-scoring,5,5,45,45,41,6672,6,252,252,821,1566,3126,3957,4151,4896,reinforcements_2,reinforcements_2,nuke,nuke_2,1,0,0,2,8,1,0,0,1100,2000,418,1332
4374,9500,12000,7417,6,11,45,1831,180.7,942,wait,29,0,0,7,9,0,0,0,lost-scoring,5,5,45,45,41,6669,6,252,252,821,1569,3129,3957,4151,4899,reinforcements_2,reinforcements_2,nuke,nuke_2,0,0,0,2,8,1,0,0,1100,2000,417,1320
4377,9500,12000,7417,6,11,45,1831,180.7,942,wait,29,0,0,7,9,0,0,0,lost-scoring,6,6,48,48,27,6651,6,252,252,821,1587,3129,3975,4151,4917,reinforcements_2,reinforcements_2,nuke,nuke_2,0,0,0,2,8,1,0,0,1100,2000,431,1325
4380,9500,12000,7669,6,11,45,1831,180.7,942,wait,29,0,0,7,9,0,0,0,lost-scoring,6,6,48,48,27,6903,6,252,252,821,1587,3129,3975,4151,4917,reinforcements_2,reinforcements_2,nuke,nuke_2,0,0,0,2,8,1,0,0,1100,2000,446,1303
4383,9500,12000,7669,6,11,40,1639,156.7,897,wait,26,0,0,5,9,0,0,0,lost-scoring,7,7,129,129,15,6900,6,252,252,821,1590,3129,4023,4151,4920,reinforcements_2,reinforcements_2,nuke,nuke_2,0,0,0,2,8,1,0,0,1100,2000,466,1391
4386,9500,12000,7649,6,11,40,1539,155.5,897,wait,26,0,0,5,9,0,0,0,lost-scoring,1,1,3,3,0,6900,6,252,252,821,1590,3129,4023,4151,4920,reinforcements_2,reinforcements_2,nuke_2,nuke_2,0,0,0,2,8,1,0,0,1100,2000,446,1375
4389,9500,12000,7649,6,11,41,1553,160.2,900,wait,27,0,0,5,9,0,0,0,lost-scoring,1,1,3,3,0,6897,6,252,252,821,1593,3129,4023,4151,4923,reinforcements_2,reinforcements_2,nuke_2,nuke_2,0,0,0,2,8,1,0,0,1100,2000,463,1363
4392,9500,12000,7649,6,11,42,1567,164.9,903,wait,28,0,0,5,9,0,0,0,lost-scoring,2,2,6,6,12,6894,6,252,252,821,1596,3129,4023,4151,4926,reinforcements_2,reinforcements_2,nuke_2,nuke_2,0,0,0,2,8,1,0,0,1100,2000,481,1353
4395,9500,12000,7649,6,11,41,1553,160.2,900,wait,27,0,0,5,9,0,0,0,lost-scoring,2,2,6,6,12,6894,6,252,252,821,1596,3129,4026,4151,4926,reinforcements_2,reinforcements_2,nuke_2,nuke_2,0,0,0,2,8,1,0,0,1100,2000,497,1346
4398,9500,12000,7649,6,10,40,1525,150.9,912,wait,25,0,0,6,9,0,0,0,lost-scoring,3,3,24,24,7,6876,6,252,252,821,1614,3129,4026,4151,4944,reinforcements_2,reinforcements_2,nuke_2,nuke_2,0,0,0,1,8,1,0,0,1100,2000,498,1373
4401,9500,12000,7649,6,10,40,1525,150.9,912,wait,25,0,0,6,9,0,0,0,out-of-radius,0,0,0,0,0,6876,6,252,252,821,1614,3147,4032,4151,4944,reinforcements_2,reinforcements_2,nuke_2,nuke_2,0,0,0,1,8,1,0,0,1100,2000,514,1349
4404,9500,12000,7649,6,10,41,1539,155.5,915,wait,26,0,0,6,9,0,0,0,out-of-radius,0,0,0,0,0,6873,6,252,252,821,1617,3147,4032,4151,4947,reinforcements_2,reinforcements_2,nuke_2,nuke_2,0,0,0,1,8,1,0,0,1100,2000,528,1339
4407,9500,12000,7649,6,10,41,1539,155.5,915,wait,26,0,0,6,9,0,0,0,out-of-radius,0,0,0,0,0,6870,6,252,252,821,1620,3147,4032,4151,4950,reinforcements_2,reinforcements_2,nuke_2,nuke_2,0,0,0,1,8,1,0,0,1100,2000,540,1345
4410,9500,12000,7902,6,10,40,1525,150.9,912,wait,25,0,0,6,9,0,0,0,out-of-radius,0,0,0,0,0,7123,6,252,252,821,1620,3147,4038,4151,4950,reinforcements_2,reinforcements_2,nuke_2,nuke_2,0,0,0,1,8,1,0,0,1100,2000,554,1337
4413,9500,12000,7902,6,10,40,1586,151.2,927,wait,24,0,0,7,9,0,0,0,out-of-radius,0,0,0,0,0,7105,6,252,252,821,1638,3147,4038,4151,4968,reinforcements_2,reinforcements_2,nuke_2,nuke_2,0,0,0,1,8,1,0,0,1100,2000,561,1342
4416,9500,12000,7902,6,10,40,1511,146.2,927,wait,24,0,0,7,9,0,0,0,out-of-radius,0,0,0,0,0,7105,6,252,252,821,1638,3147,4041,4151,4968,reinforcements_2,reinforcements_2,nuke_2,nuke_2,0,0,0,1,8,1,0,0,1100,2000,580,1323
4419,9500,12000,7902,6,10,41,1525,150.9,930,wait,25,0,0,7,9,0,0,0,out-of-radius,0,0,0,0,0,7102,6,252,252,821,1641,3147,4041,4151,4971,reinforcements_2,reinforcements_2,nuke_2,nuke_2,0,0,0,1,8,1,0,0,1100,2000,593,1314
4422,9500,12000,7902,6,10,41,1625,152.0,930,wait,25,0,0,7,9,0,0,0,out-of-radius,0,0,0,0,0,7099,6,252,252,821,1644,3147,4044,4151,4974,reinforcements_2,reinforcements_2,nuke_2,nuke_2,0,0,0,1,8,1,0,0,1100,2000,604,1319
4425,9500,12000,7902,6,9,40,1611,147.3,927,wait,24,0,0,7,9,0,0,0,out-of-radius,0,0,0,0,0,7099,6,252,252,821,1644,3147,4047,4151,4974,reinforcements_2,reinforcements_2,nuke_2,nuke_2,0,0,0,0,8,1,0,0,1100,2000,604,1309
4428,9500,12000,7902,6,9,41,1625,152.0,930,wait,25,0,0,7,9,0,0,0,out-of-radius,0,0,0,0,0,7096,6,252,252,821,1647,3165,4047,4151,4977,reinforcements_2,reinforcements_2,nuke_2,nuke_2,0,0,0,0,8,1,0,0,1100,2000,613,1300
4431,9500,12000,7902,6,9,41,1700,157.0,930,wait,25,0,0,7,9,0,0,0,out-of-radius,0,0,0,0,0,7096,6,252,252,821,1647,3165,4047,4151,4977,reinforcements_2,reinforcements_2,nuke_2,nuke_2,0,0,0,0,8,1,0,0,1100,2000,627,1277
4434,9500,12000,7902,6,9,41,1700,157.0,930,wait,25,0,0,7,9,0,0,0,out-of-radius,0,0,0,0,0,7078,6,252,252,821,1665,3165,4065,4151,4995,reinforcements_2,reinforcements_2,nuke_2,nuke_2,0,0,0,0,8,1,0,0,1100,2000,639,1280
4437,9400,12000,7902,6,7,26,735,88.4,747,watch,15,0,0,3,8,0,0,0,out-of-radius,0,0,0,0,0,7075,6,252,252,821,1668,3327,4251,4151,4998,reinforcements_2,reinforcements_2,nuke_2,nuke_2,0,0,0,0,6,1,0,0,1000,2000,640,1504
4440,9400,12000,8154,6,7,26,735,88.4,747,watch,15,0,0,3,8,0,0,0,out-of-radius,0,0,0,0,0,7327,6,252,252,821,1668,3327,4251,4151,4998,reinforcements_2,reinforcements_2,nuke_2,nuke_2,0,0,0,0,6,1,0,0,1000,2000,656,1483
4443,9400,12000,74,7,7,26,735,88.4,747,watch,15,0,0,3,8,0,0,0,out-of-radius,0,0,0,0,0,7327,6,750,252,821,1668,3327,4251,4151,4998,reinforcements_2,reinforcements_2,nuke_2,nuke_2,0,0,0,0,6,1,0,0,1000,2000,672,1463
4446,9400,12000,74,7,7,26,735,88.4,747,watch,15,0,0,3,8,0,0,0,out-of-radius,0,0,0,0,0,7327,6,750,252,821,1668,3327,4251,4151,4998,reinforcements_2,reinforcements_2,nuke_2,nuke_2,0,0,0,0,6,1,0,0,1000,2000,688,1443
4449,9400,12000,74,7,7,25,735,88.4,666,watch,15,0,0,3,7,0,0,0,out-of-radius,0,0,0,0,0,7327,6,750,252,821,1668,3327,4332,4151,4998,reinforcements_2,reinforcements_2,nuke_2,nuke_2,0,0,0,0,6,1,0,0,1000,2000,703,1446
4452,9400,12000,74,7,7,25,735,88.4,666,watch,15,0,0,3,7,0,0,0,out-of-radius,0,0,0,0,0,7327,6,750,252,821,1668,3327,4332,4151,4998,reinforcements_2,reinforcements_2,nuke_2,nuke_2,0,0,0,0,6,1,0,0,1000,2000,719,1425
4455,9400,12000,74,7,7,25,735,88.4,666,watch,15,0,0,3,7,0,0,0,out-of-radius,0,0,0,0,0,7327,6,750,252,821,1668,3327,4332,4151,4998,reinforcements_2,reinforcements_2,nuke_2,nuke_2,0,0,0,0,6,1,0,0,1000,2000,739,1404
4458,9400,12000,74,7,7,25,735,88.4,666,watch,15,0,0,3,7,0,0,0,out-of-radius,0,0,0,0,0,7327,6,750,252,821,1668,3327,4332,4151,4998,reinforcements_2,reinforcements_2,nuke_2,nuke_2,0,0,0,0,6,1,0,0,1000,2000,763,1383
4461,9400,12000,74,7,7,25,735,88.4,666,watch,15,0,0,3,7,0,0,0,out-of-radius,0,0,0,0,0,7327,6,750,252,821,1668,3327,4332,4151,4998,reinforcements_2,reinforcements_2,nuke_2,nuke_2,0,0,0,0,6,1,0,0,1000,2000,782,1362
4464,9400,12000,74,7,7,25,735,88.4,666,watch,15,0,0,3,7,0,0,0,out-of-radius,0,0,0,0,0,7327,6,750,252,821,1668,3327,4332,4151,4998,reinforcements_2,reinforcements_2,nuke_2,nuke_2,0,0,0,0,6,1,0,0,1000,2000,795,1341
4467,9400,12000,74,7,6,25,1135,93.0,666,wait,15,0,0,3,7,0,0,0,out-of-radius,0,0,0,0,0,7327,6,750,252,821,1668,3408,4332,4151,4998,reinforcements_2,reinforcements_2,nuke_2,nuke_2,0,0,0,0,5,1,0,0,1000,2000,734,1316
4470,9400,12000,824,7,6,25,1135,93.0,666,wait,15,0,0,3,7,0,0,0,out-of-radius,0,0,0,0,0,7580,6,750,252,821,1668,3408,4332,4151,4998,reinforcements_2,reinforcements_2,nuke_2,nuke_2,0,0,0,0,5,1,0,0,1000,2000,754,1291
4473,9400,12000,824,7,6,24,1035,91.9,585,outmatched,15,0,0,3,6,0,0,0,out-of-radius,0,0,0,0,0,7580,6,750,252,821,1668,3408,4413,4151,4998,reinforcements_2,reinforcements_2,nuke_2,nuke_2,0,0,0,0,5,1,0,0,1000,2000,766,1281
4476,9400,12000,824,7,6,23,960,86.9,567,outmatched,15,0,0,2,6,0,0,0,out-of-radius,0,0,0,0,0,7580,6,750,252,821,1668,3408,4413,4151,4998,reinforcements_2,reinforcements_2,nuke_2,nuke_2,0,0,0,0,5,1,0,0,1000,2000,774,1273
4479,9400,12000,824,7,6,23,960,86.9,567,outmatched,15,0,0,2,6,0,0,0,out-of-radius,0,0,0,0,0,7580,6,750,252,821,1668,3408,4431,4151,4998,reinforcements_2,reinforcements_2,nuke_2,nuke_2,0,0,0,0,5,1,0,0,1000,2000,729,1248
4482,9400,12000,824,7,6,23,960,86.9,567,outmatched,15,0,0,2,6,0,0,0,out-of-radius,0,0,0,0,0,7580,6,750,252,821,1668,3408,4431,4151,4998,reinforcements_2,reinforcements_2,nuke_2,nuke_2,0,0,0,0,5,1,0,0,1000,2000,734,1225
4485,9400,12000,824,7,6,23,960,86.9,567,outmatched,15,0,0,2,6,0,0,0,out-of-radius,0,0,0,0,0,7580,6,750,252,821,1668,3408,4431,4151,4998,reinforcements_2,reinforcements_2,nuke_2,nuke_2,0,0,0,0,5,1,0,0,1000,2000,738,1203
4488,9400,12000,824,7,6,23,960,86.9,567,outmatched,15,0,0,2,6,0,0,0,out-of-radius,0,0,0,0,0,7580,6,750,252,821,1668,3408,4431,4151,4998,reinforcements_2,reinforcements_2,nuke_2,nuke_2,0,0,0,0,5,1,0,0,1000,2000,734,1182
4491,9400,12000,824,7,6,23,960,86.9,567,outmatched,15,0,0,2,6,0,0,0,out-of-radius,0,0,0,0,0,7580,6,750,252,821,1668,3408,4431,4151,4998,reinforcements_2,reinforcements_2,nuke_2,nuke_2,0,0,0,0,5,1,0,0,1000,2000,734,1163
4494,9400,12000,824,7,6,23,960,86.9,567,outmatched,15,0,0,2,6,0,0,0,out-of-radius,0,0,0,0,0,7580,6,750,252,821,1668,3408,4431,4151,4998,reinforcements_2,reinforcements_2,nuke_2,nuke_2,0,0,0,0,5,1,0,0,1000,2000,734,1145
4497,9400,12000,824,7,6,17,643,65.6,378,outmatched,12,0,0,1,4,0,0,0,out-of-radius,0,0,0,0,0,7580,6,750,252,821,1668,3408,4431,4151,4998,reinforcements_2,reinforcements_2,nuke_2,nuke_2,0,0,0,0,5,1,0,0,1000,2000,741,1199
4500,9400,12000,1574,7,6,17,643,65.6,378,outmatched,12,0,0,1,4,0,0,0,out-of-radius,0,0,0,0,0,7832,6,750,252,821,1668,3408,4620,4151,4998,reinforcements_2,reinforcements_2,nuke_2,nuke_2,0,0,0,0,5,1,0,0,1000,2000,691,1177
4503,9400,12000,1574,7,6,17,643,65.6,378,watch,12,0,0,1,4,0,0,0,out-of-radius,0,0,0,0,0,7832,6,750,252,821,1668,3408,4620,4151,4998,reinforcements_2,reinforcements_2,nuke_2,nuke_2,0,0,0,0,5,1,0,0,1000,2000,696,1156
4506,9400,12000,1574,7,6,17,643,65.6,378,watch,12,0,0,1,4,0,0,0,out-of-radius,0,0,0,0,0,7832,6,750,252,821,1668,3408,4620,4151,4998,reinforcements_2,reinforcements_2,nuke_2,nuke_2,0,0,0,0,5,1,0,0,1000,2000,701,1135
4509,9400,12000,1574,7,5,17,643,65.6,378,watch,12,0,0,1,4,0,0,0,out-of-radius,0,0,0,0,0,7832,6,750,252,821,1668,3746,4620,4151,4998,reinforcements_2,reinforcements_2,nuke_2,nuke_2,0,0,0,0,5,0,0,0,1000,2000,676,1115
4512,9400,12000,1574,7,5,17,643,65.6,378,watch,12,0,0,1,4,0,0,0,out-of-radius,0,0,0,0,0,7832,6,750,252,821,1668,3746,4620,4151,4998,reinforcements_2,reinforcements_2,nuke_2,nuke_2,0,0,0,0,5,0,0,0,1000,2000,688,1098
4515,9400,12000,1574,7,5,17,643,65.6,378,watch,12,0,0,1,4,0,0,0,out-of-radius,0,0,0,0,0,7832,6,750,252,821,1668,3746,4620,4151,4998,reinforcements_2,reinforcements_2,nuke_2,nuke_2,0,0,0,0,5,0,0,0,1000,2000,700,1081
4518,9400,12000,1574,7,5,17,643,65.6,378,watch,12,0,0,1,4,0,0,0,out-of-radius,0,0,0,0,0,7832,6,750,252,821,1668,3746,4620,4151,4998,reinforcements_2,reinforcements_2,nuke_2,nuke_2,0,0,0,0,5,0,0,0,1000,2000,712,1065
4521,9400,12000,1574,7,5,13,426,45.4,351,watch,9,0,0,0,4,0,0,0,out-of-radius,0,0,0,0,0,7832,6,750,252,821,1668,3746,4647,4151,4998,reinforcements_2,reinforcements_2,nuke_2,nuke_2,0,0,0,0,5,0,0,0,1000,2000,728,1143
4524,9400,12000,1574,7,5,13,426,45.4,351,watch,9,0,0,0,4,0,0,0,out-of-radius,0,0,0,0,0,7832,6,750,252,821,1668,3746,4647,4151,4998,reinforcements_2,reinforcements_2,nuke_2,nuke_2,0,0,0,0,5,0,0,0,1000,2000,740,1123
4527,9400,12000,1574,7,5,12,412,40.8,348,watch,8,0,0,0,4,0,0,0,out-of-radius,0,0,0,0,0,7832,6,750,252,821,1668,3746,4650,4151,4998,reinforcements_2,reinforcements_2,nuke_2,nuke_2,0,0,0,0,5,0,0,0,1000,2000,749,1119
4530,9400,12000,2324,7,5,12,412,40.8,348,watch,8,0,0,0,4,0,0,0,out-of-radius,0,0,0,0,0,8085,6,750,252,821,1668,3746,4650,4151,4998,reinforcements_2,reinforcements_2,nuke_2,nuke_2,0,0,0,0,5,0,0,0,1000,2000,757,1100
4533,9400,12000,2324,7,5,12,412,40.8,348,watch,8,0,0,0,4,0,0,0,out-of-radius,0,0,0,0,0,5,7,750,750,821,1668,3746,4650,4151,4998,reinforcements_2,reinforcements_2,nuke_2,nuke_2,0,0,0,0,5,0,0,0,1000,2000,769,1082
4536,9400,12000,2324,7,5,12,412,40.8,348,watch,8,0,0,0,4,0,0,0,out-of-radius,0,0,0,0,0,5,7,750,750,821,1668,3746,4650,4151,4998,reinforcements_2,reinforcements_2,nuke_2,nuke_2,0,0,0,0,5,0,0,0,1000,2000,781,1064
4539,9400,12000,2324,7,5,12,412,40.8,348,watch,8,0,0,0,4,0,0,0,out-of-radius,0,0,0,0,0,5,7,750,750,821,1668,3746,4650,4151,4998,reinforcements_2,reinforcements_2,nuke_2,nuke_2,0,0,0,0,5,0,0,0,1000,2000,793,1046
4542,9400,12000,2324,7,2,12,412,40.8,348,watch,8,0,0,0,4,0,0,0,out-of-radius,0,0,0,0,0,5,7,750,750,821,1668,3989,4650,4151,4998,reinforcements_2,reinforcements_2,nuke_2,nuke_2,0,0,0,0,2,0,0,0,1000,2000,735,1028
4545,9400,12000,2324,7,2,9,112,37.3,105,watch,8,0,0,0,1,0,0,0,out-of-radius,0,0,0,0,0,5,7,750,750,821,1668,3989,4893,4151,4998,reinforcements_2,reinforcements_2,nuke_2,nuke_2,0,0,0,0,2,0,0,0,1000,2000,750,1056
4548,9400,12000,2324,7,2,9,112,37.3,105,watch,8,0,0,0,1,0,0,0,out-of-radius,0,0,0,0,0,5,7,750,750,821,1668,3989,4893,4151,4998,reinforcements_2,reinforcements_2,nuke_2,nuke_2,0,0,0,0,2,0,0,0,1000,2000,765,1045
4551,9400,12000,2324,7,2,9,212,38.5,105,watch,8,0,0,0,1,0,0,0,out-of-radius,0,0,0,0,0,5,7,750,750,821,1668,3989,4893,4151,4998,reinforcements_2,reinforcements_2,nuke_2,nuke_2,0,0,0,0,2,0,0,0,1000,2000,780,1033
4554,9400,12000,2324,7,2,9,212,38.5,105,watch,8,0,0,0,1,0,0,0,out-of-radius,0,0,0,0,0,5,7,750,750,821,1668,3989,4893,4151,4998,reinforcements_2,reinforcements_2,nuke_2,nuke_2,0,0,0,0,2,0,0,0,1000,2000,795,1021
4557,9400,12000,2324,7,2,9,212,38.5,105,watch,8,0,0,0,1,0,0,0,out-of-radius,0,0,0,0,0,5,7,750,750,821,1668,3989,4893,4151,4998,reinforcements_2,reinforcements_2,nuke_2,nuke_2,0,0,0,0,2,0,0,0,1000,2000,810,1008
4560,9400,12000,3074,7,2,9,212,38.5,105,watch,8,0,0,0,1,0,0,0,out-of-radius,0,0,0,0,0,755,7,750,750,821,1668,3989,4893,4151,4998,reinforcements_2,reinforcements_2,nuke_2,nuke_2,0,0,0,0,2,0,0,0,1000,2000,825,997
4563,9400,12000,3074,7,2,4,142,15.1,90,watch,3,0,0,0,1,0,0,0,out-of-radius,0,0,0,0,0,755,7,750,750,821,1668,3989,4893,4151,4998,reinforcements_2,reinforcements_2,nuke_2,nuke_2,0,0,0,0,2,0,0,0,1000,2000,835,1084
4566,9400,12000,3074,7,2,4,142,15.1,90,watch,3,0,0,0,1,0,0,0,out-of-radius,0,0,0,0,0,755,7,750,750,821,1668,3989,4908,4151,4998,reinforcements_2,reinforcements_2,nuke_2,nuke_2,0,0,0,0,2,0,0,0,1000,2000,835,1066
4569,9400,12000,3074,7,2,4,142,15.1,90,watch,3,0,0,0,1,0,0,0,out-of-radius,0,0,0,0,0,755,7,750,750,821,1668,3989,4908,4151,4998,reinforcements_2,reinforcements_2,nuke_2,nuke_2,0,0,0,0,2,0,0,0,1000,2000,835,1051
4572,9400,12000,2894,7,3,3,214,7.0,165,watch,1,0,0,0,2,0,0,0,out-of-radius,0,0,0,0,0,575,7,750,750,821,1668,3989,4914,4151,4998,reinforcements_3,reinforcements_3,nuke_2,nuke_2,0,0,0,0,3,0,0,0,1000,2000,582,1407
4575,9400,12000,2894,7,3,3,214,7.0,165,watch,1,0,0,0,2,0,0,0,out-of-radius,0,0,0,0,0,575,7,750,750,821,1668,3989,4914,4232,5079,reinforcements_3,reinforcements_3,nuke_2,nuke_2,0,0,0,0,3,0,0,0,1000,2000,599,1384
4578,9400,12000,2894,7,3,3,214,7.0,165,watch,1,0,0,0,2,0,0,0,out-of-radius,0,0,0,0,0,575,7,750,750,821,1668,3989,4914,4232,5079,reinforcements_3,reinforcements_3,nuke_2,nuke_2,0,0,0,0,3,0,0,0,1000,2000,609,1364
4581,9400,12000,2894,7,3,3,214,7.0,165,watch,1,0,0,0,2,0,0,0,out-of-radius,0,0,0,0,0,575,7,750,750,821,1668,3989,4914,4232,5079,reinforcements_3,reinforcements_3,nuke_2,nuke_2,0,0,0,0,3,0,0,0,1000,2000,619,1344
4584,9400,12000,2894,7,3,4,314,8.1,246,watch,1,0,0,0,3,0,0,0,out-of-radius,0,0,0,0,0,575,7,750,750,821,1668,4070,4914,4313,5160,reinforcements_3,reinforcements_3,nuke_2,nuke_2,0,0,0,0,3,0,0,0,1000,2000,359,1461
4587,9400,12000,2894,7,3,4,314,8.1,246,watch,1,0,0,0,3,0,0,0,out-of-radius,0,0,0,0,0,575,7,750,750,821,1668,4070,4914,4313,5160,reinforcements_3,reinforcements_3,nuke_2,nuke_2,0,0,0,0,3,0,0,0,1000,2000,379,1438
4590,9400,12000,3644,7,3,4,314,8.1,246,watch,1,0,0,0,3,0,0,0,out-of-radius,0,0,0,0,0,1325,7,750,750,821,1668,4070,4914,4313,5160,reinforcements_3,reinforcements_3,nuke_2,nuke_2,0,0,0,0,3,0,0,0,1000,2000,399,1416
4593,9400,12000,3644,7,4,5,414,9.3,327,watch,1,0,0,0,4,0,0,0,out-of-radius,0,0,0,0,0,1325,7,750,750,821,1668,4070,4914,4394,5241,reinforcements_3,reinforcements_3,nuke_2,nuke_2,0,0,0,0,4,0,0,0,1000,2000,325,1491
4596,9400,12000,3644,7,4,5,414,9.3,327,watch,1,0,0,0,4,0,0,0,out-of-radius,0,0,0,0,0,1325,7,750,750,821,1668,4070,4914,4394,5241,reinforcements_3,reinforcements_3,nuke_2,nuke_2,0,0,0,0,4,0,0,0,1000,2000,348,1467
4599,9400,12000,3644,7,4,4,400,4.6,324,watch,0,0,0,0,4,0,0,0,out-of-radius,0,0,0,0,0,1325,7,750,750,821,1668,4070,4917,4394,5241,reinforcements_3,reinforcements_3,nuke_2,nuke_2,0,0,0,0,4,0,0,0,1000,2000,375,1568
4602,9400,12000,3644,7,5,5,500,5.7,405,watch,0,0,0,0,5,0,0,0,out-of-radius,0,0,0,0,0,1325,7,750,750,821,1668,4070,4917,4394,5241,reinforcements_3,reinforcements_3,nuke_2,nuke_2,0,0,0,0,5,0,0,0,1000,2000,331,1609
4605,9400,12000,3644,7,5,5,500,5.7,405,watch,0,0,0,0,5,0,0,0,out-of-radius,0,0,0,0,0,1325,7,750,750,821,1668,4070,4917,4475,5322,reinforcements_3,reinforcements_3,nuke_2,nuke_2,0,0,0,0,5,0,0,0,1000,2000,361,1579
4608,9400,12000,3644,7,5,5,500,5.7,405,watch,0,0,0,0,5,0,0,0,out-of-radius,0,0,0,0,0,1325,7,750,750,821,1668,4070,4917,4475,5322,reinforcements_3,reinforcements_3,nuke_2,nuke_2,0,0,0,0,5,0,0,0,1000,2000,320,1551
4611,9400,12000,3644,7,5,5,500,5.7,405,watch,0,0,0,0,5,0,0,0,out-of-radius,0,0,0,0,0,1325,7,750,750,821,1668,4070,4917,4475,5322,reinforcements_3,reinforcements_3,nuke_2,nuke_2,0,0,0,0,5,0,0,0,1000,2000,344,1521
4614,9400,12000,3644,7,6,6,600,6.9,486,watch,0,0,0,0,6,0,0,0,out-of-radius,0,0,0,0,0,1325,7,750,750,821,1668,4070,4917,4556,5403,reinforcements_3,reinforcements_3,nuke_2,nuke_2,0,0,0,0,6,0,0,0,1000,2000,316,1554
4617,9400,12000,3644,7,6,6,600,6.9,486,watch,0,0,0,0,6,0,0,0,out-of-radius,0,0,0,0,0,1325,7,750,750,821,1668,4070,4917,4556,5403,reinforcements_3,reinforcements_3,nuke_2,nuke_2,0,0,0,0,6,0,0,0,1000,2000,340,1524
4620,9400,12000,4394,7,6,6,600,6.9,486,watch,0,0,0,0,6,0,0,0,out-of-radius,0,0,0,0,0,2075,7,750,750,821,1668,4070,4917,4556,5403,reinforcements_3,reinforcements_3,nuke_2,nuke_2,0,0,0,0,6,0,0,0,1000,2000,366,1494
4623,9400,12000,4394,7,6,6,600,6.9,486,watch,0,0,0,0,6,0,0,0,out-of-radius,0,0,0,0,0,2075,7,750,750,821,1668,4070,4917,4556,5403,reinforcements_3,reinforcements_3,nuke_2,nuke_2,0,0,0,0,6,0,0,0,1000,2000,390,1464
4626,9400,12000,4394,7,6,6,600,6.9,486,watch,0,0,0,0,6,0,0,0,out-of-radius,0,0,0,0,0,2075,7,750,750,821,1668,4070,4917,4556,5403,reinforcements_3,reinforcements_3,nuke_2,nuke_2,0,0,0,0,6,0,0,0,1000,2000,416,1434
4629,9400,12000,4394,7,6,6,600,6.9,486,watch,0,0,0,0,6,0,0,0,out-of-radius,0,0,0,0,0,2075,7,750,750,821,1668,4070,4917,4556,5403,reinforcements_3,reinforcements_3,nuke_2,nuke_2,0,0,0,0,6,0,0,0,1000,2000,440,1404
4632,9400,12000,4394,7,6,6,600,6.9,486,watch,0,0,0,0,6,0,0,0,out-of-radius,0,0,0,0,0,2075,7,750,750,821,1668,4070,4917,4556,5403,reinforcements_3,reinforcements_3,nuke_2,nuke_2,0,0,0,0,6,0,0,0,1000,2000,466,1374
4635,9400,12000,4394,7,6,6,600,6.9,486,watch,0,0,0,0,6,0,0,0,out-of-radius,0,0,0,0,0,2075,7,750,750,821,1668,4070,4917,4556,5403,reinforcements_3,reinforcements_3,nuke_2,nuke_2,0,0,0,0,6,0,0,0,1000,2000,490,1344
4638,9400,12000,4394,7,6,5,500,5.7,405,watch,0,0,0,0,5,0,0,0,out-of-radius,0,0,0,0,0,2075,7,750,750,821,1668,4070,4917,4556,5403,reinforcements_3,reinforcements_3,nuke_2,nuke_2,0,0,0,0,6,0,0,0,1000,2000,455,1430
4641,9400,12000,4394,7,6,5,500,5.7,405,watch,0,0,0,0,5,0,0,0,out-of-radius,0,0,0,0,0,2075,7,750,750,821,1668,4070,4998,4556,5403,reinforcements_3,reinforcements_3,nuke_2,nuke_2,0,0,0,0,6,0,0,0,1000,2000,478,1400
4644,9400,12000,4394,7,6,5,500,5.7,405,watch,0,0,0,0,5,0,0,0,out-of-radius,0,0,0,0,0,2075,7,750,750,821,1668,4070,4998,4556,5403,reinforcements_3,reinforcements_3,nuke_2,nuke_2,0,0,0,0,6,0,0,0,1000,2000,503,1370
4647,9400,12000,4394,7,6,5,500,5.7,405,watch,0,0,0,0,5,0,0,0,out-of-radius,0,0,0,0,0,2075,7,750,750,821,1668,4070,4998,4556,5403,reinforcements_3,reinforcements_3,nuke_2,nuke_2,0,0,0,0,6,0,0,0,1000,2000,528,1340
4650,9400,12000,5144,7,6,5,500,5.7,405,watch,0,0,0,0,5,0,0,0,out-of-radius,0,0,0,0,0,2825,7,750,750,821,1668,4070,4998,4556,5403,reinforcements_3,reinforcements_3,nuke_2,nuke_2,0,0,0,0,6,0,0,0,1000,2000,553,1310
4653,9400,12000,5144,7,6,5,500,5.7,405,watch,0,0,0,0,5,0,0,0,out-of-radius,0,0,0,0,0,2825,7,750,750,821,1668,4070,4998,4556,5403,reinforcements_3,reinforcements_3,nuke_2,nuke_2,0,0,0,0,6,0,0,0,1000,2000,578,1280
4656,9400,12000,5144,7,6,5,500,5.7,405,watch,0,0,0,0,5,0,0,0,out-of-radius,0,0,0,0,0,2825,7,750,750,821,1668,4070,4998,4556,5403,reinforcements_3,reinforcements_3,nuke_2,nuke_2,0,0,0,0,6,0,0,0,1000,2000,603,1250
4659,9400,12000,5144,7,6,5,500,5.7,405,watch,0,0,0,0,5,0,0,0,out-of-radius,0,0,0,0,0,2825,7,750,750,821,1668,4070,4998,4556,5403,reinforcements_3,reinforcements_3,nuke_2,nuke_2,0,0,0,0,6,0,0,0,1000,2000,628,1220
4662,9400,12000,5144,7,6,5,500,5.7,405,watch,0,0,0,0,5,0,0,0,out-of-radius,0,0,0,0,0,2825,7,750,750,821,1668,4070,4998,4556,5403,reinforcements_3,reinforcements_3,nuke_2,nuke_2,0,0,0,0,6,0,0,0,1000,2000,653,1190
4665,9400,12000,5144,7,6,5,500,5.7,405,watch,0,0,0,0,5,0,0,0,out-of-radius,0,0,0,0,0,2825,7,750,750,821,1668,4070,4998,4556,5403,reinforcements_3,reinforcements_3,nuke_2,nuke_2,0,0,0,0,6,0,0,0,1000,2000,678,1160
4668,9400,12000,5144,7,6,5,400,4.6,405,watch,0,0,0,0,5,0,0,0,out-of-radius,0,0,0,0,0,2825,7,750,750,821,1668,4070,4998,4556,5403,reinforcements_3,reinforcements_3,nuke_2,nuke_2,0,0,0,0,6,0,0,0,1000,2000,700,1204
4671,9400,12000,5144,7,6,5,400,4.6,405,watch,0,0,0,0,5,0,0,0,out-of-radius,0,0,0,0,0,2825,7,750,750,821,1668,4070,4998,4556,5403,reinforcements_3,reinforcements_3,nuke_2,nuke_2,0,0,0,0,6,0,0,0,1000,2000,728,1180
4674,9400,12000,5144,7,5,5,300,3.4,405,watch,0,0,0,0,5,0,0,0,out-of-radius,0,0,0,0,0,2825,7,750,750,821,1668,4151,4998,4556,5403,reinforcements_3,reinforcements_3,nuke_2,nuke_2,0,0,0,0,5,0,0,0,1000,2000,716,1232
4677,9400,12000,5144,7,5,5,300,3.4,405,watch,0,0,0,0,5,0,0,0,out-of-radius,0,0,0,0,0,2825,7,750,750,821,1668,4151,4998,4556,5403,reinforcements_3,reinforcements_3,nuke_2,nuke_2,0,0,0,0,5,0,0,0,1000,2000,746,1214
4680,9400,12000,5894,7,5,5,300,3.4,405,watch,0,0,0,0,5,0,0,0,out-of-radius,0,0,0,0,0,3575,7,750,750,821,1668,4151,4998,4556,5403,reinforcements_3,reinforcements_3,nuke_2,nuke_2,0,0,0,0,5,0,0,0,1000,2000,700,1198
4683,9400,12000,5894,7,5,5,200,2.3,405,watch,0,0,0,0,5,0,0,0,out-of-radius,0,0,0,0,0,3575,7,750,750,821,1668,4151,4998,4556,5403,reinforcements_3,reinforcements_3,nuke_2,nuke_2,0,0,0,0,5,0,0,0,1000,2000,722,1251
4686,9400,12000,5894,7,5,5,200,2.3,405,watch,0,0,0,0,5,0,0,0,out-of-radius,0,0,0,0,0,3575,7,750,750,821,1668,4151,4998,4556,5403,reinforcements_3,reinforcements_3,nuke_2,nuke_2,0,0,0,0,5,0,0,0,1000,2000,746,1239
4689,9400,12000,5894,7,5,5,200,2.3,405,watch,0,0,0,0,5,0,0,0,out-of-radius,0,0,0,0,0,3575,7,750,750,821,1668,4151,4998,4556,5403,reinforcements_3,reinforcements_3,nuke_2,nuke_2,0,0,0,0,5,0,0,0,1000,2000,697,1229
4692,9400,12000,5894,7,5,5,200,2.3,405,watch,0,0,0,0,5,0,0,0,out-of-radius,0,0,0,0,0,3575,7,750,750,821,1668,4151,4998,4556,5403,reinforcements_3,reinforcements_3,nuke_2,nuke_2,0,0,0,0,5,0,0,0,1000,2000,715,1217
4695,9400,12000,5894,7,5,5,100,1.1,405,watch,0,0,0,0,5,0,0,0,out-of-radius,0,0,0,0,0,3575,7,750,750,821,1668,4151,4998,4556,5403,reinforcements_3,reinforcements_3,nuke_2,nuke_2,0,0,0,0,5,0,0,0,1000,2000,731,1281
4698,9400,12000,5894,7,5,5,100,1.1,405,watch,0,0,0,0,5,0,0,0,out-of-radius,0,0,0,0,0,3575,7,750,750,821,1668,4151,4998,4556,5403,reinforcements_3,reinforcements_3,nuke_2,nuke_2,0,0,0,0,5,0,0,0,1000,2000,677,1277
4701,9400,12000,5894,7,5,5,200,2.3,405,watch,0,0,0,0,5,0,0,0,out-of-radius,0,0,0,0,0,3575,7,750,750,821,1668,4151,4998,4556,5403,reinforcements_3,reinforcements_3,nuke_2,nuke_2,0,0,0,0,5,0,0,0,1000,2000,689,1267
4704,9400,12000,5894,7,5,5,100,1.1,405,watch,0,0,0,0,5,0,0,0,out-of-radius,0,0,0,0,0,3575,7,750,750,821,1668,4151,4998,4556,5403,reinforcements_3,reinforcements_3,nuke_2,nuke_2,0,0,0,0,5,0,0,0,1000,2000,699,1329
4707,9400,12000,5894,7,5,5,200,2.3,405,watch,0,0,0,0,5,0,0,0,out-of-radius,0,0,0,0,0,3575,7,750,750,821,1668,4151,4998,4556,5403,reinforcements_3,reinforcements_3,nuke_2,nuke_2,0,0,0,0,5,0,0,0,1000,2000,711,1317
4710,9400,12000,6644,7,5,5,200,2.3,405,watch,0,0,0,0,5,0,0,0,out-of-radius,0,0,0,0,0,4325,7,750,750,821,1668,4151,4998,4556,5403,reinforcements_3,reinforcements_3,nuke_2,nuke_2,0,0,0,0,5,0,0,0,1000,2000,725,1305
4713,9400,12000,6644,7,5,5,200,2.3,405,watch,0,0,0,0,5,0,0,0,out-of-radius,0,0,0,0,0,4325,7,750,750,821,1668,4151,4998,4556,5403,reinforcements_3,reinforcements_3,nuke_2,nuke_2,0,0,0,0,5,0,0,0,1000,2000,743,1293
4716,9400,12000,6644,7,5,5,300,3.4,405,watch,0,0,0,0,5,0,0,0,out-of-radius,0,0,0,0,0,4325,7,750,750,821,1668,4151,4998,4556,5403,reinforcements_3,reinforcements_3,nuke_2,nuke_2,0,0,0,0,5,0,0,0,1000,2000,761,1277
4719,9400,12000,6644,7,5,5,300,3.4,405,watch,0,0,0,0,5,0,0,0,out-of-radius,0,0,0,0,0,4325,7,750,750,821,1668,4151,4998,4556,5403,reinforcements_3,reinforcements_3,nuke_2,nuke_2,0,0,0,0,5,0,0,0,1000,2000,704,1261
4722,9400,12000,6644,7,5,5,300,3.4,405,watch,0,0,0,0,5,0,0,0,out-of-radius,0,0,0,0,0,4325,7,750,750,821,1668,4151,4998,4556,5403,reinforcements_3,reinforcements_3,nuke_2,nuke_2,0,0,0,0,5,0,0,0,1000,2000,722,1243
4725,9400,12000,6644,7,5,5,400,4.6,405,watch,0,0,0,0,5,0,0,0,out-of-radius,0,0,0,0,0,4325,7,750,750,821,1668,4151,4998,4556,5403,reinforcements_3,reinforcements_3,nuke_2,nuke_2,0,0,0,0,5,0,0,0,1000,2000,740,1223
4728,9400,12000,6644,7,5,5,400,4.6,405,watch,0,0,0,0,5,0,0,0,out-of-radius,0,0,0,0,0,4325,7,750,750,821,1668,4151,4998,4556,5403,reinforcements_3,reinforcements_3,nuke_2,nuke_2,0,0,0,0,5,0,0,0,1000,2000,758,1199
4731,9400,12000,6644,7,5,5,300,3.4,405,watch,0,0,0,0,5,0,0,0,out-of-radius,0,0,0,0,0,4325,7,750,750,821,1668,4151,4998,4556,5403,reinforcements_3,reinforcements_3,nuke_2,nuke_2,0,0,0,0,5,0,0,0,1000,2000,777,1247
4734,9400,12000,6644,7,5,5,300,3.4,405,watch,0,0,0,0,5,0,0,0,out-of-radius,0,0,0,0,0,4325,7,750,750,821,1668,4151,4998,4556,5403,reinforcements_3,reinforcements_3,nuke_2,nuke_2,0,0,0,0,5,0,0,0,1000,2000,801,1229
4737,9400,12000,6644,7,5,5,400,4.6,405,watch,0,0,0,0,5,0,0,0,out-of-radius,0,0,0,0,0,4325,7,750,750,821,1668,4151,4998,4556,5403,reinforcements_3,reinforcements_3,nuke_2,nuke_2,0,0,0,0,5,0,0,0,1000,2000,751,1208
4740,9400,12000,7394,7,5,5,400,4.6,405,watch,0,0,0,0,5,0,0,0,out-of-radius,0,0,0,0,0,5075,7,750,750,821,1668,4151,4998,4556,5403,reinforcements_3,reinforcements_3,nuke_2,nuke_2,0,0,0,0,5,0,0,0,1000,2000,769,1184
4743,9400,12000,7394,7,5,5,300,3.4,405,watch,0,0,0,0,5,0,0,0,out-of-radius,0,0,0,0,0,5075,7,750,750,821,1668,4151,4998,4556,5403,reinforcements_3,reinforcements_3,nuke_2,nuke_2,0,0,0,0,5,0,0,0,1000,2000,785,1235
4746,9400,12000,7394,7,5,5,300,3.4,405,watch,0,0,0,0,5,0,0,0,out-of-radius,0,0,0,0,0,5075,7,750,750,821,1668,4151,4998,4556,5403,reinforcements_3,reinforcements_3,nuke_2,nuke_2,0,0,0,0,5,0,0,0,1000,2000,731,1219
4749,9400,12000,7394,7,5,5,300,3.4,405,watch,0,0,0,0,5,0,0,0,out-of-radius,0,0,0,0,0,5075,7,750,750,821,1668,4151,4998,4556,5403,reinforcements_3,reinforcements_3,nuke_2,nuke_2,0,0,0,0,5,0,0,0,1000,2000,743,1201
4752,9400,12000,7394,7,5,5,200,2.3,405,watch,0,0,0,0,5,0,0,0,out-of-radius,0,0,0,0,0,5075,7,750,750,821,1668,4151,4998,4556,5403,reinforcements_3,reinforcements_3,nuke_2,nuke_2,0,0,0,0,5,0,0,0,1000,2000,758,1258
4755,9400,12000,7394,7,5,5,200,2.3,405,watch,0,0,0,0,5,0,0,0,out-of-radius,0,0,0,0,0,5075,7,750,750,821,1668,4151,4998,4556,5403,reinforcements_3,reinforcements_3,nuke_2,nuke_2,0,0,0,0,5,0,0,0,1000,2000,776,1246
4758,9400,12000,7394,7,5,5,200,2.3,405,watch,0,0,0,0,5,0,0,0,out-of-radius,0,0,0,0,0,5075,7,750,750,821,1668,4151,4998,4556,5403,reinforcements_3,reinforcements_3,nuke_2,nuke_2,0,0,0,0,5,0,0,0,1000,2000,719,1236
4761,9400,12000,7394,7,5,5,100,1.1,405,watch,0,0,0,0,5,0,0,0,out-of-radius,0,0,0,0,0,5075,7,750,750,821,1668,4151,4998,4556,5403,reinforcements_3,reinforcements_3,nuke_2,nuke_2,0,0,0,0,5,0,0,0,1000,2000,728,1296
4764,9400,12000,7394,7,5,5,100,1.1,405,watch,0,0,0,0,5,0,0,0,out-of-radius,0,0,0,0,0,5075,7,750,750,821,1668,4151,4998,4556,5403,reinforcements_3,reinforcements_3,nuke_2,nuke_2,0,0,0,0,5,0,0,0,1000,2000,740,1290
4767,9400,12000,6419,7,5,5,200,2.3,405,watch,0,0,0,0,5,0,0,0,out-of-radius,0,0,0,0,0,4100,7,750,750,821,1668,4151,4998,4556,5403,reinforcements_3,reinforcements_3,nuke_2,nuke_2,0,0,0,0,5,0,0,0,1000,2000,678,1280
4770,9400,12000,7169,7,5,5,200,2.3,405,watch,0,0,0,0,5,0,0,0,out-of-radius,0,0,0,0,0,4850,7,750,750,821,1668,4151,4998,4556,5403,reinforcements_3,reinforcements_3,nuke_2,nuke_2,0,0,0,0,5,0,0,0,1000,2000,686,1268
4773,9400,12000,7169,7,5,5,100,1.1,405,watch,0,0,0,0,5,0,0,0,out-of-radius,0,0,0,0,0,4850,7,750,750,821,1668,4151,4998,4556,5403,reinforcements_3,reinforcements_3,nuke_2,nuke_2,0,0,0,0,5,0,0,0,1000,2000,696,1332
4776,9400,12000,7169,7,5,5,200,2.3,405,watch,0,0,0,0,5,0,0,0,out-of-radius,0,0,0,0,0,4850,7,750,750,821,1668,4151,4998,4556,5403,reinforcements_3,reinforcements_3,nuke_2,nuke_2,0,0,0,0,5,0,0,0,1000,2000,708,1322
4779,9400,12000,7169,7,5,5,200,2.3,405,watch,0,0,0,0,5,0,0,0,out-of-radius,0,0,0,0,0,4850,7,750,750,821,1668,4151,4998,4556,5403,reinforcements_3,reinforcements_3,nuke_2,nuke_2,0,0,0,0,5,0,0,0,1000,2000,720,1310
4782,9400,12000,7169,7,5,5,200,2.3,405,watch,0,0,0,0,5,0,0,0,out-of-radius,0,0,0,0,0,4850,7,750,750,821,1668,4151,4998,4556,5403,reinforcements_3,reinforcements_3,nuke_2,nuke_2,0,0,0,0,5,0,0,0,1000,2000,738,1298
4785,9400,12000,7169,7,5,5,300,3.4,405,watch,0,0,0,0,5,0,0,0,out-of-radius,0,0,0,0,0,4850,7,750,750,821,1668,4151,4998,4556,5403,reinforcements_3,reinforcements_3,nuke_2,nuke_2,0,0,0,0,5,0,0,0,1000,2000,756,1284
4788,9400,12000,7169,7,5,5,300,3.4,405,watch,0,0,0,0,5,0,0,0,out-of-radius,0,0,0,0,0,4850,7,750,750,821,1668,4151,4998,4556,5403,reinforcements_3,reinforcements_3,nuke_2,nuke_2,0,0,0,0,5,0,0,0,1000,2000,699,1269
4791,9400,12000,7169,7,5,5,300,3.4,405,watch,0,0,0,0,5,0,0,0,out-of-radius,0,0,0,0,0,4850,7,750,750,821,1668,4151,4998,4556,5403,reinforcements_3,reinforcements_3,nuke_2,nuke_2,0,0,0,0,5,0,0,0,1000,2000,715,1251
4794,9400,12000,7169,7,5,5,300,3.4,405,watch,0,0,0,0,5,0,0,0,out-of-radius,0,0,0,0,0,4850,7,750,750,821,1668,4151,4998,4556,5403,reinforcements_3,reinforcements_3,nuke_2,nuke_2,0,0,0,0,5,0,0,0,1000,2000,733,1233
4797,9400,12000,7169,7,5,5,400,4.6,405,watch,0,0,0,0,5,0,0,0,out-of-radius,0,0,0,0,0,4850,7,750,750,821,1668,4151,4998,4556,5403,reinforcements_3,reinforcements_3,nuke_2,nuke_2,0,0,0,0,5,0,0,0,1000,2000,751,1209
4800,9400,12000,7919,7,5,5,400,4.6,405,watch,0,0,0,0,5,0,0,0,out-of-radius,0,0,0,0,0,5600,7,750,750,821,1668,4151,4998,4556,5403,reinforcements_3,reinforcements_3,nuke_2,nuke_2,0,0,0,0,5,0,0,0,1000,2000,771,1185
4803,9400,12000,7919,7,5,5,300,3.4,405,watch,0,0,0,0,5,0,0,0,out-of-radius,0,0,0,0,0,5600,7,750,750,821,1668,4151,4998,4556,5403,reinforcements_3,reinforcements_3,nuke_2,nuke_2,0,0,0,0,5,0,0,0,1000,2000,791,1237
4806,9400,12000,7919,7,5,5,400,4.6,405,watch,0,0,0,0,5,0,0,0,out-of-radius,0,0,0,0,0,5600,7,750,750,821,1668,4151,4998,4556,5403,reinforcements_3,reinforcements_3,nuke_2,nuke_2,0,0,0,0,5,0,0,0,1000,2000,744,1217
4809,9400,12000,7919,7,5,5,400,4.6,405,watch,0,0,0,0,5,0,0,0,out-of-radius,0,0,0,0,0,5600,7,750,750,821,1668,4151,4998,4556,5403,reinforcements_3,reinforcements_3,nuke_2,nuke_2,0,0,0,0,5,0,0,0,1000,2000,762,1193
4812,9400,12000,7919,7,5,5,300,3.4,405,watch,0,0,0,0,5,0,0,0,out-of-radius,0,0,0,0,0,5600,7,750,750,821,1668,4151,4998,4556,5403,reinforcements_3,reinforcements_3,nuke_2,nuke_2,0,0,0,0,5,0,0,0,1000,2000,778,1242
4815,9400,12000,9419,7,5,5,300,3.4,405,watch,0,0,0,0,5,0,0,0,out-of-radius,0,0,0,0,0,7100,7,750,750,821,1668,4151,4998,4556,5403,reinforcements_3,reinforcements_3,nuke_2,nuke_2,0,0,0,0,5,0,0,0,1000,2000,796,1224
4818,9400,12000,9419,7,5,5,300,3.4,405,watch,0,0,0,0,5,0,0,0,out-of-radius,0,0,0,0,0,7100,7,750,750,821,1668,4151,4998,4556,5403,reinforcements_3,reinforcements_3,nuke_2,nuke_2,0,0,0,0,5,0,0,0,1000,2000,738,1208
4821,9400,12000,9419,7,5,5,200,2.3,405,watch,0,0,0,0,5,0,0,0,out-of-radius,0,0,0,0,0,7100,7,750,750,821,1668,4151,4998,4556,5403,reinforcements_3,reinforcements_3,nuke_2,nuke_2,0,0,0,0,5,0,0,0,1000,2000,752,1262
4824,9400,12000,9419,7,5,5,200,2.3,405,watch,0,0,0,0,5,0,0,0,out-of-radius,0,0,0,0,0,7100,7,750,750,821,1668,4151,4998,4556,5403,reinforcements_3,reinforcements_3,nuke_2,nuke_2,0,0,0,0,5,0,0,0,1000,2000,770,1250
4827,9400,12000,9419,7,5,5,200,2.3,405,watch,0,0,0,0,5,0,0,0,out-of-radius,0,0,0,0,0,7100,7,750,750,821,1668,4151,4998,4556,5403,reinforcements_3,reinforcements_3,nuke_2,nuke_2,0,0,0,0,5,0,0,0,1000,2000,714,1240
4830,9400,12000,10169,7,5,5,200,2.3,405,watch,0,0,0,0,5,0,0,0,out-of-radius,0,0,0,0,0,7850,7,750,750,821,1668,4151,4998,4556,5403,reinforcements_3,reinforcements_3,nuke_2,nuke_2,0,0,0,0,5,0,0,0,1000,2000,726,1228
4833,9400,12000,10169,7,5,5,100,1.1,405,watch,0,0,0,0,5,0,0,0,out-of-radius,0,0,0,0,0,7850,7,750,750,821,1668,4151,4998,4556,5403,reinforcements_3,reinforcements_3,nuke_2,nuke_2,0,0,0,0,5,0,0,0,1000,2000,736,1291
4836,9400,12000,10169,7,5,5,200,2.3,405,watch,0,0,0,0,5,0,0,0,out-of-radius,0,0,0,0,0,7850,7,750,750,821,1668,4151,4998,4556,5403,reinforcements_3,reinforcements_3,nuke_2,nuke_2,0,0,0,0,5,0,0,0,1000,2000,676,1284
4839,9400,12000,10169,7,5,5,200,2.3,405,watch,0,0,0,0,5,0,0,0,out-of-radius,0,0,0,0,0,7850,7,750,750,821,1668,4151,4998,4556,5403,reinforcements_3,reinforcements_3,nuke_2,nuke_2,0,0,0,0,5,0,0,0,1000,2000,682,1272
4842,9400,12000,10169,7,5,5,100,1.1,405,watch,0,0,0,0,5,0,0,0,out-of-radius,0,0,0,0,0,7850,7,750,750,821,1668,4151,4998,4556,5403,reinforcements_3,reinforcements_3,nuke_2,nuke_2,0,0,0,0,5,0,0,0,1000,2000,692,1334
4845,9400,12000,10169,7,5,5,200,2.3,405,watch,0,0,0,0,5,0,0,0,out-of-radius,0,0,0,0,0,7850,7,750,750,821,1668,4151,4998,4556,5403,reinforcements_3,reinforcements_3,nuke_2,nuke_2,0,0,0,0,5,0,0,0,1000,2000,704,1326
4848,9400,12000,10169,7,5,5,200,2.3,405,watch,0,0,0,0,5,0,0,0,out-of-radius,0,0,0,0,0,7850,7,750,750,821,1668,4151,4998,4556,5403,reinforcements_3,reinforcements_3,nuke_2,nuke_2,0,0,0,0,5,0,0,0,1000,2000,716,1314
4851,9400,12000,10169,7,5,5,200,2.3,405,watch,0,0,0,0,5,0,0,0,out-of-radius,0,0,0,0,0,7850,7,750,750,821,1668,4151,4998,4556,5403,reinforcements_3,reinforcements_3,nuke_2,nuke_2,0,0,0,0,5,0,0,0,1000,2000,732,1302
4854,9400,12000,10169,7,5,5,200,2.3,405,watch,0,0,0,0,5,0,0,0,out-of-radius,0,0,0,0,0,7850,7,750,750,821,1668,4151,4998,4556,5403,reinforcements_3,reinforcements_3,nuke_2,nuke_2,0,0,0,0,5,0,0,0,1000,2000,750,1290
4857,9400,12000,10169,7,5,5,300,3.4,405,watch,0,0,0,0,5,0,0,0,out-of-radius,0,0,0,0,0,7850,7,750,750,821,1668,4151,4998,4556,5403,reinforcements_3,reinforcements_3,nuke_2,nuke_2,0,0,0,0,5,0,0,0,1000,2000,695,1275
4860,9400,12000,10919,7,5,5,300,3.4,405,watch,0,0,0,0,5,0,0,0,out-of-radius,0,0,0,0,0,8600,7,750,750,821,1668,4151,4998,4556,5403,reinforcements_3,reinforcements_3,nuke_2,nuke_2,0,0,0,0,5,0,0,0,1000,2000,709,1257
4863,9400,12000,10919,7,5,5,300,3.4,405,watch,0,0,0,0,5,0,0,0,out-of-radius,0,0,0,0,0,8600,7,750,750,821,1668,4151,4998,4556,5403,reinforcements_3,reinforcements_3,nuke_2,nuke_2,0,0,0,0,5,0,0,0,1000,2000,727,1239
4866,9400,12000,10919,7,5,5,400,4.6,405,watch,0,0,0,0,5,0,0,0,out-of-radius,0,0,0,0,0,8600,7,750,750,821,1668,4151,4998,4556,5403,reinforcements_3,reinforcements_3,nuke_2,nuke_2,0,0,0,0,5,0,0,0,1000,2000,745,1217
4869,9400,12000,10919,7,5,5,400,4.6,405,watch,0,0,0,0,5,0,0,0,out-of-radius,0,0,0,0,0,8600,7,750,750,821,1668,4151,4998,4556,5403,reinforcements_3,reinforcements_3,nuke_2,nuke_2,0,0,0,0,5,0,0,0,1000,2000,763,1193
4872,9400,12000,10919,7,5,5,300,3.4,405,watch,0,0,0,0,5,0,0,0,out-of-radius,0,0,0,0,0,8600,7,750,750,821,1668,4151,4998,4556,5403,reinforcements_3,reinforcements_3,nuke_2,nuke_2,0,0,0,0,5,0,0,0,1000,2000,785,1241
4875,9400,12000,10919,7,5,5,400,4.6,405,watch,0,0,0,0,5,0,0,0,out-of-radius,0,0,0,0,0,8600,7,750,750,821,1668,4151,4998,4556,5403,reinforcements_3,reinforcements_3,nuke_2,nuke_2,0,0,0,0,5,0,0,0,1000,2000,809,1221
4878,9400,12000,9479,7,6,6,3830,5.3,2471,watch,0,0,0,0,5,0,1,0,out-of-radius,0,0,0,0,0,7160,7,750,750,821,1668,4151,4998,6622,7469,reinforcements_3,reinforcements_3,nuke_2,nuke_2,0,0,0,0,5,0,1,0,1000,2000,634,1312
4881,9400,12000,9479,7,6,6,3730,4.1,2471,critical,0,0,0,0,5,0,1,0,out-of-radius,0,0,0,0,0,7160,7,750,750,821,1668,4151,4998,6622,7469,reinforcements_3,reinforcements_3,nuke_2,nuke_2,0,0,0,0,5,0,1,0,1000,2000,653,1347
4884,9400,12000,9479,7,6,6,3730,4.1,2471,critical,0,0,0,0,5,0,1,0,out-of-radius,0,0,0,0,0,7160,7,750,750,821,1668,4151,4998,6622,7469,reinforcements_3,reinforcements_3,nuke_2,nuke_2,0,0,0,0,5,0,1,0,1000,2000,673,1327
4887,9400,12000,9476,7,8,7,7160,4.8,4537,critical,0,0,0,0,5,0,2,0,out-of-radius,0,0,0,0,0,7160,7,750,750,824,1668,4151,4998,6625,7469,reinforcements_3,reinforcements_3,nuke_2,nuke_2,1,0,0,0,5,0,2,0,1000,2000,482,1392
4890,9400,12000,10226,7,8,7,7160,4.8,4537,critical,0,0,0,0,5,0,2,0,out-of-radius,0,0,0,0,0,7910,7,750,750,824,1668,4151,4998,8691,9535,reinforcements_3,reinforcements_3,nuke_2,nuke_2,1,0,0,0,5,0,2,0,1000,2000,500,1371
4893,9400,12000,10226,7,8,8,7135,8.6,4555,critical,0,0,0,1,5,0,2,0,out-of-radius,0,0,0,0,0,7892,7,750,750,824,1686,4151,4998,8691,9553,reinforcements_3,reinforcements_3,nuke_2,nuke_2,1,0,0,0,5,0,2,0,1000,2000,520,1462
4896,9400,12000,10223,7,9,8,7135,8.6,4555,critical,0,0,0,1,5,0,2,0,out-of-radius,0,0,0,0,0,7892,7,750,750,827,1686,4151,4998,8691,9553,reinforcements_3,reinforcements_3,nuke_2,nuke_2,2,0,0,0,5,0,2,0,1000,2000,447,1444
4899,9400,12000,10223,7,10,10,10640,14.3,6639,critical,0,0,0,2,5,0,3,0,out-of-radius,0,0,0,0,0,7874,7,750,750,827,1704,4151,4998,10760,11637,reinforcements_3,reinforcements_3,nuke_2,nuke_2,2,0,0,0,5,0,3,0,1000,2000,422,1512
4902,9400,12000,10220,7,11,11,10615,18.1,6657,critical,0,0,0,3,5,0,3,0,out-of-radius,0,0,0,0,0,7856,7,750,750,830,1722,4151,4998,10763,11655,reinforcements_3,reinforcements_3,nuke_2,nuke_2,3,0,0,0,5,0,3,0,1000,2000,405,1559
4905,9400,12000,10220,7,11,11,10715,19.3,6657,critical,0,0,0,3,5,0,3,0,out-of-radius,0,0,0,0,0,7856,7,750,750,830,1722,4151,4998,10763,11655,reinforcements_3,reinforcements_3,nuke_2,nuke_2,3,0,0,0,5,0,3,0,1000,2000,425,1536
4908,9400,12000,10217,7,13,13,14220,24.9,8741,critical,0,0,0,4,5,0,4,0,out-of-radius,0,0,0,0,0,7838,7,750,750,833,1740,4151,4998,12832,13739,reinforcements_3,reinforcements_3,nuke_2,nuke_2,4,0,0,0,5,0,4,0,1000,2000,353,1569
4911,9400,12000,10214,7,14,13,14120,23.8,8741,critical,0,0,0,4,5,0,4,0,out-of-radius,0,0,0,0,0,7838,7,750,750,836,1740,4151,4998,12832,13739,reinforcements_3,reinforcements_3,nuke_2,nuke_2,5,0,0,0,5,0,4,0,1000,2000,349,1571
4914,9400,12000,10214,7,14,14,14195,28.8,8759,critical,0,0,0,5,5,0,4,0,out-of-radius,0,0,0,0,0,7820,7,750,750,836,1758,4151,4998,12835,13757,reinforcements_3,reinforcements_3,nuke_2,nuke_2,5,0,0,0,5,0,4,0,1000,2000,369,1570
4917,9400,12000,10211,7,16,16,17800,35.6,10843,critical,0,0,0,6,5,0,5,0,out-of-radius,0,0,0,0,0,7802,7,750,750,839,1776,4151,4998,12838,13775,reinforcements_3,reinforcements_3,nuke_2,nuke_2,6,0,0,0,5,0,5,0,1000,2000,345,1586
4920,9400,12000,10961,7,16,16,17800,35.6,10843,critical,0,0,0,6,5,0,5,0,out-of-radius,0,0,0,0,0,8552,7,750,750,839,1776,4151,4998,14904,15841,reinforcements_3,reinforcements_3,nuke_2,nuke_2,6,0,0,0,5,0,5,0,1000,2000,367,1558
4923,9400,12000,10958,7,17,17,17875,40.6,10861,critical,0,0,0,7,5,0,5,0,out-of-radius,0,0,0,0,0,8534,7,750,750,842,1794,4151,4998,14907,15859,reinforcements_3,reinforcements_3,nuke_2,nuke_2,7,0,0,0,5,0,5,0,1000,2000,370,1551
4926,9400,12000,10955,7,18,17,17975,41.8,10861,critical,0,0,0,7,5,0,5,0,out-of-radius,0,0,0,0,0,8534,7,750,750,845,1794,4151,4998,14907,15859,reinforcements_3,reinforcements_3,nuke_2,nuke_2,8,0,0,0,5,0,5,0,1000,2000,354,1522
4929,9400,12000,10955,7,18,18,18050,46.8,10879,critical,0,0,0,8,5,0,5,0,out-of-radius,0,0,0,0,0,8516,7,750,750,845,1812,4151,4998,14910,15877,reinforcements_3,reinforcements_3,nuke_2,nuke_2,8,0,0,0,5,0,5,0,1000,2000,375,1512
4932,9400,12000,10952,7,19,18,18050,46.8,10879,critical,0,0,0,8,5,0,5,0,out-of-radius,0,0,0,0,0,8496,7,750,750,848,1812,4151,4998,14913,15877,reinforcements_3,reinforcements_3,nuke_2,nuke_2,9,0,0,0,5,0,5,0,8400,12000,380,1482
4935,9400,12000,10952,7,19,18,18150,47.9,10879,critical,0,0,0,8,5,0,5,0,out-of-radius,0,0,0,0,0,8496,7,750,750,848,1812,4151,4998,14913,15877,reinforcements_3,reinforcements_3,nuke_2,nuke_2,9,0,0,0,5,0,5,0,8400,12000,402,1450
4938,9400,12000,10949,7,20,19,18225,52.9,10897,critical,0,0,0,9,5,0,5,0,out-of-radius,0,0,0,0,0,8478,7,750,750,851,1830,4151,4998,14916,15895,reinforcements_3,reinforcements_3,nuke_2,nuke_2,10,0,0,0,5,0,5,0,8400,12000,407,1442
4941,9400,12000,10946,7,21,18,18125,51.8,10816,critical,0,0,0,9,4,0,5,0,out-of-radius,0,0,0,0,0,8478,7,750,750,854,1830,4151,4998,14916,15895,reinforcements_3,reinforcements_3,nuke_2,nuke_2,11,0,0,0,5,0,5,0,8400,12000,412,1432
4944,9400,12000,10946,7,21,19,18200,56.8,10834,critical,0,0,0,10,4,0,5,0,out-of-radius,0,0,0,0,0,8460,7,750,750,854,1848,4151,5079,14919,15913,reinforcements_3,reinforcements_3,nuke_2,nuke_2,11,0,0,0,5,0,5,0,8400,12000,436,1424
4947,9400,12000,10943,7,21,20,18375,62.9,10852,critical,0,0,0,11,4,0,5,0,out-of-radius,0,0,0,0,0,8442,7,750,750,857,1866,4232,5079,14922,15931,reinforcements_3,reinforcements_3,nuke_2,nuke_2,12,0,0,0,4,0,5,0,8400,12000,415,1415
4950,9400,12000,11693,7,21,20,18375,62.9,10852,critical,0,0,0,11,4,0,5,0,out-of-radius,0,0,0,0,0,9192,7,750,750,857,1866,4232,5079,14922,15931,reinforcements_3,reinforcements_3,nuke_2,nuke_2,12,0,0,0,4,0,5,0,8400,12000,438,1380
4953,9400,12000,11690,7,22,20,18350,66.8,10789,critical,0,0,0,12,3,0,5,0,out-of-radius,0,0,0,0,0,9174,7,750,750,860,1884,4232,5160,14925,15949,reinforcements_3,reinforcements_3,nuke_2,nuke_2,13,0,0,0,4,0,5,0,8400,12000,443,1390
4956,22616,23000,11664,7,21,20,18350,66.8,10789,critical,0,0,0,12,3,0,5,0,out-of-radius,0,0,0,0,0,9174,7,750,750,860,1884,4232,5160,14925,15949,reinforcements_3,reinforcements_3,nuke_2,nuke_2,13,0,0,0,3,0,5,0,8400,12000,442,1355
4959,22616,23000,11664,7,21,20,18350,66.8,10789,critical,0,0,0,12,3,0,5,0,out-of-radius,0,0,0,0,0,9147,7,750,750,860,1884,4313,5160,14925,15949,reinforcements_3,reinforcements_3,nuke_2,nuke_2,13,0,0,0,3,0,5,0,20699,23000,465,1320
4962,22616,23000,11661,7,22,19,18250,65.6,10708,critical,0,0,0,12,2,0,5,0,out-of-radius,0,0,0,0,0,9129,7,750,750,863,1902,4313,5259,14928,15967,reinforcements_3,reinforcements_3,nuke_2,nuke_2,14,0,0,0,3,0,5,0,20699,23000,469,1348
4965,22616,23000,11661,7,22,19,18250,65.6,10708,critical,0,0,0,12,2,0,5,0,out-of-radius,0,0,0,0,0,9129,7,750,750,863,1902,4313,5259,14928,15967,reinforcements_3,reinforcements_3,nuke_2,nuke_2,14,0,0,0,3,0,5,0,20699,23000,491,1313
4968,22616,23000,11658,7,22,18,14820,64.9,8642,critical,0,0,0,12,2,0,4,0,out-of-radius,0,0,0,0,0,9111,7,750,750,866,1920,6379,7343,14931,15985,reinforcements_3,reinforcements_3,nuke_2,nuke_2,15,0,0,0,3,0,4,0,20699,23000,475,1344
4971,22616,23000,11655,7,21,17,14720,63.8,8561,critical,0,0,0,12,1,0,4,0,out-of-radius,0,0,0,0,0,9111,7,750,750,869,1920,6541,7424,14931,15985,reinforcements_3,reinforcements_3,nuke_2,nuke_2,16,0,0,0,1,0,4,0,20699,23000,435,1328
4974,22616,23000,11655,7,21,17,14720,63.8,8561,critical,0,0,0,12,1,0,4,0,out-of-radius,0,0,0,0,0,9093,7,750,750,869,1938,6541,7424,14934,16003,reinforcements_3,reinforcements_3,nuke_2,nuke_2,16,0,0,0,1,0,4,0,20699,23000,458,1345
4977,22616,23000,11652,7,22,18,14795,68.8,8579,critical,0,0,0,13,1,0,4,0,out-of-radius,0,0,0,0,0,9075,7,750,750,872,1956,6541,7442,14937,16021,reinforcements_3,reinforcements_3,nuke_2,nuke_2,17,0,0,0,1,0,4,0,20699,23000,461,1341
4980,22616,23000,12402,7,21,17,11290,63.1,8561,critical,0,0,0,12,1,0,4,0,out-of-radius,0,0,0,0,0,9825,7,750,750,872,1956,8607,7460,14937,16021,reinforcements_3,reinforcements_3,nuke_2,nuke_2,17,0,0,0,1,0,3,0,20699,23000,463,1328
4983,22616,23000,12399,7,21,18,11365,68.1,8579,critical,0,0,0,13,1,0,4,0,out-of-radius,0,0,0,0,0,9807,7,750,750,875,1974,8688,7460,14940,16039,reinforcements_3,reinforcements_3,nuke_2,nuke_2,18,0,0,0,0,0,3,0,20699,23000,443,1327
4986,34000,34000,12332,7,21,17,11265,67.0,8498,critical,0,0,0,13,0,0,4,0,out-of-radius,0,0,0,0,0,9807,7,750,750,875,1974,8688,7541,14940,16039,reinforcements_3,reinforcements_3,nuke_2,nuke_2,18,0,0,0,0,0,3,0,20699,23000,464,1315
4989,34000,34000,12332,7,21,18,11340,72.0,8516,critical,0,0,0,14,0,0,4,0,out-of-radius,0,0,0,0,0,9789,7,750,750,875,1992,8688,7541,14940,16057,reinforcements_3,reinforcements_3,nuke_2,nuke_2,18,0,0,0,0,0,3,0,20699,23000,485,1315
4992,34000,34000,12329,7,21,19,11415,77.0,8534,critical,0,0,0,15,0,0,4,0,out-of-radius,0,0,0,0,0,9771,7,750,750,878,2010,10754,7541,14943,16075,reinforcements_3,reinforcements_3,nuke_2,nuke_2,19,0,0,0,0,0,2,0,20699,23000,467,1315
4995,34000,34000,12329,7,21,16,7835,66.3,6432,critical,0,0,0,13,0,0,3,0,out-of-radius,0,0,0,0,0,9771,7,750,750,878,2010,10754,9643,14943,16075,reinforcements_3,reinforcements_3,nuke_2,nuke_2,19,0,0,0,0,0,2,0,20699,23000,488,1349
4998,34000,34000,12329,7,21,17,7910,71.3,6450,outmatched,0,0,0,14,0,0,3,0,out-of-radius,0,0,0,0,0,9753,7,750,750,878,2028,10754,9643,14943,16093,reinforcements_3,reinforcements_3,nuke_2,nuke_2,19,0,0,0,0,0,2,0,20699,23000,508,1349
5001,34000,34000,12329,7,20,17,7910,71.3,6450,outmatched,0,0,0,14,0,0,3,0,out-of-radius,0,0,0,0,0,9753,7,750,750,878,2028,10754,9643,14943,16093,reinforcements_3,reinforcements_3,nuke_2,nuke_2,19,0,0,0,0,0,1,0,20699,23000,512,1318
5004,34000,34000,12329,7,20,15,4405,65.7,4366,outmatched,0,0,0,13,0,0,2,0,out-of-radius,0,0,0,0,0,9735,7,750,750,878,2046,12820,11745,14943,16111,reinforcements_3,reinforcements_3,nuke_2,nuke_2,19,0,0,0,0,0,1,0,20699,23000,533,1393
5007,34000,34000,12329,7,20,16,4480,70.7,4384,wait,0,0,0,14,0,0,2,0,out-of-radius,0,0,0,0,0,9717,7,750,750,878,2064,12820,11745,14943,16129,reinforcements_3,reinforcements_3,nuke_2,nuke_2,19,0,0,0,0,0,1,0,20699,23000,554,1391
5010,34000,34000,13079,7,19,16,7910,71.3,4384,wait,0,0,0,14,0,0,2,0,out-of-radius,0,0,0,0,0,10467,7,750,750,878,2064,14886,11745,14943,16129,reinforcements_3,reinforcements_3,nuke_2,nuke_2,19,0,0,0,0,0,0,0,20699,23000,557,1355
5013,34000,34000,13079,7,19,17,7985,76.3,4402,outmatched,0,0,0,15,0,0,2,0,out-of-radius,0,0,0,0,0,10449,7,750,750,878,2082,14886,11745,14943,16147,reinforcements_3,reinforcements_3,nuke_2,nuke_2,19,0,0,0,0,0,0,0,20699,23000,577,1355
5016,34000,34000,13079,7,18,17,7985,76.3,4402,outmatched,0,0,0,15,0,0,2,0,out-of-radius,0,0,0,0,0,10449,7,750,750,878,2082,14889,11745,14943,16147,reinforcements_3,reinforcements_3,nuke_2,nuke_2,18,0,0,0,0,0,0,0,20699,23000,579,1319
5019,34000,34000,13079,7,17,18,8060,81.3,4420,outmatched,0,0,0,16,0,0,2,0,out-of-radius,0,0,0,0,0,10431,7,750,750,878,2100,14892,11745,14943,16165,reinforcements_3,reinforcements_3,nuke_2,nuke_2,17,0,0,0,0,0,0,0,20699,23000,581,1316
5022,34000,34000,13079,7,16,19,8135,86.3,4438,outmatched,0,0,0,17,0,0,2,0,out-of-radius,0,0,0,0,0,10413,7,750,750,878,2118,14895,11745,14943,16183,reinforcements_3,reinforcements_3,nuke_2,nuke_2,16,0,0,0,0,0,0,0,20699,23000,584,1315
5025,34000,34000,13079,7,15,19,8135,86.3,4438,outmatched,0,0,0,17,0,0,2,0,out-of-radius,0,0,0,0,0,10413,7,750,750,878,2118,14898,11745,14943,16183,reinforcements_3,reinforcements_3,nuke_2,nuke_2,15,0,0,0,0,0,0,0,20699,23000,586,1281
5028,34000,34000,13079,7,14,20,8210,91.3,4456,outmatched,0,0,0,18,0,0,2,0,out-of-radius,0,0,0,0,0,10395,7,750,750,878,2136,14901,11745,14943,16201,reinforcements_3,reinforcements_3,nuke_2,nuke_2,14,0,0,0,0,0,0,0,20699,23000,589,1280
5031,34000,34000,13079,7,13,20,8210,91.3,4456,outmatched,0,0,0,18,0,0,2,0,out-of-radius,0,0,0,0,0,10395,7,750,750,878,2136,14904,11745,14943,16201,reinforcements_3,reinforcements_3,nuke_2,nuke_2,13,0,0,0,0,0,0,0,20699,23000,591,1248
5034,34000,34000,13079,7,12,21,8285,96.3,4474,outmatched,0,0,0,19,0,0,2,0,out-of-radius,0,0,0,0,0,10377,7,750,750,878,2154,14907,11745,14943,16219,reinforcements_3,reinforcements_3,nuke_2,nuke_2,12,0,0,0,0,0,0,0,20699,23000,593,1247
5037,34000,34000,13079,7,11,22,8360,101.3,4492,outmatched,0,0,0,20,0,0,2,0,out-of-radius,0,0,0,0,0,10359,7,750,750,878,2172,14910,11745,14943,16237,reinforcements_3,reinforcements_3,nuke_2,nuke_2,11,0,0,0,0,0,0,0,20699,23000,594,1246
5040,34000,34000,13829,7,10,22,8360,101.3,4492,outmatched,0,0,0,20,0,0,2,0,out-of-radius,0,0,0,0,0,11109,7,750,750,878,2172,14913,11745,14943,16237,reinforcements_3,reinforcements_3,nuke_2,nuke_2,10,0,0,0,0,0,0,0,20699,23000,595,1213
5043,34000,34000,13829,7,9,23,8435,106.3,4510,outmatched,0,0,0,21,0,0,2,0,out-of-radius,0,0,0,0,0,11091,7,750,750,878,2190,14916,11745,14943,16255,reinforcements_3,reinforcements_3,nuke_2,nuke_2,9,0,0,0,0,0,0,0,20699,23000,596,1211
5046,34000,34000,13829,7,8,23,8435,106.3,4510,outmatched,0,0,0,21,0,0,2,0,out-of-radius,0,0,0,0,0,11091,7,750,750,878,2190,14919,11745,14943,16255,reinforcements_3,reinforcements_3,nuke_2,nuke_2,8,0,0,0,0,0,0,0,20699,23000,596,1179
5049,34000,34000,13829,7,7,24,8510,111.3,4528,outmatched,0,0,0,22,0,0,2,0,out-of-radius,0,0,0,0,0,11073,7,750,750,878,2208,14922,11745,14943,16273,reinforcements_3,reinforcements_3,nuke_2,nuke_2,7,0,0,0,0,0,0,0,20699,23000,595,1177
5052,34000,34000,13826,7,7,25,8585,116.3,4546,critical,0,0,0,23,0,0,2,0,out-of-radius,0,0,0,0,0,11055,7,750,750,881,2226,14925,11745,14946,16291,reinforcements_3,reinforcements_3,nuke_2,nuke_2,7,0,0,0,0,0,0,0,20699,23000,517,1172
5055,34000,34000,13826,7,6,25,8585,116.3,4546,critical,0,0,0,23,0,0,2,0,out-of-radius,0,0,0,0,0,11055,7,750,750,881,2226,14928,11745,14946,16291,reinforcements_3,reinforcements_3,nuke_2,nuke_2,6,0,0,0,0,0,0,0,20699,23000,510,1137
5058,34000,34000,13823,7,6,26,8660,121.3,4564,critical,0,0,0,24,0,0,2,0,out-of-radius,0,0,0,0,0,11037,7,750,750,884,2244,14931,11745,14949,16309,reinforcements_3,reinforcements_3,nuke_2,nuke_2,6,0,0,0,0,0,0,0,20699,23000,426,1134
5061,34000,34000,11757,7,6,26,8660,121.3,4564,wipe,0,0,0,24,0,0,2,0,-,8,8,4240,4240,3,11037,7,750,750,2950,2244,14934,11745,14949,16309,reinforcements_3,reinforcements_3,nuke_2,nuke_2,5,0,0,0,0,0,1,0,20699,23000,333,1102
5064,34000,34000,11757,7,5,27,8735,126.3,4582,wipe,0,0,0,25,0,0,2,0,-,8,8,4240,4240,3,11019,7,750,750,2950,2262,14937,11745,17015,16327,reinforcements_3,reinforcements_3,nuke_2,nuke_2,4,0,0,0,0,0,1,0,20699,23000,294,1100
5067,34000,34000,11754,7,5,28,8810,131.3,4600,critical,0,0,0,26,0,0,2,0,cooldown,9,9,4258,4258,0,11001,7,750,750,2953,2280,14940,11745,17018,16345,reinforcements_3,reinforcements_3,nuke_2,nuke_2,4,0,0,0,0,0,1,0,20699,23000,198,1098
5070,34000,34000,12504,7,4,27,8735,126.3,4582,critical,0,0,0,25,0,0,2,0,cooldown,9,9,4258,4258,0,11751,7,750,750,2953,2280,14940,11745,17018,16345,reinforcements_3,reinforcements_3,nuke_2,nuke_2,3,0,0,0,0,0,1,0,20699,23000,125,1079
5073,34000,34000,12501,7,5,28,8810,131.3,4600,critical,0,0,0,26,0,0,2,0,cooldown,9,9,4258,4258,36,11733,7,750,750,2956,2298,14943,11763,17021,16363,reinforcements_3,reinforcements_3,nuke_2,nuke_2,4,0,0,0,0,0,1,0,20699,23000,131,1071
5076,34000,34000,12498,7,6,28,8810,131.3,4600,critical,0,0,0,26,0,0,2,0,cooldown,10,9,4276,4258,101,11733,7,750,750,2959,2298,14943,11763,17021,16363,reinforcements_3,reinforcements_3,nuke_2,nuke_2,5,0,0,0,0,0,1,0,20699,23000,137,1032
5079,34000,34000,12498,7,6,29,8885,136.3,4618,critical,0,0,0,27,0,0,2,0,cooldown,10,9,4276,4258,101,11715,7,750,750,2959,2316,14943,11763,17024,16381,reinforcements_3,reinforcements_3,nuke_2,nuke_2,5,0,0,0,0,0,1,0,20699,23000,159,1024
5082,34000,34000,12495,7,7,30,8960,141.3,4636,critical,0,0,0,28,0,0,2,0,cooldown,11,9,4294,4258,166,11697,7,750,750,2962,2334,14943,11763,17027,16399,reinforcements_3,reinforcements_3,nuke_2,nuke_2,6,0,0,0,0,0,1,0,20699,23000,164,1016
5085,34000,34000,12495,7,7,30,8960,141.3,4636,critical,0,0,0,28,0,0,2,0,cooldown,11,9,4294,4258,166,11697,7,750,750,2962,2334,14943,11763,17027,16399,reinforcements_3,reinforcements_3,nuke_2,nuke_2,6,0,0,0,0,0,1,0,20699,23000,186,977
5088,34000,34000,12492,7,8,31,9035,146.3,4654,critical,0,0,0,29,0,0,2,0,cooldown,12,9,4312,4258,231,11679,7,750,750,2965,2352,14943,11763,17030,16417,reinforcements_3,reinforcements_3,nuke_2,nuke_2,7,0,0,0,0,0,1,0,20699,23000,190,969
5091,34000,34000,10426,7,9,25,8585,116.3,4546,wipe,0,0,0,23,0,0,2,0,-,7,4,4222,4168,260,11679,7,750,750,5031,2352,14943,11763,17030,16417,reinforcements_3,reinforcements_3,nuke_2,nuke_2,7,0,0,0,0,0,2,0,20699,23000,188,1065
5094,34000,34000,10426,7,9,26,8660,121.3,4564,wipe,0,0,0,24,0,0,2,0,-,7,4,4222,4168,260,11661,7,750,750,5031,2370,14943,11871,19096,16435,reinforcements_3,reinforcements_3,nuke_2,nuke_2,7,0,0,0,0,0,2,0,20699,23000,208,1060
5097,45000,45000,10257,7,8,27,8735,126.3,4582,wipe,0,0,0,25,0,0,2,0,-,7,4,4222,4168,260,11643,7,750,750,5031,2388,17009,11871,19096,16453,reinforcements_3,reinforcements_3,nuke_2,nuke_2,7,0,0,0,0,0,1,0,20699,23000,216,1056
5100,45000,45000,11007,7,6,27,8735,126.3,4582,wipe,0,0,0,25,0,0,2,0,-,7,4,4222,4168,260,12393,7,750,750,5031,2388,17012,11871,19096,16453,reinforcements_3,reinforcements_3,nuke_2,nuke_2,5,0,0,0,0,0,1,0,20699,23000,197,1023
5103,45000,45000,11007,7,6,28,8810,131.3,4600,outmatched,0,0,0,26,0,0,2,0,cooldown,9,6,4258,4204,286,12375,7,750,750,5031,2406,17015,11871,19096,16471,reinforcements_3,reinforcements_3,nuke_2,nuke_2,5,0,0,0,0,0,1,0,20699,23000,219,1017
5106,45000,45000,11004,7,6,28,8810,131.3,4600,critical,0,0,0,26,0,0,2,0,cooldown,10,6,4276,4204,325,12375,7,750,750,5034,2406,17018,11871,19096,16471,reinforcements_3,reinforcements_3,nuke_2,nuke_2,5,0,0,0,0,0,1,0,20699,23000,195,982
5109,45000,45000,11004,7,5,29,8885,136.3,4618,critical,0,0,0,27,0,0,2,0,cooldown,10,6,4276,4204,325,12357,7,750,750,5034,2424,17021,11871,19099,16489,reinforcements_3,reinforcements_3,nuke_2,nuke_2,4,0,0,0,0,0,1,0,20699,23000,197,977
5112,45000,45000,11001,7,5,30,8960,141.3,4636,critical,0,0,0,28,0,0,2,0,cooldown,11,7,4294,4222,354,12339,7,750,750,5037,2442,17024,11871,19102,16507,reinforcements_3,reinforcements_3,nuke_2,nuke_2,4,0,0,0,0,0,1,0,20699,23000,170,974
5115,45000,45000,11001,7,4,25,1875,125.0,450,critical,0,0,0,25,0,0,0,0,cooldown,11,7,4294,4222,354,12339,7,750,750,5037,2442,17027,16057,19102,16507,reinforcements_3,reinforcements_3,nuke_2,nuke_2,3,0,0,0,0,0,1,0,20699,23000,164,1069
5118,45000,45000,10998,7,5,26,1950,130.0,468,block,0,0,0,26,0,0,0,0,cooldown,7,2,126,36,355,12321,7,750,750,5040,2460,17027,16057,19105,16525,reinforcements_3,reinforcements_3,nuke_2,nuke_2,4,0,0,0,0,0,1,0,20699,23000,154,1064
5121,45000,45000,10995,7,6,26,1950,130.0,468,block,0,0,0,26,0,0,0,0,lost-scoring,8,3,144,54,355,12321,7,750,750,5043,2460,17027,16057,19105,16525,reinforcements_3,reinforcements_3,nuke_2,nuke_2,5,0,0,0,0,0,1,0,20699,23000,147,1028
5124,45000,45000,10995,7,5,27,2025,135.0,486,block,0,0,0,27,0,0,0,0,lost-scoring,8,3,144,54,355,12303,7,750,750,5043,2478,17030,16057,19108,16543,reinforcements_3,reinforcements_3,nuke_2,nuke_2,4,0,0,0,0,0,1,0,20699,23000,142,1025
5127,45000,45000,10995,7,5,28,2100,140.0,504,wait,0,0,0,28,0,0,0,0,lost-scoring,9,4,162,72,355,12285,7,750,750,5043,2496,17030,16057,19108,16561,reinforcements_3,reinforcements_3,nuke_2,nuke_2,4,0,0,0,0,0,1,0,20699,23000,158,1022
5130,45000,45000,11745,7,5,28,2100,140.0,504,wait,0,0,0,28,0,0,0,0,lost-scoring,9,4,162,72,355,13035,7,750,750,5043,2496,17030,16057,19108,16561,reinforcements_3,reinforcements_3,nuke_2,nuke_2,4,0,0,0,0,0,1,0,20699,23000,175,988
5133,45000,45000,11664,7,6,29,2175,145.0,522,wipe,0,0,0,29,0,0,0,0,-,10,5,180,90,355,13017,7,750,750,5124,2514,17030,16057,19189,16579,reinforcements_3,reinforcements_3,nuke_2,nuke_2,4,0,0,0,1,0,1,0,20699,23000,168,986
5136,45000,45000,11664,7,6,29,2175,145.0,522,wait,0,0,0,29,0,0,0,0,cooldown,11,6,198,108,355,13017,7,750,750,5124,2514,17030,16057,19189,16579,reinforcements_3,reinforcements_3,nuke_2,nuke_2,4,0,0,0,1,0,1,0,20699,23000,186,954
5139,45000,45000,11664,7,6,30,2250,150.0,540,wait,0,0,0,30,0,0,0,0,cooldown,11,6,198,108,355,12999,7,750,750,5124,2532,17030,16057,19189,16597,reinforcements_3,reinforcements_3,nuke_2,nuke_2,4,0,0,0,1,0,1,0,20699,23000,202,953
5142,45000,45000,11664,7,6,31,2325,155.0,558,wait,0,0,0,31,0,0,0,0,cooldown,12,7,216,126,355,12981,7,750,750,5124,2550,17030,16057,19189,16615,reinforcements_3,reinforcements_3,nuke_2,nuke_2,4,0,0,0,1,0,1,0,20699,23000,216,953
5145,45000,45000,11664,7,4,31,2325,155.0,558,wait,0,0,0,31,0,0,0,0,cooldown,12,7,216,126,355,12981,7,750,750,5124,2550,17036,16057,19189,16615,reinforcements_3,reinforcements_3,nuke_2,nuke_2,2,0,0,0,1,0,1,0,20699,23000,212,923
5148,45000,45000,11664,7,4,32,2400,160.0,576,wait,0,0,0,32,0,0,0,0,cooldown,13,8,234,144,355,12963,7,750,750,5124,2568,17036,16057,19189,16633,reinforcements_3,reinforcements_3,nuke_2,nuke_2,2,0,0,0,1,0,1,0,20699,23000,227,923
5151,45000,45000,11664,7,3,32,2400,160.0,576,wait,0,0,0,32,0,0,0,0,cooldown,14,9,252,162,355,12963,7,750,750,5124,2568,17039,16057,19189,16633,reinforcements_3,reinforcements_3,nuke_2,nuke_2,1,0,0,0,1,0,1,0,20699,23000,233,894
5154,45000,45000,11664,7,3,32,2400,160.0,576,wait,0,0,0,32,0,0,0,0,cooldown,14,9,252,162,355,12945,7,750,750,5124,2586,17039,16075,19189,16651,reinforcements_3,reinforcements_3,nuke_2,nuke_2,1,0,0,0,1,0,1,0,20699,23000,239,914
5157,45000,45000,11664,7,2,33,2475,165.0,594,wait,0,0,0,33,0,0,0,0,cooldown,14,9,252,162,351,12927,7,750,750,5124,2604,17042,16075,19189,16669,reinforcements_3,reinforcements_3,nuke_2,nuke_2,0,0,0,0,1,0,1,0,20699,23000,221,915
5160,45000,45000,12414,7,2,24,1800,120.0,432,wait,0,0,0,24,0,0,0,0,cooldown,14,9,252,162,351,13677,7,750,750,5124,2604,17042,16237,19189,16669,reinforcements_3,reinforcements_3,nuke_2,nuke_2,0,0,0,0,1,0,1,0,20699,23000,226,1100
5163,45000,45000,12411,7,3,25,1875,125.0,450,block,0,0,0,25,0,0,0,0,lost-scoring,6,1,108,18,325,13659,7,750,750,5127,2622,17042,16237,19192,16687,reinforcements_3,reinforcements_3,nuke_2,nuke_2,1,0,0,0,1,0,1,0,20699,23000,177,1095
5166,45000,45000,12408,7,4,25,1875,125.0,450,block,0,0,0,25,0,0,0,0,lost-scoring,7,2,126,36,331,13659,7,750,750,5130,2622,17042,16237,19192,16687,reinforcements_3,reinforcements_3,nuke_2,nuke_2,2,0,0,0,1,0,1,0,20699,23000,151,1057
5169,45000,45000,12408,7,4,26,1950,130.0,468,block,0,0,0,26,0,0,0,0,lost-scoring,7,2,126,36,331,13641,7,750,750,5130,2640,17042,16237,19195,16705,reinforcements_3,reinforcements_3,nuke_2,nuke_2,2,0,0,0,1,0,1,0,20699,23000,161,1054
5172,45000,45000,12405,7,5,27,2025,135.0,486,block,0,0,0,27,0,0,0,0,lost-scoring,8,3,144,54,331,13623,7,750,750,5133,2658,17042,16237,19198,16723,reinforcements_3,reinforcements_3,nuke_2,nuke_2,3,0,0,0,1,0,1,0,20699,23000,149,1050
5175,45000,45000,12405,7,5,27,2025,135.0,486,block,0,0,0,27,0,0,0,0,lost-scoring,8,3,144,54,331,13623,7,750,750,5133,2658,17042,16237,19198,16723,reinforcements_3,reinforcements_3,nuke_2,nuke_2,3,0,0,0,1,0,1,0,20699,23000,161,1016
5178,45000,45000,12324,7,6,28,2100,140.0,504,wipe,0,0,0,28,0,0,0,0,-,9,5,162,90,331,13605,7,750,750,5214,2676,17042,16237,19279,16741,reinforcements_3,reinforcements_3,nuke_2,nuke_2,3,0,0,0,2,0,1,0,20699,23000,153,1014
5181,45000,45000,10884,7,6,28,2100,140.0,504,wait,0,0,0,28,0,0,0,0,cooldown,10,6,180,108,331,13605,7,750,750,5214,2676,17042,16237,19279,16741,reinforcements_3,reinforcements_3,nuke_2,nuke_2,3,0,0,0,2,0,1,0,20699,23000,168,980
5184,45000,45000,10884,7,7,30,5605,145.7,2588,wait,0,0,0,29,0,0,1,0,cooldown,10,6,180,108,331,12147,7,750,750,5214,2694,17042,16237,21345,18825,reinforcements_3,reinforcements_3,nuke_2,nuke_2,3,0,0,0,2,0,2,0,20699,23000,162,1010
5187,45000,45000,10884,7,7,31,5680,150.7,2606,outmatched,0,0,0,30,0,0,1,0,cooldown,11,7,198,126,331,12129,7,750,750,5214,2712,17042,16237,21345,18843,reinforcements_3,reinforcements_3,nuke_2,nuke_2,3,0,0,0,2,0,2,0,20699,23000,180,1005
5190,45000,45000,11634,7,7,25,5230,120.7,2498,outmatched,0,0,0,24,0,0,1,0,cooldown,11,7,198,126,331,12879,7,750,750,5214,2712,17042,16345,21345,18843,reinforcements_3,reinforcements_3,nuke_2,nuke_2,3,0,0,0,2,0,2,0,20699,23000,200,1129
5193,45000,45000,11634,7,8,27,8735,126.3,4582,wait,0,0,0,25,0,0,2,0,cooldown,6,1,108,18,312,12861,7,750,750,5214,2730,17042,16345,23411,20927,reinforcements_3,reinforcements_3,nuke_2,nuke_2,3,0,0,0,2,0,3,0,20699,23000,193,1150
5196,45000,45000,11634,7,8,27,8735,126.3,4582,wait,0,0,0,25,0,0,2,0,cooldown,7,2,126,36,312,12861,7,750,750,5214,2730,17042,16345,23411,20927,reinforcements_3,reinforcements_3,nuke_2,nuke_2,3,0,0,0,2,0,3,0,20699,23000,212,1114
5199,45000,45000,11634,7,8,28,8810,131.3,4600,wait,0,0,0,26,0,0,2,0,cooldown,7,2,126,36,312,12843,7,750,750,5214,2748,17042,16345,23411,20945,reinforcements_3,reinforcements_3,nuke_2,nuke_2,3,0,0,0,2,0,3,0,20699,23000,230,1107
5202,45000,45000,11634,7,9,30,12315,137.0,6684,wait,0,0,0,27,0,0,3,0,cooldown,8,3,144,54,312,12825,7,750,750,5214,2766,17042,16345,23411,20963,reinforcements_3,reinforcements_3,nuke_2,nuke_2,3,0,0,0,2,0,4,0,20699,23000,219,1126
5205,45000,45000,11634,7,9,29,12240,132.0,6666,wait,0,0,0,26,0,0,3,0,cooldown,8,3,144,54,312,12825,7,750,750,5214,2766,17042,16363,25477,23029,reinforcements_3,reinforcements_3,nuke_2,nuke_2,3,0,0,0,2,0,4,0,20699,23000,232,1118
5208,45000,45000,11631,7,8,27,12090,122.0,6630,critical,0,0,0,24,0,0,3,0,lost-scoring,8,3,144,54,312,12807,7,750,750,5217,2784,17048,16363,25480,23047,reinforcements_3,reinforcements_3,nuke_2,nuke_2,2,0,0,0,2,0,4,0,20699,23000,203,1194
5211,45000,45000,11628,7,8,27,12090,122.0,6630,critical,0,0,0,24,0,0,3,0,lost-scoring,6,2,108,36,302,12807,7,750,750,5220,2784,17048,16417,25480,23047,reinforcements_3,reinforcements_3,nuke_2,nuke_2,2,0,0,0,2,0,4,0,20699,23000,184,1157
5214,45000,45000,11628,7,9,29,15595,127.6,8714,critical,0,0,0,25,0,0,4,0,lost-scoring,6,2,108,36,302,12789,7,750,750,5220,2802,17051,16417,27549,25131,reinforcements_3,reinforcements_3,nuke_2,nuke_2,2,0,0,0,2,0,5,0,20699,23000,179,1172
5217,45000,45000,11625,7,10,28,15520,122.6,8696,critical,0,0,0,24,0,0,4,0,lost-scoring,5,1,90,18,260,12771,7,750,750,5223,2820,17051,16453,27552,25149,reinforcements_3,reinforcements_3,nuke_2,nuke_2,3,0,0,0,2,0,5,0,20699,23000,180,1219
5220,45000,45000,12375,7,10,28,15520,122.6,8696,critical,0,0,0,24,0,0,4,0,lost-scoring,5,1,90,18,260,13521,7,750,750,5223,2820,17051,16453,27552,25149,reinforcements_3,reinforcements_3,nuke_2,nuke_2,3,0,0,0,2,0,5,0,20699,23000,197,1182
5223,45000,45000,11397,7,12,29,18950,123.3,10762,critical,0,0,0,24,0,0,5,0,lost-scoring,5,1,90,18,260,12528,7,750,750,5226,2838,17051,16471,29621,27233,reinforcements_3,reinforcements_3,nuke_2,nuke_2,4,0,0,0,2,0,6,0,20699,23000,185,1223
5226,45000,45000,11394,7,13,29,18950,123.3,10762,critical,0,0,0,24,0,0,5,0,lost-scoring,6,2,108,36,273,12528,7,750,750,5229,2838,17051,16471,29621,27233,reinforcements_3,reinforcements_3,nuke_2,nuke_2,5,0,0,0,2,0,6,0,20699,23000,190,1187
5229,45000,45000,11394,7,13,29,18950,123.3,10762,critical,0,0,0,24,0,0,5,0,lost-scoring,6,2,108,36,273,12510,7,750,750,5229,2856,17051,16489,29624,27251,reinforcements_3,reinforcements_3,nuke_2,nuke_2,5,0,0,0,2,0,6,0,20699,23000,207,1203
5232,45000,45000,11391,7,14,30,19025,128.3,10780,critical,0,0,0,25,0,0,5,0,lost-scoring,6,2,108,36,263,12492,7,750,750,5232,2874,17051,16489,29627,27269,reinforcements_3,reinforcements_3,nuke_2,nuke_2,6,0,0,0,2,0,6,0,20699,23000,210,1191
5235,45000,45000,11391,7,14,28,18875,118.3,10744,critical,0,0,0,23,0,0,5,0,lost-scoring,6,2,108,36,263,12492,7,750,750,5232,2874,17051,16525,29627,27269,reinforcements_3,reinforcements_3,nuke_2,nuke_2,6,0,0,0,2,0,6,0,20699,23000,229,1210
5238,45000,45000,11388,7,15,29,18950,123.3,10762,critical,0,0,0,24,0,0,5,0,lost-scoring,5,1,90,18,247,12474,7,750,750,5235,2892,17051,16525,29630,27287,reinforcements_3,reinforcements_3,nuke_2,nuke_2,7,0,0,0,2,0,6,0,20699,23000,230,1198
5241,45000,45000,11385,7,16,29,18950,123.3,10762,critical,0,0,0,24,0,0,5,0,lost-scoring,6,2,108,36,247,12474,7,750,750,5238,2892,17051,16525,29630,27287,reinforcements_3,reinforcements_3,nuke_2,nuke_2,8,0,0,0,2,0,6,0,20699,23000,233,1163
5244,45000,45000,11385,7,16,29,18950,123.3,10762,critical,0,0,0,24,0,0,5,0,lost-scoring,6,2,108,36,247,12456,7,750,750,5238,2910,17051,16525,29633,27305,reinforcements_3,reinforcements_3,nuke_2,nuke_2,8,0,0,0,2,0,6,0,20699,23000,248,1178
5247,45000,45000,11382,7,17,30,19025,128.3,10780,critical,0,0,0,25,0,0,5,0,lost-scoring,6,3,108,54,243,12438,7,750,750,5241,2928,17051,16543,29636,27323,reinforcements_3,reinforcements_3,nuke_2,nuke_2,9,0,0,0,2,0,6,0,20699,23000,253,1168
5250,45000,45000,12132,7,17,28,18875,118.3,10744,critical,0,0,0,23,0,0,5,0,lost-scoring,6,3,108,54,243,13188,7,750,750,5241,2928,17051,16579,29636,27323,reinforcements_3,reinforcements_3,nuke_2,nuke_2,9,0,0,0,2,0,6,0,20699,23000,271,1184
5253,45000,45000,12129,7,18,28,18875,118.3,10744,critical,0,0,0,23,0,0,5,0,lost-scoring,5,2,90,36,234,13170,7,750,750,5244,2946,17051,16579,29639,27341,reinforcements_3,reinforcements_3,nuke_2,nuke_2,10,0,0,0,2,0,6,0,20699,23000,272,1199
5256,45000,45000,12126,7,18,27,18800,113.3,10726,critical,0,0,0,22,0,0,5,0,lost-scoring,4,1,72,18,195,13170,7,750,750,5247,2946,17054,16615,29639,27341,reinforcements_3,reinforcements_3,nuke_2,nuke_2,10,0,0,0,2,0,6,0,20699,23000,274,1190
5259,45000,45000,12126,7,18,27,18800,113.3,10726,critical,0,0,0,22,0,0,5,0,lost-scoring,4,1,72,18,195,13152,7,750,750,5247,2964,17054,16615,29642,27359,reinforcements_3,reinforcements_3,nuke_2,nuke_2,10,0,0,0,2,0,6,0,20699,23000,290,1206
5262,45000,45000,12123,7,19,28,18875,118.3,10744,critical,0,0,0,23,0,0,5,0,lost-scoring,4,1,72,18,193,13134,7,750,750,5250,2982,17054,16633,29645,27377,reinforcements_3,reinforcements_3,nuke_2,nuke_2,11,0,0,0,2,0,6,0,20699,23000,297,1195
5265,45000,45000,12123,7,19,28,18875,118.3,10744,critical,0,0,0,23,0,0,5,0,lost-scoring,4,1,72,18,193,13134,7,750,750,5250,2982,17054,16633,29645,27377,reinforcements_3,reinforcements_3,nuke_2,nuke_2,11,0,0,0,2,0,6,0,20699,23000,309,1159
5268,45000,45000,12120,7,20,27,18800,113.3,10726,critical,0,0,0,22,0,0,5,0,lost-scoring,5,2,90,36,193,13116,7,750,750,5253,3000,17054,16669,29648,27395,reinforcements_3,reinforcements_3,nuke_2,nuke_2,12,0,0,0,2,0,6,0,20699,23000,311,1200
5271,45000,45000,13617,7,21,27,18800,113.3,10726,critical,0,0,0,22,0,0,5,0,lost-scoring,4,2,72,36,169,14616,7,750,750,5256,3000,17054,16669,29648,27395,reinforcements_3,reinforcements_3,nuke_2,nuke_2,13,0,0,0,2,0,6,0,20699,23000,313,1163
5274,45000,45000,13617,7,21,27,18800,113.3,10726,critical,0,0,0,22,0,0,5,0,lost-scoring,4,2,72,36,169,14598,7,750,750,5256,3018,17054,16669,29651,27413,reinforcements_3,reinforcements_3,nuke_2,nuke_2,13,0,0,0,2,0,6,0,20699,23000,325,1178
5277,45000,45000,13614,7,22,28,18875,118.3,10744,critical,0,0,0,23,0,0,5,0,lost-scoring,4,2,72,36,176,14580,7,750,750,5259,3036,17054,16687,29654,27431,reinforcements_3,reinforcements_3,nuke_2,nuke_2,14,0,0,0,2,0,6,0,20699,23000,324,1169
5280,45000,45000,14364,7,20,26,18725,108.3,10708,critical,0,0,0,21,0,0,5,0,lost-scoring,4,2,72,36,176,15330,7,750,750,5259,3036,17054,16705,29654,27431,reinforcements_3,reinforcements_3,nuke_2,nuke_2,12,0,0,0,2,0,6,0,20699,23000,323,1182
5283,45000,45000,14361,7,21,27,18800,113.3,10726,critical,0,0,0,22,0,0,5,0,lost-scoring,3,1,54,18,130,15312,7,750,750,5262,3054,17060,16723,29657,27449,reinforcements_3,reinforcements_3,nuke_2,nuke_2,13,0,0,0,2,0,6,0,20699,23000,328,1172
5286,45000,45000,14358,7,22,27,18800,113.3,10726,critical,0,0,0,22,0,0,5,0,lost-scoring,4,2,72,36,143,15312,7,750,750,5265,3054,17060,16723,29657,27449,reinforcements_3,reinforcements_3,nuke_2,nuke_2,14,0,0,0,2,0,6,0,20699,23000,327,1136
5289,45000,45000,14358,7,20,28,18875,118.3,10744,critical,0,0,0,23,0,0,5,0,lost-scoring,4,2,72,36,143,15294,7,750,750,5265,3072,17060,16723,29660,27467,reinforcements_3,reinforcements_3,nuke_2,nuke_2,12,0,0,0,2,0,6,0,20699,23000,325,1128
5292,45000,45000,14355,7,21,27,18800,113.3,10726,critical,0,0,0,22,0,0,5,0,lost-scoring,3,1,54,18,130,15276,7,750,750,5268,3090,17066,16759,29663,27485,reinforcements_3,reinforcements_3,nuke_2,nuke_2,13,0,0,0,2,0,6,0,20699,23000,328,1166
5295,45000,45000,14355,7,21,27,18800,113.3,10726,critical,0,0,0,22,0,0,5,0,lost-scoring,3,1,54,18,130,15276,7,750,750,5268,3090,17066,16759,29663,27485,reinforcements_3,reinforcements_3,nuke_2,nuke_2,13,0,0,0,2,0,6,0,20699,23000,341,1130
5298,45000,45000,14352,7,22,28,18875,118.3,10744,critical,0,0,0,23,0,0,5,0,lost-scoring,4,2,72,36,133,15258,7,750,750,5271,3108,17066,16759,29666,27503,reinforcements_3,reinforcements_3,nuke_2,nuke_2,14,0,0,0,2,0,6,0,20699,23000,339,1123
5301,45000,45000,14349,7,21,26,18725,108.3,10708,critical,0,0,0,21,0,0,5,0,lost-scoring,4,1,2120,18,165,15258,7,750,750,5274,3108,17072,16759,29666,27503,reinforcements_3,reinforcements_3,nuke_2,nuke_2,13,0,0,0,2,0,6,0,20699,23000,325,1131
5304,45000,45000,14349,7,21,27,18800,113.3,10726,critical,0,0,0,22,0,0,5,0,lost-scoring,4,1,2120,18,165,15240,7,750,750,5274,3126,17072,16795,29669,27521,reinforcements_3,reinforcements_3,nuke_2,nuke_2,13,0,0,0,2,0,6,0,20699,23000,339,1123
5307,45000,45000,14346,7,21,26,18725,108.3,10708,critical,0,0,0,21,0,0,5,0,lost-scoring,4,1,2120,18,130,15222,7,750,750,5277,3144,17072,16813,29672,27539,reinforcements_3,reinforcements_3,nuke_2,nuke_2,13,0,0,0,2,0,6,0,20699,23000,334,1161
5310,45000,45000,15096,7,21,26,18725,108.3,10708,critical,0,0,0,21,0,0,5,0,lost-scoring,4,1,2120,18,130,15972,7,750,750,5277,3144,17075,16831,29672,27539,reinforcements_3,reinforcements_3,nuke_2,nuke_2,13,0,0,0,2,0,6,0,20699,23000,355,1124
5313,45000,45000,13030,7,22,26,18725,108.3,10708,wipe,0,0,0,21,0,0,5,0,-,5,3,4186,2102,139,15954,7,750,750,7343,3162,17075,16831,31738,27557,reinforcements_3,reinforcements_3,nuke_2,nuke_2,13,0,0,0,2,0,7,0,20699,23000,353,1139
5316,45000,45000,13027,7,15,26,18725,108.3,10708,critical,0,0,0,21,0,0,5,0,cooldown,5,4,4186,4168,126,15954,7,750,750,7346,3162,29555,16849,31738,27557,reinforcements_3,reinforcements_3,nuke_2,nuke_2,13,0,0,0,1,0,1,0,20699,23000,289,1103
5319,45000,45000,13027,7,15,26,15295,107.6,10708,critical,0,0,0,21,0,0,5,0,cooldown,5,4,4186,4168,126,15936,7,750,750,7346,3180,29555,16867,31741,27575,reinforcements_3,reinforcements_3,nuke_2,nuke_2,13,0,0,0,1,0,1,0,20699,23000,310,1120
5322,56000,56000,12534,7,15,27,15370,112.6,10726,critical,0,0,0,22,0,0,5,0,cooldown,5,4,4186,4168,126,15918,7,750,750,7346,3198,29555,16867,31741,27593,reinforcements_3,reinforcements_3,nuke_2,nuke_2,13,0,0,0,1,0,1,0,20699,23000,329,1115
5325,56000,56000,12534,7,14,27,15370,112.6,10726,critical,0,0,0,22,0,0,5,0,cooldown,5,4,4186,4168,126,15918,7,750,750,7346,3198,29555,16867,31741,27593,reinforcements_3,reinforcements_3,nuke_2,nuke_2,13,0,0,0,0,0,1,0,20699,23000,336,1081
5328,56000,56000,12531,7,13,28,15445,117.6,10744,critical,0,0,0,23,0,0,5,0,cooldown,7,7,6270,6270,94,15900,7,750,750,7349,3216,29642,16867,31744,27611,reinforcements_3,reinforcements_3,nuke_2,nuke_2,12,0,0,0,0,0,1,0,20699,23000,306,1077
5331,56000,56000,12528,7,13,28,15445,117.6,10744,critical,0,0,0,23,0,0,5,0,cooldown,9,7,8354,6270,151,15900,7,750,750,7352,3216,29645,16867,31744,27611,reinforcements_3,reinforcements_3,nuke_2,nuke_2,12,0,0,0,0,0,1,0,20699,23000,290,1044
5334,56000,56000,12528,7,12,29,15520,122.6,10762,critical,0,0,0,24,0,0,5,0,cooldown,9,7,8354,6270,151,15882,7,750,750,7352,3234,29648,16867,31747,27629,reinforcements_3,reinforcements_3,nuke_2,nuke_2,11,0,0,0,0,0,1,0,20699,23000,294,1040
5337,56000,56000,12525,7,12,30,15595,127.6,10780,critical,0,0,0,25,0,0,5,0,cooldown,10,8,8372,6288,144,15864,7,750,750,7355,3252,29651,16867,31750,27647,reinforcements_3,reinforcements_3,nuke_2,nuke_2,11,0,0,0,0,0,1,0,20699,23000,278,1036
5340,56000,56000,13275,7,11,30,15595,127.6,10780,critical,0,0,0,25,0,0,5,0,cooldown,10,8,8372,6288,144,16614,7,750,750,7355,3252,29654,16867,31750,27647,reinforcements_3,reinforcements_3,nuke_2,nuke_2,10,0,0,0,0,0,1,0,20699,23000,281,1003
5343,56000,56000,11209,7,11,31,15670,132.6,10798,wipe,0,0,0,26,0,0,5,0,-,12,10,10456,8372,194,16596,7,750,750,9421,3270,29657,16867,33816,27665,reinforcements_3,reinforcements_3,nuke_2,nuke_2,9,0,0,0,0,0,2,0,20699,23000,261,1000
5346,56000,56000,11206,7,11,31,15670,132.6,10798,critical,0,0,0,26,0,0,5,0,cooldown,13,10,10474,8372,187,16596,7,750,750,9424,3270,29660,16867,33816,27665,reinforcements_3,reinforcements_3,nuke_2,nuke_2,9,0,0,0,0,0,2,0,20699,23000,245,968
5349,56000,56000,11206,7,10,25,8510,111.3,6594,critical,0,0,0,22,0,0,3,0,cooldown,13,10,10474,8372,187,16578,7,750,750,9424,3288,29663,16867,33819,27683,reinforcements_3,reinforcements_3,nuke_2,nuke_2,8,0,0,0,0,0,2,0,20699,23000,248,1106
5352,56000,56000,11203,7,11,26,12015,117.0,6612,critical,0,0,0,23,0,0,3,0,cooldown,7,4,6270,4168,185,16560,7,750,750,9427,3306,29663,21089,33822,27701,reinforcements_3,reinforcements_3,nuke_2,nuke_2,9,0,0,0,0,0,2,0,20699,23000,249,1100
5355,56000,56000,11203,7,10,26,12015,117.0,6612,critical,0,0,0,23,0,0,3,0,cooldown,7,4,6270,4168,185,16560,7,750,750,9427,3306,31729,21089,33822,27701,reinforcements_3,reinforcements_3,nuke_2,nuke_2,9,0,0,0,0,0,1,0,20699,23000,256,1064
5358,56000,56000,11200,7,9,27,12090,122.0,6630,critical,0,0,0,24,0,0,3,0,cooldown,8,6,6288,6252,185,16542,7,750,750,9430,3324,31735,21089,33825,27719,reinforcements_3,reinforcements_3,nuke_2,nuke_2,8,0,0,0,0,0,1,0,20699,23000,216,1060
5361,56000,56000,11197,7,9,27,12090,122.0,6630,critical,0,0,0,24,0,0,3,0,cooldown,9,7,6306,6270,214,16542,7,750,750,9433,3324,31738,21089,33825,27719,reinforcements_3,reinforcements_3,nuke_2,nuke_2,8,0,0,0,0,0,1,0,20699,23000,195,1025
5364,56000,56000,11197,7,8,28,12165,127.0,6648,critical,0,0,0,25,0,0,3,0,cooldown,9,7,6306,6270,214,16524,7,750,750,9433,3342,31738,21089,33828,27737,reinforcements_3,reinforcements_3,nuke_2,nuke_2,7,0,0,0,0,0,1,0,20699,23000,196,1019
5367,56000,56000,11194,7,9,29,12240,132.0,6666,critical,0,0,0,26,0,0,3,0,cooldown,10,7,6324,6270,266,16506,7,750,750,9436,3360,31741,21089,33831,27755,reinforcements_3,reinforcements_3,nuke_2,nuke_2,8,0,0,0,0,0,1,0,20699,23000,200,1012
5370,56000,56000,11944,7,7,24,5155,115.7,2480,critical,0,0,0,23,0,0,1,0,cooldown,10,7,6324,6270,266,17256,7,750,750,9436,3360,31744,21089,33831,27755,reinforcements_3,reinforcements_3,nuke_2,nuke_2,7,0,0,0,0,0,0,0,20699,23000,193,1103
5373,56000,56000,9878,7,8,25,5230,120.7,2498,wipe,0,0,0,24,0,0,1,0,-,6,3,2156,2102,265,17238,7,750,750,11502,3378,33810,25275,35897,27773,reinforcements_3,reinforcements_3,nuke_2,nuke_2,7,0,0,0,0,0,1,0,20699,23000,189,1097
5376,56000,56000,9878,7,7,25,5230,120.7,2498,outmatched,0,0,0,24,0,0,1,0,cooldown,7,4,2174,2120,292,17238,7,750,750,11502,3378,33813,25275,35897,27773,reinforcements_3,reinforcements_3,nuke_2,nuke_2,6,0,0,0,0,0,1,0,20699,23000,189,1060
5379,56000,56000,9878,7,7,26,5305,125.7,2516,outmatched,0,0,0,25,0,0,1,0,cooldown,7,4,2174,2120,292,17220,7,750,750,11502,3396,33813,25275,35897,27791,reinforcements_3,reinforcements_3,nuke_2,nuke_2,6,0,0,0,0,0,1,0,20699,23000,208,1057
5382,56000,56000,9878,7,6,27,5380,130.7,2534,outmatched,0,0,0,26,0,0,1,0,cooldown,8,4,2192,2120,305,17202,7,750,750,11502,3414,33816,25275,35897,27809,reinforcements_3,reinforcements_3,nuke_2,nuke_2,5,0,0,0,0,0,1,0,20699,23000,212,1052
5385,56000,56000,9878,7,5,27,5380,130.7,2534,outmatched,0,0,0,26,0,0,1,0,cooldown,8,4,2192,2120,305,17202,7,750,750,11502,3414,33819,25275,35897,27809,reinforcements_3,reinforcements_3,nuke_2,nuke_2,4,0,0,0,0,0,1,0,20699,23000,216,1015
5388,56000,56000,9878,7,4,28,5455,135.7,2552,outmatched,0,0,0,27,0,0,1,0,cooldown,9,5,2210,2138,334,17184,7,750,750,11502,3432,33822,25275,35897,27827,reinforcements_3,reinforcements_3,nuke_2,nuke_2,3,0,0,0,0,0,1,0,20699,23000,222,1011
5391,56000,56000,9878,7,3,28,5455,135.7,2552,outmatched,0,0,0,27,0,0,1,0,cooldown,10,5,2228,2138,362,17184,7,750,750,11502,3432,33825,25275,35897,27827,reinforcements_3,reinforcements_3,nuke_2,nuke_2,2,0,0,0,0,0,1,0,20699,23000,227,975
5394,56000,56000,9878,7,2,25,1875,125.0,450,outmatched,0,0,0,25,0,0,0,0,cooldown,10,5,2228,2138,362,17166,7,750,750,11502,3450,33828,27395,35897,27845,reinforcements_3,reinforcements_3,nuke_2,nuke_2,1,0,0,0,0,0,1,0,20699,23000,230,1081
5397,56000,56000,9875,7,3,26,1950,130.0,468,block,0,0,0,26,0,0,0,0,cooldown,7,2,126,36,362,17148,7,750,750,11505,3468,33828,27395,35900,27863,reinforcements_3,reinforcements_3,nuke_2,nuke_2,2,0,0,0,0,0,1,0,20699,23000,174,1076
5400,56000,56000,10625,7,3,26,1950,130.0,468,block,0,0,0,26,0,0,0,0,cooldown,7,2,126,36,362,17898,7,750,750,11505,3468,33828,27395,35900,27863,reinforcements_3,reinforcements_3,nuke_2,nuke_2,2,0,0,0,0,0,1,0,20699,23000,181,1040
5403,56000,56000,10622,7,3,27,2025,135.0,486,block,0,0,0,27,0,0,0,0,lost-scoring,8,3,144,54,362,17880,7,750,750,11508,3486,33831,27395,35903,27881,reinforcements_3,reinforcements_3,nuke_2,nuke_2,2,0,0,0,0,0,1,0,20699,23000,125,1036
5406,56000,56000,10619,7,4,27,2025,135.0,486,block,0,0,0,27,0,0,0,0,lost-scoring,9,4,162,72,362,17880,7,750,750,11511,3486,33831,27395,35903,27881,reinforcements_3,reinforcements_3,nuke_2,nuke_2,3,0,0,0,0,0,1,0,20699,23000,117,1001
5409,56000,56000,10619,7,4,28,2100,140.0,504,block,0,0,0,28,0,0,0,0,lost-scoring,9,4,162,72,362,17862,7,750,750,11511,3504,33831,27395,35906,27899,reinforcements_3,reinforcements_3,nuke_2,nuke_2,3,0,0,0,0,0,1,0,20699,23000,133,999
5412,56000,56000,10538,7,5,29,2175,145.0,522,wipe,0,0,0,29,0,0,0,0,-,10,5,180,90,362,17844,7,750,750,11592,3522,33831,27395,35987,27917,reinforcements_3,reinforcements_3,nuke_2,nuke_2,3,0,0,0,1,0,1,0,20699,23000,126,997
5415,56000,56000,10538,7,5,29,2175,145.0,522,wipe,0,0,0,29,0,0,0,0,-,10,5,180,90,362,17844,7,750,750,11592,3522,33831,27395,35987,27917,reinforcements_3,reinforcements_3,nuke_2,nuke_2,3,0,0,0,1,0,1,0,20699,23000,144,964
5418,56000,56000,10535,7,6,30,2250,150.0,540,block,0,0,0,30,0,0,0,0,cooldown,11,6,198,108,362,17826,7,750,750,11595,3540,33831,27395,35990,27935,reinforcements_3,reinforcements_3,nuke_2,nuke_2,4,0,0,0,1,0,1,0,20699,23000,146,964
5421,56000,56000,10535,7,6,30,2250,150.0,540,outmatched,0,0,0,30,0,0,0,0,cooldown,12,7,216,126,362,17826,7,750,750,11595,3540,33831,27395,35990,27935,reinforcements_3,reinforcements_3,nuke_2,nuke_2,4,0,0,0,1,0,1,0,20699,23000,166,932
5424,56000,56000,10535,7,6,31,2325,155.0,558,outmatched,0,0,0,31,0,0,0,0,cooldown,12,7,216,126,362,17808,7,750,750,11595,3558,33831,27395,35990,27953,reinforcements_3,reinforcements_3,nuke_2,nuke_2,4,0,0,0,1,0,1,0,20699,23000,184,932
5427,56000,56000,10535,7,6,32,2400,160.0,576,outmatched,0,0,0,32,0,0,0,0,cooldown,13,8,234,144,362,17790,7,750,750,11595,3576,33831,27395,35990,27971,reinforcements_3,reinforcements_3,nuke_2,nuke_2,4,0,0,0,1,0,1,0,20699,23000,201,933
5430,56000,56000,11285,7,5,32,2400,160.0,576,outmatched,0,0,0,32,0,0,0,0,cooldown,13,8,234,144,362,18540,7,750,750,11595,3576,33831,27395,35990,27971,reinforcements_3,reinforcements_3,nuke_2,nuke_2,3,0,0,0,1,0,1,0,20699,23000,209,903
5433,56000,56000,11285,7,5,32,2400,160.0,576,outmatched,0,0,0,32,0,0,0,0,cooldown,14,9,252,162,362,18522,7,750,750,11595,3594,33834,27395,35990,27989,reinforcements_3,reinforcements_3,nuke_2,nuke_2,3,0,0,0,1,0,1,0,20699,23000,220,923
5436,56000,56000,11285,7,4,32,2400,160.0,576,outmatched,0,0,0,32,0,0,0,0,cooldown,14,9,252,162,352,18522,7,750,750,11595,3594,33834,27413,35990,27989,reinforcements_3,reinforcements_3,nuke_2,nuke_2,2,0,0,0,1,0,1,0,20699,23000,220,894
5439,56000,56000,11285,7,3,25,1875,125.0,450,outmatched,0,0,0,25,0,0,0,0,cooldown,14,9,252,162,352,18504,7,750,750,11595,3612,33840,27413,35990,28007,reinforcements_3,reinforcements_3,nuke_2,nuke_2,1,0,0,0,1,0,1,0,20699,23000,214,1081
5442,56000,56000,11282,7,4,26,1950,130.0,468,block,0,0,0,26,0,0,0,0,lost-scoring,7,2,126,36,352,18486,7,750,750,11598,3630,33840,27557,35993,28025,reinforcements_3,reinforcements_3,nuke_2,nuke_2,2,0,0,0,1,0,1,0,20699,23000,180,1076
5445,56000,56000,11282,7,4,26,1950,130.0,468,block,0,0,0,26,0,0,0,0,lost-scoring,7,2,126,36,352,18486,7,750,750,11598,3630,33840,27557,35993,28025,reinforcements_3,reinforcements_3,nuke_2,nuke_2,2,0,0,0,1,0,1,0,20699,23000,190,1040
5448,56000,56000,11279,7,5,27,2025,135.0,486,block,0,0,0,27,0,0,0,0,lost-scoring,8,3,144,54,352,18468,7,750,750,11601,3648,33840,27557,35996,28043,reinforcements_3,reinforcements_3,nuke_2,nuke_2,3,0,0,0,1,0,1,0,20699,23000,171,1036
5451,56000,56000,11276,7,5,27,2025,135.0,486,block,0,0,0,27,0,0,0,0,lost-scoring,9,4,162,72,352,18468,7,750,750,11604,3648,33843,27557,35996,28043,reinforcements_3,reinforcements_3,nuke_2,nuke_2,3,0,0,0,1,0,1,0,20699,23000,137,1001
5454,56000,56000,11276,7,5,28,2100,140.0,504,block,0,0,0,28,0,0,0,0,lost-scoring,9,4,162,72,352,18450,7,750,750,11604,3666,33843,27557,35999,28061,reinforcements_3,reinforcements_3,nuke_2,nuke_2,3,0,0,0,1,0,1,0,20699,23000,150,999
5457,56000,56000,11195,7,6,29,2175,145.0,522,wipe,0,0,0,29,0,0,0,0,-,10,5,180,90,352,18432,7,750,750,11685,3684,33843,27557,36080,28079,reinforcements_3,reinforcements_3,nuke_2,nuke_2,3,0,0,0,2,0,1,0,20699,23000,141,997
5460,56000,56000,11945,7,6,29,2175,145.0,522,wipe,0,0,0,29,0,0,0,0,-,10,5,180,90,352,19182,7,750,750,11685,3684,33843,27557,36080,28079,reinforcements_3,reinforcements_3,nuke_2,nuke_2,3,0,0,0,2,0,1,0,20699,23000,156,965
5463,56000,56000,11942,7,7,30,2250,150.0,540,block,0,0,0,30,0,0,0,0,cooldown,11,6,198,108,352,19164,7,750,750,11688,3702,33843,27557,36083,28097,reinforcements_3,reinforcements_3,nuke_2,nuke_2,4,0,0,0,2,0,1,0,20699,23000,157,964
5466,56000,56000,11942,7,7,30,2250,150.0,540,outmatched,0,0,0,30,0,0,0,0,cooldown,12,7,216,126,352,19164,7,750,750,11688,3702,33843,27557,36083,28097,reinforcements_3,reinforcements_3,nuke_2,nuke_2,4,0,0,0,2,0,1,0,20699,23000,176,933
5469,56000,56000,11942,7,7,25,1875,125.0,450,outmatched,0,0,0,25,0,0,0,0,cooldown,12,7,216,126,352,19146,7,750,750,11688,3720,33843,27665,36083,28115,reinforcements_3,reinforcements_3,nuke_2,nuke_2,4,0,0,0,2,0,1,0,20699,23000,189,1081
5472,56000,56000,11939,7,8,26,1950,130.0,468,block,0,0,0,26,0,0,0,0,cooldown,7,2,126,36,352,19128,7,750,750,11691,3738,33843,27665,36086,28133,reinforcements_3,reinforcements_3,nuke_2,nuke_2,5,0,0,0,2,0,1,0,20699,23000,186,1076
5475,56000,56000,11939,7,8,26,1950,130.0,468,block,0,0,0,26,0,0,0,0,cooldown,7,2,126,36,352,19128,7,750,750,11691,3738,33843,27665,36086,28133,reinforcements_3,reinforcements_3,nuke_2,nuke_2,5,0,0,0,2,0,1,0,20699,23000,200,1040
5478,56000,56000,11936,7,8,27,2025,135.0,486,block,0,0,0,27,0,0,0,0,cooldown,8,3,144,54,352,19110,7,750,750,11694,3756,33846,27665,36089,28151,reinforcements_3,reinforcements_3,nuke_2,nuke_2,5,0,0,0,2,0,1,0,20699,23000,187,1036
5481,56000,56000,11933,7,8,26,1950,130.0,468,block,0,0,0,26,0,0,0,0,cooldown,8,3,144,54,351,19110,7,750,750,11697,3756,33846,27683,36089,28151,reinforcements_3,reinforcements_3,nuke_2,nuke_2,5,0,0,0,2,0,1,0,20699,23000,170,1028
5484,56000,56000,11933,7,7,27,2025,135.0,486,block,0,0,0,27,0,0,0,0,cooldown,8,3,144,54,351,19092,7,750,750,11697,3774,33849,27683,36092,28169,reinforcements_3,reinforcements_3,nuke_2,nuke_2,4,0,0,0,2,0,1,0,20699,23000,169,1025
5487,56000,56000,10490,7,9,28,5455,135.7,2552,block,0,0,0,27,0,0,1,0,lost-scoring,9,4,162,72,351,17652,7,750,750,11700,3774,33852,27683,36092,28169,reinforcements_3,reinforcements_3,nuke_2,nuke_2,5,0,0,0,2,0,2,0,20699,23000,148,1022
5490,56000,56000,11240,7,9,29,5530,140.7,2570,block,0,0,0,28,0,0,1,0,lost-scoring,9,4,162,72,351,18384,7,750,750,11700,3792,33852,27683,38161,30253,reinforcements_3,reinforcements_3,nuke_2,nuke_2,5,0,0,0,2,0,2,0,20699,23000,163,1019
5493,56000,56000,11159,7,9,30,5605,145.7,2588,wipe,0,0,0,29,0,0,1,0,-,10,5,180,90,351,18366,7,750,750,11781,3810,33852,27683,38242,30271,reinforcements_3,reinforcements_3,nuke_2,nuke_2,4,0,0,0,3,0,2,0,20699,23000,152,1015
5496,56000,56000,11159,7,9,25,5230,120.7,2498,wait,0,0,0,24,0,0,1,0,cooldown,6,1,108,18,325,18366,7,750,750,11781,3810,33855,27773,38242,30271,reinforcements_3,reinforcements_3,nuke_2,nuke_2,4,0,0,0,3,0,2,0,20699,23000,167,1117
5499,56000,56000,11159,7,10,27,8735,126.3,4582,wait,0,0,0,25,0,0,2,0,cooldown,6,1,108,18,325,18348,7,750,750,11781,3828,33855,27773,40308,32355,reinforcements_3,reinforcements_3,nuke_2,nuke_2,4,0,0,0,3,0,3,0,20699,23000,168,1136
5502,56000,56000,11159,7,10,27,8735,126.3,4582,wait,0,0,0,25,0,0,2,0,cooldown,7,2,126,36,362,18330,7,750,750,11781,3846,33855,27773,40308,32373,reinforcements_3,reinforcements_3,nuke_2,nuke_2,4,0,0,0,3,0,3,0,20699,23000,185,1158
5505,56000,56000,11159,7,9,27,8735,126.3,4582,wait,0,0,0,25,0,0,2,0,cooldown,7,2,126,36,362,18330,7,750,750,11781,3846,33855,27791,40308,32373,reinforcements_3,reinforcements_3,nuke_2,nuke_2,3,0,0,0,3,0,3,0,20699,23000,196,1121
5508,56000,56000,11159,7,10,29,12240,132.0,6666,wait,0,0,0,26,0,0,3,0,cooldown,7,2,126,36,352,18312,7,750,750,11781,3864,33858,27791,42374,34457,reinforcements_3,reinforcements_3,nuke_2,nuke_2,3,0,0,0,3,0,4,0,20699,23000,192,1138
5511,56000,56000,11156,7,11,28,12165,127.0,6648,critical,0,0,0,25,0,0,3,0,cooldown,7,2,126,36,351,18312,7,750,750,11784,3864,33858,27809,42374,34457,reinforcements_3,reinforcements_3,nuke_2,nuke_2,4,0,0,0,3,0,4,0,20699,23000,191,1131
5514,56000,56000,11156,7,9,27,12090,122.0,6630,critical,0,0,0,24,0,0,3,0,cooldown,7,2,126,36,351,18294,7,750,750,11784,3882,33858,27809,42377,34475,reinforcements_3,reinforcements_3,nuke_2,nuke_2,2,0,0,0,3,0,4,0,20699,23000,187,1181
5517,56000,56000,11153,7,11,29,15595,127.6,8714,critical,0,0,0,25,0,0,4,0,cooldown,6,1,108,18,325,18276,7,750,750,11787,3900,33864,27845,42380,34493,reinforcements_3,reinforcements_3,nuke_2,nuke_2,3,0,0,0,3,0,5,0,20699,23000,176,1195
5520,56000,56000,11903,7,11,28,15520,122.6,8696,critical,0,0,0,24,0,0,4,0,cooldown,6,1,108,18,325,19026,7,750,750,11787,3900,33864,27863,44446,36559,reinforcements_3,reinforcements_3,nuke_2,nuke_2,3,0,0,0,3,0,5,0,20699,23000,193,1188
5523,56000,56000,11900,7,12,28,15520,122.6,8696,critical,0,0,0,24,0,0,4,0,lost-scoring,6,1,108,18,315,19008,7,750,750,11790,3918,33864,27881,44449,36577,reinforcements_3,reinforcements_3,nuke_2,nuke_2,4,0,0,0,3,0,5,0,20699,23000,197,1206
5526,56000,56000,11897,7,13,28,15520,122.6,8696,critical,0,0,0,24,0,0,4,0,lost-scoring,6,2,108,36,299,19008,7,750,750,11793,3918,33864,27881,44449,36577,reinforcements_3,reinforcements_3,nuke_2,nuke_2,5,0,0,0,3,0,5,0,20699,23000,201,1169
5529,56000,56000,11897,7,14,30,19025,128.3,10780,critical,0,0,0,25,0,0,5,0,lost-scoring,6,2,108,36,299,18990,7,750,750,11793,3936,33864,27881,46518,38661,reinforcements_3,reinforcements_3,nuke_2,nuke_2,5,0,0,0,3,0,6,0,20699,23000,201,1182
5532,56000,56000,11894,7,14,30,19025,128.3,10780,critical,0,0,0,25,0,0,5,0,lost-scoring,7,3,126,54,299,18972,7,750,750,11796,3954,33864,27881,46521,38679,reinforcements_3,reinforcements_3,nuke_2,nuke_2,5,0,0,0,3,0,6,0,20699,23000,196,1198
5535,56000,56000,11894,7,14,28,18875,118.3,10744,critical,0,0,0,23,0,0,5,0,lost-scoring,7,3,126,54,299,18972,7,750,750,11796,3954,33867,27899,46521,38679,reinforcements_3,reinforcements_3,nuke_2,nuke_2,5,0,0,0,3,0,6,0,20699,23000,210,1219
5538,56000,56000,11891,7,15,29,18950,123.3,10762,critical,0,0,0,24,0,0,5,0,lost-scoring,5,1,90,18,260,18954,7,750,750,11799,3972,33867,27935,46524,38697,reinforcements_3,reinforcements_3,nuke_2,nuke_2,6,0,0,0,3,0,6,0,20699,23000,219,1206
5541,56000,56000,11888,7,16,29,18950,123.3,10762,critical,0,0,0,24,0,0,5,0,lost-scoring,6,2,108,36,273,18954,7,750,750,11802,3972,33867,27935,46524,38697,reinforcements_3,reinforcements_3,nuke_2,nuke_2,7,0,0,0,3,0,6,0,20699,23000,220,1169
5544,56000,56000,11888,7,16,30,19025,128.3,10780,critical,0,0,0,25,0,0,5,0,lost-scoring,6,2,108,36,273,18936,7,750,750,11802,3990,33867,27935,46527,38715,reinforcements_3,reinforcements_3,nuke_2,nuke_2,7,0,0,0,3,0,6,0,20699,23000,232,1159
5547,56000,56000,11885,7,17,30,19025,128.3,10780,critical,0,0,0,25,0,0,5,0,lost-scoring,7,3,126,54,273,18918,7,750,750,11805,4008,33867,27935,46530,38733,reinforcements_3,reinforcements_3,nuke_2,nuke_2,8,0,0,0,3,0,6,0,20699,23000,235,1174
5550,56000,56000,12635,7,17,28,18875,118.3,10744,critical,0,0,0,23,0,0,5,0,lost-scoring,7,3,126,54,273,19668,7,750,750,11805,4008,33867,27989,46530,38733,reinforcements_3,reinforcements_3,nuke_2,nuke_2,8,0,0,0,3,0,6,0,20699,23000,255,1192
5553,56000,56000,12632,7,18,29,18950,123.3,10762,critical,0,0,0,24,0,0,5,0,lost-scoring,5,1,90,18,252,19650,7,750,750,11808,4026,33867,27989,46533,38751,reinforcements_3,reinforcements_3,nuke_2,nuke_2,9,0,0,0,3,0,6,0,20699,23000,259,1180
5556,56000,56000,12629,7,19,28,18875,118.3,10744,critical,0,0,0,23,0,0,5,0,lost-scoring,5,1,90,18,247,19650,7,750,750,11811,4026,33867,28007,46533,38751,reinforcements_3,reinforcements_3,nuke_2,nuke_2,10,0,0,0,3,0,6,0,20699,23000,260,1171
5559,56000,56000,12629,7,19,28,18875,118.3,10744,critical,0,0,0,23,0,0,5,0,lost-scoring,5,1,90,18,247,19632,7,750,750,11811,4044,33867,28025,46536,38769,reinforcements_3,reinforcements_3,nuke_2,nuke_2,10,0,0,0,3,0,6,0,20699,23000,279,1186
5562,56000,56000,12626,7,19,28,18875,118.3,10744,critical,0,0,0,23,0,0,5,0,lost-scoring,4,1,72,18,195,19614,7,750,750,11814,4062,33870,28043,46539,38787,reinforcements_3,reinforcements_3,nuke_2,nuke_2,10,0,0,0,3,0,6,0,20699,23000,276,1202
5565,56000,56000,12626,7,19,28,18875,118.3,10744,critical,0,0,0,23,0,0,5,0,lost-scoring,4,1,72,18,195,19614,7,750,750,11814,4062,33870,28043,46539,38787,reinforcements_3,reinforcements_3,nuke_2,nuke_2,10,0,0,0,3,0,6,0,20699,23000,290,1166
5568,56000,56000,12623,7,20,27,18800,113.3,10726,critical,0,0,0,22,0,0,5,0,lost-scoring,5,2,90,36,217,19596,7,750,750,11817,4080,33870,28043,46542,38805,reinforcements_3,reinforcements_3,nuke_2,nuke_2,11,0,0,0,3,0,6,0,20699,23000,289,1208
5571,56000,56000,12620,7,21,27,18800,113.3,10726,critical,0,0,0,22,0,0,5,0,lost-scoring,4,1,72,18,188,19596,7,750,750,11820,4080,33870,28079,46542,38805,reinforcements_3,reinforcements_3,nuke_2,nuke_2,12,0,0,0,3,0,6,0,20699,23000,297,1171
5574,56000,56000,12620,7,21,28,18875,118.3,10744,critical,0,0,0,23,0,0,5,0,lost-scoring,4,1,72,18,188,19578,7,750,750,11820,4098,33870,28079,46545,38823,reinforcements_3,reinforcements_3,nuke_2,nuke_2,12,0,0,0,3,0,6,0,20699,23000,308,1161
5577,56000,56000,12617,7,22,29,18950,123.3,10762,critical,0,0,0,24,0,0,5,0,lost-scoring,5,2,90,36,188,19560,7,750,750,11823,4116,33870,28079,46548,38841,reinforcements_3,reinforcements_3,nuke_2,nuke_2,13,0,0,0,3,0,6,0,20699,23000,308,1152
5580,56000,56000,13367,7,20,29,18950,123.3,10762,critical,0,0,0,24,0,0,5,0,lost-scoring,5,2,90,36,188,20310,7,750,750,11823,4116,33876,28079,46548,38841,reinforcements_3,reinforcements_3,nuke_2,nuke_2,11,0,0,0,3,0,6,0,20699,23000,309,1118
5583,56000,56000,13364,7,21,27,18800,113.3,10726,critical,0,0,0,22,0,0,5,0,lost-scoring,3,1,54,18,143,20292,7,750,750,11826,4134,33876,28133,46551,38859,reinforcements_3,reinforcements_3,nuke_2,nuke_2,12,0,0,0,3,0,6,0,20699,23000,315,1181
5586,56000,56000,13361,7,22,27,18800,113.3,10726,critical,0,0,0,22,0,0,5,0,lost-scoring,4,2,72,36,162,20292,7,750,750,11829,4134,33876,28133,46551,38859,reinforcements_3,reinforcements_3,nuke_2,nuke_2,13,0,0,0,3,0,6,0,20699,23000,317,1144
5589,56000,56000,13361,7,22,27,18800,113.3,10726,critical,0,0,0,22,0,0,5,0,lost-scoring,4,2,72,36,162,20274,7,750,750,11829,4152,33876,28151,46554,38877,reinforcements_3,reinforcements_3,nuke_2,nuke_2,13,0,0,0,3,0,6,0,20699,23000,329,1159
5592,56000,56000,13358,7,23,28,18875,118.3,10744,critical,0,0,0,23,0,0,5,0,lost-scoring,4,2,72,36,156,20256,7,750,750,11832,4170,33876,28151,46557,38895,reinforcements_3,reinforcements_3,nuke_2,nuke_2,14,0,0,0,3,0,6,0,20699,23000,329,1151
5595,56000,56000,13358,7,21,26,18725,108.3,10708,critical,0,0,0,21,0,0,5,0,lost-scoring,4,2,72,36,156,20256,7,750,750,11832,4170,33876,28169,46557,38895,reinforcements_3,reinforcements_3,nuke_2,nuke_2,12,0,0,0,3,0,6,0,20699,23000,333,1162
5598,56000,56000,13355,7,22,27,18800,113.3,10726,critical,0,0,0,22,0,0,5,0,lost-scoring,3,1,54,18,130,20238,7,750,750,11835,4188,33882,28187,46560,38913,reinforcements_3,reinforcements_3,nuke_2,nuke_2,13,0,0,0,3,0,6,0,20699,23000,338,1153
5601,56000,56000,13352,7,23,26,18725,108.3,10708,critical,0,0,0,21,0,0,5,0,lost-scoring,3,1,54,18,130,20238,7,750,750,11838,4188,33882,28187,46560,38913,reinforcements_3,reinforcements_3,nuke_2,nuke_2,14,0,0,0,3,0,6,0,20699,23000,338,1140
5604,56000,56000,13352,7,23,26,18725,108.3,10708,critical,0,0,0,21,0,0,5,0,lost-scoring,3,1,54,18,130,20220,7,750,750,11838,4206,33882,28223,46563,38931,reinforcements_3,reinforcements_3,nuke_2,nuke_2,14,0,0,0,3,0,6,0,20699,23000,354,1155
5607,56000,56000,13349,7,22,26,18725,108.3,10708,critical,0,0,0,21,0,0,5,0,lost-scoring,4,1,2120,18,152,20202,7,750,750,11841,4224,33888,28223,46566,38949,reinforcements_3,reinforcements_3,nuke_2,nuke_2,13,0,0,0,3,0,6,0,20699,23000,343,1170
5610,56000,56000,14099,7,22,26,18725,108.3,10708,critical,0,0,0,21,0,0,5,0,lost-scoring,4,1,2120,18,152,20952,7,750,750,11841,4224,33888,28241,46566,38949,reinforcements_3,reinforcements_3,nuke_2,nuke_2,13,0,0,0,3,0,6,0,20699,23000,362,1134
5613,56000,56000,12033,7,23,27,18800,113.3,10726,wipe,0,0,0,22,0,0,5,0,-,4,4,2120,2120,100,20934,7,750,750,13907,4242,33888,28241,48632,38967,reinforcements_3,reinforcements_3,nuke_2,nuke_2,13,0,0,0,3,0,7,0,20699,23000,360,1127
5616,56000,56000,12030,7,23,25,18650,103.3,10690,critical,0,0,0,20,0,0,5,0,cooldown,4,4,4168,4168,100,20934,7,750,750,13910,4242,33969,28277,48632,38967,reinforcements_3,reinforcements_3,nuke_2,nuke_2,14,0,0,0,2,0,7,0,20699,23000,360,1134
5619,56000,56000,12030,7,17,26,18725,108.3,10708,critical,0,0,0,21,0,0,5,0,cooldown,4,4,4168,4168,100,20916,7,750,750,13910,4260,46365,28277,48635,38985,reinforcements_3,reinforcements_3,nuke_2,nuke_2,14,0,0,0,2,0,1,0,20699,23000,333,1128
5622,56000,56000,12027,7,18,27,18800,113.3,10726,critical,0,0,0,22,0,0,5,0,cooldown,5,5,4186,4186,72,20898,7,750,750,13913,4278,46365,28277,48638,39003,reinforcements_3,reinforcements_3,nuke_2,nuke_2,15,0,0,0,2,0,1,0,20699,23000,336,1123
5625,56000,56000,12027,7,17,26,15295,107.6,10708,critical,0,0,0,21,0,0,5,0,cooldown,5,5,4186,4186,72,20898,7,750,750,13913,4278,46368,28295,48638,39003,reinforcements_3,reinforcements_3,nuke_2,nuke_2,14,0,0,0,2,0,1,0,20699,23000,341,1110
5628,56000,56000,12024,7,16,27,15370,112.6,10726,critical,0,0,0,22,0,0,5,0,cooldown,6,5,6252,4186,107,20880,7,750,750,13916,4296,46368,28295,48641,39021,reinforcements_3,reinforcements_3,nuke_2,nuke_2,14,0,0,0,1,0,1,0,20699,23000,318,1106
5631,56000,56000,12021,7,16,27,15370,112.6,10726,critical,0,0,0,22,0,0,5,0,cooldown,7,7,6270,6270,82,20880,7,750,750,13919,4296,46455,28295,48641,39021,reinforcements_3,reinforcements_3,nuke_2,nuke_2,14,0,0,0,1,0,1,0,20699,23000,307,1073
5634,56000,56000,12021,7,15,28,15445,117.6,10744,critical,0,0,0,23,0,0,5,0,cooldown,7,7,6270,6270,82,20862,7,750,750,13919,4314,46458,28295,48644,39039,reinforcements_3,reinforcements_3,nuke_2,nuke_2,13,0,0,0,1,0,1,0,20699,23000,311,1069
5637,56000,56000,12018,7,15,29,15520,122.6,10762,critical,0,0,0,24,0,0,5,0,cooldown,9,7,8354,6270,143,20844,7,750,750,13922,4332,46461,28295,48647,39057,reinforcements_3,reinforcements_3,nuke_2,nuke_2,13,0,0,0,1,0,1,0,20699,23000,298,1065
5640,56000,56000,12768,7,14,26,15295,107.6,10708,critical,0,0,0,21,0,0,5,0,cooldown,9,7,8354,6270,143,21594,7,750,750,13922,4332,46464,28295,48647,39057,reinforcements_3,reinforcements_3,nuke_2,nuke_2,12,0,0,0,1,0,1,0,20699,23000,303,1088
5643,56000,56000,10702,7,13,27,15370,112.6,10726,wipe,0,0,0,22,0,0,5,0,-,7,5,8318,6234,121,21576,7,750,750,15988,4350,46467,28349,50713,39075,reinforcements_3,reinforcements_3,nuke_2,nuke_2,11,0,0,0,0,0,2,0,20699,23000,274,1085
5646,56000,56000,10699,7,14,27,15370,112.6,10726,critical,0,0,0,22,0,0,5,0,cooldown,9,7,10402,8318,166,21576,7,750,750,15991,4350,46548,28349,50713,39075,reinforcements_3,reinforcements_3,nuke_2,nuke_2,12,0,0,0,0,0,2,0,20699,23000,278,1052
5649,56000,56000,10699,7,12,28,15445,117.6,10744,critical,0,0,0,23,0,0,5,0,cooldown,9,7,10402,8318,166,21558,7,750,750,15991,4368,46551,28349,50716,39093,reinforcements_3,reinforcements_3,nuke_2,nuke_2,10,0,0,0,0,0,2,0,20699,23000,267,1050
5652,56000,56000,10696,7,13,29,15520,122.6,10762,critical,0,0,0,24,0,0,5,0,cooldown,10,8,10420,8336,152,21540,7,750,750,15994,4386,46554,28349,50719,39111,reinforcements_3,reinforcements_3,nuke_2,nuke_2,11,0,0,0,0,0,2,0,20699,23000,270,1046
5655,56000,56000,10696,7,12,25,11940,112.0,6594,critical,0,0,0,22,0,0,3,0,cooldown,10,8,10420,8336,152,21540,7,750,750,15994,4386,46557,32517,50719,39111,reinforcements_3,reinforcements_3,nuke_2,nuke_2,10,0,0,0,0,0,2,0,20699,23000,274,1096
5658,56000,56000,10693,7,11,26,12015,117.0,6612,critical,0,0,0,23,0,0,3,0,cooldown,7,6,6270,6252,152,21522,7,750,750,15997,4404,48626,32517,50722,39129,reinforcements_3,reinforcements_3,nuke_2,nuke_2,10,0,0,0,0,0,1,0,20699,23000,245,1090
5661,56000,56000,10690,7,11,26,12015,117.0,6612,critical,0,0,0,23,0,0,3,0,cooldown,8,6,6288,6252,186,21522,7,750,750,16000,4404,48629,32517,50722,39129,reinforcements_3,reinforcements_3,nuke_2,nuke_2,10,0,0,0,0,0,1,0,20699,23000,229,1055
5664,56000,56000,10690,7,10,27,12090,122.0,6630,critical,0,0,0,24,0,0,3,0,cooldown,8,6,6288,6252,186,21504,7,750,750,16000,4422,48632,32517,50725,39147,reinforcements_3,reinforcements_3,nuke_2,nuke_2,9,0,0,0,0,0,1,0,20699,23000,230,1049
5667,56000,56000,10687,7,10,28,12165,127.0,6648,critical,0,0,0,25,0,0,3,0,cooldown,9,7,6306,6270,225,21486,7,750,750,16003,4440,48632,32517,50728,39165,reinforcements_3,reinforcements_3,nuke_2,nuke_2,9,0,0,0,0,0,1,0,20699,23000,217,1045
5670,56000,56000,11437,7,9,28,12165,127.0,6648,critical,0,0,0,25,0,0,3,0,cooldown,9,7,6306,6270,225,22236,7,750,750,16003,4440,48638,32517,50728,39165,reinforcements_3,reinforcements_3,nuke_2,nuke_2,8,0,0,0,0,0,1,0,20699,23000,222,1008
5673,56000,56000,9371,7,9,26,12015,117.0,6612,wipe,0,0,0,23,0,0,3,0,-,10,7,6324,6270,257,22218,7,750,750,18069,4458,48641,32517,52794,39183,reinforcements_3,reinforcements_3,nuke_2,nuke_2,7,0,0,0,0,0,2,0,20699,23000,203,1074
5676,56000,56000,8396,7,7,26,12015,117.0,6612,critical,0,0,0,23,0,0,3,0,cooldown,8,5,6288,6234,257,22218,7,750,750,18069,4458,48641,32571,52794,39183,reinforcements_3,reinforcements_3,nuke_2,nuke_2,6,0,0,0,0,0,1,0,20699,23000,190,1038
5679,56000,56000,8393,7,7,27,12090,122.0,6630,critical,0,0,0,24,0,0,3,0,cooldown,8,5,6288,6234,257,21225,7,750,750,18072,4476,50710,32571,52797,39201,reinforcements_3,reinforcements_3,nuke_2,nuke_2,6,0,0,0,0,0,1,0,20699,23000,171,1034
5682,56000,56000,8390,7,8,28,12165,127.0,6648,critical,0,0,0,25,0,0,3,0,cooldown,9,5,6306,6234,304,21207,7,750,750,18075,4494,50713,32571,52800,39219,reinforcements_3,reinforcements_3,nuke_2,nuke_2,7,0,0,0,0,0,1,0,20699,23000,176,1028
5685,56000,56000,8390,7,8,28,12165,127.0,6648,critical,0,0,0,25,0,0,3,0,cooldown,9,5,6306,6234,304,21207,7,750,750,18075,4494,50713,32571,52800,39219,reinforcements_3,reinforcements_3,nuke_2,nuke_2,7,0,0,0,0,0,1,0,20699,23000,196,994
5688,56000,56000,8387,7,7,29,12240,132.0,6666,critical,0,0,0,26,0,0,3,0,cooldown,10,6,6324,6252,317,21189,7,750,750,18078,4512,50716,32571,52803,39237,reinforcements_3,reinforcements_3,nuke_2,nuke_2,6,0,0,0,0,0,1,0,20699,23000,168,992
5691,56000,56000,8384,7,8,29,12240,132.0,6666,critical,0,0,0,26,0,0,3,0,cooldown,11,7,6342,6270,334,21189,7,750,750,18081,4512,50719,32571,52803,39237,reinforcements_3,reinforcements_3,nuke_2,nuke_2,7,0,0,0,0,0,1,0,20699,23000,171,958
5694,56000,56000,8384,7,7,30,12315,137.0,6684,critical,0,0,0,27,0,0,3,0,cooldown,11,7,6342,6270,334,21171,7,750,750,18081,4530,50722,32571,52806,39255,reinforcements_3,reinforcements_3,nuke_2,nuke_2,6,0,0,0,0,0,1,0,20699,23000,178,956
5697,56000,56000,8381,7,7,25,1875,125.0,450,block,0,0,0,25,0,0,0,0,cooldown,6,1,108,18,325,21153,7,750,750,18084,4548,50725,38823,52809,39273,reinforcements_3,reinforcements_3,nuke_2,nuke_2,6,0,0,0,0,0,1,0,20699,23000,162,1108
5700,56000,56000,9131,7,7,25,1875,125.0,450,block,0,0,0,25,0,0,0,0,cooldown,6,1,108,18,325,21903,7,750,750,18084,4548,50725,38823,52809,39273,reinforcements_3,reinforcements_3,nuke_2,nuke_2,6,0,0,0,0,0,1,0,20699,23000,180,1071
5703,56000,56000,9128,7,7,26,1950,130.0,468,block,0,0,0,26,0,0,0,0,lost-scoring,7,2,126,36,325,21885,7,750,750,18087,4566,50728,38823,52812,39291,reinforcements_3,reinforcements_3,nuke_2,nuke_2,6,0,0,0,0,0,1,0,20699,23000,163,1066
5706,56000,56000,9125,7,8,26,1950,130.0,468,block,0,0,0,26,0,0,0,0,lost-scoring,8,3,144,54,325,21885,7,750,750,18090,4566,50728,38823,52812,39291,reinforcements_3,reinforcements_3,nuke_2,nuke_2,7,0,0,0,0,0,1,0,20699,23000,165,1030
5709,56000,56000,9125,7,8,27,2025,135.0,486,block,0,0,0,27,0,0,0,0,lost-scoring,8,3,144,54,325,21867,7,750,750,18090,4584,50728,38823,52815,39309,reinforcements_3,reinforcements_3,nuke_2,nuke_2,7,0,0,0,0,0,1,0,20699,23000,183,1028
5712,56000,56000,9044,7,9,28,2100,140.0,504,wipe,0,0,0,28,0,0,0,0,-,9,5,162,90,325,21849,7,750,750,18171,4602,50728,38823,52896,39327,reinforcements_3,reinforcements_3,nuke_2,nuke_2,7,0,0,0,1,0,1,0,20699,23000,182,1026
5715,56000,56000,9044,7,8,28,2100,140.0,504,wipe,0,0,0,28,0,0,0,0,-,9,5,162,90,325,21849,7,750,750,18171,4602,50731,38823,52896,39327,reinforcements_3,reinforcements_3,nuke_2,nuke_2,6,0,0,0,1,0,1,0,20699,23000,188,992
5718,56000,56000,9041,7,8,29,2175,145.0,522,block,0,0,0,29,0,0,0,0,cooldown,10,6,180,108,325,21831,7,750,750,18174,4620,50734,38823,52899,39345,reinforcements_3,reinforcements_3,nuke_2,nuke_2,6,0,0,0,1,0,1,0,20699,23000,177,991
5721,56000,56000,9038,7,9,29,2175,145.0,522,block,0,0,0,29,0,0,0,0,cooldown,11,7,198,126,325,21831,7,750,750,18177,4620,50734,38823,52899,39345,reinforcements_3,reinforcements_3,nuke_2,nuke_2,7,0,0,0,1,0,1,0,20699,23000,180,959
5724,56000,56000,9038,7,8,30,2250,150.0,540,block,0,0,0,30,0,0,0,0,cooldown,11,7,198,126,325,21813,7,750,750,18177,4638,50737,38823,52902,39363,reinforcements_3,reinforcements_3,nuke_2,nuke_2,6,0,0,0,1,0,1,0,20699,23000,186,959
5727,56000,56000,10538,7,7,31,2325,155.0,558,outmatched,0,0,0,31,0,0,0,0,cooldown,12,8,216,144,325,23295,7,750,750,18177,4656,50737,38823,52902,39381,reinforcements_3,reinforcements_3,nuke_2,nuke_2,5,0,0,0,1,0,1,0,20699,23000,191,959
5730,56000,56000,11288,7,7,31,2325,155.0,558,outmatched,0,0,0,31,0,0,0,0,cooldown,12,8,216,144,325,24045,7,750,750,18177,4656,50740,38823,52902,39381,reinforcements_3,reinforcements_3,nuke_2,nuke_2,5,0,0,0,1,0,1,0,20699,23000,211,929
5733,56000,56000,11288,7,6,32,2400,160.0,576,outmatched,0,0,0,32,0,0,0,0,cooldown,13,9,234,162,325,24027,7,750,750,18177,4674,50743,38823,52902,39399,reinforcements_3,reinforcements_3,nuke_2,nuke_2,4,0,0,0,1,0,1,0,20699,23000,217,930
5736,56000,56000,11285,7,7,24,1800,120.0,432,block,0,0,0,24,0,0,0,0,cooldown,6,1,108,18,325,24027,7,750,750,18180,4674,50743,38823,52902,39399,reinforcements_3,reinforcements_3,nuke_2,nuke_2,5,0,0,0,1,0,1,0,20699,23000,206,1088
5739,56000,56000,11285,7,6,25,1875,125.0,450,block,0,0,0,25,0,0,0,0,cooldown,6,1,108,18,325,24009,7,750,750,18180,4692,50746,38967,52905,39417,reinforcements_3,reinforcements_3,nuke_2,nuke_2,4,0,0,0,1,0,1,0,20699,23000,206,1083
5742,56000,56000,11282,7,6,25,1875,125.0,450,block,0,0,0,25,0,0,0,0,lost-scoring,6,1,108,18,325,23991,7,750,750,18183,4710,50746,38985,52908,39435,reinforcements_3,reinforcements_3,nuke_2,nuke_2,4,0,0,0,1,0,1,0,20699,23000,179,1108
5745,56000,56000,11282,7,6,25,1875,125.0,450,block,0,0,0,25,0,0,0,0,lost-scoring,6,1,108,18,325,23991,7,750,750,18183,4710,50749,38985,52908,39435,reinforcements_3,reinforcements_3,nuke_2,nuke_2,4,0,0,0,1,0,1,0,20699,23000,193,1071
5748,56000,56000,11279,7,7,26,1950,130.0,468,block,0,0,0,26,0,0,0,0,lost-scoring,7,2,126,36,325,23973,7,750,750,18186,4728,50749,38985,52911,39453,reinforcements_3,reinforcements_3,nuke_2,nuke_2,5,0,0,0,1,0,1,0,20699,23000,186,1066
5751,56000,56000,11276,7,8,26,1950,130.0,468,block,0,0,0,26,0,0,0,0,lost-scoring,8,3,144,54,325,23973,7,750,750,18189,4728,50749,38985,52911,39453,reinforcements_3,reinforcements_3,nuke_2,nuke_2,6,0,0,0,1,0,1,0,20699,23000,182,1030
5754,56000,56000,11276,7,7,27,2025,135.0,486,block,0,0,0,27,0,0,0,0,lost-scoring,8,3,144,54,325,23955,7,750,750,18189,4746,50752,38985,52914,39471,reinforcements_3,reinforcements_3,nuke_2,nuke_2,5,0,0,0,1,0,1,0,20699,23000,181,1028
5757,56000,56000,11195,7,7,28,2100,140.0,504,wipe,0,0,0,28,0,0,0,0,-,9,5,162,90,325,23937,7,750,750,18270,4764,50752,38985,52995,39489,reinforcements_3,reinforcements_3,nuke_2,nuke_2,4,0,0,0,2,0,1,0,20699,23000,158,1026
5760,56000,56000,11945,7,7,28,2100,140.0,504,wipe,0,0,0,28,0,0,0,0,-,9,5,162,90,325,24687,7,750,750,18270,4764,50755,38985,52995,39489,reinforcements_3,reinforcements_3,nuke_2,nuke_2,4,0,0,0,2,0,1,0,20699,23000,174,992
5763,56000,56000,11942,7,8,29,2175,145.0,522,block,0,0,0,29,0,0,0,0,cooldown,10,6,180,108,325,24669,7,750,750,18273,4782,50755,38985,52998,39507,reinforcements_3,reinforcements_3,nuke_2,nuke_2,5,0,0,0,2,0,1,0,20699,23000,175,991
5766,56000,56000,11939,7,9,29,2175,145.0,522,block,0,0,0,29,0,0,0,0,cooldown,11,7,198,126,325,24669,7,750,750,18276,4782,50755,38985,52998,39507,reinforcements_3,reinforcements_3,nuke_2,nuke_2,6,0,0,0,2,0,1,0,20699,23000,176,959
5769,56000,56000,11939,7,9,30,2250,150.0,540,block,0,0,0,30,0,0,0,0,cooldown,11,7,198,126,325,24651,7,750,750,18276,4800,50755,38985,53001,39525,reinforcements_3,reinforcements_3,nuke_2,nuke_2,6,0,0,0,2,0,1,0,20699,23000,193,959
5772,56000,56000,11939,7,8,24,1800,120.0,432,outmatched,0,0,0,24,0,0,0,0,cooldown,12,8,216,144,338,24633,7,750,750,18276,4818,50755,38985,53001,39543,reinforcements_3,reinforcements_3,nuke_2,nuke_2,5,0,0,0,2,0,1,0,20699,23000,201,1140
5775,56000,56000,11939,7,8,24,1800,120.0,432,outmatched,0,0,0,24,0,0,0,0,cooldown,12,8,216,144,338,24633,7,750,750,18276,4818,50758,39111,53001,39543,reinforcements_3,reinforcements_3,nuke_2,nuke_2,5,0,0,0,2,0,1,0,20699,23000,224,1101
5778,56000,56000,11936,7,9,25,1875,125.0,450,block,0,0,0,25,0,0,0,0,cooldown,6,2,108,36,305,24615,7,750,750,18279,4836,50758,39111,53004,39561,reinforcements_3,reinforcements_3,nuke_2,nuke_2,6,0,0,0,2,0,1,0,20699,23000,218,1096
5781,56000,56000,11933,7,10,25,1875,125.0,450,block,0,0,0,25,0,0,0,0,cooldown,7,3,126,54,305,24615,7,750,750,18282,4836,50758,39111,53004,39561,reinforcements_3,reinforcements_3,nuke_2,nuke_2,7,0,0,0,2,0,1,0,20699,23000,215,1060
5784,56000,56000,11933,7,9,25,1875,125.0,450,block,0,0,0,25,0,0,0,0,cooldown,7,3,126,54,305,24597,7,750,750,18282,4854,50761,39129,53007,39579,reinforcements_3,reinforcements_3,nuke_2,nuke_2,6,0,0,0,2,0,1,0,20699,23000,219,1084
5787,56000,56000,11930,7,9,26,1950,130.0,468,block,0,0,0,26,0,0,0,0,lost-scoring,7,3,126,54,299,24579,7,750,750,18285,4872,50764,39129,53010,39597,reinforcements_3,reinforcements_3,nuke_2,nuke_2,6,0,0,0,2,0,1,0,20699,23000,201,1080
5790,56000,56000,12680,7,8,26,1950,130.0,468,block,0,0,0,26,0,0,0,0,lost-scoring,7,3,126,54,299,25329,7,750,750,18285,4872,50764,39129,53010,39597,reinforcements_3,reinforcements_3,nuke_2,nuke_2,5,0,0,0,2,0,1,0,20699,23000,202,1045
5793,56000,56000,11237,7,10,28,5455,135.7,2552,block,0,0,0,27,0,0,1,0,lost-scoring,8,3,144,54,299,23871,7,750,750,18288,4890,50767,39129,55079,41681,reinforcements_3,reinforcements_3,nuke_2,nuke_2,6,0,0,0,2,0,2,0,20699,23000,180,1073
5796,56000,56000,11156,7,11,28,5455,135.7,2552,wipe,0,0,0,27,0,0,1,0,-,9,5,162,90,299,23871,7,750,750,18369,4890,50767,39129,55079,41681,reinforcements_3,reinforcements_3,nuke_2,nuke_2,6,0,0,0,3,0,2,0,20699,23000,179,1039
5799,56000,56000,11156,7,10,29,5530,140.7,2570,wipe,0,0,0,28,0,0,1,0,-,9,5,162,90,299,23853,7,750,750,18369,4908,50767,39129,55160,41699,reinforcements_3,reinforcements_3,nuke_2,nuke_2,5,0,0,0,3,0,2,0,20699,23000,184,1034
5802,56000,56000,11156,7,11,31,9035,146.3,4654,outmatched,0,0,0,29,0,0,2,0,cooldown,10,6,180,108,310,23835,7,750,750,18369,4926,50770,39129,55160,41717,reinforcements_3,reinforcements_3,nuke_2,nuke_2,5,0,0,0,3,0,3,0,20699,23000,183,1059
5805,56000,56000,11156,7,10,31,9035,146.3,4654,outmatched,0,0,0,29,0,0,2,0,cooldown,10,6,180,108,310,23835,7,750,750,18369,4926,50770,39129,57226,43783,reinforcements_3,reinforcements_3,nuke_2,nuke_2,4,0,0,0,3,0,3,0,20699,23000,189,1027
5808,56000,56000,11156,7,10,32,9110,151.3,4672,outmatched,0,0,0,30,0,0,2,0,cooldown,11,7,198,126,310,23817,7,750,750,18369,4944,50773,39129,57226,43801,reinforcements_3,reinforcements_3,nuke_2,nuke_2,4,0,0,0,3,0,3,0,20699,23000,206,1023
5811,56000,56000,11156,7,10,32,9110,151.3,4672,outmatched,0,0,0,30,0,0,2,0,cooldown,12,8,216,144,310,23817,7,750,750,18369,4944,50773,39129,57226,43801,reinforcements_3,reinforcements_3,nuke_2,nuke_2,4,0,0,0,3,0,3,0,20699,23000,225,993
5814,56000,56000,11156,7,11,27,12090,122.0,6630,outmatched,0,0,0,24,0,0,3,0,cooldown,12,8,216,144,310,23799,7,750,750,18369,4962,50773,39255,59292,45885,reinforcements_3,reinforcements_3,nuke_2,nuke_2,4,0,0,0,3,0,4,0,20699,23000,225,1187
5817,56000,56000,11153,7,11,27,12090,122.0,6630,critical,0,0,0,24,0,0,3,0,cooldown,6,2,108,36,299,23781,7,750,750,18372,4980,50776,39255,59295,45903,reinforcements_3,reinforcements_3,nuke_2,nuke_2,4,0,0,0,3,0,4,0,20699,23000,219,1207
5820,56000,56000,11903,7,11,26,12015,117.0,6612,critical,0,0,0,23,0,0,3,0,cooldown,6,2,108,36,299,24531,7,750,750,18372,4980,50776,39273,59295,45903,reinforcements_3,reinforcements_3,nuke_2,nuke_2,4,0,0,0,3,0,4,0,20699,23000,239,1200
5823,56000,56000,11900,7,13,28,15520,122.6,8696,critical,0,0,0,24,0,0,4,0,cooldown,5,1,90,18,260,24513,7,750,750,18375,4998,50776,39291,61364,47987,reinforcements_3,reinforcements_3,nuke_2,nuke_2,5,0,0,0,3,0,5,0,20699,23000,227,1214
5826,56000,56000,11897,7,14,28,15520,122.6,8696,critical,0,0,0,24,0,0,4,0,lost-scoring,6,2,108,36,270,24513,7,750,750,18378,4998,50776,39291,61364,47987,reinforcements_3,reinforcements_3,nuke_2,nuke_2,6,0,0,0,3,0,5,0,20699,23000,228,1177
5829,56000,56000,11897,7,14,28,15520,122.6,8696,critical,0,0,0,24,0,0,4,0,lost-scoring,6,2,108,36,270,24495,7,750,750,18378,5016,50776,39309,61367,48005,reinforcements_3,reinforcements_3,nuke_2,nuke_2,6,0,0,0,3,0,5,0,20699,23000,245,1195
5832,56000,56000,11894,7,14,30,19025,128.3,10780,critical,0,0,0,25,0,0,5,0,lost-scoring,6,2,108,36,260,24477,7,750,750,18381,5034,50776,39309,61370,48023,reinforcements_3,reinforcements_3,nuke_2,nuke_2,5,0,0,0,3,0,6,0,20699,23000,212,1208
5835,56000,56000,11894,7,14,28,18875,118.3,10744,critical,0,0,0,23,0,0,5,0,lost-scoring,6,2,108,36,260,24477,7,750,750,18381,5034,50782,39345,63436,50089,reinforcements_3,reinforcements_3,nuke_2,nuke_2,5,0,0,0,3,0,6,0,20699,23000,234,1228
5838,56000,56000,11891,7,15,28,18875,118.3,10744,critical,0,0,0,23,0,0,5,0,lost-scoring,5,1,90,18,247,24459,7,750,750,18384,5052,50782,39363,63439,50107,reinforcements_3,reinforcements_3,nuke_2,nuke_2,6,0,0,0,3,0,6,0,20699,23000,239,1244
5841,56000,56000,11888,7,16,28,18875,118.3,10744,critical,0,0,0,23,0,0,5,0,lost-scoring,5,2,90,36,230,24459,7,750,750,18387,5052,50782,39363,63439,50107,reinforcements_3,reinforcements_3,nuke_2,nuke_2,7,0,0,0,3,0,6,0,20699,23000,243,1207
5844,56000,56000,11888,7,16,26,18725,108.3,10708,critical,0,0,0,21,0,0,5,0,lost-scoring,5,2,90,36,230,24459,7,750,750,18387,5052,50782,39363,63442,50107,reinforcements_3,reinforcements_3,nuke_2,nuke_2,7,0,0,0,3,0,6,0,20699,23000,256,1228
5847,56000,56000,11885,7,17,26,18725,108.3,10708,critical,0,0,0,21,0,0,5,0,lost-scoring,4,1,72,18,195,24459,7,750,750,18390,5052,50782,39399,63445,50107,reinforcements_3,reinforcements_3,nuke_2,nuke_2,8,0,0,0,3,0,6,0,20699,23000,265,1191
5850,56000,56000,12635,7,17,25,18650,103.3,10690,critical,0,0,0,20,0,0,5,0,lost-scoring,4,1,72,18,195,25209,7,750,750,18390,5052,50782,39417,63445,50107,reinforcements_3,reinforcements_3,nuke_2,nuke_2,8,0,0,0,3,0,6,0,20699,23000,281,1183
5853,56000,56000,12632,7,18,25,18650,103.3,10690,critical,0,0,0,20,0,0,5,0,lost-scoring,4,1,72,18,185,25209,7,750,750,18393,5052,50782,39417,63448,50107,reinforcements_3,reinforcements_3,nuke_2,nuke_2,9,0,0,0,3,0,6,0,20699,23000,282,1147
5856,56000,56000,12629,7,18,25,18650,103.3,10690,critical,0,0,0,20,0,0,5,0,lost-scoring,5,2,90,36,185,25209,7,750,750,18396,5052,50782,39417,63448,50107,reinforcements_3,reinforcements_3,nuke_2,nuke_2,10,0,0,0,2,0,6,0,20699,23000,275,1112
5859,56000,56000,12629,7,18,23,18500,93.3,10654,critical,0,0,0,18,0,0,5,0,lost-scoring,5,2,90,36,185,25209,7,750,750,18396,5052,50863,39453,63451,50107,reinforcements_3,reinforcements_3,nuke_2,nuke_2,10,0,0,0,2,0,6,0,20699,23000,291,1130
5862,56000,56000,12626,7,18,22,18425,88.3,10636,critical,0,0,0,17,0,0,5,0,lost-scoring,4,2,72,36,172,25209,7,750,750,18399,5052,50866,39453,63454,50107,reinforcements_3,reinforcements_3,nuke_2,nuke_2,10,0,0,0,2,0,6,0,20699,23000,284,1122
5865,56000,56000,12626,7,18,22,18425,88.3,10636,critical,0,0,0,17,0,0,5,0,lost-scoring,4,2,72,36,172,25209,7,750,750,18399,5052,50866,39471,63454,50107,reinforcements_3,reinforcements_3,nuke_2,nuke_2,10,0,0,0,2,0,6,0,20699,23000,302,1086
5868,56000,56000,12623,7,19,21,18350,83.3,10618,critical,0,0,0,16,0,0,5,0,lost-scoring,3,1,54,18,130,25209,7,750,750,18402,5052,50866,39489,63457,50107,reinforcements_3,reinforcements_3,nuke_2,nuke_2,11,0,0,0,2,0,6,0,20699,23000,307,1077
5871,56000,56000,12620,7,20,21,18350,83.3,10618,critical,0,0,0,16,0,0,5,0,lost-scoring,4,2,72,36,146,25209,7,750,750,18405,5052,50866,39489,63457,50107,reinforcements_3,reinforcements_3,nuke_2,nuke_2,12,0,0,0,2,0,6,0,20699,23000,308,1042
5874,56000,56000,12620,7,20,20,18275,78.3,10600,critical,0,0,0,15,0,0,5,0,lost-scoring,4,2,72,36,146,25209,7,750,750,18405,5052,50866,39489,63460,50107,reinforcements_3,reinforcements_3,nuke_2,nuke_2,12,0,0,0,2,0,6,0,20699,23000,323,1033
5877,56000,56000,12617,7,21,20,18275,78.3,10600,critical,0,0,0,15,0,0,5,0,lost-scoring,4,2,72,36,143,25209,7,750,750,18408,5052,50866,39507,63463,50107,reinforcements_3,reinforcements_3,nuke_2,nuke_2,13,0,0,0,2,0,6,0,20699,23000,325,998
5880,56000,56000,13367,7,20,18,18125,68.3,10564,critical,0,0,0,13,0,0,5,0,lost-scoring,4,2,72,36,143,25959,7,750,750,18408,5052,50869,39543,63463,50107,reinforcements_3,reinforcements_3,nuke_2,nuke_2,12,0,0,0,2,0,6,0,20699,23000,339,1014
5883,56000,56000,13364,7,21,17,18050,63.3,10546,wipe,0,0,0,12,0,0,5,0,-,3,1,54,18,123,25959,7,750,750,18411,5052,50869,39561,63466,50107,reinforcements_3,reinforcements_3,nuke_2,nuke_2,13,0,0,0,2,0,6,0,20699,23000,345,1005
5886,56000,56000,13361,7,22,17,18050,63.3,10546,critical,0,0,0,12,0,0,5,0,cooldown,3,2,54,36,117,25959,7,750,750,18414,5052,50869,39561,63466,50107,reinforcements_3,reinforcements_3,nuke_2,nuke_2,14,0,0,0,2,0,6,0,20699,23000,348,971
5889,56000,56000,13361,7,22,16,17975,58.3,10528,critical,0,0,0,11,0,0,5,0,cooldown,3,2,54,36,117,25959,7,750,750,18414,5052,50869,39579,63469,50107,reinforcements_3,reinforcements_3,nuke_2,nuke_2,14,0,0,0,2,0,6,0,20699,23000,364,960
5892,56000,56000,13358,7,22,16,17975,58.3,10528,critical,0,0,0,11,0,0,5,0,cooldown,3,2,54,36,97,25959,7,750,750,18417,5052,50872,39579,63472,50107,reinforcements_3,reinforcements_3,nuke_2,nuke_2,14,0,0,0,2,0,6,0,20699,23000,356,927
5895,56000,56000,13358,7,22,14,17825,48.3,10492,critical,0,0,0,9,0,0,5,0,cooldown,3,2,54,36,97,25959,7,750,750,18417,5052,50872,39579,63472,50107,reinforcements_3,reinforcements_3,nuke_2,nuke_2,14,0,0,0,2,0,6,0,20699,23000,368,940
5898,56000,56000,13355,7,23,14,17825,48.3,10492,critical,0,0,0,9,0,0,5,0,cooldown,2,1,36,18,65,25959,7,750,750,18420,5052,50872,39615,63475,50107,reinforcements_3,reinforcements_3,nuke_2,nuke_2,15,0,0,0,2,0,6,0,20699,23000,373,905
5901,56000,56000,13352,7,24,14,17825,48.3,10492,critical,0,0,0,9,0,0,5,0,cooldown,3,2,54,36,78,25959,7,750,750,18423,5052,50872,39615,63475,50107,reinforcements_3,reinforcements_3,nuke_2,nuke_2,16,0,0,0,2,0,6,0,20699,23000,372,872
5904,56000,56000,13352,7,24,12,17675,38.3,10456,critical,0,0,0,7,0,0,5,0,cooldown,3,2,54,36,78,25959,7,750,750,18423,5052,50872,39615,63478,50107,reinforcements_3,reinforcements_3,nuke_2,nuke_2,16,0,0,0,2,0,6,0,20699,23000,384,883
5907,56000,56000,13349,7,25,12,17675,38.3,10456,critical,0,0,0,7,0,0,5,0,cooldown,2,1,36,18,61,25959,7,750,750,18426,5052,50872,39651,63481,50107,reinforcements_3,reinforcements_3,nuke_2,nuke_2,17,0,0,0,2,0,6,0,20699,23000,389,849
5910,56000,56000,14099,7,25,11,17600,33.3,10438,critical,0,0,0,6,0,0,5,0,cooldown,2,1,36,18,61,26709,7,750,750,18426,5052,50872,39669,63481,50107,reinforcements_3,reinforcements_3,nuke_2,nuke_2,17,0,0,0,2,0,6,0,20699,23000,406,838
5913,56000,56000,12033,7,26,10,17525,28.3,10420,wipe,0,0,0,5,0,0,5,0,-,3,3,2102,2102,77,26709,7,750,750,20492,5052,50872,39687,65547,50107,reinforcements_3,reinforcements_3,nuke_2,nuke_2,17,0,0,0,2,0,7,0,20699,23000,406,824
5916,56000,56000,12030,7,24,10,17525,28.3,10420,critical,0,0,0,5,0,0,5,0,cooldown,3,3,2102,2102,29,26709,7,750,750,20495,5052,50881,39687,65547,50107,reinforcements_3,reinforcements_3,nuke_2,nuke_2,15,0,0,0,2,0,7,0,20699,23000,384,794
5919,56000,56000,12030,7,18,10,17525,28.3,10420,critical,0,0,0,5,0,0,5,0,cooldown,3,3,2102,2102,29,26709,7,750,750,20495,5052,50881,39687,65550,50107,reinforcements_3,reinforcements_3,nuke_2,nuke_2,15,0,0,0,2,0,1,0,20699,23000,351,766
5922,56000,56000,12027,7,18,10,17525,28.3,10420,critical,0,0,0,5,0,0,5,0,cooldown,5,5,4186,4186,64,26709,7,750,750,20498,5052,63277,39687,65553,50107,reinforcements_3,reinforcements_3,nuke_2,nuke_2,15,0,0,0,2,0,1,0,20699,23000,339,742
5925,56000,56000,12027,7,17,10,17525,28.3,10420,critical,0,0,0,5,0,0,5,0,cooldown,5,5,4186,4186,64,26709,7,750,750,20498,5052,63280,39687,65553,50107,reinforcements_3,reinforcements_3,nuke_2,nuke_2,14,0,0,0,2,0,1,0,20699,23000,345,719
5928,56000,56000,12024,7,17,10,17525,28.3,10420,critical,0,0,0,5,0,0,5,0,cooldown,6,6,4204,4204,46,26709,7,750,750,20501,5052,63286,39687,65556,50107,reinforcements_3,reinforcements_3,nuke_2,nuke_2,14,0,0,0,2,0,1,0,20699,23000,335,690
5931,56000,56000,12021,7,17,7,13870,12.6,10366,critical,0,0,0,2,0,0,5,0,cooldown,5,5,6234,6234,94,26709,7,750,750,20504,5052,63289,39741,65556,50107,reinforcements_3,reinforcements_3,nuke_2,nuke_2,14,0,0,0,2,0,1,0,20699,23000,323,700
5934,56000,56000,12021,7,16,7,13870,12.6,10366,critical,0,0,0,2,0,0,5,0,cooldown,5,5,6234,6234,94,26709,7,750,750,20504,5052,63370,39741,65559,50107,reinforcements_3,reinforcements_3,nuke_2,nuke_2,14,0,0,0,1,0,1,0,20699,23000,330,679
5937,56000,56000,12018,7,16,7,13870,12.6,10366,critical,0,0,0,2,0,0,5,0,cooldown,5,5,6234,6234,50,26709,7,750,750,20507,5052,63370,39741,65562,50107,reinforcements_3,reinforcements_3,nuke_2,nuke_2,14,0,0,0,1,0,1,0,20699,23000,318,663
5940,56000,56000,12768,7,15,5,10290,2.0,10330,critical,0,0,0,0,0,0,5,0,cooldown,5,5,6234,6234,50,27459,7,750,750,20507,5052,63376,39741,65562,50107,reinforcements_3,reinforcements_3,nuke_2,nuke_2,13,0,0,0,1,0,1,0,20699,23000,323,673
5943,56000,56000,10702,7,15,5,10290,2.0,10330,wipe,0,0,0,0,0,0,5,0,-,4,4,8264,8264,100,27459,7,750,750,22573,5052,63457,39777,67628,50107,reinforcements_3,reinforcements_3,nuke_2,nuke_2,13,0,0,0,0,0,2,0,20699,23000,309,659
5946,56000,56000,10702,7,15,5,10290,2.0,10330,block,0,0,0,0,0,0,5,0,cooldown,4,4,8264,8264,53,27459,7,750,750,22573,5052,63457,39777,67628,50107,reinforcements_3,reinforcements_3,nuke_2,nuke_2,13,0,0,0,0,0,2,0,20699,23000,330,647
5949,56000,56000,10702,7,15,5,10290,2.0,10330,block,0,0,0,0,0,0,5,0,cooldown,4,4,8264,8264,53,27459,7,750,750,22573,5052,63457,39777,67628,50107,reinforcements_3,reinforcements_3,nuke_2,nuke_2,13,0,0,0,0,0,2,0,20699,23000,350,635
5952,56000,56000,10702,7,14,5,10290,2.0,10330,block,0,0,0,0,0,0,5,0,cooldown,5,4,10330,8264,103,27459,7,750,750,22573,5052,63457,39777,67628,50107,reinforcements_3,reinforcements_3,nuke_2,nuke_2,12,0,0,0,0,0,2,0,20699,23000,356,625
5955,56000,56000,10702,7,14,5,10290,2.0,10330,block,0,0,0,0,0,0,5,0,cooldown,5,4,10330,8264,103,27459,7,750,750,22573,5052,63460,39777,67628,50107,reinforcements_3,reinforcements_3,nuke_2,nuke_2,12,0,0,0,0,0,2,0,20699,23000,375,618
5958,56000,56000,10702,7,14,5,10290,2.0,10330,block,0,0,0,0,0,0,5,0,cooldown,5,5,10330,10330,53,27459,7,750,750,22573,5052,63460,39777,67628,50107,reinforcements_3,reinforcements_3,nuke_2,nuke_2,12,0,0,0,0,0,2,0,20699,23000,394,612
5961,56000,56000,10699,7,15,5,13720,2.6,10330,critical,0,0,0,0,0,0,5,0,cooldown,5,5,10330,10330,19,27459,7,750,750,22576,5052,63460,39777,67628,50107,reinforcements_3,reinforcements_3,nuke_2,nuke_2,13,0,0,0,0,0,2,0,20699,23000,388,602
5964,56000,56000,10699,7,10,3,6860,1.3,6198,critical,0,0,0,0,0,0,3,0,cooldown,5,5,10330,10330,19,27459,7,750,750,22576,5052,65538,43909,67631,50107,reinforcements_3,reinforcements_3,nuke_2,nuke_2,9,0,0,0,0,0,1,0,20699,23000,335,597
5967,56000,56000,10699,7,9,3,6860,1.3,6198,block,0,0,0,0,0,0,3,0,cooldown,3,3,6198,6198,39,27459,7,750,750,22576,5052,65541,43909,67631,50107,reinforcements_3,reinforcements_3,nuke_2,nuke_2,8,0,0,0,0,0,1,0,20699,23000,336,583
5970,56000,56000,11449,7,9,3,10290,2.0,6198,block,0,0,0,0,0,0,3,0,cooldown,3,3,6198,6198,39,28209,7,750,750,22576,5052,65541,43909,67631,50107,reinforcements_3,reinforcements_3,nuke_2,nuke_2,8,0,0,0,0,0,1,0,20699,23000,356,577
5973,56000,56000,9383,7,10,3,10290,2.0,6198,wipe,0,0,0,0,0,0,3,0,-,3,3,6198,6198,34,28209,7,750,750,24642,5052,65541,43909,69697,50107,reinforcements_3,reinforcements_3,nuke_2,nuke_2,8,0,0,0,0,0,2,0,20699,23000,340,567
5976,56000,56000,9383,7,10,3,10290,2.0,6198,block,0,0,0,0,0,0,3,0,cooldown,3,3,6198,6198,5,28209,7,750,750,24642,5052,65541,43909,69697,50107,reinforcements_3,reinforcements_3,nuke_2,nuke_2,8,0,0,0,0,0,2,0,20699,23000,358,564
5979,56000,56000,9383,7,9,3,10290,2.0,6198,block,0,0,0,0,0,0,3,0,cooldown,3,3,6198,6198,5,28209,7,750,750,24642,5052,65544,43909,69697,50107,reinforcements_3,reinforcements_3,nuke_2,nuke_2,7,0,0,0,0,0,2,0,20699,23000,361,562
5982,56000,56000,9383,7,9,3,10290,2.0,6198,block,0,0,0,0,0,0,3,0,cooldown,3,3,6198,6198,0,28209,7,750,750,24642,5052,65544,43909,69697,50107,reinforcements_3,reinforcements_3,nuke_2,nuke_2,7,0,0,0,0,0,2,0,20699,23000,382,562
5985,56000,56000,9383,7,9,3,10290,2.0,6198,block,0,0,0,0,0,0,3,0,cooldown,3,3,6198,6198,0,28209,7,750,750,24642,5052,65544,43909,69697,50107,reinforcements_3,reinforcements_3,nuke_2,nuke_2,7,0,0,0,0,0,2,0,20699,23000,400,562
5988,56000,56000,9383,7,9,3,10290,2.0,6198,block,0,0,0,0,0,0,3,0,cooldown,3,3,6198,6198,0,28209,7,750,750,24642,5052,65544,43909,69697,50107,reinforcements_3,reinforcements_3,nuke_2,nuke_2,7,0,0,0,0,0,2,0,20699,23000,417,562
5991,56000,56000,9383,7,9,0,0,0.0,0,block,0,0,0,0,0,0,0,0,cooldown,3,3,6198,6198,0,28209,7,750,750,24642,5052,65544,50107,69697,50107,reinforcements_3,reinforcements_3,nuke_2,nuke_2,7,0,0,0,0,0,2,0,20699,23000,437,0
5994,56000,56000,9383,7,9,0,0,0.0,0,block,0,0,0,0,0,0,0,0,cooldown,3,3,6198,6198,0,27909,7,750,750,24642,5052,65544,50107,69697,50107,reinforcements_3,reinforcements_3,nuke_2,nuke_2,7,0,0,0,0,0,2,0,20699,23000,460,0
5997,56000,56000,9383,7,9,0,0,0.0,0,block,0,0,0,0,0,0,0,0,cooldown,3,3,6198,6198,0,27909,7,750,750,24642,5052,65544,50107,69697,50107,reinforcements_3,reinforcements_3,nuke_2,nuke_2,7,0,0,0,0,0,2,0,20699,23000,483,0
6000,56000,56000,10133,7,9,0,0,0.0,0,block,0,0,0,0,0,0,0,0,cooldown,3,3,6198,6198,0,28659,7,750,750,24642,5052,65544,50107,69697,50107,reinforcements_3,reinforcements_3,nuke_2,nuke_2,7,0,0,0,0,0,2,0,20699,23000,506,0
6003,56000,56000,10133,7,9,0,0,0.0,0,block,0,0,0,0,0,0,0,0,cooldown,3,3,6198,6198,0,28659,7,750,750,24642,5052,65544,50107,69697,50107,reinforcements_3,reinforcements_3,nuke_2,nuke_2,7,0,0,0,0,0,2,0,20699,23000,529,0
6006,56000,56000,10133,7,9,0,0,0.0,0,block,0,0,0,0,0,0,0,0,cooldown,3,3,6198,6198,0,28659,7,750,750,24642,5052,65544,50107,69697,50107,reinforcements_3,reinforcements_3,nuke_2,nuke_2,7,0,0,0,0,0,2,0,20699,23000,552,0
6009,56000,56000,10133,7,9,0,0,0.0,0,block,0,0,0,0,0,0,0,0,cooldown,3,3,6198,6198,0,28659,7,750,750,24642,5052,65544,50107,69697,50107,reinforcements_3,reinforcements_3,nuke_2,nuke_2,7,0,0,0,0,0,2,0,20699,23000,575,0
6012,56000,56000,10133,7,9,0,0,0.0,0,block,0,0,0,0,0,0,0,0,cooldown,3,3,6198,6198,0,28659,7,750,750,24642,5052,65544,50107,69697,50107,reinforcements_3,reinforcements_3,nuke_2,nuke_2,7,0,0,0,0,0,2,0,20699,23000,598,0
6015,56000,56000,10133,7,9,0,0,0.0,0,block,0,0,0,0,0,0,0,0,cooldown,3,3,6198,6198,0,28659,7,750,750,24642,5052,65544,50107,69697,50107,reinforcements_3,reinforcements_3,nuke_2,nuke_2,7,0,0,0,0,0,2,0,20699,23000,621,0
6018,56000,56000,10133,7,9,0,0,0.0,0,block,0,0,0,0,0,0,0,0,cooldown,3,3,6198,6198,0,28659,7,750,750,24642,5052,65544,50107,69697,50107,reinforcements_3,reinforcements_3,nuke_2,nuke_2,7,0,0,0,0,0,2,0,20699,23000,644,0
6021,56000,56000,10133,7,9,0,0,0.0,0,block,0,0,0,0,0,0,0,0,cooldown,3,3,6198,6198,0,28659,7,750,750,24642,5052,65544,50107,69697,50107,reinforcements_3,reinforcements_3,nuke_2,nuke_2,7,0,0,0,0,0,2,0,20699,23000,667,0
6024,56000,56000,10133,7,9,0,0,0.0,0,block,0,0,0,0,0,0,0,0,cooldown,3,3,6198,6198,0,28659,7,750,750,24642,5052,65544,50107,69697,50107,reinforcements_3,reinforcements_3,nuke_2,nuke_2,7,0,0,0,0,0,2,0,20699,23000,690,0
6027,56000,56000,10133,7,9,0,0,0.0,0,block,0,0,0,0,0,0,0,0,cooldown,3,3,6198,6198,0,28659,7,750,750,24642,5052,65544,50107,69697,50107,reinforcements_3,reinforcements_3,nuke_2,nuke_2,7,0,0,0,0,0,2,0,20699,23000,713,0
6030,56000,56000,10883,7,9,0,0,0.0,0,block,0,0,0,0,0,0,0,0,cooldown,3,3,6198,6198,0,29409,7,750,750,24642,5052,65544,50107,69697,50107,reinforcements_3,reinforcements_3,nuke_2,nuke_2,7,0,0,0,0,0,2,0,20699,23000,736,0
6033,56000,56000,10883,7,9,0,0,0.0,0,block,0,0,0,0,0,0,0,0,cooldown,3,3,6198,6198,0,29409,7,750,750,24642,5052,65544,50107,69697,50107,reinforcements_3,reinforcements_3,nuke_2,nuke_2,7,0,0,0,0,0,2,0,20699,23000,759,0
6036,56000,56000,10883,7,9,0,0,0.0,0,block,0,0,0,0,0,0,0,0,cooldown,3,3,6198,6198,0,29409,7,750,750,24642,5052,65544,50107,69697,50107,reinforcements_3,reinforcements_3,nuke_2,nuke_2,7,0,0,0,0,0,2,0,20699,23000,782,0
6039,56000,56000,10883,7,9,0,0,0.0,0,block,0,0,0,0,0,0,0,0,cooldown,3,3,6198,6198,0,29409,7,750,750,24642,5052,65544,50107,69697,50107,reinforcements_3,reinforcements_3,nuke_2,nuke_2,7,0,0,0,0,0,2,0,20699,23000,805,0
6042,54500,56000,10883,7,2,0,0,0.0,0,block,0,0,0,0,0,0,0,0,cooldown,3,3,6198,6198,0,29409,7,750,750,24642,5052,65565,50107,69697,50107,reinforcements_3,reinforcements_3,nuke_2,nuke_2,0,0,0,0,0,0,2,0,19199,23000,798,0
6045,54500,56000,10883,7,2,0,0,0.0,0,block,0,0,0,0,0,0,0,0,cooldown,3,3,6198,6198,0,29409,7,750,750,24642,5052,65565,50107,69697,50107,reinforcements_3,reinforcements_3,nuke_2,nuke_2,0,0,0,0,0,0,2,0,19199,23000,798,0
6048,54500,56000,10883,7,2,0,0,0.0,0,block,0,0,0,0,0,0,0,0,cooldown,3,3,6198,6198,0,29409,7,750,750,24642,5052,65565,50107,69697,50107,reinforcements_3,reinforcements_3,nuke_2,nuke_2,0,0,0,0,0,0,2,0,19199,23000,798,0
6051,54500,56000,10883,7,2,0,0,0.0,0,block,0,0,0,0,0,0,0,0,cooldown,3,3,6198,6198,0,29409,7,750,750,24642,5052,65565,50107,69697,50107,reinforcements_3,reinforcements_3,nuke_2,nuke_2,0,0,0,0,0,0,2,0,19199,23000,798,0
6054,54500,56000,10883,7,2,0,0,0.0,0,block,0,0,0,0,0,0,0,0,cooldown,3,3,6198,6198,0,29409,7,750,750,24642,5052,65565,50107,69697,50107,reinforcements_3,reinforcements_3,nuke_2,nuke_2,0,0,0,0,0,0,2,0,19199,23000,798,0
6057,54500,56000,10883,7,2,0,0,0.0,0,block,0,0,0,0,0,0,0,0,cooldown,3,3,6198,6198,0,29409,7,750,750,24642,5052,65565,50107,69697,50107,reinforcements_3,reinforcements_3,nuke_2,nuke_2,0,0,0,0,0,0,2,0,19199,23000,798,0
6060,54500,56000,11633,7,2,0,0,0.0,0,block,0,0,0,0,0,0,0,0,cooldown,3,3,6198,6198,0,30159,7,750,750,24642,5052,65565,50107,69697,50107,reinforcements_3,reinforcements_3,nuke_2,nuke_2,0,0,0,0,0,0,2,0,19199,23000,798,0
6063,54500,56000,11633,7,2,0,0,0.0,0,block,0,0,0,0,0,0,0,0,cooldown,3,3,6198,6198,0,30159,7,750,750,24642,5052,65565,50107,69697,50107,reinforcements_3,reinforcements_3,nuke_2,nuke_2,0,0,0,0,0,0,2,0,19199,23000,798,0
6066,54500,56000,11633,7,2,0,0,0.0,0,block,0,0,0,0,0,0,0,0,cooldown,3,3,6198,6198,0,30159,7,750,750,24642,5052,65565,50107,69697,50107,reinforcements_3,reinforcements_3,nuke_2,nuke_2,0,0,0,0,0,0,2,0,19199,23000,798,0
6069,54500,56000,11633,7,2,0,0,0.0,0,block,0,0,0,0,0,0,0,0,cooldown,3,3,6198,6198,0,30159,7,750,750,24642,5052,65565,50107,69697,50107,reinforcements_3,reinforcements_3,nuke_2,nuke_2,0,0,0,0,0,0,2,0,19199,23000,798,0
6072,54500,56000,11633,7,2,0,0,0.0,0,block,0,0,0,0,0,0,0,0,cooldown,3,3,6198,6198,0,30159,7,750,750,24642,5052,65565,50107,69697,50107,reinforcements_3,reinforcements_3,nuke_2,nuke_2,0,0,0,0,0,0,2,0,19199,23000,828,0
6075,54500,56000,11633,7,2,0,0,0.0,0,block,0,0,0,0,0,0,0,0,cooldown,3,3,6198,6198,0,30159,7,750,750,24642,5052,65565,50107,69697,50107,reinforcements_3,reinforcements_3,nuke_2,nuke_2,0,0,0,0,0,0,2,0,19199,23000,858,0
6078,54500,56000,11633,7,2,0,0,0.0,0,block,0,0,0,0,0,0,0,0,cooldown,3,3,6198,6198,0,30159,7,750,750,24642,5052,65565,50107,69697,50107,reinforcements_3,reinforcements_3,nuke_2,nuke_2,0,0,0,0,0,0,2,0,19199,23000,888,0
6081,54500,56000,11633,7,2,0,0,0.0,0,block,0,0,0,0,0,0,0,0,cooldown,3,3,6198,6198,0,30159,7,750,750,24642,5052,65565,50107,69697,50107,reinforcements_3,reinforcements_3,nuke_2,nuke_2,0,0,0,0,0,0,2,0,19199,23000,918,0
6084,54500,56000,11633,7,2,0,0,0.0,0,block,0,0,0,0,0,0,0,0,cooldown,3,3,6198,6198,0,30093,7,750,750,24642,5052,65565,50107,69697,50107,reinforcements_3,reinforcements_3,nuke_2,nuke_2,0,0,0,0,0,0,2,0,34000,34000,948,0
6087,54500,56000,11633,7,2,1,75,5.0,18,block,0,0,0,1,0,0,0,0,cooldown,3,3,6198,6198,0,30075,7,750,750,24642,5070,65565,50107,69697,50125,reinforcements_3,reinforcements_3,nuke_2,nuke_2,0,0,0,0,0,0,2,0,34000,34000,978,1887
6090,54500,56000,12383,7,2,1,75,5.0,18,block,0,0,0,1,0,0,0,0,cooldown,3,3,6198,6198,0,30825,7,750,750,24642,5070,65565,50107,69697,50125,reinforcements_3,reinforcements_3,nuke_2,nuke_2,0,0,0,0,0,0,2,0,34000,34000,1008,1848
6093,54500,56000,12383,7,2,2,150,10.0,36,watch,0,0,0,2,0,0,0,0,cooldown,3,3,6198,6198,0,30807,7,750,750,24642,5088,65565,50107,69697,50143,reinforcements_3,reinforcements_3,nuke_2,nuke_2,0,0,0,0,0,0,2,0,34000,34000,1038,1842
6096,54500,56000,10943,7,2,2,150,10.0,36,watch,0,0,0,2,0,0,0,0,cooldown,3,3,6198,6198,0,30807,7,750,750,24642,5088,65565,50107,69697,50143,reinforcements_3,reinforcements_3,nuke_2,nuke_2,0,0,0,0,0,0,2,0,34000,34000,1068,1802
6099,54500,56000,10943,7,3,4,3655,15.7,2120,watch,0,0,0,3,0,0,1,0,cooldown,3,3,6198,6198,0,29349,7,750,750,24642,5106,65565,50107,71763,52227,reinforcements_3,reinforcements_3,nuke_2,nuke_2,0,0,0,0,0,0,3,0,34000,34000,742,1818
6102,54500,56000,10940,7,4,5,3730,20.7,2138,block,0,0,0,4,0,0,1,0,out-of-radius,0,0,0,0,0,29331,7,750,750,24645,5124,65565,50107,71766,52245,reinforcements_3,reinforcements_3,nuke_2,nuke_2,1,0,0,0,0,0,3,0,34000,34000,593,1802
6105,54500,56000,10940,7,4,5,3730,20.7,2138,block,0,0,0,4,0,0,1,0,out-of-radius,0,0,0,0,0,29331,7,750,750,24645,5124,65565,50107,71766,52245,reinforcements_3,reinforcements_3,nuke_2,nuke_2,1,0,0,0,0,0,3,0,34000,34000,621,1765
6108,54500,56000,10937,7,6,7,7235,26.3,4222,block,0,0,0,5,0,0,2,0,out-of-radius,0,0,0,0,0,29313,7,750,750,24648,5142,65565,50107,73835,54329,reinforcements_3,reinforcements_3,nuke_2,nuke_2,2,0,0,0,0,0,4,0,34000,34000,447,1770
6111,54500,56000,10934,7,7,7,7235,26.3,4222,block,0,0,0,5,0,0,2,0,out-of-radius,0,0,0,0,0,29313,7,750,750,24651,5142,65565,50107,73835,54329,reinforcements_3,reinforcements_3,nuke_2,nuke_2,3,0,0,0,0,0,4,0,34000,34000,413,1734
6114,54500,56000,10934,7,7,8,7310,31.3,4240,block,0,0,0,6,0,0,2,0,out-of-radius,0,0,0,0,0,29295,7,750,750,24651,5160,65565,50107,73838,54347,reinforcements_3,reinforcements_3,nuke_2,nuke_2,3,0,0,0,0,0,4,0,34000,34000,439,1718
6117,54500,56000,10931,7,9,10,10815,37.0,6324,block,0,0,0,7,0,0,3,0,out-of-radius,0,0,0,0,0,29277,7,750,750,24654,5178,65565,50107,73841,54365,reinforcements_3,reinforcements_3,nuke_2,nuke_2,4,0,0,0,0,0,5,0,34000,34000,368,1724
6120,54500,56000,11681,7,9,9,10740,32.0,6306,block,0,0,0,6,0,0,3,0,out-of-radius,0,0,0,0,0,30027,7,750,750,24654,5178,65565,50125,75907,56431,reinforcements_3,reinforcements_3,nuke_2,nuke_2,4,0,0,0,0,0,5,0,34000,34000,393,1712
6123,54500,56000,11678,7,10,10,10815,37.0,6324,block,0,0,0,7,0,0,3,0,out-of-radius,0,0,0,0,0,30009,7,750,750,24657,5196,65565,50125,75910,56449,reinforcements_3,reinforcements_3,nuke_2,nuke_2,5,0,0,0,0,0,5,0,34000,34000,381,1700
6126,54500,56000,11678,7,10,10,10815,37.0,6324,wait,0,0,0,7,0,0,3,0,out-of-radius,0,0,0,0,0,30009,7,750,750,24657,5196,65565,50125,75910,56449,reinforcements_3,reinforcements_3,nuke_2,nuke_2,5,0,0,0,0,0,5,0,34000,34000,403,1668
6129,54500,56000,11678,7,11,12,14320,42.6,8408,wait,0,0,0,8,0,0,4,0,out-of-radius,0,0,0,0,0,29991,7,750,750,24657,5214,65565,50125,77976,58533,reinforcements_3,reinforcements_3,nuke_2,nuke_2,5,0,0,0,0,0,6,0,34000,34000,390,1677
6132,54500,56000,10703,7,11,12,14320,42.6,8408,wait,0,0,0,8,0,0,4,0,out-of-radius,0,0,0,0,0,29016,7,750,750,24657,5214,65565,50125,77976,58533,reinforcements_3,reinforcements_3,nuke_2,nuke_2,5,0,0,0,0,0,6,0,34000,34000,413,1650
6135,54500,56000,10703,7,10,13,14395,47.6,8426,wait,0,0,0,9,0,0,4,0,out-of-radius,0,0,0,0,0,28998,7,750,750,24657,5232,67631,50125,77976,58551,reinforcements_3,reinforcements_3,nuke_2,nuke_2,5,0,0,0,0,0,5,0,34000,34000,337,1640
6138,54500,56000,10703,7,11,15,17900,53.3,10510,wait,0,0,0,10,0,0,5,0,out-of-radius,0,0,0,0,0,28980,7,750,750,24657,5250,67631,50125,80042,60635,reinforcements_3,reinforcements_3,nuke_2,nuke_2,5,0,0,0,0,0,6,0,34000,34000,331,1640
6141,54500,56000,10703,7,11,11,17600,33.3,10438,wait,0,0,0,6,0,0,5,0,out-of-radius,0,0,0,0,0,28980,7,750,750,24657,5250,67631,50125,80042,60635,reinforcements_3,reinforcements_3,nuke_2,nuke_2,5,0,0,0,0,0,6,0,34000,34000,355,1664
6144,54500,56000,10703,7,11,12,17675,38.3,10456,wait,0,0,0,7,0,0,5,0,out-of-radius,0,0,0,0,0,28962,7,750,750,24657,5268,67631,50197,80042,60653,reinforcements_3,reinforcements_3,nuke_2,nuke_2,5,0,0,0,0,0,6,0,34000,34000,379,1651
6147,54500,56000,10703,7,11,13,17750,43.3,10474,wait,0,0,0,8,0,0,5,0,out-of-radius,0,0,0,0,0,28944,7,750,750,24657,5286,67631,50197,80042,60671,reinforcements_3,reinforcements_3,nuke_2,nuke_2,5,0,0,0,0,0,6,0,34000,34000,402,1641
6150,54500,56000,11453,7,11,13,17750,43.3,10474,wait,0,0,0,8,0,0,5,0,out-of-radius,0,0,0,0,0,29694,7,750,750,24657,5286,67631,50197,80042,60671,reinforcements_3,reinforcements_3,nuke_2,nuke_2,5,0,0,0,0,0,6,0,34000,34000,425,1611
6153,54500,56000,11453,7,10,13,17750,43.3,10474,wait,0,0,0,8,0,0,5,0,out-of-radius,0,0,0,0,0,29694,7,750,750,24657,5286,69697,50197,80042,60671,reinforcements_3,reinforcements_3,nuke_2,nuke_2,5,0,0,0,0,0,5,0,34000,34000,357,1579
6156,54500,56000,11453,7,10,13,17750,43.3,10474,wait,0,0,0,8,0,0,5,0,out-of-radius,0,0,0,0,0,29694,7,750,750,24657,5286,69697,50197,80042,60671,reinforcements_3,reinforcements_3,nuke_2,nuke_2,5,0,0,0,0,0,5,0,34000,34000,382,1544
6159,54500,56000,11453,7,10,13,17750,43.3,10474,wait,0,0,0,8,0,0,5,0,out-of-radius,0,0,0,0,0,29694,7,750,750,24657,5286,69697,50197,80042,60671,reinforcements_3,reinforcements_3,nuke_2,nuke_2,5,0,0,0,0,0,5,0,34000,34000,408,1508
6162,54500,56000,11453,7,10,13,17750,43.3,10474,wait,0,0,0,8,0,0,5,0,out-of-radius,0,0,0,0,0,29694,7,750,750,24657,5286,69697,50197,80042,60671,reinforcements_3,reinforcements_3,nuke_2,nuke_2,5,0,0,0,0,0,5,0,34000,34000,434,1472
6165,54500,56000,11453,7,10,13,17750,43.3,10474,wait,0,0,0,8,0,0,5,0,out-of-radius,0,0,0,0,0,29694,7,750,750,24657,5286,69697,50197,80042,60671,reinforcements_3,reinforcements_3,nuke_2,nuke_2,5,0,0,0,0,0,5,0,34000,34000,459,1437
6168,54500,56000,11453,7,10,13,17750,43.3,10474,wait,0,0,0,8,0,0,5,0,out-of-radius,0,0,0,0,0,29694,7,750,750,24657,5286,69697,50197,80042,60671,reinforcements_3,reinforcements_3,nuke_2,nuke_2,5,0,0,0,0,0,5,0,34000,34000,484,1401
6171,54500,56000,11453,7,10,13,17750,43.3,10474,wait,0,0,0,8,0,0,5,0,out-of-radius,0,0,0,0,0,29694,7,750,750,24657,5286,69697,50197,80042,60671,reinforcements_3,reinforcements_3,nuke_2,nuke_2,5,0,0,0,0,0,5,0,34000,34000,510,1366
6174,54500,56000,11453,7,10,13,17750,43.3,10474,wait,0,0,0,8,0,0,5,0,out-of-radius,0,0,0,0,0,29694,7,750,750,24657,5286,69697,50197,80042,60671,reinforcements_3,reinforcements_3,nuke_2,nuke_2,5,0,0,0,0,0,5,0,34000,34000,536,1330
6177,54500,56000,11450,7,11,13,17750,43.3,10474,critical,0,0,0,8,0,0,5,0,out-of-radius,0,0,0,0,0,29694,7,750,750,24660,5286,69697,50197,80045,60671,reinforcements_3,reinforcements_3,nuke_2,nuke_2,6,0,0,0,0,0,5,0,34000,34000,515,1295
6180,54500,56000,13700,7,11,13,17750,43.3,10474,critical,0,0,0,8,0,0,5,0,out-of-radius,0,0,0,0,0,31944,7,750,750,24660,5286,69697,50197,80045,60671,reinforcements_3,reinforcements_3,nuke_2,nuke_2,6,0,0,0,0,0,5,0,34000,34000,540,1259
6183,54500,56000,13697,7,12,13,17750,43.3,10474,critical,0,0,0,8,0,0,5,0,out-of-radius,0,0,0,0,0,31944,7,750,750,24663,5286,69697,50197,80048,60671,reinforcements_3,reinforcements_3,nuke_2,nuke_2,7,0,0,0,0,0,5,0,34000,34000,524,1224
6186,54500,56000,13694,7,13,13,17750,43.3,10474,critical,0,0,0,8,0,0,5,0,out-of-radius,0,0,0,0,0,31944,7,750,750,24666,5286,69697,50197,80048,60671,reinforcements_3,reinforcements_3,nuke_2,nuke_2,8,0,0,0,0,0,5,0,34000,34000,510,1188
6189,54500,56000,13694,7,13,11,17600,33.3,10438,critical,0,0,0,6,0,0,5,0,out-of-radius,0,0,0,0,0,31944,7,750,750,24666,5286,69697,50233,80051,60671,reinforcements_3,reinforcements_3,nuke_2,nuke_2,8,0,0,0,0,0,5,0,34000,34000,533,1187
6192,54500,56000,13691,7,14,11,17600,33.3,10438,critical,0,0,0,6,0,0,5,0,out-of-radius,0,0,0,0,0,31944,7,750,750,24669,5286,69697,50233,80054,60671,reinforcements_3,reinforcements_3,nuke_2,nuke_2,9,0,0,0,0,0,5,0,34000,34000,520,1155
6195,54500,56000,13691,7,14,11,17600,33.3,10438,critical,0,0,0,6,0,0,5,0,out-of-radius,0,0,0,0,0,31944,7,750,750,24669,5286,69697,50233,80054,60671,reinforcements_3,reinforcements_3,nuke_2,nuke_2,9,0,0,0,0,0,5,0,34000,34000,542,1125
6198,54500,56000,13688,7,14,11,17600,33.3,10438,critical,0,0,0,6,0,0,5,0,out-of-radius,0,0,0,0,0,31944,7,750,750,24672,5286,71763,50233,80057,60671,reinforcements_3,reinforcements_3,nuke_2,nuke_2,10,0,0,0,0,0,4,0,34000,34000,503,1100
6201,54500,56000,13685,7,15,7,10590,22.0,6270,block,0,0,0,4,0,0,3,0,out-of-radius,0,0,0,0,0,31944,7,750,750,24675,5286,71763,54401,80057,60671,reinforcements_3,reinforcements_3,nuke_2,nuke_2,11,0,0,0,0,0,4,0,34000,34000,493,1118
6204,54500,56000,13685,7,15,7,10590,22.0,6270,block,0,0,0,4,0,0,3,0,out-of-radius,0,0,0,0,0,31944,7,750,750,24675,5286,71763,54401,80060,60671,reinforcements_3,reinforcements_3,nuke_2,nuke_2,11,0,0,0,0,0,4,0,34000,34000,515,1090
6207,54500,56000,13682,7,15,7,10590,22.0,6270,block,0,0,0,4,0,0,3,0,out-of-radius,0,0,0,0,0,31944,7,750,750,24678,5286,73829,54401,80063,60671,reinforcements_3,reinforcements_3,nuke_2,nuke_2,12,0,0,0,0,0,3,0,34000,34000,478,1062
6210,54500,56000,14432,7,15,5,10440,12.0,6234,block,0,0,0,2,0,0,3,0,out-of-radius,0,0,0,0,0,32694,7,750,750,24678,5286,73829,54437,80063,60671,reinforcements_3,reinforcements_3,nuke_2,nuke_2,12,0,0,0,0,0,3,0,34000,34000,499,1059
6213,54500,56000,14429,7,16,5,10440,12.0,6234,block,0,0,0,2,0,0,3,0,out-of-radius,0,0,0,0,0,32694,7,750,750,24681,5286,73829,54437,80066,60671,reinforcements_3,reinforcements_3,nuke_2,nuke_2,13,0,0,0,0,0,3,0,34000,34000,491,1039
6216,54500,56000,14426,7,17,5,10440,12.0,6234,block,0,0,0,2,0,0,3,0,out-of-radius,0,0,0,0,0,32694,7,750,750,24684,5286,73829,54437,80066,60671,reinforcements_3,reinforcements_3,nuke_2,nuke_2,14,0,0,0,0,0,3,0,34000,34000,485,1022
6219,54500,56000,14426,7,16,1,3430,0.7,2066,block,0,0,0,0,0,0,1,0,out-of-radius,0,0,0,0,0,32694,7,750,750,24684,5286,75895,58605,80069,60671,reinforcements_3,reinforcements_3,nuke_2,nuke_2,14,0,0,0,0,0,2,0,34000,34000,480,1070
6222,54500,56000,14426,7,16,1,3430,0.7,2066,block,0,0,0,0,0,0,1,0,out-of-radius,0,0,0,0,0,32694,7,750,750,24684,5286,75895,58605,80069,60671,reinforcements_3,reinforcements_3,nuke_2,nuke_2,14,0,0,0,0,0,2,0,34000,34000,502,1040
6225,54500,56000,14426,7,15,1,3430,0.7,2066,block,0,0,0,0,0,0,1,0,out-of-radius,0,0,0,0,0,32694,7,750,750,24684,5286,77961,58605,80069,60671,reinforcements_3,reinforcements_3,nuke_2,nuke_2,14,0,0,0,0,0,1,0,34000,34000,494,1020
6228,54500,56000,14426,7,15,0,0,0.0,0,block,0,0,0,0,0,0,0,0,out-of-radius,0,0,0,0,0,32694,7,750,750,24684,5286,77961,58605,80069,60671,reinforcements_3,reinforcements_3,nuke_2,nuke_2,14,0,0,0,0,0,1,0,34000,34000,515,0
6231,54500,56000,14426,7,15,0,0,0.0,0,block,0,0,0,0,0,0,0,0,out-of-radius,0,0,0,0,0,32694,7,750,750,24684,5286,77961,60671,80069,60671,reinforcements_3,reinforcements_3,nuke_2,nuke_2,14,0,0,0,0,0,1,0,34000,34000,536,0
6234,54500,56000,14426,7,15,0,0,0.0,0,block,0,0,0,0,0,0,0,0,out-of-radius,0,0,0,0,0,32694,7,750,750,24684,5286,77961,60671,80069,60671,reinforcements_3,reinforcements_3,nuke_2,nuke_2,14,0,0,0,0,0,1,0,34000,34000,558,0
6237,54500,56000,14426,7,15,0,0,0.0,0,block,0,0,0,0,0,0,0,0,out-of-radius,0,0,0,0,0,32694,7,750,750,24684,5286,77961,60671,80069,60671,reinforcements_3,reinforcements_3,nuke_2,nuke_2,14,0,0,0,0,0,1,0,34000,34000,580,0
6240,54500,56000,15176,7,15,0,0,0.0,0,block,0,0,0,0,0,0,0,0,out-of-radius,0,0,0,0,0,33444,7,750,750,24684,5286,77961,60671,80069,60671,reinforcements_3,reinforcements_3,nuke_2,nuke_2,14,0,0,0,0,0,1,0,34000,34000,601,0
6243,54500,56000,15176,7,15,0,0,0.0,0,block,0,0,0,0,0,0,0,0,out-of-radius,0,0,0,0,0,33444,7,750,750,24684,5286,77961,60671,80069,60671,reinforcements_3,reinforcements_3,nuke_2,nuke_2,14,0,0,0,0,0,1,0,34000,34000,623,0
6246,54500,56000,15176,7,15,0,0,0.0,0,block,0,0,0,0,0,0,0,0,out-of-radius,0,0,0,0,0,33444,7,750,750,24684,5286,77961,60671,80069,60671,reinforcements_3,reinforcements_3,nuke_2,nuke_2,14,0,0,0,0,0,1,0,34000,34000,644,0
6249,54500,56000,15176,7,15,0,0,0.0,0,block,0,0,0,0,0,0,0,0,out-of-radius,0,0,0,0,0,33444,7,750,750,24684,5286,77961,60671,80069,60671,reinforcements_3,reinforcements_3,nuke_2,nuke_2,14,0,0,0,0,0,1,0,34000,34000,666,0
6252,54500,56000,15176,7,15,0,0,0.0,0,block,0,0,0,0,0,0,0,0,out-of-radius,0,0,0,0,0,33444,7,750,750,24684,5286,77961,60671,80069,60671,reinforcements_3,reinforcements_3,nuke_2,nuke_2,14,0,0,0,0,0,1,0,34000,34000,688,0
6255,54500,56000,15176,7,15,0,0,0.0,0,block,0,0,0,0,0,0,0,0,out-of-radius,0,0,0,0,0,33444,7,750,750,24684,5286,77961,60671,80069,60671,reinforcements_3,reinforcements_3,nuke_2,nuke_2,14,0,0,0,0,0,1,0,34000,34000,709,0
6258,54500,56000,15176,7,15,0,0,0.0,0,block,0,0,0,0,0,0,0,0,out-of-radius,0,0,0,0,0,33444,7,750,750,24684,5286,77961,60671,80069,60671,reinforcements_3,reinforcements_3,nuke_2,nuke_2,14,0,0,0,0,0,1,0,34000,34000,731,0
6261,54500,56000,15176,7,15,0,0,0.0,0,block,0,0,0,0,0,0,0,0,out-of-radius,0,0,0,0,0,33444,7,750,750,24684,5286,77961,60671,80069,60671,reinforcements_3,reinforcements_3,nuke_2,nuke_2,14,0,0,0,0,0,1,0,34000,34000,752,0
6264,54500,56000,15176,7,15,0,0,0.0,0,block,0,0,0,0,0,0,0,0,out-of-radius,0,0,0,0,0,33444,7,750,750,24684,5286,77961,60671,80069,60671,reinforcements_3,reinforcements_3,nuke_2,nuke_2,14,0,0,0,0,0,1,0,34000,34000,774,0
6267,54500,56000,15176,7,15,0,0,0.0,0,block,0,0,0,0,0,0,0,0,out-of-radius,0,0,0,0,0,33444,7,750,750,24684,5286,77961,60671,80069,60671,reinforcements_3,reinforcements_3,nuke_2,nuke_2,14,0,0,0,0,0,1,0,34000,34000,796,0
6270,54500,56000,15926,7,15,0,0,0.0,0,block,0,0,0,0,0,0,0,0,out-of-radius,0,0,0,0,0,34194,7,750,750,24684,5286,77961,60671,80069,60671,reinforcements_3,reinforcements_3,nuke_2,nuke_2,14,0,0,0,0,0,1,0,34000,34000,817,0
6273,54500,56000,15926,7,15,0,0,0.0,0,block,0,0,0,0,0,0,0,0,out-of-radius,0,0,0,0,0,34194,7,750,750,24684,5286,77961,60671,80069,60671,reinforcements_3,reinforcements_3,nuke_2,nuke_2,14,0,0,0,0,0,1,0,34000,34000,839,0
6276,54500,56000,15926,7,15,0,0,0.0,0,block,0,0,0,0,0,0,0,0,out-of-radius,0,0,0,0,0,34194,7,750,750,24684,5286,77961,60671,80069,60671,reinforcements_3,reinforcements_3,nuke_2,nuke_2,14,0,0,0,0,0,1,0,34000,34000,860,0
6279,54500,56000,15926,7,15,0,0,0.0,0,block,0,0,0,0,0,0,0,0,out-of-radius,0,0,0,0,0,34194,7,750,750,24684,5286,77961,60671,80069,60671,reinforcements_3,reinforcements_3,nuke_2,nuke_2,14,0,0,0,0,0,1,0,34000,34000,882,0
6282,54500,56000,15926,7,15,0,0,0.0,0,block,0,0,0,0,0,0,0,0,out-of-radius,0,0,0,0,0,34194,7,750,750,24684,5286,77961,60671,80069,60671,reinforcements_3,reinforcements_3,nuke_2,nuke_2,14,0,0,0,0,0,1,0,34000,34000,904,0
6285,54500,56000,15926,7,15,0,0,0.0,0,block,0,0,0,0,0,0,0,0,out-of-radius,0,0,0,0,0,34194,7,750,750,24684,5286,77961,60671,80069,60671,reinforcements_3,reinforcements_3,nuke_2,nuke_2,14,0,0,0,0,0,1,0,34000,34000,925,0
6288,54500,56000,15926,7,15,1,75,5.0,18,block,0,0,0,1,0,0,0,0,out-of-radius,0,0,0,0,0,34176,7,750,750,24684,5304,77961,60671,80069,60689,reinforcements_3,reinforcements_3,nuke_2,nuke_2,14,0,0,0,0,0,1,0,34000,34000,947,1874
6291,54500,56000,15926,7,15,1,75,5.0,18,watch,0,0,0,1,0,0,0,0,out-of-radius,0,0,0,0,0,34176,7,750,750,24684,5304,77961,60671,80069,60689,reinforcements_3,reinforcements_3,nuke_2,nuke_2,14,0,0,0,0,0,1,0,34000,34000,968,1835
6294,54500,56000,15926,7,15,2,150,10.0,36,watch,0,0,0,2,0,0,0,0,out-of-radius,0,0,0,0,0,34158,7,750,750,24684,5322,77961,60671,80069,60707,reinforcements_3,reinforcements_3,nuke_2,nuke_2,14,0,0,0,0,0,1,0,34000,34000,990,1828
6297,54500,56000,15926,7,15,3,225,15.0,54,watch,0,0,0,3,0,0,0,0,out-of-radius,0,0,0,0,0,34140,7,750,750,24684,5340,77961,60671,80069,60725,reinforcements_3,reinforcements_3,nuke_2,nuke_2,14,0,0,0,0,0,1,0,34000,34000,1012,1822
6300,54500,56000,16676,7,15,3,225,15.0,54,watch,0,0,0,3,0,0,0,0,out-of-radius,0,0,0,0,0,34890,7,750,750,24684,5340,77961,60671,80069,60725,reinforcements_3,reinforcements_3,nuke_2,nuke_2,14,0,0,0,0,0,1,0,34000,34000,1033,1784
6303,54500,56000,16676,7,15,3,225,15.0,54,watch,0,0,0,3,0,0,0,0,out-of-radius,0,0,0,0,0,34872,7,750,750,24684,5358,77961,60689,80069,60743,reinforcements_3,reinforcements_3,nuke_2,nuke_2,14,0,0,0,0,0,1,0,34000,34000,1054,1809
6306,54500,56000,16676,7,15,3,225,15.0,54,watch,0,0,0,3,0,0,0,0,out-of-radius,0,0,0,0,0,34872,7,750,750,24684,5358,77961,60689,80069,60743,reinforcements_3,reinforcements_3,nuke_2,nuke_2,14,0,0,0,0,0,1,0,34000,34000,1074,1783
6309,54500,56000,16676,7,15,4,300,20.0,72,watch,0,0,0,4,0,0,0,0,out-of-radius,0,0,0,0,0,34854,7,750,750,24684,5376,77961,60689,80069,60761,reinforcements_3,reinforcements_3,nuke_2,nuke_2,14,0,0,0,0,0,1,0,34000,34000,1093,1788
6312,54500,56000,16676,7,15,5,375,25.0,90,watch,0,0,0,5,0,0,0,0,out-of-radius,0,0,0,0,0,34836,7,750,750,24684,5394,77961,60689,80069,60779,reinforcements_3,reinforcements_3,nuke_2,nuke_2,14,0,0,0,0,0,1,0,34000,34000,1113,1792
6315,54500,56000,16676,7,15,5,375,25.0,90,watch,0,0,0,5,0,0,0,0,out-of-radius,0,0,0,0,0,34836,7,750,750,24684,5394,77961,60689,80069,60779,reinforcements_3,reinforcements_3,nuke_2,nuke_2,14,0,0,0,0,0,1,0,34000,34000,1132,1775
6318,54500,56000,16676,7,15,6,450,30.0,108,watch,0,0,0,6,0,0,0,0,out-of-radius,0,0,0,0,0,34818,7,750,750,24684,5412,77961,60689,80069,60797,reinforcements_3,reinforcements_3,nuke_2,nuke_2,14,0,0,0,0,0,1,0,34000,34000,1152,1780
6321,54500,56000,16676,7,15,6,450,30.0,108,watch,0,0,0,6,0,0,0,0,out-of-radius,0,0,0,0,0,34818,7,750,750,24684,5412,77961,60689,80069,60797,reinforcements_3,reinforcements_3,nuke_2,nuke_2,14,0,0,0,0,0,1,0,34000,34000,1172,1766
6324,54500,56000,16676,7,15,7,525,35.0,126,watch,0,0,0,7,0,0,0,0,out-of-radius,0,0,0,0,0,34800,7,750,750,24684,5430,77961,60689,80069,60815,reinforcements_3,reinforcements_3,nuke_2,nuke_2,14,0,0,0,0,0,1,0,34000,34000,1191,1772
6327,54500,56000,16676,7,15,8,600,40.0,144,watch,0,0,0,8,0,0,0,0,out-of-radius,0,0,0,0,0,34782,7,750,750,24684,5448,77961,60689,80069,60833,reinforcements_3,reinforcements_3,nuke_2,nuke_2,14,0,0,0,0,0,1,0,34000,34000,1211,1776
6330,54500,56000,17426,7,15,8,600,40.0,144,watch,0,0,0,8,0,0,0,0,out-of-radius,0,0,0,0,0,35532,7,750,750,24684,5448,77961,60689,80069,60833,reinforcements_3,reinforcements_3,nuke_2,nuke_2,14,0,0,0,0,0,1,0,34000,34000,1230,1766
6333,54500,56000,17426,7,15,9,675,45.0,162,watch,0,0,0,9,0,0,0,0,out-of-radius,0,0,0,0,0,35514,7,750,750,24684,5466,77961,60689,80069,60851,reinforcements_3,reinforcements_3,nuke_2,nuke_2,14,0,0,0,0,0,1,0,34000,34000,1250,1770
6336,54500,56000,17426,7,15,9,675,45.0,162,watch,0,0,0,9,0,0,0,0,out-of-radius,0,0,0,0,0,35514,7,750,750,24684,5466,77961,60689,80069,60851,reinforcements_3,reinforcements_3,nuke_2,nuke_2,14,0,0,0,0,0,1,0,34000,34000,1270,1761
6339,54500,56000,17426,7,14,10,750,50.0,180,watch,0,0,0,10,0,0,0,0,out-of-radius,0,0,0,0,0,35496,7,750,750,24684,5484,77961,60689,80069,60869,reinforcements_3,reinforcements_3,nuke_2,nuke_2,13,0,0,0,0,0,1,0,34000,34000,1259,1765
6342,54500,56000,17426,7,14,11,825,55.0,198,watch,0,0,0,11,0,0,0,0,out-of-radius,0,0,0,0,0,35478,7,750,750,24684,5502,77964,60689,80069,60887,reinforcements_3,reinforcements_3,nuke_2,nuke_2,13,0,0,0,0,0,1,0,34000,34000,1278,1769
6345,54500,56000,17426,7,14,11,825,55.0,198,watch,0,0,0,11,0,0,0,0,out-of-radius,0,0,0,0,0,35478,7,750,750,24684,5502,77964,60689,80069,60887,reinforcements_3,reinforcements_3,nuke_2,nuke_2,13,0,0,0,0,0,1,0,34000,34000,1296,1761
6348,54500,56000,17426,7,13,3,225,15.0,54,watch,0,0,0,3,0,0,0,0,out-of-radius,0,0,0,0,0,35460,7,750,750,24684,5520,77967,60851,80069,60905,reinforcements_3,reinforcements_3,nuke_2,nuke_2,12,0,0,0,0,0,1,0,34000,34000,1284,1811
6351,54500,56000,17426,7,12,3,225,15.0,54,watch,0,0,0,3,0,0,0,0,out-of-radius,0,0,0,0,0,35460,7,750,750,24684,5520,77970,60851,80069,60905,reinforcements_3,reinforcements_3,nuke_2,nuke_2,11,0,0,0,0,0,1,0,34000,34000,1269,1785
6354,54500,56000,17426,7,12,4,300,20.0,72,watch,0,0,0,4,0,0,0,0,out-of-radius,0,0,0,0,0,35442,7,750,750,24684,5538,77970,60851,80069,60923,reinforcements_3,reinforcements_3,nuke_2,nuke_2,11,0,0,0,0,0,1,0,34000,34000,1287,1791
6357,54500,56000,17426,7,11,5,375,25.0,90,watch,0,0,0,5,0,0,0,0,out-of-radius,0,0,0,0,0,35424,7,750,750,24684,5556,77973,60851,80069,60941,reinforcements_3,reinforcements_3,nuke_2,nuke_2,10,0,0,0,0,0,1,0,34000,34000,1268,1795
6360,54500,56000,18176,7,11,5,375,25.0,90,watch,0,0,0,5,0,0,0,0,out-of-radius,0,0,0,0,0,36174,7,750,750,24684,5556,77973,60851,80069,60941,reinforcements_3,reinforcements_3,nuke_2,nuke_2,10,0,0,0,0,0,1,0,34000,34000,1285,1779
6363,54500,56000,18176,7,10,6,450,30.0,108,watch,0,0,0,6,0,0,0,0,out-of-radius,0,0,0,0,0,36156,7,750,750,24684,5574,77973,60851,80069,60959,reinforcements_3,reinforcements_3,nuke_2,nuke_2,9,0,0,0,0,0,1,0,34000,34000,1263,1784
6366,54500,56000,18176,7,10,6,450,30.0,108,watch,0,0,0,6,0,0,0,0,out-of-radius,0,0,0,0,0,36156,7,750,750,24684,5574,77976,60851,80069,60959,reinforcements_3,reinforcements_3,nuke_2,nuke_2,9,0,0,0,0,0,1,0,34000,34000,1282,1771
6369,54500,56000,18176,7,10,7,525,35.0,126,watch,0,0,0,7,0,0,0,0,out-of-radius,0,0,0,0,0,36138,7,750,750,24684,5592,77976,60851,80069,60977,reinforcements_3,reinforcements_3,nuke_2,nuke_2,9,0,0,0,0,0,1,0,34000,34000,1301,1776
6372,54500,56000,18176,7,10,8,600,40.0,144,watch,0,0,0,8,0,0,0,0,out-of-radius,0,0,0,0,0,36120,7,750,750,24684,5610,77976,60851,80069,60995,reinforcements_3,reinforcements_3,nuke_2,nuke_2,9,0,0,0,0,0,1,0,34000,34000,1320,1780
6375,54500,56000,18176,7,10,8,600,40.0,144,watch,0,0,0,8,0,0,0,0,out-of-radius,0,0,0,0,0,36120,7,750,750,24684,5610,77976,60851,80069,60995,reinforcements_3,reinforcements_3,nuke_2,nuke_2,9,0,0,0,0,0,1,0,34000,34000,1336,1761
6378,54500,56000,18176,7,10,9,675,45.0,162,watch,0,0,0,9,0,0,0,0,out-of-radius,0,0,0,0,0,36102,7,750,750,24684,5628,77976,60851,80069,61013,reinforcements_3,reinforcements_3,nuke_2,nuke_2,9,0,0,0,0,0,1,0,34000,34000,1355,1758
6381,54500,56000,18176,7,10,9,675,45.0,162,watch,0,0,0,9,0,0,0,0,out-of-radius,0,0,0,0,0,36102,7,750,750,24684,5628,77976,60851,80069,61013,reinforcements_3,reinforcements_3,nuke_2,nuke_2,9,0,0,0,0,0,1,0,34000,34000,1374,1748
6384,54500,56000,18176,7,10,10,750,50.0,180,watch,0,0,0,10,0,0,0,0,out-of-radius,0,0,0,0,0,36084,7,750,750,24684,5646,77976,60851,80069,61031,reinforcements_3,reinforcements_3,nuke_2,nuke_2,9,0,0,0,0,0,1,0,34000,34000,1393,1751
6387,54500,56000,18176,7,10,11,825,55.0,198,watch,0,0,0,11,0,0,0,0,out-of-radius,0,0,0,0,0,36066,7,750,750,24684,5664,77976,60851,80069,61049,reinforcements_3,reinforcements_3,nuke_2,nuke_2,9,0,0,0,0,0,1,0,34000,34000,1412,1757
6390,54500,56000,18926,7,10,11,825,55.0,198,watch,0,0,0,11,0,0,0,0,out-of-radius,0,0,0,0,0,36816,7,750,750,24684,5664,77976,60851,80069,61049,reinforcements_3,reinforcements_3,nuke_2,nuke_2,9,0,0,0,0,0,1,0,34000,34000,1430,1747
6393,54500,56000,18926,7,10,12,900,60.0,216,watch,0,0,0,12,0,0,0,0,out-of-radius,0,0,0,0,0,36798,7,750,750,24684,5682,77976,60851,80069,61067,reinforcements_3,reinforcements_3,nuke_2,nuke_2,9,0,0,0,0,0,1,0,34000,34000,1449,1751
6396,54500,56000,18926,7,10,12,900,60.0,216,free,0,0,0,12,0,0,0,0,out-of-radius,0,0,0,0,0,36798,7,750,750,24684,5682,77976,60851,80069,61067,reinforcements_3,reinforcements_3,nuke_2,nuke_2,9,0,0,0,0,0,1,0,34000,34000,1468,1744
6399,54500,56000,18926,7,10,13,975,65.0,234,free,0,0,0,13,0,0,0,0,out-of-radius,0,0,0,0,0,36780,7,750,750,24684,5700,77976,60851,80069,61085,reinforcements_3,reinforcements_3,nuke_2,nuke_2,9,0,0,0,0,0,1,0,34000,34000,1487,1747
6402,54500,56000,17486,7,11,14,4405,65.7,2300,outmatched,0,0,0,13,0,0,1,0,out-of-radius,0,0,0,0,0,35340,7,750,750,24684,5700,77976,60851,80069,61085,reinforcements_3,reinforcements_3,nuke_2,nuke_2,9,0,0,0,0,0,2,0,34000,34000,1370,1752
6405,54500,56000,17486,7,11,3,3580,10.7,2102,outmatched,0,0,0,2,0,0,1,0,out-of-radius,0,0,0,0,0,35322,7,750,750,24684,5718,77976,60851,82135,63169,reinforcements_3,reinforcements_3,nuke_2,nuke_2,9,0,0,0,0,0,2,0,34000,34000,1390,1835
6408,54500,56000,17483,7,12,4,3655,15.7,2120,block,0,0,0,3,0,0,1,0,out-of-radius,0,0,0,0,0,35304,7,750,750,24687,5736,77976,61067,82138,63187,reinforcements_3,reinforcements_3,nuke_2,nuke_2,10,0,0,0,0,0,2,0,34000,34000,1300,1820
6411,54500,56000,17480,7,13,4,3655,15.7,2120,block,0,0,0,3,0,0,1,0,out-of-radius,0,0,0,0,0,35304,7,750,750,24690,5736,77976,61067,82138,63187,reinforcements_3,reinforcements_3,nuke_2,nuke_2,11,0,0,0,0,0,2,0,34000,34000,1222,1792
6414,54500,56000,17480,7,14,6,7160,21.3,4204,block,0,0,0,4,0,0,2,0,out-of-radius,0,0,0,0,0,35286,7,750,750,24690,5754,77976,61067,84207,65271,reinforcements_3,reinforcements_3,nuke_2,nuke_2,11,0,0,0,0,0,3,0,34000,34000,1155,1801
6417,54500,56000,17477,7,13,7,7235,26.3,4222,block,0,0,0,5,0,0,2,0,out-of-radius,0,0,0,0,0,35268,7,750,750,24693,5772,77979,61067,84210,65289,reinforcements_3,reinforcements_3,nuke_2,nuke_2,11,0,0,0,0,0,2,0,34000,34000,1010,1796
6420,54500,56000,18227,7,12,7,7235,26.3,4222,block,0,0,0,5,0,0,2,0,out-of-radius,0,0,0,0,0,36018,7,750,750,24693,5772,80048,61067,84210,65289,reinforcements_3,reinforcements_3,nuke_2,nuke_2,10,0,0,0,0,0,2,0,34000,34000,975,1771
6423,54500,56000,18224,7,13,9,10740,32.0,6306,block,0,0,0,6,0,0,3,0,out-of-radius,0,0,0,0,0,35700,7,750,750,24696,5790,80051,61067,86279,67373,reinforcements_3,reinforcements_3,nuke_2,nuke_2,10,0,0,0,0,0,3,0,34000,34000,796,1778
6426,54500,56000,18221,7,13,9,10740,32.0,6306,block,0,0,0,6,0,0,3,0,out-of-radius,0,0,0,0,0,35700,7,750,750,24699,5790,80054,61067,86279,67373,reinforcements_3,reinforcements_3,nuke_2,nuke_2,10,0,0,0,0,0,3,0,34000,34000,692,1753
6429,54500,56000,18221,7,12,10,10754,36.7,6309,block,1,0,0,6,0,0,3,0,out-of-radius,0,0,0,0,0,35697,7,750,750,24699,5793,80057,61067,86282,67376,reinforcements_3,reinforcements_3,nuke_2,nuke_2,9,0,0,0,0,0,3,0,34000,34000,635,1745
6432,54500,56000,18221,7,12,12,14198,42.0,8378,wait,2,0,0,6,0,0,4,0,out-of-radius,0,0,0,0,0,35694,7,750,750,24699,5796,80060,61067,86282,67379,reinforcements_3,reinforcements_3,nuke_2,nuke_2,8,0,0,0,0,0,4,0,34000,34000,520,1750
6435,54500,56000,18221,7,11,12,14198,42.0,8378,wait,2,0,0,6,0,0,4,0,out-of-radius,0,0,0,0,0,35694,7,750,750,24699,5796,80063,61067,88348,69445,reinforcements_3,reinforcements_3,nuke_2,nuke_2,7,0,0,0,0,0,4,0,34000,34000,443,1729
6438,54500,56000,18221,7,10,12,14198,42.0,8378,wait,2,0,0,6,0,0,4,0,out-of-radius,0,0,0,0,0,35694,7,750,750,24699,5796,80066,61067,88348,69445,reinforcements_3,reinforcements_3,nuke_2,nuke_2,6,0,0,0,0,0,4,0,34000,34000,350,1709
6441,54500,56000,17921,7,9,12,14198,42.0,8378,wait,2,0,0,6,0,0,4,0,out-of-radius,0,0,0,0,0,35694,7,750,750,24699,5796,80069,61067,88348,69445,reinforcements_3,reinforcements_3,nuke_2,nuke_2,5,0,0,0,0,0,4,0,34000,34000,236,1689
6444,54500,56000,17921,7,10,14,17703,47.6,10462,wait,2,0,0,7,0,0,5,0,out-of-radius,0,0,0,0,0,35676,7,750,750,24699,5814,80069,61067,90414,71529,reinforcements_3,reinforcements_3,nuke_2,nuke_2,5,0,0,0,0,0,5,0,34000,34000,238,1686
6447,54500,56000,17921,7,10,15,17778,52.6,10480,wait,2,0,0,8,0,0,5,0,out-of-radius,0,0,0,0,0,35658,7,750,750,24699,5832,80069,61067,90414,71547,reinforcements_3,reinforcements_3,nuke_2,nuke_2,5,0,0,0,0,0,5,0,34000,34000,264,1669
6450,54500,56000,18671,7,10,15,17778,52.6,10480,wait,2,0,0,8,0,0,5,0,out-of-radius,0,0,0,0,0,36408,7,750,750,24699,5832,80069,61067,90414,71547,reinforcements_3,reinforcements_3,nuke_2,nuke_2,5,0,0,0,0,0,5,0,34000,34000,289,1635
6453,54500,56000,18671,7,10,16,17853,57.6,10498,wait,2,0,0,9,0,0,5,0,out-of-radius,0,0,0,0,0,36390,7,750,750,24699,5850,80069,61067,90414,71565,reinforcements_3,reinforcements_3,nuke_2,nuke_2,5,0,0,0,0,0,5,0,34000,34000,314,1618
6456,54500,56000,18671,7,10,16,17853,57.6,10498,wait,2,0,0,9,0,0,5,0,out-of-radius,0,0,0,0,0,36390,7,750,750,24699,5850,80069,61067,90414,71565,reinforcements_3,reinforcements_3,nuke_2,nuke_2,5,0,0,0,0,0,5,0,34000,34000,340,1584
6459,54500,56000,18671,7,10,17,17928,62.6,10516,wait,2,0,0,10,0,0,5,0,out-of-radius,0,0,0,0,0,36372,7,750,750,24699,5868,80069,61067,90414,71583,reinforcements_3,reinforcements_3,nuke_2,nuke_2,5,0,0,0,0,0,5,0,34000,34000,366,1569
6462,54500,56000,18671,7,10,18,18003,67.6,10534,wait,2,0,0,11,0,0,5,0,out-of-radius,0,0,0,0,0,36354,7,750,750,24699,5886,80069,61067,90414,71601,reinforcements_3,reinforcements_3,nuke_2,nuke_2,5,0,0,0,0,0,5,0,34000,34000,391,1554
6465,54500,56000,18671,7,10,18,18003,67.6,10534,wait,2,0,0,11,0,0,5,0,out-of-radius,0,0,0,0,0,36354,7,750,750,24699,5886,80069,61067,90414,71601,reinforcements_3,reinforcements_3,nuke_2,nuke_2,5,0,0,0,0,0,5,0,34000,34000,416,1520
6468,54500,56000,18671,7,10,19,18078,72.6,10552,wait,2,0,0,12,0,0,5,0,out-of-radius,0,0,0,0,0,36336,7,750,750,24699,5904,80069,61067,90414,71619,reinforcements_3,reinforcements_3,nuke_2,nuke_2,5,0,0,0,0,0,5,0,34000,34000,442,1506
6471,53000,56000,18671,7,5,14,17703,47.6,10462,wait,2,0,0,7,0,0,5,0,out-of-radius,0,0,0,0,0,36336,7,750,750,24699,5904,80084,61157,90414,71619,reinforcements_3,reinforcements_3,nuke_2,nuke_2,0,0,0,0,0,0,5,0,32500,34000,457,1549
6474,53000,56000,18671,7,5,15,17778,52.6,10480,wait,2,0,0,8,0,0,5,0,out-of-radius,0,0,0,0,0,36318,7,750,750,24699,5922,80084,61157,90414,71637,reinforcements_3,reinforcements_3,nuke_2,nuke_2,0,0,0,0,0,0,5,0,32500,34000,457,1539
6477,53000,56000,18671,7,5,16,17853,57.6,10498,wait,2,0,0,9,0,0,5,0,out-of-radius,0,0,0,0,0,36300,7,750,750,24699,5940,80084,61157,90414,71655,reinforcements_3,reinforcements_3,nuke_2,nuke_2,0,0,0,0,0,0,5,0,32500,34000,457,1529
6480,53000,56000,19421,7,5,16,17853,57.6,10498,wait,2,0,0,9,0,0,5,0,out-of-radius,0,0,0,0,0,37050,7,750,750,24699,5940,80084,61157,90414,71655,reinforcements_3,reinforcements_3,nuke_2,nuke_2,0,0,0,0,0,0,5,0,32500,34000,457,1495
6483,53000,56000,19418,7,6,17,17928,62.6,10516,critical,2,0,0,10,0,0,5,0,out-of-radius,0,0,0,0,0,37032,7,750,750,24702,5958,80084,61157,90417,71673,reinforcements_3,reinforcements_3,nuke_2,nuke_2,1,0,0,0,0,0,5,0,32500,34000,392,1486
6486,53000,56000,19415,7,7,17,17928,62.6,10516,critical,2,0,0,10,0,0,5,0,out-of-radius,0,0,0,0,0,37032,7,750,750,24705,5958,80084,61157,90417,71673,reinforcements_3,reinforcements_3,nuke_2,nuke_2,2,0,0,0,0,0,5,0,32500,34000,346,1452
6489,53000,56000,19415,7,7,18,18003,67.6,10534,critical,2,0,0,11,0,0,5,0,out-of-radius,0,0,0,0,0,37014,7,750,750,24705,5976,80084,61157,90420,71691,reinforcements_3,reinforcements_3,nuke_2,nuke_2,2,0,0,0,0,0,5,0,32500,34000,352,1442
6492,51500,56000,19415,7,4,10,375,25.0,10420,watch,0,0,0,5,0,0,5,0,out-of-radius,0,0,0,0,0,36996,7,750,750,24705,5994,86282,61289,90420,71709,reinforcements_3,reinforcements_3,nuke_2,nuke_2,2,0,0,0,0,0,2,0,31000,34000,208,1519
6495,51500,56000,19415,7,4,10,375,25.0,10420,watch,0,0,0,5,0,0,5,0,out-of-radius,0,0,0,0,0,36996,7,750,750,24705,5994,86282,61289,90420,71709,reinforcements_3,reinforcements_3,nuke_2,nuke_2,2,0,0,0,0,0,2,0,31000,34000,219,1499
6498,51500,56000,19415,7,4,11,450,30.0,10438,watch,0,0,0,6,0,0,5,0,out-of-radius,0,0,0,0,0,36978,7,750,750,24705,6012,86282,61289,90420,71727,reinforcements_3,reinforcements_3,nuke_2,nuke_2,2,0,0,0,0,0,2,0,31000,34000,229,1515
6501,51500,56000,19415,7,4,11,450,30.0,10438,watch,0,0,0,6,0,0,5,0,out-of-radius,0,0,0,0,0,36978,7,750,750,24705,6012,86282,61289,90420,71727,reinforcements_3,reinforcements_3,nuke_2,nuke_2,2,0,0,0,0,0,2,0,31000,34000,250,1494
6504,51500,56000,19415,7,4,12,525,35.0,10456,watch,0,0,0,7,0,0,5,0,out-of-radius,0,0,0,0,0,36960,7,750,750,24705,6030,86282,61289,90420,71745,reinforcements_3,reinforcements_3,nuke_2,nuke_2,2,0,0,0,0,0,2,0,31000,34000,275,1505
6507,51500,56000,19415,7,4,13,600,40.0,10474,watch,0,0,0,8,0,0,5,0,out-of-radius,0,0,0,0,0,36942,7,750,750,24705,6048,86282,61289,90420,71763,reinforcements_3,reinforcements_3,nuke_2,nuke_2,2,0,0,0,0,0,2,0,31000,34000,301,1514
6510,51500,56000,20165,7,4,13,600,40.0,10474,watch,0,0,0,8,0,0,5,0,out-of-radius,0,0,0,0,0,37692,7,750,750,24705,6048,86282,61289,90420,71763,reinforcements_3,reinforcements_3,nuke_2,nuke_2,2,0,0,0,0,0,2,0,31000,34000,326,1490
6513,51500,56000,20165,7,4,14,675,45.0,10492,watch,0,0,0,9,0,0,5,0,out-of-radius,0,0,0,0,0,37674,7,750,750,24705,6066,86282,61289,90420,71781,reinforcements_3,reinforcements_3,nuke_2,nuke_2,2,0,0,0,0,0,2,0,31000,34000,352,1495
6516,51500,56000,20165,7,4,14,675,45.0,10492,watch,0,0,0,9,0,0,5,0,out-of-radius,0,0,0,0,0,37674,7,750,750,24705,6066,86282,61289,90420,71781,reinforcements_3,reinforcements_3,nuke_2,nuke_2,2,0,0,0,0,0,2,0,31000,34000,377,1470
6519,51500,56000,20165,7,4,15,750,50.0,10510,watch,0,0,0,10,0,0,5,0,out-of-radius,0,0,0,0,0,37656,7,750,750,24705,6084,86282,61289,90420,71799,reinforcements_3,reinforcements_3,nuke_2,nuke_2,2,0,0,0,0,0,2,0,31000,34000,403,1472
6522,51500,56000,20165,7,4,16,17975,58.3,10528,outmatched,0,0,0,11,0,0,5,0,out-of-radius,0,0,0,0,0,37638,7,750,750,24705,6102,86282,61289,90420,71817,reinforcements_3,reinforcements_3,nuke_2,nuke_2,2,0,0,0,0,0,2,0,31000,34000,428,1465
6525,51500,56000,20165,7,4,16,17975,58.3,10528,outmatched,0,0,0,11,0,0,5,0,out-of-radius,0,0,0,0,0,37638,7,750,750,24705,6102,86282,61289,90420,71817,reinforcements_3,reinforcements_3,nuke_2,nuke_2,2,0,0,0,0,0,2,0,31000,34000,454,1428
6528,51500,56000,20162,7,5,17,18050,63.3,10546,critical,0,0,0,12,0,0,5,0,out-of-radius,0,0,0,0,0,37620,7,750,750,24708,6120,86282,61289,90423,71835,reinforcements_3,reinforcements_3,nuke_2,nuke_2,3,0,0,0,0,0,2,0,31000,34000,396,1421
6531,51500,56000,20159,7,6,17,18050,63.3,10546,critical,0,0,0,12,0,0,5,0,out-of-radius,0,0,0,0,0,37620,7,750,750,24711,6120,86282,61289,90423,71835,reinforcements_3,reinforcements_3,nuke_2,nuke_2,4,0,0,0,0,0,2,0,31000,34000,359,1384
6534,51500,56000,20159,7,6,18,18125,68.3,10564,critical,0,0,0,13,0,0,5,0,out-of-radius,0,0,0,0,0,37602,7,750,750,24711,6138,86282,61289,90426,71853,reinforcements_3,reinforcements_3,nuke_2,nuke_2,4,0,0,0,0,0,2,0,31000,34000,383,1376
6537,51500,56000,20156,7,7,19,18200,73.3,10582,critical,0,0,0,14,0,0,5,0,out-of-radius,0,0,0,0,0,37584,7,750,750,24714,6156,86282,61289,90429,71871,reinforcements_3,reinforcements_3,nuke_2,nuke_2,5,0,0,0,0,0,2,0,31000,34000,357,1369
6540,51500,56000,20906,7,7,19,18200,73.3,10582,critical,0,0,0,14,0,0,5,0,out-of-radius,0,0,0,0,0,38334,7,750,750,24714,6156,86282,61289,90429,71871,reinforcements_3,reinforcements_3,nuke_2,nuke_2,5,0,0,0,0,0,2,0,31000,34000,381,1332
6543,51500,56000,20903,7,8,20,18275,78.3,10600,critical,0,0,0,15,0,0,5,0,out-of-radius,0,0,0,0,0,38316,7,750,750,24717,6174,86282,61289,90432,71889,reinforcements_3,reinforcements_3,nuke_2,nuke_2,6,0,0,0,0,0,2,0,31000,34000,362,1324
6546,51500,56000,20900,7,9,20,18275,78.3,10600,critical,0,0,0,15,0,0,5,0,out-of-radius,0,0,0,0,0,38316,7,750,750,24720,6174,86282,61289,90432,71889,reinforcements_3,reinforcements_3,nuke_2,nuke_2,7,0,0,0,0,0,2,0,31000,34000,348,1288
6549,51500,56000,20900,7,8,18,11415,77.0,6468,critical,0,0,0,15,0,0,3,0,out-of-radius,0,0,0,0,0,38298,7,750,750,24720,6192,88348,65439,90435,71907,reinforcements_3,reinforcements_3,nuke_2,nuke_2,7,0,0,0,0,0,1,0,31000,34000,310,1345
6552,51500,56000,20900,7,8,19,11490,82.0,6486,outmatched,0,0,0,16,0,0,3,0,out-of-radius,0,0,0,0,0,38280,7,750,750,24720,6210,88348,65439,90435,71925,reinforcements_3,reinforcements_3,nuke_2,nuke_2,7,0,0,0,0,0,1,0,31000,34000,332,1338
6555,51500,56000,20900,7,7,17,7985,76.3,4402,outmatched,0,0,0,15,0,0,2,0,out-of-radius,0,0,0,0,0,38280,7,750,750,24720,6210,88348,65439,90435,71925,reinforcements_3,reinforcements_3,nuke_2,nuke_2,7,0,0,0,0,0,0,0,31000,34000,288,1351
6558,51500,56000,20900,7,7,18,8060,81.3,4420,outmatched,0,0,0,16,0,0,2,0,out-of-radius,0,0,0,0,0,38262,7,750,750,24720,6228,90414,67523,90435,71943,reinforcements_3,reinforcements_3,nuke_2,nuke_2,7,0,0,0,0,0,0,0,31000,34000,309,1344
6561,51500,56000,20900,7,7,18,8060,81.3,4420,outmatched,0,0,0,16,0,0,2,0,out-of-radius,0,0,0,0,0,38262,7,750,750,24720,6228,90414,67523,90435,71943,reinforcements_3,reinforcements_3,nuke_2,nuke_2,7,0,0,0,0,0,0,0,31000,34000,330,1306
6564,51500,56000,20900,7,7,19,8135,86.3,4438,outmatched,0,0,0,17,0,0,2,0,out-of-radius,0,0,0,0,0,38244,7,750,750,24720,6246,90414,67523,90435,71961,reinforcements_3,reinforcements_3,nuke_2,nuke_2,7,0,0,0,0,0,0,0,31000,34000,351,1299
6567,51500,56000,20900,7,7,20,8210,91.3,4456,outmatched,0,0,0,18,0,0,2,0,out-of-radius,0,0,0,0,0,38226,7,750,750,24720,6264,90414,67523,90435,71979,reinforcements_3,reinforcements_3,nuke_2,nuke_2,7,0,0,0,0,0,0,0,31000,34000,372,1292
6570,51500,56000,21650,7,7,20,8210,91.3,4456,outmatched,0,0,0,18,0,0,2,0,out-of-radius,0,0,0,0,0,38976,7,750,750,24720,6264,90414,67523,90435,71979,reinforcements_3,reinforcements_3,nuke_2,nuke_2,7,0,0,0,0,0,0,0,31000,34000,393,1254
6573,51500,56000,21650,7,6,21,8285,96.3,4474,outmatched,0,0,0,19,0,0,2,0,out-of-radius,0,0,0,0,0,38958,7,750,750,24720,6282,90417,67523,90435,71997,reinforcements_3,reinforcements_3,nuke_2,nuke_2,6,0,0,0,0,0,0,0,31000,34000,367,1248
6576,51500,56000,21650,7,6,21,8285,96.3,4474,outmatched,0,0,0,19,0,0,2,0,out-of-radius,0,0,0,0,0,38958,7,750,750,24720,6282,90417,67523,90435,71997,reinforcements_3,reinforcements_3,nuke_2,nuke_2,6,0,0,0,0,0,0,0,31000,34000,386,1211
6579,51500,56000,21650,7,5,22,8360,101.3,4492,outmatched,0,0,0,20,0,0,2,0,out-of-radius,0,0,0,0,0,38940,7,750,750,24720,6300,90417,67523,90435,72015,reinforcements_3,reinforcements_3,nuke_2,nuke_2,5,0,0,0,0,0,0,0,31000,34000,351,1207
6582,51500,56000,21650,7,5,23,8435,106.3,4510,outmatched,0,0,0,21,0,0,2,0,lost-scoring,2,2,36,36,7,38922,7,750,750,24720,6318,90420,67523,90435,72033,reinforcements_3,reinforcements_3,nuke_2,nuke_2,5,0,0,0,0,0,0,0,31000,34000,372,1200
6585,51500,56000,21650,7,5,23,8435,106.3,4510,outmatched,0,0,0,21,0,0,2,0,lost-scoring,2,2,36,36,7,38922,7,750,750,24720,6318,90420,67523,90435,72033,reinforcements_3,reinforcements_3,nuke_2,nuke_2,5,0,0,0,0,0,0,0,31000,34000,393,1162
6588,51500,56000,18609,7,6,24,8510,111.3,4528,wipe,0,0,0,22,0,0,2,0,-,4,4,2120,2120,55,37929,7,750,750,26786,6336,90420,67523,92501,72051,reinforcements_3,reinforcements_3,nuke_2,nuke_2,5,0,0,0,0,0,1,0,31000,34000,347,1156
6591,51500,56000,18609,7,6,24,8510,111.3,4528,outmatched,0,0,0,22,0,0,2,0,cooldown,5,4,2138,2120,112,37929,7,750,750,26786,6336,90420,67523,92501,72051,reinforcements_3,reinforcements_3,nuke_2,nuke_2,5,0,0,0,0,0,1,0,31000,34000,369,1118
6594,51500,56000,18609,7,5,25,8585,116.3,4546,outmatched,0,0,0,23,0,0,2,0,cooldown,5,4,2138,2120,112,37911,7,750,750,26786,6354,90423,67523,92501,72069,reinforcements_3,reinforcements_3,nuke_2,nuke_2,4,0,0,0,0,0,1,0,31000,34000,365,1112
6597,51500,56000,18609,7,4,26,8660,121.3,4564,outmatched,0,0,0,24,0,0,2,0,cooldown,7,5,4222,2138,152,37893,7,750,750,26786,6372,90426,67523,92501,72087,reinforcements_3,reinforcements_3,nuke_2,nuke_2,3,0,0,0,0,0,1,0,31000,34000,355,1107
6600,51500,56000,19359,7,3,26,8660,121.3,4564,outmatched,0,0,0,24,0,0,2,0,cooldown,7,5,4222,2138,152,38643,7,750,750,26786,6372,90429,67523,92501,72087,reinforcements_3,reinforcements_3,nuke_2,nuke_2,2,0,0,0,0,0,1,0,31000,34000,340,1071
6603,51500,56000,19359,7,2,27,8735,126.3,4582,outmatched,0,0,0,25,0,0,2,0,cooldown,8,6,4240,2156,158,38625,7,750,750,26786,6390,90432,67523,92501,72105,reinforcements_3,reinforcements_3,nuke_2,nuke_2,1,0,0,0,0,0,1,0,31000,34000,304,1067
6606,51500,56000,19359,7,1,27,8735,126.3,4582,outmatched,0,0,0,25,0,0,2,0,cooldown,9,7,4258,4222,184,38625,7,750,750,26786,6390,90435,67523,92501,72105,reinforcements_3,reinforcements_3,nuke_2,nuke_2,0,0,0,0,0,0,1,0,31000,34000,190,1033
6609,51500,56000,19359,7,1,28,8810,131.3,4600,outmatched,0,0,0,26,0,0,2,0,cooldown,9,7,4258,4222,184,38607,7,750,750,26786,6408,90435,67523,92501,72123,reinforcements_3,reinforcements_3,nuke_2,nuke_2,0,0,0,0,0,0,1,0,31000,34000,220,1026
6612,51500,56000,19359,7,1,29,8885,136.3,4618,outmatched,0,0,0,27,0,0,2,0,cooldown,10,6,4276,2156,249,38589,7,750,750,26786,6426,90435,67523,92501,72141,reinforcements_3,reinforcements_3,nuke_2,nuke_2,0,0,0,0,0,0,1,0,31000,34000,250,1018
6615,51500,56000,19359,7,1,29,8885,136.3,4618,outmatched,0,0,0,27,0,0,2,0,cooldown,10,6,4276,2156,249,38589,7,750,750,26786,6426,90435,67523,92501,72141,reinforcements_3,reinforcements_3,nuke_2,nuke_2,0,0,0,0,0,0,1,0,31000,34000,277,980
6618,51500,56000,17293,7,2,26,8660,121.3,4564,wipe,0,0,0,24,0,0,2,0,-,7,4,4222,4168,276,38571,7,750,750,28852,6444,90435,67595,94567,72159,reinforcements_3,reinforcements_3,nuke_2,nuke_2,0,0,0,0,0,0,2,0,31000,34000,154,1073
6621,51500,56000,17293,7,2,26,8660,121.3,4564,outmatched,0,0,0,24,0,0,2,0,cooldown,8,5,4240,4186,286,38571,7,750,750,28852,6444,90435,67595,94567,72159,reinforcements_3,reinforcements_3,nuke_2,nuke_2,0,0,0,0,0,0,2,0,31000,34000,168,1037
6624,51500,56000,17293,7,2,27,8735,126.3,4582,outmatched,0,0,0,25,0,0,2,0,cooldown,8,5,4240,4186,286,38553,7,750,750,28852,6462,90435,67595,94567,72177,reinforcements_3,reinforcements_3,nuke_2,nuke_2,0,0,0,0,0,0,2,0,31000,34000,184,1034
6627,51500,56000,17293,7,1,28,8810,131.3,4600,outmatched,0,0,0,26,0,0,2,0,cooldown,9,6,4258,4204,286,38535,7,750,750,28852,6480,92501,67595,94567,72195,reinforcements_3,reinforcements_3,nuke_2,nuke_2,0,0,0,0,0,0,1,0,31000,34000,110,1031
6630,51500,56000,18043,7,1,28,8810,131.3,4600,outmatched,0,0,0,26,0,0,2,0,cooldown,9,6,4258,4204,286,39285,7,750,750,28852,6480,92501,67595,94567,72195,reinforcements_3,reinforcements_3,nuke_2,nuke_2,0,0,0,0,0,0,1,0,31000,34000,140,992
6633,51500,56000,18043,7,1,29,8885,136.3,4618,outmatched,0,0,0,27,0,0,2,0,cooldown,10,6,4276,4204,343,39267,7,750,750,28852,6498,92501,67595,94567,72213,reinforcements_3,reinforcements_3,nuke_2,nuke_2,0,0,0,0,0,0,1,0,31000,34000,170,986
6636,51500,56000,19543,7,1,27,8735,126.3,4582,outmatched,0,0,0,25,0,0,2,0,cooldown,9,4,4258,4168,382,40767,7,750,750,28852,6498,92501,67595,94567,72213,reinforcements_3,reinforcements_3,nuke_2,nuke_2,0,0,0,0,0,0,1,0,31000,34000,183,999
6639,51500,56000,19543,7,1,27,8735,126.3,4582,outmatched,0,0,0,25,0,0,2,0,cooldown,9,4,4258,4168,382,767,8,750,2500,28852,6498,92501,67631,94567,72213,reinforcements_3,reinforcements_3,nuke_2,nuke_2,0,0,0,0,0,0,1,0,31000,34000,183,964
6642,51500,56000,19543,7,1,28,8810,131.3,4600,outmatched,0,0,0,26,0,0,2,0,cooldown,10,5,4276,4186,382,749,8,750,2500,28852,6516,92501,67631,94567,72231,reinforcements_3,reinforcements_3,nuke_2,nuke_2,0,0,0,0,0,0,1,0,31000,34000,183,964
6645,51500,56000,19543,7,1,28,8810,131.3,4600,outmatched,0,0,0,26,0,0,2,0,cooldown,10,5,4276,4186,382,749,8,750,2500,28852,6516,92501,67631,94567,72231,reinforcements_3,reinforcements_3,nuke_2,nuke_2,0,0,0,0,0,0,1,0,31000,34000,183,931
6648,51500,56000,17477,7,2,29,8885,136.3,4618,wipe,0,0,0,27,0,0,2,0,-,11,6,4294,4204,382,731,8,750,2500,30918,6534,92501,67631,96633,72249,reinforcements_3,reinforcements_3,nuke_2,nuke_2,0,0,0,0,0,0,2,0,31000,34000,102,932
6651,51500,56000,17477,7,1,29,8885,136.3,4618,outmatched,0,0,0,27,0,0,2,0,cooldown,12,7,4312,4222,382,731,8,750,2500,30918,6534,92501,67631,96633,72249,reinforcements_3,reinforcements_3,nuke_2,nuke_2,0,0,0,0,0,0,1,0,31000,34000,50,900
6654,51500,56000,17477,7,1,30,8960,141.3,4636,outmatched,0,0,0,28,0,0,2,0,cooldown,12,7,4312,4222,382,713,8,750,2500,30918,6552,94567,67631,96633,72267,reinforcements_3,reinforcements_3,nuke_2,nuke_2,0,0,0,0,0,0,1,0,31000,34000,80,895
6657,51500,56000,17477,7,1,31,9035,146.3,4654,outmatched,0,0,0,29,0,0,2,0,cooldown,13,7,4330,4222,447,695,8,750,2500,30918,6570,94567,67631,96633,72285,reinforcements_3,reinforcements_3,nuke_2,nuke_2,0,0,0,0,0,0,1,0,31000,34000,110,890
6660,51500,56000,18227,7,1,27,8735,126.3,4582,outmatched,0,0,0,25,0,0,2,0,cooldown,13,7,4330,4222,447,3195,8,750,2500,30918,6570,94567,67703,96633,72285,reinforcements_3,reinforcements_3,nuke_2,nuke_2,0,0,0,0,0,0,1,0,31000,34000,113,954
6663,51500,56000,18227,7,1,28,8810,131.3,4600,outmatched,0,0,0,26,0,0,2,0,cooldown,10,4,4276,4168,455,3177,8,750,2500,30918,6588,94567,67703,96633,72303,reinforcements_3,reinforcements_3,nuke_2,nuke_2,0,0,0,0,0,0,1,0,31000,34000,113,953
6666,51500,56000,18227,7,1,28,8810,131.3,4600,outmatched,0,0,0,26,0,0,2,0,cooldown,11,5,4294,4186,455,3177,8,750,2500,30918,6588,94567,67703,96633,72303,reinforcements_3,reinforcements_3,nuke_2,nuke_2,0,0,0,0,0,0,1,0,31000,34000,113,919
6669,51500,56000,18227,7,1,29,8885,136.3,4618,outmatched,0,0,0,27,0,0,2,0,cooldown,11,5,4294,4186,455,3159,8,750,2500,30918,6606,94567,67703,96633,72321,reinforcements_3,reinforcements_3,nuke_2,nuke_2,0,0,0,0,0,0,1,0,31000,34000,113,919
6672,51500,56000,18227,7,0,30,8960,141.3,4636,outmatched,0,0,0,28,0,0,2,0,cooldown,12,6,4312,4204,455,3141,8,750,2500,30918,6624,94567,67703,96633,72339,reinforcements_3,reinforcements_3,nuke_2,nuke_2,0,0,0,0,0,0,0,0,31000,34000,0,919
6675,51485,56000,18227,7,0,30,8960,141.3,4636,outmatched,0,0,0,28,0,0,2,0,cooldown,12,6,4312,4204,455,3141,8,750,2500,30918,6624,96633,67703,96633,72339,reinforcements_3,reinforcements_3,nuke_2,nuke_2,0,0,0,0,0,0,0,0,31000,34000,0,885
6678,51455,56000,16161,7,1,31,12390,142.0,6702,wipe,0,0,0,28,0,0,3,0,-,13,7,4330,4222,465,1075,8,750,2500,32984,8690,96633,67703,98699,74405,reinforcements_3,reinforcements_3,nuke_2,nuke_2,0,0,0,0,0,0,1,0,31000,34000,20,886
6681,51425,56000,16158,7,2,31,12390,142.0,6702,critical,0,0,0,28,0,0,3,0,cooldown,14,8,4348,4240,478,1075,8,750,2500,32987,8690,96633,67703,98699,74405,reinforcements_3,reinforcements_3,nuke_2,nuke_2,1,0,0,0,0,0,1,0,31000,34000,50,855
6684,51395,56000,16158,7,2,32,12465,147.0,6720,critical,0,0,0,29,0,0,3,0,cooldown,14,8,4348,4240,478,1057,8,750,2500,32987,8708,96633,67703,98702,74423,reinforcements_3,reinforcements_3,nuke_2,nuke_2,1,0,0,0,0,0,1,0,31000,34000,76,857
6687,51365,56000,16155,7,3,26,5305,125.7,2516,critical,0,0,0,25,0,0,1,0,cooldown,15,9,4366,4258,465,1039,8,750,2500,32990,8726,96633,67703,98705,74441,reinforcements_3,reinforcements_3,nuke_2,nuke_2,2,0,0,0,0,0,1,0,31000,34000,83,1036
6690,51365,56000,16905,7,3,26,5305,125.7,2516,critical,0,0,0,25,0,0,1,0,cooldown,15,9,4366,4258,465,3539,8,750,2500,32990,8726,96633,71925,98705,74441,reinforcements_3,reinforcements_3,nuke_2,nuke_2,2,0,0,0,0,0,1,0,31000,34000,97,999
6693,51365,56000,16905,7,3,27,5380,130.7,2534,wait,0,0,0,26,0,0,1,0,cooldown,9,2,162,36,465,3521,8,750,2500,32990,8744,96633,71925,98705,74459,reinforcements_3,reinforcements_3,nuke_2,nuke_2,2,0,0,0,0,0,1,0,31000,34000,111,996
6696,51365,56000,16905,7,3,27,5380,130.7,2534,wait,0,0,0,26,0,0,1,0,cooldown,10,3,180,54,465,3521,8,750,2500,32990,8744,96633,71925,98705,74459,reinforcements_3,reinforcements_3,nuke_2,nuke_2,2,0,0,0,0,0,1,0,31000,34000,123,961
6699,51365,56000,16905,7,2,28,5455,135.7,2552,wait,0,0,0,27,0,0,1,0,cooldown,10,3,180,54,465,3503,8,750,2500,32990,8762,96636,71925,98705,74477,reinforcements_3,reinforcements_3,nuke_2,nuke_2,1,0,0,0,0,0,1,0,31000,34000,120,959
6702,51365,56000,16905,7,1,29,5530,140.7,2570,wait,0,0,0,28,0,0,1,0,cooldown,11,5,198,90,465,3485,8,750,2500,32990,8780,96636,71925,98705,74495,reinforcements_3,reinforcements_3,nuke_2,nuke_2,0,0,0,0,0,0,1,0,31000,34000,100,958
6705,51365,56000,16905,7,1,29,5530,140.7,2570,wait,0,0,0,28,0,0,1,0,cooldown,11,5,198,90,465,3485,8,750,2500,32990,8780,96639,71925,98705,74495,reinforcements_3,reinforcements_3,nuke_2,nuke_2,0,0,0,0,0,0,1,0,31000,34000,100,925
6708,51365,56000,15384,7,3,31,9035,146.3,4654,wipe,0,0,0,29,0,0,2,0,-,12,6,216,108,465,2027,8,750,2500,33071,8798,96639,71925,100852,76579,reinforcements_3,reinforcements_3,nuke_2,nuke_2,0,0,0,0,1,0,2,0,31000,34000,52,956
6711,51365,56000,15384,7,3,31,9035,146.3,4654,wait,0,0,0,29,0,0,2,0,cooldown,13,6,234,108,465,2027,8,750,2500,33071,8798,96639,71925,100852,76579,reinforcements_3,reinforcements_3,nuke_2,nuke_2,0,0,0,0,1,0,2,0,31000,34000,72,924
6714,51365,56000,15384,7,3,32,9110,151.3,4672,wait,0,0,0,30,0,0,2,0,cooldown,13,6,234,108,465,2009,8,750,2500,33071,8816,96639,71925,100852,76597,reinforcements_3,reinforcements_3,nuke_2,nuke_2,0,0,0,0,1,0,2,0,31000,34000,92,923
6717,51365,56000,15384,7,4,28,12165,127.0,6648,wait,0,0,0,25,0,0,3,0,cooldown,14,8,252,144,465,1991,8,750,2500,33071,8834,96639,71925,100852,76615,reinforcements_3,reinforcements_3,nuke_2,nuke_2,0,0,0,0,1,0,3,0,31000,34000,84,1111
6720,51365,56000,16134,7,4,27,12090,122.0,6630,wait,0,0,0,24,0,0,3,0,cooldown,14,8,252,144,465,4491,8,750,2500,33071,8834,96639,72051,102918,78681,reinforcements_3,reinforcements_3,nuke_2,nuke_2,0,0,0,0,1,0,3,0,31000,34000,101,1107
6723,51365,56000,16131,7,5,28,12165,127.0,6648,critical,0,0,0,25,0,0,3,0,cooldown,8,1,144,18,445,4473,8,750,2500,33074,8852,96639,72051,102921,78699,reinforcements_3,reinforcements_3,nuke_2,nuke_2,1,0,0,0,1,0,3,0,31000,34000,101,1099
6726,51365,56000,16128,7,6,28,12165,127.0,6648,critical,0,0,0,25,0,0,3,0,cooldown,9,2,162,36,445,4473,8,750,2500,33077,8852,96639,72051,102921,78699,reinforcements_3,reinforcements_3,nuke_2,nuke_2,2,0,0,0,1,0,3,0,31000,34000,101,1063
6729,51365,56000,16128,7,7,29,15595,127.6,8714,critical,0,0,0,25,0,0,4,0,cooldown,9,2,162,36,445,4455,8,750,2500,33077,8870,96639,72051,104990,80783,reinforcements_3,reinforcements_3,nuke_2,nuke_2,2,0,0,0,1,0,4,0,31000,34000,100,1113
6732,51365,56000,16125,7,8,30,15670,132.6,8732,critical,0,0,0,26,0,0,4,0,cooldown,8,2,144,36,377,4437,8,750,2500,33080,8888,96639,72069,104993,80801,reinforcements_3,reinforcements_3,nuke_2,nuke_2,3,0,0,0,1,0,4,0,31000,34000,104,1104
6735,51365,56000,16125,7,8,28,15520,122.6,8696,critical,0,0,0,24,0,0,4,0,cooldown,8,2,144,36,377,4437,8,750,2500,33080,8888,96639,72105,104993,80801,reinforcements_3,reinforcements_3,nuke_2,nuke_2,3,0,0,0,1,0,4,0,31000,34000,120,1130
6738,51365,56000,16122,7,10,30,19025,128.3,10780,critical,0,0,0,25,0,0,5,0,lost-scoring,7,2,126,36,432,4419,8,750,2500,33083,8906,96639,72105,107062,82885,reinforcements_3,reinforcements_3,nuke_2,nuke_2,4,0,0,0,1,0,5,0,31000,34000,114,1146
6741,51365,56000,16119,7,11,29,18950,123.3,10762,critical,0,0,0,24,0,0,5,0,lost-scoring,7,2,126,36,429,4419,8,750,2500,33086,8906,96639,72105,107062,82885,reinforcements_3,reinforcements_3,nuke_2,nuke_2,5,0,0,0,1,0,5,0,31000,34000,119,1141
6744,51365,56000,16119,7,11,30,19025,128.3,10780,critical,0,0,0,25,0,0,5,0,lost-scoring,7,2,126,36,429,4401,8,750,2500,33086,8924,96639,72123,107065,82903,reinforcements_3,reinforcements_3,nuke_2,nuke_2,5,0,0,0,1,0,5,0,31000,34000,130,1130
6747,51365,56000,16116,7,11,32,22530,134.0,12864,critical,0,0,0,26,0,0,6,0,lost-scoring,8,3,144,54,429,4383,8,750,2500,33089,8942,96642,72123,107068,82921,reinforcements_3,reinforcements_3,nuke_2,nuke_2,4,0,0,0,1,0,6,0,31000,34000,111,1145
6750,51365,56000,16866,7,11,32,22530,134.0,12864,critical,0,0,0,26,0,0,6,0,lost-scoring,8,3,144,54,429,6883,8,750,2500,33089,8942,96645,72123,109134,84987,reinforcements_3,reinforcements_3,nuke_2,nuke_2,4,0,0,0,1,0,6,0,31000,34000,125,1110
6753,51365,56000,16863,7,12,30,22380,124.0,12828,critical,0,0,0,24,0,0,6,0,lost-scoring,6,1,108,18,390,6865,8,750,2500,33092,8960,96645,72177,109137,85005,reinforcements_3,reinforcements_3,nuke_2,nuke_2,5,0,0,0,1,0,6,0,31000,34000,140,1187
6756,51365,56000,16860,7,12,29,22305,119.0,12810,critical,0,0,0,23,0,0,6,0,lost-scoring,6,1,108,18,390,6865,8,750,2500,33095,8960,96648,72195,109137,85005,reinforcements_3,reinforcements_3,nuke_2,nuke_2,5,0,0,0,1,0,6,0,31000,34000,143,1182
6759,51365,56000,16860,7,12,30,22380,124.0,12828,critical,0,0,0,24,0,0,6,0,lost-scoring,6,1,108,18,390,6847,8,750,2500,33095,8978,96648,72195,109140,85023,reinforcements_3,reinforcements_3,nuke_2,nuke_2,5,0,0,0,1,0,6,0,31000,34000,159,1170
6762,51365,56000,16857,7,13,31,22455,129.0,12846,critical,0,0,0,25,0,0,6,0,lost-scoring,7,1,126,18,399,6829,8,750,2500,33098,8996,96648,72195,109143,85041,reinforcements_3,reinforcements_3,nuke_2,nuke_2,6,0,0,0,1,0,6,0,31000,34000,160,1158
6765,51365,56000,16857,7,13,30,22380,124.0,12828,critical,0,0,0,24,0,0,6,0,lost-scoring,7,1,126,18,399,6829,8,750,2500,33098,8996,96648,72213,109143,85041,reinforcements_3,reinforcements_3,nuke_2,nuke_2,6,0,0,0,1,0,6,0,31000,34000,180,1151
6768,51365,56000,16854,7,14,30,22380,124.0,12828,critical,0,0,0,24,0,0,6,0,lost-scoring,7,1,126,18,377,6811,8,750,2500,33101,9014,96648,72231,109146,85059,reinforcements_3,reinforcements_3,nuke_2,nuke_2,7,0,0,0,1,0,6,0,31000,34000,186,1168
6771,51365,56000,16851,7,15,30,22380,124.0,12828,critical,0,0,0,24,0,0,6,0,lost-scoring,6,2,108,36,295,6811,8,750,2500,33104,9014,96648,72231,109146,85059,reinforcements_3,reinforcements_3,nuke_2,nuke_2,8,0,0,0,1,0,6,0,31000,34000,190,1132
6774,51365,56000,16851,7,15,31,22455,129.0,12846,critical,0,0,0,25,0,0,6,0,lost-scoring,6,2,108,36,295,6793,8,750,2500,33104,9032,96648,72231,109149,85077,reinforcements_3,reinforcements_3,nuke_2,nuke_2,8,0,0,0,1,0,6,0,31000,34000,198,1121
6777,51365,56000,16848,7,16,30,22380,124.0,12828,critical,0,0,0,24,0,0,6,0,lost-scoring,5,1,90,18,325,6775,8,750,2500,33107,9050,96648,72267,109152,85095,reinforcements_3,reinforcements_3,nuke_2,nuke_2,9,0,0,0,1,0,6,0,31000,34000,208,1165
6780,51365,56000,17598,7,16,29,22305,119.0,12810,critical,0,0,0,23,0,0,6,0,lost-scoring,5,1,90,18,325,9275,8,750,2500,33107,9050,96648,72285,109152,85095,reinforcements_3,reinforcements_3,nuke_2,nuke_2,9,0,0,0,1,0,6,0,31000,34000,223,1156
6783,51365,56000,17595,7,17,29,25660,114.6,14858,critical,0,0,0,22,0,0,7,0,lost-scoring,5,1,90,18,321,7209,8,750,2500,33110,11116,96648,72303,109155,87161,reinforcements_3,reinforcements_3,nuke_2,nuke_2,10,0,0,0,1,0,6,0,31000,34000,231,1173
6786,51365,56000,17592,7,18,29,25660,114.6,14858,critical,0,0,0,22,0,0,7,0,lost-scoring,5,2,90,36,299,7209,8,750,2500,33113,11116,96648,72303,109155,87161,reinforcements_3,reinforcements_3,nuke_2,nuke_2,11,0,0,0,1,0,6,0,31000,34000,235,1137
6789,51365,56000,17592,7,18,29,25660,114.6,14858,critical,0,0,0,22,0,0,7,0,lost-scoring,5,2,90,36,299,7191,8,750,2500,33113,11134,96648,72321,109158,87179,reinforcements_3,reinforcements_3,nuke_2,nuke_2,11,0,0,0,1,0,6,0,31000,34000,250,1154
6792,51365,56000,17589,7,19,30,25735,119.6,14876,critical,0,0,0,23,0,0,7,0,lost-scoring,5,1,90,18,286,7173,8,750,2500,33116,11152,96648,72321,109161,87197,reinforcements_3,reinforcements_3,nuke_2,nuke_2,12,0,0,0,1,0,6,0,31000,34000,248,1144
6795,51365,56000,17589,7,19,30,25735,119.6,14876,critical,0,0,0,23,0,0,7,0,lost-scoring,5,1,90,18,286,7173,8,750,2500,33116,11152,96648,72321,109161,87197,reinforcements_3,reinforcements_3,nuke_2,nuke_2,12,0,0,0,1,0,6,0,31000,34000,257,1108
6798,51365,56000,17586,7,16,30,25735,119.6,14876,critical,0,0,0,23,0,0,7,0,lost-scoring,7,2,2174,36,321,7155,8,750,2500,33119,11170,96660,72339,109164,87215,reinforcements_3,reinforcements_3,nuke_2,nuke_2,9,0,0,0,1,0,6,0,31000,34000,240,1123
6801,51365,56000,17583,7,16,30,25735,119.6,14876,critical,0,0,0,23,0,0,7,0,lost-scoring,7,2,2174,36,295,7155,8,750,2500,33122,11170,96663,72339,109164,87215,reinforcements_3,reinforcements_3,nuke_2,nuke_2,9,0,0,0,1,0,6,0,31000,34000,233,1087
6804,51365,56000,17583,7,16,31,25810,124.6,14894,critical,0,0,0,24,0,0,7,0,lost-scoring,7,2,2174,36,295,7137,8,750,2500,33122,11188,96663,72339,109167,87233,reinforcements_3,reinforcements_3,nuke_2,nuke_2,9,0,0,0,1,0,6,0,31000,34000,243,1079
6807,51365,56000,17580,7,16,32,25885,129.6,14912,critical,0,0,0,25,0,0,7,0,lost-scoring,8,3,2192,54,282,7119,8,750,2500,33125,11206,96666,72339,109170,87251,reinforcements_3,reinforcements_3,nuke_2,nuke_2,9,0,0,0,1,0,6,0,31000,34000,236,1070
6810,51365,56000,18330,7,16,29,25660,114.6,14858,critical,0,0,0,22,0,0,7,0,lost-scoring,8,3,2192,54,282,9619,8,750,2500,33125,11206,96666,72393,109170,87251,reinforcements_3,reinforcements_3,nuke_2,nuke_2,9,0,0,0,1,0,6,0,31000,34000,251,1104
6813,51365,56000,18327,7,17,29,25660,114.6,14858,critical,0,0,0,22,0,0,7,0,lost-scoring,6,1,2156,18,260,9601,8,750,2500,33128,11224,96666,72393,109173,87269,reinforcements_3,reinforcements_3,nuke_2,nuke_2,10,0,0,0,1,0,6,0,31000,34000,254,1119
6816,51365,56000,16261,7,18,29,25660,114.6,14858,wipe,0,0,0,22,0,0,7,0,-,6,3,2156,2102,243,9601,8,750,2500,35194,11224,96666,72411,109173,87269,reinforcements_3,reinforcements_3,nuke_2,nuke_2,10,0,0,0,1,0,7,0,31000,34000,259,1083
6819,51365,56000,16261,7,18,30,25735,119.6,14876,wipe,0,0,0,23,0,0,7,0,-,6,3,2156,2102,243,9583,8,750,2500,35194,11242,96666,72411,111239,87287,reinforcements_3,reinforcements_3,nuke_2,nuke_2,10,0,0,0,1,0,7,0,31000,34000,272,1074
6822,51365,56000,16258,7,19,29,25660,114.6,14858,critical,0,0,0,22,0,0,7,0,cooldown,5,3,2138,2102,215,9565,8,750,2500,35197,11260,96666,72447,111242,87305,reinforcements_3,reinforcements_3,nuke_2,nuke_2,11,0,0,0,1,0,7,0,31000,34000,277,1111
6825,51365,56000,16258,7,12,29,25660,114.6,14858,critical,0,0,0,22,0,0,7,0,cooldown,5,3,2138,2102,215,9565,8,750,2500,35197,11260,106996,72447,111242,87305,reinforcements_3,reinforcements_3,nuke_2,nuke_2,9,0,0,0,1,0,2,0,31000,34000,253,1076
6828,51365,56000,16255,7,13,29,22230,114.0,14858,critical,0,0,0,22,0,0,7,0,cooldown,6,3,4204,2102,244,9547,8,750,2500,35200,11278,107002,72465,111245,87323,reinforcements_3,reinforcements_3,nuke_2,nuke_2,10,0,0,0,1,0,2,0,31000,34000,257,1092
6831,51365,56000,16252,7,13,29,22230,114.0,14858,critical,0,0,0,22,0,0,7,0,cooldown,7,4,4222,2120,215,9547,8,750,2500,35203,11278,107005,72465,111245,87323,reinforcements_3,reinforcements_3,nuke_2,nuke_2,10,0,0,0,1,0,2,0,31000,34000,247,1057
6834,51365,56000,16252,7,13,30,22305,119.0,14876,critical,0,0,0,23,0,0,7,0,cooldown,7,4,4222,2120,215,9529,8,750,2500,35203,11296,107005,72465,111248,87341,reinforcements_3,reinforcements_3,nuke_2,nuke_2,10,0,0,0,1,0,2,0,31000,34000,263,1052
6837,51365,56000,16249,7,13,31,22380,124.0,14894,critical,0,0,0,24,0,0,7,0,cooldown,9,5,6306,2138,250,9511,8,750,2500,35206,11314,107008,72465,111251,87359,reinforcements_3,reinforcements_3,nuke_2,nuke_2,10,0,0,0,1,0,2,0,31000,34000,253,1046
6840,51365,56000,16999,7,13,31,22380,124.0,14894,critical,0,0,0,24,0,0,7,0,cooldown,9,5,6306,2138,250,12011,8,750,2500,35206,11314,107008,72465,111251,87359,reinforcements_3,reinforcements_3,nuke_2,nuke_2,10,0,0,0,1,0,2,0,31000,34000,270,1014
6843,51365,56000,16996,7,12,32,22455,129.0,14912,critical,0,0,0,25,0,0,7,0,cooldown,10,7,6324,4222,215,11993,8,750,2500,35209,11332,107008,72465,111254,87377,reinforcements_3,reinforcements_3,nuke_2,nuke_2,9,0,0,0,1,0,2,0,31000,34000,248,1010
6846,51365,56000,14930,7,13,32,22455,129.0,14912,wipe,0,0,0,25,0,0,7,0,-,12,8,8408,4240,250,11993,8,750,2500,37275,11332,107014,72465,111254,87377,reinforcements_3,reinforcements_3,nuke_2,nuke_2,9,0,0,0,1,0,3,0,31000,34000,245,979
6849,51365,56000,14930,7,13,33,22530,134.0,14930,wipe,0,0,0,26,0,0,7,0,-,12,8,8408,4240,250,11975,8,750,2500,37275,11350,107014,72465,113320,87395,reinforcements_3,reinforcements_3,nuke_2,nuke_2,9,0,0,0,1,0,3,0,31000,34000,263,976
6852,51365,56000,14927,7,12,33,22530,134.0,14930,critical,0,0,0,26,0,0,7,0,cooldown,13,10,8426,6324,215,11957,8,750,2500,37278,11368,107017,72465,113323,87413,reinforcements_3,reinforcements_3,nuke_2,nuke_2,9,0,0,0,1,0,2,0,31000,34000,244,990
6855,51365,56000,14927,7,11,33,22530,134.0,14930,critical,0,0,0,26,0,0,7,0,cooldown,13,10,8426,6324,215,11957,8,750,2500,37278,11368,109086,72483,113323,87413,reinforcements_3,reinforcements_3,nuke_2,nuke_2,8,0,0,0,1,0,2,0,31000,34000,249,959
6858,51365,56000,14924,7,11,34,22605,139.0,14948,critical,0,0,0,27,0,0,7,0,cooldown,14,10,10492,6324,250,11939,8,750,2500,37281,11386,109086,72483,113326,87431,reinforcements_3,reinforcements_3,nuke_2,nuke_2,8,0,0,0,1,0,2,0,31000,34000,235,958
6861,51365,56000,14921,7,12,34,26035,139.6,14948,critical,0,0,0,27,0,0,7,0,cooldown,15,12,10510,8408,215,11939,8,750,2500,37284,11386,109089,72483,113326,87431,reinforcements_3,reinforcements_3,nuke_2,nuke_2,9,0,0,0,1,0,2,0,31000,34000,236,930
6864,51365,56000,14921,7,10,35,26110,144.6,14966,critical,0,0,0,28,0,0,7,0,cooldown,15,12,10510,8408,215,11921,8,750,2500,37284,11404,111158,72483,113329,87449,reinforcements_3,reinforcements_3,nuke_2,nuke_2,8,0,0,0,1,0,1,0,31000,34000,227,928
6867,51365,56000,14918,7,11,36,26185,149.6,14984,critical,0,0,0,29,0,0,7,0,cooldown,17,13,12594,8426,255,11903,8,750,2500,37287,11422,111158,72483,113332,87467,reinforcements_3,reinforcements_3,nuke_2,nuke_2,9,0,0,0,1,0,1,0,31000,34000,230,929
6870,51365,56000,15668,7,10,36,26185,149.6,14984,critical,0,0,0,29,0,0,7,0,cooldown,17,13,12594,8426,255,14403,8,750,2500,37287,11422,111239,72483,113332,87467,reinforcements_3,reinforcements_3,nuke_2,nuke_2,9,0,0,0,0,0,1,0,31000,34000,238,900
6873,51365,56000,15665,7,10,37,26260,154.6,15002,critical,0,0,0,30,0,0,7,0,cooldown,18,14,12612,8444,229,14385,8,750,2500,37290,11440,111242,72483,113335,87485,reinforcements_3,reinforcements_3,nuke_2,nuke_2,9,0,0,0,0,0,1,0,31000,34000,224,896
6876,51365,56000,13599,7,10,37,26260,154.6,15002,wipe,0,0,0,30,0,0,7,0,-,18,15,12612,10510,192,14385,8,750,2500,39356,11440,111245,72483,113335,87485,reinforcements_3,reinforcements_3,nuke_2,nuke_2,8,0,0,0,0,0,2,0,31000,34000,206,866
6879,51365,56000,13599,7,9,25,11940,112.0,6594,wipe,0,0,0,22,0,0,3,0,-,18,15,12612,10510,192,14367,8,750,2500,39356,11458,111248,80909,115401,87503,reinforcements_3,reinforcements_3,nuke_2,nuke_2,7,0,0,0,0,0,2,0,31000,34000,211,1108
6882,51365,56000,13596,7,10,26,12015,117.0,6612,critical,0,0,0,23,0,0,3,0,cooldown,6,3,4204,2102,247,14349,8,750,2500,39359,11476,111248,80909,115404,87521,reinforcements_3,reinforcements_3,nuke_2,nuke_2,8,0,0,0,0,0,2,0,31000,34000,214,1102
6885,51365,56000,13596,7,9,26,12015,117.0,6612,critical,0,0,0,23,0,0,3,0,cooldown,6,3,4204,2102,247,14349,8,750,2500,39359,11476,111248,80909,115404,87521,reinforcements_3,reinforcements_3,nuke_2,nuke_2,8,0,0,0,0,0,1,0,31000,34000,220,1067
6888,51365,56000,13593,7,8,27,12090,122.0,6630,critical,0,0,0,24,0,0,3,0,cooldown,7,5,4222,4186,247,14331,8,750,2500,39362,11494,113317,80909,115407,87539,reinforcements_3,reinforcements_3,nuke_2,nuke_2,7,0,0,0,0,0,1,0,31000,34000,185,1063
6891,51365,56000,13590,7,9,27,12090,122.0,6630,critical,0,0,0,24,0,0,3,0,cooldown,8,5,4240,4186,286,14331,8,750,2500,39365,11494,113320,80909,115407,87539,reinforcements_3,reinforcements_3,nuke_2,nuke_2,8,0,0,0,0,0,1,0,31000,34000,189,1025
6894,51365,56000,13590,7,8,28,12165,127.0,6648,critical,0,0,0,25,0,0,3,0,cooldown,8,5,4240,4186,286,14313,8,750,2500,39365,11512,113320,80909,115410,87557,reinforcements_3,reinforcements_3,nuke_2,nuke_2,7,0,0,0,0,0,1,0,31000,34000,194,1023
6897,51365,56000,13587,7,8,29,12240,132.0,6666,critical,0,0,0,26,0,0,3,0,cooldown,9,5,4258,4186,299,14295,8,750,2500,39368,11530,113326,80909,115413,87575,reinforcements_3,reinforcements_3,nuke_2,nuke_2,7,0,0,0,0,0,1,0,31000,34000,181,1017
6900,51365,56000,14337,7,8,29,12240,132.0,6666,critical,0,0,0,26,0,0,3,0,cooldown,9,5,4258,4186,299,16795,8,750,2500,39368,11530,113326,80909,115413,87575,reinforcements_3,reinforcements_3,nuke_2,nuke_2,7,0,0,0,0,0,1,0,31000,34000,201,984
6903,51365,56000,14334,7,6,25,5230,120.7,2498,critical,0,0,0,24,0,0,1,0,cooldown,11,6,6342,4204,348,16777,8,750,2500,39371,11548,113329,80909,115416,87593,reinforcements_3,reinforcements_3,nuke_2,nuke_2,6,0,0,0,0,0,0,0,31000,34000,157,1109
6906,51365,56000,14334,7,6,25,5230,120.7,2498,outmatched,0,0,0,24,0,0,1,0,lost-scoring,7,1,2174,18,325,16777,8,750,2500,39371,11548,115398,85095,115416,87593,reinforcements_3,reinforcements_3,nuke_2,nuke_2,6,0,0,0,0,0,0,0,31000,34000,178,1070
6909,51365,56000,14334,7,5,26,5305,125.7,2516,outmatched,0,0,0,25,0,0,1,0,lost-scoring,7,1,2174,18,325,16759,8,750,2500,39371,11566,115401,85095,115416,87611,reinforcements_3,reinforcements_3,nuke_2,nuke_2,5,0,0,0,0,0,0,0,31000,34000,176,1064
6912,51365,56000,14334,7,5,27,5380,130.7,2534,outmatched,0,0,0,26,0,0,1,0,lost-scoring,8,2,2192,36,364,16741,8,750,2500,39371,11584,115401,85095,115416,87629,reinforcements_3,reinforcements_3,nuke_2,nuke_2,5,0,0,0,0,0,0,0,31000,34000,194,1058
6915,51365,56000,14334,7,4,27,5380,130.7,2534,outmatched,0,0,0,26,0,0,1,0,lost-scoring,8,2,2192,36,364,16741,8,750,2500,39371,11584,115404,85095,115416,87629,reinforcements_3,reinforcements_3,nuke_2,nuke_2,4,0,0,0,0,0,0,0,31000,34000,200,1021
6918,51365,56000,14334,7,3,28,5455,135.7,2552,outmatched,0,0,0,27,0,0,1,0,lost-scoring,9,3,2210,54,369,16723,8,750,2500,39371,11602,115407,85095,115416,87647,reinforcements_3,reinforcements_3,nuke_2,nuke_2,3,0,0,0,0,0,0,0,31000,34000,202,1016
6921,51365,56000,14334,7,2,28,5455,135.7,2552,outmatched,0,0,0,27,0,0,1,0,lost-scoring,10,3,2228,54,383,16723,8,750,2500,39371,11602,115407,85095,115416,87647,reinforcements_3,reinforcements_3,nuke_2,nuke_2,2,0,0,0,0,0,0,0,31000,34000,208,980
6924,51365,56000,14334,7,1,29,5530,140.7,2570,outmatched,0,0,0,28,0,0,1,0,lost-scoring,10,3,2228,54,383,16705,8,750,2500,39371,11620,115413,85095,115416,87665,reinforcements_3,reinforcements_3,nuke_2,nuke_2,1,0,0,0,0,0,0,0,31000,34000,211,975
6927,51365,56000,14334,7,1,30,5605,145.7,2588,outmatched,0,0,0,29,0,0,1,0,lost-scoring,11,4,2246,72,404,16687,8,750,2500,39371,11638,115413,85095,115416,87683,reinforcements_3,reinforcements_3,nuke_2,nuke_2,1,0,0,0,0,0,0,0,31000,34000,212,972
6930,51365,56000,15084,7,0,30,5605,145.7,2588,outmatched,0,0,0,29,0,0,1,0,lost-scoring,11,4,2246,72,404,19187,8,750,2500,39371,11638,115416,85095,115416,87683,reinforcements_3,reinforcements_3,nuke_2,nuke_2,0,0,0,0,0,0,0,0,31000,34000,0,935
6933,51365,56000,14703,7,1,31,5680,150.7,2606,wipe,0,0,0,30,0,0,1,0,-,12,5,2264,90,443,19169,8,750,2500,39452,11656,115416,85095,115497,87701,reinforcements_3,reinforcements_3,nuke_2,nuke_2,0,0,0,0,1,0,0,0,31000,34000,35,928
6936,51305,56000,14703,7,1,31,5680,150.7,2606,outmatched,0,0,0,30,0,0,1,0,cooldown,13,6,2282,108,465,19169,8,750,2500,39452,11656,115416,85095,115497,87701,reinforcements_3,reinforcements_3,nuke_2,nuke_2,0,0,0,0,1,0,0,0,31000,34000,65,895
6939,51290,56000,14703,7,1,32,5968,151.5,2944,outmatched,0,0,0,30,0,1,1,0,cooldown,13,6,2282,108,465,18831,8,750,2500,39452,11994,115416,85095,115497,88039,reinforcements_3,reinforcements_3,nuke_2,nuke_2,0,0,0,0,1,0,0,0,31000,34000,95,894
6942,51230,56000,14703,7,1,33,6256,152.4,3282,outmatched,0,0,0,30,0,2,1,0,cooldown,14,8,2300,2192,465,18493,8,750,2500,39452,12332,115416,85095,115497,88377,reinforcements_3,reinforcements_3,nuke_2,nuke_2,0,0,0,0,1,0,0,0,31000,34000,125,893
6945,51230,56000,14703,7,1,27,5806,122.4,3174,outmatched,0,0,0,24,0,2,1,0,cooldown,14,8,2300,2192,465,18493,8,750,2500,39452,12332,115416,85203,115497,88377,reinforcements_3,reinforcements_3,nuke_2,nuke_2,0,0,0,0,1,0,0,0,31000,34000,114,1009
6948,51215,56000,14703,7,1,28,6094,123.2,3512,outmatched,0,0,0,24,0,3,1,0,cooldown,9,3,2210,2102,455,18155,8,750,2500,39452,12670,115416,85203,115497,88715,reinforcements_3,reinforcements_3,nuke_2,nuke_2,0,0,0,0,1,0,0,0,31000,34000,114,1005
6951,51215,56000,14703,7,1,28,6094,123.2,3512,outmatched,0,0,0,24,0,3,1,0,cooldown,10,4,2228,2120,465,18155,8,750,2500,39452,12670,115416,85203,115497,88715,reinforcements_3,reinforcements_3,nuke_2,nuke_2,0,0,0,0,1,0,0,0,31000,34000,114,969
6954,46020,56000,14703,7,1,29,6382,124.1,3850,outmatched,0,0,0,24,0,4,1,0,cooldown,10,4,2228,2120,465,17817,8,750,2500,39452,13008,115416,85203,115497,89053,reinforcements_3,reinforcements_3,nuke_2,nuke_2,0,0,0,0,1,0,0,0,31000,34000,114,968
6957,46005,56000,14703,7,1,30,6670,124.9,4188,outmatched,0,0,0,24,0,5,1,0,cooldown,11,5,2246,2138,465,17479,8,750,2500,39452,13346,115416,85203,115497,89391,reinforcements_3,reinforcements_3,nuke_2,nuke_2,0,0,0,0,1,0,0,0,31000,34000,114,967
6960,45975,56000,15453,7,1,30,6670,124.9,4188,outmatched,0,0,0,24,0,5,1,0,cooldown,11,5,2246,2138,465,19979,8,750,2500,39452,13346,115416,85203,115497,89391,reinforcements_3,reinforcements_3,nuke_2,nuke_2,0,0,0,0,1,0,0,0,31000,34000,114,936
6963,45945,56000,13387,7,2,31,6745,129.9,4206,wipe,0,0,0,25,0,5,1,0,-,12,6,2264,2156,465,19961,8,750,2500,41518,13364,115416,85203,117563,89409,reinforcements_3,reinforcements_3,nuke_2,nuke_2,0,0,0,0,1,0,1,0,31000,34000,67,936
6966,45930,56000,13387,7,2,31,6745,129.9,4206,wait,0,0,0,25,0,5,1,0,cooldown,13,7,2282,2174,465,19961,8,750,2500,41518,13364,115416,85203,117563,89409,reinforcements_3,reinforcements_3,nuke_2,nuke_2,0,0,0,0,1,0,1,0,31000,34000,82,906
6969,45885,56000,13387,7,2,32,6820,134.9,4224,wait,0,0,0,26,0,5,1,0,cooldown,13,7,2282,2174,465,19943,8,750,2500,41518,13382,115416,85203,117563,89427,reinforcements_3,reinforcements_3,nuke_2,nuke_2,0,0,0,0,1,0,1,0,31000,34000,97,907
6972,45870,56000,13387,7,2,27,3090,114.3,2086,wait,0,0,0,22,0,5,0,0,cooldown,14,8,2300,2192,465,19925,8,750,2500,41518,13400,115416,85203,117563,89445,reinforcements_3,reinforcements_3,nuke_2,nuke_2,0,0,0,0,1,0,1,0,31000,34000,107,1066
6975,45870,56000,13387,7,2,27,3090,114.3,2086,wait,0,0,0,22,0,5,0,0,cooldown,14,8,2300,2192,465,19925,8,750,2500,41518,13400,115416,87359,117563,89445,reinforcements_3,reinforcements_3,nuke_2,nuke_2,0,0,0,0,1,0,1,0,31000,34000,112,1031
6978,45870,56000,13387,7,2,27,3090,114.3,2086,wait,0,0,0,22,0,5,0,0,cooldown,9,2,162,36,465,19907,8,750,2500,41518,13418,115416,87377,117563,89463,reinforcements_3,reinforcements_3,nuke_2,nuke_2,0,0,0,0,1,0,1,0,31000,34000,112,1059
6981,44370,56000,13384,7,2,17,2340,64.3,1906,block,0,0,0,12,0,5,0,0,out-of-radius,0,0,0,0,0,19907,8,750,2500,41521,13418,115497,87557,117563,89463,reinforcements_3,reinforcements_3,nuke_2,nuke_2,1,0,0,0,0,0,1,0,29500,34000,64,1366
6984,44370,56000,13384,7,2,18,2415,69.3,1924,block,0,0,0,13,0,5,0,0,out-of-radius,0,0,0,0,0,19889,8,750,2500,41521,13436,115497,87557,117566,89481,reinforcements_3,reinforcements_3,nuke_2,nuke_2,1,0,0,0,0,0,1,0,29500,34000,74,1361
6987,44370,56000,13381,7,3,19,2490,74.3,1942,block,0,0,0,14,0,5,0,0,out-of-radius,0,0,0,0,0,19871,8,750,2500,41524,13454,115497,87557,117569,89499,reinforcements_3,reinforcements_3,nuke_2,nuke_2,2,0,0,0,0,0,1,0,29500,34000,75,1356
6990,44370,56000,14131,7,3,19,2490,74.3,1942,block,0,0,0,14,0,5,0,0,out-of-radius,0,0,0,0,0,22371,8,750,2500,41524,13454,115497,87557,117569,89499,reinforcements_3,reinforcements_3,nuke_2,nuke_2,2,0,0,0,0,0,1,0,29500,34000,89,1321
6993,44370,56000,14128,7,4,20,2565,79.3,1960,block,0,0,0,15,0,5,0,0,lost-scoring,1,1,18,18,0,22353,8,750,2500,41527,13472,115497,87557,117572,89517,reinforcements_3,reinforcements_3,nuke_2,nuke_2,3,0,0,0,0,0,1,0,29500,34000,94,1315
6996,44370,56000,14125,7,5,20,2565,79.3,1960,block,0,0,0,15,0,5,0,0,lost-scoring,2,1,36,18,65,22353,8,750,2500,41530,13472,115497,87557,117572,89517,reinforcements_3,reinforcements_3,nuke_2,nuke_2,4,0,0,0,0,0,1,0,29500,34000,97,1280
6999,44370,56000,14125,7,5,21,2640,84.3,1978,block,0,0,0,16,0,5,0,0,lost-scoring,2,1,36,18,65,22335,8,750,2500,41530,13490,115497,87557,117575,89535,reinforcements_3,reinforcements_3,nuke_2,nuke_2,4,0,0,0,0,0,1,0,29500,34000,114,1274
7002,44370,56000,14122,7,6,22,2715,89.3,1996,block,0,0,0,17,0,5,0,0,lost-scoring,3,1,54,18,130,22317,8,750,2500,41533,13508,115497,87557,117578,89553,reinforcements_3,reinforcements_3,nuke_2,nuke_2,5,0,0,0,0,0,1,0,29500,34000,119,1268
7005,44370,56000,14122,7,6,22,2715,89.3,1996,block,0,0,0,17,0,5,0,0,lost-scoring,3,1,54,18,130,22317,8,750,2500,41533,13508,115497,87557,117578,89553,reinforcements_3,reinforcements_3,nuke_2,nuke_2,5,0,0,0,0,0,1,0,29500,34000,136,1233
7008,44370,56000,14119,7,7,23,2790,94.3,2014,block,0,0,0,18,0,5,0,0,lost-scoring,4,1,72,18,195,22299,8,750,2500,41536,13526,115497,87557,117581,89571,reinforcements_3,reinforcements_3,nuke_2,nuke_2,6,0,0,0,0,0,1,0,29500,34000,141,1226
7011,44370,56000,12679,7,7,23,2790,94.3,2014,block,0,0,0,18,0,5,0,0,lost-scoring,5,1,90,18,260,22299,8,750,2500,41536,13526,115497,87557,117581,89571,reinforcements_3,reinforcements_3,nuke_2,nuke_2,6,0,0,0,0,0,1,0,29500,34000,162,1191
7014,44370,56000,12676,7,9,25,6295,99.9,4098,block,0,0,0,19,0,5,1,0,lost-scoring,5,1,90,18,260,20841,8,750,2500,41539,13544,115497,87557,119650,91655,reinforcements_3,reinforcements_3,nuke_2,nuke_2,7,0,0,0,0,0,2,0,29500,34000,154,1212
7017,44370,56000,12676,7,8,26,6370,104.9,4116,outmatched,0,0,0,20,0,5,1,0,lost-scoring,6,1,108,18,325,20823,8,750,2500,41539,13562,115497,87557,119650,91673,reinforcements_3,reinforcements_3,nuke_2,nuke_2,6,0,0,0,0,0,2,0,29500,34000,161,1204
7020,44370,56000,13426,7,8,26,6370,104.9,4116,outmatched,0,0,0,20,0,5,1,0,lost-scoring,6,1,108,18,325,23323,8,750,2500,41539,13562,115500,87557,119650,91673,reinforcements_3,reinforcements_3,nuke_2,nuke_2,6,0,0,0,0,0,2,0,29500,34000,183,1170
7023,44370,56000,13426,7,8,28,9875,110.6,6200,wait,0,0,0,21,0,5,2,0,lost-scoring,7,2,126,36,341,23305,8,750,2500,41539,13580,115500,87557,121716,93757,reinforcements_3,reinforcements_3,nuke_2,nuke_2,5,0,0,0,0,0,3,0,29500,34000,171,1189
7026,44370,56000,13423,7,8,26,9725,100.6,6164,critical,0,0,0,19,0,5,2,0,lost-scoring,6,1,108,18,325,23305,8,750,2500,41542,13580,115506,87593,121716,93757,reinforcements_3,reinforcements_3,nuke_2,nuke_2,5,0,0,0,0,0,3,0,29500,34000,163,1220
7029,44370,56000,13423,7,8,27,9800,105.6,6182,critical,0,0,0,20,0,5,2,0,lost-scoring,6,1,108,18,325,23287,8,750,2500,41542,13598,115506,87593,121719,93775,reinforcements_3,reinforcements_3,nuke_2,nuke_2,5,0,0,0,0,0,3,0,29500,34000,185,1211
7032,44370,56000,13420,7,10,29,13305,111.3,8266,critical,0,0,0,21,0,5,3,0,lost-scoring,6,2,108,36,266,23269,8,750,2500,41545,13616,115506,87593,121722,93793,reinforcements_3,reinforcements_3,nuke_2,nuke_2,6,0,0,0,0,0,4,0,29500,34000,169,1226
7035,44370,56000,13420,7,9,29,13305,111.3,8266,critical,0,0,0,21,0,5,3,0,lost-scoring,6,2,108,36,266,23269,8,750,2500,41545,13616,115506,87593,123788,95859,reinforcements_3,reinforcements_3,nuke_2,nuke_2,5,0,0,0,0,0,4,0,29500,34000,177,1193
7038,44370,56000,13417,7,10,29,13305,111.3,8266,critical,0,0,0,21,0,5,3,0,lost-scoring,5,2,90,36,195,23251,8,750,2500,41548,13634,115509,87611,123791,95877,reinforcements_3,reinforcements_3,nuke_2,nuke_2,6,0,0,0,0,0,4,0,29500,34000,181,1214
7041,44370,56000,12442,7,9,29,13305,111.3,8266,critical,0,0,0,21,0,5,3,0,lost-scoring,5,3,90,54,130,23251,8,750,2500,41548,13634,115512,87611,123791,95877,reinforcements_3,reinforcements_3,nuke_2,nuke_2,5,0,0,0,0,0,4,0,29500,34000,187,1182
7044,44370,56000,12439,7,10,31,16810,116.9,10350,critical,0,0,0,22,0,5,4,0,lost-scoring,5,3,90,54,130,22258,8,750,2500,41551,13652,115515,87611,125860,97961,reinforcements_3,reinforcements_3,nuke_2,nuke_2,5,0,0,0,0,0,5,0,29500,34000,163,1197
7047,44370,56000,12436,7,11,29,16660,106.9,10314,critical,0,0,0,20,0,5,4,0,lost-scoring,2,1,36,18,65,22240,8,750,2500,41554,13670,115515,87665,125863,97979,reinforcements_3,reinforcements_3,nuke_2,nuke_2,6,0,0,0,0,0,5,0,29500,34000,169,1276
7050,44370,56000,13186,7,11,29,16660,106.9,10314,critical,0,0,0,20,0,5,4,0,lost-scoring,2,1,36,18,65,24740,8,750,2500,41554,13670,115515,87665,125863,97979,reinforcements_3,reinforcements_3,nuke_2,nuke_2,6,0,0,0,0,0,5,0,29500,34000,184,1242
7053,44370,56000,13183,7,12,31,20165,112.6,12398,critical,0,0,0,21,0,5,5,0,lost-scoring,2,2,36,36,0,24722,8,750,2500,41557,13688,115518,87665,127932,100063,reinforcements_3,reinforcements_3,nuke_2,nuke_2,6,0,0,0,0,0,6,0,29500,34000,165,1252
7056,44370,56000,13180,7,13,29,20015,102.6,12362,critical,0,0,0,19,0,5,5,0,lost-scoring,1,1,18,18,0,24722,8,750,2500,41560,13688,115518,87665,127932,100063,reinforcements_3,reinforcements_3,nuke_2,nuke_2,7,0,0,0,0,0,6,0,29500,34000,172,1280
7059,44370,56000,13180,7,13,30,20090,107.6,12380,critical,0,0,0,20,0,5,5,0,lost-scoring,1,1,18,18,0,24704,8,750,2500,41560,13706,115518,87701,127935,100081,reinforcements_3,reinforcements_3,nuke_2,nuke_2,7,0,0,0,0,0,6,0,29500,34000,197,1266
7062,44370,56000,13177,7,14,31,20165,112.6,12398,critical,0,0,0,21,0,5,5,0,lost-scoring,2,1,36,18,65,24686,8,750,2500,41563,13724,115518,87701,127938,100099,reinforcements_3,reinforcements_3,nuke_2,nuke_2,8,0,0,0,0,0,6,0,29500,34000,211,1252
7065,44370,56000,13177,7,14,31,20165,112.6,12398,critical,0,0,0,21,0,5,5,0,lost-scoring,2,1,36,18,65,24686,8,750,2500,41563,13724,115518,87701,127938,100099,reinforcements_3,reinforcements_3,nuke_2,nuke_2,8,0,0,0,0,0,6,0,29500,34000,236,1217
7068,44370,56000,13174,7,15,32,20240,117.6,12416,critical,0,0,0,22,0,5,5,0,lost-scoring,3,1,54,18,130,24668,8,750,2500,41566,13742,115518,87701,127941,100117,reinforcements_3,reinforcements_3,nuke_2,nuke_2,9,0,0,0,0,0,6,0,29500,34000,247,1203
7071,44370,56000,13171,7,16,32,20240,117.6,12416,critical,0,0,0,22,0,5,5,0,lost-scoring,4,1,72,18,185,24668,8,750,2500,41569,13742,115518,87701,127941,100117,reinforcements_3,reinforcements_3,nuke_2,nuke_2,10,0,0,0,0,0,6,0,29500,34000,256,1168
7074,44370,56000,13171,7,16,32,20240,117.6,12416,critical,0,0,0,22,0,5,5,0,lost-scoring,4,1,72,18,185,24650,8,750,2500,41569,13760,115518,87719,127944,100135,reinforcements_3,reinforcements_3,nuke_2,nuke_2,10,0,0,0,0,0,6,0,29500,34000,278,1178
7077,44370,56000,13168,7,17,33,20315,122.6,12434,critical,0,0,0,23,0,5,5,0,lost-scoring,4,2,72,36,169,24632,8,750,2500,41572,13778,115518,87719,127947,100153,reinforcements_3,reinforcements_3,nuke_2,nuke_2,11,0,0,0,0,0,6,0,29500,34000,281,1166
7080,44370,56000,13918,7,17,33,20315,122.6,12434,critical,0,0,0,23,0,5,5,0,lost-scoring,4,2,72,36,169,27132,8,750,2500,41572,13778,115518,87719,127947,100153,reinforcements_3,reinforcements_3,nuke_2,nuke_2,11,0,0,0,0,0,6,0,29500,34000,298,1133
7083,44370,56000,13915,7,18,32,20240,117.6,12416,critical,0,0,0,22,0,5,5,0,lost-scoring,5,3,90,54,169,27114,8,750,2500,41575,13796,115518,87755,127950,100171,reinforcements_3,reinforcements_3,nuke_2,nuke_2,12,0,0,0,0,0,6,0,29500,34000,303,1161
7086,44370,56000,13912,7,19,32,20240,117.6,12416,critical,0,0,0,22,0,5,5,0,lost-scoring,5,2,410,36,191,27114,8,750,2500,41578,13796,115518,87755,127950,100171,reinforcements_3,reinforcements_3,nuke_2,nuke_2,13,0,0,0,0,0,6,0,29500,34000,304,1127
7089,44370,56000,13912,7,19,33,20315,122.6,12434,critical,0,0,0,23,0,5,5,0,lost-scoring,5,2,410,36,191,27096,8,750,2500,41578,13814,115518,87755,127953,100189,reinforcements_3,reinforcements_3,nuke_2,nuke_2,13,0,0,0,0,0,6,0,29500,34000,319,1117
7092,44370,56000,15409,7,18,32,20240,117.6,12416,critical,0,0,0,22,0,5,5,0,lost-scoring,7,3,766,54,191,28578,8,750,2500,41581,13832,115524,87755,127956,100207,reinforcements_3,reinforcements_3,nuke_2,nuke_2,12,0,0,0,0,0,6,0,29500,34000,303,1145
7095,44370,56000,15409,7,18,31,20165,112.6,12398,critical,0,0,0,21,0,5,5,0,lost-scoring,7,3,766,54,191,28578,8,750,2500,41581,13832,115524,87809,127956,100207,reinforcements_3,reinforcements_3,nuke_2,nuke_2,12,0,0,0,0,0,6,0,29500,34000,324,1130
7098,44370,56000,15406,7,19,32,20240,117.6,12416,critical,0,0,0,22,0,5,5,0,lost-scoring,6,1,1068,18,165,28560,8,750,2500,41584,13850,115524,87809,127959,100225,reinforcements_3,reinforcements_3,nuke_2,nuke_2,13,0,0,0,0,0,6,0,29500,34000,326,1120
7101,44370,56000,15403,7,20,32,20240,117.6,12416,critical,0,0,0,22,0,5,5,0,lost-scoring,8,3,1424,374,165,28560,8,750,2500,41587,13850,115524,87809,127959,100225,reinforcements_3,reinforcements_3,nuke_2,nuke_2,14,0,0,0,0,0,6,0,29500,34000,325,1086
7104,44370,56000,15403,7,20,31,20165,112.6,12398,critical,0,0,0,21,0,5,5,0,lost-scoring,8,3,1424,374,165,28542,8,750,2500,41587,13868,115524,87845,127962,100243,reinforcements_3,reinforcements_3,nuke_2,nuke_2,14,0,0,0,0,0,6,0,29500,34000,346,1112
7107,44370,56000,15400,7,21,32,20240,117.6,12416,critical,0,0,0,22,0,5,5,0,lost-scoring,8,4,1744,712,144,28524,8,750,2500,41590,13886,115524,87845,127965,100261,reinforcements_3,reinforcements_3,nuke_2,nuke_2,15,0,0,0,0,0,6,0,29500,34000,290,1104
7110,44370,56000,16150,7,19,32,20240,117.6,12416,critical,0,0,0,22,0,5,5,0,lost-scoring,8,4,1744,712,144,31024,8,750,2500,41590,13886,115524,87845,127965,100261,reinforcements_3,reinforcements_3,nuke_2,nuke_2,13,0,0,0,0,0,6,0,29500,34000,282,1072
7113,44370,56000,16147,7,19,33,20315,122.6,12434,critical,0,0,0,23,0,5,5,0,lost-scoring,9,5,1762,1050,117,31006,8,750,2500,41593,13904,115533,87845,127968,100279,reinforcements_3,reinforcements_3,nuke_2,nuke_2,13,0,0,0,0,0,6,0,29500,34000,272,1063
7116,44370,56000,16144,7,20,33,20315,122.6,12434,critical,0,0,0,23,0,5,5,0,lost-scoring,10,7,1780,1406,131,31006,8,750,2500,41596,13904,115533,87845,127968,100279,reinforcements_3,reinforcements_3,nuke_2,nuke_2,14,0,0,0,0,0,6,0,29500,34000,274,1031
7119,44370,56000,16144,7,18,34,20390,127.6,12452,critical,0,0,0,24,0,5,5,0,lost-scoring,10,7,1780,1406,131,30988,8,750,2500,41596,13922,115536,87845,127971,100297,reinforcements_3,reinforcements_3,nuke_2,nuke_2,12,0,0,0,0,0,6,0,29500,34000,265,1026
7122,44370,56000,16141,7,19,35,20465,132.6,12470,critical,0,0,0,25,0,5,5,0,lost-scoring,11,8,1798,1424,152,30970,8,750,2500,41599,13940,115539,87845,127974,100315,reinforcements_3,reinforcements_3,nuke_2,nuke_2,13,0,0,0,0,0,6,0,29500,34000,267,1019
7125,44370,56000,16141,7,18,35,20465,132.6,12470,critical,0,0,0,25,0,5,5,0,lost-scoring,11,8,1798,1424,152,30970,8,750,2500,41599,13940,115542,87845,127974,100315,reinforcements_3,reinforcements_3,nuke_2,nuke_2,12,0,0,0,0,0,6,0,29500,34000,270,988
7128,44370,56000,16060,7,18,36,20540,137.6,12488,wipe,0,0,0,26,0,5,5,0,-,12,10,1816,1780,159,30952,8,750,2500,41680,13958,115545,87845,128055,100333,reinforcements_3,reinforcements_3,nuke_2,nuke_2,11,0,0,0,1,0,6,0,29500,34000,259,982
7131,44370,56000,16057,7,18,36,20540,137.6,12488,critical,0,0,0,26,0,5,5,0,cooldown,14,11,3900,1798,208,30952,8,750,2500,41683,13958,115545,87845,128055,100333,reinforcements_3,reinforcements_3,nuke_2,nuke_2,11,0,0,0,1,0,6,0,29500,34000,250,954
7134,44370,56000,16057,7,17,37,20615,142.6,12506,critical,0,0,0,27,0,5,5,0,cooldown,14,11,3900,1798,208,30934,8,750,2500,41683,13976,115551,87845,128058,100351,reinforcements_3,reinforcements_3,nuke_2,nuke_2,10,0,0,0,1,0,6,0,29500,34000,254,947
7137,44370,56000,16054,7,17,38,24045,143.3,14572,critical,0,0,0,27,0,5,6,0,cooldown,15,12,3918,1816,207,28868,8,750,2500,41686,16042,115551,87845,128061,102417,reinforcements_3,reinforcements_3,nuke_2,nuke_2,10,0,0,0,1,0,6,0,29500,34000,256,945
7140,44370,56000,16804,7,16,38,24045,143.3,14572,critical,0,0,0,27,0,5,6,0,cooldown,15,12,3918,1816,207,31368,8,750,2500,41686,16042,115557,87845,128061,102417,reinforcements_3,reinforcements_3,nuke_2,nuke_2,9,0,0,0,1,0,6,0,29500,34000,271,912
7143,44370,56000,16801,7,16,33,23670,118.3,14482,critical,0,0,0,22,0,5,6,0,cooldown,17,12,6002,1816,257,31350,8,750,2500,41689,16060,115560,87845,128064,102435,reinforcements_3,reinforcements_3,nuke_2,nuke_2,9,0,0,0,1,0,6,0,29500,34000,269,994
7146,44370,56000,16798,7,16,33,23670,118.3,14482,critical,0,0,0,22,0,5,6,0,cooldown,12,7,5912,1726,222,31350,8,750,2500,41692,16060,115560,87953,128064,102435,reinforcements_3,reinforcements_3,nuke_2,nuke_2,9,0,0,0,1,0,6,0,29500,34000,260,964
7149,44370,56000,16798,7,16,28,22230,114.0,12792,critical,0,0,0,22,0,0,6,0,cooldown,12,7,5912,1726,222,31332,8,750,2500,41692,16078,115563,89661,128067,102453,reinforcements_3,reinforcements_3,nuke_2,nuke_2,9,0,0,0,1,0,6,0,29500,34000,275,1072
7152,44370,56000,16795,7,17,29,22305,119.0,12810,critical,0,0,0,23,0,0,6,0,cooldown,8,4,6288,2120,257,31314,8,750,2500,41695,16096,115563,89661,128070,102471,reinforcements_3,reinforcements_3,nuke_2,nuke_2,10,0,0,0,1,0,6,0,29500,34000,274,1066
7155,44370,56000,16795,7,17,29,22305,119.0,12810,critical,0,0,0,23,0,0,6,0,cooldown,8,4,6288,2120,257,31314,8,750,2500,41695,16096,115563,89661,128070,102471,reinforcements_3,reinforcements_3,nuke_2,nuke_2,10,0,0,0,1,0,6,0,29500,34000,287,1031
7158,44370,56000,14729,7,10,30,22380,124.0,12828,wipe,0,0,0,24,0,0,6,0,-,9,5,6306,2138,222,31296,8,750,2500,43761,16114,115569,89661,130136,102489,reinforcements_3,reinforcements_3,nuke_2,nuke_2,8,0,0,0,1,0,1,0,29500,34000,224,1026
7161,44370,56000,14726,7,10,29,22305,119.0,12810,critical,0,0,0,23,0,0,6,0,cooldown,10,5,8372,4186,270,31296,8,750,2500,43764,16114,127968,89679,130136,102489,reinforcements_3,reinforcements_3,nuke_2,nuke_2,8,0,0,0,1,0,1,0,29500,34000,210,1011
7164,44370,56000,14726,7,10,30,22380,124.0,12828,critical,0,0,0,24,0,0,6,0,cooldown,10,5,8372,4186,270,31278,8,750,2500,43764,16132,127968,89679,130139,102507,reinforcements_3,reinforcements_3,nuke_2,nuke_2,8,0,0,0,1,0,1,0,29500,34000,228,1006
7167,44370,56000,14723,7,10,31,22455,129.0,12846,critical,0,0,0,25,0,0,6,0,cooldown,11,6,8390,4204,243,31260,8,750,2500,43767,16150,127971,89679,130142,102525,reinforcements_3,reinforcements_3,nuke_2,nuke_2,8,0,0,0,1,0,1,0,29500,34000,214,1003
7170,44370,56000,15473,7,8,31,22455,129.0,12846,critical,0,0,0,25,0,0,6,0,cooldown,11,6,8390,4204,243,33760,8,750,2500,43767,16150,127974,89679,130142,102525,reinforcements_3,reinforcements_3,nuke_2,nuke_2,7,0,0,0,0,0,1,0,29500,34000,200,971
7173,44370,56000,15470,7,9,32,22530,134.0,12864,critical,0,0,0,26,0,0,6,0,cooldown,13,8,10474,6288,293,33742,8,750,2500,43770,16168,128055,89679,130145,102543,reinforcements_3,reinforcements_3,nuke_2,nuke_2,8,0,0,0,0,0,1,0,29500,34000,204,964
7176,44370,56000,15467,7,9,32,22530,134.0,12864,critical,0,0,0,26,0,0,6,0,cooldown,14,9,10492,6306,292,33742,8,750,2500,43773,16168,128058,89679,130145,102543,reinforcements_3,reinforcements_3,nuke_2,nuke_2,8,0,0,0,0,0,1,0,29500,34000,190,930
7179,44370,56000,15467,7,8,33,22605,139.0,12882,critical,0,0,0,27,0,0,6,0,cooldown,14,9,10492,6306,292,33724,8,750,2500,43773,16186,128061,89679,130148,102561,reinforcements_3,reinforcements_3,nuke_2,nuke_2,7,0,0,0,0,0,1,0,29500,34000,195,926
7182,44370,56000,15464,7,8,34,22680,144.0,12900,critical,0,0,0,28,0,0,6,0,cooldown,15,9,10510,6306,306,33706,8,750,2500,43776,16204,128064,89679,130151,102579,reinforcements_3,reinforcements_3,nuke_2,nuke_2,7,0,0,0,0,0,1,0,29500,34000,183,924
7185,44370,56000,15464,7,8,27,15445,117.6,8678,critical,0,0,0,23,0,0,4,0,cooldown,15,9,10510,6306,306,33706,8,750,2500,43776,16204,128064,93901,130151,102579,reinforcements_3,reinforcements_3,nuke_2,nuke_2,7,0,0,0,0,0,1,0,29500,34000,202,1036
7188,44370,56000,13398,7,8,28,15520,122.6,8696,wipe,0,0,0,24,0,0,4,0,-,9,4,6306,4168,299,33688,8,750,2500,45842,16222,130130,93901,132217,102597,reinforcements_3,reinforcements_3,nuke_2,nuke_2,7,0,0,0,0,0,1,0,29500,34000,186,1032
7191,44370,56000,13395,7,7,28,15520,122.6,8696,critical,0,0,0,24,0,0,4,0,cooldown,10,5,6324,4186,312,33688,8,750,2500,45845,16222,130136,93901,132217,102597,reinforcements_3,reinforcements_3,nuke_2,nuke_2,6,0,0,0,0,0,1,0,29500,34000,150,996
7194,44370,56000,13395,7,7,29,15595,127.6,8714,critical,0,0,0,25,0,0,4,0,cooldown,10,5,6324,4186,312,33670,8,750,2500,45845,16240,130136,93901,132220,102615,reinforcements_3,reinforcements_3,nuke_2,nuke_2,6,0,0,0,0,0,1,0,29500,34000,172,990
7197,44370,56000,13392,7,7,30,15670,132.6,8732,critical,0,0,0,26,0,0,4,0,cooldown,11,6,6342,4204,354,33652,8,750,2500,45848,16258,130139,93901,132223,102633,reinforcements_3,reinforcements_3,nuke_2,nuke_2,6,0,0,0,0,0,1,0,29500,34000,159,986
7200,44370,56000,14142,7,6,30,15670,132.6,8732,critical,0,0,0,26,0,0,4,0,cooldown,11,6,6342,4204,354,36152,8,750,2500,45848,16258,130142,93901,132223,102633,reinforcements_3,reinforcements_3,nuke_2,nuke_2,5,0,0,0,0,0,1,0,29500,34000,163,950
7203,44370,56000,14139,7,6,31,15745,137.6,8750,critical,0,0,0,27,0,0,4,0,cooldown,12,6,6360,4204,369,36134,8,750,2500,45851,16276,130145,93901,132226,102651,reinforcements_3,reinforcements_3,nuke_2,nuke_2,5,0,0,0,0,0,1,0,29500,34000,151,946
7206,44370,56000,14136,7,6,26,8660,121.3,4564,critical,0,0,0,24,0,0,2,0,cooldown,8,3,2192,2102,383,36134,8,750,2500,45854,16276,130148,93901,132226,102651,reinforcements_3,reinforcements_3,nuke_2,nuke_2,5,0,0,0,0,0,1,0,29500,34000,136,1036
7209,44370,56000,14136,7,6,27,8735,126.3,4582,critical,0,0,0,25,0,0,2,0,cooldown,8,3,2192,2102,383,36116,8,750,2500,45854,16294,130148,98087,132229,102669,reinforcements_3,reinforcements_3,nuke_2,nuke_2,5,0,0,0,0,0,1,0,29500,34000,151,1031
7212,44370,56000,14133,7,6,28,8810,131.3,4600,critical,0,0,0,26,0,0,2,0,cooldown,9,4,2210,2120,383,36098,8,750,2500,45857,16312,130148,98087,132232,102687,reinforcements_3,reinforcements_3,nuke_2,nuke_2,5,0,0,0,0,0,1,0,29500,34000,136,1027
7215,44370,56000,14133,7,5,28,8810,131.3,4600,critical,0,0,0,26,0,0,2,0,cooldown,9,4,2210,2120,383,36098,8,750,2500,45857,16312,132217,98087,132232,102687,reinforcements_3,reinforcements_3,nuke_2,nuke_2,5,0,0,0,0,0,0,0,29500,34000,148,991
7218,44370,56000,12067,7,5,29,8885,136.3,4618,wipe,0,0,0,27,0,0,2,0,-,10,5,2228,2138,397,36080,8,750,2500,47923,16330,132217,98087,134298,102705,reinforcements_3,reinforcements_3,nuke_2,nuke_2,4,0,0,0,0,0,1,0,29500,34000,125,989
7221,44370,56000,12064,7,5,29,8885,136.3,4618,critical,0,0,0,27,0,0,2,0,cooldown,11,6,2246,2156,423,36080,8,750,2500,47926,16330,132223,98087,134298,102705,reinforcements_3,reinforcements_3,nuke_2,nuke_2,4,0,0,0,0,0,1,0,29500,34000,113,952
7224,44370,56000,12064,7,4,30,8960,141.3,4636,critical,0,0,0,28,0,0,2,0,cooldown,11,6,2246,2156,423,36062,8,750,2500,47926,16348,132226,98087,134301,102723,reinforcements_3,reinforcements_3,nuke_2,nuke_2,3,0,0,0,0,0,1,0,29500,34000,117,948
7227,44370,56000,12061,7,4,31,9035,146.3,4654,critical,0,0,0,29,0,0,2,0,cooldown,12,6,2264,2156,439,36044,8,750,2500,47929,16366,132229,98087,134304,102741,reinforcements_3,reinforcements_3,nuke_2,nuke_2,3,0,0,0,0,0,1,0,29500,34000,105,944
7230,44370,56000,12811,7,3,26,5305,125.7,2516,critical,0,0,0,25,0,0,1,0,cooldown,12,6,2264,2156,439,38544,8,750,2500,47929,16366,132232,100225,134304,102741,reinforcements_3,reinforcements_3,nuke_2,nuke_2,2,0,0,0,0,0,1,0,29500,34000,105,1046
7233,44370,56000,12811,7,3,27,5380,130.7,2534,outmatched,0,0,0,26,0,0,1,0,cooldown,7,1,126,18,377,38526,8,750,2500,47929,16384,132232,100225,134304,102759,reinforcements_3,reinforcements_3,nuke_2,nuke_2,2,0,0,0,0,0,1,0,29500,34000,119,1041
7236,44370,56000,12811,7,3,27,5380,130.7,2534,outmatched,0,0,0,26,0,0,1,0,cooldown,8,2,144,36,442,38526,8,750,2500,47929,16384,132232,100225,134304,102759,reinforcements_3,reinforcements_3,nuke_2,nuke_2,2,0,0,0,0,0,1,0,29500,34000,133,1004
7239,44370,56000,12811,7,3,28,5455,135.7,2552,outmatched,0,0,0,27,0,0,1,0,cooldown,8,2,144,36,442,38508,8,750,2500,47929,16402,132232,100225,134304,102777,reinforcements_3,reinforcements_3,nuke_2,nuke_2,2,0,0,0,0,0,1,0,29500,34000,146,1001
7242,44370,56000,12811,7,2,29,5530,140.7,2570,outmatched,0,0,0,28,0,0,1,0,cooldown,9,3,162,54,442,38490,8,750,2500,47929,16420,132235,100225,134304,102795,reinforcements_3,reinforcements_3,nuke_2,nuke_2,1,0,0,0,0,0,1,0,29500,34000,142,997
7245,44370,56000,12811,7,1,29,5530,140.7,2570,outmatched,0,0,0,28,0,0,1,0,cooldown,9,3,162,54,442,38490,8,750,2500,47929,16420,132235,100225,134304,102795,reinforcements_3,reinforcements_3,nuke_2,nuke_2,0,0,0,0,0,0,1,0,29500,34000,123,963
7248,44370,56000,12730,7,2,30,5605,145.7,2588,wipe,0,0,0,29,0,0,1,0,-,10,5,180,90,442,38472,8,750,2500,48010,16438,132238,100225,134385,102813,reinforcements_3,reinforcements_3,nuke_2,nuke_2,0,0,0,0,1,0,1,0,29500,34000,84,961
7251,44370,56000,12730,7,2,30,5605,145.7,2588,outmatched,0,0,0,29,0,0,1,0,cooldown,11,6,198,108,442,38472,8,750,2500,48010,16438,132238,100225,134385,102813,reinforcements_3,reinforcements_3,nuke_2,nuke_2,0,0,0,0,1,0,1,0,29500,34000,99,928
7254,44370,56000,12730,7,2,31,5680,150.7,2606,outmatched,0,0,0,30,0,0,1,0,cooldown,11,6,198,108,442,38454,8,750,2500,48010,16456,132238,100225,134385,102831,reinforcements_3,reinforcements_3,nuke_2,nuke_2,0,0,0,0,1,0,1,0,29500,34000,114,927
7257,44370,56000,12730,7,2,32,5755,155.7,2624,outmatched,0,0,0,31,0,0,1,0,cooldown,13,7,2282,126,477,38436,8,750,2500,48010,16474,132238,100225,134385,102849,reinforcements_3,reinforcements_3,nuke_2,nuke_2,0,0,0,0,1,0,1,0,29500,34000,129,926
7260,44370,56000,13480,7,2,26,5305,125.7,2516,outmatched,0,0,0,25,0,0,1,0,cooldown,13,7,2282,126,477,40936,8,750,2500,48010,16474,132238,100225,134385,102849,reinforcements_3,reinforcements_3,nuke_2,nuke_2,0,0,0,0,1,0,1,0,29500,34000,130,1050
7263,44370,56000,13480,7,2,27,5380,130.7,2534,outmatched,0,0,0,26,0,0,1,0,cooldown,8,1,2192,18,442,40918,8,750,2500,48010,16492,132238,100333,134385,102867,reinforcements_3,reinforcements_3,nuke_2,nuke_2,0,0,0,0,1,0,1,0,29500,34000,130,1045
7266,44370,56000,13480,7,2,27,5380,130.7,2534,outmatched,0,0,0,26,0,0,1,0,cooldown,9,1,2210,18,442,40918,8,750,2500,48010,16492,132238,100333,134385,102867,reinforcements_3,reinforcements_3,nuke_2,nuke_2,0,0,0,0,1,0,1,0,29500,34000,130,1007
7269,44370,56000,13480,7,2,28,5455,135.7,2552,outmatched,0,0,0,27,0,0,1,0,cooldown,9,1,2210,18,442,40900,8,750,2500,48010,16510,132238,100333,134385,102885,reinforcements_3,reinforcements_3,nuke_2,nuke_2,0,0,0,0,1,0,1,0,29500,34000,130,1002
7272,44370,56000,13480,7,2,29,5530,140.7,2570,outmatched,0,0,0,28,0,0,1,0,cooldown,10,2,2228,36,442,40882,8,750,2500,48010,16528,132238,100333,134385,102903,reinforcements_3,reinforcements_3,nuke_2,nuke_2,0,0,0,0,1,0,1,0,29500,34000,130,997
7275,44370,56000,13480,7,2,27,5380,130.7,2534,outmatched,0,0,0,26,0,0,1,0,cooldown,10,2,2228,36,442,40882,8,750,2500,48010,16528,132238,100333,134385,102903,reinforcements_3,reinforcements_3,nuke_2,nuke_2,0,0,0,0,1,0,1,0,29500,34000,130,1016
7278,44370,56000,13480,7,2,28,5455,135.7,2552,outmatched,0,0,0,27,0,0,1,0,lost-scoring,9,1,2210,18,442,40864,8,750,2500,48010,16546,132238,100369,134385,102921,reinforcements_3,reinforcements_3,nuke_2,nuke_2,0,0,0,0,1,0,1,0,29500,34000,130,1011
7281,44370,56000,13480,7,2,28,5455,135.7,2552,outmatched,0,0,0,27,0,0,1,0,lost-scoring,10,2,2228,36,442,40864,8,750,2500,48010,16546,132238,100369,134385,102921,reinforcements_3,reinforcements_3,nuke_2,nuke_2,0,0,0,0,1,0,1,0,29500,34000,130,974
7284,44370,56000,13480,7,2,29,5530,140.7,2570,outmatched,0,0,0,28,0,0,1,0,lost-scoring,10,2,2228,36,442,40846,8,750,2500,48010,16564,132238,100369,134385,102939,reinforcements_3,reinforcements_3,nuke_2,nuke_2,0,0,0,0,1,0,1,0,29500,34000,130,970
7287,44370,56000,13480,7,2,30,5605,145.7,2588,outmatched,0,0,0,29,0,0,1,0,lost-scoring,11,3,2246,54,442,40828,8,750,2500,48010,16582,132238,100369,134385,102957,reinforcements_3,reinforcements_3,nuke_2,nuke_2,0,0,0,0,1,0,1,0,29500,34000,130,967
7290,44370,56000,14230,7,2,30,5605,145.7,2588,outmatched,0,0,0,29,0,0,1,0,lost-scoring,11,3,2246,54,442,43328,8,750,2500,48010,16582,132238,100369,134385,102957,reinforcements_3,reinforcements_3,nuke_2,nuke_2,0,0,0,0,1,0,1,0,29500,34000,135,932
7293,44370,56000,14149,7,3,27,5380,130.7,2534,wipe,0,0,0,26,0,0,1,0,-,12,5,2264,90,442,43310,8,750,2500,48091,16600,132238,100441,134466,102975,reinforcements_3,reinforcements_3,nuke_2,nuke_2,0,0,0,0,2,0,1,0,29500,34000,112,1034
7296,44370,56000,14149,7,3,27,5380,130.7,2534,outmatched,0,0,0,26,0,0,1,0,cooldown,9,3,2210,2102,429,43310,8,750,2500,48091,16600,132238,100441,134466,102975,reinforcements_3,reinforcements_3,nuke_2,nuke_2,0,0,0,0,2,0,1,0,29500,34000,129,997
7299,44370,56000,14149,7,3,28,5455,135.7,2552,outmatched,0,0,0,27,0,0,1,0,cooldown,9,3,2210,2102,429,43292,8,750,2500,48091,16618,132238,100441,134466,102993,reinforcements_3,reinforcements_3,nuke_2,nuke_2,0,0,0,0,2,0,1,0,29500,34000,139,992
7302,44370,56000,14149,7,3,29,5530,140.7,2570,outmatched,0,0,0,28,0,0,1,0,cooldown,10,4,2228,2120,429,43274,8,750,2500,48091,16636,132238,100441,134466,103011,reinforcements_3,reinforcements_3,nuke_2,nuke_2,0,0,0,0,2,0,1,0,29500,34000,149,988
7305,44370,56000,14149,7,1,27,5380,130.7,2534,outmatched,0,0,0,26,0,0,1,0,cooldown,10,4,2228,2120,429,43274,8,750,2500,48091,16636,134385,100441,134466,103011,reinforcements_3,reinforcements_3,nuke_2,nuke_2,0,0,0,0,1,0,0,0,29500,34000,155,1006
7308,44370,56000,14149,7,1,28,5668,131.5,2872,outmatched,0,0,0,26,0,1,1,0,cooldown,9,3,2210,2102,435,42936,8,750,2500,48091,16974,134385,100477,134466,103349,reinforcements_3,reinforcements_3,nuke_2,nuke_2,0,0,0,0,1,0,0,0,29500,34000,144,1002
7311,44370,56000,14149,7,1,28,5668,131.5,2872,outmatched,0,0,0,26,0,1,1,0,cooldown,10,4,2228,2120,446,42936,8,750,2500,48091,16974,134385,100477,134466,103349,reinforcements_3,reinforcements_3,nuke_2,nuke_2,0,0,0,0,1,0,0,0,29500,34000,144,966
7314,44370,56000,14149,7,1,29,5956,132.4,3210,outmatched,0,0,0,26,0,2,1,0,cooldown,10,4,2228,2120,446,42598,8,750,2500,48091,17312,134385,100477,134466,103687,reinforcements_3,reinforcements_3,nuke_2,nuke_2,0,0,0,0,1,0,0,0,29500,34000,144,965
7317,44370,56000,12709,7,2,30,9386,133.0,5276,outmatched,0,0,0,26,0,2,2,0,cooldown,11,5,2246,2138,446,41158,8,750,2500,48091,17312,134385,100477,134466,103687,reinforcements_3,reinforcements_3,nuke_2,nuke_2,0,0,0,0,1,0,1,0,29500,34000,77,963
7320,44370,56000,13459,7,2,31,9674,133.9,5614,outmatched,0,0,0,26,0,3,2,0,cooldown,11,5,2246,2138,446,43320,8,750,2500,48091,17650,134385,100477,136532,106091,reinforcements_3,reinforcements_3,nuke_2,nuke_2,0,0,0,0,1,0,1,0,29500,34000,92,961
7323,44370,56000,11393,7,3,32,9749,138.9,5632,wipe,0,0,0,27,0,3,2,0,-,12,6,2264,2156,446,43302,8,750,2500,50157,17668,134385,100477,138598,106109,reinforcements_3,reinforcements_3,nuke_2,nuke_2,0,0,0,0,1,0,2,0,29500,34000,78,960
7326,44370,56000,11390,7,4,32,9749,138.9,5632,critical,0,0,0,27,0,3,2,0,cooldown,13,7,2282,2174,446,43302,8,750,2500,50160,17668,134385,100477,138598,106109,reinforcements_3,reinforcements_3,nuke_2,nuke_2,1,0,0,0,1,0,2,0,29500,34000,86,929
7329,44370,56000,11390,7,5,28,9449,118.9,5560,critical,0,0,0,23,0,3,2,0,cooldown,13,7,2282,2174,446,43284,8,750,2500,50160,17686,134385,100477,140667,108193,reinforcements_3,reinforcements_3,nuke_2,nuke_2,1,0,0,0,1,0,3,0,29500,34000,89,1114
7332,44370,56000,11087,7,6,29,9524,123.9,5578,block,0,0,0,24,0,3,2,0,cooldown,8,1,144,18,442,43266,8,750,2500,50163,17704,134385,102633,140667,108211,reinforcements_3,reinforcements_3,nuke_2,nuke_2,2,0,0,0,1,0,3,0,29500,34000,98,1106
7335,44370,56000,11087,7,6,28,9449,118.9,5560,block,0,0,0,23,0,3,2,0,cooldown,8,1,144,18,442,43266,8,750,2500,50163,17704,134385,102633,140670,108211,reinforcements_3,reinforcements_3,nuke_2,nuke_2,2,0,0,0,1,0,3,0,29500,34000,112,1101
7338,44370,56000,11084,7,8,30,12954,124.6,7644,critical,0,0,0,24,0,3,3,0,cooldown,8,2,144,36,436,43248,8,750,2500,50166,17722,134385,102651,142739,110295,reinforcements_3,reinforcements_3,nuke_2,nuke_2,3,0,0,0,1,0,4,0,29500,34000,104,1119
7341,44370,56000,11081,7,9,28,12804,114.6,7608,critical,0,0,0,22,0,3,3,0,cooldown,7,1,126,18,390,43248,8,750,2500,50169,17722,134385,102669,142739,110295,reinforcements_3,reinforcements_3,nuke_2,nuke_2,4,0,0,0,1,0,4,0,29500,34000,111,1146
7344,44370,56000,11081,7,9,29,12879,119.6,7626,critical,0,0,0,23,0,3,3,0,cooldown,7,1,126,18,390,43230,8,750,2500,50169,17740,134385,102687,142742,110313,reinforcements_3,reinforcements_3,nuke_2,nuke_2,4,0,0,0,1,0,4,0,29500,34000,132,1136
7347,44370,56000,11078,7,11,31,16384,125.2,9710,critical,0,0,0,24,0,3,4,0,cooldown,8,2,144,36,416,43212,8,750,2500,50172,17758,134385,102687,142745,110331,reinforcements_3,reinforcements_3,nuke_2,nuke_2,5,0,0,0,1,0,5,0,29500,34000,125,1151
7350,44370,56000,11828,7,11,31,16384,125.2,9710,critical,0,0,0,24,0,3,4,0,cooldown,8,2,144,36,416,45712,8,750,2500,50172,17758,134385,102687,144811,112397,reinforcements_3,reinforcements_3,nuke_2,nuke_2,5,0,0,0,1,0,5,0,29500,34000,138,1117
7353,44370,56000,11825,7,11,31,16384,125.2,9710,critical,0,0,0,24,0,3,4,0,lost-scoring,9,3,162,54,416,45694,8,750,2500,50175,17776,134388,102705,144814,112415,reinforcements_3,reinforcements_3,nuke_2,nuke_2,5,0,0,0,1,0,5,0,29500,34000,137,1136
7356,44370,56000,11822,7,11,31,16384,125.2,9710,critical,0,0,0,24,0,3,4,0,lost-scoring,9,3,162,54,416,45694,8,750,2500,50178,17776,134388,102705,144814,112415,reinforcements_3,reinforcements_3,nuke_2,nuke_2,5,0,0,0,1,0,5,0,29500,34000,134,1102
7359,44370,56000,11822,7,11,33,19889,130.9,11794,critical,0,0,0,25,0,3,5,0,lost-scoring,9,3,162,54,416,45676,8,750,2500,50178,17794,134391,102705,146883,114499,reinforcements_3,reinforcements_3,nuke_2,nuke_2,4,0,0,0,1,0,6,0,29500,34000,130,1117
7362,44370,56000,11819,7,12,31,19739,120.9,11758,critical,0,0,0,23,0,3,5,0,lost-scoring,10,4,180,72,416,45658,8,750,2500,50181,17812,134394,102705,146886,114517,reinforcements_3,reinforcements_3,nuke_2,nuke_2,5,0,0,0,1,0,6,0,29500,34000,135,1191
7365,44370,56000,11819,7,11,31,19739,120.9,11758,critical,0,0,0,23,0,3,5,0,lost-scoring,10,4,180,72,416,45658,8,750,2500,50181,17812,134397,102759,146886,114517,reinforcements_3,reinforcements_3,nuke_2,nuke_2,4,0,0,0,1,0,6,0,29500,34000,145,1155
7368,44370,56000,11816,7,12,31,19739,120.9,11758,critical,0,0,0,23,0,3,5,0,lost-scoring,8,2,144,36,416,45640,8,750,2500,50184,17830,134397,102759,146889,114535,reinforcements_3,reinforcements_3,nuke_2,nuke_2,5,0,0,0,1,0,6,0,29500,34000,147,1173
7371,44370,56000,11813,7,13,31,19739,120.9,11758,critical,0,0,0,23,0,3,5,0,lost-scoring,8,2,144,36,406,45640,8,750,2500,50187,17830,134397,102777,146889,114535,reinforcements_3,reinforcements_3,nuke_2,nuke_2,6,0,0,0,1,0,6,0,29500,34000,148,1138
7374,44370,56000,11813,7,12,31,19739,120.9,11758,critical,0,0,0,23,0,3,5,0,lost-scoring,8,2,144,36,406,45622,8,750,2500,50187,17848,134397,102795,146892,114553,reinforcements_3,reinforcements_3,nuke_2,nuke_2,5,0,0,0,1,0,6,0,29500,34000,153,1156
7377,44370,56000,11810,7,13,31,19739,120.9,11758,critical,0,0,0,23,0,3,5,0,lost-scoring,7,1,126,18,390,45604,8,750,2500,50190,17866,134400,102813,146895,114571,reinforcements_3,reinforcements_3,nuke_2,nuke_2,6,0,0,0,1,0,6,0,29500,34000,160,1174
7380,42870,56000,12560,7,12,12,10815,37.0,10456,critical,0,0,0,7,0,0,5,0,lost-scoring,7,1,126,18,390,48104,8,750,2500,50190,17866,134403,102813,146895,114571,reinforcements_3,reinforcements_3,nuke_2,nuke_2,5,0,0,0,1,0,6,0,28000,34000,169,1578
7383,42870,56000,12560,7,12,13,10890,42.0,10474,wait,0,0,0,8,0,0,5,0,out-of-radius,0,0,0,0,0,47786,8,750,2500,50190,17884,134403,104115,146895,114589,reinforcements_3,reinforcements_3,nuke_2,nuke_2,5,0,0,0,1,0,6,0,28000,34000,192,1574
7386,42870,56000,12560,7,12,13,10890,42.0,10474,wait,0,0,0,8,0,0,5,0,out-of-radius,0,0,0,0,0,47786,8,750,2500,50190,17884,134403,104115,146895,114589,reinforcements_3,reinforcements_3,nuke_2,nuke_2,5,0,0,0,1,0,6,0,28000,34000,216,1543
7389,42870,56000,12560,7,12,14,10965,47.0,10492,wait,0,0,0,9,0,0,5,0,out-of-radius,0,0,0,0,0,47768,8,750,2500,50190,17902,134403,104115,146895,114607,reinforcements_3,reinforcements_3,nuke_2,nuke_2,5,0,0,0,1,0,6,0,28000,34000,240,1537
7392,42870,56000,12560,7,12,15,11040,52.0,10510,wait,0,0,0,10,0,0,5,0,out-of-radius,0,0,0,0,0,47750,8,750,2500,50190,17920,134403,104115,146895,114625,reinforcements_3,reinforcements_3,nuke_2,nuke_2,5,0,0,0,1,0,6,0,28000,34000,264,1531
7395,42870,56000,12560,7,12,15,11040,52.0,10510,wait,0,0,0,10,0,0,5,0,out-of-radius,0,0,0,0,0,47750,8,750,2500,50190,17920,134403,104115,146895,114625,reinforcements_3,reinforcements_3,nuke_2,nuke_2,5,0,0,0,1,0,6,0,28000,34000,287,1499
7398,42870,56000,12560,7,12,16,11115,57.0,10528,wait,0,0,0,11,0,0,5,0,out-of-radius,0,0,0,0,0,47732,8,750,2500,50190,17938,134403,104115,146895,114643,reinforcements_3,reinforcements_3,nuke_2,nuke_2,5,0,0,0,1,0,6,0,28000,34000,311,1492
7401,42870,56000,12560,7,12,16,11115,57.0,10528,wait,0,0,0,11,0,0,5,0,out-of-radius,0,0,0,0,0,47732,8,750,2500,50190,17938,134403,104115,146895,114643,reinforcements_3,reinforcements_3,nuke_2,nuke_2,5,0,0,0,1,0,6,0,28000,34000,337,1460
7404,42870,56000,12560,7,12,17,11190,62.0,10546,wait,0,0,0,12,0,0,5,0,out-of-radius,0,0,0,0,0,47714,8,750,2500,50190,17956,134403,104115,146895,114661,reinforcements_3,reinforcements_3,nuke_2,nuke_2,5,0,0,0,1,0,6,0,28000,34000,363,1453
7407,42870,56000,12560,7,12,18,11265,67.0,10564,wait,0,0,0,13,0,0,5,0,out-of-radius,0,0,0,0,0,47696,8,750,2500,50190,17974,134403,104115,146895,114679,reinforcements_3,reinforcements_3,nuke_2,nuke_2,5,0,0,0,1,0,6,0,28000,34000,389,1446
7410,42870,56000,13310,7,12,18,18125,68.3,10564,wait,0,0,0,13,0,0,5,0,out-of-radius,0,0,0,0,0,50196,8,750,2500,50190,17974,134403,104115,146895,114679,reinforcements_3,reinforcements_3,nuke_2,nuke_2,5,0,0,0,1,0,6,0,28000,34000,415,1412
7413,42870,56000,13307,7,13,19,18200,73.3,10582,critical,0,0,0,14,0,0,5,0,out-of-radius,0,0,0,0,0,50178,8,750,2500,50193,17992,134403,104115,146898,114697,reinforcements_3,reinforcements_3,nuke_2,nuke_2,6,0,0,0,1,0,6,0,28000,34000,413,1402
7416,42870,56000,13304,7,14,19,18200,73.3,10582,critical,0,0,0,14,0,0,5,0,out-of-radius,0,0,0,0,0,50178,8,750,2500,50196,17992,134403,104115,146898,114697,reinforcements_3,reinforcements_3,nuke_2,nuke_2,7,0,0,0,1,0,6,0,28000,34000,411,1365
7419,42870,56000,13304,7,14,20,18275,78.3,10600,critical,0,0,0,15,0,0,5,0,out-of-radius,0,0,0,0,0,50160,8,750,2500,50196,18010,134403,104115,146901,114715,reinforcements_3,reinforcements_3,nuke_2,nuke_2,7,0,0,0,1,0,6,0,28000,34000,436,1355
7422,42870,56000,13301,7,15,21,18350,83.3,10618,critical,0,0,0,16,0,0,5,0,out-of-radius,0,0,0,0,0,50142,8,750,2500,50199,18028,134403,104115,146904,114733,reinforcements_3,reinforcements_3,nuke_2,nuke_2,8,0,0,0,1,0,6,0,28000,34000,435,1345
7425,42870,56000,13301,7,15,21,18350,83.3,10618,critical,0,0,0,16,0,0,5,0,out-of-radius,0,0,0,0,0,50142,8,750,2500,50199,18028,134403,104115,146904,114733,reinforcements_3,reinforcements_3,nuke_2,nuke_2,8,0,0,0,1,0,6,0,28000,34000,460,1308
7428,42870,56000,13298,7,16,22,18425,88.3,10636,critical,0,0,0,17,0,0,5,0,out-of-radius,0,0,0,0,0,50124,8,750,2500,50202,18046,134403,104115,146907,114751,reinforcements_3,reinforcements_3,nuke_2,nuke_2,9,0,0,0,1,0,6,0,28000,34000,459,1299
7431,41370,56000,13298,7,7,13,750,50.0,6378,watch,0,0,0,10,0,0,3,0,out-of-radius,0,0,0,0,0,50124,8,750,2500,50202,18046,134508,108373,146907,114751,reinforcements_3,reinforcements_3,nuke_2,nuke_2,1,0,0,0,0,0,6,0,26500,34000,571,1440
7434,41370,56000,13298,7,7,14,4180,50.7,8444,watch,0,0,0,10,0,0,4,0,out-of-radius,0,0,0,0,0,48058,8,750,2500,50202,20112,134508,108373,146907,116817,reinforcements_3,reinforcements_3,nuke_2,nuke_2,1,0,0,0,0,0,6,0,26500,34000,574,1443
7437,41370,56000,13295,7,8,15,4255,55.7,8462,block,0,0,0,11,0,0,4,0,out-of-radius,0,0,0,0,0,48040,8,750,2500,50205,20130,134508,108373,146910,116835,reinforcements_3,reinforcements_3,nuke_2,nuke_2,2,0,0,0,0,0,6,0,26500,34000,512,1444
7440,41370,56000,14045,7,8,15,4255,55.7,8462,block,0,0,0,11,0,0,4,0,out-of-radius,0,0,0,0,0,50540,8,750,2500,50205,20130,134508,108373,146910,116835,reinforcements_3,reinforcements_3,nuke_2,nuke_2,2,0,0,0,0,0,6,0,26500,34000,518,1414
7443,41370,56000,14042,7,9,16,4330,60.7,8480,block,0,0,0,12,0,0,4,0,out-of-radius,0,0,0,0,0,50522,8,750,2500,50208,20148,134508,108373,146913,116853,reinforcements_3,reinforcements_3,nuke_2,nuke_2,3,0,0,0,0,0,6,0,26500,34000,472,1414
7446,41370,56000,14042,7,9,16,4330,60.7,8480,wait,0,0,0,12,0,0,4,0,out-of-radius,0,0,0,0,0,50522,8,750,2500,50208,20148,134508,108373,146913,116853,reinforcements_3,reinforcements_3,nuke_2,nuke_2,3,0,0,0,0,0,6,0,26500,34000,479,1383
7449,41370,56000,14042,7,9,17,4405,65.7,8498,wait,0,0,0,13,0,0,4,0,out-of-radius,0,0,0,0,0,50504,8,750,2500,50208,20166,134508,108373,146913,116871,reinforcements_3,reinforcements_3,nuke_2,nuke_2,3,0,0,0,0,0,6,0,26500,34000,486,1381
7452,41370,56000,14042,7,9,18,4480,70.7,8516,wait,0,0,0,14,0,0,4,0,out-of-radius,0,0,0,0,0,50486,8,750,2500,50208,20184,134508,108373,146913,116889,reinforcements_3,reinforcements_3,nuke_2,nuke_2,3,0,0,0,0,0,6,0,26500,34000,493,1380
7455,41370,56000,14042,7,9,18,4480,70.7,8516,wait,0,0,0,14,0,0,4,0,out-of-radius,0,0,0,0,0,50486,8,750,2500,50208,20184,134508,108373,146913,116889,reinforcements_3,reinforcements_3,nuke_2,nuke_2,3,0,0,0,0,0,6,0,26500,34000,500,1348
7458,41370,56000,14042,7,9,19,4555,75.7,8534,wait,0,0,0,15,0,0,4,0,out-of-radius,0,0,0,0,0,50468,8,750,2500,50208,20202,134508,108373,146913,116907,reinforcements_3,reinforcements_3,nuke_2,nuke_2,3,0,0,0,0,0,6,0,26500,34000,507,1345
7461,41370,56000,14039,7,10,19,14845,77.6,8534,critical,0,0,0,15,0,0,4,0,out-of-radius,0,0,0,0,0,50468,8,750,2500,50211,20202,134508,108373,146913,116907,reinforcements_3,reinforcements_3,nuke_2,nuke_2,4,0,0,0,0,0,6,0,26500,34000,479,1310
7464,41370,56000,14039,7,10,20,14920,82.6,8552,critical,0,0,0,16,0,0,4,0,out-of-radius,0,0,0,0,0,50450,8,750,2500,50211,20220,134508,108373,146916,116925,reinforcements_3,reinforcements_3,nuke_2,nuke_2,4,0,0,0,0,0,6,0,26500,34000,506,1302
7467,41370,56000,14036,7,11,20,14920,82.6,8552,critical,0,0,0,16,0,0,4,0,out-of-radius,0,0,0,0,0,50432,8,750,2500,50214,20238,134508,108373,146919,116943,reinforcements_3,reinforcements_3,nuke_2,nuke_2,5,0,0,0,0,0,6,0,26500,34000,483,1319
7470,41370,56000,14786,7,11,20,14920,82.6,8552,critical,0,0,0,16,0,0,4,0,out-of-radius,0,0,0,0,0,52932,8,750,2500,50214,20238,134508,108391,146919,116943,reinforcements_3,reinforcements_3,nuke_2,nuke_2,5,0,0,0,0,0,6,0,26500,34000,499,1283
7473,41370,56000,14783,7,12,20,14920,82.6,8552,critical,0,0,0,16,0,0,4,0,out-of-radius,0,0,0,0,0,52762,8,750,2500,50217,20238,134508,108391,146922,116943,reinforcements_3,reinforcements_3,nuke_2,nuke_2,6,0,0,0,0,0,6,0,44073,45000,472,1248
7476,41370,56000,14780,7,7,20,14920,82.6,8552,critical,0,0,0,16,0,0,4,0,out-of-radius,0,0,0,0,0,52762,8,750,2500,50220,20238,134508,108391,146922,116943,reinforcements_3,reinforcements_3,nuke_2,nuke_2,7,0,0,0,0,0,0,0,44073,45000,205,1215
7479,41370,56000,14780,7,7,21,14995,87.6,8570,critical,0,0,0,17,0,0,4,0,out-of-radius,0,0,0,0,0,52744,8,750,2500,50220,20256,146904,108391,146925,116961,reinforcements_3,reinforcements_3,nuke_2,nuke_2,7,0,0,0,0,0,0,0,44073,45000,226,1211
7482,41370,56000,14777,7,8,22,15070,92.6,8588,critical,0,0,0,18,0,0,4,0,out-of-radius,0,0,0,0,0,52726,8,750,2500,50223,20274,146904,108391,146928,116979,reinforcements_3,reinforcements_3,nuke_2,nuke_2,8,0,0,0,0,0,0,0,44073,45000,223,1206
7485,41370,56000,14777,7,8,22,15070,92.6,8588,critical,0,0,0,18,0,0,4,0,out-of-radius,0,0,0,0,0,52726,8,750,2500,50223,20274,146904,108391,146928,116979,reinforcements_3,reinforcements_3,nuke_2,nuke_2,8,0,0,0,0,0,0,0,44073,45000,244,1168
7488,41370,56000,14774,7,9,23,15145,97.6,8606,critical,0,0,0,19,0,0,4,0,out-of-radius,0,0,0,0,0,52708,8,750,2500,50226,20292,146904,108391,146931,116997,reinforcements_3,reinforcements_3,nuke_2,nuke_2,9,0,0,0,0,0,0,0,44073,45000,243,1163
7491,41370,56000,12708,7,10,23,15145,97.6,8606,wipe,0,0,0,19,0,0,4,0,-,4,4,2120,2120,48,52708,8,750,2500,52292,20292,146904,108391,146931,116997,reinforcements_3,reinforcements_3,nuke_2,nuke_2,9,0,0,0,0,0,1,0,44073,45000,238,1126
7494,41370,56000,12708,7,10,24,15220,102.6,8624,wipe,0,0,0,20,0,0,4,0,-,4,4,2120,2120,48,52690,8,750,2500,52292,20310,146904,108391,148997,117015,reinforcements_3,reinforcements_3,nuke_2,nuke_2,9,0,0,0,0,0,1,0,44073,45000,259,1121
7497,41370,56000,4905,7,10,24,15220,102.6,8624,critical,0,0,0,20,0,0,4,0,cooldown,5,5,2138,2138,82,44890,8,750,2500,52295,20310,146904,108391,148997,117015,reinforcements_3,reinforcements_3,nuke_2,nuke_2,9,0,0,0,0,0,1,0,44073,45000,232,1085
7500,41370,56000,5655,7,10,25,15295,107.6,8642,critical,0,0,0,21,0,0,4,0,cooldown,5,5,2138,2138,82,47372,8,750,2500,52295,20328,146907,108391,149000,117033,reinforcements_3,reinforcements_3,nuke_2,nuke_2,9,0,0,0,0,0,1,0,44073,45000,254,1080
7503,41370,56000,5652,7,10,26,15370,112.6,8660,critical,0,0,0,22,0,0,4,0,cooldown,7,5,4222,2138,129,47354,8,750,2500,52298,20346,146910,108391,149003,117051,reinforcements_3,reinforcements_3,nuke_2,nuke_2,9,0,0,0,0,0,1,0,44073,45000,230,1077
7506,41370,56000,5649,7,10,26,15370,112.6,8660,critical,0,0,0,22,0,0,4,0,cooldown,8,6,4240,2156,164,47354,8,750,2500,52301,20346,146913,108391,149003,117051,reinforcements_3,reinforcements_3,nuke_2,nuke_2,9,0,0,0,0,0,1,0,44073,45000,206,1041
7509,41370,56000,5649,7,10,27,15445,117.6,8678,critical,0,0,0,23,0,0,4,0,cooldown,8,6,4240,2156,164,47336,8,750,2500,52301,20364,146913,108391,149006,117069,reinforcements_3,reinforcements_3,nuke_2,nuke_2,9,0,0,0,0,0,1,0,44073,45000,228,1035
7512,41370,56000,5646,7,10,28,15520,122.6,8696,critical,0,0,0,24,0,0,4,0,cooldown,10,6,6324,2156,230,47318,8,750,2500,52304,20382,146913,108391,149009,117087,reinforcements_3,reinforcements_3,nuke_2,nuke_2,9,0,0,0,0,0,1,0,44073,45000,215,1031
7515,41370,56000,5646,7,10,28,15520,122.6,8696,critical,0,0,0,24,0,0,4,0,cooldown,10,6,6324,2156,230,47318,8,750,2500,52304,20382,146916,108391,149009,117087,reinforcements_3,reinforcements_3,nuke_2,nuke_2,9,0,0,0,0,0,1,0,44073,45000,236,997
7518,41370,56000,5643,7,10,29,15595,127.6,8714,critical,0,0,0,25,0,0,4,0,cooldown,11,7,6342,4222,236,47300,8,750,2500,52307,20400,146919,108391,149012,117105,reinforcements_3,reinforcements_3,nuke_2,nuke_2,9,0,0,0,0,0,1,0,44073,45000,223,994
7521,41370,56000,3577,7,10,29,15595,127.6,8714,wipe,0,0,0,25,0,0,4,0,-,12,8,6360,4240,262,47300,8,750,2500,54373,20400,146922,108391,149012,117105,reinforcements_3,reinforcements_3,nuke_2,nuke_2,8,0,0,0,0,0,2,0,44073,45000,205,961
7524,41370,56000,3577,7,9,27,15445,117.6,8678,wipe,0,0,0,23,0,0,4,0,-,12,8,6360,4240,262,47282,8,750,2500,54373,20418,146925,108445,151078,117123,reinforcements_3,reinforcements_3,nuke_2,nuke_2,7,0,0,0,0,0,2,0,44073,45000,208,1023
7527,41370,56000,3574,7,10,28,15520,122.6,8696,critical,0,0,0,24,0,0,4,0,cooldown,9,6,6306,4204,197,47264,8,750,2500,54376,20436,146925,108445,151081,117141,reinforcements_3,reinforcements_3,nuke_2,nuke_2,8,0,0,0,0,0,2,0,44073,45000,209,1022
7530,41370,56000,4324,7,8,28,15520,122.6,8696,critical,0,0,0,24,0,0,4,0,cooldown,9,6,6306,4204,197,49764,8,750,2500,54376,20436,148994,108445,151081,117141,reinforcements_3,reinforcements_3,nuke_2,nuke_2,7,0,0,0,0,0,1,0,44073,45000,200,990
7533,41370,56000,4321,7,8,29,15595,127.6,8714,critical,0,0,0,25,0,0,4,0,cooldown,10,8,6324,6288,264,49746,8,750,2500,54379,20454,148997,108445,151084,117159,reinforcements_3,reinforcements_3,nuke_2,nuke_2,7,0,0,0,0,0,1,0,44073,45000,184,986
7536,41370,56000,4318,7,8,29,15595,127.6,8714,critical,0,0,0,25,0,0,4,0,cooldown,11,8,6342,6288,306,49746,8,750,2500,54382,20454,148997,108445,151084,117159,reinforcements_3,reinforcements_3,nuke_2,nuke_2,7,0,0,0,0,0,1,0,44073,45000,172,952
7539,41370,56000,4318,7,7,30,15670,132.6,8732,critical,0,0,0,26,0,0,4,0,cooldown,11,8,6342,6288,306,49728,8,750,2500,54382,20472,149003,108445,151087,117177,reinforcements_3,reinforcements_3,nuke_2,nuke_2,6,0,0,0,0,0,1,0,44073,45000,177,948
7542,41370,56000,4315,7,8,31,15745,137.6,8750,critical,0,0,0,27,0,0,4,0,cooldown,12,9,6360,6306,334,49710,8,750,2500,54385,20490,149003,108445,151090,117195,reinforcements_3,reinforcements_3,nuke_2,nuke_2,7,0,0,0,0,0,1,0,44073,45000,179,948
7545,41370,56000,5815,7,6,24,8510,111.3,4528,critical,0,0,0,22,0,0,2,0,cooldown,12,9,6360,6306,334,51210,8,750,2500,54385,20490,149006,108445,151090,117195,reinforcements_3,reinforcements_3,nuke_2,nuke_2,5,0,0,0,0,0,1,0,44073,45000,168,1090
7548,41370,56000,5812,7,6,25,8585,116.3,4546,critical,0,0,0,23,0,0,2,0,cooldown,6,2,2156,2084,335,51192,8,750,2500,54388,20508,151075,112667,151093,117213,reinforcements_3,reinforcements_3,nuke_2,nuke_2,6,0,0,0,0,0,0,0,44073,45000,157,1086
7551,41370,56000,3746,7,6,25,8585,116.3,4546,wipe,0,0,0,23,0,0,2,0,-,8,2,4240,2084,406,51192,8,750,2500,56454,20508,151078,112667,151093,117213,reinforcements_3,reinforcements_3,nuke_2,nuke_2,5,0,0,0,0,0,1,0,44073,45000,129,1048
7554,41370,56000,3746,7,6,26,8660,121.3,4564,wipe,0,0,0,24,0,0,2,0,-,8,2,4240,2084,406,51174,8,750,2500,56454,20526,151078,112667,153159,117231,reinforcements_3,reinforcements_3,nuke_2,nuke_2,5,0,0,0,0,0,1,0,44073,45000,149,1044
7557,41370,56000,5243,7,6,27,8735,126.3,4582,critical,0,0,0,25,0,0,2,0,cooldown,9,3,4258,2102,384,52656,8,750,2500,56457,20544,151081,112667,153162,117249,reinforcements_3,reinforcements_3,nuke_2,nuke_2,5,0,0,0,0,0,1,0,44073,45000,139,1041
7560,41370,56000,5993,7,6,27,8735,126.3,4582,critical,0,0,0,25,0,0,2,0,cooldown,9,3,4258,2102,384,55156,8,750,2500,56457,20544,151081,112667,153162,117249,reinforcements_3,reinforcements_3,nuke_2,nuke_2,5,0,0,0,0,0,1,0,44073,45000,158,1005
7563,41370,56000,5990,7,5,28,8810,131.3,4600,critical,0,0,0,26,0,0,2,0,cooldown,10,4,4276,2120,390,55138,8,750,2500,56460,20562,151084,112667,153165,117267,reinforcements_3,reinforcements_3,nuke_2,nuke_2,4,0,0,0,0,0,1,0,44073,45000,131,1002
7566,41370,56000,7487,7,6,28,8810,131.3,4600,critical,0,0,0,26,0,0,2,0,cooldown,10,5,4276,2138,339,56638,8,750,2500,56463,20562,151087,112667,153165,117267,reinforcements_3,reinforcements_3,nuke_2,nuke_2,5,0,0,0,0,0,1,0,44073,45000,134,966
7569,41370,56000,7487,7,5,26,5305,125.7,2516,critical,0,0,0,25,0,0,1,0,cooldown,10,5,4276,2138,339,56620,8,750,2500,56463,20580,151090,112667,153168,117285,reinforcements_3,reinforcements_3,nuke_2,nuke_2,4,0,0,0,0,0,1,0,44073,45000,138,1046
7572,41370,56000,7487,7,5,27,5380,130.7,2534,outmatched,0,0,0,26,0,0,1,0,cooldown,8,2,2192,36,404,56602,8,750,2500,56463,20598,151090,114769,153168,117303,reinforcements_3,reinforcements_3,nuke_2,nuke_2,4,0,0,0,0,0,1,0,44073,45000,151,1041
7575,41370,56000,8987,7,4,27,5380,130.7,2534,outmatched,0,0,0,26,0,0,1,0,cooldown,8,2,2192,36,404,58102,8,750,2500,56463,20598,151093,114769,153168,117303,reinforcements_3,reinforcements_3,nuke_2,nuke_2,3,0,0,0,0,0,1,0,44073,45000,151,1005
7578,41370,56000,8987,7,4,28,5455,135.7,2552,outmatched,0,0,0,27,0,0,1,0,cooldown,9,3,2210,54,404,58084,8,750,2500,56463,20616,151093,114769,153168,117321,reinforcements_3,reinforcements_3,nuke_2,nuke_2,3,0,0,0,0,0,1,0,44073,45000,167,1002
7581,41370,56000,8987,7,3,28,5455,135.7,2552,outmatched,0,0,0,27,0,0,1,0,lost-scoring,10,4,2228,72,404,58084,8,750,2500,56463,20616,151093,114769,153168,117321,reinforcements_3,reinforcements_3,nuke_2,nuke_2,2,0,0,0,0,0,1,0,44073,45000,169,968
7584,41370,56000,8987,7,3,29,5530,140.7,2570,outmatched,0,0,0,28,0,0,1,0,lost-scoring,10,4,2228,72,404,58066,8,750,2500,56463,20634,151096,114769,153168,117339,reinforcements_3,reinforcements_3,nuke_2,nuke_2,2,0,0,0,0,0,1,0,44073,45000,183,966
7587,41370,56000,8421,7,3,30,5605,145.7,2588,wipe,0,0,0,29,0,0,1,0,-,11,7,2246,2174,404,59548,8,750,2500,58529,20652,151099,114769,155234,117357,reinforcements_3,reinforcements_3,nuke_2,nuke_2,1,0,0,0,0,0,2,0,44073,45000,123,965
7590,41370,56000,9171,7,3,30,5605,145.7,2588,wipe,0,0,0,29,0,0,1,0,-,11,7,2246,2174,404,62048,8,750,2500,58529,20652,151099,114769,155234,117357,reinforcements_3,reinforcements_3,nuke_2,nuke_2,1,0,0,0,0,0,2,0,44073,45000,137,932
7593,41370,56000,9171,7,2,31,5680,150.7,2606,outmatched,0,0,0,30,0,0,1,0,cooldown,12,7,2264,2174,417,62030,8,750,2500,58529,20670,151102,114769,155234,117375,reinforcements_3,reinforcements_3,nuke_2,nuke_2,0,0,0,0,0,0,2,0,44073,45000,116,932
7596,41370,56000,10671,7,1,31,5680,150.7,2606,outmatched,0,0,0,30,0,0,1,0,cooldown,13,8,2282,2192,404,63530,8,750,2500,58529,20670,151102,114769,155234,117375,reinforcements_3,reinforcements_3,nuke_2,nuke_2,0,0,0,0,0,0,1,0,44073,45000,100,901
7599,41370,56000,10671,7,1,32,5755,155.7,2624,outmatched,0,0,0,31,0,0,1,0,cooldown,13,8,2282,2192,404,63512,8,750,2500,58529,20688,153168,114769,155234,117393,reinforcements_3,reinforcements_3,nuke_2,nuke_2,0,0,0,0,0,0,1,0,44073,45000,130,894
7602,41370,56000,10671,7,1,27,5380,130.7,2534,outmatched,0,0,0,26,0,0,1,0,cooldown,8,2,2192,2084,435,63494,8,750,2500,58529,20706,153168,114877,155234,117411,reinforcements_3,reinforcements_3,nuke_2,nuke_2,0,0,0,0,0,0,1,0,44073,45000,130,1044
7605,41370,56000,12171,7,1,27,5380,130.7,2534,outmatched,0,0,0,26,0,0,1,0,cooldown,8,2,2192,2084,435,64994,8,750,2500,58529,20706,153168,114877,155234,117411,reinforcements_3,reinforcements_3,nuke_2,nuke_2,0,0,0,0,0,0,1,0,44073,45000,130,1006
7608,41370,56000,12171,7,1,28,5455,135.7,2552,outmatched,0,0,0,27,0,0,1,0,cooldown,9,3,2210,2102,435,64976,8,750,2500,58529,20724,153168,114877,155234,117429,reinforcements_3,reinforcements_3,nuke_2,nuke_2,0,0,0,0,0,0,1,0,44073,45000,130,1003
7611,41370,56000,12171,7,1,28,5455,135.7,2552,outmatched,0,0,0,27,0,0,1,0,cooldown,10,4,2228,2120,435,64976,8,750,2500,58529,20724,153168,114877,155234,117429,reinforcements_3,reinforcements_3,nuke_2,nuke_2,0,0,0,0,0,0,1,0,44073,45000,130,967
7614,41370,56000,12171,7,1,29,5530,140.7,2570,outmatched,0,0,0,28,0,0,1,0,cooldown,10,4,2228,2120,435,64958,8,750,2500,58529,20742,153168,114877,155234,117447,reinforcements_3,reinforcements_3,nuke_2,nuke_2,0,0,0,0,0,0,1,0,44073,45000,130,964
7617,41370,56000,11605,7,2,30,5605,145.7,2588,wipe,0,0,0,29,0,0,1,0,-,11,5,2246,2138,435,66440,8,750,2500,60595,20760,153168,114877,157300,117465,reinforcements_3,reinforcements_3,nuke_2,nuke_2,0,0,0,0,0,0,2,0,44073,45000,70,962
7620,41370,56000,12355,7,2,30,5605,145.7,2588,wipe,0,0,0,29,0,0,1,0,-,11,5,2246,2138,435,68940,8,750,2500,60595,20760,153168,114877,157300,117465,reinforcements_3,reinforcements_3,nuke_2,nuke_2,0,0,0,0,0,0,2,0,44073,45000,85,929
7623,41370,56000,10915,7,3,32,9110,151.3,4672,outmatched,0,0,0,30,0,0,2,0,cooldown,12,6,2264,2156,435,67482,8,750,2500,60595,20778,153168,114877,159366,119549,reinforcements_3,reinforcements_3,nuke_2,nuke_2,0,0,0,0,0,0,3,0,44073,45000,73,958
7626,41370,56000,10912,7,4,32,9110,151.3,4672,critical,0,0,0,30,0,0,2,0,cooldown,13,7,2282,2174,435,67482,8,750,2500,60598,20778,153168,114877,159366,119549,reinforcements_3,reinforcements_3,nuke_2,nuke_2,1,0,0,0,0,0,3,0,44073,45000,82,926
7629,41370,56000,10912,7,4,33,9185,156.3,4690,critical,0,0,0,31,0,0,2,0,cooldown,13,7,2282,2174,435,67464,8,750,2500,60598,20796,153168,114877,159369,119567,reinforcements_3,reinforcements_3,nuke_2,nuke_2,1,0,0,0,0,0,3,0,44073,45000,103,923
7632,41370,56000,10912,7,5,29,12240,132.0,6666,outmatched,0,0,0,26,0,0,3,0,cooldown,8,2,144,36,435,65398,8,750,2500,60598,22862,153168,117033,159369,121633,reinforcements_3,reinforcements_3,nuke_2,nuke_2,1,0,0,0,0,0,4,0,44073,45000,94,1099
7635,41370,56000,10912,7,5,28,12165,127.0,6648,outmatched,0,0,0,25,0,0,3,0,cooldown,8,2,144,36,435,65398,8,750,2500,60598,22862,153168,117033,161435,123699,reinforcements_3,reinforcements_3,nuke_2,nuke_2,1,0,0,0,0,0,4,0,44073,45000,109,1092
7638,41370,56000,10609,7,6,29,12240,132.0,6666,critical,0,0,0,26,0,0,3,0,cooldown,8,2,144,36,435,65380,8,750,2500,60601,22880,153168,117051,161438,123717,reinforcements_3,reinforcements_3,nuke_2,nuke_2,2,0,0,0,0,0,4,0,44073,45000,108,1084
7641,41370,56000,10606,7,7,29,12240,132.0,6666,critical,0,0,0,26,0,0,3,0,cooldown,9,3,162,54,435,65380,8,750,2500,60604,22880,153168,117051,161438,123717,reinforcements_3,reinforcements_3,nuke_2,nuke_2,3,0,0,0,0,0,4,0,44073,45000,110,1048
7644,41370,56000,10606,7,8,31,15745,137.6,8750,critical,0,0,0,27,0,0,4,0,cooldown,9,3,162,54,435,65362,8,750,2500,60604,22898,153168,117051,163507,125801,reinforcements_3,reinforcements_3,nuke_2,nuke_2,3,0,0,0,0,0,5,0,44073,45000,112,1067
7647,41370,56000,10603,7,8,29,15595,127.6,8714,critical,0,0,0,25,0,0,4,0,lost-scoring,7,1,126,18,390,65344,8,750,2500,60607,22916,153171,117105,163510,125819,reinforcements_3,reinforcements_3,nuke_2,nuke_2,3,0,0,0,0,0,5,0,44073,45000,111,1145
7650,41370,56000,11353,7,8,29,15595,127.6,8714,critical,0,0,0,25,0,0,4,0,lost-scoring,7,1,126,18,390,67844,8,750,2500,60607,22916,153171,117105,163510,125819,reinforcements_3,reinforcements_3,nuke_2,nuke_2,3,0,0,0,0,0,5,0,44073,45000,128,1109
7653,41370,56000,11350,7,10,31,19100,133.3,10798,critical,0,0,0,26,0,0,5,0,lost-scoring,8,2,144,36,416,67826,8,750,2500,60610,22934,153171,117105,165579,127903,reinforcements_3,reinforcements_3,nuke_2,nuke_2,4,0,0,0,0,0,6,0,44073,45000,120,1124
7656,41370,56000,11347,7,11,31,19100,133.3,10798,critical,0,0,0,26,0,0,5,0,lost-scoring,9,3,162,54,416,67826,8,750,2500,60613,22934,153171,117105,165579,127903,reinforcements_3,reinforcements_3,nuke_2,nuke_2,5,0,0,0,0,0,6,0,44073,45000,127,1089
7659,41370,56000,11347,7,11,31,19100,133.3,10798,critical,0,0,0,26,0,0,5,0,lost-scoring,9,3,162,54,416,67808,8,750,2500,60613,22952,153171,117123,165582,127921,reinforcements_3,reinforcements_3,nuke_2,nuke_2,5,0,0,0,0,0,6,0,44073,45000,139,1107
7662,41370,56000,11344,7,12,33,22605,139.0,12882,critical,0,0,0,27,0,0,6,0,lost-scoring,9,3,162,54,415,67790,8,750,2500,60616,22970,153174,117123,165585,127939,reinforcements_3,reinforcements_3,nuke_2,nuke_2,5,0,0,0,0,0,7,0,44073,45000,125,1121
7665,41370,56000,11344,7,11,33,22605,139.0,12882,critical,0,0,0,27,0,0,6,0,lost-scoring,9,3,162,54,415,67790,8,750,2500,60616,22970,153177,117123,167651,130005,reinforcements_3,reinforcements_3,nuke_2,nuke_2,4,0,0,0,0,0,7,0,44073,45000,132,1087
7668,41370,56000,11341,7,12,31,22455,129.0,12846,critical,0,0,0,25,0,0,6,0,lost-scoring,10,4,180,72,415,67772,8,750,2500,60619,22988,153177,117177,167654,130023,reinforcements_3,reinforcements_3,nuke_2,nuke_2,5,0,0,0,0,0,7,0,44073,45000,142,1157
7671,41370,56000,11338,7,12,31,22455,129.0,12846,critical,0,0,0,25,0,0,6,0,lost-scoring,8,2,144,36,415,67772,8,750,2500,60622,22988,153180,117177,167654,130023,reinforcements_3,reinforcements_3,nuke_2,nuke_2,5,0,0,0,0,0,7,0,44073,45000,138,1121
7674,41370,56000,11338,7,12,32,22530,134.0,12864,critical,0,0,0,26,0,0,6,0,lost-scoring,8,2,144,36,415,67754,8,750,2500,60622,23006,153180,117177,167657,130041,reinforcements_3,reinforcements_3,nuke_2,nuke_2,5,0,0,0,0,0,7,0,44073,45000,149,1110
7677,41370,56000,11335,7,12,31,22455,129.0,12846,critical,0,0,0,25,0,0,6,0,lost-scoring,7,1,126,18,390,67736,8,750,2500,60625,23024,153183,117213,167660,130059,reinforcements_3,reinforcements_3,nuke_2,nuke_2,5,0,0,0,0,0,7,0,44073,45000,151,1154
7680,41370,56000,12085,7,12,30,22380,124.0,12828,critical,0,0,0,24,0,0,6,0,lost-scoring,7,1,126,18,390,70236,8,750,2500,60625,23024,153183,117231,167660,130059,reinforcements_3,reinforcements_3,nuke_2,nuke_2,5,0,0,0,0,0,7,0,44073,45000,166,1147
7683,41370,56000,12082,7,13,30,22593,119.8,13148,critical,0,0,0,23,0,1,6,0,lost-scoring,7,1,126,18,385,69898,8,750,2500,60628,23362,153183,117249,167663,130397,reinforcements_3,reinforcements_3,nuke_2,nuke_2,6,0,0,0,0,0,7,0,44073,45000,176,1164
7686,39870,56000,12082,7,12,13,11028,32.8,12842,wait,0,0,0,6,0,1,6,0,out-of-radius,0,0,0,0,0,69898,8,750,2500,60628,23362,153186,117555,167663,130397,reinforcements_3,reinforcements_3,nuke_2,nuke_2,5,0,0,0,0,0,7,0,42573,45000,197,1556
7689,39870,56000,12082,7,12,14,11128,34.0,12923,wait,0,0,0,6,1,1,6,0,out-of-radius,0,0,0,0,0,69817,8,750,2500,60628,23443,153186,117555,167663,130478,reinforcements_3,reinforcements_3,nuke_2,nuke_2,5,0,0,0,0,0,7,0,42573,45000,223,1554
7692,39870,56000,12082,7,12,15,11228,35.1,13004,wait,0,0,0,6,2,1,6,0,out-of-radius,0,0,0,0,0,69736,8,750,2500,60628,23524,153186,117555,167663,130559,reinforcements_3,reinforcements_3,nuke_2,nuke_2,5,0,0,0,0,0,7,0,42573,45000,250,1551
7695,39870,56000,12082,7,12,15,11228,35.1,13004,wait,0,0,0,6,2,1,6,0,out-of-radius,0,0,0,0,0,69736,8,750,2500,60628,23524,153186,117555,167663,130559,reinforcements_3,reinforcements_3,nuke_2,nuke_2,5,0,0,0,0,0,7,0,42573,45000,276,1524
7698,39870,56000,12082,7,12,16,11328,36.3,13085,wait,0,0,0,6,3,1,6,0,out-of-radius,0,0,0,0,0,69655,8,750,2500,60628,23605,153186,117555,167663,130640,reinforcements_3,reinforcements_3,nuke_2,nuke_2,5,0,0,0,0,0,7,0,42573,45000,302,1521
7701,39870,56000,12082,7,12,16,11328,36.3,13085,wait,0,0,0,6,3,1,6,0,out-of-radius,0,0,0,0,0,69655,8,750,2500,60628,23605,153186,117555,167663,130640,reinforcements_3,reinforcements_3,nuke_2,nuke_2,5,0,0,0,0,0,7,0,42573,45000,328,1493
7704,39870,56000,12082,7,12,17,11428,37.4,13166,wait,0,0,0,6,4,1,6,0,out-of-radius,0,0,0,0,0,69574,8,750,2500,60628,23686,153186,117555,167663,130721,reinforcements_3,reinforcements_3,nuke_2,nuke_2,5,0,0,0,0,0,7,0,42573,45000,355,1490
7707,39870,56000,12082,7,12,18,11528,38.6,13247,wait,0,0,0,6,5,1,6,0,out-of-radius,0,0,0,0,0,69493,8,750,2500,60628,23767,153186,117555,167663,130802,reinforcements_3,reinforcements_3,nuke_2,nuke_2,5,0,0,0,0,0,7,0,42573,45000,381,1486
7710,39870,56000,12832,7,12,18,11528,38.6,13247,wait,0,0,0,6,5,1,6,0,out-of-radius,0,0,0,0,0,71993,8,750,2500,60628,23767,153186,117555,167663,130802,reinforcements_3,reinforcements_3,nuke_2,nuke_2,5,0,0,0,0,0,7,0,42573,45000,407,1458
7713,39870,56000,12832,7,12,19,11628,39.7,13328,outmatched,0,0,0,6,6,1,6,0,out-of-radius,0,0,0,0,0,71912,8,750,2500,60628,23848,153186,117555,167663,130883,reinforcements_3,reinforcements_3,nuke_2,nuke_2,5,0,0,0,0,0,7,0,42573,45000,433,1454
7716,39870,56000,12829,7,13,19,21918,41.7,13328,critical,0,0,0,6,6,1,6,0,out-of-radius,0,0,0,0,0,71912,8,750,2500,60631,23848,153186,117555,167663,130883,reinforcements_3,reinforcements_3,nuke_2,nuke_2,6,0,0,0,0,0,7,0,42573,45000,428,1423
7719,39870,56000,12829,7,13,20,22018,42.9,13409,critical,0,0,0,6,7,1,6,0,out-of-radius,0,0,0,0,0,71831,8,750,2500,60631,23929,153186,117555,167666,130964,reinforcements_3,reinforcements_3,nuke_2,nuke_2,6,0,0,0,0,0,7,0,42573,45000,454,1415
7722,39870,56000,12826,7,14,21,22118,44.0,13490,critical,0,0,0,6,8,1,6,0,out-of-radius,0,0,0,0,0,71750,8,750,2500,60634,24010,153186,117555,167669,131045,reinforcements_3,reinforcements_3,nuke_2,nuke_2,7,0,0,0,0,0,7,0,42573,45000,450,1407
7725,39870,56000,12826,7,14,21,22118,44.0,13490,critical,0,0,0,6,8,1,6,0,out-of-radius,0,0,0,0,0,71750,8,750,2500,60634,24010,153186,117555,167669,131045,reinforcements_3,reinforcements_3,nuke_2,nuke_2,7,0,0,0,0,0,7,0,42573,45000,475,1374
7728,39870,56000,12823,7,15,22,22218,45.2,13571,critical,0,0,0,6,9,1,6,0,out-of-radius,0,0,0,0,0,71669,8,750,2500,60637,24091,153186,117555,167672,131126,reinforcements_3,reinforcements_3,nuke_2,nuke_2,8,0,0,0,0,0,7,0,42573,45000,471,1366
7731,39870,56000,12820,7,16,22,22218,45.2,13571,critical,0,0,0,6,9,1,6,0,out-of-radius,0,0,0,0,0,71669,8,750,2500,60640,24091,153186,117555,167672,131126,reinforcements_3,reinforcements_3,nuke_2,nuke_2,9,0,0,0,0,0,7,0,42573,45000,469,1334
7734,39870,56000,12820,7,16,23,22318,46.3,13652,critical,0,0,0,6,10,1,6,0,out-of-radius,0,0,0,0,0,71588,8,750,2500,60640,24172,153186,117555,167675,131207,reinforcements_3,reinforcements_3,nuke_2,nuke_2,9,0,0,0,0,0,7,0,42573,45000,494,1327
7737,39870,56000,12817,7,17,23,22343,42.5,13715,critical,0,0,0,5,11,1,6,0,out-of-radius,0,0,0,0,0,71507,8,750,2500,60643,24253,153186,117573,167678,131288,reinforcements_3,reinforcements_3,nuke_2,nuke_2,10,0,0,0,0,0,7,0,42573,45000,487,1343
7740,39870,56000,13567,7,17,23,22343,42.5,13715,critical,0,0,0,5,11,1,6,0,out-of-radius,0,0,0,0,0,74007,8,750,2500,60643,24253,153186,117573,167678,131288,reinforcements_3,reinforcements_3,nuke_2,nuke_2,10,0,0,0,0,0,7,0,42573,45000,504,1312
7743,39870,56000,13564,7,18,24,22443,43.6,13796,critical,0,0,0,5,12,1,6,0,out-of-radius,0,0,0,0,0,73926,8,750,2500,60646,24334,153186,117573,167681,131369,reinforcements_3,reinforcements_3,nuke_2,nuke_2,11,0,0,0,0,0,7,0,42573,45000,491,1307
7746,39870,56000,13561,7,19,24,22443,43.6,13796,critical,0,0,0,5,12,1,6,0,out-of-radius,0,0,0,0,0,73926,8,750,2500,60649,24334,153186,117573,167681,131369,reinforcements_3,reinforcements_3,nuke_2,nuke_2,12,0,0,0,0,0,7,0,42573,45000,480,1279
7749,39870,56000,13561,7,13,25,22543,44.8,13877,critical,0,0,0,5,13,1,6,0,out-of-radius,0,0,0,0,0,73845,8,750,2500,60649,24415,153186,117573,167684,131450,reinforcements_3,reinforcements_3,nuke_2,nuke_2,12,0,0,0,0,0,1,0,42573,45000,380,1277
7752,39870,56000,13558,7,14,26,22643,45.9,13958,critical,0,0,0,5,14,1,6,0,out-of-radius,0,0,0,0,0,73764,8,750,2500,60652,24496,165582,117573,167687,131531,reinforcements_3,reinforcements_3,nuke_2,nuke_2,13,0,0,0,0,0,1,0,42573,45000,375,1275
7755,39870,56000,13558,7,14,26,22643,45.9,13958,critical,0,0,0,5,14,1,6,0,out-of-radius,0,0,0,0,0,73764,8,750,2500,60652,24496,165582,117573,167687,131531,reinforcements_3,reinforcements_3,nuke_2,nuke_2,13,0,0,0,0,0,1,0,42573,45000,395,1250
7758,39870,56000,13555,7,15,27,22743,47.1,14039,critical,0,0,0,5,15,1,6,0,out-of-radius,0,0,0,0,0,73683,8,750,2500,60655,24577,165582,117573,167690,131612,reinforcements_3,reinforcements_3,nuke_2,nuke_2,14,0,0,0,0,0,1,0,42573,45000,391,1250
7761,39870,56000,13552,7,15,27,22743,47.1,14039,critical,0,0,0,5,15,1,6,0,out-of-radius,0,0,0,0,0,73683,8,750,2500,60658,24577,167648,117573,167690,131612,reinforcements_3,reinforcements_3,nuke_2,nuke_2,15,0,0,0,0,0,0,0,42573,45000,365,1222
7764,39870,56000,13552,7,14,28,22843,48.2,14120,critical,0,0,0,5,16,1,6,0,out-of-radius,0,0,0,0,0,73602,8,750,2500,60658,24658,167651,117573,167693,131693,reinforcements_3,reinforcements_3,nuke_2,nuke_2,14,0,0,0,0,0,0,0,42573,45000,358,1219
7767,39870,56000,13549,7,14,29,22943,49.4,14201,critical,0,0,0,5,17,1,6,0,out-of-radius,0,0,0,0,0,73521,8,750,2500,60661,24739,167654,117573,167696,131774,reinforcements_3,reinforcements_3,nuke_2,nuke_2,14,0,0,0,0,0,0,0,42573,45000,330,1217
7770,39870,56000,14299,7,13,29,22943,49.4,14201,critical,0,0,0,5,17,1,6,0,out-of-radius,0,0,0,0,0,76021,8,750,2500,60661,24739,167654,117573,167696,131774,reinforcements_3,reinforcements_3,nuke_2,nuke_2,13,0,0,0,0,0,0,0,42573,45000,320,1195
7773,39870,56000,14296,7,13,30,23018,54.4,14219,critical,0,0,0,6,17,1,6,0,out-of-radius,0,0,0,0,0,76003,8,750,2500,60664,24757,167657,117573,167699,131792,reinforcements_3,reinforcements_3,nuke_2,nuke_2,13,0,0,0,0,0,0,0,42573,45000,290,1194
7776,39870,56000,14293,7,14,30,23018,54.4,14219,critical,0,0,0,6,17,1,6,0,out-of-radius,0,0,0,0,0,76003,8,750,2500,60667,24757,167660,117573,167699,131792,reinforcements_3,reinforcements_3,nuke_2,nuke_2,14,0,0,0,0,0,0,0,42573,45000,292,1168
7779,39870,56000,14293,7,13,31,23118,55.5,14300,critical,0,0,0,6,18,1,6,0,out-of-radius,0,0,0,0,0,75922,8,750,2500,60667,24838,167663,117573,167702,131873,reinforcements_3,reinforcements_3,nuke_2,nuke_2,13,0,0,0,0,0,0,0,42573,45000,281,1164
7782,39870,56000,14212,7,14,32,23218,56.7,14381,wipe,0,0,0,6,19,1,6,0,-,5,5,90,90,0,75841,8,750,2500,60748,24919,167663,117573,167783,131954,reinforcements_3,reinforcements_3,nuke_2,nuke_2,13,0,0,0,1,0,0,0,42573,45000,283,1156
7785,39870,56000,14212,7,14,32,23218,56.7,14381,wipe,0,0,0,6,19,1,6,0,-,5,5,90,90,0,75841,8,750,2500,60748,24919,167663,117573,167783,131954,reinforcements_3,reinforcements_3,nuke_2,nuke_2,13,0,0,0,1,0,0,0,42573,45000,305,1125
7788,39870,56000,14209,7,15,33,23318,57.8,14462,critical,0,0,0,6,20,1,6,0,cooldown,11,11,12486,12486,44,75760,8,750,2500,60751,25000,167663,117573,167786,132035,reinforcements_3,reinforcements_3,nuke_2,nuke_2,14,0,0,0,1,0,0,0,42573,45000,309,1117
7791,39870,56000,14206,7,15,33,23318,57.8,14462,critical,0,0,0,6,20,1,6,0,cooldown,11,11,12486,12486,40,75760,8,750,2500,60754,25000,167666,117573,167786,132035,reinforcements_3,reinforcements_3,nuke_2,nuke_2,14,0,0,0,1,0,0,0,42573,45000,295,1088
7794,39870,56000,14206,7,15,34,23418,59.0,14543,critical,0,0,0,6,21,1,6,0,cooldown,11,11,12486,12486,40,75679,8,750,2500,60754,25081,167666,117573,167789,132116,reinforcements_3,reinforcements_3,nuke_2,nuke_2,14,0,0,0,1,0,0,0,42573,45000,316,1088
7797,39870,56000,14203,7,14,35,23518,60.1,14624,critical,0,0,0,6,22,1,6,0,cooldown,11,11,12486,12486,0,75598,8,750,2500,60757,25162,167672,117573,167792,132197,reinforcements_3,reinforcements_3,nuke_2,nuke_2,13,0,0,0,1,0,0,0,42573,45000,286,1086
7800,39870,56000,14953,7,13,35,23518,60.1,14624,critical,0,0,0,6,22,1,6,0,cooldown,11,11,12486,12486,0,78098,8,750,2500,60757,25162,167675,117573,167792,132197,reinforcements_3,reinforcements_3,nuke_2,nuke_2,12,0,0,0,1,0,0,0,42573,45000,290,1059
7803,39870,56000,14950,7,13,36,23593,65.1,14642,critical,0,0,0,7,22,1,6,0,cooldown,11,11,12486,12486,0,78080,8,750,2500,60760,25180,167675,117573,167795,132215,reinforcements_3,reinforcements_3,nuke_2,nuke_2,12,0,0,0,1,0,0,0,42573,45000,277,1060
7806,39870,56000,14947,7,13,36,23593,65.1,14642,critical,0,0,0,7,22,1,6,0,cooldown,12,11,12567,12486,178,78080,8,750,2500,60763,25180,167681,117573,167795,132215,reinforcements_3,reinforcements_3,nuke_2,nuke_2,12,0,0,0,1,0,0,0,42573,45000,264,1032
7809,39870,56000,14947,7,13,37,23693,66.3,14723,critical,0,0,0,7,23,1,6,0,cooldown,12,11,12567,12486,178,77999,8,750,2500,60763,25261,167681,117573,167798,132296,reinforcements_3,reinforcements_3,nuke_2,nuke_2,12,0,0,0,1,0,0,0,42573,45000,284,1033
7812,39870,56000,12881,7,12,38,23793,67.4,14804,wipe,0,0,0,7,24,1,6,0,-,13,11,12648,12486,187,77918,8,750,2500,62829,25342,167684,117573,169864,132377,reinforcements_3,reinforcements_3,nuke_2,nuke_2,10,0,0,0,1,0,1,0,42573,45000,251,1032
7815,39870,56000,12881,7,12,38,23793,67.4,14804,wipe,0,0,0,7,24,1,6,0,-,13,11,12648,12486,187,77918,8,750,2500,62829,25342,167687,117573,169864,132377,reinforcements_3,reinforcements_3,nuke_2,nuke_2,10,0,0,0,1,0,1,0,42573,45000,273,1007
7818,39870,56000,12878,7,12,39,23893,68.6,14885,critical,0,0,0,7,25,1,6,0,cooldown,14,11,12729,12486,201,77837,8,750,2500,62832,25423,167690,117573,169867,132458,reinforcements_3,reinforcements_3,nuke_2,nuke_2,10,0,0,0,1,0,1,0,42573,45000,261,1006
7821,39870,56000,12875,7,13,39,23893,68.6,14885,critical,0,0,0,7,25,1,6,0,cooldown,15,12,12810,12567,208,77837,8,750,2500,62835,25423,167690,117573,169867,132458,reinforcements_3,reinforcements_3,nuke_2,nuke_2,11,0,0,0,1,0,1,0,42573,45000,264,984
7824,39870,56000,12875,7,13,35,3038,40.7,14876,critical,0,0,0,2,26,1,6,0,cooldown,15,12,12810,12567,208,77756,8,750,2500,62835,25504,167690,117663,169870,132539,reinforcements_3,reinforcements_3,nuke_2,nuke_2,11,0,0,0,1,0,1,0,42573,45000,284,1058
7827,61101,67000,11078,7,11,36,3113,45.7,14894,critical,0,0,0,3,26,1,6,0,cooldown,15,12,12810,12567,208,77738,8,750,2500,62835,25522,167690,117663,169870,132557,reinforcements_3,reinforcements_3,nuke_2,nuke_2,9,0,0,0,1,0,1,0,42573,45000,241,1057
7830,61101,67000,11828,7,11,36,3113,45.7,14894,critical,0,0,0,3,26,1,6,0,cooldown,15,12,12810,12567,208,80238,8,750,2500,62835,25522,167696,117663,169870,132557,reinforcements_3,reinforcements_3,nuke_2,nuke_2,9,0,0,0,1,0,1,0,42573,45000,259,1032
7833,61101,67000,11825,7,11,37,3213,46.9,14975,block,0,0,0,3,27,1,6,0,cooldown,13,9,13220,12639,202,80157,8,750,2500,62838,25603,167696,117663,169873,132638,reinforcements_3,reinforcements_3,nuke_2,nuke_2,9,0,0,0,1,0,1,0,42573,45000,242,1031
7836,61101,67000,11822,7,12,37,3213,46.9,14975,block,0,0,0,3,27,1,6,0,cooldown,14,10,13301,12720,202,80157,8,750,2500,62841,25603,167699,117663,169873,132638,reinforcements_3,reinforcements_3,nuke_2,nuke_2,10,0,0,0,1,0,1,0,42573,45000,243,1007
7839,61101,67000,11822,7,11,38,3313,48.0,15056,block,0,0,0,3,28,1,6,0,cooldown,14,10,13301,12720,202,80076,8,750,2500,62841,25684,167702,117663,169876,132719,reinforcements_3,reinforcements_3,nuke_2,nuke_2,9,0,0,0,1,0,1,0,42573,45000,244,1007
7842,61101,67000,9756,7,12,39,3413,49.2,15137,wipe,0,0,0,3,29,1,6,0,-,15,11,13382,12801,222,79995,8,750,2500,64907,25765,167702,117663,171942,132800,reinforcements_3,reinforcements_3,nuke_2,nuke_2,9,0,0,0,1,0,2,0,42573,45000,242,1006
7845,61101,67000,9756,7,11,39,3413,49.2,15137,wipe,0,0,0,3,29,1,6,0,-,15,11,13382,12801,222,79995,8,750,2500,64907,25765,167702,117663,171942,132800,reinforcements_3,reinforcements_3,nuke_2,nuke_2,8,0,0,0,1,0,2,0,42573,45000,245,982
7848,61101,67000,9753,7,12,40,3513,50.3,15218,block,0,0,0,3,30,1,6,0,cooldown,16,12,13463,12882,222,79914,8,750,2500,64910,25846,167705,117663,171945,132881,reinforcements_3,reinforcements_3,nuke_2,nuke_2,9,0,0,0,1,0,2,0,42573,45000,247,983
7851,61101,67000,9750,7,12,35,3013,44.6,14813,block,0,0,0,3,25,1,6,0,cooldown,12,10,13139,12977,200,79914,8,750,2500,64913,25846,167708,118068,171945,132881,reinforcements_3,reinforcements_3,nuke_2,nuke_2,9,0,0,0,1,0,2,0,42573,45000,232,1029
7854,61101,67000,9750,7,11,36,3088,49.6,14831,block,0,0,0,4,25,1,6,0,cooldown,12,10,13139,12977,200,79896,8,750,2500,64913,25864,167711,118068,171948,132899,reinforcements_3,reinforcements_3,nuke_2,nuke_2,8,0,0,0,1,0,2,0,42573,45000,231,1028
7857,61101,67000,9747,7,12,37,23768,54.7,14912,critical,0,0,0,4,26,1,6,0,cooldown,13,10,13220,12977,229,79815,8,750,2500,64916,25945,167711,118068,171951,132980,reinforcements_3,reinforcements_3,nuke_2,nuke_2,9,0,0,0,1,0,2,0,42573,45000,232,1022
7860,61101,67000,10497,7,10,37,23768,54.7,14912,critical,0,0,0,4,26,1,6,0,cooldown,13,10,13220,12977,229,82315,8,750,2500,64916,25945,167714,118068,171951,132980,reinforcements_3,reinforcements_3,nuke_2,nuke_2,7,0,0,0,1,0,2,0,42573,45000,214,995
7863,61101,67000,10494,7,11,38,23868,55.9,14993,critical,0,0,0,4,27,1,6,0,cooldown,14,11,13301,13058,238,82234,8,750,2500,64919,26026,167717,118068,171954,133061,reinforcements_3,reinforcements_3,nuke_2,nuke_2,8,0,0,0,1,0,2,0,42573,45000,219,994
7866,61101,67000,10491,7,12,38,23868,55.9,14993,critical,0,0,0,4,27,1,6,0,cooldown,16,12,13400,13139,238,82234,8,750,2500,64922,26026,167717,118068,171954,133061,reinforcements_3,reinforcements_3,nuke_2,nuke_2,9,0,0,0,1,0,2,0,42573,45000,224,970
7869,61101,67000,10491,7,12,39,23968,57.0,15074,critical,0,0,0,4,28,1,6,0,cooldown,16,12,13400,13139,238,82153,8,750,2500,64922,26107,167717,118068,171957,133142,reinforcements_3,reinforcements_3,nuke_2,nuke_2,9,0,0,0,1,0,2,0,42573,45000,244,971
7872,61101,67000,8425,7,12,40,24068,58.2,15155,wipe,0,0,0,4,29,1,6,0,-,17,13,13481,13220,238,82072,8,750,2500,66988,26188,167720,118068,174023,133223,reinforcements_3,reinforcements_3,nuke_2,nuke_2,8,0,0,0,1,0,3,0,42573,45000,229,972
7875,61101,67000,8425,7,12,40,24068,58.2,15155,wipe,0,0,0,4,29,1,6,0,-,17,13,13481,13220,238,82072,8,750,2500,66988,26188,167720,118068,174023,133223,reinforcements_3,reinforcements_3,nuke_2,nuke_2,8,0,0,0,1,0,3,0,42573,45000,250,949
7878,61101,67000,8422,7,12,41,24168,59.3,15236,critical,0,0,0,4,30,1,6,0,cooldown,18,15,13562,13319,238,81991,8,750,2500,66991,26269,167723,118068,174026,133304,reinforcements_3,reinforcements_3,nuke_2,nuke_2,8,0,0,0,1,0,3,0,42573,45000,240,951
7881,61101,67000,8419,7,13,29,2800,48.7,2097,block,0,0,0,4,25,0,0,0,cooldown,7,3,504,180,238,81991,8,750,2500,66994,26269,167723,131207,174026,133304,reinforcements_3,reinforcements_3,nuke_2,nuke_2,9,0,0,0,1,0,3,0,42573,45000,243,1122
7884,61101,67000,8419,7,13,30,2875,53.7,2115,block,0,0,0,5,25,0,0,0,cooldown,7,3,504,180,238,81973,8,750,2500,66994,26287,167723,131207,174029,133322,reinforcements_3,reinforcements_3,nuke_2,nuke_2,9,0,0,0,1,0,3,0,42573,45000,261,1119
7887,61101,67000,8416,7,14,31,2975,54.9,2196,block,0,0,0,5,26,0,0,0,cooldown,8,4,585,261,238,81892,8,750,2500,66997,26368,167723,131207,174032,133403,reinforcements_3,reinforcements_3,nuke_2,nuke_2,10,0,0,0,1,0,3,0,42573,45000,263,1116
7890,61101,67000,9166,7,14,31,2975,54.9,2196,block,0,0,0,5,26,0,0,0,cooldown,8,4,585,261,238,84392,8,750,2500,66997,26368,167723,131207,174032,133403,reinforcements_3,reinforcements_3,nuke_2,nuke_2,10,0,0,0,1,0,3,0,42573,45000,279,1088
7893,61101,67000,9163,7,15,32,2975,54.9,2277,block,0,0,0,5,27,0,0,0,cooldown,7,4,504,261,180,84311,8,750,2500,67000,26449,167723,131207,174035,133484,reinforcements_3,reinforcements_3,nuke_2,nuke_2,11,0,0,0,1,0,3,0,42573,45000,279,1098
7896,61101,67000,9160,7,14,28,2600,46.4,2016,block,0,0,0,4,24,0,0,0,cooldown,5,2,342,162,200,84311,8,750,2500,67003,26449,167729,131207,174035,133484,reinforcements_3,reinforcements_3,nuke_2,nuke_2,10,0,0,0,1,0,3,0,42573,45000,234,1157
7899,61101,67000,9160,7,14,29,2700,47.6,2097,block,0,0,0,4,25,0,0,0,cooldown,5,2,342,162,200,84230,8,750,2500,67003,26530,167729,131468,174038,133565,reinforcements_3,reinforcements_3,nuke_2,nuke_2,10,0,0,0,1,0,3,0,42573,45000,252,1152
7902,61101,67000,9157,7,15,30,2800,48.7,2178,block,0,0,0,4,26,0,0,0,lost-scoring,6,2,423,162,220,84149,8,750,2500,67006,26611,167729,131468,174041,133646,reinforcements_3,reinforcements_3,nuke_2,nuke_2,11,0,0,0,1,0,3,0,42573,45000,254,1149
7905,61101,67000,9157,7,15,30,2800,48.7,2178,block,0,0,0,4,26,0,0,0,lost-scoring,6,2,423,162,220,84149,8,750,2500,67006,26611,167729,131468,174041,133646,reinforcements_3,reinforcements_3,nuke_2,nuke_2,11,0,0,0,1,0,3,0,42573,45000,270,1121
7908,61101,67000,9154,7,16,31,2875,53.7,2196,block,0,0,0,5,26,0,0,0,lost-scoring,7,3,504,243,220,84131,8,750,2500,67009,26629,167729,131468,174044,133664,reinforcements_3,reinforcements_3,nuke_2,nuke_2,12,0,0,0,1,0,3,0,42573,45000,271,1118
7911,61101,67000,9151,7,17,30,2775,52.6,2115,block,0,0,0,5,25,0,0,0,lost-scoring,7,3,504,180,210,84131,8,750,2500,67012,26629,167729,131549,174044,133664,reinforcements_3,reinforcements_3,nuke_2,nuke_2,13,0,0,0,1,0,3,0,42573,45000,273,1111
7914,61101,67000,9151,7,17,31,2875,53.7,2196,block,0,0,0,5,26,0,0,0,lost-scoring,7,3,504,180,210,84050,8,750,2500,67012,26710,167729,131549,174047,133745,reinforcements_3,reinforcements_3,nuke_2,nuke_2,13,0,0,0,1,0,3,0,42573,45000,286,1109
7917,61101,67000,9148,7,18,32,2975,54.9,2277,block,0,0,0,5,27,0,0,0,lost-scoring,8,4,585,261,210,83969,8,750,2500,67015,26791,167729,131549,174050,133826,reinforcements_3,reinforcements_3,nuke_2,nuke_2,14,0,0,0,1,0,3,0,42573,45000,286,1107
7920,61101,67000,9898,7,14,32,2975,54.9,2277,block,0,0,0,5,27,0,0,0,lost-scoring,8,4,585,261,210,86469,8,750,2500,67015,26791,167741,131549,174050,133826,reinforcements_3,reinforcements_3,nuke_2,nuke_2,10,0,0,0,1,0,3,0,42573,45000,255,1081
7923,61101,67000,9895,7,14,33,3075,56.0,2358,block,0,0,0,5,28,0,0,0,lost-scoring,9,5,603,342,175,86388,8,750,2500,67018,26872,167741,131549,174053,133907,reinforcements_3,reinforcements_3,nuke_2,nuke_2,10,0,0,0,1,0,3,0,42573,45000,243,1080
7926,61101,67000,8455,7,14,28,2700,47.6,2016,block,0,0,0,4,24,0,0,0,lost-scoring,5,2,342,162,200,86388,8,750,2500,67018,26872,167744,131891,174053,133907,reinforcements_3,reinforcements_3,nuke_2,nuke_2,10,0,0,0,1,0,3,0,42573,45000,260,1154
7929,61101,67000,8452,7,16,30,6230,49.4,4163,block,0,0,0,4,25,0,1,0,lost-scoring,5,2,342,162,200,84867,8,750,2500,67021,26953,167744,131891,176122,136054,reinforcements_3,reinforcements_3,nuke_2,nuke_2,11,0,0,0,1,0,4,0,42573,45000,248,1174
7932,61101,67000,8449,7,17,31,6330,50.5,4244,block,0,0,0,4,26,0,1,0,lost-scoring,6,4,423,261,200,84786,8,750,2500,67024,27034,167744,131891,176125,136135,reinforcements_3,reinforcements_3,nuke_2,nuke_2,12,0,0,0,1,0,4,0,42573,45000,254,1168
7935,61101,67000,8449,7,16,31,6330,50.5,4244,block,0,0,0,4,26,0,1,0,lost-scoring,6,4,423,261,200,84786,8,750,2500,67024,27034,167744,131891,176125,136135,reinforcements_3,reinforcements_3,nuke_2,nuke_2,11,0,0,0,1,0,4,0,42573,45000,261,1140
7938,61101,67000,8446,7,18,33,9835,56.2,6328,block,0,0,0,5,26,0,2,0,lost-scoring,8,4,585,261,200,84768,8,750,2500,67027,27052,167747,131891,178194,138219,reinforcements_3,reinforcements_3,nuke_2,nuke_2,12,0,0,0,1,0,5,0,42573,45000,253,1159
7941,61101,67000,8446,7,18,33,9835,56.2,6328,outmatched,0,0,0,5,26,0,2,0,lost-scoring,9,5,666,342,200,84768,8,750,2500,67027,27052,167747,131891,178194,138219,reinforcements_3,reinforcements_3,nuke_2,nuke_2,12,0,0,0,1,0,5,0,42573,45000,270,1131
7944,61101,67000,8446,7,17,34,9935,57.4,6409,outmatched,0,0,0,5,27,0,2,0,lost-scoring,9,5,666,342,200,84687,8,750,2500,67027,27133,167750,131891,178194,138300,reinforcements_3,reinforcements_3,nuke_2,nuke_2,11,0,0,0,1,0,5,0,42573,45000,278,1126
7947,61101,67000,8446,7,17,36,13465,59.2,8556,outmatched,0,0,0,5,28,0,3,0,lost-scoring,10,6,684,423,165,84606,8,750,2500,67027,27214,167750,131891,178194,138381,reinforcements_3,reinforcements_3,nuke_2,nuke_2,10,0,0,0,1,0,6,0,42573,45000,269,1143
7950,61101,67000,9196,7,16,36,13465,59.2,8556,outmatched,0,0,0,5,28,0,3,0,lost-scoring,10,6,684,423,165,87106,8,750,2500,67027,27214,167756,131891,180260,140447,reinforcements_3,reinforcements_3,nuke_2,nuke_2,9,0,0,0,1,0,6,0,42573,45000,279,1114
7953,61101,67000,1396,7,15,32,13090,50.7,8295,outmatched,0,0,0,4,25,0,3,0,lost-scoring,6,3,423,243,200,79225,8,750,2500,67027,27295,167756,132233,180260,140528,reinforcements_3,reinforcements_3,nuke_2,nuke_2,8,0,0,0,1,0,6,0,42573,45000,290,1207
7956,61101,67000,1396,7,15,31,12990,49.6,8214,outmatched,0,0,0,4,24,0,3,0,lost-scoring,6,3,423,180,206,79225,8,750,2500,67027,27295,167759,132233,180260,140528,reinforcements_3,reinforcements_3,nuke_2,nuke_2,8,0,0,0,1,0,6,0,42573,45000,309,1199
7959,61101,67000,1396,7,16,33,16520,51.4,10361,outmatched,0,0,0,4,25,0,4,0,lost-scoring,6,3,423,180,206,79144,8,750,2500,67027,27376,167759,132314,182326,142675,reinforcements_3,reinforcements_3,nuke_2,nuke_2,8,0,0,0,1,0,7,0,42573,45000,309,1212
7962,61101,67000,1393,7,16,34,16595,56.4,10379,critical,0,0,0,5,25,0,4,0,lost-scoring,7,4,504,261,206,79126,8,750,2500,67030,27394,167762,132314,182329,142693,reinforcements_3,reinforcements_3,nuke_2,nuke_2,8,0,0,0,1,0,7,0,42573,45000,303,1205
7965,61101,67000,1393,7,16,33,16220,47.9,10361,critical,0,0,0,4,25,0,4,0,lost-scoring,7,4,504,261,206,79126,8,750,2500,67030,27394,167762,132332,182329,142693,reinforcements_3,reinforcements_3,nuke_2,nuke_2,8,0,0,0,1,0,7,0,42573,45000,301,1229
7968,61101,67000,1390,7,18,35,19750,49.7,12508,critical,0,0,0,4,26,0,5,0,lost-scoring,4,2,324,162,150,79045,8,750,2500,67033,27475,167762,132332,184398,144840,reinforcements_3,reinforcements_3,nuke_2,nuke_2,9,0,0,0,1,0,8,0,42573,45000,291,1240
7971,61101,67000,1387,7,19,34,19650,48.6,12427,critical,0,0,0,4,25,0,5,0,lost-scoring,3,2,243,162,100,79045,8,750,2500,67036,27475,167762,132332,184398,144840,reinforcements_3,reinforcements_3,nuke_2,nuke_2,10,0,0,0,1,0,8,0,42573,45000,295,1232
7974,61101,67000,1387,7,18,35,19750,49.7,12508,critical,0,0,0,4,26,0,5,0,lost-scoring,3,2,243,162,100,78964,8,750,2500,67036,27556,167765,132413,184401,144921,reinforcements_3,reinforcements_3,nuke_2,nuke_2,9,0,0,0,1,0,8,0,42573,45000,302,1223
7977,61101,67000,1384,7,19,36,19850,50.9,12589,critical,0,0,0,4,27,0,5,0,lost-scoring,5,2,342,162,160,78883,8,750,2500,67039,27637,167765,132413,184404,145002,reinforcements_3,reinforcements_3,nuke_2,nuke_2,10,0,0,0,1,0,8,0,42573,45000,304,1215
7980,61101,67000,2134,7,19,36,19850,50.9,12589,critical,0,0,0,4,27,0,5,0,lost-scoring,5,2,342,162,160,81383,8,750,2500,67039,27637,167765,132413,184404,145002,reinforcements_3,reinforcements_3,nuke_2,nuke_2,10,0,0,0,1,0,8,0,42573,45000,321,1189
7983,61101,67000,2131,7,20,36,19850,50.9,12589,critical,0,0,0,4,27,0,5,0,lost-scoring,5,3,342,180,150,81302,8,750,2500,67042,27718,167765,132494,184407,145083,reinforcements_3,reinforcements_3,nuke_2,nuke_2,11,0,0,0,1,0,8,0,42573,45000,322,1200
7986,61101,67000,2128,7,19,36,19850,50.9,12589,critical,0,0,0,4,27,0,5,0,lost-scoring,6,4,423,261,150,81302,8,750,2500,67045,27718,167765,132494,184407,145083,reinforcements_3,reinforcements_3,nuke_2,nuke_2,10,0,0,0,1,0,8,0,42573,45000,305,1173
7989,61101,67000,2128,7,19,34,19675,44.7,12490,critical,0,0,0,3,26,0,5,0,lost-scoring,6,4,423,261,150,81221,8,750,2500,67045,27799,167771,132674,184410,145164,reinforcements_3,reinforcements_3,nuke_2,nuke_2,10,0,0,0,1,0,8,0,42573,45000,322,1221
7992,61101,67000,2125,7,20,35,19750,49.7,12508,critical,0,0,0,4,26,0,5,0,lost-scoring,4,2,324,162,130,81203,8,750,2500,67048,27817,167771,132674,184413,145182,reinforcements_3,reinforcements_3,nuke_2,nuke_2,11,0,0,0,1,0,8,0,42573,45000,323,1214
7995,61101,67000,2125,7,19,34,19950,52.0,12427,critical,0,0,0,4,25,0,5,0,lost-scoring,4,2,324,162,130,81203,8,750,2500,67048,27817,167771,132755,184413,145182,reinforcements_3,reinforcements_3,nuke_2,nuke_2,10,0,0,0,1,0,8,0,42573,45000,326,1204
7998,61101,67000,2122,7,20,35,20050,53.2,12508,critical,0,0,0,4,26,0,5,0,lost-scoring,4,2,324,162,130,81122,8,750,2500,67051,27898,167774,132755,184416,145263,reinforcements_3,reinforcements_3,nuke_2,nuke_2,11,0,0,0,1,0,8,0,42573,45000,327,1194
8001,61101,67000,3619,7,19,35,20050,53.2,12508,critical,0,0,0,4,26,0,5,0,lost-scoring,5,3,342,243,95,82622,8,750,2500,67054,27898,167780,132755,184416,145263,reinforcements_3,reinforcements_3,nuke_2,nuke_2,10,0,0,0,1,0,8,0,42573,45000,307,1164
8004,61101,67000,3619,7,19,34,19950,52.0,12427,critical,0,0,0,4,25,0,5,0,lost-scoring,5,3,342,243,95,82541,8,750,2500,67054,27979,167780,132755,184419,145344,reinforcements_3,reinforcements_3,nuke_2,nuke_2,10,0,0,0,1,0,8,0,42573,45000,322,1190
8007,61101,67000,3616,7,19,35,20050,53.2,12508,critical,0,0,0,4,26,0,5,0,lost-scoring,4,3,261,180,130,82460,8,750,2500,67057,28060,167783,132917,184422,145425,reinforcements_3,reinforcements_3,nuke_2,nuke_2,10,0,0,0,1,0,8,0,42573,45000,311,1180
8010,61101,67000,5866,7,19,35,20050,53.2,12508,critical,0,0,0,4,26,0,5,0,lost-scoring,4,3,261,180,130,86460,8,750,2500,67057,28060,167783,132917,184422,145425,reinforcements_3,reinforcements_3,nuke_2,nuke_2,10,0,0,0,1,0,8,0,42573,45000,325,1151
8013,61101,67000,5863,7,20,36,20150,54.3,12589,critical,0,0,0,4,27,0,5,0,lost-scoring,8,3,585,180,130,86379,8,750,2500,67060,28141,167783,132917,184425,145506,reinforcements_3,reinforcements_3,nuke_2,nuke_2,11,0,0,0,1,0,8,0,42573,45000,326,1144
8016,61101,67000,5860,7,21,33,19875,47.0,12409,critical,0,0,0,3,25,0,5,0,lost-scoring,6,5,486,405,100,86379,8,750,2500,67063,28141,167783,133097,184425,145506,reinforcements_3,reinforcements_3,nuke_2,nuke_2,12,0,0,0,1,0,8,0,42573,45000,329,1165
8019,61101,67000,5860,7,21,33,19850,50.9,12346,critical,0,0,0,4,24,0,5,0,lost-scoring,6,5,486,405,100,86361,8,750,2500,67063,28159,167783,133178,184428,145524,reinforcements_3,reinforcements_3,nuke_2,nuke_2,12,0,0,0,1,0,8,0,42573,45000,345,1174
8022,61101,67000,7357,7,22,31,19650,48.6,12184,critical,0,0,0,4,22,0,5,0,lost-scoring,6,5,486,405,100,87780,8,750,2500,67066,28240,167783,133178,184431,145605,reinforcements_3,reinforcements_3,nuke_2,nuke_2,13,0,0,0,1,0,8,0,42573,45000,348,1223
8025,61101,67000,7357,7,22,31,19650,48.6,12184,critical,0,0,0,4,22,0,5,0,lost-scoring,6,5,486,405,100,87780,8,750,2500,67066,28240,167783,133421,184431,145605,reinforcements_3,reinforcements_3,nuke_2,nuke_2,13,0,0,0,1,0,8,0,42573,45000,363,1193
8028,61101,67000,7354,7,23,30,19550,47.4,12103,critical,0,0,0,4,21,0,5,0,lost-scoring,3,3,243,243,48,87699,8,750,2500,67069,28321,167783,133583,184434,145686,reinforcements_3,reinforcements_3,nuke_2,nuke_2,14,0,0,0,1,0,8,0,42573,45000,366,1225
8031,61101,67000,8851,7,24,30,19550,47.4,12103,critical,0,0,0,4,21,0,5,0,lost-scoring,3,2,180,99,80,89199,8,750,2500,67072,28321,167783,133583,184434,145686,reinforcements_3,reinforcements_3,nuke_2,nuke_2,15,0,0,0,1,0,8,0,42573,45000,370,1194
8034,61101,67000,8851,7,24,31,19650,48.6,12184,critical,0,0,0,4,22,0,5,0,lost-scoring,3,2,180,99,80,89118,8,750,2500,67072,28402,167783,133583,184437,145767,reinforcements_3,reinforcements_3,nuke_2,nuke_2,15,0,0,0,1,0,8,0,42573,45000,384,1187
8037,61101,67000,8848,7,25,32,19750,49.7,12265,critical,0,0,0,4,23,0,5,0,lost-scoring,4,3,261,180,80,89037,8,750,2500,67075,28483,167783,133583,184440,145848,reinforcements_3,reinforcements_3,nuke_2,nuke_2,16,0,0,0,1,0,8,0,42573,45000,385,1181
8040,61101,67000,11098,7,25,31,19650,48.6,12184,critical,0,0,0,4,22,0,5,0,lost-scoring,4,3,261,180,80,93037,8,750,2500,67075,28483,167783,133583,184440,145848,reinforcements_3,reinforcements_3,nuke_2,nuke_2,16,0,0,0,1,0,8,0,42573,45000,400,1169
8043,61101,67000,11095,7,24,31,19575,43.6,12247,critical,0,0,0,3,23,0,5,0,lost-scoring,4,3,261,180,78,92956,8,750,2500,67078,28564,167783,133664,184443,145929,reinforcements_3,reinforcements_3,nuke_2,nuke_2,15,0,0,0,1,0,8,0,42573,45000,386,1192
8046,61101,67000,9029,7,25,31,19575,43.6,12247,wipe,0,0,0,3,23,0,5,0,-,3,3,2228,2228,78,92956,8,750,2500,69144,28564,167789,133682,184443,145929,reinforcements_3,reinforcements_3,nuke_2,nuke_2,15,0,0,0,1,0,9,0,42573,45000,385,1163
8049,61101,67000,9029,7,25,31,19550,47.4,12184,wipe,0,0,0,4,22,0,5,0,-,3,3,2228,2228,78,92938,8,750,2500,69144,28582,167789,133763,186509,145947,reinforcements_3,reinforcements_3,nuke_2,nuke_2,15,0,0,0,1,0,9,0,42573,45000,399,1174
8052,61101,67000,10526,7,23,31,19550,47.4,12184,critical,0,0,0,4,22,0,5,0,cooldown,3,3,2228,2228,50,94357,8,750,2500,69147,28663,167789,133844,186512,146028,reinforcements_3,reinforcements_3,nuke_2,nuke_2,16,0,0,0,1,0,6,0,42573,45000,383,1186
8055,61101,67000,10526,7,23,31,19550,47.4,12184,critical,0,0,0,4,22,0,5,0,cooldown,3,3,2228,2228,50,94357,8,750,2500,69147,28663,173987,133844,186512,146028,reinforcements_3,reinforcements_3,nuke_2,nuke_2,16,0,0,0,1,0,6,0,42573,45000,399,1158
8058,61101,67000,10523,7,22,32,19650,48.6,12265,critical,0,0,0,4,23,0,5,0,cooldown,5,5,4312,4312,50,94276,8,750,2500,69150,28744,173993,133844,186515,146109,reinforcements_3,reinforcements_3,nuke_2,nuke_2,15,0,0,0,1,0,6,0,42573,45000,381,1154
8061,61101,67000,12020,7,23,28,15945,40.6,10019,critical,0,0,0,3,21,0,4,0,cooldown,2,2,2147,2147,50,95776,8,750,2500,69153,28744,173993,136090,186515,146109,reinforcements_3,reinforcements_3,nuke_2,nuke_2,16,0,0,0,1,0,6,0,42573,45000,382,1196
8064,61101,67000,12020,7,20,29,16045,41.8,10100,critical,0,0,0,3,22,0,4,0,cooldown,2,2,2147,2147,50,95695,8,750,2500,69153,28825,178128,136090,186518,146190,reinforcements_3,reinforcements_3,nuke_2,nuke_2,15,0,0,0,1,0,4,0,42573,45000,370,1191
8067,61101,67000,12017,7,21,30,16145,42.9,10181,critical,0,0,0,3,23,0,4,0,cooldown,4,4,4294,4294,61,95614,8,750,2500,69156,28906,178128,136090,186521,146271,reinforcements_3,reinforcements_3,nuke_2,nuke_2,16,0,0,0,1,0,4,0,42573,45000,371,1187
8070,61101,67000,14267,7,20,30,16145,42.9,10181,critical,0,0,0,3,23,0,4,0,cooldown,4,4,4294,4294,61,99614,8,750,2500,69156,28906,178131,136090,186521,146271,reinforcements_3,reinforcements_3,nuke_2,nuke_2,15,0,0,0,1,0,4,0,42573,45000,377,1159
8073,61101,67000,14264,7,21,31,16220,47.9,10199,critical,0,0,0,4,23,0,4,0,cooldown,4,4,4294,4294,11,99596,8,750,2500,69159,28924,178131,136090,186524,146289,reinforcements_3,reinforcements_3,nuke_2,nuke_2,16,0,0,0,1,0,4,0,42573,45000,378,1155
8076,61101,67000,12198,7,19,27,9260,45.5,5905,wipe,0,0,0,4,21,0,2,0,-,3,3,2228,2228,40,99596,8,750,2500,71225,28924,180203,140384,186524,146289,reinforcements_3,reinforcements_3,nuke_2,nuke_2,14,0,0,0,1,0,4,0,42573,45000,348,1201
8079,61101,67000,12198,7,19,27,9260,45.5,5905,wipe,0,0,0,4,21,0,2,0,-,3,3,2228,2228,40,99515,8,750,2500,71225,29005,180203,140384,188590,146370,reinforcements_3,reinforcements_3,nuke_2,nuke_2,14,0,0,0,1,0,4,0,42573,45000,369,1215
8082,61101,67000,12198,7,16,28,9360,46.6,5986,outmatched,0,0,0,4,22,0,2,0,cooldown,2,2,2147,2147,0,99434,8,750,2500,71225,29086,184416,140465,188590,146451,reinforcements_3,reinforcements_3,nuke_2,nuke_2,14,0,0,0,0,0,2,0,42573,45000,356,1211
8085,61101,67000,12198,7,16,28,9360,46.6,5986,outmatched,0,0,0,4,22,0,2,0,cooldown,2,2,2147,2147,0,99434,8,750,2500,71225,29086,184416,140465,188590,146451,reinforcements_3,reinforcements_3,nuke_2,nuke_2,14,0,0,0,0,0,2,0,42573,45000,376,1181
8088,61101,67000,12198,7,15,29,9460,47.8,6067,outmatched,0,0,0,4,23,0,2,0,cooldown,5,5,4312,4312,42,99353,8,750,2500,71225,29167,184416,140465,188590,146532,reinforcements_3,reinforcements_3,nuke_2,nuke_2,13,0,0,0,0,0,2,0,42573,45000,382,1178
8091,61101,67000,12198,7,15,29,9460,47.8,6067,outmatched,0,0,0,4,23,0,2,0,cooldown,6,6,4393,4393,42,99353,8,750,2500,71225,29167,184419,140465,188590,146532,reinforcements_3,reinforcements_3,nuke_2,nuke_2,13,0,0,0,0,0,2,0,42573,45000,403,1151
8094,61101,67000,12198,7,13,30,9560,48.9,6148,outmatched,0,0,0,4,24,0,2,0,cooldown,6,6,4393,4393,42,99272,8,750,2500,71225,29248,184425,140465,188590,146613,reinforcements_3,reinforcements_3,nuke_2,nuke_2,11,0,0,0,0,0,2,0,42573,45000,393,1147
8097,61101,67000,12198,7,12,31,9660,50.1,6229,outmatched,0,0,0,4,25,0,2,0,cooldown,7,7,4474,4474,74,99191,8,750,2500,71225,29329,184428,140465,188590,146694,reinforcements_3,reinforcements_3,nuke_2,nuke_2,10,0,0,0,0,0,2,0,42573,45000,399,1143
8100,61101,67000,12948,7,11,26,2525,41.4,1917,outmatched,0,0,0,3,23,0,0,0,cooldown,7,7,4474,4474,74,101691,8,750,2500,71225,29329,184428,140465,188590,146694,reinforcements_3,reinforcements_3,nuke_2,nuke_2,9,0,0,0,0,0,2,0,42573,45000,404,1213
8103,61101,67000,12945,7,12,27,2600,46.4,1935,block,0,0,0,4,23,0,0,0,cooldown,3,2,243,162,75,101673,8,750,2500,71228,29347,184431,144777,188593,146712,reinforcements_3,reinforcements_3,nuke_2,nuke_2,10,0,0,0,0,0,2,0,42573,45000,393,1208
8106,61101,67000,12942,7,13,27,2600,46.4,1935,block,0,0,0,4,23,0,0,0,lost-scoring,5,4,405,324,75,101673,8,750,2500,71231,29347,184431,144777,188593,146712,reinforcements_3,reinforcements_3,nuke_2,nuke_2,11,0,0,0,0,0,2,0,42573,45000,382,1179
8109,61101,67000,12942,7,13,28,2700,47.6,2016,block,0,0,0,4,24,0,0,0,lost-scoring,5,4,405,324,75,101592,8,750,2500,71231,29428,184431,144777,188596,146793,reinforcements_3,reinforcements_3,nuke_2,nuke_2,11,0,0,0,0,0,2,0,42573,45000,399,1176
8112,61101,67000,12939,7,12,29,2800,48.7,2097,block,0,0,0,4,25,0,0,0,lost-scoring,6,6,423,423,47,101511,8,750,2500,71234,29509,184437,144777,188599,146874,reinforcements_3,reinforcements_3,nuke_2,nuke_2,10,0,0,0,0,0,2,0,42573,45000,359,1173
8115,61101,67000,12939,7,11,29,2800,48.7,2097,block,0,0,0,4,25,0,0,0,lost-scoring,6,6,423,423,47,101511,8,750,2500,71234,29509,184437,144777,188599,146874,reinforcements_3,reinforcements_3,nuke_2,nuke_2,9,0,0,0,0,0,2,0,42573,45000,359,1147
8118,61101,67000,12936,7,11,30,2900,49.9,2178,block,0,0,0,4,26,0,0,0,lost-scoring,7,6,504,423,82,101430,8,750,2500,71237,29590,184443,144777,188602,146955,reinforcements_3,reinforcements_3,nuke_2,nuke_2,9,0,0,0,0,0,2,0,42573,45000,331,1146
8121,61101,67000,12933,7,12,30,2900,49.9,2178,block,0,0,0,4,26,0,0,0,lost-scoring,8,7,585,504,90,101430,8,750,2500,71240,29590,184443,144777,188602,146955,reinforcements_3,reinforcements_3,nuke_2,nuke_2,10,0,0,0,0,0,2,0,42573,45000,326,1121
8124,61101,67000,12933,7,12,31,3000,51.0,2259,block,0,0,0,4,27,0,0,0,lost-scoring,8,7,585,504,90,101349,8,750,2500,71240,29671,184443,144777,188605,147036,reinforcements_3,reinforcements_3,nuke_2,nuke_2,10,0,0,0,0,0,2,0,42573,45000,346,1121
8127,61101,67000,12930,7,12,32,3075,56.0,2277,block,0,0,0,5,27,0,0,0,lost-scoring,9,8,666,585,90,101331,8,750,2500,71243,29689,184446,144777,188608,147054,reinforcements_3,reinforcements_3,nuke_2,nuke_2,10,0,0,0,0,0,2,0,42573,45000,322,1121
8130,61101,67000,13680,7,12,25,2400,44.1,1773,block,0,0,0,4,21,0,0,0,lost-scoring,9,8,666,585,90,103831,8,750,2500,71243,29689,184446,145281,188608,147054,reinforcements_3,reinforcements_3,nuke_2,nuke_2,10,0,0,0,0,0,2,0,42573,45000,340,1233
8133,61101,67000,13677,7,12,26,2500,45.3,1854,block,0,0,0,4,22,0,0,0,lost-scoring,3,2,243,162,90,103750,8,750,2500,71246,29770,184449,145281,188611,147135,reinforcements_3,reinforcements_3,nuke_2,nuke_2,10,0,0,0,0,0,2,0,42573,45000,313,1229
8136,61101,67000,13674,7,12,26,2500,45.3,1854,block,0,0,0,4,22,0,0,0,lost-scoring,3,3,243,243,40,103750,8,750,2500,71249,29770,184449,145281,188611,147135,reinforcements_3,reinforcements_3,nuke_2,nuke_2,10,0,0,0,0,0,2,0,42573,45000,287,1199
8139,61101,67000,13674,7,12,27,2600,46.4,1935,block,0,0,0,4,23,0,0,0,lost-scoring,3,3,243,243,40,103669,8,750,2500,71249,29851,184452,145281,188614,147216,reinforcements_3,reinforcements_3,nuke_2,nuke_2,10,0,0,0,0,0,2,0,42573,45000,304,1196
8142,61101,67000,13671,7,12,28,2700,47.6,2016,block,0,0,0,4,24,0,0,0,lost-scoring,5,3,342,243,90,103588,8,750,2500,71252,29932,184455,145281,188617,147297,reinforcements_3,reinforcements_3,nuke_2,nuke_2,10,0,0,0,0,0,2,0,42573,45000,278,1193
8145,61101,67000,13671,7,12,28,2700,47.6,2016,block,0,0,0,4,24,0,0,0,lost-scoring,5,3,342,243,90,103588,8,750,2500,71252,29932,184455,145281,188617,147297,reinforcements_3,reinforcements_3,nuke_2,nuke_2,10,0,0,0,0,0,2,0,42573,45000,295,1165
8148,61101,67000,13668,7,12,26,2500,45.3,1854,block,0,0,0,4,22,0,0,0,lost-scoring,3,2,180,99,90,103507,8,750,2500,71255,30013,184458,145524,188620,147378,reinforcements_3,reinforcements_3,nuke_2,nuke_2,10,0,0,0,0,0,2,0,42573,45000,269,1228
8151,61101,67000,13665,7,13,26,2500,45.3,1854,block,0,0,0,4,22,0,0,0,lost-scoring,4,3,261,180,90,103507,8,750,2500,71258,30013,184458,145524,188620,147378,reinforcements_3,reinforcements_3,nuke_2,nuke_2,11,0,0,0,0,0,2,0,42573,45000,268,1198
8154,61101,67000,13665,7,13,27,2575,50.3,1872,block,0,0,0,5,22,0,0,0,lost-scoring,4,3,261,180,90,103489,8,750,2500,71258,30031,184458,145524,188623,147396,reinforcements_3,reinforcements_3,nuke_2,nuke_2,11,0,0,0,0,0,2,0,42573,45000,286,1195
8157,61101,67000,13662,7,14,28,2675,51.4,1953,block,0,0,0,5,23,0,0,0,lost-scoring,5,4,342,261,90,103408,8,750,2500,71261,30112,184458,145524,188626,147477,reinforcements_3,reinforcements_3,nuke_2,nuke_2,12,0,0,0,0,0,2,0,42573,45000,286,1193
8160,61101,67000,14412,7,14,28,2675,51.4,1953,block,0,0,0,5,23,0,0,0,lost-scoring,5,4,342,261,90,105908,8,750,2500,71261,30112,184458,145524,188626,147477,reinforcements_3,reinforcements_3,nuke_2,nuke_2,12,0,0,0,0,0,2,0,42573,45000,304,1165
8163,61101,67000,14409,7,15,29,2775,52.6,2034,block,0,0,0,5,24,0,0,0,lost-scoring,6,5,423,342,90,105827,8,750,2500,71264,30193,184458,145524,188629,147558,reinforcements_3,reinforcements_3,nuke_2,nuke_2,13,0,0,0,0,0,2,0,42573,45000,305,1163
8166,61101,67000,14406,7,16,29,2775,52.6,2034,block,0,0,0,5,24,0,0,0,lost-scoring,7,6,441,423,55,105827,8,750,2500,71267,30193,184458,145524,188629,147558,reinforcements_3,reinforcements_3,nuke_2,nuke_2,14,0,0,0,0,0,2,0,42573,45000,306,1136
8169,61101,67000,14406,7,16,30,2875,53.7,2115,block,0,0,0,5,25,0,0,0,lost-scoring,7,6,441,423,55,105746,8,750,2500,71267,30274,184458,145524,188632,147639,reinforcements_3,reinforcements_3,nuke_2,nuke_2,14,0,0,0,0,0,2,0,42573,45000,324,1136
8172,61101,67000,14403,7,17,31,2975,54.9,2196,block,0,0,0,5,26,0,0,0,lost-scoring,8,7,522,441,90,105665,8,750,2500,71270,30355,184458,145524,188635,147720,reinforcements_3,reinforcements_3,nuke_2,nuke_2,15,0,0,0,0,0,2,0,42573,45000,326,1136
8175,61101,67000,14403,7,16,24,2325,39.1,1755,block,0,0,0,3,21,0,0,0,lost-scoring,8,7,522,441,90,105665,8,750,2500,71270,30355,184458,145524,188635,147720,reinforcements_3,reinforcements_3,nuke_2,nuke_2,14,0,0,0,0,0,2,0,42573,45000,330,1258
8178,61101,67000,14400,7,17,25,2425,40.3,1836,block,0,0,0,3,22,0,0,0,lost-scoring,2,2,162,162,50,105584,8,750,2500,71273,30436,184461,145965,188638,147801,reinforcements_3,reinforcements_3,nuke_2,nuke_2,15,0,0,0,0,0,2,0,42573,45000,334,1253
8181,61101,67000,14397,7,18,25,2425,40.3,1836,block,0,0,0,3,22,0,0,0,lost-scoring,3,2,243,162,70,105584,8,750,2500,71276,30436,184461,145965,188638,147801,reinforcements_3,reinforcements_3,nuke_2,nuke_2,16,0,0,0,0,0,2,0,42573,45000,335,1223
8184,61101,67000,14397,7,18,26,2500,45.3,1854,block,0,0,0,4,22,0,0,0,lost-scoring,3,2,243,162,70,105566,8,750,2500,71276,30454,184461,145965,188641,147819,reinforcements_3,reinforcements_3,nuke_2,nuke_2,16,0,0,0,0,0,2,0,42573,45000,353,1220
8187,61101,67000,14394,7,19,27,2600,46.4,1935,block,0,0,0,4,23,0,0,0,lost-scoring,4,3,324,243,70,105485,8,750,2500,71279,30535,184461,145965,188644,147900,reinforcements_3,reinforcements_3,nuke_2,nuke_2,17,0,0,0,0,0,2,0,42573,45000,354,1217
8190,61101,67000,15144,7,19,27,2600,46.4,1935,block,0,0,0,4,23,0,0,0,lost-scoring,4,3,324,243,70,107985,8,750,2500,71279,30535,184461,145965,188644,147900,reinforcements_3,reinforcements_3,nuke_2,nuke_2,17,0,0,0,0,0,2,0,42573,45000,371,1189
8193,61101,67000,15141,7,20,28,2700,47.6,2016,block,0,0,0,4,24,0,0,0,lost-scoring,4,4,324,324,20,107904,8,750,2500,71282,30616,184461,145965,188647,147981,reinforcements_3,reinforcements_3,nuke_2,nuke_2,18,0,0,0,0,0,2,0,42573,45000,370,1187
8196,61101,67000,15138,7,21,28,2700,47.6,2016,block,0,0,0,4,24,0,0,0,lost-scoring,6,5,423,342,70,107904,8,750,2500,71285,30616,184461,145965,188647,147981,reinforcements_3,reinforcements_3,nuke_2,nuke_2,19,0,0,0,0,0,2,0,42573,45000,370,1159
8199,61101,67000,15138,7,21,29,2800,48.7,2097,block,0,0,0,4,25,0,0,0,lost-scoring,6,5,423,342,70,107823,8,750,2500,71285,30697,184461,145965,188650,148062,reinforcements_3,reinforcements_3,nuke_2,nuke_2,19,0,0,0,0,0,2,0,42573,45000,385,1157
8202,61101,67000,15135,7,18,30,2900,49.9,2178,block,0,0,0,4,26,0,0,0,lost-scoring,7,6,504,423,76,107742,8,750,2500,71288,30778,184473,145965,188653,148143,reinforcements_3,reinforcements_3,nuke_2,nuke_2,16,0,0,0,0,0,2,0,42573,45000,342,1156
8205,61101,67000,15135,7,17,25,2425,40.3,1836,block,0,0,0,3,22,0,0,0,lost-scoring,7,6,504,423,76,107742,8,750,2500,71288,30778,184473,146307,188653,148143,reinforcements_3,reinforcements_3,nuke_2,nuke_2,15,0,0,0,0,0,2,0,42573,45000,347,1232
8208,61101,67000,15132,7,18,26,2500,45.3,1854,block,0,0,0,4,22,0,0,0,lost-scoring,3,2,243,162,75,107724,8,750,2500,71291,30796,184476,146307,188656,148161,reinforcements_3,reinforcements_3,nuke_2,nuke_2,16,0,0,0,0,0,2,0,42573,45000,348,1228
8211,61101,67000,15129,7,19,26,2500,45.3,1854,block,0,0,0,4,22,0,0,0,lost-scoring,4,3,324,243,75,107724,8,750,2500,71294,30796,184476,146307,188656,148161,reinforcements_3,reinforcements_3,nuke_2,nuke_2,17,0,0,0,0,0,2,0,42573,45000,349,1199
8214,61101,67000,15129,7,19,27,2600,46.4,1935,block,0,0,0,4,23,0,0,0,lost-scoring,4,3,324,243,75,107643,8,750,2500,71294,30877,184476,146307,188659,148242,reinforcements_3,reinforcements_3,nuke_2,nuke_2,17,0,0,0,0,0,2,0,42573,45000,365,1196
8217,61101,67000,15126,7,20,28,2700,47.6,2016,block,0,0,0,4,24,0,0,0,lost-scoring,5,4,405,324,75,107562,8,750,2500,71297,30958,184476,146307,188662,148323,reinforcements_3,reinforcements_3,nuke_2,nuke_2,18,0,0,0,0,0,2,0,42573,45000,365,1194
8220,61101,67000,15876,7,20,28,2700,47.6,2016,block,0,0,0,4,24,0,0,0,lost-scoring,5,4,405,324,75,110062,8,750,2500,71297,30958,184476,146307,188662,148323,reinforcements_3,reinforcements_3,nuke_2,nuke_2,18,0,0,0,0,0,2,0,42573,45000,381,1166
8223,61101,67000,15873,7,21,29,2800,48.7,2097,block,0,0,0,4,25,0,0,0,lost-scoring,6,6,423,423,40,109981,8,750,2500,71300,31039,184476,146307,188665,148404,reinforcements_3,reinforcements_3,nuke_2,nuke_2,19,0,0,0,0,0,2,0,42573,45000,380,1165
8226,61101,67000,15870,7,22,28,2700,47.6,2016,block,0,0,0,4,24,0,0,0,lost-scoring,6,5,423,342,70,109981,8,750,2500,71303,31039,184476,146307,188665,148404,reinforcements_3,reinforcements_3,nuke_2,nuke_2,20,0,0,0,0,0,2,0,42573,45000,380,1158
8229,61101,67000,15870,7,22,29,2800,48.7,2097,block,0,0,0,4,25,0,0,0,lost-scoring,6,5,423,342,70,109900,8,750,2500,71303,31120,184476,146388,188668,148485,reinforcements_3,reinforcements_3,nuke_2,nuke_2,20,0,0,0,0,0,2,0,42573,45000,395,1158
8232,61101,67000,14427,7,19,30,6230,49.4,4163,block,0,0,0,4,25,0,1,0,lost-scoring,7,6,504,423,70,108460,8,750,2500,71306,31120,184476,146388,188668,148485,reinforcements_3,reinforcements_3,nuke_2,nuke_2,16,0,0,0,0,0,3,0,42573,45000,325,1158
8235,61101,67000,14427,7,18,31,6330,50.5,4244,block,0,0,0,4,26,0,1,0,lost-scoring,7,6,504,423,70,108379,8,750,2500,71306,31201,184494,146388,190737,150632,reinforcements_3,reinforcements_3,nuke_2,nuke_2,15,0,0,0,0,0,3,0,42573,45000,329,1156
8238,61101,67000,14424,7,19,32,6405,55.5,4262,block,0,0,0,5,26,0,1,0,lost-scoring,8,7,585,504,70,108361,8,750,2500,71309,31219,184494,146388,190740,150650,reinforcements_3,reinforcements_3,nuke_2,nuke_2,16,0,0,0,0,0,3,0,42573,45000,333,1154
8241,61101,67000,14421,7,19,32,6405,55.5,4262,block,0,0,0,5,26,0,1,0,lost-scoring,9,8,666,585,70,108361,8,750,2500,71312,31219,184497,146388,190740,150650,reinforcements_3,reinforcements_3,nuke_2,nuke_2,16,0,0,0,0,0,3,0,42573,45000,323,1130
8244,61101,67000,14421,7,19,34,9935,57.4,6409,block,0,0,0,5,27,0,2,0,lost-scoring,9,8,666,585,70,108280,8,750,2500,71312,31300,184497,146388,192809,152797,reinforcements_3,reinforcements_3,nuke_2,nuke_2,15,0,0,0,0,0,4,0,42573,45000,312,1150
8247,61101,67000,14421,7,19,35,10035,58.5,6490,outmatched,0,0,0,5,28,0,2,0,lost-scoring,10,10,684,684,35,108199,8,750,2500,71312,31381,184500,146388,192809,152878,reinforcements_3,reinforcements_3,nuke_2,nuke_2,15,0,0,0,0,0,4,0,42573,45000,332,1148
8250,61101,67000,15171,7,18,35,10035,58.5,6490,outmatched,0,0,0,5,28,0,2,0,lost-scoring,10,10,684,684,35,110699,8,750,2500,71312,31381,184503,146388,192809,152878,reinforcements_3,reinforcements_3,nuke_2,nuke_2,14,0,0,0,0,0,4,0,42573,45000,338,1125
8253,61101,67000,15171,7,18,37,13565,60.3,8637,outmatched,0,0,0,5,29,0,3,0,lost-scoring,11,10,765,684,70,110618,8,750,2500,71312,31462,184503,146388,194875,155025,reinforcements_3,reinforcements_3,nuke_2,nuke_2,13,0,0,0,0,0,5,0,42573,45000,326,1145
8256,61101,67000,15171,7,18,37,13565,60.3,8637,outmatched,0,0,0,5,29,0,3,0,lost-scoring,12,11,846,765,70,110618,8,750,2500,71312,31462,184506,146388,194875,155025,reinforcements_3,reinforcements_3,nuke_2,nuke_2,13,0,0,0,0,0,5,0,42573,45000,346,1122
8259,61101,67000,15171,7,17,38,13665,61.5,8718,outmatched,0,0,0,5,30,0,3,0,lost-scoring,12,11,846,765,70,110537,8,750,2500,71312,31543,184506,146388,194875,155106,reinforcements_3,reinforcements_3,nuke_2,nuke_2,12,0,0,0,0,0,5,0,42573,45000,352,1120
8262,61101,67000,15171,7,17,40,17170,67.1,10802,outmatched,0,0,0,6,30,0,4,0,lost-scoring,13,12,927,846,83,110519,8,750,2500,71312,31561,184512,146388,194875,155124,reinforcements_3,reinforcements_3,nuke_2,nuke_2,11,0,0,0,0,0,6,0,42573,45000,338,1133
8265,61101,67000,15171,7,17,29,16120,46.8,10037,outmatched,0,0,0,4,21,0,4,0,lost-scoring,13,12,927,846,83,110519,8,750,2500,71312,31561,184512,146388,196941,157190,reinforcements_3,reinforcements_3,nuke_2,nuke_2,11,0,0,0,0,0,6,0,42573,45000,359,1299
8268,61101,67000,15168,7,17,30,16220,47.9,10118,critical,0,0,0,4,22,0,4,0,lost-scoring,3,2,243,162,86,110438,8,750,2500,71315,31642,184515,147153,196944,157271,reinforcements_3,reinforcements_3,nuke_2,nuke_2,11,0,0,0,0,0,6,0,42573,45000,349,1289
8271,61101,67000,15165,7,17,30,16220,47.9,10118,critical,0,0,0,4,22,0,4,0,lost-scoring,3,3,243,243,36,110438,8,750,2500,71318,31642,184515,147153,196944,157271,reinforcements_3,reinforcements_3,nuke_2,nuke_2,11,0,0,0,0,0,6,0,42573,45000,339,1260
8274,61101,67000,15165,7,18,32,19750,49.7,12265,critical,0,0,0,4,23,0,5,0,lost-scoring,3,3,243,243,36,110357,8,750,2500,71318,31723,184518,147153,199013,159418,reinforcements_3,reinforcements_3,nuke_2,nuke_2,11,0,0,0,0,0,7,0,42573,45000,341,1270
8277,61101,67000,15162,7,18,33,19850,50.9,12346,critical,0,0,0,4,24,0,5,0,lost-scoring,5,3,342,243,86,110276,8,750,2500,71321,31804,184521,147153,199016,159499,reinforcements_3,reinforcements_3,nuke_2,nuke_2,11,0,0,0,0,0,7,0,42573,45000,333,1262
8280,61101,67000,15912,7,18,33,19850,50.9,12346,critical,0,0,0,4,24,0,5,0,lost-scoring,5,3,342,243,86,112776,8,750,2500,71321,31804,184521,147153,199016,159499,reinforcements_3,reinforcements_3,nuke_2,nuke_2,11,0,0,0,0,0,7,0,42573,45000,354,1233
8283,61101,67000,15909,7,18,34,19950,52.0,12427,critical,0,0,0,4,25,0,5,0,lost-scoring,6,5,423,342,86,112695,8,750,2500,71324,31885,184524,147153,199019,159580,reinforcements_3,reinforcements_3,nuke_2,nuke_2,11,0,0,0,0,0,7,0,42573,45000,346,1226
8286,61101,67000,15906,7,18,30,19575,43.6,12166,critical,0,0,0,3,22,0,5,0,lost-scoring,3,2,243,162,86,112695,8,750,2500,71327,31885,184524,147414,199019,159580,reinforcements_3,reinforcements_3,nuke_2,nuke_2,11,0,0,0,0,0,7,0,42573,45000,336,1277
8289,61101,67000,15906,7,18,31,19675,44.7,12247,critical,0,0,0,3,23,0,5,0,lost-scoring,3,2,243,162,86,112614,8,750,2500,71327,31966,184527,147414,199022,159661,reinforcements_3,reinforcements_3,nuke_2,nuke_2,11,0,0,0,0,0,7,0,42573,45000,355,1267
8292,61101,67000,15903,7,19,31,19650,48.6,12184,critical,0,0,0,4,22,0,5,0,lost-scoring,3,2,243,162,80,112596,8,750,2500,71330,31984,184527,147495,199025,159679,reinforcements_3,reinforcements_3,nuke_2,nuke_2,12,0,0,0,0,0,7,0,42573,45000,358,1279
8295,61101,67000,15903,7,18,30,19550,47.4,12103,critical,0,0,0,4,21,0,5,0,lost-scoring,3,2,243,162,80,112596,8,750,2500,71330,31984,184527,147576,199025,159679,reinforcements_3,reinforcements_3,nuke_2,nuke_2,11,0,0,0,0,0,7,0,42573,45000,363,1270
8298,61101,67000,15900,7,19,31,19650,48.6,12184,critical,0,0,0,4,22,0,5,0,lost-scoring,3,2,243,162,80,112515,8,750,2500,71333,32065,184530,147576,199028,159760,reinforcements_3,reinforcements_3,nuke_2,nuke_2,12,0,0,0,0,0,7,0,42573,45000,363,1261
8301,61101,67000,15897,7,19,31,19650,48.6,12184,critical,0,0,0,4,22,0,5,0,lost-scoring,4,4,261,261,45,112515,8,750,2500,71336,32065,184533,147576,199028,159760,reinforcements_3,reinforcements_3,nuke_2,nuke_2,12,0,0,0,0,0,7,0,42573,45000,352,1231
8304,61101,67000,15897,7,19,30,19550,47.4,12103,critical,0,0,0,4,21,0,5,0,lost-scoring,4,4,261,261,45,112434,8,750,2500,71336,32146,184533,147576,199031,159841,reinforcements_3,reinforcements_3,nuke_2,nuke_2,12,0,0,0,0,0,7,0,42573,45000,369,1263
8307,61101,67000,15894,7,19,31,19650,48.6,12184,critical,0,0,0,4,22,0,5,0,lost-scoring,3,2,180,99,80,112353,8,750,2500,71339,32227,184536,147738,199034,159922,reinforcements_3,reinforcements_3,nuke_2,nuke_2,12,0,0,0,0,0,7,0,42573,45000,356,1255
8310,61101,67000,16644,7,19,31,19650,48.6,12184,critical,0,0,0,4,22,0,5,0,lost-scoring,3,2,180,99,80,114853,8,750,2500,71339,32227,184536,147738,199034,159922,reinforcements_3,reinforcements_3,nuke_2,nuke_2,12,0,0,0,0,0,7,0,42573,45000,371,1226
8313,61101,67000,16641,7,18,32,19750,49.7,12265,critical,0,0,0,4,23,0,5,0,lost-scoring,4,3,261,180,80,114772,8,750,2500,71342,32308,184536,147738,199037,160003,reinforcements_3,reinforcements_3,nuke_2,nuke_2,11,0,0,0,0,0,7,0,42573,45000,347,1219
8316,61101,67000,16638,7,19,30,19575,43.6,12166,critical,0,0,0,3,22,0,5,0,lost-scoring,3,2,243,162,80,114772,8,750,2500,71345,32308,184542,147837,199037,160003,reinforcements_3,reinforcements_3,nuke_2,nuke_2,12,0,0,0,0,0,7,0,42573,45000,344,1228
8319,61101,67000,16638,7,19,31,19650,48.6,12184,critical,0,0,0,4,22,0,5,0,lost-scoring,3,2,243,162,80,114754,8,750,2500,71345,32326,184542,147837,199040,160021,reinforcements_3,reinforcements_3,nuke_2,nuke_2,12,0,0,0,0,0,7,0,42573,45000,358,1220
8322,61101,67000,16635,7,19,32,19750,49.7,12265,critical,0,0,0,4,23,0,5,0,lost-scoring,4,3,324,243,86,114673,8,750,2500,71348,32407,184545,147837,199043,160102,reinforcements_3,reinforcements_3,nuke_2,nuke_2,12,0,0,0,0,0,7,0,42573,45000,344,1212
8325,61101,67000,16635,7,19,30,19550,47.4,12103,critical,0,0,0,4,21,0,5,0,lost-scoring,4,3,324,243,86,114673,8,750,2500,71348,32407,184545,147999,199043,160102,reinforcements_3,reinforcements_3,nuke_2,nuke_2,12,0,0,0,0,0,7,0,42573,45000,359,1221
8328,61101,67000,16632,7,20,30,19550,47.4,12103,critical,0,0,0,4,21,0,5,0,lost-scoring,2,2,162,162,30,114592,8,750,2500,71351,32488,184545,148080,199046,160183,reinforcements_3,reinforcements_3,nuke_2,nuke_2,13,0,0,0,0,0,7,0,42573,45000,360,1233
8331,61101,67000,16629,7,21,29,19450,46.3,12022,critical,0,0,0,4,20,0,5,0,lost-scoring,2,2,99,99,35,114592,8,750,2500,71354,32488,184545,148161,199046,160183,reinforcements_3,reinforcements_3,nuke_2,nuke_2,14,0,0,0,0,0,7,0,42573,45000,359,1222
8334,61101,67000,16629,7,21,30,19550,47.4,12103,critical,0,0,0,4,21,0,5,0,lost-scoring,2,2,99,99,35,114511,8,750,2500,71354,32569,184545,148161,199049,160264,reinforcements_3,reinforcements_3,nuke_2,nuke_2,14,0,0,0,0,0,7,0,42573,45000,374,1215
8337,61101,67000,16626,7,22,31,19650,48.6,12184,critical,0,0,0,4,22,0,5,0,lost-scoring,3,3,180,180,50,114430,8,750,2500,71357,32650,184545,148161,199052,160345,reinforcements_3,reinforcements_3,nuke_2,nuke_2,15,0,0,0,0,0,7,0,42573,45000,375,1208
8340,61101,67000,17376,7,22,29,19475,42.4,12085,critical,0,0,0,3,21,0,5,0,lost-scoring,3,3,180,180,50,116930,8,750,2500,71357,32650,184545,148161,199052,160345,reinforcements_3,reinforcements_3,nuke_2,nuke_2,15,0,0,0,0,0,7,0,42573,45000,390,1215
8343,61101,67000,17373,7,23,30,19575,43.6,12166,critical,0,0,0,3,22,0,5,0,lost-scoring,2,2,162,162,48,116849,8,750,2500,71360,32731,184545,148260,199055,160426,reinforcements_3,reinforcements_3,nuke_2,nuke_2,16,0,0,0,0,0,7,0,42573,45000,391,1208
8346,61101,67000,17370,7,24,30,19575,43.6,12166,critical,0,0,0,3,22,0,5,0,lost-scoring,3,3,243,243,48,116849,8,750,2500,71363,32731,184545,148260,199055,160426,reinforcements_3,reinforcements_3,nuke_2,nuke_2,17,0,0,0,0,0,7,0,42573,45000,390,1179
8349,61101,67000,17370,7,24,31,19650,48.6,12184,critical,0,0,0,4,22,0,5,0,lost-scoring,3,3,243,243,48,116831,8,750,2500,71363,32749,184545,148260,199058,160444,reinforcements_3,reinforcements_3,nuke_2,nuke_2,17,0,0,0,0,0,7,0,42573,45000,406,1173
8352,61101,67000,15304,7,25,30,19550,47.4,12103,wipe,0,0,0,4,21,0,5,0,-,2,2,2147,2147,40,116750,8,750,2500,73429,32830,184545,148422,201124,160525,reinforcements_3,reinforcements_3,nuke_2,nuke_2,17,0,0,0,0,0,8,0,42573,45000,405,1202
8355,61101,67000,15304,7,25,30,19550,47.4,12103,wipe,0,0,0,4,21,0,5,0,-,2,2,2147,2147,40,116750,8,750,2500,73429,32830,184545,148422,201124,160525,reinforcements_3,reinforcements_3,nuke_2,nuke_2,17,0,0,0,0,0,8,0,42573,45000,420,1171
8358,61101,67000,15301,7,18,29,16120,46.8,10037,critical,0,0,0,4,21,0,4,0,cooldown,2,2,99,99,5,116669,8,750,2500,73432,32911,194884,150569,201127,160606,reinforcements_3,reinforcements_3,nuke_2,nuke_2,15,0,0,0,0,0,3,0,42573,45000,347,1202
8361,61101,67000,15298,7,18,29,16120,46.8,10037,critical,0,0,0,4,21,0,4,0,cooldown,4,4,2246,2246,56,116669,8,750,2500,73435,32911,194887,150569,201127,160606,reinforcements_3,reinforcements_3,nuke_2,nuke_2,15,0,0,0,0,0,3,0,42573,45000,337,1172
8364,61101,67000,15298,7,18,30,16220,47.9,10118,critical,0,0,0,4,22,0,4,0,cooldown,4,4,2246,2246,56,116588,8,750,2500,73435,32992,194887,150569,201130,160687,reinforcements_3,reinforcements_3,nuke_2,nuke_2,15,0,0,0,0,0,3,0,42573,45000,356,1168
8367,61101,67000,15295,7,18,31,16320,49.1,10199,critical,0,0,0,4,23,0,4,0,cooldown,5,5,2327,2327,56,116507,8,750,2500,73438,33073,194887,150569,201133,160768,reinforcements_3,reinforcements_3,nuke_2,nuke_2,15,0,0,0,0,0,3,0,42573,45000,344,1163
8370,61101,67000,16045,7,16,31,16320,49.1,10199,critical,0,0,0,4,23,0,4,0,cooldown,5,5,2327,2327,56,119007,8,750,2500,73438,33073,199022,150569,201133,160768,reinforcements_3,reinforcements_3,nuke_2,nuke_2,15,0,0,0,0,0,1,0,42573,45000,340,1136
8373,61101,67000,16042,7,16,32,16395,54.1,10217,critical,0,0,0,5,23,0,4,0,cooldown,7,7,4474,4474,61,118989,8,750,2500,73441,33091,199022,150569,201136,160786,reinforcements_3,reinforcements_3,nuke_2,nuke_2,15,0,0,0,0,0,1,0,42573,45000,328,1133
8376,61101,67000,16039,7,16,32,16395,54.1,10217,critical,0,0,0,5,23,0,4,0,cooldown,8,8,4555,4555,82,118989,8,750,2500,73444,33091,199028,150569,201136,160786,reinforcements_3,reinforcements_3,nuke_2,nuke_2,15,0,0,0,0,0,1,0,42573,45000,314,1103
8379,61101,67000,16039,7,16,33,16495,55.2,10298,critical,0,0,0,5,24,0,4,0,cooldown,8,8,4555,4555,82,118908,8,750,2500,73444,33172,199028,150569,201139,160867,reinforcements_3,reinforcements_3,nuke_2,nuke_2,15,0,0,0,0,0,1,0,42573,45000,334,1101
8382,61101,67000,13973,7,15,34,16595,56.4,10379,wipe,0,0,0,5,25,0,4,0,-,9,9,6621,6621,82,118827,8,750,2500,75510,33253,199034,150569,203205,160948,reinforcements_3,reinforcements_3,nuke_2,nuke_2,13,0,0,0,0,0,2,0,42573,45000,302,1098
8385,61101,67000,13973,7,14,34,16595,56.4,10379,wipe,0,0,0,5,25,0,4,0,-,9,9,6621,6621,82,118827,8,750,2500,75510,33253,199037,150569,203205,160948,reinforcements_3,reinforcements_3,nuke_2,nuke_2,12,0,0,0,0,0,2,0,42573,45000,306,1069
8388,61101,67000,13970,7,14,35,16695,57.5,10460,critical,0,0,0,5,26,0,4,0,cooldown,11,10,6720,6639,117,118746,8,750,2500,75513,33334,199037,150569,203208,161029,reinforcements_3,reinforcements_3,nuke_2,nuke_2,12,0,0,0,0,0,2,0,42573,45000,294,1067
8391,61101,67000,13967,7,14,35,16695,57.5,10460,critical,0,0,0,5,26,0,4,0,cooldown,13,11,8867,6720,143,118746,8,750,2500,75516,33334,199043,150569,203208,161029,reinforcements_3,reinforcements_3,nuke_2,nuke_2,12,0,0,0,0,0,2,0,42573,45000,281,1038
8394,61101,67000,13967,7,14,36,16795,58.7,10541,critical,0,0,0,5,27,0,4,0,cooldown,13,11,8867,6720,143,118665,8,750,2500,75516,33415,199043,150569,203211,161110,reinforcements_3,reinforcements_3,nuke_2,nuke_2,12,0,0,0,0,0,2,0,42573,45000,302,1036
8397,61101,67000,13964,7,12,27,5930,45.9,3920,critical,0,0,0,4,22,0,1,0,cooldown,14,11,8948,6720,152,118647,8,750,2500,75519,33433,199046,150569,203214,161128,reinforcements_3,reinforcements_3,nuke_2,nuke_2,11,0,0,0,0,0,1,0,42573,45000,258,1215
8400,61101,67000,14714,7,12,27,5930,45.9,3920,critical,0,0,0,4,22,0,1,0,cooldown,14,11,8948,6720,152,121147,8,750,2500,75519,33433,201115,157208,203214,161128,reinforcements_3,reinforcements_3,nuke_2,nuke_2,11,0,0,0,0,0,1,0,42573,45000,280,1184
8403,61101,67000,14711,7,12,28,6030,47.1,4001,block,0,0,0,4,23,0,1,0,cooldown,5,4,2390,2309,150,121066,8,750,2500,75522,33514,201118,157208,203217,161209,reinforcements_3,reinforcements_3,nuke_2,nuke_2,11,0,0,0,0,0,1,0,42573,45000,264,1179
8406,61101,67000,6911,7,12,28,6030,47.1,4001,block,0,0,0,4,23,0,1,0,cooldown,6,4,2471,2309,166,121066,8,750,2500,75522,33514,201118,157208,203217,161209,reinforcements_3,reinforcements_3,nuke_2,nuke_2,11,0,0,0,0,0,1,0,42573,45000,284,1148
8409,61101,67000,6908,7,12,29,6130,48.2,4082,block,0,0,0,4,24,0,1,0,cooldown,6,4,2471,2309,166,113185,8,750,2500,75525,33595,201121,157208,203220,161290,reinforcements_3,reinforcements_3,nuke_2,nuke_2,11,0,0,0,0,0,1,0,42573,45000,268,1145
8412,61101,67000,4842,7,13,30,6230,49.4,4163,wipe,0,0,0,4,25,0,1,0,-,7,5,2489,2390,131,113104,8,750,2500,77591,33676,201121,157208,205286,161371,reinforcements_3,reinforcements_3,nuke_2,nuke_2,11,0,0,0,0,0,2,0,42573,45000,267,1143
8415,61101,67000,4842,7,12,30,6230,49.4,4163,wipe,0,0,0,4,25,0,1,0,-,7,5,2489,2390,131,113104,8,750,2500,77591,33676,201124,157208,205286,161371,reinforcements_3,reinforcements_3,nuke_2,nuke_2,10,0,0,0,0,0,2,0,42573,45000,271,1114
8418,61101,67000,4839,7,13,31,6330,50.5,4244,block,0,0,0,4,26,0,1,0,cooldown,8,7,2570,2489,186,113023,8,750,2500,77594,33757,201124,157208,205289,161452,reinforcements_3,reinforcements_3,nuke_2,nuke_2,11,0,0,0,0,0,2,0,42573,45000,275,1111
8421,61101,67000,4836,7,13,31,6330,50.5,4244,block,0,0,0,4,26,0,1,0,cooldown,9,7,2651,2489,187,113023,8,750,2500,77597,33757,201127,157208,205289,161452,reinforcements_3,reinforcements_3,nuke_2,nuke_2,11,0,0,0,0,0,2,0,42573,45000,263,1084
8424,61101,67000,4836,7,12,27,2600,46.4,1935,block,0,0,0,4,23,0,0,0,cooldown,9,7,2651,2489,187,112942,8,750,2500,77597,33838,201127,157208,205292,161533,reinforcements_3,reinforcements_3,nuke_2,nuke_2,10,0,0,0,0,0,2,0,42573,45000,267,1190
8427,61101,67000,4833,7,12,28,2675,51.4,1953,block,0,0,0,5,23,0,0,0,cooldown,5,2,342,99,187,112924,8,750,2500,77600,33856,201133,159598,205295,161551,reinforcements_3,reinforcements_3,nuke_2,nuke_2,10,0,0,0,0,0,2,0,42573,45000,251,1186
8430,61101,67000,5583,7,12,28,2675,51.4,1953,block,0,0,0,5,23,0,0,0,cooldown,5,2,342,99,187,115424,8,750,2500,77600,33856,201133,159598,205295,161551,reinforcements_3,reinforcements_3,nuke_2,nuke_2,10,0,0,0,0,0,2,0,42573,45000,270,1156
8433,61101,67000,5580,7,12,29,2775,52.6,2034,block,0,0,0,5,24,0,0,0,cooldown,6,2,423,99,202,115343,8,750,2500,77603,33937,201136,159598,205298,161632,reinforcements_3,reinforcements_3,nuke_2,nuke_2,10,0,0,0,0,0,2,0,42573,45000,256,1153
8436,61101,67000,5577,7,13,29,2775,52.6,2034,block,0,0,0,5,24,0,0,0,cooldown,6,3,423,180,152,115343,8,750,2500,77606,33937,201136,159598,205298,161632,reinforcements_3,reinforcements_3,nuke_2,nuke_2,11,0,0,0,0,0,2,0,42573,45000,257,1124
8439,61101,67000,5577,7,12,30,2875,53.7,2115,block,0,0,0,5,25,0,0,0,cooldown,6,3,423,180,152,115262,8,750,2500,77606,34018,201139,159598,205301,161713,reinforcements_3,reinforcements_3,nuke_2,nuke_2,10,0,0,0,0,0,2,0,42573,45000,261,1121
8442,61101,67000,5574,7,13,31,2975,54.9,2196,block,0,0,0,5,26,0,0,0,lost-scoring,8,4,522,261,202,115181,8,750,2500,77609,34099,201139,159598,205304,161794,reinforcements_3,reinforcements_3,nuke_2,nuke_2,11,0,0,0,0,0,2,0,42573,45000,264,1119
8445,61101,67000,5574,7,12,31,2975,54.9,2196,block,0,0,0,5,26,0,0,0,lost-scoring,8,4,522,261,202,115181,8,750,2500,77609,34099,201139,159598,205304,161794,reinforcements_3,reinforcements_3,nuke_2,nuke_2,10,0,0,0,0,0,2,0,42573,45000,269,1092
8448,61101,67000,5571,7,13,32,3075,56.0,2277,block,0,0,0,5,27,0,0,0,lost-scoring,9,5,603,342,202,115100,8,750,2500,77612,34180,201142,159598,205307,161875,reinforcements_3,reinforcements_3,nuke_2,nuke_2,11,0,0,0,0,0,2,0,42573,45000,272,1091
8451,61101,67000,5568,7,14,32,3075,56.0,2277,block,0,0,0,5,27,0,0,0,lost-scoring,10,7,684,441,202,115100,8,750,2500,77615,34180,201142,159598,205307,161875,reinforcements_3,reinforcements_3,nuke_2,nuke_2,12,0,0,0,0,0,2,0,42573,45000,273,1064
8454,61101,67000,5568,7,13,28,2675,51.4,1953,block,0,0,0,5,23,0,0,0,lost-scoring,10,7,684,441,202,115082,8,750,2500,77615,34198,201145,159940,205310,161893,reinforcements_3,reinforcements_3,nuke_2,nuke_2,11,0,0,0,0,0,2,0,42573,45000,275,1165
8457,61101,67000,7065,7,13,29,2775,52.6,2034,block,0,0,0,5,24,0,0,0,lost-scoring,6,2,423,99,202,116501,8,750,2500,77618,34279,201148,159940,205313,161974,reinforcements_3,reinforcements_3,nuke_2,nuke_2,11,0,0,0,0,0,2,0,42573,45000,261,1162
8460,61101,67000,7815,7,13,29,2775,52.6,2034,block,0,0,0,5,24,0,0,0,lost-scoring,6,2,423,99,202,119001,8,750,2500,77618,34279,201148,159940,205313,161974,reinforcements_3,reinforcements_3,nuke_2,nuke_2,11,0,0,0,0,0,2,0,42573,45000,278,1132
8463,61101,67000,7812,7,13,30,2875,53.7,2115,block,0,0,0,5,25,0,0,0,lost-scoring,7,3,504,180,202,118920,8,750,2500,77621,34360,201151,159940,205316,162055,reinforcements_3,reinforcements_3,nuke_2,nuke_2,11,0,0,0,0,0,2,0,42573,45000,264,1130
8466,61101,67000,9309,7,14,30,2875,53.7,2115,block,0,0,0,5,25,0,0,0,lost-scoring,8,4,522,261,167,120420,8,750,2500,77624,34360,201151,159940,205316,162055,reinforcements_3,reinforcements_3,nuke_2,nuke_2,12,0,0,0,0,0,2,0,42573,45000,265,1101
8469,61101,67000,9309,7,13,31,2975,54.9,2196,block,0,0,0,5,26,0,0,0,lost-scoring,8,4,522,261,167,120339,8,750,2500,77624,34441,201154,159940,205319,162136,reinforcements_3,reinforcements_3,nuke_2,nuke_2,11,0,0,0,0,0,2,0,42573,45000,268,1100
8472,61101,67000,9306,7,14,28,2700,47.6,2016,block,0,0,0,4,24,0,0,0,lost-scoring,5,2,342,162,200,120258,8,750,2500,77627,34522,201154,160201,205322,162217,reinforcements_3,reinforcements_3,nuke_2,nuke_2,12,0,0,0,0,0,2,0,42573,45000,270,1184
8475,61101,67000,10806,7,14,28,2700,47.6,2016,block,0,0,0,4,24,0,0,0,lost-scoring,5,2,342,162,200,121758,8,750,2500,77627,34522,201154,160201,205322,162217,reinforcements_3,reinforcements_3,nuke_2,nuke_2,12,0,0,0,0,0,2,0,42573,45000,287,1154
8478,61101,67000,10803,7,15,28,2700,47.6,2016,block,0,0,0,4,24,0,0,0,lost-scoring,6,4,423,261,200,537,8,750,2500,77630,34522,201154,160201,205325,162217,reinforcements_3,reinforcements_3,nuke_2,nuke_2,13,0,0,0,0,0,2,0,42573,45000,288,1125
8481,61101,67000,10800,7,16,28,2700,47.6,2016,block,0,0,0,4,24,0,0,0,lost-scoring,7,4,504,261,200,537,8,750,2500,77633,34522,201154,160201,205325,162217,reinforcements_3,reinforcements_3,nuke_2,nuke_2,14,0,0,0,0,0,2,0,42573,45000,288,1097
8484,61101,67000,10800,7,16,29,2775,52.6,2034,block,0,0,0,5,24,0,0,0,lost-scoring,7,4,504,261,200,519,8,750,2500,77633,34540,201154,160201,205328,162235,reinforcements_3,reinforcements_3,nuke_2,nuke_2,14,0,0,0,0,0,2,0,42573,45000,303,1098
8487,61101,67000,12297,7,17,30,2850,57.6,2052,block,0,0,0,6,24,0,0,0,lost-scoring,8,5,585,342,200,2001,8,750,2500,77636,34558,201154,160201,205331,162253,reinforcements_3,reinforcements_3,nuke_2,nuke_2,15,0,0,0,0,0,2,0,42573,45000,303,1098
8490,61101,67000,13047,7,17,30,2850,57.6,2052,block,0,0,0,6,24,0,0,0,lost-scoring,8,5,585,342,200,4501,8,750,2500,77636,34558,201154,160201,205331,162253,reinforcements_3,reinforcements_3,nuke_2,nuke_2,15,0,0,0,0,0,2,0,42573,45000,317,1070
8493,61101,67000,13044,7,18,31,2925,62.6,2070,block,0,0,0,7,24,0,0,0,lost-scoring,9,6,603,423,165,4483,8,750,2500,77639,34576,201154,160201,205334,162271,reinforcements_3,reinforcements_3,nuke_2,nuke_2,16,0,0,0,0,0,2,0,42573,45000,315,1070
8496,61101,67000,14541,7,15,31,2925,62.6,2070,block,0,0,0,7,24,0,0,0,lost-scoring,10,7,684,504,200,5983,8,750,2500,77642,34576,201166,160201,205334,162271,reinforcements_3,reinforcements_3,nuke_2,nuke_2,13,0,0,0,0,0,2,0,42573,45000,277,1043
8499,61101,67000,14541,7,14,26,2425,56.8,1665,block,0,0,0,7,19,0,0,0,lost-scoring,10,7,684,504,200,5965,8,750,2500,77642,34594,201169,160624,205337,162289,reinforcements_3,reinforcements_3,nuke_2,nuke_2,12,0,0,0,0,0,2,0,42573,45000,283,1169
8502,61101,67000,14538,7,14,27,2500,61.8,1683,block,0,0,0,8,19,0,0,0,lost-scoring,5,3,342,180,190,5947,8,750,2500,77645,34612,201172,160624,205340,162307,reinforcements_3,reinforcements_3,nuke_2,nuke_2,12,0,0,0,0,0,2,0,42573,45000,272,1165
8505,61101,67000,16038,7,14,27,2500,61.8,1683,block,0,0,0,8,19,0,0,0,lost-scoring,5,3,342,180,190,7447,8,750,2500,77645,34612,201172,160624,205340,162307,reinforcements_3,reinforcements_3,nuke_2,nuke_2,12,0,0,0,0,0,2,0,42573,45000,290,1135
8508,61101,67000,16035,7,15,28,2575,66.8,1701,block,0,0,0,9,19,0,0,0,lost-scoring,6,3,423,180,190,7429,8,750,2500,77648,34630,201172,160624,205343,162325,reinforcements_3,reinforcements_3,nuke_2,nuke_2,13,0,0,0,0,0,2,0,42573,45000,290,1133
8511,61101,67000,16032,7,16,28,2575,66.8,1701,block,0,0,0,9,19,0,0,0,lost-scoring,7,4,504,261,190,7429,8,750,2500,77651,34630,201172,160624,205343,162325,reinforcements_3,reinforcements_3,nuke_2,nuke_2,14,0,0,0,0,0,2,0,42573,45000,290,1104
8514,61101,67000,16032,7,16,29,2650,71.8,1719,block,0,0,0,10,19,0,0,0,lost-scoring,7,4,504,261,190,7411,8,750,2500,77651,34648,201172,160624,205346,162343,reinforcements_3,reinforcements_3,nuke_2,nuke_2,14,0,0,0,0,0,2,0,42573,45000,306,1102
8517,61101,67000,17529,7,17,30,2725,76.8,1737,block,0,0,0,11,19,0,0,0,lost-scoring,7,5,504,342,140,8893,8,750,2500,77654,34666,201172,160624,205349,162361,reinforcements_3,reinforcements_3,nuke_2,nuke_2,15,0,0,0,0,0,2,0,42573,45000,304,1099
8520,61101,67000,18279,7,14,30,2725,76.8,1737,block,0,0,0,11,19,0,0,0,lost-scoring,7,5,504,342,140,11393,8,750,2500,77654,34666,201181,160624,205349,162361,reinforcements_3,reinforcements_3,nuke_2,nuke_2,12,0,0,0,0,0,2,0,42573,45000,288,1069
8523,61101,67000,18276,7,14,31,2800,81.8,1755,block,0,0,0,12,19,0,0,0,lost-scoring,9,6,603,423,196,11375,8,750,2500,77657,34684,201184,160624,205352,162379,reinforcements_3,reinforcements_3,nuke_2,nuke_2,12,0,0,0,0,0,2,0,42573,45000,277,1068
8526,61101,67000,19773,7,14,31,2800,81.8,1755,block,0,0,0,12,19,0,0,0,lost-scoring,9,7,603,504,146,12875,8,750,2500,77660,34684,201187,160624,205352,162379,reinforcements_3,reinforcements_3,nuke_2,nuke_2,12,0,0,0,0,0,2,0,42573,45000,266,1040
8529,61101,67000,19773,7,14,32,2875,86.8,1773,block,0,0,0,13,19,0,0,0,lost-scoring,9,7,603,504,146,12857,8,750,2500,77660,34702,201187,160624,205355,162397,reinforcements_3,reinforcements_3,nuke_2,nuke_2,12,0,0,0,0,0,2,0,42573,45000,283,1039
8532,61101,67000,19770,7,14,33,2950,91.8,1791,block,0,0,0,14,19,0,0,0,lost-scoring,11,8,765,522,196,12839,8,750,2500,77663,34720,201187,160624,205358,162415,reinforcements_3,reinforcements_3,nuke_2,nuke_2,12,0,0,0,0,0,2,0,42573,45000,272,1038
8535,61101,67000,19770,7,13,33,2950,91.8,1791,block,0,0,0,14,19,0,0,0,lost-scoring,11,8,765,522,196,12839,8,750,2500,77663,34720,201190,160624,205358,162415,reinforcements_3,reinforcements_3,nuke_2,nuke_2,11,0,0,0,0,0,2,0,42573,45000,276,1012
8538,61101,67000,18327,7,15,35,6455,97.5,3875,block,0,0,0,15,19,0,1,0,lost-scoring,12,9,846,603,196,11381,8,750,2500,77666,34738,201193,160624,207427,164499,reinforcements_3,reinforcements_3,nuke_2,nuke_2,12,0,0,0,0,0,3,0,42573,45000,260,1037
8541,61101,67000,18327,7,15,35,6455,97.5,3875,outmatched,0,0,0,15,19,0,1,0,lost-scoring,13,9,927,603,196,11381,8,750,2500,77666,34738,201193,160624,207427,164499,reinforcements_3,reinforcements_3,nuke_2,nuke_2,12,0,0,0,0,0,3,0,42573,45000,278,1011
8544,61101,67000,18327,7,14,36,6530,102.5,3893,outmatched,0,0,0,16,19,0,1,0,lost-scoring,13,9,927,603,196,11363,8,750,2500,77666,34756,201196,160624,207427,164517,reinforcements_3,reinforcements_3,nuke_2,nuke_2,11,0,0,0,0,0,3,0,42573,45000,284,1009
8547,61101,67000,18327,7,4,37,9960,103.2,5959,outmatched,0,0,0,16,19,0,2,0,lost-scoring,14,11,945,765,161,11363,8,750,2500,77666,34756,201199,160624,207427,164517,reinforcements_3,reinforcements_3,nuke_2,nuke_2,0,0,0,0,0,0,4,0,42573,45000,199,1008
8550,61101,67000,19077,7,4,37,9960,103.2,5959,outmatched,0,0,0,16,19,0,2,0,lost-scoring,14,11,945,765,161,13863,8,750,2500,77666,34756,201229,160624,209493,166583,reinforcements_3,reinforcements_3,nuke_2,nuke_2,0,0,0,0,0,0,4,0,42573,45000,199,983
8553,61101,67000,19077,7,4,37,9960,103.2,5959,outmatched,0,0,0,16,19,0,2,0,lost-scoring,15,12,1026,846,196,13863,8,750,2500,77666,34756,201229,160624,209493,166583,reinforcements_3,reinforcements_3,nuke_2,nuke_2,0,0,0,0,0,0,4,0,42573,45000,196,958
8556,61101,67000,19077,7,4,37,9960,103.2,5959,outmatched,0,0,0,16,19,0,2,0,lost-scoring,16,14,1107,945,196,13863,8,750,2500,77666,34756,201229,160624,209493,166583,reinforcements_3,reinforcements_3,nuke_2,nuke_2,0,0,0,0,0,0,4,0,42573,45000,196,934
8559,61101,67000,19077,7,5,38,13390,103.8,8025,outmatched,0,0,0,16,19,0,3,0,lost-scoring,16,14,1107,945,196,13863,8,750,2500,77666,34756,201229,160624,211559,168649,reinforcements_3,reinforcements_3,nuke_2,nuke_2,0,0,0,0,0,0,5,0,42573,45000,162,935
8562,61101,67000,18774,7,4,38,13390,103.8,8025,block,0,0,0,16,19,0,3,0,lost-scoring,17,14,1188,945,222,13863,8,750,2500,77669,34756,205361,160624,211559,168649,reinforcements_3,reinforcements_3,nuke_2,nuke_2,1,0,0,0,0,0,3,0,42573,45000,25,902
8565,61101,67000,18774,7,4,38,13390,103.8,8025,block,0,0,0,16,19,0,3,0,lost-scoring,17,14,1188,945,222,13863,8,750,2500,77669,34756,205361,160624,211562,168649,reinforcements_3,reinforcements_3,nuke_2,nuke_2,1,0,0,0,0,0,3,0,42573,45000,38,868
8568,61101,67000,18771,7,3,39,168200,104.5,10091,critical,0,0,0,16,19,0,4,0,lost-scoring,18,14,1269,945,287,13863,8,750,2500,77672,34756,209496,160624,213631,170715,reinforcements_3,reinforcements_3,nuke_2,nuke_2,1,0,0,0,0,0,2,0,42573,45000,40,662
8571,56301,67000,18690,7,4,39,168200,104.5,10091,wipe,0,0,0,16,19,0,4,0,-,31,21,1755,1323,465,13863,8,750,2500,77753,34756,209496,160624,213631,170715,reinforcements_3,reinforcements_3,nuke_2,nuke_2,1,0,0,0,1,0,2,0,42573,45000,49,439
8574,51201,67000,18690,7,4,39,168200,104.5,10091,wipe,0,0,0,16,19,0,4,0,-,31,21,1755,1323,465,13863,8,750,2500,77753,34756,209496,160624,213712,170715,reinforcements_3,reinforcements_3,nuke_2,nuke_2,1,0,0,0,1,0,2,0,42573,45000,69,304
8577,47541,67000,18687,7,6,40,171630,105.1,12157,critical,0,0,0,16,19,0,5,0,cooldown,37,35,5959,1827,500,13863,8,750,2500,77756,34756,209496,160624,213715,170715,reinforcements_3,reinforcements_3,nuke_2,nuke_2,2,0,0,0,1,0,3,0,42573,45000,69,287
8580,47241,67000,19437,7,6,40,171630,105.1,12157,critical,0,0,0,16,19,0,5,0,cooldown,37,35,5959,1827,500,16363,8,750,2500,77756,34756,209496,160624,215781,172781,reinforcements_3,reinforcements_3,nuke_2,nuke_2,2,0,0,0,1,0,3,0,42573,45000,83,256
