tick,hp,maxhp,money,inv,own,enemy,enemy_dps,enemy_swings,enemy_value,choice,t1,t2,t3,t4,t5,t6,t7,t8
3,2000,2000,0,0,0,0,0,0.0,0,,0,0,0,0,0,0,0,0
6,2000,2000,0,0,0,0,0,0.0,0,,0,0,0,0,0,0,0,0
9,2000,2000,0,0,0,0,0,0.0,0,,0,0,0,0,0,0,0,0
12,2000,2000,0,0,0,0,0,0.0,0,,0,0,0,0,0,0,0,0
15,2000,2000,0,0,0,0,0,0.0,0,,0,0,0,0,0,0,0,0
18,2000,2000,0,0,0,0,0,0.0,0,,0,0,0,0,0,0,0,0
21,2000,2000,0,0,0,0,0,0.0,0,,0,0,0,0,0,0,0,0
24,2000,2000,0,0,0,0,0,0.0,0,,0,0,0,0,0,0,0,0
27,2000,2000,0,0,0,0,0,0.0,0,,0,0,0,0,0,0,0,0
30,2000,2000,2,0,0,0,0,0.0,0,,0,0,0,0,0,0,0,0
33,2000,2000,2,0,0,0,0,0.0,0,,0,0,0,0,0,0,0,0
36,2000,2000,2,0,0,0,0,0.0,0,,0,0,0,0,0,0,0,0
39,2000,2000,2,0,0,0,0,0.0,0,,0,0,0,0,0,0,0,0
42,2000,2000,2,0,0,0,0,0.0,0,,0,0,0,0,0,0,0,0
45,2000,2000,2,0,0,0,0,0.0,0,,0,0,0,0,0,0,0,0
48,2000,2000,2,0,0,0,0,0.0,0,,0,0,0,0,0,0,0,0
51,2000,2000,2,0,0,0,0,0.0,0,,0,0,0,0,0,0,0,0
54,2000,2000,2,0,0,0,0,0.0,0,,0,0,0,0,0,0,0,0
57,2000,2000,2,0,0,0,0,0.0,0,,0,0,0,0,0,0,0,0
60,2000,2000,4,0,0,0,0,0.0,0,,0,0,0,0,0,0,0,0
63,2000,2000,4,0,0,0,0,0.0,0,,0,0,0,0,0,0,0,0
66,2000,2000,4,0,0,0,0,0.0,0,,0,0,0,0,0,0,0,0
69,2000,2000,4,0,0,0,0,0.0,0,,0,0,0,0,0,0,0,0
72,2000,2000,4,0,0,0,0,0.0,0,,0,0,0,0,0,0,0,0
75,2000,2000,4,0,0,0,0,0.0,0,,0,0,0,0,0,0,0,0
78,2000,2000,4,0,0,0,0,0.0,0,,0,0,0,0,0,0,0,0
81,2000,2000,4,0,0,0,0,0.0,0,,0,0,0,0,0,0,0,0
84,2000,2000,4,0,0,0,0,0.0,0,,0,0,0,0,0,0,0,0
87,2000,2000,4,0,0,0,0,0.0,0,,0,0,0,0,0,0,0,0
90,2000,2000,6,0,0,0,0,0.0,0,,0,0,0,0,0,0,0,0
93,2000,2000,6,0,0,0,0,0.0,0,,0,0,0,0,0,0,0,0
96,2000,2000,6,0,0,0,0,0.0,0,,0,0,0,0,0,0,0,0
99,2000,2000,6,0,0,0,0,0.0,0,,0,0,0,0,0,0,0,0
102,2000,2000,6,0,0,0,0,0.0,0,,0,0,0,0,0,0,0,0
105,2000,2000,6,0,0,0,0,0.0,0,,0,0,0,0,0,0,0,0
108,2000,2000,6,0,0,0,0,0.0,0,,0,0,0,0,0,0,0,0
111,2000,2000,6,0,0,0,0,0.0,0,,0,0,0,0,0,0,0,0
114,2000,2000,6,0,0,0,0,0.0,0,,0,0,0,0,0,0,0,0
117,2000,2000,6,0,0,0,0,0.0,0,,0,0,0,0,0,0,0,0
120,2000,2000,8,0,0,0,0,0.0,0,,0,0,0,0,0,0,0,0
123,2000,2000,8,0,0,0,0,0.0,0,,0,0,0,0,0,0,0,0
126,2000,2000,8,0,0,0,0,0.0,0,,0,0,0,0,0,0,0,0
129,2000,2000,8,0,0,0,0,0.0,0,,0,0,0,0,0,0,0,0
132,2000,2000,8,0,0,0,0,0.0,0,,0,0,0,0,0,0,0,0
135,2000,2000,8,0,0,0,0,0.0,0,,0,0,0,0,0,0,0,0
138,2000,2000,8,0,0,0,0,0.0,0,,0,0,0,0,0,0,0,0
141,2000,2000,8,0,0,0,0,0.0,0,,0,0,0,0,0,0,0,0
144,2000,2000,8,0,0,0,0,0.0,0,,0,0,0,0,0,0,0,0
147,2000,2000,8,0,0,0,0,0.0,0,,0,0,0,0,0,0,0,0
150,2000,2000,10,0,0,0,0,0.0,0,,0,0,0,0,0,0,0,0
153,2000,2000,10,0,0,0,0,0.0,0,,0,0,0,0,0,0,0,0
156,2000,2000,10,0,0,0,0,0.0,0,,0,0,0,0,0,0,0,0
159,2000,2000,10,0,0,0,0,0.0,0,,0,0,0,0,0,0,0,0
162,2000,2000,10,0,0,0,0,0.0,0,,0,0,0,0,0,0,0,0
165,2000,2000,10,0,0,0,0,0.0,0,,0,0,0,0,0,0,0,0
168,2000,2000,10,0,0,0,0,0.0,0,,0,0,0,0,0,0,0,0
171,2000,2000,10,0,0,0,0,0.0,0,,0,0,0,0,0,0,0,0
174,2000,2000,10,0,0,0,0,0.0,0,,0,0,0,0,0,0,0,0
177,2000,2000,10,0,0,0,0,0.0,0,,0,0,0,0,0,0,0,0
180,2000,2000,12,0,0,0,0,0.0,0,,0,0,0,0,0,0,0,0
183,2000,2000,12,0,0,0,0,0.0,0,,0,0,0,0,0,0,0,0
186,2000,2000,12,0,0,0,0,0.0,0,,0,0,0,0,0,0,0,0
189,2000,2000,12,0,0,0,0,0.0,0,,0,0,0,0,0,0,0,0
192,2000,2000,12,0,0,0,0,0.0,0,,0,0,0,0,0,0,0,0
195,2000,2000,12,0,0,0,0,0.0,0,,0,0,0,0,0,0,0,0
198,2000,2000,12,0,0,0,0,0.0,0,,0,0,0,0,0,0,0,0
201,2000,2000,12,0,0,0,0,0.0,0,,0,0,0,0,0,0,0,0
204,2000,2000,12,0,0,0,0,0.0,0,,0,0,0,0,0,0,0,0
207,2000,2000,12,0,0,0,0,0.0,0,,0,0,0,0,0,0,0,0
210,2000,2000,14,0,0,0,0,0.0,0,,0,0,0,0,0,0,0,0
213,2000,2000,14,0,0,0,0,0.0,0,,0,0,0,0,0,0,0,0
216,2000,2000,14,0,0,0,0,0.0,0,,0,0,0,0,0,0,0,0
219,2000,2000,14,0,0,0,0,0.0,0,,0,0,0,0,0,0,0,0
222,2000,2000,14,0,0,0,0,0.0,0,,0,0,0,0,0,0,0,0
225,2000,2000,14,0,0,0,0,0.0,0,,0,0,0,0,0,0,0,0
228,2000,2000,14,0,0,0,0,0.0,0,,0,0,0,0,0,0,0,0
231,2000,2000,14,0,0,0,0,0.0,0,,0,0,0,0,0,0,0,0
234,2000,2000,14,0,0,0,0,0.0,0,,0,0,0,0,0,0,0,0
237,2000,2000,14,0,0,0,0,0.0,0,,0,0,0,0,0,0,0,0
240,2000,2000,16,0,0,0,0,0.0,0,,0,0,0,0,0,0,0,0
243,2000,2000,16,0,0,0,0,0.0,0,,0,0,0,0,0,0,0,0
246,2000,2000,16,0,0,0,0,0.0,0,,0,0,0,0,0,0,0,0
249,2000,2000,16,0,0,0,0,0.0,0,,0,0,0,0,0,0,0,0
252,2000,2000,16,0,0,0,0,0.0,0,,0,0,0,0,0,0,0,0
255,2000,2000,16,0,0,0,0,0.0,0,,0,0,0,0,0,0,0,0
258,2000,2000,16,0,0,0,0,0.0,0,,0,0,0,0,0,0,0,0
261,2000,2000,16,0,0,0,0,0.0,0,,0,0,0,0,0,0,0,0
264,2000,2000,16,0,0,0,0,0.0,0,,0,0,0,0,0,0,0,0
267,2000,2000,16,0,0,0,0,0.0,0,,0,0,0,0,0,0,0,0
270,2000,2000,18,0,0,0,0,0.0,0,,0,0,0,0,0,0,0,0
273,2000,2000,0,1,0,0,0,0.0,0,,0,0,0,0,0,0,0,0
276,2000,2000,0,1,0,0,0,0.0,0,,0,0,0,0,0,0,0,0
279,2000,2000,0,1,0,0,0,0.0,0,,0,0,0,0,0,0,0,0
282,2000,2000,0,1,0,0,0,0.0,0,,0,0,0,0,0,0,0,0
285,2000,2000,0,1,0,0,0,0.0,0,,0,0,0,0,0,0,0,0
288,2000,2000,0,1,0,0,0,0.0,0,,0,0,0,0,0,0,0,0
291,2000,2000,0,1,0,0,0,0.0,0,,0,0,0,0,0,0,0,0
294,2000,2000,0,1,0,0,0,0.0,0,,0,0,0,0,0,0,0,0
297,2000,2000,0,1,0,0,0,0.0,0,,0,0,0,0,0,0,0,0
300,2000,2000,3,1,0,0,0,0.0,0,,0,0,0,0,0,0,0,0
303,2000,2000,3,1,0,0,0,0.0,0,,0,0,0,0,0,0,0,0
306,2000,2000,3,1,0,0,0,0.0,0,,0,0,0,0,0,0,0,0
309,2000,2000,3,1,0,0,0,0.0,0,,0,0,0,0,0,0,0,0
312,2000,2000,3,1,0,0,0,0.0,0,,0,0,0,0,0,0,0,0
315,2000,2000,3,1,0,0,0,0.0,0,,0,0,0,0,0,0,0,0
318,2000,2000,3,1,0,0,0,0.0,0,,0,0,0,0,0,0,0,0
321,2000,2000,3,1,0,0,0,0.0,0,,0,0,0,0,0,0,0,0
324,2000,2000,3,1,0,0,0,0.0,0,,0,0,0,0,0,0,0,0
327,2000,2000,3,1,0,0,0,0.0,0,,0,0,0,0,0,0,0,0
330,2000,2000,5,1,0,0,0,0.0,0,,0,0,0,0,0,0,0,0
333,2000,2000,5,1,0,0,0,0.0,0,,0,0,0,0,0,0,0,0
336,2000,2000,5,1,0,0,0,0.0,0,,0,0,0,0,0,0,0,0
339,2000,2000,5,1,0,0,0,0.0,0,,0,0,0,0,0,0,0,0
342,2000,2000,5,1,0,0,0,0.0,0,,0,0,0,0,0,0,0,0
345,2000,2000,5,1,0,0,0,0.0,0,,0,0,0,0,0,0,0,0
348,2000,2000,5,1,0,0,0,0.0,0,,0,0,0,0,0,0,0,0
351,2000,2000,5,1,0,0,0,0.0,0,,0,0,0,0,0,0,0,0
354,2000,2000,5,1,0,0,0,0.0,0,,0,0,0,0,0,0,0,0
357,2000,2000,5,1,0,0,0,0.0,0,,0,0,0,0,0,0,0,0
360,2000,2000,8,1,0,0,0,0.0,0,,0,0,0,0,0,0,0,0
363,2000,2000,8,1,0,0,0,0.0,0,,0,0,0,0,0,0,0,0
366,2000,2000,8,1,0,0,0,0.0,0,,0,0,0,0,0,0,0,0
369,2000,2000,8,1,0,0,0,0.0,0,,0,0,0,0,0,0,0,0
372,2000,2000,8,1,0,0,0,0.0,0,,0,0,0,0,0,0,0,0
375,2000,2000,8,1,0,0,0,0.0,0,,0,0,0,0,0,0,0,0
378,2000,2000,8,1,0,0,0,0.0,0,,0,0,0,0,0,0,0,0
381,2000,2000,8,1,0,0,0,0.0,0,,0,0,0,0,0,0,0,0
384,2000,2000,8,1,0,0,0,0.0,0,,0,0,0,0,0,0,0,0
387,2000,2000,8,1,0,0,0,0.0,0,,0,0,0,0,0,0,0,0
390,2000,2000,11,1,0,0,0,0.0,0,,0,0,0,0,0,0,0,0
393,2000,2000,11,1,0,0,0,0.0,0,,0,0,0,0,0,0,0,0
396,2000,2000,11,1,0,0,0,0.0,0,,0,0,0,0,0,0,0,0
399,2000,2000,11,1,0,0,0,0.0,0,,0,0,0,0,0,0,0,0
402,2000,2000,11,1,0,0,0,0.0,0,,0,0,0,0,0,0,0,0
405,2000,2000,11,1,0,0,0,0.0,0,,0,0,0,0,0,0,0,0
408,2000,2000,11,1,0,0,0,0.0,0,,0,0,0,0,0,0,0,0
411,2000,2000,11,1,0,0,0,0.0,0,,0,0,0,0,0,0,0,0
414,2000,2000,11,1,0,0,0,0.0,0,,0,0,0,0,0,0,0,0
417,2000,2000,11,1,0,0,0,0.0,0,,0,0,0,0,0,0,0,0
420,2000,2000,13,1,0,0,0,0.0,0,,0,0,0,0,0,0,0,0
423,2000,2000,13,1,0,0,0,0.0,0,,0,0,0,0,0,0,0,0
426,2000,2000,13,1,0,0,0,0.0,0,,0,0,0,0,0,0,0,0
429,2000,2000,13,1,0,0,0,0.0,0,,0,0,0,0,0,0,0,0
432,2000,2000,13,1,0,0,0,0.0,0,,0,0,0,0,0,0,0,0
435,2000,2000,13,1,0,0,0,0.0,0,,0,0,0,0,0,0,0,0
438,2000,2000,13,1,0,0,0,0.0,0,,0,0,0,0,0,0,0,0
441,2000,2000,13,1,0,0,0,0.0,0,,0,0,0,0,0,0,0,0
444,2000,2000,13,1,0,0,0,0.0,0,,0,0,0,0,0,0,0,0
447,2000,2000,13,1,0,0,0,0.0,0,,0,0,0,0,0,0,0,0
450,2000,2000,16,1,0,0,0,0.0,0,,0,0,0,0,0,0,0,0
453,2000,2000,16,1,0,0,0,0.0,0,,0,0,0,0,0,0,0,0
456,2000,2000,16,1,0,0,0,0.0,0,,0,0,0,0,0,0,0,0
459,2000,2000,16,1,0,0,0,0.0,0,,0,0,0,0,0,0,0,0
462,2000,2000,16,1,0,0,0,0.0,0,,0,0,0,0,0,0,0,0
465,2000,2000,16,1,0,0,0,0.0,0,,0,0,0,0,0,0,0,0
468,2000,2000,16,1,0,0,0,0.0,0,,0,0,0,0,0,0,0,0
471,2000,2000,16,1,0,0,0,0.0,0,,0,0,0,0,0,0,0,0
474,2000,2000,16,1,0,0,0,0.0,0,,0,0,0,0,0,0,0,0
477,2000,2000,16,1,0,0,0,0.0,0,,0,0,0,0,0,0,0,0
480,2000,2000,19,1,0,0,0,0.0,0,,0,0,0,0,0,0,0,0
483,2000,2000,19,1,0,0,0,0.0,0,,0,0,0,0,0,0,0,0
486,2000,2000,19,1,0,0,0,0.0,0,,0,0,0,0,0,0,0,0
489,2000,2000,19,1,0,0,0,0.0,0,,0,0,0,0,0,0,0,0
492,2000,2000,19,1,0,0,0,0.0,0,,0,0,0,0,0,0,0,0
495,2000,2000,19,1,0,0,0,0.0,0,,0,0,0,0,0,0,0,0
498,2000,2000,19,1,0,0,0,0.0,0,,0,0,0,0,0,0,0,0
501,2000,2000,19,1,0,0,0,0.0,0,,0,0,0,0,0,0,0,0
504,2000,2000,19,1,0,0,0,0.0,0,,0,0,0,0,0,0,0,0
507,2000,2000,19,1,0,0,0,0.0,0,,0,0,0,0,0,0,0,0
510,2000,2000,21,1,0,0,0,0.0,0,,0,0,0,0,0,0,0,0
513,2000,2000,21,1,0,0,0,0.0,0,,0,0,0,0,0,0,0,0
516,2000,2000,21,1,0,0,0,0.0,0,,0,0,0,0,0,0,0,0
519,2000,2000,21,1,0,0,0,0.0,0,,0,0,0,0,0,0,0,0
522,2000,2000,21,1,0,0,0,0.0,0,,0,0,0,0,0,0,0,0
525,2000,2000,21,1,0,0,0,0.0,0,,0,0,0,0,0,0,0,0
528,2000,2000,21,1,0,0,0,0.0,0,,0,0,0,0,0,0,0,0
531,2000,2000,21,1,0,0,0,0.0,0,,0,0,0,0,0,0,0,0
534,2000,2000,21,1,0,0,0,0.0,0,,0,0,0,0,0,0,0,0
537,2000,2000,21,1,0,0,0,0.0,0,,0,0,0,0,0,0,0,0
540,2000,2000,24,1,0,0,0,0.0,0,,0,0,0,0,0,0,0,0
543,2000,2000,24,1,0,0,0,0.0,0,,0,0,0,0,0,0,0,0
546,2000,2000,24,1,0,0,0,0.0,0,,0,0,0,0,0,0,0,0
549,2000,2000,24,1,0,0,0,0.0,0,,0,0,0,0,0,0,0,0
552,2000,2000,24,1,0,0,0,0.0,0,,0,0,0,0,0,0,0,0
555,2000,2000,24,1,0,0,0,0.0,0,,0,0,0,0,0,0,0,0
558,2000,2000,24,1,0,0,0,0.0,0,,0,0,0,0,0,0,0,0
561,2000,2000,24,1,0,0,0,0.0,0,,0,0,0,0,0,0,0,0
564,2000,2000,24,1,0,0,0,0.0,0,,0,0,0,0,0,0,0,0
567,2000,2000,24,1,0,0,0,0.0,0,,0,0,0,0,0,0,0,0
570,2000,2000,26,1,0,0,0,0.0,0,,0,0,0,0,0,0,0,0
573,2000,2000,26,1,0,0,0,0.0,0,,0,0,0,0,0,0,0,0
576,2000,2000,26,1,0,0,0,0.0,0,,0,0,0,0,0,0,0,0
579,2000,2000,26,1,0,0,0,0.0,0,,0,0,0,0,0,0,0,0
582,2000,2000,26,1,0,0,0,0.0,0,,0,0,0,0,0,0,0,0
585,2000,2000,26,1,0,0,0,0.0,0,,0,0,0,0,0,0,0,0
588,2000,2000,26,1,0,0,0,0.0,0,,0,0,0,0,0,0,0,0
591,2000,2000,26,1,0,0,0,0.0,0,,0,0,0,0,0,0,0,0
594,2000,2000,26,1,0,0,0,0.0,0,,0,0,0,0,0,0,0,0
597,2000,2000,26,1,0,0,0,0.0,0,,0,0,0,0,0,0,0,0
600,2000,2000,29,1,0,0,0,0.0,0,,0,0,0,0,0,0,0,0
603,2000,2000,29,1,0,0,0,0.0,0,,0,0,0,0,0,0,0,0
606,2000,2000,29,1,0,0,0,0.0,0,,0,0,0,0,0,0,0,0
609,2000,2000,29,1,0,0,0,0.0,0,,0,0,0,0,0,0,0,0
612,2000,2000,29,1,0,0,0,0.0,0,,0,0,0,0,0,0,0,0
615,2000,2000,29,1,0,0,0,0.0,0,,0,0,0,0,0,0,0,0
618,2000,2000,29,1,0,0,0,0.0,0,,0,0,0,0,0,0,0,0
621,2000,2000,29,1,0,0,0,0.0,0,,0,0,0,0,0,0,0,0
624,2000,2000,29,1,0,0,0,0.0,0,,0,0,0,0,0,0,0,0
627,2000,2000,29,1,0,0,0,0.0,0,,0,0,0,0,0,0,0,0
630,2000,2000,32,1,0,0,0,0.0,0,,0,0,0,0,0,0,0,0
633,2000,2000,0,2,0,0,0,0.0,0,,0,0,0,0,0,0,0,0
636,2000,2000,0,2,0,0,0,0.0,0,,0,0,0,0,0,0,0,0
639,2000,2000,0,2,0,0,0,0.0,0,,0,0,0,0,0,0,0,0
642,2000,2000,0,2,0,0,0,0.0,0,,0,0,0,0,0,0,0,0
645,2000,2000,0,2,0,0,0,0.0,0,,0,0,0,0,0,0,0,0
648,2000,2000,0,2,0,0,0,0.0,0,,0,0,0,0,0,0,0,0
651,2000,2000,0,2,0,0,0,0.0,0,,0,0,0,0,0,0,0,0
654,2000,2000,0,2,0,0,0,0.0,0,,0,0,0,0,0,0,0,0
657,2000,2000,0,2,0,0,0,0.0,0,,0,0,0,0,0,0,0,0
660,2000,2000,4,2,0,0,0,0.0,0,,0,0,0,0,0,0,0,0
663,2000,2000,4,2,0,0,0,0.0,0,,0,0,0,0,0,0,0,0
666,2000,2000,4,2,0,0,0,0.0,0,,0,0,0,0,0,0,0,0
669,2000,2000,4,2,0,0,0,0.0,0,,0,0,0,0,0,0,0,0
672,2000,2000,4,2,0,0,0,0.0,0,,0,0,0,0,0,0,0,0
675,2000,2000,4,2,0,0,0,0.0,0,,0,0,0,0,0,0,0,0
678,2000,2000,4,2,0,0,0,0.0,0,,0,0,0,0,0,0,0,0
681,2000,2000,4,2,0,0,0,0.0,0,,0,0,0,0,0,0,0,0
684,2000,2000,4,2,0,0,0,0.0,0,,0,0,0,0,0,0,0,0
687,2000,2000,4,2,0,0,0,0.0,0,,0,0,0,0,0,0,0,0
690,2000,2000,9,2,0,0,0,0.0,0,,0,0,0,0,0,0,0,0
693,2000,2000,9,2,0,0,0,0.0,0,,0,0,0,0,0,0,0,0
696,2000,2000,9,2,0,0,0,0.0,0,,0,0,0,0,0,0,0,0
699,2000,2000,9,2,0,0,0,0.0,0,,0,0,0,0,0,0,0,0
702,2000,2000,9,2,0,0,0,0.0,0,,0,0,0,0,0,0,0,0
705,2000,2000,9,2,0,0,0,0.0,0,,0,0,0,0,0,0,0,0
708,2000,2000,9,2,0,0,0,0.0,0,,0,0,0,0,0,0,0,0
711,2000,2000,9,2,0,0,0,0.0,0,,0,0,0,0,0,0,0,0
714,2000,2000,9,2,0,0,0,0.0,0,,0,0,0,0,0,0,0,0
717,2000,2000,9,2,0,0,0,0.0,0,,0,0,0,0,0,0,0,0
720,2000,2000,13,2,0,0,0,0.0,0,,0,0,0,0,0,0,0,0
723,2000,2000,13,2,0,0,0,0.0,0,,0,0,0,0,0,0,0,0
726,2000,2000,13,2,0,0,0,0.0,0,,0,0,0,0,0,0,0,0
729,2000,2000,13,2,0,0,0,0.0,0,,0,0,0,0,0,0,0,0
732,2000,2000,13,2,0,0,0,0.0,0,,0,0,0,0,0,0,0,0
735,2000,2000,13,2,0,0,0,0.0,0,,0,0,0,0,0,0,0,0
738,2000,2000,13,2,0,0,0,0.0,0,,0,0,0,0,0,0,0,0
741,2000,2000,13,2,0,0,0,0.0,0,,0,0,0,0,0,0,0,0
744,2000,2000,13,2,0,0,0,0.0,0,,0,0,0,0,0,0,0,0
747,2000,2000,13,2,0,0,0,0.0,0,,0,0,0,0,0,0,0,0
750,2000,2000,18,2,0,0,0,0.0,0,,0,0,0,0,0,0,0,0
753,2000,2000,18,2,0,0,0,0.0,0,,0,0,0,0,0,0,0,0
756,2000,2000,18,2,0,0,0,0.0,0,,0,0,0,0,0,0,0,0
759,2000,2000,18,2,0,0,0,0.0,0,,0,0,0,0,0,0,0,0
762,2000,2000,18,2,0,0,0,0.0,0,,0,0,0,0,0,0,0,0
765,2000,2000,18,2,0,0,0,0.0,0,,0,0,0,0,0,0,0,0
768,2000,2000,18,2,0,0,0,0.0,0,,0,0,0,0,0,0,0,0
771,2000,2000,18,2,0,0,0,0.0,0,,0,0,0,0,0,0,0,0
774,2000,2000,18,2,0,0,0,0.0,0,,0,0,0,0,0,0,0,0
777,2000,2000,18,2,0,0,0,0.0,0,,0,0,0,0,0,0,0,0
780,2000,2000,22,2,0,0,0,0.0,0,,0,0,0,0,0,0,0,0
783,2000,2000,22,2,0,0,0,0.0,0,,0,0,0,0,0,0,0,0
786,2000,2000,22,2,0,0,0,0.0,0,,0,0,0,0,0,0,0,0
789,2000,2000,22,2,0,0,0,0.0,0,,0,0,0,0,0,0,0,0
792,2000,2000,22,2,0,0,0,0.0,0,,0,0,0,0,0,0,0,0
795,2000,2000,22,2,0,0,0,0.0,0,,0,0,0,0,0,0,0,0
798,2000,2000,22,2,0,0,0,0.0,0,,0,0,0,0,0,0,0,0
801,2000,2000,22,2,0,0,0,0.0,0,,0,0,0,0,0,0,0,0
804,2000,2000,22,2,0,0,0,0.0,0,,0,0,0,0,0,0,0,0
807,2000,2000,22,2,0,0,0,0.0,0,,0,0,0,0,0,0,0,0
810,2000,2000,27,2,0,0,0,0.0,0,,0,0,0,0,0,0,0,0
813,2000,2000,27,2,0,0,0,0.0,0,,0,0,0,0,0,0,0,0
816,2000,2000,27,2,0,0,0,0.0,0,,0,0,0,0,0,0,0,0
819,2000,2000,27,2,0,0,0,0.0,0,,0,0,0,0,0,0,0,0
822,2000,2000,27,2,0,0,0,0.0,0,,0,0,0,0,0,0,0,0
825,2000,2000,27,2,0,0,0,0.0,0,,0,0,0,0,0,0,0,0
828,2000,2000,27,2,0,0,0,0.0,0,,0,0,0,0,0,0,0,0
831,2000,2000,27,2,0,0,0,0.0,0,,0,0,0,0,0,0,0,0
834,2000,2000,27,2,0,0,0,0.0,0,,0,0,0,0,0,0,0,0
837,2000,2000,27,2,0,0,0,0.0,0,,0,0,0,0,0,0,0,0
840,2000,2000,31,2,0,0,0,0.0,0,,0,0,0,0,0,0,0,0
843,2000,2000,31,2,0,0,0,0.0,0,,0,0,0,0,0,0,0,0
846,2000,2000,31,2,0,0,0,0.0,0,,0,0,0,0,0,0,0,0
849,2000,2000,31,2,0,0,0,0.0,0,,0,0,0,0,0,0,0,0
852,2000,2000,31,2,0,0,0,0.0,0,,0,0,0,0,0,0,0,0
855,2000,2000,31,2,0,0,0,0.0,0,,0,0,0,0,0,0,0,0
858,2000,2000,31,2,0,0,0,0.0,0,,0,0,0,0,0,0,0,0
861,2000,2000,31,2,0,0,0,0.0,0,,0,0,0,0,0,0,0,0
864,2000,2000,31,2,0,0,0,0.0,0,,0,0,0,0,0,0,0,0
867,2000,2000,31,2,0,0,0,0.0,0,,0,0,0,0,0,0,0,0
870,2000,2000,35,2,0,0,0,0.0,0,,0,0,0,0,0,0,0,0
873,2000,2000,35,2,0,0,0,0.0,0,,0,0,0,0,0,0,0,0
876,2000,2000,35,2,0,0,0,0.0,0,,0,0,0,0,0,0,0,0
879,2000,2000,35,2,0,0,0,0.0,0,,0,0,0,0,0,0,0,0
882,2000,2000,35,2,0,0,0,0.0,0,,0,0,0,0,0,0,0,0
885,2000,2000,35,2,0,0,0,0.0,0,,0,0,0,0,0,0,0,0
888,2000,2000,35,2,0,0,0,0.0,0,,0,0,0,0,0,0,0,0
891,2000,2000,35,2,0,0,0,0.0,0,,0,0,0,0,0,0,0,0
894,2000,2000,35,2,0,0,0,0.0,0,,0,0,0,0,0,0,0,0
897,2000,2000,35,2,0,0,0,0.0,0,,0,0,0,0,0,0,0,0
900,2000,2000,40,2,0,0,0,0.0,0,,0,0,0,0,0,0,0,0
903,2000,2000,40,2,0,0,0,0.0,0,,0,0,0,0,0,0,0,0
906,2000,2000,40,2,0,0,0,0.0,0,,0,0,0,0,0,0,0,0
909,2000,2000,40,2,0,0,0,0.0,0,,0,0,0,0,0,0,0,0
912,2000,2000,40,2,0,0,0,0.0,0,,0,0,0,0,0,0,0,0
915,2000,2000,40,2,0,0,0,0.0,0,,0,0,0,0,0,0,0,0
918,2000,2000,40,2,0,0,0,0.0,0,,0,0,0,0,0,0,0,0
921,2000,2000,40,2,0,0,0,0.0,0,,0,0,0,0,0,0,0,0
924,2000,2000,40,2,0,0,0,0.0,0,,0,0,0,0,0,0,0,0
927,2000,2000,40,2,0,0,0,0.0,0,,0,0,0,0,0,0,0,0
930,2000,2000,44,2,0,0,0,0.0,0,,0,0,0,0,0,0,0,0
933,2000,2000,44,2,0,0,0,0.0,0,,0,0,0,0,0,0,0,0
936,2000,2000,44,2,0,0,0,0.0,0,,0,0,0,0,0,0,0,0
939,2000,2000,44,2,0,0,0,0.0,0,,0,0,0,0,0,0,0,0
942,2000,2000,44,2,0,0,0,0.0,0,,0,0,0,0,0,0,0,0
945,2000,2000,44,2,0,0,0,0.0,0,,0,0,0,0,0,0,0,0
948,2000,2000,44,2,0,0,0,0.0,0,,0,0,0,0,0,0,0,0
951,2000,2000,44,2,0,0,0,0.0,0,,0,0,0,0,0,0,0,0
954,2000,2000,44,2,0,0,0,0.0,0,,0,0,0,0,0,0,0,0
957,2000,2000,44,2,0,0,0,0.0,0,,0,0,0,0,0,0,0,0
960,2000,2000,49,2,0,0,0,0.0,0,,0,0,0,0,0,0,0,0
963,2000,2000,49,2,0,0,0,0.0,0,,0,0,0,0,0,0,0,0
966,2000,2000,49,2,0,0,0,0.0,0,,0,0,0,0,0,0,0,0
969,2000,2000,49,2,0,0,0,0.0,0,,0,0,0,0,0,0,0,0
972,2000,2000,49,2,0,0,0,0.0,0,,0,0,0,0,0,0,0,0
975,2000,2000,49,2,0,0,0,0.0,0,,0,0,0,0,0,0,0,0
978,2000,2000,49,2,0,0,0,0.0,0,,0,0,0,0,0,0,0,0
981,2000,2000,49,2,0,0,0,0.0,0,,0,0,0,0,0,0,0,0
984,2000,2000,49,2,0,0,0,0.0,0,,0,0,0,0,0,0,0,0
987,2000,2000,49,2,0,0,0,0.0,0,,0,0,0,0,0,0,0,0
990,2000,2000,53,2,0,0,0,0.0,0,,0,0,0,0,0,0,0,0
993,2000,2000,53,2,0,0,0,0.0,0,,0,0,0,0,0,0,0,0
996,2000,2000,53,2,0,0,0,0.0,0,,0,0,0,0,0,0,0,0
999,2000,2000,53,2,0,0,0,0.0,0,,0,0,0,0,0,0,0,0
1002,2000,2000,53,2,0,0,0,0.0,0,,0,0,0,0,0,0,0,0
1005,2000,2000,53,2,0,0,0,0.0,0,,0,0,0,0,0,0,0,0
1008,2000,2000,53,2,0,0,0,0.0,0,,0,0,0,0,0,0,0,0
1011,2000,2000,53,2,0,0,0,0.0,0,,0,0,0,0,0,0,0,0
1014,2000,2000,53,2,0,0,0,0.0,0,,0,0,0,0,0,0,0,0
1017,2000,2000,53,2,0,0,0,0.0,0,,0,0,0,0,0,0,0,0
1020,2000,2000,58,2,0,0,0,0.0,0,,0,0,0,0,0,0,0,0
1023,2000,2000,58,2,0,0,0,0.0,0,,0,0,0,0,0,0,0,0
1026,2000,2000,58,2,0,0,0,0.0,0,,0,0,0,0,0,0,0,0
1029,2000,2000,58,2,0,0,0,0.0,0,,0,0,0,0,0,0,0,0
1032,2000,2000,58,2,0,0,0,0.0,0,,0,0,0,0,0,0,0,0
1035,2000,2000,58,2,0,0,0,0.0,0,,0,0,0,0,0,0,0,0
1038,2000,2000,58,2,0,0,0,0.0,0,,0,0,0,0,0,0,0,0
1041,2000,2000,58,2,0,0,0,0.0,0,,0,0,0,0,0,0,0,0
1044,2000,2000,58,2,0,0,0,0.0,0,,0,0,0,0,0,0,0,0
1047,2000,2000,58,2,0,0,0,0.0,0,,0,0,0,0,0,0,0,0
1050,2000,2000,62,2,0,0,0,0.0,0,,0,0,0,0,0,0,0,0
1053,2000,2000,62,2,0,0,0,0.0,0,,0,0,0,0,0,0,0,0
1056,2000,2000,62,2,0,0,0,0.0,0,,0,0,0,0,0,0,0,0
1059,2000,2000,62,2,0,0,0,0.0,0,,0,0,0,0,0,0,0,0
1062,2000,2000,62,2,0,0,0,0.0,0,,0,0,0,0,0,0,0,0
1065,2000,2000,62,2,0,0,0,0.0,0,,0,0,0,0,0,0,0,0
1068,2000,2000,62,2,0,0,0,0.0,0,,0,0,0,0,0,0,0,0
1071,2000,2000,62,2,0,0,0,0.0,0,,0,0,0,0,0,0,0,0
1074,2000,2000,62,2,0,0,0,0.0,0,,0,0,0,0,0,0,0,0
1077,2000,2000,62,2,0,0,0,0.0,0,,0,0,0,0,0,0,0,0
1080,2000,2000,66,2,0,0,0,0.0,0,,0,0,0,0,0,0,0,0
1083,2000,2000,1,2,0,0,0,0.0,0,,0,0,0,0,0,0,0,0
1086,2000,2000,1,2,0,0,0,0.0,0,,0,0,0,0,0,0,0,0
1089,2000,2000,1,2,0,0,0,0.0,0,,0,0,0,0,0,0,0,0
1092,2000,2000,1,2,0,0,0,0.0,0,,0,0,0,0,0,0,0,0
1095,2000,2000,1,2,0,0,0,0.0,0,,0,0,0,0,0,0,0,0
1098,2000,2000,1,2,0,0,0,0.0,0,,0,0,0,0,0,0,0,0
1101,2000,2000,1,2,0,0,0,0.0,0,,0,0,0,0,0,0,0,0
1104,2000,2000,1,2,0,0,0,0.0,0,,0,0,0,0,0,0,0,0
1107,2000,2000,1,2,0,0,0,0.0,0,,0,0,0,0,0,0,0,0
1110,2000,2000,6,2,0,0,0,0.0,0,,0,0,0,0,0,0,0,0
1113,2000,2000,6,2,0,0,0,0.0,0,,0,0,0,0,0,0,0,0
1116,2000,2000,6,2,0,0,0,0.0,0,,0,0,0,0,0,0,0,0
1119,2000,2000,6,2,0,0,0,0.0,0,,0,0,0,0,0,0,0,0
1122,2000,2000,6,2,0,0,0,0.0,0,,0,0,0,0,0,0,0,0
1125,2000,2000,6,2,0,0,0,0.0,0,,0,0,0,0,0,0,0,0
1128,2000,2000,6,2,0,0,0,0.0,0,,0,0,0,0,0,0,0,0
1131,2000,2000,35,3,0,0,0,0.0,0,,0,0,0,0,0,0,0,0
1134,2000,2000,35,3,0,0,0,0.0,0,,0,0,0,0,0,0,0,0
1137,2000,2000,23,3,1,1,14,4.7,3,,1,0,0,0,0,0,0,0
1140,2000,2000,31,3,1,1,14,4.7,3,,1,0,0,0,0,0,0,0
1143,2000,2000,31,3,1,1,14,4.7,3,watch,1,0,0,0,0,0,0,0
1146,2000,2000,31,3,1,1,14,4.7,3,watch,1,0,0,0,0,0,0,0
1149,2000,2000,31,3,2,2,28,9.3,6,watch,2,0,0,0,0,0,0,0
1152,2000,2000,31,3,2,2,28,9.3,6,watch,2,0,0,0,0,0,0,0
1155,2000,2000,31,3,2,2,28,9.3,6,watch,2,0,0,0,0,0,0,0
1158,2000,2000,31,3,3,3,42,14.0,9,watch,3,0,0,0,0,0,0,0
1161,2000,2000,31,3,3,3,42,14.0,9,watch,3,0,0,0,0,0,0,0
1164,2000,2000,31,3,3,3,42,14.0,9,watch,3,0,0,0,0,0,0,0
1167,2000,2000,31,3,4,4,56,18.7,12,watch,4,0,0,0,0,0,0,0
1170,2000,2000,40,3,4,4,56,18.7,12,watch,4,0,0,0,0,0,0,0
1173,2000,2000,40,3,4,4,56,18.7,12,watch,4,0,0,0,0,0,0,0
1176,2000,2000,40,3,4,4,56,18.7,12,watch,4,0,0,0,0,0,0,0
1179,2000,2000,40,3,5,5,70,23.3,15,watch,5,0,0,0,0,0,0,0
1182,2000,2000,40,3,5,5,70,23.3,15,watch,5,0,0,0,0,0,0,0
1185,2000,2000,40,3,5,5,70,23.3,15,watch,5,0,0,0,0,0,0,0
1188,2000,2000,40,3,5,5,70,23.3,15,watch,5,0,0,0,0,0,0,0
1191,2000,2000,40,3,5,5,70,23.3,15,watch,5,0,0,0,0,0,0,0
1194,2000,2000,40,3,5,5,70,23.3,15,watch,5,0,0,0,0,0,0,0
1197,2000,2000,40,3,5,5,70,23.3,15,watch,5,0,0,0,0,0,0,0
1200,2000,2000,48,3,5,5,70,23.3,15,watch,5,0,0,0,0,0,0,0
1203,2000,2000,48,3,5,5,70,23.3,15,watch,5,0,0,0,0,0,0,0
1206,2000,2000,48,3,5,5,70,23.3,15,watch,5,0,0,0,0,0,0,0
1209,2000,2000,48,3,5,5,70,23.3,15,watch,5,0,0,0,0,0,0,0
1212,2000,2000,48,3,5,5,70,23.3,15,watch,5,0,0,0,0,0,0,0
1215,2000,2000,48,3,5,5,70,23.3,15,watch,5,0,0,0,0,0,0,0
1218,2000,2000,48,3,5,5,70,23.3,15,watch,5,0,0,0,0,0,0,0
1221,2000,2000,48,3,5,5,70,23.3,15,watch,5,0,0,0,0,0,0,0
1224,2000,2000,48,3,5,5,70,23.3,15,watch,5,0,0,0,0,0,0,0
1227,2000,2000,48,3,5,5,70,23.3,15,watch,5,0,0,0,0,0,0,0
1230,2000,2000,57,3,5,5,70,23.3,15,watch,5,0,0,0,0,0,0,0
1233,2000,2000,57,3,5,5,70,23.3,15,watch,5,0,0,0,0,0,0,0
1236,2000,2000,57,3,5,5,70,23.3,15,watch,5,0,0,0,0,0,0,0
1239,2000,2000,57,3,5,5,70,23.3,15,watch,5,0,0,0,0,0,0,0
1242,2000,2000,57,3,5,5,70,23.3,15,watch,5,0,0,0,0,0,0,0
1245,2000,2000,57,3,5,5,70,23.3,15,watch,5,0,0,0,0,0,0,0
1248,2000,2000,57,3,5,5,70,23.3,15,watch,5,0,0,0,0,0,0,0
1251,2000,2000,57,3,5,5,70,23.3,15,watch,5,0,0,0,0,0,0,0
1254,2000,2000,57,3,5,5,70,23.3,15,watch,5,0,0,0,0,0,0,0
1257,2000,2000,57,3,5,5,70,23.3,15,watch,5,0,0,0,0,0,0,0
1260,2000,2000,65,3,5,5,70,23.3,15,watch,5,0,0,0,0,0,0,0
1263,2000,2000,65,3,5,5,70,23.3,15,watch,5,0,0,0,0,0,0,0
1266,2000,2000,65,3,5,5,56,18.7,15,watch,5,0,0,0,0,0,0,0
1269,2000,2000,65,3,5,5,56,18.7,15,watch,5,0,0,0,0,0,0,0
1272,2000,2000,65,3,5,5,56,18.7,15,watch,5,0,0,0,0,0,0,0
1275,2000,2000,65,3,5,5,56,18.7,15,watch,5,0,0,0,0,0,0,0
1278,2000,2000,65,3,5,5,42,14.0,15,watch,5,0,0,0,0,0,0,0
1281,2000,2000,65,3,5,5,42,14.0,15,watch,5,0,0,0,0,0,0,0
1284,2000,2000,65,3,5,5,42,14.0,15,watch,5,0,0,0,0,0,0,0
1287,2000,2000,65,3,5,5,28,9.3,15,watch,5,0,0,0,0,0,0,0
1290,2000,2000,74,3,5,5,28,9.3,15,watch,5,0,0,0,0,0,0,0
1293,2000,2000,74,3,5,5,28,9.3,15,watch,5,0,0,0,0,0,0,0
1296,2000,2000,74,3,5,5,14,4.7,15,watch,5,0,0,0,0,0,0,0
1299,2000,2000,74,3,5,5,14,4.7,15,watch,5,0,0,0,0,0,0,0
1302,2000,2000,74,3,5,5,28,9.3,15,watch,5,0,0,0,0,0,0,0
1305,2000,2000,74,3,5,5,28,9.3,15,watch,5,0,0,0,0,0,0,0
1308,2000,2000,74,3,5,5,14,4.7,15,watch,5,0,0,0,0,0,0,0
1311,2000,2000,74,3,5,5,28,9.3,15,watch,5,0,0,0,0,0,0,0
1314,2000,2000,74,3,5,5,28,9.3,15,watch,5,0,0,0,0,0,0,0
1317,2000,2000,74,3,5,5,28,9.3,15,watch,5,0,0,0,0,0,0,0
1320,2000,2000,82,3,5,5,42,14.0,15,watch,5,0,0,0,0,0,0,0
1323,2000,2000,70,3,6,6,56,18.7,18,watch,6,0,0,0,0,0,0,0
1326,2000,2000,70,3,6,6,56,18.7,18,watch,6,0,0,0,0,0,0,0
1329,2000,2000,70,3,6,6,42,14.0,18,watch,6,0,0,0,0,0,0,0
1332,2000,2000,70,3,7,7,70,23.3,21,watch,7,0,0,0,0,0,0,0
1335,2000,2000,70,3,7,7,70,23.3,21,watch,7,0,0,0,0,0,0,0
1338,2000,2000,70,3,7,7,56,18.7,21,watch,7,0,0,0,0,0,0,0
1341,2000,2000,70,3,7,7,70,23.3,21,watch,7,0,0,0,0,0,0,0
1344,2000,2000,70,3,8,8,84,28.0,24,watch,8,0,0,0,0,0,0,0
1347,2000,2000,70,3,8,8,84,28.0,24,watch,8,0,0,0,0,0,0,0
1350,2000,2000,79,3,8,8,70,23.3,24,watch,8,0,0,0,0,0,0,0
1353,2000,2000,79,3,9,9,84,28.0,27,watch,9,0,0,0,0,0,0,0
1356,2000,2000,79,3,9,9,84,28.0,27,watch,9,0,0,0,0,0,0,0
1359,2000,2000,79,3,9,9,70,23.3,27,watch,9,0,0,0,0,0,0,0
1362,2000,2000,79,3,10,10,98,32.7,30,watch,10,0,0,0,0,0,0,0
1365,2000,2000,79,3,10,10,98,32.7,30,watch,10,0,0,0,0,0,0,0
1368,2000,2000,79,3,10,10,84,28.0,30,watch,10,0,0,0,0,0,0,0
1371,2000,2000,79,3,10,10,98,32.7,30,watch,10,0,0,0,0,0,0,0
1374,2000,2000,79,3,10,10,98,32.7,30,watch,10,0,0,0,0,0,0,0
1377,2000,2000,79,3,10,10,98,32.7,30,watch,10,0,0,0,0,0,0,0
1380,2000,2000,87,3,10,10,112,37.3,30,watch,10,0,0,0,0,0,0,0
1383,2000,2000,87,3,9,9,98,32.7,27,watch,9,0,0,0,0,0,0,0
1386,2000,2000,87,3,9,9,98,32.7,27,watch,9,0,0,0,0,0,0,0
1389,2000,2000,87,3,9,9,98,32.7,27,watch,9,0,0,0,0,0,0,0
1392,2000,2000,87,3,8,8,98,32.7,24,watch,8,0,0,0,0,0,0,0
1395,2000,2000,87,3,8,8,98,32.7,24,watch,8,0,0,0,0,0,0,0
1398,2000,2000,87,3,8,8,98,32.7,24,watch,8,0,0,0,0,0,0,0
1401,2000,2000,87,3,7,7,98,32.7,21,watch,7,0,0,0,0,0,0,0
1404,2000,2000,87,3,7,7,98,32.7,21,watch,7,0,0,0,0,0,0,0
1407,2000,2000,87,3,7,7,98,32.7,21,watch,7,0,0,0,0,0,0,0
1410,2000,2000,96,3,7,7,98,32.7,21,watch,7,0,0,0,0,0,0,0
1413,2000,2000,96,3,6,6,84,28.0,18,watch,6,0,0,0,0,0,0,0
1416,2000,2000,96,3,6,6,84,28.0,18,watch,6,0,0,0,0,0,0,0
1419,2000,2000,96,3,6,6,84,28.0,18,watch,6,0,0,0,0,0,0,0
1422,2000,2000,96,3,5,5,70,23.3,15,watch,5,0,0,0,0,0,0,0
1425,2000,2000,96,3,5,5,70,23.3,15,watch,5,0,0,0,0,0,0,0
1428,2000,2000,96,3,5,5,70,23.3,15,watch,5,0,0,0,0,0,0,0
1431,2000,2000,96,3,5,5,70,23.3,15,watch,5,0,0,0,0,0,0,0
1434,2000,2000,96,3,5,5,70,23.3,15,watch,5,0,0,0,0,0,0,0
1437,2000,2000,96,3,5,5,70,23.3,15,watch,5,0,0,0,0,0,0,0
1440,2000,2000,104,3,5,5,70,23.3,15,watch,5,0,0,0,0,0,0,0
1443,2000,2000,104,3,5,5,70,23.3,15,watch,5,0,0,0,0,0,0,0
1446,2000,2000,104,3,5,5,70,23.3,15,watch,5,0,0,0,0,0,0,0
1449,2000,2000,104,3,5,5,70,23.3,15,watch,5,0,0,0,0,0,0,0
1452,2000,2000,104,3,5,5,56,18.7,15,watch,5,0,0,0,0,0,0,0
1455,2000,2000,104,3,5,5,56,18.7,15,watch,5,0,0,0,0,0,0,0
1458,2000,2000,104,3,5,5,56,18.7,15,watch,5,0,0,0,0,0,0,0
1461,2000,2000,104,3,5,5,42,14.0,15,watch,5,0,0,0,0,0,0,0
1464,2000,2000,104,3,5,5,42,14.0,15,watch,5,0,0,0,0,0,0,0
1467,2000,2000,104,3,5,5,42,14.0,15,watch,5,0,0,0,0,0,0,0
1470,2000,2000,113,3,5,5,42,14.0,15,watch,5,0,0,0,0,0,0,0
1473,2000,2000,113,3,5,5,28,9.3,15,watch,5,0,0,0,0,0,0,0
1476,2000,2000,113,3,5,5,28,9.3,15,watch,5,0,0,0,0,0,0,0
1479,2000,2000,113,3,5,5,28,9.3,15,watch,5,0,0,0,0,0,0,0
1482,2000,2000,113,3,5,5,14,4.7,15,watch,5,0,0,0,0,0,0,0
1485,2000,2000,113,3,5,5,28,9.3,15,watch,5,0,0,0,0,0,0,0
1488,2000,2000,113,3,5,5,28,9.3,15,watch,5,0,0,0,0,0,0,0
1491,2000,2000,113,3,5,5,14,4.7,15,watch,5,0,0,0,0,0,0,0
1494,2000,2000,113,3,5,5,14,4.7,15,watch,5,0,0,0,0,0,0,0
1497,2000,2000,113,3,5,5,28,9.3,15,watch,5,0,0,0,0,0,0,0
1500,2000,2000,121,3,5,5,28,9.3,15,watch,5,0,0,0,0,0,0,0
1503,2000,2000,121,3,5,5,28,9.3,15,watch,5,0,0,0,0,0,0,0
1506,2000,2000,109,3,5,5,42,14.0,15,watch,5,0,0,0,0,0,0,0
1509,2000,2000,109,3,6,6,56,18.7,18,watch,6,0,0,0,0,0,0,0
1512,2000,2000,109,3,6,6,56,18.7,18,watch,6,0,0,0,0,0,0,0
1515,2000,2000,109,3,6,6,56,18.7,18,watch,6,0,0,0,0,0,0,0
1518,2000,2000,109,3,7,7,70,23.3,21,watch,7,0,0,0,0,0,0,0
1521,2000,2000,109,3,7,7,70,23.3,21,watch,7,0,0,0,0,0,0,0
1524,2000,2000,109,3,7,7,56,18.7,21,watch,7,0,0,0,0,0,0,0
1527,2000,2000,109,3,8,8,84,28.0,24,watch,8,0,0,0,0,0,0,0
1530,2000,2000,118,3,8,8,84,28.0,24,watch,8,0,0,0,0,0,0,0
1533,2000,2000,118,3,8,8,70,23.3,24,watch,8,0,0,0,0,0,0,0
1536,2000,2000,53,3,8,8,70,23.3,24,watch,8,0,0,0,0,0,0,0
1539,2000,2000,53,3,9,9,84,28.0,27,watch,9,0,0,0,0,0,0,0
1542,2000,2000,53,3,9,9,84,28.0,27,watch,9,0,0,0,0,0,0,0
1545,2000,2000,53,3,9,9,84,28.0,27,watch,9,0,0,0,0,0,0,0
1548,2000,2000,53,3,10,10,98,32.7,30,watch,10,0,0,0,0,0,0,0
1551,2000,2000,53,3,10,10,98,32.7,30,watch,10,0,0,0,0,0,0,0
1554,2000,2000,53,3,10,10,84,28.0,30,watch,10,0,0,0,0,0,0,0
1557,2000,2000,53,3,10,10,98,32.7,30,watch,10,0,0,0,0,0,0,0
1560,2000,2000,61,3,10,10,98,32.7,30,watch,10,0,0,0,0,0,0,0
1563,2000,2000,61,3,10,10,98,32.7,30,watch,10,0,0,0,0,0,0,0
1566,2000,2000,61,3,9,9,98,32.7,27,watch,9,0,0,0,0,0,0,0
1569,2000,2000,61,3,9,9,98,32.7,27,watch,9,0,0,0,0,0,0,0
1572,2000,2000,61,3,9,9,98,32.7,27,watch,9,0,0,0,0,0,0,0
1575,2000,2000,61,3,9,9,112,37.3,27,watch,9,0,0,0,0,0,0,0
1578,2000,2000,61,3,8,8,98,32.7,24,watch,8,0,0,0,0,0,0,0
1581,2000,2000,61,3,8,8,98,32.7,24,watch,8,0,0,0,0,0,0,0
1584,2000,2000,61,3,8,8,98,32.7,24,watch,8,0,0,0,0,0,0,0
1587,2000,2000,161,3,7,7,98,32.7,21,watch,7,0,0,0,0,0,0,0
1590,2000,2000,169,3,7,7,98,32.7,21,watch,7,0,0,0,0,0,0,0
1593,2000,2000,0,4,7,7,98,32.7,21,watch,7,0,0,0,0,0,0,0
1596,2000,2000,0,4,6,6,84,28.0,18,watch,6,0,0,0,0,0,0,0
1599,2000,2000,0,4,6,6,84,28.0,18,watch,6,0,0,0,0,0,0,0
1602,2000,2000,0,4,6,6,84,28.0,18,watch,6,0,0,0,0,0,0,0
1605,2000,2000,0,4,6,6,84,28.0,18,watch,6,0,0,0,0,0,0,0
1608,2000,2000,0,4,5,5,70,23.3,15,watch,5,0,0,0,0,0,0,0
1611,2000,2000,0,4,5,5,70,23.3,15,watch,5,0,0,0,0,0,0,0
1614,2000,2000,0,4,5,5,70,23.3,15,watch,5,0,0,0,0,0,0,0
1617,2000,2000,0,4,5,5,70,23.3,15,watch,5,0,0,0,0,0,0,0
1620,2000,2000,20,4,5,5,70,23.3,15,watch,5,0,0,0,0,0,0,0
1623,2000,2000,20,4,5,5,70,23.3,15,watch,5,0,0,0,0,0,0,0
1626,2000,2000,20,4,5,5,70,23.3,15,watch,5,0,0,0,0,0,0,0
1629,2000,2000,20,4,5,5,70,23.3,15,watch,5,0,0,0,0,0,0,0
1632,2000,2000,20,4,5,5,70,23.3,15,watch,5,0,0,0,0,0,0,0
1635,2000,2000,20,4,5,5,70,23.3,15,watch,5,0,0,0,0,0,0,0
1638,2000,2000,20,4,5,5,56,18.7,15,watch,5,0,0,0,0,0,0,0
1641,2000,2000,20,4,5,5,56,18.7,15,watch,5,0,0,0,0,0,0,0
1644,2000,2000,20,4,5,5,56,18.7,15,watch,5,0,0,0,0,0,0,0
1647,2000,2000,20,4,5,5,42,14.0,15,watch,5,0,0,0,0,0,0,0
1650,2000,2000,40,4,5,5,42,14.0,15,watch,5,0,0,0,0,0,0,0
1653,2000,2000,40,4,5,5,42,14.0,15,watch,5,0,0,0,0,0,0,0
1656,2000,2000,40,4,5,5,28,9.3,15,watch,5,0,0,0,0,0,0,0
1659,2000,2000,40,4,5,5,28,9.3,15,watch,5,0,0,0,0,0,0,0
1662,2000,2000,40,4,5,5,28,9.3,15,watch,5,0,0,0,0,0,0,0
1665,2000,2000,40,4,5,5,28,9.3,15,watch,5,0,0,0,0,0,0,0
1668,2000,2000,40,4,5,5,14,4.7,15,watch,5,0,0,0,0,0,0,0
1671,2000,2000,40,4,5,5,28,9.3,15,watch,5,0,0,0,0,0,0,0
1674,2000,2000,40,4,5,5,28,9.3,15,watch,5,0,0,0,0,0,0,0
1677,2000,2000,40,4,5,5,14,4.7,15,watch,5,0,0,0,0,0,0,0
1680,2000,2000,59,4,5,5,28,9.3,15,watch,5,0,0,0,0,0,0,0
1683,2000,2000,59,4,5,5,28,9.3,15,watch,5,0,0,0,0,0,0,0
1686,2000,2000,59,4,5,5,28,9.3,15,watch,5,0,0,0,0,0,0,0
1689,2000,2000,59,4,5,5,28,9.3,15,watch,5,0,0,0,0,0,0,0
1692,2000,2000,47,4,6,6,56,18.7,18,watch,6,0,0,0,0,0,0,0
1695,2000,2000,47,4,6,6,56,18.7,18,watch,6,0,0,0,0,0,0,0
1698,2000,2000,47,4,6,6,42,14.0,18,watch,6,0,0,0,0,0,0,0
1701,2000,2000,47,4,6,6,56,18.7,18,watch,6,0,0,0,0,0,0,0
1704,2000,2000,47,4,7,7,70,23.3,21,watch,7,0,0,0,0,0,0,0
1707,2000,2000,47,4,7,7,70,23.3,21,watch,7,0,0,0,0,0,0,0
1710,2000,2000,67,4,7,7,70,23.3,21,watch,7,0,0,0,0,0,0,0
1713,2000,2000,67,4,8,8,84,28.0,24,watch,8,0,0,0,0,0,0,0
1716,2000,2000,67,4,8,8,84,28.0,24,watch,8,0,0,0,0,0,0,0
1719,2000,2000,67,4,8,8,70,23.3,24,watch,8,0,0,0,0,0,0,0
1722,2000,2000,67,4,9,9,84,28.0,27,watch,9,0,0,0,0,0,0,0
1725,2000,2000,67,4,9,9,84,28.0,27,watch,9,0,0,0,0,0,0,0
1728,2000,2000,67,4,9,9,70,23.3,27,watch,9,0,0,0,0,0,0,0
1731,2000,2000,67,4,9,9,84,28.0,27,watch,9,0,0,0,0,0,0,0
1734,2000,2000,67,4,10,10,98,32.7,30,watch,10,0,0,0,0,0,0,0
1737,2000,2000,67,4,10,10,98,32.7,30,watch,10,0,0,0,0,0,0,0
1740,2000,2000,87,4,10,10,98,32.7,30,watch,10,0,0,0,0,0,0,0
1743,2000,2000,87,4,10,10,98,32.7,30,watch,10,0,0,0,0,0,0,0
1746,2000,2000,87,4,10,10,98,32.7,30,watch,10,0,0,0,0,0,0,0
1749,2000,2000,87,4,10,10,98,32.7,30,watch,10,0,0,0,0,0,0,0
1752,2000,2000,87,4,9,9,98,32.7,27,watch,9,0,0,0,0,0,0,0
1755,2000,2000,87,4,9,9,98,32.7,27,watch,9,0,0,0,0,0,0,0
1758,2000,2000,87,4,9,9,98,32.7,27,watch,9,0,0,0,0,0,0,0
1761,2000,2000,87,4,8,8,98,32.7,24,watch,8,0,0,0,0,0,0,0
1764,2000,2000,87,4,8,8,98,32.7,24,watch,8,0,0,0,0,0,0,0
1767,2000,2000,87,4,8,8,98,32.7,24,watch,8,0,0,0,0,0,0,0
1770,2000,2000,107,4,8,8,112,37.3,24,watch,8,0,0,0,0,0,0,0
1773,2000,2000,107,4,7,7,98,32.7,21,watch,7,0,0,0,0,0,0,0
1776,2000,2000,107,4,7,7,98,32.7,21,watch,7,0,0,0,0,0,0,0
1779,2000,2000,107,4,7,7,98,32.7,21,watch,7,0,0,0,0,0,0,0
1782,2000,2000,107,4,6,6,84,28.0,18,watch,6,0,0,0,0,0,0,0
1785,2000,2000,107,4,6,6,84,28.0,18,watch,6,0,0,0,0,0,0,0
1788,2000,2000,107,4,6,6,84,28.0,18,watch,6,0,0,0,0,0,0,0
1791,2000,2000,107,4,5,5,70,23.3,15,watch,5,0,0,0,0,0,0,0
1794,2000,2000,107,4,5,5,70,23.3,15,watch,5,0,0,0,0,0,0,0
1797,2000,2000,107,4,5,5,70,23.3,15,watch,5,0,0,0,0,0,0,0
1800,2000,2000,126,4,5,5,70,23.3,15,watch,5,0,0,0,0,0,0,0
1803,2000,2000,126,4,5,5,70,23.3,15,watch,5,0,0,0,0,0,0,0
1806,2000,2000,126,4,5,5,70,23.3,15,watch,5,0,0,0,0,0,0,0
1809,2000,2000,126,4,5,5,70,23.3,15,watch,5,0,0,0,0,0,0,0
1812,2000,2000,126,4,5,5,70,23.3,15,watch,5,0,0,0,0,0,0,0
1815,2000,2000,126,4,5,5,70,23.3,15,watch,5,0,0,0,0,0,0,0
1818,2000,2000,126,4,5,5,70,23.3,15,watch,5,0,0,0,0,0,0,0
1821,2000,2000,126,4,5,5,56,18.7,15,watch,5,0,0,0,0,0,0,0
1824,2000,2000,126,4,5,5,56,18.7,15,watch,5,0,0,0,0,0,0,0
1827,2000,2000,126,4,5,5,56,18.7,15,watch,5,0,0,0,0,0,0,0
1830,2000,2000,146,4,5,5,56,18.7,15,watch,5,0,0,0,0,0,0,0
1833,2000,2000,146,4,5,5,42,14.0,15,watch,5,0,0,0,0,0,0,0
1836,2000,2000,146,4,5,5,42,14.0,15,watch,5,0,0,0,0,0,0,0
1839,2000,2000,146,4,5,5,42,14.0,15,watch,5,0,0,0,0,0,0,0
1842,2000,2000,146,4,5,5,28,9.3,15,watch,5,0,0,0,0,0,0,0
1845,2000,2000,146,4,5,5,28,9.3,15,watch,5,0,0,0,0,0,0,0
1848,2000,2000,146,4,5,5,28,9.3,15,watch,5,0,0,0,0,0,0,0
1851,2000,2000,146,4,5,5,14,4.7,15,watch,5,0,0,0,0,0,0,0
1854,2000,2000,146,4,5,5,14,4.7,15,watch,5,0,0,0,0,0,0,0
1857,2000,2000,146,4,5,5,28,9.3,15,watch,5,0,0,0,0,0,0,0
1860,2000,2000,166,4,5,5,28,9.3,15,watch,5,0,0,0,0,0,0,0
1863,2000,2000,166,4,5,5,14,4.7,15,watch,5,0,0,0,0,0,0,0
1866,2000,2000,166,4,5,5,28,9.3,15,watch,5,0,0,0,0,0,0,0
1869,2000,2000,166,4,5,5,28,9.3,15,watch,5,0,0,0,0,0,0,0
1872,2000,2000,166,4,5,5,28,9.3,15,watch,5,0,0,0,0,0,0,0
1875,2000,2000,166,4,5,5,42,14.0,15,watch,5,0,0,0,0,0,0,0
1878,2000,2000,154,4,6,6,56,18.7,18,watch,6,0,0,0,0,0,0,0
1881,2000,2000,154,4,6,6,56,18.7,18,watch,6,0,0,0,0,0,0,0
1884,2000,2000,154,4,6,6,42,14.0,18,watch,6,0,0,0,0,0,0,0
1887,2000,2000,154,4,7,7,70,23.3,21,watch,7,0,0,0,0,0,0,0
1890,2000,2000,173,4,7,7,70,23.3,21,watch,7,0,0,0,0,0,0,0
1893,2000,2000,173,4,7,7,56,18.7,21,watch,7,0,0,0,0,0,0,0
1896,2000,2000,173,4,7,7,70,23.3,21,watch,7,0,0,0,0,0,0,0
1899,2000,2000,173,4,8,8,84,28.0,24,watch,8,0,0,0,0,0,0,0
1902,2000,2000,173,4,8,8,84,28.0,24,watch,8,0,0,0,0,0,0,0
1905,2000,2000,173,4,8,8,70,23.3,24,watch,8,0,0,0,0,0,0,0
1908,2000,2000,173,4,9,9,84,28.0,27,watch,9,0,0,0,0,0,0,0
1911,2000,2000,173,4,9,9,84,28.0,27,watch,9,0,0,0,0,0,0,0
1914,2000,2000,173,4,9,9,70,23.3,27,watch,9,0,0,0,0,0,0,0
1917,2000,2000,173,4,10,10,98,32.7,30,watch,10,0,0,0,0,0,0,0
1920,2000,2000,193,4,10,10,98,32.7,30,watch,10,0,0,0,0,0,0,0
1923,2000,2000,193,4,10,10,84,28.0,30,watch,10,0,0,0,0,0,0,0
1926,2000,2000,193,4,10,10,98,32.7,30,watch,10,0,0,0,0,0,0,0
1929,2000,2000,193,4,10,10,98,32.7,30,watch,10,0,0,0,0,0,0,0
1932,2000,2000,193,4,10,10,98,32.7,30,watch,10,0,0,0,0,0,0,0
1935,2000,2000,193,4,10,10,112,37.3,30,watch,10,0,0,0,0,0,0,0
1938,2000,2000,193,4,9,9,98,32.7,27,watch,9,0,0,0,0,0,0,0
1941,2000,2000,193,4,9,9,98,32.7,27,watch,9,0,0,0,0,0,0,0
1944,2000,2000,193,4,9,9,98,32.7,27,watch,9,0,0,0,0,0,0,0
1947,2000,2000,193,4,8,8,98,32.7,24,watch,8,0,0,0,0,0,0,0
1950,2000,2000,213,4,8,8,98,32.7,24,watch,8,0,0,0,0,0,0,0
1953,2000,2000,213,4,8,8,98,32.7,24,watch,8,0,0,0,0,0,0,0
1956,2000,2000,213,4,7,7,98,32.7,21,watch,7,0,0,0,0,0,0,0
1959,2000,2000,213,4,7,7,98,32.7,21,watch,7,0,0,0,0,0,0,0
1962,2000,2000,213,4,7,7,98,32.7,21,watch,7,0,0,0,0,0,0,0
1965,2000,2000,213,4,7,7,98,32.7,21,watch,7,0,0,0,0,0,0,0
1968,2000,2000,213,4,6,6,84,28.0,18,watch,6,0,0,0,0,0,0,0
1971,2000,2000,213,4,6,6,84,28.0,18,watch,6,0,0,0,0,0,0,0
1974,2000,2000,213,4,6,6,84,28.0,18,watch,6,0,0,0,0,0,0,0
1977,2000,2000,213,4,5,5,70,23.3,15,watch,5,0,0,0,0,0,0,0
1980,2000,2000,233,4,5,5,70,23.3,15,watch,5,0,0,0,0,0,0,0
1983,2000,2000,233,4,5,5,70,23.3,15,watch,5,0,0,0,0,0,0,0
1986,2000,2000,233,4,5,5,70,23.3,15,watch,5,0,0,0,0,0,0,0
1989,2000,2000,233,4,5,5,70,23.3,15,watch,5,0,0,0,0,0,0,0
1992,2000,2000,168,4,5,5,70,23.3,15,watch,5,0,0,0,0,0,0,0
1995,2000,2000,168,4,5,5,70,23.3,15,watch,5,0,0,0,0,0,0,0
1998,2000,2000,168,4,5,5,70,23.3,15,watch,5,0,0,0,0,0,0,0
2001,2000,2000,168,4,5,5,70,23.3,15,watch,5,0,0,0,0,0,0,0
2004,2000,2000,168,4,5,5,70,23.3,15,watch,5,0,0,0,0,0,0,0
2007,2000,2000,168,4,5,5,56,18.7,15,watch,5,0,0,0,0,0,0,0
2010,2000,2000,187,4,5,5,56,18.7,15,watch,5,0,0,0,0,0,0,0
2013,2000,2000,187,4,5,5,56,18.7,15,watch,5,0,0,0,0,0,0,0
2016,2000,2000,187,4,5,5,42,14.0,15,watch,5,0,0,0,0,0,0,0
2019,2000,2000,187,4,5,5,42,14.0,15,watch,5,0,0,0,0,0,0,0
2022,2000,2000,187,4,5,5,42,14.0,15,watch,5,0,0,0,0,0,0,0
2025,2000,2000,187,4,5,5,42,14.0,15,watch,5,0,0,0,0,0,0,0
2028,2000,2000,187,4,5,5,28,9.3,15,watch,5,0,0,0,0,0,0,0
2031,2000,2000,187,4,5,5,28,9.3,15,watch,5,0,0,0,0,0,0,0
2034,2000,2000,187,4,5,5,28,9.3,15,watch,5,0,0,0,0,0,0,0
2037,2000,2000,187,4,5,5,14,4.7,15,watch,5,0,0,0,0,0,0,0
2040,2000,2000,307,4,5,5,28,9.3,15,watch,5,0,0,0,0,0,0,0
2043,2000,2000,307,4,5,5,28,9.3,15,watch,5,0,0,0,0,0,0,0
2046,2000,2000,307,4,5,5,14,4.7,15,watch,5,0,0,0,0,0,0,0
2049,2000,2000,307,4,5,5,14,4.7,15,watch,5,0,0,0,0,0,0,0
2052,2000,2000,307,4,5,5,28,9.3,15,watch,5,0,0,0,0,0,0,0
2055,2000,2000,307,4,5,5,28,9.3,15,watch,5,0,0,0,0,0,0,0
2058,2000,2000,307,4,5,5,28,9.3,15,watch,5,0,0,0,0,0,0,0
2061,2000,2000,295,4,5,5,42,14.0,15,watch,5,0,0,0,0,0,0,0
2064,2000,2000,295,4,6,6,56,18.7,18,watch,6,0,0,0,0,0,0,0
2067,2000,2000,295,4,6,6,56,18.7,18,watch,6,0,0,0,0,0,0,0
2070,2000,2000,315,4,6,6,56,18.7,18,watch,6,0,0,0,0,0,0,0
2073,2000,2000,315,4,7,7,70,23.3,21,watch,7,0,0,0,0,0,0,0
2076,2000,2000,315,4,7,7,70,23.3,21,watch,7,0,0,0,0,0,0,0
2079,2000,2000,315,4,7,7,56,18.7,21,watch,7,0,0,0,0,0,0,0
2082,2000,2000,315,4,8,8,84,28.0,24,watch,8,0,0,0,0,0,0,0
2085,2000,2000,315,4,8,8,84,28.0,24,watch,8,0,0,0,0,0,0,0
2088,2000,2000,315,4,8,8,70,23.3,24,watch,8,0,0,0,0,0,0,0
2091,2000,2000,315,4,8,8,70,23.3,24,watch,8,0,0,0,0,0,0,0
2094,2000,2000,315,4,9,9,84,28.0,27,watch,9,0,0,0,0,0,0,0
2097,2000,2000,315,4,9,9,84,28.0,27,watch,9,0,0,0,0,0,0,0
2100,2000,2000,335,4,9,9,84,28.0,27,watch,9,0,0,0,0,0,0,0
2103,2000,2000,335,4,10,10,98,32.7,30,watch,10,0,0,0,0,0,0,0
2106,2000,2000,335,4,10,10,98,32.7,30,watch,10,0,0,0,0,0,0,0
2109,2000,2000,335,4,10,10,84,28.0,30,watch,10,0,0,0,0,0,0,0
2112,2000,2000,335,4,10,10,98,32.7,30,watch,10,0,0,0,0,0,0,0
2115,2000,2000,335,4,10,10,98,32.7,30,watch,10,0,0,0,0,0,0,0
2118,2000,2000,335,4,10,10,98,32.7,30,watch,10,0,0,0,0,0,0,0
2121,2000,2000,335,4,9,9,98,32.7,27,watch,9,0,0,0,0,0,0,0
2124,2000,2000,335,4,9,9,98,32.7,27,watch,9,0,0,0,0,0,0,0
2127,2000,2000,335,4,9,9,98,32.7,27,watch,9,0,0,0,0,0,0,0
2130,2000,2000,354,4,9,9,112,37.3,27,watch,9,0,0,0,0,0,0,0
2133,2000,2000,354,4,8,8,98,32.7,24,watch,8,0,0,0,0,0,0,0
2136,2000,2000,354,4,8,8,98,32.7,24,watch,8,0,0,0,0,0,0,0
2139,2000,2000,354,4,8,8,98,32.7,24,watch,8,0,0,0,0,0,0,0
2142,2000,2000,354,4,7,7,98,32.7,21,watch,7,0,0,0,0,0,0,0
2145,2000,2000,354,4,7,7,98,32.7,21,watch,7,0,0,0,0,0,0,0
2148,2000,2000,354,4,7,7,98,32.7,21,watch,7,0,0,0,0,0,0,0
2151,2000,2000,354,4,6,6,84,28.0,18,watch,6,0,0,0,0,0,0,0
2154,2000,2000,354,4,6,6,84,28.0,18,watch,6,0,0,0,0,0,0,0
2157,2000,2000,354,4,6,6,84,28.0,18,watch,6,0,0,0,0,0,0,0
2160,2000,2000,374,4,6,6,84,28.0,18,watch,6,0,0,0,0,0,0,0
2163,2000,2000,374,4,5,5,70,23.3,15,watch,5,0,0,0,0,0,0,0
2166,2000,2000,374,4,5,5,70,23.3,15,watch,5,0,0,0,0,0,0,0
2169,2000,2000,374,4,5,5,70,23.3,15,watch,5,0,0,0,0,0,0,0
2172,2000,2000,374,4,5,5,70,23.3,15,watch,5,0,0,0,0,0,0,0
2175,2000,2000,374,4,5,5,70,23.3,15,watch,5,0,0,0,0,0,0,0
2178,2000,2000,374,4,5,5,70,23.3,15,watch,5,0,0,0,0,0,0,0
2181,2000,2000,374,4,5,5,70,23.3,15,watch,5,0,0,0,0,0,0,0
2184,2000,2000,374,4,5,5,70,23.3,15,watch,5,0,0,0,0,0,0,0
2187,2000,2000,374,4,5,5,70,23.3,15,watch,5,0,0,0,0,0,0,0
2190,2000,2000,394,4,5,5,70,23.3,15,watch,5,0,0,0,0,0,0,0
2193,2000,2000,394,4,5,5,56,18.7,15,watch,5,0,0,0,0,0,0,0
2196,2000,2000,394,4,5,5,56,18.7,15,watch,5,0,0,0,0,0,0,0
2199,2000,2000,394,4,5,5,56,18.7,15,watch,5,0,0,0,0,0,0,0
2202,2000,2000,394,4,5,5,42,14.0,15,watch,5,0,0,0,0,0,0,0
2205,2000,2000,394,4,5,5,42,14.0,15,watch,5,0,0,0,0,0,0,0
2208,2000,2000,394,4,5,5,42,14.0,15,watch,5,0,0,0,0,0,0,0
2211,2000,2000,394,4,5,5,28,9.3,15,watch,5,0,0,0,0,0,0,0
2214,2000,2000,394,4,5,5,28,9.3,15,watch,5,0,0,0,0,0,0,0
2217,2000,2000,394,4,5,5,28,9.3,15,watch,5,0,0,0,0,0,0,0
2220,2000,2000,414,4,5,5,28,9.3,15,watch,5,0,0,0,0,0,0,0
2223,2000,2000,414,4,5,5,14,4.7,15,watch,5,0,0,0,0,0,0,0
2226,2000,2000,414,4,5,5,28,9.3,15,watch,5,0,0,0,0,0,0,0
2229,2000,2000,414,4,5,5,28,9.3,15,watch,5,0,0,0,0,0,0,0
2232,2000,2000,414,4,5,5,14,4.7,15,watch,5,0,0,0,0,0,0,0
2235,2000,2000,414,4,5,5,28,9.3,15,watch,5,0,0,0,0,0,0,0
2238,2000,2000,414,4,5,5,28,9.3,15,watch,5,0,0,0,0,0,0,0
2241,2000,2000,414,4,5,5,28,9.3,15,watch,5,0,0,0,0,0,0,0
2244,2000,2000,414,4,5,5,28,9.3,15,watch,5,0,0,0,0,0,0,0
2247,2000,2000,414,4,5,5,42,14.0,15,watch,5,0,0,0,0,0,0,0
2250,2000,2000,433,4,5,5,42,14.0,15,watch,5,0,0,0,0,0,0,0
2253,2000,2000,433,4,5,5,28,9.3,15,watch,5,0,0,0,0,0,0,0
2256,2000,2000,433,4,5,5,42,14.0,15,watch,5,0,0,0,0,0,0,0
2259,2000,2000,433,4,5,5,42,14.0,15,watch,5,0,0,0,0,0,0,0
2262,2000,2000,433,4,5,5,42,14.0,15,watch,5,0,0,0,0,0,0,0
2265,2000,2000,433,4,5,5,42,14.0,15,watch,5,0,0,0,0,0,0,0
2268,2000,2000,433,4,5,5,42,14.0,15,watch,5,0,0,0,0,0,0,0
2271,2000,2000,433,4,5,5,42,14.0,15,watch,5,0,0,0,0,0,0,0
2274,2000,2000,433,4,5,5,28,9.3,15,watch,5,0,0,0,0,0,0,0
2277,2000,2000,433,4,5,5,28,9.3,15,watch,5,0,0,0,0,0,0,0
2280,2000,2000,453,4,5,5,28,9.3,15,watch,5,0,0,0,0,0,0,0
2283,2000,2000,453,4,5,5,14,4.7,15,watch,5,0,0,0,0,0,0,0
2286,2000,2000,453,4,5,5,28,9.3,15,watch,5,0,0,0,0,0,0,0
2289,2000,2000,453,4,5,5,28,9.3,15,watch,5,0,0,0,0,0,0,0
2292,2000,2000,453,4,5,5,28,9.3,15,watch,5,0,0,0,0,0,0,0
2295,2000,2000,453,4,5,5,28,9.3,15,watch,5,0,0,0,0,0,0,0
2298,2000,2000,453,4,5,5,28,9.3,15,watch,5,0,0,0,0,0,0,0
2301,2000,2000,453,4,5,5,28,9.3,15,watch,5,0,0,0,0,0,0,0
2304,2000,2000,453,4,5,5,28,9.3,15,watch,5,0,0,0,0,0,0,0
2307,2000,2000,453,4,4,4,28,9.3,12,watch,4,0,0,0,0,0,0,0
2310,2000,2000,473,4,4,4,28,9.3,12,watch,4,0,0,0,0,0,0,0
2313,2000,2000,473,4,4,4,28,9.3,12,watch,4,0,0,0,0,0,0,0
2316,2000,2000,473,4,3,3,28,9.3,9,watch,3,0,0,0,0,0,0,0
2319,2000,2000,473,4,3,3,28,9.3,9,watch,3,0,0,0,0,0,0,0
2322,2000,2000,473,4,3,3,28,9.3,9,watch,3,0,0,0,0,0,0,0
2325,2000,2000,473,4,3,3,42,14.0,9,watch,3,0,0,0,0,0,0,0
2328,2000,2000,473,4,2,2,28,9.3,6,watch,2,0,0,0,0,0,0,0
2331,2000,2000,473,4,2,2,28,9.3,6,watch,2,0,0,0,0,0,0,0
2334,2000,2000,473,4,2,2,28,9.3,6,watch,2,0,0,0,0,0,0,0
2337,2000,2000,473,4,1,1,14,4.7,3,watch,1,0,0,0,0,0,0,0
2340,2000,2000,493,4,1,1,14,4.7,3,watch,1,0,0,0,0,0,0,0
2343,2000,2000,19,5,1,1,14,4.7,3,watch,1,0,0,0,0,0,0,0
2346,2000,2000,19,5,0,0,0,0.0,0,watch,0,0,0,0,0,0,0,0
2349,2000,2000,19,5,0,0,0,0.0,0,watch,0,0,0,0,0,0,0,0
2352,2000,2000,19,5,0,0,0,0.0,0,watch,0,0,0,0,0,0,0,0
2355,2000,2000,19,5,0,0,0,0.0,0,watch,0,0,0,0,0,0,0,0
2358,2000,2000,19,5,0,0,0,0.0,0,watch,0,0,0,0,0,0,0,0
2361,2000,2000,19,5,0,0,0,0.0,0,watch,0,0,0,0,0,0,0,0
2364,2000,2000,19,5,0,0,0,0.0,0,watch,0,0,0,0,0,0,0,0
2367,2000,2000,19,5,0,0,0,0.0,0,watch,0,0,0,0,0,0,0,0
2370,2000,2000,79,5,0,0,0,0.0,0,watch,0,0,0,0,0,0,0,0
2373,2000,2000,79,5,0,0,0,0.0,0,watch,0,0,0,0,0,0,0,0
2376,2000,2000,79,5,0,0,0,0.0,0,watch,0,0,0,0,0,0,0,0
2379,2000,2000,79,5,0,0,0,0.0,0,watch,0,0,0,0,0,0,0,0
2382,2000,2000,79,5,0,0,0,0.0,0,watch,0,0,0,0,0,0,0,0
2385,2000,2000,79,5,0,0,0,0.0,0,watch,0,0,0,0,0,0,0,0
2388,2000,2000,79,5,0,0,0,0.0,0,watch,0,0,0,0,0,0,0,0
2391,2000,2000,79,5,0,0,0,0.0,0,watch,0,0,0,0,0,0,0,0
2394,2000,2000,79,5,0,0,0,0.0,0,watch,0,0,0,0,0,0,0,0
2397,2000,2000,79,5,0,0,0,0.0,0,watch,0,0,0,0,0,0,0,0
2400,2000,2000,139,5,0,0,0,0.0,0,watch,0,0,0,0,0,0,0,0
2403,2000,2000,139,5,0,0,0,0.0,0,watch,0,0,0,0,0,0,0,0
2406,2000,2000,139,5,0,0,0,0.0,0,watch,0,0,0,0,0,0,0,0
2409,2000,2000,139,5,0,0,0,0.0,0,watch,0,0,0,0,0,0,0,0
2412,2000,2000,139,5,0,0,0,0.0,0,watch,0,0,0,0,0,0,0,0
2415,2000,2000,139,5,0,0,0,0.0,0,watch,0,0,0,0,0,0,0,0
2418,2000,2000,139,5,0,0,0,0.0,0,watch,0,0,0,0,0,0,0,0
2421,2000,2000,139,5,0,0,0,0.0,0,watch,0,0,0,0,0,0,0,0
2424,2000,2000,139,5,0,0,0,0.0,0,watch,0,0,0,0,0,0,0,0
2427,2000,2000,139,5,0,0,0,0.0,0,watch,0,0,0,0,0,0,0,0
2430,2000,2000,198,5,0,0,0,0.0,0,watch,0,0,0,0,0,0,0,0
2433,2000,2000,18,5,1,1,100,1.1,81,watch,0,0,0,0,1,0,0,0
2436,2000,2000,18,5,1,1,100,1.1,81,watch,0,0,0,0,1,0,0,0
2439,2000,2000,18,5,1,1,100,1.1,81,watch,0,0,0,0,1,0,0,0
2442,2000,2000,18,5,2,2,200,2.3,162,watch,0,0,0,0,2,0,0,0
2445,2000,2000,18,5,2,2,200,2.3,162,watch,0,0,0,0,2,0,0,0
2448,2000,2000,18,5,2,2,200,2.3,162,watch,0,0,0,0,2,0,0,0
2451,2000,2000,18,5,2,2,200,2.3,162,watch,0,0,0,0,2,0,0,0
2454,2000,2000,18,5,3,3,300,3.4,243,watch,0,0,0,0,3,0,0,0
2457,2000,2000,18,5,3,3,300,3.4,243,watch,0,0,0,0,3,0,0,0
2460,2000,2000,78,5,3,3,300,3.4,243,watch,0,0,0,0,3,0,0,0
2463,2000,2000,58,5,4,4,400,4.6,324,watch,0,0,0,0,4,0,0,0
2466,2000,2000,58,5,4,4,400,4.6,324,watch,0,0,0,0,4,0,0,0
2469,2000,2000,58,5,4,4,400,4.6,324,watch,0,0,0,0,4,0,0,0
2472,2000,2000,58,5,5,5,500,5.7,405,watch,0,0,0,0,5,0,0,0
2475,2000,2000,58,5,5,5,500,5.7,405,watch,0,0,0,0,5,0,0,0
2478,2000,2000,58,5,5,5,500,5.7,405,watch,0,0,0,0,5,0,0,0
2481,2000,2000,58,5,5,5,500,5.7,405,watch,0,0,0,0,5,0,0,0
2484,2000,2000,58,5,5,5,500,5.7,405,watch,0,0,0,0,5,0,0,0
2487,2000,2000,58,5,5,5,500,5.7,405,watch,0,0,0,0,5,0,0,0
2490,2000,2000,118,5,5,5,500,5.7,405,watch,0,0,0,0,5,0,0,0
2493,2000,2000,53,5,5,5,500,5.7,405,watch,0,0,0,0,5,0,0,0
2496,2000,2000,53,5,5,5,500,5.7,405,watch,0,0,0,0,5,0,0,0
2499,2000,2000,53,5,5,5,500,5.7,405,watch,0,0,0,0,5,0,0,0
2502,2000,2000,53,5,5,5,500,5.7,405,watch,0,0,0,0,5,0,0,0
2505,2000,2000,53,5,5,5,500,5.7,405,watch,0,0,0,0,5,0,0,0
2508,2000,2000,53,5,5,5,500,5.7,405,watch,0,0,0,0,5,0,0,0
2511,1800,2000,53,5,5,5,100,1.1,405,watch,0,0,0,0,5,0,0,0
2514,1800,2000,53,5,5,5,100,1.1,405,watch,0,0,0,0,5,0,0,0
2517,1800,2000,53,5,5,5,100,1.1,405,watch,0,0,0,0,5,0,0,0
2520,1800,2000,113,5,5,5,100,1.1,405,watch,0,0,0,0,5,0,0,0
2523,1800,2000,113,5,5,5,100,1.1,405,watch,0,0,0,0,5,0,0,0
2526,1800,2000,113,5,5,5,100,1.1,405,watch,0,0,0,0,5,0,0,0
2529,1800,2000,113,5,5,5,100,1.1,405,watch,0,0,0,0,5,0,0,0
2532,1800,2000,113,5,5,5,100,1.1,405,watch,0,0,0,0,5,0,0,0
2535,1800,2000,113,5,5,5,100,1.1,405,watch,0,0,0,0,5,0,0,0
2538,1800,2000,113,5,5,5,100,1.1,405,watch,0,0,0,0,5,0,0,0
2541,1800,2000,213,5,5,5,500,5.7,405,watch,0,0,0,0,5,0,0,0
2544,1800,2000,213,5,5,5,500,5.7,405,watch,0,0,0,0,5,0,0,0
2547,1800,2000,213,5,5,5,500,5.7,405,watch,0,0,0,0,5,0,0,0
2550,1800,2000,273,5,5,5,500,5.7,405,watch,0,0,0,0,5,0,0,0
2553,1800,2000,273,5,5,5,500,5.7,405,watch,0,0,0,0,5,0,0,0
2556,1800,2000,273,5,5,5,500,5.7,405,watch,0,0,0,0,5,0,0,0
2559,1800,2000,273,5,5,5,500,5.7,405,watch,0,0,0,0,5,0,0,0
2562,1800,2000,273,5,5,5,500,5.7,405,watch,0,0,0,0,5,0,0,0
2565,1800,2000,273,5,5,5,500,5.7,405,watch,0,0,0,0,5,0,0,0
2568,1800,2000,273,5,4,4,400,4.6,324,watch,0,0,0,0,4,0,0,0
2571,1800,2000,273,5,4,4,400,4.6,324,watch,0,0,0,0,4,0,0,0
2574,1800,2000,273,5,4,4,400,4.6,324,watch,0,0,0,0,4,0,0,0
2577,1800,2000,273,5,4,4,200,2.3,324,watch,0,0,0,0,4,0,0,0
2580,1800,2000,333,5,4,4,200,2.3,324,watch,0,0,0,0,4,0,0,0
2583,1800,2000,333,5,4,4,200,2.3,324,watch,0,0,0,0,4,0,0,0
2586,1800,2000,333,5,4,4,100,1.1,324,watch,0,0,0,0,4,0,0,0
2589,1800,2000,333,5,4,4,100,1.1,324,watch,0,0,0,0,4,0,0,0
2592,1800,2000,333,5,4,4,100,1.1,324,watch,0,0,0,0,4,0,0,0
2595,1800,2000,333,5,4,4,100,1.1,324,watch,0,0,0,0,4,0,0,0
2598,1800,2000,333,5,4,4,100,1.1,324,watch,0,0,0,0,4,0,0,0
2601,1800,2000,333,5,4,4,100,1.1,324,watch,0,0,0,0,4,0,0,0
2604,1800,2000,333,5,4,4,100,1.1,324,watch,0,0,0,0,4,0,0,0
2607,1800,2000,333,5,4,4,100,1.1,324,watch,0,0,0,0,4,0,0,0
2610,1800,2000,393,5,4,4,300,3.4,324,watch,0,0,0,0,4,0,0,0
2613,1800,2000,393,5,4,4,200,2.3,324,watch,0,0,0,0,4,0,0,0
2616,1800,2000,393,5,4,4,200,2.3,324,watch,0,0,0,0,4,0,0,0
2619,1800,2000,393,5,4,4,200,2.3,324,watch,0,0,0,0,4,0,0,0
2622,1800,2000,393,5,4,4,300,3.4,324,watch,0,0,0,0,4,0,0,0
2625,1800,2000,393,5,4,4,300,3.4,324,watch,0,0,0,0,4,0,0,0
2628,1800,2000,393,5,4,4,300,3.4,324,watch,0,0,0,0,4,0,0,0
2631,1800,2000,393,5,4,4,300,3.4,324,watch,0,0,0,0,4,0,0,0
2634,1800,2000,393,5,4,4,300,3.4,324,watch,0,0,0,0,4,0,0,0
2637,1800,2000,393,5,4,4,300,3.4,324,watch,0,0,0,0,4,0,0,0
2640,1800,2000,453,5,4,4,300,3.4,324,watch,0,0,0,0,4,0,0,0
2643,1800,2000,453,5,4,4,300,3.4,324,watch,0,0,0,0,4,0,0,0
2646,1800,2000,453,5,3,3,200,2.3,243,watch,0,0,0,0,3,0,0,0
2649,1800,2000,453,5,3,3,200,2.3,243,watch,0,0,0,0,3,0,0,0
2652,1800,2000,453,5,3,3,200,2.3,243,watch,0,0,0,0,3,0,0,0
2655,1800,2000,453,5,3,3,100,1.1,243,watch,0,0,0,0,3,0,0,0
2658,1800,2000,453,5,3,3,100,1.1,243,watch,0,0,0,0,3,0,0,0
2661,1800,2000,453,5,3,3,100,1.1,243,watch,0,0,0,0,3,0,0,0
2664,1800,2000,453,5,3,3,100,1.1,243,watch,0,0,0,0,3,0,0,0
2667,1800,2000,453,5,3,3,100,1.1,243,watch,0,0,0,0,3,0,0,0
2670,1800,2000,513,5,3,3,100,1.1,243,watch,0,0,0,0,3,0,0,0
2673,1800,2000,513,5,3,3,100,1.1,243,watch,0,0,0,0,3,0,0,0
2676,1800,2000,513,5,3,3,200,2.3,243,watch,0,0,0,0,3,0,0,0
2679,1800,2000,513,5,3,3,200,2.3,243,watch,0,0,0,0,3,0,0,0
2682,1800,2000,513,5,3,3,100,1.1,243,watch,0,0,0,0,3,0,0,0
2685,1800,2000,513,5,3,3,200,2.3,243,watch,0,0,0,0,3,0,0,0
2688,1800,2000,513,5,3,3,200,2.3,243,watch,0,0,0,0,3,0,0,0
2691,1800,2000,513,5,3,3,200,2.3,243,watch,0,0,0,0,3,0,0,0
2694,1800,2000,513,5,3,3,200,2.3,243,watch,0,0,0,0,3,0,0,0
2697,1800,2000,513,5,3,3,200,2.3,243,watch,0,0,0,0,3,0,0,0
2700,1800,2000,572,5,3,3,200,2.3,243,watch,0,0,0,0,3,0,0,0
2703,1800,2000,572,5,3,3,200,2.3,243,watch,0,0,0,0,3,0,0,0
2706,1800,2000,572,5,3,3,200,2.3,243,watch,0,0,0,0,3,0,0,0
2709,1800,2000,572,5,3,3,200,2.3,243,watch,0,0,0,0,3,0,0,0
2712,1800,2000,572,5,3,3,300,3.4,243,watch,0,0,0,0,3,0,0,0
2715,1800,2000,572,5,3,3,300,3.4,243,watch,0,0,0,0,3,0,0,0
2718,1800,2000,572,5,3,3,300,3.4,243,watch,0,0,0,0,3,0,0,0
2721,1800,2000,572,5,2,2,200,2.3,162,watch,0,0,0,0,2,0,0,0
2724,1800,2000,572,5,2,2,200,2.3,162,watch,0,0,0,0,2,0,0,0
2727,1800,2000,572,5,2,2,200,2.3,162,watch,0,0,0,0,2,0,0,0
2730,1800,2000,632,5,2,2,200,2.3,162,watch,0,0,0,0,2,0,0,0
2733,1800,2000,632,5,2,2,200,2.3,162,watch,0,0,0,0,2,0,0,0
2736,1800,2000,452,5,2,2,200,2.3,162,watch,0,0,0,0,2,0,0,0
2739,1800,2000,452,5,3,3,300,3.4,243,watch,0,0,0,0,3,0,0,0
2742,1800,2000,432,5,3,3,300,3.4,243,watch,0,0,0,0,3,0,0,0
2745,1800,2000,432,5,1,1,100,1.1,81,watch,0,0,0,0,1,0,0,0
2748,1800,2000,432,5,2,2,200,2.3,162,watch,0,0,0,0,2,0,0,0
2751,1800,2000,432,5,2,2,200,2.3,162,watch,0,0,0,0,2,0,0,0
2754,1800,2000,432,5,2,2,200,2.3,162,watch,0,0,0,0,2,0,0,0
2757,1800,2000,432,5,3,3,300,3.4,243,watch,0,0,0,0,3,0,0,0
2760,1800,2000,492,5,3,3,300,3.4,243,watch,0,0,0,0,3,0,0,0
2763,1800,2000,492,5,3,3,300,3.4,243,watch,0,0,0,0,3,0,0,0
2766,1800,2000,492,5,3,3,300,3.4,243,watch,0,0,0,0,3,0,0,0
2769,1800,2000,492,5,4,4,400,4.6,324,watch,0,0,0,0,4,0,0,0
2772,1800,2000,492,5,4,4,400,4.6,324,watch,0,0,0,0,4,0,0,0
2775,1800,2000,492,5,4,4,400,4.6,324,watch,0,0,0,0,4,0,0,0
2778,1800,2000,492,5,5,5,500,5.7,405,watch,0,0,0,0,5,0,0,0
2781,1800,2000,492,5,5,5,500,5.7,405,watch,0,0,0,0,5,0,0,0
2784,1800,2000,492,5,5,5,500,5.7,405,watch,0,0,0,0,5,0,0,0
2787,1800,2000,492,5,5,5,500,5.7,405,watch,0,0,0,0,5,0,0,0
2790,1600,2000,552,5,5,5,100,1.1,405,watch,0,0,0,0,5,0,0,0
2793,1600,2000,552,5,5,5,100,1.1,405,watch,0,0,0,0,5,0,0,0
2796,1600,2000,552,5,5,5,100,1.1,405,watch,0,0,0,0,5,0,0,0
2799,1600,2000,552,5,5,5,100,1.1,405,watch,0,0,0,0,5,0,0,0
2802,1600,2000,552,5,5,5,100,1.1,405,watch,0,0,0,0,5,0,0,0
2805,1600,2000,552,5,5,5,100,1.1,405,watch,0,0,0,0,5,0,0,0
2808,1600,2000,552,5,5,5,100,1.1,405,watch,0,0,0,0,5,0,0,0
2811,1600,2000,552,5,5,5,100,1.1,405,watch,0,0,0,0,5,0,0,0
2814,1600,2000,552,5,5,5,100,1.1,405,watch,0,0,0,0,5,0,0,0
2817,1600,2000,552,5,5,5,100,1.1,405,watch,0,0,0,0,5,0,0,0
2820,1600,2000,612,5,5,5,500,5.7,405,watch,0,0,0,0,5,0,0,0
2823,1600,2000,612,5,5,5,500,5.7,405,watch,0,0,0,0,5,0,0,0
2826,1600,2000,612,5,5,5,500,5.7,405,watch,0,0,0,0,5,0,0,0
2829,1600,2000,612,5,5,5,500,5.7,405,watch,0,0,0,0,5,0,0,0
2832,1600,2000,612,5,5,5,500,5.7,405,watch,0,0,0,0,5,0,0,0
2835,1600,2000,612,5,5,5,500,5.7,405,watch,0,0,0,0,5,0,0,0
2838,1600,2000,612,5,5,5,500,5.7,405,watch,0,0,0,0,5,0,0,0
2841,1600,2000,612,5,5,5,500,5.7,405,watch,0,0,0,0,5,0,0,0
2844,1600,2000,612,5,5,5,500,5.7,405,watch,0,0,0,0,5,0,0,0
2847,1600,2000,612,5,5,5,500,5.7,405,watch,0,0,0,0,5,0,0,0
2850,1600,2000,672,5,5,5,500,5.7,405,watch,0,0,0,0,5,0,0,0
2853,1600,2000,672,5,5,5,500,5.7,405,watch,0,0,0,0,5,0,0,0
2856,1600,2000,672,5,5,5,500,5.7,405,block,0,0,0,0,5,0,0,0
2859,1600,2000,672,5,5,5,500,5.7,405,block,0,0,0,0,5,0,0,0
2862,1600,2000,672,5,5,5,400,4.6,405,watch,0,0,0,0,5,0,0,0
2865,1600,2000,672,5,5,5,400,4.6,405,watch,0,0,0,0,5,0,0,0
2868,1600,2000,672,5,5,5,300,3.4,405,watch,0,0,0,0,5,0,0,0
2871,1600,2000,672,5,5,5,200,2.3,405,watch,0,0,0,0,5,0,0,0
2874,1600,2000,672,5,5,5,200,2.3,405,watch,0,0,0,0,5,0,0,0
2877,1600,2000,672,5,5,5,200,2.3,405,watch,0,0,0,0,5,0,0,0
2880,1600,2000,732,5,5,5,200,2.3,405,watch,0,0,0,0,5,0,0,0
2883,1600,2000,732,5,5,5,100,1.1,405,watch,0,0,0,0,5,0,0,0
2886,1600,2000,732,5,5,5,100,1.1,405,watch,0,0,0,0,5,0,0,0
2889,1600,2000,732,5,5,5,100,1.1,405,watch,0,0,0,0,5,0,0,0
2892,1600,2000,732,5,5,5,0,0.0,405,watch,0,0,0,0,5,0,0,0
2895,1600,2000,732,5,5,5,100,1.1,405,watch,0,0,0,0,5,0,0,0
2898,1600,2000,732,5,5,5,100,1.1,405,watch,0,0,0,0,5,0,0,0
2901,1600,2000,732,5,5,5,200,2.3,405,watch,0,0,0,0,5,0,0,0
2904,1600,2000,732,5,5,5,200,2.3,405,watch,0,0,0,0,5,0,0,0
2907,1600,2000,732,5,5,5,300,3.4,405,watch,0,0,0,0,5,0,0,0
2910,1600,2000,792,5,5,5,300,3.4,405,watch,0,0,0,0,5,0,0,0
2913,1600,2000,792,5,5,5,300,3.4,405,watch,0,0,0,0,5,0,0,0
2916,1600,2000,792,5,5,5,400,4.6,405,watch,0,0,0,0,5,0,0,0
2919,1600,2000,792,5,5,5,400,4.6,405,watch,0,0,0,0,5,0,0,0
2922,1600,2000,792,5,5,5,400,4.6,405,watch,0,0,0,0,5,0,0,0
2925,1600,2000,792,5,5,5,500,5.7,405,watch,0,0,0,0,5,0,0,0
2928,1600,2000,792,5,5,5,500,5.7,405,block,0,0,0,0,5,0,0,0
2931,1600,2000,792,5,5,5,400,4.6,405,watch,0,0,0,0,5,0,0,0
2934,1600,2000,792,5,5,5,400,4.6,405,watch,0,0,0,0,5,0,0,0
2937,1600,2000,792,5,5,5,300,3.4,405,watch,0,0,0,0,5,0,0,0
2940,1600,2000,851,5,5,5,200,2.3,405,watch,0,0,0,0,5,0,0,0
2943,1600,2000,851,5,5,5,200,2.3,405,watch,0,0,0,0,5,0,0,0
2946,1600,2000,786,5,5,5,200,2.3,405,watch,0,0,0,0,5,0,0,0
2949,1600,2000,786,5,5,5,200,2.3,405,watch,0,0,0,0,5,0,0,0
2952,1600,2000,786,5,5,5,100,1.1,405,watch,0,0,0,0,5,0,0,0
2955,1600,2000,786,5,5,5,100,1.1,405,watch,0,0,0,0,5,0,0,0
2958,1600,2000,786,5,5,5,100,1.1,405,watch,0,0,0,0,5,0,0,0
2961,1600,2000,786,5,5,5,100,1.1,405,watch,0,0,0,0,5,0,0,0
2964,1600,2000,786,5,5,5,100,1.1,405,watch,0,0,0,0,5,0,0,0
2967,1600,2000,786,5,5,5,200,2.3,405,watch,0,0,0,0,5,0,0,0
2970,1600,2000,846,5,5,5,300,3.4,405,watch,0,0,0,0,5,0,0,0
2973,1600,2000,846,5,5,5,300,3.4,405,watch,0,0,0,0,5,0,0,0
2976,1600,2000,846,5,5,5,300,3.4,405,watch,0,0,0,0,5,0,0,0
2979,1600,2000,846,5,5,5,300,3.4,405,watch,0,0,0,0,5,0,0,0
2982,1600,2000,846,5,5,5,400,4.6,405,watch,0,0,0,0,5,0,0,0
2985,1600,2000,846,5,5,5,400,4.6,405,watch,0,0,0,0,5,0,0,0
2988,1600,2000,846,5,5,5,400,4.6,405,watch,0,0,0,0,5,0,0,0
2991,1600,2000,846,5,5,5,500,5.7,405,block,0,0,0,0,5,0,0,0
2994,1600,2000,846,5,5,5,500,5.7,405,block,0,0,0,0,5,0,0,0
2997,1600,2000,946,5,4,4,400,4.6,324,watch,0,0,0,0,4,0,0,0
3000,1600,2000,1006,5,4,4,300,3.4,324,watch,0,0,0,0,4,0,0,0
3003,1600,2000,1006,5,4,4,300,3.4,324,watch,0,0,0,0,4,0,0,0
3006,1600,2000,1006,5,3,3,200,2.3,243,watch,0,0,0,0,3,0,0,0
3009,1600,2000,1006,5,3,3,200,2.3,243,watch,0,0,0,0,3,0,0,0
3012,1600,2000,1006,5,3,3,200,2.3,243,watch,0,0,0,0,3,0,0,0
3015,1600,2000,1006,5,2,2,100,1.1,162,watch,0,0,0,0,2,0,0,0
3018,1600,2000,1006,5,2,2,100,1.1,162,watch,0,0,0,0,2,0,0,0
3021,1600,2000,1006,5,2,2,100,1.1,162,watch,0,0,0,0,2,0,0,0
3024,1600,2000,1006,5,2,2,100,1.1,162,watch,0,0,0,0,2,0,0,0
3027,1600,2000,1006,5,1,1,0,0.0,81,watch,0,0,0,0,1,0,0,0
3030,1600,2000,1066,5,1,1,100,1.1,81,watch,0,0,0,0,1,0,0,0
3033,1600,2000,1066,5,1,1,100,1.1,81,watch,0,0,0,0,1,0,0,0
3036,1600,2000,1066,5,1,1,100,1.1,81,watch,0,0,0,0,1,0,0,0
3039,1600,2000,1066,5,1,1,100,1.1,81,watch,0,0,0,0,1,0,0,0
3042,1600,2000,886,5,2,2,200,2.3,162,watch,0,0,0,0,2,0,0,0
3045,1600,2000,886,5,2,2,200,2.3,162,watch,0,0,0,0,2,0,0,0
3048,1600,2000,886,5,2,2,200,2.3,162,watch,0,0,0,0,2,0,0,0
3051,1600,2000,886,5,2,2,200,2.3,162,watch,0,0,0,0,2,0,0,0
3054,1600,2000,886,5,3,3,300,3.4,243,watch,0,0,0,0,3,0,0,0
3057,1600,2000,866,5,3,3,300,3.4,243,watch,0,0,0,0,3,0,0,0
3060,1600,2000,926,5,3,3,300,3.4,243,watch,0,0,0,0,3,0,0,0
3063,1600,2000,926,5,4,4,400,4.6,324,watch,0,0,0,0,4,0,0,0
3066,1600,2000,926,5,4,4,300,3.4,324,watch,0,0,0,0,4,0,0,0
3069,1600,2000,926,5,4,4,300,3.4,324,watch,0,0,0,0,4,0,0,0
3072,1600,2000,926,5,5,5,400,4.6,405,watch,0,0,0,0,5,0,0,0
3075,1600,2000,926,5,5,5,400,4.6,405,watch,0,0,0,0,5,0,0,0
3078,1600,2000,926,5,5,5,400,4.6,405,watch,0,0,0,0,5,0,0,0
3081,1600,2000,926,5,5,5,400,4.6,405,watch,0,0,0,0,5,0,0,0
3084,1600,2000,926,5,6,6,500,5.7,486,watch,0,0,0,0,6,0,0,0
3087,1600,2000,926,5,6,6,500,5.7,486,watch,0,0,0,0,6,0,0,0
3090,1600,2000,986,5,6,6,500,5.7,486,watch,0,0,0,0,6,0,0,0
3093,1600,2000,986,5,6,6,500,5.7,486,watch,0,0,0,0,6,0,0,0
3096,1600,2000,986,5,6,6,600,6.9,486,watch,0,0,0,0,6,0,0,0
3099,1600,2000,986,5,6,6,600,6.9,486,watch,0,0,0,0,6,0,0,0
3102,1600,2000,986,5,6,6,600,6.9,486,watch,0,0,0,0,6,0,0,0
3105,1400,2000,986,5,5,5,100,1.1,405,watch,0,0,0,0,5,0,0,0
3108,1400,2000,986,5,5,5,100,1.1,405,watch,0,0,0,0,5,0,0,0
3111,1400,2000,986,5,5,5,100,1.1,405,watch,0,0,0,0,5,0,0,0
3114,1400,2000,986,5,5,5,100,1.1,405,watch,0,0,0,0,5,0,0,0
3117,1400,2000,986,5,5,5,100,1.1,405,watch,0,0,0,0,5,0,0,0
3120,1400,2000,1046,5,5,5,100,1.1,405,watch,0,0,0,0,5,0,0,0
3123,1400,2000,1046,5,5,5,100,1.1,405,watch,0,0,0,0,5,0,0,0
3126,1400,2000,1046,5,5,5,100,1.1,405,watch,0,0,0,0,5,0,0,0
3129,1400,2000,1046,5,5,5,100,1.1,405,watch,0,0,0,0,5,0,0,0
3132,1400,2000,1046,5,5,5,100,1.1,405,watch,0,0,0,0,5,0,0,0
3135,1400,2000,1046,5,5,5,500,5.7,405,watch,0,0,0,0,5,0,0,0
3138,1400,2000,1046,5,5,5,500,5.7,405,watch,0,0,0,0,5,0,0,0
3141,1400,2000,1046,5,5,5,500,5.7,405,watch,0,0,0,0,5,0,0,0
3144,1400,2000,1046,5,5,5,500,5.7,405,watch,0,0,0,0,5,0,0,0
3147,1400,2000,1046,5,5,5,500,5.7,405,watch,0,0,0,0,5,0,0,0
3150,1400,2000,1106,5,5,5,500,5.7,405,watch,0,0,0,0,5,0,0,0
3153,1400,2000,1106,5,5,5,500,5.7,405,block,0,0,0,0,5,0,0,0
3156,1400,2000,1103,5,6,5,500,5.7,405,block,0,0,0,0,5,0,0,0
3159,1400,2000,1103,5,6,5,500,5.7,405,block,0,0,0,0,5,0,0,0
3162,1400,2000,1100,5,7,5,500,5.7,405,block,0,0,0,0,5,0,0,0
3165,1400,2000,1100,5,7,5,500,5.7,405,block,0,0,0,0,5,0,0,0
3168,1400,2000,1100,5,7,5,400,4.6,405,watch,0,0,0,0,5,0,0,0
3171,1400,2000,1100,5,7,5,400,4.6,405,watch,0,0,0,0,5,0,0,0
3174,1400,2000,1100,5,7,5,300,3.4,405,watch,0,0,0,0,5,0,0,0
3177,1400,2000,1100,5,7,5,200,2.3,405,watch,0,0,0,0,5,0,0,0
3180,1400,2000,1159,5,7,5,200,2.3,405,watch,0,0,0,0,5,0,0,0
3183,1400,2000,1159,5,7,5,200,2.3,405,watch,0,0,0,0,5,0,0,0
3186,1400,2000,1159,5,7,5,100,1.1,405,watch,0,0,0,0,5,0,0,0
3189,1400,2000,1159,5,7,5,100,1.1,405,watch,0,0,0,0,5,0,0,0
3192,1400,2000,1159,5,7,5,100,1.1,405,watch,0,0,0,0,5,0,0,0
3195,1400,2000,1159,5,7,5,100,1.1,405,watch,0,0,0,0,5,0,0,0
3198,1400,2000,1159,5,7,5,0,0.0,405,watch,0,0,0,0,5,0,0,0
3201,1400,2000,1159,5,7,5,100,1.1,405,watch,0,0,0,0,5,0,0,0
3204,1400,2000,1159,5,7,5,100,1.1,405,watch,0,0,0,0,5,0,0,0
3207,1400,2000,1159,5,7,5,200,2.3,405,watch,0,0,0,0,5,0,0,0
3210,1400,2000,1219,5,7,5,300,3.4,405,watch,0,0,0,0,5,0,0,0
3213,1400,2000,1219,5,7,5,300,3.4,405,watch,0,0,0,0,5,0,0,0
3216,1400,2000,1219,5,7,5,300,3.4,405,watch,0,0,0,0,5,0,0,0
3219,1400,2000,1219,5,7,5,300,3.4,405,watch,0,0,0,0,5,0,0,0
3222,1400,2000,1219,5,7,5,400,4.6,405,watch,0,0,0,0,5,0,0,0
3225,1400,2000,1219,5,7,5,400,4.6,405,watch,0,0,0,0,5,0,0,0
3228,1400,2000,1219,5,7,5,400,4.6,405,watch,0,0,0,0,5,0,0,0
3231,1400,2000,1219,5,7,5,500,5.7,405,block,0,0,0,0,5,0,0,0
3234,1400,2000,1219,5,7,5,500,5.7,405,block,0,0,0,0,5,0,0,0
3237,1400,2000,1219,5,7,5,400,4.6,405,watch,0,0,0,0,5,0,0,0
3240,1400,2000,1279,5,7,5,300,3.4,405,watch,0,0,0,0,5,0,0,0
3243,1400,2000,1279,5,7,5,300,3.4,405,watch,0,0,0,0,5,0,0,0
3246,1400,2000,1279,5,7,5,200,2.3,405,watch,0,0,0,0,5,0,0,0
3249,1400,2000,1279,5,7,5,200,2.3,405,watch,0,0,0,0,5,0,0,0
3252,1400,2000,1279,5,7,5,200,2.3,405,watch,0,0,0,0,5,0,0,0
3255,1400,2000,1279,5,7,5,100,1.1,405,watch,0,0,0,0,5,0,0,0
3258,1400,2000,1279,5,7,5,100,1.1,405,watch,0,0,0,0,5,0,0,0
3261,1400,2000,1279,5,7,5,100,1.1,405,watch,0,0,0,0,5,0,0,0
3264,1400,2000,1279,5,7,5,100,1.1,405,watch,0,0,0,0,5,0,0,0
3267,1400,2000,1279,5,7,5,100,1.1,405,watch,0,0,0,0,5,0,0,0
3270,1400,2000,1339,5,7,5,200,2.3,405,watch,0,0,0,0,5,0,0,0
3273,1400,2000,1339,5,7,5,200,2.3,405,watch,0,0,0,0,5,0,0,0
3276,1400,2000,1339,5,7,5,300,3.4,405,watch,0,0,0,0,5,0,0,0
3279,1400,2000,1339,5,7,5,300,3.4,405,watch,0,0,0,0,5,0,0,0
3282,1400,2000,1339,5,7,5,300,3.4,405,watch,0,0,0,0,5,0,0,0
3285,1400,2000,1339,5,7,5,400,4.6,405,watch,0,0,0,0,5,0,0,0
3288,1400,2000,1339,5,7,5,400,4.6,405,watch,0,0,0,0,5,0,0,0
3291,1400,2000,1339,5,7,5,400,4.6,405,watch,0,0,0,0,5,0,0,0
3294,1400,2000,1339,5,6,5,400,4.6,405,watch,0,0,0,0,5,0,0,0
3297,1400,2000,1339,5,6,5,500,5.7,405,block,0,0,0,0,5,0,0,0
3300,1400,2000,1399,5,6,5,500,5.7,405,block,0,0,0,0,5,0,0,0
3303,1400,2000,1396,5,6,4,300,3.4,324,block,0,0,0,0,4,0,0,0
3306,1400,2000,1396,5,5,4,300,3.4,324,watch,0,0,0,0,4,0,0,0
3309,1400,2000,1396,5,5,3,200,2.3,243,watch,0,0,0,0,3,0,0,0
3312,1400,2000,1396,5,5,3,200,2.3,243,watch,0,0,0,0,3,0,0,0
3315,1400,2000,1396,5,5,2,100,1.1,162,watch,0,0,0,0,2,0,0,0
3318,1400,2000,1396,5,5,2,100,1.1,162,watch,0,0,0,0,2,0,0,0
3321,1400,2000,1396,5,4,2,100,1.1,162,watch,0,0,0,0,2,0,0,0
3324,1400,2000,1396,5,4,2,100,1.1,162,watch,0,0,0,0,2,0,0,0
3327,1400,2000,1396,5,4,1,0,0.0,81,watch,0,0,0,0,1,0,0,0
3330,1400,2000,1456,5,4,1,0,0.0,81,watch,0,0,0,0,1,0,0,0
3333,1400,2000,1456,5,4,1,0,0.0,81,watch,0,0,0,0,1,0,0,0
3336,1400,2000,1456,5,4,1,100,1.1,81,watch,0,0,0,0,1,0,0,0
3339,1400,2000,1456,5,4,1,100,1.1,81,watch,0,0,0,0,1,0,0,0
3342,1400,2000,1456,5,4,1,100,1.1,81,watch,0,0,0,0,1,0,0,0
3345,1400,2000,1456,5,4,1,100,1.1,81,watch,0,0,0,0,1,0,0,0
3348,1400,2000,1276,5,4,2,200,2.3,162,watch,0,0,0,0,2,0,0,0
3351,1400,2000,1276,5,4,2,200,2.3,162,watch,0,0,0,0,2,0,0,0
3354,1400,2000,1276,5,4,2,200,2.3,162,watch,0,0,0,0,2,0,0,0
3357,1400,2000,1276,5,5,3,300,3.4,243,watch,0,0,0,0,3,0,0,0
3360,1400,2000,1336,5,5,3,300,3.4,243,watch,0,0,0,0,3,0,0,0
3363,1400,2000,1336,5,5,3,300,3.4,243,watch,0,0,0,0,3,0,0,0
3366,1400,2000,1336,5,5,3,300,3.4,243,watch,0,0,0,0,3,0,0,0
3369,1400,2000,1336,5,6,4,400,4.6,324,watch,0,0,0,0,4,0,0,0
3372,1400,2000,1336,5,6,4,400,4.6,324,watch,0,0,0,0,4,0,0,0
3375,1400,2000,1336,5,5,4,400,4.6,324,watch,0,0,0,0,4,0,0,0
3378,1400,2000,1336,5,6,5,500,5.7,405,watch,0,0,0,0,5,0,0,0
3381,1400,2000,1336,5,6,5,500,5.7,405,block,0,0,0,0,5,0,0,0
3384,1400,2000,1336,5,6,5,500,5.7,405,block,0,0,0,0,5,0,0,0
3387,1400,2000,1336,5,7,5,500,5.7,405,watch,0,0,0,0,5,0,0,0
3390,1300,2000,1396,5,7,5,0,0.0,405,watch,0,0,0,0,5,0,0,0
3393,1300,2000,1396,5,7,5,0,0.0,405,watch,0,0,0,0,5,0,0,0
3396,1300,2000,1396,5,7,5,0,0.0,405,watch,0,0,0,0,5,0,0,0
3399,1300,2000,1396,5,7,5,0,0.0,405,watch,0,0,0,0,5,0,0,0
3402,1300,2000,421,5,7,5,0,0.0,405,watch,0,0,0,0,5,0,0,0
3405,1300,2000,421,5,7,5,0,0.0,405,watch,0,0,0,0,5,0,0,0
3408,1300,2000,421,5,7,6,75,5.0,423,watch,0,0,0,1,5,0,0,0
3411,1300,2000,421,5,7,6,75,5.0,423,watch,0,0,0,1,5,0,0,0
3414,1300,2000,421,5,7,7,89,9.7,426,watch,1,0,0,1,5,0,0,0
3417,1300,2000,421,5,7,8,103,14.3,429,watch,2,0,0,1,5,0,0,0
3420,1300,2000,480,5,7,8,603,20.1,429,watch,2,0,0,1,5,0,0,0
3423,1300,2000,480,5,7,9,617,24.7,432,watch,3,0,0,1,5,0,0,0
3426,1300,2000,480,5,7,9,617,24.7,432,wait,3,0,0,1,5,0,0,0
3429,1300,2000,480,5,7,9,617,24.7,432,wait,3,0,0,1,5,0,0,0
3432,1300,2000,480,5,7,9,617,24.7,432,wait,3,0,0,1,5,0,0,0
3435,1300,2000,480,5,7,9,617,24.7,432,wait,3,0,0,1,5,0,0,0
3438,1300,2000,477,5,8,9,617,24.7,432,critical,3,0,0,1,5,0,0,0
3441,1300,2000,474,5,9,9,617,24.7,432,critical,3,0,0,1,5,0,0,0
3444,1300,2000,474,5,9,9,617,24.7,432,critical,3,0,0,1,5,0,0,0
3447,1300,2000,471,5,10,9,617,24.7,432,critical,3,0,0,1,5,0,0,0
3450,1300,2000,2031,5,10,9,617,24.7,432,critical,3,0,0,1,5,0,0,0
3453,1300,2000,355,6,10,9,617,24.7,432,critical,3,0,0,1,5,0,0,0
3456,1300,2000,352,6,11,9,517,23.6,432,critical,3,0,0,1,5,0,0,0
3459,1300,2000,352,6,11,10,592,28.6,450,critical,3,0,0,2,5,0,0,0
3462,1300,2000,349,6,11,10,431,27.1,435,critical,4,0,0,1,5,0,0,0
3465,1300,2000,349,6,11,10,431,27.1,435,critical,4,0,0,1,5,0,0,0
3468,1300,2000,349,6,10,11,506,32.1,453,watch,4,0,0,2,5,0,0,0
3471,1300,2000,349,6,10,11,406,31.0,453,watch,4,0,0,2,5,0,0,0
3474,1300,2000,349,6,10,12,481,36.0,471,watch,4,0,0,3,5,0,0,0
3477,1300,2000,349,6,10,13,495,40.6,474,watch,5,0,0,3,5,0,0,0
3480,1300,2000,601,6,10,13,395,39.5,474,watch,5,0,0,3,5,0,0,0
3483,1300,2000,601,6,10,14,470,44.5,492,watch,5,0,0,4,5,0,0,0
3486,1300,2000,601,6,10,14,570,45.6,492,wait,5,0,0,4,5,0,0,0
3489,1300,2000,601,6,10,15,645,50.6,510,wait,5,0,0,5,5,0,0,0
3492,1300,2000,601,6,10,16,559,54.1,513,wait,6,0,0,5,5,0,0,0
3495,1300,2000,601,6,10,16,659,55.3,513,wait,6,0,0,5,5,0,0,0
3498,1300,2000,598,6,11,17,734,60.3,531,critical,6,0,0,6,5,0,0,0
3501,1300,2000,595,6,12,17,834,61.4,531,critical,6,0,0,6,5,0,0,0
3504,1300,2000,595,6,12,18,909,66.4,549,critical,6,0,0,7,5,0,0,0
3507,1300,2000,592,6,13,18,848,66.1,534,critical,7,0,0,6,5,0,0,0
3510,1300,2000,845,6,13,18,948,67.3,534,critical,7,0,0,6,5,0,0,0
3513,1300,2000,842,6,14,19,1023,72.3,552,critical,7,0,0,7,5,0,0,0
3516,1300,2000,839,6,15,19,1023,72.3,552,critical,7,0,0,7,5,0,0,0
3519,1300,2000,839,6,15,20,1037,76.9,555,critical,8,0,0,7,5,0,0,0
3522,1300,2000,836,6,16,21,1212,83.1,573,critical,8,0,0,8,5,0,0,0
3525,1300,2000,836,6,16,21,1212,83.1,573,critical,8,0,0,8,5,0,0,0
3528,1300,2000,833,6,17,22,1287,88.1,591,critical,8,0,0,9,5,0,0,0
3531,1300,2000,830,6,18,15,720,55.6,447,critical,5,0,0,6,4,0,0,0
3534,1300,2000,830,6,18,16,734,60.3,450,critical,6,0,0,6,4,0,0,0
3537,1300,2000,827,6,19,16,734,60.3,450,critical,6,0,0,6,4,0,0,0
3540,1300,2000,1079,6,19,16,734,60.3,450,critical,6,0,0,6,4,0,0,0
3543,1300,2000,1076,6,20,17,709,64.1,468,critical,6,0,0,7,4,0,0,0
3546,1300,2000,1073,6,21,17,709,64.1,468,critical,6,0,0,7,4,0,0,0
3549,1300,2000,1073,6,20,18,723,68.8,471,critical,7,0,0,7,4,0,0,0
3552,1300,2000,1070,6,21,19,798,73.8,489,critical,7,0,0,8,4,0,0,0
3555,1300,2000,1070,6,21,16,534,58.0,450,critical,6,0,0,6,4,0,0,0
3558,1300,2000,1067,6,22,17,609,63.0,468,critical,6,0,0,7,4,0,0,0
3561,1300,2000,1064,6,23,17,609,63.0,468,critical,6,0,0,7,4,0,0,0
3564,1300,2000,1064,6,23,18,623,67.7,471,critical,7,0,0,7,4,0,0,0
3567,1300,2000,1061,6,24,17,809,65.3,468,critical,6,0,0,7,4,0,0,0
3570,1300,2000,1314,6,24,17,809,65.3,468,critical,6,0,0,7,4,0,0,0
3573,1300,2000,1311,6,25,18,823,70.0,471,critical,7,0,0,7,4,0,0,0
3576,1300,2000,1308,6,26,18,923,71.1,471,critical,7,0,0,7,4,0,0,0
3579,1300,2000,1308,6,26,16,834,61.4,450,critical,6,0,0,6,4,0,0,0
3582,1300,2000,1305,6,27,17,909,66.4,468,critical,6,0,0,7,4,0,0,0
3585,1300,2000,1305,6,27,17,1009,67.6,468,critical,6,0,0,7,4,0,0,0
3588,1300,2000,1302,6,28,18,1023,72.3,471,critical,7,0,0,7,4,0,0,0
3591,1300,2000,1122,6,28,18,1023,72.3,471,critical,7,0,0,7,4,0,0,0
3594,1300,2000,1119,6,30,17,1034,63.7,531,critical,6,0,0,6,5,0,0,0
3597,1300,2000,1116,6,30,18,1109,68.7,549,critical,6,0,0,7,5,0,0,0
3600,1300,2000,1368,6,30,18,1109,68.7,549,critical,6,0,0,7,5,0,0,0
3603,1300,2000,1365,6,32,20,1223,74.6,633,critical,7,0,0,7,6,0,0,0
3606,1300,2000,1362,6,32,20,1223,74.6,633,critical,7,0,0,7,6,0,0,0
3609,1300,2000,1362,6,32,21,1298,79.6,651,critical,7,0,0,8,6,0,0,0
3612,1300,2000,1359,6,34,23,1473,85.7,750,critical,7,0,0,9,7,0,0,0
3615,1300,2000,1359,6,34,16,920,57.9,450,critical,6,0,0,6,4,0,0,0
3618,1300,2000,1356,6,35,16,834,61.4,372,critical,7,0,0,6,3,0,0,0
3621,1300,2000,1353,6,35,16,834,61.4,372,critical,7,0,0,6,3,0,0,0
3624,1300,2000,1353,6,36,18,1009,67.6,471,critical,7,0,0,7,4,0,0,0
3627,1200,2000,1350,6,25,19,1084,72.6,489,critical,7,0,0,8,4,0,0,0
3630,1200,2000,1603,6,24,19,1084,72.6,489,critical,7,0,0,8,4,0,0,0
3633,1200,2000,1600,6,26,21,1198,78.4,573,critical,8,0,0,8,5,0,0,0
3636,1200,2000,1597,6,27,21,1198,78.4,573,critical,8,0,0,8,5,0,0,0
3639,1200,2000,1597,6,27,22,1273,83.4,591,critical,8,0,0,9,5,0,0,0
3642,1200,2000,1594,6,28,17,959,58.7,516,critical,7,0,0,5,5,0,0,0
3645,1200,2000,1594,6,28,17,973,63.4,516,critical,7,0,0,5,5,0,0,0
3648,1200,2000,1591,6,29,18,1048,68.4,534,critical,7,0,0,6,5,0,0,0
3651,1200,2000,1588,6,29,18,1048,68.4,534,critical,7,0,0,6,5,0,0,0
3654,1200,2000,1588,6,29,19,1123,73.4,552,critical,7,0,0,7,5,0,0,0
3657,1200,2000,1585,6,30,18,948,67.3,534,critical,7,0,0,6,5,0,0,0
3660,1200,2000,1837,6,30,18,948,67.3,534,critical,7,0,0,6,5,0,0,0
3663,1200,2000,1834,6,31,19,1023,72.3,552,critical,7,0,0,7,5,0,0,0
3666,1200,2000,1831,6,31,19,1023,72.3,552,critical,7,0,0,7,5,0,0,0
3669,1200,2000,1831,6,31,20,1037,76.9,555,critical,8,0,0,7,5,0,0,0
3672,1200,2000,1828,6,32,21,1051,81.6,558,critical,9,0,0,7,5,0,0,0
3675,1200,2000,1828,6,32,21,1051,81.6,558,critical,9,0,0,7,5,0,0,0
3678,1200,2000,1825,6,33,22,1065,86.3,561,critical,10,0,0,7,5,0,0,0
3681,1200,2000,1822,6,34,22,1065,86.3,561,critical,10,0,0,7,5,0,0,0
3684,1200,2000,1822,6,34,23,1140,91.3,579,critical,10,0,0,8,5,0,0,0
3687,1200,2000,1819,6,34,24,1254,97.1,582,critical,11,0,0,8,5,0,0,0
3690,1200,2000,2072,6,33,24,1254,97.1,582,critical,11,0,0,8,5,0,0,0
3693,1200,2000,2069,6,33,23,1118,91.7,549,critical,12,0,0,6,5,0,0,0
3696,1200,2000,2066,6,33,23,1118,91.7,549,critical,12,0,0,6,5,0,0,0
3699,1200,2000,2066,6,33,23,857,89.1,534,critical,13,0,0,5,5,0,0,0
3702,1200,2000,2063,6,33,24,932,94.1,552,critical,13,0,0,6,5,0,0,0
3705,1200,2000,2063,6,33,24,932,94.1,552,critical,13,0,0,6,5,0,0,0
3708,1200,2000,2060,6,33,24,871,93.8,537,critical,14,0,0,5,5,0,0,0
3711,1200,2000,2057,6,34,24,843,84.4,537,critical,14,0,0,5,5,0,0,0
3714,1200,2000,2057,6,34,25,857,89.1,540,critical,15,0,0,5,5,0,0,0
3717,1200,2000,2054,6,34,26,871,93.8,543,critical,16,0,0,5,5,0,0,0
3720,1200,2000,2306,6,34,24,521,81.5,507,critical,16,0,0,3,5,0,0,0
3723,1200,2000,2303,6,35,25,582,81.8,525,critical,16,0,0,4,5,0,0,0
3726,1200,2000,2300,6,35,25,582,81.8,525,critical,16,0,0,4,5,0,0,0
3729,1200,2000,2300,6,35,25,521,81.5,510,critical,17,0,0,3,5,0,0,0
3732,1200,2000,2297,6,36,26,735,88.4,513,critical,18,0,0,3,5,0,0,0
3735,1200,2000,2297,6,36,25,721,83.8,510,critical,17,0,0,3,5,0,0,0
3738,1200,2000,2294,6,37,26,796,88.8,528,critical,17,0,0,4,5,0,0,0
3741,1200,2000,2291,6,38,26,824,98.1,528,critical,17,0,0,4,5,0,0,0
3744,1200,2000,2291,6,38,27,838,102.8,531,critical,18,0,0,4,5,0,0,0
3747,1200,2000,2288,6,39,28,852,107.4,534,critical,19,0,0,4,5,0,0,0
3750,1200,2000,2541,6,37,28,1052,109.7,534,critical,19,0,0,4,5,0,0,0
3753,1200,2000,2538,6,38,29,1066,114.4,537,critical,20,0,0,4,5,0,0,0
3756,1200,2000,2535,6,37,28,905,112.9,519,critical,20,0,0,3,5,0,0,0
3759,1200,2000,2535,6,37,29,980,117.9,537,critical,20,0,0,4,5,0,0,0
3762,1200,2000,2532,6,38,29,966,113.3,537,critical,20,0,0,4,5,0,0,0
3765,1200,2000,2532,6,38,26,663,96.6,513,critical,18,0,0,3,5,0,0,0
3768,1200,2000,2529,6,39,27,663,96.6,516,critical,19,0,0,3,5,0,0,0
3771,1200,2000,2526,6,40,27,663,96.6,516,critical,19,0,0,3,5,0,0,0
3774,1200,2000,2526,6,40,28,677,101.3,519,critical,20,0,0,3,5,0,0,0
3777,1200,2000,2523,6,41,28,724,97.0,534,critical,19,0,0,4,5,0,0,0
3780,1200,2000,2775,6,41,28,724,97.0,534,critical,19,0,0,4,5,0,0,0
3783,1200,2000,2772,6,41,29,724,97.0,537,critical,20,0,0,4,5,0,0,0
3786,1200,2000,2769,6,42,29,824,98.1,537,critical,20,0,0,4,5,0,0,0
3789,1200,2000,2769,6,40,30,824,98.1,540,critical,21,0,0,4,5,0,0,0
3792,1200,2000,2766,6,41,31,838,102.8,543,critical,22,0,0,4,5,0,0,0
3795,1200,2000,2766,6,38,30,777,102.4,525,critical,22,0,0,3,5,0,0,0
3798,1200,2000,2763,6,39,31,852,107.4,543,critical,22,0,0,4,5,0,0,0
3801,1200,2000,2760,6,40,31,866,112.1,543,critical,22,0,0,4,5,0,0,0
3804,1200,2000,2760,6,37,32,852,107.4,546,critical,23,0,0,4,5,0,0,0
3807,1200,2000,2757,6,38,33,866,112.1,549,critical,24,0,0,4,5,0,0,0
3810,1200,2000,3010,6,38,32,791,107.1,531,critical,24,0,0,3,5,0,0,0
3813,1200,2000,3007,6,39,33,866,112.1,549,critical,24,0,0,4,5,0,0,0
3816,1200,2000,3004,6,40,33,866,112.1,549,critical,24,0,0,4,5,0,0,0
3819,1200,2000,3004,6,38,32,852,107.4,546,critical,23,0,0,4,5,0,0,0
3822,1200,2000,3001,6,39,33,880,116.8,549,critical,24,0,0,4,5,0,0,0
3825,1200,2000,3001,6,39,33,1066,114.4,549,critical,24,0,0,4,5,0,0,0
3828,1200,2000,2998,6,40,33,1052,109.7,549,critical,24,0,0,4,5,0,0,0
3831,1200,2000,2995,6,38,33,1052,109.7,549,critical,24,0,0,4,5,0,0,0
3834,1200,2000,2995,6,38,34,1066,114.4,552,critical,25,0,0,4,5,0,0,0
3837,1200,2000,2812,6,39,34,1166,115.6,630,critical,24,0,0,4,6,0,0,0
3840,1200,2000,3064,6,39,35,1255,125.2,648,critical,24,0,0,5,6,0,0,0
3843,1200,2000,3061,6,40,35,1241,120.6,648,critical,24,0,0,5,6,0,0,0
3846,1200,2000,3058,6,41,33,852,107.4,627,critical,23,0,0,4,6,0,0,0
3849,1200,2000,3058,6,42,35,952,108.6,711,critical,24,0,0,4,7,0,0,0
3852,1200,2000,3055,6,43,36,980,117.9,714,critical,25,0,0,4,7,0,0,0
3855,1200,2000,3055,6,43,36,994,122.6,714,critical,25,0,0,4,7,0,0,0
3858,1200,2000,2077,6,45,38,1169,128.7,813,critical,25,0,0,5,8,0,0,0
3861,1200,2000,2074,6,46,38,1183,133.4,813,critical,25,0,0,5,8,0,0,0
3864,1200,2000,2074,6,46,39,1258,138.4,831,critical,25,0,0,6,8,0,0,0
3867,1200,2000,2071,6,47,39,1344,134.9,909,critical,24,0,0,6,9,0,0,0
3870,1200,2000,2324,6,46,39,1330,130.2,909,critical,24,0,0,6,9,0,0,0
3873,1200,2000,2321,6,46,40,1377,125.9,927,critical,24,0,0,7,9,0,0,0
3876,1200,2000,2318,6,45,40,1691,134.0,927,critical,24,0,0,7,9,0,0,0
3879,1200,2000,2318,6,45,40,1655,129.8,975,critical,25,0,0,5,10,0,0,0
3882,1200,2000,2315,6,46,41,1655,129.8,978,critical,26,0,0,5,10,0,0,0
3885,1200,2000,2315,6,42,41,1655,129.8,978,critical,26,0,0,5,10,0,0,0
3888,1200,2000,2312,6,43,42,1669,134.5,981,critical,27,0,0,5,10,0,0,0
3891,1200,2000,2309,6,44,42,1669,134.5,981,critical,27,0,0,5,10,0,0,0
3894,1200,2000,2309,6,42,43,1744,139.5,999,critical,27,0,0,6,10,0,0,0
3897,1200,2000,2306,6,43,44,1758,144.2,1002,critical,28,0,0,6,10,0,0,0
3900,1200,2000,2558,6,41,43,1758,144.2,999,critical,27,0,0,6,10,0,0,0
3903,1200,2000,2555,6,41,44,1772,148.8,1002,critical,28,0,0,6,10,0,0,0
3906,9600,12000,4035,6,40,44,1800,158.2,1002,critical,28,0,0,6,10,0,0,0
3909,9600,12000,4035,6,39,45,1847,153.8,1020,critical,28,0,0,7,10,0,0,0
3912,9600,12000,4035,6,38,46,1833,149.2,1023,wait,29,0,0,7,10,0,0,0
3915,9600,12000,4035,6,37,46,1847,153.8,1023,wait,29,0,0,7,10,0,0,0
3918,9600,12000,4035,6,36,47,1861,158.5,1026,wait,30,0,0,7,10,0,0,0
3921,9600,12000,4035,6,34,45,1758,144.2,1005,wait,29,0,0,6,10,0,0,0
3924,9600,12000,4035,6,33,46,1772,148.8,1008,wait,30,0,0,6,10,0,0,0
3927,9600,12000,4035,6,31,47,1847,153.8,1026,wait,30,0,0,7,10,0,0,0
3930,9600,12000,4288,6,31,45,1111,141.6,990,wait,30,0,0,5,10,0,0,0
3933,9600,12000,4288,6,31,46,1111,141.6,993,wait,31,0,0,5,10,0,0,0
3936,9600,12000,4288,6,31,46,1111,141.6,993,wait,31,0,0,5,10,0,0,0
3939,9600,12000,4288,6,30,46,936,135.4,978,wait,32,0,0,4,10,0,0,0
3942,9600,12000,4288,6,30,47,978,149.4,981,wait,33,0,0,4,10,0,0,0
3945,9600,12000,4288,6,30,46,964,144.8,978,wait,32,0,0,4,10,0,0,0
3948,9600,12000,4288,6,29,46,864,143.6,978,wait,32,0,0,4,10,0,0,0
3951,9600,12000,4288,6,29,46,864,143.6,978,wait,32,0,0,4,10,0,0,0
3954,9600,12000,4288,6,28,47,850,139.0,981,wait,33,0,0,4,10,0,0,0
3957,9600,12000,4288,6,27,48,850,139.0,984,wait,34,0,0,4,10,0,0,0
3960,9600,12000,4540,6,27,47,1336,140.0,981,wait,33,0,0,4,10,0,0,0
3963,9600,12000,4540,6,27,48,1350,144.7,984,wait,34,0,0,4,10,0,0,0
3966,9600,12000,4540,6,25,48,1364,149.4,984,wait,34,0,0,4,10,0,0,0
3969,9600,12000,4540,6,24,45,1222,134.2,975,wait,31,0,0,4,10,0,0,0
3972,9600,12000,4540,6,24,46,1350,144.7,978,wait,32,0,0,4,10,0,0,0
3975,9600,12000,4540,6,24,44,1336,140.0,972,wait,30,0,0,4,10,0,0,0
3978,9600,12000,4540,6,23,44,1275,139.7,957,wait,31,0,0,3,10,0,0,0
3981,9600,12000,4540,6,23,44,1361,136.2,957,wait,31,0,0,3,10,0,0,0
3984,9600,12000,4540,6,23,44,1408,131.9,972,wait,30,0,0,4,10,0,0,0
3987,9600,12000,4540,6,23,45,1464,150.5,975,wait,31,0,0,4,10,0,0,0
3990,9600,12000,4793,6,22,45,1578,156.3,975,wait,31,0,0,4,10,0,0,0
3993,9600,12000,4793,6,20,45,1578,156.3,975,wait,31,0,0,4,10,0,0,0
3996,9600,12000,4793,6,17,44,1550,147.0,972,wait,30,0,0,4,10,0,0,0
3999,9600,12000,4793,6,17,39,889,139.8,552,wait,31,0,0,3,5,0,0,0
4002,9600,12000,4793,6,17,37,1008,127.3,561,wait,28,0,0,4,5,0,0,0
4005,9600,12000,4793,6,17,37,1036,136.6,561,wait,28,0,0,4,5,0,0,0
4008,9600,12000,4793,6,17,37,1036,136.6,561,wait,28,0,0,4,5,0,0,0
4011,9600,12000,4793,6,17,36,1022,131.9,558,wait,27,0,0,4,5,0,0,0
4014,9600,12000,4793,6,17,37,936,135.4,561,wait,28,0,0,4,5,0,0,0
4017,9600,12000,4793,6,17,38,936,135.4,564,wait,29,0,0,4,5,0,0,0
4020,9600,12000,5045,6,17,38,922,130.8,564,wait,29,0,0,4,5,0,0,0
4023,9600,12000,5045,6,13,39,983,131.1,582,wait,29,0,0,5,5,0,0,0
4026,9600,12000,5045,6,13,37,941,117.1,576,wait,27,0,0,5,5,0,0,0
4029,9600,12000,5045,6,12,38,955,121.8,579,wait,28,0,0,5,5,0,0,0
4032,9600,12000,5045,6,12,38,1069,127.6,579,wait,28,0,0,5,5,0,0,0
4035,9600,12000,5045,6,9,38,1083,132.3,579,wait,28,0,0,5,5,0,0,0
4038,9600,12000,5045,6,9,38,1069,127.6,579,wait,28,0,0,5,5,0,0,0
4041,9600,12000,5045,6,7,38,1069,127.6,579,wait,28,0,0,5,5,0,0,0
4044,9600,12000,5045,6,7,39,1144,132.6,597,wait,28,0,0,6,5,0,0,0
4047,9600,12000,5045,6,7,40,1272,143.1,600,wait,29,0,0,6,5,0,0,0
4050,9600,12000,5298,6,6,40,1314,157.1,600,wait,29,0,0,6,5,0,0,0
4053,9600,12000,5298,6,6,41,1300,152.4,603,wait,30,0,0,6,5,0,0,0
4056,9600,12000,5298,6,5,41,1314,157.1,603,wait,30,0,0,6,5,0,0,0
4059,9600,12000,5298,6,5,42,1389,162.1,621,wait,30,0,0,7,5,0,0,0
4062,9600,12000,5278,6,5,43,1417,171.4,624,wait,31,0,0,7,5,0,0,0
4065,9600,12000,5278,6,4,43,1417,171.4,624,wait,31,0,0,7,5,0,0,0
4068,9600,12000,5278,6,3,44,1431,176.1,627,wait,32,0,0,7,5,0,0,0
4071,9600,12000,5278,6,2,44,1445,180.7,627,wait,32,0,0,7,5,0,0,0
4074,9600,12000,5278,6,1,45,1459,185.4,630,wait,33,0,0,7,5,0,0,0
4077,9600,12000,5278,6,1,46,1534,190.4,648,wait,33,0,0,8,5,0,0,0
4080,9600,12000,5530,6,1,46,1534,190.4,648,wait,33,0,0,8,5,0,0,0
4083,9600,12000,5350,6,1,45,1423,181.2,678,wait,34,0,0,5,6,0,0,0
4086,9600,12000,5350,6,1,45,1451,190.6,678,wait,34,0,0,5,6,0,0,0
4089,9600,12000,5350,6,1,46,1465,195.2,681,wait,35,0,0,5,6,0,0,0
4092,9600,12000,5350,6,2,48,1579,201.0,765,wait,36,0,0,5,7,0,0,0
4095,9600,12000,5350,6,2,48,1579,201.0,765,wait,36,0,0,5,7,0,0,0
4098,9600,12000,5012,6,3,49,1654,206.0,783,wipe,36,0,0,6,7,0,0,0
4101,9600,12000,5012,6,3,49,1654,206.0,783,wait,36,0,0,6,7,0,0,0
4104,9600,12000,5012,6,4,51,1768,211.9,867,wait,37,0,0,6,8,0,0,0
4107,9600,12000,5012,6,4,52,1782,216.5,870,wait,38,0,0,6,8,0,0,0
4110,9500,12000,5265,6,4,51,1307,206.9,852,wait,38,0,0,5,8,0,0,0
4113,9500,12000,5265,6,5,53,1482,213.1,951,wait,38,0,0,6,9,0,0,0
4116,9500,12000,5265,6,5,53,1482,213.1,951,wait,38,0,0,6,9,0,0,0
4119,9500,12000,5265,6,5,54,1496,217.7,954,wait,39,0,0,6,9,0,0,0
4122,9500,12000,5265,6,6,56,1610,223.6,1038,wait,40,0,0,6,10,0,0,0
4125,9500,12000,5265,6,6,56,1610,223.6,1038,wait,40,0,0,6,10,0,0,0
4128,9500,12000,5265,6,6,57,1624,228.2,1041,wait,41,0,0,6,10,0,0,0
4131,9500,12000,5265,6,6,57,1624,228.2,1041,wait,41,0,0,6,10,0,0,0
4134,9500,12000,5265,6,6,58,1699,233.2,1059,wait,41,0,0,7,10,0,0,0
4137,9500,12000,5265,6,6,58,1638,232.9,1044,wait,42,0,0,6,10,0,0,0
4140,9500,12000,5517,6,6,58,2038,237.5,1044,wait,42,0,0,6,10,0,0,0
4143,9500,12000,5514,6,7,59,2052,242.2,1047,critical,43,0,0,6,10,0,0,0
4146,9500,12000,5514,6,7,58,1938,236.3,1044,wait,42,0,0,6,10,0,0,0
4149,9500,12000,5514,6,7,57,1924,231.7,1041,wait,41,0,0,6,10,0,0,0
4152,9500,12000,5514,6,7,58,1999,236.7,1059,wait,41,0,0,7,10,0,0,0
4155,9500,12000,5514,6,7,57,1985,232.0,1056,wait,40,0,0,7,10,0,0,0
4158,9500,12000,5511,6,7,54,1796,221.2,954,critical,39,0,0,6,9,0,0,0
4161,9500,12000,5511,6,7,54,1796,221.2,954,wait,39,0,0,6,9,0,0,0
4164,9500,12000,5511,6,7,55,1810,225.9,957,wait,40,0,0,6,9,0,0,0
4167,9500,12000,5511,6,7,54,1624,228.2,798,wait,41,0,0,6,7,0,0,0
4170,9500,12000,5764,6,7,54,1624,228.2,798,wait,41,0,0,6,7,0,0,0
4173,9500,12000,5764,6,7,55,1699,233.2,816,wait,41,0,0,7,7,0,0,0
4176,9500,12000,5764,6,7,46,1526,195.6,696,wait,34,0,0,6,6,0,0,0
4179,9500,12000,5764,6,7,47,1540,200.2,699,wait,35,0,0,6,6,0,0,0
4182,9500,12000,5764,6,7,48,1554,204.9,702,wait,36,0,0,6,6,0,0,0
4185,9500,12000,5764,6,7,48,1554,204.9,702,wait,36,0,0,6,6,0,0,0
4188,9500,12000,5764,6,7,49,1587,195.9,720,wait,36,0,0,7,6,0,0,0
4191,9500,12000,5764,6,7,49,1587,195.9,720,wait,36,0,0,7,6,0,0,0
4194,9500,12000,5764,6,7,50,1601,200.6,723,wait,37,0,0,7,6,0,0,0
4197,9500,12000,5764,6,7,51,1615,205.2,726,wait,38,0,0,7,6,0,0,0
4200,9500,12000,6016,6,7,51,1615,205.2,726,wait,38,0,0,7,6,0,0,0
4203,9500,12000,6016,6,7,52,1615,205.2,729,wait,39,0,0,7,6,0,0,0
4206,9500,12000,6016,6,7,47,1484,181.6,699,wait,35,0,0,6,6,0,0,0
4209,9500,12000,6016,6,6,48,1559,186.6,717,wait,35,0,0,7,6,0,0,0
4212,9500,12000,6016,6,6,48,1559,186.6,717,wait,35,0,0,7,6,0,0,0
4215,9500,12000,6016,6,6,48,1559,186.6,717,wait,35,0,0,7,6,0,0,0
4218,9500,12000,3950,6,7,49,1573,191.2,720,wipe,36,0,0,7,6,0,0,0
4221,9500,12000,3950,6,7,49,1615,205.2,720,wait,36,0,0,7,6,0,0,0
4224,9500,12000,3950,6,7,50,1629,209.9,723,wait,37,0,0,7,6,0,0,0
4227,9500,12000,3950,6,7,51,1704,214.9,741,wait,37,0,0,8,6,0,0,0
4230,9500,12000,4203,6,6,51,1704,214.9,741,wait,37,0,0,8,6,0,0,0
4233,9500,12000,4203,6,6,52,1718,219.6,744,wait,38,0,0,8,6,0,0,0
4236,9500,12000,4203,6,6,52,1732,224.2,744,wait,38,0,0,8,6,0,0,0
4239,9500,12000,4203,6,5,53,1746,228.9,747,wait,39,0,0,8,6,0,0,0
4242,9500,12000,4203,6,5,54,1760,233.6,750,wait,40,0,0,8,6,0,0,0
4245,9500,12000,4203,6,5,45,1254,201.4,459,wait,36,0,0,6,3,0,0,0
4248,9500,12000,4203,6,5,46,1329,206.4,477,wait,36,0,0,7,3,0,0,0
4251,9500,12000,4203,6,5,46,1273,187.8,477,wait,36,0,0,7,3,0,0,0
4254,9500,12000,4203,6,5,47,1287,192.4,480,wait,37,0,0,7,3,0,0,0
4257,9500,12000,4203,6,4,48,1301,197.1,483,wait,38,0,0,7,3,0,0,0
4260,9500,12000,4455,6,4,46,1112,186.3,462,wait,37,0,0,6,3,0,0,0
4263,9500,12000,4455,6,4,47,1187,191.3,480,wait,37,0,0,7,3,0,0,0
4266,9500,12000,4455,6,4,47,1187,191.3,480,wait,37,0,0,7,3,0,0,0
4269,9500,12000,4455,6,4,48,1201,196.0,483,wait,38,0,0,7,3,0,0,0
4272,9500,12000,4455,6,4,49,1215,200.6,486,wait,39,0,0,7,3,0,0,0
4275,9500,12000,4455,6,4,49,1215,200.6,486,wait,39,0,0,7,3,0,0,0
4278,9500,12000,4455,6,4,50,1229,205.3,489,wait,40,0,0,7,3,0,0,0
4281,9500,12000,4455,6,4,50,1229,205.3,489,wait,40,0,0,7,3,0,0,0
4284,9500,12000,4455,6,4,51,1304,210.3,507,wait,40,0,0,8,3,0,0,0
4287,9500,12000,4455,6,4,52,1374,233.6,510,wait,41,0,0,8,3,0,0,0
4290,9500,12000,4708,6,4,52,1474,234.8,510,wait,41,0,0,8,3,0,0,0
4293,9500,12000,4708,6,4,45,1054,199.1,459,wait,36,0,0,6,3,0,0,0
4296,9500,12000,4708,6,4,45,1054,199.1,459,wait,36,0,0,6,3,0,0,0
4299,9500,12000,4708,6,4,45,1054,199.1,459,wait,36,0,0,6,3,0,0,0
4302,9500,12000,4708,6,4,46,1068,203.8,462,wait,37,0,0,6,3,0,0,0
4305,9500,12000,4708,6,4,46,1068,203.8,462,wait,37,0,0,6,3,0,0,0
4308,9500,12000,4708,6,4,47,1143,208.8,480,wait,37,0,0,7,3,0,0,0
4311,9500,12000,3733,6,4,47,1143,208.8,480,wait,37,0,0,7,3,0,0,0
4314,9500,12000,3733,6,4,48,1157,213.5,483,wait,38,0,0,7,3,0,0,0
4317,9500,12000,3733,6,4,49,1171,218.1,486,wait,39,0,0,7,3,0,0,0
4320,9500,12000,3985,6,4,49,1171,218.1,486,wait,39,0,0,7,3,0,0,0
4323,9500,12000,3985,6,4,50,1185,222.8,489,wait,40,0,0,7,3,0,0,0
4326,9500,12000,3805,6,4,50,1385,225.1,489,wait,40,0,0,7,3,0,0,0
4329,9500,12000,3805,6,5,52,1560,231.3,588,wait,40,0,0,8,4,0,0,0
4332,9500,12000,3805,6,5,53,1574,235.9,591,wait,41,0,0,8,4,0,0,0
4335,9500,12000,3805,6,5,52,1560,231.3,588,wait,40,0,0,8,4,0,0,0
4338,9500,12000,3724,6,7,42,1384,180.4,606,wipe,31,0,0,6,5,0,0,0
4341,9500,12000,3724,6,7,42,1384,180.4,606,wait,31,0,0,6,5,0,0,0
4344,9500,12000,3724,6,7,43,1459,185.4,624,wait,31,0,0,7,5,0,0,0
4347,9500,12000,3724,6,8,45,1573,191.2,708,wait,32,0,0,7,6,0,0,0
4350,9500,12000,3977,6,8,45,1573,191.2,708,wait,32,0,0,7,6,0,0,0
4353,9500,12000,3977,6,8,46,1587,195.9,711,wait,33,0,0,7,6,0,0,0
4356,9500,12000,3977,6,7,46,1587,195.9,711,wait,33,0,0,7,6,0,0,0
4359,9500,12000,3977,6,8,47,1687,197.0,792,wait,33,0,0,7,7,0,0,0
4362,9500,12000,5477,6,7,48,1762,202.0,810,wait,33,0,0,8,7,0,0,0
4365,9500,12000,5477,6,7,48,1762,202.0,810,wait,33,0,0,8,7,0,0,0
4368,9500,12000,5477,6,8,50,1876,207.9,894,wait,34,0,0,8,8,0,0,0
4371,9500,12000,5477,6,8,44,1670,179.2,846,wait,30,0,0,6,8,0,0,0
4374,9500,12000,5477,6,8,44,1670,179.2,846,wait,30,0,0,6,8,0,0,0
4377,9500,12000,5477,6,8,45,1684,183.9,849,wait,31,0,0,6,8,0,0,0
4380,9500,12000,5729,6,8,45,1684,183.9,849,wait,31,0,0,6,8,0,0,0
4383,9500,12000,5729,6,8,45,1684,183.9,849,wait,31,0,0,6,8,0,0,0
4386,9500,12000,5729,6,8,44,1670,179.2,846,wait,30,0,0,6,8,0,0,0
4389,9500,12000,5729,6,8,45,1684,183.9,849,wait,31,0,0,6,8,0,0,0
4392,9500,12000,5729,6,8,44,1470,176.9,846,wait,30,0,0,6,8,0,0,0
4395,9500,12000,5729,6,8,44,1470,176.9,846,wait,30,0,0,6,8,0,0,0
4398,9500,12000,5729,6,8,45,1484,181.6,849,wait,31,0,0,6,8,0,0,0
4401,9500,12000,5729,6,8,44,1409,176.6,831,wait,31,0,0,5,8,0,0,0
4404,9500,12000,5729,6,8,44,1470,176.9,846,wait,30,0,0,6,8,0,0,0
4407,9500,12000,5709,6,8,44,1470,176.9,846,wait,30,0,0,6,8,0,0,0
4410,9500,12000,5962,6,8,44,1470,176.9,846,wait,30,0,0,6,8,0,0,0
4413,9500,12000,5962,6,8,45,1484,181.6,849,wait,31,0,0,6,8,0,0,0
4416,9500,12000,5962,6,8,45,1484,181.6,849,wait,31,0,0,6,8,0,0,0
4419,9500,12000,5962,6,8,45,1545,181.9,864,wait,30,0,0,7,8,0,0,0
4422,9500,12000,5962,6,8,46,1559,186.6,867,wait,31,0,0,7,8,0,0,0
4425,9500,12000,5962,6,8,46,1759,188.9,867,wait,31,0,0,7,8,0,0,0
4428,9500,12000,5962,6,8,43,1656,174.5,843,wait,29,0,0,6,8,0,0,0
4431,9500,12000,5962,6,8,43,1656,174.5,843,wait,29,0,0,6,8,0,0,0
4434,9500,12000,5962,6,8,43,1656,174.5,843,wait,29,0,0,6,8,0,0,0
4437,9500,12000,5962,6,8,44,1731,179.5,861,wait,29,0,0,7,8,0,0,0
4440,9500,12000,6214,6,8,44,1731,179.5,861,wait,29,0,0,7,8,0,0,0
4443,9500,12000,6214,6,8,44,1670,179.2,846,wait,30,0,0,6,8,0,0,0
4446,9500,12000,6214,6,8,42,1642,169.9,840,wait,28,0,0,6,8,0,0,0
4449,9500,12000,6214,6,8,43,1656,174.5,843,wait,29,0,0,6,8,0,0,0
4452,9500,12000,6214,6,7,44,1670,179.2,846,wait,30,0,0,6,8,0,0,0
4455,9400,12000,6214,6,6,28,591,104.8,597,wait,19,0,0,3,6,0,0,0
4458,9400,12000,6214,6,6,29,666,109.8,615,watch,19,0,0,4,6,0,0,0
4461,9400,12000,6214,6,6,29,666,109.8,615,watch,19,0,0,4,6,0,0,0
4464,9400,12000,6214,6,6,30,680,114.5,618,watch,20,0,0,4,6,0,0,0
4467,9400,12000,6214,6,6,31,694,119.1,621,watch,21,0,0,4,6,0,0,0
4470,9400,12000,6467,6,6,31,694,119.1,621,watch,21,0,0,4,6,0,0,0
4473,9400,12000,6467,6,6,32,769,124.1,639,watch,21,0,0,5,6,0,0,0
4476,9400,12000,6467,6,6,32,769,124.1,639,watch,21,0,0,5,6,0,0,0
4479,9400,12000,6467,6,6,33,783,128.8,642,watch,22,0,0,5,6,0,0,0
4482,9400,12000,6467,6,6,33,797,133.5,564,watch,23,0,0,5,5,0,0,0
4485,9400,12000,6467,6,6,33,1197,138.1,564,watch,23,0,0,5,5,0,0,0
4488,9400,12000,6467,6,6,34,1211,142.7,567,wait,24,0,0,5,5,0,0,0
4491,9400,12000,6467,6,6,34,1211,142.7,567,wait,24,0,0,5,5,0,0,0
4494,9400,12000,6467,6,6,35,1286,147.7,585,wait,24,0,0,6,5,0,0,0
4497,9400,12000,6467,6,6,36,1300,152.4,588,wait,25,0,0,6,5,0,0,0
4500,9400,12000,6719,6,4,36,1300,152.4,588,wait,25,0,0,6,5,0,0,0
4503,9400,12000,6719,6,4,37,1314,157.1,591,wait,26,0,0,6,5,0,0,0
4506,9400,12000,6719,6,4,37,1314,157.1,591,wait,26,0,0,6,5,0,0,0
4509,9400,12000,6719,6,4,37,1228,160.6,513,wait,27,0,0,6,4,0,0,0
4512,9400,12000,6719,6,4,38,1303,165.6,531,wait,27,0,0,7,4,0,0,0
4515,9400,12000,6719,6,4,38,1303,165.6,531,wait,27,0,0,7,4,0,0,0
4518,9400,12000,6719,6,4,39,1317,170.3,534,wait,28,0,0,7,4,0,0,0
4521,9400,12000,6719,6,4,39,1317,170.3,534,wait,28,0,0,7,4,0,0,0
4524,9400,12000,6719,6,4,40,1331,174.9,537,wait,29,0,0,7,4,0,0,0
4527,9400,12000,6381,6,4,41,1345,179.6,540,wipe,30,0,0,7,4,0,0,0
4530,9400,12000,6634,6,4,41,1345,179.6,540,wipe,30,0,0,7,4,0,0,0
4533,9400,12000,6634,6,4,42,1420,184.6,558,wait,30,0,0,8,4,0,0,0
4536,9400,12000,6634,6,4,42,1420,184.6,558,wait,30,0,0,8,4,0,0,0
4539,9400,12000,6634,6,4,43,1434,189.3,561,wait,31,0,0,8,4,0,0,0
4542,9400,12000,6634,6,4,44,1448,193.9,564,wait,32,0,0,8,4,0,0,0
4545,9400,12000,6634,6,4,44,1448,193.9,564,wait,32,0,0,8,4,0,0,0
4548,9400,12000,6634,6,4,45,1523,198.9,582,wait,32,0,0,9,4,0,0,0
4551,9400,12000,6634,6,4,45,1523,198.9,582,wait,32,0,0,9,4,0,0,0
4554,9400,12000,6634,6,4,34,825,142.8,489,wait,25,0,0,5,4,0,0,0
4557,9400,12000,6634,6,4,33,725,141.7,408,watch,25,0,0,5,3,0,0,0
4560,9400,12000,6886,6,4,33,725,141.7,408,watch,25,0,0,5,3,0,0,0
4563,9400,12000,6886,6,4,33,725,141.7,408,watch,25,0,0,5,3,0,0,0
4566,9400,12000,6886,6,4,33,725,141.7,408,watch,25,0,0,5,3,0,0,0
4569,9400,12000,6886,6,4,34,800,146.7,426,watch,25,0,0,6,3,0,0,0
4572,9400,12000,6706,6,5,35,875,151.7,444,watch,25,0,0,7,3,0,0,0
4575,9400,12000,6706,6,5,35,875,151.7,444,watch,25,0,0,7,3,0,0,0
4578,9400,12000,6706,6,5,36,889,156.3,447,wait,26,0,0,7,3,0,0,0
4581,9400,12000,6706,6,5,36,889,156.3,447,wait,26,0,0,7,3,0,0,0
4584,9400,12000,6706,6,6,37,903,161.0,450,wait,27,0,0,7,3,0,0,0
4587,9400,12000,6706,6,6,38,1217,169.1,453,wait,28,0,0,7,3,0,0,0
4590,9400,12000,6959,6,6,38,1217,169.1,453,wait,28,0,0,7,3,0,0,0
4593,9400,12000,6959,6,7,40,1392,175.3,552,wait,28,0,0,8,4,0,0,0
4596,9400,12000,6959,6,7,40,1392,175.3,552,wait,28,0,0,8,4,0,0,0
4599,9400,12000,6959,6,7,41,1467,180.3,570,wait,28,0,0,9,4,0,0,0
4602,9400,12000,6959,6,8,33,1319,138.7,594,wait,21,0,0,7,5,0,0,0
4605,9400,12000,6959,6,8,33,1319,138.7,594,wait,21,0,0,7,5,0,0,0
4608,9400,12000,6959,6,8,34,1394,143.7,612,wait,21,0,0,8,5,0,0,0
4611,9400,12000,6959,6,8,33,1380,139.1,609,wait,20,0,0,8,5,0,0,0
4614,9400,12000,6959,6,9,35,1555,145.2,708,wait,20,0,0,9,6,0,0,0
4617,9400,12000,6959,6,9,36,1630,150.2,726,wait,20,0,0,10,6,0,0,0
4620,9400,12000,7211,6,9,36,1630,150.2,726,wait,20,0,0,10,6,0,0,0
4623,9400,12000,7211,6,9,38,1805,156.4,825,wait,20,0,0,11,7,0,0,0
4626,9400,12000,7211,6,9,38,1805,156.4,825,wait,20,0,0,11,7,0,0,0
4629,9400,12000,7211,6,8,35,1763,142.4,816,wait,17,0,0,11,7,0,0,0
4632,9400,12000,7211,6,8,37,1938,148.5,915,wait,17,0,0,12,8,0,0,0
4635,9400,12000,7211,6,8,37,1938,148.5,915,wait,17,0,0,12,8,0,0,0
4638,9400,12000,7211,6,8,38,2013,153.5,933,wait,17,0,0,13,8,0,0,0
4641,9400,12000,7211,6,8,37,1999,148.9,930,wait,16,0,0,13,8,0,0,0
4644,9400,12000,7211,6,8,38,2074,153.9,948,wait,16,0,0,14,8,0,0,0
4647,9400,12000,7211,6,8,36,2046,144.5,942,wait,14,0,0,14,8,0,0,0
4650,9400,12000,7464,6,8,32,1732,136.4,696,wait,13,0,0,14,5,0,0,0
4653,9400,12000,7464,6,8,33,1807,141.4,714,wait,13,0,0,15,5,0,0,0
4656,9400,12000,7464,6,8,33,1807,141.4,714,wait,13,0,0,15,5,0,0,0
4659,9400,12000,7464,6,8,34,1882,146.4,732,wait,13,0,0,16,5,0,0,0
4662,9400,12000,7464,6,8,32,1793,136.7,711,wait,12,0,0,15,5,0,0,0
4665,9400,12000,7464,6,8,31,1779,132.1,708,wait,11,0,0,15,5,0,0,0
4668,9400,12000,7464,6,8,32,1854,137.1,726,wait,11,0,0,16,5,0,0,0
4671,9400,12000,7464,6,8,31,1840,132.4,723,wait,10,0,0,16,5,0,0,0
4674,9400,12000,7464,6,8,32,1915,137.4,741,wait,10,0,0,17,5,0,0,0
4677,9400,12000,7464,6,8,33,1990,142.4,759,wait,10,0,0,18,5,0,0,0
4680,9400,12000,7716,6,8,32,1976,137.7,756,wait,9,0,0,18,5,0,0,0
4683,9400,12000,7716,6,8,29,1873,123.4,732,wait,7,0,0,17,5,0,0,0
4686,9400,12000,7716,6,8,29,1873,123.4,732,wait,7,0,0,17,5,0,0,0
4689,9400,12000,7716,6,8,29,1873,123.4,732,wait,7,0,0,17,5,0,0,0
4692,9400,12000,7716,6,8,30,1948,128.4,750,wait,7,0,0,18,5,0,0,0
4695,9400,12000,7716,6,8,28,1859,118.7,729,wait,6,0,0,17,5,0,0,0
4698,9400,12000,7716,6,8,29,1934,123.7,747,wait,6,0,0,18,5,0,0,0
4701,9400,12000,7716,6,8,29,1934,123.7,747,wait,6,0,0,18,5,0,0,0
4704,9400,12000,7716,6,8,30,2009,128.7,765,wait,6,0,0,19,5,0,0,0
4707,9400,12000,7716,6,8,27,1745,112.9,726,wait,5,0,0,17,5,0,0,0
4710,9400,12000,7969,6,8,27,1745,112.9,726,wait,5,0,0,17,5,0,0,0
4713,9400,12000,7969,6,8,27,1806,113.3,741,wait,4,0,0,18,5,0,0,0
4716,9400,12000,7969,6,8,27,1806,113.3,741,wait,4,0,0,18,5,0,0,0
4719,9400,12000,7969,6,8,28,1881,118.3,759,wait,4,0,0,19,5,0,0,0
4722,9400,12000,7969,6,8,25,1517,101.3,720,wait,3,0,0,17,5,0,0,0
4725,9400,12000,7969,6,8,25,1517,101.3,720,wait,3,0,0,17,5,0,0,0
4728,9400,12000,7969,6,8,26,1592,106.3,738,wait,3,0,0,18,5,0,0,0
4731,9400,12000,7969,6,7,26,1592,106.3,738,wait,3,0,0,18,5,0,0,0
4734,9400,12000,7969,6,7,27,1667,111.3,756,wait,3,0,0,19,5,0,0,0
4737,9400,12000,7969,6,7,28,1842,117.4,774,wait,3,0,0,20,5,0,0,0
4740,9400,12000,8221,6,6,27,1767,112.4,756,wait,3,0,0,19,5,0,0,0
4743,9400,12000,141,7,6,19,1300,81.1,531,wait,0,0,0,16,3,0,0,0
4746,9400,12000,141,7,6,19,1300,81.1,531,wait,0,0,0,16,3,0,0,0
4749,9400,12000,141,7,6,17,1150,71.1,495,wait,0,0,0,14,3,0,0,0
4752,9400,12000,141,7,6,17,1150,71.1,495,wait,0,0,0,14,3,0,0,0
4755,9400,12000,141,7,6,17,1350,73.4,495,wait,0,0,0,14,3,0,0,0
4758,9400,12000,141,7,6,17,1350,73.4,495,wait,0,0,0,14,3,0,0,0
4761,9400,12000,141,7,6,17,1350,73.4,495,wait,0,0,0,14,3,0,0,0
4764,9400,12000,141,7,5,17,1350,73.4,495,wait,0,0,0,14,3,0,0,0
4767,9400,12000,141,7,5,17,1350,73.4,495,wait,0,0,0,14,3,0,0,0
4770,9400,12000,891,7,5,17,1350,73.4,495,wait,0,0,0,14,3,0,0,0
4773,9400,12000,891,7,5,17,1350,73.4,495,outmatched,0,0,0,14,3,0,0,0
4776,9400,12000,891,7,5,17,1350,73.4,495,outmatched,0,0,0,14,3,0,0,0
4779,9400,12000,891,7,5,17,1350,73.4,495,outmatched,0,0,0,14,3,0,0,0
4782,9400,12000,891,7,5,17,1350,73.4,495,outmatched,0,0,0,14,3,0,0,0
4785,9400,12000,891,7,5,16,1275,68.4,477,outmatched,0,0,0,13,3,0,0,0
4788,9400,12000,891,7,3,16,1275,68.4,477,outmatched,0,0,0,13,3,0,0,0
4791,9400,12000,891,7,3,9,750,33.4,351,watch,0,0,0,6,3,0,0,0
4794,9400,12000,891,7,3,9,750,33.4,351,watch,0,0,0,6,3,0,0,0
4797,9400,12000,891,7,3,9,750,33.4,351,watch,0,0,0,6,3,0,0,0
4800,9400,12000,1641,7,3,8,675,28.4,333,watch,0,0,0,5,3,0,0,0
4803,9400,12000,666,7,3,8,675,28.4,333,watch,0,0,0,5,3,0,0,0
4806,9400,12000,666,7,3,8,675,28.4,333,watch,0,0,0,5,3,0,0,0
4809,9400,12000,666,7,3,8,675,28.4,333,watch,0,0,0,5,3,0,0,0
4812,9400,12000,666,7,3,8,675,28.4,333,watch,0,0,0,5,3,0,0,0
4815,9400,12000,666,7,2,8,675,28.4,333,watch,0,0,0,5,3,0,0,0
4818,9400,12000,666,7,2,8,675,28.4,333,watch,0,0,0,5,3,0,0,0
4821,9400,12000,666,7,2,3,300,3.4,243,watch,0,0,0,0,3,0,0,0
4824,9400,12000,666,7,2,3,300,3.4,243,watch,0,0,0,0,3,0,0,0
4827,9400,12000,666,7,2,3,300,3.4,243,watch,0,0,0,0,3,0,0,0
4830,9400,12000,1416,7,2,3,300,3.4,243,watch,0,0,0,0,3,0,0,0
4833,9400,12000,1416,7,2,3,300,3.4,243,watch,0,0,0,0,3,0,0,0
4836,9400,12000,1416,7,2,3,300,3.4,243,watch,0,0,0,0,3,0,0,0
4839,9400,12000,1416,7,2,1,100,1.1,81,watch,0,0,0,0,1,0,0,0
4842,9400,12000,1416,7,2,1,100,1.1,81,watch,0,0,0,0,1,0,0,0
4845,9400,12000,1416,7,2,1,100,1.1,81,watch,0,0,0,0,1,0,0,0
4848,9400,12000,1416,7,2,1,100,1.1,81,watch,0,0,0,0,1,0,0,0
4851,9400,12000,2916,7,2,1,100,1.1,81,watch,0,0,0,0,1,0,0,0
4854,9400,12000,2916,7,2,1,100,1.1,81,watch,0,0,0,0,1,0,0,0
4857,9400,12000,2916,7,2,1,100,1.1,81,watch,0,0,0,0,1,0,0,0
4860,9400,12000,3666,7,2,1,100,1.1,81,watch,0,0,0,0,1,0,0,0
4863,9400,12000,3666,7,2,2,175,6.1,99,watch,0,0,0,1,1,0,0,0
4866,9400,12000,3666,7,2,2,175,6.1,99,watch,0,0,0,1,1,0,0,0
4869,9400,12000,3666,7,2,3,250,11.1,117,watch,0,0,0,2,1,0,0,0
4872,9400,12000,3666,7,2,4,325,16.1,135,watch,0,0,0,3,1,0,0,0
4875,9400,12000,3666,7,2,4,325,16.1,135,watch,0,0,0,3,1,0,0,0
4878,9400,12000,2226,7,3,5,400,21.1,153,watch,0,0,0,4,1,0,0,0
4881,9400,12000,2226,7,3,5,400,21.1,153,watch,0,0,0,4,1,0,0,0
4884,9400,12000,2226,7,3,6,475,26.1,171,watch,0,0,0,5,1,0,0,0
4887,9400,12000,2226,7,4,7,550,31.1,189,watch,0,0,0,6,1,0,0,0
4890,7900,12000,2976,7,2,1,100,1.1,81,watch,0,0,0,0,1,0,0,0
4893,7900,12000,2976,7,2,1,100,1.1,81,watch,0,0,0,0,1,0,0,0
4896,7900,12000,2976,7,2,1,100,1.1,81,watch,0,0,0,0,1,0,0,0
4899,7900,12000,2976,7,3,2,3530,1.8,2147,watch,0,0,0,0,1,0,1,0
4902,7900,12000,2676,7,3,2,3530,1.8,2147,block,0,0,0,0,1,0,1,0
4905,7900,12000,2676,7,3,2,3530,1.8,2147,block,0,0,0,0,1,0,1,0
4908,7900,12000,2676,7,4,3,6960,2.5,4213,block,0,0,0,0,1,0,2,0
4911,7900,12000,2676,7,4,3,6960,2.5,4213,block,0,0,0,0,1,0,2,0
4914,7900,12000,2676,7,4,3,6960,2.5,4213,block,0,0,0,0,1,0,2,0
4917,7900,12000,2673,7,6,4,10390,3.1,6279,block,0,0,0,0,1,0,3,0
4920,7900,12000,3423,7,6,4,10390,3.1,6279,block,0,0,0,0,1,0,3,0
4923,7900,12000,3423,7,6,4,10390,3.1,6279,block,0,0,0,0,1,0,3,0
4926,7900,12000,3420,7,7,4,10390,3.1,6279,critical,0,0,0,0,1,0,3,0
4929,7900,12000,3420,7,7,5,13820,3.8,8345,critical,0,0,0,0,1,0,4,0
4932,7900,12000,3417,7,8,5,13820,3.8,8345,critical,0,0,0,0,1,0,4,0
4935,7900,12000,3417,7,8,5,13820,3.8,8345,critical,0,0,0,0,1,0,4,0
4938,7900,12000,3417,7,8,6,17250,4.5,10411,critical,0,0,0,0,1,0,5,0
4941,7900,12000,3414,7,9,6,17250,4.5,10411,critical,0,0,0,0,1,0,5,0
4944,7900,12000,3414,7,9,6,17250,4.5,10411,critical,0,0,0,0,1,0,5,0
4947,7900,12000,3411,7,10,6,17250,4.5,10411,critical,0,0,0,0,1,0,5,0
4950,6400,12000,4161,7,10,5,0,0.0,10330,critical,0,0,0,0,0,0,5,0
4953,6400,12000,4161,7,10,5,0,0.0,10330,critical,0,0,0,0,0,0,5,0
4956,6400,12000,4161,7,10,5,0,0.0,10330,critical,0,0,0,0,0,0,5,0
4959,6400,12000,4161,7,10,5,0,0.0,10330,critical,0,0,0,0,0,0,5,0
4962,6400,12000,4161,7,10,5,0,0.0,10330,critical,0,0,0,0,0,0,5,0
4965,6400,12000,4161,7,10,5,0,0.0,10330,critical,0,0,0,0,0,0,5,0
4968,6400,12000,4161,7,10,5,0,0.0,10330,critical,0,0,0,0,0,0,5,0
4971,6400,12000,4161,7,10,5,0,0.0,10330,critical,0,0,0,0,0,0,5,0
4974,6400,12000,4161,7,10,5,0,0.0,10330,critical,0,0,0,0,0,0,5,0
4977,6400,12000,4161,7,10,5,0,0.0,10330,critical,0,0,0,0,0,0,5,0
4980,6400,12000,4911,7,10,5,17150,3.3,10330,critical,0,0,0,0,0,0,5,0
4983,6400,12000,4911,7,10,5,17150,3.3,10330,critical,0,0,0,0,0,0,5,0
4986,6400,12000,4908,7,11,5,17150,3.3,10330,critical,0,0,0,0,0,0,5,0
4989,6400,12000,4908,7,11,5,17150,3.3,10330,critical,0,0,0,0,0,0,5,0
4992,6400,12000,4908,7,11,5,17150,3.3,10330,critical,0,0,0,0,0,0,5,0
4995,6400,12000,4908,7,10,4,13720,2.6,8264,critical,0,0,0,0,0,0,4,0
4998,6400,12000,4905,7,11,4,13720,2.6,8264,critical,0,0,0,0,0,0,4,0
5001,6400,12000,4905,7,11,4,13720,2.6,8264,critical,0,0,0,0,0,0,4,0
5004,6400,12000,4905,7,10,4,10365,7.0,6216,critical,0,0,0,1,0,0,3,0
5007,6400,12000,4902,7,11,4,10365,7.0,6216,critical,0,0,0,1,0,0,3,0
5010,6400,12000,5652,7,11,4,10365,7.0,6216,critical,0,0,0,1,0,0,3,0
5013,6400,12000,5649,7,12,5,10440,12.0,6234,critical,0,0,0,2,0,0,3,0
5016,6400,12000,5646,7,12,4,7010,11.3,4168,critical,0,0,0,2,0,0,2,0
5019,6400,12000,5646,7,12,4,7010,11.3,4168,critical,0,0,0,2,0,0,2,0
5022,6400,12000,5643,7,13,5,7085,16.3,4186,critical,0,0,0,3,0,0,2,0
5025,6400,12000,5643,7,12,4,3655,15.7,2120,critical,0,0,0,3,0,0,1,0
5028,6400,12000,5640,7,13,4,3655,15.7,2120,critical,0,0,0,3,0,0,1,0
5031,6400,12000,5637,7,14,4,3655,15.7,2120,critical,0,0,0,3,0,0,1,0
5034,6400,12000,5637,7,13,4,300,20.0,72,critical,0,0,0,4,0,0,0,0
5037,6400,12000,5637,7,13,4,300,20.0,72,watch,0,0,0,4,0,0,0,0
5040,6400,12000,6387,7,13,4,300,20.0,72,watch,0,0,0,4,0,0,0,0
5043,6400,12000,6387,7,13,4,300,20.0,72,watch,0,0,0,4,0,0,0,0
5046,6400,12000,6387,7,13,4,300,20.0,72,watch,0,0,0,4,0,0,0,0
5049,6400,12000,6387,7,13,4,300,20.0,72,watch,0,0,0,4,0,0,0,0
5052,6400,12000,6387,7,13,4,300,20.0,72,watch,0,0,0,4,0,0,0,0
5055,6400,12000,6387,7,13,4,300,20.0,72,watch,0,0,0,4,0,0,0,0
5058,6400,12000,6387,7,13,4,300,20.0,72,watch,0,0,0,4,0,0,0,0
5061,6400,12000,6387,7,13,4,300,20.0,72,watch,0,0,0,4,0,0,0,0
5064,6400,12000,6387,7,12,4,300,20.0,72,watch,0,0,0,4,0,0,0,0
5067,6400,12000,6387,7,12,4,300,20.0,72,watch,0,0,0,4,0,0,0,0
5070,6400,12000,7137,7,11,4,300,20.0,72,watch,0,0,0,4,0,0,0,0
5073,6400,12000,7137,7,11,4,300,20.0,72,watch,0,0,0,4,0,0,0,0
5076,6400,12000,7137,7,10,4,300,20.0,72,watch,0,0,0,4,0,0,0,0
5079,6400,12000,7137,7,9,4,300,20.0,72,watch,0,0,0,4,0,0,0,0
5082,6400,12000,7137,7,9,4,300,20.0,72,watch,0,0,0,4,0,0,0,0
5085,6400,12000,7137,7,8,4,300,20.0,72,watch,0,0,0,4,0,0,0,0
5088,6400,12000,7137,7,8,4,300,20.0,72,watch,0,0,0,4,0,0,0,0
5091,6400,12000,7137,7,8,4,300,20.0,72,watch,0,0,0,4,0,0,0,0
5094,6400,12000,7137,7,8,4,300,20.0,72,watch,0,0,0,4,0,0,0,0
5097,6400,12000,7137,7,7,4,300,20.0,72,watch,0,0,0,4,0,0,0,0
5100,6400,12000,7887,7,7,4,300,20.0,72,watch,0,0,0,4,0,0,0,0
5103,6400,12000,7887,7,7,4,300,20.0,72,watch,0,0,0,4,0,0,0,0
5106,6400,12000,7887,7,6,4,300,20.0,72,watch,0,0,0,4,0,0,0,0
5109,6400,12000,7887,7,5,4,300,20.0,72,watch,0,0,0,4,0,0,0,0
5112,6400,12000,7887,7,4,4,300,20.0,72,watch,0,0,0,4,0,0,0,0
5115,6400,12000,7887,7,3,4,300,20.0,72,watch,0,0,0,4,0,0,0,0
5118,6400,12000,7887,7,2,4,300,20.0,72,watch,0,0,0,4,0,0,0,0
5121,6400,12000,7887,7,1,4,300,20.0,72,watch,0,0,0,4,0,0,0,0
5124,6400,12000,7887,7,0,4,300,20.0,72,watch,0,0,0,4,0,0,0,0
5127,6400,12000,7887,7,0,4,300,20.0,72,watch,0,0,0,4,0,0,0,0
5130,6400,12000,8637,7,0,4,300,20.0,72,watch,0,0,0,4,0,0,0,0
5133,6400,12000,8637,7,0,4,300,20.0,72,watch,0,0,0,4,0,0,0,0
5136,6400,12000,8637,7,0,4,300,20.0,72,watch,0,0,0,4,0,0,0,0
5139,6400,12000,8637,7,0,4,300,20.0,72,watch,0,0,0,4,0,0,0,0
5142,6400,12000,8637,7,0,4,300,20.0,72,watch,0,0,0,4,0,0,0,0
5145,6400,12000,8637,7,0,4,300,20.0,72,watch,0,0,0,4,0,0,0,0
5148,6400,12000,8637,7,0,4,300,20.0,72,watch,0,0,0,4,0,0,0,0
5151,6400,12000,8637,7,0,4,300,20.0,72,watch,0,0,0,4,0,0,0,0
5154,6400,12000,8637,7,0,4,300,20.0,72,watch,0,0,0,4,0,0,0,0
5157,6400,12000,8637,7,0,4,300,20.0,72,watch,0,0,0,4,0,0,0,0
5160,6400,12000,9387,7,0,4,300,20.0,72,watch,0,0,0,4,0,0,0,0
5163,6400,12000,9387,7,0,4,300,20.0,72,watch,0,0,0,4,0,0,0,0
5166,6340,12000,9387,7,0,4,300,20.0,72,watch,0,0,0,4,0,0,0,0
5169,6340,12000,9387,7,0,4,300,20.0,72,watch,0,0,0,4,0,0,0,0
5172,6295,12000,9387,7,0,4,300,20.0,72,watch,0,0,0,4,0,0,0,0
5175,6280,12000,9387,7,0,4,300,20.0,72,watch,0,0,0,4,0,0,0,0
5178,6280,12000,9387,7,0,4,300,20.0,72,watch,0,0,0,4,0,0,0,0
5181,6220,12000,7947,7,0,4,300,20.0,72,watch,0,0,0,4,0,0,0,0
5184,6220,12000,7947,7,1,4,300,20.0,72,watch,0,0,0,4,0,0,0,0
5187,6160,12000,7947,7,1,4,300,20.0,72,watch,0,0,0,4,0,0,0,0
5190,6160,12000,8697,7,1,4,300,20.0,72,watch,0,0,0,4,0,0,0,0
5193,6160,12000,8697,7,2,1,75,5.0,18,watch,0,0,0,1,0,0,0,0
5196,6160,12000,8697,7,2,1,75,5.0,18,watch,0,0,0,1,0,0,0,0
5199,6160,12000,8697,7,2,2,150,10.0,36,watch,0,0,0,2,0,0,0,0
5202,6160,12000,8697,7,3,3,3580,10.7,2102,watch,0,0,0,2,0,0,1,0
5205,6160,12000,8697,7,3,4,3655,15.7,2120,watch,0,0,0,3,0,0,1,0
5208,6160,12000,8397,7,3,5,3730,20.7,2138,outmatched,0,0,0,4,0,0,1,0
5211,6160,12000,8394,7,4,5,3730,20.7,2138,critical,0,0,0,4,0,0,1,0
5214,6160,12000,8394,7,5,7,7235,26.3,4222,critical,0,0,0,5,0,0,2,0
5217,6160,12000,8391,7,6,8,7310,31.3,4240,critical,0,0,0,6,0,0,2,0
5220,6160,12000,9141,7,6,8,7310,31.3,4240,critical,0,0,0,6,0,0,2,0
5223,6160,12000,9138,7,8,10,10815,37.0,6324,critical,0,0,0,7,0,0,3,0
5226,6160,12000,9135,7,9,10,10815,37.0,6324,critical,0,0,0,7,0,0,3,0
5229,6160,12000,9135,7,9,11,10890,42.0,6342,critical,0,0,0,8,0,0,3,0
5232,6160,12000,9132,7,10,13,14395,47.6,8426,critical,0,0,0,9,0,0,4,0
5235,6160,12000,9132,7,10,13,14395,47.6,8426,critical,0,0,0,9,0,0,4,0
5238,6160,12000,9129,7,11,14,14470,52.6,8444,critical,0,0,0,10,0,0,4,0
5241,6160,12000,9126,7,12,14,14470,52.6,8444,critical,0,0,0,10,0,0,4,0
5244,6160,12000,9126,7,12,16,17975,58.3,10528,critical,0,0,0,11,0,0,5,0
5247,13531,23000,9100,7,5,16,17975,58.3,10528,critical,0,0,0,11,0,0,5,0
5250,13531,23000,9850,7,5,16,17975,58.3,10528,critical,0,0,0,11,0,0,5,0
5253,13531,23000,9847,7,6,17,18050,63.3,10546,critical,0,0,0,12,0,0,5,0
5256,12031,23000,8872,7,4,8,3655,15.7,10384,block,0,0,0,3,0,0,5,0
5259,12031,23000,8869,7,5,9,3730,20.7,10402,block,0,0,0,4,0,0,5,0
5262,12031,23000,8866,7,6,10,3805,25.7,10420,block,0,0,0,5,0,0,5,0
5265,12031,23000,8866,7,6,10,3805,25.7,10420,block,0,0,0,5,0,0,5,0
5268,12031,23000,8866,7,6,11,3880,30.7,10438,wait,0,0,0,6,0,0,5,0
5271,24584,34000,8799,7,6,11,3880,30.7,10438,wait,0,0,0,6,0,0,5,0
5274,24584,34000,8799,7,6,12,3955,35.7,10456,wait,0,0,0,7,0,0,5,0
5277,24584,34000,8796,7,7,13,4030,40.7,10474,block,0,0,0,8,0,0,5,0
5280,24584,34000,9546,7,7,13,4030,40.7,10474,block,0,0,0,8,0,0,5,0
5283,24584,34000,9546,7,7,14,4105,45.7,10492,wait,0,0,0,9,0,0,5,0
5286,24584,34000,9543,7,8,14,17825,48.3,10492,critical,0,0,0,9,0,0,5,0
5289,24584,34000,9543,7,8,15,17900,53.3,10510,critical,0,0,0,10,0,0,5,0
5292,24584,34000,9540,7,9,16,17975,58.3,10528,critical,0,0,0,11,0,0,5,0
5295,24584,34000,9540,7,9,16,17975,58.3,10528,critical,0,0,0,11,0,0,5,0
5298,24584,34000,9537,7,10,17,18050,63.3,10546,critical,0,0,0,12,0,0,5,0
5301,41537,45000,9368,7,10,17,18050,63.3,10546,critical,0,0,0,12,0,0,5,0
5304,41537,45000,9368,7,10,18,18125,68.3,10564,critical,0,0,0,13,0,0,5,0
5307,41537,45000,10865,7,11,19,18200,73.3,10582,critical,0,0,0,14,0,0,5,0
5310,41537,45000,11615,7,11,19,18200,73.3,10582,critical,0,0,0,14,0,0,5,0
5313,41537,45000,11612,7,12,20,18275,78.3,10600,critical,0,0,0,15,0,0,5,0
5316,41537,45000,11609,7,13,20,18275,78.3,10600,critical,0,0,0,15,0,0,5,0
5319,41537,45000,11609,7,13,20,18275,78.3,10600,critical,0,0,0,15,0,0,5,0
5322,41537,45000,11606,7,14,21,18350,83.3,10618,critical,0,0,0,16,0,0,5,0
5325,41537,45000,11606,7,14,21,18350,83.3,10618,critical,0,0,0,16,0,0,5,0
5328,41537,45000,11603,7,15,22,18425,88.3,10636,critical,0,0,0,17,0,0,5,0
5331,56000,56000,11110,7,14,21,18350,83.3,10618,critical,0,0,0,16,0,0,5,0
5334,56000,56000,11110,7,14,22,18425,88.3,10636,critical,0,0,0,17,0,0,5,0
5337,56000,56000,11107,7,14,23,18500,93.3,10654,critical,0,0,0,18,0,0,5,0
5340,56000,56000,11857,7,13,18,11415,77.0,6468,critical,0,0,0,15,0,0,3,0
5343,56000,56000,11857,7,13,19,11490,82.0,6486,outmatched,0,0,0,16,0,0,3,0
5346,56000,56000,11857,7,13,19,11490,82.0,6486,outmatched,0,0,0,16,0,0,3,0
5349,56000,56000,11857,7,13,20,11565,87.0,6504,outmatched,0,0,0,17,0,0,3,0
5352,56000,56000,11857,7,13,21,11640,92.0,6522,outmatched,0,0,0,18,0,0,3,0
5355,56000,56000,11857,7,12,21,11640,92.0,6522,outmatched,0,0,0,18,0,0,3,0
5358,56000,56000,11857,7,11,22,11715,97.0,6540,outmatched,0,0,0,19,0,0,3,0
5361,56000,56000,11857,7,10,22,11715,97.0,6540,outmatched,0,0,0,19,0,0,3,0
5364,56000,56000,11857,7,10,23,11790,102.0,6558,outmatched,0,0,0,20,0,0,3,0
5367,56000,56000,11857,7,9,24,11865,107.0,6576,outmatched,0,0,0,21,0,0,3,0
5370,56000,56000,12607,7,8,24,11865,107.0,6576,outmatched,0,0,0,21,0,0,3,0
5373,56000,56000,10541,7,8,25,11940,112.0,6594,wipe,0,0,0,22,0,0,3,0
5376,56000,56000,10541,7,8,25,11940,112.0,6594,outmatched,0,0,0,22,0,0,3,0
5379,56000,56000,10541,7,7,26,12015,117.0,6612,outmatched,0,0,0,23,0,0,3,0
5382,56000,56000,10541,7,6,27,12090,122.0,6630,outmatched,0,0,0,24,0,0,3,0
5385,56000,56000,10541,7,5,27,12090,122.0,6630,outmatched,0,0,0,24,0,0,3,0
5388,56000,56000,10541,7,4,28,12165,127.0,6648,outmatched,0,0,0,25,0,0,3,0
5391,56000,56000,10541,7,3,28,12165,127.0,6648,outmatched,0,0,0,25,0,0,3,0
5394,56000,56000,10541,7,2,29,12240,132.0,6666,outmatched,0,0,0,26,0,0,3,0
5397,56000,56000,10538,7,2,30,12315,137.0,6684,critical,0,0,0,27,0,0,3,0
5400,56000,56000,11288,7,2,30,12315,137.0,6684,critical,0,0,0,27,0,0,3,0
5403,56000,56000,11285,7,3,31,12390,142.0,6702,critical,0,0,0,28,0,0,3,0
5406,56000,56000,11282,7,4,26,12015,117.0,6612,critical,0,0,0,23,0,0,3,0
5409,56000,56000,11282,7,4,27,12090,122.0,6630,critical,0,0,0,24,0,0,3,0
5412,56000,56000,11279,7,4,28,12165,127.0,6648,critical,0,0,0,25,0,0,3,0
5415,56000,56000,11279,7,4,28,12165,127.0,6648,critical,0,0,0,25,0,0,3,0
5418,56000,56000,11276,7,5,29,12240,132.0,6666,critical,0,0,0,26,0,0,3,0
5421,56000,56000,11273,7,6,29,12240,132.0,6666,critical,0,0,0,26,0,0,3,0
5424,56000,56000,11273,7,5,30,12315,137.0,6684,critical,0,0,0,27,0,0,3,0
5427,56000,56000,11270,7,6,31,12390,142.0,6702,critical,0,0,0,28,0,0,3,0
5430,56000,56000,12020,7,5,31,12390,142.0,6702,critical,0,0,0,28,0,0,3,0
5433,56000,56000,12017,7,5,32,12465,147.0,6720,critical,0,0,0,29,0,0,3,0
5436,56000,56000,12014,7,5,32,12465,147.0,6720,critical,0,0,0,29,0,0,3,0
5439,56000,56000,12014,7,3,33,12540,152.0,6738,critical,0,0,0,30,0,0,3,0
5442,56000,56000,12011,7,4,34,12615,157.0,6756,critical,0,0,0,31,0,0,3,0
5445,55970,56000,12011,7,3,34,12615,157.0,6756,critical,0,0,0,31,0,0,3,0
5448,55940,56000,12008,7,3,35,12690,162.0,6774,critical,0,0,0,32,0,0,3,0
5451,55895,56000,12005,7,4,35,12690,162.0,6774,critical,0,0,0,32,0,0,3,0
5454,55895,56000,12005,7,3,36,12765,167.0,6792,critical,0,0,0,33,0,0,3,0
5457,55880,56000,12002,7,3,37,12840,172.0,6810,critical,0,0,0,34,0,0,3,0
5460,50610,56000,12752,7,3,37,12840,172.0,6810,critical,0,0,0,34,0,0,3,0
5463,50595,56000,12749,7,3,38,12915,177.0,6828,critical,0,0,0,35,0,0,3,0
5466,50535,56000,12746,7,4,38,12915,177.0,6828,critical,0,0,0,35,0,0,3,0
5469,50505,56000,12746,7,3,39,12990,182.0,6846,critical,0,0,0,36,0,0,3,0
5472,50475,56000,12743,7,3,40,13065,187.0,6864,critical,0,0,0,37,0,0,3,0
5475,50400,56000,12743,7,3,40,13065,187.0,6864,critical,0,0,0,37,0,0,3,0
5478,50355,56000,12740,7,3,41,13140,192.0,6882,critical,0,0,0,38,0,0,3,0
5481,39890,56000,12737,7,4,41,13140,192.0,6882,critical,0,0,0,38,0,0,3,0
5484,39845,56000,12737,7,3,42,13215,197.0,6900,critical,0,0,0,39,0,0,3,0
5487,39770,56000,11294,7,4,43,13290,202.0,6918,critical,0,0,0,40,0,0,3,0
5490,39665,56000,12044,7,4,43,13290,202.0,6918,critical,0,0,0,40,0,0,3,0
5493,39590,56000,9978,7,4,44,13365,207.0,6936,wipe,0,0,0,41,0,0,3,0
5496,39500,56000,9975,7,5,44,13365,207.0,6936,critical,0,0,0,41,0,0,3,0
5499,39500,56000,9975,7,5,27,2025,135.0,486,critical,0,0,0,27,0,0,0,0
5502,39500,56000,9975,7,5,27,2025,135.0,486,outmatched,0,0,0,27,0,0,0,0
5505,39500,56000,9975,7,4,27,2025,135.0,486,outmatched,0,0,0,27,0,0,0,0
5508,39500,56000,9975,7,5,28,5455,135.7,2552,outmatched,0,0,0,27,0,0,1,0
5511,39500,56000,9975,7,5,28,5455,135.7,2552,outmatched,0,0,0,27,0,0,1,0
5514,39500,56000,9975,7,4,29,5530,140.7,2570,outmatched,0,0,0,28,0,0,1,0
5517,39500,56000,9672,7,6,29,8885,136.3,4618,block,0,0,0,27,0,0,2,0
5520,39500,56000,10422,7,6,29,8885,136.3,4618,block,0,0,0,27,0,0,2,0
5523,39500,56000,10419,7,7,30,8960,141.3,4636,critical,0,0,0,28,0,0,2,0
5526,39500,56000,10416,7,8,30,8960,141.3,4636,critical,0,0,0,28,0,0,2,0
5529,39500,56000,10416,7,9,30,12315,137.0,6684,critical,0,0,0,27,0,0,3,0
5532,39500,56000,10413,7,10,31,12390,142.0,6702,critical,0,0,0,28,0,0,3,0
5535,39500,56000,10413,7,9,31,12390,142.0,6702,critical,0,0,0,28,0,0,3,0
5538,39500,56000,10410,7,9,31,15745,137.6,8750,critical,0,0,0,27,0,0,4,0
5541,39500,56000,10407,7,10,31,15745,137.6,8750,critical,0,0,0,27,0,0,4,0
5544,39500,56000,10407,7,9,30,15670,132.6,8732,critical,0,0,0,26,0,0,4,0
5547,39500,56000,10404,7,10,32,19175,138.3,10816,critical,0,0,0,27,0,0,5,0
5550,39500,56000,11154,7,10,31,19100,133.3,10798,critical,0,0,0,26,0,0,5,0
5553,39500,56000,11151,7,10,31,19100,133.3,10798,critical,0,0,0,26,0,0,5,0
5556,39500,56000,11148,7,11,31,19100,133.3,10798,critical,0,0,0,26,0,0,5,0
5559,39500,56000,11148,7,11,32,19175,138.3,10816,critical,0,0,0,27,0,0,5,0
5562,39500,56000,11145,7,10,33,19250,143.3,10834,critical,0,0,0,28,0,0,5,0
5565,38000,56000,11145,7,9,13,14320,42.6,10474,critical,0,0,0,8,0,0,5,0
5568,38000,56000,11145,7,9,14,14395,47.6,10492,wait,0,0,0,9,0,0,5,0
5571,38000,56000,11142,7,10,14,14395,47.6,10492,critical,0,0,0,9,0,0,5,0
5574,38000,56000,11142,7,10,15,14470,52.6,10510,critical,0,0,0,10,0,0,5,0
5577,38000,56000,11139,7,11,16,14545,57.6,10528,critical,0,0,0,11,0,0,5,0
5580,38000,56000,11889,7,11,16,14545,57.6,10528,critical,0,0,0,11,0,0,5,0
5583,38000,56000,11886,7,12,17,14620,62.6,10546,critical,0,0,0,12,0,0,5,0
5586,38000,56000,11883,7,13,17,14620,62.6,10546,critical,0,0,0,12,0,0,5,0
5589,38000,56000,11883,7,13,18,14695,67.6,10564,critical,0,0,0,13,0,0,5,0
5592,38000,56000,11880,7,14,19,14770,72.6,10582,critical,0,0,0,14,0,0,5,0
5595,38000,56000,11880,7,14,19,18200,73.3,10582,critical,0,0,0,14,0,0,5,0
5598,38000,56000,11877,7,15,20,18275,78.3,10600,critical,0,0,0,15,0,0,5,0
5601,38000,56000,11874,7,16,20,18275,78.3,10600,critical,0,0,0,15,0,0,5,0
5604,38000,56000,11874,7,16,21,18350,83.3,10618,critical,0,0,0,16,0,0,5,0
5607,38000,56000,11871,7,17,22,18425,88.3,10636,critical,0,0,0,17,0,0,5,0
5610,38000,56000,12621,7,17,22,18425,88.3,10636,critical,0,0,0,17,0,0,5,0
5613,38000,56000,12618,7,18,23,18500,93.3,10654,critical,0,0,0,18,0,0,5,0
5616,36500,56000,12618,7,6,14,750,50.0,8444,watch,0,0,0,10,0,0,4,0
5619,36500,56000,12618,7,6,15,825,55.0,8462,watch,0,0,0,11,0,0,4,0
5622,36500,56000,12618,7,6,16,900,60.0,8480,watch,0,0,0,12,0,0,4,0
5625,36500,56000,12618,7,6,16,900,60.0,8480,watch,0,0,0,12,0,0,4,0
5628,36500,56000,12615,7,7,17,975,65.0,8498,block,0,0,0,13,0,0,4,0
5631,36500,56000,12612,7,8,17,975,65.0,8498,block,0,0,0,13,0,0,4,0
5634,36500,56000,12612,7,8,18,1050,70.0,8516,block,0,0,0,14,0,0,4,0
5637,36500,56000,12609,7,9,19,1125,75.0,8534,block,0,0,0,15,0,0,4,0
5640,36500,56000,13359,7,9,19,1125,75.0,8534,block,0,0,0,15,0,0,4,0
5643,36500,56000,13356,7,10,20,1200,80.0,8552,block,0,0,0,16,0,0,4,0
5646,36500,56000,13353,7,11,20,14920,82.6,8552,critical,0,0,0,16,0,0,4,0
5649,36500,56000,13353,7,11,21,14995,87.6,8570,critical,0,0,0,17,0,0,4,0
5652,36500,56000,13350,7,12,22,15070,92.6,8588,critical,0,0,0,18,0,0,4,0
5655,36500,56000,13350,7,12,21,14995,87.6,8570,critical,0,0,0,17,0,0,4,0
5658,36500,56000,13347,7,7,22,15070,92.6,8588,critical,0,0,0,18,0,0,4,0
5661,36500,56000,13344,7,8,22,15070,92.6,8588,critical,0,0,0,18,0,0,4,0
5664,36500,56000,13344,7,8,23,15145,97.6,8606,critical,0,0,0,19,0,0,4,0
5667,36500,56000,13341,7,9,24,15220,102.6,8624,critical,0,0,0,20,0,0,4,0
5670,36500,56000,14091,7,9,24,15220,102.6,8624,critical,0,0,0,20,0,0,4,0
5673,36500,56000,12025,7,10,25,15295,107.6,8642,wipe,0,0,0,21,0,0,4,0
5676,36500,56000,12022,7,11,25,15295,107.6,8642,critical,0,0,0,21,0,0,4,0
5679,36500,56000,12022,7,11,26,15370,112.6,8660,critical,0,0,0,22,0,0,4,0
5682,36500,56000,12019,7,12,27,15445,117.6,8678,critical,0,0,0,23,0,0,4,0
5685,36500,56000,12019,7,11,27,15445,117.6,8678,critical,0,0,0,23,0,0,4,0
5688,36500,56000,12016,7,11,28,15520,122.6,8696,critical,0,0,0,24,0,0,4,0
5691,36500,56000,12013,7,11,28,15520,122.6,8696,critical,0,0,0,24,0,0,4,0
5694,36500,56000,12013,7,10,29,15595,127.6,8714,critical,0,0,0,25,0,0,4,0
5697,36500,56000,12010,7,10,30,15670,132.6,8732,critical,0,0,0,26,0,0,4,0
5700,36500,56000,12760,7,9,30,15670,132.6,8732,critical,0,0,0,26,0,0,4,0
5703,36500,56000,12757,7,9,26,12015,117.0,6612,critical,0,0,0,23,0,0,3,0
5706,36500,56000,12754,7,10,26,12015,117.0,6612,critical,0,0,0,23,0,0,3,0
5709,36500,56000,12754,7,9,27,12090,122.0,6630,critical,0,0,0,24,0,0,3,0
5712,36500,56000,11776,7,9,28,12165,127.0,6648,critical,0,0,0,25,0,0,3,0
5715,36500,56000,11776,7,8,28,12165,127.0,6648,critical,0,0,0,25,0,0,3,0
5718,36500,56000,11773,7,8,29,12240,132.0,6666,critical,0,0,0,26,0,0,3,0
5721,36500,56000,11770,7,8,29,12240,132.0,6666,critical,0,0,0,26,0,0,3,0
5724,36500,56000,11770,7,7,30,12315,137.0,6684,critical,0,0,0,27,0,0,3,0
5727,36500,56000,11767,7,7,31,12390,142.0,6702,critical,0,0,0,28,0,0,3,0
5730,36500,56000,12517,7,6,31,12390,142.0,6702,critical,0,0,0,28,0,0,3,0
5733,36500,56000,12514,7,6,32,12465,147.0,6720,critical,0,0,0,29,0,0,3,0
5736,36500,56000,12511,7,6,32,12465,147.0,6720,critical,0,0,0,29,0,0,3,0
5739,36500,56000,12511,7,5,33,12540,152.0,6738,critical,0,0,0,30,0,0,3,0
5742,36500,56000,12508,7,5,34,12615,157.0,6756,critical,0,0,0,31,0,0,3,0
5745,36500,56000,12508,7,4,34,12615,157.0,6756,critical,0,0,0,31,0,0,3,0
5748,36500,56000,12505,7,4,35,12690,162.0,6774,critical,0,0,0,32,0,0,3,0
5751,36485,56000,12502,7,4,35,12690,162.0,6774,critical,0,0,0,32,0,0,3,0
5754,36485,56000,12502,7,3,36,12765,167.0,6792,critical,0,0,0,33,0,0,3,0
5757,36470,56000,12499,7,4,37,12840,172.0,6810,critical,0,0,0,34,0,0,3,0
5760,36395,56000,14749,7,3,37,12840,172.0,6810,critical,0,0,0,34,0,0,3,0
5763,36395,56000,14746,7,3,38,12915,177.0,6828,critical,0,0,0,35,0,0,3,0
5766,36365,56000,14743,7,4,38,12915,177.0,6828,critical,0,0,0,35,0,0,3,0
5769,36350,56000,14743,7,3,39,12990,182.0,6846,critical,0,0,0,36,0,0,3,0
5772,36320,56000,14740,7,3,39,12990,182.0,6846,critical,0,0,0,36,0,0,3,0
5775,31050,56000,14740,7,3,39,12990,182.0,6846,critical,0,0,0,36,0,0,3,0
5778,31035,56000,14737,7,3,39,12990,182.0,6846,critical,0,0,0,36,0,0,3,0
5781,30945,56000,14734,7,4,39,12990,182.0,6846,critical,0,0,0,36,0,0,3,0
5784,30900,56000,14734,7,3,40,13065,187.0,6864,critical,0,0,0,37,0,0,3,0
5787,30870,56000,14731,7,3,41,13140,192.0,6882,critical,0,0,0,38,0,0,3,0
5790,30765,56000,15481,7,3,41,13140,192.0,6882,critical,0,0,0,38,0,0,3,0
5793,30705,56000,11975,7,4,41,13140,192.0,6882,wipe,0,0,0,38,0,0,3,0
5796,25420,56000,11972,7,5,41,13140,192.0,6882,critical,0,0,0,38,0,0,3,0
5799,20195,56000,11972,7,4,42,13215,197.0,6900,critical,0,0,0,39,0,0,3,0
5802,20150,56000,11969,7,5,27,2025,135.0,486,critical,0,0,0,27,0,0,0,0
5805,20150,56000,11969,7,5,26,1950,130.0,468,critical,0,0,0,26,0,0,0,0
5808,20150,56000,11969,7,5,27,2025,135.0,486,outmatched,0,0,0,27,0,0,0,0
5811,20150,56000,11969,7,5,27,2025,135.0,486,outmatched,0,0,0,27,0,0,0,0
5814,20150,56000,11969,7,6,29,5530,140.7,2570,outmatched,0,0,0,28,0,0,1,0
5817,20150,56000,11966,7,7,29,5530,140.7,2570,critical,0,0,0,28,0,0,1,0
5820,20150,56000,12716,7,6,29,5530,140.7,2570,critical,0,0,0,28,0,0,1,0
5823,20150,56000,12413,7,7,31,9035,146.3,4654,critical,0,0,0,29,0,0,2,0
5826,20150,56000,12410,7,8,28,8810,131.3,4600,critical,0,0,0,26,0,0,2,0
5829,20150,56000,12410,7,8,29,8885,136.3,4618,critical,0,0,0,27,0,0,2,0
5832,20150,56000,12407,7,10,31,12390,142.0,6702,critical,0,0,0,28,0,0,3,0
5835,20150,56000,12407,7,10,29,12240,132.0,6666,critical,0,0,0,26,0,0,3,0
5838,20150,56000,12404,7,10,30,12315,137.0,6684,critical,0,0,0,27,0,0,3,0
5841,20150,56000,12401,7,11,30,12315,137.0,6684,critical,0,0,0,27,0,0,3,0
5844,20150,56000,12401,7,10,32,15820,142.6,8768,critical,0,0,0,28,0,0,4,0
5847,20150,56000,12398,7,10,31,15745,137.6,8750,critical,0,0,0,27,0,0,4,0
5850,20150,56000,13148,7,10,29,15595,127.6,8714,critical,0,0,0,25,0,0,4,0
5853,20150,56000,13145,7,11,31,19100,133.3,10798,critical,0,0,0,26,0,0,5,0
5856,20150,56000,13142,7,12,31,19100,133.3,10798,critical,0,0,0,26,0,0,5,0
5859,20150,56000,13142,7,12,32,19175,138.3,10816,critical,0,0,0,27,0,0,5,0
5862,20150,56000,13139,7,11,31,19100,133.3,10798,critical,0,0,0,26,0,0,5,0
5865,20150,56000,13139,7,11,31,19100,133.3,10798,critical,0,0,0,26,0,0,5,0
5868,20150,56000,13136,7,12,32,19175,138.3,10816,critical,0,0,0,27,0,0,5,0
5871,18650,56000,13133,7,10,13,14320,42.6,10474,critical,0,0,0,8,0,0,5,0
5874,18650,56000,13133,7,10,14,14395,47.6,10492,critical,0,0,0,9,0,0,5,0
5877,18650,56000,13130,7,11,15,14470,52.6,10510,critical,0,0,0,10,0,0,5,0
5880,18650,56000,13880,7,11,15,14470,52.6,10510,critical,0,0,0,10,0,0,5,0
5883,18650,56000,13877,7,12,16,14545,57.6,10528,critical,0,0,0,11,0,0,5,0
5886,18650,56000,13874,7,13,16,14545,57.6,10528,critical,0,0,0,11,0,0,5,0
5889,18650,56000,13874,7,13,17,14620,62.6,10546,critical,0,0,0,12,0,0,5,0
5892,18650,56000,13871,7,14,18,14695,67.6,10564,critical,0,0,0,13,0,0,5,0
5895,18650,56000,13871,7,14,18,14695,67.6,10564,critical,0,0,0,13,0,0,5,0
5898,18650,56000,13868,7,15,19,14770,72.6,10582,critical,0,0,0,14,0,0,5,0
5901,18650,56000,13865,7,16,19,18200,73.3,10582,critical,0,0,0,14,0,0,5,0
5904,18650,56000,13865,7,16,20,18275,78.3,10600,critical,0,0,0,15,0,0,5,0
5907,18650,56000,13862,7,17,21,18350,83.3,10618,critical,0,0,0,16,0,0,5,0
5910,18650,56000,14612,7,17,21,18350,83.3,10618,critical,0,0,0,16,0,0,5,0
5913,18650,56000,14609,7,18,22,18425,88.3,10636,critical,0,0,0,17,0,0,5,0
5916,18650,56000,14606,7,19,22,18425,88.3,10636,critical,0,0,0,17,0,0,5,0
5919,18650,56000,14606,7,19,23,18500,93.3,10654,critical,0,0,0,18,0,0,5,0
5922,17150,56000,14606,7,0,15,825,55.0,8462,watch,0,0,0,11,0,0,4,0
5925,17150,56000,14606,7,0,15,825,55.0,8462,watch,0,0,0,11,0,0,4,0
5928,17150,56000,14606,7,0,16,900,60.0,8480,watch,0,0,0,12,0,0,4,0
5931,17150,56000,14603,7,1,16,900,60.0,8480,block,0,0,0,12,0,0,4,0
5934,17150,56000,14603,7,1,17,975,65.0,8498,block,0,0,0,13,0,0,4,0
5937,17150,56000,14600,7,2,18,1050,70.0,8516,block,0,0,0,14,0,0,4,0
5940,17150,56000,15350,7,2,18,1050,70.0,8516,block,0,0,0,14,0,0,4,0
5943,17150,56000,15347,7,3,19,1125,75.0,8534,block,0,0,0,15,0,0,4,0
5946,17150,56000,15344,7,4,19,1125,75.0,8534,block,0,0,0,15,0,0,4,0
5949,17150,56000,15344,7,4,20,1200,80.0,8552,block,0,0,0,16,0,0,4,0
5952,17150,56000,15341,7,5,21,14995,87.6,8570,critical,0,0,0,17,0,0,4,0
5955,17150,56000,15341,7,5,21,14995,87.6,8570,critical,0,0,0,17,0,0,4,0
5958,17150,56000,15338,7,6,22,15070,92.6,8588,critical,0,0,0,18,0,0,4,0
5961,17150,56000,15335,7,7,22,15070,92.6,8588,critical,0,0,0,18,0,0,4,0
5964,17150,56000,15335,7,7,23,15145,97.6,8606,critical,0,0,0,19,0,0,4,0
5967,17150,56000,15254,7,8,24,15433,98.5,8944,wipe,0,0,0,19,0,1,4,0
5970,17150,56000,16004,7,8,24,15433,98.5,8944,wipe,0,0,0,19,0,1,4,0
5973,17150,56000,16001,7,9,25,15533,99.7,9025,critical,0,0,0,19,1,1,4,0
5976,17150,56000,15998,7,10,25,15533,99.7,9025,critical,0,0,0,19,1,1,4,0
5979,17150,56000,15998,7,10,26,15633,100.8,9106,critical,0,0,0,19,2,1,4,0
5982,17150,56000,15995,7,11,27,15733,102.0,9187,critical,0,0,0,19,3,1,4,0
5985,17150,56000,15995,7,10,27,15733,102.0,9187,critical,0,0,0,19,3,1,4,0
5988,17150,56000,15992,7,11,28,15833,103.1,9268,critical,0,0,0,19,4,1,4,0
5991,17150,56000,15989,7,10,28,15833,103.1,9268,critical,0,0,0,19,4,1,4,0
5994,17150,56000,15989,7,10,29,15908,108.1,9286,critical,0,0,0,20,4,1,4,0
5997,17150,56000,15986,7,10,30,15983,113.1,9304,critical,0,0,0,21,4,1,4,0
6000,17150,56000,16736,7,9,27,15758,98.1,9250,critical,0,0,0,18,4,1,4,0
6003,17150,56000,16733,7,9,28,15833,103.1,9268,critical,0,0,0,19,4,1,4,0
6006,17150,56000,16730,7,10,28,15833,103.1,9268,critical,0,0,0,19,4,1,4,0
6009,17150,56000,16730,7,9,29,15908,108.1,9286,critical,0,0,0,20,4,1,4,0
6012,17150,56000,16727,7,10,30,15983,113.1,9304,critical,0,0,0,21,4,1,4,0
6015,17150,56000,16727,7,9,30,15983,113.1,9304,critical,0,0,0,21,4,1,4,0
6018,17150,56000,16724,7,9,31,16058,118.1,9322,critical,0,0,0,22,4,1,4,0
6021,17150,56000,16721,7,9,31,16058,118.1,9322,critical,0,0,0,22,4,1,4,0
6024,17150,56000,16721,7,8,32,16133,123.1,9340,critical,0,0,0,23,4,1,4,0
6027,17150,56000,16718,7,8,33,16208,128.1,9358,critical,0,0,0,24,4,1,4,0
6030,17150,56000,17468,7,7,33,16208,128.1,9358,critical,0,0,0,24,4,1,4,0
6033,17150,56000,17465,7,7,34,16283,133.1,9376,critical,0,0,0,25,4,1,4,0
6036,17150,56000,17462,7,7,34,16283,133.1,9376,critical,0,0,0,25,4,1,4,0
6039,17150,56000,17462,7,6,35,16358,138.1,9394,critical,0,0,0,26,4,1,4,0
6042,17150,56000,17459,7,6,36,16433,143.1,9412,critical,0,0,0,27,4,1,4,0
6045,17150,56000,17459,7,5,36,16433,143.1,9412,critical,0,0,0,27,4,1,4,0
6048,17150,56000,17456,7,5,37,16508,148.1,9430,critical,0,0,0,28,4,1,4,0
6051,17150,56000,17453,7,5,37,16508,148.1,9430,critical,0,0,0,28,4,1,4,0
6054,17150,56000,17453,7,4,38,16583,153.1,9448,critical,0,0,0,29,4,1,4,0
6057,17150,56000,17450,7,4,39,16658,158.1,9466,critical,0,0,0,30,4,1,4,0
6060,11910,56000,18200,7,3,39,16658,158.1,9466,critical,0,0,0,30,4,1,4,0
6063,11895,56000,18197,7,3,40,16733,163.1,9484,critical,0,0,0,31,4,1,4,0
6066,11850,56000,18194,7,4,40,16733,163.1,9484,critical,0,0,0,31,4,1,4,0
6069,11805,56000,18194,7,3,40,16733,163.1,9484,critical,0,0,0,31,4,1,4,0
6072,11790,56000,18191,7,3,40,16733,163.1,9484,critical,0,0,0,31,4,1,4,0
6075,11700,56000,18191,7,3,40,16733,163.1,9484,critical,0,0,0,31,4,1,4,0
6078,11655,56000,18188,7,3,40,16733,163.1,9484,critical,0,0,0,31,4,1,4,0
6081,6385,56000,18185,7,4,40,16733,163.1,9484,critical,0,0,0,31,4,1,4,0
6084,6355,56000,18185,7,3,40,16733,163.1,9484,critical,0,0,0,31,4,1,4,0
6087,6325,56000,16119,7,3,41,16808,168.1,9502,wipe,0,0,0,32,4,1,4,0
6090,6220,56000,16869,7,3,41,16808,168.1,9502,wipe,0,0,0,32,4,1,4,0
6093,6175,56000,16866,7,3,41,16808,168.1,9502,critical,0,0,0,32,4,1,4,0
6096,905,56000,15426,7,3,41,16808,168.1,9502,critical,0,0,0,32,4,1,4,0
6099,905,56000,15423,7,4,27,2338,115.5,1058,critical,0,0,0,22,4,1,0,0
6102,905,56000,15420,7,5,28,2413,120.5,1076,critical,0,0,0,23,4,1,0,0
6105,905,56000,15420,7,5,28,2413,120.5,1076,critical,0,0,0,23,4,1,0,0
6108,905,56000,15417,7,7,29,2488,125.5,1094,critical,0,0,0,24,4,1,0,0
6111,905,56000,15414,7,8,29,2488,125.5,1094,critical,0,0,0,24,4,1,0,0
6114,905,56000,15414,7,8,30,2563,130.5,1112,critical,0,0,0,25,4,1,0,0
6117,905,56000,15411,7,10,31,5993,131.1,3178,critical,0,0,0,25,4,1,1,0
6120,905,56000,16161,7,10,32,6068,136.1,3196,critical,0,0,0,26,4,1,1,0
6123,905,56000,16158,7,11,31,5993,131.1,3178,critical,0,0,0,25,4,1,1,0
6126,905,56000,16155,7,12,31,5993,131.1,3178,critical,0,0,0,25,4,1,1,0
6129,905,56000,16155,7,12,33,9498,136.8,5262,critical,0,0,0,26,4,1,2,0
6132,905,56000,16152,7,13,30,9248,125.6,5145,critical,0,0,0,24,3,1,2,0
6135,905,56000,16152,7,12,31,9323,130.6,5163,critical,0,0,0,25,3,1,2,0
6138,905,56000,16149,7,13,33,12828,136.3,7247,critical,0,0,0,26,3,1,3,0
6141,905,56000,16146,7,13,29,12478,124.0,7049,critical,0,0,0,24,1,1,3,0
6144,905,56000,16146,7,13,30,12553,129.0,7067,critical,0,0,0,25,1,1,3,0
6147,905,56000,16143,7,13,32,16058,134.7,9151,critical,0,0,0,26,1,1,4,0
6150,905,56000,16893,7,13,29,15808,123.5,9034,critical,0,0,0,24,0,1,4,0
6153,905,56000,16890,7,13,30,15883,128.5,9052,critical,0,0,0,25,0,1,4,0
6156,905,56000,16887,7,14,30,15883,128.5,9052,critical,0,0,0,25,0,1,4,0
6159,905,56000,16887,7,14,32,19388,134.2,11136,critical,0,0,0,26,0,1,5,0
6162,905,56000,16884,7,14,32,19388,134.2,11136,critical,0,0,0,26,0,1,5,0
6165,905,56000,16884,7,13,32,19388,134.2,11136,critical,0,0,0,26,0,1,5,0
6168,905,56000,15906,7,13,29,18950,123.3,10762,critical,0,0,0,24,0,0,5,0
6171,905,56000,15903,7,14,29,18950,123.3,10762,critical,0,0,0,24,0,0,5,0
6174,905,56000,15903,7,14,30,19025,128.3,10780,critical,0,0,0,25,0,0,5,0
6177,905,56000,15900,7,15,29,18950,123.3,10762,critical,0,0,0,24,0,0,5,0
6180,905,56000,16650,7,15,29,18950,123.3,10762,critical,0,0,0,24,0,0,5,0
6183,905,56000,16647,7,16,30,19025,128.3,10780,critical,0,0,0,25,0,0,5,0
6186,905,56000,16644,7,15,29,18950,123.3,10762,critical,0,0,0,24,0,0,5,0
6189,905,56000,16644,7,14,30,19025,128.3,10780,critical,0,0,0,25,0,0,5,0
6192,905,56000,16641,7,15,31,19100,133.3,10798,critical,0,0,0,26,0,0,5,0
6195,905,56000,16641,7,14,31,19100,133.3,10798,critical,0,0,0,26,0,0,5,0
6198,905,56000,16638,7,14,32,19175,138.3,10816,critical,0,0,0,27,0,0,5,0
6201,905,56000,16635,7,15,32,19175,138.3,10816,critical,0,0,0,27,0,0,5,0
6204,905,56000,16635,7,14,33,19250,143.3,10834,critical,0,0,0,28,0,0,5,0
6207,905,56000,16554,7,15,29,18950,123.3,10762,wipe,0,0,0,24,0,0,5,0
6210,905,56000,17304,7,14,29,18950,123.3,10762,wipe,0,0,0,24,0,0,5,0
6213,905,56000,17301,7,15,28,18875,118.3,10744,critical,0,0,0,23,0,0,5,0
6216,905,56000,18798,7,16,28,18875,118.3,10744,critical,0,0,0,23,0,0,5,0
6219,905,56000,18798,7,16,29,18950,123.3,10762,critical,0,0,0,24,0,0,5,0
6222,905,56000,18795,7,17,28,18875,118.3,10744,critical,0,0,0,23,0,0,5,0
6225,905,56000,18795,7,17,28,18875,118.3,10744,critical,0,0,0,23,0,0,5,0
6228,905,56000,18792,7,18,29,18950,123.3,10762,critical,0,0,0,24,0,0,5,0
6231,905,56000,18789,7,19,29,18950,123.3,10762,critical,0,0,0,24,0,0,5,0
6234,905,56000,18789,7,16,28,18875,118.3,10744,critical,0,0,0,23,0,0,5,0
6237,905,56000,18786,7,17,29,18950,123.3,10762,critical,0,0,0,24,0,0,5,0
6240,905,56000,19536,7,17,29,18950,123.3,10762,critical,0,0,0,24,0,0,5,0
6243,905,56000,19533,7,17,29,18950,123.3,10762,critical,0,0,0,24,0,0,5,0
6246,905,56000,19530,7,17,29,18950,123.3,10762,critical,0,0,0,24,0,0,5,0
6249,905,56000,19530,7,16,30,19025,128.3,10780,critical,0,0,0,25,0,0,5,0
6252,905,56000,19527,7,16,31,19100,133.3,10798,critical,0,0,0,26,0,0,5,0
6255,905,56000,19527,7,16,28,18875,118.3,10744,critical,0,0,0,23,0,0,5,0
6258,905,56000,19524,7,17,29,18950,123.3,10762,critical,0,0,0,24,0,0,5,0
6261,905,56000,19521,7,18,27,18800,113.3,10726,critical,0,0,0,22,0,0,5,0
6264,905,56000,19521,7,11,28,18875,118.3,10744,critical,0,0,0,23,0,0,5,0
6267,905,56000,19518,7,12,29,18975,119.5,10825,critical,0,0,0,23,1,0,5,0
6270,905,56000,20268,7,11,29,18975,119.5,10825,critical,0,0,0,23,1,0,5,0
6273,905,56000,20265,7,11,30,19075,120.6,10906,critical,0,0,0,23,2,0,5,0
6276,905,56000,20262,7,10,30,19075,120.6,10906,critical,0,0,0,23,2,0,5,0
6279,905,56000,20262,7,9,31,19150,125.6,10924,critical,0,0,0,24,2,0,5,0
6282,905,56000,20259,7,9,32,19225,130.6,10942,critical,0,0,0,25,2,0,5,0
6285,905,56000,20259,7,8,32,19225,130.6,10942,critical,0,0,0,25,2,0,5,0
6288,905,56000,20256,7,8,33,19300,135.6,10960,critical,0,0,0,26,2,0,5,0
6291,905,56000,20253,7,8,33,19300,135.6,10960,critical,0,0,0,26,2,0,5,0
6294,905,56000,20253,7,7,34,19375,140.6,10978,critical,0,0,0,27,2,0,5,0
6297,905,56000,20250,7,7,35,19450,145.6,10996,critical,0,0,0,28,2,0,5,0
6300,905,56000,21000,7,6,35,19450,145.6,10996,critical,0,0,0,28,2,0,5,0
6303,905,56000,20997,7,6,36,19525,150.6,11014,critical,0,0,0,29,2,0,5,0
6306,905,56000,20994,7,6,36,19525,150.6,11014,critical,0,0,0,29,2,0,5,0
6309,905,56000,20994,7,5,37,19600,155.6,11032,critical,0,0,0,30,2,0,5,0
6312,905,56000,20991,7,5,38,19675,160.6,11050,critical,0,0,0,31,2,0,5,0
6315,905,56000,20991,7,4,38,19675,160.6,11050,critical,0,0,0,31,2,0,5,0
6318,905,56000,20988,7,4,39,19750,165.6,11068,critical,0,0,0,32,2,0,5,0
6321,905,56000,20985,7,4,38,19675,160.6,11050,critical,0,0,0,31,2,0,5,0
6324,905,56000,20985,7,3,39,19750,165.6,11068,critical,0,0,0,32,2,0,5,0
6327,860,56000,18919,7,3,39,19750,165.6,11068,wipe,0,0,0,32,2,0,5,0
6330,815,56000,19669,7,3,39,19750,165.6,11068,wipe,0,0,0,32,2,0,5,0
6333,785,56000,19666,7,3,39,19750,165.6,11068,critical,0,0,0,32,2,0,5,0
6336,755,56000,19663,7,4,39,19750,165.6,11068,critical,0,0,0,32,2,0,5,0
6339,740,56000,19663,7,2,27,2075,127.3,612,critical,0,0,0,25,2,0,0,0
6342,14285,67000,17866,7,2,28,2150,132.3,630,critical,0,0,0,26,2,0,0,0
6345,14255,67000,17866,7,2,28,2150,132.3,630,critical,0,0,0,26,2,0,0,0
6348,14255,67000,17866,7,1,29,2225,137.3,648,outmatched,0,0,0,27,2,0,0,0
6351,14240,67000,17866,7,1,29,2225,137.3,648,outmatched,0,0,0,27,2,0,0,0
6354,14225,67000,17866,7,0,30,2300,142.3,666,outmatched,0,0,0,28,2,0,0,0
6357,14195,67000,17566,7,0,31,2375,147.3,684,outmatched,0,0,0,29,2,0,0,0
6360,14150,67000,18316,7,0,31,2375,147.3,684,outmatched,0,0,0,29,2,0,0,0
6363,14120,67000,18316,7,0,32,2450,152.3,702,outmatched,0,0,0,30,2,0,0,0
6366,14075,67000,18316,7,0,32,2450,152.3,702,outmatched,0,0,0,30,2,0,0,0
6369,14030,67000,18316,7,0,33,2525,157.3,720,outmatched,0,0,0,31,2,0,0,0
6372,13985,67000,18316,7,0,34,2600,162.3,738,outmatched,0,0,0,32,2,0,0,0
6375,13925,67000,18316,7,0,34,2600,162.3,738,outmatched,0,0,0,32,2,0,0,0
6378,13865,67000,18313,7,1,35,2675,167.3,756,critical,0,0,0,33,2,0,0,0
6381,13805,67000,18310,7,2,35,2675,167.3,756,critical,0,0,0,33,2,0,0,0
6384,13745,67000,18310,7,2,36,2750,172.3,774,critical,0,0,0,34,2,0,0,0
6387,13670,67000,18307,7,3,37,2825,177.3,792,critical,0,0,0,35,2,0,0,0
6390,13595,67000,19057,7,3,37,2825,177.3,792,critical,0,0,0,35,2,0,0,0
6393,13550,67000,19054,7,3,38,2900,182.3,810,critical,0,0,0,36,2,0,0,0
6396,13475,67000,19051,7,4,38,2900,182.3,810,critical,0,0,0,36,2,0,0,0
6399,13430,67000,19051,7,3,39,2975,187.3,828,critical,0,0,0,37,2,0,0,0
6402,13370,67000,17608,7,4,40,3050,192.3,846,critical,0,0,0,38,2,0,0,0
6405,11810,67000,17608,7,1,17,1275,85.0,306,critical,0,0,0,17,0,0,0,0
6408,11810,67000,17608,7,1,18,1350,90.0,324,outmatched,0,0,0,18,0,0,0,0
6411,11810,67000,17608,7,1,18,1350,90.0,324,outmatched,0,0,0,18,0,0,0,0
6414,11810,67000,17608,7,2,19,1425,95.0,342,outmatched,0,0,0,19,0,0,0,0
6417,11810,67000,17608,7,2,20,1500,100.0,360,outmatched,0,0,0,20,0,0,0,0
6420,11810,67000,18358,7,2,20,1500,100.0,360,outmatched,0,0,0,20,0,0,0,0
6423,11810,67000,18358,7,3,22,5005,105.7,2444,outmatched,0,0,0,21,0,0,1,0
6426,11810,67000,18355,7,4,22,5005,105.7,2444,critical,0,0,0,21,0,0,1,0
6429,11810,67000,18355,7,4,23,5080,110.7,2462,critical,0,0,0,22,0,0,1,0
6432,11810,67000,18352,7,6,25,8585,116.3,4546,critical,0,0,0,23,0,0,2,0
6435,11810,67000,18352,7,6,25,8585,116.3,4546,critical,0,0,0,23,0,0,2,0
6438,11810,67000,18349,7,7,26,8660,121.3,4564,critical,0,0,0,24,0,0,2,0
6441,11810,67000,18346,7,8,25,8585,116.3,4546,critical,0,0,0,23,0,0,2,0
6444,11810,67000,18346,7,9,27,12090,122.0,6630,critical,0,0,0,24,0,0,3,0
6447,11810,67000,18265,7,10,28,12165,127.0,6648,wipe,0,0,0,25,0,0,3,0
6450,11810,67000,19015,7,10,28,12165,127.0,6648,wipe,0,0,0,25,0,0,3,0
6453,11810,67000,19012,7,11,29,15595,127.6,8714,critical,0,0,0,25,0,0,4,0
6456,11810,67000,19009,7,12,29,15595,127.6,8714,critical,0,0,0,25,0,0,4,0
6459,11810,67000,19009,7,12,30,15670,132.6,8732,critical,0,0,0,26,0,0,4,0
6462,11810,67000,19006,7,13,29,18950,123.3,10762,critical,0,0,0,24,0,0,5,0
6465,11810,67000,19006,7,13,28,18875,118.3,10744,critical,0,0,0,23,0,0,5,0
6468,11810,67000,19003,7,14,29,18950,123.3,10762,critical,0,0,0,24,0,0,5,0
6471,11810,67000,19000,7,15,29,18950,123.3,10762,critical,0,0,0,24,0,0,5,0
6474,11810,67000,19000,7,15,29,18950,123.3,10762,critical,0,0,0,24,0,0,5,0
6477,11810,67000,18997,7,14,30,19025,128.3,10780,critical,0,0,0,25,0,0,5,0
6480,11810,67000,19747,7,14,28,18875,118.3,10744,critical,0,0,0,23,0,0,5,0
6483,11810,67000,19744,7,15,29,18950,123.3,10762,critical,0,0,0,24,0,0,5,0
6486,11810,67000,19741,7,16,27,18800,113.3,10726,critical,0,0,0,22,0,0,5,0
6489,11810,67000,19741,7,16,28,18875,118.3,10744,critical,0,0,0,23,0,0,5,0
6492,11810,67000,19738,7,17,29,18950,123.3,10762,critical,0,0,0,24,0,0,5,0
6495,11810,67000,19738,7,17,29,18950,123.3,10762,critical,0,0,0,24,0,0,5,0
6498,11810,67000,19735,7,16,28,18875,118.3,10744,critical,0,0,0,23,0,0,5,0
6501,11810,67000,19732,7,17,28,18875,118.3,10744,critical,0,0,0,23,0,0,5,0
6504,11810,67000,19732,7,16,29,18950,123.3,10762,critical,0,0,0,24,0,0,5,0
6507,11810,67000,19729,7,17,30,19025,128.3,10780,critical,0,0,0,25,0,0,5,0
6510,11810,67000,20479,7,16,28,18875,118.3,10744,critical,0,0,0,23,0,0,5,0
6513,11810,67000,20476,7,17,28,18875,118.3,10744,critical,0,0,0,23,0,0,5,0
6516,11810,67000,20473,7,18,28,18875,118.3,10744,critical,0,0,0,23,0,0,5,0
6519,11810,67000,20473,7,18,27,18800,113.3,10726,critical,0,0,0,22,0,0,5,0
6522,11810,67000,20470,7,17,28,18875,118.3,10744,critical,0,0,0,23,0,0,5,0
6525,11810,67000,20470,7,17,28,18875,118.3,10744,critical,0,0,0,23,0,0,5,0
6528,11810,67000,20467,7,18,29,18950,123.3,10762,critical,0,0,0,24,0,0,5,0
6531,11810,67000,20464,7,18,29,18950,123.3,10762,critical,0,0,0,24,0,0,5,0
6534,11810,67000,20464,7,18,28,18875,118.3,10744,critical,0,0,0,23,0,0,5,0
6537,11810,67000,20461,7,17,29,18950,123.3,10762,critical,0,0,0,24,0,0,5,0
6540,11810,67000,21211,7,17,29,18950,123.3,10762,critical,0,0,0,24,0,0,5,0
6543,11810,67000,21208,7,17,30,19025,128.3,10780,critical,0,0,0,25,0,0,5,0
6546,11810,67000,21205,7,18,27,18800,113.3,10726,critical,0,0,0,22,0,0,5,0
6549,11810,67000,21205,7,18,28,18875,118.3,10744,critical,0,0,0,23,0,0,5,0
6552,11810,67000,21202,7,19,29,18950,123.3,10762,critical,0,0,0,24,0,0,5,0
6555,11810,67000,21202,7,17,27,18800,113.3,10726,critical,0,0,0,22,0,0,5,0
6558,11810,67000,21199,7,18,27,18800,113.3,10726,critical,0,0,0,22,0,0,5,0
6561,11810,67000,21196,7,19,27,18800,113.3,10726,critical,0,0,0,22,0,0,5,0
6564,11810,67000,21196,7,14,28,18875,118.3,10744,critical,0,0,0,23,0,0,5,0
6567,11810,67000,19130,7,13,29,18950,123.3,10762,wipe,0,0,0,24,0,0,5,0
6570,11810,67000,19880,7,12,29,18950,123.3,10762,wipe,0,0,0,24,0,0,5,0
6573,11810,67000,19877,7,12,30,19025,128.3,10780,critical,0,0,0,25,0,0,5,0
6576,11810,67000,19874,7,11,27,15370,112.6,10726,critical,0,0,0,22,0,0,5,0
6579,11810,67000,19874,7,10,28,15445,117.6,10744,critical,0,0,0,23,0,0,5,0
6582,11810,67000,19871,7,11,29,15520,122.6,10762,critical,0,0,0,24,0,0,5,0
6585,11810,67000,19871,7,9,29,15520,122.6,10762,critical,0,0,0,24,0,0,5,0
6588,11810,67000,19868,7,10,30,15595,127.6,10780,critical,0,0,0,25,0,0,5,0
6591,11810,67000,19865,7,10,30,15595,127.6,10780,critical,0,0,0,25,0,0,5,0
6594,11810,67000,19865,7,9,31,15670,132.6,10798,critical,0,0,0,26,0,0,5,0
6597,11810,67000,19862,7,10,27,8660,121.3,6630,critical,0,0,0,24,0,0,3,0
6600,11810,67000,20612,7,9,27,8660,121.3,6630,critical,0,0,0,24,0,0,3,0
6603,11810,67000,20609,7,8,28,8735,126.3,6648,critical,0,0,0,25,0,0,3,0
6606,11810,67000,20606,7,8,28,12165,127.0,6648,critical,0,0,0,25,0,0,3,0
6609,11810,67000,20606,7,8,29,12240,132.0,6666,critical,0,0,0,26,0,0,3,0
6612,11810,67000,20603,7,7,30,12315,137.0,6684,critical,0,0,0,27,0,0,3,0
6615,11810,67000,20603,7,6,30,12315,137.0,6684,critical,0,0,0,27,0,0,3,0
6618,11810,67000,20600,7,6,31,12390,142.0,6702,critical,0,0,0,28,0,0,3,0
6621,11810,67000,19625,7,5,31,12390,142.0,6702,critical,0,0,0,28,0,0,3,0
6624,11810,67000,19622,7,5,32,12465,147.0,6720,critical,0,0,0,29,0,0,3,0
6627,11810,67000,19619,7,5,33,12540,152.0,6738,critical,0,0,0,30,0,0,3,0
6630,11810,67000,20369,7,4,33,12540,152.0,6738,critical,0,0,0,30,0,0,3,0
6633,11810,67000,20366,7,4,34,12615,157.0,6756,critical,0,0,0,31,0,0,3,0
6636,11810,67000,20363,7,4,34,12615,157.0,6756,critical,0,0,0,31,0,0,3,0
6639,11810,67000,20363,7,3,35,12690,162.0,6774,critical,0,0,0,32,0,0,3,0
6642,11795,67000,20360,7,4,36,12765,167.0,6792,critical,0,0,0,33,0,0,3,0
6645,11795,67000,20360,7,3,36,12765,167.0,6792,critical,0,0,0,33,0,0,3,0
6648,11750,67000,20357,7,3,37,12840,172.0,6810,critical,0,0,0,34,0,0,3,0
6651,6525,67000,20354,7,4,37,12840,172.0,6810,critical,0,0,0,34,0,0,3,0
6654,6525,67000,20354,7,3,38,12915,177.0,6828,critical,0,0,0,35,0,0,3,0
6657,6495,67000,20351,7,3,39,12990,182.0,6846,critical,0,0,0,36,0,0,3,0
6660,6420,67000,21101,7,3,39,12990,182.0,6846,critical,0,0,0,36,0,0,3,0
6663,6405,67000,21098,7,3,40,13065,187.0,6864,critical,0,0,0,37,0,0,3,0
6666,6345,67000,21095,7,4,40,13065,187.0,6864,critical,0,0,0,37,0,0,3,0
6669,6300,67000,21095,7,3,40,13065,187.0,6864,critical,0,0,0,37,0,0,3,0
6672,1060,67000,22592,7,3,40,13065,187.0,6864,critical,0,0,0,37,0,0,3,0
