attacker_team,tier,attacker_unit,force_size,escort_tier,escort_unit,blocker_team,blocker_unit,interval_ticks,attacker_seat,outcome,ticks,seconds,beyond_game_limit,blockers_spawned,blockers_lost,blocker_spend,peak_blockers,spend_at_force_death,escorts_spawned,attacker_spend,force_spend,big_units_alive,force_died_tick,deepest_progress,first_castle_hit_tick
Black,8,evilguy,1,0,-,Black,evilminnow,0,1,castle_destroyed,1001,33.37,False,0,0,0,0,0,0,14040,14040,1,-1,1.0000,851
Black,8,evilguy,1,0,-,Black,evilminnow,25,1,survived_horizon,36000,1200.00,True,1440,1429,2880,11,0,0,14040,14040,1,-1,0.3176,-1
Black,8,evilguy,1,0,-,Black,evilminnow,28,1,survived_horizon,36000,1200.00,True,1286,1281,2572,11,0,0,14040,14040,1,-1,1.0000,-1
Black,8,evilguy,1,0,-,Black,evilminnow,30,1,survived_horizon,36000,1200.00,True,1200,1191,2400,9,0,0,14040,14040,1,-1,0.3471,-1
Black,8,evilguy,1,0,-,Black,evilminnow,33,1,survived_horizon,36000,1200.00,True,1091,1087,2182,9,0,0,14040,14040,1,-1,1.0000,-1
Black,8,evilguy,1,0,-,Black,evilminnow,35,1,survived_horizon,36000,1200.00,True,1029,1025,2058,9,0,0,14040,14040,1,-1,1.0000,-1
Black,8,evilguy,1,0,-,Black,evilminnow,37,1,survived_horizon,36000,1200.00,True,973,969,1946,8,0,0,14040,14040,1,-1,1.0000,-1
Black,8,evilguy,1,0,-,Black,evilminnow,40,1,survived_horizon,36000,1200.00,True,900,897,1800,8,0,0,14040,14040,1,-1,1.0000,-1
Black,8,evilguy,1,0,-,Black,evilminnow,45,1,survived_horizon,36000,1200.00,True,800,797,1600,7,0,0,14040,14040,1,-1,1.0000,-1
Black,8,evilguy,1,0,-,Black,evilminnow,50,1,survived_horizon,36000,1200.00,True,720,715,1440,5,0,0,14040,14040,1,-1,0.4647,-1
Black,8,evilguy,1,0,-,Black,evilminnow,55,1,survived_horizon,36000,1200.00,True,655,652,1310,6,0,0,14040,14040,1,-1,1.0000,-1
Black,8,evilguy,1,0,-,Black,evilminnow,60,1,survived_horizon,36000,1200.00,True,600,598,1200,5,0,0,14040,14040,1,-1,1.0000,-1
Black,8,evilguy,1,0,-,Black,evilminnow,70,1,survived_horizon,36000,1200.00,True,515,513,1030,4,0,0,14040,14040,1,-1,1.0000,-1
Black,8,evilguy,1,0,-,Black,evilminnow,75,1,survived_horizon,36000,1200.00,True,480,477,960,3,0,0,14040,14040,1,-1,0.6118,-1
Black,8,evilguy,1,0,-,Black,evilminnow,80,1,survived_horizon,36000,1200.00,True,450,449,900,3,0,0,14040,14040,1,-1,1.0000,-1
Black,8,evilguy,1,0,-,Black,evilminnow,90,1,survived_horizon,36000,1200.00,True,400,399,800,3,0,0,14040,14040,1,-1,1.0000,-1
Black,8,evilguy,1,0,-,Black,evilminnow,100,1,survived_horizon,36000,1200.00,True,360,359,720,3,0,0,14040,14040,1,-1,1.0000,-1
Black,8,evilguy,1,0,-,Black,evilminnow,120,1,survived_horizon,36000,1200.00,True,300,299,600,2,0,0,14040,14040,1,-1,1.0000,-1
Black,8,evilguy,1,0,-,Black,evilminnow,140,1,survived_horizon,36000,1200.00,True,258,257,516,2,0,0,14040,14040,1,-1,1.0000,-1
Black,8,evilguy,1,0,-,Black,evilminnow,150,1,survived_horizon,36000,1200.00,True,240,239,480,1,0,0,14040,14040,1,-1,1.0000,-1
Black,8,evilguy,1,0,-,Black,evilminnow,155,1,castle_destroyed,9151,305.03,False,60,59,120,1,0,0,14040,14040,1,-1,1.0000,4501
Black,8,evilguy,1,0,-,Black,evilminnow,160,1,castle_destroyed,4801,160.03,False,31,30,62,1,0,0,14040,14040,1,-1,1.0000,2401
Black,8,evilguy,2,0,-,Black,evilminnow,0,1,castle_destroyed,881,29.37,False,0,0,0,0,0,0,28080,28080,2,-1,1.0000,851
Black,8,evilguy,2,0,-,Black,evilminnow,25,1,survived_horizon,36000,1200.00,True,1440,1431,2880,9,0,0,28080,28080,2,-1,0.3176,-1
Black,8,evilguy,2,0,-,Black,evilminnow,28,1,survived_horizon,36000,1200.00,True,1286,1282,2572,9,0,0,28080,28080,2,-1,1.0000,-1
Black,8,evilguy,2,0,-,Black,evilminnow,30,1,survived_horizon,36000,1200.00,True,1200,1197,2400,8,0,0,28080,28080,2,-1,1.0000,-1
Black,8,evilguy,2,0,-,Black,evilminnow,33,1,survived_horizon,36000,1200.00,True,1091,1088,2182,8,0,0,28080,28080,2,-1,1.0000,-1
Black,8,evilguy,2,0,-,Black,evilminnow,35,1,survived_horizon,36000,1200.00,True,1029,1026,2058,7,0,0,28080,28080,2,-1,1.0000,-1
Black,8,evilguy,2,0,-,Black,evilminnow,37,1,survived_horizon,36000,1200.00,True,973,971,1946,7,0,0,28080,28080,2,-1,1.0000,-1
Black,8,evilguy,2,0,-,Black,evilminnow,40,1,survived_horizon,36000,1200.00,True,900,898,1800,7,0,0,28080,28080,2,-1,1.0000,-1
Black,8,evilguy,2,0,-,Black,evilminnow,45,1,survived_horizon,36000,1200.00,True,800,798,1600,5,0,0,28080,28080,2,-1,1.0000,-1
Black,8,evilguy,2,0,-,Black,evilminnow,50,1,survived_horizon,36000,1200.00,True,720,719,1440,4,0,0,28080,28080,2,-1,1.0000,-1
Black,8,evilguy,2,0,-,Black,evilminnow,55,1,survived_horizon,36000,1200.00,True,655,654,1310,4,0,0,28080,28080,2,-1,1.0000,-1
Black,8,evilguy,2,0,-,Black,evilminnow,60,1,survived_horizon,36000,1200.00,True,600,599,1200,4,0,0,28080,28080,2,-1,1.0000,-1
Black,8,evilguy,2,0,-,Black,evilminnow,70,1,survived_horizon,36000,1200.00,True,515,514,1030,3,0,0,28080,28080,2,-1,1.0000,-1
Black,8,evilguy,2,0,-,Black,evilminnow,75,1,castle_destroyed,2403,80.10,False,33,32,66,3,0,0,28080,28080,2,-1,1.0000,2253
Black,8,evilguy,2,0,-,Black,evilminnow,80,1,castle_destroyed,2551,85.03,False,32,32,64,3,0,0,28080,28080,2,-1,1.0000,2401
Black,8,evilguy,2,0,-,Black,evilminnow,90,1,castle_destroyed,1520,50.67,False,17,17,34,2,0,0,28080,28080,2,-1,1.0000,1070
Black,8,evilguy,2,0,-,Black,evilminnow,100,1,castle_destroyed,1195,39.83,False,12,12,24,2,0,0,28080,28080,2,-1,1.0000,895
Black,8,evilguy,2,0,-,Black,evilminnow,120,1,castle_destroyed,1057,35.23,False,9,9,18,2,0,0,28080,28080,2,-1,1.0000,907
Black,8,evilguy,2,0,-,Black,evilminnow,140,1,castle_destroyed,1040,34.67,False,8,8,16,2,0,0,28080,28080,2,-1,1.0000,890
Black,8,evilguy,2,0,-,Black,evilminnow,150,1,castle_destroyed,1034,34.47,False,7,7,14,1,0,0,28080,28080,2,-1,1.0000,884
Black,8,evilguy,2,0,-,Black,evilminnow,155,1,castle_destroyed,1035,34.50,False,7,7,14,1,0,0,28080,28080,2,-1,1.0000,885
Black,8,evilguy,2,0,-,Black,evilminnow,160,1,castle_destroyed,1034,34.47,False,7,7,14,1,0,0,28080,28080,2,-1,1.0000,884
Black,8,evilguy,3,0,-,Black,evilminnow,0,1,castle_destroyed,881,29.37,False,0,0,0,0,0,0,42120,42120,3,-1,1.0000,851
Black,8,evilguy,3,0,-,Black,evilminnow,25,1,survived_horizon,36000,1200.00,True,1440,1438,2880,8,0,0,42120,42120,3,-1,1.0000,-1
Black,8,evilguy,3,0,-,Black,evilminnow,28,1,survived_horizon,36000,1200.00,True,1286,1283,2572,8,0,0,42120,42120,3,-1,1.0000,-1
Black,8,evilguy,3,0,-,Black,evilminnow,30,1,survived_horizon,36000,1200.00,True,1200,1198,2400,6,0,0,42120,42120,3,-1,1.0000,-1
Black,8,evilguy,3,0,-,Black,evilminnow,33,1,survived_horizon,36000,1200.00,True,1091,1089,2182,7,0,0,42120,42120,3,-1,1.0000,-1
Black,8,evilguy,3,0,-,Black,evilminnow,35,1,survived_horizon,36000,1200.00,True,1029,1027,2058,6,0,0,42120,42120,3,-1,1.0000,-1
Black,8,evilguy,3,0,-,Black,evilminnow,37,1,castle_destroyed,7446,248.20,False,202,201,404,6,0,0,42120,42120,3,-1,1.0000,4746
Black,8,evilguy,3,0,-,Black,evilminnow,40,1,survived_horizon,36000,1200.00,True,900,899,1800,5,0,0,42120,42120,3,-1,1.0000,-1
Black,8,evilguy,3,0,-,Black,evilminnow,45,1,survived_horizon,36000,1200.00,True,800,799,1600,5,0,0,42120,42120,3,-1,1.0000,-1
Black,8,evilguy,3,0,-,Black,evilminnow,50,1,castle_destroyed,2106,70.20,False,43,42,86,4,0,0,42120,42120,3,-1,1.0000,1956
Black,8,evilguy,3,0,-,Black,evilminnow,55,1,castle_destroyed,1801,60.03,False,33,33,66,4,0,0,42120,42120,3,-1,1.0000,1651
Black,8,evilguy,3,0,-,Black,evilminnow,60,1,castle_destroyed,1379,45.97,False,23,23,46,3,0,0,42120,42120,3,-1,1.0000,1079
Black,8,evilguy,3,0,-,Black,evilminnow,70,1,castle_destroyed,1104,36.80,False,16,16,32,3,0,0,42120,42120,3,-1,1.0000,954
Black,8,evilguy,3,0,-,Black,evilminnow,75,1,castle_destroyed,1088,36.27,False,15,15,30,3,0,0,42120,42120,3,-1,1.0000,938
Black,8,evilguy,3,0,-,Black,evilminnow,80,1,castle_destroyed,1046,34.87,False,14,13,28,3,0,0,42120,42120,3,-1,1.0000,920
Black,8,evilguy,3,0,-,Black,evilminnow,90,1,castle_destroyed,1439,47.97,False,16,16,32,2,0,0,42120,42120,3,-1,1.0000,989
Black,8,evilguy,3,0,-,Black,evilminnow,100,1,castle_destroyed,975,32.50,False,10,10,20,2,0,0,42120,42120,3,-1,1.0000,895
Black,8,evilguy,3,0,-,Black,evilminnow,120,1,castle_destroyed,911,30.37,False,8,8,16,2,0,0,42120,42120,3,-1,1.0000,907
Black,8,evilguy,3,0,-,Black,evilminnow,140,1,castle_destroyed,911,30.37,False,7,7,14,2,0,0,42120,42120,3,-1,1.0000,890
Black,8,evilguy,3,0,-,Black,evilminnow,150,1,castle_destroyed,932,31.07,False,7,7,14,1,0,0,42120,42120,3,-1,1.0000,884
Black,8,evilguy,3,0,-,Black,evilminnow,155,1,castle_destroyed,911,30.37,False,6,6,12,1,0,0,42120,42120,3,-1,1.0000,885
Black,8,evilguy,3,0,-,Black,evilminnow,160,1,castle_destroyed,911,30.37,False,6,6,12,1,0,0,42120,42120,3,-1,1.0000,884
Black,8,evilguy,4,0,-,Black,evilminnow,0,1,castle_destroyed,881,29.37,False,0,0,0,0,0,0,56160,56160,4,-1,1.0000,851
Black,8,evilguy,4,0,-,Black,evilminnow,25,1,survived_horizon,36000,1200.00,True,1440,1439,2880,8,0,0,56160,56160,4,-1,1.0000,-1
Black,8,evilguy,4,0,-,Black,evilminnow,28,1,castle_destroyed,3003,100.10,False,108,107,216,7,0,0,56160,56160,4,-1,1.0000,2553
Black,8,evilguy,4,0,-,Black,evilminnow,30,1,castle_destroyed,2409,80.30,False,81,80,162,6,0,0,56160,56160,4,-1,1.0000,2259
Black,8,evilguy,4,0,-,Black,evilminnow,33,1,castle_destroyed,2551,85.03,False,78,77,156,6,0,0,56160,56160,4,-1,1.0000,2251
Black,8,evilguy,4,0,-,Black,evilminnow,35,1,castle_destroyed,2701,90.03,False,78,77,156,6,0,0,56160,56160,4,-1,1.0000,2101
Black,8,evilguy,4,0,-,Black,evilminnow,37,1,castle_destroyed,2257,75.23,False,61,61,122,5,0,0,56160,56160,4,-1,1.0000,2107
Black,8,evilguy,4,0,-,Black,evilminnow,40,1,castle_destroyed,2551,85.03,False,64,64,128,5,0,0,56160,56160,4,-1,1.0000,2401
Black,8,evilguy,4,0,-,Black,evilminnow,45,1,castle_destroyed,1311,43.70,False,30,29,60,4,0,0,56160,56160,4,-1,1.0000,1085
Black,8,evilguy,4,0,-,Black,evilminnow,50,1,castle_destroyed,1107,36.90,False,23,22,46,4,0,0,56160,56160,4,-1,1.0000,957
Black,8,evilguy,4,0,-,Black,evilminnow,55,1,castle_destroyed,1052,35.07,False,20,19,40,4,0,0,56160,56160,4,-1,1.0000,960
Black,8,evilguy,4,0,-,Black,evilminnow,60,1,castle_destroyed,1324,44.13,False,23,22,46,3,0,0,56160,56160,4,-1,1.0000,1024
Black,8,evilguy,4,0,-,Black,evilminnow,70,1,castle_destroyed,954,31.80,False,14,14,28,3,0,0,56160,56160,4,-1,1.0000,941
Black,8,evilguy,4,0,-,Black,evilminnow,75,1,castle_destroyed,941,31.37,False,13,13,26,3,0,0,56160,56160,4,-1,1.0000,938
Black,8,evilguy,4,0,-,Black,evilminnow,80,1,castle_destroyed,941,31.37,False,12,12,24,3,0,0,56160,56160,4,-1,1.0000,920
Black,8,evilguy,4,0,-,Black,evilminnow,90,1,castle_destroyed,989,32.97,False,11,11,22,2,0,0,56160,56160,4,-1,1.0000,941
Black,8,evilguy,4,0,-,Black,evilminnow,100,1,castle_destroyed,941,31.37,False,10,10,20,2,0,0,56160,56160,4,-1,1.0000,895
Black,8,evilguy,4,0,-,Black,evilminnow,120,1,castle_destroyed,911,30.37,False,8,8,16,2,0,0,56160,56160,4,-1,1.0000,907
Black,8,evilguy,4,0,-,Black,evilminnow,140,1,castle_destroyed,911,30.37,False,7,7,14,2,0,0,56160,56160,4,-1,1.0000,890
Black,8,evilguy,4,0,-,Black,evilminnow,150,1,castle_destroyed,932,31.07,False,7,7,14,1,0,0,56160,56160,4,-1,1.0000,884
Black,8,evilguy,4,0,-,Black,evilminnow,155,1,castle_destroyed,911,30.37,False,6,6,12,1,0,0,56160,56160,4,-1,1.0000,885
Black,8,evilguy,4,0,-,Black,evilminnow,160,1,castle_destroyed,911,30.37,False,6,6,12,1,0,0,56160,56160,4,-1,1.0000,884
Black,8,evilguy,5,0,-,Black,evilminnow,0,1,castle_destroyed,881,29.37,False,0,0,0,0,0,0,70200,70200,5,-1,1.0000,851
Black,8,evilguy,5,0,-,Black,evilminnow,25,1,survived_horizon,36000,1200.00,True,1440,1439,2880,8,0,0,70200,70200,5,-1,1.0000,-1
Black,8,evilguy,5,0,-,Black,evilminnow,28,1,castle_destroyed,2101,70.03,False,76,75,152,7,0,0,70200,70200,5,-1,1.0000,1801
Black,8,evilguy,5,0,-,Black,evilminnow,30,1,castle_destroyed,1690,56.33,False,57,56,114,6,0,0,70200,70200,5,-1,1.0000,1540
Black,8,evilguy,5,0,-,Black,evilminnow,33,1,castle_destroyed,2114,70.47,False,65,64,130,6,0,0,70200,70200,5,-1,1.0000,1814
Black,8,evilguy,5,0,-,Black,evilminnow,35,1,castle_destroyed,1409,46.97,False,41,40,82,5,0,0,70200,70200,5,-1,1.0000,1228
Black,8,evilguy,5,0,-,Black,evilminnow,37,1,castle_destroyed,1189,39.63,False,33,32,66,5,0,0,70200,70200,5,-1,1.0000,1039
Black,8,evilguy,5,0,-,Black,evilminnow,40,1,castle_destroyed,1126,37.53,False,29,28,58,5,0,0,70200,70200,5,-1,1.0000,997
Black,8,evilguy,5,0,-,Black,evilminnow,45,1,castle_destroyed,1039,34.63,False,24,23,48,4,0,0,70200,70200,5,-1,1.0000,1039
Black,8,evilguy,5,0,-,Black,evilminnow,50,1,castle_destroyed,985,32.83,False,20,20,40,4,0,0,70200,70200,5,-1,1.0000,957
Black,8,evilguy,5,0,-,Black,evilminnow,55,1,castle_destroyed,971,32.37,False,18,18,36,4,0,0,70200,70200,5,-1,1.0000,960
Black,8,evilguy,5,0,-,Black,evilminnow,60,1,castle_destroyed,1323,44.10,False,23,22,46,3,0,0,70200,70200,5,-1,1.0000,1023
Black,8,evilguy,5,0,-,Black,evilminnow,70,1,castle_destroyed,954,31.80,False,14,14,28,3,0,0,70200,70200,5,-1,1.0000,941
Black,8,evilguy,5,0,-,Black,evilminnow,75,1,castle_destroyed,941,31.37,False,13,13,26,3,0,0,70200,70200,5,-1,1.0000,938
Black,8,evilguy,5,0,-,Black,evilminnow,80,1,castle_destroyed,941,31.37,False,12,12,24,3,0,0,70200,70200,5,-1,1.0000,920
Black,8,evilguy,5,0,-,Black,evilminnow,90,1,castle_destroyed,971,32.37,False,11,11,22,2,0,0,70200,70200,5,-1,1.0000,941
Black,8,evilguy,5,0,-,Black,evilminnow,100,1,castle_destroyed,941,31.37,False,10,10,20,2,0,0,70200,70200,5,-1,1.0000,895
Black,8,evilguy,5,0,-,Black,evilminnow,120,1,castle_destroyed,911,30.37,False,8,8,16,2,0,0,70200,70200,5,-1,1.0000,907
Black,8,evilguy,5,0,-,Black,evilminnow,140,1,castle_destroyed,911,30.37,False,7,7,14,2,0,0,70200,70200,5,-1,1.0000,890
Black,8,evilguy,5,0,-,Black,evilminnow,150,1,castle_destroyed,932,31.07,False,7,7,14,1,0,0,70200,70200,5,-1,1.0000,884
Black,8,evilguy,5,0,-,Black,evilminnow,155,1,castle_destroyed,911,30.37,False,6,6,12,1,0,0,70200,70200,5,-1,1.0000,885
Black,8,evilguy,5,0,-,Black,evilminnow,160,1,castle_destroyed,911,30.37,False,6,6,12,1,0,0,70200,70200,5,-1,1.0000,884
Blue,8,lightningbear,1,0,-,Blue,fishy,0,1,castle_destroyed,576,19.20,False,0,0,0,0,0,0,19416,19416,1,-1,1.0000,426
Blue,8,lightningbear,1,0,-,Blue,fishy,25,1,survived_horizon,36000,1200.00,True,1440,1435,4320,11,0,0,19416,19416,1,-1,0.4500,-1
Blue,8,lightningbear,1,0,-,Blue,fishy,28,1,survived_horizon,36000,1200.00,True,1286,1285,3858,10,0,0,19416,19416,1,-1,1.0000,-1
Blue,8,lightningbear,1,0,-,Blue,fishy,30,1,survived_horizon,36000,1200.00,True,1200,1196,3600,9,0,0,19416,19416,1,-1,0.4765,-1
Blue,8,lightningbear,1,0,-,Blue,fishy,33,1,survived_horizon,36000,1200.00,True,1091,1091,3273,9,0,0,19416,19416,1,-1,1.0000,-1
Blue,8,lightningbear,1,0,-,Blue,fishy,35,1,survived_horizon,36000,1200.00,True,1029,1028,3087,8,0,0,19416,19416,1,-1,1.0000,-1
Blue,8,lightningbear,1,0,-,Blue,fishy,37,1,survived_horizon,36000,1200.00,True,973,973,2919,8,0,0,19416,19416,1,-1,1.0000,-1
Blue,8,lightningbear,1,0,-,Blue,fishy,40,1,survived_horizon,36000,1200.00,True,900,900,2700,7,0,0,19416,19416,1,-1,1.0000,-1
Blue,8,lightningbear,1,0,-,Blue,fishy,45,1,survived_horizon,36000,1200.00,True,800,800,2400,6,0,0,19416,19416,1,-1,1.0000,-1
Blue,8,lightningbear,1,0,-,Blue,fishy,50,1,survived_horizon,36000,1200.00,True,720,718,2160,5,0,0,19416,19416,1,-1,0.5824,-1
Blue,8,lightningbear,1,0,-,Blue,fishy,55,1,survived_horizon,36000,1200.00,True,655,655,1965,5,0,0,19416,19416,1,-1,1.0000,-1
Blue,8,lightningbear,1,0,-,Blue,fishy,60,1,survived_horizon,36000,1200.00,True,600,600,1800,5,0,0,19416,19416,1,-1,1.0000,-1
Blue,8,lightningbear,1,0,-,Blue,fishy,70,1,survived_horizon,36000,1200.00,True,515,514,1545,4,0,0,19416,19416,1,-1,1.0000,-1
Blue,8,lightningbear,1,0,-,Blue,fishy,75,1,survived_horizon,36000,1200.00,True,480,479,1440,3,0,0,19416,19416,1,-1,0.7147,-1
Blue,8,lightningbear,1,0,-,Blue,fishy,80,1,survived_horizon,36000,1200.00,True,450,450,1350,3,0,0,19416,19416,1,-1,1.0000,-1
Blue,8,lightningbear,1,0,-,Blue,fishy,90,1,survived_horizon,36000,1200.00,True,400,400,1200,3,0,0,19416,19416,1,-1,1.0000,-1
Blue,8,lightningbear,1,0,-,Blue,fishy,100,1,survived_horizon,36000,1200.00,True,360,360,1080,3,0,0,19416,19416,1,-1,1.0000,-1
Blue,8,lightningbear,1,0,-,Blue,fishy,120,1,survived_horizon,36000,1200.00,True,300,300,900,2,0,0,19416,19416,1,-1,1.0000,-1
Blue,8,lightningbear,1,0,-,Blue,fishy,140,1,survived_horizon,36000,1200.00,True,258,257,774,2,0,0,19416,19416,1,-1,1.0000,-1
Blue,8,lightningbear,1,0,-,Blue,fishy,150,1,survived_horizon,36000,1200.00,True,240,240,720,1,0,0,19416,19416,1,-1,1.0000,-1
Blue,8,lightningbear,1,0,-,Blue,fishy,155,1,castle_destroyed,8690,289.67,False,57,56,171,2,0,0,19416,19416,1,-1,1.0000,4040
Blue,8,lightningbear,1,0,-,Blue,fishy,160,1,castle_destroyed,4490,149.67,False,29,28,87,1,0,0,19416,19416,1,-1,1.0000,2090
Blue,8,lightningbear,2,0,-,Blue,fishy,0,1,castle_destroyed,456,15.20,False,0,0,0,0,0,0,38832,38832,2,-1,1.0000,426
Blue,8,lightningbear,2,0,-,Blue,fishy,25,1,survived_horizon,36000,1200.00,True,1440,1440,4320,10,0,0,38832,38832,2,-1,1.0000,-1
Blue,8,lightningbear,2,0,-,Blue,fishy,28,1,survived_horizon,36000,1200.00,True,1286,1285,3858,9,0,0,38832,38832,2,-1,1.0000,-1
Blue,8,lightningbear,2,0,-,Blue,fishy,30,1,survived_horizon,36000,1200.00,True,1200,1200,3600,8,0,0,38832,38832,2,-1,1.0000,-1
Blue,8,lightningbear,2,0,-,Blue,fishy,33,1,survived_horizon,36000,1200.00,True,1091,1091,3273,8,0,0,38832,38832,2,-1,1.0000,-1
Blue,8,lightningbear,2,0,-,Blue,fishy,35,1,survived_horizon,36000,1200.00,True,1029,1028,3087,7,0,0,38832,38832,2,-1,1.0000,-1
Blue,8,lightningbear,2,0,-,Blue,fishy,37,1,survived_horizon,36000,1200.00,True,973,973,2919,6,0,0,38832,38832,2,-1,1.0000,-1
Blue,8,lightningbear,2,0,-,Blue,fishy,40,1,survived_horizon,36000,1200.00,True,900,900,2700,6,0,0,38832,38832,2,-1,1.0000,-1
Blue,8,lightningbear,2,0,-,Blue,fishy,45,1,survived_horizon,36000,1200.00,True,800,800,2400,5,0,0,38832,38832,2,-1,1.0000,-1
Blue,8,lightningbear,2,0,-,Blue,fishy,50,1,survived_horizon,36000,1200.00,True,720,720,2160,4,0,0,38832,38832,2,-1,1.0000,-1
Blue,8,lightningbear,2,0,-,Blue,fishy,55,1,survived_horizon,36000,1200.00,True,655,655,1965,4,0,0,38832,38832,2,-1,1.0000,-1
Blue,8,lightningbear,2,0,-,Blue,fishy,60,1,survived_horizon,36000,1200.00,True,600,600,1800,4,0,0,38832,38832,2,-1,1.0000,-1
Blue,8,lightningbear,2,0,-,Blue,fishy,70,1,survived_horizon,36000,1200.00,True,515,514,1545,3,0,0,38832,38832,2,-1,1.0000,-1
Blue,8,lightningbear,2,0,-,Blue,fishy,75,1,survived_horizon,36000,1200.00,True,480,480,1440,2,0,0,38832,38832,2,-1,1.0000,-1
Blue,8,lightningbear,2,0,-,Blue,fishy,80,1,castle_destroyed,2240,74.67,False,28,28,84,2,0,0,38832,38832,2,-1,1.0000,2090
Blue,8,lightningbear,2,0,-,Blue,fishy,90,1,castle_destroyed,1340,44.67,False,15,15,45,2,0,0,38832,38832,2,-1,1.0000,890
Blue,8,lightningbear,2,0,-,Blue,fishy,100,1,castle_destroyed,890,29.67,False,9,9,27,2,0,0,38832,38832,2,-1,1.0000,590
Blue,8,lightningbear,2,0,-,Blue,fishy,120,1,castle_destroyed,702,23.40,False,6,6,18,2,0,0,38832,38832,2,-1,1.0000,466
Blue,8,lightningbear,2,0,-,Blue,fishy,140,1,castle_destroyed,643,21.43,False,5,5,15,1,0,0,38832,38832,2,-1,1.0000,493
Blue,8,lightningbear,2,0,-,Blue,fishy,150,1,castle_destroyed,608,20.27,False,5,4,15,1,0,0,38832,38832,2,-1,1.0000,458
Blue,8,lightningbear,2,0,-,Blue,fishy,155,1,castle_destroyed,608,20.27,False,4,4,12,1,0,0,38832,38832,2,-1,1.0000,458
Blue,8,lightningbear,2,0,-,Blue,fishy,160,1,castle_destroyed,608,20.27,False,4,4,12,1,0,0,38832,38832,2,-1,1.0000,458
Blue,8,lightningbear,3,0,-,Blue,fishy,0,1,castle_destroyed,456,15.20,False,0,0,0,0,0,0,58248,58248,3,-1,1.0000,426
Blue,8,lightningbear,3,0,-,Blue,fishy,25,1,survived_horizon,36000,1200.00,True,1440,1440,4320,8,0,0,58248,58248,3,-1,1.0000,-1
Blue,8,lightningbear,3,0,-,Blue,fishy,28,1,survived_horizon,36000,1200.00,True,1286,1285,3858,7,0,0,58248,58248,3,-1,1.0000,-1
Blue,8,lightningbear,3,0,-,Blue,fishy,30,1,survived_horizon,36000,1200.00,True,1200,1200,3600,7,0,0,58248,58248,3,-1,1.0000,-1
Blue,8,lightningbear,3,0,-,Blue,fishy,33,1,survived_horizon,36000,1200.00,True,1091,1091,3273,6,0,0,58248,58248,3,-1,1.0000,-1
Blue,8,lightningbear,3,0,-,Blue,fishy,35,1,castle_destroyed,2776,92.53,False,80,79,240,6,0,0,58248,58248,3,-1,1.0000,1726
Blue,8,lightningbear,3,0,-,Blue,fishy,37,1,castle_destroyed,11630,387.67,False,315,314,945,5,0,0,58248,58248,3,-1,1.0000,6080
Blue,8,lightningbear,3,0,-,Blue,fishy,40,1,survived_horizon,36000,1200.00,True,900,900,2700,5,0,0,58248,58248,3,-1,1.0000,-1
Blue,8,lightningbear,3,0,-,Blue,fishy,45,1,survived_horizon,36000,1200.00,True,800,800,2400,4,0,0,58248,58248,3,-1,1.0000,-1
Blue,8,lightningbear,3,0,-,Blue,fishy,50,1,survived_horizon,36000,1200.00,True,720,720,2160,4,0,0,58248,58248,3,-1,1.0000,-1
Blue,8,lightningbear,3,0,-,Blue,fishy,55,1,castle_destroyed,1604,53.47,False,30,29,90,3,0,0,58248,58248,3,-1,1.0000,1490
Blue,8,lightningbear,3,0,-,Blue,fishy,60,1,castle_destroyed,1190,39.67,False,20,20,60,3,0,0,58248,58248,3,-1,1.0000,890
Blue,8,lightningbear,3,0,-,Blue,fishy,70,1,castle_destroyed,760,25.33,False,11,11,33,3,0,0,58248,58248,3,-1,1.0000,610
Blue,8,lightningbear,3,0,-,Blue,fishy,75,1,castle_destroyed,670,22.33,False,9,9,27,2,0,0,58248,58248,3,-1,1.0000,520
Blue,8,lightningbear,3,0,-,Blue,fishy,80,1,castle_destroyed,643,21.43,False,9,8,27,2,0,0,58248,58248,3,-1,1.0000,531
Blue,8,lightningbear,3,0,-,Blue,fishy,90,1,castle_destroyed,621,20.70,False,7,7,21,2,0,0,58248,58248,3,-1,1.0000,504
Blue,8,lightningbear,3,0,-,Blue,fishy,100,1,castle_destroyed,585,19.50,False,6,6,18,2,0,0,58248,58248,3,-1,1.0000,487
Blue,8,lightningbear,3,0,-,Blue,fishy,120,1,castle_destroyed,486,16.20,False,5,4,15,2,0,0,58248,58248,3,-1,1.0000,466
Blue,8,lightningbear,3,0,-,Blue,fishy,140,1,castle_destroyed,493,16.43,False,4,4,12,1,0,0,58248,58248,3,-1,1.0000,486
Blue,8,lightningbear,3,0,-,Blue,fishy,150,1,castle_destroyed,507,16.90,False,4,4,12,1,0,0,58248,58248,3,-1,1.0000,458
Blue,8,lightningbear,3,0,-,Blue,fishy,155,1,castle_destroyed,514,17.13,False,4,4,12,1,0,0,58248,58248,3,-1,1.0000,458
Blue,8,lightningbear,3,0,-,Blue,fishy,160,1,castle_destroyed,486,16.20,False,4,3,12,1,0,0,58248,58248,3,-1,1.0000,458
Blue,8,lightningbear,4,0,-,Blue,fishy,0,1,castle_destroyed,456,15.20,False,0,0,0,0,0,0,77664,77664,4,-1,1.0000,426
Blue,8,lightningbear,4,0,-,Blue,fishy,25,1,survived_horizon,36000,1200.00,True,1440,1440,4320,7,0,0,77664,77664,4,-1,1.0000,-1
Blue,8,lightningbear,4,0,-,Blue,fishy,28,1,castle_destroyed,2840,94.67,False,102,101,306,7,0,0,77664,77664,4,-1,1.0000,2390
Blue,8,lightningbear,4,0,-,Blue,fishy,30,1,survived_horizon,36000,1200.00,True,1200,1200,3600,6,0,0,77664,77664,4,-1,1.0000,-1
Blue,8,lightningbear,4,0,-,Blue,fishy,33,1,survived_horizon,36000,1200.00,True,1091,1091,3273,6,0,0,77664,77664,4,-1,1.0000,-1
Blue,8,lightningbear,4,0,-,Blue,fishy,35,1,castle_destroyed,1726,57.53,False,50,49,150,5,0,0,77664,77664,4,-1,1.0000,1340
Blue,8,lightningbear,4,0,-,Blue,fishy,37,1,castle_destroyed,1190,39.67,False,33,32,99,5,0,0,77664,77664,4,-1,1.0000,1040
Blue,8,lightningbear,4,0,-,Blue,fishy,40,1,castle_destroyed,2240,74.67,False,56,56,168,4,0,0,77664,77664,4,-1,1.0000,2090
Blue,8,lightningbear,4,0,-,Blue,fishy,45,1,castle_destroyed,1044,34.80,False,24,23,72,4,0,0,77664,77664,4,-1,1.0000,894
Blue,8,lightningbear,4,0,-,Blue,fishy,50,1,castle_destroyed,803,26.77,False,17,16,51,4,0,0,77664,77664,4,-1,1.0000,653
Blue,8,lightningbear,4,0,-,Blue,fishy,55,1,castle_destroyed,665,22.17,False,13,12,39,3,0,0,77664,77664,4,-1,1.0000,554
Blue,8,lightningbear,4,0,-,Blue,fishy,60,1,castle_destroyed,610,20.33,False,11,10,33,3,0,0,77664,77664,4,-1,1.0000,526
Blue,8,lightningbear,4,0,-,Blue,fishy,70,1,castle_destroyed,759,25.30,False,11,11,33,3,0,0,77664,77664,4,-1,1.0000,569
Blue,8,lightningbear,4,0,-,Blue,fishy,75,1,castle_destroyed,520,17.33,False,7,7,21,2,0,0,77664,77664,4,-1,1.0000,516
Blue,8,lightningbear,4,0,-,Blue,fishy,80,1,castle_destroyed,531,17.70,False,7,7,21,2,0,0,77664,77664,4,-1,1.0000,516
Blue,8,lightningbear,4,0,-,Blue,fishy,90,1,castle_destroyed,516,17.20,False,6,6,18,2,0,0,77664,77664,4,-1,1.0000,504
Blue,8,lightningbear,4,0,-,Blue,fishy,100,1,castle_destroyed,533,17.77,False,6,6,18,2,0,0,77664,77664,4,-1,1.0000,487
Blue,8,lightningbear,4,0,-,Blue,fishy,120,1,castle_destroyed,486,16.20,False,5,4,15,2,0,0,77664,77664,4,-1,1.0000,466
Blue,8,lightningbear,4,0,-,Blue,fishy,140,1,castle_destroyed,493,16.43,False,4,4,12,1,0,0,77664,77664,4,-1,1.0000,486
Blue,8,lightningbear,4,0,-,Blue,fishy,150,1,castle_destroyed,507,16.90,False,4,4,12,1,0,0,77664,77664,4,-1,1.0000,458
Blue,8,lightningbear,4,0,-,Blue,fishy,155,1,castle_destroyed,514,17.13,False,4,4,12,1,0,0,77664,77664,4,-1,1.0000,458
Blue,8,lightningbear,4,0,-,Blue,fishy,160,1,castle_destroyed,486,16.20,False,4,3,12,1,0,0,77664,77664,4,-1,1.0000,458
Blue,8,lightningbear,5,0,-,Blue,fishy,0,1,castle_destroyed,456,15.20,False,0,0,0,0,0,0,97080,97080,5,-1,1.0000,426
Blue,8,lightningbear,5,0,-,Blue,fishy,25,1,survived_horizon,36000,1200.00,True,1440,1439,4320,7,0,0,97080,97080,5,-1,1.0000,-1
Blue,8,lightningbear,5,0,-,Blue,fishy,28,1,castle_destroyed,1495,49.83,False,54,53,162,6,0,0,97080,97080,5,-1,1.0000,1345
Blue,8,lightningbear,5,0,-,Blue,fishy,30,1,castle_destroyed,1059,35.30,False,36,35,108,6,0,0,97080,97080,5,-1,1.0000,909
Blue,8,lightningbear,5,0,-,Blue,fishy,33,1,castle_destroyed,1642,54.73,False,50,50,150,5,0,0,97080,97080,5,-1,1.0000,1492
Blue,8,lightningbear,5,0,-,Blue,fishy,35,1,castle_destroyed,1200,40.00,False,35,34,105,5,0,0,97080,97080,5,-1,1.0000,1050
Blue,8,lightningbear,5,0,-,Blue,fishy,37,1,castle_destroyed,1040,34.67,False,29,28,87,5,0,0,97080,97080,5,-1,1.0000,890
Blue,8,lightningbear,5,0,-,Blue,fishy,40,1,castle_destroyed,797,26.57,False,20,20,60,4,0,0,97080,97080,5,-1,1.0000,647
Blue,8,lightningbear,5,0,-,Blue,fishy,45,1,castle_destroyed,675,22.50,False,15,15,45,4,0,0,97080,97080,5,-1,1.0000,581
Blue,8,lightningbear,5,0,-,Blue,fishy,50,1,castle_destroyed,605,20.17,False,13,12,39,4,0,0,97080,97080,5,-1,1.0000,553
Blue,8,lightningbear,5,0,-,Blue,fishy,55,1,castle_destroyed,554,18.47,False,11,10,33,3,0,0,97080,97080,5,-1,1.0000,546
Blue,8,lightningbear,5,0,-,Blue,fishy,60,1,castle_destroyed,546,18.20,False,10,9,30,3,0,0,97080,97080,5,-1,1.0000,526
Blue,8,lightningbear,5,0,-,Blue,fishy,70,1,castle_destroyed,569,18.97,False,9,8,27,3,0,0,97080,97080,5,-1,1.0000,546
Blue,8,lightningbear,5,0,-,Blue,fishy,75,1,castle_destroyed,520,17.33,False,7,7,21,2,0,0,97080,97080,5,-1,1.0000,516
Blue,8,lightningbear,5,0,-,Blue,fishy,80,1,castle_destroyed,531,17.70,False,7,7,21,2,0,0,97080,97080,5,-1,1.0000,516
Blue,8,lightningbear,5,0,-,Blue,fishy,90,1,castle_destroyed,516,17.20,False,6,6,18,2,0,0,97080,97080,5,-1,1.0000,504
Blue,8,lightningbear,5,0,-,Blue,fishy,100,1,castle_destroyed,533,17.77,False,6,6,18,2,0,0,97080,97080,5,-1,1.0000,487
Blue,8,lightningbear,5,0,-,Blue,fishy,120,1,castle_destroyed,486,16.20,False,5,4,15,2,0,0,97080,97080,5,-1,1.0000,466
Blue,8,lightningbear,5,0,-,Blue,fishy,140,1,castle_destroyed,493,16.43,False,4,4,12,1,0,0,97080,97080,5,-1,1.0000,486
Blue,8,lightningbear,5,0,-,Blue,fishy,150,1,castle_destroyed,507,16.90,False,4,4,12,1,0,0,97080,97080,5,-1,1.0000,458
Blue,8,lightningbear,5,0,-,Blue,fishy,155,1,castle_destroyed,514,17.13,False,4,4,12,1,0,0,97080,97080,5,-1,1.0000,458
Blue,8,lightningbear,5,0,-,Blue,fishy,160,1,castle_destroyed,486,16.20,False,4,3,12,1,0,0,97080,97080,5,-1,1.0000,458
Green,8,trogdor,1,0,-,Green,minisnecko,0,1,castle_destroyed,491,16.37,False,0,0,0,0,0,0,17880,17880,1,-1,1.0000,341
Green,8,trogdor,1,0,-,Green,minisnecko,25,1,survived_horizon,36000,1200.00,True,1440,1435,1440,10,0,0,17880,17880,1,-1,0.4800,-1
Green,8,trogdor,1,0,-,Green,minisnecko,28,1,survived_horizon,36000,1200.00,True,1286,1284,1286,9,0,0,17880,17880,1,-1,1.0000,-1
Green,8,trogdor,1,0,-,Green,minisnecko,30,1,survived_horizon,36000,1200.00,True,1200,1196,1200,8,0,0,17880,17880,1,-1,0.5153,-1
Green,8,trogdor,1,0,-,Green,minisnecko,33,1,survived_horizon,36000,1200.00,True,1091,1090,1091,8,0,0,17880,17880,1,-1,1.0000,-1
Green,8,trogdor,1,0,-,Green,minisnecko,35,1,survived_horizon,36000,1200.00,True,1029,1028,1029,7,0,0,17880,17880,1,-1,1.0000,-1
Green,8,trogdor,1,0,-,Green,minisnecko,37,1,survived_horizon,36000,1200.00,True,973,972,973,7,0,0,17880,17880,1,-1,1.0000,-1
Green,8,trogdor,1,0,-,Green,minisnecko,40,1,survived_horizon,36000,1200.00,True,900,899,900,6,0,0,17880,17880,1,-1,1.0000,-1
Green,8,trogdor,1,0,-,Green,minisnecko,45,1,survived_horizon,36000,1200.00,True,800,799,800,6,0,0,17880,17880,1,-1,1.0000,-1
Green,8,trogdor,1,0,-,Green,minisnecko,50,1,survived_horizon,36000,1200.00,True,720,718,720,5,0,0,17880,17880,1,-1,0.6565,-1
Green,8,trogdor,1,0,-,Green,minisnecko,55,1,survived_horizon,36000,1200.00,True,655,654,655,4,0,0,17880,17880,1,-1,1.0000,-1
Green,8,trogdor,1,0,-,Green,minisnecko,60,1,survived_horizon,36000,1200.00,True,600,600,600,4,0,0,17880,17880,1,-1,1.0000,-1
Green,8,trogdor,1,0,-,Green,minisnecko,70,1,survived_horizon,36000,1200.00,True,515,514,515,4,0,0,17880,17880,1,-1,1.0000,-1
Green,8,trogdor,1,0,-,Green,minisnecko,75,1,survived_horizon,36000,1200.00,True,480,479,480,3,0,0,17880,17880,1,-1,0.8329,-1
Green,8,trogdor,1,0,-,Green,minisnecko,80,1,survived_horizon,36000,1200.00,True,450,450,450,3,0,0,17880,17880,1,-1,1.0000,-1
Green,8,trogdor,1,0,-,Green,minisnecko,90,1,survived_horizon,36000,1200.00,True,400,400,400,3,0,0,17880,17880,1,-1,1.0000,-1
Green,8,trogdor,1,0,-,Green,minisnecko,100,1,survived_horizon,36000,1200.00,True,360,360,360,3,0,0,17880,17880,1,-1,1.0000,-1
Green,8,trogdor,1,0,-,Green,minisnecko,120,1,survived_horizon,36000,1200.00,True,300,300,300,2,0,0,17880,17880,1,-1,1.0000,-1
Green,8,trogdor,1,0,-,Green,minisnecko,140,1,survived_horizon,36000,1200.00,True,258,257,258,2,0,0,17880,17880,1,-1,1.0000,-1
Green,8,trogdor,1,0,-,Green,minisnecko,150,1,survived_horizon,36000,1200.00,True,240,240,240,1,0,0,17880,17880,1,-1,1.0000,-1
Green,8,trogdor,1,0,-,Green,minisnecko,155,1,castle_destroyed,7757,258.57,False,51,50,51,2,0,0,17880,17880,1,-1,1.0000,3107
Green,8,trogdor,1,0,-,Green,minisnecko,160,1,castle_destroyed,4007,133.57,False,26,25,26,1,0,0,17880,17880,1,-1,1.0000,1607
Green,8,trogdor,2,0,-,Green,minisnecko,0,1,castle_destroyed,371,12.37,False,0,0,0,0,0,0,35760,35760,2,-1,1.0000,341
Green,8,trogdor,2,0,-,Green,minisnecko,25,1,survived_horizon,36000,1200.00,True,1440,1438,1440,9,0,0,35760,35760,2,-1,1.0000,-1
Green,8,trogdor,2,0,-,Green,minisnecko,28,1,survived_horizon,36000,1200.00,True,1286,1284,1286,8,0,0,35760,35760,2,-1,1.0000,-1
Green,8,trogdor,2,0,-,Green,minisnecko,30,1,survived_horizon,36000,1200.00,True,1200,1199,1200,7,0,0,35760,35760,2,-1,1.0000,-1
Green,8,trogdor,2,0,-,Green,minisnecko,33,1,survived_horizon,36000,1200.00,True,1091,1090,1091,7,0,0,35760,35760,2,-1,1.0000,-1
Green,8,trogdor,2,0,-,Green,minisnecko,35,1,survived_horizon,36000,1200.00,True,1029,1028,1029,6,0,0,35760,35760,2,-1,1.0000,-1
Green,8,trogdor,2,0,-,Green,minisnecko,37,1,survived_horizon,36000,1200.00,True,973,972,973,5,0,0,35760,35760,2,-1,1.0000,-1
Green,8,trogdor,2,0,-,Green,minisnecko,40,1,survived_horizon,36000,1200.00,True,900,899,900,5,0,0,35760,35760,2,-1,1.0000,-1
Green,8,trogdor,2,0,-,Green,minisnecko,45,1,survived_horizon,36000,1200.00,True,800,799,800,4,0,0,35760,35760,2,-1,1.0000,-1
Green,8,trogdor,2,0,-,Green,minisnecko,50,1,survived_horizon,36000,1200.00,True,720,719,720,4,0,0,35760,35760,2,-1,1.0000,-1
Green,8,trogdor,2,0,-,Green,minisnecko,55,1,survived_horizon,36000,1200.00,True,655,654,655,3,0,0,35760,35760,2,-1,1.0000,-1
Green,8,trogdor,2,0,-,Green,minisnecko,60,1,survived_horizon,36000,1200.00,True,600,600,600,3,0,0,35760,35760,2,-1,1.0000,-1
Green,8,trogdor,2,0,-,Green,minisnecko,70,1,survived_horizon,36000,1200.00,True,515,514,515,2,0,0,35760,35760,2,-1,1.0000,-1
Green,8,trogdor,2,0,-,Green,minisnecko,75,1,survived_horizon,36000,1200.00,True,480,480,480,2,0,0,35760,35760,2,-1,1.0000,-1
Green,8,trogdor,2,0,-,Green,minisnecko,80,1,castle_destroyed,1757,58.57,False,22,22,22,2,0,0,35760,35760,2,-1,1.0000,1607
Green,8,trogdor,2,0,-,Green,minisnecko,90,1,castle_destroyed,1157,38.57,False,13,13,13,2,0,0,35760,35760,2,-1,1.0000,707
Green,8,trogdor,2,0,-,Green,minisnecko,100,1,castle_destroyed,708,23.60,False,8,7,8,2,0,0,35760,35760,2,-1,1.0000,408
Green,8,trogdor,2,0,-,Green,minisnecko,120,1,castle_destroyed,586,19.53,False,5,5,5,1,0,0,35760,35760,2,-1,1.0000,436
Green,8,trogdor,2,0,-,Green,minisnecko,140,1,castle_destroyed,535,17.83,False,4,4,4,1,0,0,35760,35760,2,-1,1.0000,385
Green,8,trogdor,2,0,-,Green,minisnecko,150,1,castle_destroyed,542,18.07,False,4,4,4,1,0,0,35760,35760,2,-1,1.0000,392
Green,8,trogdor,2,0,-,Green,minisnecko,155,1,castle_destroyed,545,18.17,False,4,4,4,1,0,0,35760,35760,2,-1,1.0000,395
Green,8,trogdor,2,0,-,Green,minisnecko,160,1,castle_destroyed,549,18.30,False,4,4,4,1,0,0,35760,35760,2,-1,1.0000,399
Green,8,trogdor,3,0,-,Green,minisnecko,0,1,castle_destroyed,371,12.37,False,0,0,0,0,0,0,53640,53640,3,-1,1.0000,341
Green,8,trogdor,3,0,-,Green,minisnecko,25,1,survived_horizon,36000,1200.00,True,1440,1438,1440,7,0,0,53640,53640,3,-1,1.0000,-1
Green,8,trogdor,3,0,-,Green,minisnecko,28,1,survived_horizon,36000,1200.00,True,1286,1284,1286,6,0,0,53640,53640,3,-1,1.0000,-1
Green,8,trogdor,3,0,-,Green,minisnecko,30,1,survived_horizon,36000,1200.00,True,1200,1199,1200,6,0,0,53640,53640,3,-1,1.0000,-1
Green,8,trogdor,3,0,-,Green,minisnecko,33,1,survived_horizon,36000,1200.00,True,1091,1090,1091,5,0,0,53640,53640,3,-1,1.0000,-1
Green,8,trogdor,3,0,-,Green,minisnecko,35,1,castle_destroyed,2144,71.47,False,62,61,62,5,0,0,53640,53640,3,-1,1.0000,1094
Green,8,trogdor,3,0,-,Green,minisnecko,37,1,castle_destroyed,10998,366.60,False,298,297,298,4,0,0,53640,53640,3,-1,1.0000,5448
Green,8,trogdor,3,0,-,Green,minisnecko,40,1,survived_horizon,36000,1200.00,True,900,899,900,4,0,0,53640,53640,3,-1,1.0000,-1
Green,8,trogdor,3,0,-,Green,minisnecko,45,1,survived_horizon,36000,1200.00,True,800,799,800,4,0,0,53640,53640,3,-1,1.0000,-1
Green,8,trogdor,3,0,-,Green,minisnecko,50,1,castle_destroyed,1007,33.57,False,21,20,21,3,0,0,53640,53640,3,-1,1.0000,857
Green,8,trogdor,3,0,-,Green,minisnecko,55,1,castle_destroyed,1272,42.40,False,24,23,24,3,0,0,53640,53640,3,-1,1.0000,1157
Green,8,trogdor,3,0,-,Green,minisnecko,60,1,castle_destroyed,1007,33.57,False,17,17,17,2,0,0,53640,53640,3,-1,1.0000,707
Green,8,trogdor,3,0,-,Green,minisnecko,70,1,castle_destroyed,635,21.17,False,10,9,10,2,0,0,53640,53640,3,-1,1.0000,485
Green,8,trogdor,3,0,-,Green,minisnecko,75,1,castle_destroyed,584,19.47,False,8,8,8,2,0,0,53640,53640,3,-1,1.0000,434
Green,8,trogdor,3,0,-,Green,minisnecko,80,1,castle_destroyed,557,18.57,False,7,7,7,2,0,0,53640,53640,3,-1,1.0000,407
Green,8,trogdor,3,0,-,Green,minisnecko,90,1,castle_destroyed,529,17.63,False,6,6,6,2,0,0,53640,53640,3,-1,1.0000,407
Green,8,trogdor,3,0,-,Green,minisnecko,100,1,castle_destroyed,408,13.60,False,5,4,5,2,0,0,53640,53640,3,-1,1.0000,402
Green,8,trogdor,3,0,-,Green,minisnecko,120,1,castle_destroyed,436,14.53,False,4,4,4,1,0,0,53640,53640,3,-1,1.0000,401
Green,8,trogdor,3,0,-,Green,minisnecko,140,1,castle_destroyed,401,13.37,False,3,3,3,1,0,0,53640,53640,3,-1,1.0000,385
Green,8,trogdor,3,0,-,Green,minisnecko,150,1,castle_destroyed,401,13.37,False,3,3,3,1,0,0,53640,53640,3,-1,1.0000,392
Green,8,trogdor,3,0,-,Green,minisnecko,155,1,castle_destroyed,401,13.37,False,3,3,3,1,0,0,53640,53640,3,-1,1.0000,395
Green,8,trogdor,3,0,-,Green,minisnecko,160,1,castle_destroyed,401,13.37,False,3,3,3,1,0,0,53640,53640,3,-1,1.0000,399
Green,8,trogdor,4,0,-,Green,minisnecko,0,1,castle_destroyed,371,12.37,False,0,0,0,0,0,0,71520,71520,4,-1,1.0000,341
Green,8,trogdor,4,0,-,Green,minisnecko,25,1,survived_horizon,36000,1200.00,True,1440,1438,1440,6,0,0,71520,71520,4,-1,1.0000,-1
Green,8,trogdor,4,0,-,Green,minisnecko,28,1,castle_destroyed,2807,93.57,False,101,100,101,5,0,0,71520,71520,4,-1,1.0000,1157
Green,8,trogdor,4,0,-,Green,minisnecko,30,1,survived_horizon,36000,1200.00,True,1200,1199,1200,5,0,0,71520,71520,4,-1,1.0000,-1
Green,8,trogdor,4,0,-,Green,minisnecko,33,1,survived_horizon,36000,1200.00,True,1091,1090,1091,5,0,0,71520,71520,4,-1,1.0000,-1
Green,8,trogdor,4,0,-,Green,minisnecko,35,1,castle_destroyed,1757,58.57,False,51,50,51,4,0,0,71520,71520,4,-1,1.0000,1094
Green,8,trogdor,4,0,-,Green,minisnecko,37,1,castle_destroyed,1007,33.57,False,28,27,28,4,0,0,71520,71520,4,-1,1.0000,857
Green,8,trogdor,4,0,-,Green,minisnecko,40,1,castle_destroyed,1757,58.57,False,44,44,44,4,0,0,71520,71520,4,-1,1.0000,1607
Green,8,trogdor,4,0,-,Green,minisnecko,45,1,castle_destroyed,863,28.77,False,20,19,20,3,0,0,71520,71520,4,-1,1.0000,713
Green,8,trogdor,4,0,-,Green,minisnecko,50,1,castle_destroyed,707,23.57,False,15,14,15,3,0,0,71520,71520,4,-1,1.0000,557
Green,8,trogdor,4,0,-,Green,minisnecko,55,1,castle_destroyed,558,18.60,False,11,10,11,3,0,0,71520,71520,4,-1,1.0000,448
Green,8,trogdor,4,0,-,Green,minisnecko,60,1,castle_destroyed,539,17.97,False,9,9,9,2,0,0,71520,71520,4,-1,1.0000,469
Green,8,trogdor,4,0,-,Green,minisnecko,70,1,castle_destroyed,485,16.17,False,7,7,7,2,0,0,71520,71520,4,-1,1.0000,433
Green,8,trogdor,4,0,-,Green,minisnecko,75,1,castle_destroyed,434,14.47,False,6,6,6,2,0,0,71520,71520,4,-1,1.0000,431
Green,8,trogdor,4,0,-,Green,minisnecko,80,1,castle_destroyed,444,14.80,False,6,6,6,2,0,0,71520,71520,4,-1,1.0000,407
Green,8,trogdor,4,0,-,Green,minisnecko,90,1,castle_destroyed,431,14.37,False,5,5,5,2,0,0,71520,71520,4,-1,1.0000,407
Green,8,trogdor,4,0,-,Green,minisnecko,100,1,castle_destroyed,408,13.60,False,5,4,5,2,0,0,71520,71520,4,-1,1.0000,402
Green,8,trogdor,4,0,-,Green,minisnecko,120,1,castle_destroyed,431,14.37,False,4,4,4,1,0,0,71520,71520,4,-1,1.0000,401
Green,8,trogdor,4,0,-,Green,minisnecko,140,1,castle_destroyed,401,13.37,False,3,3,3,1,0,0,71520,71520,4,-1,1.0000,385
Green,8,trogdor,4,0,-,Green,minisnecko,150,1,castle_destroyed,401,13.37,False,3,3,3,1,0,0,71520,71520,4,-1,1.0000,392
Green,8,trogdor,4,0,-,Green,minisnecko,155,1,castle_destroyed,401,13.37,False,3,3,3,1,0,0,71520,71520,4,-1,1.0000,395
Green,8,trogdor,4,0,-,Green,minisnecko,160,1,castle_destroyed,401,13.37,False,3,3,3,1,0,0,71520,71520,4,-1,1.0000,399
Green,8,trogdor,5,0,-,Green,minisnecko,0,1,castle_destroyed,371,12.37,False,0,0,0,0,0,0,89400,89400,5,-1,1.0000,341
Green,8,trogdor,5,0,-,Green,minisnecko,25,1,survived_horizon,36000,1200.00,True,1440,1439,1440,6,0,0,89400,89400,5,-1,1.0000,-1
Green,8,trogdor,5,0,-,Green,minisnecko,28,1,castle_destroyed,1157,38.57,False,42,41,42,5,0,0,89400,89400,5,-1,1.0000,1017
Green,8,trogdor,5,0,-,Green,minisnecko,30,1,castle_destroyed,878,29.27,False,30,29,30,5,0,0,89400,89400,5,-1,1.0000,728
Green,8,trogdor,5,0,-,Green,minisnecko,33,1,castle_destroyed,1310,43.67,False,40,40,40,4,0,0,89400,89400,5,-1,1.0000,1160
Green,8,trogdor,5,0,-,Green,minisnecko,35,1,castle_destroyed,1019,33.97,False,30,29,30,4,0,0,89400,89400,5,-1,1.0000,869
Green,8,trogdor,5,0,-,Green,minisnecko,37,1,castle_destroyed,857,28.57,False,24,23,24,4,0,0,89400,89400,5,-1,1.0000,707
Green,8,trogdor,5,0,-,Green,minisnecko,40,1,castle_destroyed,689,22.97,False,18,17,18,4,0,0,89400,89400,5,-1,1.0000,557
Green,8,trogdor,5,0,-,Green,minisnecko,45,1,castle_destroyed,580,19.33,False,13,13,13,3,0,0,89400,89400,5,-1,1.0000,484
Green,8,trogdor,5,0,-,Green,minisnecko,50,1,castle_destroyed,707,23.57,False,15,14,15,3,0,0,89400,89400,5,-1,1.0000,557
Green,8,trogdor,5,0,-,Green,minisnecko,55,1,castle_destroyed,478,15.93,False,9,9,9,3,0,0,89400,89400,5,-1,1.0000,448
Green,8,trogdor,5,0,-,Green,minisnecko,60,1,castle_destroyed,469,15.63,False,8,8,8,2,0,0,89400,89400,5,-1,1.0000,461
Green,8,trogdor,5,0,-,Green,minisnecko,70,1,castle_destroyed,461,15.37,False,7,7,7,2,0,0,89400,89400,5,-1,1.0000,433
Green,8,trogdor,5,0,-,Green,minisnecko,75,1,castle_destroyed,434,14.47,False,6,6,6,2,0,0,89400,89400,5,-1,1.0000,431
Green,8,trogdor,5,0,-,Green,minisnecko,80,1,castle_destroyed,444,14.80,False,6,6,6,2,0,0,89400,89400,5,-1,1.0000,407
Green,8,trogdor,5,0,-,Green,minisnecko,90,1,castle_destroyed,431,14.37,False,5,5,5,2,0,0,89400,89400,5,-1,1.0000,407
Green,8,trogdor,5,0,-,Green,minisnecko,100,1,castle_destroyed,408,13.60,False,5,4,5,2,0,0,89400,89400,5,-1,1.0000,402
Green,8,trogdor,5,0,-,Green,minisnecko,120,1,castle_destroyed,431,14.37,False,4,4,4,1,0,0,89400,89400,5,-1,1.0000,401
Green,8,trogdor,5,0,-,Green,minisnecko,140,1,castle_destroyed,401,13.37,False,3,3,3,1,0,0,89400,89400,5,-1,1.0000,385
Green,8,trogdor,5,0,-,Green,minisnecko,150,1,castle_destroyed,401,13.37,False,3,3,3,1,0,0,89400,89400,5,-1,1.0000,392
Green,8,trogdor,5,0,-,Green,minisnecko,155,1,castle_destroyed,401,13.37,False,3,3,3,1,0,0,89400,89400,5,-1,1.0000,395
Green,8,trogdor,5,0,-,Green,minisnecko,160,1,castle_destroyed,401,13.37,False,3,3,3,1,0,0,89400,89400,5,-1,1.0000,399
Orange,8,hwy,1,0,-,Orange,phil,0,1,castle_destroyed,718,23.93,False,0,0,0,0,0,0,19928,19928,1,-1,1.0000,568
Orange,8,hwy,1,0,-,Orange,phil,25,1,force_destroyed,35752,1191.73,True,1431,1423,5724,11,5724,0,19928,19928,0,35752,0.3918,-1
Orange,8,hwy,1,0,-,Orange,phil,28,1,survived_horizon,36000,1200.00,True,1286,1280,5144,11,0,0,19928,19928,1,-1,1.0000,-1
Orange,8,hwy,1,0,-,Orange,phil,30,1,survived_horizon,36000,1200.00,True,1200,1191,4800,9,0,0,19928,19928,1,-1,0.4182,-1
Orange,8,hwy,1,0,-,Orange,phil,33,1,survived_horizon,36000,1200.00,True,1091,1087,4364,9,0,0,19928,19928,1,-1,1.0000,-1
Orange,8,hwy,1,0,-,Orange,phil,35,1,survived_horizon,36000,1200.00,True,1029,1024,4116,9,0,0,19928,19928,1,-1,1.0000,-1
Orange,8,hwy,1,0,-,Orange,phil,37,1,survived_horizon,36000,1200.00,True,973,969,3892,8,0,0,19928,19928,1,-1,1.0000,-1
Orange,8,hwy,1,0,-,Orange,phil,40,1,survived_horizon,36000,1200.00,True,900,896,3600,7,0,0,19928,19928,1,-1,1.0000,-1
Orange,8,hwy,1,0,-,Orange,phil,45,1,survived_horizon,36000,1200.00,True,800,797,3200,6,0,0,19928,19928,1,-1,1.0000,-1
Orange,8,hwy,1,0,-,Orange,phil,50,1,survived_horizon,36000,1200.00,True,720,715,2880,5,0,0,19928,19928,1,-1,0.5241,-1
Orange,8,hwy,1,0,-,Orange,phil,55,1,survived_horizon,36000,1200.00,True,655,652,2620,6,0,0,19928,19928,1,-1,1.0000,-1
Orange,8,hwy,1,0,-,Orange,phil,60,1,survived_horizon,36000,1200.00,True,600,598,2400,5,0,0,19928,19928,1,-1,1.0000,-1
Orange,8,hwy,1,0,-,Orange,phil,70,1,survived_horizon,36000,1200.00,True,515,512,2060,4,0,0,19928,19928,1,-1,1.0000,-1
Orange,8,hwy,1,0,-,Orange,phil,75,1,survived_horizon,36000,1200.00,True,480,477,1920,3,0,0,19928,19928,1,-1,0.6565,-1
Orange,8,hwy,1,0,-,Orange,phil,80,1,survived_horizon,36000,1200.00,True,450,448,1800,3,0,0,19928,19928,1,-1,1.0000,-1
Orange,8,hwy,1,0,-,Orange,phil,90,1,survived_horizon,36000,1200.00,True,400,399,1600,3,0,0,19928,19928,1,-1,1.0000,-1
Orange,8,hwy,1,0,-,Orange,phil,100,1,survived_horizon,36000,1200.00,True,360,359,1440,3,0,0,19928,19928,1,-1,1.0000,-1
Orange,8,hwy,1,0,-,Orange,phil,120,1,survived_horizon,36000,1200.00,True,300,299,1200,2,0,0,19928,19928,1,-1,1.0000,-1
Orange,8,hwy,1,0,-,Orange,phil,140,1,survived_horizon,36000,1200.00,True,258,256,1032,2,0,0,19928,19928,1,-1,1.0000,-1
Orange,8,hwy,1,0,-,Orange,phil,150,1,survived_horizon,36000,1200.00,True,240,239,960,1,0,0,19928,19928,1,-1,1.0000,-1
Orange,8,hwy,1,0,-,Orange,phil,155,1,castle_destroyed,9001,300.03,False,59,58,236,2,0,0,19928,19928,1,-1,1.0000,4351
Orange,8,hwy,1,0,-,Orange,phil,160,1,castle_destroyed,4651,155.03,False,30,29,120,1,0,0,19928,19928,1,-1,1.0000,2251
Orange,8,hwy,2,0,-,Orange,phil,0,1,castle_destroyed,598,19.93,False,0,0,0,0,0,0,39856,39856,2,-1,1.0000,568
Orange,8,hwy,2,0,-,Orange,phil,25,1,survived_horizon,36000,1200.00,True,1440,1436,5760,9,0,0,39856,39856,2,-1,1.0000,-1
Orange,8,hwy,2,0,-,Orange,phil,28,1,survived_horizon,36000,1200.00,True,1286,1282,5144,9,0,0,39856,39856,2,-1,1.0000,-1
Orange,8,hwy,2,0,-,Orange,phil,30,1,survived_horizon,36000,1200.00,True,1200,1197,4800,8,0,0,39856,39856,2,-1,1.0000,-1
Orange,8,hwy,2,0,-,Orange,phil,33,1,survived_horizon,36000,1200.00,True,1091,1088,4364,8,0,0,39856,39856,2,-1,1.0000,-1
Orange,8,hwy,2,0,-,Orange,phil,35,1,survived_horizon,36000,1200.00,True,1029,1026,4116,7,0,0,39856,39856,2,-1,1.0000,-1
Orange,8,hwy,2,0,-,Orange,phil,37,1,survived_horizon,36000,1200.00,True,973,971,3892,7,0,0,39856,39856,2,-1,1.0000,-1
Orange,8,hwy,2,0,-,Orange,phil,40,1,survived_horizon,36000,1200.00,True,900,898,3600,6,0,0,39856,39856,2,-1,1.0000,-1
Orange,8,hwy,2,0,-,Orange,phil,45,1,survived_horizon,36000,1200.00,True,800,798,3200,5,0,0,39856,39856,2,-1,1.0000,-1
Orange,8,hwy,2,0,-,Orange,phil,50,1,survived_horizon,36000,1200.00,True,720,719,2880,4,0,0,39856,39856,2,-1,1.0000,-1
Orange,8,hwy,2,0,-,Orange,phil,55,1,survived_horizon,36000,1200.00,True,655,653,2620,4,0,0,39856,39856,2,-1,1.0000,-1
Orange,8,hwy,2,0,-,Orange,phil,60,1,survived_horizon,36000,1200.00,True,600,599,2400,4,0,0,39856,39856,2,-1,1.0000,-1
Orange,8,hwy,2,0,-,Orange,phil,70,1,survived_horizon,36000,1200.00,True,515,514,2060,3,0,0,39856,39856,2,-1,1.0000,-1
Orange,8,hwy,2,0,-,Orange,phil,75,1,survived_horizon,36000,1200.00,True,480,479,1920,3,0,0,39856,39856,2,-1,1.0000,-1
Orange,8,hwy,2,0,-,Orange,phil,80,1,castle_destroyed,2401,80.03,False,31,30,124,2,0,0,39856,39856,2,-1,1.0000,2251
Orange,8,hwy,2,0,-,Orange,phil,90,1,castle_destroyed,1351,45.03,False,16,15,64,2,0,0,39856,39856,2,-1,1.0000,901
Orange,8,hwy,2,0,-,Orange,phil,100,1,castle_destroyed,1005,33.50,False,11,10,44,2,0,0,39856,39856,2,-1,1.0000,705
Orange,8,hwy,2,0,-,Orange,phil,120,1,castle_destroyed,819,27.30,False,7,7,28,2,0,0,39856,39856,2,-1,1.0000,601
Orange,8,hwy,2,0,-,Orange,phil,140,1,castle_destroyed,774,25.80,False,6,6,24,2,0,0,39856,39856,2,-1,1.0000,624
Orange,8,hwy,2,0,-,Orange,phil,150,1,castle_destroyed,750,25.00,False,5,5,20,1,0,0,39856,39856,2,-1,1.0000,600
Orange,8,hwy,2,0,-,Orange,phil,155,1,castle_destroyed,750,25.00,False,5,5,20,1,0,0,39856,39856,2,-1,1.0000,600
Orange,8,hwy,2,0,-,Orange,phil,160,1,castle_destroyed,750,25.00,False,5,5,20,1,0,0,39856,39856,2,-1,1.0000,600
Orange,8,hwy,3,0,-,Orange,phil,0,1,castle_destroyed,598,19.93,False,0,0,0,0,0,0,59784,59784,3,-1,1.0000,568
Orange,8,hwy,3,0,-,Orange,phil,25,1,survived_horizon,36000,1200.00,True,1440,1438,5760,7,0,0,59784,59784,3,-1,1.0000,-1
Orange,8,hwy,3,0,-,Orange,phil,28,1,survived_horizon,36000,1200.00,True,1286,1283,5144,8,0,0,59784,59784,3,-1,1.0000,-1
Orange,8,hwy,3,0,-,Orange,phil,30,1,survived_horizon,36000,1200.00,True,1200,1198,4800,7,0,0,59784,59784,3,-1,1.0000,-1
Orange,8,hwy,3,0,-,Orange,phil,33,1,castle_destroyed,4137,137.90,False,126,125,504,7,0,0,59784,59784,3,-1,1.0000,2487
Orange,8,hwy,3,0,-,Orange,phil,35,1,survived_horizon,36000,1200.00,True,1029,1027,4116,6,0,0,59784,59784,3,-1,1.0000,-1
Orange,8,hwy,3,0,-,Orange,phil,37,1,castle_destroyed,5043,168.10,False,137,136,548,6,0,0,59784,59784,3,-1,1.0000,2343
Orange,8,hwy,3,0,-,Orange,phil,40,1,survived_horizon,36000,1200.00,True,900,899,3600,5,0,0,59784,59784,3,-1,1.0000,-1
Orange,8,hwy,3,0,-,Orange,phil,45,1,survived_horizon,36000,1200.00,True,800,799,3200,5,0,0,59784,59784,3,-1,1.0000,-1
Orange,8,hwy,3,0,-,Orange,phil,50,1,castle_destroyed,1651,55.03,False,34,33,136,4,0,0,59784,59784,3,-1,1.0000,1501
Orange,8,hwy,3,0,-,Orange,phil,55,1,castle_destroyed,1771,59.03,False,33,32,132,3,0,0,59784,59784,3,-1,1.0000,1651
Orange,8,hwy,3,0,-,Orange,phil,60,1,castle_destroyed,1028,34.27,False,18,17,72,3,0,0,59784,59784,3,-1,1.0000,901
Orange,8,hwy,3,0,-,Orange,phil,70,1,castle_destroyed,839,27.97,False,12,12,48,3,0,0,59784,59784,3,-1,1.0000,689
Orange,8,hwy,3,0,-,Orange,phil,75,1,survived_horizon,36000,1200.00,True,480,479,1920,3,0,0,59784,59784,3,-1,1.0000,-1
Orange,8,hwy,3,0,-,Orange,phil,80,1,castle_destroyed,783,26.10,False,10,10,40,2,0,0,59784,59784,3,-1,1.0000,633
Orange,8,hwy,3,0,-,Orange,phil,90,1,castle_destroyed,722,24.07,False,9,8,36,2,0,0,59784,59784,3,-1,1.0000,632
Orange,8,hwy,3,0,-,Orange,phil,100,1,castle_destroyed,695,23.17,False,7,7,28,2,0,0,59784,59784,3,-1,1.0000,629
Orange,8,hwy,3,0,-,Orange,phil,120,1,castle_destroyed,669,22.30,False,6,6,24,2,0,0,59784,59784,3,-1,1.0000,601
Orange,8,hwy,3,0,-,Orange,phil,140,1,castle_destroyed,628,20.93,False,5,5,20,2,0,0,59784,59784,3,-1,1.0000,624
Orange,8,hwy,3,0,-,Orange,phil,150,1,castle_destroyed,647,21.57,False,5,5,20,1,0,0,59784,59784,3,-1,1.0000,600
Orange,8,hwy,3,0,-,Orange,phil,155,1,castle_destroyed,628,20.93,False,5,4,20,1,0,0,59784,59784,3,-1,1.0000,600
Orange,8,hwy,3,0,-,Orange,phil,160,1,castle_destroyed,628,20.93,False,4,4,16,1,0,0,59784,59784,3,-1,1.0000,600
Orange,8,hwy,4,0,-,Orange,phil,0,1,castle_destroyed,598,19.93,False,0,0,0,0,0,0,79712,79712,4,-1,1.0000,568
Orange,8,hwy,4,0,-,Orange,phil,25,1,castle_destroyed,1507,50.23,False,61,60,244,7,0,0,79712,79712,4,-1,1.0000,1357
Orange,8,hwy,4,0,-,Orange,phil,28,1,castle_destroyed,2251,75.03,False,81,80,324,7,0,0,79712,79712,4,-1,1.0000,1801
Orange,8,hwy,4,0,-,Orange,phil,30,1,survived_horizon,36000,1200.00,True,1200,1199,4800,6,0,0,79712,79712,4,-1,1.0000,-1
Orange,8,hwy,4,0,-,Orange,phil,33,1,castle_destroyed,4137,137.90,False,126,125,504,6,0,0,79712,79712,4,-1,1.0000,2487
Orange,8,hwy,4,0,-,Orange,phil,35,1,castle_destroyed,1651,55.03,False,48,47,192,6,0,0,79712,79712,4,-1,1.0000,1201
Orange,8,hwy,4,0,-,Orange,phil,37,1,castle_destroyed,2551,85.03,False,69,69,276,5,0,0,79712,79712,4,-1,1.0000,2343
Orange,8,hwy,4,0,-,Orange,phil,40,1,castle_destroyed,2401,80.03,False,61,60,244,5,0,0,79712,79712,4,-1,1.0000,2251
Orange,8,hwy,4,0,-,Orange,phil,45,1,castle_destroyed,1214,40.47,False,27,27,108,4,0,0,79712,79712,4,-1,1.0000,1047
Orange,8,hwy,4,0,-,Orange,phil,50,1,castle_destroyed,901,30.03,False,19,18,76,4,0,0,79712,79712,4,-1,1.0000,751
Orange,8,hwy,4,0,-,Orange,phil,55,1,castle_destroyed,779,25.97,False,15,14,60,3,0,0,79712,79712,4,-1,1.0000,666
Orange,8,hwy,4,0,-,Orange,phil,60,1,castle_destroyed,1028,34.27,False,18,17,72,3,0,0,79712,79712,4,-1,1.0000,901
Orange,8,hwy,4,0,-,Orange,phil,70,1,castle_destroyed,689,22.97,False,10,10,40,3,0,0,79712,79712,4,-1,1.0000,658
Orange,8,hwy,4,0,-,Orange,phil,75,1,castle_destroyed,816,27.20,False,11,11,44,3,0,0,79712,79712,4,-1,1.0000,666
Orange,8,hwy,4,0,-,Orange,phil,80,1,castle_destroyed,677,22.57,False,9,9,36,2,0,0,79712,79712,4,-1,1.0000,633
Orange,8,hwy,4,0,-,Orange,phil,90,1,castle_destroyed,658,21.93,False,8,8,32,2,0,0,79712,79712,4,-1,1.0000,632
Orange,8,hwy,4,0,-,Orange,phil,100,1,castle_destroyed,658,21.93,False,7,7,28,2,0,0,79712,79712,4,-1,1.0000,629
Orange,8,hwy,4,0,-,Orange,phil,120,1,castle_destroyed,658,21.93,False,6,6,24,2,0,0,79712,79712,4,-1,1.0000,601
Orange,8,hwy,4,0,-,Orange,phil,140,1,castle_destroyed,628,20.93,False,5,5,20,2,0,0,79712,79712,4,-1,1.0000,624
Orange,8,hwy,4,0,-,Orange,phil,150,1,castle_destroyed,647,21.57,False,5,5,20,1,0,0,79712,79712,4,-1,1.0000,600
Orange,8,hwy,4,0,-,Orange,phil,155,1,castle_destroyed,628,20.93,False,5,4,20,1,0,0,79712,79712,4,-1,1.0000,600
Orange,8,hwy,4,0,-,Orange,phil,160,1,castle_destroyed,628,20.93,False,4,4,16,1,0,0,79712,79712,4,-1,1.0000,600
Orange,8,hwy,5,0,-,Orange,phil,0,1,castle_destroyed,598,19.93,False,0,0,0,0,0,0,99640,99640,5,-1,1.0000,568
Orange,8,hwy,5,0,-,Orange,phil,25,1,castle_destroyed,1205,40.17,False,49,48,196,7,0,0,99640,99640,5,-1,1.0000,1055
Orange,8,hwy,5,0,-,Orange,phil,28,1,castle_destroyed,1664,55.47,False,60,59,240,7,0,0,99640,99640,5,-1,1.0000,1514
Orange,8,hwy,5,0,-,Orange,phil,30,1,survived_horizon,36000,1200.00,True,1200,1199,4800,6,0,0,99640,99640,5,-1,1.0000,-1
Orange,8,hwy,5,0,-,Orange,phil,33,1,castle_destroyed,1807,60.23,False,55,55,220,6,0,0,99640,99640,5,-1,1.0000,1657
Orange,8,hwy,5,0,-,Orange,phil,35,1,castle_destroyed,1366,45.53,False,40,39,160,5,0,0,99640,99640,5,-1,1.0000,1201
Orange,8,hwy,5,0,-,Orange,phil,37,1,castle_destroyed,1079,35.97,False,30,29,120,5,0,0,99640,99640,5,-1,1.0000,929
Orange,8,hwy,5,0,-,Orange,phil,40,1,castle_destroyed,886,29.53,False,23,22,92,5,0,0,99640,99640,5,-1,1.0000,762
Orange,8,hwy,5,0,-,Orange,phil,45,1,castle_destroyed,772,25.73,False,18,17,72,4,0,0,99640,99640,5,-1,1.0000,704
Orange,8,hwy,5,0,-,Orange,phil,50,1,castle_destroyed,751,25.03,False,16,15,64,4,0,0,99640,99640,5,-1,1.0000,751
Orange,8,hwy,5,0,-,Orange,phil,55,1,castle_destroyed,696,23.20,False,13,13,52,3,0,0,99640,99640,5,-1,1.0000,666
Orange,8,hwy,5,0,-,Orange,phil,60,1,castle_destroyed,1028,34.27,False,18,17,72,3,0,0,99640,99640,5,-1,1.0000,901
Orange,8,hwy,5,0,-,Orange,phil,70,1,castle_destroyed,688,22.93,False,10,10,40,3,0,0,99640,99640,5,-1,1.0000,658
Orange,8,hwy,5,0,-,Orange,phil,75,1,castle_destroyed,719,23.97,False,10,10,40,3,0,0,99640,99640,5,-1,1.0000,666
Orange,8,hwy,5,0,-,Orange,phil,80,1,castle_destroyed,677,22.57,False,9,9,36,2,0,0,99640,99640,5,-1,1.0000,633
Orange,8,hwy,5,0,-,Orange,phil,90,1,castle_destroyed,658,21.93,False,8,8,32,2,0,0,99640,99640,5,-1,1.0000,632
Orange,8,hwy,5,0,-,Orange,phil,100,1,castle_destroyed,658,21.93,False,7,7,28,2,0,0,99640,99640,5,-1,1.0000,629
Orange,8,hwy,5,0,-,Orange,phil,120,1,castle_destroyed,658,21.93,False,6,6,24,2,0,0,99640,99640,5,-1,1.0000,601
Orange,8,hwy,5,0,-,Orange,phil,140,1,castle_destroyed,628,20.93,False,5,5,20,2,0,0,99640,99640,5,-1,1.0000,624
Orange,8,hwy,5,0,-,Orange,phil,150,1,castle_destroyed,647,21.57,False,5,5,20,1,0,0,99640,99640,5,-1,1.0000,600
Orange,8,hwy,5,0,-,Orange,phil,155,1,castle_destroyed,628,20.93,False,5,4,20,1,0,0,99640,99640,5,-1,1.0000,600
Orange,8,hwy,5,0,-,Orange,phil,160,1,castle_destroyed,628,20.93,False,4,4,16,1,0,0,99640,99640,5,-1,1.0000,600
Purple,8,bigblobbo,1,0,-,Purple,cant,0,1,castle_destroyed,1001,33.37,False,0,0,0,0,0,0,12760,12760,1,-1,1.0000,851
Purple,8,bigblobbo,1,0,-,Purple,cant,25,1,force_destroyed,31237,1041.23,True,1250,1243,1250,11,1250,0,12760,12760,0,31237,0.3176,-1
Purple,8,bigblobbo,1,0,-,Purple,cant,28,1,survived_horizon,36000,1200.00,True,1286,1285,1286,10,0,0,12760,12760,1,-1,1.0000,-1
Purple,8,bigblobbo,1,0,-,Purple,cant,30,1,survived_horizon,36000,1200.00,True,1200,1196,1200,9,0,0,12760,12760,1,-1,0.3529,-1
Purple,8,bigblobbo,1,0,-,Purple,cant,33,1,survived_horizon,36000,1200.00,True,1091,1091,1091,9,0,0,12760,12760,1,-1,1.0000,-1
Purple,8,bigblobbo,1,0,-,Purple,cant,35,1,survived_horizon,36000,1200.00,True,1029,1028,1029,8,0,0,12760,12760,1,-1,1.0000,-1
Purple,8,bigblobbo,1,0,-,Purple,cant,37,1,survived_horizon,36000,1200.00,True,973,973,973,7,0,0,12760,12760,1,-1,1.0000,-1
Purple,8,bigblobbo,1,0,-,Purple,cant,40,1,survived_horizon,36000,1200.00,True,900,900,900,7,0,0,12760,12760,1,-1,1.0000,-1
Purple,8,bigblobbo,1,0,-,Purple,cant,45,1,survived_horizon,36000,1200.00,True,800,800,800,6,0,0,12760,12760,1,-1,1.0000,-1
Purple,8,bigblobbo,1,0,-,Purple,cant,50,1,survived_horizon,36000,1200.00,True,720,718,720,5,0,0,12760,12760,1,-1,0.4941,-1
Purple,8,bigblobbo,1,0,-,Purple,cant,55,1,survived_horizon,36000,1200.00,True,655,655,655,5,0,0,12760,12760,1,-1,1.0000,-1
Purple,8,bigblobbo,1,0,-,Purple,cant,60,1,survived_horizon,36000,1200.00,True,600,600,600,5,0,0,12760,12760,1,-1,1.0000,-1
Purple,8,bigblobbo,1,0,-,Purple,cant,70,1,survived_horizon,36000,1200.00,True,515,514,515,4,0,0,12760,12760,1,-1,1.0000,-1
Purple,8,bigblobbo,1,0,-,Purple,cant,75,1,survived_horizon,36000,1200.00,True,480,479,480,3,0,0,12760,12760,1,-1,0.6706,-1
Purple,8,bigblobbo,1,0,-,Purple,cant,80,1,survived_horizon,36000,1200.00,True,450,450,450,3,0,0,12760,12760,1,-1,1.0000,-1
Purple,8,bigblobbo,1,0,-,Purple,cant,90,1,survived_horizon,36000,1200.00,True,400,400,400,3,0,0,12760,12760,1,-1,1.0000,-1
Purple,8,bigblobbo,1,0,-,Purple,cant,100,1,survived_horizon,36000,1200.00,True,360,360,360,3,0,0,12760,12760,1,-1,1.0000,-1
Purple,8,bigblobbo,1,0,-,Purple,cant,120,1,survived_horizon,36000,1200.00,True,300,300,300,2,0,0,12760,12760,1,-1,1.0000,-1
Purple,8,bigblobbo,1,0,-,Purple,cant,140,1,survived_horizon,36000,1200.00,True,258,257,258,2,0,0,12760,12760,1,-1,1.0000,-1
Purple,8,bigblobbo,1,0,-,Purple,cant,150,1,survived_horizon,36000,1200.00,True,240,240,240,1,0,0,12760,12760,1,-1,1.0000,-1
Purple,8,bigblobbo,1,0,-,Purple,cant,155,1,castle_destroyed,8530,284.33,False,56,55,56,1,0,0,12760,12760,1,-1,1.0000,3880
Purple,8,bigblobbo,1,0,-,Purple,cant,160,1,castle_destroyed,4480,149.33,False,28,28,28,1,0,0,12760,12760,1,-1,1.0000,2080
Purple,8,bigblobbo,2,0,-,Purple,cant,0,1,castle_destroyed,881,29.37,False,0,0,0,0,0,0,25520,25520,2,-1,1.0000,851
Purple,8,bigblobbo,2,0,-,Purple,cant,25,1,survived_horizon,36000,1200.00,True,1440,1435,1440,10,0,0,25520,25520,2,-1,0.3176,-1
Purple,8,bigblobbo,2,0,-,Purple,cant,28,1,survived_horizon,36000,1200.00,True,1286,1285,1286,8,0,0,25520,25520,2,-1,1.0000,-1
Purple,8,bigblobbo,2,0,-,Purple,cant,30,1,survived_horizon,36000,1200.00,True,1200,1200,1200,8,0,0,25520,25520,2,-1,1.0000,-1
Purple,8,bigblobbo,2,0,-,Purple,cant,33,1,survived_horizon,36000,1200.00,True,1091,1091,1091,7,0,0,25520,25520,2,-1,1.0000,-1
Purple,8,bigblobbo,2,0,-,Purple,cant,35,1,survived_horizon,36000,1200.00,True,1029,1028,1029,7,0,0,25520,25520,2,-1,1.0000,-1
Purple,8,bigblobbo,2,0,-,Purple,cant,37,1,survived_horizon,36000,1200.00,True,973,973,973,6,0,0,25520,25520,2,-1,1.0000,-1
Purple,8,bigblobbo,2,0,-,Purple,cant,40,1,survived_horizon,36000,1200.00,True,900,900,900,5,0,0,25520,25520,2,-1,1.0000,-1
Purple,8,bigblobbo,2,0,-,Purple,cant,45,1,survived_horizon,36000,1200.00,True,800,800,800,5,0,0,25520,25520,2,-1,1.0000,-1
Purple,8,bigblobbo,2,0,-,Purple,cant,50,1,survived_horizon,36000,1200.00,True,720,720,720,4,0,0,25520,25520,2,-1,1.0000,-1
Purple,8,bigblobbo,2,0,-,Purple,cant,55,1,survived_horizon,36000,1200.00,True,655,655,655,4,0,0,25520,25520,2,-1,1.0000,-1
Purple,8,bigblobbo,2,0,-,Purple,cant,60,1,survived_horizon,36000,1200.00,True,600,600,600,4,0,0,25520,25520,2,-1,1.0000,-1
Purple,8,bigblobbo,2,0,-,Purple,cant,70,1,survived_horizon,36000,1200.00,True,515,514,515,3,0,0,25520,25520,2,-1,1.0000,-1
Purple,8,bigblobbo,2,0,-,Purple,cant,75,1,survived_horizon,36000,1200.00,True,480,480,480,2,0,0,25520,25520,2,-1,1.0000,-1
Purple,8,bigblobbo,2,0,-,Purple,cant,80,1,castle_destroyed,2230,74.33,False,28,28,28,2,0,0,25520,25520,2,-1,1.0000,2080
Purple,8,bigblobbo,2,0,-,Purple,cant,90,1,castle_destroyed,1435,47.83,False,16,16,16,2,0,0,25520,25520,2,-1,1.0000,985
Purple,8,bigblobbo,2,0,-,Purple,cant,100,1,castle_destroyed,1190,39.67,False,12,12,12,2,0,0,25520,25520,2,-1,1.0000,890
Purple,8,bigblobbo,2,0,-,Purple,cant,120,1,castle_destroyed,1052,35.07,False,9,9,9,2,0,0,25520,25520,2,-1,1.0000,902
Purple,8,bigblobbo,2,0,-,Purple,cant,140,1,castle_destroyed,1037,34.57,False,8,8,8,1,0,0,25520,25520,2,-1,1.0000,887
Purple,8,bigblobbo,2,0,-,Purple,cant,150,1,castle_destroyed,1035,34.50,False,7,7,7,1,0,0,25520,25520,2,-1,1.0000,885
Purple,8,bigblobbo,2,0,-,Purple,cant,155,1,castle_destroyed,1035,34.50,False,7,7,7,1,0,0,25520,25520,2,-1,1.0000,885
Purple,8,bigblobbo,2,0,-,Purple,cant,160,1,castle_destroyed,1035,34.50,False,7,7,7,1,0,0,25520,25520,2,-1,1.0000,885
Purple,8,bigblobbo,3,0,-,Purple,cant,0,1,castle_destroyed,881,29.37,False,0,0,0,0,0,0,38280,38280,3,-1,1.0000,851
Purple,8,bigblobbo,3,0,-,Purple,cant,25,1,survived_horizon,36000,1200.00,True,1440,1439,1440,8,0,0,38280,38280,3,-1,1.0000,-1
Purple,8,bigblobbo,3,0,-,Purple,cant,28,1,survived_horizon,36000,1200.00,True,1286,1285,1286,7,0,0,38280,38280,3,-1,1.0000,-1
Purple,8,bigblobbo,3,0,-,Purple,cant,30,1,survived_horizon,36000,1200.00,True,1200,1200,1200,7,0,0,38280,38280,3,-1,1.0000,-1
Purple,8,bigblobbo,3,0,-,Purple,cant,33,1,castle_destroyed,3969,132.30,False,121,120,121,6,0,0,38280,38280,3,-1,1.0000,2319
Purple,8,bigblobbo,3,0,-,Purple,cant,35,1,survived_horizon,36000,1200.00,True,1029,1028,1029,5,0,0,38280,38280,3,-1,1.0000,-1
Purple,8,bigblobbo,3,0,-,Purple,cant,37,1,survived_horizon,36000,1200.00,True,973,973,973,5,0,0,38280,38280,3,-1,1.0000,-1
Purple,8,bigblobbo,3,0,-,Purple,cant,40,1,survived_horizon,36000,1200.00,True,900,900,900,5,0,0,38280,38280,3,-1,1.0000,-1
Purple,8,bigblobbo,3,0,-,Purple,cant,45,1,survived_horizon,36000,1200.00,True,800,800,800,4,0,0,38280,38280,3,-1,1.0000,-1
Purple,8,bigblobbo,3,0,-,Purple,cant,50,1,survived_horizon,36000,1200.00,True,720,720,720,3,0,0,38280,38280,3,-1,1.0000,-1
Purple,8,bigblobbo,3,0,-,Purple,cant,55,1,castle_destroyed,1630,54.33,False,30,30,30,3,0,0,38280,38280,3,-1,1.0000,1480
Purple,8,bigblobbo,3,0,-,Purple,cant,60,1,castle_destroyed,1318,43.93,False,22,22,22,3,0,0,38280,38280,3,-1,1.0000,1018
Purple,8,bigblobbo,3,0,-,Purple,cant,70,1,castle_destroyed,1100,36.67,False,16,16,16,3,0,0,38280,38280,3,-1,1.0000,950
Purple,8,bigblobbo,3,0,-,Purple,cant,75,1,castle_destroyed,1082,36.07,False,15,15,15,2,0,0,38280,38280,3,-1,1.0000,932
Purple,8,bigblobbo,3,0,-,Purple,cant,80,1,castle_destroyed,1044,34.80,False,14,13,14,2,0,0,38280,38280,3,-1,1.0000,920
Purple,8,bigblobbo,3,0,-,Purple,cant,90,1,castle_destroyed,1433,47.77,False,16,16,16,2,0,0,38280,38280,3,-1,1.0000,983
Purple,8,bigblobbo,3,0,-,Purple,cant,100,1,castle_destroyed,971,32.37,False,10,10,10,2,0,0,38280,38280,3,-1,1.0000,890
Purple,8,bigblobbo,3,0,-,Purple,cant,120,1,castle_destroyed,911,30.37,False,8,8,8,2,0,0,38280,38280,3,-1,1.0000,902
Purple,8,bigblobbo,3,0,-,Purple,cant,140,1,castle_destroyed,911,30.37,False,7,7,7,1,0,0,38280,38280,3,-1,1.0000,887
Purple,8,bigblobbo,3,0,-,Purple,cant,150,1,castle_destroyed,928,30.93,False,7,7,7,1,0,0,38280,38280,3,-1,1.0000,885
Purple,8,bigblobbo,3,0,-,Purple,cant,155,1,castle_destroyed,911,30.37,False,6,6,6,1,0,0,38280,38280,3,-1,1.0000,885
Purple,8,bigblobbo,3,0,-,Purple,cant,160,1,castle_destroyed,911,30.37,False,6,6,6,1,0,0,38280,38280,3,-1,1.0000,885
Purple,8,bigblobbo,4,0,-,Purple,cant,0,1,castle_destroyed,881,29.37,False,0,0,0,0,0,0,51040,51040,4,-1,1.0000,851
Purple,8,bigblobbo,4,0,-,Purple,cant,25,1,survived_horizon,36000,1200.00,True,1440,1439,1440,7,0,0,51040,51040,4,-1,1.0000,-1
Purple,8,bigblobbo,4,0,-,Purple,cant,28,1,castle_destroyed,2832,94.40,False,102,101,102,6,0,0,51040,51040,4,-1,1.0000,2382
Purple,8,bigblobbo,4,0,-,Purple,cant,30,1,survived_horizon,36000,1200.00,True,1200,1200,1200,6,0,0,51040,51040,4,-1,1.0000,-1
Purple,8,bigblobbo,4,0,-,Purple,cant,33,1,castle_destroyed,2380,79.33,False,73,72,73,6,0,0,51040,51040,4,-1,1.0000,2319
Purple,8,bigblobbo,4,0,-,Purple,cant,35,1,castle_destroyed,3430,114.33,False,98,98,98,5,0,0,51040,51040,4,-1,1.0000,2980
Purple,8,bigblobbo,4,0,-,Purple,cant,37,1,castle_destroyed,3591,119.70,False,98,97,98,5,0,0,51040,51040,4,-1,1.0000,3413
Purple,8,bigblobbo,4,0,-,Purple,cant,40,1,castle_destroyed,2230,74.33,False,56,56,56,4,0,0,51040,51040,4,-1,1.0000,2080
Purple,8,bigblobbo,4,0,-,Purple,cant,45,1,castle_destroyed,1224,40.80,False,28,27,28,4,0,0,51040,51040,4,-1,1.0000,1035
Purple,8,bigblobbo,4,0,-,Purple,cant,50,1,castle_destroyed,1105,36.83,False,23,22,23,3,0,0,51040,51040,4,-1,1.0000,955
Purple,8,bigblobbo,4,0,-,Purple,cant,55,1,castle_destroyed,1630,54.33,False,30,30,30,3,0,0,51040,51040,4,-1,1.0000,1480
Purple,8,bigblobbo,4,0,-,Purple,cant,60,1,castle_destroyed,1264,42.13,False,22,21,22,3,0,0,51040,51040,4,-1,1.0000,964
Purple,8,bigblobbo,4,0,-,Purple,cant,70,1,castle_destroyed,950,31.67,False,14,14,14,3,0,0,51040,51040,4,-1,1.0000,941
Purple,8,bigblobbo,4,0,-,Purple,cant,75,1,castle_destroyed,941,31.37,False,13,13,13,2,0,0,51040,51040,4,-1,1.0000,932
Purple,8,bigblobbo,4,0,-,Purple,cant,80,1,castle_destroyed,941,31.37,False,12,12,12,2,0,0,51040,51040,4,-1,1.0000,920
Purple,8,bigblobbo,4,0,-,Purple,cant,90,1,castle_destroyed,983,32.77,False,11,11,11,2,0,0,51040,51040,4,-1,1.0000,941
Purple,8,bigblobbo,4,0,-,Purple,cant,100,1,castle_destroyed,941,31.37,False,10,10,10,2,0,0,51040,51040,4,-1,1.0000,890
Purple,8,bigblobbo,4,0,-,Purple,cant,120,1,castle_destroyed,911,30.37,False,8,8,8,2,0,0,51040,51040,4,-1,1.0000,902
Purple,8,bigblobbo,4,0,-,Purple,cant,140,1,castle_destroyed,911,30.37,False,7,7,7,1,0,0,51040,51040,4,-1,1.0000,887
Purple,8,bigblobbo,4,0,-,Purple,cant,150,1,castle_destroyed,928,30.93,False,7,7,7,1,0,0,51040,51040,4,-1,1.0000,885
Purple,8,bigblobbo,4,0,-,Purple,cant,155,1,castle_destroyed,911,30.37,False,6,6,6,1,0,0,51040,51040,4,-1,1.0000,885
Purple,8,bigblobbo,4,0,-,Purple,cant,160,1,castle_destroyed,911,30.37,False,6,6,6,1,0,0,51040,51040,4,-1,1.0000,885
Purple,8,bigblobbo,5,0,-,Purple,cant,0,1,castle_destroyed,881,29.37,False,0,0,0,0,0,0,63800,63800,5,-1,1.0000,851
Purple,8,bigblobbo,5,0,-,Purple,cant,25,1,castle_destroyed,2583,86.10,False,104,103,104,7,0,0,63800,63800,5,-1,1.0000,2433
Purple,8,bigblobbo,5,0,-,Purple,cant,28,1,castle_destroyed,2108,70.27,False,76,75,76,6,0,0,63800,63800,5,-1,1.0000,1658
Purple,8,bigblobbo,5,0,-,Purple,cant,30,1,castle_destroyed,2046,68.20,False,69,68,69,6,0,0,63800,63800,5,-1,1.0000,1896
Purple,8,bigblobbo,5,0,-,Purple,cant,33,1,castle_destroyed,1947,64.90,False,59,59,59,5,0,0,63800,63800,5,-1,1.0000,1647
Purple,8,bigblobbo,5,0,-,Purple,cant,35,1,castle_destroyed,1334,44.47,False,39,38,39,5,0,0,63800,63800,5,-1,1.0000,1093
Purple,8,bigblobbo,5,0,-,Purple,cant,37,1,castle_destroyed,1182,39.40,False,32,32,32,5,0,0,63800,63800,5,-1,1.0000,1032
Purple,8,bigblobbo,5,0,-,Purple,cant,40,1,castle_destroyed,1088,36.27,False,28,27,28,4,0,0,63800,63800,5,-1,1.0000,991
Purple,8,bigblobbo,5,0,-,Purple,cant,45,1,castle_destroyed,1222,40.73,False,28,27,28,4,0,0,63800,63800,5,-1,1.0000,997
Purple,8,bigblobbo,5,0,-,Purple,cant,50,1,castle_destroyed,980,32.67,False,20,20,20,3,0,0,63800,63800,5,-1,1.0000,955
Purple,8,bigblobbo,5,0,-,Purple,cant,55,1,castle_destroyed,1630,54.33,False,30,30,30,3,0,0,63800,63800,5,-1,1.0000,1480
Purple,8,bigblobbo,5,0,-,Purple,cant,60,1,castle_destroyed,1016,33.87,False,17,17,17,3,0,0,63800,63800,5,-1,1.0000,964
Purple,8,bigblobbo,5,0,-,Purple,cant,70,1,castle_destroyed,950,31.67,False,14,14,14,3,0,0,63800,63800,5,-1,1.0000,941
Purple,8,bigblobbo,5,0,-,Purple,cant,75,1,castle_destroyed,941,31.37,False,13,13,13,2,0,0,63800,63800,5,-1,1.0000,932
Purple,8,bigblobbo,5,0,-,Purple,cant,80,1,castle_destroyed,941,31.37,False,12,12,12,2,0,0,63800,63800,5,-1,1.0000,920
Purple,8,bigblobbo,5,0,-,Purple,cant,90,1,castle_destroyed,971,32.37,False,11,11,11,2,0,0,63800,63800,5,-1,1.0000,941
Purple,8,bigblobbo,5,0,-,Purple,cant,100,1,castle_destroyed,941,31.37,False,10,10,10,2,0,0,63800,63800,5,-1,1.0000,890
Purple,8,bigblobbo,5,0,-,Purple,cant,120,1,castle_destroyed,911,30.37,False,8,8,8,2,0,0,63800,63800,5,-1,1.0000,902
Purple,8,bigblobbo,5,0,-,Purple,cant,140,1,castle_destroyed,911,30.37,False,7,7,7,1,0,0,63800,63800,5,-1,1.0000,887
Purple,8,bigblobbo,5,0,-,Purple,cant,150,1,castle_destroyed,928,30.93,False,7,7,7,1,0,0,63800,63800,5,-1,1.0000,885
Purple,8,bigblobbo,5,0,-,Purple,cant,155,1,castle_destroyed,911,30.37,False,6,6,6,1,0,0,63800,63800,5,-1,1.0000,885
Purple,8,bigblobbo,5,0,-,Purple,cant,160,1,castle_destroyed,911,30.37,False,6,6,6,1,0,0,63800,63800,5,-1,1.0000,885
Red,8,draggo,1,0,-,Red,derpyberd,0,1,castle_destroyed,1001,33.37,False,0,0,0,0,0,0,18904,18904,1,-1,1.0000,851
Red,8,draggo,1,0,-,Red,derpyberd,25,1,survived_horizon,36000,1200.00,True,1440,1429,1440,13,0,0,18904,18904,1,-1,0.3341,-1
Red,8,draggo,1,0,-,Red,derpyberd,28,1,survived_horizon,36000,1200.00,True,1286,1282,1286,12,0,0,18904,18904,1,-1,1.0000,-1
Red,8,draggo,1,0,-,Red,derpyberd,30,1,survived_horizon,36000,1200.00,True,1200,1191,1200,11,0,0,18904,18904,1,-1,0.3547,-1
Red,8,draggo,1,0,-,Red,derpyberd,33,1,survived_horizon,36000,1200.00,True,1091,1088,1091,11,0,0,18904,18904,1,-1,1.0000,-1
Red,8,draggo,1,0,-,Red,derpyberd,35,1,survived_horizon,36000,1200.00,True,1029,1026,1029,10,0,0,18904,18904,1,-1,1.0000,-1
Red,8,draggo,1,0,-,Red,derpyberd,37,1,survived_horizon,36000,1200.00,True,973,970,973,9,0,0,18904,18904,1,-1,1.0000,-1
Red,8,draggo,1,0,-,Red,derpyberd,40,1,survived_horizon,36000,1200.00,True,900,898,900,9,0,0,18904,18904,1,-1,1.0000,-1
Red,8,draggo,1,0,-,Red,derpyberd,45,1,survived_horizon,36000,1200.00,True,800,798,800,8,0,0,18904,18904,1,-1,1.0000,-1
Red,8,draggo,1,0,-,Red,derpyberd,50,1,survived_horizon,36000,1200.00,True,720,715,720,6,0,0,18904,18904,1,-1,0.4371,-1
Red,8,draggo,1,0,-,Red,derpyberd,55,1,survived_horizon,36000,1200.00,True,655,653,655,7,0,0,18904,18904,1,-1,1.0000,-1
Red,8,draggo,1,0,-,Red,derpyberd,60,1,survived_horizon,36000,1200.00,True,600,599,600,6,0,0,18904,18904,1,-1,1.0000,-1
Red,8,draggo,1,0,-,Red,derpyberd,70,1,survived_horizon,36000,1200.00,True,515,513,515,5,0,0,18904,18904,1,-1,1.0000,-1
Red,8,draggo,1,0,-,Red,derpyberd,75,1,survived_horizon,36000,1200.00,True,480,477,480,4,0,0,18904,18904,1,-1,0.5400,-1
Red,8,draggo,1,0,-,Red,derpyberd,80,1,survived_horizon,36000,1200.00,True,450,449,450,4,0,0,18904,18904,1,-1,1.0000,-1
Red,8,draggo,1,0,-,Red,derpyberd,90,1,survived_horizon,36000,1200.00,True,400,399,400,4,0,0,18904,18904,1,-1,1.0000,-1
Red,8,draggo,1,0,-,Red,derpyberd,100,1,survived_horizon,36000,1200.00,True,360,359,360,3,0,0,18904,18904,1,-1,1.0000,-1
Red,8,draggo,1,0,-,Red,derpyberd,120,1,survived_horizon,36000,1200.00,True,300,300,300,3,0,0,18904,18904,1,-1,1.0000,-1
Red,8,draggo,1,0,-,Red,derpyberd,140,1,survived_horizon,36000,1200.00,True,258,257,258,2,0,0,18904,18904,1,-1,1.0000,-1
Red,8,draggo,1,0,-,Red,derpyberd,150,1,survived_horizon,36000,1200.00,True,240,239,240,2,0,0,18904,18904,1,-1,0.8488,-1
Red,8,draggo,1,0,-,Red,derpyberd,155,1,castle_destroyed,10551,351.70,False,69,68,69,2,0,0,18904,18904,1,-1,1.0000,5901
Red,8,draggo,1,0,-,Red,derpyberd,160,1,castle_destroyed,5451,181.70,False,35,34,35,2,0,0,18904,18904,1,-1,1.0000,3051
Red,8,draggo,2,0,-,Red,derpyberd,0,1,castle_destroyed,881,29.37,False,0,0,0,0,0,0,37808,37808,2,-1,1.0000,851
Red,8,draggo,2,0,-,Red,derpyberd,25,1,survived_horizon,36000,1200.00,True,1440,1438,1440,12,0,0,37808,37808,2,-1,1.0000,-1
Red,8,draggo,2,0,-,Red,derpyberd,28,1,survived_horizon,36000,1200.00,True,1286,1284,1286,10,0,0,37808,37808,2,-1,1.0000,-1
Red,8,draggo,2,0,-,Red,derpyberd,30,1,survived_horizon,36000,1200.00,True,1200,1198,1200,10,0,0,37808,37808,2,-1,1.0000,-1
Red,8,draggo,2,0,-,Red,derpyberd,33,1,survived_horizon,36000,1200.00,True,1091,1090,1091,10,0,0,37808,37808,2,-1,1.0000,-1
Red,8,draggo,2,0,-,Red,derpyberd,35,1,survived_horizon,36000,1200.00,True,1029,1027,1029,9,0,0,37808,37808,2,-1,1.0000,-1
Red,8,draggo,2,0,-,Red,derpyberd,37,1,survived_horizon,36000,1200.00,True,973,972,973,8,0,0,37808,37808,2,-1,1.0000,-1
Red,8,draggo,2,0,-,Red,derpyberd,40,1,survived_horizon,36000,1200.00,True,900,899,900,7,0,0,37808,37808,2,-1,1.0000,-1
Red,8,draggo,2,0,-,Red,derpyberd,45,1,survived_horizon,36000,1200.00,True,800,799,800,7,0,0,37808,37808,2,-1,1.0000,-1
Red,8,draggo,2,0,-,Red,derpyberd,50,1,survived_horizon,36000,1200.00,True,720,720,720,5,0,0,37808,37808,2,-1,1.0000,-1
Red,8,draggo,2,0,-,Red,derpyberd,55,1,survived_horizon,36000,1200.00,True,655,654,655,5,0,0,37808,37808,2,-1,1.0000,-1
Red,8,draggo,2,0,-,Red,derpyberd,60,1,survived_horizon,36000,1200.00,True,600,600,600,5,0,0,37808,37808,2,-1,1.0000,-1
Red,8,draggo,2,0,-,Red,derpyberd,70,1,survived_horizon,36000,1200.00,True,515,514,515,4,0,0,37808,37808,2,-1,1.0000,-1
Red,8,draggo,2,0,-,Red,derpyberd,75,1,survived_horizon,36000,1200.00,True,480,480,480,3,0,0,37808,37808,2,-1,1.0000,-1
Red,8,draggo,2,0,-,Red,derpyberd,80,1,castle_destroyed,3201,106.70,False,41,40,41,3,0,0,37808,37808,2,-1,1.0000,3051
Red,8,draggo,2,0,-,Red,derpyberd,90,1,castle_destroyed,1701,56.70,False,19,19,19,3,0,0,37808,37808,2,-1,1.0000,1251
Red,8,draggo,2,0,-,Red,derpyberd,100,1,castle_destroyed,1212,40.40,False,13,12,13,3,0,0,37808,37808,2,-1,1.0000,912
Red,8,draggo,2,0,-,Red,derpyberd,120,1,castle_destroyed,1069,35.63,False,9,9,9,2,0,0,37808,37808,2,-1,1.0000,919
Red,8,draggo,2,0,-,Red,derpyberd,140,1,castle_destroyed,1053,35.10,False,8,8,8,2,0,0,37808,37808,2,-1,1.0000,903
Red,8,draggo,2,0,-,Red,derpyberd,150,1,castle_destroyed,1038,34.60,False,7,7,7,2,0,0,37808,37808,2,-1,1.0000,888
Red,8,draggo,2,0,-,Red,derpyberd,155,1,castle_destroyed,1036,34.53,False,7,7,7,2,0,0,37808,37808,2,-1,1.0000,886
Red,8,draggo,2,0,-,Red,derpyberd,160,1,castle_destroyed,1036,34.53,False,7,7,7,2,0,0,37808,37808,2,-1,1.0000,886
Red,8,draggo,3,0,-,Red,derpyberd,0,1,castle_destroyed,881,29.37,False,0,0,0,0,0,0,56712,56712,3,-1,1.0000,851
Red,8,draggo,3,0,-,Red,derpyberd,25,1,survived_horizon,36000,1200.00,True,1440,1439,1440,10,0,0,56712,56712,3,-1,1.0000,-1
Red,8,draggo,3,0,-,Red,derpyberd,28,1,survived_horizon,36000,1200.00,True,1286,1284,1286,9,0,0,56712,56712,3,-1,1.0000,-1
Red,8,draggo,3,0,-,Red,derpyberd,30,1,survived_horizon,36000,1200.00,True,1200,1199,1200,9,0,0,56712,56712,3,-1,1.0000,-1
Red,8,draggo,3,0,-,Red,derpyberd,33,1,castle_destroyed,4338,144.60,False,132,131,132,8,0,0,56712,56712,3,-1,1.0000,2688
Red,8,draggo,3,0,-,Red,derpyberd,35,1,survived_horizon,36000,1200.00,True,1029,1028,1029,7,0,0,56712,56712,3,-1,1.0000,-1
Red,8,draggo,3,0,-,Red,derpyberd,37,1,castle_destroyed,7044,234.80,False,191,190,191,7,0,0,56712,56712,3,-1,1.0000,4344
Red,8,draggo,3,0,-,Red,derpyberd,40,1,survived_horizon,36000,1200.00,True,900,900,900,6,0,0,56712,56712,3,-1,1.0000,-1
Red,8,draggo,3,0,-,Red,derpyberd,45,1,survived_horizon,36000,1200.00,True,800,799,800,6,0,0,56712,56712,3,-1,1.0000,-1
Red,8,draggo,3,0,-,Red,derpyberd,50,1,castle_destroyed,2115,70.50,False,43,42,43,5,0,0,56712,56712,3,-1,1.0000,1965
Red,8,draggo,3,0,-,Red,derpyberd,55,1,castle_destroyed,2301,76.70,False,42,42,42,4,0,0,56712,56712,3,-1,1.0000,2151
Red,8,draggo,3,0,-,Red,derpyberd,60,1,castle_destroyed,1559,51.97,False,26,26,26,4,0,0,56712,56712,3,-1,1.0000,1259
Red,8,draggo,3,0,-,Red,derpyberd,70,1,castle_destroyed,1118,37.27,False,16,16,16,4,0,0,56712,56712,3,-1,1.0000,968
Red,8,draggo,3,0,-,Red,derpyberd,75,1,castle_destroyed,1100,36.67,False,15,15,15,3,0,0,56712,56712,3,-1,1.0000,950
Red,8,draggo,3,0,-,Red,derpyberd,80,1,castle_destroyed,1051,35.03,False,14,13,14,3,0,0,56712,56712,3,-1,1.0000,926
Red,8,draggo,3,0,-,Red,derpyberd,90,1,castle_destroyed,996,33.20,False,12,11,12,3,0,0,56712,56712,3,-1,1.0000,926
Red,8,draggo,3,0,-,Red,derpyberd,100,1,castle_destroyed,913,30.43,False,10,9,10,3,0,0,56712,56712,3,-1,1.0000,912
Red,8,draggo,3,0,-,Red,derpyberd,120,1,castle_destroyed,919,30.63,False,8,8,8,2,0,0,56712,56712,3,-1,1.0000,911
Red,8,draggo,3,0,-,Red,derpyberd,140,1,castle_destroyed,911,30.37,False,7,7,7,2,0,0,56712,56712,3,-1,1.0000,903
Red,8,draggo,3,0,-,Red,derpyberd,150,1,castle_destroyed,911,30.37,False,7,6,7,2,0,0,56712,56712,3,-1,1.0000,888
Red,8,draggo,3,0,-,Red,derpyberd,155,1,castle_destroyed,911,30.37,False,6,6,6,2,0,0,56712,56712,3,-1,1.0000,886
Red,8,draggo,3,0,-,Red,derpyberd,160,1,castle_destroyed,911,30.37,False,6,6,6,2,0,0,56712,56712,3,-1,1.0000,886
Red,8,draggo,4,0,-,Red,derpyberd,0,1,castle_destroyed,881,29.37,False,0,0,0,0,0,0,75616,75616,4,-1,1.0000,851
Red,8,draggo,4,0,-,Red,derpyberd,25,1,survived_horizon,36000,1200.00,True,1440,1439,1440,10,0,0,75616,75616,4,-1,1.0000,-1
Red,8,draggo,4,0,-,Red,derpyberd,28,1,castle_destroyed,2752,91.73,False,99,98,99,8,0,0,75616,75616,4,-1,1.0000,2002
Red,8,draggo,4,0,-,Red,derpyberd,30,1,survived_horizon,36000,1200.00,True,1200,1199,1200,8,0,0,75616,75616,4,-1,1.0000,-1
Red,8,draggo,4,0,-,Red,derpyberd,33,1,castle_destroyed,3051,101.70,False,93,92,93,8,0,0,75616,75616,4,-1,1.0000,2688
Red,8,draggo,4,0,-,Red,derpyberd,35,1,castle_destroyed,2601,86.70,False,75,74,75,7,0,0,75616,75616,4,-1,1.0000,2001
Red,8,draggo,4,0,-,Red,derpyberd,37,1,castle_destroyed,2151,71.70,False,59,58,59,7,0,0,75616,75616,4,-1,1.0000,2001
Red,8,draggo,4,0,-,Red,derpyberd,40,1,castle_destroyed,3201,106.70,False,81,80,81,6,0,0,75616,75616,4,-1,1.0000,3051
Red,8,draggo,4,0,-,Red,derpyberd,45,1,castle_destroyed,1570,52.33,False,35,35,35,5,0,0,75616,75616,4,-1,1.0000,1270
Red,8,draggo,4,0,-,Red,derpyberd,50,1,castle_destroyed,1150,38.33,False,23,23,23,5,0,0,75616,75616,4,-1,1.0000,1000
Red,8,draggo,4,0,-,Red,derpyberd,55,1,castle_destroyed,1058,35.27,False,20,19,20,4,0,0,75616,75616,4,-1,1.0000,972
Red,8,draggo,4,0,-,Red,derpyberd,60,1,castle_destroyed,1028,34.27,False,18,17,18,4,0,0,75616,75616,4,-1,1.0000,957
Red,8,draggo,4,0,-,Red,derpyberd,70,1,castle_destroyed,968,32.27,False,14,14,14,4,0,0,75616,75616,4,-1,1.0000,941
Red,8,draggo,4,0,-,Red,derpyberd,75,1,castle_destroyed,950,31.67,False,13,13,13,3,0,0,75616,75616,4,-1,1.0000,941
Red,8,draggo,4,0,-,Red,derpyberd,80,1,castle_destroyed,941,31.37,False,12,12,12,3,0,0,75616,75616,4,-1,1.0000,926
Red,8,draggo,4,0,-,Red,derpyberd,90,1,castle_destroyed,941,31.37,False,11,11,11,3,0,0,75616,75616,4,-1,1.0000,926
Red,8,draggo,4,0,-,Red,derpyberd,100,1,castle_destroyed,913,30.43,False,10,9,10,3,0,0,75616,75616,4,-1,1.0000,912
Red,8,draggo,4,0,-,Red,derpyberd,120,1,castle_destroyed,919,30.63,False,8,8,8,2,0,0,75616,75616,4,-1,1.0000,911
Red,8,draggo,4,0,-,Red,derpyberd,140,1,castle_destroyed,911,30.37,False,7,7,7,2,0,0,75616,75616,4,-1,1.0000,903
Red,8,draggo,4,0,-,Red,derpyberd,150,1,castle_destroyed,911,30.37,False,7,6,7,2,0,0,75616,75616,4,-1,1.0000,888
Red,8,draggo,4,0,-,Red,derpyberd,155,1,castle_destroyed,911,30.37,False,6,6,6,2,0,0,75616,75616,4,-1,1.0000,886
Red,8,draggo,4,0,-,Red,derpyberd,160,1,castle_destroyed,911,30.37,False,6,6,6,2,0,0,75616,75616,4,-1,1.0000,886
Red,8,draggo,5,0,-,Red,derpyberd,0,1,castle_destroyed,881,29.37,False,0,0,0,0,0,0,94520,94520,5,-1,1.0000,851
Red,8,draggo,5,0,-,Red,derpyberd,25,1,castle_destroyed,2614,87.13,False,105,104,105,10,0,0,94520,94520,5,-1,1.0000,2464
Red,8,draggo,5,0,-,Red,derpyberd,28,1,castle_destroyed,2752,91.73,False,99,98,99,8,0,0,94520,94520,5,-1,1.0000,2002
Red,8,draggo,5,0,-,Red,derpyberd,30,1,castle_destroyed,2353,78.43,False,79,78,79,8,0,0,94520,94520,5,-1,1.0000,2203
Red,8,draggo,5,0,-,Red,derpyberd,33,1,castle_destroyed,2309,76.97,False,70,70,70,7,0,0,94520,94520,5,-1,1.0000,2159
Red,8,draggo,5,0,-,Red,derpyberd,35,1,castle_destroyed,1720,57.33,False,50,49,50,7,0,0,94520,94520,5,-1,1.0000,1551
Red,8,draggo,5,0,-,Red,derpyberd,37,1,castle_destroyed,1309,43.63,False,36,35,36,6,0,0,94520,94520,5,-1,1.0000,1159
Red,8,draggo,5,0,-,Red,derpyberd,40,1,castle_destroyed,1134,37.80,False,29,28,29,6,0,0,94520,94520,5,-1,1.0000,1012
Red,8,draggo,5,0,-,Red,derpyberd,45,1,castle_destroyed,1046,34.87,False,24,23,24,5,0,0,94520,94520,5,-1,1.0000,988
Red,8,draggo,5,0,-,Red,derpyberd,50,1,castle_destroyed,1150,38.33,False,23,23,23,5,0,0,94520,94520,5,-1,1.0000,1000
Red,8,draggo,5,0,-,Red,derpyberd,55,1,castle_destroyed,972,32.40,False,18,18,18,4,0,0,94520,94520,5,-1,1.0000,971
Red,8,draggo,5,0,-,Red,derpyberd,60,1,castle_destroyed,971,32.37,False,17,16,17,4,0,0,94520,94520,5,-1,1.0000,957
Red,8,draggo,5,0,-,Red,derpyberd,70,1,castle_destroyed,968,32.27,False,14,14,14,4,0,0,94520,94520,5,-1,1.0000,941
Red,8,draggo,5,0,-,Red,derpyberd,75,1,castle_destroyed,950,31.67,False,13,13,13,3,0,0,94520,94520,5,-1,1.0000,941
Red,8,draggo,5,0,-,Red,derpyberd,80,1,castle_destroyed,941,31.37,False,12,12,12,3,0,0,94520,94520,5,-1,1.0000,926
Red,8,draggo,5,0,-,Red,derpyberd,90,1,castle_destroyed,941,31.37,False,11,11,11,3,0,0,94520,94520,5,-1,1.0000,926
Red,8,draggo,5,0,-,Red,derpyberd,100,1,castle_destroyed,913,30.43,False,10,9,10,3,0,0,94520,94520,5,-1,1.0000,912
Red,8,draggo,5,0,-,Red,derpyberd,120,1,castle_destroyed,919,30.63,False,8,8,8,2,0,0,94520,94520,5,-1,1.0000,911
Red,8,draggo,5,0,-,Red,derpyberd,140,1,castle_destroyed,911,30.37,False,7,7,7,2,0,0,94520,94520,5,-1,1.0000,903
Red,8,draggo,5,0,-,Red,derpyberd,150,1,castle_destroyed,911,30.37,False,7,6,7,2,0,0,94520,94520,5,-1,1.0000,888
Red,8,draggo,5,0,-,Red,derpyberd,155,1,castle_destroyed,911,30.37,False,6,6,6,2,0,0,94520,94520,5,-1,1.0000,886
Red,8,draggo,5,0,-,Red,derpyberd,160,1,castle_destroyed,911,30.37,False,6,6,6,2,0,0,94520,94520,5,-1,1.0000,886
White,8,corn,1,0,-,White,doggo,0,1,castle_destroyed,1851,61.70,False,0,0,0,0,0,0,23000,23000,1,-1,1.0000,1701
White,8,corn,1,0,-,White,doggo,25,1,survived_horizon,36000,1200.00,True,1440,1429,4320,14,0,0,23000,23000,1,-1,0.2312,-1
White,8,corn,1,0,-,White,doggo,28,1,survived_horizon,36000,1200.00,True,1286,1283,3858,14,0,0,23000,23000,1,-1,1.0000,-1
White,8,corn,1,0,-,White,doggo,30,1,survived_horizon,36000,1200.00,True,1200,1191,3600,12,0,0,23000,23000,1,-1,0.2518,-1
White,8,corn,1,0,-,White,doggo,33,1,survived_horizon,36000,1200.00,True,1091,1089,3273,11,0,0,23000,23000,1,-1,1.0000,-1
White,8,corn,1,0,-,White,doggo,35,1,survived_horizon,36000,1200.00,True,1029,1027,3087,11,0,0,23000,23000,1,-1,1.0000,-1
White,8,corn,1,0,-,White,doggo,37,1,survived_horizon,36000,1200.00,True,973,971,2919,10,0,0,23000,23000,1,-1,1.0000,-1
White,8,corn,1,0,-,White,doggo,40,1,survived_horizon,36000,1200.00,True,900,898,2700,10,0,0,23000,23000,1,-1,1.0000,-1
White,8,corn,1,0,-,White,doggo,45,1,survived_horizon,36000,1200.00,True,800,799,2400,8,0,0,23000,23000,1,-1,1.0000,-1
White,8,corn,1,0,-,White,doggo,50,1,survived_horizon,36000,1200.00,True,720,715,2160,7,0,0,23000,23000,1,-1,0.3341,-1
White,8,corn,1,0,-,White,doggo,55,1,survived_horizon,36000,1200.00,True,655,653,1965,7,0,0,23000,23000,1,-1,1.0000,-1
White,8,corn,1,0,-,White,doggo,60,1,survived_horizon,36000,1200.00,True,600,599,1800,6,0,0,23000,23000,1,-1,1.0000,-1
White,8,corn,1,0,-,White,doggo,70,1,survived_horizon,36000,1200.00,True,515,514,1545,5,0,0,23000,23000,1,-1,1.0000,-1
White,8,corn,1,0,-,White,doggo,75,1,survived_horizon,36000,1200.00,True,480,477,1440,4,0,0,23000,23000,1,-1,0.4371,-1
White,8,corn,1,0,-,White,doggo,80,1,survived_horizon,36000,1200.00,True,450,449,1350,4,0,0,23000,23000,1,-1,1.0000,-1
White,8,corn,1,0,-,White,doggo,90,1,survived_horizon,36000,1200.00,True,400,400,1200,4,0,0,23000,23000,1,-1,1.0000,-1
White,8,corn,1,0,-,White,doggo,100,1,survived_horizon,36000,1200.00,True,360,360,1080,4,0,0,23000,23000,1,-1,1.0000,-1
White,8,corn,1,0,-,White,doggo,120,1,survived_horizon,36000,1200.00,True,300,300,900,3,0,0,23000,23000,1,-1,1.0000,-1
White,8,corn,1,0,-,White,doggo,140,1,survived_horizon,36000,1200.00,True,258,257,774,3,0,0,23000,23000,1,-1,1.0000,-1
White,8,corn,1,0,-,White,doggo,150,1,survived_horizon,36000,1200.00,True,240,239,720,2,0,0,23000,23000,1,-1,0.7459,-1
White,8,corn,1,0,-,White,doggo,155,1,castle_destroyed,11326,377.53,False,74,73,222,2,0,0,23000,23000,1,-1,1.0000,6676
White,8,corn,1,0,-,White,doggo,160,1,castle_destroyed,5926,197.53,False,38,37,114,2,0,0,23000,23000,1,-1,1.0000,3526
White,8,corn,2,0,-,White,doggo,0,1,castle_destroyed,1731,57.70,False,0,0,0,0,0,0,46000,46000,2,-1,1.0000,1701
White,8,corn,2,0,-,White,doggo,25,1,survived_horizon,36000,1200.00,True,1440,1439,4320,12,0,0,46000,46000,2,-1,1.0000,-1
White,8,corn,2,0,-,White,doggo,28,1,survived_horizon,36000,1200.00,True,1286,1285,3858,12,0,0,46000,46000,2,-1,1.0000,-1
White,8,corn,2,0,-,White,doggo,30,1,survived_horizon,36000,1200.00,True,1200,1199,3600,11,0,0,46000,46000,2,-1,1.0000,-1
White,8,corn,2,0,-,White,doggo,33,1,survived_horizon,36000,1200.00,True,1091,1090,3273,10,0,0,46000,46000,2,-1,1.0000,-1
White,8,corn,2,0,-,White,doggo,35,1,survived_horizon,36000,1200.00,True,1029,1028,3087,9,0,0,46000,46000,2,-1,1.0000,-1
White,8,corn,2,0,-,White,doggo,37,1,survived_horizon,36000,1200.00,True,973,973,2919,9,0,0,46000,46000,2,-1,1.0000,-1
White,8,corn,2,0,-,White,doggo,40,1,survived_horizon,36000,1200.00,True,900,900,2700,9,0,0,46000,46000,2,-1,1.0000,-1
White,8,corn,2,0,-,White,doggo,45,1,survived_horizon,36000,1200.00,True,800,800,2400,7,0,0,46000,46000,2,-1,1.0000,-1
White,8,corn,2,0,-,White,doggo,50,1,survived_horizon,36000,1200.00,True,720,720,2160,6,0,0,46000,46000,2,-1,1.0000,-1
White,8,corn,2,0,-,White,doggo,55,1,survived_horizon,36000,1200.00,True,655,653,1965,6,0,0,46000,46000,2,-1,1.0000,-1
White,8,corn,2,0,-,White,doggo,60,1,survived_horizon,36000,1200.00,True,600,599,1800,5,0,0,46000,46000,2,-1,1.0000,-1
White,8,corn,2,0,-,White,doggo,70,1,castle_destroyed,6376,212.53,False,92,91,276,4,0,0,46000,46000,2,-1,1.0000,5326
White,8,corn,2,0,-,White,doggo,75,1,castle_destroyed,4886,162.87,False,66,65,198,4,0,0,46000,46000,2,-1,1.0000,4736
White,8,corn,2,0,-,White,doggo,80,1,castle_destroyed,3676,122.53,False,46,46,138,4,0,0,46000,46000,2,-1,1.0000,3526
White,8,corn,2,0,-,White,doggo,90,1,castle_destroyed,2253,75.10,False,26,25,78,3,0,0,46000,46000,2,-1,1.0000,1803
White,8,corn,2,0,-,White,doggo,100,1,castle_destroyed,2082,69.40,False,21,21,63,3,0,0,46000,46000,2,-1,1.0000,1782
White,8,corn,2,0,-,White,doggo,120,1,castle_destroyed,1897,63.23,False,16,16,48,2,0,0,46000,46000,2,-1,1.0000,1747
White,8,corn,2,0,-,White,doggo,140,1,castle_destroyed,1891,63.03,False,14,14,42,2,0,0,46000,46000,2,-1,1.0000,1741
White,8,corn,2,0,-,White,doggo,150,1,castle_destroyed,1891,63.03,False,13,13,39,2,0,0,46000,46000,2,-1,1.0000,1741
White,8,corn,2,0,-,White,doggo,155,1,castle_destroyed,1873,62.43,False,13,12,39,2,0,0,46000,46000,2,-1,1.0000,1741
White,8,corn,2,0,-,White,doggo,160,1,castle_destroyed,3526,117.53,False,23,22,69,2,0,0,46000,46000,2,-1,1.0000,3526
White,8,corn,3,0,-,White,doggo,0,1,castle_destroyed,1731,57.70,False,0,0,0,0,0,0,69000,69000,3,-1,1.0000,1701
White,8,corn,3,0,-,White,doggo,25,1,survived_horizon,36000,1200.00,True,1440,1439,4320,11,0,0,69000,69000,3,-1,1.0000,-1
White,8,corn,3,0,-,White,doggo,28,1,survived_horizon,36000,1200.00,True,1286,1285,3858,10,0,0,69000,69000,3,-1,1.0000,-1
White,8,corn,3,0,-,White,doggo,30,1,survived_horizon,36000,1200.00,True,1200,1199,3600,10,0,0,69000,69000,3,-1,1.0000,-1
White,8,corn,3,0,-,White,doggo,33,1,survived_horizon,36000,1200.00,True,1091,1090,3273,9,0,0,69000,69000,3,-1,1.0000,-1
White,8,corn,3,0,-,White,doggo,35,1,survived_horizon,36000,1200.00,True,1029,1028,3087,8,0,0,69000,69000,3,-1,1.0000,-1
White,8,corn,3,0,-,White,doggo,37,1,survived_horizon,36000,1200.00,True,973,973,2919,8,0,0,69000,69000,3,-1,1.0000,-1
White,8,corn,3,0,-,White,doggo,40,1,survived_horizon,36000,1200.00,True,900,900,2700,7,0,0,69000,69000,3,-1,1.0000,-1
White,8,corn,3,0,-,White,doggo,45,1,survived_horizon,36000,1200.00,True,800,800,2400,6,0,0,69000,69000,3,-1,1.0000,-1
White,8,corn,3,0,-,White,doggo,50,1,survived_horizon,36000,1200.00,True,720,720,2160,5,0,0,69000,69000,3,-1,1.0000,-1
White,8,corn,3,0,-,White,doggo,55,1,castle_destroyed,2635,87.83,False,48,48,144,5,0,0,69000,69000,3,-1,1.0000,2485
White,8,corn,3,0,-,White,doggo,60,1,castle_destroyed,2162,72.07,False,37,36,111,5,0,0,69000,69000,3,-1,1.0000,1862
White,8,corn,3,0,-,White,doggo,70,1,castle_destroyed,1945,64.83,False,28,28,84,4,0,0,69000,69000,3,-1,1.0000,1795
White,8,corn,3,0,-,White,doggo,75,1,castle_destroyed,1931,64.37,False,26,26,78,4,0,0,69000,69000,3,-1,1.0000,1781
White,8,corn,3,0,-,White,doggo,80,1,castle_destroyed,1926,64.20,False,25,24,75,4,0,0,69000,69000,3,-1,1.0000,1786
White,8,corn,3,0,-,White,doggo,90,1,castle_destroyed,1803,60.10,False,21,20,63,3,0,0,69000,69000,3,-1,1.0000,1803
White,8,corn,3,0,-,White,doggo,100,1,castle_destroyed,1782,59.40,False,18,18,54,3,0,0,69000,69000,3,-1,1.0000,1761
White,8,corn,3,0,-,White,doggo,120,1,castle_destroyed,1761,58.70,False,15,15,45,2,0,0,69000,69000,3,-1,1.0000,1747
White,8,corn,3,0,-,White,doggo,140,1,castle_destroyed,1761,58.70,False,13,13,39,2,0,0,69000,69000,3,-1,1.0000,1741
White,8,corn,3,0,-,White,doggo,150,1,castle_destroyed,1761,58.70,False,12,12,36,2,0,0,69000,69000,3,-1,1.0000,1741
White,8,corn,3,0,-,White,doggo,155,1,castle_destroyed,1761,58.70,False,12,12,36,2,0,0,69000,69000,3,-1,1.0000,1741
White,8,corn,3,0,-,White,doggo,160,1,castle_destroyed,1917,63.90,False,12,12,36,2,0,0,69000,69000,3,-1,1.0000,1767
White,8,corn,4,0,-,White,doggo,0,1,castle_destroyed,1731,57.70,False,0,0,0,0,0,0,92000,92000,4,-1,1.0000,1701
White,8,corn,4,0,-,White,doggo,25,1,survived_horizon,36000,1200.00,True,1440,1439,4320,11,0,0,92000,92000,4,-1,1.0000,-1
White,8,corn,4,0,-,White,doggo,28,1,castle_destroyed,5335,177.83,False,191,190,573,10,0,0,92000,92000,4,-1,1.0000,4885
White,8,corn,4,0,-,White,doggo,30,1,survived_horizon,36000,1200.00,True,1200,1199,3600,9,0,0,92000,92000,4,-1,1.0000,-1
White,8,corn,4,0,-,White,doggo,33,1,castle_destroyed,6679,222.63,False,203,202,609,9,0,0,92000,92000,4,-1,1.0000,5029
White,8,corn,4,0,-,White,doggo,35,1,castle_destroyed,4876,162.53,False,140,139,420,8,0,0,92000,92000,4,-1,1.0000,4704
White,8,corn,4,0,-,White,doggo,37,1,castle_destroyed,5186,172.87,False,141,140,423,7,0,0,92000,92000,4,-1,1.0000,5010
White,8,corn,4,0,-,White,doggo,40,1,castle_destroyed,3680,122.67,False,92,92,276,7,0,0,92000,92000,4,-1,1.0000,3530
White,8,corn,4,0,-,White,doggo,45,1,castle_destroyed,2082,69.40,False,47,46,141,6,0,0,92000,92000,4,-1,1.0000,1892
White,8,corn,4,0,-,White,doggo,50,1,castle_destroyed,1985,66.17,False,40,40,120,5,0,0,92000,92000,4,-1,1.0000,1835
White,8,corn,4,0,-,White,doggo,55,1,castle_destroyed,1883,62.77,False,35,34,105,5,0,0,92000,92000,4,-1,1.0000,1818
White,8,corn,4,0,-,White,doggo,60,1,castle_destroyed,2161,72.03,False,37,36,111,5,0,0,92000,92000,4,-1,1.0000,1861
White,8,corn,4,0,-,White,doggo,70,1,castle_destroyed,1795,59.83,False,26,26,78,4,0,0,92000,92000,4,-1,1.0000,1791
White,8,corn,4,0,-,White,doggo,75,1,castle_destroyed,1791,59.70,False,24,24,72,4,0,0,92000,92000,4,-1,1.0000,1781
White,8,corn,4,0,-,White,doggo,80,1,castle_destroyed,1791,59.70,False,23,23,69,4,0,0,92000,92000,4,-1,1.0000,1786
White,8,corn,4,0,-,White,doggo,90,1,castle_destroyed,1803,60.10,False,21,20,63,3,0,0,92000,92000,4,-1,1.0000,1791
White,8,corn,4,0,-,White,doggo,100,1,castle_destroyed,1782,59.40,False,18,18,54,3,0,0,92000,92000,4,-1,1.0000,1761
White,8,corn,4,0,-,White,doggo,120,1,castle_destroyed,1761,58.70,False,15,15,45,2,0,0,92000,92000,4,-1,1.0000,1747
White,8,corn,4,0,-,White,doggo,140,1,castle_destroyed,1761,58.70,False,13,13,39,2,0,0,92000,92000,4,-1,1.0000,1741
White,8,corn,4,0,-,White,doggo,150,1,castle_destroyed,1761,58.70,False,12,12,36,2,0,0,92000,92000,4,-1,1.0000,1741
White,8,corn,4,0,-,White,doggo,155,1,castle_destroyed,1761,58.70,False,12,12,36,2,0,0,92000,92000,4,-1,1.0000,1741
White,8,corn,4,0,-,White,doggo,160,1,castle_destroyed,1791,59.70,False,12,12,36,2,0,0,92000,92000,4,-1,1.0000,1767
White,8,corn,5,0,-,White,doggo,0,1,castle_destroyed,1731,57.70,False,0,0,0,0,0,0,115000,115000,5,-1,1.0000,1701
White,8,corn,5,0,-,White,doggo,25,1,survived_horizon,36000,1200.00,True,1440,1439,4320,11,0,0,115000,115000,5,-1,1.0000,-1
White,8,corn,5,0,-,White,doggo,28,1,castle_destroyed,3235,107.83,False,116,115,348,10,0,0,115000,115000,5,-1,1.0000,3010
White,8,corn,5,0,-,White,doggo,30,1,castle_destroyed,3643,121.43,False,122,121,366,9,0,0,115000,115000,5,-1,1.0000,3493
White,8,corn,5,0,-,White,doggo,33,1,castle_destroyed,2947,98.23,False,90,89,270,8,0,0,115000,115000,5,-1,1.0000,2647
White,8,corn,5,0,-,White,doggo,35,1,castle_destroyed,2147,71.57,False,62,61,186,8,0,0,115000,115000,5,-1,1.0000,1936
White,8,corn,5,0,-,White,doggo,37,1,castle_destroyed,2038,67.93,False,56,55,168,7,0,0,115000,115000,5,-1,1.0000,1888
White,8,corn,5,0,-,White,doggo,40,1,castle_destroyed,1971,65.70,False,50,49,150,7,0,0,115000,115000,5,-1,1.0000,1866
White,8,corn,5,0,-,White,doggo,45,1,castle_destroyed,1857,61.90,False,42,41,126,6,0,0,115000,115000,5,-1,1.0000,1857
White,8,corn,5,0,-,White,doggo,50,1,castle_destroyed,1835,61.17,False,37,37,111,5,0,0,115000,115000,5,-1,1.0000,1835
White,8,corn,5,0,-,White,doggo,55,1,castle_destroyed,1821,60.70,False,34,33,102,5,0,0,115000,115000,5,-1,1.0000,1818
White,8,corn,5,0,-,White,doggo,60,1,castle_destroyed,1861,62.03,False,32,31,96,5,0,0,115000,115000,5,-1,1.0000,1861
White,8,corn,5,0,-,White,doggo,70,1,castle_destroyed,1795,59.83,False,26,26,78,4,0,0,115000,115000,5,-1,1.0000,1791
White,8,corn,5,0,-,White,doggo,75,1,castle_destroyed,1791,59.70,False,24,24,72,4,0,0,115000,115000,5,-1,1.0000,1781
White,8,corn,5,0,-,White,doggo,80,1,castle_destroyed,1791,59.70,False,23,23,69,4,0,0,115000,115000,5,-1,1.0000,1786
White,8,corn,5,0,-,White,doggo,90,1,castle_destroyed,1803,60.10,False,21,20,63,3,0,0,115000,115000,5,-1,1.0000,1791
White,8,corn,5,0,-,White,doggo,100,1,castle_destroyed,1782,59.40,False,18,18,54,3,0,0,115000,115000,5,-1,1.0000,1761
White,8,corn,5,0,-,White,doggo,120,1,castle_destroyed,1761,58.70,False,15,15,45,2,0,0,115000,115000,5,-1,1.0000,1747
White,8,corn,5,0,-,White,doggo,140,1,castle_destroyed,1761,58.70,False,13,13,39,2,0,0,115000,115000,5,-1,1.0000,1741
White,8,corn,5,0,-,White,doggo,150,1,castle_destroyed,1761,58.70,False,12,12,36,2,0,0,115000,115000,5,-1,1.0000,1741
White,8,corn,5,0,-,White,doggo,155,1,castle_destroyed,1761,58.70,False,12,12,36,2,0,0,115000,115000,5,-1,1.0000,1741
White,8,corn,5,0,-,White,doggo,160,1,castle_destroyed,1791,59.70,False,12,12,36,2,0,0,115000,115000,5,-1,1.0000,1767
Yellow,8,lyon,1,0,-,Yellow,minnow,0,1,castle_destroyed,1001,33.37,False,0,0,0,0,0,0,13272,13272,1,-1,1.0000,851
Yellow,8,lyon,1,0,-,Yellow,minnow,25,1,survived_horizon,36000,1200.00,True,1440,1435,2880,11,0,0,13272,13272,1,-1,0.3176,-1
Yellow,8,lyon,1,0,-,Yellow,minnow,28,1,survived_horizon,36000,1200.00,True,1286,1285,2572,10,0,0,13272,13272,1,-1,1.0000,-1
Yellow,8,lyon,1,0,-,Yellow,minnow,30,1,survived_horizon,36000,1200.00,True,1200,1196,2400,9,0,0,13272,13272,1,-1,0.3529,-1
Yellow,8,lyon,1,0,-,Yellow,minnow,33,1,survived_horizon,36000,1200.00,True,1091,1091,2182,9,0,0,13272,13272,1,-1,1.0000,-1
Yellow,8,lyon,1,0,-,Yellow,minnow,35,1,survived_horizon,36000,1200.00,True,1029,1028,2058,8,0,0,13272,13272,1,-1,1.0000,-1
Yellow,8,lyon,1,0,-,Yellow,minnow,37,1,survived_horizon,36000,1200.00,True,973,973,1946,7,0,0,13272,13272,1,-1,1.0000,-1
Yellow,8,lyon,1,0,-,Yellow,minnow,40,1,survived_horizon,36000,1200.00,True,900,900,1800,7,0,0,13272,13272,1,-1,1.0000,-1
Yellow,8,lyon,1,0,-,Yellow,minnow,45,1,survived_horizon,36000,1200.00,True,800,800,1600,6,0,0,13272,13272,1,-1,1.0000,-1
Yellow,8,lyon,1,0,-,Yellow,minnow,50,1,survived_horizon,36000,1200.00,True,720,718,1440,5,0,0,13272,13272,1,-1,0.4941,-1
Yellow,8,lyon,1,0,-,Yellow,minnow,55,1,survived_horizon,36000,1200.00,True,655,655,1310,5,0,0,13272,13272,1,-1,1.0000,-1
Yellow,8,lyon,1,0,-,Yellow,minnow,60,1,survived_horizon,36000,1200.00,True,600,600,1200,5,0,0,13272,13272,1,-1,1.0000,-1
Yellow,8,lyon,1,0,-,Yellow,minnow,70,1,survived_horizon,36000,1200.00,True,515,514,1030,4,0,0,13272,13272,1,-1,1.0000,-1
Yellow,8,lyon,1,0,-,Yellow,minnow,75,1,survived_horizon,36000,1200.00,True,480,479,960,3,0,0,13272,13272,1,-1,0.6706,-1
Yellow,8,lyon,1,0,-,Yellow,minnow,80,1,survived_horizon,36000,1200.00,True,450,450,900,3,0,0,13272,13272,1,-1,1.0000,-1
Yellow,8,lyon,1,0,-,Yellow,minnow,90,1,survived_horizon,36000,1200.00,True,400,400,800,3,0,0,13272,13272,1,-1,1.0000,-1
Yellow,8,lyon,1,0,-,Yellow,minnow,100,1,survived_horizon,36000,1200.00,True,360,360,720,3,0,0,13272,13272,1,-1,1.0000,-1
Yellow,8,lyon,1,0,-,Yellow,minnow,120,1,survived_horizon,36000,1200.00,True,300,300,600,2,0,0,13272,13272,1,-1,1.0000,-1
Yellow,8,lyon,1,0,-,Yellow,minnow,140,1,survived_horizon,36000,1200.00,True,258,257,516,2,0,0,13272,13272,1,-1,1.0000,-1
Yellow,8,lyon,1,0,-,Yellow,minnow,150,1,survived_horizon,36000,1200.00,True,240,240,480,1,0,0,13272,13272,1,-1,1.0000,-1
Yellow,8,lyon,1,0,-,Yellow,minnow,155,1,castle_destroyed,8530,284.33,False,56,55,112,1,0,0,13272,13272,1,-1,1.0000,3880
Yellow,8,lyon,1,0,-,Yellow,minnow,160,1,castle_destroyed,4480,149.33,False,28,28,56,1,0,0,13272,13272,1,-1,1.0000,2080
Yellow,8,lyon,2,0,-,Yellow,minnow,0,1,castle_destroyed,881,29.37,False,0,0,0,0,0,0,26544,26544,2,-1,1.0000,851
Yellow,8,lyon,2,0,-,Yellow,minnow,25,1,survived_horizon,36000,1200.00,True,1440,1435,2880,10,0,0,26544,26544,2,-1,0.3176,-1
Yellow,8,lyon,2,0,-,Yellow,minnow,28,1,survived_horizon,36000,1200.00,True,1286,1285,2572,8,0,0,26544,26544,2,-1,1.0000,-1
Yellow,8,lyon,2,0,-,Yellow,minnow,30,1,survived_horizon,36000,1200.00,True,1200,1200,2400,8,0,0,26544,26544,2,-1,1.0000,-1
Yellow,8,lyon,2,0,-,Yellow,minnow,33,1,survived_horizon,36000,1200.00,True,1091,1091,2182,7,0,0,26544,26544,2,-1,1.0000,-1
Yellow,8,lyon,2,0,-,Yellow,minnow,35,1,survived_horizon,36000,1200.00,True,1029,1028,2058,7,0,0,26544,26544,2,-1,1.0000,-1
Yellow,8,lyon,2,0,-,Yellow,minnow,37,1,survived_horizon,36000,1200.00,True,973,973,1946,6,0,0,26544,26544,2,-1,1.0000,-1
Yellow,8,lyon,2,0,-,Yellow,minnow,40,1,survived_horizon,36000,1200.00,True,900,900,1800,5,0,0,26544,26544,2,-1,1.0000,-1
Yellow,8,lyon,2,0,-,Yellow,minnow,45,1,survived_horizon,36000,1200.00,True,800,800,1600,5,0,0,26544,26544,2,-1,1.0000,-1
Yellow,8,lyon,2,0,-,Yellow,minnow,50,1,survived_horizon,36000,1200.00,True,720,720,1440,4,0,0,26544,26544,2,-1,1.0000,-1
Yellow,8,lyon,2,0,-,Yellow,minnow,55,1,survived_horizon,36000,1200.00,True,655,655,1310,4,0,0,26544,26544,2,-1,1.0000,-1
Yellow,8,lyon,2,0,-,Yellow,minnow,60,1,survived_horizon,36000,1200.00,True,600,600,1200,4,0,0,26544,26544,2,-1,1.0000,-1
Yellow,8,lyon,2,0,-,Yellow,minnow,70,1,survived_horizon,36000,1200.00,True,515,514,1030,3,0,0,26544,26544,2,-1,1.0000,-1
Yellow,8,lyon,2,0,-,Yellow,minnow,75,1,survived_horizon,36000,1200.00,True,480,480,960,2,0,0,26544,26544,2,-1,1.0000,-1
Yellow,8,lyon,2,0,-,Yellow,minnow,80,1,castle_destroyed,2230,74.33,False,28,28,56,2,0,0,26544,26544,2,-1,1.0000,2080
Yellow,8,lyon,2,0,-,Yellow,minnow,90,1,castle_destroyed,1435,47.83,False,16,16,32,2,0,0,26544,26544,2,-1,1.0000,985
Yellow,8,lyon,2,0,-,Yellow,minnow,100,1,castle_destroyed,1190,39.67,False,12,12,24,2,0,0,26544,26544,2,-1,1.0000,890
Yellow,8,lyon,2,0,-,Yellow,minnow,120,1,castle_destroyed,1052,35.07,False,9,9,18,2,0,0,26544,26544,2,-1,1.0000,902
Yellow,8,lyon,2,0,-,Yellow,minnow,140,1,castle_destroyed,1037,34.57,False,8,8,16,1,0,0,26544,26544,2,-1,1.0000,887
Yellow,8,lyon,2,0,-,Yellow,minnow,150,1,castle_destroyed,1035,34.50,False,7,7,14,1,0,0,26544,26544,2,-1,1.0000,885
Yellow,8,lyon,2,0,-,Yellow,minnow,155,1,castle_destroyed,1035,34.50,False,7,7,14,1,0,0,26544,26544,2,-1,1.0000,885
Yellow,8,lyon,2,0,-,Yellow,minnow,160,1,castle_destroyed,1035,34.50,False,7,7,14,1,0,0,26544,26544,2,-1,1.0000,885
Yellow,8,lyon,3,0,-,Yellow,minnow,0,1,castle_destroyed,881,29.37,False,0,0,0,0,0,0,39816,39816,3,-1,1.0000,851
Yellow,8,lyon,3,0,-,Yellow,minnow,25,1,survived_horizon,36000,1200.00,True,1440,1439,2880,8,0,0,39816,39816,3,-1,1.0000,-1
Yellow,8,lyon,3,0,-,Yellow,minnow,28,1,survived_horizon,36000,1200.00,True,1286,1285,2572,7,0,0,39816,39816,3,-1,1.0000,-1
Yellow,8,lyon,3,0,-,Yellow,minnow,30,1,survived_horizon,36000,1200.00,True,1200,1200,2400,7,0,0,39816,39816,3,-1,1.0000,-1
Yellow,8,lyon,3,0,-,Yellow,minnow,33,1,castle_destroyed,3969,132.30,False,121,120,242,6,0,0,39816,39816,3,-1,1.0000,2319
Yellow,8,lyon,3,0,-,Yellow,minnow,35,1,survived_horizon,36000,1200.00,True,1029,1028,2058,5,0,0,39816,39816,3,-1,1.0000,-1
Yellow,8,lyon,3,0,-,Yellow,minnow,37,1,survived_horizon,36000,1200.00,True,973,973,1946,5,0,0,39816,39816,3,-1,1.0000,-1
Yellow,8,lyon,3,0,-,Yellow,minnow,40,1,survived_horizon,36000,1200.00,True,900,900,1800,5,0,0,39816,39816,3,-1,1.0000,-1
Yellow,8,lyon,3,0,-,Yellow,minnow,45,1,survived_horizon,36000,1200.00,True,800,800,1600,4,0,0,39816,39816,3,-1,1.0000,-1
Yellow,8,lyon,3,0,-,Yellow,minnow,50,1,survived_horizon,36000,1200.00,True,720,720,1440,3,0,0,39816,39816,3,-1,1.0000,-1
Yellow,8,lyon,3,0,-,Yellow,minnow,55,1,castle_destroyed,1630,54.33,False,30,30,60,3,0,0,39816,39816,3,-1,1.0000,1480
Yellow,8,lyon,3,0,-,Yellow,minnow,60,1,castle_destroyed,1318,43.93,False,22,22,44,3,0,0,39816,39816,3,-1,1.0000,1018
Yellow,8,lyon,3,0,-,Yellow,minnow,70,1,castle_destroyed,1100,36.67,False,16,16,32,3,0,0,39816,39816,3,-1,1.0000,950
Yellow,8,lyon,3,0,-,Yellow,minnow,75,1,castle_destroyed,1082,36.07,False,15,15,30,2,0,0,39816,39816,3,-1,1.0000,932
Yellow,8,lyon,3,0,-,Yellow,minnow,80,1,castle_destroyed,1044,34.80,False,14,13,28,2,0,0,39816,39816,3,-1,1.0000,920
Yellow,8,lyon,3,0,-,Yellow,minnow,90,1,castle_destroyed,1433,47.77,False,16,16,32,2,0,0,39816,39816,3,-1,1.0000,983
Yellow,8,lyon,3,0,-,Yellow,minnow,100,1,castle_destroyed,971,32.37,False,10,10,20,2,0,0,39816,39816,3,-1,1.0000,890
Yellow,8,lyon,3,0,-,Yellow,minnow,120,1,castle_destroyed,911,30.37,False,8,8,16,2,0,0,39816,39816,3,-1,1.0000,902
Yellow,8,lyon,3,0,-,Yellow,minnow,140,1,castle_destroyed,911,30.37,False,7,7,14,1,0,0,39816,39816,3,-1,1.0000,887
Yellow,8,lyon,3,0,-,Yellow,minnow,150,1,castle_destroyed,928,30.93,False,7,7,14,1,0,0,39816,39816,3,-1,1.0000,885
Yellow,8,lyon,3,0,-,Yellow,minnow,155,1,castle_destroyed,911,30.37,False,6,6,12,1,0,0,39816,39816,3,-1,1.0000,885
Yellow,8,lyon,3,0,-,Yellow,minnow,160,1,castle_destroyed,911,30.37,False,6,6,12,1,0,0,39816,39816,3,-1,1.0000,885
Yellow,8,lyon,4,0,-,Yellow,minnow,0,1,castle_destroyed,881,29.37,False,0,0,0,0,0,0,53088,53088,4,-1,1.0000,851
Yellow,8,lyon,4,0,-,Yellow,minnow,25,1,survived_horizon,36000,1200.00,True,1440,1439,2880,7,0,0,53088,53088,4,-1,1.0000,-1
Yellow,8,lyon,4,0,-,Yellow,minnow,28,1,castle_destroyed,2832,94.40,False,102,101,204,6,0,0,53088,53088,4,-1,1.0000,2382
Yellow,8,lyon,4,0,-,Yellow,minnow,30,1,survived_horizon,36000,1200.00,True,1200,1200,2400,6,0,0,53088,53088,4,-1,1.0000,-1
Yellow,8,lyon,4,0,-,Yellow,minnow,33,1,castle_destroyed,2380,79.33,False,73,72,146,6,0,0,53088,53088,4,-1,1.0000,2319
Yellow,8,lyon,4,0,-,Yellow,minnow,35,1,castle_destroyed,3430,114.33,False,98,98,196,5,0,0,53088,53088,4,-1,1.0000,2980
Yellow,8,lyon,4,0,-,Yellow,minnow,37,1,castle_destroyed,3591,119.70,False,98,97,196,5,0,0,53088,53088,4,-1,1.0000,3413
Yellow,8,lyon,4,0,-,Yellow,minnow,40,1,castle_destroyed,2230,74.33,False,56,56,112,4,0,0,53088,53088,4,-1,1.0000,2080
Yellow,8,lyon,4,0,-,Yellow,minnow,45,1,castle_destroyed,1224,40.80,False,28,27,56,4,0,0,53088,53088,4,-1,1.0000,1035
Yellow,8,lyon,4,0,-,Yellow,minnow,50,1,castle_destroyed,1105,36.83,False,23,22,46,3,0,0,53088,53088,4,-1,1.0000,955
Yellow,8,lyon,4,0,-,Yellow,minnow,55,1,castle_destroyed,1630,54.33,False,30,30,60,3,0,0,53088,53088,4,-1,1.0000,1480
Yellow,8,lyon,4,0,-,Yellow,minnow,60,1,castle_destroyed,1264,42.13,False,22,21,44,3,0,0,53088,53088,4,-1,1.0000,964
Yellow,8,lyon,4,0,-,Yellow,minnow,70,1,castle_destroyed,950,31.67,False,14,14,28,3,0,0,53088,53088,4,-1,1.0000,941
Yellow,8,lyon,4,0,-,Yellow,minnow,75,1,castle_destroyed,941,31.37,False,13,13,26,2,0,0,53088,53088,4,-1,1.0000,932
Yellow,8,lyon,4,0,-,Yellow,minnow,80,1,castle_destroyed,941,31.37,False,12,12,24,2,0,0,53088,53088,4,-1,1.0000,920
Yellow,8,lyon,4,0,-,Yellow,minnow,90,1,castle_destroyed,983,32.77,False,11,11,22,2,0,0,53088,53088,4,-1,1.0000,941
Yellow,8,lyon,4,0,-,Yellow,minnow,100,1,castle_destroyed,941,31.37,False,10,10,20,2,0,0,53088,53088,4,-1,1.0000,890
Yellow,8,lyon,4,0,-,Yellow,minnow,120,1,castle_destroyed,911,30.37,False,8,8,16,2,0,0,53088,53088,4,-1,1.0000,902
Yellow,8,lyon,4,0,-,Yellow,minnow,140,1,castle_destroyed,911,30.37,False,7,7,14,1,0,0,53088,53088,4,-1,1.0000,887
Yellow,8,lyon,4,0,-,Yellow,minnow,150,1,castle_destroyed,928,30.93,False,7,7,14,1,0,0,53088,53088,4,-1,1.0000,885
Yellow,8,lyon,4,0,-,Yellow,minnow,155,1,castle_destroyed,911,30.37,False,6,6,12,1,0,0,53088,53088,4,-1,1.0000,885
Yellow,8,lyon,4,0,-,Yellow,minnow,160,1,castle_destroyed,911,30.37,False,6,6,12,1,0,0,53088,53088,4,-1,1.0000,885
Yellow,8,lyon,5,0,-,Yellow,minnow,0,1,castle_destroyed,881,29.37,False,0,0,0,0,0,0,66360,66360,5,-1,1.0000,851
Yellow,8,lyon,5,0,-,Yellow,minnow,25,1,castle_destroyed,2583,86.10,False,104,103,208,7,0,0,66360,66360,5,-1,1.0000,2433
Yellow,8,lyon,5,0,-,Yellow,minnow,28,1,castle_destroyed,2108,70.27,False,76,75,152,6,0,0,66360,66360,5,-1,1.0000,1658
Yellow,8,lyon,5,0,-,Yellow,minnow,30,1,castle_destroyed,2046,68.20,False,69,68,138,6,0,0,66360,66360,5,-1,1.0000,1896
Yellow,8,lyon,5,0,-,Yellow,minnow,33,1,castle_destroyed,1947,64.90,False,59,59,118,5,0,0,66360,66360,5,-1,1.0000,1647
Yellow,8,lyon,5,0,-,Yellow,minnow,35,1,castle_destroyed,1334,44.47,False,39,38,78,5,0,0,66360,66360,5,-1,1.0000,1093
Yellow,8,lyon,5,0,-,Yellow,minnow,37,1,castle_destroyed,1182,39.40,False,32,32,64,5,0,0,66360,66360,5,-1,1.0000,1032
Yellow,8,lyon,5,0,-,Yellow,minnow,40,1,castle_destroyed,1088,36.27,False,28,27,56,4,0,0,66360,66360,5,-1,1.0000,991
Yellow,8,lyon,5,0,-,Yellow,minnow,45,1,castle_destroyed,1222,40.73,False,28,27,56,4,0,0,66360,66360,5,-1,1.0000,997
Yellow,8,lyon,5,0,-,Yellow,minnow,50,1,castle_destroyed,980,32.67,False,20,20,40,3,0,0,66360,66360,5,-1,1.0000,955
Yellow,8,lyon,5,0,-,Yellow,minnow,55,1,castle_destroyed,1630,54.33,False,30,30,60,3,0,0,66360,66360,5,-1,1.0000,1480
Yellow,8,lyon,5,0,-,Yellow,minnow,60,1,castle_destroyed,1016,33.87,False,17,17,34,3,0,0,66360,66360,5,-1,1.0000,964
Yellow,8,lyon,5,0,-,Yellow,minnow,70,1,castle_destroyed,950,31.67,False,14,14,28,3,0,0,66360,66360,5,-1,1.0000,941
Yellow,8,lyon,5,0,-,Yellow,minnow,75,1,castle_destroyed,941,31.37,False,13,13,26,2,0,0,66360,66360,5,-1,1.0000,932
Yellow,8,lyon,5,0,-,Yellow,minnow,80,1,castle_destroyed,941,31.37,False,12,12,24,2,0,0,66360,66360,5,-1,1.0000,920
Yellow,8,lyon,5,0,-,Yellow,minnow,90,1,castle_destroyed,971,32.37,False,11,11,22,2,0,0,66360,66360,5,-1,1.0000,941
Yellow,8,lyon,5,0,-,Yellow,minnow,100,1,castle_destroyed,941,31.37,False,10,10,20,2,0,0,66360,66360,5,-1,1.0000,890
Yellow,8,lyon,5,0,-,Yellow,minnow,120,1,castle_destroyed,911,30.37,False,8,8,16,2,0,0,66360,66360,5,-1,1.0000,902
Yellow,8,lyon,5,0,-,Yellow,minnow,140,1,castle_destroyed,911,30.37,False,7,7,14,1,0,0,66360,66360,5,-1,1.0000,887
Yellow,8,lyon,5,0,-,Yellow,minnow,150,1,castle_destroyed,928,30.93,False,7,7,14,1,0,0,66360,66360,5,-1,1.0000,885
Yellow,8,lyon,5,0,-,Yellow,minnow,155,1,castle_destroyed,911,30.37,False,6,6,12,1,0,0,66360,66360,5,-1,1.0000,885
Yellow,8,lyon,5,0,-,Yellow,minnow,160,1,castle_destroyed,911,30.37,False,6,6,12,1,0,0,66360,66360,5,-1,1.0000,885
